ISO-10303-21;
HEADER;
FILE_DESCRIPTION (( 'STEP AP214' ),
    '1' );
FILE_NAME ('EDM Spool Small ASSEMBLY.STEP',
    '2026-04-29T12:10:56',
    ( '' ),
    ( '' ),
    'SwSTEP 2.0',
    'SolidWorks 2024',
    '' );
FILE_SCHEMA (( 'AUTOMOTIVE_DESIGN' ));
ENDSEC;

DATA;
#1 = DIRECTION ( 'NONE',  ( 0.000000000000000000, 0.000000000000000000, 1.000000000000000000 ) ) ;
#2 = CARTESIAN_POINT ( 'NONE',  ( 18.65874010177222786, 10.50000000000000000, 62.97847457836158469 ) ) ;
#3 = DIRECTION ( 'NONE',  ( 0.000000000000000000, 0.000000000000000000, 1.000000000000000000 ) ) ;
#4 = CARTESIAN_POINT ( 'NONE',  ( -17.83366161524336491, 12.15817619219213697, 63.49999999999998579 ) ) ;
#5 = CARTESIAN_POINT ( 'NONE',  ( -20.13610982466779120, -8.044104052130588656, 63.50000000000000000 ) ) ;
#6 = CARTESIAN_POINT ( 'NONE',  ( 7.696165843115570837, 20.27164423986949515, 63.50000000000000000 ) ) ;
#7 = CARTESIAN_POINT ( 'NONE',  ( 17.85225158202569418, -12.12495910394437360, 63.49999999999998579 ) ) ;
#8 = ORIENTED_EDGE ( 'NONE', *, *, #277, .F. ) ;
#9 = CARTESIAN_POINT ( 'NONE',  ( 7.696165843115319483, 20.27164423986844000, 65.00000000000000000 ) ) ;
#10 = CARTESIAN_POINT ( 'NONE',  ( -3.376145978082138566, 19.73126954144487399, 65.00000000000001421 ) ) ;
#11 = CARTESIAN_POINT ( 'NONE',  ( -18.12266622176593245, 10.50000000000000000, 62.33076530641289992 ) ) ;
#12 = CARTESIAN_POINT ( 'NONE',  ( -18.75750329874665212, -10.50000000000000178, 63.51526782203921329 ) ) ;
#13 = DIRECTION ( 'NONE',  ( 1.000000000000000000, 0.000000000000000000, 0.000000000000000000 ) ) ;
#14 = PRODUCT_RELATED_PRODUCT_CATEGORY ( 'part', '', ( #1229 ) ) ;
#15 = CARTESIAN_POINT ( 'NONE',  ( -8.892206051011136481, 19.77622816461530775, 63.50000000000000000 ) ) ;
#16 = CARTESIAN_POINT ( 'NONE',  ( -17.02204453054919497, -10.50000000000000000, 65.00000000000000000 ) ) ;
#17 = EDGE_LOOP ( 'NONE', ( #726, #207, #1706, #382 ) ) ;
#18 = CARTESIAN_POINT ( 'NONE',  ( 21.67375236446016373, 0.6472922961303908540, 63.50000000000000000 ) ) ;
#19 = CARTESIAN_POINT ( 'NONE',  ( -13.20278060023803590, 15.02753125835765147, 65.00000000000001421 ) ) ;
#20 = CARTESIAN_POINT ( 'NONE',  ( 18.28830452576707799, 10.50000000000000000, 62.46297030980421283 ) ) ;
#21 = DIRECTION ( 'NONE',  ( 1.000000000000000000, 0.000000000000000000, 0.000000000000000000 ) ) ;
#22 = CARTESIAN_POINT ( 'NONE',  ( 17.02151916779111218, -10.50000000000000000, 65.00000000000000000 ) ) ;
#23 = EDGE_CURVE ( 'NONE', #1220, #63, #542, .T. ) ;
#24 = CARTESIAN_POINT ( 'NONE',  ( 13.68279394899711043, -16.82116757606038249, 63.50000000000000000 ) ) ;
#25 = DIRECTION ( 'NONE',  ( 1.000000000000000000, 0.000000000000000000, 0.000000000000000000 ) ) ;
#26 = AXIS2_PLACEMENT_3D ( 'NONE', #1239, #370, #1747 ) ;
#27 = ORIENTED_EDGE ( 'NONE', *, *, #323, .F. ) ;
#28 = CARTESIAN_POINT ( 'NONE',  ( -7.696165843103739412, -20.27164423987229469, 63.50000000000000000 ) ) ;
#29 = ORIENTED_EDGE ( 'NONE', *, *, #209, .F. ) ;
#30 = DIRECTION ( 'NONE',  ( 1.000000000000000000, 0.000000000000000000, 0.000000000000000000 ) ) ;
#31 = CARTESIAN_POINT ( 'NONE',  ( 17.02204453054920208, 10.50000000000000000, 62.00000000000000000 ) ) ;
#32 = DIRECTION ( 'NONE',  ( 0.000000000000000000, 0.000000000000000000, 1.000000000000000000 ) ) ;
#33 = CARTESIAN_POINT ( 'NONE',  ( 20.00000000000000000, 2.449293598294706513E-15, -5.000000000000000000 ) ) ;
#34 = EDGE_CURVE ( 'NONE', #1029, #1220, #1786, .T. ) ;
#35 = CARTESIAN_POINT ( 'NONE',  ( -21.56955804741997085, 2.219165273600741006, 63.50000000000000000 ) ) ;
#36 = CARTESIAN_POINT ( 'NONE',  ( 0.000000000000000000, 0.000000000000000000, 62.00000000000000000 ) ) ;
#37 = ORIENTED_EDGE ( 'NONE', *, *, #1457, .T. ) ;
#38 = FACE_OUTER_BOUND ( 'NONE', #1454, .T. ) ;
#39 = CARTESIAN_POINT ( 'NONE',  ( 18.03430437477917536, 10.49999999999999822, 62.27316499386152060 ) ) ;
#40 = CARTESIAN_POINT ( 'NONE',  ( -18.75174885342723385, 10.50000000000000178, 63.53112225720300188 ) ) ;
#41 = DIRECTION ( 'NONE',  ( 1.000000000000000000, 0.000000000000000000, 0.000000000000000000 ) ) ;
#42 = CARTESIAN_POINT ( 'NONE',  ( -12.07269646764963511, 10.50000000000000000, 65.00000000000000000 ) ) ;
#43 = DIRECTION ( 'NONE',  ( -0.000000000000000000, 0.000000000000000000, 1.000000000000000000 ) ) ;
#44 = ADVANCED_FACE ( 'NONE', ( #798 ), #1385, .T. ) ;
#45 = ORIENTED_EDGE ( 'NONE', *, *, #632, .F. ) ;
#46 = CARTESIAN_POINT ( 'NONE',  ( 2.965192455838572716, 19.81071194237817323, 65.00000000000000000 ) ) ;
#47 = CARTESIAN_POINT ( 'NONE',  ( 18.68013652524128432, -10.50000000000000000, 62.78646723354508197 ) ) ;
#48 = FACE_OUTER_BOUND ( 'NONE', #142, .T. ) ;
#49 = CYLINDRICAL_SURFACE ( 'NONE', #918, 21.50000000000000000 ) ;
#50 = CARTESIAN_POINT ( 'NONE',  ( -8.400000000000000355, 0.000000000000000000, 80.00000000000000000 ) ) ;
#51 = AXIS2_PLACEMENT_3D ( 'NONE', #1728, #97, #500 ) ;
#52 = AXIS2_PLACEMENT_3D ( 'NONE', #1299, #1746, #1733 ) ;
#53 = EDGE_CURVE ( 'NONE', #345, #1638, #714, .T. ) ;
#54 = AXIS2_PLACEMENT_3D ( 'NONE', #1174, #1731, #476 ) ;
#55 = ORIENTED_EDGE ( 'NONE', *, *, #1568, .F. ) ;
#56 = SURFACE_STYLE_FILL_AREA ( #72 ) ;
#57 = CARTESIAN_POINT ( 'NONE',  ( 0.000000000000000000, 0.000000000000000000, 66.80000000000001137 ) ) ;
#58 = VECTOR ( 'NONE', #1584, 1000.000000000000000 ) ;
#59 = FACE_OUTER_BOUND ( 'NONE', #465, .T. ) ;
#60 = CARTESIAN_POINT ( 'NONE',  ( 0.000000000000000000, 0.000000000000000000, 65.00000000000000000 ) ) ;
#61 = CARTESIAN_POINT ( 'NONE',  ( -19.55506972561696699, -4.945011624424287433, 65.00000000000000000 ) ) ;
#62 = LINE ( 'NONE', #1598, #1180 ) ;
#63 = VERTEX_POINT ( 'NONE', #1225 ) ;
#64 = DIRECTION ( 'NONE',  ( -0.000000000000000000, -0.000000000000000000, -1.000000000000000000 ) ) ;
#65 = CARTESIAN_POINT ( 'NONE',  ( 17.02204453054920208, -10.50000000000000000, 62.00000000000000000 ) ) ;
#66 = CARTESIAN_POINT ( 'NONE',  ( 0.000000000000000000, 0.000000000000000000, 0.000000000000000000 ) ) ;
#67 = CARTESIAN_POINT ( 'NONE',  ( -60.00000000000000000, 0.000000000000000000, 70.00000000000000000 ) ) ;
#68 = VERTEX_POINT ( 'NONE', #525 ) ;
#69 = PRODUCT_DEFINITION_CONTEXT ( 'detailed design', #1083, 'design' ) ;
#70 = CARTESIAN_POINT ( 'NONE',  ( 8.044104052142099448, -20.13610982466276411, 65.00000000000000000 ) ) ;
#71 = ORIENTED_EDGE ( 'NONE', *, *, #402, .F. ) ;
#72 = FILL_AREA_STYLE ('',( #200 ) ) ;
#73 = ORIENTED_EDGE ( 'NONE', *, *, #1227, .T. ) ;
#74 = DIRECTION ( 'NONE',  ( 1.000000000000000000, 0.000000000000000000, 0.000000000000000000 ) ) ;
#75 = CYLINDRICAL_SURFACE ( 'NONE', #1130, 24.14999999999999858 ) ;
#76 = DIRECTION ( 'NONE',  ( 1.000000000000000000, 0.000000000000000000, 0.000000000000000000 ) ) ;
#77 = EDGE_CURVE ( 'NONE', #1599, #1097, #913, .T. ) ;
#78 = ORIENTED_EDGE ( 'NONE', *, *, #374, .F. ) ;
#79 = CARTESIAN_POINT ( 'NONE',  ( 12.95589594785791832, -17.38721625392465242, 65.00000000000000000 ) ) ;
#80 =( LENGTH_UNIT ( ) NAMED_UNIT ( * ) SI_UNIT ( .MILLI., .METRE. ) );
#81 = VERTEX_POINT ( 'NONE', #188 ) ;
#82 = CARTESIAN_POINT ( 'NONE',  ( -8.400000000000000355, 0.000000000000000000, 70.00000000000000000 ) ) ;
#83 = ORIENTED_EDGE ( 'NONE', *, *, #910, .F. ) ;
#84 = CARTESIAN_POINT ( 'NONE',  ( -8.642198929992581213, -19.77447641467903594, 63.50000000000000000 ) ) ;
#85 = CARTESIAN_POINT ( 'NONE',  ( 12.07269646764963511, 10.50000000000000000, 0.000000000000000000 ) ) ;
#86 = CIRCLE ( 'NONE', #1304, 20.29791847197645183 ) ;
#87 = CARTESIAN_POINT ( 'NONE',  ( -18.76166303929371182, -10.50000000000000000, 63.20208152802354817 ) ) ;
#88 = AXIS2_PLACEMENT_3D ( 'NONE', #1267, #829, #21 ) ;
#89 = VECTOR ( 'NONE', #104, 1000.000000000000000 ) ;
#90 = VERTEX_POINT ( 'NONE', #723 ) ;
#91 = EDGE_CURVE ( 'NONE', #1638, #1599, #298, .T. ) ;
#92 = CARTESIAN_POINT ( 'NONE',  ( 21.45582040018295444, -3.133416638027451739, 65.00000000000000000 ) ) ;
#93 = CARTESIAN_POINT ( 'NONE',  ( -14.68219724899178757, 13.83065348712916887, 65.00000000000000000 ) ) ;
#94 = ORIENTED_EDGE ( 'NONE', *, *, #599, .T. ) ;
#95 = CARTESIAN_POINT ( 'NONE',  ( 4.174858650255309556, -21.17281452879260328, 63.50000000000001421 ) ) ;
#96 = SHAPE_REPRESENTATION_RELATIONSHIP ( 'NONE' , 'NONE' ,  #299, #1481 ) ;
#97 = DIRECTION ( 'NONE',  ( -0.000000000000000000, 0.000000000000000000, 1.000000000000000000 ) ) ;
#98 = ORIENTED_EDGE ( 'NONE', *, *, #1431, .F. ) ;
#99 = CARTESIAN_POINT ( 'NONE',  ( 2.914806174902889957, 19.95890269785029858, 65.00000000000000000 ) ) ;
#100 =( NAMED_UNIT ( * ) PLANE_ANGLE_UNIT ( ) SI_UNIT ( $, .RADIAN. ) );
#101 = APPLICATION_CONTEXT ( 'automotive_design' ) ;
#102 = EDGE_CURVE ( 'NONE', #174, #90, #1263, .T. ) ;
#103 = EDGE_LOOP ( 'NONE', ( #1630, #630, #637, #544, #201, #409, #732, #770 ) ) ;
#104 = DIRECTION ( 'NONE',  ( -0.000000000000000000, -0.000000000000000000, -1.000000000000000000 ) ) ;
#105 = VERTEX_POINT ( 'NONE', #701 ) ;
#106 = CARTESIAN_POINT ( 'NONE',  ( -12.95589594786944687, 17.38721625391961823, 63.50000000000000000 ) ) ;
#107 = CARTESIAN_POINT ( 'NONE',  ( -10.30455388372352132, -19.07843542143879034, 65.00000000000000000 ) ) ;
#108 = ORIENTED_EDGE ( 'NONE', *, *, #1677, .T. ) ;
#109 = CARTESIAN_POINT ( 'NONE',  ( 18.39649131592129905, 8.271819582335307786, 65.00000000000000000 ) ) ;
#110 = EDGE_CURVE ( 'NONE', #278, #1632, #330, .T. ) ;
#111 = CONTEXT_DEPENDENT_SHAPE_REPRESENTATION ( #1713, #1494 ) ;
#112 =( BOUNDED_CURVE ( )  B_SPLINE_CURVE ( 2, ( #956, #1223, #524 ),
 .UNSPECIFIED., .F., .T. ) 
 B_SPLINE_CURVE_WITH_KNOTS ( ( 3, 3 ),
 ( 0.000000000000000000, 1.000000000000000000 ),
 .UNSPECIFIED. ) 
 CURVE ( )  GEOMETRIC_REPRESENTATION_ITEM ( )  RATIONAL_B_SPLINE_CURVE ( ( 1.000000000000000000, 0.02121320343559643384, 1.000000000000000000 ) ) 
 REPRESENTATION_ITEM ( '' )  );
#113 = VECTOR ( 'NONE', #615, 1000.000000000000000 ) ;
#114 = DIRECTION ( 'NONE',  ( 0.000000000000000000, -0.000000000000000000, -1.000000000000000000 ) ) ;
#115 = AXIS2_PLACEMENT_3D ( 'NONE', #725, #43, #25 ) ;
#116 = CARTESIAN_POINT ( 'NONE',  ( -18.67946656312834364, -10.49999999999999645, 62.78481121598942849 ) ) ;
#117 = CARTESIAN_POINT ( 'NONE',  ( -14.02444373168828484, 16.40657529602389175, 63.49999999999998579 ) ) ;
#118 = AXIS2_PLACEMENT_3D ( 'NONE', #1692, #32, #841 ) ;
#119 = CARTESIAN_POINT ( 'NONE',  ( -21.45582040018864234, 3.133416638020147804, 63.50000000000000000 ) ) ;
#120 = CARTESIAN_POINT ( 'NONE',  ( 12.72818041767339459, -15.64759774517104596, 65.00000000000000000 ) ) ;
#121 = ORIENTED_EDGE ( 'NONE', *, *, #1776, .T. ) ;
#122 = ORIENTED_EDGE ( 'NONE', *, *, #1183, .T. ) ;
#123 = DIRECTION ( 'NONE',  ( 1.000000000000000000, 0.000000000000000000, 0.000000000000000000 ) ) ;
#124 = ORIENTED_EDGE ( 'NONE', *, *, #53, .T. ) ;
#125 = CARTESIAN_POINT ( 'NONE',  ( 0.000000000000000000, 0.000000000000000000, 0.000000000000000000 ) ) ;
#126 = DIRECTION ( 'NONE',  ( 0.000000000000000000, -0.000000000000000000, -1.000000000000000000 ) ) ;
#127 = DIRECTION ( 'NONE',  ( -0.000000000000000000, -0.000000000000000000, -1.000000000000000000 ) ) ;
#128 = ORIENTED_EDGE ( 'NONE', *, *, #1637, .T. ) ;
#129 = CARTESIAN_POINT ( 'NONE',  ( -13.83065348712916709, -14.68219724899632439, 65.00000000000000000 ) ) ;
#130 = CARTESIAN_POINT ( 'NONE',  ( 676.9455508809572848, 863.3649956466709909, 1234.240717050519152 ) ) ;
#131 = LINE ( 'NONE', #1233, #89 ) ;
#132 = CARTESIAN_POINT ( 'NONE',  ( -1.900193392103100898, 21.50000000000000355, 63.50000000000001421 ) ) ;
#133 = ADVANCED_FACE ( 'NONE', ( #48 ), #988, .F. ) ;
#134 = CARTESIAN_POINT ( 'NONE',  ( -2.219165273612956124, -21.56955804741707183, 63.50000000000000000 ) ) ;
#135 = DIRECTION ( 'NONE',  ( 0.000000000000000000, 0.000000000000000000, 1.000000000000000000 ) ) ;
#136 = ORIENTED_EDGE ( 'NONE', *, *, #1637, .F. ) ;
#137 = CARTESIAN_POINT ( 'NONE',  ( 17.74738178738122230, -9.585631519748865514, 65.00000000000000000 ) ) ;
#138 = CARTESIAN_POINT ( 'NONE',  ( 60.00000000000000000, 7.347880794884118356E-15, 80.00000000000000000 ) ) ;
#139 = DIRECTION ( 'NONE',  ( 1.000000000000000000, 0.000000000000000000, 0.000000000000000000 ) ) ;
#140 = CARTESIAN_POINT ( 'NONE',  ( -17.65285741390518126, 10.50000000000000000, 64.49000886877136907 ) ) ;
#141 = AXIS2_PLACEMENT_3D ( 'NONE', #1329, #1605, #909 ) ;
#142 = EDGE_LOOP ( 'NONE', ( #1193, #1565, #970, #83 ) ) ;
#143 = AXIS2_PLACEMENT_3D ( 'NONE', #496, #64, #350 ) ;
#144 = PLANE ( 'NONE',  #623 ) ;
#145 = CIRCLE ( 'NONE', #536, 20.30000000000000426 ) ;
#146 = CARTESIAN_POINT ( 'NONE',  ( -18.29869787034038353, -11.28750000000000142, 65.00000000000000000 ) ) ;
#147 = CARTESIAN_POINT ( 'NONE',  ( -8.400000000000000355, 1.028703311283776586E-15, 0.000000000000000000 ) ) ;
#148 = ORIENTED_EDGE ( 'NONE', *, *, #1744, .T. ) ;
#149 = CARTESIAN_POINT ( 'NONE',  ( 2.219165273601137578, 21.56955804741987848, 63.50000000000000000 ) ) ;
#150 = CARTESIAN_POINT ( 'NONE',  ( -0.8520376253156534130, 19.99954353076848435, 65.00000000000001421 ) ) ;
#151 = CARTESIAN_POINT ( 'NONE',  ( -18.69737733818282166, 10.50000000000000178, 63.08025187733063177 ) ) ;
#152 = CARTESIAN_POINT ( 'NONE',  ( -24.14999999999999858, 0.000000000000000000, 0.000000000000000000 ) ) ;
#153 = EDGE_LOOP ( 'NONE', ( #1610, #359, #791, #1732 ) ) ;
#154 = CARTESIAN_POINT ( 'NONE',  ( -19.77622816461530419, -8.892206051011132928, 63.50000000000000000 ) ) ;
#155 = CARTESIAN_POINT ( 'NONE',  ( -5.857949272587119616, -19.14143823914086440, 65.00000000000000000 ) ) ;
#156 = ORIENTED_EDGE ( 'NONE', *, *, #794, .F. ) ;
#157 = CARTESIAN_POINT ( 'NONE',  ( -21.56955804741927452, 2.219165273600576249, 65.00000000000000000 ) ) ;
#158 = CARTESIAN_POINT ( 'NONE',  ( -10.48886146069652625, 17.05018125450515853, 65.00000000000000000 ) ) ;
#159 = CARTESIAN_POINT ( 'NONE',  ( 17.23659892470484678, 10.49999999999999822, 62.00000000000000711 ) ) ;
#160 = CARTESIAN_POINT ( 'NONE',  ( -18.64826801541138934, -10.50000000000000178, 63.62285857066422778 ) ) ;
#161 = DIRECTION ( 'NONE',  ( -0.000000000000000000, 0.000000000000000000, 1.000000000000000000 ) ) ;
#162 = CARTESIAN_POINT ( 'NONE',  ( -21.67375236445551323, -0.6472922961296814215, 65.00000000000000000 ) ) ;
#163 = CARTESIAN_POINT ( 'NONE',  ( -15.84170557852053030, -12.25985666276270614, 64.99999999999997158 ) ) ;
#164 = VERTEX_POINT ( 'NONE', #456 ) ;
#165 = CARTESIAN_POINT ( 'NONE',  ( 13.68279394899711043, -16.82116757606038249, 63.50000000000000000 ) ) ;
#166 = FACE_OUTER_BOUND ( 'NONE', #326, .T. ) ;
#167 = EDGE_CURVE ( 'NONE', #993, #896, #977, .T. ) ;
#168 = CARTESIAN_POINT ( 'NONE',  ( -18.36630213796053113, 10.49999999999999822, 62.53867405899158882 ) ) ;
#169 = CARTESIAN_POINT ( 'NONE',  ( -18.76166303929371182, -10.50000000000000000, 63.50000000000000000 ) ) ;
#170 =( GEOMETRIC_REPRESENTATION_CONTEXT ( 3 ) GLOBAL_UNCERTAINTY_ASSIGNED_CONTEXT ( ( #289 ) ) GLOBAL_UNIT_ASSIGNED_CONTEXT ( ( #677, #1098, #1761 ) ) REPRESENTATION_CONTEXT ( 'NONE', 'WORKASPACE' ) );
#171 = CARTESIAN_POINT ( 'NONE',  ( 0.6472922961428089206, -21.67375236445815645, 63.50000000000000000 ) ) ;
#172 = CARTESIAN_POINT ( 'NONE',  ( 8.996999805279633833, -17.86672847836593192, 65.00000000000000000 ) ) ;
#173 = PRESENTATION_LAYER_ASSIGNMENT (  '', '', ( #650 ) ) ;
#174 = VERTEX_POINT ( 'NONE', #22 ) ;
#175 = CARTESIAN_POINT ( 'NONE',  ( -2.219165273612956124, -21.56955804741707183, 63.50000000000000000 ) ) ;
#176 = CIRCLE ( 'NONE', #118, 16.00000000000000000 ) ;
#177 = CIRCLE ( 'NONE', #232, 16.00000000000000000 ) ;
#178 = CARTESIAN_POINT ( 'NONE',  ( 17.02523718375990214, 10.50000000000000000, 65.00000000000000000 ) ) ;
#179 = CARTESIAN_POINT ( 'NONE',  ( -17.83861523869588694, 10.50000000000000000, 64.33069887813847743 ) ) ;
#180 = EDGE_CURVE ( 'NONE', #1389, #68, #396, .T. ) ;
#181 = CARTESIAN_POINT ( 'NONE',  ( -8.400000000000000355, 1.028703311283776586E-15, -10.00000000000000000 ) ) ;
#182 = EDGE_CURVE ( 'NONE', #1125, #1617, #1538, .T. ) ;
#183 = CARTESIAN_POINT ( 'NONE',  ( 12.07269646764963511, -10.50000000000000000, 65.00000000000000000 ) ) ;
#184 = CARTESIAN_POINT ( 'NONE',  ( -6.204071132644950914, 20.77691098921001256, 65.00000000000000000 ) ) ;
#185 = DIRECTION ( 'NONE',  ( -0.000000000000000000, -0.000000000000000000, 1.000000000000000000 ) ) ;
#186 = FACE_BOUND ( 'NONE', #619, .T. ) ;
#187 = DIRECTION ( 'NONE',  ( 1.000000000000000000, 0.000000000000000000, 0.000000000000000000 ) ) ;
#188 = CARTESIAN_POINT ( 'NONE',  ( 12.07269646764963511, 10.50000000000000000, 65.00000000000000000 ) ) ;
#189 = DIRECTION ( 'NONE',  ( 0.000000000000000000, 0.000000000000000000, 1.000000000000000000 ) ) ;
#190 = EDGE_CURVE ( 'NONE', #1070, #1201, #1460, .T. ) ;
#191 = CARTESIAN_POINT ( 'NONE',  ( -10.49264839626308188, -17.04737270919948955, 64.99999999999998579 ) ) ;
#192 = ORIENTED_EDGE ( 'NONE', *, *, #1111, .F. ) ;
#193 = LINE ( 'NONE', #1168, #368 ) ;
#194 = FACE_OUTER_BOUND ( 'NONE', #502, .T. ) ;
#195 =( NAMED_UNIT ( * ) SI_UNIT ( $, .STERADIAN. ) SOLID_ANGLE_UNIT ( ) );
#196 = CARTESIAN_POINT ( 'NONE',  ( 17.02204453054920208, 10.50000000000000000, 65.00000000000000000 ) ) ;
#197 = CARTESIAN_POINT ( 'NONE',  ( 20.16900937709939612, -0.2548581683975296164, 65.00000000000000000 ) ) ;
#198 = AXIS2_PLACEMENT_3D ( 'NONE', #1177, #1014, #1735 ) ;
#199 = VERTEX_POINT ( 'NONE', #463 ) ;
#200 = FILL_AREA_STYLE_COLOUR ( '', #1240 ) ;
#201 = ORIENTED_EDGE ( 'NONE', *, *, #1227, .F. ) ;
#202 = DIRECTION ( 'NONE',  ( -0.000000000000000000, 0.000000000000000000, 1.000000000000000000 ) ) ;
#203 = AXIS2_PLACEMENT_3D ( 'NONE', #1762, #257, #908 ) ;
#204 = EDGE_LOOP ( 'NONE', ( #1413, #1047, #598, #1505, #697, #1689, #945, #1241 ) ) ;
#205 = CARTESIAN_POINT ( 'NONE',  ( 7.482887490365853544, -18.73126495317149320, 65.00000000000000000 ) ) ;
#206 = DIRECTION ( 'NONE',  ( -0.000000000000000000, -0.000000000000000000, -1.000000000000000000 ) ) ;
#207 = ORIENTED_EDGE ( 'NONE', *, *, #444, .T. ) ;
#208 = LINE ( 'NONE', #460, #1388 ) ;
#209 = EDGE_CURVE ( 'NONE', #1167, #739, #318, .T. ) ;
#210 = CARTESIAN_POINT ( 'NONE',  ( 0.000000000000000000, 0.000000000000000000, -10.00000000000000000 ) ) ;
#211 = PLANE ( 'NONE',  #1586 ) ;
#212 = CARTESIAN_POINT ( 'NONE',  ( 0.000000000000000000, 0.000000000000000000, 0.000000000000000000 ) ) ;
#213 = ORIENTED_EDGE ( 'NONE', *, *, #1002, .T. ) ;
#214 = CARTESIAN_POINT ( 'NONE',  ( -15.13753871333914525, 15.52499438243840224, 65.00000000000000000 ) ) ;
#215 = SURFACE_STYLE_USAGE ( .BOTH. , #895 ) ;
#216 =( BOUNDED_SURFACE ( )  B_SPLINE_SURFACE ( 2, 3, ( 
 ( #916, #504, #790, #942, #513, #1360, #1368, #1342, #1785, #120, #647, #657, #398, #1752, #665, #639, #1094, #237, #1636, #1195, #1609, #1489, #1646, #952, #1078, #772, #93, #1629, #1203, #384, #1759, #1218, #1212, #1066 ),
 ( #377, #245, #780, #107, #1351, #1511, #1769, #1779, #521, #270, #1334, #390, #1086, #1503, #801, #307, #1116, #1546, #1539, #686, #834, #1686, #1397, #961, #1554, #1665, #990, #851, #1796, #1411, #162, #704, #1523, #146 ),
 ( #1377, #1530, #417, #300, #541, #134, #171, #1656, #407, #24, #280, #290, #1269, #819, #808, #1386, #1674, #570, #1251, #695, #6, #576, #1134, #551, #15, #716, #434, #1142, #673, #35, #968, #1280, #154, #1237 ) ),
 .UNSPECIFIED., .F., .T., .F. ) 
 B_SPLINE_SURFACE_WITH_KNOTS ( ( 3, 3 ),
 ( 4, 2, 2, 2, 2, 2, 2, 2, 2, 2, 2, 2, 2, 2, 2, 2, 4 ),
 ( 0.000000000000000000, 1.000000000000000000 ),
 ( -2.588877540493009555, -2.196178458794285415, -1.803479377095561276, -1.410780295396837136, -1.018081213698112997, -0.6253821319993888572, -0.2326830503006647177, 0.1600160313980594218, 0.5527151130967835613, 0.9454141947955077008, 1.338113276494231840, 1.730812358192955980, 2.123511439891680119, 2.516210521590404259, 2.908909603289128398, 3.301608684987852538, 3.694307766686576677 ),
 .UNSPECIFIED. ) 
 GEOMETRIC_REPRESENTATION_ITEM ( )  RATIONAL_B_SPLINE_SURFACE ( (
 ( 1.000000000000000000, 1.000000000000000000, 1.000000000000000000, 1.000000000000000000, 1.000000000000000000, 1.000000000000000000, 1.000000000000000000, 1.000000000000000000, 1.000000000000000000, 1.000000000000000000, 1.000000000000000000, 1.000000000000000000, 1.000000000000000000, 1.000000000000000000, 1.000000000000000000, 1.000000000000000000, 1.000000000000000000, 1.000000000000000000, 1.000000000000000000, 1.000000000000000000, 1.000000000000000000, 1.000000000000000000, 1.000000000000000000, 1.000000000000000000, 1.000000000000000000, 1.000000000000000000, 1.000000000000000000, 1.000000000000000000, 1.000000000000000000, 1.000000000000000000, 1.000000000000000000, 1.000000000000000000, 1.000000000000000000, 1.000000000000000000),
 ( 0.02121320343559643384, 0.02121320343559643384, 0.02121320343559640956, 0.02121320343559640956, 0.02121320343559643731, 0.02121320343559643731, 0.02121320343559643731, 0.02121320343559643731, 0.02121320343559643731, 0.02121320343559643731, 0.02121320343559643037, 0.02121320343559643037, 0.02121320343559643731, 0.02121320343559643731, 0.02121320343559644078, 0.02121320343559644078, 0.02121320343559643384, 0.02121320343559643384, 0.02121320343559643037, 0.02121320343559643037, 0.02121320343559644078, 0.02121320343559644078, 0.02121320343559643731, 0.02121320343559643731, 0.02121320343559643384, 0.02121320343559643384, 0.02121320343559644772, 0.02121320343559644772, 0.02121320343559643731, 0.02121320343559643731, 0.02121320343559643384, 0.02121320343559643384, 0.02121320343559643384, 0.02121320343559643384),
 ( 1.000000000000000000, 1.000000000000000000, 1.000000000000000000, 1.000000000000000000, 1.000000000000000000, 1.000000000000000000, 1.000000000000000000, 1.000000000000000000, 1.000000000000000000, 1.000000000000000000, 1.000000000000000000, 1.000000000000000000, 1.000000000000000000, 1.000000000000000000, 1.000000000000000000, 1.000000000000000000, 1.000000000000000000, 1.000000000000000000, 1.000000000000000000, 1.000000000000000000, 1.000000000000000000, 1.000000000000000000, 1.000000000000000000, 1.000000000000000000, 1.000000000000000000, 1.000000000000000000, 1.000000000000000000, 1.000000000000000000, 1.000000000000000000, 1.000000000000000000, 1.000000000000000000, 1.000000000000000000, 1.000000000000000000, 1.000000000000000000) ) ) 
 REPRESENTATION_ITEM ( '' )  SURFACE ( )  );
#217 = ORIENTED_EDGE ( 'NONE', *, *, #724, .T. ) ;
#218 = SURFACE_STYLE_USAGE ( .BOTH. , #1161 ) ;
#219 = CARTESIAN_POINT ( 'NONE',  ( 18.18680332712619219, -10.49999999999999822, 62.21392178207464951 ) ) ;
#220 = DIRECTION ( 'NONE',  ( 1.000000000000000000, 0.000000000000000000, 0.000000000000000000 ) ) ;
#221 = ADVANCED_FACE ( 'NONE', ( #900, #1192 ), #769, .F. ) ;
#222 = EDGE_LOOP ( 'NONE', ( #385, #633, #1292, #1721 ) ) ;
#223 = CARTESIAN_POINT ( 'NONE',  ( -0.2548581683860795533, -20.16900937709870689, 65.00000000000000000 ) ) ;
#224 = PRESENTATION_STYLE_ASSIGNMENT (( #215 ) ) ;
#225 = CIRCLE ( 'NONE', #1236, 20.30000000000000426 ) ;
#226 = VERTEX_POINT ( 'NONE', #87 ) ;
#227 = CARTESIAN_POINT ( 'NONE',  ( 0.000000000000000000, 0.000000000000000000, 80.00000000000000000 ) ) ;
#228 = CARTESIAN_POINT ( 'NONE',  ( 0.000000000000000000, 0.000000000000000000, 70.00000000000000000 ) ) ;
#229 = APPLICATION_PROTOCOL_DEFINITION ( 'draft international standard', 'automotive_design', 1998, #1083 ) ;
#230 = AXIS2_PLACEMENT_3D ( 'NONE', #1246, #1104, #709 ) ;
#231 = AXIS2_PLACEMENT_3D ( 'NONE', #1553, #189, #1425 ) ;
#232 = AXIS2_PLACEMENT_3D ( 'NONE', #251, #949, #535 ) ;
#233 = ORIENTED_EDGE ( 'NONE', *, *, #360, .T. ) ;
#234 = VERTEX_POINT ( 'NONE', #743 ) ;
#235 = CARTESIAN_POINT ( 'NONE',  ( 17.32417366223480570, -10.33087115689037461, 65.00000000000000000 ) ) ;
#236 = EDGE_CURVE ( 'NONE', #1097, #1599, #1642, .T. ) ;
#237 = CARTESIAN_POINT ( 'NONE',  ( 15.64759774517708912, 12.72818041766470998, 65.00000000000000000 ) ) ;
#238 = ORIENTED_EDGE ( 'NONE', *, *, #1487, .T. ) ;
#239 = CARTESIAN_POINT ( 'NONE',  ( 19.32735905973470381, 5.771228960600170765, 65.00000000000000000 ) ) ;
#240 = DIRECTION ( 'NONE',  ( -0.000000000000000000, -0.000000000000000000, -1.000000000000000000 ) ) ;
#241 = APPLICATION_PROTOCOL_DEFINITION ( 'draft international standard', 'automotive_design', 1998, #101 ) ;
#242 = CYLINDRICAL_SURFACE ( 'NONE', #735, 16.00000000000000000 ) ;
#243 = ORIENTED_EDGE ( 'NONE', *, *, #1171, .T. ) ;
#244 = CARTESIAN_POINT ( 'NONE',  ( 3.133416638020196654, 21.45582040018863523, 63.50000000000000000 ) ) ;
#245 = CARTESIAN_POINT ( 'NONE',  ( -16.82116757606424784, -13.68279394899038870, 65.00000000000000000 ) ) ;
#246 = EDGE_CURVE ( 'NONE', #1389, #1253, #1473, .T. ) ;
#247 = EDGE_LOOP ( 'NONE', ( #603, #1363, #1044, #1400 ) ) ;
#248 = CARTESIAN_POINT ( 'NONE',  ( 8.892206050999831746, -19.77622816461903454, 65.00000000000000000 ) ) ;
#249 = ORIENTED_EDGE ( 'NONE', *, *, #929, .F. ) ;
#250 = DIRECTION ( 'NONE',  ( 1.000000000000000000, 0.000000000000000000, 0.000000000000000000 ) ) ;
#251 = CARTESIAN_POINT ( 'NONE',  ( 0.000000000000000000, 0.000000000000000000, 65.00000000000000000 ) ) ;
#252 = ORIENTED_EDGE ( 'NONE', *, *, #910, .T. ) ;
#253 = DIRECTION ( 'NONE',  ( 1.000000000000000000, 0.000000000000000000, 0.000000000000000000 ) ) ;
#254 = FACE_OUTER_BOUND ( 'NONE', #1469, .T. ) ;
#255 = ORIENTED_EDGE ( 'NONE', *, *, #1628, .F. ) ;
#256 = CARTESIAN_POINT ( 'NONE',  ( 21.56955804741783211, -2.219165273606670041, 65.00000000000000000 ) ) ;
#257 = DIRECTION ( 'NONE',  ( -6.351057515477386430E-16, -3.917067308471554640E-16, 1.000000000000000000 ) ) ;
#258 = CARTESIAN_POINT ( 'NONE',  ( 60.00000000000000000, 0.000000000000000000, 0.000000000000000000 ) ) ;
#259 = CIRCLE ( 'NONE', #1676, 20.00000000000000000 ) ;
#260 = EDGE_CURVE ( 'NONE', #400, #1632, #824, .T. ) ;
#261 = CARTESIAN_POINT ( 'NONE',  ( 17.92761670242300909, 10.50000000000000000, 64.25494175701055610 ) ) ;
#262 = VECTOR ( 'NONE', #582, 1000.000000000000000 ) ;
#263 = CARTESIAN_POINT ( 'NONE',  ( -8.044104052130613525, 20.13610982466778054, 63.50000000000000000 ) ) ;
#264 = ORIENTED_EDGE ( 'NONE', *, *, #1461, .T. ) ;
#265 = DIRECTION ( 'NONE',  ( -0.000000000000000000, 0.000000000000000000, 1.000000000000000000 ) ) ;
#266 = EDGE_CURVE ( 'NONE', #1741, #174, #636, .T. ) ;
#267 = ORIENTED_EDGE ( 'NONE', *, *, #1309, .T. ) ;
#268 = ADVANCED_BREP_SHAPE_REPRESENTATION ( '', ( #814, #1647 ), #978 ) ;
#269 = CYLINDRICAL_SURFACE ( 'NONE', #507, 20.00000000000000000 ) ;
#270 = CARTESIAN_POINT ( 'NONE',  ( 13.68279394900020307, -16.82116757606171831, 65.00000000000000000 ) ) ;
#271 = FACE_OUTER_BOUND ( 'NONE', #778, .T. ) ;
#272 = VERTEX_POINT ( 'NONE', #67 ) ;
#273 = CARTESIAN_POINT ( 'NONE',  ( -16.82116757606424784, -13.68279394899038870, 65.00000000000000000 ) ) ;
#274 = DIRECTION ( 'NONE',  ( -0.000000000000000000, 0.000000000000000000, 1.000000000000000000 ) ) ;
#275 = CARTESIAN_POINT ( 'NONE',  ( 18.56099967117104299, 10.50000000000000178, 62.78948180241941657 ) ) ;
#276 = DIRECTION ( 'NONE',  ( 0.000000000000000000, 0.000000000000000000, 1.000000000000000000 ) ) ;
#277 = EDGE_CURVE ( 'NONE', #553, #1771, #1711, .T. ) ;
#278 = VERTEX_POINT ( 'NONE', #372 ) ;
#279 = CARTESIAN_POINT ( 'NONE',  ( -18.62348668690618680, 11.10568649364872584, 63.50000000000000000 ) ) ;
#280 = CARTESIAN_POINT ( 'NONE',  ( 15.78336204267425202, -14.86795249866012902, 63.50000000000000000 ) ) ;
#281 = CARTESIAN_POINT ( 'NONE',  ( 0.000000000000000000, -10.50000000000000000, 62.00000000000000000 ) ) ;
#282 = EDGE_LOOP ( 'NONE', ( #357, #1151, #252, #1160 ) ) ;
#283 = CARTESIAN_POINT ( 'NONE',  ( 16.82116757606570445, 13.68279394898849333, 63.50000000000000000 ) ) ;
#284 = DIRECTION ( 'NONE',  ( -1.000000000000000000, 0.000000000000000000, 0.000000000000000000 ) ) ;
#285 = CARTESIAN_POINT ( 'NONE',  ( -17.48206959633942503, 10.50000000000000000, 64.63566301371432132 ) ) ;
#286 = VECTOR ( 'NONE', #1279, 1000.000000000000000 ) ;
#287 = CARTESIAN_POINT ( 'NONE',  ( 9.235056600719163455, 19.50831782878538689, 63.50000000000000000 ) ) ;
#288 = AXIS2_PLACEMENT_3D ( 'NONE', #863, #1714, #1547 ) ;
#289 = UNCERTAINTY_MEASURE_WITH_UNIT (LENGTH_MEASURE( 1.000000000000000082E-05 ), #677, 'distance_accuracy_value', 'NONE');
#290 = CARTESIAN_POINT ( 'NONE',  ( 19.07843542143529803, -10.30455388372865499, 63.50000000000000000 ) ) ;
#291 = AXIS2_PLACEMENT_3D ( 'NONE', #989, #1141, #832 ) ;
#292 = CARTESIAN_POINT ( 'NONE',  ( 7.752963423772651019, -20.13973877610893837, 63.50000000000000000 ) ) ;
#293 = ORIENTED_EDGE ( 'NONE', *, *, #1687, .T. ) ;
#294 = CARTESIAN_POINT ( 'NONE',  ( 2.219165273601388044, 21.56955804742093363, 65.00000000000000000 ) ) ;
#295 = FACE_BOUND ( 'NONE', #605, .T. ) ;
#296 = CARTESIAN_POINT ( 'NONE',  ( -18.03430437477917181, 10.50000000000000178, 62.27316499386152060 ) ) ;
#297 = CARTESIAN_POINT ( 'NONE',  ( -17.94583186280260634, -10.49999999999999822, 64.23920145146591665 ) ) ;
#298 = LINE ( 'NONE', #997, #1010 ) ;
#299 = SHAPE_REPRESENTATION ( 'EDM Spool', ( #1647 ), #340 ) ;
#300 = CARTESIAN_POINT ( 'NONE',  ( -10.30455388372362613, -19.07843542143892890, 63.50000000000000000 ) ) ;
#301 = CARTESIAN_POINT ( 'NONE',  ( 7.069603826467809604, -18.74203758253498364, 65.00000000000000000 ) ) ;
#302 = EDGE_CURVE ( 'NONE', #586, #1070, #862, .T. ) ;
#303 = ORIENTED_EDGE ( 'NONE', *, *, #1084, .F. ) ;
#304 = CYLINDRICAL_SURFACE ( 'NONE', #1581, 16.00000000000000000 ) ;
#305 = DIRECTION ( 'NONE',  ( 1.000000000000000000, 0.000000000000000000, 0.000000000000000000 ) ) ;
#306 = CARTESIAN_POINT ( 'NONE',  ( 18.69823258107206598, -10.50000000000000178, 63.57878545780633317 ) ) ;
#307 = CARTESIAN_POINT ( 'NONE',  ( 20.77691098921355817, 6.204071132644303432, 65.00000000000000000 ) ) ;
#308 = LINE ( 'NONE', #183, #594 ) ;
#309 = ORIENTED_EDGE ( 'NONE', *, *, #1753, .F. ) ;
#310 = CARTESIAN_POINT ( 'NONE',  ( -4.207577676970168490, 19.57030678801796952, 65.00000000000000000 ) ) ;
#311 = ADVANCED_FACE ( 'NONE', ( #1484 ), #242, .F. ) ;
#312 = CARTESIAN_POINT ( 'NONE',  ( -18.76166303929371537, 10.50000000000000000, 63.39242826173119028 ) ) ;
#313 = CARTESIAN_POINT ( 'NONE',  ( 0.000000000000000000, 0.000000000000000000, -10.00000000000000000 ) ) ;
#314 = CARTESIAN_POINT ( 'NONE',  ( 17.88972028050891083, -10.50000000000000355, 64.28698574611195227 ) ) ;
#315 = AXIS2_PLACEMENT_3D ( 'NONE', #1179, #1163, #1738 ) ;
#316 = CARTESIAN_POINT ( 'NONE',  ( 8.400000000000000355, 1.028703311283776783E-15, 80.00000000000000000 ) ) ;
#317 = CARTESIAN_POINT ( 'NONE',  ( 19.07843542143529803, -10.30455388372865499, 63.50000000000000000 ) ) ;
#318 = CIRCLE ( 'NONE', #1244, 8.400000000000000355 ) ;
#319 = CARTESIAN_POINT ( 'NONE',  ( -17.02204453054920208, -10.50000000000000000, 62.00000000000000000 ) ) ;
#320 = LINE ( 'NONE', #1458, #1157 ) ;
#321 = CARTESIAN_POINT ( 'NONE',  ( -18.76166303929371892, 10.50000000000000000, 63.50000000000000000 ) ) ;
#322 = CARTESIAN_POINT ( 'NONE',  ( 17.78782520795542510, -10.49999999999999645, 64.37470666866441604 ) ) ;
#323 = EDGE_CURVE ( 'NONE', #164, #706, #1393, .T. ) ;
#324 = DIRECTION ( 'NONE',  ( 1.000000000000000000, 0.000000000000000000, 0.000000000000000000 ) ) ;
#325 = CARTESIAN_POINT ( 'NONE',  ( 14.44185523947424876, 14.08143136124107642, 65.00000000000000000 ) ) ;
#326 = EDGE_LOOP ( 'NONE', ( #156, #364, #1349, #1678 ) ) ;
#327 = FACE_OUTER_BOUND ( 'NONE', #522, .T. ) ;
#328 = DIRECTION ( 'NONE',  ( 1.000000000000000000, 0.000000000000000000, -0.000000000000000000 ) ) ;
#329 = DIRECTION ( 'NONE',  ( 0.000000000000000000, 0.000000000000000000, 1.000000000000000000 ) ) ;
#330 = LINE ( 'NONE', #860, #1648 ) ;
#331 = FACE_OUTER_BOUND ( 'NONE', #1658, .T. ) ;
#332 = ORIENTED_EDGE ( 'NONE', *, *, #363, .F. ) ;
#333 = DIRECTION ( 'NONE',  ( -0.000000000000000000, 0.000000000000000000, 1.000000000000000000 ) ) ;
#334 = DIRECTION ( 'NONE',  ( -0.000000000000000000, -0.000000000000000000, 1.000000000000000000 ) ) ;
#335 = DIRECTION ( 'NONE',  ( -0.000000000000000000, 0.000000000000000000, 1.000000000000000000 ) ) ;
#336 = ORIENTED_EDGE ( 'NONE', *, *, #546, .T. ) ;
#337 = CARTESIAN_POINT ( 'NONE',  ( 7.953803981307171256, 18.53620495588054951, 65.00000000000000000 ) ) ;
#338 = AXIS2_PLACEMENT_3D ( 'NONE', #1535, #1293, #865 ) ;
#339 = AXIS2_PLACEMENT_3D ( 'NONE', #1482, #240, #775 ) ;
#340 =( GEOMETRIC_REPRESENTATION_CONTEXT ( 3 ) GLOBAL_UNCERTAINTY_ASSIGNED_CONTEXT ( ( #1685 ) ) GLOBAL_UNIT_ASSIGNED_CONTEXT ( ( #1015, #1574, #195 ) ) REPRESENTATION_CONTEXT ( 'NONE', 'WORKASPACE' ) );
#341 = VERTEX_POINT ( 'NONE', #1719 ) ;
#342 = FACE_OUTER_BOUND ( 'NONE', #1012, .T. ) ;
#343 = DIRECTION ( 'NONE',  ( -0.000000000000000000, 0.000000000000000000, 1.000000000000000000 ) ) ;
#344 = CARTESIAN_POINT ( 'NONE',  ( -24.12000000000000099, 2.953848079543416396E-15, -5.000000000000000000 ) ) ;
#345 = VERTEX_POINT ( 'NONE', #1043 ) ;
#346 = CARTESIAN_POINT ( 'NONE',  ( -5.315887496255656153, 21.02169995504074151, 65.00000000000000000 ) ) ;
#347 = SURFACE_STYLE_FILL_AREA ( #903 ) ;
#348 = EDGE_CURVE ( 'NONE', #1312, #341, #393, .T. ) ;
#349 = EDGE_LOOP ( 'NONE', ( #744, #255, #459 ) ) ;
#350 = DIRECTION ( 'NONE',  ( -1.000000000000000000, 0.000000000000000000, 0.000000000000000000 ) ) ;
#351 = DIRECTION ( 'NONE',  ( 1.000000000000000000, 0.000000000000000000, 0.000000000000000000 ) ) ;
#352 = LINE ( 'NONE', #482, #58 ) ;
#353 = CARTESIAN_POINT ( 'NONE',  ( 0.000000000000000000, 0.000000000000000000, 0.000000000000000000 ) ) ;
#354 = ORIENTED_EDGE ( 'NONE', *, *, #957, .F. ) ;
#355 = CARTESIAN_POINT ( 'NONE',  ( -14.08143136124561323, 14.44185523947652783, 65.00000000000000000 ) ) ;
#356 = PLANE ( 'NONE',  #764 ) ;
#357 = ORIENTED_EDGE ( 'NONE', *, *, #712, .F. ) ;
#358 = CARTESIAN_POINT ( 'NONE',  ( -21.64999999999999503, 2.651360320154018876E-15, 70.00000000000000000 ) ) ;
#359 = ORIENTED_EDGE ( 'NONE', *, *, #609, .F. ) ;
#360 = EDGE_CURVE ( 'NONE', #278, #105, #225, .T. ) ;
#361 = CARTESIAN_POINT ( 'NONE',  ( -3.271689449471676170, -21.33104704337032942, 63.50000000000000000 ) ) ;
#362 = DIRECTION ( 'NONE',  ( -0.000000000000000000, 0.000000000000000000, 1.000000000000000000 ) ) ;
#363 = EDGE_CURVE ( 'NONE', #81, #378, #177, .T. ) ;
#364 = ORIENTED_EDGE ( 'NONE', *, *, #190, .T. ) ;
#365 = CARTESIAN_POINT ( 'NONE',  ( -21.68168508038462861, 0.2739725310270334502, 65.00000000000000000 ) ) ;
#366 = FACE_OUTER_BOUND ( 'NONE', #17, .T. ) ;
#367 = ORIENTED_EDGE ( 'NONE', *, *, #53, .F. ) ;
#368 = VECTOR ( 'NONE', #872, 1000.000000000000000 ) ;
#369 = VERTEX_POINT ( 'NONE', #661 ) ;
#370 = DIRECTION ( 'NONE',  ( 0.000000000000000000, 0.000000000000000000, 1.000000000000000000 ) ) ;
#371 = AXIS2_PLACEMENT_3D ( 'NONE', #1439, #202, #1310 ) ;
#372 = CARTESIAN_POINT ( 'NONE',  ( -20.30000000000000426, 0.000000000000000000, 66.80000000000001137 ) ) ;
#373 = CARTESIAN_POINT ( 'NONE',  ( -17.70941792650093660, -10.49999999999999822, 62.02606255364574395 ) ) ;
#374 = EDGE_CURVE ( 'NONE', #1109, #1467, #965, .T. ) ;
#375 = ORIENTED_EDGE ( 'NONE', *, *, #260, .F. ) ;
#376 = CARTESIAN_POINT ( 'NONE',  ( -0.2739725310155695648, -21.68168508037959086, 63.50000000000000000 ) ) ;
#377 = CARTESIAN_POINT ( 'NONE',  ( -18.29869787034038353, -11.28750000000000142, 65.00000000000000000 ) ) ;
#378 = VERTEX_POINT ( 'NONE', #670 ) ;
#379 = CARTESIAN_POINT ( 'NONE',  ( -14.86795249866533020, -15.78336204267070642, 65.00000000000000000 ) ) ;
#380 = FACE_BOUND ( 'NONE', #893, .T. ) ;
#381 = CARTESIAN_POINT ( 'NONE',  ( -18.44588840552755471, -10.50000000000000000, 62.43264336927483527 ) ) ;
#382 = ORIENTED_EDGE ( 'NONE', *, *, #102, .F. ) ;
#383 = CARTESIAN_POINT ( 'NONE',  ( 21.68168508038389675, -0.2739725310276007186, 65.00000000000000000 ) ) ;
#384 = CARTESIAN_POINT ( 'NONE',  ( -20.06470516038980989, 2.064339789395647440, 65.00000000000000000 ) ) ;
#385 = ORIENTED_EDGE ( 'NONE', *, *, #1677, .F. ) ;
#386 = CARTESIAN_POINT ( 'NONE',  ( 20.27164423987153441, -7.696165843110056137, 65.00000000000000000 ) ) ;
#387 = CARTESIAN_POINT ( 'NONE',  ( 0.000000000000000000, 10.50000000000000000, 62.00000000000000000 ) ) ;
#388 = CARTESIAN_POINT ( 'NONE',  ( 17.83366161524337912, 12.15817619219214052, 63.50000000000001421 ) ) ;
#389 = CARTESIAN_POINT ( 'NONE',  ( 0.000000000000000000, 0.000000000000000000, 0.000000000000000000 ) ) ;
#390 = CARTESIAN_POINT ( 'NONE',  ( 19.07843542143515947, -10.30455388372855374, 65.00000000000000000 ) ) ;
#391 = ORIENTED_EDGE ( 'NONE', *, *, #1447, .F. ) ;
#392 = CARTESIAN_POINT ( 'NONE',  ( 20.77691098921355817, 6.204071132644303432, 65.00000000000000000 ) ) ;
#393 = LINE ( 'NONE', #1763, #1477 ) ;
#394 = AXIS2_PLACEMENT_3D ( 'NONE', #36, #1412, #1291 ) ;
#395 = AXIS2_PLACEMENT_3D ( 'NONE', #389, #941, #1367 ) ;
#396 = CIRCLE ( 'NONE', #1328, 16.00000000000000000 ) ;
#397 = CARTESIAN_POINT ( 'NONE',  ( 8.550339279905619705, 19.92642032757202841, 63.50000000000000000 ) ) ;
#398 = CARTESIAN_POINT ( 'NONE',  ( 18.85734347895047591, -7.159224040101479503, 65.00000000000000000 ) ) ;
#399 = CARTESIAN_POINT ( 'NONE',  ( -56.90500000000000114, 10.50000000000000000, 65.00000000000000000 ) ) ;
#400 = VERTEX_POINT ( 'NONE', #1624 ) ;
#401 = CARTESIAN_POINT ( 'NONE',  ( 8.271819582326637388, -18.39649131592732445, 65.00000000000000000 ) ) ;
#402 = EDGE_CURVE ( 'NONE', #226, #234, #1354, .T. ) ;
#403 = CARTESIAN_POINT ( 'NONE',  ( 0.000000000000000000, 0.000000000000000000, -5.000000000000000000 ) ) ;
#404 = CARTESIAN_POINT ( 'NONE',  ( 18.36630213796053113, 10.50000000000000178, 62.53867405899160303 ) ) ;
#405 = DIRECTION ( 'NONE',  ( -0.000000000000000000, 0.000000000000000000, 1.000000000000000000 ) ) ;
#406 = CARTESIAN_POINT ( 'NONE',  ( 8.044104052141495487, -20.13610982466168409, 63.50000000000000000 ) ) ;
#407 = CARTESIAN_POINT ( 'NONE',  ( 8.892206051002926159, -19.77622816462037036, 63.50000000000000000 ) ) ;
#408 = FACE_OUTER_BOUND ( 'NONE', #614, .T. ) ;
#409 = ORIENTED_EDGE ( 'NONE', *, *, #1207, .F. ) ;
#410 = CARTESIAN_POINT ( 'NONE',  ( 21.56955804741852845, -2.219165273606835687, 63.50000000000000000 ) ) ;
#411 = ORIENTED_EDGE ( 'NONE', *, *, #806, .F. ) ;
#412 = DIRECTION ( 'NONE',  ( -0.000000000000000000, -0.000000000000000000, -1.000000000000000000 ) ) ;
#413 = CARTESIAN_POINT ( 'NONE',  ( -17.37111091136668506, -10.50000000000000000, 62.00000000000000000 ) ) ;
#414 = CARTESIAN_POINT ( 'NONE',  ( 18.75740929470052976, 10.49999999999999822, 63.51554085909545933 ) ) ;
#415 = EDGE_CURVE ( 'NONE', #739, #1167, #1472, .T. ) ;
#416 = B_SPLINE_CURVE_WITH_KNOTS ( 'NONE', 3,
 ( #169, #12, #160, #996, #700, #1257, #867, #297, #859, #1420, #1121, #1287 ),
 .UNSPECIFIED., .F., .F.,
 ( 4, 1, 1, 1, 1, 2, 2, 4 ),
 ( 0.000000000000000000, 0.2500000000000128786, 0.3750000000000176525, 0.4375000000000159317, 0.4687500000000160982, 0.4843750000000138223, 0.5000000000000115463, 1.000000000000000000 ),
 .UNSPECIFIED. ) ;
#417 = CARTESIAN_POINT ( 'NONE',  ( -14.86795249866522717, -15.78336204267056431, 63.50000000000000000 ) ) ;
#418 = CARTESIAN_POINT ( 'NONE',  ( 0.000000000000000000, 0.000000000000000000, 66.80000000000001137 ) ) ;
#419 = ORIENTED_EDGE ( 'NONE', *, *, #1171, .F. ) ;
#420 = CARTESIAN_POINT ( 'NONE',  ( 0.4262703100352347452, 19.99892682630836660, 65.00000000000000000 ) ) ;
#421 = CARTESIAN_POINT ( 'NONE',  ( 0.000000000000000000, 0.000000000000000000, 62.00000000000000000 ) ) ;
#422 = AXIS2_PLACEMENT_3D ( 'NONE', #1755, #1048, #1593 ) ;
#423 = DIRECTION ( 'NONE',  ( 1.000000000000000000, 0.000000000000000000, 0.000000000000000000 ) ) ;
#424 = EDGE_CURVE ( 'NONE', #919, #1201, #948, .T. ) ;
#425 = AXIS2_PLACEMENT_3D ( 'NONE', #848, #813, #1382 ) ;
#426 = CARTESIAN_POINT ( 'NONE',  ( 24.12000000000000099, 0.000000000000000000, 0.000000000000000000 ) ) ;
#427 = AXIS2_PLACEMENT_3D ( 'NONE', #608, #899, #1718 ) ;
#428 = CARTESIAN_POINT ( 'NONE',  ( -14.43637171553589305, -13.84670075801594713, 64.99999999999998579 ) ) ;
#429 = ORIENTED_EDGE ( 'NONE', *, *, #1464, .T. ) ;
#430 = CARTESIAN_POINT ( 'NONE',  ( -18.29869787034038353, -11.28750000000000142, 65.00000000000000000 ) ) ;
#431 = CARTESIAN_POINT ( 'NONE',  ( 4.212270877389133084, 19.56969457562071568, 65.00000000000000000 ) ) ;
#432 = CARTESIAN_POINT ( 'NONE',  ( -17.04150166693364099, 10.49999999999999822, 64.99454510297687193 ) ) ;
#433 = CARTESIAN_POINT ( 'NONE',  ( -20.00000000000000000, 0.000000000000000000, -5.000000000000000000 ) ) ;
#434 = CARTESIAN_POINT ( 'NONE',  ( -15.78336204266901710, 14.86795249866738367, 63.50000000000000000 ) ) ;
#435 = EDGE_CURVE ( 'NONE', #553, #1197, #1661, .T. ) ;
#436 = DIRECTION ( 'NONE',  ( -0.000000000000000000, 0.000000000000000000, 1.000000000000000000 ) ) ;
#437 = ORIENTED_EDGE ( 'NONE', *, *, #1374, .F. ) ;
#438 = CARTESIAN_POINT ( 'NONE',  ( -1.697741411962520486, 19.94605318742645395, 65.00000000000000000 ) ) ;
#439 = CARTESIAN_POINT ( 'NONE',  ( 17.74768062494523591, 10.50000000000000178, 62.13145453282664477 ) ) ;
#440 = CARTESIAN_POINT ( 'NONE',  ( -18.76166303929371182, -10.50000000000000000, 63.20208152802354817 ) ) ;
#441 = CARTESIAN_POINT ( 'NONE',  ( 17.02204453054920918, 10.50000000000000000, 0.000000000000000000 ) ) ;
#442 = CARTESIAN_POINT ( 'NONE',  ( -1.704124849199836200, -19.94488673511152044, 65.00000000000000000 ) ) ;
#443 = CARTESIAN_POINT ( 'NONE',  ( -16.82116757606546642, -13.68279394898886814, 63.50000000000000000 ) ) ;
#444 = EDGE_CURVE ( 'NONE', #1361, #901, #112, .T. ) ;
#445 = LINE ( 'NONE', #1003, #915 ) ;
#446 = DIRECTION ( 'NONE',  ( 0.000000000000000000, -0.000000000000000000, -1.000000000000000000 ) ) ;
#447 = DIRECTION ( 'NONE',  ( -0.000000000000000000, 0.000000000000000000, 1.000000000000000000 ) ) ;
#448 = VECTOR ( 'NONE', #812, 1000.000000000000000 ) ;
#449 = DIRECTION ( 'NONE',  ( -0.000000000000000000, 0.000000000000000000, 1.000000000000000000 ) ) ;
#450 = VECTOR ( 'NONE', #588, 1000.000000000000000 ) ;
#451 = VECTOR ( 'NONE', #1103, 1000.000000000000000 ) ;
#452 = ORIENTED_EDGE ( 'NONE', *, *, #302, .F. ) ;
#453 = CARTESIAN_POINT ( 'NONE',  ( 1.700379167655122314, 19.93153000080868864, 65.00000000000001421 ) ) ;
#454 = CARTESIAN_POINT ( 'NONE',  ( -18.76166303929371892, 10.50000000000000000, 63.50000000000000000 ) ) ;
#455 = CARTESIAN_POINT ( 'NONE',  ( 60.00000000000000000, 7.347880794884118356E-15, 80.00000000000000000 ) ) ;
#456 = CARTESIAN_POINT ( 'NONE',  ( 21.64999999999999503, 0.000000000000000000, 70.00000000000000000 ) ) ;
#457 = CARTESIAN_POINT ( 'NONE',  ( 11.20004034411081406, -16.59203901520837121, 65.00000000000000000 ) ) ;
#458 = CARTESIAN_POINT ( 'NONE',  ( -20.77691098921247104, -6.204071132644576991, 63.50000000000000000 ) ) ;
#459 = ORIENTED_EDGE ( 'NONE', *, *, #1744, .F. ) ;
#460 = CARTESIAN_POINT ( 'NONE',  ( 21.64999999999999503, 0.000000000000000000, 66.80000000000001137 ) ) ;
#461 = DIRECTION ( 'NONE',  ( -1.000000000000000000, 0.000000000000000000, 0.000000000000000000 ) ) ;
#462 = CARTESIAN_POINT ( 'NONE',  ( -18.76166303929371182, -10.50000000000000000, 63.50000000000000000 ) ) ;
#463 = CARTESIAN_POINT ( 'NONE',  ( 21.64999999999999503, 0.000000000000000000, 66.80000000000001137 ) ) ;
#464 = ADVANCED_FACE ( 'NONE', ( #380, #1653 ), #1089, .T. ) ;
#465 = EDGE_LOOP ( 'NONE', ( #309, #293, #878, #1777 ) ) ;
#466 = CARTESIAN_POINT ( 'NONE',  ( -17.38721625391855241, -12.95589594786882337, 65.00000000000000000 ) ) ;
#467 =( BOUNDED_SURFACE ( )  B_SPLINE_SURFACE ( 2, 3, ( 
 ( #583, #1149, #325, #484, #337, #99, #914, #1436, #1589, #1730, #355, #474, #1476, #1453, #876, #61, #885, #1045, #631, #1608, #1446, #894, #223, #1173, #205, #638, #762, #235, #1026, #493, #197, #1194, #771, #1313 ),
 ( #1758, #604, #612, #1751, #1166, #1035, #1619, #346, #1465, #1322, #214, #620, #1053, #503, #365, #1341, #1723, #466, #1577, #902, #754, #745, #1597, #1331, #70, #79, #1202, #1184, #1742, #92, #383, #1784, #1235, #1488 ),
 ( #1358, #1778, #656, #672, #397, #244, #1501, #1077, #263, #106, #1376, #279, #951, #119, #1250, #1521, #5, #934, #1627, #664, #646, #512, #376, #1795, #406, #550, #816, #1115, #1655, #1644, #540, #1106, #789, #1384 ) ),
 .UNSPECIFIED., .F., .T., .F. ) 
 B_SPLINE_SURFACE_WITH_KNOTS ( ( 3, 3 ),
 ( 4, 2, 2, 2, 2, 2, 2, 2, 2, 2, 2, 2, 2, 2, 2, 2, 4 ),
 ( 0.000000000000000000, 1.000000000000000000 ),
 ( -5.772962036442234712, -5.380262954743511017, -4.987563873044786433, -4.594864791346061850, -4.202165709647338154, -3.809466627948614015, -3.416767546249889875, -3.024068464551165736, -2.631369382852441596, -2.238670301153717457, -1.845971219454993317, -1.453272137756269178, -1.060573056057545038, -0.6678739743588208988, -0.2751748926600967038, 0.1175241890386274635, 0.5102232707373515197 ),
 .UNSPECIFIED. ) 
 GEOMETRIC_REPRESENTATION_ITEM ( )  RATIONAL_B_SPLINE_SURFACE ( (
 ( 1.000000000000000000, 1.000000000000000000, 1.000000000000000000, 1.000000000000000000, 1.000000000000000000, 1.000000000000000000, 1.000000000000000000, 1.000000000000000000, 1.000000000000000000, 1.000000000000000000, 1.000000000000000000, 1.000000000000000000, 1.000000000000000000, 1.000000000000000000, 1.000000000000000000, 1.000000000000000000, 1.000000000000000000, 1.000000000000000000, 1.000000000000000000, 1.000000000000000000, 1.000000000000000000, 1.000000000000000000, 1.000000000000000000, 1.000000000000000000, 1.000000000000000000, 1.000000000000000000, 1.000000000000000000, 1.000000000000000000, 1.000000000000000000, 1.000000000000000000, 1.000000000000000000, 1.000000000000000000, 1.000000000000000000, 1.000000000000000000),
 ( 0.02121320343559643384, 0.02121320343559643384, 0.02121320343559642690, 0.02121320343559642690, 0.02121320343559643731, 0.02121320343559643731, 0.02121320343559641997, 0.02121320343559641997, 0.02121320343559642344, 0.02121320343559642344, 0.02121320343559644078, 0.02121320343559644078, 0.02121320343559643384, 0.02121320343559643384, 0.02121320343559641997, 0.02121320343559641997, 0.02121320343559643731, 0.02121320343559643731, 0.02121320343559642690, 0.02121320343559642690, 0.02121320343559643384, 0.02121320343559643384, 0.02121320343559642690, 0.02121320343559642690, 0.02121320343559643731, 0.02121320343559643731, 0.02121320343559642344, 0.02121320343559642344, 0.02121320343559644425, 0.02121320343559644425, 0.02121320343559643037, 0.02121320343559643037, 0.02121320343559643384, 0.02121320343559643384),
 ( 1.000000000000000000, 1.000000000000000000, 1.000000000000000000, 1.000000000000000000, 1.000000000000000000, 1.000000000000000000, 1.000000000000000000, 1.000000000000000000, 1.000000000000000000, 1.000000000000000000, 1.000000000000000000, 1.000000000000000000, 1.000000000000000000, 1.000000000000000000, 1.000000000000000000, 1.000000000000000000, 1.000000000000000000, 1.000000000000000000, 1.000000000000000000, 1.000000000000000000, 1.000000000000000000, 1.000000000000000000, 1.000000000000000000, 1.000000000000000000, 1.000000000000000000, 1.000000000000000000, 1.000000000000000000, 1.000000000000000000, 1.000000000000000000, 1.000000000000000000, 1.000000000000000000, 1.000000000000000000, 1.000000000000000000, 1.000000000000000000) ) ) 
 REPRESENTATION_ITEM ( '' )  SURFACE ( )  );
#468 = VERTEX_POINT ( 'NONE', #138 ) ;
#469 = DIRECTION ( 'NONE',  ( 0.000000000000000000, -0.000000000000000000, -1.000000000000000000 ) ) ;
#470 = DIRECTION ( 'NONE',  ( -0.000000000000000000, -0.000000000000000000, -1.000000000000000000 ) ) ;
#471 = DIRECTION ( 'NONE',  ( 1.000000000000000000, 0.000000000000000000, 0.000000000000000000 ) ) ;
#472 = ORIENTED_EDGE ( 'NONE', *, *, #102, .T. ) ;
#473 = EDGE_CURVE ( 'NONE', #1197, #1622, #1364, .T. ) ;
#474 = CARTESIAN_POINT ( 'NONE',  ( -17.32417366223839039, 10.33087115688357294, 65.00000000000000000 ) ) ;
#475 = AXIS2_PLACEMENT_3D ( 'NONE', #227, #1455, #740 ) ;
#476 = DIRECTION ( 'NONE',  ( 1.000000000000000000, 0.000000000000000000, 0.000000000000000000 ) ) ;
#477 = CIRCLE ( 'NONE', #115, 24.14999999999999858 ) ;
#478 = AXIS2_PLACEMENT_3D ( 'NONE', #125, #1226, #526 ) ;
#479 = ORIENTED_EDGE ( 'NONE', *, *, #835, .T. ) ;
#480 = DIRECTION ( 'NONE',  ( -0.000000000000000000, -0.000000000000000000, -1.000000000000000000 ) ) ;
#481 = CARTESIAN_POINT ( 'NONE',  ( 0.000000000000000000, 0.000000000000000000, 66.80000000000001137 ) ) ;
#482 = CARTESIAN_POINT ( 'NONE',  ( -60.00000000000000000, 7.347880794884118356E-15, -10.00000000000000000 ) ) ;
#483 = ORIENTED_EDGE ( 'NONE', *, *, #1265, .F. ) ;
#484 = CARTESIAN_POINT ( 'NONE',  ( 10.33087115688583602, 17.32417366224293431, 65.00000000000000000 ) ) ;
#485 = EDGE_CURVE ( 'NONE', #706, #164, #626, .T. ) ;
#486 = ADVANCED_FACE ( 'NONE', ( #1793, #777 ), #1508, .F. ) ;
#487 = ORIENTED_EDGE ( 'NONE', *, *, #1520, .F. ) ;
#488 = CYLINDRICAL_SURFACE ( 'NONE', #1357, 60.00000000000000000 ) ;
#489 = ORIENTED_EDGE ( 'NONE', *, *, #23, .T. ) ;
#490 = CARTESIAN_POINT ( 'NONE',  ( 18.76166303929371892, 10.50000000000000000, 63.50000000000000000 ) ) ;
#491 = DIRECTION ( 'NONE',  ( -0.000000000000000000, 0.000000000000000000, 1.000000000000000000 ) ) ;
#492 = ORIENTED_EDGE ( 'NONE', *, *, #1672, .T. ) ;
#493 = CARTESIAN_POINT ( 'NONE',  ( 19.95890269784418791, -2.914806174908436631, 65.00000000000000000 ) ) ;
#494 =( NAMED_UNIT ( * ) SI_UNIT ( $, .STERADIAN. ) SOLID_ANGLE_UNIT ( ) );
#495 = ORIENTED_EDGE ( 'NONE', *, *, #1332, .F. ) ;
#496 = CARTESIAN_POINT ( 'NONE',  ( 0.000000000000000000, 0.000000000000000000, 70.00000000000000000 ) ) ;
#497 = EDGE_CURVE ( 'NONE', #81, #1771, #131, .T. ) ;
#498 = PLANE ( 'NONE',  #1034 ) ;
#499 = APPLICATION_PROTOCOL_DEFINITION ( 'draft international standard', 'automotive_design', 1998, #610 ) ;
#500 = DIRECTION ( 'NONE',  ( 1.000000000000000000, 0.000000000000000000, 0.000000000000000000 ) ) ;
#501 = CARTESIAN_POINT ( 'NONE',  ( 0.000000000000000000, 3.469446951953614189E-15, 62.00000000000000000 ) ) ;
#502 = EDGE_LOOP ( 'NONE', ( #1164, #1541, #883, #1596 ) ) ;
#503 = CARTESIAN_POINT ( 'NONE',  ( -21.45582040018920367, 3.133416638019170364, 65.00000000000000000 ) ) ;
#504 = CARTESIAN_POINT ( 'NONE',  ( -15.64759774517403557, -12.72818041766283770, 65.00000000000000000 ) ) ;
#505 = ORIENTED_EDGE ( 'NONE', *, *, #1038, .T. ) ;
#506 = CARTESIAN_POINT ( 'NONE',  ( 14.68219724899975276, -13.83065348712442244, 65.00000000000000000 ) ) ;
#507 = AXIS2_PLACEMENT_3D ( 'NONE', #685, #807, #779 ) ;
#508 = CARTESIAN_POINT ( 'NONE',  ( 0.000000000000000000, 0.000000000000000000, 70.00000000000000000 ) ) ;
#509 = VECTOR ( 'NONE', #998, 1000.000000000000000 ) ;
#510 = CARTESIAN_POINT ( 'NONE',  ( -18.25122303439328064, -10.50000000000000000, 62.26592582154282240 ) ) ;
#511 = VERTEX_POINT ( 'NONE', #1081 ) ;
#512 = CARTESIAN_POINT ( 'NONE',  ( -3.133416638032155532, -21.45582040018524594, 63.50000000000000000 ) ) ;
#513 = CARTESIAN_POINT ( 'NONE',  ( -7.159224040095809372, -18.85734347894727136, 65.00000000000000000 ) ) ;
#514 = EDGE_LOOP ( 'NONE', ( #537, #1660 ) ) ;
#515 = CARTESIAN_POINT ( 'NONE',  ( 2.064339789396745228, 20.06470516039167507, 65.00000000000000000 ) ) ;
#516 = DIRECTION ( 'NONE',  ( 1.000000000000000000, 0.000000000000000000, 0.000000000000000000 ) ) ;
#517 = CARTESIAN_POINT ( 'NONE',  ( -18.76166303929371537, -10.50000000000000000, 63.11601979819302244 ) ) ;
#518 = CARTESIAN_POINT ( 'NONE',  ( 18.76166303929371892, 10.50000000000000000, 63.50000000000000000 ) ) ;
#519 = LINE ( 'NONE', #1085, #1099 ) ;
#520 = EDGE_CURVE ( 'NONE', #1172, #272, #1245, .T. ) ;
#521 = CARTESIAN_POINT ( 'NONE',  ( 8.892206050999831746, -19.77622816461903454, 65.00000000000000000 ) ) ;
#522 = EDGE_LOOP ( 'NONE', ( #78, #1052, #963, #437, #1261, #1445, #1513, #936 ) ) ;
#523 = CARTESIAN_POINT ( 'NONE',  ( 0.6472922961420598531, -21.67375236445351305, 65.00000000000000000 ) ) ;
#524 = CARTESIAN_POINT ( 'NONE',  ( -18.29869787034038708, -11.28750000000000142, 63.50000000000000000 ) ) ;
#525 = CARTESIAN_POINT ( 'NONE',  ( -12.07269646764963511, -10.50000000000000000, 0.000000000000000000 ) ) ;
#526 = DIRECTION ( 'NONE',  ( 1.000000000000000000, 0.000000000000000000, 0.000000000000000000 ) ) ;
#527 = ADVANCED_FACE ( 'NONE', ( #1112 ), #1633, .T. ) ;
#528 = CARTESIAN_POINT ( 'NONE',  ( -24.12000000000000099, 2.953848079543416396E-15, 0.000000000000000000 ) ) ;
#529 = ORIENTED_EDGE ( 'NONE', *, *, #302, .T. ) ;
#530 = CARTESIAN_POINT ( 'NONE',  ( -12.72818041766284125, 15.64759774517403912, 65.00000000000000000 ) ) ;
#531 = VERTEX_POINT ( 'NONE', #258 ) ;
#532 = VECTOR ( 'NONE', #1545, 1000.000000000000000 ) ;
#533 = SHAPE_DEFINITION_REPRESENTATION ( #781, #1466 ) ;
#534 = AXIS2_PLACEMENT_3D ( 'NONE', #797, #1543, #30 ) ;
#535 = DIRECTION ( 'NONE',  ( 1.000000000000000000, 0.000000000000000000, 0.000000000000000000 ) ) ;
#536 = AXIS2_PLACEMENT_3D ( 'NONE', #481, #446, #866 ) ;
#537 = ORIENTED_EDGE ( 'NONE', *, *, #1560, .F. ) ;
#538 = VECTOR ( 'NONE', #976, 1000.000000000000000 ) ;
#539 = AXIS2_PLACEMENT_3D ( 'NONE', #1774, #265, #516 ) ;
#540 = CARTESIAN_POINT ( 'NONE',  ( 21.68168508038105458, -0.2739725310279359505, 63.50000000000000000 ) ) ;
#541 = CARTESIAN_POINT ( 'NONE',  ( -7.696165843103739412, -20.27164423987229469, 63.50000000000000000 ) ) ;
#542 = B_SPLINE_CURVE_WITH_KNOTS ( 'NONE', 3,
 ( #518, #414, #1493, #815, #1249, #1383, #1375, #671, #261, #830, #1234, #1114 ),
 .UNSPECIFIED., .F., .F.,
 ( 4, 1, 1, 1, 1, 2, 2, 4 ),
 ( 0.000000000000000000, 0.2500000000000273670, 0.3750000000000393574, 0.4375000000000413003, 0.4687500000000386913, 0.4843750000000416334, 0.5000000000000445199, 1.000000000000000000 ),
 .UNSPECIFIED. ) ;
#543 = CARTESIAN_POINT ( 'NONE',  ( -17.02204453054920208, 10.50000000000000000, 0.000000000000000000 ) ) ;
#544 = ORIENTED_EDGE ( 'NONE', *, *, #1265, .T. ) ;
#545 = CARTESIAN_POINT ( 'NONE',  ( -0.6472922961301401656, 21.67375236446260445, 65.00000000000000000 ) ) ;
#546 = EDGE_CURVE ( 'NONE', #1197, #562, #1500, .T. ) ;
#547 = CARTESIAN_POINT ( 'NONE',  ( -18.76166303929371182, -10.50000000000000000, 62.00000000000000000 ) ) ;
#548 = DIRECTION ( 'NONE',  ( 1.000000000000000000, 0.000000000000000000, -0.000000000000000000 ) ) ;
#549 = CARTESIAN_POINT ( 'NONE',  ( 0.000000000000000000, 0.000000000000000000, 70.00000000000000000 ) ) ;
#550 = CARTESIAN_POINT ( 'NONE',  ( 12.95589594785852228, -17.38721625392573245, 63.50000000000000000 ) ) ;
#551 = CARTESIAN_POINT ( 'NONE',  ( -6.204071132645328390, 20.77691098921235024, 63.50000000000000000 ) ) ;
#552 = CARTESIAN_POINT ( 'NONE',  ( -13.43252666045868082, -16.89037439893886017, 63.50000000000000000 ) ) ;
#553 = VERTEX_POINT ( 'NONE', #826 ) ;
#554 = FACE_OUTER_BOUND ( 'NONE', #514, .T. ) ;
#555 = ADVANCED_FACE ( 'NONE', ( #295, #554 ), #1707, .F. ) ;
#556 = CARTESIAN_POINT ( 'NONE',  ( -17.74768062494523946, 10.50000000000000178, 62.13145453282666608 ) ) ;
#557 = DIRECTION ( 'NONE',  ( -0.000000000000000000, 0.000000000000000000, 1.000000000000000000 ) ) ;
#558 = CARTESIAN_POINT ( 'NONE',  ( 17.03882963612642243, -10.50000000000000355, 64.99700505471479062 ) ) ;
#559 = LINE ( 'NONE', #1684, #509 ) ;
#560 = CARTESIAN_POINT ( 'NONE',  ( -18.29869787034038708, -11.28750000000000142, 63.50000000000000000 ) ) ;
#561 = CARTESIAN_POINT ( 'NONE',  ( -12.56487987844150389, -15.58353469287732374, 65.00000000000000000 ) ) ;
#562 = VERTEX_POINT ( 'NONE', #564 ) ;
#563 = CARTESIAN_POINT ( 'NONE',  ( 10.30455388372401515, 19.07843542143970694, 65.00000000000000000 ) ) ;
#564 = CARTESIAN_POINT ( 'NONE',  ( -20.00000000000000000, 0.000000000000000000, 0.000000000000000000 ) ) ;
#565 = CARTESIAN_POINT ( 'NONE',  ( 17.02204453054920208, 10.50000000000000000, 62.00000000000000000 ) ) ;
#566 = DIRECTION ( 'NONE',  ( 0.000000000000000000, 0.000000000000000000, 1.000000000000000000 ) ) ;
#567 = STYLED_ITEM ( 'NONE', ( #1324 ), #814 ) ;
#568 = CIRCLE ( 'NONE', #917, 8.400000000000000355 ) ;
#569 = AXIS2_PLACEMENT_3D ( 'NONE', #1527, #693, #1410 ) ;
#570 = CARTESIAN_POINT ( 'NONE',  ( 16.82116757606570445, 13.68279394898849333, 63.50000000000000000 ) ) ;
#571 = CARTESIAN_POINT ( 'NONE',  ( 3.379195771991182262, -19.73097608922864765, 65.00000000000002842 ) ) ;
#572 = VERTEX_POINT ( 'NONE', #319 ) ;
#573 = CARTESIAN_POINT ( 'NONE',  ( 19.77622816461506972, 8.892206051011523726, 63.50000000000000000 ) ) ;
#574 = CARTESIAN_POINT ( 'NONE',  ( 20.30000000000000426, 2.486033002269127767E-15, 70.00000000000000000 ) ) ;
#575 = FACE_OUTER_BOUND ( 'NONE', #1750, .T. ) ;
#576 = CARTESIAN_POINT ( 'NONE',  ( 2.219165273601137578, 21.56955804741987848, 63.50000000000000000 ) ) ;
#577 = ADVANCED_FACE ( 'NONE', ( #1120 ), #304, .F. ) ;
#578 = CARTESIAN_POINT ( 'NONE',  ( -20.27164423987009556, 7.696165843116124172, 65.00000000000000000 ) ) ;
#579 = CARTESIAN_POINT ( 'NONE',  ( 11.24074115211384850, 16.62951287402121636, 65.00000000000000000 ) ) ;
#580 = CARTESIAN_POINT ( 'NONE',  ( -21.64999999999999503, 2.651360320154018876E-15, 66.80000000000001137 ) ) ;
#581 = CARTESIAN_POINT ( 'NONE',  ( -24.14999999999999858, 0.000000000000000000, 70.00000000000000000 ) ) ;
#582 = DIRECTION ( 'NONE',  ( 0.000000000000000000, 0.000000000000000000, 1.000000000000000000 ) ) ;
#583 = CARTESIAN_POINT ( 'NONE',  ( 17.45270980399415706, 9.767441860465115866, 65.00000000000000000 ) ) ;
#584 = APPLICATION_CONTEXT ( 'automotive_design' ) ;
#585 = EDGE_CURVE ( 'NONE', #105, #400, #1680, .T. ) ;
#586 = VERTEX_POINT ( 'NONE', #1690 ) ;
#587 = CARTESIAN_POINT ( 'NONE',  ( -11.55594959078913675, 16.36233536216331785, 65.00000000000000000 ) ) ;
#588 = DIRECTION ( 'NONE',  ( -1.000000000000000000, -0.000000000000000000, -0.000000000000000000 ) ) ;
#589 = DIRECTION ( 'NONE',  ( 1.000000000000000000, 0.000000000000000000, 0.000000000000000000 ) ) ;
#590 = DIRECTION ( 'NONE',  ( -0.000000000000000000, -0.000000000000000000, -1.000000000000000000 ) ) ;
#591 = AXIS2_PLACEMENT_3D ( 'NONE', #959, #161, #13 ) ;
#592 = AXIS2_PLACEMENT_3D ( 'NONE', #1566, #1434, #1019 ) ;
#593 = CARTESIAN_POINT ( 'NONE',  ( 10.48874952493775581, -17.05037446809678414, 65.00000000000001421 ) ) ;
#594 = VECTOR ( 'NONE', #852, 1000.000000000000000 ) ;
#595 = CIRCLE ( 'NONE', #291, 21.64999999999999503 ) ;
#596 = ORIENTED_EDGE ( 'NONE', *, *, #1672, .F. ) ;
#597 = CARTESIAN_POINT ( 'NONE',  ( -21.64999999999999503, 2.651360320154018876E-15, 66.80000000000001137 ) ) ;
#598 = ORIENTED_EDGE ( 'NONE', *, *, #1423, .T. ) ;
#599 = EDGE_CURVE ( 'NONE', #1040, #199, #763, .T. ) ;
#600 = CARTESIAN_POINT ( 'NONE',  ( 18.71073516952562699, -10.50000000000000000, 62.86752233757523811 ) ) ;
#601 = DIRECTION ( 'NONE',  ( -0.000000000000000000, -0.000000000000000000, -1.000000000000000000 ) ) ;
#602 = ADVANCED_FACE ( 'NONE', ( #166 ), #698, .F. ) ;
#603 = ORIENTED_EDGE ( 'NONE', *, *, #599, .F. ) ;
#604 = CARTESIAN_POINT ( 'NONE',  ( 17.38721625391855952, 12.95589594786654075, 65.00000000000000000 ) ) ;
#605 = EDGE_LOOP ( 'NONE', ( #267, #124 ) ) ;
#606 = LINE ( 'NONE', #597, #113 ) ;
#607 = FACE_OUTER_BOUND ( 'NONE', #810, .T. ) ;
#608 = CARTESIAN_POINT ( 'NONE',  ( 0.000000000000000000, 0.000000000000000000, 0.000000000000000000 ) ) ;
#609 = EDGE_CURVE ( 'NONE', #63, #511, #912, .T. ) ;
#610 = APPLICATION_CONTEXT ( 'automotive_design' ) ;
#611 = ORIENTED_EDGE ( 'NONE', *, *, #424, .F. ) ;
#612 = CARTESIAN_POINT ( 'NONE',  ( 15.52499438243839691, 15.13753871333461021, 65.00000000000000000 ) ) ;
#613 = CYLINDRICAL_SURFACE ( 'NONE', #54, 8.400000000000000355 ) ;
#614 = EDGE_LOOP ( 'NONE', ( #1729, #1370, #1316, #1175 ) ) ;
#615 = DIRECTION ( 'NONE',  ( -0.000000000000000000, -0.000000000000000000, 1.000000000000000000 ) ) ;
#616 = DIRECTION ( 'NONE',  ( 0.000000000000000000, 0.000000000000000000, 1.000000000000000000 ) ) ;
#617 = CARTESIAN_POINT ( 'NONE',  ( 0.000000000000000000, 0.000000000000000000, 70.00000000000000000 ) ) ;
#618 = DIRECTION ( 'NONE',  ( -1.000000000000000000, 0.000000000000000000, 0.000000000000000000 ) ) ;
#619 = EDGE_LOOP ( 'NONE', ( #233, #1571 ) ) ;
#620 = CARTESIAN_POINT ( 'NONE',  ( -18.62348668690615483, 11.10568649364870630, 65.00000000000000000 ) ) ;
#621 = ADVANCED_FACE ( 'NONE', ( #38 ), #1144, .F. ) ;
#622 = PRESENTATION_LAYER_ASSIGNMENT (  '', '', ( #567 ) ) ;
#623 = AXIS2_PLACEMENT_3D ( 'NONE', #926, #1495, #253 ) ;
#624 = CIRCLE ( 'NONE', #231, 60.00000000000000000 ) ;
#625 = EDGE_LOOP ( 'NONE', ( #1650, #472, #55, #1745, #1346, #1057, #689, #718 ) ) ;
#626 = CIRCLE ( 'NONE', #684, 21.64999999999999503 ) ;
#627 = LINE ( 'NONE', #399, #884 ) ;
#628 = CARTESIAN_POINT ( 'NONE',  ( 0.000000000000000000, 0.000000000000000000, -10.00000000000000000 ) ) ;
#629 = DIRECTION ( 'NONE',  ( 1.000000000000000000, 0.000000000000000000, 0.000000000000000000 ) ) ;
#630 = ORIENTED_EDGE ( 'NONE', *, *, #1628, .T. ) ;
#631 = CARTESIAN_POINT ( 'NONE',  ( -14.44185523947652428, -14.08143136124560968, 65.00000000000000000 ) ) ;
#632 = EDGE_CURVE ( 'NONE', #345, #1097, #445, .T. ) ;
#633 = ORIENTED_EDGE ( 'NONE', *, *, #981, .F. ) ;
#634 = CARTESIAN_POINT ( 'NONE',  ( -60.00000000000000000, 7.347880794884118356E-15, 0.000000000000000000 ) ) ;
#635 = LINE ( 'NONE', #1198, #1767 ) ;
#636 = LINE ( 'NONE', #1311, #1419 ) ;
#637 = ORIENTED_EDGE ( 'NONE', *, *, #1652, .T. ) ;
#638 = CARTESIAN_POINT ( 'NONE',  ( 12.05199623056439684, -16.17415465481679604, 65.00000000000000000 ) ) ;
#639 = CARTESIAN_POINT ( 'NONE',  ( 19.32735905973470381, 5.771228960600170765, 65.00000000000000000 ) ) ;
#640 = ORIENTED_EDGE ( 'NONE', *, *, #77, .F. ) ;
#641 = FACE_OUTER_BOUND ( 'NONE', #349, .T. ) ;
#642 = ITEM_DEFINED_TRANSFORMATION ( 'NONE', 'NONE', #1101,  #1647 ) ;
#643 = DIRECTION ( 'NONE',  ( -0.000000000000000000, -0.000000000000000000, -1.000000000000000000 ) ) ;
#644 = PRODUCT_RELATED_PRODUCT_CATEGORY ( 'part', '', ( #799 ) ) ;
#645 = ORIENTED_EDGE ( 'NONE', *, *, #1764, .T. ) ;
#646 = CARTESIAN_POINT ( 'NONE',  ( -8.550339279893522715, -19.92642032757544612, 63.50000000000000000 ) ) ;
#647 = CARTESIAN_POINT ( 'NONE',  ( 14.68219724899975276, -13.83065348712442244, 65.00000000000000000 ) ) ;
#648 = ORIENTED_EDGE ( 'NONE', *, *, #497, .F. ) ;
#649 = CARTESIAN_POINT ( 'NONE',  ( 13.83065348712896636, 14.68219724899521594, 65.00000000000000000 ) ) ;
#650 = STYLED_ITEM ( 'NONE', ( #224 ), #854 ) ;
#651 = ORIENTED_EDGE ( 'NONE', *, *, #1652, .F. ) ;
#652 = CIRCLE ( 'NONE', #569, 8.400000000000000355 ) ;
#653 = DIRECTION ( 'NONE',  ( 1.000000000000000000, 0.000000000000000000, 0.000000000000000000 ) ) ;
#654 = ADVANCED_FACE ( 'NONE', ( #327 ), #1468, .T. ) ;
#655 = CARTESIAN_POINT ( 'NONE',  ( -18.71031821291187924, -10.50000000000000000, 62.86624499788550935 ) ) ;
#656 = CARTESIAN_POINT ( 'NONE',  ( 15.52499438243918028, 15.13753871333848444, 63.50000000000000000 ) ) ;
#657 = CARTESIAN_POINT ( 'NONE',  ( 17.74738178738122230, -9.585631519748865514, 65.00000000000000000 ) ) ;
#658 = EDGE_LOOP ( 'NONE', ( #1780, #29 ) ) ;
#659 = CARTESIAN_POINT ( 'NONE',  ( -17.02204453054919497, -10.50000000000000000, 65.00000000000000000 ) ) ;
#660 = CARTESIAN_POINT ( 'NONE',  ( 0.000000000000000000, 0.000000000000000000, 0.000000000000000000 ) ) ;
#661 = CARTESIAN_POINT ( 'NONE',  ( -12.07269646764963511, -10.50000000000000000, 65.00000000000000000 ) ) ;
#662 = ADVANCED_FACE ( 'NONE', ( #1600 ), #889, .F. ) ;
#663 = DIRECTION ( 'NONE',  ( 1.000000000000000000, 0.000000000000000000, 0.000000000000000000 ) ) ;
#664 = CARTESIAN_POINT ( 'NONE',  ( -11.10568649364872229, -18.62348668690618325, 63.50000000000000000 ) ) ;
#665 = CARTESIAN_POINT ( 'NONE',  ( 20.16163010647237996, 0.6021323684929301701, 65.00000000000000000 ) ) ;
#666 = FACE_BOUND ( 'NONE', #1406, .T. ) ;
#667 = EDGE_LOOP ( 'NONE', ( #651, #823, #1340, #136 ) ) ;
#668 = CARTESIAN_POINT ( 'NONE',  ( 20.16163010647237996, 0.6021323684929301701, 65.00000000000000000 ) ) ;
#669 = APPLICATION_PROTOCOL_DEFINITION ( 'draft international standard', 'automotive_design', 1998, #703 ) ;
#670 = CARTESIAN_POINT ( 'NONE',  ( -12.07269646764963511, 10.50000000000000000, 65.00000000000000000 ) ) ;
#671 = CARTESIAN_POINT ( 'NONE',  ( 17.94613186129257443, 10.49999999999999822, 64.23896172275185279 ) ) ;
#672 = CARTESIAN_POINT ( 'NONE',  ( 11.10568649364791050, 18.62348668690682985, 63.50000000000000000 ) ) ;
#673 = CARTESIAN_POINT ( 'NONE',  ( -20.27164423986940278, 7.696165843115958971, 63.50000000000000000 ) ) ;
#674 = EDGE_CURVE ( 'NONE', #1040, #706, #606, .T. ) ;
#675 = CARTESIAN_POINT ( 'NONE',  ( 16.73062151410915632, -13.63098762276198173, 63.50000000000000000 ) ) ;
#676 = VERTEX_POINT ( 'NONE', #634 ) ;
#677 =( LENGTH_UNIT ( ) NAMED_UNIT ( * ) SI_UNIT ( .MILLI., .METRE. ) );
#678 = CLOSED_SHELL ( 'NONE', ( #1061, #782, #1096, #1708, #662, #688, #1133, #486, #1150, #1122, #1145, #1196, #555, #1255, #621 ) ) ;
#679 = DIRECTION ( 'NONE',  ( 1.000000000000000000, 0.000000000000000000, 0.000000000000000000 ) ) ;
#680 = LINE ( 'NONE', #873, #1242 ) ;
#681 = LINE ( 'NONE', #1131, #538 ) ;
#682 = CARTESIAN_POINT ( 'NONE',  ( -18.76166303929371892, 10.50000000000000000, 63.50000000000000000 ) ) ;
#683 = AXIS2_PLACEMENT_3D ( 'NONE', #313, #557, #305 ) ;
#684 = AXIS2_PLACEMENT_3D ( 'NONE', #508, #274, #679 ) ;
#685 = CARTESIAN_POINT ( 'NONE',  ( 0.000000000000000000, 0.000000000000000000, 65.00000000000000000 ) ) ;
#686 = CARTESIAN_POINT ( 'NONE',  ( 10.30455388372401515, 19.07843542143970694, 65.00000000000000000 ) ) ;
#687 = DIRECTION ( 'NONE',  ( 1.000000000000000000, 0.000000000000000000, 0.000000000000000000 ) ) ;
#688 = ADVANCED_FACE ( 'NONE', ( #1716 ), #1307, .F. ) ;
#689 = ORIENTED_EDGE ( 'NONE', *, *, #246, .F. ) ;
#690 = CARTESIAN_POINT ( 'NONE',  ( -6.204071132645328390, 20.77691098921235024, 63.50000000000000000 ) ) ;
#691 = CARTESIAN_POINT ( 'NONE',  ( 15.83974970382588232, 12.26173079681086620, 64.99999999999998579 ) ) ;
#692 = CARTESIAN_POINT ( 'NONE',  ( -18.65874010177222786, 10.50000000000000000, 62.97847457836157048 ) ) ;
#693 = DIRECTION ( 'NONE',  ( 0.000000000000000000, 0.000000000000000000, 1.000000000000000000 ) ) ;
#694 = EDGE_LOOP ( 'NONE', ( #492, #1274 ) ) ;
#695 = CARTESIAN_POINT ( 'NONE',  ( 10.30455388372351777, 19.07843542143901772, 63.50000000000000000 ) ) ;
#696 = CARTESIAN_POINT ( 'NONE',  ( -13.21315321390297193, -15.03704566372527296, 65.00000000000001421 ) ) ;
#697 = ORIENTED_EDGE ( 'NONE', *, *, #546, .F. ) ;
#698 = CYLINDRICAL_SURFACE ( 'NONE', #973, 24.12000000000000099 ) ;
#699 = CARTESIAN_POINT ( 'NONE',  ( 17.84736773078371286, 10.50000000000000000, 62.17363047216594651 ) ) ;
#700 = CARTESIAN_POINT ( 'NONE',  ( -18.14064878238385958, -10.50000000000000000, 64.07050249092949912 ) ) ;
#701 = CARTESIAN_POINT ( 'NONE',  ( 20.30000000000000426, 2.486033002269127767E-15, 66.80000000000001137 ) ) ;
#702 = DIRECTION ( 'NONE',  ( -0.000000000000000000, 0.000000000000000000, 1.000000000000000000 ) ) ;
#703 = APPLICATION_CONTEXT ( 'automotive_design' ) ;
#704 = CARTESIAN_POINT ( 'NONE',  ( -20.77691098921710733, -6.204071132645324838, 65.00000000000000000 ) ) ;
#705 = CARTESIAN_POINT ( 'NONE',  ( 8.232152357496504536, -18.23183781087639588, 65.00000000000000000 ) ) ;
#706 = VERTEX_POINT ( 'NONE', #358 ) ;
#707 = CARTESIAN_POINT ( 'NONE',  ( -19.07843542144049920, 10.30455388372147318, 63.50000000000000000 ) ) ;
#708 = CARTESIAN_POINT ( 'NONE',  ( -16.12642640426978602, 11.95163626698160542, 65.00000000000000000 ) ) ;
#709 = DIRECTION ( 'NONE',  ( 1.000000000000000000, 0.000000000000000000, 0.000000000000000000 ) ) ;
#710 = CARTESIAN_POINT ( 'NONE',  ( 17.37111091136668506, -10.50000000000000000, 62.00000000000000000 ) ) ;
#711 = AXIS2_PLACEMENT_3D ( 'NONE', #1559, #1550, #1285 ) ;
#712 = EDGE_CURVE ( 'NONE', #1497, #1167, #193, .T. ) ;
#713 = AXIS2_PLACEMENT_3D ( 'NONE', #1426, #449, #1135 ) ;
#714 = CIRCLE ( 'NONE', #1004, 24.14999999999999858 ) ;
#715 = PRODUCT_DEFINITION_CONTEXT ( 'detailed design', #703, 'design' ) ;
#716 = CARTESIAN_POINT ( 'NONE',  ( -13.68279394898887169, 16.82116757606546997, 63.50000000000000000 ) ) ;
#717 = CARTESIAN_POINT ( 'NONE',  ( 12.07269646764963511, -10.50000000000000000, 0.000000000000000000 ) ) ;
#718 = ORIENTED_EDGE ( 'NONE', *, *, #1365, .T. ) ;
#719 = CARTESIAN_POINT ( 'NONE',  ( 0.6472922961428089206, -21.67375236445815645, 63.50000000000000000 ) ) ;
#720 = CARTESIAN_POINT ( 'NONE',  ( -8.261756348248617599, 18.29288883925758569, 65.00000000000000000 ) ) ;
#721 = CARTESIAN_POINT ( 'NONE',  ( -18.50219880489824931, 10.50000000000000000, 62.70173460946343624 ) ) ;
#722 = CARTESIAN_POINT ( 'NONE',  ( 0.000000000000000000, 0.000000000000000000, 65.00000000000000000 ) ) ;
#723 = CARTESIAN_POINT ( 'NONE',  ( 18.76166303929371182, -10.50000000000000000, 63.50000000000000000 ) ) ;
#724 = EDGE_CURVE ( 'NONE', #1298, #1497, #1032, .T. ) ;
#725 = CARTESIAN_POINT ( 'NONE',  ( 0.000000000000000000, 0.000000000000000000, 70.00000000000000000 ) ) ;
#726 = ORIENTED_EDGE ( 'NONE', *, *, #1290, .F. ) ;
#727 = CARTESIAN_POINT ( 'NONE',  ( 14.13679063322200946, 14.15261791367745481, 65.00000000000001421 ) ) ;
#728 = FACE_OUTER_BOUND ( 'NONE', #1230, .T. ) ;
#729 = CARTESIAN_POINT ( 'NONE',  ( 0.000000000000000000, 0.000000000000000000, 0.000000000000000000 ) ) ;
#730 = CARTESIAN_POINT ( 'NONE',  ( -15.01136211278438282, -13.22184955234376602, 64.99999999999998579 ) ) ;
#731 = ADVANCED_FACE ( 'NONE', ( #756 ), #879, .F. ) ;
#732 = ORIENTED_EDGE ( 'NONE', *, *, #927, .F. ) ;
#733 = DIRECTION ( 'NONE',  ( 1.000000000000000000, 0.000000000000000000, 0.000000000000000000 ) ) ;
#734 = CARTESIAN_POINT ( 'NONE',  ( 0.000000000000000000, 0.000000000000000000, 65.00000000000000000 ) ) ;
#735 = AXIS2_PLACEMENT_3D ( 'NONE', #60, #601, #618 ) ;
#736 = AXIS2_PLACEMENT_3D ( 'NONE', #734, #616, #328 ) ;
#737 = AXIS2_PLACEMENT_3D ( 'NONE', #1748, #1022, #187 ) ;
#738 = EDGE_CURVE ( 'NONE', #199, #164, #208, .T. ) ;
#739 = VERTEX_POINT ( 'NONE', #1315 ) ;
#740 = DIRECTION ( 'NONE',  ( 1.000000000000000000, 0.000000000000000000, 0.000000000000000000 ) ) ;
#741 = CARTESIAN_POINT ( 'NONE',  ( 0.000000000000000000, 0.000000000000000000, 80.00000000000000000 ) ) ;
#742 = CYLINDRICAL_SURFACE ( 'NONE', #1534, 60.00000000000000000 ) ;
#743 = CARTESIAN_POINT ( 'NONE',  ( -18.76166303929371182, -10.50000000000000000, 63.50000000000000000 ) ) ;
#744 = ORIENTED_EDGE ( 'NONE', *, *, #444, .F. ) ;
#745 = CARTESIAN_POINT ( 'NONE',  ( -3.133416638032315404, -21.45582040018580727, 65.00000000000000000 ) ) ;
#746 = ORIENTED_EDGE ( 'NONE', *, *, #1529, .F. ) ;
#747 = DIRECTION ( 'NONE',  ( -1.000000000000000000, 0.000000000000000000, 0.000000000000000000 ) ) ;
#748 = VERTEX_POINT ( 'NONE', #82 ) ;
#749 = CARTESIAN_POINT ( 'NONE',  ( -56.90500000000000114, 10.50000000000000000, 0.000000000000000000 ) ) ;
#750 = FACE_OUTER_BOUND ( 'NONE', #1575, .T. ) ;
#751 = CARTESIAN_POINT ( 'NONE',  ( -56.90500000000000114, -10.50000000000000000, 0.000000000000000000 ) ) ;
#752 = ORIENTED_EDGE ( 'NONE', *, *, #981, .T. ) ;
#753 = PRODUCT_DEFINITION_SHAPE ( 'NONE', 'NONE',  #1801 ) ;
#754 = CARTESIAN_POINT ( 'NONE',  ( -8.550339279893362843, -19.92642032757488479, 65.00000000000000000 ) ) ;
#755 = ORIENTED_EDGE ( 'NONE', *, *, #167, .F. ) ;
#756 = FACE_OUTER_BOUND ( 'NONE', #103, .T. ) ;
#757 = CARTESIAN_POINT ( 'NONE',  ( 18.45176835358405398, -10.50000000000000178, 62.42699274377377350 ) ) ;
#758 = CARTESIAN_POINT ( 'NONE',  ( 0.000000000000000000, 0.000000000000000000, 0.000000000000000000 ) ) ;
#759 = EDGE_CURVE ( 'NONE', #1308, #1312, #1615, .T. ) ;
#760 = ORIENTED_EDGE ( 'NONE', *, *, #110, .F. ) ;
#761 = AXIS2_PLACEMENT_3D ( 'NONE', #1319, #923, #76 ) ;
#762 = CARTESIAN_POINT ( 'NONE',  ( 14.08143136124922989, -14.44185523946965866, 65.00000000000000000 ) ) ;
#763 = CIRCLE ( 'NONE', #338, 21.64999999999999503 ) ;
#764 = AXIS2_PLACEMENT_3D ( 'NONE', #1054, #928, #126 ) ;
#765 = ORIENTED_EDGE ( 'NONE', *, *, #935, .T. ) ;
#766 = DIRECTION ( 'NONE',  ( 1.000000000000000000, 0.000000000000000000, 0.000000000000000000 ) ) ;
#767 = CARTESIAN_POINT ( 'NONE',  ( -6.890448540771129338, -20.45089823766299375, 63.50000000000001421 ) ) ;
#768 = DIRECTION ( 'NONE',  ( 0.000000000000000000, 0.000000000000000000, 1.000000000000000000 ) ) ;
#769 = PLANE ( 'NONE',  #141 ) ;
#770 = ORIENTED_EDGE ( 'NONE', *, *, #1520, .T. ) ;
#771 = CARTESIAN_POINT ( 'NONE',  ( 18.73126495318172502, 7.482887490355699001, 65.00000000000000000 ) ) ;
#772 = CARTESIAN_POINT ( 'NONE',  ( -12.72818041766284125, 15.64759774517403912, 65.00000000000000000 ) ) ;
#773 = ORIENTED_EDGE ( 'NONE', *, *, #1111, .T. ) ;
#774 = CARTESIAN_POINT ( 'NONE',  ( 18.85734347895047591, -7.159224040101479503, 65.00000000000000000 ) ) ;
#775 = DIRECTION ( 'NONE',  ( -1.000000000000000000, 0.000000000000000000, 0.000000000000000000 ) ) ;
#776 = SHAPE_DEFINITION_REPRESENTATION ( #1606, #299 ) ;
#777 = FACE_OUTER_BOUND ( 'NONE', #1020, .T. ) ;
#778 = EDGE_LOOP ( 'NONE', ( #27, #1490 ) ) ;
#779 = DIRECTION ( 'NONE',  ( -1.000000000000000000, 0.000000000000000000, 0.000000000000000000 ) ) ;
#780 = CARTESIAN_POINT ( 'NONE',  ( -14.86795249866533020, -15.78336204267070642, 65.00000000000000000 ) ) ;
#781 = PRODUCT_DEFINITION_SHAPE ( 'NONE', 'NONE',  #1165 ) ;
#782 = ADVANCED_FACE ( 'NONE', ( #1176 ), #488, .T. ) ;
#783 = EDGE_LOOP ( 'NONE', ( #911, #411 ) ) ;
#784 = CARTESIAN_POINT ( 'NONE',  ( -2.064339789408093040, -20.06470516039167151, 65.00000000000000000 ) ) ;
#785 = CONTEXT_DEPENDENT_SHAPE_REPRESENTATION ( #1373, #753 ) ;
#786 = DIRECTION ( 'NONE',  ( -1.000000000000000000, -0.000000000000000000, -0.000000000000000000 ) ) ;
#787 = CARTESIAN_POINT ( 'NONE',  ( -18.55442172472670848, -10.49999999999999645, 62.56324400069735958 ) ) ;
#788 = CARTESIAN_POINT ( 'NONE',  ( 14.02444373168828662, 16.40657529602389531, 63.50000000000000000 ) ) ;
#789 = CARTESIAN_POINT ( 'NONE',  ( 20.13610982466683197, 8.044104052132308169, 63.50000000000000000 ) ) ;
#790 = CARTESIAN_POINT ( 'NONE',  ( -13.83065348712916709, -14.68219724899632439, 65.00000000000000000 ) ) ;
#791 = ORIENTED_EDGE ( 'NONE', *, *, #23, .F. ) ;
#792 = CARTESIAN_POINT ( 'NONE',  ( -0.6021323684929956732, 20.16163010647599307, 65.00000000000000000 ) ) ;
#793 = AXIS2_PLACEMENT_3D ( 'NONE', #1259, #1693, #843 ) ;
#794 = EDGE_CURVE ( 'NONE', #1070, #586, #1007, .T. ) ;
#795 =( LENGTH_UNIT ( ) NAMED_UNIT ( * ) SI_UNIT ( .MILLI., .METRE. ) );
#796 = AXIS2_PLACEMENT_3D ( 'NONE', #729, #1712, #589 ) ;
#797 = CARTESIAN_POINT ( 'NONE',  ( 0.000000000000000000, 0.000000000000000000, 0.000000000000000000 ) ) ;
#798 = FACE_OUTER_BOUND ( 'NONE', #904, .T. ) ;
#799 = PRODUCT ( 'EDM Spool Small ASSEMBLY', 'EDM Spool Small ASSEMBLY', '', ( #1222 ) ) ;
#800 = DIRECTION ( 'NONE',  ( 0.000000000000000000, 0.000000000000000000, 1.000000000000000000 ) ) ;
#801 = CARTESIAN_POINT ( 'NONE',  ( 21.67375236445905884, 0.6472922961307794321, 65.00000000000000000 ) ) ;
#802 = EDGE_LOOP ( 'NONE', ( #1216, #336, #37, #73, #921, #1479, #121, #645, #505, #8 ) ) ;
#803 = CARTESIAN_POINT ( 'NONE',  ( 16.82116757606753055, 13.68279394898734935, 65.00000000000000000 ) ) ;
#804 = DIRECTION ( 'NONE',  ( 0.000000000000000000, 0.000000000000000000, 1.000000000000000000 ) ) ;
#805 = CARTESIAN_POINT ( 'NONE',  ( 20.00000000000000000, 2.449293598294706513E-15, 65.00000000000000000 ) ) ;
#806 = EDGE_CURVE ( 'NONE', #1312, #1308, #1065, .T. ) ;
#807 = DIRECTION ( 'NONE',  ( -0.000000000000000000, -0.000000000000000000, -1.000000000000000000 ) ) ;
#808 = CARTESIAN_POINT ( 'NONE',  ( 21.67375236446016373, 0.6472922961303908540, 63.50000000000000000 ) ) ;
#809 = DIRECTION ( 'NONE',  ( -0.000000000000000000, -0.000000000000000000, 1.000000000000000000 ) ) ;
#810 = EDGE_LOOP ( 'NONE', ( #45, #950, #1055, #1525 ) ) ;
#811 = CARTESIAN_POINT ( 'NONE',  ( -10.30455388372352132, -19.07843542143879034, 65.00000000000000000 ) ) ;
#812 = DIRECTION ( 'NONE',  ( 0.000000000000000000, 0.000000000000000000, 1.000000000000000000 ) ) ;
#813 = DIRECTION ( 'NONE',  ( 0.000000000000000000, 0.000000000000000000, 1.000000000000000000 ) ) ;
#814 = MANIFOLD_SOLID_BREP ( 'Boss-Extrude2', #678 ) ;
#815 = CARTESIAN_POINT ( 'NONE',  ( 18.33985871492944497, 10.50000000000000000, 63.89680566305766263 ) ) ;
#816 = CARTESIAN_POINT ( 'NONE',  ( 15.13753871334411194, -15.52499438243204111, 63.50000000000000000 ) ) ;
#817 = ADVANCED_FACE ( 'NONE', ( #641 ), #972, .T. ) ;
#818 = UNCERTAINTY_MEASURE_WITH_UNIT (LENGTH_MEASURE( 1.000000000000000082E-05 ), #1792, 'distance_accuracy_value', 'NONE');
#819 = CARTESIAN_POINT ( 'NONE',  ( 21.56955804741852845, -2.219165273606835687, 63.50000000000000000 ) ) ;
#820 = DIRECTION ( 'NONE',  ( 0.000000000000000000, -1.000000000000000000, 0.000000000000000000 ) ) ;
#821 = EDGE_LOOP ( 'NONE', ( #419, #925, #192, #332 ) ) ;
#822 = CARTESIAN_POINT ( 'NONE',  ( -0.6472922961297629119, 21.67375236446026676, 63.50000000000000000 ) ) ;
#823 = ORIENTED_EDGE ( 'NONE', *, *, #1290, .T. ) ;
#824 = CIRCLE ( 'NONE', #51, 20.30000000000000426 ) ;
#825 = AXIS2_PLACEMENT_3D ( 'NONE', #1013, #1697, #284 ) ;
#826 = CARTESIAN_POINT ( 'NONE',  ( -12.07269646764963511, 10.50000000000000000, 0.000000000000000000 ) ) ;
#827 = CARTESIAN_POINT ( 'NONE',  ( -18.76166303929371892, 10.50000000000000000, 63.50000000000000000 ) ) ;
#828 = CIRCLE ( 'NONE', #793, 8.400000000000000355 ) ;
#829 = DIRECTION ( 'NONE',  ( 0.000000000000000000, 0.000000000000000000, 1.000000000000000000 ) ) ;
#830 = CARTESIAN_POINT ( 'NONE',  ( 17.39606008367665169, 10.50000000000000000, 64.71338395540222166 ) ) ;
#831 = AXIS2_PLACEMENT_3D ( 'NONE', #628, #1318, #220 ) ;
#832 = DIRECTION ( 'NONE',  ( 1.000000000000000000, 0.000000000000000000, 0.000000000000000000 ) ) ;
#833 = PRODUCT_DEFINITION_FORMATION_WITH_SPECIFIED_SOURCE ( 'ANY', '', #1229, .NOT_KNOWN. ) ;
#834 = CARTESIAN_POINT ( 'NONE',  ( 7.696165843115319483, 20.27164423986844000, 65.00000000000000000 ) ) ;
#835 = EDGE_CURVE ( 'NONE', #1308, #748, #62, .T. ) ;
#836 = CARTESIAN_POINT ( 'NONE',  ( -16.13648851178149002, -14.32938443651388916, 63.50000000000001421 ) ) ;
#837 = VERTEX_POINT ( 'NONE', #1743 ) ;
#838 = CARTESIAN_POINT ( 'NONE',  ( -15.78336204266617493, 14.86795249866533197, 65.00000000000000000 ) ) ;
#839 = DIRECTION ( 'NONE',  ( -1.000000000000000000, 0.000000000000000000, 0.000000000000000000 ) ) ;
#840 = CARTESIAN_POINT ( 'NONE',  ( 18.50219880489824575, 10.50000000000000000, 62.70173460946345045 ) ) ;
#841 = DIRECTION ( 'NONE',  ( 1.000000000000000000, 0.000000000000000000, 0.000000000000000000 ) ) ;
#842 = CARTESIAN_POINT ( 'NONE',  ( 0.000000000000000000, -10.50000000000000000, 62.00000000000000000 ) ) ;
#843 = DIRECTION ( 'NONE',  ( 1.000000000000000000, 0.000000000000000000, 0.000000000000000000 ) ) ;
#844 = CARTESIAN_POINT ( 'NONE',  ( 16.12877699444884527, -11.94876972051966035, 65.00000000000000000 ) ) ;
#845 = ORIENTED_EDGE ( 'NONE', *, *, #957, .T. ) ;
#846 = ADVANCED_FACE ( 'NONE', ( #1187 ), #613, .F. ) ;
#847 = DIRECTION ( 'NONE',  ( -0.000000000000000000, -0.000000000000000000, -1.000000000000000000 ) ) ;
#848 = CARTESIAN_POINT ( 'NONE',  ( 0.000000000000000000, 0.000000000000000000, 80.00000000000000000 ) ) ;
#849 = DIRECTION ( 'NONE',  ( 1.000000000000000000, 0.000000000000000000, 0.000000000000000000 ) ) ;
#850 = CARTESIAN_POINT ( 'NONE',  ( 0.000000000000000000, 0.000000000000000000, 0.000000000000000000 ) ) ;
#851 = CARTESIAN_POINT ( 'NONE',  ( -19.07843542144333782, 10.30455388372352488, 65.00000000000000000 ) ) ;
#852 = DIRECTION ( 'NONE',  ( 0.000000000000000000, 0.000000000000000000, 1.000000000000000000 ) ) ;
#853 = ORIENTED_EDGE ( 'NONE', *, *, #180, .T. ) ;
#854 = MANIFOLD_SOLID_BREP ( 'Fillet6', #1333 ) ;
#855 = DIRECTION ( 'NONE',  ( 1.000000000000000000, 0.000000000000000000, 0.000000000000000000 ) ) ;
#856 = VECTOR ( 'NONE', #629, 1000.000000000000000 ) ;
#857 = ADVANCED_FACE ( 'NONE', ( #254 ), #356, .T. ) ;
#858 = CARTESIAN_POINT ( 'NONE',  ( 18.76166303929371892, 10.50000000000000000, 63.50000000000000000 ) ) ;
#859 = CARTESIAN_POINT ( 'NONE',  ( -17.92750224167922113, -10.50000000000000178, 64.25502532130258260 ) ) ;
#860 = CARTESIAN_POINT ( 'NONE',  ( -20.30000000000000426, 0.000000000000000000, 70.00000000000000000 ) ) ;
#861 = AXIS2_PLACEMENT_3D ( 'NONE', #938, #768, #250 ) ;
#862 = CIRCLE ( 'NONE', #761, 24.12000000000000099 ) ;
#863 = CARTESIAN_POINT ( 'NONE',  ( 0.000000000000000000, 0.000000000000000000, 0.000000000000000000 ) ) ;
#864 = CARTESIAN_POINT ( 'NONE',  ( 20.27164423987083808, -7.696165843109890936, 63.50000000000000000 ) ) ;
#865 = DIRECTION ( 'NONE',  ( 1.000000000000000000, 0.000000000000000000, 0.000000000000000000 ) ) ;
#866 = DIRECTION ( 'NONE',  ( 1.000000000000000000, 0.000000000000000000, 0.000000000000000000 ) ) ;
#867 = CARTESIAN_POINT ( 'NONE',  ( -17.97969168133016638, -10.50000000000000000, 64.20994547910109418 ) ) ;
#868 = ADVANCED_FACE ( 'NONE', ( #366 ), #216, .T. ) ;
#869 = CARTESIAN_POINT ( 'NONE',  ( 8.400000000000000355, 0.000000000000000000, -10.00000000000000000 ) ) ;
#870 = PRODUCT_RELATED_PRODUCT_CATEGORY ( 'part', '', ( #1039 ) ) ;
#871 = ORIENTED_EDGE ( 'NONE', *, *, #585, .F. ) ;
#872 = DIRECTION ( 'NONE',  ( 0.000000000000000000, 0.000000000000000000, 1.000000000000000000 ) ) ;
#873 = CARTESIAN_POINT ( 'NONE',  ( 24.12000000000000099, 0.000000000000000000, -5.000000000000000000 ) ) ;
#874 = DIRECTION ( 'NONE',  ( -0.000000000000000000, -0.000000000000000000, -1.000000000000000000 ) ) ;
#875 = EDGE_CURVE ( 'NONE', #748, #341, #828, .T. ) ;
#876 = CARTESIAN_POINT ( 'NONE',  ( -20.16900937710007824, 0.2548581683976627321, 65.00000000000000000 ) ) ;
#877 = CARTESIAN_POINT ( 'NONE',  ( -18.29869787034038708, -11.28750000000000142, 63.50000000000000000 ) ) ;
#878 = ORIENTED_EDGE ( 'NONE', *, *, #1447, .T. ) ;
#879 = PLANE ( 'NONE',  #1765 ) ;
#880 = PLANE ( 'NONE',  #371 ) ;
#881 = FACE_OUTER_BOUND ( 'NONE', #1607, .T. ) ;
#882 = AXIS2_PLACEMENT_3D ( 'NONE', #1449, #333, #766 ) ;
#883 = ORIENTED_EDGE ( 'NONE', *, *, #875, .F. ) ;
#884 = VECTOR ( 'NONE', #1512, 1000.000000000000000 ) ;
#885 = CARTESIAN_POINT ( 'NONE',  ( -18.73126495317717399, -7.482887490355706106, 65.00000000000000000 ) ) ;
#886 = CIRCLE ( 'NONE', #88, 60.00000000000000000 ) ;
#887 = CARTESIAN_POINT ( 'NONE',  ( -21.56955804741997085, 2.219165273600741006, 63.50000000000000000 ) ) ;
#888 = ORIENTED_EDGE ( 'NONE', *, *, #1038, .F. ) ;
#889 = CYLINDRICAL_SURFACE ( 'NONE', #592, 20.30000000000000426 ) ;
#890 = CARTESIAN_POINT ( 'NONE',  ( 18.03465195336846350, -10.50000000000000000, 62.13345234633692371 ) ) ;
#891 = LINE ( 'NONE', #455, #1392 ) ;
#892 = DIRECTION ( 'NONE',  ( 1.000000000000000000, 0.000000000000000000, 0.000000000000000000 ) ) ;
#893 = EDGE_LOOP ( 'NONE', ( #1724, #954 ) ) ;
#894 = CARTESIAN_POINT ( 'NONE',  ( -2.914806174914017944, -19.95890269784715088, 65.00000000000000000 ) ) ;
#895 = SURFACE_SIDE_STYLE ('',( #347 ) ) ;
#896 = VERTEX_POINT ( 'NONE', #441 ) ;
#897 = CARTESIAN_POINT ( 'NONE',  ( 0.000000000000000000, 0.000000000000000000, 80.00000000000000000 ) ) ;
#898 = CARTESIAN_POINT ( 'NONE',  ( 20.00000000000000000, 2.449293598294706513E-15, 0.000000000000000000 ) ) ;
#899 = DIRECTION ( 'NONE',  ( -0.000000000000000000, 0.000000000000000000, 1.000000000000000000 ) ) ;
#900 = FACE_OUTER_BOUND ( 'NONE', #1433, .T. ) ;
#901 = VERTEX_POINT ( 'NONE', #560 ) ;
#902 = CARTESIAN_POINT ( 'NONE',  ( -11.10568649364870097, -18.62348668690615128, 65.00000000000000000 ) ) ;
#903 = FILL_AREA_STYLE ('',( #1591 ) ) ;
#904 = EDGE_LOOP ( 'NONE', ( #98, #1188, #495, #487 ) ) ;
#905 = DIRECTION ( 'NONE',  ( 0.000000000000000000, -1.000000000000000000, 0.000000000000000000 ) ) ;
#906 = EDGE_LOOP ( 'NONE', ( #1344, #122, #148, #71, #1475 ) ) ;
#907 = FACE_BOUND ( 'NONE', #783, .T. ) ;
#908 = DIRECTION ( 'NONE',  ( -0.4067400377173394088, 0.9135439462432541902, 9.951837532912823594E-17 ) ) ;
#909 = DIRECTION ( 'NONE',  ( 1.000000000000000000, 0.000000000000000000, 0.000000000000000000 ) ) ;
#910 = EDGE_CURVE ( 'NONE', #1298, #739, #999, .T. ) ;
#911 = ORIENTED_EDGE ( 'NONE', *, *, #759, .F. ) ;
#912 = B_SPLINE_CURVE_WITH_KNOTS ( 'NONE', 3,
 ( #178, #1152, #691, #1428, #1401, #727, #1669, #579, #1394, #1256, #431, #46, #453, #1138, #420, #150, #438, #10, #310, #974, #720, #158, #587, #1264, #19, #985, #1409, #708, #1275 ),
 .UNSPECIFIED., .F., .F.,
 ( 4, 1, 2, 2, 2, 2, 1, 2, 2, 2, 2, 2, 1, 2, 2, 4 ),
 ( 0.000000000000000000, 0.06250000000000022204, 0.09375000000000027756, 0.1250000000000003331, 0.2500000000000005551, 0.3750000000000007772, 0.4375000000000008327, 0.4687500000000008882, 0.5000000000000008882, 0.5625000000000008882, 0.6250000000000008882, 0.7500000000000008882, 0.8125000000000008882, 0.8437500000000007772, 0.8750000000000006661, 1.000000000000000000 ),
 .UNSPECIFIED. ) ;
#913 = CIRCLE ( 'NONE', #591, 24.14999999999999858 ) ;
#914 = CARTESIAN_POINT ( 'NONE',  ( 0.2548581683976614554, 20.16900937709554142, 65.00000000000000000 ) ) ;
#915 = VECTOR ( 'NONE', #480, 1000.000000000000000 ) ;
#916 = CARTESIAN_POINT ( 'NONE',  ( -17.02204453054919497, -10.50000000000000000, 65.00000000000000000 ) ) ;
#917 = AXIS2_PLACEMENT_3D ( 'NONE', #210, #1698, #74 ) ;
#918 = AXIS2_PLACEMENT_3D ( 'NONE', #501, #276, #1224 ) ;
#919 = VERTEX_POINT ( 'NONE', #426 ) ;
#920 = CARTESIAN_POINT ( 'NONE',  ( -8.271819582337167631, 18.39649131592435793, 65.00000000000000000 ) ) ;
#921 = ORIENTED_EDGE ( 'NONE', *, *, #180, .F. ) ;
#922 = CYLINDRICAL_SURFACE ( 'NONE', #339, 60.00000000000000000 ) ;
#923 = DIRECTION ( 'NONE',  ( -0.000000000000000000, 0.000000000000000000, 1.000000000000000000 ) ) ;
#924 = CARTESIAN_POINT ( 'NONE',  ( -18.18059898108302974, -10.49999999999999645, 62.21968946499587361 ) ) ;
#925 = ORIENTED_EDGE ( 'NONE', *, *, #609, .T. ) ;
#926 = CARTESIAN_POINT ( 'NONE',  ( 0.000000000000000000, 0.000000000000000000, 0.000000000000000000 ) ) ;
#927 = EDGE_CURVE ( 'NONE', #1588, #572, #1404, .T. ) ;
#928 = DIRECTION ( 'NONE',  ( 0.000000000000000000, -1.000000000000000000, 0.000000000000000000 ) ) ;
#929 = EDGE_CURVE ( 'NONE', #468, #1172, #1127, .T. ) ;
#930 = EDGE_LOOP ( 'NONE', ( #483, #128, #1396, #853 ) ) ;
#931 = CARTESIAN_POINT ( 'NONE',  ( -7.696165843102824589, -20.27164423986843644, 65.00000000000000000 ) ) ;
#932 = DIRECTION ( 'NONE',  ( 0.000000000000000000, 0.000000000000000000, 1.000000000000000000 ) ) ;
#933 = CARTESIAN_POINT ( 'NONE',  ( 0.000000000000000000, 0.000000000000000000, 66.80000000000001137 ) ) ;
#934 = CARTESIAN_POINT ( 'NONE',  ( -17.38721625391963244, -12.95589594786942733, 63.50000000000000000 ) ) ;
#935 = EDGE_CURVE ( 'NONE', #1029, #1622, #1092, .T. ) ;
#936 = ORIENTED_EDGE ( 'NONE', *, *, #992, .T. ) ;
#937 = CARTESIAN_POINT ( 'NONE',  ( -9.585631519744184814, -17.74738178738460093, 65.00000000000000000 ) ) ;
#938 = CARTESIAN_POINT ( 'NONE',  ( 0.000000000000000000, 0.000000000000000000, 0.000000000000000000 ) ) ;
#939 = DIRECTION ( 'NONE',  ( 0.000000000000000000, -1.000000000000000000, 0.000000000000000000 ) ) ;
#940 = CARTESIAN_POINT ( 'NONE',  ( -12.51350657021237822, 17.58615615319743242, 63.50000000000000000 ) ) ;
#941 = DIRECTION ( 'NONE',  ( -0.000000000000000000, 0.000000000000000000, 1.000000000000000000 ) ) ;
#942 = CARTESIAN_POINT ( 'NONE',  ( -9.585631519744184814, -17.74738178738460093, 65.00000000000000000 ) ) ;
#943 = ORIENTED_EDGE ( 'NONE', *, *, #277, .T. ) ;
#944 = AXIS2_PLACEMENT_3D ( 'NONE', #1688, #436, #1564 ) ;
#945 = ORIENTED_EDGE ( 'NONE', *, *, #1576, .F. ) ;
#946 =( NAMED_UNIT ( * ) SI_UNIT ( $, .STERADIAN. ) SOLID_ANGLE_UNIT ( ) );
#947 = CIRCLE ( 'NONE', #427, 20.30000000000000426 ) ;
#948 = CIRCLE ( 'NONE', #1064, 24.12000000000000099 ) ;
#949 = DIRECTION ( 'NONE',  ( 0.000000000000000000, 0.000000000000000000, 1.000000000000000000 ) ) ;
#950 = ORIENTED_EDGE ( 'NONE', *, *, #1309, .F. ) ;
#951 = CARTESIAN_POINT ( 'NONE',  ( -19.92642032757204973, 8.550339279905568191, 63.50000000000000000 ) ) ;
#952 = CARTESIAN_POINT ( 'NONE',  ( -5.771228960600112146, 19.32735905973109070, 65.00000000000000000 ) ) ;
#953 = CARTESIAN_POINT ( 'NONE',  ( -1.404954766609058714, -21.53470737957785630, 63.49999999999998579 ) ) ;
#954 = ORIENTED_EDGE ( 'NONE', *, *, #1423, .F. ) ;
#955 = CARTESIAN_POINT ( 'NONE',  ( -14.68219724899178757, 13.83065348712916887, 65.00000000000000000 ) ) ;
#956 = CARTESIAN_POINT ( 'NONE',  ( -17.02204453054919497, -10.50000000000000000, 65.00000000000000000 ) ) ;
#957 = EDGE_CURVE ( 'NONE', #993, #1220, #1025, .T. ) ;
#958 = CARTESIAN_POINT ( 'NONE',  ( -17.44494097484846051, 10.49999999999999822, 62.03227282553368127 ) ) ;
#959 = CARTESIAN_POINT ( 'NONE',  ( 0.000000000000000000, 0.000000000000000000, 0.000000000000000000 ) ) ;
#960 = FACE_OUTER_BOUND ( 'NONE', #1105, .T. ) ;
#961 = CARTESIAN_POINT ( 'NONE',  ( -6.204071132644950914, 20.77691098921001256, 65.00000000000000000 ) ) ;
#962 = CARTESIAN_POINT ( 'NONE',  ( -60.00000000000000000, 0.000000000000000000, 80.00000000000000000 ) ) ;
#963 = ORIENTED_EDGE ( 'NONE', *, *, #1549, .T. ) ;
#964 = CARTESIAN_POINT ( 'NONE',  ( 14.86795249866527158, 15.78336204267054654, 63.50000000000000000 ) ) ;
#965 = LINE ( 'NONE', #805, #451 ) ;
#966 = CARTESIAN_POINT ( 'NONE',  ( -17.16742822043215355, 10.50000000000000000, 64.89928264104398181 ) ) ;
#967 = CARTESIAN_POINT ( 'NONE',  ( -9.235056600719161679, 19.50831782878538689, 63.50000000000001421 ) ) ;
#968 = CARTESIAN_POINT ( 'NONE',  ( -21.67375236446015307, -0.6472922961304299339, 63.50000000000000000 ) ) ;
#969 = CARTESIAN_POINT ( 'NONE',  ( 12.66698240492450900, -17.47183666858168039, 63.50000000000000000 ) ) ;
#970 = ORIENTED_EDGE ( 'NONE', *, *, #209, .T. ) ;
#971 = CARTESIAN_POINT ( 'NONE',  ( -19.77622816461652633, -8.892206051009612366, 65.00000000000000000 ) ) ;
#972 =( BOUNDED_SURFACE ( )  B_SPLINE_SURFACE ( 2, 3, ( 
 ( #1371, #1790, #129, #937, #1221, #784, #1380, #1781, #401, #1056, #506, #137, #774, #1353, #668, #239, #109, #1611, #649, #1639, #1498, #515, #792, #1231, #920, #530, #955, #1480, #1205, #1345, #1088, #1080, #1069, #659 ),
 ( #1623, #273, #379, #811, #931, #1491, #523, #1514, #248, #1215, #1772, #1631, #386, #256, #1362, #392, #1506, #803, #1557, #563, #9, #294, #545, #184, #1414, #1126, #838, #1542, #578, #157, #1284, #1272, #971, #430 ),
 ( #1110, #443, #1659, #1696, #28, #175, #719, #1262, #1001, #165, #1119, #317, #864, #410, #18, #984, #573, #283, #964, #1427, #1390, #149, #822, #690, #1407, #1254, #1668, #707, #1137, #887, #1037, #458, #1578, #877 ) ),
 .UNSPECIFIED., .F., .T., .F. ) 
 B_SPLINE_SURFACE_WITH_KNOTS ( ( 3, 3 ),
 ( 4, 2, 2, 2, 2, 2, 2, 2, 2, 2, 2, 2, 2, 2, 2, 2, 4 ),
 ( 0.000000000000000000, 1.000000000000000000 ),
 ( -2.588877540493009555, -2.196178458794285415, -1.803479377095561276, -1.410780295396837136, -1.018081213698112997, -0.6253821319993888572, -0.2326830503006647177, 0.1600160313980594218, 0.5527151130967835613, 0.9454141947955077008, 1.338113276494231840, 1.730812358192955980, 2.123511439891680119, 2.516210521590404259, 2.908909603289128398, 3.301608684987852538, 3.694307766686576677 ),
 .UNSPECIFIED. ) 
 GEOMETRIC_REPRESENTATION_ITEM ( )  RATIONAL_B_SPLINE_SURFACE ( (
 ( 1.000000000000000000, 1.000000000000000000, 1.000000000000000000, 1.000000000000000000, 1.000000000000000000, 1.000000000000000000, 1.000000000000000000, 1.000000000000000000, 1.000000000000000000, 1.000000000000000000, 1.000000000000000000, 1.000000000000000000, 1.000000000000000000, 1.000000000000000000, 1.000000000000000000, 1.000000000000000000, 1.000000000000000000, 1.000000000000000000, 1.000000000000000000, 1.000000000000000000, 1.000000000000000000, 1.000000000000000000, 1.000000000000000000, 1.000000000000000000, 1.000000000000000000, 1.000000000000000000, 1.000000000000000000, 1.000000000000000000, 1.000000000000000000, 1.000000000000000000, 1.000000000000000000, 1.000000000000000000, 1.000000000000000000, 1.000000000000000000),
 ( 0.02121320343559643384, 0.02121320343559643384, 0.02121320343559640956, 0.02121320343559640956, 0.02121320343559643731, 0.02121320343559643731, 0.02121320343559643731, 0.02121320343559643731, 0.02121320343559643731, 0.02121320343559643731, 0.02121320343559643037, 0.02121320343559643037, 0.02121320343559643731, 0.02121320343559643731, 0.02121320343559644078, 0.02121320343559644078, 0.02121320343559643384, 0.02121320343559643384, 0.02121320343559643037, 0.02121320343559643037, 0.02121320343559644078, 0.02121320343559644078, 0.02121320343559643731, 0.02121320343559643731, 0.02121320343559643384, 0.02121320343559643384, 0.02121320343559644772, 0.02121320343559644772, 0.02121320343559643731, 0.02121320343559643731, 0.02121320343559643384, 0.02121320343559643384, 0.02121320343559643384, 0.02121320343559643384),
 ( 1.000000000000000000, 1.000000000000000000, 1.000000000000000000, 1.000000000000000000, 1.000000000000000000, 1.000000000000000000, 1.000000000000000000, 1.000000000000000000, 1.000000000000000000, 1.000000000000000000, 1.000000000000000000, 1.000000000000000000, 1.000000000000000000, 1.000000000000000000, 1.000000000000000000, 1.000000000000000000, 1.000000000000000000, 1.000000000000000000, 1.000000000000000000, 1.000000000000000000, 1.000000000000000000, 1.000000000000000000, 1.000000000000000000, 1.000000000000000000, 1.000000000000000000, 1.000000000000000000, 1.000000000000000000, 1.000000000000000000, 1.000000000000000000, 1.000000000000000000, 1.000000000000000000, 1.000000000000000000, 1.000000000000000000, 1.000000000000000000) ) ) 
 REPRESENTATION_ITEM ( '' )  SURFACE ( )  );
#973 = AXIS2_PLACEMENT_3D ( 'NONE', #994, #185, #855 ) ;
#974 = CARTESIAN_POINT ( 'NONE',  ( -6.689982746381419432, 18.92373079351504472, 65.00000000000000000 ) ) ;
#975 = CARTESIAN_POINT ( 'NONE',  ( -18.28830452576707088, 10.49999999999999822, 62.46297030980417730 ) ) ;
#976 = DIRECTION ( 'NONE',  ( 0.000000000000000000, 0.000000000000000000, 1.000000000000000000 ) ) ;
#977 = LINE ( 'NONE', #196, #532 ) ;
#978 =( GEOMETRIC_REPRESENTATION_CONTEXT ( 3 ) GLOBAL_UNCERTAINTY_ASSIGNED_CONTEXT ( ( #1722 ) ) GLOBAL_UNIT_ASSIGNED_CONTEXT ( ( #795, #1773, #946 ) ) REPRESENTATION_CONTEXT ( 'NONE', 'WORKASPACE' ) );
#979 = B_SPLINE_CURVE_WITH_KNOTS ( 'NONE', 3,
 ( #1616, #1509, #373, #1485, #1625, #924, #510, #1073, #381, #787, #1355, #116, #655, #1775, #517, #440 ),
 .UNSPECIFIED., .F., .F.,
 ( 4, 2, 2, 2, 2, 2, 2, 4 ),
 ( 0.000000000000000000, 0.0005056074525438400066, 0.0007584111788157600099, 0.001011214905087680013, 0.001264018631359600017, 0.001516822357631520020, 0.001769626083903440023, 0.002022429810175360027 ),
 .UNSPECIFIED. ) ;
#980 = CARTESIAN_POINT ( 'NONE',  ( 0.000000000000000000, -10.50000000000000000, 62.00000000000000000 ) ) ;
#981 = EDGE_CURVE ( 'NONE', #1172, #468, #1705, .T. ) ;
#982 = CARTESIAN_POINT ( 'NONE',  ( -6.664386571248966717, -18.87595729213231976, 65.00000000000002842 ) ) ;
#983 = EDGE_LOOP ( 'NONE', ( #217, #1789 ) ) ;
#984 = CARTESIAN_POINT ( 'NONE',  ( 20.77691098921245327, 6.204071132644692455, 63.50000000000000000 ) ) ;
#985 = CARTESIAN_POINT ( 'NONE',  ( -13.52063339946076503, 14.74200027125371371, 65.00000000000001421 ) ) ;
#986 = DIRECTION ( 'NONE',  ( -0.000000000000000000, 0.000000000000000000, 1.000000000000000000 ) ) ;
#987 = DIRECTION ( 'NONE',  ( 1.000000000000000000, 0.000000000000000000, 0.000000000000000000 ) ) ;
#988 = CYLINDRICAL_SURFACE ( 'NONE', #1740, 8.400000000000000355 ) ;
#989 = CARTESIAN_POINT ( 'NONE',  ( 0.000000000000000000, 0.000000000000000000, 66.80000000000001137 ) ) ;
#990 = CARTESIAN_POINT ( 'NONE',  ( -15.78336204266617493, 14.86795249866533197, 65.00000000000000000 ) ) ;
#991 = CARTESIAN_POINT ( 'NONE',  ( -11.20395848509136805, -16.58907124726567872, 65.00000000000000000 ) ) ;
#992 = EDGE_CURVE ( 'NONE', #1486, #1467, #259, .T. ) ;
#993 = VERTEX_POINT ( 'NONE', #31 ) ;
#994 = CARTESIAN_POINT ( 'NONE',  ( 0.000000000000000000, 0.000000000000000000, -5.000000000000000000 ) ) ;
#995 = CARTESIAN_POINT ( 'NONE',  ( 18.69737733818282521, 10.50000000000000000, 63.08025187733063177 ) ) ;
#996 = CARTESIAN_POINT ( 'NONE',  ( -18.33999400169692251, -10.50000000000000000, 63.89658688796757957 ) ) ;
#997 = CARTESIAN_POINT ( 'NONE',  ( -24.14999999999999858, 0.000000000000000000, 70.00000000000000000 ) ) ;
#998 = DIRECTION ( 'NONE',  ( -0.000000000000000000, -0.000000000000000000, -1.000000000000000000 ) ) ;
#999 = LINE ( 'NONE', #1107, #1533 ) ;
#1000 = CARTESIAN_POINT ( 'NONE',  ( 0.8540618348340721644, -19.99908654275277087, 65.00000000000002842 ) ) ;
#1001 = CARTESIAN_POINT ( 'NONE',  ( 8.892206051002926159, -19.77622816462037036, 63.50000000000000000 ) ) ;
#1002 = EDGE_CURVE ( 'NONE', #586, #919, #680, .T. ) ;
#1003 = CARTESIAN_POINT ( 'NONE',  ( 24.14999999999999858, 2.957522019940857930E-15, 70.00000000000000000 ) ) ;
#1004 = AXIS2_PLACEMENT_3D ( 'NONE', #549, #405, #1519 ) ;
#1005 = CYLINDRICAL_SURFACE ( 'NONE', #198, 60.00000000000000000 ) ;
#1006 = CARTESIAN_POINT ( 'NONE',  ( -17.02204453054920208, -10.50000000000000000, 0.000000000000000000 ) ) ;
#1007 = CIRCLE ( 'NONE', #52, 24.12000000000000099 ) ;
#1008 =( GEOMETRIC_REPRESENTATION_CONTEXT ( 3 ) GLOBAL_UNCERTAINTY_ASSIGNED_CONTEXT ( ( #1569 ) ) GLOBAL_UNIT_ASSIGNED_CONTEXT ( ( #80, #100, #494 ) ) REPRESENTATION_CONTEXT ( 'NONE', 'WORKASPACE' ) );
#1009 = CIRCLE ( 'NONE', #1277, 60.00000000000000000 ) ;
#1010 = VECTOR ( 'NONE', #590, 1000.000000000000000 ) ;
#1011 = CARTESIAN_POINT ( 'NONE',  ( -17.02204453054919497, -10.50000000000000000, 65.00000000000000000 ) ) ;
#1012 = EDGE_LOOP ( 'NONE', ( #1754, #1800, #1062, #391 ) ) ;
#1013 = CARTESIAN_POINT ( 'NONE',  ( 0.000000000000000000, 0.000000000000000000, 80.00000000000000000 ) ) ;
#1014 = DIRECTION ( 'NONE',  ( 0.000000000000000000, 0.000000000000000000, 1.000000000000000000 ) ) ;
#1015 =( LENGTH_UNIT ( ) NAMED_UNIT ( * ) SI_UNIT ( .MILLI., .METRE. ) );
#1016 = ADVANCED_FACE ( 'NONE', ( #1583 ), #1154, .T. ) ;
#1017 = CARTESIAN_POINT ( 'NONE',  ( -9.000301619937786768, -17.87951838236137547, 65.00000000000001421 ) ) ;
#1018 = ORIENTED_EDGE ( 'NONE', *, *, #363, .T. ) ;
#1019 = DIRECTION ( 'NONE',  ( -1.000000000000000000, 0.000000000000000000, 0.000000000000000000 ) ) ;
#1020 = EDGE_LOOP ( 'NONE', ( #640, #1582 ) ) ;
#1021 = FACE_OUTER_BOUND ( 'NONE', #247, .T. ) ;
#1022 = DIRECTION ( 'NONE',  ( -0.000000000000000000, 0.000000000000000000, 1.000000000000000000 ) ) ;
#1023 = DIRECTION ( 'NONE',  ( 1.000000000000000000, 8.881784197001252323E-16, 0.000000000000000000 ) ) ;
#1024 = EDGE_LOOP ( 'NONE', ( #1715, #765, #1667, #1791, #1579, #773 ) ) ;
#1025 = B_SPLINE_CURVE_WITH_KNOTS ( 'NONE', 3,
 ( #565, #159, #1691, #439, #699, #39, #1276, #20, #404, #840, #275, #2, #995, #1402, #1129, #858 ),
 .UNSPECIFIED., .F., .F.,
 ( 4, 2, 2, 2, 2, 2, 2, 4 ),
 ( 0.000000000000000000, 0.0006320594785004417715, 0.0009480892177506657472, 0.001264118957000889831, 0.001580148696251113807, 0.001896178435501337566, 0.002212208174751561542, 0.002528237914001785734 ),
 .UNSPECIFIED. ) ;
#1026 = CARTESIAN_POINT ( 'NONE',  ( 18.53620495588667794, -7.953803981301523329, 65.00000000000000000 ) ) ;
#1027 = EDGE_CURVE ( 'NONE', #837, #1617, #1424, .T. ) ;
#1028 = ORIENTED_EDGE ( 'NONE', *, *, #110, .T. ) ;
#1029 = VERTEX_POINT ( 'NONE', #454 ) ;
#1030 = DIRECTION ( 'NONE',  ( -1.000000000000000000, 0.000000000000000000, 0.000000000000000000 ) ) ;
#1031 = DIRECTION ( 'NONE',  ( 1.000000000000000000, 0.000000000000000000, 0.000000000000000000 ) ) ;
#1032 = CIRCLE ( 'NONE', #882, 8.400000000000000355 ) ;
#1033 = ORIENTED_EDGE ( 'NONE', *, *, #424, .T. ) ;
#1034 = AXIS2_PLACEMENT_3D ( 'NONE', #281, #820, #1387 ) ;
#1035 = CARTESIAN_POINT ( 'NONE',  ( 3.133416638020352085, 21.45582040018918946, 65.00000000000000000 ) ) ;
#1036 = CIRCLE ( 'NONE', #478, 60.00000000000000000 ) ;
#1037 = CARTESIAN_POINT ( 'NONE',  ( -21.67375236446015307, -0.6472922961304299339, 63.50000000000000000 ) ) ;
#1038 = EDGE_CURVE ( 'NONE', #896, #1771, #1294, .T. ) ;
#1039 = PRODUCT ( 'EDM Spool B-half', 'EDM Spool B-half', '', ( #1651 ) ) ;
#1040 = VERTEX_POINT ( 'NONE', #580 ) ;
#1041 = CYLINDRICAL_SURFACE ( 'NONE', #1359, 21.64999999999999503 ) ;
#1042 = CARTESIAN_POINT ( 'NONE',  ( -18.29869787034038708, -11.28750000000000142, 63.50000000000000000 ) ) ;
#1043 = CARTESIAN_POINT ( 'NONE',  ( 24.14999999999999858, 2.957522019940857930E-15, 70.00000000000000000 ) ) ;
#1044 = ORIENTED_EDGE ( 'NONE', *, *, #485, .T. ) ;
#1045 = CARTESIAN_POINT ( 'NONE',  ( -16.17415465481112591, -12.05199623057453984, 65.00000000000000000 ) ) ;
#1046 = ADVANCED_FACE ( 'NONE', ( #342 ), #1005, .T. ) ;
#1047 = ORIENTED_EDGE ( 'NONE', *, *, #374, .T. ) ;
#1048 = DIRECTION ( 'NONE',  ( -0.000000000000000000, -0.000000000000000000, -1.000000000000000000 ) ) ;
#1049 = VERTEX_POINT ( 'NONE', #1450 ) ;
#1050 = LINE ( 'NONE', #1799, #1391 ) ;
#1051 = CARTESIAN_POINT ( 'NONE',  ( -18.61294156591545601, -10.76573925215179806, 63.50000000000000000 ) ) ;
#1052 = ORIENTED_EDGE ( 'NONE', *, *, #1776, .F. ) ;
#1053 = CARTESIAN_POINT ( 'NONE',  ( -19.92642032757148840, 8.550339279906545187, 65.00000000000000000 ) ) ;
#1054 = CARTESIAN_POINT ( 'NONE',  ( 0.000000000000000000, 10.50000000000000000, 62.00000000000000000 ) ) ;
#1055 = ORIENTED_EDGE ( 'NONE', *, *, #91, .T. ) ;
#1056 = CARTESIAN_POINT ( 'NONE',  ( 12.72818041767339459, -15.64759774517104596, 65.00000000000000000 ) ) ;
#1057 = ORIENTED_EDGE ( 'NONE', *, *, #1549, .F. ) ;
#1058 = CARTESIAN_POINT ( 'NONE',  ( 14.13788876226881719, -16.30452762780864973, 63.50000000000001421 ) ) ;
#1059 = PRODUCT_CONTEXT ( 'NONE', #584, 'mechanical' ) ;
#1060 = DIRECTION ( 'NONE',  ( 1.000000000000000000, 0.000000000000000000, 0.000000000000000000 ) ) ;
#1061 = ADVANCED_FACE ( 'NONE', ( #194 ), #1317, .F. ) ;
#1062 = ORIENTED_EDGE ( 'NONE', *, *, #1461, .F. ) ;
#1063 = PRODUCT_DEFINITION ( 'UNKNOWN', '', #1587, #69 ) ;
#1064 = AXIS2_PLACEMENT_3D ( 'NONE', #1208, #1381, #653 ) ;
#1065 = CIRCLE ( 'NONE', #475, 8.400000000000000355 ) ;
#1066 = CARTESIAN_POINT ( 'NONE',  ( -17.02204453054919497, -10.50000000000000000, 65.00000000000000000 ) ) ;
#1067 = CIRCLE ( 'NONE', #796, 20.00000000000000000 ) ;
#1068 = EDGE_LOOP ( 'NONE', ( #611, #1760 ) ) ;
#1069 = CARTESIAN_POINT ( 'NONE',  ( -18.39649131592435438, -8.271819582337164078, 65.00000000000000000 ) ) ;
#1070 = VERTEX_POINT ( 'NONE', #1301 ) ;
#1071 = ITEM_DEFINED_TRANSFORMATION ( 'NONE', 'NONE', #203,  #1647 ) ;
#1072 = DIRECTION ( 'NONE',  ( 1.000000000000000000, 0.000000000000000000, 0.000000000000000000 ) ) ;
#1073 = CARTESIAN_POINT ( 'NONE',  ( -18.38358971525592978, -10.49999999999999645, 62.37197160477251145 ) ) ;
#1074 = B_SPLINE_CURVE_WITH_KNOTS ( 'NONE', 3,
 ( #1042, #1604, #1051, #462 ),
 .UNSPECIFIED., .F., .F.,
 ( 4, 4 ),
 ( 0.9799675095007047698, 1.000000000000000000 ),
 .UNSPECIFIED. ) ;
#1075 = EDGE_CURVE ( 'NONE', #1497, #1298, #568, .T. ) ;
#1076 = CARTESIAN_POINT ( 'NONE',  ( -7.467812937212729985, 20.25074084724286649, 63.50000000000000000 ) ) ;
#1077 = CARTESIAN_POINT ( 'NONE',  ( -5.315887496255557565, 21.02169995503989597, 63.50000000000000000 ) ) ;
#1078 = CARTESIAN_POINT ( 'NONE',  ( -8.271819582337167631, 18.39649131592435793, 65.00000000000000000 ) ) ;
#1079 = ORIENTED_EDGE ( 'NONE', *, *, #1507, .F. ) ;
#1080 = CARTESIAN_POINT ( 'NONE',  ( -19.32735905973378365, -5.771228960600196523, 65.00000000000000000 ) ) ;
#1081 = CARTESIAN_POINT ( 'NONE',  ( -17.02154692473969178, 10.50000000000000000, 65.00000000000000000 ) ) ;
#1082 = CARTESIAN_POINT ( 'NONE',  ( 7.467812937212738866, 20.25074084724285939, 63.49999999999998579 ) ) ;
#1083 = APPLICATION_CONTEXT ( 'automotive_design' ) ;
#1084 = EDGE_CURVE ( 'NONE', #105, #278, #145, .T. ) ;
#1085 = CARTESIAN_POINT ( 'NONE',  ( 60.00000000000000000, 0.000000000000000000, -10.00000000000000000 ) ) ;
#1086 = CARTESIAN_POINT ( 'NONE',  ( 20.27164423987153441, -7.696165843110056137, 65.00000000000000000 ) ) ;
#1087 = ORIENTED_EDGE ( 'NONE', *, *, #929, .T. ) ;
#1088 = CARTESIAN_POINT ( 'NONE',  ( -20.16163010647331078, -0.6021323684928321374, 65.00000000000000000 ) ) ;
#1089 = PLANE ( 'NONE',  #1186 ) ;
#1090 = CARTESIAN_POINT ( 'NONE',  ( 0.000000000000000000, 3.469446951953614189E-15, 63.20208152802354817 ) ) ;
#1091 = CARTESIAN_POINT ( 'NONE',  ( 0.000000000000000000, 0.000000000000000000, 0.000000000000000000 ) ) ;
#1092 = B_SPLINE_CURVE_WITH_KNOTS ( 'NONE', 3,
 ( #827, #312, #1670, #151, #692, #1286, #721, #168, #975, #11, #296, #1139, #556, #958, #1536, #1266 ),
 .UNSPECIFIED., .F., .F.,
 ( 4, 2, 2, 2, 2, 2, 2, 4 ),
 ( 0.0004219540289691716718, 0.0007409956200113594627, 0.001060037211053547253, 0.001379078802095734827, 0.001698120393137922618, 0.002017161984180110626, 0.002336203575222297983, 0.002974286757306667493 ),
 .UNSPECIFIED. ) ;
#1093 = AXIS2_PLACEMENT_3D ( 'NONE', #212, #1614, #1023 ) ;
#1094 = CARTESIAN_POINT ( 'NONE',  ( 18.39649131592129905, 8.271819582335307786, 65.00000000000000000 ) ) ;
#1095 = CARTESIAN_POINT ( 'NONE',  ( -12.07269646764963511, -10.50000000000000000, 65.00000000000000000 ) ) ;
#1096 = ADVANCED_FACE ( 'NONE', ( #1021 ), #1041, .F. ) ;
#1097 = VERTEX_POINT ( 'NONE', #1146 ) ;
#1098 =( NAMED_UNIT ( * ) PLANE_ANGLE_UNIT ( ) SI_UNIT ( $, .RADIAN. ) );
#1099 = VECTOR ( 'NONE', #800, 1000.000000000000000 ) ;
#1100 = EDGE_LOOP ( 'NONE', ( #752, #1087 ) ) ;
#1101 = AXIS2_PLACEMENT_3D ( 'NONE', #130, #932, #1483 ) ;
#1102 = VECTOR ( 'NONE', #1, 1000.000000000000000 ) ;
#1103 = DIRECTION ( 'NONE',  ( -0.000000000000000000, -0.000000000000000000, -1.000000000000000000 ) ) ;
#1104 = DIRECTION ( 'NONE',  ( 0.000000000000000000, 0.000000000000000000, 1.000000000000000000 ) ) ;
#1105 = EDGE_LOOP ( 'NONE', ( #264, #429 ) ) ;
#1106 = CARTESIAN_POINT ( 'NONE',  ( 21.02169995503976097, 5.315887496256635814, 63.50000000000000000 ) ) ;
#1107 = CARTESIAN_POINT ( 'NONE',  ( 8.400000000000000355, 0.000000000000000000, -10.00000000000000000 ) ) ;
#1108 = CARTESIAN_POINT ( 'NONE',  ( 18.76166303929371182, -10.50000000000000000, 63.50000000000000000 ) ) ;
#1109 = VERTEX_POINT ( 'NONE', #898 ) ;
#1110 = CARTESIAN_POINT ( 'NONE',  ( -18.29869787034038708, -11.28750000000000142, 63.50000000000000000 ) ) ;
#1111 = EDGE_CURVE ( 'NONE', #378, #511, #320, .T. ) ;
#1112 = FACE_OUTER_BOUND ( 'NONE', #1024, .T. ) ;
#1113 = PLANE ( 'NONE',  #1739 ) ;
#1114 = CARTESIAN_POINT ( 'NONE',  ( 17.02523718375990214, 10.50000000000000000, 65.00000000000000000 ) ) ;
#1115 = CARTESIAN_POINT ( 'NONE',  ( 18.62348668690122366, -11.10568649365499461, 63.50000000000000000 ) ) ;
#1116 = CARTESIAN_POINT ( 'NONE',  ( 19.77622816461324362, 8.892206051012669477, 65.00000000000000000 ) ) ;
#1117 = CARTESIAN_POINT ( 'NONE',  ( -17.32108079271751677, -12.87236108848780347, 63.50000000000001421 ) ) ;
#1118 = ORIENTED_EDGE ( 'NONE', *, *, #190, .F. ) ;
#1119 = CARTESIAN_POINT ( 'NONE',  ( 15.78336204267425202, -14.86795249866012902, 63.50000000000000000 ) ) ;
#1120 = FACE_OUTER_BOUND ( 'NONE', #930, .T. ) ;
#1121 = CARTESIAN_POINT ( 'NONE',  ( -17.09336474917597570, -10.50000000000000000, 64.96324643899527018 ) ) ;
#1122 = ADVANCED_FACE ( 'NONE', ( #186, #728 ), #880, .T. ) ;
#1123 = DIRECTION ( 'NONE',  ( 0.000000000000000000, 0.000000000000000000, 1.000000000000000000 ) ) ;
#1124 = CARTESIAN_POINT ( 'NONE',  ( -3.382659756820323160, -19.73047451072035585, 65.00000000000000000 ) ) ;
#1125 = VERTEX_POINT ( 'NONE', #65 ) ;
#1126 = CARTESIAN_POINT ( 'NONE',  ( -13.68279394899039048, 16.82116757606425139, 65.00000000000000000 ) ) ;
#1127 = CIRCLE ( 'NONE', #230, 60.00000000000000000 ) ;
#1128 = DIRECTION ( 'NONE',  ( -0.000000000000000000, -0.000000000000000000, -1.000000000000000000 ) ) ;
#1129 = CARTESIAN_POINT ( 'NONE',  ( 18.76166303929371537, 10.50000000000000000, 63.39242826173119028 ) ) ;
#1130 = AXIS2_PLACEMENT_3D ( 'NONE', #617, #1295, #1595 ) ;
#1131 = CARTESIAN_POINT ( 'NONE',  ( 18.76166303929371182, -10.50000000000000000, 62.00000000000000000 ) ) ;
#1132 = CARTESIAN_POINT ( 'NONE',  ( 17.87120860494899688, -10.50000000000000355, 64.30294033806822540 ) ) ;
#1133 = ADVANCED_FACE ( 'NONE', ( #607 ), #1169, .T. ) ;
#1134 = CARTESIAN_POINT ( 'NONE',  ( -0.6472922961297629119, 21.67375236446026676, 63.50000000000000000 ) ) ;
#1135 = DIRECTION ( 'NONE',  ( 1.000000000000000000, 0.000000000000000000, 0.000000000000000000 ) ) ;
#1136 = ORIENTED_EDGE ( 'NONE', *, *, #794, .T. ) ;
#1137 = CARTESIAN_POINT ( 'NONE',  ( -20.27164423986940278, 7.696165843115958971, 63.50000000000000000 ) ) ;
#1138 = CARTESIAN_POINT ( 'NONE',  ( 0.8532292273921793235, 19.98536441568970545, 65.00000000000001421 ) ) ;
#1139 = CARTESIAN_POINT ( 'NONE',  ( -17.84736773078370220, 10.49999999999999822, 62.17363047216592520 ) ) ;
#1140 = FACE_OUTER_BOUND ( 'NONE', #667, .T. ) ;
#1141 = DIRECTION ( 'NONE',  ( -0.000000000000000000, 0.000000000000000000, 1.000000000000000000 ) ) ;
#1142 = CARTESIAN_POINT ( 'NONE',  ( -19.07843542144049920, 10.30455388372147318, 63.50000000000000000 ) ) ;
#1143 = CARTESIAN_POINT ( 'NONE',  ( -8.234649254934959473, -18.24523529894794294, 65.00000000000000000 ) ) ;
#1144 = CYLINDRICAL_SURFACE ( 'NONE', #825, 8.400000000000000355 ) ;
#1145 = ADVANCED_FACE ( 'NONE', ( #666, #271 ), #1531, .F. ) ;
#1146 = CARTESIAN_POINT ( 'NONE',  ( 24.14999999999999858, 2.957522019940857930E-15, 0.000000000000000000 ) ) ;
#1147 = CYLINDRICAL_SURFACE ( 'NONE', #1213, 24.12000000000000099 ) ;
#1148 = CARTESIAN_POINT ( 'NONE',  ( 18.41469836533872950, -10.49999999999999822, 63.83419420913505604 ) ) ;
#1149 = CARTESIAN_POINT ( 'NONE',  ( 16.17415465480658909, 12.05199623057453095, 65.00000000000000000 ) ) ;
#1150 = ADVANCED_FACE ( 'NONE', ( #408 ), #1612, .F. ) ;
#1151 = ORIENTED_EDGE ( 'NONE', *, *, #724, .F. ) ;
#1152 = CARTESIAN_POINT ( 'NONE',  ( 16.57440945445830138, 11.22472021182439228, 65.00000000000000000 ) ) ;
#1153 = AXIS2_PLACEMENT_3D ( 'NONE', #1492, #1372, #123 ) ;
#1154 = PLANE ( 'NONE',  #736 ) ;
#1155 = CARTESIAN_POINT ( 'NONE',  ( 12.07269646764963511, -10.50000000000000000, 65.00000000000000000 ) ) ;
#1156 = DIRECTION ( 'NONE',  ( 0.000000000000000000, 0.000000000000000000, 1.000000000000000000 ) ) ;
#1157 = VECTOR ( 'NONE', #1429, 1000.000000000000000 ) ;
#1158 = CIRCLE ( 'NONE', #683, 60.00000000000000000 ) ;
#1159 = PRODUCT_DEFINITION_CONTEXT ( 'detailed design', #101, 'design' ) ;
#1160 = ORIENTED_EDGE ( 'NONE', *, *, #415, .T. ) ;
#1161 = SURFACE_SIDE_STYLE ('',( #56 ) ) ;
#1162 = CARTESIAN_POINT ( 'NONE',  ( 18.76166303929371182, -10.50000000000000000, 63.20208152802354817 ) ) ;
#1163 = DIRECTION ( 'NONE',  ( -0.000000000000000000, 0.000000000000000000, 1.000000000000000000 ) ) ;
#1164 = ORIENTED_EDGE ( 'NONE', *, *, #759, .T. ) ;
#1165 = PRODUCT_DEFINITION ( 'UNKNOWN', '', #1478, #715 ) ;
#1166 = CARTESIAN_POINT ( 'NONE',  ( 8.550339279905463385, 19.92642032757147774, 65.00000000000000000 ) ) ;
#1167 = VERTEX_POINT ( 'NONE', #147 ) ;
#1168 = CARTESIAN_POINT ( 'NONE',  ( -8.400000000000000355, 1.028703311283776586E-15, -10.00000000000000000 ) ) ;
#1169 = CYLINDRICAL_SURFACE ( 'NONE', #1585, 24.14999999999999858 ) ;
#1170 = DIRECTION ( 'NONE',  ( 1.000000000000000000, 0.000000000000000000, 0.000000000000000000 ) ) ;
#1171 = EDGE_CURVE ( 'NONE', #63, #81, #627, .T. ) ;
#1172 = VERTEX_POINT ( 'NONE', #962 ) ;
#1173 = CARTESIAN_POINT ( 'NONE',  ( 4.945011624412779305, -19.55506972561832413, 65.00000000000000000 ) ) ;
#1174 = CARTESIAN_POINT ( 'NONE',  ( 0.000000000000000000, 0.000000000000000000, -10.00000000000000000 ) ) ;
#1175 = ORIENTED_EDGE ( 'NONE', *, *, #323, .T. ) ;
#1176 = FACE_OUTER_BOUND ( 'NONE', #1306, .T. ) ;
#1177 = CARTESIAN_POINT ( 'NONE',  ( 0.000000000000000000, 0.000000000000000000, -10.00000000000000000 ) ) ;
#1178 = PLANE ( 'NONE',  #1679 ) ;
#1179 = CARTESIAN_POINT ( 'NONE',  ( 0.000000000000000000, 0.000000000000000000, 70.00000000000000000 ) ) ;
#1180 = VECTOR ( 'NONE', #206, 1000.000000000000000 ) ;
#1181 = ORIENTED_EDGE ( 'NONE', *, *, #236, .T. ) ;
#1182 = CIRCLE ( 'NONE', #394, 20.00000000000000000 ) ;
#1183 = EDGE_CURVE ( 'NONE', #90, #901, #1335, .T. ) ;
#1184 = CARTESIAN_POINT ( 'NONE',  ( 18.62348668690230014, -11.10568649365584726, 65.00000000000000000 ) ) ;
#1185 = VECTOR ( 'NONE', #987, 1000.000000000000000 ) ;
#1186 = AXIS2_PLACEMENT_3D ( 'NONE', #403, #1526, #1516 ) ;
#1187 = FACE_OUTER_BOUND ( 'NONE', #282, .T. ) ;
#1188 = ORIENTED_EDGE ( 'NONE', *, *, #1027, .F. ) ;
#1189 = DIRECTION ( 'NONE',  ( 0.000000000000000000, 0.000000000000000000, 1.000000000000000000 ) ) ;
#1190 = CARTESIAN_POINT ( 'NONE',  ( -18.29869787034038708, -11.28750000000000142, 63.50000000000000000 ) ) ;
#1191 = DIRECTION ( 'NONE',  ( 1.000000000000000000, 0.000000000000000000, 0.000000000000000000 ) ) ;
#1192 = FACE_BOUND ( 'NONE', #983, .T. ) ;
#1193 = ORIENTED_EDGE ( 'NONE', *, *, #1075, .F. ) ;
#1194 = CARTESIAN_POINT ( 'NONE',  ( 19.55506972561764201, 4.945011624424227925, 65.00000000000000000 ) ) ;
#1195 = CARTESIAN_POINT ( 'NONE',  ( 9.585631519744326923, 17.74738178738576977, 65.00000000000000000 ) ) ;
#1196 = ADVANCED_FACE ( 'NONE', ( #1378, #907 ), #1788, .T. ) ;
#1197 = VERTEX_POINT ( 'NONE', #543 ) ;
#1198 = CARTESIAN_POINT ( 'NONE',  ( -56.90500000000000114, -10.50000000000000000, 0.000000000000000000 ) ) ;
#1199 =( NAMED_UNIT ( * ) PLANE_ANGLE_UNIT ( ) SI_UNIT ( $, .RADIAN. ) );
#1200 = CARTESIAN_POINT ( 'NONE',  ( 0.000000000000000000, 0.000000000000000000, 0.000000000000000000 ) ) ;
#1201 = VERTEX_POINT ( 'NONE', #528 ) ;
#1202 = CARTESIAN_POINT ( 'NONE',  ( 15.13753871334303547, -15.52499438243118668, 65.00000000000000000 ) ) ;
#1203 = CARTESIAN_POINT ( 'NONE',  ( -18.85734347894914009, 7.159224040108258968, 65.00000000000000000 ) ) ;
#1204 = EDGE_LOOP ( 'NONE', ( #303, #1456, #596, #760 ) ) ;
#1205 = CARTESIAN_POINT ( 'NONE',  ( -18.85734347894914009, 7.159224040108258968, 65.00000000000000000 ) ) ;
#1206 = ORIENTED_EDGE ( 'NONE', *, *, #497, .T. ) ;
#1207 = EDGE_CURVE ( 'NONE', #572, #1664, #1050, .T. ) ;
#1208 = CARTESIAN_POINT ( 'NONE',  ( 0.000000000000000000, 0.000000000000000000, 0.000000000000000000 ) ) ;
#1209 = ORIENTED_EDGE ( 'NONE', *, *, #875, .T. ) ;
#1210 = FACE_BOUND ( 'NONE', #1068, .T. ) ;
#1211 = AXIS2_PLACEMENT_3D ( 'NONE', #741, #1326, #461 ) ;
#1212 = CARTESIAN_POINT ( 'NONE',  ( -18.39649131592435438, -8.271819582337164078, 65.00000000000000000 ) ) ;
#1213 = AXIS2_PLACEMENT_3D ( 'NONE', #1699, #1544, #1248 ) ;
#1214 = ORIENTED_EDGE ( 'NONE', *, *, #1374, .T. ) ;
#1215 = CARTESIAN_POINT ( 'NONE',  ( 13.68279394900020307, -16.82116757606171831, 65.00000000000000000 ) ) ;
#1216 = ORIENTED_EDGE ( 'NONE', *, *, #435, .T. ) ;
#1217 = CARTESIAN_POINT ( 'NONE',  ( 0.000000000000000000, 3.469446951953614189E-15, 62.00000000000000000 ) ) ;
#1218 = CARTESIAN_POINT ( 'NONE',  ( -19.32735905973378365, -5.771228960600196523, 65.00000000000000000 ) ) ;
#1219 = SHAPE_REPRESENTATION ( 'EDM Spool B-half', ( #1647 ), #978 ) ;
#1220 = VERTEX_POINT ( 'NONE', #490 ) ;
#1221 = CARTESIAN_POINT ( 'NONE',  ( -7.159224040095809372, -18.85734347894727136, 65.00000000000000000 ) ) ;
#1222 = PRODUCT_CONTEXT ( 'NONE', #610, 'mechanical' ) ;
#1223 = CARTESIAN_POINT ( 'NONE',  ( -18.29869787034038708, -11.28750000000000142, 65.00000000000000000 ) ) ;
#1224 = DIRECTION ( 'NONE',  ( 1.000000000000000000, 0.000000000000000000, 0.000000000000000000 ) ) ;
#1225 = CARTESIAN_POINT ( 'NONE',  ( 17.02523718375990214, 10.50000000000000000, 65.00000000000000000 ) ) ;
#1226 = DIRECTION ( 'NONE',  ( -0.000000000000000000, 0.000000000000000000, 1.000000000000000000 ) ) ;
#1227 = EDGE_CURVE ( 'NONE', #1664, #68, #635, .T. ) ;
#1228 = DIRECTION ( 'NONE',  ( 1.000000000000000000, 0.000000000000000000, -0.000000000000000000 ) ) ;
#1229 = PRODUCT ( 'EDM Spool', 'EDM Spool', '', ( #1059 ) ) ;
#1230 = EDGE_LOOP ( 'NONE', ( #238, #94 ) ) ;
#1231 = CARTESIAN_POINT ( 'NONE',  ( -5.771228960600112146, 19.32735905973109070, 65.00000000000000000 ) ) ;
#1232 = APPLICATION_PROTOCOL_DEFINITION ( 'draft international standard', 'automotive_design', 1998, #1463 ) ;
#1233 = CARTESIAN_POINT ( 'NONE',  ( 12.07269646764963511, 10.50000000000000000, 65.00000000000000000 ) ) ;
#1234 = CARTESIAN_POINT ( 'NONE',  ( 17.10113713766391541, 10.49999999999999822, 64.95646919422291887 ) ) ;
#1235 = CARTESIAN_POINT ( 'NONE',  ( 20.13610982466887833, 8.044104052133453919, 65.00000000000000000 ) ) ;
#1236 = AXIS2_PLACEMENT_3D ( 'NONE', #933, #114, #1072 ) ;
#1237 = CARTESIAN_POINT ( 'NONE',  ( -18.29869787034038708, -11.28750000000000142, 63.50000000000000000 ) ) ;
#1238 = ADVANCED_FACE ( 'NONE', ( #1603 ), #498, .F. ) ;
#1239 = CARTESIAN_POINT ( 'NONE',  ( 0.000000000000000000, 0.000000000000000000, 80.00000000000000000 ) ) ;
#1240 = COLOUR_RGB ( '',0.7921568627450980005, 0.8196078431372548767, 0.9333333333333333481 ) ;
#1241 = ORIENTED_EDGE ( 'NONE', *, *, #167, .T. ) ;
#1242 = VECTOR ( 'NONE', #1561, 1000.000000000000000 ) ;
#1243 = CIRCLE ( 'NONE', #1620, 20.00000000000000000 ) ;
#1244 = AXIS2_PLACEMENT_3D ( 'NONE', #353, #335, #1442 ) ;
#1245 = LINE ( 'NONE', #1348, #1562 ) ;
#1246 = CARTESIAN_POINT ( 'NONE',  ( 0.000000000000000000, 0.000000000000000000, 80.00000000000000000 ) ) ;
#1247 = B_SPLINE_CURVE_WITH_KNOTS ( 'NONE', 3,
 ( #16, #1432, #163, #730, #428, #1702, #696, #561, #991, #191, #1017, #1143, #982, #155, #1694, #1124, #442, #1540, #1000, #1281, #571, #1260, #1675, #301, #705, #172, #1270, #593, #457, #1297, #1570, #1405, #844, #1555 ),
 .UNSPECIFIED., .F., .F.,
 ( 4, 1, 2, 2, 2, 2, 2, 2, 2, 2, 2, 2, 1, 2, 2, 2, 2, 4 ),
 ( 0.000000000000000000, 0.06249999999999991673, 0.09374999999999986122, 0.1249999999999998057, 0.1874999999999998057, 0.2499999999999997780, 0.3124999999999997224, 0.3749999999999996669, 0.4374999999999995559, 0.4999999999999995559, 0.5624999999999994449, 0.6249999999999993339, 0.6874999999999993339, 0.7187499999999993339, 0.7499999999999994449, 0.8124999999999995559, 0.8749999999999996669, 1.000000000000000000 ),
 .UNSPECIFIED. ) ;
#1248 = DIRECTION ( 'NONE',  ( 1.000000000000000000, 0.000000000000000000, 0.000000000000000000 ) ) ;
#1249 = CARTESIAN_POINT ( 'NONE',  ( 18.14071616822033661, 10.50000000000000178, 64.07050438329322617 ) ) ;
#1250 = CARTESIAN_POINT ( 'NONE',  ( -21.68168508038099418, 0.2739725310274628289, 63.50000000000000000 ) ) ;
#1251 = CARTESIAN_POINT ( 'NONE',  ( 14.86795249866527158, 15.78336204267054654, 63.50000000000000000 ) ) ;
#1252 = CARTESIAN_POINT ( 'NONE',  ( 9.474398861474023548, -19.38951484782335299, 63.50000000000001421 ) ) ;
#1253 = VERTEX_POINT ( 'NONE', #1657 ) ;
#1254 = CARTESIAN_POINT ( 'NONE',  ( -13.68279394898887169, 16.82116757606546997, 63.50000000000000000 ) ) ;
#1255 = ADVANCED_FACE ( 'NONE', ( #1666 ), #922, .T. ) ;
#1256 = CARTESIAN_POINT ( 'NONE',  ( 6.682781231646395703, 18.92739409766987535, 65.00000000000000000 ) ) ;
#1257 = CARTESIAN_POINT ( 'NONE',  ( -18.02967411961336808, -10.50000000000000178, 64.16672315348797895 ) ) ;
#1258 = CARTESIAN_POINT ( 'NONE',  ( -16.68463044828320108, 13.69247390837803557, 63.49999999999998579 ) ) ;
#1259 = CARTESIAN_POINT ( 'NONE',  ( 0.000000000000000000, 0.000000000000000000, 70.00000000000000000 ) ) ;
#1260 = CARTESIAN_POINT ( 'NONE',  ( 4.209309446978877212, -19.57034952103633429, 65.00000000000000000 ) ) ;
#1261 = ORIENTED_EDGE ( 'NONE', *, *, #1207, .T. ) ;
#1262 = CARTESIAN_POINT ( 'NONE',  ( 6.204071132632277497, -20.77691098921444990, 63.50000000000000000 ) ) ;
#1263 = B_SPLINE_CURVE_WITH_KNOTS ( 'NONE', 3,
 ( #1552, #558, #1673, #1268, #1288, #322, #1296, #1132, #314, #1148, #306, #1683 ),
 .UNSPECIFIED., .F., .F.,
 ( 4, 1, 1, 1, 1, 2, 2, 4 ),
 ( 0.000000000000000000, 0.2500000000000260347, 0.3750000000000390799, 0.4375000000000507927, 0.4687500000000601186, 0.4843750000000606182, 0.5000000000000610623, 1.000000000000000000 ),
 .UNSPECIFIED. ) ;
#1264 = CARTESIAN_POINT ( 'NONE',  ( -12.55334108168474572, 15.57475131987304451, 65.00000000000001421 ) ) ;
#1265 = EDGE_CURVE ( 'NONE', #369, #68, #1369, .T. ) ;
#1266 = CARTESIAN_POINT ( 'NONE',  ( -17.02204453054920208, 10.50000000000000000, 62.00000000000000000 ) ) ;
#1267 = CARTESIAN_POINT ( 'NONE',  ( 0.000000000000000000, 0.000000000000000000, 70.00000000000000000 ) ) ;
#1268 = CARTESIAN_POINT ( 'NONE',  ( 17.47708445287650392, -10.49999999999999467, 64.64027168796899048 ) ) ;
#1269 = CARTESIAN_POINT ( 'NONE',  ( 20.27164423987083808, -7.696165843109890936, 63.50000000000000000 ) ) ;
#1270 = CARTESIAN_POINT ( 'NONE',  ( 9.375480078094266645, -17.67104514407414584, 65.00000000000000000 ) ) ;
#1271 = VERTEX_POINT ( 'NONE', #1649 ) ;
#1272 = CARTESIAN_POINT ( 'NONE',  ( -20.77691098921710733, -6.204071132645324838, 65.00000000000000000 ) ) ;
#1273 = VECTOR ( 'NONE', #127, 1000.000000000000000 ) ;
#1274 = ORIENTED_EDGE ( 'NONE', *, *, #260, .T. ) ;
#1275 = CARTESIAN_POINT ( 'NONE',  ( -17.02154692473969178, 10.50000000000000000, 65.00000000000000000 ) ) ;
#1276 = CARTESIAN_POINT ( 'NONE',  ( 18.12266622176592534, 10.49999999999999822, 62.33076530641287150 ) ) ;
#1277 = AXIS2_PLACEMENT_3D ( 'NONE', #1091, #702, #324 ) ;
#1278 = CARTESIAN_POINT ( 'NONE',  ( -20.30000000000000426, 0.000000000000000000, 0.000000000000000000 ) ) ;
#1279 = DIRECTION ( 'NONE',  ( 1.000000000000000000, 0.000000000000000000, 0.000000000000000000 ) ) ;
#1280 = CARTESIAN_POINT ( 'NONE',  ( -20.77691098921247104, -6.204071132644576991, 63.50000000000000000 ) ) ;
#1281 = CARTESIAN_POINT ( 'NONE',  ( 1.700746249871522231, -19.94555978974623400, 65.00000000000000000 ) ) ;
#1282 = PRODUCT_DEFINITION ( 'UNKNOWN', '', #833, #1159 ) ;
#1283 = ORIENTED_EDGE ( 'NONE', *, *, #1602, .T. ) ;
#1284 = CARTESIAN_POINT ( 'NONE',  ( -21.67375236445551323, -0.6472922961296814215, 65.00000000000000000 ) ) ;
#1285 = DIRECTION ( 'NONE',  ( 1.000000000000000000, 0.000000000000000000, -0.000000000000000000 ) ) ;
#1286 = CARTESIAN_POINT ( 'NONE',  ( -18.56099967117103589, 10.49999999999999645, 62.78948180241940236 ) ) ;
#1287 = CARTESIAN_POINT ( 'NONE',  ( -17.02204453054919497, -10.50000000000000000, 65.00000000000000000 ) ) ;
#1288 = CARTESIAN_POINT ( 'NONE',  ( 17.67713333242569718, -10.49999999999999822, 64.46968844432441870 ) ) ;
#1289 = LINE ( 'NONE', #42, #262 ) ;
#1290 = EDGE_CURVE ( 'NONE', #1361, #174, #1247, .T. ) ;
#1291 = DIRECTION ( 'NONE',  ( 1.000000000000000000, 0.000000000000000000, 0.000000000000000000 ) ) ;
#1292 = ORIENTED_EDGE ( 'NONE', *, *, #520, .T. ) ;
#1293 = DIRECTION ( 'NONE',  ( -0.000000000000000000, 0.000000000000000000, 1.000000000000000000 ) ) ;
#1294 = LINE ( 'NONE', #749, #450 ) ;
#1295 = DIRECTION ( 'NONE',  ( -0.000000000000000000, -0.000000000000000000, -1.000000000000000000 ) ) ;
#1296 = CARTESIAN_POINT ( 'NONE',  ( 17.83755046227285135, -10.50000000000000000, 64.33192373184493817 ) ) ;
#1297 = CARTESIAN_POINT ( 'NONE',  ( 12.56084435834508994, -15.58625810495785124, 65.00000000000000000 ) ) ;
#1298 = VERTEX_POINT ( 'NONE', #869 ) ;
#1299 = CARTESIAN_POINT ( 'NONE',  ( 0.000000000000000000, 0.000000000000000000, -5.000000000000000000 ) ) ;
#1300 = VECTOR ( 'NONE', #786, 1000.000000000000000 ) ;
#1301 = CARTESIAN_POINT ( 'NONE',  ( -24.12000000000000099, 2.953848079543416396E-15, -5.000000000000000000 ) ) ;
#1302 = DIRECTION ( 'NONE',  ( 1.000000000000000000, 0.000000000000000000, 0.000000000000000000 ) ) ;
#1303 = DIRECTION ( 'NONE',  ( -0.000000000000000000, -0.000000000000000000, 1.000000000000000000 ) ) ;
#1304 = AXIS2_PLACEMENT_3D ( 'NONE', #1217, #1350, #1768 ) ;
#1305 = CIRCLE ( 'NONE', #395, 20.00000000000000000 ) ;
#1306 = EDGE_LOOP ( 'NONE', ( #249, #108, #1757, #1592 ) ) ;
#1307 = CYLINDRICAL_SURFACE ( 'NONE', #143, 20.30000000000000426 ) ;
#1308 = VERTEX_POINT ( 'NONE', #50 ) ;
#1309 = EDGE_CURVE ( 'NONE', #1638, #345, #477, .T. ) ;
#1310 = DIRECTION ( 'NONE',  ( 1.000000000000000000, 0.000000000000000000, 0.000000000000000000 ) ) ;
#1311 = CARTESIAN_POINT ( 'NONE',  ( 0.000000000000000000, -10.50000000000000000, 65.00000000000000000 ) ) ;
#1312 = VERTEX_POINT ( 'NONE', #316 ) ;
#1313 = CARTESIAN_POINT ( 'NONE',  ( 17.45270980399415706, 9.767441860465115866, 65.00000000000000000 ) ) ;
#1314 = ORIENTED_EDGE ( 'NONE', *, *, #806, .T. ) ;
#1315 = CARTESIAN_POINT ( 'NONE',  ( 8.400000000000000355, 0.000000000000000000, 0.000000000000000000 ) ) ;
#1316 = ORIENTED_EDGE ( 'NONE', *, *, #738, .T. ) ;
#1317 = CYLINDRICAL_SURFACE ( 'NONE', #1211, 8.400000000000000355 ) ;
#1318 = DIRECTION ( 'NONE',  ( -0.000000000000000000, 0.000000000000000000, 1.000000000000000000 ) ) ;
#1319 = CARTESIAN_POINT ( 'NONE',  ( 0.000000000000000000, 0.000000000000000000, -5.000000000000000000 ) ) ;
#1320 = ADVANCED_FACE ( 'NONE', ( #331 ), #1502, .T. ) ;
#1321 = ORIENTED_EDGE ( 'NONE', *, *, #1602, .F. ) ;
#1322 = CARTESIAN_POINT ( 'NONE',  ( -12.95589594786884469, 17.38721625391853820, 65.00000000000000000 ) ) ;
#1323 = ORIENTED_EDGE ( 'NONE', *, *, #632, .T. ) ;
#1324 = PRESENTATION_STYLE_ASSIGNMENT (( #218 ) ) ;
#1325 = ORIENTED_EDGE ( 'NONE', *, *, #182, .T. ) ;
#1326 = DIRECTION ( 'NONE',  ( -0.000000000000000000, -0.000000000000000000, -1.000000000000000000 ) ) ;
#1327 = FACE_BOUND ( 'NONE', #658, .T. ) ;
#1328 = AXIS2_PLACEMENT_3D ( 'NONE', #850, #1700, #423 ) ;
#1329 = CARTESIAN_POINT ( 'NONE',  ( 0.000000000000000000, 0.000000000000000000, -10.00000000000000000 ) ) ;
#1330 = EDGE_LOOP ( 'NONE', ( #871, #1352, #1028, #375 ) ) ;
#1331 = CARTESIAN_POINT ( 'NONE',  ( 5.315887496243851373, -21.02169995503764710, 65.00000000000000000 ) ) ;
#1332 = EDGE_CURVE ( 'NONE', #226, #837, #1737, .T. ) ;
#1333 = CLOSED_SHELL ( 'NONE', ( #868, #602, #133, #1046, #1422, #1320, #817, #44, #1720, #1522, #577, #1399, #654, #1787, #846, #221, #1408, #1016, #311, #857, #527, #731, #1238, #1517, #1695, #1662, #464 ) ) ;
#1334 = CARTESIAN_POINT ( 'NONE',  ( 15.78336204267439236, -14.86795249866023028, 65.00000000000000000 ) ) ;
#1335 = B_SPLINE_CURVE_WITH_KNOTS ( 'NONE', 3,
 ( #1108, #7, #675, #1058, #969, #1252, #292, #95, #1338, #953, #361, #767, #84, #1524, #552, #836, #1117, #1190 ),
 .UNSPECIFIED., .F., .F.,
 ( 4, 2, 2, 2, 2, 2, 2, 2, 4 ),
 ( 0.000000000000000000, 0.1224959386875881795, 0.2449918773751762480, 0.3674878160627643164, 0.4899837547503524959, 0.6124796934379406199, 0.7349756321255285219, 0.8574715708131166458, 0.9799675095007047698 ),
 .UNSPECIFIED. ) ;
#1336 = ORIENTED_EDGE ( 'NONE', *, *, #348, .F. ) ;
#1337 = B_SPLINE_CURVE_WITH_KNOTS ( 'NONE', 3,
 ( #1395, #432, #966, #285, #140, #1551, #179, #1563, #40, #321 ),
 .UNSPECIFIED., .F., .F.,
 ( 4, 1, 1, 2, 2, 4 ),
 ( 0.000000000000000000, 0.2500000000000031641, 0.3750000000000047740, 0.4375000000000014988, 0.4999999999999982236, 1.000000000000000000 ),
 .UNSPECIFIED. ) ;
#1338 = CARTESIAN_POINT ( 'NONE',  ( 2.318460255233666611, -21.45558812675999150, 63.50000000000001421 ) ) ;
#1339 = APPLICATION_PROTOCOL_DEFINITION ( 'draft international standard', 'automotive_design', 1998, #584 ) ;
#1340 = ORIENTED_EDGE ( 'NONE', *, *, #266, .F. ) ;
#1341 = CARTESIAN_POINT ( 'NONE',  ( -21.02169995503619404, -5.315887496255654376, 65.00000000000000000 ) ) ;
#1342 = CARTESIAN_POINT ( 'NONE',  ( 5.771228960588755896, -19.32735905973562396, 65.00000000000000000 ) ) ;
#1343 = EDGE_CURVE ( 'NONE', #1201, #919, #1558, .T. ) ;
#1344 = ORIENTED_EDGE ( 'NONE', *, *, #1568, .T. ) ;
#1345 = CARTESIAN_POINT ( 'NONE',  ( -20.06470516038980989, 2.064339789395647440, 65.00000000000000000 ) ) ;
#1346 = ORIENTED_EDGE ( 'NONE', *, *, #182, .F. ) ;
#1347 = DIRECTION ( 'NONE',  ( 1.000000000000000000, 0.000000000000000000, 0.000000000000000000 ) ) ;
#1348 = CARTESIAN_POINT ( 'NONE',  ( -60.00000000000000000, 0.000000000000000000, 80.00000000000000000 ) ) ;
#1349 = ORIENTED_EDGE ( 'NONE', *, *, #1343, .T. ) ;
#1350 = DIRECTION ( 'NONE',  ( 0.000000000000000000, -0.000000000000000000, -1.000000000000000000 ) ) ;
#1351 = CARTESIAN_POINT ( 'NONE',  ( -7.696165843102824589, -20.27164423986843644, 65.00000000000000000 ) ) ;
#1352 = ORIENTED_EDGE ( 'NONE', *, *, #360, .F. ) ;
#1353 = CARTESIAN_POINT ( 'NONE',  ( 20.06470516038846696, -2.064339789402450887, 65.00000000000000000 ) ) ;
#1354 = LINE ( 'NONE', #547, #448 ) ;
#1355 = CARTESIAN_POINT ( 'NONE',  ( -18.60139029492025387, -10.50000000000000000, 62.63350562016137246 ) ) ;
#1356 = CARTESIAN_POINT ( 'NONE',  ( 16.68463044828319752, 13.69247390837804090, 63.49999999999998579 ) ) ;
#1357 = AXIS2_PLACEMENT_3D ( 'NONE', #897, #1438, #747 ) ;
#1358 = CARTESIAN_POINT ( 'NONE',  ( 18.76166303929371892, 10.49999999999999822, 63.50000000000000000 ) ) ;
#1359 = AXIS2_PLACEMENT_3D ( 'NONE', #57, #334, #351 ) ;
#1360 = CARTESIAN_POINT ( 'NONE',  ( -2.064339789408093040, -20.06470516039167151, 65.00000000000000000 ) ) ;
#1361 = VERTEX_POINT ( 'NONE', #1011 ) ;
#1362 = CARTESIAN_POINT ( 'NONE',  ( 21.67375236445905884, 0.6472922961307794321, 65.00000000000000000 ) ) ;
#1363 = ORIENTED_EDGE ( 'NONE', *, *, #674, .T. ) ;
#1364 = LINE ( 'NONE', #1641, #1102 ) ;
#1365 = EDGE_CURVE ( 'NONE', #1389, #1741, #308, .T. ) ;
#1366 = DIRECTION ( 'NONE',  ( -0.000000000000000000, 0.000000000000000000, 1.000000000000000000 ) ) ;
#1367 = DIRECTION ( 'NONE',  ( 1.000000000000000000, 0.000000000000000000, 0.000000000000000000 ) ) ;
#1368 = CARTESIAN_POINT ( 'NONE',  ( 0.6021323685043477036, -20.16163010647144560, 65.00000000000000000 ) ) ;
#1369 = LINE ( 'NONE', #1095, #1273 ) ;
#1370 = ORIENTED_EDGE ( 'NONE', *, *, #1487, .F. ) ;
#1371 = CARTESIAN_POINT ( 'NONE',  ( -17.02204453054919497, -10.50000000000000000, 65.00000000000000000 ) ) ;
#1372 = DIRECTION ( 'NONE',  ( -0.000000000000000000, 0.000000000000000000, 1.000000000000000000 ) ) ;
#1373 =( REPRESENTATION_RELATIONSHIP ('NONE','NONE', #1466, #299 ) REPRESENTATION_RELATIONSHIP_WITH_TRANSFORMATION ( #642 )SHAPE_REPRESENTATION_RELATIONSHIP( ) );
#1374 = EDGE_CURVE ( 'NONE', #572, #1125, #1182, .T. ) ;
#1375 = CARTESIAN_POINT ( 'NONE',  ( 17.97994949214636051, 10.50000000000000000, 64.20974925534108024 ) ) ;
#1376 = CARTESIAN_POINT ( 'NONE',  ( -15.13753871333911505, 15.52499438243837915, 63.50000000000000000 ) ) ;
#1377 = CARTESIAN_POINT ( 'NONE',  ( -18.29869787034038708, -11.28750000000000142, 63.50000000000000000 ) ) ;
#1378 = FACE_OUTER_BOUND ( 'NONE', #1100, .T. ) ;
#1379 = ORIENTED_EDGE ( 'NONE', *, *, #1576, .T. ) ;
#1380 = CARTESIAN_POINT ( 'NONE',  ( 0.6021323685043477036, -20.16163010647144560, 65.00000000000000000 ) ) ;
#1381 = DIRECTION ( 'NONE',  ( -0.000000000000000000, 0.000000000000000000, 1.000000000000000000 ) ) ;
#1382 = DIRECTION ( 'NONE',  ( 1.000000000000000000, 0.000000000000000000, 0.000000000000000000 ) ) ;
#1383 = CARTESIAN_POINT ( 'NONE',  ( 18.02987063408557233, 10.50000000000000000, 64.16659030890295412 ) ) ;
#1384 = CARTESIAN_POINT ( 'NONE',  ( 18.76166303929371892, 10.49999999999999822, 63.50000000000000000 ) ) ;
#1385 = TOROIDAL_SURFACE ( 'NONE', #1703, 20.29791847197645183, 1.202081528023547063 ) ;
#1386 = CARTESIAN_POINT ( 'NONE',  ( 20.77691098921245327, 6.204071132644692455, 63.50000000000000000 ) ) ;
#1387 = DIRECTION ( 'NONE',  ( 0.000000000000000000, -0.000000000000000000, -1.000000000000000000 ) ) ;
#1388 = VECTOR ( 'NONE', #1580, 1000.000000000000000 ) ;
#1389 = VERTEX_POINT ( 'NONE', #717 ) ;
#1390 = CARTESIAN_POINT ( 'NONE',  ( 7.696165843115570837, 20.27164423986949515, 63.50000000000000000 ) ) ;
#1391 = VECTOR ( 'NONE', #1470, 1000.000000000000000 ) ;
#1392 = VECTOR ( 'NONE', #1459, 1000.000000000000000 ) ;
#1393 = CIRCLE ( 'NONE', #315, 21.64999999999999503 ) ;
#1394 = CARTESIAN_POINT ( 'NONE',  ( 8.251964905528215155, 18.29685258824505567, 65.00000000000001421 ) ) ;
#1395 = CARTESIAN_POINT ( 'NONE',  ( -17.02154692473969178, 10.50000000000000000, 65.00000000000000000 ) ) ;
#1396 = ORIENTED_EDGE ( 'NONE', *, *, #1365, .F. ) ;
#1397 = CARTESIAN_POINT ( 'NONE',  ( -0.6472922961301401656, 21.67375236446260445, 65.00000000000000000 ) ) ;
#1398 = FACE_OUTER_BOUND ( 'NONE', #153, .T. ) ;
#1399 = ADVANCED_FACE ( 'NONE', ( #1398 ), #467, .T. ) ;
#1400 = ORIENTED_EDGE ( 'NONE', *, *, #738, .F. ) ;
#1401 = CARTESIAN_POINT ( 'NONE',  ( 14.43556948144601826, 13.84780980681033569, 65.00000000000000000 ) ) ;
#1402 = CARTESIAN_POINT ( 'NONE',  ( 18.74839127052527132, 10.50000000000000000, 63.28618840628325160 ) ) ;
#1403 = CARTESIAN_POINT ( 'NONE',  ( 0.000000000000000000, -10.50000000000000000, 65.00000000000000000 ) ) ;
#1404 = LINE ( 'NONE', #980, #1618 ) ;
#1405 = CARTESIAN_POINT ( 'NONE',  ( 15.06459791732232389, -13.26437378323586636, 65.00000000000001421 ) ) ;
#1406 = EDGE_LOOP ( 'NONE', ( #1209, #1283 ) ) ;
#1407 = CARTESIAN_POINT ( 'NONE',  ( -8.892206051011136481, 19.77622816461530775, 63.50000000000000000 ) ) ;
#1408 = ADVANCED_FACE ( 'NONE', ( #1210, #960 ), #144, .T. ) ;
#1409 = CARTESIAN_POINT ( 'NONE',  ( -15.06240593078521783, 13.26732464928235622, 65.00000000000002842 ) ) ;
#1410 = DIRECTION ( 'NONE',  ( 1.000000000000000000, 0.000000000000000000, 0.000000000000000000 ) ) ;
#1411 = CARTESIAN_POINT ( 'NONE',  ( -21.56955804741927452, 2.219165273600576249, 65.00000000000000000 ) ) ;
#1412 = DIRECTION ( 'NONE',  ( -0.000000000000000000, 0.000000000000000000, 1.000000000000000000 ) ) ;
#1413 = ORIENTED_EDGE ( 'NONE', *, *, #1764, .F. ) ;
#1414 = CARTESIAN_POINT ( 'NONE',  ( -8.892206051009615919, 19.77622816461652988, 65.00000000000000000 ) ) ;
#1415 = COLOUR_RGB ( '',0.7921568627450980005, 0.8196078431372548767, 0.9333333333333333481 ) ;
#1416 = AXIS2_PLACEMENT_3D ( 'NONE', #228, #135, #1228 ) ;
#1417 = CARTESIAN_POINT ( 'NONE',  ( 0.000000000000000000, 0.000000000000000000, 65.00000000000000000 ) ) ;
#1418 = CIRCLE ( 'NONE', #1444, 20.00000000000000000 ) ;
#1419 = VECTOR ( 'NONE', #892, 1000.000000000000000 ) ;
#1420 = CARTESIAN_POINT ( 'NONE',  ( -17.38836517357281508, -10.50000000000000000, 64.72011859155705338 ) ) ;
#1421 = CARTESIAN_POINT ( 'NONE',  ( 0.000000000000000000, 0.000000000000000000, -10.00000000000000000 ) ) ;
#1422 = ADVANCED_FACE ( 'NONE', ( #1510 ), #269, .T. ) ;
#1423 = EDGE_CURVE ( 'NONE', #1467, #1486, #1710, .T. ) ;
#1424 = B_SPLINE_CURVE_WITH_KNOTS ( 'NONE', 3,
 ( #1162, #1709, #1594, #600, #47, #1567, #757, #219, #890, #1717, #1435, #1573 ),
 .UNSPECIFIED., .F., .F.,
 ( 4, 2, 2, 2, 2, 4 ),
 ( 0.000000000000000000, 0.0002537437208801855281, 0.0005074874417603710561, 0.001014974883520742112, 0.001522462325281126070, 0.002029949767041510245 ),
 .UNSPECIFIED. ) ;
#1425 = DIRECTION ( 'NONE',  ( 1.000000000000000000, 0.000000000000000000, 0.000000000000000000 ) ) ;
#1426 = CARTESIAN_POINT ( 'NONE',  ( 0.000000000000000000, 3.469446951953614189E-15, 63.50000000000000000 ) ) ;
#1427 = CARTESIAN_POINT ( 'NONE',  ( 10.30455388372351777, 19.07843542143901772, 63.50000000000000000 ) ) ;
#1428 = CARTESIAN_POINT ( 'NONE',  ( 15.00992961543272841, 13.22342092975017458, 65.00000000000000000 ) ) ;
#1429 = DIRECTION ( 'NONE',  ( -1.000000000000000000, -0.000000000000000000, -0.000000000000000000 ) ) ;
#1430 = CARTESIAN_POINT ( 'NONE',  ( 0.000000000000000000, 0.000000000000000000, -10.00000000000000000 ) ) ;
#1431 = EDGE_CURVE ( 'NONE', #1617, #1588, #86, .T. ) ;
#1432 = CARTESIAN_POINT ( 'NONE',  ( -16.57562265384699174, -11.22371552996330202, 65.00000000000000000 ) ) ;
#1433 = EDGE_LOOP ( 'NONE', ( #746, #1766 ) ) ;
#1434 = DIRECTION ( 'NONE',  ( -0.000000000000000000, -0.000000000000000000, -1.000000000000000000 ) ) ;
#1435 = CARTESIAN_POINT ( 'NONE',  ( 17.54215946206317867, -10.49999999999999645, 61.99999999999997868 ) ) ;
#1436 = CARTESIAN_POINT ( 'NONE',  ( -4.945011624424290986, 19.55506972562151091, 65.00000000000000000 ) ) ;
#1437 = EDGE_LOOP ( 'NONE', ( #648, #1018, #1079, #943 ) ) ;
#1438 = DIRECTION ( 'NONE',  ( -0.000000000000000000, -0.000000000000000000, -1.000000000000000000 ) ) ;
#1439 = CARTESIAN_POINT ( 'NONE',  ( 0.000000000000000000, 0.000000000000000000, 66.80000000000001137 ) ) ;
#1440 = CARTESIAN_POINT ( 'NONE',  ( 0.000000000000000000, 0.000000000000000000, 0.000000000000000000 ) ) ;
#1441 = AXIS2_PLACEMENT_3D ( 'NONE', #418, #809, #687 ) ;
#1442 = DIRECTION ( 'NONE',  ( 1.000000000000000000, 0.000000000000000000, 0.000000000000000000 ) ) ;
#1443 = VECTOR ( 'NONE', #566, 1000.000000000000000 ) ;
#1444 = AXIS2_PLACEMENT_3D ( 'NONE', #758, #362, #1170 ) ;
#1445 = ORIENTED_EDGE ( 'NONE', *, *, #1457, .F. ) ;
#1446 = CARTESIAN_POINT ( 'NONE',  ( -7.953803981295913594, -18.53620495588372208, 65.00000000000000000 ) ) ;
#1447 = EDGE_CURVE ( 'NONE', #1049, #531, #519, .T. ) ;
#1448 = ORIENTED_EDGE ( 'NONE', *, *, #34, .T. ) ;
#1449 = CARTESIAN_POINT ( 'NONE',  ( 0.000000000000000000, 0.000000000000000000, -10.00000000000000000 ) ) ;
#1450 = CARTESIAN_POINT ( 'NONE',  ( 60.00000000000000000, 0.000000000000000000, -10.00000000000000000 ) ) ;
#1451 = CARTESIAN_POINT ( 'NONE',  ( 0.000000000000000000, 0.000000000000000000, 62.00000000000000000 ) ) ;
#1452 = VERTEX_POINT ( 'NONE', #1635 ) ;
#1453 = CARTESIAN_POINT ( 'NONE',  ( -19.95890269785031279, 2.914806174901710900, 65.00000000000000000 ) ) ;
#1454 = EDGE_LOOP ( 'NONE', ( #1336, #1314, #479, #1321 ) ) ;
#1455 = DIRECTION ( 'NONE',  ( 0.000000000000000000, 0.000000000000000000, 1.000000000000000000 ) ) ;
#1456 = ORIENTED_EDGE ( 'NONE', *, *, #585, .T. ) ;
#1457 = EDGE_CURVE ( 'NONE', #562, #1664, #1305, .T. ) ;
#1458 = CARTESIAN_POINT ( 'NONE',  ( -56.90500000000000114, 10.50000000000000000, 65.00000000000000000 ) ) ;
#1459 = DIRECTION ( 'NONE',  ( -0.000000000000000000, -0.000000000000000000, -1.000000000000000000 ) ) ;
#1460 = LINE ( 'NONE', #344, #1556 ) ;
#1461 = EDGE_CURVE ( 'NONE', #531, #676, #1036, .T. ) ;
#1462 = ORIENTED_EDGE ( 'NONE', *, *, #927, .T. ) ;
#1463 = APPLICATION_CONTEXT ( 'automotive_design' ) ;
#1464 = EDGE_CURVE ( 'NONE', #676, #531, #1009, .T. ) ;
#1465 = CARTESIAN_POINT ( 'NONE',  ( -8.044104052131213933, 20.13610982466885702, 65.00000000000000000 ) ) ;
#1466 = SHAPE_REPRESENTATION ( 'EDM Spool Small ASSEMBLY', ( #1621, #1101, #203 ), #1797 ) ;
#1467 = VERTEX_POINT ( 'NONE', #33 ) ;
#1468 = CYLINDRICAL_SURFACE ( 'NONE', #422, 20.00000000000000000 ) ;
#1469 = EDGE_LOOP ( 'NONE', ( #755, #845, #489, #243, #1206, #888 ) ) ;
#1470 = DIRECTION ( 'NONE',  ( -0.000000000000000000, -0.000000000000000000, -1.000000000000000000 ) ) ;
#1471 = SHAPE_DEFINITION_REPRESENTATION ( #1770, #1219 ) ;
#1472 = CIRCLE ( 'NONE', #1153, 8.400000000000000355 ) ;
#1473 = LINE ( 'NONE', #751, #856 ) ;
#1474 = EDGE_CURVE ( 'NONE', #562, #1486, #559, .T. ) ;
#1475 = ORIENTED_EDGE ( 'NONE', *, *, #1332, .T. ) ;
#1476 = CARTESIAN_POINT ( 'NONE',  ( -18.53620495588056372, 7.953803981308259274, 65.00000000000000000 ) ) ;
#1477 = VECTOR ( 'NONE', #412, 1000.000000000000000 ) ;
#1478 = PRODUCT_DEFINITION_FORMATION_WITH_SPECIFIED_SOURCE ( 'ANY', '', #799, .NOT_KNOWN. ) ;
#1479 = ORIENTED_EDGE ( 'NONE', *, *, #246, .T. ) ;
#1480 = CARTESIAN_POINT ( 'NONE',  ( -17.74738178738914840, 9.585631519744186591, 65.00000000000000000 ) ) ;
#1481 = ADVANCED_BREP_SHAPE_REPRESENTATION ( '', ( #854, #1647 ), #340 ) ;
#1482 = CARTESIAN_POINT ( 'NONE',  ( 0.000000000000000000, 0.000000000000000000, 80.00000000000000000 ) ) ;
#1483 = DIRECTION ( 'NONE',  ( 1.000000000000000000, 0.000000000000000000, 0.000000000000000000 ) ) ;
#1484 = FACE_OUTER_BOUND ( 'NONE', #1437, .T. ) ;
#1485 = CARTESIAN_POINT ( 'NONE',  ( -17.95145322846430247, -10.50000000000000000, 62.10583512496963721 ) ) ;
#1486 = VERTEX_POINT ( 'NONE', #433 ) ;
#1487 = EDGE_CURVE ( 'NONE', #199, #1040, #595, .T. ) ;
#1488 = CARTESIAN_POINT ( 'NONE',  ( 18.76166303929371892, 10.50000000000000000, 65.00000000000000000 ) ) ;
#1489 = CARTESIAN_POINT ( 'NONE',  ( 2.064339789396745228, 20.06470516039167507, 65.00000000000000000 ) ) ;
#1490 = ORIENTED_EDGE ( 'NONE', *, *, #485, .F. ) ;
#1491 = CARTESIAN_POINT ( 'NONE',  ( -2.219165273613870504, -21.56955804742093363, 65.00000000000000000 ) ) ;
#1492 = CARTESIAN_POINT ( 'NONE',  ( 0.000000000000000000, 0.000000000000000000, 0.000000000000000000 ) ) ;
#1493 = CARTESIAN_POINT ( 'NONE',  ( 18.64794972210610169, 10.50000000000000178, 63.62330074652207657 ) ) ;
#1494 = PRODUCT_DEFINITION_SHAPE ( 'NONE', 'NONE',  #1802 ) ;
#1495 = DIRECTION ( 'NONE',  ( -0.000000000000000000, 0.000000000000000000, 1.000000000000000000 ) ) ;
#1496 = EDGE_CURVE ( 'NONE', #1452, #272, #624, .T. ) ;
#1497 = VERTEX_POINT ( 'NONE', #181 ) ;
#1498 = CARTESIAN_POINT ( 'NONE',  ( 7.159224040107169174, 18.85734347894727492, 65.00000000000000000 ) ) ;
#1499 = DIRECTION ( 'NONE',  ( 0.000000000000000000, -0.000000000000000000, -1.000000000000000000 ) ) ;
#1500 = CIRCLE ( 'NONE', #534, 20.00000000000000000 ) ;
#1501 = CARTESIAN_POINT ( 'NONE',  ( 0.2739725310269319758, 21.68168508038093378, 63.50000000000000000 ) ) ;
#1502 = TOROIDAL_SURFACE ( 'NONE', #713, 19.99999999999999645, 1.500000000000000000 ) ;
#1503 = CARTESIAN_POINT ( 'NONE',  ( 21.56955804741783211, -2.219165273606670041, 65.00000000000000000 ) ) ;
#1504 = CIRCLE ( 'NONE', #831, 60.00000000000000000 ) ;
#1505 = ORIENTED_EDGE ( 'NONE', *, *, #1474, .F. ) ;
#1506 = CARTESIAN_POINT ( 'NONE',  ( 19.77622816461324362, 8.892206051012669477, 65.00000000000000000 ) ) ;
#1507 = EDGE_CURVE ( 'NONE', #553, #378, #1289, .T. ) ;
#1508 = PLANE ( 'NONE',  #539 ) ;
#1509 = CARTESIAN_POINT ( 'NONE',  ( -17.54279490615644832, -10.49999999999999645, 61.99999999999998579 ) ) ;
#1510 = FACE_OUTER_BOUND ( 'NONE', #204, .T. ) ;
#1511 = CARTESIAN_POINT ( 'NONE',  ( -2.219165273613870504, -21.56955804742093363, 65.00000000000000000 ) ) ;
#1512 = DIRECTION ( 'NONE',  ( -1.000000000000000000, -0.000000000000000000, -0.000000000000000000 ) ) ;
#1513 = ORIENTED_EDGE ( 'NONE', *, *, #1474, .T. ) ;
#1514 = CARTESIAN_POINT ( 'NONE',  ( 6.204071132633025343, -20.77691098921909330, 65.00000000000000000 ) ) ;
#1515 = ORIENTED_EDGE ( 'NONE', *, *, #91, .F. ) ;
#1516 = DIRECTION ( 'NONE',  ( 1.000000000000000000, 0.000000000000000000, 0.000000000000000000 ) ) ;
#1517 = ADVANCED_FACE ( 'NONE', ( #1701 ), #49, .T. ) ;
#1518 = DIRECTION ( 'NONE',  ( 1.000000000000000000, 0.000000000000000000, 0.000000000000000000 ) ) ;
#1519 = DIRECTION ( 'NONE',  ( 1.000000000000000000, 0.000000000000000000, 0.000000000000000000 ) ) ;
#1520 = EDGE_CURVE ( 'NONE', #1588, #226, #979, .T. ) ;
#1521 = CARTESIAN_POINT ( 'NONE',  ( -21.02169995503982847, -5.315887496256085143, 63.50000000000000000 ) ) ;
#1522 = ADVANCED_FACE ( 'NONE', ( #1140 ), #1113, .T. ) ;
#1523 = CARTESIAN_POINT ( 'NONE',  ( -19.77622816461652633, -8.892206051009612366, 65.00000000000000000 ) ) ;
#1524 = CARTESIAN_POINT ( 'NONE',  ( -11.91336183912711277, -17.99414709038170557, 63.50000000000001421 ) ) ;
#1525 = ORIENTED_EDGE ( 'NONE', *, *, #77, .T. ) ;
#1526 = DIRECTION ( 'NONE',  ( -0.000000000000000000, 0.000000000000000000, 1.000000000000000000 ) ) ;
#1527 = CARTESIAN_POINT ( 'NONE',  ( 0.000000000000000000, 0.000000000000000000, 70.00000000000000000 ) ) ;
#1528 = CARTESIAN_POINT ( 'NONE',  ( -3.800230787736567084, 21.24662281133949904, 63.50000000000001421 ) ) ;
#1529 = EDGE_CURVE ( 'NONE', #1049, #1271, #1158, .T. ) ;
#1530 = CARTESIAN_POINT ( 'NONE',  ( -16.82116757606546642, -13.68279394898886814, 63.50000000000000000 ) ) ;
#1531 = PLANE ( 'NONE',  #1416 ) ;
#1532 = EDGE_LOOP ( 'NONE', ( #529, #1136 ) ) ;
#1533 = VECTOR ( 'NONE', #1123, 1000.000000000000000 ) ;
#1534 = AXIS2_PLACEMENT_3D ( 'NONE', #1430, #329, #1191 ) ;
#1535 = CARTESIAN_POINT ( 'NONE',  ( 0.000000000000000000, 0.000000000000000000, 66.80000000000001137 ) ) ;
#1536 = CARTESIAN_POINT ( 'NONE',  ( -17.23659892470484678, 10.49999999999999822, 61.99999999999999289 ) ) ;
#1537 = CARTESIAN_POINT ( 'NONE',  ( -17.02204453054920208, 10.50000000000000000, 62.00000000000000000 ) ) ;
#1538 = LINE ( 'NONE', #842, #286 ) ;
#1539 = CARTESIAN_POINT ( 'NONE',  ( 14.86795249866477242, 15.78336204266985376, 65.00000000000000000 ) ) ;
#1540 = CARTESIAN_POINT ( 'NONE',  ( -0.8542263031960491970, -19.99860985426131066, 65.00000000000000000 ) ) ;
#1541 = ORIENTED_EDGE ( 'NONE', *, *, #348, .T. ) ;
#1542 = CARTESIAN_POINT ( 'NONE',  ( -19.07843542144333782, 10.30455388372352488, 65.00000000000000000 ) ) ;
#1543 = DIRECTION ( 'NONE',  ( -0.000000000000000000, 0.000000000000000000, 1.000000000000000000 ) ) ;
#1544 = DIRECTION ( 'NONE',  ( -0.000000000000000000, -0.000000000000000000, 1.000000000000000000 ) ) ;
#1545 = DIRECTION ( 'NONE',  ( -0.000000000000000000, -0.000000000000000000, -1.000000000000000000 ) ) ;
#1546 = CARTESIAN_POINT ( 'NONE',  ( 16.82116757606753055, 13.68279394898734935, 65.00000000000000000 ) ) ;
#1547 = DIRECTION ( 'NONE',  ( 1.000000000000000000, 0.000000000000000000, 0.000000000000000000 ) ) ;
#1548 = ORIENTED_EDGE ( 'NONE', *, *, #1431, .T. ) ;
#1549 = EDGE_CURVE ( 'NONE', #1253, #1125, #1671, .T. ) ;
#1550 = DIRECTION ( 'NONE',  ( 0.000000000000000000, 0.000000000000000000, 1.000000000000000000 ) ) ;
#1551 = CARTESIAN_POINT ( 'NONE',  ( -17.77470296197247634, 10.50000000000000000, 64.38564514888521728 ) ) ;
#1552 = CARTESIAN_POINT ( 'NONE',  ( 17.02151916779111218, -10.50000000000000000, 65.00000000000000000 ) ) ;
#1553 = CARTESIAN_POINT ( 'NONE',  ( 0.000000000000000000, 0.000000000000000000, 70.00000000000000000 ) ) ;
#1554 = CARTESIAN_POINT ( 'NONE',  ( -8.892206051009615919, 19.77622816461652988, 65.00000000000000000 ) ) ;
#1555 = CARTESIAN_POINT ( 'NONE',  ( 17.02151916779111218, -10.50000000000000000, 65.00000000000000000 ) ) ;
#1556 = VECTOR ( 'NONE', #1303, 1000.000000000000000 ) ;
#1557 = CARTESIAN_POINT ( 'NONE',  ( 14.86795249866477242, 15.78336204266985376, 65.00000000000000000 ) ) ;
#1558 = CIRCLE ( 'NONE', #288, 24.12000000000000099 ) ;
#1559 = CARTESIAN_POINT ( 'NONE',  ( 0.000000000000000000, 0.000000000000000000, 70.00000000000000000 ) ) ;
#1560 = EDGE_CURVE ( 'NONE', #272, #1452, #886, .T. ) ;
#1561 = DIRECTION ( 'NONE',  ( -0.000000000000000000, -0.000000000000000000, 1.000000000000000000 ) ) ;
#1562 = VECTOR ( 'NONE', #643, 1000.000000000000000 ) ;
#1563 = CARTESIAN_POINT ( 'NONE',  ( -18.46783922160725311, 10.50000000000000000, 63.78791892190724155 ) ) ;
#1564 = DIRECTION ( 'NONE',  ( 1.000000000000000000, 0.000000000000000000, 0.000000000000000000 ) ) ;
#1565 = ORIENTED_EDGE ( 'NONE', *, *, #712, .T. ) ;
#1566 = CARTESIAN_POINT ( 'NONE',  ( 0.000000000000000000, 0.000000000000000000, 70.00000000000000000 ) ) ;
#1567 = CARTESIAN_POINT ( 'NONE',  ( 18.56397443501379385, -10.50000000000000178, 62.56029477546008621 ) ) ;
#1568 = EDGE_CURVE ( 'NONE', #837, #90, #681, .T. ) ;
#1569 = UNCERTAINTY_MEASURE_WITH_UNIT (LENGTH_MEASURE( 1.000000000000000082E-05 ), #80, 'distance_accuracy_value', 'NONE');
#1570 = CARTESIAN_POINT ( 'NONE',  ( 13.21117394595619743, -15.03803139037726666, 65.00000000000001421 ) ) ;
#1571 = ORIENTED_EDGE ( 'NONE', *, *, #1084, .T. ) ;
#1572 = CARTESIAN_POINT ( 'NONE',  ( 0.000000000000000000, 0.000000000000000000, 80.00000000000000000 ) ) ;
#1573 = CARTESIAN_POINT ( 'NONE',  ( 17.37111091136668506, -10.50000000000000000, 62.00000000000000000 ) ) ;
#1574 =( NAMED_UNIT ( * ) PLANE_ANGLE_UNIT ( ) SI_UNIT ( $, .RADIAN. ) );
#1575 = EDGE_LOOP ( 'NONE', ( #367, #1323, #1181, #1515 ) ) ;
#1576 = EDGE_CURVE ( 'NONE', #993, #1622, #1243, .T. ) ;
#1577 = CARTESIAN_POINT ( 'NONE',  ( -15.52499438243839869, -15.13753871333914169, 65.00000000000000000 ) ) ;
#1578 = CARTESIAN_POINT ( 'NONE',  ( -19.77622816461530419, -8.892206051011132928, 63.50000000000000000 ) ) ;
#1579 = ORIENTED_EDGE ( 'NONE', *, *, #1507, .T. ) ;
#1580 = DIRECTION ( 'NONE',  ( -0.000000000000000000, -0.000000000000000000, 1.000000000000000000 ) ) ;
#1581 = AXIS2_PLACEMENT_3D ( 'NONE', #1417, #1128, #839 ) ;
#1582 = ORIENTED_EDGE ( 'NONE', *, *, #236, .F. ) ;
#1583 = FACE_OUTER_BOUND ( 'NONE', #821, .T. ) ;
#1584 = DIRECTION ( 'NONE',  ( 0.000000000000000000, 0.000000000000000000, 1.000000000000000000 ) ) ;
#1585 = AXIS2_PLACEMENT_3D ( 'NONE', #1726, #470, #1030 ) ;
#1586 = AXIS2_PLACEMENT_3D ( 'NONE', #1440, #491, #1031 ) ;
#1587 = PRODUCT_DEFINITION_FORMATION_WITH_SPECIFIED_SOURCE ( 'ANY', '', #1039, .NOT_KNOWN. ) ;
#1588 = VERTEX_POINT ( 'NONE', #413 ) ;
#1589 = CARTESIAN_POINT ( 'NONE',  ( -7.482887490355727422, 18.73126495318170726, 65.00000000000000000 ) ) ;
#1590 = EDGE_CURVE ( 'NONE', #511, #1029, #1337, .T. ) ;
#1591 = FILL_AREA_STYLE_COLOUR ( '', #1415 ) ;
#1592 = ORIENTED_EDGE ( 'NONE', *, *, #520, .F. ) ;
#1593 = DIRECTION ( 'NONE',  ( -1.000000000000000000, 0.000000000000000000, 0.000000000000000000 ) ) ;
#1594 = CARTESIAN_POINT ( 'NONE',  ( 18.75124157139548231, -10.50000000000000000, 63.03215932806141808 ) ) ;
#1595 = DIRECTION ( 'NONE',  ( -1.000000000000000000, 0.000000000000000000, 0.000000000000000000 ) ) ;
#1596 = ORIENTED_EDGE ( 'NONE', *, *, #835, .F. ) ;
#1597 = CARTESIAN_POINT ( 'NONE',  ( -0.2739725310151497339, -21.68168508038315778, 65.00000000000000000 ) ) ;
#1598 = CARTESIAN_POINT ( 'NONE',  ( -8.400000000000000355, 0.000000000000000000, 80.00000000000000000 ) ) ;
#1599 = VERTEX_POINT ( 'NONE', #152 ) ;
#1600 = FACE_OUTER_BOUND ( 'NONE', #1204, .T. ) ;
#1601 = ORIENTED_EDGE ( 'NONE', *, *, #935, .F. ) ;
#1602 = EDGE_CURVE ( 'NONE', #341, #748, #652, .T. ) ;
#1603 = FACE_OUTER_BOUND ( 'NONE', #625, .T. ) ;
#1604 = CARTESIAN_POINT ( 'NONE',  ( -18.45857341420944309, -11.02831822599191725, 63.50000000000000000 ) ) ;
#1605 = DIRECTION ( 'NONE',  ( -0.000000000000000000, 0.000000000000000000, 1.000000000000000000 ) ) ;
#1606 = PRODUCT_DEFINITION_SHAPE ( 'NONE', 'NONE',  #1282 ) ;
#1607 = EDGE_LOOP ( 'NONE', ( #1325, #1548, #1462, #1214 ) ) ;
#1608 = CARTESIAN_POINT ( 'NONE',  ( -10.33087115688356938, -17.32417366223838684, 65.00000000000000000 ) ) ;
#1609 = CARTESIAN_POINT ( 'NONE',  ( 7.159224040107169174, 18.85734347894727492, 65.00000000000000000 ) ) ;
#1610 = ORIENTED_EDGE ( 'NONE', *, *, #1590, .F. ) ;
#1611 = CARTESIAN_POINT ( 'NONE',  ( 15.64759774517708912, 12.72818041766470998, 65.00000000000000000 ) ) ;
#1612 = CYLINDRICAL_SURFACE ( 'NONE', #1441, 21.64999999999999503 ) ;
#1613 = AXIS2_PLACEMENT_3D ( 'NONE', #1200, #1749, #1060 ) ;
#1614 = DIRECTION ( 'NONE',  ( 0.000000000000000000, -0.000000000000000000, -1.000000000000000000 ) ) ;
#1615 = CIRCLE ( 'NONE', #1643, 8.400000000000000355 ) ;
#1616 = CARTESIAN_POINT ( 'NONE',  ( -17.37111091136668506, -10.50000000000000000, 62.00000000000000000 ) ) ;
#1617 = VERTEX_POINT ( 'NONE', #710 ) ;
#1618 = VECTOR ( 'NONE', #1518, 1000.000000000000000 ) ;
#1619 = CARTESIAN_POINT ( 'NONE',  ( 0.2739725310270312852, 21.68168508038009179, 65.00000000000000000 ) ) ;
#1620 = AXIS2_PLACEMENT_3D ( 'NONE', #421, #447, #849 ) ;
#1621 = AXIS2_PLACEMENT_3D ( 'NONE', #660, #804, #1347 ) ;
#1622 = VERTEX_POINT ( 'NONE', #1537 ) ;
#1623 = CARTESIAN_POINT ( 'NONE',  ( -18.29869787034038353, -11.28750000000000142, 65.00000000000000000 ) ) ;
#1624 = CARTESIAN_POINT ( 'NONE',  ( 20.30000000000000426, 2.486033002269127767E-15, 0.000000000000000000 ) ) ;
#1625 = CARTESIAN_POINT ( 'NONE',  ( -18.03115651411197007, -10.50000000000000000, 62.13973981191385576 ) ) ;
#1626 = CARTESIAN_POINT ( 'NONE',  ( 3.800230787736572857, 21.24662281133948483, 63.50000000000000000 ) ) ;
#1627 = CARTESIAN_POINT ( 'NONE',  ( -15.52499438243837560, -15.13753871333911327, 63.50000000000000000 ) ) ;
#1628 = EDGE_CURVE ( 'NONE', #234, #1361, #416, .T. ) ;
#1629 = CARTESIAN_POINT ( 'NONE',  ( -17.74738178738914840, 9.585631519744186591, 65.00000000000000000 ) ) ;
#1630 = ORIENTED_EDGE ( 'NONE', *, *, #402, .T. ) ;
#1631 = CARTESIAN_POINT ( 'NONE',  ( 19.07843542143515947, -10.30455388372855374, 65.00000000000000000 ) ) ;
#1632 = VERTEX_POINT ( 'NONE', #1278 ) ;
#1633 = PLANE ( 'NONE',  #1798 ) ;
#1634 = CARTESIAN_POINT ( 'NONE',  ( 12.51350657021238177, 17.58615615319742886, 63.49999999999998579 ) ) ;
#1635 = CARTESIAN_POINT ( 'NONE',  ( 60.00000000000000000, 7.347880794884118356E-15, 70.00000000000000000 ) ) ;
#1636 = CARTESIAN_POINT ( 'NONE',  ( 13.83065348712896636, 14.68219724899521594, 65.00000000000000000 ) ) ;
#1637 = EDGE_CURVE ( 'NONE', #369, #1741, #176, .T. ) ;
#1638 = VERTEX_POINT ( 'NONE', #581 ) ;
#1639 = CARTESIAN_POINT ( 'NONE',  ( 9.585631519744326923, 17.74738178738576977, 65.00000000000000000 ) ) ;
#1640 = SHAPE_REPRESENTATION_RELATIONSHIP ( 'NONE' , 'NONE' ,  #1219, #268 ) ;
#1641 = CARTESIAN_POINT ( 'NONE',  ( -17.02204453054920208, 10.50000000000000000, 65.00000000000000000 ) ) ;
#1642 = CIRCLE ( 'NONE', #1613, 24.14999999999999858 ) ;
#1643 = AXIS2_PLACEMENT_3D ( 'NONE', #1572, #1189, #733 ) ;
#1644 = CARTESIAN_POINT ( 'NONE',  ( 21.45582040018660663, -3.133416638027344714, 63.50000000000000000 ) ) ;
#1645 = MECHANICAL_DESIGN_GEOMETRIC_PRESENTATION_REPRESENTATION (  '', ( #650 ), #1008 ) ;
#1646 = CARTESIAN_POINT ( 'NONE',  ( -0.6021323684929956732, 20.16163010647599307, 65.00000000000000000 ) ) ;
#1647 = AXIS2_PLACEMENT_3D ( 'NONE', #66, #1727, #471 ) ;
#1648 = VECTOR ( 'NONE', #874, 1000.000000000000000 ) ;
#1649 = CARTESIAN_POINT ( 'NONE',  ( -60.00000000000000000, 7.347880794884118356E-15, -10.00000000000000000 ) ) ;
#1650 = ORIENTED_EDGE ( 'NONE', *, *, #266, .T. ) ;
#1651 = PRODUCT_CONTEXT ( 'NONE', #1463, 'mechanical' ) ;
#1652 = EDGE_CURVE ( 'NONE', #1361, #369, #1682, .T. ) ;
#1653 = FACE_OUTER_BOUND ( 'NONE', #1532, .T. ) ;
#1654 = CARTESIAN_POINT ( 'NONE',  ( 18.76166303929371892, 10.50000000000000000, 63.50000000000000000 ) ) ;
#1655 = CARTESIAN_POINT ( 'NONE',  ( 19.92642032757407833, -8.550339279898361511, 63.50000000000000000 ) ) ;
#1656 = CARTESIAN_POINT ( 'NONE',  ( 6.204071132632277497, -20.77691098921444990, 63.50000000000000000 ) ) ;
#1657 = CARTESIAN_POINT ( 'NONE',  ( 17.02204453054920208, -10.50000000000000000, 0.000000000000000000 ) ) ;
#1658 = EDGE_LOOP ( 'NONE', ( #1601, #1448, #354, #1379 ) ) ;
#1659 = CARTESIAN_POINT ( 'NONE',  ( -14.86795249866522717, -15.78336204267056431, 63.50000000000000000 ) ) ;
#1660 = ORIENTED_EDGE ( 'NONE', *, *, #1496, .F. ) ;
#1661 = LINE ( 'NONE', #1783, #1300 ) ;
#1662 = ADVANCED_FACE ( 'NONE', ( #575 ), #1147, .F. ) ;
#1663 = CARTESIAN_POINT ( 'NONE',  ( 17.02204453054920208, -10.50000000000000000, 65.00000000000000000 ) ) ;
#1664 = VERTEX_POINT ( 'NONE', #1006 ) ;
#1665 = CARTESIAN_POINT ( 'NONE',  ( -13.68279394899039048, 16.82116757606425139, 65.00000000000000000 ) ) ;
#1666 = FACE_OUTER_BOUND ( 'NONE', #222, .T. ) ;
#1667 = ORIENTED_EDGE ( 'NONE', *, *, #473, .F. ) ;
#1668 = CARTESIAN_POINT ( 'NONE',  ( -15.78336204266901710, 14.86795249866738367, 63.50000000000000000 ) ) ;
#1669 = CARTESIAN_POINT ( 'NONE',  ( 12.60028364147395941, 15.62498767789736753, 65.00000000000001421 ) ) ;
#1670 = CARTESIAN_POINT ( 'NONE',  ( -18.74839127052527132, 10.50000000000000000, 63.28618840628323738 ) ) ;
#1671 = LINE ( 'NONE', #1663, #1443 ) ;
#1672 = EDGE_CURVE ( 'NONE', #1632, #400, #947, .T. ) ;
#1673 = CARTESIAN_POINT ( 'NONE',  ( 17.16232617981925657, -10.50000000000000000, 64.90391694455665572 ) ) ;
#1674 = CARTESIAN_POINT ( 'NONE',  ( 19.77622816461506972, 8.892206051011523726, 63.50000000000000000 ) ) ;
#1675 = CARTESIAN_POINT ( 'NONE',  ( 5.861223217377121486, -19.13984467287225044, 65.00000000000001421 ) ) ;
#1676 = AXIS2_PLACEMENT_3D ( 'NONE', #1681, #986, #139 ) ;
#1677 = EDGE_CURVE ( 'NONE', #468, #1452, #891, .T. ) ;
#1678 = ORIENTED_EDGE ( 'NONE', *, *, #1002, .F. ) ;
#1679 = AXIS2_PLACEMENT_3D ( 'NONE', #1451, #343, #1302 ) ;
#1680 = LINE ( 'NONE', #574, #1704 ) ;
#1681 = CARTESIAN_POINT ( 'NONE',  ( 0.000000000000000000, 0.000000000000000000, -5.000000000000000000 ) ) ;
#1682 = LINE ( 'NONE', #1403, #1185 ) ;
#1683 = CARTESIAN_POINT ( 'NONE',  ( 18.76166303929371182, -10.50000000000000000, 63.50000000000000000 ) ) ;
#1684 = CARTESIAN_POINT ( 'NONE',  ( -20.00000000000000000, 0.000000000000000000, 65.00000000000000000 ) ) ;
#1685 = UNCERTAINTY_MEASURE_WITH_UNIT (LENGTH_MEASURE( 1.000000000000000082E-05 ), #1015, 'distance_accuracy_value', 'NONE');
#1686 = CARTESIAN_POINT ( 'NONE',  ( 2.219165273601388044, 21.56955804742093363, 65.00000000000000000 ) ) ;
#1687 = EDGE_CURVE ( 'NONE', #1271, #1049, #1504, .T. ) ;
#1688 = CARTESIAN_POINT ( 'NONE',  ( 0.000000000000000000, 3.469446951953614189E-15, 63.20208152802354817 ) ) ;
#1689 = ORIENTED_EDGE ( 'NONE', *, *, #473, .T. ) ;
#1690 = CARTESIAN_POINT ( 'NONE',  ( 24.12000000000000099, 0.000000000000000000, -5.000000000000000000 ) ) ;
#1691 = CARTESIAN_POINT ( 'NONE',  ( 17.44494097484846407, 10.50000000000000178, 62.03227282553368838 ) ) ;
#1692 = CARTESIAN_POINT ( 'NONE',  ( 0.000000000000000000, 0.000000000000000000, 65.00000000000000000 ) ) ;
#1693 = DIRECTION ( 'NONE',  ( 0.000000000000000000, 0.000000000000000000, 1.000000000000000000 ) ) ;
#1694 = CARTESIAN_POINT ( 'NONE',  ( -4.213424641497779177, -19.56978481152622962, 65.00000000000000000 ) ) ;
#1695 = ADVANCED_FACE ( 'NONE', ( #881 ), #1178, .F. ) ;
#1696 = CARTESIAN_POINT ( 'NONE',  ( -10.30455388372362613, -19.07843542143892890, 63.50000000000000000 ) ) ;
#1697 = DIRECTION ( 'NONE',  ( -0.000000000000000000, -0.000000000000000000, -1.000000000000000000 ) ) ;
#1698 = DIRECTION ( 'NONE',  ( -0.000000000000000000, 0.000000000000000000, 1.000000000000000000 ) ) ;
#1699 = CARTESIAN_POINT ( 'NONE',  ( 0.000000000000000000, 0.000000000000000000, -5.000000000000000000 ) ) ;
#1700 = DIRECTION ( 'NONE',  ( 0.000000000000000000, -0.000000000000000000, -1.000000000000000000 ) ) ;
#1701 = FACE_OUTER_BOUND ( 'NONE', #906, .T. ) ;
#1702 = CARTESIAN_POINT ( 'NONE',  ( -14.13728217527476616, -14.15173099206039531, 64.99999999999998579 ) ) ;
#1703 = AXIS2_PLACEMENT_3D ( 'NONE', #1090, #1366, #663 ) ;
#1704 = VECTOR ( 'NONE', #847, 1000.000000000000000 ) ;
#1705 = CIRCLE ( 'NONE', #425, 60.00000000000000000 ) ;
#1706 = ORIENTED_EDGE ( 'NONE', *, *, #1183, .F. ) ;
#1707 = PLANE ( 'NONE',  #711 ) ;
#1708 = ADVANCED_FACE ( 'NONE', ( #750 ), #75, .T. ) ;
#1709 = CARTESIAN_POINT ( 'NONE',  ( 18.76166303929372248, -10.50000000000000000, 63.11620502565303070 ) ) ;
#1710 = CIRCLE ( 'NONE', #737, 20.00000000000000000 ) ;
#1711 = CIRCLE ( 'NONE', #1093, 16.00000000000000000 ) ;
#1712 = DIRECTION ( 'NONE',  ( -0.000000000000000000, 0.000000000000000000, 1.000000000000000000 ) ) ;
#1713 =( REPRESENTATION_RELATIONSHIP ('NONE','NONE', #1466, #1219 ) REPRESENTATION_RELATIONSHIP_WITH_TRANSFORMATION ( #1071 )SHAPE_REPRESENTATION_RELATIONSHIP( ) );
#1714 = DIRECTION ( 'NONE',  ( -0.000000000000000000, 0.000000000000000000, 1.000000000000000000 ) ) ;
#1715 = ORIENTED_EDGE ( 'NONE', *, *, #1590, .T. ) ;
#1716 = FACE_OUTER_BOUND ( 'NONE', #1330, .T. ) ;
#1717 = CARTESIAN_POINT ( 'NONE',  ( 17.71003850502647126, -10.50000000000000000, 62.02607327454325059 ) ) ;
#1718 = DIRECTION ( 'NONE',  ( 1.000000000000000000, 0.000000000000000000, 0.000000000000000000 ) ) ;
#1719 = CARTESIAN_POINT ( 'NONE',  ( 8.400000000000000355, 1.028703311283776783E-15, 70.00000000000000000 ) ) ;
#1720 = ADVANCED_FACE ( 'NONE', ( #1327, #1736 ), #211, .T. ) ;
#1721 = ORIENTED_EDGE ( 'NONE', *, *, #1560, .T. ) ;
#1722 = UNCERTAINTY_MEASURE_WITH_UNIT (LENGTH_MEASURE( 1.000000000000000082E-05 ), #795, 'distance_accuracy_value', 'NONE');
#1723 = CARTESIAN_POINT ( 'NONE',  ( -20.13610982466887123, -8.044104052131190841, 65.00000000000000000 ) ) ;
#1724 = ORIENTED_EDGE ( 'NONE', *, *, #992, .F. ) ;
#1725 = CARTESIAN_POINT ( 'NONE',  ( 0.000000000000000000, -10.50000000000000000, 62.00000000000000000 ) ) ;
#1726 = CARTESIAN_POINT ( 'NONE',  ( 0.000000000000000000, 0.000000000000000000, 70.00000000000000000 ) ) ;
#1727 = DIRECTION ( 'NONE',  ( 0.000000000000000000, 0.000000000000000000, 1.000000000000000000 ) ) ;
#1728 = CARTESIAN_POINT ( 'NONE',  ( 0.000000000000000000, 0.000000000000000000, 0.000000000000000000 ) ) ;
#1729 = ORIENTED_EDGE ( 'NONE', *, *, #674, .F. ) ;
#1730 = CARTESIAN_POINT ( 'NONE',  ( -12.05199623057455760, 16.17415465480657488, 65.00000000000000000 ) ) ;
#1731 = DIRECTION ( 'NONE',  ( 0.000000000000000000, 0.000000000000000000, 1.000000000000000000 ) ) ;
#1732 = ORIENTED_EDGE ( 'NONE', *, *, #34, .F. ) ;
#1733 = DIRECTION ( 'NONE',  ( 1.000000000000000000, 0.000000000000000000, 0.000000000000000000 ) ) ;
#1734 = MECHANICAL_DESIGN_GEOMETRIC_PRESENTATION_REPRESENTATION (  '', ( #567 ), #170 ) ;
#1735 = DIRECTION ( 'NONE',  ( 1.000000000000000000, 0.000000000000000000, 0.000000000000000000 ) ) ;
#1736 = FACE_OUTER_BOUND ( 'NONE', #802, .T. ) ;
#1737 = CIRCLE ( 'NONE', #944, 21.50000000000000000 ) ;
#1738 = DIRECTION ( 'NONE',  ( 1.000000000000000000, 0.000000000000000000, 0.000000000000000000 ) ) ;
#1739 = AXIS2_PLACEMENT_3D ( 'NONE', #722, #3, #548 ) ;
#1740 = AXIS2_PLACEMENT_3D ( 'NONE', #1421, #1156, #41 ) ;
#1741 = VERTEX_POINT ( 'NONE', #1155 ) ;
#1742 = CARTESIAN_POINT ( 'NONE',  ( 19.92642032757773052, -8.550339279898258482, 65.00000000000000000 ) ) ;
#1743 = CARTESIAN_POINT ( 'NONE',  ( 18.76166303929371182, -10.50000000000000000, 63.20208152802354817 ) ) ;
#1744 = EDGE_CURVE ( 'NONE', #901, #234, #1074, .T. ) ;
#1745 = ORIENTED_EDGE ( 'NONE', *, *, #1027, .T. ) ;
#1746 = DIRECTION ( 'NONE',  ( -0.000000000000000000, 0.000000000000000000, 1.000000000000000000 ) ) ;
#1747 = DIRECTION ( 'NONE',  ( 1.000000000000000000, 0.000000000000000000, -0.000000000000000000 ) ) ;
#1748 = CARTESIAN_POINT ( 'NONE',  ( 0.000000000000000000, 0.000000000000000000, -5.000000000000000000 ) ) ;
#1749 = DIRECTION ( 'NONE',  ( -0.000000000000000000, 0.000000000000000000, 1.000000000000000000 ) ) ;
#1750 = EDGE_LOOP ( 'NONE', ( #1118, #452, #213, #1033 ) ) ;
#1751 = CARTESIAN_POINT ( 'NONE',  ( 11.10568649364869565, 18.62348668691070230, 65.00000000000000000 ) ) ;
#1752 = CARTESIAN_POINT ( 'NONE',  ( 20.06470516038846696, -2.064339789402450887, 65.00000000000000000 ) ) ;
#1753 = EDGE_CURVE ( 'NONE', #1271, #676, #352, .T. ) ;
#1754 = ORIENTED_EDGE ( 'NONE', *, *, #1529, .T. ) ;
#1755 = CARTESIAN_POINT ( 'NONE',  ( 0.000000000000000000, 0.000000000000000000, 65.00000000000000000 ) ) ;
#1756 = DIRECTION ( 'NONE',  ( 1.000000000000000000, 0.000000000000000000, 0.000000000000000000 ) ) ;
#1757 = ORIENTED_EDGE ( 'NONE', *, *, #1496, .T. ) ;
#1758 = CARTESIAN_POINT ( 'NONE',  ( 18.76166303929371892, 10.50000000000000000, 65.00000000000000000 ) ) ;
#1759 = CARTESIAN_POINT ( 'NONE',  ( -20.16163010647331078, -0.6021323684928321374, 65.00000000000000000 ) ) ;
#1760 = ORIENTED_EDGE ( 'NONE', *, *, #1343, .F. ) ;
#1761 =( NAMED_UNIT ( * ) SI_UNIT ( $, .STERADIAN. ) SOLID_ANGLE_UNIT ( ) );
#1762 = CARTESIAN_POINT ( 'NONE',  ( 676.9455508809570574, 863.3649956466707636, 1229.240717050519379 ) ) ;
#1763 = CARTESIAN_POINT ( 'NONE',  ( 8.400000000000000355, 1.028703311283776783E-15, 80.00000000000000000 ) ) ;
#1764 = EDGE_CURVE ( 'NONE', #1109, #896, #1418, .T. ) ;
#1765 = AXIS2_PLACEMENT_3D ( 'NONE', #1725, #905, #469 ) ;
#1766 = ORIENTED_EDGE ( 'NONE', *, *, #1687, .F. ) ;
#1767 = VECTOR ( 'NONE', #1756, 1000.000000000000000 ) ;
#1768 = DIRECTION ( 'NONE',  ( 1.000000000000000000, 0.000000000000000000, 0.000000000000000000 ) ) ;
#1769 = CARTESIAN_POINT ( 'NONE',  ( 0.6472922961420598531, -21.67375236445351305, 65.00000000000000000 ) ) ;
#1770 = PRODUCT_DEFINITION_SHAPE ( 'NONE', 'NONE',  #1063 ) ;
#1771 = VERTEX_POINT ( 'NONE', #85 ) ;
#1772 = CARTESIAN_POINT ( 'NONE',  ( 15.78336204267439236, -14.86795249866023028, 65.00000000000000000 ) ) ;
#1773 =( NAMED_UNIT ( * ) PLANE_ANGLE_UNIT ( ) SI_UNIT ( $, .RADIAN. ) );
#1774 = CARTESIAN_POINT ( 'NONE',  ( 0.000000000000000000, 0.000000000000000000, 0.000000000000000000 ) ) ;
#1775 = CARTESIAN_POINT ( 'NONE',  ( -18.75106095318389521, -10.50000000000000000, 63.03101393517960815 ) ) ;
#1776 = EDGE_CURVE ( 'NONE', #1253, #1109, #1067, .T. ) ;
#1777 = ORIENTED_EDGE ( 'NONE', *, *, #1464, .F. ) ;
#1778 = CARTESIAN_POINT ( 'NONE',  ( 17.38721625392060943, 12.95589594786768650, 63.50000000000000000 ) ) ;
#1779 = CARTESIAN_POINT ( 'NONE',  ( 6.204071132633025343, -20.77691098921909330, 65.00000000000000000 ) ) ;
#1780 = ORIENTED_EDGE ( 'NONE', *, *, #415, .F. ) ;
#1781 = CARTESIAN_POINT ( 'NONE',  ( 5.771228960588755896, -19.32735905973562396, 65.00000000000000000 ) ) ;
#1782 =( NAMED_UNIT ( * ) SI_UNIT ( $, .STERADIAN. ) SOLID_ANGLE_UNIT ( ) );
#1783 = CARTESIAN_POINT ( 'NONE',  ( -56.90500000000000114, 10.50000000000000000, 0.000000000000000000 ) ) ;
#1784 = CARTESIAN_POINT ( 'NONE',  ( 21.02169995503691879, 5.315887496256299194, 65.00000000000000000 ) ) ;
#1785 = CARTESIAN_POINT ( 'NONE',  ( 8.271819582326637388, -18.39649131592732445, 65.00000000000000000 ) ) ;
#1786 = B_SPLINE_CURVE_WITH_KNOTS ( 'NONE', 3,
 ( #682, #4, #1258, #117, #940, #967, #1076, #1528, #132, #1794, #1626, #1082, #287, #1634, #788, #1356, #388, #1654 ),
 .UNSPECIFIED., .F., .F.,
 ( 4, 2, 2, 2, 2, 2, 2, 2, 4 ),
 ( 0.000000000000000000, 0.1250000000000000000, 0.2499999999999999445, 0.3749999999999999445, 0.5000000000000000000, 0.6250000000000000000, 0.7500000000000000000, 0.8750000000000000000, 1.000000000000000000 ),
 .UNSPECIFIED. ) ;
#1787 = ADVANCED_FACE ( 'NONE', ( #59 ), #742, .T. ) ;
#1788 = PLANE ( 'NONE',  #26 ) ;
#1789 = ORIENTED_EDGE ( 'NONE', *, *, #1075, .T. ) ;
#1790 = CARTESIAN_POINT ( 'NONE',  ( -15.64759774517403557, -12.72818041766283770, 65.00000000000000000 ) ) ;
#1791 = ORIENTED_EDGE ( 'NONE', *, *, #435, .F. ) ;
#1792 =( LENGTH_UNIT ( ) NAMED_UNIT ( * ) SI_UNIT ( .MILLI., .METRE. ) );
#1793 = FACE_BOUND ( 'NONE', #694, .T. ) ;
#1794 = CARTESIAN_POINT ( 'NONE',  ( 1.900193392103102008, 21.50000000000000000, 63.49999999999998579 ) ) ;
#1795 = CARTESIAN_POINT ( 'NONE',  ( 5.315887496244271482, -21.02169995504121758, 63.50000000000000000 ) ) ;
#1796 = CARTESIAN_POINT ( 'NONE',  ( -20.27164423987009556, 7.696165843116124172, 65.00000000000000000 ) ) ;
#1797 =( GEOMETRIC_REPRESENTATION_CONTEXT ( 3 ) GLOBAL_UNCERTAINTY_ASSIGNED_CONTEXT ( ( #818 ) ) GLOBAL_UNIT_ASSIGNED_CONTEXT ( ( #1792, #1199, #1782 ) ) REPRESENTATION_CONTEXT ( 'NONE', 'WORKASPACE' ) );
#1798 = AXIS2_PLACEMENT_3D ( 'NONE', #387, #939, #1499 ) ;
#1799 = CARTESIAN_POINT ( 'NONE',  ( -17.02204453054920208, -10.50000000000000000, 65.00000000000000000 ) ) ;
#1800 = ORIENTED_EDGE ( 'NONE', *, *, #1753, .T. ) ;
#1801 = NEXT_ASSEMBLY_USAGE_OCCURRENCE ( 'NAUO1', ' ', ' ', #1165, #1282, $ ) ;
#1802 = NEXT_ASSEMBLY_USAGE_OCCURRENCE ( 'NAUO2', ' ', ' ', #1165, #1063, $ ) ;
ENDSEC;
END-ISO-10303-21;
