ISO-10303-21;
HEADER;
FILE_DESCRIPTION (( 'STEP AP203' ),
    '1' );
FILE_NAME ('EDM Power Cover 2.STEP',
    '2026-04-24T23:55:25',
    ( '' ),
    ( '' ),
    'SwSTEP 2.0',
    'SolidWorks 2024',
    '' );
FILE_SCHEMA (( 'CONFIG_CONTROL_DESIGN' ));
ENDSEC;

DATA;
#1 = DIRECTION ( 'NONE',  ( 0.7592688025979927868, -0.6507771395811396964, 0.000000000000000000 ) ) ;
#2 = CARTESIAN_POINT ( 'NONE',  ( 5.095763516091969869, -14.97771028084252620, 3.761678721398357350 ) ) ;
#3 = VERTEX_POINT ( 'NONE', #324 ) ;
#4 = CARTESIAN_POINT ( 'NONE',  ( 15.90610547983418321, -10.92321226126108158, 4.255176081477136663 ) ) ;
#5 = DIRECTION ( 'NONE',  ( -0.000000000000000000, -0.000000000000000000, 1.000000000000000000 ) ) ;
#6 = EDGE_LOOP ( 'NONE', ( #2944, #1675, #1282, #1658 ) ) ;
#7 = EDGE_CURVE ( 'NONE', #3111, #530, #311, .T. ) ;
#8 = ORIENTED_EDGE ( 'NONE', *, *, #476, .T. ) ;
#9 = CARTESIAN_POINT ( 'NONE',  ( 6.799558061740896164, -11.30136668900934360, 3.442470036987789417 ) ) ;
#10 = CARTESIAN_POINT ( 'NONE',  ( -19.22946106578825010, 7.999999999999996447, 3.000000000000000000 ) ) ;
#11 = CARTESIAN_POINT ( 'NONE',  ( -29.22946106578824654, 7.999999999999923617, 3.000000000000000000 ) ) ;
#12 = CARTESIAN_POINT ( 'NONE',  ( 15.45734221869250824, -16.12066384884401771, 4.056523072931634388 ) ) ;
#13 = COORDINATED_UNIVERSAL_TIME_OFFSET ( 8, 0, .BEHIND. ) ;
#14 = ADVANCED_FACE ( 'NONE', ( #104 ), #1598, .T. ) ;
#15 = LINE ( 'NONE', #1290, #2842 ) ;
#16 = CARTESIAN_POINT ( 'NONE',  ( 7.201033789013086661, -15.75501884247543849, 4.410162164805864649 ) ) ;
#17 = EDGE_LOOP ( 'NONE', ( #2690, #1739, #950, #1573 ) ) ;
#18 = CARTESIAN_POINT ( 'NONE',  ( 22.77053893421170017, -18.00000000000000355, 0.000000000000000000 ) ) ;
#19 = FACE_OUTER_BOUND ( 'NONE', #650, .T. ) ;
#20 = ORIENTED_EDGE ( 'NONE', *, *, #2014, .T. ) ;
#21 = ORIENTED_EDGE ( 'NONE', *, *, #833, .F. ) ;
#22 = CC_DESIGN_APPROVAL ( #1836, ( #2327 ) ) ;
#23 = CARTESIAN_POINT ( 'NONE',  ( 16.18230589937859421, -11.23382528217091192, 3.215378424064207152 ) ) ;
#24 = CARTESIAN_POINT ( 'NONE',  ( 9.256287950411302035, -12.60044491202161332, 5.733889643628798716 ) ) ;
#25 = AXIS2_PLACEMENT_3D ( 'NONE', #955, #2472, #1568 ) ;
#26 = CARTESIAN_POINT ( 'NONE',  ( 17.51533640972222372, -14.49528008125836998, 4.132996583849529948 ) ) ;
#27 = VECTOR ( 'NONE', #2447, 1000.000000000000000 ) ;
#28 = ADVANCED_FACE ( 'NONE', ( #1113 ), #1831, .F. ) ;
#29 = DIRECTION ( 'NONE',  ( 0.000000000000000000, 0.000000000000000000, -1.000000000000000000 ) ) ;
#30 = AXIS2_PLACEMENT_3D ( 'NONE', #2557, #3269, #1790 ) ;
#31 = SPHERICAL_SURFACE ( 'NONE', #1462, 7.642168421052633498 ) ;
#32 = ORIENTED_EDGE ( 'NONE', *, *, #2443, .F. ) ;
#33 = EDGE_CURVE ( 'NONE', #1339, #2588, #570, .T. ) ;
#34 = CARTESIAN_POINT ( 'NONE',  ( 15.75911086625872137, -11.08226010208801071, 4.338164837841370414 ) ) ;
#35 = EDGE_LOOP ( 'NONE', ( #1497, #894, #359, #1749 ) ) ;
#36 = CIRCLE ( 'NONE', #142, 9.999999999999998224 ) ;
#37 = EDGE_CURVE ( 'NONE', #1434, #1557, #2175, .T. ) ;
#38 = CARTESIAN_POINT ( 'NONE',  ( 5.121719683470504769, -16.27331479939718406, 3.221262244316298595 ) ) ;
#39 = DIRECTION ( 'NONE',  ( -0.000000000000000000, 0.000000000000000000, 1.000000000000000000 ) ) ;
#40 = CARTESIAN_POINT ( 'NONE',  ( 16.03924938950994417, -11.73294166605374578, 3.242368458758234429 ) ) ;
#41 = CARTESIAN_POINT ( 'NONE',  ( 6.750223047773919127, -10.85929177338919338, 4.034613418115878147 ) ) ;
#42 = CARTESIAN_POINT ( 'NONE',  ( 6.650445459217263711, -11.99531968645704083, 3.203340912804238272 ) ) ;
#43 = EDGE_CURVE ( 'NONE', #2883, #1852, #480, .T. ) ;
#44 = CARTESIAN_POINT ( 'NONE',  ( 17.48666094532155313, -17.76824355213458517, 1.631248018052081861 ) ) ;
#45 = CARTESIAN_POINT ( 'NONE',  ( 15.75911086625872137, -11.08226010208801071, 4.338164837841370414 ) ) ;
#46 = ORIENTED_EDGE ( 'NONE', *, *, #346, .F. ) ;
#47 = PLANE ( 'NONE',  #1815 ) ;
#48 = FACE_OUTER_BOUND ( 'NONE', #577, .T. ) ;
#49 = ORIENTED_EDGE ( 'NONE', *, *, #37, .F. ) ;
#50 = AXIS2_PLACEMENT_3D ( 'NONE', #968, #2665, #3221 ) ;
#51 = CARTESIAN_POINT ( 'NONE',  ( 6.656741646321536976, -11.89751290744037604, 3.214376080245542777 ) ) ;
#52 = DIRECTION ( 'NONE',  ( -7.635014092848299684E-16, 1.000000000000000000, 0.000000000000000000 ) ) ;
#53 = CARTESIAN_POINT ( 'NONE',  ( 5.126984306938163094, -16.34148151687690032, 3.202550718605006619 ) ) ;
#54 = ORIENTED_EDGE ( 'NONE', *, *, #2392, .F. ) ;
#55 = CARTESIAN_POINT ( 'NONE',  ( 32.77053893421177122, 0.000000000000000000, 3.000000000000000000 ) ) ;
#56 = CARTESIAN_POINT ( 'NONE',  ( 7.075371318131391973, -11.21743296784127075, 3.391300349435125927 ) ) ;
#57 = DIRECTION ( 'NONE',  ( 0.5000322050566957666, 0.8660068093878584561, -0.000000000000000000 ) ) ;
#58 = CARTESIAN_POINT ( 'NONE',  ( 9.005248097111319794, -15.27253527726245430, 5.987111721198282943 ) ) ;
#59 = EDGE_CURVE ( 'NONE', #2064, #2869, #3201, .T. ) ;
#60 = DIRECTION ( 'NONE',  ( 1.000000000000000000, 1.734723475976807489E-15, 0.000000000000000000 ) ) ;
#61 = ORIENTED_EDGE ( 'NONE', *, *, #160, .F. ) ;
#62 = CARTESIAN_POINT ( 'NONE',  ( 4.444239939952678853, -18.00000000000000355, 1.510393021256787316 ) ) ;
#63 = CARTESIAN_POINT ( 'NONE',  ( -6.129967210265984789, 5.674820170431093658, 2.000000000000000000 ) ) ;
#64 = ORIENTED_EDGE ( 'NONE', *, *, #1344, .F. ) ;
#65 = DIRECTION ( 'NONE',  ( 0.000000000000000000, -0.000000000000000000, -1.000000000000000000 ) ) ;
#66 = DIRECTION ( 'NONE',  ( 0.000000000000000000, -0.2848206212137730509, 0.9585808331754815947 ) ) ;
#67 = CARTESIAN_POINT ( 'NONE',  ( 15.73935195604870074, -11.10293863056157981, 4.195306233634773285 ) ) ;
#68 = DIRECTION ( 'NONE',  ( 1.000000000000000000, 0.000000000000000000, 0.000000000000000000 ) ) ;
#69 = B_SPLINE_CURVE_WITH_KNOTS ( 'NONE', 3,
 ( #382, #1081, #3133, #1114 ),
 .UNSPECIFIED., .F., .F.,
 ( 4, 4 ),
 ( 0.000000000000000000, 0.0002621715179729608631 ),
 .UNSPECIFIED. ) ;
#70 = VECTOR ( 'NONE', #2471, 1000.000000000000000 ) ;
#71 = DIRECTION ( 'NONE',  ( -6.938893903907221278E-15, -1.000000000000000000, 0.000000000000000000 ) ) ;
#72 = EDGE_CURVE ( 'NONE', #3101, #2754, #435, .T. ) ;
#73 = CARTESIAN_POINT ( 'NONE',  ( -19.22946106578825010, -8.000000000000003553, 3.000000000000000000 ) ) ;
#74 = VECTOR ( 'NONE', #125, 1000.000000000000000 ) ;
#75 = CARTESIAN_POINT ( 'NONE',  ( 16.83353077483000249, -14.15625097989515879, 5.023942657875751117 ) ) ;
#76 = ORIENTED_EDGE ( 'NONE', *, *, #309, .T. ) ;
#77 = AXIS2_PLACEMENT_3D ( 'NONE', #1264, #220, #1278 ) ;
#78 = FACE_OUTER_BOUND ( 'NONE', #881, .T. ) ;
#79 = CARTESIAN_POINT ( 'NONE',  ( 9.266036663684053210, -7.000000000000002665, 1.733889651497854123 ) ) ;
#80 = VERTEX_POINT ( 'NONE', #2721 ) ;
#81 = DIRECTION ( 'NONE',  ( -1.000000000000000000, 0.000000000000000000, 0.000000000000000000 ) ) ;
#82 = EDGE_CURVE ( 'NONE', #1666, #1354, #419, .T. ) ;
#83 = CYLINDRICAL_SURFACE ( 'NONE', #2745, 2.000000000000000000 ) ;
#84 = DIRECTION ( 'NONE',  ( -0.6957801811684420912, -0.7182547873096356561, 0.000000000000000000 ) ) ;
#85 = AXIS2_PLACEMENT_3D ( 'NONE', #2713, #1691, #1671 ) ;
#86 = EDGE_CURVE ( 'NONE', #271, #2736, #1962, .T. ) ;
#87 = DIRECTION ( 'NONE',  ( -1.000000000000000000, 0.000000000000000000, 0.000000000000000000 ) ) ;
#88 = APPROVAL_STATUS ( 'not_yet_approved' ) ;
#89 = DIRECTION ( 'NONE',  ( 0.000000000000000000, 0.000000000000000000, -1.000000000000000000 ) ) ;
#90 = EDGE_CURVE ( 'NONE', #737, #1557, #2816, .T. ) ;
#91 = DIRECTION ( 'NONE',  ( -0.000000000000000000, 0.000000000000000000, 1.000000000000000000 ) ) ;
#92 = ORIENTED_EDGE ( 'NONE', *, *, #887, .F. ) ;
#93 = AXIS2_PLACEMENT_3D ( 'NONE', #2496, #2257, #962 ) ;
#94 = CARTESIAN_POINT ( 'NONE',  ( 15.08714790500825664, -12.53867634175819212, 4.256237357187954373 ) ) ;
#95 = DIRECTION ( 'NONE',  ( 0.5000322050566957666, 0.8660068093878584561, 0.000000000000000000 ) ) ;
#96 = ORIENTED_EDGE ( 'NONE', *, *, #788, .F. ) ;
#97 = CARTESIAN_POINT ( 'NONE',  ( 18.44603666368407247, -16.00000000000000000, 0.000000000000000000 ) ) ;
#98 = DIRECTION ( 'NONE',  ( 1.000000000000000000, 0.000000000000000000, 0.000000000000000000 ) ) ;
#99 = EDGE_CURVE ( 'NONE', #2371, #1905, #1321, .T. ) ;
#100 = CARTESIAN_POINT ( 'NONE',  ( 18.44603666368407247, -18.00000000000000355, 1.089823964423708436 ) ) ;
#101 = FACE_OUTER_BOUND ( 'NONE', #2302, .T. ) ;
#102 = DIRECTION ( 'NONE',  ( 0.000000000000000000, -0.000000000000000000, -1.000000000000000000 ) ) ;
#103 = ADVANCED_FACE ( 'NONE', ( #2230 ), #113, .T. ) ;
#104 = FACE_OUTER_BOUND ( 'NONE', #1543, .T. ) ;
#105 = CARTESIAN_POINT ( 'NONE',  ( 6.809397550448553105, -11.87801673704536753, 3.470718469312115140 ) ) ;
#106 = AXIS2_PLACEMENT_3D ( 'NONE', #1429, #1886, #2927 ) ;
#107 = CARTESIAN_POINT ( 'NONE',  ( 17.63402222355001570, -15.22485144448813088, 3.615245336759580486 ) ) ;
#108 = ORIENTED_EDGE ( 'NONE', *, *, #3222, .T. ) ;
#109 = CARTESIAN_POINT ( 'NONE',  ( 15.96185027959482561, -10.85929177338847573, 4.034613418114849637 ) ) ;
#110 = CARTESIAN_POINT ( 'NONE',  ( 5.081542905148738853, -16.72401683522249982, 3.098550029112165038 ) ) ;
#111 = ORIENTED_EDGE ( 'NONE', *, *, #465, .F. ) ;
#112 = AXIS2_PLACEMENT_3D ( 'NONE', #908, #1044, #504 ) ;
#113 =( BOUNDED_SURFACE ( )  B_SPLINE_SURFACE ( 3, 2, ( 
 ( #2468, #2414, #1201 ),
 ( #192, #1398, #2704 ),
 ( #898, #3240, #3257 ),
 ( #381, #1476, #700 ) ),
 .UNSPECIFIED., .F., .F., .F. ) 
 B_SPLINE_SURFACE_WITH_KNOTS ( ( 4, 4 ),
 ( 3, 3 ),
 ( 0.000000000000000000, 0.002762297093066361838 ),
 ( 0.000000000000000000, 1.000000000000000000 ),
 .UNSPECIFIED. ) 
 GEOMETRIC_REPRESENTATION_ITEM ( )  RATIONAL_B_SPLINE_SURFACE ( (
 ( 1.000000000000000000, 0.7071067811865475727, 1.000000000000000000),
 ( 1.000000000000000000, 0.7344383923722549445, 1.000000000000000000),
 ( 1.000000000000000000, 0.7617840702215437076, 1.000000000000000000),
 ( 1.000000000000000000, 0.7872431825531537308, 1.000000000000000000) ) ) 
 REPRESENTATION_ITEM ( '' )  SURFACE ( )  );
#114 = CARTESIAN_POINT ( 'NONE',  ( 6.504526126197538893, -12.23284294633300107, 2.950076294718473768 ) ) ;
#115 = CARTESIAN_POINT ( 'NONE',  ( -6.129967210265984789, 5.674820170431093658, 2.000000000000000000 ) ) ;
#116 = DIRECTION ( 'NONE',  ( 1.000000000000000000, 0.000000000000000000, 0.000000000000000000 ) ) ;
#117 = CARTESIAN_POINT ( 'NONE',  ( 22.77053893421177477, 7.999999999999996447, 3.000000000000000000 ) ) ;
#118 = ORIENTED_EDGE ( 'NONE', *, *, #1064, .F. ) ;
#119 = CARTESIAN_POINT ( 'NONE',  ( 6.954297138576864157, -11.08365645463123172, 4.339026384050049145 ) ) ;
#120 = ORIENTED_EDGE ( 'NONE', *, *, #972, .T. ) ;
#121 = PERSON_AND_ORGANIZATION_ROLE ( 'design_supplier' ) ;
#122 = DIRECTION ( 'NONE',  ( 6.938893903907229167E-15, 0.000000000000000000, 1.000000000000000000 ) ) ;
#123 = LOCAL_TIME ( 16, 55, 25.00000000000000000, #748 ) ;
#124 = ADVANCED_FACE ( 'NONE', ( #2485 ), #1262, .T. ) ;
#125 = DIRECTION ( 'NONE',  ( -0.000000000000000000, -1.000000000000000000, -0.000000000000000000 ) ) ;
#126 = VERTEX_POINT ( 'NONE', #2803 ) ;
#127 = CARTESIAN_POINT ( 'NONE',  ( 22.77053893421177477, -8.000000000000003553, 3.000000000000000000 ) ) ;
#128 = AXIS2_PLACEMENT_3D ( 'NONE', #79, #2341, #2353 ) ;
#129 = CARTESIAN_POINT ( 'NONE',  ( 26.52053893421177477, -1.734723475976807094E-15, 3.000000000000000000 ) ) ;
#130 = ORIENTED_EDGE ( 'NONE', *, *, #2443, .T. ) ;
#131 = VECTOR ( 'NONE', #3216, 1000.000000000000000 ) ;
#132 = CARTESIAN_POINT ( 'NONE',  ( 14.56121768928671045, -13.84730315103936960, 4.528266006387196008 ) ) ;
#133 = CARTESIAN_POINT ( 'NONE',  ( 11.35603666368406195, -6.875000000000007994, 1.607831578947366280 ) ) ;
#134 = PLANE ( 'NONE',  #191 ) ;
#135 = ORIENTED_EDGE ( 'NONE', *, *, #605, .T. ) ;
#136 = CARTESIAN_POINT ( 'NONE',  ( 11.35603666368406195, -6.875000000000007994, 7.000000000000000000 ) ) ;
#137 =( BOUNDED_SURFACE ( )  B_SPLINE_SURFACE ( 3, 2, ( 
 ( #1376, #2072, #2630 ),
 ( #3097, #1827, #1359 ),
 ( #2375, #2848, #2861 ),
 ( #1329, #579, #2345 ),
 ( #67, #2169, #2407 ),
 ( #963, #150, #909 ) ),
 .UNSPECIFIED., .F., .F., .F. ) 
 B_SPLINE_SURFACE_WITH_KNOTS ( ( 4, 2, 4 ),
 ( 3, 3 ),
 ( 5.690922993267788499E-15, 0.0002319718887691667208, 0.0004639437775326425185 ),
 ( 0.000000000000000000, 1.000000000000000000 ),
 .UNSPECIFIED. ) 
 GEOMETRIC_REPRESENTATION_ITEM ( )  RATIONAL_B_SPLINE_SURFACE ( (
 ( 1.000000000000000000, 0.9604954413297449589, 1.000000000000000000),
 ( 1.000000000000000000, 0.9785439056277962511, 1.000000000000000000),
 ( 1.000000000000000000, 0.9880173864882022539, 1.000000000000000000),
 ( 1.000000000000000000, 0.9986488187736533018, 1.000000000000000000),
 ( 1.000000000000000000, 0.9999082559524625768, 1.000000000000000000),
 ( 1.000000000000000000, 1.000000000000000000, 1.000000000000000000) ) ) 
 REPRESENTATION_ITEM ( '' )  SURFACE ( )  );
#138 = VERTEX_POINT ( 'NONE', #273 ) ;
#139 = DIRECTION ( 'NONE',  ( -1.000000000000000000, 0.000000000000000000, -7.264154555652879708E-15 ) ) ;
#140 = CARTESIAN_POINT ( 'NONE',  ( 17.13454307550023969, -17.51470142945102637, 1.819100554834023775 ) ) ;
#141 = CARTESIAN_POINT ( 'NONE',  ( 14.48955894963569691, -13.88351948317307105, 4.548561353793137307 ) ) ;
#142 = AXIS2_PLACEMENT_3D ( 'NONE', #2837, #735, #1555 ) ;
#143 = CARTESIAN_POINT ( 'NONE',  ( -29.22946106578824654, -7.999999999999930722, 0.000000000000000000 ) ) ;
#144 = DIRECTION ( 'NONE',  ( 1.000000000000000000, 0.000000000000000000, 0.000000000000000000 ) ) ;
#145 = ORIENTED_EDGE ( 'NONE', *, *, #1979, .F. ) ;
#146 = FACE_OUTER_BOUND ( 'NONE', #2755, .T. ) ;
#147 = CARTESIAN_POINT ( 'NONE',  ( 7.021170710541135840, -14.56102005340986771, 5.654226390771528443 ) ) ;
#148 = ORIENTED_EDGE ( 'NONE', *, *, #1287, .T. ) ;
#149 = CARTESIAN_POINT ( 'NONE',  ( 16.23874304186967166, -14.15271322646021801, 2.842017837523948653 ) ) ;
#150 = CARTESIAN_POINT ( 'NONE',  ( 15.75911086625877999, -11.08226010208795209, 4.338164837841300248 ) ) ;
#151 = ORIENTED_EDGE ( 'NONE', *, *, #1640, .F. ) ;
#152 = EDGE_LOOP ( 'NONE', ( #1268, #2153, #1617, #3067, #512, #931, #266, #1292, #1891, #2529, #617, #2426 ) ) ;
#153 = CARTESIAN_POINT ( 'NONE',  ( 16.41829807240738504, -16.00000000000022382, 2.140905766920968567 ) ) ;
#154 = CARTESIAN_POINT ( 'NONE',  ( 16.97231126599006856, -17.36031729620063047, 1.893833304132306550 ) ) ;
#155 = CARTESIAN_POINT ( 'NONE',  ( 14.78258111839990008, -13.74063281435333117, 4.421809654841902137 ) ) ;
#156 = ADVANCED_FACE ( 'NONE', ( #256, #520, #1733, #1270 ), #1284, .T. ) ;
#157 = CARTESIAN_POINT ( 'NONE',  ( 6.952962461094163160, -11.08226010207205903, 4.338164837820687403 ) ) ;
#158 = CARTESIAN_POINT ( 'NONE',  ( 17.23296228762410820, -14.17477694057936333, 4.620747505549573475 ) ) ;
#159 = ORIENTED_EDGE ( 'NONE', *, *, #1804, .F. ) ;
#160 = EDGE_CURVE ( 'NONE', #1265, #584, #2109, .T. ) ;
#161 = CARTESIAN_POINT ( 'NONE',  ( 14.20393028842126704, -12.26535365186813920, 5.553565885821356574 ) ) ;
#162 = CARTESIAN_POINT ( 'NONE',  ( -19.22946106578817549, -18.00000000000000355, 0.000000000000000000 ) ) ;
#163 = VERTEX_POINT ( 'NONE', #1026 ) ;
#164 = CARTESIAN_POINT ( 'NONE',  ( 11.35603666368406195, -6.875000000000007994, 3.000000000000000000 ) ) ;
#165 = CARTESIAN_POINT ( 'NONE',  ( 5.767821616317174716, -17.34696045681693377, 1.907523245294720615 ) ) ;
#166 = CARTESIAN_POINT ( 'NONE',  ( 16.03054480368034618, -11.68253504806472876, 3.257932112125093926 ) ) ;
#167 = VERTEX_POINT ( 'NONE', #2786 ) ;
#168 = CARTESIAN_POINT ( 'NONE',  ( 18.10603666368406550, -6.875000000000007105, 3.000000000000000000 ) ) ;
#169 = ADVANCED_FACE ( 'NONE', ( #997 ), #2281, .T. ) ;
#170 = ORIENTED_EDGE ( 'NONE', *, *, #3019, .F. ) ;
#171 = LINE ( 'NONE', #1179, #2856 ) ;
#172 = CARTESIAN_POINT ( 'NONE',  ( 16.89511139381098559, -17.27479510277819941, 1.927779759768309953 ) ) ;
#173 = AXIS2_PLACEMENT_3D ( 'NONE', #491, #1762, #1778 ) ;
#174 = CARTESIAN_POINT ( 'NONE',  ( 6.952962461094163160, -11.08226010207205903, 4.338164837820687403 ) ) ;
#175 = EDGE_CURVE ( 'NONE', #1864, #2597, #1798, .T. ) ;
#176 = CARTESIAN_POINT ( 'NONE',  ( 6.853210060930581271, -11.07787564773178879, 3.815759511564394746 ) ) ;
#177 = DIRECTION ( 'NONE',  ( -1.000000000000000000, 0.000000000000000000, 0.000000000000000000 ) ) ;
#178 = ORIENTED_EDGE ( 'NONE', *, *, #2378, .T. ) ;
#179 = CIRCLE ( 'NONE', #2567, 6.089999999999999858 ) ;
#180 = CARTESIAN_POINT ( 'NONE',  ( 18.27247533977356397, -17.97110826940972927, 1.504385929377200837 ) ) ;
#181 = CARTESIAN_POINT ( 'NONE',  ( 17.95627936443862893, -17.64479138087484955, 2.297271618292084483 ) ) ;
#182 = ORIENTED_EDGE ( 'NONE', *, *, #524, .T. ) ;
#183 = DIRECTION ( 'NONE',  ( -0.5958469241734453137, -0.8030980282338168186, 0.000000000000000000 ) ) ;
#184 = CARTESIAN_POINT ( 'NONE',  ( -9.598187625335965478, 12.88322821025619547, 2.000000000000000000 ) ) ;
#185 = DIRECTION ( 'NONE',  ( 0.000000000000000000, -0.2818507699244994225, 0.9594582552112244089 ) ) ;
#186 = ORIENTED_EDGE ( 'NONE', *, *, #1415, .F. ) ;
#187 = TOROIDAL_SURFACE ( 'NONE', #2355, 5.000000000000000000, 2.000000000000000000 ) ;
#188 = CARTESIAN_POINT ( 'NONE',  ( -6.129967210265984789, 5.674820170431093658, 2.000000000000000000 ) ) ;
#189 = ORIENTED_EDGE ( 'NONE', *, *, #525, .F. ) ;
#190 = CARTESIAN_POINT ( 'NONE',  ( 15.89060912108324075, -11.52813864856905468, 3.472873694128903121 ) ) ;
#191 = AXIS2_PLACEMENT_3D ( 'NONE', #947, #375, #1412 ) ;
#192 = CARTESIAN_POINT ( 'NONE',  ( 19.24764942480365448, -16.15475854326115268, 3.000000000000000000 ) ) ;
#193 = CARTESIAN_POINT ( 'NONE',  ( 15.57729540693915737, -13.46213871780383364, 3.848220437914010805 ) ) ;
#194 = LINE ( 'NONE', #2723, #70 ) ;
#195 = CARTESIAN_POINT ( 'NONE',  ( 1.734723475976807094E-14, 12.88322821025619547, 2.000000000000000000 ) ) ;
#196 = EDGE_LOOP ( 'NONE', ( #8, #2112, #3123, #3127 ) ) ;
#197 = CIRCLE ( 'NONE', #2048, 7.089999999999999858 ) ;
#198 = ORIENTED_EDGE ( 'NONE', *, *, #3231, .T. ) ;
#199 = EDGE_CURVE ( 'NONE', #1339, #1510, #1338, .T. ) ;
#200 = CARTESIAN_POINT ( 'NONE',  ( 15.63670200923735543, -11.21743296784094035, 3.391300349441754403 ) ) ;
#201 = CARTESIAN_POINT ( 'NONE',  ( 9.266036663684074526, -7.000000000000002665, 4.733889651497853457 ) ) ;
#202 = EDGE_LOOP ( 'NONE', ( #2124, #3163, #2607, #2554, #1636 ) ) ;
#203 = CARTESIAN_POINT ( 'NONE',  ( 4.464355607133098758, -18.00000000000000355, 1.200215198477665890 ) ) ;
#204 = EDGE_CURVE ( 'NONE', #2603, #163, #1043, .T. ) ;
#205 = EDGE_CURVE ( 'NONE', #620, #948, #1996, .T. ) ;
#206 = ORIENTED_EDGE ( 'NONE', *, *, #1140, .T. ) ;
#207 = CARTESIAN_POINT ( 'NONE',  ( 8.148885751757870111, -13.84631640296182553, 4.527520913745093800 ) ) ;
#208 = DIRECTION ( 'NONE',  ( -0.000000000000000000, -0.000000000000000000, 1.000000000000000000 ) ) ;
#209 = CIRCLE ( 'NONE', #1894, 0.9999999999999997780 ) ;
#210 = CARTESIAN_POINT ( 'NONE',  ( 7.627478530639254295, -11.69609972042366586, 5.051583190731089523 ) ) ;
#211 = DIRECTION ( 'NONE',  ( 0.000000000000000000, 0.000000000000000000, -1.000000000000000000 ) ) ;
#212 = CARTESIAN_POINT ( 'NONE',  ( 6.821464206287057408, -11.52813864857238357, 3.472873694131959343 ) ) ;
#213 = VERTEX_POINT ( 'NONE', #240 ) ;
#214 = ADVANCED_FACE ( 'NONE', ( #2104 ), #1108, .F. ) ;
#215 = CARTESIAN_POINT ( 'NONE',  ( 32.77053893421177122, 7.999999999999923617, 0.000000000000000000 ) ) ;
#216 = CARTESIAN_POINT ( 'NONE',  ( 5.141664313281221865, -14.67407743914467488, 3.973360021401536546 ) ) ;
#217 = VERTEX_POINT ( 'NONE', #1842 ) ;
#218 = CARTESIAN_POINT ( 'NONE',  ( 6.567066381990718682, -14.37496706044924011, 5.460601440766368775 ) ) ;
#219 = EDGE_CURVE ( 'NONE', #2371, #405, #305, .T. ) ;
#220 = DIRECTION ( 'NONE',  ( -0.000000000000000000, 0.000000000000000000, 1.000000000000000000 ) ) ;
#221 = ORIENTED_EDGE ( 'NONE', *, *, #595, .T. ) ;
#222 = EDGE_CURVE ( 'NONE', #356, #1839, #1566, .T. ) ;
#223 = VERTEX_POINT ( 'NONE', #2876 ) ;
#224 = CARTESIAN_POINT ( 'NONE',  ( 6.472399485510403672, -16.39484528925829920, 3.445320720057893027 ) ) ;
#225 = CARTESIAN_POINT ( 'NONE',  ( -10.95016594160859391, 6.820829136982932361, 2.000000000000000000 ) ) ;
#226 = AXIS2_PLACEMENT_3D ( 'NONE', #521, #2532, #761 ) ;
#227 = LINE ( 'NONE', #1235, #611 ) ;
#228 = DIRECTION ( 'NONE',  ( 1.000000000000000000, 0.000000000000000000, 0.000000000000000000 ) ) ;
#229 = ORIENTED_EDGE ( 'NONE', *, *, #514, .F. ) ;
#230 = CARTESIAN_POINT ( 'NONE',  ( 1.734723475976807094E-14, 12.88322821025619547, 3.000000000000000000 ) ) ;
#231 = CARTESIAN_POINT ( 'NONE',  ( 6.543063555949983012, -13.95240428384013320, 2.995656712703933966 ) ) ;
#232 = ORIENTED_EDGE ( 'NONE', *, *, #33, .F. ) ;
#233 = CC_DESIGN_APPROVAL ( #2145, ( #548 ) ) ;
#234 = CARTESIAN_POINT ( 'NONE',  ( 6.449079615398314758, -14.32859976143704017, 5.400416698186536024 ) ) ;
#235 = CARTESIAN_POINT ( 'NONE',  ( 19.21746471704630821, -16.16072732154703218, 2.999999999999999112 ) ) ;
#236 = VERTEX_POINT ( 'NONE', #607 ) ;
#237 = ORIENTED_EDGE ( 'NONE', *, *, #2618, .F. ) ;
#238 = CARTESIAN_POINT ( 'NONE',  ( 6.410205753594976130, -11.39939550512560373, 3.034382070696816758 ) ) ;
#239 = VECTOR ( 'NONE', #1145, 1000.000000000000000 ) ;
#240 = CARTESIAN_POINT ( 'NONE',  ( 17.30820481608981964, -17.64479138087486731, 1.733889651497832141 ) ) ;
#241 = CARTESIAN_POINT ( 'NONE',  ( 16.54017774298997168, -12.42198903573215141, 2.895656219178598612 ) ) ;
#242 = EDGE_CURVE ( 'NONE', #1731, #2754, #2357, .T. ) ;
#243 = VECTOR ( 'NONE', #634, 1000.000000000000000 ) ;
#244 = CIRCLE ( 'NONE', #2252, 10.14216842105263439 ) ;
#245 = CARTESIAN_POINT ( 'NONE',  ( 17.63205271927673579, -15.31311973845456542, 3.577916059627979983 ) ) ;
#246 = CARTESIAN_POINT ( 'NONE',  ( 22.77053893421170017, -16.00000000000000000, 3.000000000000000000 ) ) ;
#247 = CARTESIAN_POINT ( 'NONE',  ( 6.643338112011071495, -12.17993776425763031, 3.193021575912987853 ) ) ;
#248 = CARTESIAN_POINT ( 'NONE',  ( 7.385944574358686232, -13.51218409048523661, 4.074243870732993322 ) ) ;
#249 = ORIENTED_EDGE ( 'NONE', *, *, #3060, .T. ) ;
#250 = AXIS2_PLACEMENT_3D ( 'NONE', #1606, #1579, #2889 ) ;
#251 = DIRECTION ( 'NONE',  ( 0.000000000000000000, -1.000000000000000000, 0.000000000000000000 ) ) ;
#252 = FACE_OUTER_BOUND ( 'NONE', #1388, .T. ) ;
#253 = VERTEX_POINT ( 'NONE', #2847 ) ;
#254 = ORIENTED_EDGE ( 'NONE', *, *, #3106, .T. ) ;
#255 = PLANE ( 'NONE',  #1833 ) ;
#256 = FACE_BOUND ( 'NONE', #1500, .T. ) ;
#257 = LINE ( 'NONE', #1271, #2393 ) ;
#258 = VECTOR ( 'NONE', #3175, 1000.000000000000000 ) ;
#259 = EDGE_CURVE ( 'NONE', #1557, #405, #2613, .T. ) ;
#260 = CARTESIAN_POINT ( 'NONE',  ( 15.46002960789471103, -15.82850897704132009, 4.407610013274560146 ) ) ;
#261 = COORDINATED_UNIVERSAL_TIME_OFFSET ( 8, 0, .BEHIND. ) ;
#262 = ADVANCED_FACE ( 'NONE', ( #2056 ), #2087, .F. ) ;
#263 = CARTESIAN_POINT ( 'NONE',  ( 17.95627936443871420, -17.64479138087486731, 2.297271618292127560 ) ) ;
#264 = VECTOR ( 'NONE', #208, 1000.000000000000000 ) ;
#265 = CARTESIAN_POINT ( 'NONE',  ( 7.301000702662401309, -15.97834498536799686, 4.318939091947016529 ) ) ;
#266 = ORIENTED_EDGE ( 'NONE', *, *, #3146, .T. ) ;
#267 = CARTESIAN_POINT ( 'NONE',  ( 5.179960297926258228, -14.53397911743614301, 4.092979753481948535 ) ) ;
#268 = CARTESIAN_POINT ( 'NONE',  ( 4.272387332070238131, -16.31883855589257948, 3.068202361907520270 ) ) ;
#269 = VERTEX_POINT ( 'NONE', #1607 ) ;
#270 = ADVANCED_FACE ( 'NONE', ( #348 ), #3078, .F. ) ;
#271 = VERTEX_POINT ( 'NONE', #3129 ) ;
#272 = DIRECTION ( 'NONE',  ( -0.000000000000000000, -0.000000000000000000, -1.000000000000000000 ) ) ;
#273 = CARTESIAN_POINT ( 'NONE',  ( -9.598187625335965478, 12.88322821025619547, 3.000000000000000000 ) ) ;
#274 = EDGE_CURVE ( 'NONE', #1696, #2920, #790, .T. ) ;
#275 = CARTESIAN_POINT ( 'NONE',  ( 16.05541899322701127, -11.98458673961390275, 3.214166329880520312 ) ) ;
#276 = CARTESIAN_POINT ( 'NONE',  ( 14.46605299698535774, -13.07140418416985561, 4.557745165421733802 ) ) ;
#277 = CARTESIAN_POINT ( 'NONE',  ( 17.62414548665147507, -15.08677533140402893, 3.697482787568356244 ) ) ;
#278 = EDGE_CURVE ( 'NONE', #1707, #2931, #1000, .T. ) ;
#279 = DIRECTION ( 'NONE',  ( 1.000000000000000000, 0.000000000000000000, 0.000000000000000000 ) ) ;
#280 = CARTESIAN_POINT ( 'NONE',  ( 6.769820591949515354, -10.88225387563078250, 4.242738910632583682 ) ) ;
#281 = CARTESIAN_POINT ( 'NONE',  ( 7.252043719473552308, -15.82850897704161497, 4.407610013274154248 ) ) ;
#282 = EDGE_CURVE ( 'NONE', #2288, #2656, #805, .T. ) ;
#283 = ORIENTED_EDGE ( 'NONE', *, *, #199, .F. ) ;
#284 = EDGE_CURVE ( 'NONE', #167, #2510, #209, .T. ) ;
#285 = CARTESIAN_POINT ( 'NONE',  ( 5.816961933557115216, -17.27479510277822783, 1.927779759768289525 ) ) ;
#286 = CARTESIAN_POINT ( 'NONE',  ( 6.677980500185963564, -11.11535019354836962, 3.457805824533921601 ) ) ;
#287 = ORIENTED_EDGE ( 'NONE', *, *, #1966, .F. ) ;
#288 = EDGE_CURVE ( 'NONE', #379, #80, #2424, .T. ) ;
#289 = DIRECTION ( 'NONE',  ( 0.1465486610894621011, -0.9892034623538707994, 0.000000000000000000 ) ) ;
#290 = CARTESIAN_POINT ( 'NONE',  ( 16.44603665583807484, -11.32183508541560002, 2.062831183709422866 ) ) ;
#291 = CARTESIAN_POINT ( 'NONE',  ( 16.04192280094196477, -11.39091098938817836, 3.242536346679893544 ) ) ;
#292 = CARTESIAN_POINT ( 'NONE',  ( 7.094569012900632465, -11.92557490272370835, 3.816368414925701558 ) ) ;
#293 = VECTOR ( 'NONE', #3160, 1000.000000000000000 ) ;
#294 = CARTESIAN_POINT ( 'NONE',  ( 6.681471846051987740, -11.68280973450163351, 3.257833325344387632 ) ) ;
#295 = CARTESIAN_POINT ( 'NONE',  ( -19.22946106578817549, -18.00000000000000355, 1.000000000000000000 ) ) ;
#296 = AXIS2_PLACEMENT_3D ( 'NONE', #329, #386, #3136 ) ;
#297 = FACE_OUTER_BOUND ( 'NONE', #1279, .T. ) ;
#298 = CARTESIAN_POINT ( 'NONE',  ( -29.22946106578824654, -7.999999999999930722, 1.000000000000000000 ) ) ;
#299 = ORIENTED_EDGE ( 'NONE', *, *, #1452, .T. ) ;
#300 = CARTESIAN_POINT ( 'NONE',  ( 6.072456837527262508, -17.18717454869868888, 3.058886378420049734 ) ) ;
#301 = CARTESIAN_POINT ( 'NONE',  ( 8.022271484448102896, -12.89562460026865942, 4.466588219331458554 ) ) ;
#302 = ORIENTED_EDGE ( 'NONE', *, *, #1438, .T. ) ;
#303 = AXIS2_PLACEMENT_3D ( 'NONE', #1814, #751, #765 ) ;
#304 = DIRECTION ( 'NONE',  ( 0.7263149563998083647, 0.6873620473301857992, 0.000000000000000000 ) ) ;
#305 = LINE ( 'NONE', #2645, #2296 ) ;
#306 = DIRECTION ( 'NONE',  ( 1.000000000000000000, 2.220446049250313396E-14, 0.000000000000000000 ) ) ;
#307 = CARTESIAN_POINT ( 'NONE',  ( 8.641039051598150778, -12.33374463378955888, 4.696793506364280724 ) ) ;
#308 = B_SPLINE_CURVE_WITH_KNOTS ( 'NONE', 3,
 ( #1435, #417, #1148, #2948, #207, #663, #2213, #644, #1908, #3239, #1454, #1679, #2467, #1417, #2413, #951, #914, #3198, #1713, #1218, #2684, #1961 ),
 .UNSPECIFIED., .F., .F.,
 ( 4, 2, 2, 2, 2, 2, 2, 2, 2, 2, 4 ),
 ( 0.000000000000000000, 0.0007422457675274873054, 0.001484491535054974611, 0.002226737302582457688, 0.002597860186346199769, 0.002968983070109942283, 0.003340105953873683496, 0.003711228837637424709, 0.004453474605164908437, 0.005195720372692391731, 0.005937966140219875025 ),
 .UNSPECIFIED. ) ;
#309 = EDGE_CURVE ( 'NONE', #2166, #837, #313, .T. ) ;
#310 = FACE_OUTER_BOUND ( 'NONE', #1989, .T. ) ;
#311 = LINE ( 'NONE', #2335, #2372 ) ;
#312 = CARTESIAN_POINT ( 'NONE',  ( 6.952962461094163160, -11.08226010207205903, 4.338164837820687403 ) ) ;
#313 = B_SPLINE_CURVE_WITH_KNOTS ( 'NONE', 3,
 ( #1938, #3157, #165, #2131, #1692, #929 ),
 .UNSPECIFIED., .F., .F.,
 ( 4, 2, 4 ),
 ( 0.000000000000000000, 0.0007475129932627893811, 0.001495025986525578762 ),
 .UNSPECIFIED. ) ;
#314 = CARTESIAN_POINT ( 'NONE',  ( 22.77053893421177477, 7.999999999999996447, 0.000000000000000000 ) ) ;
#315 = ORIENTED_EDGE ( 'NONE', *, *, #2904, .F. ) ;
#316 = CARTESIAN_POINT ( 'NONE',  ( 5.072145854000171816, -16.74276771690558618, 3.076483646374734260 ) ) ;
#317 = DIRECTION ( 'NONE',  ( -0.000000000000000000, 0.000000000000000000, -1.000000000000000000 ) ) ;
#318 = ORIENTED_EDGE ( 'NONE', *, *, #274, .F. ) ;
#319 = FACE_OUTER_BOUND ( 'NONE', #1585, .T. ) ;
#320 = CARTESIAN_POINT ( 'NONE',  ( 29.02053893421176767, -1.581642626083388356E-15, 3.000000000000000000 ) ) ;
#321 = DIRECTION ( 'NONE',  ( -0.2832959603348601529, -0.9590325327422157820, 0.000000000000000000 ) ) ;
#322 = DIRECTION ( 'NONE',  ( 1.000000000000000000, 0.000000000000000000, 0.000000000000000000 ) ) ;
#323 = CARTESIAN_POINT ( 'NONE',  ( 1.734723475976807094E-14, 12.88322821025619547, 2.000000000000000000 ) ) ;
#324 = CARTESIAN_POINT ( 'NONE',  ( -25.47946106578824299, -1.734723475976807094E-15, 0.000000000000000000 ) ) ;
#325 = DIRECTION ( 'NONE',  ( -0.000000000000000000, -0.000000000000000000, -1.000000000000000000 ) ) ;
#326 = CARTESIAN_POINT ( 'NONE',  ( 16.61113995717217406, -14.20857581239087608, 5.190491329621991667 ) ) ;
#327 = ORIENTED_EDGE ( 'NONE', *, *, #2191, .F. ) ;
#328 = EDGE_CURVE ( 'NONE', #1852, #626, #2867, .T. ) ;
#329 = CARTESIAN_POINT ( 'NONE',  ( 17.44704306631385293, -16.23807063472620626, 2.205897815834412246 ) ) ;
#330 = CARTESIAN_POINT ( 'NONE',  ( 8.728374344407932028, -13.39572159142367447, 4.696018513374412784 ) ) ;
#331 = ORIENTED_EDGE ( 'NONE', *, *, #59, .T. ) ;
#332 = EDGE_CURVE ( 'NONE', #2288, #126, #2551, .T. ) ;
#333 = DIRECTION ( 'NONE',  ( -0.000000000000000000, -0.000000000000000000, -1.000000000000000000 ) ) ;
#334 = CARTESIAN_POINT ( 'NONE',  ( 5.123501821144779811, -16.40906309718623390, 3.183528977708987906 ) ) ;
#335 = CARTESIAN_POINT ( 'NONE',  ( 17.30820481608981964, -17.64479138087486731, 1.733889651497832141 ) ) ;
#336 = CARTESIAN_POINT ( 'NONE',  ( -29.22946106578824654, 7.999999999999923617, 1.000000000000000000 ) ) ;
#337 = CARTESIAN_POINT ( 'NONE',  ( 6.266036671532204672, -11.32183508541858430, 2.062831183710411409 ) ) ;
#338 = CIRCLE ( 'NONE', #3273, 2.000000000000001776 ) ;
#339 = CARTESIAN_POINT ( 'NONE',  ( 18.44603666368407247, -16.00000000000000355, 1.733889651497817930 ) ) ;
#340 = EDGE_LOOP ( 'NONE', ( #709, #1936 ) ) ;
#341 = EDGE_CURVE ( 'NONE', #1773, #1342, #475, .T. ) ;
#342 = VECTOR ( 'NONE', #2445, 1000.000000000000114 ) ;
#343 = CARTESIAN_POINT ( 'NONE',  ( 14.76037543519973916, -11.94212650380009499, 4.468231583465128054 ) ) ;
#344 = CARTESIAN_POINT ( 'NONE',  ( 6.821464206287057408, -11.52813864857238357, 3.472873694131959343 ) ) ;
#345 = ORIENTED_EDGE ( 'NONE', *, *, #2812, .T. ) ;
#346 = EDGE_CURVE ( 'NONE', #1510, #3238, #843, .T. ) ;
#347 = CARTESIAN_POINT ( 'NONE',  ( 6.517792995225444308, -11.87236835428868709, 2.969769904402491445 ) ) ;
#348 = FACE_OUTER_BOUND ( 'NONE', #35, .T. ) ;
#349 = CARTESIAN_POINT ( 'NONE',  ( -10.95016594160859391, 6.820829136982932361, 2.000000000000000000 ) ) ;
#350 = DIRECTION ( 'NONE',  ( 1.000000000000000000, 0.000000000000000000, 0.000000000000000000 ) ) ;
#351 = CIRCLE ( 'NONE', #3227, 2.999999999999999556 ) ;
#352 = DIRECTION ( 'NONE',  ( 0.6478214427981697776, 0.7617922146168847330, 0.000000000000000000 ) ) ;
#353 = DATE_AND_TIME ( #1364, #2404 ) ;
#354 = DIRECTION ( 'NONE',  ( 0.5000322050566957666, 0.8660068093878584561, -0.000000000000000000 ) ) ;
#355 = CARTESIAN_POINT ( 'NONE',  ( 17.53179252196824578, -14.53303244662032156, 4.093862706833372833 ) ) ;
#356 = VERTEX_POINT ( 'NONE', #429 ) ;
#357 = CARTESIAN_POINT ( 'NONE',  ( 14.98304244548692488, -11.78616532211625945, 4.348709076585826061 ) ) ;
#358 = DIRECTION ( 'NONE',  ( 1.000000000000000000, -0.000000000000000000, 0.000000000000000000 ) ) ;
#359 = ORIENTED_EDGE ( 'NONE', *, *, #328, .T. ) ;
#360 = CARTESIAN_POINT ( 'NONE',  ( 16.53934253595402737, -11.19979475027952986, 2.799601690586398295 ) ) ;
#361 = CARTESIAN_POINT ( 'NONE',  ( 16.03409282718203599, -11.11535019354832876, 3.457805824534087691 ) ) ;
#362 = CARTESIAN_POINT ( 'NONE',  ( 15.61505657151538529, -11.92827025100728378, 3.818220325697035289 ) ) ;
#363 = EDGE_CURVE ( 'NONE', #2238, #472, #2987, .T. ) ;
#364 = CARTESIAN_POINT ( 'NONE',  ( 6.917003687171458637, -11.04465206906343155, 4.314947825907530898 ) ) ;
#365 = DATE_AND_TIME ( #629, #2188 ) ;
#366 = CARTESIAN_POINT ( 'NONE',  ( 13.44603666368407069, -16.00000000000000000, 1.733889651497854123 ) ) ;
#367 = CARTESIAN_POINT ( 'NONE',  ( 5.135177732052194521, -17.83066597221409566, 2.079247306585651600 ) ) ;
#368 = CARTESIAN_POINT ( 'NONE',  ( 6.910303965427223361, -11.40444532868892757, 3.597759962764626618 ) ) ;
#369 = ORIENTED_EDGE ( 'NONE', *, *, #1041, .F. ) ;
#370 = CARTESIAN_POINT ( 'NONE',  ( 14.55182109714455407, -12.06127198220367625, 5.390053216734821184 ) ) ;
#371 = CARTESIAN_POINT ( 'NONE',  ( 6.491760917105735551, -14.34487914554691734, 5.423125260529002567 ) ) ;
#372 = ORIENTED_EDGE ( 'NONE', *, *, #1150, .F. ) ;
#373 = CARTESIAN_POINT ( 'NONE',  ( -22.97946106578825010, -1.581642626083388356E-15, 3.000000000000000000 ) ) ;
#374 = CARTESIAN_POINT ( 'NONE',  ( 16.14704733303067741, -12.14052421261876624, 3.061418297832399826 ) ) ;
#375 = DIRECTION ( 'NONE',  ( -0.9892034623538709104, -0.1465486610894621844, 0.000000000000000000 ) ) ;
#376 = ORIENTED_EDGE ( 'NONE', *, *, #1979, .T. ) ;
#377 = CARTESIAN_POINT ( 'NONE',  ( 17.11518819023153526, -17.51126656637837797, 1.830652342075436367 ) ) ;
#378 = B_SPLINE_CURVE_WITH_KNOTS ( 'NONE', 3,
 ( #1171, #1157, #635, #1915, #872, #181 ),
 .UNSPECIFIED., .F., .F.,
 ( 4, 2, 4 ),
 ( 6.074382948364776907E-16, 0.0007738155796043389876, 0.001547631159208070388 ),
 .UNSPECIFIED. ) ;
#379 = VERTEX_POINT ( 'NONE', #623 ) ;
#380 = CARTESIAN_POINT ( 'NONE',  ( 16.35349475256143137, -16.69750419979589751, 3.318222532650869638 ) ) ;
#381 = CARTESIAN_POINT ( 'NONE',  ( 17.58666011448134725, -16.47900731390567231, 3.166473179947918215 ) ) ;
#382 = CARTESIAN_POINT ( 'NONE',  ( 16.48110108122051543, -11.26774569217270106, 3.000000000000000000 ) ) ;
#383 = CARTESIAN_POINT ( 'NONE',  ( 4.266036663684054098, -18.00000000000000355, 1.089823964423708214 ) ) ;
#384 = FACE_OUTER_BOUND ( 'NONE', #2626, .T. ) ;
#385 = EDGE_LOOP ( 'NONE', ( #688, #587, #3271, #1276, #990 ) ) ;
#386 = DIRECTION ( 'NONE',  ( 0.2607219085004205961, -0.9262743798362165215, -0.2721026638732725877 ) ) ;
#387 = CIRCLE ( 'NONE', #1512, 1.000000000000000666 ) ;
#388 = CARTESIAN_POINT ( 'NONE',  ( 7.450501653937715574, -14.73726217997061561, 5.789428202853896366 ) ) ;
#389 = ORIENTED_EDGE ( 'NONE', *, *, #1130, .F. ) ;
#390 = AXIS2_PLACEMENT_3D ( 'NONE', #1285, #2295, #985 ) ;
#391 = VECTOR ( 'NONE', #2956, 1000.000000000000000 ) ;
#392 = VECTOR ( 'NONE', #545, 1000.000000000000000 ) ;
#393 = LINE ( 'NONE', #928, #258 ) ;
#394 = CARTESIAN_POINT ( 'NONE',  ( -12.47128208403741745, -3.479834018071063628, 2.000000000000000000 ) ) ;
#395 = LINE ( 'NONE', #2425, #1468 ) ;
#396 = VECTOR ( 'NONE', #2730, 1000.000000000000000 ) ;
#397 = ORIENTED_EDGE ( 'NONE', *, *, #887, .T. ) ;
#398 = LINE ( 'NONE', #1711, #1246 ) ;
#399 = EDGE_LOOP ( 'NONE', ( #2017, #2640 ) ) ;
#400 = FACE_OUTER_BOUND ( 'NONE', #2985, .T. ) ;
#401 = CARTESIAN_POINT ( 'NONE',  ( 17.88383639254010404, -17.51470143007941616, 2.482219420273501065 ) ) ;
#402 = VECTOR ( 'NONE', #515, 1000.000000000000000 ) ;
#403 = CARTESIAN_POINT ( 'NONE',  ( 15.69090261682700493, -14.56102005340982330, 5.654226390771620814 ) ) ;
#404 = LINE ( 'NONE', #1421, #2881 ) ;
#405 = VERTEX_POINT ( 'NONE', #1448 ) ;
#406 = CARTESIAN_POINT ( 'NONE',  ( 19.99108966063382198, -6.875000000000007994, 6.401339659686815509 ) ) ;
#407 = EDGE_CURVE ( 'NONE', #2954, #976, #738, .T. ) ;
#408 = CIRCLE ( 'NONE', #1740, 6.750000000000000000 ) ;
#409 = CARTESIAN_POINT ( 'NONE',  ( 8.424490804973402192, -13.98092013351145724, 4.615402469561746379 ) ) ;
#410 = EDGE_LOOP ( 'NONE', ( #2035, #574, #1248 ) ) ;
#411 = CARTESIAN_POINT ( 'NONE',  ( 13.68064980696056843, -14.25337150747658654, 4.733889651497854345 ) ) ;
#412 = CARTESIAN_POINT ( 'NONE',  ( -10.27548389606760537, 2.266725329581253501, 2.000000000000000000 ) ) ;
#413 = CARTESIAN_POINT ( 'NONE',  ( 15.89060912108324075, -11.52813864856905468, 3.472873694128903121 ) ) ;
#414 = VERTEX_POINT ( 'NONE', #3234 ) ;
#415 = DIRECTION ( 'NONE',  ( -1.000000000000000000, 0.000000000000000000, 0.000000000000000000 ) ) ;
#416 = ORIENTED_EDGE ( 'NONE', *, *, #446, .F. ) ;
#417 = CARTESIAN_POINT ( 'NONE',  ( 9.030851549536647482, -14.25315801902799961, 4.733889651497854345 ) ) ;
#418 = CARTESIAN_POINT ( 'NONE',  ( 17.24605521540320296, -17.68074714788293278, 2.437757626898178209 ) ) ;
#419 = CIRCLE ( 'NONE', #1103, 6.750000000000000000 ) ;
#420 = CARTESIAN_POINT ( 'NONE',  ( 16.81074012541033014, -14.16040631783485537, 5.042397891179794200 ) ) ;
#421 = DIRECTION ( 'NONE',  ( 0.000000000000000000, 0.000000000000000000, -1.000000000000000000 ) ) ;
#422 = DIRECTION ( 'NONE',  ( 0.000000000000000000, -0.000000000000000000, -1.000000000000000000 ) ) ;
#423 = VERTEX_POINT ( 'NONE', #2909 ) ;
#424 = CARTESIAN_POINT ( 'NONE',  ( 18.24771772023405703, -18.00000000000000355, 1.200215198474854583 ) ) ;
#425 = AXIS2_PLACEMENT_3D ( 'NONE', #2168, #2444, #2658 ) ;
#426 = CARTESIAN_POINT ( 'NONE',  ( 6.230972246147608473, -11.26774569217269928, 3.000000000000000000 ) ) ;
#427 = ORIENTED_EDGE ( 'NONE', *, *, #3232, .F. ) ;
#428 = CYLINDRICAL_SURFACE ( 'NONE', #1151, 6.750000000000000000 ) ;
#429 = CARTESIAN_POINT ( 'NONE',  ( 29.02053893421176767, -1.581642626083388356E-15, 3.000000000000000000 ) ) ;
#430 = DIRECTION ( 'NONE',  ( -0.000000000000000000, -1.000000000000000000, -0.000000000000000000 ) ) ;
#431 = EDGE_LOOP ( 'NONE', ( #1534, #742, #3265, #2801 ) ) ;
#432 = CARTESIAN_POINT ( 'NONE',  ( 16.02411476182895456, -12.30730476680328600, 3.268006113786705136 ) ) ;
#433 = EDGE_LOOP ( 'NONE', ( #1577, #725, #2068, #832 ) ) ;
#434 = CARTESIAN_POINT ( 'NONE',  ( 15.73608624042110371, -11.10635633897131491, 4.171100020882662740 ) ) ;
#435 = LINE ( 'NONE', #1681, #264 ) ;
#436 = EDGE_CURVE ( 'NONE', #2883, #1009, #1082, .T. ) ;
#437 = VECTOR ( 'NONE', #718, 1000.000000000000000 ) ;
#438 = CARTESIAN_POINT ( 'NONE',  ( 14.28758252239483539, -13.98092013351145191, 4.615402469561709076 ) ) ;
#439 = LINE ( 'NONE', #2451, #2671 ) ;
#440 = CARTESIAN_POINT ( 'NONE',  ( 6.051843115296958509, -11.04968930595423870, 3.000000000000000000 ) ) ;
#441 = ORIENTED_EDGE ( 'NONE', *, *, #2628, .T. ) ;
#442 = CIRCLE ( 'NONE', #1655, 6.750000000000000000 ) ;
#443 = CARTESIAN_POINT ( 'NONE',  ( 4.755793962929530494, -17.64479138087484955, 2.297271618292088480 ) ) ;
#444 = CARTESIAN_POINT ( 'NONE',  ( 8.222514377732347057, -13.88351948317307993, 4.548561353793112438 ) ) ;
#445 = VERTEX_POINT ( 'NONE', #412 ) ;
#446 = EDGE_CURVE ( 'NONE', #80, #2603, #1174, .T. ) ;
#447 = ADVANCED_FACE ( 'NONE', ( #2406 ), #450, .F. ) ;
#448 = VECTOR ( 'NONE', #1878, 1000.000000000000000 ) ;
#449 = CARTESIAN_POINT ( 'NONE',  ( 14.97140786553919511, -13.65012644624361293, 4.327229318641333755 ) ) ;
#450 = SPHERICAL_SURFACE ( 'NONE', #2092, 7.642168421052633498 ) ;
#451 = CARTESIAN_POINT ( 'NONE',  ( 4.266036663684054098, -18.00000000000000355, 1.089823964423708214 ) ) ;
#452 = ORIENTED_EDGE ( 'NONE', *, *, #2978, .F. ) ;
#453 = AXIS2_PLACEMENT_3D ( 'NONE', #1015, #3088, #2586 ) ;
#454 = LINE ( 'NONE', #1676, #131 ) ;
#455 = PERSON ( 'UNSPECIFIED', 'UNSPECIFIED', 'UNSPECIFIED', ('UNSPECIFIED'), ('UNSPECIFIED'), ('UNSPECIFIED') ) ;
#456 = VERTEX_POINT ( 'NONE', #1653 ) ;
#457 = CARTESIAN_POINT ( 'NONE',  ( -29.22946106578824654, 0.000000000000000000, 3.000000000000000000 ) ) ;
#458 = CARTESIAN_POINT ( 'NONE',  ( 11.35603666368406195, -6.875000000000007994, 0.000000000000000000 ) ) ;
#459 = CARTESIAN_POINT ( 'NONE',  ( 14.18551376700028221, -14.02924170425306372, 4.643245759198368461 ) ) ;
#460 = DIRECTION ( 'NONE',  ( 0.000000000000000000, 0.000000000000000000, 1.000000000000000000 ) ) ;
#461 = DIRECTION ( 'NONE',  ( -1.000000000000000000, 0.000000000000000000, 0.000000000000000000 ) ) ;
#462 = ORIENTED_EDGE ( 'NONE', *, *, #1280, .F. ) ;
#463 = AXIS2_PLACEMENT_3D ( 'NONE', #3031, #29, #3075 ) ;
#464 = DIRECTION ( 'NONE',  ( 1.000000000000000000, 0.000000000000000000, 0.000000000000000000 ) ) ;
#465 = EDGE_CURVE ( 'NONE', #1879, #948, #2676, .T. ) ;
#466 = CARTESIAN_POINT ( 'NONE',  ( 7.561670256699062342, -13.57459528994988496, 4.205152342224320883 ) ) ;
#467 = ORIENTED_EDGE ( 'NONE', *, *, #670, .T. ) ;
#468 = CIRCLE ( 'NONE', #1313, 2.000000000000000000 ) ;
#469 = CARTESIAN_POINT ( 'NONE',  ( 16.66023021207116628, -11.04968930595423870, 3.000000000000000000 ) ) ;
#470 = CARTESIAN_POINT ( 'NONE',  ( 11.35603666368406195, -6.875000000000007994, 3.000000000000000000 ) ) ;
#471 = ORIENTED_EDGE ( 'NONE', *, *, #1563, .F. ) ;
#472 = VERTEX_POINT ( 'NONE', #892 ) ;
#473 = CARTESIAN_POINT ( 'NONE',  ( 6.689500339904017601, -11.65301040993259107, 3.271470982153417140 ) ) ;
#474 = CARTESIAN_POINT ( 'NONE',  ( 16.68316258013542708, -16.97547437190408104, 2.015943632959432907 ) ) ;
#475 = B_SPLINE_CURVE_WITH_KNOTS ( 'NONE', 3,
 ( #1955, #374, #1194, #1142, #2186, #1392, #2961, #676 ),
 .UNSPECIFIED., .F., .F.,
 ( 4, 2, 2, 4 ),
 ( -0.0003623630581717656222, 0.0005160791241900540907, 0.0009553002153709633237, 0.001394521306551872340 ),
 .UNSPECIFIED. ) ;
#476 = EDGE_CURVE ( 'NONE', #737, #1707, #816, .T. ) ;
#477 = CARTESIAN_POINT ( 'NONE',  ( 15.32612875300942257, -13.51218409048522417, 4.074243870733003092 ) ) ;
#478 = CARTESIAN_POINT ( 'NONE',  ( 11.35603666368406195, -6.875000000000007994, 0.000000000000000000 ) ) ;
#479 = VERTEX_POINT ( 'NONE', #394 ) ;
#480 = CIRCLE ( 'NONE', #2495, 8.635052996949756476 ) ;
#481 =( BOUNDED_SURFACE ( )  B_SPLINE_SURFACE ( 3, 2, ( 
 ( #758, #2042, #3053 ),
 ( #731, #9, #3007 ),
 ( #3287, #3070, #1269 ),
 ( #773, #519, #2561 ),
 ( #2771, #717, #2756 ),
 ( #473, #1490, #238 ),
 ( #1249, #996, #2629 ),
 ( #51, #347, #1856 ),
 ( #589, #2846, #549 ),
 ( #2356, #114, #1594 ),
 ( #2055, #824, #804 ),
 ( #2875, #1823, #2103 ) ),
 .UNSPECIFIED., .F., .F., .T. ) 
 B_SPLINE_SURFACE_WITH_KNOTS ( ( 4, 2, 2, 2, 2, 4 ),
 ( 3, 3 ),
 ( -1.239947814563047146E-14, 0.0001275666149510252059, 0.0002551332299144498899, 0.0005102664598412992580, 0.0007653996897681486803, 0.001020532919694998103 ),
 ( 0.000000000000000000, 1.000000000000000000 ),
 .UNSPECIFIED. ) 
 GEOMETRIC_REPRESENTATION_ITEM ( )  RATIONAL_B_SPLINE_SURFACE ( (
 ( 1.000000000000000000, 0.9604954413335270447, 1.000000000000000000),
 ( 1.000000000000000000, 0.9637344041135212924, 1.000000000000000000),
 ( 1.000000000000000000, 0.9658444124923198926, 1.000000000000000000),
 ( 1.000000000000000000, 0.9674668273520224959, 1.000000000000000000),
 ( 1.000000000000000000, 0.9669748171061849362, 1.000000000000000000),
 ( 1.000000000000000000, 0.9628275986218703952, 1.000000000000000000),
 ( 1.000000000000000000, 0.9568395800155712339, 1.000000000000000000),
 ( 1.000000000000000000, 0.9443784526881132679, 1.000000000000000000),
 ( 1.000000000000000000, 0.9375968214275457457, 1.000000000000000000),
 ( 1.000000000000000000, 0.9235451470141681218, 1.000000000000000000),
 ( 1.000000000000000000, 0.9160673121003171104, 1.000000000000000000),
 ( 1.000000000000000000, 0.9074633199213946178, 1.000000000000000000) ) ) 
 REPRESENTATION_ITEM ( '' )  SURFACE ( )  );
#482 = CARTESIAN_POINT ( 'NONE',  ( 16.48248414388783090, -16.47614126945131474, 2.092106524208304563 ) ) ;
#483 = CARTESIAN_POINT ( 'NONE',  ( 6.726060581448101594, -13.62893521470339664, 3.331117722023768657 ) ) ;
#484 = ORIENTED_EDGE ( 'NONE', *, *, #2514, .F. ) ;
#485 = CARTESIAN_POINT ( 'NONE',  ( 9.005248097111319794, -15.27253527726245430, 5.987111721198282943 ) ) ;
#486 = CARTESIAN_POINT ( 'NONE',  ( 6.429015738388649481, -11.37503360399822050, 3.062906462698155252 ) ) ;
#487 = ADVANCED_FACE ( 'NONE', ( #1411 ), #3112, .T. ) ;
#488 = ORIENTED_EDGE ( 'NONE', *, *, #841, .T. ) ;
#489 = ORIENTED_EDGE ( 'NONE', *, *, #160, .T. ) ;
#490 = CARTESIAN_POINT ( 'NONE',  ( -19.22946106578818970, 15.99999999999999289, 1.000000000000000000 ) ) ;
#491 = CARTESIAN_POINT ( 'NONE',  ( -27.22946106578824654, -7.999999999999944933, 1.000000000000000000 ) ) ;
#492 = CARTESIAN_POINT ( 'NONE',  ( 16.13874338372699668, -11.18947502134214211, 3.284542505474893570 ) ) ;
#493 = CARTESIAN_POINT ( 'NONE',  ( 16.16900977141817108, -13.95240428384018827, 2.995656712703875346 ) ) ;
#494 = PERSON_AND_ORGANIZATION_ROLE ( 'creator' ) ;
#495 = DIRECTION ( 'NONE',  ( 1.000000000000000000, 0.000000000000000000, 0.000000000000000000 ) ) ;
#496 = CARTESIAN_POINT ( 'NONE',  ( 5.608927974322358345, -14.14442465384032133, 4.771487728041674536 ) ) ;
#497 = ORIENTED_EDGE ( 'NONE', *, *, #1350, .F. ) ;
#498 =( GEOMETRIC_REPRESENTATION_CONTEXT ( 3 ) GLOBAL_UNCERTAINTY_ASSIGNED_CONTEXT ( ( #1526 ) ) GLOBAL_UNIT_ASSIGNED_CONTEXT ( ( #2566, #1289, #2283 ) ) REPRESENTATION_CONTEXT ( 'NONE', 'WORKASPACE' ) );
#499 = CARTESIAN_POINT ( 'NONE',  ( 22.77053893421170017, 17.99999999999999645, 1.000000000000000000 ) ) ;
#500 = ORIENTED_EDGE ( 'NONE', *, *, #1191, .F. ) ;
#501 = EDGE_LOOP ( 'NONE', ( #2480, #2937, #96, #1776 ) ) ;
#502 = CARTESIAN_POINT ( 'NONE',  ( 6.229589183479605552, -16.47614126945397928, 2.092106524208056317 ) ) ;
#503 = CARTESIAN_POINT ( 'NONE',  ( 16.48248414388851657, -16.47614126945398638, 2.092106524208057650 ) ) ;
#504 = DIRECTION ( 'NONE',  ( 1.000000000000000000, 0.000000000000000000, 0.000000000000000000 ) ) ;
#505 = ADVANCED_FACE ( 'NONE', ( #2311 ), #2872, .T. ) ;
#506 = AXIS2_PLACEMENT_3D ( 'NONE', #1871, #3158, #2910 ) ;
#507 = ADVANCED_FACE ( 'NONE', ( #1520, #3055, #2011 ), #1763, .F. ) ;
#508 = CARTESIAN_POINT ( 'NONE',  ( 15.50783609472383873, -16.11029600661687411, 3.955530062410614445 ) ) ;
#509 = CARTESIAN_POINT ( 'NONE',  ( -19.22946106578817549, -16.00000000000000000, 3.000000000000000000 ) ) ;
#510 = CARTESIAN_POINT ( 'NONE',  ( 17.67339693222555752, -17.85539020301820656, 1.524586738516544582 ) ) ;
#511 = CARTESIAN_POINT ( 'NONE',  ( 5.121719683470505657, -16.27331479939718406, 3.221262244316299039 ) ) ;
#512 = ORIENTED_EDGE ( 'NONE', *, *, #555, .T. ) ;
#513 = AXIS2_PLACEMENT_3D ( 'NONE', #983, #1502, #289 ) ;
#514 = EDGE_CURVE ( 'NONE', #542, #1879, #257, .T. ) ;
#515 = DIRECTION ( 'NONE',  ( 0.000000000000000000, 0.000000000000000000, 1.000000000000000000 ) ) ;
#516 = CYLINDRICAL_SURFACE ( 'NONE', #762, 6.750000000000000000 ) ;
#517 = ORIENTED_EDGE ( 'NONE', *, *, #274, .T. ) ;
#518 = ORIENTED_EDGE ( 'NONE', *, *, #1366, .F. ) ;
#519 = CARTESIAN_POINT ( 'NONE',  ( 6.700085129108063420, -11.35787059226250051, 3.291462894027335828 ) ) ;
#520 = FACE_OUTER_BOUND ( 'NONE', #1949, .T. ) ;
#521 = CARTESIAN_POINT ( 'NONE',  ( 0.000000000000000000, 0.000000000000000000, 0.000000000000000000 ) ) ;
#522 = AXIS2_PLACEMENT_3D ( 'NONE', #1954, #2130, #2982 ) ;
#523 = CARTESIAN_POINT ( 'NONE',  ( 14.34805895673988729, -13.15662607691440478, 4.597834103440532338 ) ) ;
#524 = EDGE_CURVE ( 'NONE', #2588, #1791, #551, .T. ) ;
#525 = EDGE_CURVE ( 'NONE', #873, #654, #2993, .T. ) ;
#526 = CARTESIAN_POINT ( 'NONE',  ( 16.40954666560198305, -15.71321969362777793, 2.204813479009198662 ) ) ;
#527 = PERSON_AND_ORGANIZATION ( #455, #1605 ) ;
#528 = FACE_OUTER_BOUND ( 'NONE', #2457, .T. ) ;
#529 = CARTESIAN_POINT ( 'NONE',  ( 7.020483576916226376, -15.63642551658719881, 4.306959825014314625 ) ) ;
#530 = VERTEX_POINT ( 'NONE', #2805 ) ;
#531 = DIRECTION ( 'NONE',  ( -0.000000000000000000, 0.000000000000000000, 1.000000000000000000 ) ) ;
#532 = CARTESIAN_POINT ( 'NONE',  ( 6.381117363437962986, -11.48408513945915743, 3.000000000000000000 ) ) ;
#533 = ORIENTED_EDGE ( 'NONE', *, *, #2707, .F. ) ;
#534 = CARTESIAN_POINT ( 'NONE',  ( 16.43263814239819709, -16.83459852411860069, 3.264582464285100460 ) ) ;
#535 = CARTESIAN_POINT ( 'NONE',  ( 17.60191637838913081, -16.47614126945398638, 3.164718252669397103 ) ) ;
#536 = CARTESIAN_POINT ( 'NONE',  ( 15.91251526562565566, -11.30136668927890398, 3.442470036988867665 ) ) ;
#537 = CARTESIAN_POINT ( 'NONE',  ( 7.135477985192729022, -11.28509039389158097, 3.883097881155614051 ) ) ;
#538 = CARTESIAN_POINT ( 'NONE',  ( 17.59035364389761114, -16.27331479939728354, 3.221262244316271950 ) ) ;
#539 = CARTESIAN_POINT ( 'NONE',  ( 16.20217908486674574, -11.76593891803009484, 3.028117199361775036 ) ) ;
#540 = CARTESIAN_POINT ( 'NONE',  ( 6.230972246147608473, -11.26774569217269928, 3.000000000000000000 ) ) ;
#541 = CARTESIAN_POINT ( 'NONE',  ( -19.22946106578818970, 15.99999999999999289, 3.000000000000000000 ) ) ;
#542 = VERTEX_POINT ( 'NONE', #2247 ) ;
#543 = EDGE_CURVE ( 'NONE', #405, #2180, #1824, .T. ) ;
#544 = CARTESIAN_POINT ( 'NONE',  ( 6.144409441207460354, -16.74276771764545302, 2.060815934852934017 ) ) ;
#545 = DIRECTION ( 'NONE',  ( -7.635014092848299684E-16, 1.000000000000000000, -0.000000000000000000 ) ) ;
#546 = VERTEX_POINT ( 'NONE', #3026 ) ;
#547 = EDGE_CURVE ( 'NONE', #1198, #356, #812, .T. ) ;
#548 = SECURITY_CLASSIFICATION ( '', '', #1097 ) ;
#549 = CARTESIAN_POINT ( 'NONE',  ( 6.229240653509063641, -12.00650604833811563, 2.852881185275058851 ) ) ;
#550 = DIRECTION ( 'NONE',  ( 1.000000000000000000, 0.000000000000000000, 0.000000000000000000 ) ) ;
#551 = LINE ( 'NONE', #11, #2555 ) ;
#552 = CARTESIAN_POINT ( 'NONE',  ( -27.22946106578824654, -7.999999999999944933, 3.000000000000000000 ) ) ;
#553 = CIRCLE ( 'NONE', #2945, 9.999999999999998224 ) ;
#554 = CARTESIAN_POINT ( 'NONE',  ( 16.44603666368406891, -11.66816179572523637, 0.000000000000000000 ) ) ;
#555 = EDGE_CURVE ( 'NONE', #845, #873, #2317, .T. ) ;
#556 = CIRCLE ( 'NONE', #296, 1.000000000000000000 ) ;
#557 = PLANE ( 'NONE',  #1883 ) ;
#558 = DIRECTION ( 'NONE',  ( 0.5974207631703382093, -0.4132830331271009627, -0.6872303589497734677 ) ) ;
#559 = VERTEX_POINT ( 'NONE', #2891 ) ;
#560 = CARTESIAN_POINT ( 'NONE',  ( 6.193710115555234097, -16.61527956408915330, 2.079076239070231313 ) ) ;
#561 = DIRECTION ( 'NONE',  ( -0.6507771395811391413, 0.7592688025979935640, 0.000000000000000000 ) ) ;
#562 = ORIENTED_EDGE ( 'NONE', *, *, #1720, .T. ) ;
#563 = CARTESIAN_POINT ( 'NONE',  ( 16.48110108122051543, -11.26774569217270106, 3.000000000000000000 ) ) ;
#564 = CARTESIAN_POINT ( 'NONE',  ( 11.35603666368406195, -6.875000000000007994, 4.242738910632480653 ) ) ;
#565 = FACE_OUTER_BOUND ( 'NONE', #431, .T. ) ;
#566 = VERTEX_POINT ( 'NONE', #2596 ) ;
#567 = FACE_OUTER_BOUND ( 'NONE', #890, .T. ) ;
#568 = DIRECTION ( 'NONE',  ( 0.000000000000000000, 0.000000000000000000, -1.000000000000000000 ) ) ;
#569 = CIRCLE ( 'NONE', #3290, 1.249999999999997558 ) ;
#570 = LINE ( 'NONE', #336, #1899 ) ;
#571 = PERSON_AND_ORGANIZATION_ROLE ( 'creator' ) ;
#572 = CARTESIAN_POINT ( 'NONE',  ( 6.547197621783469756, -11.61183090991146294, 3.789724586043594634 ) ) ;
#573 = CARTESIAN_POINT ( 'NONE',  ( 16.14381295804160033, -14.37544047280180060, 5.461186785926181564 ) ) ;
#574 = ORIENTED_EDGE ( 'NONE', *, *, #3106, .F. ) ;
#575 = CARTESIAN_POINT ( 'NONE',  ( 4.266036663684054098, -18.00000000000000355, 1.089823964423708214 ) ) ;
#576 = DIRECTION ( 'NONE',  ( -0.000000000000000000, -0.000000000000000000, -1.000000000000000000 ) ) ;
#577 = EDGE_LOOP ( 'NONE', ( #2695, #1334, #3190, #2634 ) ) ;
#578 = CARTESIAN_POINT ( 'NONE',  ( 16.44603666368406891, -16.00000000000000000, 0.000000000000000000 ) ) ;
#579 = CARTESIAN_POINT ( 'NONE',  ( 15.75696640736570764, -11.10617329984624568, 4.070161918374182619 ) ) ;
#580 = DIRECTION ( 'NONE',  ( -0.7182547873096356561, 0.6957801811684420912, 0.000000000000000000 ) ) ;
#581 = DIRECTION ( 'NONE',  ( -0.000000000000000000, -0.000000000000000000, -1.000000000000000000 ) ) ;
#582 = CARTESIAN_POINT ( 'NONE',  ( -11.22023827261601703, -6.549125643708114453, 2.000000000000000000 ) ) ;
#583 = CARTESIAN_POINT ( 'NONE',  ( 16.44603666368406891, -11.66816179572523637, 1.733889651497832363 ) ) ;
#584 = VERTEX_POINT ( 'NONE', #2611 ) ;
#585 = CARTESIAN_POINT ( 'NONE',  ( 14.30594522037226390, -12.21214884235033793, 4.637585485957045783 ) ) ;
#586 = CARTESIAN_POINT ( 'NONE',  ( 4.835708537115054106, -17.51177600266004930, 2.502669036740445829 ) ) ;
#587 = ORIENTED_EDGE ( 'NONE', *, *, #59, .F. ) ;
#588 = EDGE_CURVE ( 'NONE', #2958, #542, #3137, .T. ) ;
#589 = CARTESIAN_POINT ( 'NONE',  ( 6.656654334091611780, -11.98458673963833832, 3.214166329793926025 ) ) ;
#590 = CARTESIAN_POINT ( 'NONE',  ( -6.129967210265983013, 2.266725329581253501, 3.000000000000000000 ) ) ;
#591 = CARTESIAN_POINT ( 'NONE',  ( 16.28305758897318967, -11.37503360400985031, 3.062906462705516475 ) ) ;
#592 = CARTESIAN_POINT ( 'NONE',  ( 16.54574269926639829, -16.72145667346845599, 2.069132797218422137 ) ) ;
#593 = CIRCLE ( 'NONE', #2732, 1.249999999999997558 ) ;
#594 = DIRECTION ( 'NONE',  ( -0.000000000000000000, -0.000000000000000000, -1.000000000000000000 ) ) ;
#595 = EDGE_CURVE ( 'NONE', #1227, #1265, #2330, .T. ) ;
#596 = FACE_OUTER_BOUND ( 'NONE', #2719, .T. ) ;
#597 = VECTOR ( 'NONE', #3089, 1000.000000000000114 ) ;
#598 = LINE ( 'NONE', #1035, #1076 ) ;
#599 = ORIENTED_EDGE ( 'NONE', *, *, #332, .T. ) ;
#600 = EDGE_CURVE ( 'NONE', #253, #2954, #2917, .T. ) ;
#601 = VECTOR ( 'NONE', #2461, 1000.000000000000000 ) ;
#602 = DIRECTION ( 'NONE',  ( -0.000000000000000000, -0.000000000000000000, -1.000000000000000000 ) ) ;
#603 = LINE ( 'NONE', #3093, #1667 ) ;
#604 = ORIENTED_EDGE ( 'NONE', *, *, #1029, .F. ) ;
#605 = EDGE_CURVE ( 'NONE', #1707, #2799, #1109, .T. ) ;
#606 = LINE ( 'NONE', #1869, #3124 ) ;
#607 = CARTESIAN_POINT ( 'NONE',  ( 1.734723475976807094E-14, 12.88322821025619547, 3.000000000000000000 ) ) ;
#608 = DIRECTION ( 'NONE',  ( -0.000000000000000000, -0.000000000000000000, 1.000000000000000000 ) ) ;
#609 = B_SPLINE_CURVE_WITH_KNOTS ( 'NONE', 3,
 ( #2621, #2080, #2639, #1834, #2854, #573, #2366, #2301, #326, #75, #667, #868, #158, #1135, #2669, #355, #2161, #3168, #107, #2436, #1685, #3149 ),
 .UNSPECIFIED., .F., .F.,
 ( 4, 2, 2, 2, 2, 2, 2, 2, 2, 2, 4 ),
 ( 0.000000000000000000, 0.001682651618587526756, 0.002523977427881294797, 0.002944640332528180009, 0.003365303237175065222, 0.003785966141821949568, 0.004206629046468834780, 0.004627291951115718692, 0.005047954855762604338, 0.005889280665056373897, 0.006730606474350148659 ),
 .UNSPECIFIED. ) ;
#610 = EDGE_CURVE ( 'NONE', #2228, #566, #1031, .T. ) ;
#611 = VECTOR ( 'NONE', #594, 1000.000000000000000 ) ;
#612 = CARTESIAN_POINT ( 'NONE',  ( 5.687193919021988009, -6.875000000000007105, 5.952344404451926252 ) ) ;
#613 = FACE_OUTER_BOUND ( 'NONE', #1590, .T. ) ;
#614 = DIRECTION ( 'NONE',  ( -0.000000000000000000, 1.000000000000000000, -0.000000000000000000 ) ) ;
#615 = ADVANCED_FACE ( 'NONE', ( #565 ), #83, .T. ) ;
#616 = FACE_OUTER_BOUND ( 'NONE', #410, .T. ) ;
#617 = ORIENTED_EDGE ( 'NONE', *, *, #1780, .F. ) ;
#618 = CARTESIAN_POINT ( 'NONE',  ( 15.27782533860848879, -12.33566958462736274, 4.120632161477803201 ) ) ;
#619 = CARTESIAN_POINT ( 'NONE',  ( 27.77053893421177122, -1.734723475976807094E-15, 0.000000000000000000 ) ) ;
#620 = VERTEX_POINT ( 'NONE', #2088 ) ;
#621 = EDGE_CURVE ( 'NONE', #479, #1136, #876, .T. ) ;
#622 = DIRECTION ( 'NONE',  ( -0.000000000000000000, -0.000000000000000000, -1.000000000000000000 ) ) ;
#623 = CARTESIAN_POINT ( 'NONE',  ( -9.598187625335965478, 12.88322821025619547, 2.000000000000000000 ) ) ;
#624 = CARTESIAN_POINT ( 'NONE',  ( 0.000000000000000000, -16.00000000000000000, 1.000000000000000000 ) ) ;
#625 = CARTESIAN_POINT ( 'NONE',  ( 5.266036663684062979, -6.875000000000007994, 4.242738910632480653 ) ) ;
#626 = VERTEX_POINT ( 'NONE', #1595 ) ;
#627 = CARTESIAN_POINT ( 'NONE',  ( 16.23967384185779039, -16.39484528925852302, 3.445320720057796660 ) ) ;
#628 = CARTESIAN_POINT ( 'NONE',  ( 17.81530280885570150, -17.36031729557224068, 2.653631522571092027 ) ) ;
#629 = CALENDAR_DATE ( 2026, 24, 4 ) ;
#630 = CYLINDRICAL_SURFACE ( 'NONE', #2315, 9.999999999999998224 ) ;
#631 = DIRECTION ( 'NONE',  ( -0.000000000000000000, -0.000000000000000000, -1.000000000000000000 ) ) ;
#632 = CARTESIAN_POINT ( 'NONE',  ( 6.861016610824789197, -11.07619192855332102, 3.839165377974057769 ) ) ;
#633 = ORIENTED_EDGE ( 'NONE', *, *, #3174, .F. ) ;
#634 = DIRECTION ( 'NONE',  ( 1.000000000000000000, 0.000000000000000000, 0.000000000000000000 ) ) ;
#635 = CARTESIAN_POINT ( 'NONE',  ( 17.68019629419596583, -16.95249416884794513, 2.982671297016961987 ) ) ;
#636 = ORIENTED_EDGE ( 'NONE', *, *, #621, .T. ) ;
#637 = DIRECTION ( 'NONE',  ( 1.000000000000000000, 0.000000000000000000, 0.000000000000000000 ) ) ;
#638 = DIRECTION ( 'NONE',  ( 0.000000000000000000, 0.000000000000000000, -1.000000000000000000 ) ) ;
#639 = EDGE_CURVE ( 'NONE', #802, #479, #2646, .T. ) ;
#640 = DIRECTION ( 'NONE',  ( 0.000000000000000000, -0.000000000000000000, -1.000000000000000000 ) ) ;
#641 = EDGE_LOOP ( 'NONE', ( #1641, #497, #1712 ) ) ;
#642 = CARTESIAN_POINT ( 'NONE',  ( -24.22946106578824654, -1.734723475976807094E-15, 3.000000000000000000 ) ) ;
#643 = ORIENTED_EDGE ( 'NONE', *, *, #2210, .T. ) ;
#644 = CARTESIAN_POINT ( 'NONE',  ( 7.255891334451181507, -13.47795628000279855, 3.964217839430333346 ) ) ;
#645 = CARTESIAN_POINT ( 'NONE',  ( -0.000000000000000000, 17.99999999999999645, 0.000000000000000000 ) ) ;
#646 = APPLICATION_CONTEXT ( 'configuration controlled 3d designs of mechanical parts and assemblies' ) ;
#647 = CARTESIAN_POINT ( 'NONE',  ( 13.70682523025680410, -15.27253527726245252, 5.987111721198282943 ) ) ;
#648 = CARTESIAN_POINT ( 'NONE',  ( 6.732089655862284694, -10.83823278004914670, 4.242738910632480653 ) ) ;
#649 = CARTESIAN_POINT ( 'NONE',  ( 6.833263102845369197, -11.29724062710915611, 3.489459963370035833 ) ) ;
#650 = EDGE_LOOP ( 'NONE', ( #1416, #2051, #1924, #1453 ) ) ;
#651 = CARTESIAN_POINT ( 'NONE',  ( -9.598187625335965478, 12.88322821025619547, 2.000000000000000000 ) ) ;
#652 = AXIS2_PLACEMENT_3D ( 'NONE', #1088, #561, #2828 ) ;
#653 = CARTESIAN_POINT ( 'NONE',  ( 8.068964470972916914, -15.41192803340774553, 4.527377183073383549 ) ) ;
#654 = VERTEX_POINT ( 'NONE', #3130 ) ;
#655 = AXIS2_PLACEMENT_3D ( 'NONE', #2491, #1742, #1986 ) ;
#656 = AXIS2_PLACEMENT_3D ( 'NONE', #1486, #1545, #741 ) ;
#657 = FACE_OUTER_BOUND ( 'NONE', #1119, .T. ) ;
#658 = DIRECTION ( 'NONE',  ( 1.224646799147353207E-16, 1.000000000000000000, 0.000000000000000000 ) ) ;
#659 = DIRECTION ( 'NONE',  ( -0.000000000000000000, 1.157001233968208354E-14, 1.000000000000000000 ) ) ;
#660 = ORIENTED_EDGE ( 'NONE', *, *, #2122, .T. ) ;
#661 = DIRECTION ( 'NONE',  ( 0.000000000000000000, -1.000000000000000000, 0.000000000000000000 ) ) ;
#662 = ORIENTED_EDGE ( 'NONE', *, *, #1214, .F. ) ;
#663 = CARTESIAN_POINT ( 'NONE',  ( 7.737952527804686120, -13.64886263749486695, 4.325676807708104477 ) ) ;
#664 = CARTESIAN_POINT ( 'NONE',  ( 6.067510504411782080, -11.06979404016113477, 2.169044588744746260 ) ) ;
#665 = CARTESIAN_POINT ( 'NONE',  ( 13.44603666368404760, -14.34094099488328666, 4.733889651497853457 ) ) ;
#666 = CARTESIAN_POINT ( 'NONE',  ( 30.77053893421177122, -7.999999999999930722, 3.000000000000000000 ) ) ;
#667 = CARTESIAN_POINT ( 'NONE',  ( 16.94114537764102835, -14.14062551516055599, 4.932066457209296928 ) ) ;
#668 = EDGE_CURVE ( 'NONE', #2603, #445, #806, .T. ) ;
#669 = ORIENTED_EDGE ( 'NONE', *, *, #1785, .F. ) ;
#670 = EDGE_CURVE ( 'NONE', #1413, #1864, #2484, .T. ) ;
#671 = CARTESIAN_POINT ( 'NONE',  ( 11.35603666368406195, -6.875000000000007994, 9.250000000000000000 ) ) ;
#672 = CIRCLE ( 'NONE', #2536, 12.58999999999999986 ) ;
#673 = CARTESIAN_POINT ( 'NONE',  ( 7.929492208968111910, -13.74063281435346973, 4.421809654841852399 ) ) ;
#674 = VERTEX_POINT ( 'NONE', #1059 ) ;
#675 = CARTESIAN_POINT ( 'NONE',  ( 16.34736280221077465, -14.81282841700971886, 2.505149476477899650 ) ) ;
#676 = CARTESIAN_POINT ( 'NONE',  ( 16.44603666368406891, -11.66816179572523637, 1.733889651497832363 ) ) ;
#677 = DIRECTION ( 'NONE',  ( -0.2607219085004210402, -0.9262743798362162995, -0.2721026638732727543 ) ) ;
#678 = ORIENTED_EDGE ( 'NONE', *, *, #2308, .F. ) ;
#679 = CARTESIAN_POINT ( 'NONE',  ( 4.602882205812751870, -17.85539020311734149, 1.907728818860753961 ) ) ;
#680 = ORIENTED_EDGE ( 'NONE', *, *, #639, .T. ) ;
#681 = CARTESIAN_POINT ( 'NONE',  ( 16.44223848710486990, -16.32006942129633487, 2.106722610920996885 ) ) ;
#682 = CARTESIAN_POINT ( 'NONE',  ( 16.75045130896625167, -17.08247124782657522, 1.988888024100833540 ) ) ;
#683 = AXIS2_PLACEMENT_3D ( 'NONE', #3119, #829, #2852 ) ;
#684 = CARTESIAN_POINT ( 'NONE',  ( 15.65517765690658081, -13.46115263874833801, 3.766756351607860598 ) ) ;
#685 = CARTESIAN_POINT ( 'NONE',  ( 6.317801657064042509, -11.75477505063613570, 2.306681551553377840 ) ) ;
#686 = ADVANCED_FACE ( 'NONE', ( #1639 ), #137, .T. ) ;
#687 = CARTESIAN_POINT ( 'NONE',  ( 6.941945532560263921, -11.07073042417194664, 4.222364367387790196 ) ) ;
#688 = ORIENTED_EDGE ( 'NONE', *, *, #788, .T. ) ;
#689 = FACE_OUTER_BOUND ( 'NONE', #2466, .T. ) ;
#690 = EDGE_CURVE ( 'NONE', #2228, #546, #1516, .T. ) ;
#691 = CARTESIAN_POINT ( 'NONE',  ( 6.381117363437962986, -11.48408513945915743, 3.000000000000000000 ) ) ;
#692 = VERTEX_POINT ( 'NONE', #451 ) ;
#693 = CARTESIAN_POINT ( 'NONE',  ( 16.28180533237406635, -14.36638146824934026, 2.719258180223366850 ) ) ;
#694 = DIRECTION ( 'NONE',  ( -1.000000000000000000, 2.168404344971008868E-16, 0.000000000000000000 ) ) ;
#695 = CARTESIAN_POINT ( 'NONE',  ( 27.77053893421177122, -1.734723475976807094E-15, 3.000000000000000000 ) ) ;
#696 = ORIENTED_EDGE ( 'NONE', *, *, #1688, .F. ) ;
#697 = CARTESIAN_POINT ( 'NONE',  ( 4.755793962929417695, -17.64479138087485310, 2.297271618292146655 ) ) ;
#698 = VERTEX_POINT ( 'NONE', #1143 ) ;
#699 = CARTESIAN_POINT ( 'NONE',  ( 15.81372236368021689, -11.42108789148149306, 3.580957060554080584 ) ) ;
#700 = CARTESIAN_POINT ( 'NONE',  ( 17.27590293723484294, -18.00000000000000355, 1.249709769921876656 ) ) ;
#701 = B_SPLINE_CURVE_WITH_KNOTS ( 'NONE', 3,
 ( #3263, #1209, #922, #723 ),
 .UNSPECIFIED., .F., .F.,
 ( 4, 4 ),
 ( -9.047827814948591668E-06, 0.001365321806003079235 ),
 .UNSPECIFIED. ) ;
#702 = CARTESIAN_POINT ( 'NONE',  ( 9.014482414281653533, -12.50381286659397340, 5.694608161953173209 ) ) ;
#703 = DIRECTION ( 'NONE',  ( -7.635014092848299684E-16, 1.000000000000000000, -0.000000000000000000 ) ) ;
#704 = CARTESIAN_POINT ( 'NONE',  ( 18.94603666368406181, -6.875000000000007105, 4.242738910632480653 ) ) ;
#705 = ORIENTED_EDGE ( 'NONE', *, *, #407, .F. ) ;
#706 = VECTOR ( 'NONE', #421, 1000.000000000000000 ) ;
#707 = DIRECTION ( 'NONE',  ( 0.6478214427981697776, 0.7617922146168847330, -0.000000000000000000 ) ) ;
#708 = CARTESIAN_POINT ( 'NONE',  ( 5.329551236394525660, -14.28571761083118297, 4.397476533593099646 ) ) ;
#709 = ORIENTED_EDGE ( 'NONE', *, *, #547, .F. ) ;
#710 = CIRCLE ( 'NONE', #1872, 7.999999999999996447 ) ;
#711 = CARTESIAN_POINT ( 'NONE',  ( 15.79458503640632294, -11.04930593057922295, 3.432884387195402009 ) ) ;
#712 = CARTESIAN_POINT ( 'NONE',  ( -10.27548389606760537, 2.266725329581253501, 2.000000000000000000 ) ) ;
#713 = ORIENTED_EDGE ( 'NONE', *, *, #690, .T. ) ;
#714 = AXIS2_PLACEMENT_3D ( 'NONE', #2464, #1414, #895 ) ;
#715 = ADVANCED_FACE ( 'NONE', ( #2928 ), #2660, .F. ) ;
#716 = ORIENTED_EDGE ( 'NONE', *, *, #1588, .F. ) ;
#717 = CARTESIAN_POINT ( 'NONE',  ( 6.670150526427244486, -11.39091098938645885, 3.242536346681859527 ) ) ;
#718 = DIRECTION ( 'NONE',  ( -0.000000000000000000, -0.000000000000000000, -1.000000000000000000 ) ) ;
#719 = CARTESIAN_POINT ( 'NONE',  ( -10.27548389606760537, 2.266725329581253501, 2.000000000000000000 ) ) ;
#720 = CARTESIAN_POINT ( 'NONE',  ( -10.95016594160859391, 6.820829136982932361, 3.000000000000000000 ) ) ;
#721 = CARTESIAN_POINT ( 'NONE',  ( 13.72499131661382421, -13.53521454962112180, 4.733889651497854345 ) ) ;
#722 = ORIENTED_EDGE ( 'NONE', *, *, #363, .T. ) ;
#723 = CARTESIAN_POINT ( 'NONE',  ( 17.30820481608981964, -17.64479138087486731, 1.733889651497832141 ) ) ;
#724 = CARTESIAN_POINT ( 'NONE',  ( 5.526772939689664987, -14.16111644065833985, 4.677851300182862992 ) ) ;
#725 = ORIENTED_EDGE ( 'NONE', *, *, #2913, .F. ) ;
#726 = AXIS2_PLACEMENT_3D ( 'NONE', #612, #1348, #87 ) ;
#727 = DIRECTION ( 'NONE',  ( 0.000000000000000000, 0.000000000000000000, -1.000000000000000000 ) ) ;
#728 = CARTESIAN_POINT ( 'NONE',  ( 3.611644562009382220, -18.00000000000000355, 1.000000005273809833 ) ) ;
#729 = ORIENTED_EDGE ( 'NONE', *, *, #1771, .F. ) ;
#730 = ORIENTED_EDGE ( 'NONE', *, *, #2781, .F. ) ;
#731 = CARTESIAN_POINT ( 'NONE',  ( 6.802029182501919458, -11.52439470514904407, 3.445552958179466163 ) ) ;
#732 = CARTESIAN_POINT ( 'NONE',  ( 27.77053893421177122, -1.734723475976807094E-15, 3.000000000000000000 ) ) ;
#733 = CARTESIAN_POINT ( 'NONE',  ( 17.58941406303928545, -14.77147277924693647, 3.899580964730036126 ) ) ;
#734 = PERSON_AND_ORGANIZATION ( #455, #1605 ) ;
#735 = DIRECTION ( 'NONE',  ( -0.000000000000000000, 0.000000000000000000, 1.000000000000000000 ) ) ;
#736 = CARTESIAN_POINT ( 'NONE',  ( 6.315106710688170644, -15.43411789769975506, 2.282807026548293372 ) ) ;
#737 = VERTEX_POINT ( 'NONE', #2479 ) ;
#738 = B_SPLINE_CURVE_WITH_KNOTS ( 'NONE', 3,
 ( #2697, #2460, #1638, #2478 ),
 .UNSPECIFIED., .F., .F.,
 ( 4, 4 ),
 ( -9.048049790187259509E-06, 0.001361246463297975705 ),
 .UNSPECIFIED. ) ;
#739 = CARTESIAN_POINT ( 'NONE',  ( 5.084743224303840847, -15.73894311731895890, 3.387250424804410187 ) ) ;
#740 = EDGE_CURVE ( 'NONE', #445, #802, #1160, .T. ) ;
#741 = DIRECTION ( 'NONE',  ( 0.000000000000000000, 0.000000000000000000, -1.000000000000000000 ) ) ;
#742 = ORIENTED_EDGE ( 'NONE', *, *, #1382, .F. ) ;
#743 = VERTEX_POINT ( 'NONE', #893 ) ;
#744 = CARTESIAN_POINT ( 'NONE',  ( 17.60191637838908818, -16.47614126945322965, 3.164718252669592502 ) ) ;
#745 = CARTESIAN_POINT ( 'NONE',  ( 16.25522941194102344, -11.97720655152224012, 2.821310216225942025 ) ) ;
#746 = CARTESIAN_POINT ( 'NONE',  ( 16.30186757377156326, -11.39939550512356981, 3.034382070699368050 ) ) ;
#747 = CARTESIAN_POINT ( 'NONE',  ( 16.25974455559431675, -14.27494506211847991, 2.776829568750573074 ) ) ;
#748 = COORDINATED_UNIVERSAL_TIME_OFFSET ( 8, 0, .BEHIND. ) ;
#749 = EDGE_CURVE ( 'NONE', #472, #822, #2715, .T. ) ;
#750 = AXIS2_PLACEMENT_3D ( 'NONE', #564, #1374, #1870 ) ;
#751 = DIRECTION ( 'NONE',  ( -0.9590325327422158930, 0.2832959603348602085, 0.000000000000000000 ) ) ;
#752 = CARTESIAN_POINT ( 'NONE',  ( 7.056895670461472925, -13.46115263874846413, 3.766756351607774889 ) ) ;
#753 = ORIENTED_EDGE ( 'NONE', *, *, #2028, .T. ) ;
#754 = CARTESIAN_POINT ( 'NONE',  ( 5.086722454260938164, -14.97385919799011589, 3.751699926795033502 ) ) ;
#755 = CARTESIAN_POINT ( 'NONE',  ( 2.681794621868526463, -18.00000000000000355, 1.000000000000000000 ) ) ;
#756 = ORIENTED_EDGE ( 'NONE', *, *, #2862, .T. ) ;
#757 = ORIENTED_EDGE ( 'NONE', *, *, #1267, .T. ) ;
#758 = CARTESIAN_POINT ( 'NONE',  ( 6.821464206280522191, -11.52813864857134440, 3.472873694122759147 ) ) ;
#759 = VECTOR ( 'NONE', #1616, 1000.000000000000000 ) ;
#760 = CARTESIAN_POINT ( 'NONE',  ( 17.61797845236886673, -16.61528224719955560, 3.127575774144308873 ) ) ;
#761 = DIRECTION ( 'NONE',  ( 1.000000000000000000, 0.000000000000000000, 0.000000000000000000 ) ) ;
#762 = AXIS2_PLACEMENT_3D ( 'NONE', #470, #1991, #1008 ) ;
#763 = CARTESIAN_POINT ( 'NONE',  ( 17.18530038767820400, -14.16111644065862762, 4.677851300182775951 ) ) ;
#764 = PERSON_AND_ORGANIZATION_ROLE ( 'design_owner' ) ;
#765 = DIRECTION ( 'NONE',  ( -0.2832959603348601529, -0.9590325327422157820, 0.000000000000000000 ) ) ;
#766 = CARTESIAN_POINT ( 'NONE',  ( 6.244661324164352934, -14.25487300909555444, 5.283489552493276342 ) ) ;
#767 = ORIENTED_EDGE ( 'NONE', *, *, #259, .T. ) ;
#768 = AXIS2_PLACEMENT_3D ( 'NONE', #323, #3118, #352 ) ;
#769 = CARTESIAN_POINT ( 'NONE',  ( 16.16614065708069958, -12.13736291360845598, 3.000000000000000000 ) ) ;
#770 = DIRECTION ( 'NONE',  ( 0.2947813822284873209, -0.9555647213514437688, 0.000000000000000000 ) ) ;
#771 = EDGE_LOOP ( 'NONE', ( #1207, #2699, #2226 ) ) ;
#772 = VERTEX_POINT ( 'NONE', #2962 ) ;
#773 = CARTESIAN_POINT ( 'NONE',  ( 6.746798473248469818, -11.55099071277756906, 3.363151165981769886 ) ) ;
#774 = CARTESIAN_POINT ( 'NONE',  ( 0.000000000000000000, 0.000000000000000000, 3.000000000000000000 ) ) ;
#775 = EDGE_CURVE ( 'NONE', #1582, #253, #1904, .T. ) ;
#776 = CARTESIAN_POINT ( 'NONE',  ( 16.45372498811781625, -11.85213807267282604, 2.863475858119229223 ) ) ;
#777 = CARTESIAN_POINT ( 'NONE',  ( 7.462916206041442457, -11.56547641453376407, 4.916212997491439474 ) ) ;
#778 = CARTESIAN_POINT ( 'NONE',  ( 16.41829807240738504, -16.00000000000011369, 2.140905766920968567 ) ) ;
#779 = CALENDAR_DATE ( 2026, 24, 4 ) ;
#780 = EDGE_CURVE ( 'NONE', #269, #2643, #2307, .T. ) ;
#781 = CARTESIAN_POINT ( 'NONE',  ( 16.44603666368406891, -16.00000000000000000, 1.733889651497832363 ) ) ;
#782 = EDGE_CURVE ( 'NONE', #379, #138, #2225, .T. ) ;
#783 = CARTESIAN_POINT ( 'NONE',  ( -9.598187625335965478, 12.88322821025619547, 3.000000000000000000 ) ) ;
#784 = ORIENTED_EDGE ( 'NONE', *, *, #2380, .F. ) ;
#785 = CARTESIAN_POINT ( 'NONE',  ( 5.961622018401915746, -17.08247124782651483, 1.988888024100859520 ) ) ;
#786 = FACE_OUTER_BOUND ( 'NONE', #2403, .T. ) ;
#787 = ORIENTED_EDGE ( 'NONE', *, *, #2333, .T. ) ;
#788 = EDGE_CURVE ( 'NONE', #1017, #2869, #1933, .T. ) ;
#789 = CARTESIAN_POINT ( 'NONE',  ( -6.129967210265983013, 2.266725329581253501, 3.000000000000000000 ) ) ;
#790 = LINE ( 'NONE', #1809, #2434 ) ;
#791 = CARTESIAN_POINT ( 'NONE',  ( 16.20367443007096497, -12.34676069406303611, 2.961226539177524764 ) ) ;
#792 = CARTESIAN_POINT ( 'NONE',  ( 26.52053893421177477, -1.734723475976807094E-15, 0.000000000000000000 ) ) ;
#793 = VECTOR ( 'NONE', #1346, 1000.000000000000000 ) ;
#794 = CARTESIAN_POINT ( 'NONE',  ( 16.36596094449571837, -15.02948746484275766, 2.424082858039852351 ) ) ;
#795 = CARTESIAN_POINT ( 'NONE',  ( 6.266036663684054098, -11.66816179572523637, 1.733889651497832363 ) ) ;
#796 = ADVANCED_FACE ( 'NONE', ( #2943 ), #134, .F. ) ;
#797 = CARTESIAN_POINT ( 'NONE',  ( 18.03044747165744610, -17.76824192312938777, 2.106643863739697586 ) ) ;
#798 = CARTESIAN_POINT ( 'NONE',  ( 16.44603666368406891, -7.000000000000002665, 1.733889651497832363 ) ) ;
#799 = VERTEX_POINT ( 'NONE', #1956 ) ;
#800 = CARTESIAN_POINT ( 'NONE',  ( 4.613947908408801091, -17.88088982452715570, 1.932697149710348672 ) ) ;
#801 = CYLINDRICAL_SURFACE ( 'NONE', #2089, 1.249999999999997558 ) ;
#802 = VERTEX_POINT ( 'NONE', #1674 ) ;
#803 = APPROVAL_PERSON_ORGANIZATION ( #1379, #2145, #2616 ) ;
#804 = CARTESIAN_POINT ( 'NONE',  ( 6.171895583582055700, -12.42198903573306801, 2.895656219014944188 ) ) ;
#805 = LINE ( 'NONE', #1826, #2763 ) ;
#806 = LINE ( 'NONE', #349, #2631 ) ;
#807 = CARTESIAN_POINT ( 'NONE',  ( 7.951697892168620108, -11.94212650380042895, 4.468231583465500201 ) ) ;
#808 = B_SPLINE_CURVE_WITH_KNOTS ( 'NONE', 3,
 ( #2020, #286, #1295, #2814, #486, #532 ),
 .UNSPECIFIED., .F., .F.,
 ( 4, 2, 4 ),
 ( 0.000000000000000000, 0.0004014440300224491405, 0.0008028880600448982810 ),
 .UNSPECIFIED. ) ;
#809 = AXIS2_PLACEMENT_3D ( 'NONE', #2418, #1367, #177 ) ;
#810 = CARTESIAN_POINT ( 'NONE',  ( 4.266036663684054098, -16.00000000000000355, 1.733889651497817930 ) ) ;
#811 = CARTESIAN_POINT ( 'NONE',  ( 0.000000000000000000, -16.00000000000000000, 1.000000000000000000 ) ) ;
#812 = CIRCLE ( 'NONE', #2681, 1.249999999999997558 ) ;
#813 = AXIS2_PLACEMENT_3D ( 'NONE', #1923, #2946, #415 ) ;
#814 = VECTOR ( 'NONE', #430, 1000.000000000000000 ) ;
#815 = CARTESIAN_POINT ( 'NONE',  ( 6.051843122346022952, -11.04968931491050022, 2.116325659612458221 ) ) ;
#816 = CIRCLE ( 'NONE', #2687, 6.750000000000000000 ) ;
#817 = CARTESIAN_POINT ( 'NONE',  ( 15.79177500818763491, -11.06777650515655154, 4.072013417311220351 ) ) ;
#818 = ORIENTED_EDGE ( 'NONE', *, *, #3164, .T. ) ;
#819 = EDGE_CURVE ( 'NONE', #2597, #1773, #1129, .T. ) ;
#820 = CARTESIAN_POINT ( 'NONE',  ( 5.856022467768166706, -17.41529096264002163, 2.840854979189240126 ) ) ;
#821 = CARTESIAN_POINT ( 'NONE',  ( 7.097016755854880898, -11.92827025101008331, 3.818220325699235307 ) ) ;
#822 = VERTEX_POINT ( 'NONE', #1393 ) ;
#823 = AXIS2_PLACEMENT_3D ( 'NONE', #2347, #2093, #2864 ) ;
#824 = CARTESIAN_POINT ( 'NONE',  ( 6.508398896817600310, -12.34676069424476452, 2.961226538125232732 ) ) ;
#825 = CARTESIAN_POINT ( 'NONE',  ( 22.77053893421177477, 7.999999999999996447, 1.000000000000000000 ) ) ;
#826 = CARTESIAN_POINT ( 'NONE',  ( 16.48248414388783090, -16.47614126945131474, 2.092106524208304563 ) ) ;
#827 = CARTESIAN_POINT ( 'NONE',  ( 6.169578217646824569, -11.52813864857244752, 3.936602772166250208 ) ) ;
#828 = VECTOR ( 'NONE', #2293, 1000.000000000000000 ) ;
#829 = DIRECTION ( 'NONE',  ( 0.000000000000000000, 0.000000000000000000, -1.000000000000000000 ) ) ;
#830 = CARTESIAN_POINT ( 'NONE',  ( 6.648292358634644295, -11.73125124542715980, 3.238714186887925450 ) ) ;
#831 = CARTESIAN_POINT ( 'NONE',  ( 13.44603666368407069, -16.00000000000000000, 1.733889651497854123 ) ) ;
#832 = ORIENTED_EDGE ( 'NONE', *, *, #3146, .F. ) ;
#833 = EDGE_CURVE ( 'NONE', #236, #138, #395, .T. ) ;
#834 = CARTESIAN_POINT ( 'NONE',  ( 14.07103427577014720, -12.33374463378922137, 4.696793506364436155 ) ) ;
#835 = AXIS2_PLACEMENT_3D ( 'NONE', #2194, #952, #3182 ) ;
#836 = CARTESIAN_POINT ( 'NONE',  ( 4.755793962929530494, -17.64479138087484955, 2.297271618292088480 ) ) ;
#837 = VERTEX_POINT ( 'NONE', #3213 ) ;
#838 = EDGE_CURVE ( 'NONE', #837, #845, #1774, .T. ) ;
#839 = LINE ( 'NONE', #1327, #2096 ) ;
#840 = CARTESIAN_POINT ( 'NONE',  ( 16.22573553894264720, -11.28300242052866054, 3.147309425839946773 ) ) ;
#841 = EDGE_CURVE ( 'NONE', #356, #1198, #2685, .T. ) ;
#842 = DIRECTION ( 'NONE',  ( 0.000000000000000000, -1.000000000000000000, 0.000000000000000000 ) ) ;
#843 = CIRCLE ( 'NONE', #2718, 7.999999999999998224 ) ;
#844 = CARTESIAN_POINT ( 'NONE',  ( 11.35603666368406195, -6.875000000000007994, 3.000000000000000000 ) ) ;
#845 = VERTEX_POINT ( 'NONE', #1532 ) ;
#846 = EDGE_CURVE ( 'NONE', #559, #956, #1408, .T. ) ;
#847 = CARTESIAN_POINT ( 'NONE',  ( 11.35603666368406195, -6.875000000000007994, 7.777215747179623939 ) ) ;
#848 = EDGE_CURVE ( 'NONE', #1666, #2419, #927, .T. ) ;
#849 = CARTESIAN_POINT ( 'NONE',  ( -19.22946106578817549, 17.99999999999999645, 3.000000000000000000 ) ) ;
#850 = ORIENTED_EDGE ( 'NONE', *, *, #2571, .T. ) ;
#851 = CYLINDRICAL_SURFACE ( 'NONE', #2519, 1.249999999999997558 ) ;
#852 = CARTESIAN_POINT ( 'NONE',  ( -19.22946106578817549, -18.00000000000000355, 1.000000000000000000 ) ) ;
#853 = EDGE_LOOP ( 'NONE', ( #3249, #2054, #3278, #3253 ) ) ;
#854 = VECTOR ( 'NONE', #1315, 1000.000000000000000 ) ;
#855 = B_SPLINE_CURVE_WITH_KNOTS ( 'NONE', 3,
 ( #2049, #1766, #2518, #1274, #3044, #1004 ),
 .UNSPECIFIED., .F., .F.,
 ( 4, 2, 4 ),
 ( 0.000000000000000000, 0.0001721887652555365771, 0.0003443775305110731541 ),
 .UNSPECIFIED. ) ;
#856 = ADVANCED_FACE ( 'NONE', ( #19 ), #2474, .T. ) ;
#857 = DIRECTION ( 'NONE',  ( 0.000000000000000000, 0.000000000000000000, -1.000000000000000000 ) ) ;
#858 = DIRECTION ( 'NONE',  ( 0.000000000000000000, 0.000000000000000000, -1.000000000000000000 ) ) ;
#859 = CARTESIAN_POINT ( 'NONE',  ( 20.03027870549959744, -18.00000000000000355, 1.000000000000000000 ) ) ;
#860 = DIRECTION ( 'NONE',  ( -0.000000000000000000, -0.000000000000000000, -1.000000000000000000 ) ) ;
#861 = ADVANCED_FACE ( 'NONE', ( #3035 ), #1758, .T. ) ;
#862 = AXIS2_PLACEMENT_3D ( 'NONE', #2995, #2742, #919 ) ;
#863 = ADVANCED_FACE ( 'NONE', ( #2782 ), #1726, .T. ) ;
#864 = CARTESIAN_POINT ( 'NONE',  ( 6.805967847533388237, -10.92321226126049716, 4.255176081489604023 ) ) ;
#865 = VECTOR ( 'NONE', #2834, 1000.000000000000000 ) ;
#866 = CARTESIAN_POINT ( 'NONE',  ( 6.266036663684052321, -11.66816180601223785, 2.020716656840648717 ) ) ;
#867 = AXIS2_PLACEMENT_3D ( 'NONE', #2200, #1170, #464 ) ;
#868 = CARTESIAN_POINT ( 'NONE',  ( 17.14236496840354818, -14.14948236703044238, 4.729225745414898263 ) ) ;
#869 = ORIENTED_EDGE ( 'NONE', *, *, #3145, .F. ) ;
#870 = VECTOR ( 'NONE', #2274, 1000.000000000000000 ) ;
#871 = CARTESIAN_POINT ( 'NONE',  ( 3.212600711139109055, -18.00000000000000355, 0.9999999999999997780 ) ) ;
#872 = CARTESIAN_POINT ( 'NONE',  ( 17.87636479025436032, -17.51177600266034062, 2.502669036741067554 ) ) ;
#873 = VERTEX_POINT ( 'NONE', #1514 ) ;
#874 = CARTESIAN_POINT ( 'NONE',  ( 16.34642558684633329, -11.42487384381749749, 2.999999656817070814 ) ) ;
#875 = DIRECTION ( 'NONE',  ( 0.1465486610894621289, -0.9892034623538707994, 0.000000000000000000 ) ) ;
#876 = LINE ( 'NONE', #2877, #3220 ) ;
#877 = DIRECTION ( 'NONE',  ( 0.000000000000000000, 0.000000000000000000, -1.000000000000000000 ) ) ;
#878 = CIRCLE ( 'NONE', #1202, 1.000000000000000888 ) ;
#879 = ORIENTED_EDGE ( 'NONE', *, *, #288, .F. ) ;
#880 = FACE_OUTER_BOUND ( 'NONE', #1326, .T. ) ;
#881 = EDGE_LOOP ( 'NONE', ( #2976, #1060, #1396, #237 ) ) ;
#882 = AXIS2_PLACEMENT_3D ( 'NONE', #1513, #251, #1020 ) ;
#883 = FACE_OUTER_BOUND ( 'NONE', #1362, .T. ) ;
#884 = CARTESIAN_POINT ( 'NONE',  ( 4.992017521606265440, -17.08247124717567544, 2.886239735309938936 ) ) ;
#885 = DIRECTION ( 'NONE',  ( 0.000000000000000000, 1.000000000000000000, 0.000000000000000000 ) ) ;
#886 = EDGE_LOOP ( 'NONE', ( #636, #2783, #2331, #2570, #2702, #1427, #2203, #2081, #1423, #3161, #1196, #680 ) ) ;
#887 = EDGE_CURVE ( 'NONE', #479, #223, #1039, .T. ) ;
#888 = CARTESIAN_POINT ( 'NONE',  ( 13.71195104802997378, -13.54057825601891096, 4.733889651497855233 ) ) ;
#889 = CARTESIAN_POINT ( 'NONE',  ( 9.266036663684074526, -14.34094099488328666, 4.733889651497853457 ) ) ;
#890 = EDGE_LOOP ( 'NONE', ( #678, #1613, #1040, #2162 ) ) ;
#891 = DIRECTION ( 'NONE',  ( -1.000000000000000000, 0.000000000000000000, 0.000000000000000000 ) ) ;
#892 = CARTESIAN_POINT ( 'NONE',  ( 9.266036663684074526, -13.64995387438174212, 4.733889651497853457 ) ) ;
#893 = CARTESIAN_POINT ( 'NONE',  ( -12.47128208403741745, 0.000000000000000000, 3.000000000000000000 ) ) ;
#894 = ORIENTED_EDGE ( 'NONE', *, *, #43, .T. ) ;
#895 = DIRECTION ( 'NONE',  ( 1.000000000000000000, 0.000000000000000000, 0.000000000000000000 ) ) ;
#896 = ORIENTED_EDGE ( 'NONE', *, *, #2585, .F. ) ;
#897 = DIRECTION ( 'NONE',  ( -6.938893903907228378E-15, 0.000000000000000000, 1.000000000000000000 ) ) ;
#898 = CARTESIAN_POINT ( 'NONE',  ( 18.43968599529446095, -16.31883855588686671, 3.068202361909431186 ) ) ;
#899 = CARTESIAN_POINT ( 'NONE',  ( -19.22946106578825010, 7.999999999999996447, 1.000000000000000000 ) ) ;
#900 = CC_DESIGN_PERSON_AND_ORGANIZATION_ASSIGNMENT ( #527, #571, ( #2349 ) ) ;
#901 = CARTESIAN_POINT ( 'NONE',  ( 5.739762061377967406, -17.36031729620071573, 1.893833304132324757 ) ) ;
#902 = CARTESIAN_POINT ( 'NONE',  ( 6.922015495687438680, -11.17842772037247734, 3.785052729440107733 ) ) ;
#903 = ORIENTED_EDGE ( 'NONE', *, *, #1741, .F. ) ;
#904 = CARTESIAN_POINT ( 'NONE',  ( 15.81026564772379572, -11.03452255495361456, 4.285597878314305831 ) ) ;
#905 = CARTESIAN_POINT ( 'NONE',  ( 6.936936781260107487, -11.32640829179684161, 3.715239005917193804 ) ) ;
#906 = ORIENTED_EDGE ( 'NONE', *, *, #2364, .F. ) ;
#907 = DIRECTION ( 'NONE',  ( 0.000000000000000000, 1.000000000000000000, 0.000000000000000000 ) ) ;
#908 = CARTESIAN_POINT ( 'NONE',  ( 11.35603666368406195, -6.875000000000007994, 5.952344404451926252 ) ) ;
#909 = CARTESIAN_POINT ( 'NONE',  ( 15.75911086625877644, -11.08226010208795564, 4.338164837841299359 ) ) ;
#910 = ORIENTED_EDGE ( 'NONE', *, *, #1618, .F. ) ;
#911 = CARTESIAN_POINT ( 'NONE',  ( 4.266036663684054098, -18.00000000000000355, 1.089823964423708214 ) ) ;
#912 = ADVANCED_FACE ( 'NONE', ( #2037 ), #917, .T. ) ;
#913 = ORIENTED_EDGE ( 'NONE', *, *, #2804, .T. ) ;
#914 = CARTESIAN_POINT ( 'NONE',  ( 6.429668462843354249, -14.36968672286251270, 2.717484712962491056 ) ) ;
#915 = DIRECTION ( 'NONE',  ( -1.000000000000000000, 0.000000000000000000, 0.000000000000000000 ) ) ;
#916 = EDGE_CURVE ( 'NONE', #217, #743, #2258, .T. ) ;
#917 =( BOUNDED_SURFACE ( )  B_SPLINE_SURFACE ( 3, 2, ( 
 ( #755, #2053, #1229 ),
 ( #728, #2526, #3081 ),
 ( #3022, #2798, #268 ),
 ( #1244, #1747, #3066 ) ),
 .UNSPECIFIED., .F., .F., .F. ) 
 B_SPLINE_SURFACE_WITH_KNOTS ( ( 4, 4 ),
 ( 3, 3 ),
 ( 0.000000000000000000, 0.002762297093061618237 ),
 ( 0.000000000000000000, 1.000000000000000000 ),
 .UNSPECIFIED. ) 
 GEOMETRIC_REPRESENTATION_ITEM ( )  RATIONAL_B_SPLINE_SURFACE ( (
 ( 1.000000000000000000, 0.7071067811865475727, 1.000000000000000000),
 ( 1.000000000000000000, 0.7344383923722070939, 1.000000000000000000),
 ( 1.000000000000000000, 0.7617840702214511150, 1.000000000000000000),
 ( 1.000000000000000000, 0.7872431825530226135, 1.000000000000000000) ) ) 
 REPRESENTATION_ITEM ( '' )  SURFACE ( )  );
#918 = CARTESIAN_POINT ( 'NONE',  ( 14.64310885639483217, -15.41192803340774198, 4.527377183073311606 ) ) ;
#919 = DIRECTION ( 'NONE',  ( -1.000000000000000000, 0.000000000000000000, 0.000000000000000000 ) ) ;
#920 = FACE_OUTER_BOUND ( 'NONE', #941, .T. ) ;
#921 = ORIENTED_EDGE ( 'NONE', *, *, #547, .T. ) ;
#922 = CARTESIAN_POINT ( 'NONE',  ( 17.64889248773463848, -17.88047189780098378, 1.537938217175591094 ) ) ;
#923 = TOROIDAL_SURFACE ( 'NONE', #1661, 12.58999999999999986, 4.000000000000000000 ) ;
#924 = CARTESIAN_POINT ( 'NONE',  ( 7.900457460867161608, -14.91202779432780900, 5.890424902513338168 ) ) ;
#925 = EDGE_LOOP ( 'NONE', ( #2073, #1650, #64, #2499 ) ) ;
#926 = B_SPLINE_CURVE_WITH_KNOTS ( 'NONE', 3,
 ( #2767, #2540, #739, #1728, #754, #2780, #267, #1972, #3267, #3048, #1277, #3002, #992, #1485, #3020, #234, #218, #1789, #3065, #1757, #1228, #485 ),
 .UNSPECIFIED., .F., .F.,
 ( 4, 2, 2, 2, 2, 2, 2, 2, 2, 2, 4 ),
 ( 0.001648991580472907630, 0.002491451177329898591, 0.003333910774186889334, 0.003755140572615382755, 0.004176370371043875741, 0.004597600169472368728, 0.005018829967900861715, 0.005440059766329355569, 0.005861289564757847688, 0.006703749161614837131, 0.008388668355328813414 ),
 .UNSPECIFIED. ) ;
#927 = CIRCLE ( 'NONE', #2520, 1.000000000000000000 ) ;
#928 = CARTESIAN_POINT ( 'NONE',  ( -27.22946106578824654, -7.999999999999930722, 3.000000000000000000 ) ) ;
#929 = CARTESIAN_POINT ( 'NONE',  ( 6.229589183479851577, -16.47614126945156343, 2.092106524205087137 ) ) ;
#930 = CARTESIAN_POINT ( 'NONE',  ( 5.265030261054273630, -16.23807063472620626, 2.205897815834412246 ) ) ;
#931 = ORIENTED_EDGE ( 'NONE', *, *, #2904, .T. ) ;
#932 = DIRECTION ( 'NONE',  ( 0.000000000000000000, -0.000000000000000000, -1.000000000000000000 ) ) ;
#933 = EDGE_CURVE ( 'NONE', #3262, #2840, #1876, .T. ) ;
#934 = ORIENTED_EDGE ( 'NONE', *, *, #846, .F. ) ;
#935 = LINE ( 'NONE', #1925, #1672 ) ;
#936 = AXIS2_PLACEMENT_3D ( 'NONE', #1569, #1612, #568 ) ;
#937 = EDGE_CURVE ( 'NONE', #1696, #2446, #2305, .T. ) ;
#938 = CARTESIAN_POINT ( 'NONE',  ( 15.07880803762417976, -15.38253474715435054, 4.307547567520642495 ) ) ;
#939 = CARTESIAN_POINT ( 'NONE',  ( 22.77053893421177477, -8.000000000000003553, 1.000000000000000000 ) ) ;
#940 = CARTESIAN_POINT ( 'NONE',  ( 6.952962461117621729, -11.08226010209660473, 4.338164837852539257 ) ) ;
#941 = EDGE_LOOP ( 'NONE', ( #1474, #3024, #1940, #1546 ) ) ;
#942 = CARTESIAN_POINT ( 'NONE',  ( -19.22946106578817549, -18.00000000000000355, 3.000000000000000000 ) ) ;
#943 = CARTESIAN_POINT ( 'NONE',  ( 8.916818300377395090, -15.58842601630786895, 4.733889651497854345 ) ) ;
#944 = EDGE_LOOP ( 'NONE', ( #1487, #254, #2678, #206, #2766 ) ) ;
#945 = CARTESIAN_POINT ( 'NONE',  ( -11.22023827261601703, -6.549125643708114453, 2.000000000000000000 ) ) ;
#946 = CARTESIAN_POINT ( 'NONE',  ( -1.233963336315937909, -6.875000000000006217, 7.000000000000000000 ) ) ;
#947 = CARTESIAN_POINT ( 'NONE',  ( -10.95016594160859391, 6.820829136982932361, 2.000000000000000000 ) ) ;
#948 = VERTEX_POINT ( 'NONE', #979 ) ;
#949 = CARTESIAN_POINT ( 'NONE',  ( 5.135177732052196298, -17.83066597221408855, 2.079247306585653821 ) ) ;
#950 = ORIENTED_EDGE ( 'NONE', *, *, #2091, .F. ) ;
#951 = CARTESIAN_POINT ( 'NONE',  ( 6.472453360322646176, -14.15646745300770526, 2.839693642411723395 ) ) ;
#952 = DIRECTION ( 'NONE',  ( 0.000000000000000000, -1.000000000000000000, 0.000000000000000000 ) ) ;
#953 = CARTESIAN_POINT ( 'NONE',  ( 13.79525502699072526, -15.58842601630786895, 4.733889651497854345 ) ) ;
#954 = CARTESIAN_POINT ( 'NONE',  ( 6.806389944683266080, -11.08889632330202168, 3.692538379254339809 ) ) ;
#955 = CARTESIAN_POINT ( 'NONE',  ( 6.266036663684054098, -7.000000000000002665, 0.000000000000000000 ) ) ;
#956 = VERTEX_POINT ( 'NONE', #1729 ) ;
#957 = CARTESIAN_POINT ( 'NONE',  ( 18.10919112155503541, -17.85539020311736280, 1.907728818860200848 ) ) ;
#958 = ADVANCED_FACE ( 'NONE', ( #252 ), #516, .F. ) ;
#959 = CARTESIAN_POINT ( 'NONE',  ( 5.087531098167124455, -15.78197470779472944, 3.372623589583614301 ) ) ;
#960 = ORIENTED_EDGE ( 'NONE', *, *, #2692, .F. ) ;
#961 = EDGE_CURVE ( 'NONE', #1718, #456, #808, .T. ) ;
#962 = DIRECTION ( 'NONE',  ( -0.000000000000000000, 0.000000000000000000, 1.000000000000000000 ) ) ;
#963 = CARTESIAN_POINT ( 'NONE',  ( 15.75911086625877999, -11.08226010208795032, 4.338164837841301136 ) ) ;
#964 = EDGE_LOOP ( 'NONE', ( #1952, #3169, #2647, #669, #3037 ) ) ;
#965 = CARTESIAN_POINT ( 'NONE',  ( 6.742259192221605524, -11.10210801976970885, 3.575307318717982685 ) ) ;
#966 = ORIENTED_EDGE ( 'NONE', *, *, #2062, .F. ) ;
#967 = DIRECTION ( 'NONE',  ( 7.264154555652879708E-15, -4.071399971386752644E-15, -1.000000000000000000 ) ) ;
#968 = CARTESIAN_POINT ( 'NONE',  ( 3.766036663684062979, -6.875000000000007994, 4.242738910632480653 ) ) ;
#969 = CARTESIAN_POINT ( 'NONE',  ( 8.266623988427877379, -12.12968103909798323, 5.450136255699074894 ) ) ;
#970 = CARTESIAN_POINT ( 'NONE',  ( 7.681294311302257150, -11.73985034046834031, 5.097019926925878686 ) ) ;
#971 = ORIENTED_EDGE ( 'NONE', *, *, #341, .T. ) ;
#972 = EDGE_CURVE ( 'NONE', #2954, #2189, #3049, .T. ) ;
#973 = CC_DESIGN_SECURITY_CLASSIFICATION ( #548, ( #2349 ) ) ;
#974 = CARTESIAN_POINT ( 'NONE',  ( 14.44544933893003780, -12.12968103910389495, 5.450136255703730725 ) ) ;
#975 = CARTESIAN_POINT ( 'NONE',  ( 7.134777920428890141, -13.46213871780383364, 3.848220437913941527 ) ) ;
#976 = VERTEX_POINT ( 'NONE', #2127 ) ;
#977 = AXIS2_PLACEMENT_3D ( 'NONE', #2165, #1138, #2183 ) ;
#978 = CARTESIAN_POINT ( 'NONE',  ( 15.56584330764406943, -11.28898816567025065, 3.360914204681592743 ) ) ;
#979 = CARTESIAN_POINT ( 'NONE',  ( 32.77053893421177122, -7.999999999999930722, 0.000000000000000000 ) ) ;
#980 = ORIENTED_EDGE ( 'NONE', *, *, #33, .T. ) ;
#981 = VECTOR ( 'NONE', #1425, 1000.000000000000000 ) ;
#982 = EDGE_LOOP ( 'NONE', ( #3285, #2430, #452 ) ) ;
#983 = CARTESIAN_POINT ( 'NONE',  ( -9.598187625335965478, 12.88322821025619547, 2.000000000000000000 ) ) ;
#984 = DIRECTION ( 'NONE',  ( -0.000000000000000000, -0.000000000000000000, 1.000000000000000000 ) ) ;
#985 = DIRECTION ( 'NONE',  ( -1.000000000000000000, 0.000000000000000000, 0.000000000000000000 ) ) ;
#986 = CARTESIAN_POINT ( 'NONE',  ( 6.719656791133065354, -11.58944100654995424, 3.320251668525114663 ) ) ;
#987 = CARTESIAN_POINT ( 'NONE',  ( -6.129967210265984789, 5.674820170431093658, 3.000000000000000000 ) ) ;
#988 = VECTOR ( 'NONE', #2614, 1000.000000000000000 ) ;
#989 = CARTESIAN_POINT ( 'NONE',  ( 7.063312635047730659, -15.75843254439568142, 3.791350417618358559 ) ) ;
#990 = ORIENTED_EDGE ( 'NONE', *, *, #3079, .F. ) ;
#991 = CIRCLE ( 'NONE', #2528, 2.000000000000000000 ) ;
#992 = CARTESIAN_POINT ( 'NONE',  ( 5.877106703069546079, -14.15599866389649719, 5.022770565805132925 ) ) ;
#993 = CARTESIAN_POINT ( 'NONE',  ( 17.60191637838941148, -16.47614126945259372, 3.164718252669696419 ) ) ;
#994 = ORIENTED_EDGE ( 'NONE', *, *, #2781, .T. ) ;
#995 = ORIENTED_EDGE ( 'NONE', *, *, #2465, .F. ) ;
#996 = CARTESIAN_POINT ( 'NONE',  ( 6.558929688321657459, -11.63367023058226657, 3.046847591053675863 ) ) ;
#997 = FACE_OUTER_BOUND ( 'NONE', #202, .T. ) ;
#998 = ADVANCED_FACE ( 'NONE', ( #48 ), #801, .F. ) ;
#999 = CARTESIAN_POINT ( 'NONE',  ( 15.89060912108806001, -11.52813864856831216, 3.472873694122117438 ) ) ;
#1000 = CIRCLE ( 'NONE', #1630, 6.750000000000000000 ) ;
#1001 = CARTESIAN_POINT ( 'NONE',  ( 16.03898297158933772, -13.69643456131394821, 3.243606662042242128 ) ) ;
#1002 = PERSON_AND_ORGANIZATION ( #455, #1605 ) ;
#1003 = CC_DESIGN_PERSON_AND_ORGANIZATION_ASSIGNMENT ( #2776, #494, ( #2327 ) ) ;
#1004 = CARTESIAN_POINT ( 'NONE',  ( 15.75911086625872137, -11.08226010208801071, 4.338164837841370414 ) ) ;
#1005 = CARTESIAN_POINT ( 'NONE',  ( 6.754145491204483598, -13.59963975216669496, 3.374989317154488688 ) ) ;
#1006 = ORIENTED_EDGE ( 'NONE', *, *, #3145, .T. ) ;
#1007 = CARTESIAN_POINT ( 'NONE',  ( 20.03027870549959744, -16.00000000000000000, 1.000000000000000000 ) ) ;
#1008 = DIRECTION ( 'NONE',  ( -1.000000000000000000, 0.000000000000000000, 0.000000000000000000 ) ) ;
#1009 = VERTEX_POINT ( 'NONE', #1325 ) ;
#1010 = EDGE_LOOP ( 'NONE', ( #3139, #2795, #3094, #2275 ) ) ;
#1011 = CARTESIAN_POINT ( 'NONE',  ( 5.127115976861706059, -16.34318656838133776, 3.202082685257919614 ) ) ;
#1012 = DIRECTION ( 'NONE',  ( 1.000000000000000000, 0.000000000000000000, 0.000000000000000000 ) ) ;
#1013 = CARTESIAN_POINT ( 'NONE',  ( 15.69158975045185578, -15.63642551658694302, 4.306959825014625487 ) ) ;
#1014 = APPROVAL_STATUS ( 'not_yet_approved' ) ;
#1015 = CARTESIAN_POINT ( 'NONE',  ( 11.35603666368406195, -6.875000000000007994, 5.733889651497853457 ) ) ;
#1016 = CARTESIAN_POINT ( 'NONE',  ( 6.740069935795247602, -15.74311462366146586, 3.970102461020963869 ) ) ;
#1017 = VERTEX_POINT ( 'NONE', #2083 ) ;
#1018 = AXIS2_PLACEMENT_3D ( 'NONE', #939, #2760, #2689 ) ;
#1019 = EDGE_CURVE ( 'NONE', #1494, #472, #3250, .T. ) ;
#1020 = DIRECTION ( 'NONE',  ( 0.000000000000000000, 0.000000000000000000, -1.000000000000000000 ) ) ;
#1021 = DIRECTION ( 'NONE',  ( -0.9555647213514437688, -0.2947813822284878760, -6.119198035741692620E-15 ) ) ;
#1022 = ORIENTED_EDGE ( 'NONE', *, *, #1372, .F. ) ;
#1023 = ORIENTED_EDGE ( 'NONE', *, *, #175, .F. ) ;
#1024 = CARTESIAN_POINT ( 'NONE',  ( 5.123166846786923578, -16.41074681965193349, 3.183056810609721232 ) ) ;
#1025 = CIRCLE ( 'NONE', #977, 2.000000000000000000 ) ;
#1026 = CARTESIAN_POINT ( 'NONE',  ( -10.95016594160859391, 6.820829136982932361, 3.000000000000000000 ) ) ;
#1027 = CARTESIAN_POINT ( 'NONE',  ( 15.96527485412073055, -11.55099071277886225, 3.363151165980082347 ) ) ;
#1028 = CARTESIAN_POINT ( 'NONE',  ( 8.290102841451650661, -12.14722889530275474, 4.600645618959242178 ) ) ;
#1029 = EDGE_CURVE ( 'NONE', #1431, #3244, #1838, .T. ) ;
#1030 = EDGE_CURVE ( 'NONE', #2588, #584, #3062, .T. ) ;
#1031 = CIRCLE ( 'NONE', #506, 10.14216842105263439 ) ;
#1032 = CARTESIAN_POINT ( 'NONE',  ( 15.86868458016268946, -13.52495943513467935, 3.506458006393714744 ) ) ;
#1033 = DIRECTION ( 'NONE',  ( -0.000000000000000000, 0.000000000000000000, 1.000000000000000000 ) ) ;
#1034 = CARTESIAN_POINT ( 'NONE',  ( 6.509769394425110711, -11.76557815089515735, 3.028014554374436340 ) ) ;
#1035 = CARTESIAN_POINT ( 'NONE',  ( 0.000000000000000000, -18.00000000000000355, 0.000000000000000000 ) ) ;
#1036 = VERTEX_POINT ( 'NONE', #2575 ) ;
#1037 = CIRCLE ( 'NONE', #2899, 2.000000000000001776 ) ;
#1038 = CARTESIAN_POINT ( 'NONE',  ( -24.22946106578824654, -1.734723475976807094E-15, 3.000000000000000000 ) ) ;
#1039 = LINE ( 'NONE', #2541, #2949 ) ;
#1040 = ORIENTED_EDGE ( 'NONE', *, *, #514, .T. ) ;
#1041 = EDGE_CURVE ( 'NONE', #2769, #2958, #2324, .T. ) ;
#1042 = CARTESIAN_POINT ( 'NONE',  ( -25.47946106578824299, -1.734723475976807094E-15, 3.000000000000000000 ) ) ;
#1043 = LINE ( 'NONE', #225, #2182 ) ;
#1044 = DIRECTION ( 'NONE',  ( 0.000000000000000000, 0.000000000000000000, 1.000000000000000000 ) ) ;
#1045 = LINE ( 'NONE', #440, #2679 ) ;
#1046 = B_SPLINE_CURVE_WITH_KNOTS ( 'NONE', 3,
 ( #335, #377, #1889, #3115, #592, #826 ),
 .UNSPECIFIED., .F., .F.,
 ( 4, 2, 4 ),
 ( 2.168404344971008868E-19, 0.0007475129932631227733, 0.001495025986526245330 ),
 .UNSPECIFIED. ) ;
#1047 = CARTESIAN_POINT ( 'NONE',  ( 16.06331860204457485, -13.73391628352580618, 3.200887692498961989 ) ) ;
#1048 = CARTESIAN_POINT ( 'NONE',  ( 16.06879409020434579, -12.17976970922189217, 3.192922636908705591 ) ) ;
#1049 = CARTESIAN_POINT ( 'NONE',  ( 6.732089655862284694, -10.83823278004914670, 4.242738910632480653 ) ) ;
#1050 = VECTOR ( 'NONE', #1219, 1000.000000000000000 ) ;
#1051 = DIRECTION ( 'NONE',  ( 0.000000000000000000, -0.000000000000000000, -1.000000000000000000 ) ) ;
#1052 = ORIENTED_EDGE ( 'NONE', *, *, #916, .F. ) ;
#1053 = EDGE_CURVE ( 'NONE', #3101, #1696, #1866, .T. ) ;
#1054 = CARTESIAN_POINT ( 'NONE',  ( 0.000000000000000000, -7.000000000000002665, 4.733889651497853457 ) ) ;
#1055 = CARTESIAN_POINT ( 'NONE',  ( 7.426723526202593462, -12.32684114011945553, 4.114227632177104077 ) ) ;
#1056 = ORIENTED_EDGE ( 'NONE', *, *, #933, .F. ) ;
#1057 = CARTESIAN_POINT ( 'NONE',  ( 16.64456282295634537, -11.06979404016113833, 2.169044588744747148 ) ) ;
#1058 = CARTESIAN_POINT ( 'NONE',  ( 11.35603666368406195, -6.875000000000007994, 3.000000000000000000 ) ) ;
#1059 = CARTESIAN_POINT ( 'NONE',  ( -22.97946106578825010, -1.581642626083388356E-15, 0.000000000000000000 ) ) ;
#1060 = ORIENTED_EDGE ( 'NONE', *, *, #1865, .T. ) ;
#1061 = CARTESIAN_POINT ( 'NONE',  ( 8.967218394590146247, -12.48531089587985221, 5.687674404662510952 ) ) ;
#1062 = DIRECTION ( 'NONE',  ( 0.000000000000000000, 1.000000000000000000, 0.000000000000000000 ) ) ;
#1063 = APPROVAL_STATUS ( 'not_yet_approved' ) ;
#1064 = EDGE_CURVE ( 'NONE', #3238, #2725, #603, .T. ) ;
#1065 = CYLINDRICAL_SURFACE ( 'NONE', #1309, 6.089999999999999858 ) ;
#1066 = CARTESIAN_POINT ( 'NONE',  ( 22.77053893421170017, 15.99999999999999289, 3.000000000000000000 ) ) ;
#1067 = ORIENTED_EDGE ( 'NONE', *, *, #605, .F. ) ;
#1068 = DIRECTION ( 'NONE',  ( -1.000000000000000000, 1.134968100937159141E-16, 0.000000000000000000 ) ) ;
#1069 = CARTESIAN_POINT ( 'NONE',  ( 4.907828907368941174, -17.34832282369407253, 2.682002463018939853 ) ) ;
#1070 = ORIENTED_EDGE ( 'NONE', *, *, #1792, .T. ) ;
#1071 = TOROIDAL_SURFACE ( 'NONE', #2299, 5.668842744662074828, 3.000000000000000000 ) ;
#1072 = CARTESIAN_POINT ( 'NONE',  ( 27.77053893421177122, -1.734723475976807094E-15, 3.000000000000000000 ) ) ;
#1073 = DIRECTION ( 'NONE',  ( 1.000000000000000000, 7.635014092848299684E-16, 0.000000000000000000 ) ) ;
#1074 = DIRECTION ( 'NONE',  ( 0.000000000000000000, -0.000000000000000000, -1.000000000000000000 ) ) ;
#1075 = CARTESIAN_POINT ( 'NONE',  ( 15.28534980116753239, -12.32684114011724930, 4.114227632175582627 ) ) ;
#1076 = VECTOR ( 'NONE', #3076, 1000.000000000000000 ) ;
#1077 = DIRECTION ( 'NONE',  ( -0.000000000000000000, -0.000000000000000000, 1.000000000000000000 ) ) ;
#1078 = EDGE_LOOP ( 'NONE', ( #903, #1190 ) ) ;
#1079 = TOROIDAL_SURFACE ( 'NONE', #453, 7.089999999999999858, 1.000000000000000000 ) ;
#1080 = VECTOR ( 'NONE', #2106, 1000.000000000000000 ) ;
#1081 = CARTESIAN_POINT ( 'NONE',  ( 16.42311900303507599, -11.33539401661190382, 3.000000000000000000 ) ) ;
#1082 = CIRCLE ( 'NONE', #1352, 4.000000000000000000 ) ;
#1083 = DIRECTION ( 'NONE',  ( 1.000000000000000000, 0.000000000000000000, 0.000000000000000000 ) ) ;
#1084 = ORIENTED_EDGE ( 'NONE', *, *, #1677, .T. ) ;
#1085 = EDGE_CURVE ( 'NONE', #546, #566, #244, .T. ) ;
#1086 = CARTESIAN_POINT ( 'NONE',  ( 13.37159209857397357, -12.62641763013395746, 4.759636133100431543 ) ) ;
#1087 = ADVANCED_FACE ( 'NONE', ( #786 ), #1118, .F. ) ;
#1088 = CARTESIAN_POINT ( 'NONE',  ( 5.593186451965294737, -11.81439848942085469, 4.242738910635121208 ) ) ;
#1089 = EDGE_LOOP ( 'NONE', ( #1241, #1450, #2173 ) ) ;
#1090 = TOROIDAL_SURFACE ( 'NONE', #522, 7.589999999999999858, 1.500000000000000000 ) ;
#1091 = CARTESIAN_POINT ( 'NONE',  ( 16.58434567303426732, -11.14461249757235706, 2.591326539956954278 ) ) ;
#1092 = DIRECTION ( 'NONE',  ( -1.000000000000000000, 0.000000000000000000, -0.000000000000000000 ) ) ;
#1093 = CARTESIAN_POINT ( 'NONE',  ( 22.77053893421177477, -8.000000000000003553, 1.000000000000000000 ) ) ;
#1094 = EDGE_CURVE ( 'NONE', #1922, #845, #2325, .T. ) ;
#1095 = DIRECTION ( 'NONE',  ( -1.000000000000000000, 0.000000000000000000, 0.000000000000000000 ) ) ;
#1096 = CIRCLE ( 'NONE', #2965, 2.000000000000001776 ) ;
#1097 = SECURITY_CLASSIFICATION_LEVEL ( 'unclassified' ) ;
#1098 = CARTESIAN_POINT ( 'NONE',  ( 11.35603666368406195, -6.875000000000007994, 7.000000000000000000 ) ) ;
#1099 = FACE_OUTER_BOUND ( 'NONE', #2128, .T. ) ;
#1100 = ORIENTED_EDGE ( 'NONE', *, *, #916, .T. ) ;
#1101 = EDGE_CURVE ( 'NONE', #2510, #559, #2922, .T. ) ;
#1102 = CARTESIAN_POINT ( 'NONE',  ( 15.24915712132780143, -11.56547641453279951, 4.916212997490406522 ) ) ;
#1103 = AXIS2_PLACEMENT_3D ( 'NONE', #458, #2450, #915 ) ;
#1104 = EDGE_CURVE ( 'NONE', #2988, #2064, #2838, .T. ) ;
#1105 = PLANE ( 'NONE',  #1927 ) ;
#1106 = ORIENTED_EDGE ( 'NONE', *, *, #2667, .T. ) ;
#1107 = DIRECTION ( 'NONE',  ( 0.000000000000000000, 1.000000000000000000, 0.000000000000000000 ) ) ;
#1108 = PLANE ( 'NONE',  #2455 ) ;
#1109 = LINE ( 'NONE', #2118, #1332 ) ;
#1110 = CARTESIAN_POINT ( 'NONE',  ( 9.266036663684053210, -16.00000000000000000, 1.733889651497854123 ) ) ;
#1111 = AXIS2_PLACEMENT_3D ( 'NONE', #2714, #2206, #1919 ) ;
#1112 = CARTESIAN_POINT ( 'NONE',  ( 6.365647740517965225, -11.42487384381333371, 2.999999656816942917 ) ) ;
#1113 = FACE_OUTER_BOUND ( 'NONE', #2440, .T. ) ;
#1114 = CARTESIAN_POINT ( 'NONE',  ( 16.33095596392875137, -11.48408513946167986, 3.000000000000000000 ) ) ;
#1115 = CARTESIAN_POINT ( 'NONE',  ( 6.821464206270572816, -11.52813864859580661, 3.472873694108771669 ) ) ;
#1116 = ORIENTED_EDGE ( 'NONE', *, *, #819, .T. ) ;
#1117 = CARTESIAN_POINT ( 'NONE',  ( 15.74553975753089929, -11.10934523444298172, 3.679270856690943337 ) ) ;
#1118 = CYLINDRICAL_SURFACE ( 'NONE', #128, 3.000000000000000000 ) ;
#1119 = EDGE_LOOP ( 'NONE', ( #1694, #2980, #416, #1224 ) ) ;
#1120 = CARTESIAN_POINT ( 'NONE',  ( 15.97998367150601950, -10.83823278004894064, 3.446111403816785934 ) ) ;
#1121 = DIRECTION ( 'NONE',  ( 0.000000000000000000, 1.000000000000000000, 0.000000000000000000 ) ) ;
#1122 = DIRECTION ( 'NONE',  ( -0.000000000000000000, 0.000000000000000000, 1.000000000000000000 ) ) ;
#1123 = CARTESIAN_POINT ( 'NONE',  ( 14.68980184292153623, -12.89562460026741064, 4.466588219330776433 ) ) ;
#1124 = ADVANCED_FACE ( 'NONE', ( #2100 ), #1105, .F. ) ;
#1125 = CIRCLE ( 'NONE', #862, 6.089999999999999858 ) ;
#1126 = ORIENTED_EDGE ( 'NONE', *, *, #1788, .T. ) ;
#1127 = CARTESIAN_POINT ( 'NONE',  ( 6.548870650592453657, -12.02120087181111430, 3.000000088556839195 ) ) ;
#1128 = DATE_TIME_ROLE ( 'classification_date' ) ;
#1129 = B_SPLINE_CURVE_WITH_KNOTS ( 'NONE', 3,
 ( #413, #2152, #1449, #1973, #1430, #166, #1175, #1693, #3003, #2677 ),
 .UNSPECIFIED., .F., .F.,
 ( 4, 2, 2, 2, 4 ),
 ( 1.052840052826975110E-15, 0.0001181074883434455827, 0.0002362149766858383237, 0.0004724299533706244293, 0.0009448599067402026035 ),
 .UNSPECIFIED. ) ;
#1130 = EDGE_CURVE ( 'NONE', #1472, #1839, #2790, .T. ) ;
#1131 = AXIS2_PLACEMENT_3D ( 'NONE', #1589, #1051, #60 ) ;
#1132 = DIRECTION ( 'NONE',  ( 0.000000000000000000, -0.000000000000000000, 1.000000000000000000 ) ) ;
#1133 = CARTESIAN_POINT ( 'NONE',  ( 5.214987354981722945, -17.80008225547534195, 2.167792902655836684 ) ) ;
#1134 = AXIS2_PLACEMENT_3D ( 'NONE', #1331, #1975, #2700 ) ;
#1135 = CARTESIAN_POINT ( 'NONE',  ( 17.38498741976926354, -14.27725451245734334, 4.400266556145420616 ) ) ;
#1136 = VERTEX_POINT ( 'NONE', #2711 ) ;
#1137 = CARTESIAN_POINT ( 'NONE',  ( 29.02053893421176767, -1.581642626083388356E-15, 0.000000000000000000 ) ) ;
#1138 = DIRECTION ( 'NONE',  ( 0.000000000000000000, -1.000000000000000000, 0.000000000000000000 ) ) ;
#1139 = ORIENTED_EDGE ( 'NONE', *, *, #2465, .T. ) ;
#1140 = EDGE_CURVE ( 'NONE', #456, #2064, #1845, .T. ) ;
#1141 = CARTESIAN_POINT ( 'NONE',  ( 15.79331909475818030, -13.48788964559459203, 3.605871952854282192 ) ) ;
#1142 = CARTESIAN_POINT ( 'NONE',  ( 16.36362046175007734, -11.80519590910789951, 2.445048968608460882 ) ) ;
#1143 = CARTESIAN_POINT ( 'NONE',  ( -9.074569634029492349, 9.348806768937508949, 3.000000000000000000 ) ) ;
#1144 = ORIENTED_EDGE ( 'NONE', *, *, #610, .F. ) ;
#1145 = DIRECTION ( 'NONE',  ( 0.000000000000000000, -1.000000000000000000, 0.000000000000000000 ) ) ;
#1146 = CC_DESIGN_PERSON_AND_ORGANIZATION_ASSIGNMENT ( #734, #764, ( #3085 ) ) ;
#1147 = ORIENTED_EDGE ( 'NONE', *, *, #2608, .T. ) ;
#1148 = CARTESIAN_POINT ( 'NONE',  ( 8.804231245750806067, -14.15679247936640905, 4.706737907039552304 ) ) ;
#1149 = CARTESIAN_POINT ( 'NONE',  ( 5.266036663684062979, -6.875000000000007994, 7.000000000000000000 ) ) ;
#1150 = EDGE_CURVE ( 'NONE', #620, #3064, #1025, .T. ) ;
#1151 = AXIS2_PLACEMENT_3D ( 'NONE', #2150, #622, #891 ) ;
#1152 = CARTESIAN_POINT ( 'NONE',  ( 9.280156091684533592, -12.60780797547355370, 5.733889651497857010 ) ) ;
#1153 = DIRECTION ( 'NONE',  ( -1.000000000000000000, 0.000000000000000000, 0.000000000000000000 ) ) ;
#1154 = CARTESIAN_POINT ( 'NONE',  ( 6.957357566891823275, -11.08689215338525358, 4.208603492155161163 ) ) ;
#1155 = ORIENTED_EDGE ( 'NONE', *, *, #3056, .F. ) ;
#1156 = FACE_OUTER_BOUND ( 'NONE', #1169, .T. ) ;
#1157 = CARTESIAN_POINT ( 'NONE',  ( 17.63053042222185240, -16.72401683522094729, 3.098550029109776283 ) ) ;
#1158 = VERTEX_POINT ( 'NONE', #162 ) ;
#1159 = CARTESIAN_POINT ( 'NONE',  ( 15.71156462001004428, -13.46715674534462615, 3.704386153910747215 ) ) ;
#1160 = LINE ( 'NONE', #712, #342 ) ;
#1161 = VERTEX_POINT ( 'NONE', #2147 ) ;
#1162 = LINE ( 'NONE', #1432, #27 ) ;
#1163 = ORIENTED_EDGE ( 'NONE', *, *, #2841, .F. ) ;
#1164 = CARTESIAN_POINT ( 'NONE',  ( -24.22946106578824654, -1.734723475976807094E-15, 0.000000000000000000 ) ) ;
#1165 = CARTESIAN_POINT ( 'NONE',  ( 17.49708597238601726, -17.80008225547568301, 2.167792902655704790 ) ) ;
#1166 = CARTESIAN_POINT ( 'NONE',  ( 16.22031241026236970, -14.34487914554695998, 5.423125260528943947 ) ) ;
#1167 = CARTESIAN_POINT ( 'NONE',  ( 11.35603666368406195, -6.875000000000007994, 5.987111721198281167 ) ) ;
#1168 = CARTESIAN_POINT ( 'NONE',  ( 9.266036663684053210, -16.00000000000000000, 1.733889651497854123 ) ) ;
#1169 = EDGE_LOOP ( 'NONE', ( #3051, #1957, #2038, #1056 ) ) ;
#1170 = DIRECTION ( 'NONE',  ( -0.000000000000000000, -0.000000000000000000, 1.000000000000000000 ) ) ;
#1171 = CARTESIAN_POINT ( 'NONE',  ( 17.60191637838941148, -16.47614126945259372, 3.164718252669696419 ) ) ;
#1172 = EDGE_LOOP ( 'NONE', ( #533, #1768, #1481, #2963, #960 ) ) ;
#1173 = CARTESIAN_POINT ( 'NONE',  ( 13.90674028904337334, -14.15726338748930857, 4.706867333480674986 ) ) ;
#1174 = LINE ( 'NONE', #3212, #1775 ) ;
#1175 = CARTESIAN_POINT ( 'NONE',  ( 16.04327186992690457, -11.76113920779537025, 3.235395932516997419 ) ) ;
#1176 = ORIENTED_EDGE ( 'NONE', *, *, #2368, .T. ) ;
#1177 = DIRECTION ( 'NONE',  ( 1.000000000000000000, 0.000000000000000000, 0.000000000000000000 ) ) ;
#1178 = ORIENTED_EDGE ( 'NONE', *, *, #2608, .F. ) ;
#1179 = CARTESIAN_POINT ( 'NONE',  ( -12.47128208403741745, 0.000000000000000000, 3.000000000000000000 ) ) ;
#1180 = CARTESIAN_POINT ( 'NONE',  ( 17.57689559531594625, -17.83066597221409566, 2.079247306585636501 ) ) ;
#1181 = VECTOR ( 'NONE', #2706, 1000.000000000000227 ) ;
#1182 = CARTESIAN_POINT ( 'NONE',  ( 14.04880225466460431, -15.52442213125547177, 4.708234042173002898 ) ) ;
#1183 = EDGE_CURVE ( 'NONE', #559, #976, #378, .T. ) ;
#1184 = CARTESIAN_POINT ( 'NONE',  ( 6.742259192221605524, -11.10210801976970885, 3.575307318717982685 ) ) ;
#1185 = CARTESIAN_POINT ( 'NONE',  ( 6.889805667452097993, -11.23187747596903918, 3.635751248105226097 ) ) ;
#1186 = ORIENTED_EDGE ( 'NONE', *, *, #1780, .T. ) ;
#1187 = DIRECTION ( 'NONE',  ( 0.000000000000000000, -0.000000000000000000, 1.000000000000000000 ) ) ;
#1188 = AXIS2_PLACEMENT_3D ( 'NONE', #117, #860, #2662 ) ;
#1189 = CARTESIAN_POINT ( 'NONE',  ( 6.859872851775683067, -11.47466162967945635, 3.526866551217571200 ) ) ;
#1190 = ORIENTED_EDGE ( 'NONE', *, *, #3041, .F. ) ;
#1191 = EDGE_CURVE ( 'NONE', #2643, #692, #3172, .T. ) ;
#1192 = VECTOR ( 'NONE', #1341, 1000.000000000000000 ) ;
#1193 = CARTESIAN_POINT ( 'NONE',  ( 16.36884463349019825, -15.04607075124088844, 2.414652489321152729 ) ) ;
#1194 = CARTESIAN_POINT ( 'NONE',  ( 16.25077418751854808, -11.98400700380725681, 2.831896297469011614 ) ) ;
#1195 = DIRECTION ( 'NONE',  ( -0.000000000000000000, 0.000000000000000000, 1.000000000000000000 ) ) ;
#1196 = ORIENTED_EDGE ( 'NONE', *, *, #740, .T. ) ;
#1197 = CARTESIAN_POINT ( 'NONE',  ( 4.266036663684053210, -18.00000000000000355, 1.089823964423707547 ) ) ;
#1198 = VERTEX_POINT ( 'NONE', #129 ) ;
#1199 = EDGE_CURVE ( 'NONE', #1494, #3178, #3087, .T. ) ;
#1200 = CARTESIAN_POINT ( 'NONE',  ( 15.75911086625872137, -11.08226010208801071, 4.338164837841370414 ) ) ;
#1201 = CARTESIAN_POINT ( 'NONE',  ( 20.03027870549960099, -18.00000000000000355, 1.000000000000000000 ) ) ;
#1202 = AXIS2_PLACEMENT_3D ( 'NONE', #2061, #1784, #1320 ) ;
#1203 = ADVANCED_FACE ( 'NONE', ( #1935 ), #2758, .T. ) ;
#1204 = CARTESIAN_POINT ( 'NONE',  ( 14.29812308232973628, -15.46856288423686543, 4.650517841997153567 ) ) ;
#1205 = CARTESIAN_POINT ( 'NONE',  ( 11.35603666368406195, -6.875000000000007994, 5.952344404451926252 ) ) ;
#1206 = CARTESIAN_POINT ( 'NONE',  ( 6.811958026146754719, -11.51352687575194977, 3.459432476461372197 ) ) ;
#1207 = ORIENTED_EDGE ( 'NONE', *, *, #2975, .F. ) ;
#1208 = EDGE_CURVE ( 'NONE', #213, #2115, #338, .T. ) ;
#1209 = CARTESIAN_POINT ( 'NONE',  ( 18.04574703563918092, -18.00000000000000355, 1.312637151377896272 ) ) ;
#1210 = CARTESIAN_POINT ( 'NONE',  ( 7.359787898868846767, -15.42511142320832995, 4.113915463445469101 ) ) ;
#1211 = ORIENTED_EDGE ( 'NONE', *, *, #2991, .T. ) ;
#1212 = CARTESIAN_POINT ( 'NONE',  ( 11.35603666368406195, -6.875000000000007994, 1.607831578947366280 ) ) ;
#1213 = CARTESIAN_POINT ( 'NONE',  ( 17.43717500786860342, -18.00000000000000355, 1.000000000000000000 ) ) ;
#1214 = EDGE_CURVE ( 'NONE', #1879, #2736, #553, .T. ) ;
#1215 = ORIENTED_EDGE ( 'NONE', *, *, #2524, .F. ) ;
#1216 = FACE_OUTER_BOUND ( 'NONE', #1238, .T. ) ;
#1217 = EDGE_LOOP ( 'NONE', ( #1231, #135, #1793, #2437, #1106 ) ) ;
#1218 = CARTESIAN_POINT ( 'NONE',  ( 6.311399251204205640, -15.51839051866302022, 2.259556487272091019 ) ) ;
#1219 = DIRECTION ( 'NONE',  ( 1.000000000000000000, 0.000000000000000000, 0.000000000000000000 ) ) ;
#1220 = ADVANCED_FACE ( 'NONE', ( #1099 ), #31, .F. ) ;
#1221 = CARTESIAN_POINT ( 'NONE',  ( 15.35228542849935707, -15.42511142320821449, 4.113915463445331433 ) ) ;
#1222 = FACE_OUTER_BOUND ( 'NONE', #2256, .T. ) ;
#1223 = CARTESIAN_POINT ( 'NONE',  ( 8.760024221420398050, -12.39017385321457887, 4.718602890668016414 ) ) ;
#1224 = ORIENTED_EDGE ( 'NONE', *, *, #2191, .T. ) ;
#1225 = PLANE ( 'NONE',  #2411 ) ;
#1226 = CARTESIAN_POINT ( 'NONE',  ( 6.452328771773871985, -14.27494506211854031, 2.776829568750766253 ) ) ;
#1227 = VERTEX_POINT ( 'NONE', #1066 ) ;
#1228 = CARTESIAN_POINT ( 'NONE',  ( 8.460048550144669832, -15.11991324958486338, 5.987111721198296266 ) ) ;
#1229 = CARTESIAN_POINT ( 'NONE',  ( 2.681794621868526463, -16.00000000000000000, 3.000000000000000000 ) ) ;
#1230 = ORIENTED_EDGE ( 'NONE', *, *, #82, .F. ) ;
#1231 = ORIENTED_EDGE ( 'NONE', *, *, #278, .F. ) ;
#1232 = LINE ( 'NONE', #1794, #2691 ) ;
#1233 = CARTESIAN_POINT ( 'NONE',  ( 16.51836321181292178, -16.61527956408921725, 2.079076239070086984 ) ) ;
#1234 = CARTESIAN_POINT ( 'NONE',  ( 16.55618233376720383, -12.53734448368915189, 2.926786415412848896 ) ) ;
#1235 = CARTESIAN_POINT ( 'NONE',  ( 22.77053893421170017, 17.99999999999999645, 3.000000000000000000 ) ) ;
#1236 = DIRECTION ( 'NONE',  ( 1.000000000000000000, 0.000000000000000000, 0.000000000000000000 ) ) ;
#1237 = EDGE_CURVE ( 'NONE', #138, #698, #2825, .T. ) ;
#1238 = EDGE_LOOP ( 'NONE', ( #713, #1907, #1144 ) ) ;
#1239 = LINE ( 'NONE', #942, #981 ) ;
#1240 = CARTESIAN_POINT ( 'NONE',  ( 7.254731108676502060, -16.12066384884508352, 4.056523072932457730 ) ) ;
#1241 = ORIENTED_EDGE ( 'NONE', *, *, #1085, .F. ) ;
#1242 = AXIS2_PLACEMENT_3D ( 'NONE', #704, #1717, #461 ) ;
#1243 = PLANE ( 'NONE',  #93 ) ;
#1244 = CARTESIAN_POINT ( 'NONE',  ( 5.436170390128600260, -18.00000000000000355, 1.249709769921117930 ) ) ;
#1245 = ORIENTED_EDGE ( 'NONE', *, *, #2019, .F. ) ;
#1246 = VECTOR ( 'NONE', #661, 1000.000000000000000 ) ;
#1247 = AXIS2_PLACEMENT_3D ( 'NONE', #2753, #1021, #770 ) ;
#1248 = ORIENTED_EDGE ( 'NONE', *, *, #1199, .F. ) ;
#1249 = CARTESIAN_POINT ( 'NONE',  ( 6.672823937857391918, -11.73294166605717770, 3.242368458756873739 ) ) ;
#1250 = CARTESIAN_POINT ( 'NONE',  ( 16.63961648984071928, -17.18717454869868178, 3.058886378420089258 ) ) ;
#1251 = CARTESIAN_POINT ( 'NONE',  ( 16.00840430096253542, -11.11005789785837372, 3.504764650417222072 ) ) ;
#1252 = CC_DESIGN_DATE_AND_TIME_ASSIGNMENT ( #365, #1128, ( #548 ) ) ;
#1253 = B_SPLINE_CURVE_WITH_KNOTS ( 'NONE', 3,
 ( #2233, #721, #2761, #523, #276, #1123, #1844, #2893, #1075, #362, #1627, #2648 ),
 .UNSPECIFIED., .F., .F.,
 ( 4, 2, 2, 2, 2, 4 ),
 ( 0.000000000000000000, 0.0008887866244330237591, 0.001333179936649533850, 0.001777573248866044049, 0.002666359873299064230, 0.003555146497732084195 ),
 .UNSPECIFIED. ) ;
#1254 = CARTESIAN_POINT ( 'NONE',  ( 15.80229205929764191, -13.49271734682220902, 3.594242160834244526 ) ) ;
#1255 = DATE_AND_TIME ( #1800, #2244 ) ;
#1256 = CIRCLE ( 'NONE', #3116, 2.000000000000000000 ) ;
#1257 = B_SPLINE_CURVE_WITH_KNOTS ( 'NONE', 3,
 ( #2063, #2337, #1291, #817, #2839, #45 ),
 .UNSPECIFIED., .F., .F.,
 ( 4, 2, 4 ),
 ( 9.745765416140531346E-18, 0.0003964985886341104325, 0.0007929971772682111071 ),
 .UNSPECIFIED. ) ;
#1258 = CARTESIAN_POINT ( 'NONE',  ( 6.916633604125134838, -11.04424042916162385, 4.314719547734175542 ) ) ;
#1259 = CARTESIAN_POINT ( 'NONE',  ( 5.102542049571827221, -16.02500147965247024, 3.289423382128803919 ) ) ;
#1260 = ORIENTED_EDGE ( 'NONE', *, *, #3174, .T. ) ;
#1261 = AXIS2_PLACEMENT_3D ( 'NONE', #2070, #1345, #304 ) ;
#1262 =( BOUNDED_SURFACE ( )  B_SPLINE_SURFACE ( 3, 2, ( 
 ( #2686, #1180, #2432 ),
 ( #1977, #1165, #2214 ),
 ( #401, #1418, #140 ),
 ( #628, #418, #154 ),
 ( #2990, #1643, #172 ),
 ( #1944, #2970, #682 ),
 ( #1698, #2531, #474 ),
 ( #1519, #1250, #3039 ),
 ( #760, #2263, #1233 ),
 ( #535, #2562, #503 ) ),
 .UNSPECIFIED., .F., .F., .F. ) 
 B_SPLINE_SURFACE_WITH_KNOTS ( ( 4, 2, 2, 2, 4 ),
 ( 3, 3 ),
 ( -5.421010862427522170E-19, 0.0002197312341034220325, 0.0004394624682068446072, 0.0006591937023102672089, 0.0008789249364136897565 ),
 ( 0.000000000000000000, 1.000000000000000000 ),
 .UNSPECIFIED. ) 
 GEOMETRIC_REPRESENTATION_ITEM ( )  RATIONAL_B_SPLINE_SURFACE ( (
 ( 1.000000000000000000, 0.9031334534930826052, 1.000000000000000000),
 ( 1.000000000000000000, 0.8860152383102408713, 1.000000000000000000),
 ( 1.000000000000000000, 0.8667700775214872699, 1.000000000000000000),
 ( 1.000000000000000000, 0.8243786369122185764, 1.000000000000000000),
 ( 1.000000000000000000, 0.8012034191317686238, 1.000000000000000000),
 ( 1.000000000000000000, 0.7517985530296796837, 1.000000000000000000),
 ( 1.000000000000000000, 0.7254946610229502379, 1.000000000000000000),
 ( 1.000000000000000000, 0.6752146570271599924, 1.000000000000000000),
 ( 1.000000000000000000, 0.6508411648281945405, 1.000000000000000000),
 ( 1.000000000000000000, 0.6317387815244812632, 1.000000000000000000) ) ) 
 REPRESENTATION_ITEM ( '' )  SURFACE ( )  );
#1263 = CARTESIAN_POINT ( 'NONE',  ( 2.720983666734305917, -6.875000000000007105, 6.401339659686815509 ) ) ;
#1264 = CARTESIAN_POINT ( 'NONE',  ( -19.22946106578825010, -8.000000000000003553, 1.000000000000000000 ) ) ;
#1265 = VERTEX_POINT ( 'NONE', #541 ) ;
#1266 = EDGE_CURVE ( 'NONE', #2769, #271, #2050, .T. ) ;
#1267 = EDGE_CURVE ( 'NONE', #1342, #2115, #1307, .T. ) ;
#1268 = ORIENTED_EDGE ( 'NONE', *, *, #1680, .T. ) ;
#1269 = CARTESIAN_POINT ( 'NONE',  ( 6.660612197582630678, -11.12747390535446002, 3.429721508969427735 ) ) ;
#1270 = FACE_BOUND ( 'NONE', #340, .T. ) ;
#1271 = CARTESIAN_POINT ( 'NONE',  ( 32.77053893421177122, 7.999999999999923617, 3.000000000000000000 ) ) ;
#1272 = CARTESIAN_POINT ( 'NONE',  ( 17.57040901408675992, -14.67407743914476725, 3.973360021401555642 ) ) ;
#1273 = APPROVAL_DATE_TIME ( #1522, #1836 ) ;
#1274 = CARTESIAN_POINT ( 'NONE',  ( 15.83140915749617683, -11.00563273092640948, 4.291768716036710174 ) ) ;
#1275 = CARTESIAN_POINT ( 'NONE',  ( 7.113886963590207557, -16.00792858452288669, 3.818178262953269009 ) ) ;
#1276 = ORIENTED_EDGE ( 'NONE', *, *, #2019, .T. ) ;
#1277 = CARTESIAN_POINT ( 'NONE',  ( 5.568036199792311791, -14.14976019272016217, 4.727375848041532436 ) ) ;
#1278 = DIRECTION ( 'NONE',  ( 1.000000000000000000, 0.000000000000000000, 0.000000000000000000 ) ) ;
#1279 = EDGE_LOOP ( 'NONE', ( #2261, #3001, #2907, #2663 ) ) ;
#1280 = EDGE_CURVE ( 'NONE', #3064, #1161, #1322, .T. ) ;
#1281 =( BOUNDED_SURFACE ( )  B_SPLINE_SURFACE ( 3, 2, ( 
 ( #665, #953, #647 ),
 ( #1736, #1182, #2195 ),
 ( #2705, #1204, #1963 ),
 ( #459, #918, #1910 ),
 ( #438, #1492, #2972 ),
 ( #141, #3223, #2176 ),
 ( #2216, #938, #2688 ),
 ( #155, #1478, #403 ),
 ( #2487, #1221, #2231 ),
 ( #3258, #2759, #3183 ),
 ( #2159, #1420, #1166 ),
 ( #477, #1457, #3202 ),
 ( #1929, #2951, #1683 ),
 ( #193, #1437, #420 ),
 ( #684, #1700, #2722 ),
 ( #1254, #508, #3042 ),
 ( #1032, #12, #763 ),
 ( #3028, #2298, #3291 ),
 ( #2046, #2282, #2534 ),
 ( #1001, #1521, #1998 ),
 ( #1047, #2029, #3276 ),
 ( #1505, #260, #1812 ),
 ( #493, #1539, #26 ),
 ( #2249, #2012, #1272 ),
 ( #747, #1013, #733 ),
 ( #1781, #1764, #3057 ),
 ( #2515, #1753, #277 ),
 ( #2548, #2775, #245 ),
 ( #794, #2788, #2806 ),
 ( #1799, #1288, #2265 ),
 ( #526, #2835, #3074 ),
 ( #778, #2822, #538 ) ),
 .UNSPECIFIED., .F., .F., .F. ) 
 B_SPLINE_SURFACE_WITH_KNOTS ( ( 4, 2, 2, 2, 2, 2, 2, 2, 2, 2, 2, 2, 2, 2, 2, 4 ),
 ( 3, 3 ),
 ( 0.000000000000000000, 0.0008911939945754678580, 0.001336790991863201841, 0.001782387989150935716, 0.002227984986438669591, 0.002673581983726403682, 0.003119178981014137340, 0.003564775978301871432, 0.004010372975589605524, 0.004233171474233472786, 0.004455969972877339182, 0.004901566970165072840, 0.005347163967452807365, 0.005792760964740541023, 0.006238357962028274681, 0.007129551956603742864 ),
 ( 0.000000000000000000, 1.000000000000000000 ),
 .UNSPECIFIED. ) 
 GEOMETRIC_REPRESENTATION_ITEM ( )  RATIONAL_B_SPLINE_SURFACE ( (
 ( 1.000000000000000000, 0.6110556154310220478, 1.000000000000000000),
 ( 1.000000000000000000, 0.6033080359988245434, 1.000000000000000000),
 ( 1.000000000000000000, 0.5906428357501979365, 1.000000000000000000),
 ( 1.000000000000000000, 0.5648325940591819583, 1.000000000000000000),
 ( 1.000000000000000000, 0.5550918178216632803, 1.000000000000000000),
 ( 1.000000000000000000, 0.5334486125527131417, 1.000000000000000000),
 ( 1.000000000000000000, 0.5215466479943026146, 1.000000000000000000),
 ( 1.000000000000000000, 0.4964439964599352551, 1.000000000000000000),
 ( 1.000000000000000000, 0.4831771542380129958, 1.000000000000000000),
 ( 1.000000000000000000, 0.4558632133308253565, 1.000000000000000000),
 ( 1.000000000000000000, 0.4418002775162088724, 1.000000000000000000),
 ( 1.000000000000000000, 0.4140838534959992434, 1.000000000000000000),
 ( 1.000000000000000000, 0.4002853772280234312, 1.000000000000000000),
 ( 1.000000000000000000, 0.3763832763253295854, 1.000000000000000000),
 ( 1.000000000000000000, 0.3662371984022302351, 1.000000000000000000),
 ( 1.000000000000000000, 0.3528632754302196695, 1.000000000000000000),
 ( 1.000000000000000000, 0.3500243871681660290, 1.000000000000000000),
 ( 1.000000000000000000, 0.3521267766192974213, 1.000000000000000000),
 ( 1.000000000000000000, 0.3538657954128169303, 1.000000000000000000),
 ( 1.000000000000000000, 0.3592847109348731305, 1.000000000000000000),
 ( 1.000000000000000000, 0.3629007620328682515, 1.000000000000000000),
 ( 1.000000000000000000, 0.3758377110744789418, 1.000000000000000000),
 ( 1.000000000000000000, 0.3873202118518266346, 1.000000000000000000),
 ( 1.000000000000000000, 0.4124746719301434772, 1.000000000000000000),
 ( 1.000000000000000000, 0.4260163672676732793, 1.000000000000000000),
 ( 1.000000000000000000, 0.4533695915506235075, 1.000000000000000000),
 ( 1.000000000000000000, 0.4672252662413496904, 1.000000000000000000),
 ( 1.000000000000000000, 0.4943721136629867785, 1.000000000000000000),
 ( 1.000000000000000000, 0.5074931399349293937, 1.000000000000000000),
 ( 1.000000000000000000, 0.5451502542756775371, 1.000000000000000000),
 ( 1.000000000000000000, 0.5679843413690413012, 1.000000000000000000),
 ( 1.000000000000000000, 0.5883057537367802903, 1.000000000000000000) ) ) 
 REPRESENTATION_ITEM ( '' )  SURFACE ( )  );
#1282 = ORIENTED_EDGE ( 'NONE', *, *, #284, .F. ) ;
#1283 = DIRECTION ( 'NONE',  ( -0.000000000000000000, 0.000000000000000000, 1.000000000000000000 ) ) ;
#1284 = PLANE ( 'NONE',  #1370 ) ;
#1285 = CARTESIAN_POINT ( 'NONE',  ( 11.35603666368406195, -6.875000000000007994, 4.242738910632480653 ) ) ;
#1286 = CARTESIAN_POINT ( 'NONE',  ( 9.114739250754613664, -12.54537773181253435, 4.761837255452039841 ) ) ;
#1287 = EDGE_CURVE ( 'NONE', #976, #213, #387, .T. ) ;
#1288 = CARTESIAN_POINT ( 'NONE',  ( 16.13436622152024569, -16.00265149572118517, 3.691400575057471212 ) ) ;
#1289 =( NAMED_UNIT ( * ) PLANE_ANGLE_UNIT ( ) SI_UNIT ( $, .RADIAN. ) );
#1290 = CARTESIAN_POINT ( 'NONE',  ( -29.22946106578824654, -7.999999999999930722, 3.000000000000000000 ) ) ;
#1291 = CARTESIAN_POINT ( 'NONE',  ( 15.85884517248607395, -11.07787131723153529, 3.815807141163205962 ) ) ;
#1292 = ORIENTED_EDGE ( 'NONE', *, *, #1372, .T. ) ;
#1293 = VECTOR ( 'NONE', #1570, 1000.000000000000000 ) ;
#1294 = CARTESIAN_POINT ( 'NONE',  ( 4.896770518512207460, -17.36031729557220160, 2.653631522571103574 ) ) ;
#1295 = CARTESIAN_POINT ( 'NONE',  ( 6.611039824146812904, -11.15299817648443614, 3.345083778249786199 ) ) ;
#1296 = ORIENTED_EDGE ( 'NONE', *, *, #82, .T. ) ;
#1297 = AXIS2_PLACEMENT_3D ( 'NONE', #619, #1649, #2439 ) ;
#1298 = DIRECTION ( 'NONE',  ( 6.938893903907222067E-15, 1.000000000000000000, 0.000000000000000000 ) ) ;
#1299 = AXIS2_PLACEMENT_3D ( 'NONE', #1583, #2598, #322 ) ;
#1300 = CARTESIAN_POINT ( 'NONE',  ( 16.43864760288301241, -11.31885732056888294, 3.183783739100915611 ) ) ;
#1301 = CARTESIAN_POINT ( 'NONE',  ( 16.02257298746351921, -11.65301040993168868, 3.271470982154347062 ) ) ;
#1302 = DIRECTION ( 'NONE',  ( -0.000000000000000000, -0.000000000000000000, -1.000000000000000000 ) ) ;
#1303 = CARTESIAN_POINT ( 'NONE',  ( 6.798389402929884362, -11.52369363748137054, 3.440436347173080556 ) ) ;
#1304 = CARTESIAN_POINT ( 'NONE',  ( 16.25497321460757405, -11.62111133852695843, 3.000000000006479262 ) ) ;
#1305 = EDGE_CURVE ( 'NONE', #2189, #2940, #598, .T. ) ;
#1306 = CARTESIAN_POINT ( 'NONE',  ( 6.807267548418760583, -10.92466483207915751, 4.255718967686858534 ) ) ;
#1307 = LINE ( 'NONE', #798, #1610 ) ;
#1308 = EDGE_LOOP ( 'NONE', ( #2383, #2498, #2084, #2997 ) ) ;
#1309 = AXIS2_PLACEMENT_3D ( 'NONE', #1098, #89, #2079 ) ;
#1310 = CARTESIAN_POINT ( 'NONE',  ( 5.266036663684054098, -11.66816179572523637, 3.000000000000000000 ) ) ;
#1311 = CARTESIAN_POINT ( 'NONE',  ( 17.59035364389761824, -16.27331479939718406, 3.221262244316299483 ) ) ;
#1312 = ORIENTED_EDGE ( 'NONE', *, *, #3268, .T. ) ;
#1313 = AXIS2_PLACEMENT_3D ( 'NONE', #1007, #1746, #1770 ) ;
#1314 = CARTESIAN_POINT ( 'NONE',  ( 16.41829807240738504, -16.00000000000020606, 2.140905766920948583 ) ) ;
#1315 = DIRECTION ( 'NONE',  ( 0.7263149563998083647, 0.6873620473301857992, -0.000000000000000000 ) ) ;
#1316 = CARTESIAN_POINT ( 'NONE',  ( 16.33095596392875137, -11.48408513946167986, 3.000000000000000000 ) ) ;
#1317 = DIRECTION ( 'NONE',  ( 1.000000000000000000, 0.000000000000000000, -0.000000000000000000 ) ) ;
#1318 = CARTESIAN_POINT ( 'NONE',  ( 0.000000000000000000, -18.00000000000000355, 3.000000000000000000 ) ) ;
#1319 = EDGE_LOOP ( 'NONE', ( #3077, #2243, #1633, #660 ) ) ;
#1320 = DIRECTION ( 'NONE',  ( 0.000000000000000000, -1.000000000000000000, 9.107298248878229357E-15 ) ) ;
#1321 = CIRCLE ( 'NONE', #835, 7.642168421052633498 ) ;
#1322 = LINE ( 'NONE', #1353, #1822 ) ;
#1323 = ORIENTED_EDGE ( 'NONE', *, *, #775, .T. ) ;
#1324 = CARTESIAN_POINT ( 'NONE',  ( 6.229589183479604664, -16.47614126945398638, 2.092106524208057650 ) ) ;
#1325 = CARTESIAN_POINT ( 'NONE',  ( -1.233963336315937909, -6.875000000000006217, 3.000000000000000000 ) ) ;
#1326 = EDGE_LOOP ( 'NONE', ( #376, #3255, #2292, #517 ) ) ;
#1327 = CARTESIAN_POINT ( 'NONE',  ( 16.44603666368406891, -16.00000000000000000, 0.000000000000000000 ) ) ;
#1328 = CARTESIAN_POINT ( 'NONE',  ( 11.35603666368406195, -6.875000000000007994, 7.000000000000000000 ) ) ;
#1329 = CARTESIAN_POINT ( 'NONE',  ( 15.72988035658056916, -11.14801570705985156, 4.043047748163226984 ) ) ;
#1330 = ORIENTED_EDGE ( 'NONE', *, *, #2752, .F. ) ;
#1331 = CARTESIAN_POINT ( 'NONE',  ( 9.266036663684083408, -14.34094099488328666, 5.733889651497853457 ) ) ;
#1332 = VECTOR ( 'NONE', #2358, 1000.000000000000000 ) ;
#1333 = CARTESIAN_POINT ( 'NONE',  ( 30.77053893421177122, 7.999999999999937828, 1.000000000000000000 ) ) ;
#1334 = ORIENTED_EDGE ( 'NONE', *, *, #3041, .T. ) ;
#1335 = ADVANCED_FACE ( 'NONE', ( #2882 ), #3152, .T. ) ;
#1336 = DIRECTION ( 'NONE',  ( -1.000000000000000000, 0.000000000000000000, 0.000000000000000000 ) ) ;
#1337 = CARTESIAN_POINT ( 'NONE',  ( 6.293775254960747745, -16.00000000000000000, 2.140905766920993880 ) ) ;
#1338 = CIRCLE ( 'NONE', #173, 2.000000000000001776 ) ;
#1339 = VERTEX_POINT ( 'NONE', #298 ) ;
#1340 = DIRECTION ( 'NONE',  ( -1.000000000000000000, 0.000000000000000000, 0.000000000000000000 ) ) ;
#1341 = DIRECTION ( 'NONE',  ( -1.000000000000000000, 0.000000000000000000, -0.000000000000000000 ) ) ;
#1342 = VERTEX_POINT ( 'NONE', #583 ) ;
#1343 = AXIS2_PLACEMENT_3D ( 'NONE', #1167, #1459, #1236 ) ;
#1344 = EDGE_CURVE ( 'NONE', #423, #3101, #1599, .T. ) ;
#1345 = DIRECTION ( 'NONE',  ( 0.6873620473301857992, -0.7263149563998083647, 0.000000000000000000 ) ) ;
#1346 = DIRECTION ( 'NONE',  ( -1.000000000000000000, -0.000000000000000000, -0.000000000000000000 ) ) ;
#1347 = CIRCLE ( 'NONE', #2885, 9.999999999999998224 ) ;
#1348 = DIRECTION ( 'NONE',  ( 1.224646799147353207E-16, 1.000000000000000000, -0.000000000000000000 ) ) ;
#1349 = COORDINATED_UNIVERSAL_TIME_OFFSET ( 8, 0, .BEHIND. ) ;
#1350 = EDGE_CURVE ( 'NONE', #1864, #3006, #1257, .T. ) ;
#1351 = CARTESIAN_POINT ( 'NONE',  ( 6.512368667653553267, -11.59225957089758730, 2.974849653986739284 ) ) ;
#1352 = AXIS2_PLACEMENT_3D ( 'NONE', #946, #658, #694 ) ;
#1353 = CARTESIAN_POINT ( 'NONE',  ( 30.77053893421177122, 0.000000000000000000, 3.000000000000000000 ) ) ;
#1354 = VERTEX_POINT ( 'NONE', #1572 ) ;
#1355 = CARTESIAN_POINT ( 'NONE',  ( 5.403868511278332676, -17.64479138087484955, 1.733889651497845463 ) ) ;
#1356 = DIRECTION ( 'NONE',  ( 1.000000000000000000, -0.000000000000000000, 0.000000000000000000 ) ) ;
#1357 = EDGE_LOOP ( 'NONE', ( #2817, #3173, #2858, #2482 ) ) ;
#1358 = FACE_OUTER_BOUND ( 'NONE', #2198, .T. ) ;
#1359 = CARTESIAN_POINT ( 'NONE',  ( 15.89887508550065220, -11.08749362420414108, 3.704984079861194601 ) ) ;
#1360 = LINE ( 'NONE', #2360, #239 ) ;
#1361 = DIRECTION ( 'NONE',  ( 0.5774220297870595875, -0.08781442200694007660, 0.8117095704771375431 ) ) ;
#1362 = EDGE_LOOP ( 'NONE', ( #2845, #61, #3150, #518 ) ) ;
#1363 =( BOUNDED_SURFACE ( )  B_SPLINE_SURFACE ( 3, 2, ( 
 ( #153, #627, #2969 ),
 ( #1642, #2174, #2664 ),
 ( #681, #380, #2720 ),
 ( #1397, #534, #744 ) ),
 .UNSPECIFIED., .F., .F., .T. ) 
 B_SPLINE_SURFACE_WITH_KNOTS ( ( 4, 4 ),
 ( 3, 3 ),
 ( 0.000000000000000000, 0.0002512302104379928965 ),
 ( 0.000000000000000000, 1.000000000000000000 ),
 .UNSPECIFIED. ) 
 GEOMETRIC_REPRESENTATION_ITEM ( )  RATIONAL_B_SPLINE_SURFACE ( (
 ( 1.000000000000000000, 0.5883057537367931689, 1.000000000000000000),
 ( 1.000000000000000000, 0.6034127706142078384, 1.000000000000000000),
 ( 1.000000000000000000, 0.6180958379042251760, 1.000000000000000000),
 ( 1.000000000000000000, 0.6317387815244170923, 1.000000000000000000) ) ) 
 REPRESENTATION_ITEM ( '' )  SURFACE ( )  );
#1364 = CALENDAR_DATE ( 2026, 24, 4 ) ;
#1365 = CARTESIAN_POINT ( 'NONE',  ( 6.099450196486295717, -11.11163788371298544, 2.486174091392093555 ) ) ;
#1366 = EDGE_CURVE ( 'NONE', #2588, #2769, #2133, .T. ) ;
#1367 = DIRECTION ( 'NONE',  ( -0.000000000000000000, -0.000000000000000000, -1.000000000000000000 ) ) ;
#1368 = ORIENTED_EDGE ( 'NONE', *, *, #1928, .T. ) ;
#1369 = CARTESIAN_POINT ( 'NONE',  ( 15.57659534217652819, -11.28509039389254376, 3.883097881152628883 ) ) ;
#1370 = AXIS2_PLACEMENT_3D ( 'NONE', #774, #2278, #3288 ) ;
#1371 = CARTESIAN_POINT ( 'NONE',  ( 8.246020330384062902, -13.07140418417081662, 4.557745165422198319 ) ) ;
#1372 = EDGE_CURVE ( 'NONE', #414, #2510, #609, .T. ) ;
#1373 = CARTESIAN_POINT ( 'NONE',  ( 2.681794621868526463, -16.00000000000000000, 3.000000000000000000 ) ) ;
#1374 = DIRECTION ( 'NONE',  ( 0.000000000000000000, 0.000000000000000000, -1.000000000000000000 ) ) ;
#1375 = EDGE_CURVE ( 'NONE', #2840, #1515, #1632, .T. ) ;
#1376 = CARTESIAN_POINT ( 'NONE',  ( 15.89060912109539814, -11.52813864858630133, 3.472873694111828780 ) ) ;
#1377 = CARTESIAN_POINT ( 'NONE',  ( -11.22023827261601703, -2.550550024661256021, 2.000000000000000000 ) ) ;
#1378 = CYLINDRICAL_SURFACE ( 'NONE', #936, 2.999999999999999112 ) ;
#1379 = PERSON_AND_ORGANIZATION ( #455, #1605 ) ;
#1380 =( BOUNDED_SURFACE ( )  B_SPLINE_SURFACE ( 3, 2, ( 
 ( #1634, #1591, #2146 ),
 ( #2871, #1086, #888 ),
 ( #2604, #2113, #2099 ),
 ( #1405, #2624, #1898 ),
 ( #2884, #834, #2923 ),
 ( #370, #585, #1648 ),
 ( #1386, #1602, #1620 ),
 ( #2641, #343, #94 ),
 ( #1102, #357, #618 ),
 ( #2672, #2420, #3188 ),
 ( #904, #1369, #2384 ),
 ( #109, #1117, #2125 ) ),
 .UNSPECIFIED., .F., .F., .F. ) 
 B_SPLINE_SURFACE_WITH_KNOTS ( ( 4, 2, 2, 2, 2, 4 ),
 ( 3, 3 ),
 ( 0.000000000000000000, 0.001094790431455330230, 0.001642185647182995345, 0.002189580862910660460, 0.003284371294365990689, 0.004379161725821320919 ),
 ( 0.000000000000000000, 1.000000000000000000 ),
 .UNSPECIFIED. ) 
 GEOMETRIC_REPRESENTATION_ITEM ( )  RATIONAL_B_SPLINE_SURFACE ( (
 ( 1.000000000000000000, 0.7071067811865473507, 1.000000000000000000),
 ( 1.000000000000000000, 0.7163571866148494838, 1.000000000000000000),
 ( 1.000000000000000000, 0.7295978259372747354, 1.000000000000000000),
 ( 1.000000000000000000, 0.7530193623031039563, 1.000000000000000000),
 ( 1.000000000000000000, 0.7614795927167284928, 1.000000000000000000),
 ( 1.000000000000000000, 0.7788659788218289526, 1.000000000000000000),
 ( 1.000000000000000000, 0.7878039918424973864, 1.000000000000000000),
 ( 1.000000000000000000, 0.8148784793350748457, 1.000000000000000000),
 ( 1.000000000000000000, 0.8334061554902517654, 1.000000000000000000),
 ( 1.000000000000000000, 0.8682599232907618481, 1.000000000000000000),
 ( 1.000000000000000000, 0.8846959080297617239, 1.000000000000000000),
 ( 1.000000000000000000, 0.8996293830849980688, 1.000000000000000000) ) ) 
 REPRESENTATION_ITEM ( '' )  SURFACE ( )  );
#1381 = CARTESIAN_POINT ( 'NONE',  ( 6.273425724486754618, -11.31885732057079075, 3.183783739106060828 ) ) ;
#1382 = EDGE_CURVE ( 'NONE', #956, #3286, #2179, .T. ) ;
#1383 = CARTESIAN_POINT ( 'NONE',  ( 4.828236934828241900, -17.51470143007944102, 2.482219420273513943 ) ) ;
#1384 = CARTESIAN_POINT ( 'NONE',  ( 6.266036663684054098, -16.00000000000000000, 0.000000000000000000 ) ) ;
#1385 = EDGE_LOOP ( 'NONE', ( #2733, #1116, #971, #757, #643, #994, #2148 ) ) ;
#1386 = CARTESIAN_POINT ( 'NONE',  ( 14.67536246554284496, -11.98291310311761038, 5.322241196805355123 ) ) ;
#1387 = CARTESIAN_POINT ( 'NONE',  ( 6.338747420630490126, -11.40767579300311141, 3.000000000000000000 ) ) ;
#1388 = EDGE_LOOP ( 'NONE', ( #1067, #2968, #2829, #818 ) ) ;
#1389 = ADVANCED_FACE ( 'NONE', ( #920 ), #3204, .T. ) ;
#1390 = ADVANCED_FACE ( 'NONE', ( #384 ), #187, .T. ) ;
#1391 = CARTESIAN_POINT ( 'NONE',  ( 15.99372344284244107, -13.63143304498717612, 3.321168769019543276 ) ) ;
#1392 = CARTESIAN_POINT ( 'NONE',  ( 16.43483662597351724, -11.68727502821870701, 2.029138296753695059 ) ) ;
#1393 = CARTESIAN_POINT ( 'NONE',  ( 9.266036663684074526, -14.34094099488328489, 4.733889651497853457 ) ) ;
#1394 = ORIENTED_EDGE ( 'NONE', *, *, #2628, .F. ) ;
#1395 = CYLINDRICAL_SURFACE ( 'NONE', #1188, 9.999999999999998224 ) ;
#1396 = ORIENTED_EDGE ( 'NONE', *, *, #2967, .F. ) ;
#1397 = CARTESIAN_POINT ( 'NONE',  ( 16.48248414388852012, -16.47614126945399349, 2.092106524208057206 ) ) ;
#1398 = CARTESIAN_POINT ( 'NONE',  ( 19.27623450357769030, -18.00000000000000000, 2.850893925721559530 ) ) ;
#1399 = VECTOR ( 'NONE', #2202, 1000.000000000000000 ) ;
#1400 = CARTESIAN_POINT ( 'NONE',  ( 18.44603666368407247, -18.00000000000000355, 0.000000000000000000 ) ) ;
#1401 = FACE_OUTER_BOUND ( 'NONE', #3205, .T. ) ;
#1402 = CIRCLE ( 'NONE', #1987, 1.249999999999997558 ) ;
#1403 = CARTESIAN_POINT ( 'NONE',  ( 22.77053893421177477, 7.999999999999996447, 3.000000000000000000 ) ) ;
#1404 = ORIENTED_EDGE ( 'NONE', *, *, #99, .F. ) ;
#1405 = CARTESIAN_POINT ( 'NONE',  ( 14.15826613953727708, -12.28416770237860689, 5.561820805938981316 ) ) ;
#1406 = CARTESIAN_POINT ( 'NONE',  ( 8.413950245039156783, -15.46856288423687076, 4.650517841997036328 ) ) ;
#1407 = ORIENTED_EDGE ( 'NONE', *, *, #933, .T. ) ;
#1408 = B_SPLINE_CURVE_WITH_KNOTS ( 'NONE', 3,
 ( #993, #2508, #235, #2768 ),
 .UNSPECIFIED., .F., .F.,
 ( 4, 4 ),
 ( 2.915544287157600164E-05, 0.002509232935797919319 ),
 .UNSPECIFIED. ) ;
#1409 = CARTESIAN_POINT ( 'NONE',  ( 15.44935244261439600, -13.47937091178593327, 3.970348523946333863 ) ) ;
#1410 = AXIS2_PLACEMENT_3D ( 'NONE', #2483, #3181, #2737 ) ;
#1411 = FACE_OUTER_BOUND ( 'NONE', #853, .T. ) ;
#1412 = DIRECTION ( 'NONE',  ( 0.1465486610894621566, -0.9892034623538707994, 0.000000000000000000 ) ) ;
#1413 = VERTEX_POINT ( 'NONE', #1422 ) ;
#1414 = DIRECTION ( 'NONE',  ( 0.000000000000000000, 1.000000000000000000, 0.000000000000000000 ) ) ;
#1415 = EDGE_CURVE ( 'NONE', #3230, #269, #2708, .T. ) ;
#1416 = ORIENTED_EDGE ( 'NONE', *, *, #2659, .T. ) ;
#1417 = CARTESIAN_POINT ( 'NONE',  ( 6.615655737760443245, -13.78465631184260332, 3.142978189490242436 ) ) ;
#1418 = CARTESIAN_POINT ( 'NONE',  ( 17.41607211676248923, -17.76516013478678246, 2.255962526048749250 ) ) ;
#1419 = B_SPLINE_CURVE_WITH_KNOTS ( 'NONE', 3,
 ( #2316, #2808, #2824, #2568 ),
 .UNSPECIFIED., .F., .F.,
 ( 4, 4 ),
 ( 0.000000000000000000, 0.002480077492926341474 ),
 .UNSPECIFIED. ) ;
#1420 = CARTESIAN_POINT ( 'NONE',  ( 15.55441211916878785, -15.54591847239627356, 3.923644298786073570 ) ) ;
#1421 = CARTESIAN_POINT ( 'NONE',  ( 6.266036663684054098, -7.000000000000002665, 1.733889651497832363 ) ) ;
#1422 = CARTESIAN_POINT ( 'NONE',  ( 16.33095596392875137, -11.48408513946167986, 3.000000000000000000 ) ) ;
#1423 = ORIENTED_EDGE ( 'NONE', *, *, #446, .T. ) ;
#1424 = PRODUCT_RELATED_PRODUCT_CATEGORY ( 'detail', '', ( #3085 ) ) ;
#1425 = DIRECTION ( 'NONE',  ( -0.000000000000000000, -0.000000000000000000, -1.000000000000000000 ) ) ;
#1426 = CARTESIAN_POINT ( 'NONE',  ( 7.444694921603985271, -15.40334977200498834, 4.180561459457597273 ) ) ;
#1427 = ORIENTED_EDGE ( 'NONE', *, *, #937, .T. ) ;
#1428 = CARTESIAN_POINT ( 'NONE',  ( 16.09453297478255962, -13.78101797833608444, 3.146557415594018803 ) ) ;
#1429 = CARTESIAN_POINT ( 'NONE',  ( 9.266036663684081631, -13.64995387438174212, 5.733889651497853457 ) ) ;
#1430 = CARTESIAN_POINT ( 'NONE',  ( 15.99229057736260451, -11.58920147824539981, 3.320454476505699581 ) ) ;
#1431 = VERTEX_POINT ( 'NONE', #2398 ) ;
#1432 = CARTESIAN_POINT ( 'NONE',  ( 22.77053893421170017, -18.00000000000000355, 3.000000000000000000 ) ) ;
#1433 = ADVANCED_FACE ( 'NONE', ( #1440 ), #2143, .F. ) ;
#1434 = VERTEX_POINT ( 'NONE', #1896 ) ;
#1435 = CARTESIAN_POINT ( 'NONE',  ( 9.266036663684074526, -14.34094099488328489, 4.733889651497853457 ) ) ;
#1436 = CARTESIAN_POINT ( 'NONE',  ( 6.172730791414093865, -11.19979475027952631, 2.799601690586398295 ) ) ;
#1437 = CARTESIAN_POINT ( 'NONE',  ( 15.63309568526326565, -15.92548433955207443, 3.785445396399014228 ) ) ;
#1438 = EDGE_CURVE ( 'NONE', #1161, #1227, #710, .T. ) ;
#1439 = CARTESIAN_POINT ( 'NONE',  ( -15.63814266888728355, -14.20050339839028197, 3.000000000000000000 ) ) ;
#1440 = FACE_OUTER_BOUND ( 'NONE', #2509, .T. ) ;
#1441 = ORIENTED_EDGE ( 'NONE', *, *, #37, .T. ) ;
#1442 = ADVANCED_FACE ( 'NONE', ( #616 ), #3196, .T. ) ;
#1443 = CARTESIAN_POINT ( 'NONE',  ( 13.43191723568114604, -12.60780797547431220, 5.733889651497857010 ) ) ;
#1444 = CARTESIAN_POINT ( 'NONE',  ( 9.048294161098427324, -14.25966848304326362, 4.733889651497855233 ) ) ;
#1445 = ORIENTED_EDGE ( 'NONE', *, *, #1549, .F. ) ;
#1446 = ADVANCED_FACE ( 'NONE', ( #1665 ), #1953, .T. ) ;
#1447 = CARTESIAN_POINT ( 'NONE',  ( 13.44603666368404760, -14.34094099488328666, 4.733889651497853457 ) ) ;
#1448 = CARTESIAN_POINT ( 'NONE',  ( 17.44603666368406536, -6.875000000000007105, 4.242738910632480653 ) ) ;
#1449 = CARTESIAN_POINT ( 'NONE',  ( 15.93643667498858107, -11.52924622377507369, 3.406969798607367039 ) ) ;
#1450 = ORIENTED_EDGE ( 'NONE', *, *, #2211, .T. ) ;
#1451 = CARTESIAN_POINT ( 'NONE',  ( 4.266036663684053210, -18.00000000000000355, 1.089823964423707769 ) ) ;
#1452 = EDGE_CURVE ( 'NONE', #2869, #1666, #1045, .T. ) ;
#1453 = ORIENTED_EDGE ( 'NONE', *, *, #1104, .T. ) ;
#1454 = CARTESIAN_POINT ( 'NONE',  ( 6.915040092603772948, -13.48938753232532761, 3.601134768346139214 ) ) ;
#1455 = B_SPLINE_CURVE_WITH_KNOTS ( 'NONE', 3,
 ( #3128, #2577, #1057, #1091, #360, #563 ),
 .UNSPECIFIED., .F., .F.,
 ( 4, 2, 4 ),
 ( 0.000000000000000000, 0.0006489934174709167209, 0.001297986834941833442 ),
 .UNSPECIFIED. ) ;
#1456 = CIRCLE ( 'NONE', #1765, 9.999999999999998224 ) ;
#1457 = CARTESIAN_POINT ( 'NONE',  ( 15.63225951767435440, -15.67583958231955066, 3.825424004329980754 ) ) ;
#1458 = ADVANCED_FACE ( 'NONE', ( #3014 ), #1460, .T. ) ;
#1459 = DIRECTION ( 'NONE',  ( -0.000000000000000000, -0.000000000000000000, 1.000000000000000000 ) ) ;
#1460 = PLANE ( 'NONE',  #25 ) ;
#1461 = ORIENTED_EDGE ( 'NONE', *, *, #2533, .F. ) ;
#1462 = AXIS2_PLACEMENT_3D ( 'NONE', #3134, #2602, #3122 ) ;
#1463 = ADVANCED_FACE ( 'NONE', ( #2547 ), #2996, .T. ) ;
#1464 = CARTESIAN_POINT ( 'NONE',  ( 15.61339825527649339, -11.23475446251208609, 4.535930865420089830 ) ) ;
#1465 = CIRCLE ( 'NONE', #1984, 2.999999999999999556 ) ;
#1466 = CARTESIAN_POINT ( 'NONE',  ( 7.303780418248571493, -14.67751455059480215, 5.747807685953103984 ) ) ;
#1467 = ORIENTED_EDGE ( 'NONE', *, *, #1558, .T. ) ;
#1468 = VECTOR ( 'NONE', #2187, 1000.000000000000000 ) ;
#1469 = FACE_OUTER_BOUND ( 'NONE', #1913, .T. ) ;
#1470 = DIRECTION ( 'NONE',  ( -0.000000000000000000, 0.000000000000000000, 1.000000000000000000 ) ) ;
#1471 = DIRECTION ( 'NONE',  ( 0.000000000000000000, 0.000000000000000000, 1.000000000000000000 ) ) ;
#1472 = VERTEX_POINT ( 'NONE', #792 ) ;
#1473 = CARTESIAN_POINT ( 'NONE',  ( 4.409529047195082541, -17.99992662070044247, 1.249571230473247807 ) ) ;
#1474 = ORIENTED_EDGE ( 'NONE', *, *, #1266, .F. ) ;
#1475 = CARTESIAN_POINT ( 'NONE',  ( 15.72980111801601133, -11.16197582732031712, 4.007074519717317429 ) ) ;
#1476 = CARTESIAN_POINT ( 'NONE',  ( 17.52661391779819411, -18.00000000000000000, 2.796105699675050626 ) ) ;
#1477 = AXIS2_PLACEMENT_3D ( 'NONE', #847, #1862, #1336 ) ;
#1478 = CARTESIAN_POINT ( 'NONE',  ( 15.26737840576436511, -15.40334977200486044, 4.180561459457310391 ) ) ;
#1479 = CARTESIAN_POINT ( 'NONE',  ( 6.564492426978081774, -12.13980033074478548, 3.060521639486908807 ) ) ;
#1480 = CARTESIAN_POINT ( 'NONE',  ( 13.44603666368404760, -14.34094099488328666, 4.733889651497853457 ) ) ;
#1481 = ORIENTED_EDGE ( 'NONE', *, *, #1966, .T. ) ;
#1482 = DIRECTION ( 'NONE',  ( 1.000000000000000000, 0.000000000000000000, 0.000000000000000000 ) ) ;
#1483 = CARTESIAN_POINT ( 'NONE',  ( 5.388797165232233510, -14.23394668714197842, 4.490821661945211041 ) ) ;
#1484 = ORIENTED_EDGE ( 'NONE', *, *, #838, .F. ) ;
#1485 = CARTESIAN_POINT ( 'NONE',  ( 6.099540344386220170, -14.20816362146559086, 5.189543651920493161 ) ) ;
#1486 = CARTESIAN_POINT ( 'NONE',  ( 0.000000000000000000, 15.99999999999999289, 1.000000000000000000 ) ) ;
#1487 = ORIENTED_EDGE ( 'NONE', *, *, #2022, .F. ) ;
#1488 = EDGE_CURVE ( 'NONE', #2446, #236, #1811, .T. ) ;
#1489 = ORIENTED_EDGE ( 'NONE', *, *, #2368, .F. ) ;
#1490 = CARTESIAN_POINT ( 'NONE',  ( 6.592892491995442583, -11.51629361503700544, 3.111251218645835870 ) ) ;
#1491 = CARTESIAN_POINT ( 'NONE',  ( 16.15006544079220419, -12.13682475540425898, 3.057816560257701877 ) ) ;
#1492 = CARTESIAN_POINT ( 'NONE',  ( 14.75704695109764941, -15.39740046644798532, 4.478371240131788333 ) ) ;
#1493 = DIRECTION ( 'NONE',  ( 0.000000000000000000, 0.000000000000000000, 1.000000000000000000 ) ) ;
#1494 = VERTEX_POINT ( 'NONE', #212 ) ;
#1495 = CARTESIAN_POINT ( 'NONE',  ( 16.42075605155936557, -16.16109410064942864, 2.122956215785261946 ) ) ;
#1496 = CARTESIAN_POINT ( 'NONE',  ( 7.293329033528708649, -15.94058453383853902, 4.348459566775757956 ) ) ;
#1497 = ORIENTED_EDGE ( 'NONE', *, *, #436, .F. ) ;
#1498 = CARTESIAN_POINT ( 'NONE',  ( 15.79506964018818138, -11.04465206907225650, 4.314947825866131126 ) ) ;
#1499 = APPROVAL ( #1014, 'UNSPECIFIED' ) ;
#1500 = EDGE_LOOP ( 'NONE', ( #54, #1745, #1052, #1690, #1155, #2542, #21, #145, #2929, #3187, #3135, #2582 ) ) ;
#1501 = EDGE_LOOP ( 'NONE', ( #1245, #3015, #906, #2716 ) ) ;
#1502 = DIRECTION ( 'NONE',  ( -0.9892034623538709104, -0.1465486610894621289, 0.000000000000000000 ) ) ;
#1503 = DIRECTION ( 'NONE',  ( -0.5774220297820357173, -0.08781442201817045434, 0.8117095704794965449 ) ) ;
#1504 = CARTESIAN_POINT ( 'NONE',  ( 16.11918083537171142, -11.51629361503552218, 3.111251218647728578 ) ) ;
#1505 = CARTESIAN_POINT ( 'NONE',  ( 16.13089535804969898, -13.85643839088020179, 3.075726370315069680 ) ) ;
#1506 = CARTESIAN_POINT ( 'NONE',  ( 16.33095596392875137, -11.48408513946167986, 3.000000000000000000 ) ) ;
#1507 = VECTOR ( 'NONE', #2556, 1000.000000000000000 ) ;
#1508 = CARTESIAN_POINT ( 'NONE',  ( 17.30820481608981609, -17.64479138087486731, 1.733889651497831030 ) ) ;
#1509 = CARTESIAN_POINT ( 'NONE',  ( 6.478590709025609407, -14.16216013408852170, 2.845997430467968492 ) ) ;
#1510 = VERTEX_POINT ( 'NONE', #552 ) ;
#1511 = EDGE_CURVE ( 'NONE', #1707, #405, #2738, .T. ) ;
#1512 = AXIS2_PLACEMENT_3D ( 'NONE', #1863, #558, #2350 ) ;
#1513 = CARTESIAN_POINT ( 'NONE',  ( 30.77053893421177122, 0.000000000000000000, 1.000000000000000000 ) ) ;
#1514 = CARTESIAN_POINT ( 'NONE',  ( 5.121719683470504769, -16.27331479939718761, 3.221262244316297263 ) ) ;
#1515 = VERTEX_POINT ( 'NONE', #1480 ) ;
#1516 = CIRCLE ( 'NONE', #2199, 8.049986289787234739 ) ;
#1517 = ORIENTED_EDGE ( 'NONE', *, *, #2270, .T. ) ;
#1518 = CARTESIAN_POINT ( 'NONE',  ( 6.293775254960746857, -16.00000000000000000, 2.140905766920992548 ) ) ;
#1519 = CARTESIAN_POINT ( 'NONE',  ( 17.63992747336789080, -16.74276771690559684, 3.076483646374741365 ) ) ;
#1520 = FACE_BOUND ( 'NONE', #1867, .T. ) ;
#1521 = CARTESIAN_POINT ( 'NONE',  ( 15.41107262470552719, -15.97834498536744974, 4.318939091946884190 ) ) ;
#1522 = DATE_AND_TIME ( #779, #2462 ) ;
#1523 = AXIS2_PLACEMENT_3D ( 'NONE', #2989, #1659, #897 ) ;
#1524 = ADVANCED_BREP_SHAPE_REPRESENTATION ( 'EDM Power Cover 2', ( #3120, #1868 ), #498 ) ;
#1525 = CARTESIAN_POINT ( 'NONE',  ( 6.457114486081154681, -11.62113725916871587, 3.000000000000380140 ) ) ;
#1526 = UNCERTAINTY_MEASURE_WITH_UNIT (LENGTH_MEASURE( 1.000000000000000082E-05 ), #2566, 'distance_accuracy_value', 'NONE');
#1527 = EDGE_CURVE ( 'NONE', #2840, #2597, #1253, .T. ) ;
#1528 = CARTESIAN_POINT ( 'NONE',  ( 6.900210132116910700, -15.63816571375959263, 4.185051726304793718 ) ) ;
#1529 = EDGE_LOOP ( 'NONE', ( #3046, #462, #372, #3023 ) ) ;
#1530 = AXIS2_PLACEMENT_3D ( 'NONE', #2343, #1107, #2117 ) ;
#1531 = LINE ( 'NONE', #469, #402 ) ;
#1532 = CARTESIAN_POINT ( 'NONE',  ( 5.110156948979049041, -16.47614126945315505, 3.164718252669612930 ) ) ;
#1533 = ORIENTED_EDGE ( 'NONE', *, *, #1677, .F. ) ;
#1534 = ORIENTED_EDGE ( 'NONE', *, *, #2524, .T. ) ;
#1535 = CARTESIAN_POINT ( 'NONE',  ( 6.424091587601223452, -16.55215157674347637, 3.378688742730694194 ) ) ;
#1536 = CARTESIAN_POINT ( 'NONE',  ( 16.44603666368406891, -11.66816179572523637, 1.733889651497832363 ) ) ;
#1537 = CARTESIAN_POINT ( 'NONE',  ( 16.04573583931704306, -12.15193889307980513, 3.231106864365719922 ) ) ;
#1538 = CARTESIAN_POINT ( 'NONE',  ( 9.560818045912562013, -12.69438915303029702, 4.733889651497851681 ) ) ;
#1539 = CARTESIAN_POINT ( 'NONE',  ( 15.51103953835616700, -15.75501884247540119, 4.410162164805101703 ) ) ;
#1540 = CARTESIAN_POINT ( 'NONE',  ( 16.10947778509227035, -12.04589320809104969, 3.124688841212526658 ) ) ;
#1541 = CYLINDRICAL_SURFACE ( 'NONE', #463, 2.000000000000000000 ) ;
#1542 = CARTESIAN_POINT ( 'NONE',  ( 5.080020608091212253, -15.31311973845447660, 3.577916059627951118 ) ) ;
#1543 = EDGE_LOOP ( 'NONE', ( #2276, #118, #1394, #604 ) ) ;
#1544 = DIRECTION ( 'NONE',  ( 1.000000000000000000, 0.000000000000000000, 0.000000000000000000 ) ) ;
#1545 = DIRECTION ( 'NONE',  ( 1.000000000000000000, -0.000000000000000000, 0.000000000000000000 ) ) ;
#1546 = ORIENTED_EDGE ( 'NONE', *, *, #86, .F. ) ;
#1547 = CARTESIAN_POINT ( 'NONE',  ( 6.358578574806549533, -16.69750419979610001, 3.318222532651825762 ) ) ;
#1548 = CARTESIAN_POINT ( 'NONE',  ( 16.44603666368406891, -11.32183507638092834, 1.733889651497829476 ) ) ;
#1549 = EDGE_CURVE ( 'NONE', #423, #1731, #2134, .T. ) ;
#1550 = CARTESIAN_POINT ( 'NONE',  ( 15.91004414488225294, -11.52439470533203725, 3.445552958156892664 ) ) ;
#1551 = CARTESIAN_POINT ( 'NONE',  ( 8.160252230224193326, -12.06127198220405283, 5.390053216735106290 ) ) ;
#1552 = CARTESIAN_POINT ( 'NONE',  ( 6.687958565526856525, -12.30730476678657759, 3.268006113766015464 ) ) ;
#1553 = ADVANCED_FACE ( 'NONE', ( #1858 ), #2391, .F. ) ;
#1554 = CARTESIAN_POINT ( 'NONE',  ( 13.15125528145555478, -12.69438915303029880, 5.733889651497853457 ) ) ;
#1555 = DIRECTION ( 'NONE',  ( 1.000000000000000000, 0.000000000000000000, 0.000000000000000000 ) ) ;
#1556 = DIRECTION ( 'NONE',  ( -0.000000000000000000, -1.000000000000000000, -0.000000000000000000 ) ) ;
#1557 = VERTEX_POINT ( 'NONE', #625 ) ;
#1558 = EDGE_CURVE ( 'NONE', #1198, #1472, #2090, .T. ) ;
#1559 = CARTESIAN_POINT ( 'NONE',  ( -11.22023827261601703, -2.550550024661256021, 3.000000000000000000 ) ) ;
#1560 = CARTESIAN_POINT ( 'NONE',  ( 8.987082010754688710, -13.53521454962127279, 4.733889651497855233 ) ) ;
#1561 = ORIENTED_EDGE ( 'NONE', *, *, #2062, .T. ) ;
#1562 = VECTOR ( 'NONE', #608, 1000.000000000000000 ) ;
#1563 = EDGE_CURVE ( 'NONE', #213, #1036, #1046, .T. ) ;
#1564 = CARTESIAN_POINT ( 'NONE',  ( -19.22946106578817549, -16.00000000000000000, 1.000000000000000000 ) ) ;
#1565 = AXIS2_PLACEMENT_3D ( 'NONE', #2977, #2253, #1950 ) ;
#1566 = LINE ( 'NONE', #320, #2027 ) ;
#1567 = DIRECTION ( 'NONE',  ( -0.000000000000000000, -0.000000000000000000, -1.000000000000000000 ) ) ;
#1568 = DIRECTION ( 'NONE',  ( 0.000000000000000000, 0.000000000000000000, -1.000000000000000000 ) ) ;
#1569 = CARTESIAN_POINT ( 'NONE',  ( 13.44603666368407069, -7.000000000000002665, 1.733889651497854123 ) ) ;
#1570 = DIRECTION ( 'NONE',  ( -0.000000000000000000, 0.000000000000000000, 1.000000000000000000 ) ) ;
#1571 = CARTESIAN_POINT ( 'NONE',  ( 6.381117363437962986, -11.48408513945915743, 3.000000000000000000 ) ) ;
#1572 = CARTESIAN_POINT ( 'NONE',  ( 4.606036663684062837, -6.875000000000007994, 0.000000000000000000 ) ) ;
#1573 = ORIENTED_EDGE ( 'NONE', *, *, #2903, .F. ) ;
#1574 = CIRCLE ( 'NONE', #2800, 12.58999999999999986 ) ;
#1575 = CARTESIAN_POINT ( 'NONE',  ( 6.028910747232745670, -16.97547437190398156, 2.015943632959436460 ) ) ;
#1576 = CARTESIAN_POINT ( 'NONE',  ( 18.44603666368407247, -18.00000000000000355, 3.000000000000000000 ) ) ;
#1577 = ORIENTED_EDGE ( 'NONE', *, *, #1688, .T. ) ;
#1578 = CIRCLE ( 'NONE', #85, 1.000000000000000222 ) ;
#1579 = DIRECTION ( 'NONE',  ( 0.000000000000000000, 0.000000000000000000, -1.000000000000000000 ) ) ;
#1580 = DIRECTION ( 'NONE',  ( 0.000000000000000000, 0.000000000000000000, -1.000000000000000000 ) ) ;
#1581 = DIRECTION ( 'NONE',  ( 0.000000000000000000, 0.000000000000000000, 1.000000000000000000 ) ) ;
#1582 = VERTEX_POINT ( 'NONE', #2346 ) ;
#1583 = CARTESIAN_POINT ( 'NONE',  ( 11.35603666368406195, -6.875000000000007994, 6.401339659686815509 ) ) ;
#1584 = DIRECTION ( 'NONE',  ( -1.000000000000000000, 0.000000000000000000, 0.000000000000000000 ) ) ;
#1585 = EDGE_LOOP ( 'NONE', ( #2622, #2815, #1787, #232 ) ) ;
#1586 = APPROVAL_DATE_TIME ( #353, #2145 ) ;
#1587 = DIRECTION ( 'NONE',  ( 0.000000000000000000, 0.000000000000000000, -1.000000000000000000 ) ) ;
#1588 = EDGE_CURVE ( 'NONE', #3286, #3064, #3103, .T. ) ;
#1589 = CARTESIAN_POINT ( 'NONE',  ( -19.22946106578825010, 7.999999999999996447, 1.000000000000000000 ) ) ;
#1590 = EDGE_LOOP ( 'NONE', ( #2234, #120, #1994, #729, #1323 ) ) ;
#1591 = CARTESIAN_POINT ( 'NONE',  ( 13.15125528145556011, -12.69438915303029702, 4.733889651497853457 ) ) ;
#1592 = CARTESIAN_POINT ( 'NONE',  ( 6.951059443020057849, -11.72678897680128074, 3.655051873206828450 ) ) ;
#1593 = ORIENTED_EDGE ( 'NONE', *, *, #219, .F. ) ;
#1594 = CARTESIAN_POINT ( 'NONE',  ( 6.186157504993225587, -12.28930525003245400, 2.868895439521586432 ) ) ;
#1595 = CARTESIAN_POINT ( 'NONE',  ( 23.94603666368406181, -6.875000000000007994, 3.000000000000000000 ) ) ;
#1596 = DIRECTION ( 'NONE',  ( -1.000000000000000000, 0.000000000000000000, 0.000000000000000000 ) ) ;
#1597 = LINE ( 'NONE', #3100, #988 ) ;
#1598 = CYLINDRICAL_SURFACE ( 'NONE', #2543, 2.000000000000000000 ) ;
#1599 = LINE ( 'NONE', #2318, #759 ) ;
#1600 = ORIENTED_EDGE ( 'NONE', *, *, #2177, .T. ) ;
#1601 = EDGE_CURVE ( 'NONE', #1431, #2725, #2888, .T. ) ;
#1602 = CARTESIAN_POINT ( 'NONE',  ( 14.42197048591705943, -12.14722889530249361, 4.600645618959152472 ) ) ;
#1603 = CARTESIAN_POINT ( 'NONE',  ( 5.110156948979049041, -16.47614126945315505, 3.164718252669612930 ) ) ;
#1604 = ORIENTED_EDGE ( 'NONE', *, *, #2967, .T. ) ;
#1605 = ORGANIZATION ( 'UNSPECIFIED', 'UNSPECIFIED', '' ) ;
#1606 = CARTESIAN_POINT ( 'NONE',  ( 11.35603666368406195, -6.875000000000007994, 3.000000000000000000 ) ) ;
#1607 = CARTESIAN_POINT ( 'NONE',  ( 6.266036663684054098, -16.00000000000000000, 0.000000000000000000 ) ) ;
#1608 = CARTESIAN_POINT ( 'NONE',  ( 15.96981413514627768, -11.10210801976966977, 3.575307318718413896 ) ) ;
#1609 = DIRECTION ( 'NONE',  ( 0.000000000000000000, 0.000000000000000000, 1.000000000000000000 ) ) ;
#1610 = VECTOR ( 'NONE', #1556, 1000.000000000000000 ) ;
#1611 = ADVANCED_FACE ( 'NONE', ( #101 ), #3008, .T. ) ;
#1612 = DIRECTION ( 'NONE',  ( -0.000000000000000000, -1.000000000000000000, -0.000000000000000000 ) ) ;
#1613 = ORIENTED_EDGE ( 'NONE', *, *, #588, .T. ) ;
#1614 = AXIS2_PLACEMENT_3D ( 'NONE', #1854, #2067, #2625 ) ;
#1615 = CARTESIAN_POINT ( 'NONE',  ( 6.266036663684054098, -11.66816179572523637, 1.733889651497832363 ) ) ;
#1616 = DIRECTION ( 'NONE',  ( 0.7263149563998083647, 0.6873620473301857992, -0.000000000000000000 ) ) ;
#1617 = ORIENTED_EDGE ( 'NONE', *, *, #2812, .F. ) ;
#1618 = EDGE_CURVE ( 'NONE', #1852, #2228, #2517, .T. ) ;
#1619 = ADVANCED_FACE ( 'NONE', ( #1829 ), #923, .F. ) ;
#1620 = CARTESIAN_POINT ( 'NONE',  ( 14.77681498075294186, -12.82165088627390404, 4.425153310918743976 ) ) ;
#1621 = CARTESIAN_POINT ( 'NONE',  ( 5.031877033172250435, -16.95249416884759697, 2.982671297017176038 ) ) ;
#1622 = ORIENTED_EDGE ( 'NONE', *, *, #7, .T. ) ;
#1623 = EDGE_CURVE ( 'NONE', #542, #620, #1360, .T. ) ;
#1624 = CYLINDRICAL_SURFACE ( 'NONE', #2701, 1.249999999999997558 ) ;
#1625 = CARTESIAN_POINT ( 'NONE',  ( 5.110156948979049041, -16.47614126945315505, 3.164718252669612930 ) ) ;
#1626 = EDGE_LOOP ( 'NONE', ( #2453, #1070, #471, #3281 ) ) ;
#1627 = CARTESIAN_POINT ( 'NONE',  ( 15.76101388435024298, -11.72678897679818633, 3.655051873204246071 ) ) ;
#1628 = CARTESIAN_POINT ( 'NONE',  ( 6.880116635816036386, -11.00504705155480245, 4.291406652369150976 ) ) ;
#1629 = CARTESIAN_POINT ( 'NONE',  ( 5.403868511278332676, -17.64479138087484955, 1.733889651497845463 ) ) ;
#1630 = AXIS2_PLACEMENT_3D ( 'NONE', #1058, #1580, #3096 ) ;
#1631 = FACE_OUTER_BOUND ( 'NONE', #501, .T. ) ;
#1632 = LINE ( 'NONE', #2901, #74 ) ;
#1633 = ORIENTED_EDGE ( 'NONE', *, *, #1266, .T. ) ;
#1634 = CARTESIAN_POINT ( 'NONE',  ( 13.15125528145555478, -12.69438915303030058, 5.733889651497853457 ) ) ;
#1635 = CARTESIAN_POINT ( 'NONE',  ( 7.215568876546001320, -15.49539264084425128, 3.985451305365093511 ) ) ;
#1636 = ORIENTED_EDGE ( 'NONE', *, *, #2667, .F. ) ;
#1637 = CARTESIAN_POINT ( 'NONE',  ( 15.94346509276788737, -10.88083940505873848, 4.242738987933369899 ) ) ;
#1638 = CARTESIAN_POINT ( 'NONE',  ( 18.09812541896560489, -17.88088982452583053, 1.932697149712310658 ) ) ;
#1639 = FACE_OUTER_BOUND ( 'NONE', #641, .T. ) ;
#1640 = EDGE_CURVE ( 'NONE', #654, #3230, #1465, .T. ) ;
#1641 = ORIENTED_EDGE ( 'NONE', *, *, #2458, .F. ) ;
#1642 = CARTESIAN_POINT ( 'NONE',  ( 16.42076067374458148, -16.16139702212902307, 2.122922461979940056 ) ) ;
#1643 = CARTESIAN_POINT ( 'NONE',  ( 17.15580730178649205, -17.63031300660886913, 2.532544284597214368 ) ) ;
#1644 = DIRECTION ( 'NONE',  ( -0.000000000000000000, -0.000000000000000000, 1.000000000000000000 ) ) ;
#1645 = CARTESIAN_POINT ( 'NONE',  ( 17.44603666368407247, -11.66816179572523637, 3.000000000000000000 ) ) ;
#1646 = CARTESIAN_POINT ( 'NONE',  ( 6.951539903867870684, -11.29893566348688871, 3.744332191541003496 ) ) ;
#1647 = ORIENTED_EDGE ( 'NONE', *, *, #2533, .T. ) ;
#1648 = CARTESIAN_POINT ( 'NONE',  ( 14.66894450029295527, -12.91287657779409592, 4.476012324544217158 ) ) ;
#1649 = DIRECTION ( 'NONE',  ( -0.000000000000000000, 0.000000000000000000, 1.000000000000000000 ) ) ;
#1650 = ORIENTED_EDGE ( 'NONE', *, *, #72, .F. ) ;
#1651 = ADVANCED_FACE ( 'NONE', ( #567 ), #1395, .T. ) ;
#1652 = PLANE ( 'NONE',  #2589 ) ;
#1653 = CARTESIAN_POINT ( 'NONE',  ( 6.381117363437962986, -11.48408513945915743, 3.000000000000000000 ) ) ;
#1654 = DIRECTION ( 'NONE',  ( 0.000000000000000000, -1.000000000000000000, 1.149254302834633753E-14 ) ) ;
#1655 = AXIS2_PLACEMENT_3D ( 'NONE', #478, #1737, #2502 ) ;
#1656 = ORIENTED_EDGE ( 'NONE', *, *, #819, .F. ) ;
#1657 = DIRECTION ( 'NONE',  ( -0.000000000000000000, 0.000000000000000000, 1.000000000000000000 ) ) ;
#1658 = ORIENTED_EDGE ( 'NONE', *, *, #1965, .F. ) ;
#1659 = DIRECTION ( 'NONE',  ( -1.000000000000000000, 6.938893903907221278E-15, -6.938893903907227589E-15 ) ) ;
#1660 = DIRECTION ( 'NONE',  ( -0.000000000000000000, 1.000000000000000000, -0.000000000000000000 ) ) ;
#1661 = AXIS2_PLACEMENT_3D ( 'NONE', #136, #2107, #350 ) ;
#1662 = CARTESIAN_POINT ( 'NONE',  ( 7.828618569811664152, -11.84626393301653380, 5.199988578693662156 ) ) ;
#1663 = DIRECTION ( 'NONE',  ( -0.5958469241734452027, -0.8030980282338169296, 0.000000000000000000 ) ) ;
#1664 = VECTOR ( 'NONE', #707, 1000.000000000000000 ) ;
#1665 = FACE_OUTER_BOUND ( 'NONE', #1882, .T. ) ;
#1666 = VERTEX_POINT ( 'NONE', #3143 ) ;
#1667 = VECTOR ( 'NONE', #358, 1000.000000000000000 ) ;
#1668 = CARTESIAN_POINT ( 'NONE',  ( 18.44603666368407247, -18.00000000000000355, 1.089823964423708214 ) ) ;
#1669 = CARTESIAN_POINT ( 'NONE',  ( 8.526559560367731549, -14.02924170425306905, 4.643245759198346256 ) ) ;
#1670 = ORIENTED_EDGE ( 'NONE', *, *, #3185, .T. ) ;
#1671 = DIRECTION ( 'NONE',  ( 0.7546984190706016449, -3.469446951953613400E-15, -0.6560718682067800955 ) ) ;
#1672 = VECTOR ( 'NONE', #3219, 1000.000000000000000 ) ;
#1673 = CARTESIAN_POINT ( 'NONE',  ( -19.22946106578825010, -8.000000000000003553, 3.000000000000000000 ) ) ;
#1674 = CARTESIAN_POINT ( 'NONE',  ( -12.47128208403741745, 0.000000000000000000, 2.000000000000000000 ) ) ;
#1675 = ORIENTED_EDGE ( 'NONE', *, *, #1101, .F. ) ;
#1676 = CARTESIAN_POINT ( 'NONE',  ( 6.266036663684054098, -7.000000000000002665, 0.000000000000000000 ) ) ;
#1677 = EDGE_CURVE ( 'NONE', #3244, #1339, #1347, .T. ) ;
#1678 = ORIENTED_EDGE ( 'NONE', *, *, #1150, .T. ) ;
#1679 = CARTESIAN_POINT ( 'NONE',  ( 6.776279565537696392, -13.57214372458578744, 3.411655664937996768 ) ) ;
#1680 = EDGE_CURVE ( 'NONE', #1852, #2883, #3155, .T. ) ;
#1681 = CARTESIAN_POINT ( 'NONE',  ( -6.129967210265983013, 2.266725329581253501, 2.000000000000000000 ) ) ;
#1682 = AXIS2_PLACEMENT_3D ( 'NONE', #1164, #2703, #3256 ) ;
#1683 = CARTESIAN_POINT ( 'NONE',  ( 16.58769513603794010, -14.21558121858930157, 5.206339078328769077 ) ) ;
#1684 = CARTESIAN_POINT ( 'NONE',  ( 6.266036663684054098, -11.66816179572523637, 1.733889651497832363 ) ) ;
#1685 = CARTESIAN_POINT ( 'NONE',  ( 17.61124034221704804, -16.00287235044117651, 3.295497751381323059 ) ) ;
#1686 = ORIENTED_EDGE ( 'NONE', *, *, #782, .T. ) ;
#1687 = DIRECTION ( 'NONE',  ( -0.000000000000000000, 1.000000000000000000, 0.000000000000000000 ) ) ;
#1688 = EDGE_CURVE ( 'NONE', #2101, #822, #1722, .T. ) ;
#1689 = CARTESIAN_POINT ( 'NONE',  ( 7.633265289743777160, -15.38253474715421731, 4.307547567520408904 ) ) ;
#1690 = ORIENTED_EDGE ( 'NONE', *, *, #3117, .F. ) ;
#1691 = DIRECTION ( 'NONE',  ( -0.5974207631703268850, -0.4132830331271103441, -0.6872303589497776866 ) ) ;
#1692 = CARTESIAN_POINT ( 'NONE',  ( 6.166330628101599487, -16.72145667346898179, 2.069132797218338204 ) ) ;
#1693 = CARTESIAN_POINT ( 'NONE',  ( 16.06164148088993926, -11.99517128616138173, 3.203317687897808241 ) ) ;
#1694 = ORIENTED_EDGE ( 'NONE', *, *, #3056, .T. ) ;
#1695 = DIRECTION ( 'NONE',  ( 1.000000000000000000, 0.000000000000000000, 0.000000000000000000 ) ) ;
#1696 = VERTEX_POINT ( 'NONE', #188 ) ;
#1697 = CARTESIAN_POINT ( 'NONE',  ( 17.59035364389761824, -16.27331479939718406, 3.221262244316299483 ) ) ;
#1698 = CARTESIAN_POINT ( 'NONE',  ( 17.69072899462973325, -16.97547437264386616, 2.956384504653914558 ) ) ;
#1699 = ADVANCED_FACE ( 'NONE', ( #2481 ), #2401, .T. ) ;
#1700 = CARTESIAN_POINT ( 'NONE',  ( 15.59818636377726619, -16.00792858452341250, 3.818178262953375146 ) ) ;
#1701 = CARTESIAN_POINT ( 'NONE',  ( 6.266036663684054098, -11.66816179572523637, 1.881647336791544500 ) ) ;
#1702 = CARTESIAN_POINT ( 'NONE',  ( 6.952962461117619064, -11.08226010209660117, 4.338164837852527711 ) ) ;
#1703 = ORIENTED_EDGE ( 'NONE', *, *, #2287, .T. ) ;
#1704 = CARTESIAN_POINT ( 'NONE',  ( 16.41829807240738504, -16.00000000000020606, 2.140905766920948583 ) ) ;
#1705 =( BOUNDED_SURFACE ( )  B_SPLINE_SURFACE ( 3, 2, ( 
 ( #1885, #1120, #3156 ),
 ( #874, #2908, #1637 ),
 ( #2657, #711, #4 ),
 ( #2507, #200, #2005 ),
 ( #2750, #978, #1498 ),
 ( #769, #2036, #3034 ) ),
 .UNSPECIFIED., .F., .F., .T. ) 
 B_SPLINE_SURFACE_WITH_KNOTS ( ( 4, 2, 4 ),
 ( 3, 3 ),
 ( 0.001738574926726742763, 0.001948256589596078546, 0.002157938252465414330 ),
 ( 0.000000000000000000, 1.000000000000000000 ),
 .UNSPECIFIED. ) 
 GEOMETRIC_REPRESENTATION_ITEM ( )  RATIONAL_B_SPLINE_SURFACE ( (
 ( 1.000000000000000000, 0.8831760866327844628, 1.000000000000000000),
 ( 1.000000000000000000, 0.8830122886300644236, 1.000000000000000000),
 ( 1.000000000000000000, 0.8732731680954264331, 1.000000000000000000),
 ( 1.000000000000000000, 0.8466470943894555123, 1.000000000000000000),
 ( 1.000000000000000000, 0.8294983122232703066, 1.000000000000000000),
 ( 1.000000000000000000, 0.8117162546233727127, 1.000000000000000000) ) ) 
 REPRESENTATION_ITEM ( '' )  SURFACE ( )  );
#1706 = CARTESIAN_POINT ( 'NONE',  ( 6.890193561635448383, -11.42324274774795967, 3.586034773889684946 ) ) ;
#1707 = VERTEX_POINT ( 'NONE', #168 ) ;
#1708 = LINE ( 'NONE', #945, #2955 ) ;
#1709 = DIRECTION ( 'NONE',  ( 1.000000000000000000, 0.000000000000000000, 0.000000000000000000 ) ) ;
#1710 = ORIENTED_EDGE ( 'NONE', *, *, #2268, .T. ) ;
#1711 = CARTESIAN_POINT ( 'NONE',  ( -29.22946106578824654, 0.000000000000000000, 0.000000000000000000 ) ) ;
#1712 = ORIENTED_EDGE ( 'NONE', *, *, #175, .T. ) ;
#1713 = CARTESIAN_POINT ( 'NONE',  ( 6.343064925691698441, -15.04810710216234071, 2.413922062752252629 ) ) ;
#1714 = DIRECTION ( 'NONE',  ( 0.000000000000000000, 0.000000000000000000, -1.000000000000000000 ) ) ;
#1715 = CARTESIAN_POINT ( 'NONE',  ( 7.261348235189493572, -11.38927457509137398, 4.718281129958445064 ) ) ;
#1716 = CARTESIAN_POINT ( 'NONE',  ( 6.460901426696688432, -11.98339738228815676, 2.830896954057501524 ) ) ;
#1717 = DIRECTION ( 'NONE',  ( -1.224646799147353207E-16, 1.000000000000000000, 0.000000000000000000 ) ) ;
#1718 = VERTEX_POINT ( 'NONE', #965 ) ;
#1719 = AXIS2_PLACEMENT_3D ( 'NONE', #2849, #580, #84 ) ;
#1720 = EDGE_CURVE ( 'NONE', #1791, #3005, #398, .T. ) ;
#1721 = CARTESIAN_POINT ( 'NONE',  ( 14.88345475754376501, -11.84626393302544933, 5.199988578702089193 ) ) ;
#1722 = CIRCLE ( 'NONE', #1134, 1.000000000000000222 ) ;
#1723 = CARTESIAN_POINT ( 'NONE',  ( 6.389412927123395924, -14.63763510890408170, 2.587362527606665186 ) ) ;
#1724 = ORIENTED_EDGE ( 'NONE', *, *, #555, .F. ) ;
#1725 = ADVANCED_FACE ( 'NONE', ( #1216 ), #2171, .T. ) ;
#1726 = TOROIDAL_SURFACE ( 'NONE', #77, 7.999999999999998224, 2.000000000000000000 ) ;
#1727 =( BOUNDED_SURFACE ( )  B_SPLINE_SURFACE ( 3, 2, ( 
 ( #2938, #1668, #2438 ),
 ( #2710, #3247, #424 ),
 ( #180, #3228, #2221 ),
 ( #957, #2552, #510 ),
 ( #797, #2537, #44 ),
 ( #263, #1802, #1508 ) ),
 .UNSPECIFIED., .F., .F., .F. ) 
 B_SPLINE_SURFACE_WITH_KNOTS ( ( 4, 2, 4 ),
 ( 3, 3 ),
 ( -6.342713167788395685E-06, 0.0004327716039488316811, 0.0008718859210654517512 ),
 ( 0.000000000000000000, 1.000000000000000000 ),
 .UNSPECIFIED. ) 
 GEOMETRIC_REPRESENTATION_ITEM ( )  RATIONAL_B_SPLINE_SURFACE ( (
 ( 1.000000000000000000, 1.000000000000000000, 1.000000000000000000),
 ( 1.000000000000000000, 0.9999698063938298187, 1.000000000000000000),
 ( 1.000000000000000000, 0.9919159953736568225, 1.000000000000000000),
 ( 1.000000000000000000, 0.9598053264855180844, 1.000000000000000000),
 ( 1.000000000000000000, 0.9355921807097595799, 1.000000000000000000),
 ( 1.000000000000000000, 0.9031334534930816060, 1.000000000000000000) ) ) 
 REPRESENTATION_ITEM ( '' )  SURFACE ( )  );
#1728 = CARTESIAN_POINT ( 'NONE',  ( 5.078042083523737205, -15.22552234552581396, 3.614913067210566933 ) ) ;
#1729 = CARTESIAN_POINT ( 'NONE',  ( 20.03027870549959744, -16.00000000000000000, 3.000000000000000000 ) ) ;
#1730 = EDGE_LOOP ( 'NONE', ( #441, #46, #283, #1533 ) ) ;
#1731 = VERTEX_POINT ( 'NONE', #2930 ) ;
#1732 = CARTESIAN_POINT ( 'NONE',  ( 6.293775254960746857, -16.00000000000000000, 2.140905766920992992 ) ) ;
#1733 = FACE_BOUND ( 'NONE', #1078, .T. ) ;
#1734 = TOROIDAL_SURFACE ( 'NONE', #2584, 7.999999999999998224, 2.000000000000000000 ) ;
#1735 = EDGE_CURVE ( 'NONE', #2419, #269, #454, .T. ) ;
#1736 = CARTESIAN_POINT ( 'NONE',  ( 13.66377916626958111, -14.25966848304346968, 4.733889651497855233 ) ) ;
#1737 = DIRECTION ( 'NONE',  ( 0.000000000000000000, 0.000000000000000000, -1.000000000000000000 ) ) ;
#1738 = CARTESIAN_POINT ( 'NONE',  ( 9.560818045912569119, -12.69438915303029880, 5.733889651497853457 ) ) ;
#1739 = ORIENTED_EDGE ( 'NONE', *, *, #3140, .F. ) ;
#1740 = AXIS2_PLACEMENT_3D ( 'NONE', #3141, #857, #3082 ) ;
#1741 = EDGE_CURVE ( 'NONE', #799, #2784, #1402, .T. ) ;
#1742 = DIRECTION ( 'NONE',  ( 0.9629795398553701036, 0.2695744902989524183, 7.149650055535889501E-15 ) ) ;
#1743 = ADVANCED_FACE ( 'NONE', ( #1941 ), #3275, .T. ) ;
#1744 = CARTESIAN_POINT ( 'NONE',  ( 5.421148163599839087, -14.21245325863647757, 4.537618031017573550 ) ) ;
#1745 = ORIENTED_EDGE ( 'NONE', *, *, #2486, .F. ) ;
#1746 = DIRECTION ( 'NONE',  ( -1.000000000000000000, 0.000000000000000000, 1.734723475976806897E-15 ) ) ;
#1747 = CARTESIAN_POINT ( 'NONE',  ( 5.185459409565400968, -18.00000000000000355, 2.796105699675011547 ) ) ;
#1748 = ORIENTED_EDGE ( 'NONE', *, *, #2975, .T. ) ;
#1749 = ORIENTED_EDGE ( 'NONE', *, *, #2333, .F. ) ;
#1750 = PLANE ( 'NONE',  #513 ) ;
#1751 = CARTESIAN_POINT ( 'NONE',  ( 16.40504168204684987, -11.73928794228225847, 2.298102982390446414 ) ) ;
#1752 = CARTESIAN_POINT ( 'NONE',  ( 16.05146112979085871, -11.12747390535744607, 3.429721508960322129 ) ) ;
#1753 = CARTESIAN_POINT ( 'NONE',  ( 15.86918054452892513, -15.66073705667350779, 4.114590144455655185 ) ) ;
#1754 = CARTESIAN_POINT ( 'NONE',  ( 16.44603666368406891, -7.000000000000002665, 0.000000000000000000 ) ) ;
#1755 = CARTESIAN_POINT ( 'NONE',  ( 5.122659264328970785, -14.77147277924692759, 3.899580964730107624 ) ) ;
#1756 = ORIENTED_EDGE ( 'NONE', *, *, #1993, .F. ) ;
#1757 = CARTESIAN_POINT ( 'NONE',  ( 7.934476044924157812, -14.93145734999731999, 5.919748592108462049 ) ) ;
#1758 = CYLINDRICAL_SURFACE ( 'NONE', #656, 2.000000000000000000 ) ;
#1759 = ORIENTED_EDGE ( 'NONE', *, *, #2707, .T. ) ;
#1760 = ORIENTED_EDGE ( 'NONE', *, *, #1191, .T. ) ;
#1761 = CARTESIAN_POINT ( 'NONE',  ( 6.229589183479851577, -16.47614126945156343, 2.092106524205087137 ) ) ;
#1762 = DIRECTION ( 'NONE',  ( 6.938893903907221278E-15, 1.000000000000000000, -0.000000000000000000 ) ) ;
#1763 = PLANE ( 'NONE',  #226 ) ;
#1764 = CARTESIAN_POINT ( 'NONE',  ( 15.81186319525130202, -15.63816571375985554, 4.185051726304449993 ) ) ;
#1765 = AXIS2_PLACEMENT_3D ( 'NONE', #3203, #1930, #279 ) ;
#1766 = CARTESIAN_POINT ( 'NONE',  ( 15.94225273541605858, -10.88225387563377211, 4.242738910635121208 ) ) ;
#1767 = CARTESIAN_POINT ( 'NONE',  ( 6.302526661766123084, -15.71321969362782234, 2.204813479009036570 ) ) ;
#1768 = ORIENTED_EDGE ( 'NONE', *, *, #972, .F. ) ;
#1769 = VECTOR ( 'NONE', #422, 1000.000000000000000 ) ;
#1770 = DIRECTION ( 'NONE',  ( 1.734723475976807094E-15, 0.000000000000000000, 1.000000000000000000 ) ) ;
#1771 = EDGE_CURVE ( 'NONE', #1582, #2940, #1162, .T. ) ;
#1772 = DIRECTION ( 'NONE',  ( 0.000000000000000000, -0.000000000000000000, -1.000000000000000000 ) ) ;
#1773 = VERTEX_POINT ( 'NONE', #432 ) ;
#1774 = CIRCLE ( 'NONE', #2359, 0.9999999999999995559 ) ;
#1775 = VECTOR ( 'NONE', #2983, 1000.000000000000000 ) ;
#1776 = ORIENTED_EDGE ( 'NONE', *, *, #3268, .F. ) ;
#1777 = CARTESIAN_POINT ( 'NONE',  ( -29.22946106578824654, 7.999999999999923617, 1.000000000000000000 ) ) ;
#1778 = DIRECTION ( 'NONE',  ( -1.000000000000000000, 6.938893903907222067E-15, 0.000000000000000000 ) ) ;
#1779 = DIRECTION ( 'NONE',  ( 0.000000000000000000, -0.2848206212137764370, 0.9585808331754807066 ) ) ;
#1780 = EDGE_CURVE ( 'NONE', #626, #956, #3107, .T. ) ;
#1781 = CARTESIAN_POINT ( 'NONE',  ( 16.30434166142127950, -14.51256121939220733, 2.647546212743712601 ) ) ;
#1782 = DATE_AND_TIME ( #3058, #123 ) ;
#1783 = AXIS2_PLACEMENT_3D ( 'NONE', #2601, #2396, #1132 ) ;
#1784 = DIRECTION ( 'NONE',  ( 7.155734338404324531E-15, 9.091790341763075828E-15, 1.000000000000000000 ) ) ;
#1785 = EDGE_CURVE ( 'NONE', #692, #1431, #3200, .T. ) ;
#1786 = CARTESIAN_POINT ( 'NONE',  ( 7.301729652298747375, -16.04407528308520270, 4.243613476863973055 ) ) ;
#1787 = ORIENTED_EDGE ( 'NONE', *, *, #1030, .F. ) ;
#1788 = EDGE_CURVE ( 'NONE', #1158, #2643, #2964, .T. ) ;
#1789 = CARTESIAN_POINT ( 'NONE',  ( 6.925992348456536440, -14.52007691784085530, 5.624227433052081615 ) ) ;
#1790 = DIRECTION ( 'NONE',  ( -1.000000000000000000, 0.000000000000000000, 0.000000000000000000 ) ) ;
#1791 = VERTEX_POINT ( 'NONE', #2400 ) ;
#1792 = EDGE_CURVE ( 'NONE', #559, #1036, #556, .T. ) ;
#1793 = ORIENTED_EDGE ( 'NONE', *, *, #2746, .T. ) ;
#1794 = CARTESIAN_POINT ( 'NONE',  ( 4.606036663684062837, -6.875000000000007994, 3.000000000000000000 ) ) ;
#1795 = CARTESIAN_POINT ( 'NONE',  ( 16.19970465971723428, -11.59225957089530823, 2.974849653982640341 ) ) ;
#1796 = CARTESIAN_POINT ( 'NONE',  ( 16.20754720123254344, -12.23284294635389813, 2.950076294588757975 ) ) ;
#1797 = CARTESIAN_POINT ( 'NONE',  ( 7.322542905932921897, -11.45782951332203581, 4.055101225498570550 ) ) ;
#1798 = CIRCLE ( 'NONE', #3047, 0.7999999999999991562 ) ;
#1799 = CARTESIAN_POINT ( 'NONE',  ( 16.39696661667996125, -15.43411789770011389, 2.282807026548265839 ) ) ;
#1800 = CALENDAR_DATE ( 2026, 24, 4 ) ;
#1801 = ADVANCED_FACE ( 'NONE', ( #78 ), #851, .F. ) ;
#1802 = CARTESIAN_POINT ( 'NONE',  ( 17.57689559531594625, -17.83066597221409566, 2.079247306585635169 ) ) ;
#1803 = EDGE_LOOP ( 'NONE', ( #2674, #1312, #2170, #2394 ) ) ;
#1804 = EDGE_CURVE ( 'NONE', #692, #2166, #3010, .T. ) ;
#1805 = CARTESIAN_POINT ( 'NONE',  ( 4.755793962929416807, -17.64479138087486021, 2.297271618292143991 ) ) ;
#1806 = CARTESIAN_POINT ( 'NONE',  ( 17.58857150622335297, -16.40906309718626588, 3.183528977708979468 ) ) ;
#1807 = ORIENTED_EDGE ( 'NONE', *, *, #1280, .T. ) ;
#1808 = CARTESIAN_POINT ( 'NONE',  ( -19.22946106578817549, 17.99999999999999645, 1.000000000000000000 ) ) ;
#1809 = CARTESIAN_POINT ( 'NONE',  ( -6.129967210265984789, 5.674820170431093658, 2.000000000000000000 ) ) ;
#1810 = CARTESIAN_POINT ( 'NONE',  ( 16.19951166497854445, -12.44919269891874869, 2.973644205132142115 ) ) ;
#1811 = LINE ( 'NONE', #195, #865 ) ;
#1812 = CARTESIAN_POINT ( 'NONE',  ( 17.47926652881336196, -14.41477313438981867, 4.218404223224369254 ) ) ;
#1813 = CARTESIAN_POINT ( 'NONE',  ( 0.000000000000000000, 0.000000000000000000, 0.000000000000000000 ) ) ;
#1814 = CARTESIAN_POINT ( 'NONE',  ( -12.47128208403741745, -3.479834018071063628, 2.000000000000000000 ) ) ;
#1815 = AXIS2_PLACEMENT_3D ( 'NONE', #1054, #2065, #3092 ) ;
#1816 = DIRECTION ( 'NONE',  ( -7.264154555652873397E-15, -4.071399971386839419E-15, -1.000000000000000000 ) ) ;
#1817 = ORIENTED_EDGE ( 'NONE', *, *, #690, .F. ) ;
#1818 = CARTESIAN_POINT ( 'NONE',  ( 6.185236972061657568, -17.03729868286131932, 3.171200599768193573 ) ) ;
#1819 = DIRECTION ( 'NONE',  ( -1.000000000000000000, 8.552034456339484373E-17, 0.000000000000000000 ) ) ;
#1820 = ORIENTED_EDGE ( 'NONE', *, *, #284, .T. ) ;
#1821 = ADVANCED_FACE ( 'NONE', ( #146 ), #3170, .T. ) ;
#1822 = VECTOR ( 'NONE', #2097, 1000.000000000000000 ) ;
#1823 = CARTESIAN_POINT ( 'NONE',  ( 6.512561662390993433, -12.44919269894161751, 2.973644205135912877 ) ) ;
#1824 = CIRCLE ( 'NONE', #390, 6.089999999999999858 ) ;
#1825 = TOROIDAL_SURFACE ( 'NONE', #867, 7.752959108564848378, 1.000000000000000000 ) ;
#1826 = CARTESIAN_POINT ( 'NONE',  ( 16.44603666368406891, -7.000000000000002665, 0.000000000000000000 ) ) ;
#1827 = CARTESIAN_POINT ( 'NONE',  ( 15.82226766006810159, -11.23187747558694305, 3.635751247924313478 ) ) ;
#1828 = AXIS2_PLACEMENT_3D ( 'NONE', #2698, #659, #1654 ) ;
#1829 = FACE_OUTER_BOUND ( 'NONE', #152, .T. ) ;
#1830 = FACE_OUTER_BOUND ( 'NONE', #1385, .T. ) ;
#1831 = CYLINDRICAL_SURFACE ( 'NONE', #683, 6.089999999999999858 ) ;
#1832 = LINE ( 'NONE', #2416, #2751 ) ;
#1833 = AXIS2_PLACEMENT_3D ( 'NONE', #2245, #1283, #2277 ) ;
#1834 = CARTESIAN_POINT ( 'NONE',  ( 15.53924321911736683, -14.62487050566056190, 5.711326636178376326 ) ) ;
#1835 = ORIENTED_EDGE ( 'NONE', *, *, #407, .T. ) ;
#1836 = APPROVAL ( #1063, 'UNSPECIFIED' ) ;
#1837 = CARTESIAN_POINT ( 'NONE',  ( 5.110156948978993086, -16.47614126945398638, 3.164718252669397547 ) ) ;
#1838 = LINE ( 'NONE', #852, #1192 ) ;
#1839 = VERTEX_POINT ( 'NONE', #1137 ) ;
#1840 = AXIS2_PLACEMENT_3D ( 'NONE', #97, #65, #2593 ) ;
#1841 = DIRECTION ( 'NONE',  ( 0.000000000000000000, 0.000000000000000000, 1.000000000000000000 ) ) ;
#1842 = CARTESIAN_POINT ( 'NONE',  ( -10.27548389606760537, 2.266725329581253501, 3.000000000000000000 ) ) ;
#1843 = CARTESIAN_POINT ( 'NONE',  ( 18.97170494370823945, -18.00000000000000355, 1.033380026208274849 ) ) ;
#1844 = CARTESIAN_POINT ( 'NONE',  ( 14.79610645891276377, -12.80478006905943467, 4.415448360252208992 ) ) ;
#1845 = B_SPLINE_CURVE_WITH_KNOTS ( 'NONE', 3,
 ( #691, #1387, #3229, #426 ),
 .UNSPECIFIED., .F., .F.,
 ( 4, 4 ),
 ( 0.0006492589986026926123, 0.0009111539932576067464 ),
 .UNSPECIFIED. ) ;
#1846 = CARTESIAN_POINT ( 'NONE',  ( 17.44603666368406536, -6.875000000000007105, 6.224609478709719923 ) ) ;
#1847 = ADVANCED_FACE ( 'NONE', ( #1156 ), #1380, .T. ) ;
#1848 = B_SPLINE_CURVE_WITH_KNOTS ( 'NONE', 3,
 ( #1552, #2565, #42, #2314, #294, #986, #2060, #2501, #1303, #3086 ),
 .UNSPECIFIED., .F., .F.,
 ( 4, 2, 2, 2, 4 ),
 ( 7.401421891356869481E-16, 0.0004754149924851499578, 0.0007131224887273523777, 0.0008319762368484544821, 0.0009508299849695564781 ),
 .UNSPECIFIED. ) ;
#1849 = CARTESIAN_POINT ( 'NONE',  ( 6.307031645321629298, -11.73928794228321593, 2.298102982392733473 ) ) ;
#1850 = EDGE_CURVE ( 'NONE', #3006, #3262, #2239, .T. ) ;
#1851 = DIRECTION ( 'NONE',  ( 0.000000000000000000, 1.000000000000000000, 0.000000000000000000 ) ) ;
#1852 = VERTEX_POINT ( 'NONE', #406 ) ;
#1853 = CARTESIAN_POINT ( 'NONE',  ( 3.740368383659889773, -18.00000000000000355, 1.033380026208274183 ) ) ;
#1854 = CARTESIAN_POINT ( 'NONE',  ( -27.22946106578824654, 7.999999999999923617, 1.000000000000000000 ) ) ;
#1855 = ORIENTED_EDGE ( 'NONE', *, *, #1488, .T. ) ;
#1856 = CARTESIAN_POINT ( 'NONE',  ( 6.258348339246954772, -11.85213807268785580, 2.863475858116597994 ) ) ;
#1857 = CARTESIAN_POINT ( 'NONE',  ( 16.10103350322146909, -11.15299817648404535, 3.345083778249601014 ) ) ;
#1858 = FACE_OUTER_BOUND ( 'NONE', #2390, .T. ) ;
#1859 = CARTESIAN_POINT ( 'NONE',  ( 11.35603666368406195, -6.875000000000007994, 6.224609478709719923 ) ) ;
#1860 = SHAPE_DEFINITION_REPRESENTATION ( #1985, #1524 ) ;
#1861 = ADVANCED_FACE ( 'NONE', ( #2235 ), #1825, .T. ) ;
#1862 = DIRECTION ( 'NONE',  ( 0.000000000000000000, 0.000000000000000000, 1.000000000000000000 ) ) ;
#1863 = CARTESIAN_POINT ( 'NONE',  ( 17.87712073988694428, -16.82239569043743188, 1.733889651497829920 ) ) ;
#1864 = VERTEX_POINT ( 'NONE', #2726 ) ;
#1865 = EDGE_CURVE ( 'NONE', #2784, #674, #2181, .T. ) ;
#1866 = LINE ( 'NONE', #63, #392 ) ;
#1867 = EDGE_LOOP ( 'NONE', ( #1604, #2098 ) ) ;
#1868 = AXIS2_PLACEMENT_3D ( 'NONE', #1813, #2789, #2823 ) ;
#1869 = CARTESIAN_POINT ( 'NONE',  ( -9.598187625335965478, 12.88322821025619547, 2.000000000000000000 ) ) ;
#1870 = DIRECTION ( 'NONE',  ( -1.000000000000000000, 0.000000000000000000, 0.000000000000000000 ) ) ;
#1871 = CARTESIAN_POINT ( 'NONE',  ( 11.35603666368406195, -6.875000000000007994, 1.607831578947366280 ) ) ;
#1872 = AXIS2_PLACEMENT_3D ( 'NONE', #1403, #2974, #144 ) ;
#1873 = CARTESIAN_POINT ( 'NONE',  ( -19.22946106578825010, -8.000000000000003553, 1.000000000000000000 ) ) ;
#1874 = TOROIDAL_SURFACE ( 'NONE', #2572, 7.999999999999998224, 2.000000000000000000 ) ;
#1875 = CARTESIAN_POINT ( 'NONE',  ( 6.917488290967843234, -11.04930593058599797, 3.432884387200861198 ) ) ;
#1876 = CIRCLE ( 'NONE', #1247, 1.000000000000000888 ) ;
#1877 = CARTESIAN_POINT ( 'NONE',  ( 6.692591933158548834, -12.31358363730575078, 3.275765852407159340 ) ) ;
#1878 = DIRECTION ( 'NONE',  ( 1.000000000000000000, -0.000000000000000000, 0.000000000000000000 ) ) ;
#1879 = VERTEX_POINT ( 'NONE', #215 ) ;
#1880 = CARTESIAN_POINT ( 'NONE',  ( 15.75911086625872137, -11.08226010208801071, 4.338164837841370414 ) ) ;
#1881 = CARTESIAN_POINT ( 'NONE',  ( 7.737224000045786809, -15.38235022138675845, 4.368886846659302492 ) ) ;
#1882 = EDGE_LOOP ( 'NONE', ( #2354, #3214, #2709, #722 ) ) ;
#1883 = AXIS2_PLACEMENT_3D ( 'NONE', #1754, #495, #1587 ) ;
#1884 = ADVANCED_FACE ( 'NONE', ( #2747 ), #1874, .T. ) ;
#1885 = CARTESIAN_POINT ( 'NONE',  ( 16.48110108122076056, -11.26774569217241329, 3.000000000000000000 ) ) ;
#1886 = DIRECTION ( 'NONE',  ( -0.9555647213514437688, 0.2947813822284878760, 6.630562219774342199E-15 ) ) ;
#1887 = CARTESIAN_POINT ( 'NONE',  ( -12.47128208403741745, 0.000000000000000000, 2.000000000000000000 ) ) ;
#1888 = ORIENTED_EDGE ( 'NONE', *, *, #1382, .T. ) ;
#1889 = CARTESIAN_POINT ( 'NONE',  ( 16.94425171105081773, -17.34696045681681298, 1.907523245294777903 ) ) ;
#1890 = AXIS2_PLACEMENT_3D ( 'NONE', #2289, #727, #2813 ) ;
#1891 = ORIENTED_EDGE ( 'NONE', *, *, #1101, .T. ) ;
#1892 = CARTESIAN_POINT ( 'NONE',  ( 6.545932670285454336, -12.13736291361808384, 3.000000000003263168 ) ) ;
#1893 = CARTESIAN_POINT ( 'NONE',  ( 19.40602295347129669, -6.875000000000007994, 7.777215747179623939 ) ) ;
#1894 = AXIS2_PLACEMENT_3D ( 'NONE', #2610, #2344, #66 ) ;
#1895 = LINE ( 'NONE', #1559, #2620 ) ;
#1896 = CARTESIAN_POINT ( 'NONE',  ( 5.266036663684062979, -6.875000000000007994, 6.224609478709719923 ) ) ;
#1897 = ORIENTED_EDGE ( 'NONE', *, *, #86, .T. ) ;
#1898 = CARTESIAN_POINT ( 'NONE',  ( 14.32531092275594453, -13.17237257986855958, 4.604838016913208598 ) ) ;
#1899 = VECTOR ( 'NONE', #1660, 1000.000000000000000 ) ;
#1900 = CARTESIAN_POINT ( 'NONE',  ( 8.361822151972987172, -15.07841614509426797, 5.962170607388584287 ) ) ;
#1901 = ORIENTED_EDGE ( 'NONE', *, *, #2913, .T. ) ;
#1902 = FACE_OUTER_BOUND ( 'NONE', #1217, .T. ) ;
#1903 = CARTESIAN_POINT ( 'NONE',  ( 11.35603666368406195, -6.875000000000007994, 3.000000000000000000 ) ) ;
#1904 = LINE ( 'NONE', #1213, #601 ) ;
#1905 = VERTEX_POINT ( 'NONE', #671 ) ;
#1906 = CARTESIAN_POINT ( 'NONE',  ( 4.681625855712380435, -17.76824192313003437, 2.106643863738997702 ) ) ;
#1907 = ORIENTED_EDGE ( 'NONE', *, *, #1085, .T. ) ;
#1908 = CARTESIAN_POINT ( 'NONE',  ( 7.165415127507872128, -13.46296258700733084, 3.879296675096295832 ) ) ;
#1909 = DIRECTION ( 'NONE',  ( 1.000000000000000000, 0.000000000000000000, 0.000000000000000000 ) ) ;
#1910 = CARTESIAN_POINT ( 'NONE',  ( 14.81161586650086903, -14.91202779432784808, 5.890424902513347050 ) ) ;
#1911 = CARTESIAN_POINT ( 'NONE',  ( 5.094094874999220757, -16.61528224719953428, 3.127575774144308429 ) ) ;
#1912 = CARTESIAN_POINT ( 'NONE',  ( 6.955106919998687687, -11.10617329982717649, 4.070161918415471369 ) ) ;
#1913 = EDGE_LOOP ( 'NONE', ( #467, #2490, #3180, #1561, #1600 ) ) ;
#1914 = CARTESIAN_POINT ( 'NONE',  ( 2.681794621868526463, -18.00000000000000355, 1.000000000000000000 ) ) ;
#1915 = CARTESIAN_POINT ( 'NONE',  ( 17.80424441999923602, -17.34832282369421463, 2.682002463018793303 ) ) ;
#1916 = ORIENTED_EDGE ( 'NONE', *, *, #543, .T. ) ;
#1917 = EDGE_CURVE ( 'NONE', #414, #1515, #2682, .T. ) ;
#1918 = DIRECTION ( 'NONE',  ( 0.000000000000000000, -0.000000000000000000, -1.000000000000000000 ) ) ;
#1919 = DIRECTION ( 'NONE',  ( 1.000000000000000000, 0.000000000000000000, 0.000000000000000000 ) ) ;
#1920 = DIRECTION ( 'NONE',  ( 1.000000000000000000, 0.000000000000000000, 0.000000000000000000 ) ) ;
#1921 = AXIS2_PLACEMENT_3D ( 'NONE', #2217, #1493, #228 ) ;
#1922 = VERTEX_POINT ( 'NONE', #443 ) ;
#1923 = CARTESIAN_POINT ( 'NONE',  ( 11.35603666368406195, -6.875000000000007994, 4.242738910632480653 ) ) ;
#1924 = ORIENTED_EDGE ( 'NONE', *, *, #3222, .F. ) ;
#1925 = CARTESIAN_POINT ( 'NONE',  ( -12.47128208403741745, 0.000000000000000000, 2.000000000000000000 ) ) ;
#1926 = CARTESIAN_POINT ( 'NONE',  ( 6.051843115296954956, -11.04968930595424048, 1.953791889912980917 ) ) ;
#1927 = AXIS2_PLACEMENT_3D ( 'NONE', #3126, #2873, #95 ) ;
#1928 = EDGE_CURVE ( 'NONE', #2371, #1434, #3011, .T. ) ;
#1929 = CARTESIAN_POINT ( 'NONE',  ( 15.41294240051302822, -13.48751072787339211, 4.001915296749193551 ) ) ;
#1930 = DIRECTION ( 'NONE',  ( -0.000000000000000000, 0.000000000000000000, 1.000000000000000000 ) ) ;
#1931 = DIRECTION ( 'NONE',  ( 0.000000000000000000, -0.000000000000000000, 1.000000000000000000 ) ) ;
#1932 = ORIENTED_EDGE ( 'NONE', *, *, #2387, .F. ) ;
#1933 = CIRCLE ( 'NONE', #1828, 1.000000000000000888 ) ;
#1934 = LINE ( 'NONE', #230, #1664 ) ;
#1935 = FACE_OUTER_BOUND ( 'NONE', #2219, .T. ) ;
#1936 = ORIENTED_EDGE ( 'NONE', *, *, #841, .F. ) ;
#1937 = CIRCLE ( 'NONE', #2428, 6.089999999999999858 ) ;
#1938 = CARTESIAN_POINT ( 'NONE',  ( 5.403868511278332676, -17.64479138087484955, 1.733889651497845463 ) ) ;
#1939 = DIRECTION ( 'NONE',  ( -1.000000000000000000, 0.000000000000000000, 0.000000000000000000 ) ) ;
#1940 = ORIENTED_EDGE ( 'NONE', *, *, #2308, .T. ) ;
#1941 = FACE_OUTER_BOUND ( 'NONE', #196, .T. ) ;
#1942 = EDGE_LOOP ( 'NONE', ( #850, #2527, #484, #369 ) ) ;
#1943 = PLANE ( 'NONE',  #3282 ) ;
#1944 = CARTESIAN_POINT ( 'NONE',  ( 17.72005580576173145, -17.08247124717592769, 2.886239735309777288 ) ) ;
#1945 = CIRCLE ( 'NONE', #250, 6.750000000000000000 ) ;
#1946 = DIRECTION ( 'NONE',  ( 1.000000000000000000, 0.000000000000000000, 0.000000000000000000 ) ) ;
#1947 = DIRECTION ( 'NONE',  ( 1.000000000000000000, 0.000000000000000000, 0.000000000000000000 ) ) ;
#1948 = CARTESIAN_POINT ( 'NONE',  ( 6.982192970781938790, -11.14801570702834077, 4.043047748209141368 ) ) ;
#1949 = EDGE_LOOP ( 'NONE', ( #345, #787, #1186, #1888, #2826, #1807, #302, #221, #489, #913, #1983, #2041 ) ) ;
#1950 = DIRECTION ( 'NONE',  ( -1.000000000000000000, 0.000000000000000000, 0.000000000000000000 ) ) ;
#1951 = CARTESIAN_POINT ( 'NONE',  ( 6.821464206287057408, -11.52813864857238357, 3.472873694131959343 ) ) ;
#1952 = ORIENTED_EDGE ( 'NONE', *, *, #1094, .T. ) ;
#1953 =( BOUNDED_SURFACE ( )  B_SPLINE_SURFACE ( 3, 2, ( 
 ( #2045, #1538, #1738 ),
 ( #2297, #2332, #24 ),
 ( #2312, #1286, #1061 ),
 ( #2074, #1223, #1982 ),
 ( #2564, #307, #2821 ),
 ( #2218, #3261, #1551 ),
 ( #3098, #1028, #2724 ),
 ( #3073, #807, #970 ),
 ( #2489, #2580, #777 ),
 ( #292, #1797, #3243 ),
 ( #2743, #537, #1967 ),
 ( #1206, #2058, #41 ) ),
 .UNSPECIFIED., .F., .F., .F. ) 
 B_SPLINE_SURFACE_WITH_KNOTS ( ( 4, 2, 2, 2, 2, 4 ),
 ( 3, 3 ),
 ( 0.000000000000000000, 0.001094790431454955313, 0.001642185647182433077, 0.002189580862909910625, 0.003284371294364866155, 0.004379161725819821251 ),
 ( 0.000000000000000000, 1.000000000000000000 ),
 .UNSPECIFIED. ) 
 GEOMETRIC_REPRESENTATION_ITEM ( )  RATIONAL_B_SPLINE_SURFACE ( (
 ( 1.000000000000000000, 0.7071067811865467956, 1.000000000000000000),
 ( 1.000000000000000000, 0.7163571866149103240, 1.000000000000000000),
 ( 1.000000000000000000, 0.7295978259371824759, 1.000000000000000000),
 ( 1.000000000000000000, 0.7530193623031258277, 1.000000000000000000),
 ( 1.000000000000000000, 0.7614795927166033707, 1.000000000000000000),
 ( 1.000000000000000000, 0.7788659788219023383, 1.000000000000000000),
 ( 1.000000000000000000, 0.7878039918424540877, 1.000000000000000000),
 ( 1.000000000000000000, 0.8148784793350528632, 1.000000000000000000),
 ( 1.000000000000000000, 0.8334061554902243429, 1.000000000000000000),
 ( 1.000000000000000000, 0.8682599232906818010, 1.000000000000000000),
 ( 1.000000000000000000, 0.8846959080297180922, 1.000000000000000000),
 ( 1.000000000000000000, 0.8996293830849364515, 1.000000000000000000) ) ) 
 REPRESENTATION_ITEM ( '' )  SURFACE ( )  );
#1954 = CARTESIAN_POINT ( 'NONE',  ( 11.35603666368406195, -6.875000000000007994, 4.242738910632480653 ) ) ;
#1955 = CARTESIAN_POINT ( 'NONE',  ( 16.02411476182895456, -12.30730476680328600, 3.268006113786705136 ) ) ;
#1956 = CARTESIAN_POINT ( 'NONE',  ( -25.47946106578824299, -1.734723475976807094E-15, 3.000000000000000000 ) ) ;
#1957 = ORIENTED_EDGE ( 'NONE', *, *, #2458, .T. ) ;
#1958 = CARTESIAN_POINT ( 'NONE',  ( 4.658690646166027349, -17.97110826950862972, 1.309376867158701607 ) ) ;
#1959 = ADVANCED_FACE ( 'NONE', ( #689 ), #1225, .F. ) ;
#1960 = ORIENTED_EDGE ( 'NONE', *, *, #2392, .T. ) ;
#1961 = CARTESIAN_POINT ( 'NONE',  ( 6.293775254960746857, -16.00000000000000000, 2.140905766920992548 ) ) ;
#1962 = LINE ( 'NONE', #645, #1050 ) ;
#1963 = CARTESIAN_POINT ( 'NONE',  ( 14.35025117539537121, -15.07841614509418449, 5.962170607388555865 ) ) ;
#1964 = LINE ( 'NONE', #3242, #706 ) ;
#1965 = EDGE_CURVE ( 'NONE', #1036, #167, #2971, .T. ) ;
#1966 = EDGE_CURVE ( 'NONE', #2954, #213, #701, .T. ) ;
#1967 = CARTESIAN_POINT ( 'NONE',  ( 6.901807679645844296, -11.03452255495531098, 4.285597878314817422 ) ) ;
#1968 = ORIENTED_EDGE ( 'NONE', *, *, #309, .F. ) ;
#1969 = CARTESIAN_POINT ( 'NONE',  ( 13.15125528145555478, -12.69438915303029880, 5.733889651497853457 ) ) ;
#1970 = AXIS2_PLACEMENT_3D ( 'NONE', #2579, #2026, #1779 ) ;
#1971 = EDGE_LOOP ( 'NONE', ( #3197, #327, #879, #1686 ) ) ;
#1972 = CARTESIAN_POINT ( 'NONE',  ( 5.268036081778183721, -14.35315751459480360, 4.291817280878597707 ) ) ;
#1973 = CARTESIAN_POINT ( 'NONE',  ( 15.97576893108409379, -11.56222147970439451, 3.346881917515456273 ) ) ;
#1974 = ORIENTED_EDGE ( 'NONE', *, *, #219, .T. ) ;
#1975 = DIRECTION ( 'NONE',  ( 0.9629795398553694374, -0.2695744902989543057, -8.352516073362264220E-15 ) ) ;
#1976 = ORIENTED_EDGE ( 'NONE', *, *, #1183, .T. ) ;
#1977 = CARTESIAN_POINT ( 'NONE',  ( 17.91945327465692372, -17.58349547893030618, 2.391922479268119517 ) ) ;
#1978 = CC_DESIGN_APPROVAL ( #1499, ( #2349 ) ) ;
#1979 = EDGE_CURVE ( 'NONE', #2920, #236, #1934, .T. ) ;
#1980 = DIRECTION ( 'NONE',  ( -0.000000000000000000, -0.000000000000000000, 1.000000000000000000 ) ) ;
#1981 = CYLINDRICAL_SURFACE ( 'NONE', #1921, 2.000000000000001776 ) ;
#1982 = CARTESIAN_POINT ( 'NONE',  ( 8.553807187831109715, -12.28416770237874367, 5.561820805939082568 ) ) ;
#1983 = ORIENTED_EDGE ( 'NONE', *, *, #346, .T. ) ;
#1984 = AXIS2_PLACEMENT_3D ( 'NONE', #1110, #2377, #2119 ) ;
#1985 = PRODUCT_DEFINITION_SHAPE ( 'NONE', 'NONE',  #2327 ) ;
#1986 = DIRECTION ( 'NONE',  ( -0.2695744902989524183, 0.9629795398553699926, 0.000000000000000000 ) ) ;
#1987 = AXIS2_PLACEMENT_3D ( 'NONE', #642, #1657, #1177 ) ;
#1988 = CARTESIAN_POINT ( 'NONE',  ( 5.079990441261299949, -15.42888825949169807, 3.523317807344023667 ) ) ;
#1989 = EDGE_LOOP ( 'NONE', ( #1126, #1760, #2076, #2503, #2422 ) ) ;
#1990 = FACE_OUTER_BOUND ( 'NONE', #2291, .T. ) ;
#1991 = DIRECTION ( 'NONE',  ( -0.000000000000000000, -0.000000000000000000, -1.000000000000000000 ) ) ;
#1992 = ORIENTED_EDGE ( 'NONE', *, *, #363, .F. ) ;
#1993 = EDGE_CURVE ( 'NONE', #3244, #1158, #1239, .T. ) ;
#1994 = ORIENTED_EDGE ( 'NONE', *, *, #1305, .T. ) ;
#1995 = CARTESIAN_POINT ( 'NONE',  ( 6.269901492349734262, -16.31981094736326554, 2.106746820256149455 ) ) ;
#1996 = LINE ( 'NONE', #2512, #437 ) ;
#1997 = CARTESIAN_POINT ( 'NONE',  ( 15.98151138342918109, -11.57141430236477930, 3.337648327099784762 ) ) ;
#1998 = CARTESIAN_POINT ( 'NONE',  ( 17.38252209097349166, -14.28571761083130731, 4.397476533593063230 ) ) ;
#1999 = CARTESIAN_POINT ( 'NONE',  ( 6.276868677927607720, -11.68665336777783459, 2.025531500274166508 ) ) ;
#2000 = CIRCLE ( 'NONE', #1682, 1.249999999999997558 ) ;
#2001 = ADVANCED_FACE ( 'NONE', ( #3279 ), #1727, .T. ) ;
#2002 = DIRECTION ( 'NONE',  ( -0.6507771395811402515, -0.7592688025979924538, 1.135976001617015221E-16 ) ) ;
#2003 = CARTESIAN_POINT ( 'NONE',  ( 6.346112382872416191, -15.02948746484279319, 2.424082858039889210 ) ) ;
#2004 = ORIENTED_EDGE ( 'NONE', *, *, #43, .F. ) ;
#2005 = CARTESIAN_POINT ( 'NONE',  ( 15.83195669155561269, -11.00504705155094243, 4.291406652378833009 ) ) ;
#2006 = DIRECTION ( 'NONE',  ( 1.000000000000000000, 3.469446951953614189E-15, 0.000000000000000000 ) ) ;
#2007 = EDGE_LOOP ( 'NONE', ( #934, #1976, #705, #2208, #2925 ) ) ;
#2008 = ORIENTED_EDGE ( 'NONE', *, *, #848, .T. ) ;
#2009 = CARTESIAN_POINT ( 'NONE',  ( 5.110156948979035718, -16.47614126945322255, 3.164718252669591614 ) ) ;
#2010 = CARTESIAN_POINT ( 'NONE',  ( 16.66023020502073138, -11.04968931491224282, 2.116325659611079324 ) ) ;
#2011 = FACE_OUTER_BOUND ( 'NONE', #2306, .T. ) ;
#2012 = CARTESIAN_POINT ( 'NONE',  ( 15.62811542107286122, -15.66043957155513056, 4.357166473368381254 ) ) ;
#2013 = CARTESIAN_POINT ( 'NONE',  ( 27.77053893421177122, -1.734723475976807094E-15, 0.000000000000000000 ) ) ;
#2014 = EDGE_CURVE ( 'NONE', #2180, #3006, #855, .T. ) ;
#2015 = PLANE ( 'NONE',  #303 ) ;
#2016 = CARTESIAN_POINT ( 'NONE',  ( 5.232806798555054151, -14.41477313438998564, 4.218404223224427874 ) ) ;
#2017 = ORIENTED_EDGE ( 'NONE', *, *, #1130, .T. ) ;
#2018 = CYLINDRICAL_SURFACE ( 'NONE', #882, 2.000000000000000000 ) ;
#2019 = EDGE_CURVE ( 'NONE', #456, #2242, #2493, .T. ) ;
#2020 = CARTESIAN_POINT ( 'NONE',  ( 6.742259192221605524, -11.10210801976970885, 3.575307318717982685 ) ) ;
#2021 = ORIENTED_EDGE ( 'NONE', *, *, #639, .F. ) ;
#2022 = EDGE_CURVE ( 'NONE', #3178, #2988, #2774, .T. ) ;
#2023 = ORIENTED_EDGE ( 'NONE', *, *, #749, .F. ) ;
#2024 = FACE_OUTER_BOUND ( 'NONE', #886, .T. ) ;
#2025 = CARTESIAN_POINT ( 'NONE',  ( 16.39197361875059045, -11.38544735084629345, 2.383392200593049015 ) ) ;
#2026 = DIRECTION ( 'NONE',  ( 0.03897318992400113785, 0.9578525577415043513, 0.2846042306347643103 ) ) ;
#2027 = VECTOR ( 'NONE', #2578, 1000.000000000000000 ) ;
#2028 = EDGE_CURVE ( 'NONE', #1339, #3005, #15, .T. ) ;
#2029 = CARTESIAN_POINT ( 'NONE',  ( 15.41874429383935841, -15.94058453383863494, 4.348459566775582097 ) ) ;
#2030 = PERSON_AND_ORGANIZATION ( #455, #1605 ) ;
#2031 = AXIS2_PLACEMENT_3D ( 'NONE', #1645, #2323, #2082 ) ;
#2032 = ADVANCED_FACE ( 'NONE', ( #3061 ), #1079, .T. ) ;
#2033 = FACE_OUTER_BOUND ( 'NONE', #2259, .T. ) ;
#2034 = CARTESIAN_POINT ( 'NONE',  ( 7.078977642105260593, -15.92548433955124132, 3.785445396399721218 ) ) ;
#2035 = ORIENTED_EDGE ( 'NONE', *, *, #2364, .T. ) ;
#2036 = CARTESIAN_POINT ( 'NONE',  ( 15.50637040671189126, -11.34659613140215484, 3.322893156267886727 ) ) ;
#2037 = FACE_OUTER_BOUND ( 'NONE', #964, .T. ) ;
#2038 = ORIENTED_EDGE ( 'NONE', *, *, #1527, .F. ) ;
#2039 = AXIS2_PLACEMENT_3D ( 'NONE', #695, #1195, #1709 ) ;
#2040 = EDGE_CURVE ( 'NONE', #2725, #845, #1419, .T. ) ;
#2041 = ORIENTED_EDGE ( 'NONE', *, *, #1064, .T. ) ;
#2042 = CARTESIAN_POINT ( 'NONE',  ( 6.833263102844543191, -11.29724062709806631, 3.489459963381806418 ) ) ;
#2043 = CARTESIAN_POINT ( 'NONE',  ( 16.31661712601375669, -11.45778275393714729, 3.498942672503050577 ) ) ;
#2044 = CARTESIAN_POINT ( 'NONE',  ( 16.19428033214125406, -11.87236835427660608, 2.969769904405108463 ) ) ;
#2045 = CARTESIAN_POINT ( 'NONE',  ( 9.266036663684074526, -13.64995387438174212, 4.733889651497853457 ) ) ;
#2046 = CARTESIAN_POINT ( 'NONE',  ( 15.98601274592002142, -13.62893521470342328, 3.331117722023771766 ) ) ;
#2047 = APPLICATION_PROTOCOL_DEFINITION ( 'international standard', 'config_control_design', 1994, #3233 ) ;
#2048 = AXIS2_PLACEMENT_3D ( 'NONE', #2379, #1077, #1584 ) ;
#2049 = CARTESIAN_POINT ( 'NONE',  ( 15.97998367150584009, -10.83823278004914670, 4.242738910635121208 ) ) ;
#2050 = LINE ( 'NONE', #849, #2409 ) ;
#2051 = ORIENTED_EDGE ( 'NONE', *, *, #90, .T. ) ;
#2052 = DIRECTION ( 'NONE',  ( 1.000000000000000000, 0.000000000000000000, 0.000000000000000000 ) ) ;
#2053 = CARTESIAN_POINT ( 'NONE',  ( 2.681794621868526907, -18.00000000000000000, 3.000000000000000000 ) ) ;
#2054 = ORIENTED_EDGE ( 'NONE', *, *, #1680, .F. ) ;
#2055 = CARTESIAN_POINT ( 'NONE',  ( 6.676337592731017345, -12.23464881825219841, 3.248504011924179480 ) ) ;
#2056 = FACE_OUTER_BOUND ( 'NONE', #2412, .T. ) ;
#2057 = CARTESIAN_POINT ( 'NONE',  ( 16.05533168104622632, -11.89751290743203604, 3.214376080246185374 ) ) ;
#2058 = CARTESIAN_POINT ( 'NONE',  ( 6.966533569837903173, -11.10934523444369049, 3.679270856691765346 ) ) ;
#2059 = VECTOR ( 'NONE', #1714, 1000.000000000000000 ) ;
#2060 = CARTESIAN_POINT ( 'NONE',  ( 6.735936952125300081, -11.56263267796358818, 3.346310948140163610 ) ) ;
#2061 = CARTESIAN_POINT ( 'NONE',  ( 17.44603666368407247, -11.66816179572523637, 1.733889651497825257 ) ) ;
#2062 = EDGE_CURVE ( 'NONE', #2180, #2931, #2303, .T. ) ;
#2063 = CARTESIAN_POINT ( 'NONE',  ( 15.96981413514627768, -11.10210801976966977, 3.575307318718413896 ) ) ;
#2064 = VERTEX_POINT ( 'NONE', #540 ) ;
#2065 = DIRECTION ( 'NONE',  ( 0.000000000000000000, 0.000000000000000000, -1.000000000000000000 ) ) ;
#2066 = B_SPLINE_CURVE_WITH_KNOTS ( 'NONE', 3,
 ( #2549, #1048, #1540, #539, #1304, #1506 ),
 .UNSPECIFIED., .F., .F.,
 ( 4, 2, 4 ),
 ( -8.143184932558414300E-06, 0.0004556354827837530495, 0.0009194141505000645760 ),
 .UNSPECIFIED. ) ;
#2067 = DIRECTION ( 'NONE',  ( 0.000000000000000000, 1.000000000000000000, -0.000000000000000000 ) ) ;
#2068 = ORIENTED_EDGE ( 'NONE', *, *, #1917, .F. ) ;
#2069 = ADVANCED_FACE ( 'NONE', ( #2033 ), #2015, .F. ) ;
#2070 = CARTESIAN_POINT ( 'NONE',  ( -6.129967210265983013, 2.266725329581253501, 2.000000000000000000 ) ) ;
#2071 = CARTESIAN_POINT ( 'NONE',  ( -11.22023827261601703, -2.550550024661256021, 2.000000000000000000 ) ) ;
#2072 = CARTESIAN_POINT ( 'NONE',  ( 15.87881022452249802, -11.29724062710184995, 3.489459963373831908 ) ) ;
#2073 = ORIENTED_EDGE ( 'NONE', *, *, #242, .T. ) ;
#2074 = CARTESIAN_POINT ( 'NONE',  ( 8.386762404612312594, -13.17237257986858623, 4.604838016913255672 ) ) ;
#2075 = DIRECTION ( 'NONE',  ( 0.000000000000000000, -0.000000000000000000, 1.000000000000000000 ) ) ;
#2076 = ORIENTED_EDGE ( 'NONE', *, *, #1785, .T. ) ;
#2077 = DIRECTION ( 'NONE',  ( 1.000000000000000000, 0.000000000000000000, 0.000000000000000000 ) ) ;
#2078 = CC_DESIGN_DATE_AND_TIME_ASSIGNMENT ( #1255, #2266, ( #2327 ) ) ;
#2079 = DIRECTION ( 'NONE',  ( -1.000000000000000000, 0.000000000000000000, 0.000000000000000000 ) ) ;
#2080 = CARTESIAN_POINT ( 'NONE',  ( 14.25173591929644168, -15.11999411187240838, 5.987111721198286496 ) ) ;
#2081 = ORIENTED_EDGE ( 'NONE', *, *, #288, .T. ) ;
#2082 = DIRECTION ( 'NONE',  ( -1.000000000000000000, 0.000000000000000000, 0.000000000000000000 ) ) ;
#2083 = CARTESIAN_POINT ( 'NONE',  ( 6.266036663684054098, -11.66816179572523637, 1.733889651497832363 ) ) ;
#2084 = ORIENTED_EDGE ( 'NONE', *, *, #2376, .F. ) ;
#2085 = AXIS2_PLACEMENT_3D ( 'NONE', #2911, #1596, #1609 ) ;
#2086 = FACE_OUTER_BOUND ( 'NONE', #925, .T. ) ;
#2087 = PLANE ( 'NONE',  #2220 ) ;
#2088 = CARTESIAN_POINT ( 'NONE',  ( 32.77053893421177122, -7.999999999999930722, 1.000000000000000000 ) ) ;
#2089 = AXIS2_PLACEMENT_3D ( 'NONE', #3138, #576, #2606 ) ;
#2090 = LINE ( 'NONE', #2878, #293 ) ;
#2091 = EDGE_CURVE ( 'NONE', #2342, #1342, #878, .T. ) ;
#2092 = AXIS2_PLACEMENT_3D ( 'NONE', #133, #1121, #2151 ) ;
#2093 = DIRECTION ( 'NONE',  ( -0.000000000000000000, 0.000000000000000000, 1.000000000000000000 ) ) ;
#2094 = DIRECTION ( 'NONE',  ( 0.000000000000000000, 0.000000000000000000, 1.000000000000000000 ) ) ;
#2095 = CARTESIAN_POINT ( 'NONE',  ( 6.562007886578161475, -12.13682475540757544, 3.057816560262424765 ) ) ;
#2096 = VECTOR ( 'NONE', #2609, 1000.000000000000000 ) ;
#2097 = DIRECTION ( 'NONE',  ( -0.000000000000000000, 1.000000000000000000, -0.000000000000000000 ) ) ;
#2098 = ORIENTED_EDGE ( 'NONE', *, *, #2558, .T. ) ;
#2099 = CARTESIAN_POINT ( 'NONE',  ( 13.96433980754481752, -13.40654421161193888, 4.699228217202286118 ) ) ;
#2100 = FACE_OUTER_BOUND ( 'NONE', #2653, .T. ) ;
#2101 = VERTEX_POINT ( 'NONE', #58 ) ;
#2102 = AXIS2_PLACEMENT_3D ( 'NONE', #2442, #907, #2926 ) ;
#2103 = CARTESIAN_POINT ( 'NONE',  ( 6.155890993598158722, -12.53734448371463195, 2.926786415420654652 ) ) ;
#2104 = FACE_OUTER_BOUND ( 'NONE', #2914, .T. ) ;
#2105 = ADVANCED_FACE ( 'NONE', ( #528 ), #1541, .T. ) ;
#2106 = DIRECTION ( 'NONE',  ( 0.000000000000000000, -1.000000000000000000, 0.000000000000000000 ) ) ;
#2107 = DIRECTION ( 'NONE',  ( -0.000000000000000000, 0.000000000000000000, 1.000000000000000000 ) ) ;
#2108 = CARTESIAN_POINT ( 'NONE',  ( 6.732089655862127486, -10.83823278004896196, 3.446111403816787266 ) ) ;
#2109 = CIRCLE ( 'NONE', #3245, 7.999999999999998224 ) ;
#2110 = FACE_OUTER_BOUND ( 'NONE', #1319, .T. ) ;
#2111 = CARTESIAN_POINT ( 'NONE',  ( 6.472399485510403672, -16.39484528925829920, 3.445320720057894359 ) ) ;
#2112 = ORIENTED_EDGE ( 'NONE', *, *, #1511, .T. ) ;
#2113 = CARTESIAN_POINT ( 'NONE',  ( 13.59733407661402182, -12.54537773181278126, 4.761837255452017637 ) ) ;
#2114 = CARTESIAN_POINT ( 'NONE',  ( 9.266036663684074526, -13.64995387438174212, 4.733889651497853457 ) ) ;
#2115 = VERTEX_POINT ( 'NONE', #781 ) ;
#2116 = VECTOR ( 'NONE', #875, 1000.000000000000114 ) ;
#2117 = DIRECTION ( 'NONE',  ( 0.000000000000000000, 0.000000000000000000, 1.000000000000000000 ) ) ;
#2118 = CARTESIAN_POINT ( 'NONE',  ( 18.10603666368406195, -6.875000000000007105, 3.000000000000000000 ) ) ;
#2119 = DIRECTION ( 'NONE',  ( 0.000000000000000000, 0.000000000000000000, 1.000000000000000000 ) ) ;
#2120 = CARTESIAN_POINT ( 'NONE',  ( 16.66023021207116628, -11.04968930595423870, 1.733889651497825257 ) ) ;
#2121 = DIRECTION ( 'NONE',  ( -1.000000000000000000, 0.000000000000000000, 0.000000000000000000 ) ) ;
#2122 = EDGE_CURVE ( 'NONE', #271, #1791, #36, .T. ) ;
#2123 = DIRECTION ( 'NONE',  ( 0.000000000000000000, 1.000000000000000000, 0.000000000000000000 ) ) ;
#2124 = ORIENTED_EDGE ( 'NONE', *, *, #2091, .T. ) ;
#2125 = CARTESIAN_POINT ( 'NONE',  ( 15.90011530122191097, -11.51352687575111311, 3.459432476460600814 ) ) ;
#2126 = ADVANCED_FACE ( 'NONE', ( #297 ), #557, .F. ) ;
#2127 = CARTESIAN_POINT ( 'NONE',  ( 17.95627936443862893, -17.64479138087484955, 2.297271618292084483 ) ) ;
#2128 = EDGE_LOOP ( 'NONE', ( #1368, #1748, #1404 ) ) ;
#2129 = AXIS2_PLACEMENT_3D ( 'NONE', #1310, #631, #1153 ) ;
#2130 = DIRECTION ( 'NONE',  ( 0.000000000000000000, 0.000000000000000000, -1.000000000000000000 ) ) ;
#2131 = CARTESIAN_POINT ( 'NONE',  ( 6.055456995602992443, -16.94974950041693518, 2.027940292770296526 ) ) ;
#2132 = CARTESIAN_POINT ( 'NONE',  ( 5.121719683470504769, -16.27331479939718761, 3.221262244316297263 ) ) ;
#2133 = CIRCLE ( 'NONE', #1131, 9.999999999999998224 ) ;
#2134 = LINE ( 'NONE', #1377, #1562 ) ;
#2135 = ADVANCED_FACE ( 'NONE', ( #3147 ), #2666, .T. ) ;
#2136 = AXIS2_PLACEMENT_3D ( 'NONE', #127, #2163, #3125 ) ;
#2137 = ORIENTED_EDGE ( 'NONE', *, *, #222, .F. ) ;
#2138 = DIRECTION ( 'NONE',  ( 1.000000000000000000, -6.938893903907222067E-15, 0.000000000000000000 ) ) ;
#2139 = VECTOR ( 'NONE', #1356, 1000.000000000000000 ) ;
#2140 = CARTESIAN_POINT ( 'NONE',  ( 9.560818045912569119, -12.69438915303029880, 5.733889651497853457 ) ) ;
#2141 = ADVANCED_FACE ( 'NONE', ( #2110 ), #630, .T. ) ;
#2142 = CARTESIAN_POINT ( 'NONE',  ( 4.929699114929961823, -17.27479510342910629, 2.734770523170811707 ) ) ;
#2143 = CYLINDRICAL_SURFACE ( 'NONE', #809, 6.750000000000000000 ) ;
#2144 = ORIENTED_EDGE ( 'NONE', *, *, #2862, .F. ) ;
#2145 = APPROVAL ( #88, 'UNSPECIFIED' ) ;
#2146 = CARTESIAN_POINT ( 'NONE',  ( 13.44603666368404760, -13.64995387438174390, 4.733889651497853457 ) ) ;
#2147 = CARTESIAN_POINT ( 'NONE',  ( 30.77053893421177122, 7.999999999999937828, 3.000000000000000000 ) ) ;
#2148 = ORIENTED_EDGE ( 'NONE', *, *, #1375, .F. ) ;
#2149 = AXIS2_PLACEMENT_3D ( 'NONE', #73, #325, #2121 ) ;
#2150 = CARTESIAN_POINT ( 'NONE',  ( 11.35603666368406195, -6.875000000000007994, 3.000000000000000000 ) ) ;
#2151 = DIRECTION ( 'NONE',  ( 1.000000000000000000, 0.000000000000000000, 0.000000000000000000 ) ) ;
#2152 = CARTESIAN_POINT ( 'NONE',  ( 15.91366299083303915, -11.52369767002086043, 3.440465774536035859 ) ) ;
#2153 = ORIENTED_EDGE ( 'NONE', *, *, #436, .T. ) ;
#2154 = DIRECTION ( 'NONE',  ( 1.000000000000000000, 0.000000000000000000, 0.000000000000000000 ) ) ;
#2155 = AXIS2_PLACEMENT_3D ( 'NONE', #1212, #2224, #1068 ) ;
#2156 = ORIENTED_EDGE ( 'NONE', *, *, #3231, .F. ) ;
#2157 = CARTESIAN_POINT ( 'NONE',  ( 15.76879899907758187, -11.32150685827704351, 3.710222527485467658 ) ) ;
#2158 = CARTESIAN_POINT ( 'NONE',  ( 6.051843115296958509, -11.04968930595423870, 1.733889651497825257 ) ) ;
#2159 = CARTESIAN_POINT ( 'NONE',  ( 15.15040307066912817, -13.57459528994987430, 4.205152342224272033 ) ) ;
#2160 = FACE_OUTER_BOUND ( 'NONE', #17, .T. ) ;
#2161 = CARTESIAN_POINT ( 'NONE',  ( 17.56219067124020583, -14.63923396022762269, 4.001220718146565325 ) ) ;
#2162 = ORIENTED_EDGE ( 'NONE', *, *, #1214, .T. ) ;
#2163 = DIRECTION ( 'NONE',  ( -0.000000000000000000, -0.000000000000000000, -1.000000000000000000 ) ) ;
#2164 =( BOUNDED_SURFACE ( )  B_SPLINE_SURFACE ( 3, 2, ( 
 ( #2880, #3102, #1615 ),
 ( #815, #337, #866 ),
 ( #1365, #2898, #1849 ),
 ( #1381, #1351, #2365 ),
 ( #2853, #830, #2095 ),
 ( #572, #105, #1877 ) ),
 .UNSPECIFIED., .F., .F., .F. ) 
 B_SPLINE_SURFACE_WITH_KNOTS ( ( 4, 2, 4 ),
 ( 3, 3 ),
 ( 0.000000000000000000, 0.001128185165659660117, 0.002256370331319320233 ),
 ( 0.000000000000000000, 1.000000000000000000 ),
 .UNSPECIFIED. ) 
 GEOMETRIC_REPRESENTATION_ITEM ( )  RATIONAL_B_SPLINE_SURFACE ( (
 ( 1.000000000000000000, 0.9449355670131442952, 1.000000000000000000),
 ( 1.000000000000000000, 0.9449478978294629794, 1.000000000000000000),
 ( 1.000000000000000000, 0.9401949509932823190, 1.000000000000000000),
 ( 1.000000000000000000, 0.9232847052782944264, 1.000000000000000000),
 ( 1.000000000000000000, 0.9115215750790540694, 1.000000000000000000),
 ( 1.000000000000000000, 0.8975313398335006410, 1.000000000000000000) ) ) 
 REPRESENTATION_ITEM ( '' )  SURFACE ( )  );
#2165 = CARTESIAN_POINT ( 'NONE',  ( 30.77053893421177122, -7.999999999999930722, 1.000000000000000000 ) ) ;
#2166 = VERTEX_POINT ( 'NONE', #1629 ) ;
#2167 = CARTESIAN_POINT ( 'NONE',  ( 14.34596434984364599, -13.95495253521848156, 4.604599369959584187 ) ) ;
#2168 = CARTESIAN_POINT ( 'NONE',  ( 23.94603666368406181, -6.875000000000007994, 7.000000000000000000 ) ) ;
#2169 = CARTESIAN_POINT ( 'NONE',  ( 15.75471574439989908, -11.08689213880466973, 4.208603492154503023 ) ) ;
#2170 = ORIENTED_EDGE ( 'NONE', *, *, #3218, .T. ) ;
#2171 = SPHERICAL_SURFACE ( 'NONE', #714, 10.14216842105263439 ) ;
#2172 = EDGE_CURVE ( 'NONE', #1136, #772, #2619, .T. ) ;
#2173 = ORIENTED_EDGE ( 'NONE', *, *, #610, .T. ) ;
#2174 = CARTESIAN_POINT ( 'NONE',  ( 16.28798173976705144, -16.55215157674361848, 3.378688742730827421 ) ) ;
#2175 = LINE ( 'NONE', #1149, #2059 ) ;
#2176 = CARTESIAN_POINT ( 'NONE',  ( 15.26157167343050425, -14.73726217997061561, 5.789428202853763139 ) ) ;
#2177 = EDGE_CURVE ( 'NONE', #2931, #1413, #69, .T. ) ;
#2178 = CARTESIAN_POINT ( 'NONE',  ( 6.266036663684054098, -16.00000000000000355, 1.733889651497832363 ) ) ;
#2179 = LINE ( 'NONE', #3186, #448 ) ;
#2180 = VERTEX_POINT ( 'NONE', #2918 ) ;
#2181 = LINE ( 'NONE', #2999, #391 ) ;
#2182 = VECTOR ( 'NONE', #984, 1000.000000000000000 ) ;
#2183 = DIRECTION ( 'NONE',  ( 0.000000000000000000, 0.000000000000000000, -1.000000000000000000 ) ) ;
#2184 = ORIENTED_EDGE ( 'NONE', *, *, #2122, .F. ) ;
#2185 = FACE_OUTER_BOUND ( 'NONE', #1089, .T. ) ;
#2186 = CARTESIAN_POINT ( 'NONE',  ( 16.39367685547647824, -11.75575555218964929, 2.309662416429329124 ) ) ;
#2187 = DIRECTION ( 'NONE',  ( -1.000000000000000000, -0.000000000000000000, -0.000000000000000000 ) ) ;
#2188 = LOCAL_TIME ( 16, 55, 25.00000000000000000, #2896 ) ;
#2189 = VERTEX_POINT ( 'NONE', #1400 ) ;
#2190 = CARTESIAN_POINT ( 'NONE',  ( 11.35603666368406195, -6.875000000000007994, 3.000000000000000000 ) ) ;
#2191 = EDGE_CURVE ( 'NONE', #80, #698, #1832, .T. ) ;
#2192 = ORIENTED_EDGE ( 'NONE', *, *, #780, .T. ) ;
#2193 = DIRECTION ( 'NONE',  ( 0.000000000000000000, -1.000000000000000000, 0.000000000000000000 ) ) ;
#2194 = CARTESIAN_POINT ( 'NONE',  ( 11.35603666368406195, -6.875000000000007994, 1.607831578947366280 ) ) ;
#2195 = CARTESIAN_POINT ( 'NONE',  ( 14.03340019640417857, -15.18111456101332379, 5.987111718230829993 ) ) ;
#2196 = DIRECTION ( 'NONE',  ( -1.000000000000000000, 0.000000000000000000, 0.000000000000000000 ) ) ;
#2197 = CARTESIAN_POINT ( 'NONE',  ( 6.813198242162314955, -11.08749362465495025, 3.704984079799015451 ) ) ;
#2198 = EDGE_LOOP ( 'NONE', ( #921, #3033, #389, #3050 ) ) ;
#2199 = AXIS2_PLACEMENT_3D ( 'NONE', #2207, #1471, #3194 ) ;
#2200 = CARTESIAN_POINT ( 'NONE',  ( 11.35603666368406195, -6.875000000000007994, 5.733889651497853457 ) ) ;
#2201 = ADVANCED_FACE ( 'NONE', ( #596 ), #1065, .F. ) ;
#2202 = DIRECTION ( 'NONE',  ( -0.000000000000000000, 0.000000000000000000, 1.000000000000000000 ) ) ;
#2203 = ORIENTED_EDGE ( 'NONE', *, *, #2752, .T. ) ;
#2204 = FACE_OUTER_BOUND ( 'NONE', #2476, .T. ) ;
#2205 = AXIS2_PLACEMENT_3D ( 'NONE', #827, #1361, #2851 ) ;
#2206 = DIRECTION ( 'NONE',  ( 0.000000000000000000, -0.000000000000000000, -1.000000000000000000 ) ) ;
#2207 = CARTESIAN_POINT ( 'NONE',  ( 11.35603666368406195, -6.875000000000007994, 7.777215747179623939 ) ) ;
#2208 = ORIENTED_EDGE ( 'NONE', *, *, #600, .F. ) ;
#2209 = CARTESIAN_POINT ( 'NONE',  ( 4.354601083002017425, -18.00000000000000355, 1.298805567318173315 ) ) ;
#2210 = EDGE_CURVE ( 'NONE', #2115, #167, #351, .T. ) ;
#2211 = EDGE_CURVE ( 'NONE', #546, #2228, #3166, .T. ) ;
#2212 = ORIENTED_EDGE ( 'NONE', *, *, #838, .T. ) ;
#2213 = CARTESIAN_POINT ( 'NONE',  ( 7.539096395865785283, -13.55632365517325155, 4.199223217869640479 ) ) ;
#2214 = CARTESIAN_POINT ( 'NONE',  ( 17.21959709710975517, -17.58349443721957073, 1.778310283518651280 ) ) ;
#2215 = ADVANCED_FACE ( 'NONE', ( #2381 ), #2164, .T. ) ;
#2216 = CARTESIAN_POINT ( 'NONE',  ( 14.58928572225255671, -13.83451826302651355, 4.509542117836349284 ) ) ;
#2217 = CARTESIAN_POINT ( 'NONE',  ( 18.44603666368407247, -16.00000000000000000, 0.000000000000000000 ) ) ;
#2218 = CARTESIAN_POINT ( 'NONE',  ( 8.043128827075712195, -12.91287657779455422, 4.476012324544452525 ) ) ;
#2219 = EDGE_LOOP ( 'NONE', ( #315, #2811, #995, #696 ) ) ;
#2220 = AXIS2_PLACEMENT_3D ( 'NONE', #115, #1073, #52 ) ;
#2221 = CARTESIAN_POINT ( 'NONE',  ( 18.05338268120130607, -17.97110826950846274, 1.309376867158264401 ) ) ;
#2222 = CARTESIAN_POINT ( 'NONE',  ( 6.843388747205492173, -13.52495943513439869, 3.506458006393797788 ) ) ;
#2223 = ORIENTED_EDGE ( 'NONE', *, *, #2659, .F. ) ;
#2224 = DIRECTION ( 'NONE',  ( 1.224646799147353207E-16, 1.000000000000000000, -0.000000000000000000 ) ) ;
#2225 = LINE ( 'NONE', #2731, #2892 ) ;
#2226 = ORIENTED_EDGE ( 'NONE', *, *, #99, .T. ) ;
#2227 = CARTESIAN_POINT ( 'NONE',  ( 4.439597987594106066, -17.97110826940977191, 1.504385929378012854 ) ) ;
#2228 = VERTEX_POINT ( 'NONE', #1893 ) ;
#2229 = DIRECTION ( 'NONE',  ( -0.000000000000000000, 0.000000000000000000, -1.000000000000000000 ) ) ;
#2230 = FACE_OUTER_BOUND ( 'NONE', #2007, .T. ) ;
#2231 = CARTESIAN_POINT ( 'NONE',  ( 15.82765031069064499, -14.50392080381740811, 5.602083728814672980 ) ) ;
#2232 = CARTESIAN_POINT ( 'NONE',  ( 6.940227411486272757, -11.06893233838877499, 4.205488862637453806 ) ) ;
#2233 = CARTESIAN_POINT ( 'NONE',  ( 13.44603666368404760, -13.64995387438174212, 4.733889651497853457 ) ) ;
#2234 = ORIENTED_EDGE ( 'NONE', *, *, #600, .T. ) ;
#2235 = FACE_OUTER_BOUND ( 'NONE', #433, .T. ) ;
#2236 = ADVANCED_FACE ( 'NONE', ( #613 ), #2650, .F. ) ;
#2237 = CARTESIAN_POINT ( 'NONE',  ( 5.087927840716838901, -15.08677533140397919, 3.697482787568454832 ) ) ;
#2238 = VERTEX_POINT ( 'NONE', #2140 ) ;
#2239 = B_SPLINE_CURVE_WITH_KNOTS ( 'NONE', 3,
 ( #1880, #1464, #2454, #2693, #1721, #974, #161, #2504, #1443, #1969 ),
 .UNSPECIFIED., .F., .F.,
 ( 4, 2, 2, 2, 4 ),
 ( 0.001699433053052096763, 0.002569037542962250391, 0.003438642032872404452, 0.004308246522782558513, 0.005177851012692712140 ),
 .UNSPECIFIED. ) ;
#2240 = CARTESIAN_POINT ( 'NONE',  ( -6.129967210265984789, 5.674820170431093658, 3.000000000000000000 ) ) ;
#2241 = DIRECTION ( 'NONE',  ( -0.6957801811684420912, -0.7182547873096356561, 0.000000000000000000 ) ) ;
#2242 = VERTEX_POINT ( 'NONE', #3165 ) ;
#2243 = ORIENTED_EDGE ( 'NONE', *, *, #1366, .T. ) ;
#2244 = LOCAL_TIME ( 16, 55, 25.00000000000000000, #13 ) ;
#2245 = CARTESIAN_POINT ( 'NONE',  ( 0.000000000000000000, 0.000000000000000000, 2.000000000000000000 ) ) ;
#2246 = CARTESIAN_POINT ( 'NONE',  ( 16.66023021207116628, -11.04968930595423870, 1.733889651497825257 ) ) ;
#2247 = CARTESIAN_POINT ( 'NONE',  ( 32.77053893421177122, 7.999999999999923617, 1.000000000000000000 ) ) ;
#2248 = ADVANCED_FACE ( 'NONE', ( #883 ), #1734, .T. ) ;
#2249 = CARTESIAN_POINT ( 'NONE',  ( 16.23348261834252426, -14.16216013408858032, 2.845997430467946288 ) ) ;
#2250 = LINE ( 'NONE', #987, #3099 ) ;
#2251 = ORIENTED_EDGE ( 'NONE', *, *, #3218, .F. ) ;
#2252 = AXIS2_PLACEMENT_3D ( 'NONE', #2857, #2385, #1819 ) ;
#2253 = DIRECTION ( 'NONE',  ( -0.000000000000000000, -0.000000000000000000, -1.000000000000000000 ) ) ;
#2254 = AXIS2_PLACEMENT_3D ( 'NONE', #2984, #3235, #1939 ) ;
#2255 = CARTESIAN_POINT ( 'NONE',  ( 6.673090355778835914, -13.69643456131392156, 3.243606662042323396 ) ) ;
#2256 = EDGE_LOOP ( 'NONE', ( #2004, #178, #1817, #910 ) ) ;
#2257 = DIRECTION ( 'NONE',  ( -1.000000000000000000, 0.000000000000000000, -0.000000000000000000 ) ) ;
#2258 = LINE ( 'NONE', #2290, #2793 ) ;
#2259 = EDGE_LOOP ( 'NONE', ( #1960, #869, #2895, #397 ) ) ;
#2260 = CIRCLE ( 'NONE', #1523, 2.000000000000000000 ) ;
#2261 = ORIENTED_EDGE ( 'NONE', *, *, #1267, .F. ) ;
#2262 = CARTESIAN_POINT ( 'NONE',  ( 15.89060912108324075, -11.52813864856905468, 3.472873694128903121 ) ) ;
#2263 = CARTESIAN_POINT ( 'NONE',  ( 16.52683635530661732, -17.03729868286120208, 3.171200599767888040 ) ) ;
#2264 = CARTESIAN_POINT ( 'NONE',  ( 15.92942347655987589, -11.52740681718383620, 3.417292182196336459 ) ) ;
#2265 = CARTESIAN_POINT ( 'NONE',  ( 17.62454222920146663, -15.78197470779500300, 3.372623589583351400 ) ) ;
#2266 = DATE_TIME_ROLE ( 'creation_date' ) ;
#2267 = CIRCLE ( 'NONE', #823, 9.999999999999998224 ) ;
#2268 = EDGE_CURVE ( 'NONE', #2238, #3178, #2605, .T. ) ;
#2269 = CARTESIAN_POINT ( 'NONE',  ( 6.880664169859691093, -11.00563273091307970, 4.291768716030154529 ) ) ;
#2270 = EDGE_CURVE ( 'NONE', #445, #217, #2934, .T. ) ;
#2271 = CARTESIAN_POINT ( 'NONE',  ( 6.407731665946799993, -14.51256121939200483, 2.647546212743596250 ) ) ;
#2272 = ORIENTED_EDGE ( 'NONE', *, *, #1375, .T. ) ;
#2273 = CARTESIAN_POINT ( 'NONE',  ( 18.44603666368407247, -18.00000000000000355, 1.089823964423708436 ) ) ;
#2274 = DIRECTION ( 'NONE',  ( 0.6478214427981697776, 0.7617922146168847330, -0.000000000000000000 ) ) ;
#2275 = ORIENTED_EDGE ( 'NONE', *, *, #204, .T. ) ;
#2276 = ORIENTED_EDGE ( 'NONE', *, *, #1601, .T. ) ;
#2277 = DIRECTION ( 'NONE',  ( 1.000000000000000000, 0.000000000000000000, 0.000000000000000000 ) ) ;
#2278 = DIRECTION ( 'NONE',  ( -0.000000000000000000, 0.000000000000000000, 1.000000000000000000 ) ) ;
#2279 = ADVANCED_FACE ( 'NONE', ( #2433 ), #1281, .T. ) ;
#2280 = CARTESIAN_POINT ( 'NONE',  ( 16.20267252875511588, -11.99743037532255308, 2.954523248050911377 ) ) ;
#2281 =( BOUNDED_SURFACE ( )  B_SPLINE_SURFACE ( 3, 2, ( 
 ( #1536, #1548, #2246 ),
 ( #2546, #290, #2010 ),
 ( #1751, #2025, #2310 ),
 ( #745, #1795, #1300 ),
 ( #1491, #3009, #2043 ),
 ( #3054, #2294, #2772 ) ),
 .UNSPECIFIED., .F., .F., .F. ) 
 B_SPLINE_SURFACE_WITH_KNOTS ( ( 4, 2, 4 ),
 ( 3, 3 ),
 ( 0.000000000000000000, 0.001128185165655235921, 0.002256370331310471843 ),
 ( 0.000000000000000000, 1.000000000000000000 ),
 .UNSPECIFIED. ) 
 GEOMETRIC_REPRESENTATION_ITEM ( )  RATIONAL_B_SPLINE_SURFACE ( (
 ( 1.000000000000000000, 0.9449355670131441842, 1.000000000000000000),
 ( 1.000000000000000000, 0.9449478978294566511, 1.000000000000000000),
 ( 1.000000000000000000, 0.9401949509933293925, 1.000000000000000000),
 ( 1.000000000000000000, 0.9232847052784465269, 1.000000000000000000),
 ( 1.000000000000000000, 0.9115215750792997618, 1.000000000000000000),
 ( 1.000000000000000000, 0.8975313398338278237, 1.000000000000000000) ) ) 
 REPRESENTATION_ITEM ( '' )  SURFACE ( )  );
#2282 = CARTESIAN_POINT ( 'NONE',  ( 15.41034367506957636, -16.04407528308570363, 4.243613476864169343 ) ) ;
#2283 =( NAMED_UNIT ( * ) SI_UNIT ( $, .STERADIAN. ) SOLID_ANGLE_UNIT ( ) );
#2284 = CARTESIAN_POINT ( 'NONE',  ( 6.687958565526856525, -12.30730476678657759, 3.268006113766015464 ) ) ;
#2285 = DESIGN_CONTEXT ( 'detailed design', #3233, 'design' ) ;
#2286 = CARTESIAN_POINT ( 'NONE',  ( 5.196736917646075149, -14.49528008125836642, 4.132996583849634753 ) ) ;
#2287 = EDGE_CURVE ( 'NONE', #2242, #1494, #1848, .T. ) ;
#2288 = VERTEX_POINT ( 'NONE', #554 ) ;
#2289 = CARTESIAN_POINT ( 'NONE',  ( 11.35603666368406195, -6.875000000000007994, 4.733889651497853457 ) ) ;
#2290 = CARTESIAN_POINT ( 'NONE',  ( -10.27548389606760537, 2.266725329581253501, 3.000000000000000000 ) ) ;
#2291 = EDGE_LOOP ( 'NONE', ( #3018, #92, #2021, #1647 ) ) ;
#2292 = ORIENTED_EDGE ( 'NONE', *, *, #937, .F. ) ;
#2293 = DIRECTION ( 'NONE',  ( -0.000000000000000000, -0.000000000000000000, -1.000000000000000000 ) ) ;
#2294 = CARTESIAN_POINT ( 'NONE',  ( 15.90267577692339529, -11.87801673704187877, 3.470718469306607989 ) ) ;
#2295 = DIRECTION ( 'NONE',  ( 0.000000000000000000, 0.000000000000000000, -1.000000000000000000 ) ) ;
#2296 = VECTOR ( 'NONE', #2890, 1000.000000000000000 ) ;
#2297 = CARTESIAN_POINT ( 'NONE',  ( 9.000122279337437803, -13.54057825602011000, 4.733889651497855233 ) ) ;
#2298 = CARTESIAN_POINT ( 'NONE',  ( 15.41755445585328488, -16.07067409327238394, 4.198825329138011320 ) ) ;
#2299 = AXIS2_PLACEMENT_3D ( 'NONE', #1205, #460, #1947 ) ;
#2300 = AXIS2_PLACEMENT_3D ( 'NONE', #2452, #885, #1931 ) ;
#2301 = CARTESIAN_POINT ( 'NONE',  ( 16.49494012390998776, -14.24579625211753253, 5.266095554309564442 ) ) ;
#2302 = EDGE_LOOP ( 'NONE', ( #1678, #716, #1215, #2855 ) ) ;
#2303 = CIRCLE ( 'NONE', #2638, 1.500000000000000666 ) ;
#2304 = CYLINDRICAL_SURFACE ( 'NONE', #2031, 1.000000000000000888 ) ;
#2305 = LINE ( 'NONE', #3284, #870 ) ;
#2306 = EDGE_LOOP ( 'NONE', ( #2408, #599, #2448, #2887, #1230, #2008, #2947, #2192, #2559, #2156, #2712, #2184, #1897, #662, #2779, #784, #3090, #1759 ) ) ;
#2307 = CIRCLE ( 'NONE', #3108, 2.000000000000000000 ) ;
#2308 = EDGE_CURVE ( 'NONE', #2958, #2736, #227, .T. ) ;
#2309 = CARTESIAN_POINT ( 'NONE',  ( 6.291317275808776976, -16.16109410064929008, 2.122956215785276601 ) ) ;
#2310 = CARTESIAN_POINT ( 'NONE',  ( 16.61262313088223053, -11.11163788371245609, 2.486174091389033336 ) ) ;
#2311 = FACE_OUTER_BOUND ( 'NONE', #2326, .T. ) ;
#2312 = CARTESIAN_POINT ( 'NONE',  ( 8.747733519823773563, -13.40654421161236343, 4.699228217202385594 ) ) ;
#2313 = ADVANCED_FACE ( 'NONE', ( #880 ), #2581, .F. ) ;
#2314 = CARTESIAN_POINT ( 'NONE',  ( 6.668769961214945141, -11.76137988547205282, 3.235341204430872253 ) ) ;
#2315 = AXIS2_PLACEMENT_3D ( 'NONE', #3121, #2348, #2865 ) ;
#2316 = CARTESIAN_POINT ( 'NONE',  ( 2.681794621868526463, -16.00000000000000000, 3.000000000000000000 ) ) ;
#2317 = B_SPLINE_CURVE_WITH_KNOTS ( 'NONE', 3,
 ( #1625, #334, #53, #2132 ),
 .UNSPECIFIED., .F., .F.,
 ( 4, 4 ),
 ( 0.000000000000000000, 0.0002108779191276885306 ),
 .UNSPECIFIED. ) ;
#2318 = CARTESIAN_POINT ( 'NONE',  ( -6.129967210265983013, 2.266725329581253501, 2.000000000000000000 ) ) ;
#2319 = ORIENTED_EDGE ( 'NONE', *, *, #1640, .T. ) ;
#2320 = CIRCLE ( 'NONE', #2155, 7.642168421052633498 ) ;
#2321 = CLOSED_SHELL ( 'NONE', ( #1743, #856, #1220, #1725, #1801, #2636, #2201, #2792, #958, #1619, #3209, #487, #270, #2441, #1433, #28, #1463, #1651, #1389, #2141, #2550, #2135, #2236, #715, #998, #1821, #156, #507, #2809, #447, #2126, #1458, #1087, #3043, #2322, #1203, #1861, #2279, #2617, #1390, #2105, #2981, #1699, #912, #14, #863, #2734, #2248, #861, #1884, #2959, #1611, #615, #2560, #124, #103, #1335, #2001, #3210, #2069, #2897, #1553, #796, #2832, #2573, #1959, #2313, #262, #2740, #214, #1124, #2594, #2998, #169, #2992, #2215, #1847, #2032, #1446, #2415, #2859, #2866, #2623, #1442, #505, #686 ) ) ;
#2322 = ADVANCED_FACE ( 'NONE', ( #1830 ), #1378, .F. ) ;
#2323 = DIRECTION ( 'NONE',  ( -0.000000000000000000, -0.000000000000000000, -1.000000000000000000 ) ) ;
#2324 = LINE ( 'NONE', #2886, #2139 ) ;
#2325 = B_SPLINE_CURVE_WITH_KNOTS ( 'NONE', 3,
 ( #836, #586, #1069, #1621, #110, #1603 ),
 .UNSPECIFIED., .F., .F.,
 ( 4, 2, 4 ),
 ( 0.000000000000000000, 0.0007591692286912141542, 0.001518338457382428308 ),
 .UNSPECIFIED. ) ;
#2326 = EDGE_LOOP ( 'NONE', ( #427, #1656, #1023, #2338 ) ) ;
#2327 = PRODUCT_DEFINITION ( 'UNKNOWN', '', #2349, #2285 ) ;
#2328 = CARTESIAN_POINT ( 'NONE',  ( 16.41088341045897891, -15.75702432275726750, 2.195051813558646092 ) ) ;
#2329 = DIRECTION ( 'NONE',  ( -0.000000000000000000, 0.000000000000000000, 1.000000000000000000 ) ) ;
#2330 = LINE ( 'NONE', #3142, #793 ) ;
#2331 = ORIENTED_EDGE ( 'NONE', *, *, #3019, .T. ) ;
#2332 = CARTESIAN_POINT ( 'NONE',  ( 9.340481228794185853, -12.62641763013420970, 4.759636133101841082 ) ) ;
#2333 = EDGE_CURVE ( 'NONE', #1009, #626, #1574, .T. ) ;
#2334 = PLANE ( 'NONE',  #3171 ) ;
#2335 = CARTESIAN_POINT ( 'NONE',  ( -11.22023827261601703, -6.549125643708114453, 3.000000000000000000 ) ) ;
#2336 = CARTESIAN_POINT ( 'NONE',  ( 6.602577619219948346, -12.04582283699981993, 3.124642796403882983 ) ) ;
#2337 = CARTESIAN_POINT ( 'NONE',  ( 15.90567098753417241, -11.08889376974668828, 3.692561037603014462 ) ) ;
#2338 = ORIENTED_EDGE ( 'NONE', *, *, #670, .F. ) ;
#2339 = FACE_OUTER_BOUND ( 'NONE', #2592, .T. ) ;
#2340 = AXIS2_PLACEMENT_3D ( 'NONE', #825, #1074, #306 ) ;
#2341 = DIRECTION ( 'NONE',  ( -0.000000000000000000, -1.000000000000000000, -0.000000000000000000 ) ) ;
#2342 = VERTEX_POINT ( 'NONE', #2120 ) ;
#2343 = CARTESIAN_POINT ( 'NONE',  ( -27.22946106578824654, 0.000000000000000000, 1.000000000000000000 ) ) ;
#2344 = DIRECTION ( 'NONE',  ( -0.03897318992409358474, 0.9578525577415014647, 0.2846042306347608131 ) ) ;
#2345 = CARTESIAN_POINT ( 'NONE',  ( 15.78701592485226257, -11.06767260569872136, 4.097941465937031680 ) ) ;
#2346 = CARTESIAN_POINT ( 'NONE',  ( 22.77053893421170017, -18.00000000000000355, 1.000000000000000000 ) ) ;
#2347 = CARTESIAN_POINT ( 'NONE',  ( 22.77053893421177477, -8.000000000000003553, 0.000000000000000000 ) ) ;
#2348 = DIRECTION ( 'NONE',  ( -0.000000000000000000, -0.000000000000000000, -1.000000000000000000 ) ) ;
#2349 = PRODUCT_DEFINITION_FORMATION_WITH_SPECIFIED_SOURCE ( 'ANY', '', #3085, .NOT_KNOWN. ) ;
#2350 = DIRECTION ( 'NONE',  ( 0.7546984190705917639, -3.469446951953611822E-15, 0.6560718682067914198 ) ) ;
#2351 = ORIENTED_EDGE ( 'NONE', *, *, #1053, .F. ) ;
#2352 = CARTESIAN_POINT ( 'NONE',  ( 4.266036663684054098, -18.00000000000000355, 1.089823964423708214 ) ) ;
#2353 = DIRECTION ( 'NONE',  ( 0.000000000000000000, 0.000000000000000000, -1.000000000000000000 ) ) ;
#2354 = ORIENTED_EDGE ( 'NONE', *, *, #1019, .F. ) ;
#2355 = AXIS2_PLACEMENT_3D ( 'NONE', #1168, #2123, #2953 ) ;
#2356 = CARTESIAN_POINT ( 'NONE',  ( 6.666337488101278019, -12.15193889308044817, 3.231106864453531902 ) ) ;
#2357 = LINE ( 'NONE', #590, #854 ) ;
#2358 = DIRECTION ( 'NONE',  ( -0.000000000000000000, -0.000000000000000000, -1.000000000000000000 ) ) ;
#2359 = AXIS2_PLACEMENT_3D ( 'NONE', #930, #677, #185 ) ;
#2360 = CARTESIAN_POINT ( 'NONE',  ( 32.77053893421177122, 0.000000000000000000, 1.000000000000000000 ) ) ;
#2361 = B_SPLINE_CURVE_WITH_KNOTS ( 'NONE', 3,
 ( #1518, #2309, #1995, #1761 ),
 .UNSPECIFIED., .F., .F.,
 ( 4, 4 ),
 ( 0.000000000000000000, 0.0004829199999352590538 ),
 .UNSPECIFIED. ) ;
#2362 = CARTESIAN_POINT ( 'NONE',  ( 6.732089655862226962, -10.83823278004907920, 4.242738910632479765 ) ) ;
#2363 = PERSON_AND_ORGANIZATION ( #455, #1605 ) ;
#2364 = EDGE_CURVE ( 'NONE', #1494, #1718, #2477, .T. ) ;
#2365 = CARTESIAN_POINT ( 'NONE',  ( 6.456843915428508218, -11.97720655152407865, 2.821310216229809154 ) ) ;
#2366 = CARTESIAN_POINT ( 'NONE',  ( 16.26174777855444731, -14.32907736204562354, 5.401076844866182114 ) ) ;
#2367 = ORIENTED_EDGE ( 'NONE', *, *, #2028, .F. ) ;
#2368 = EDGE_CURVE ( 'NONE', #472, #2840, #197, .T. ) ;
#2369 = CARTESIAN_POINT ( 'NONE',  ( 4.666326291728281284, -18.00000000000000355, 1.312637151379115075 ) ) ;
#2370 = CARTESIAN_POINT ( 'NONE',  ( 17.58508902042996525, -16.34148151687696782, 3.202550718604989299 ) ) ;
#2371 = VERTEX_POINT ( 'NONE', #1846 ) ;
#2372 = VECTOR ( 'NONE', #57, 1000.000000000000114 ) ;
#2373 = CIRCLE ( 'NONE', #1890, 7.752959108564848378 ) ;
#2374 = CARTESIAN_POINT ( 'NONE',  ( 4.266036663684054098, -18.00000000000000355, 0.000000000000000000 ) ) ;
#2375 = CARTESIAN_POINT ( 'NONE',  ( 15.76053342350771125, -11.29893566349423750, 3.744332191527095510 ) ) ;
#2376 = EDGE_CURVE ( 'NONE', #542, #1161, #1037, .T. ) ;
#2377 = DIRECTION ( 'NONE',  ( -0.000000000000000000, -1.000000000000000000, -0.000000000000000000 ) ) ;
#2378 = EDGE_CURVE ( 'NONE', #2883, #546, #3027, .T. ) ;
#2379 = CARTESIAN_POINT ( 'NONE',  ( 11.35603666368406195, -6.875000000000007994, 4.733889651497853457 ) ) ;
#2380 = EDGE_CURVE ( 'NONE', #2940, #948, #2267, .T. ) ;
#2381 = FACE_OUTER_BOUND ( 'NONE', #385, .T. ) ;
#2382 = CARTESIAN_POINT ( 'NONE',  ( 6.952962461117616400, -11.08226010209659940, 4.338164837852517053 ) ) ;
#2383 = ORIENTED_EDGE ( 'NONE', *, *, #2514, .T. ) ;
#2384 = CARTESIAN_POINT ( 'NONE',  ( 15.76771683384581380, -11.71759582902882535, 3.647730469260316521 ) ) ;
#2385 = DIRECTION ( 'NONE',  ( 1.224646799147353207E-16, 1.000000000000000000, -0.000000000000000000 ) ) ;
#2386 = ORIENTED_EDGE ( 'NONE', *, *, #2380, .T. ) ;
#2387 = EDGE_CURVE ( 'NONE', #1434, #2371, #1937, .T. ) ;
#2388 = CARTESIAN_POINT ( 'NONE',  ( 22.77053893421170017, 17.99999999999999645, 0.000000000000000000 ) ) ;
#2389 = CARTESIAN_POINT ( 'NONE',  ( 19.49947261622902062, -18.00000000000000355, 1.000000000000000000 ) ) ;
#2390 = EDGE_LOOP ( 'NONE', ( #1100, #1461, #2539, #1517 ) ) ;
#2391 = PLANE ( 'NONE',  #1719 ) ;
#2392 = EDGE_CURVE ( 'NONE', #223, #3111, #1597, .T. ) ;
#2393 = VECTOR ( 'NONE', #2833, 1000.000000000000000 ) ;
#2394 = ORIENTED_EDGE ( 'NONE', *, *, #1415, .T. ) ;
#2395 = CARTESIAN_POINT ( 'NONE',  ( 7.146230019737867423, -11.28898816568389663, 3.360914204701129560 ) ) ;
#2396 = DIRECTION ( 'NONE',  ( 0.000000000000000000, 1.000000000000000000, 0.000000000000000000 ) ) ;
#2397 = CARTESIAN_POINT ( 'NONE',  ( 5.492476230258350967, -17.58349443721958849, 1.778310283518541812 ) ) ;
#2398 = CARTESIAN_POINT ( 'NONE',  ( 2.681794621868526463, -18.00000000000000355, 1.000000000000000000 ) ) ;
#2399 = ORIENTED_EDGE ( 'NONE', *, *, #833, .T. ) ;
#2400 = CARTESIAN_POINT ( 'NONE',  ( -29.22946106578824654, 7.999999999999923617, 0.000000000000000000 ) ) ;
#2401 =( BOUNDED_SURFACE ( )  B_SPLINE_SURFACE ( 3, 2, ( 
 ( #911, #1451, #1197 ),
 ( #203, #1473, #2209 ),
 ( #1958, #3237, #2227 ),
 ( #2427, #2986, #679 ),
 ( #3254, #2680, #1906 ),
 ( #2717, #949, #697 ) ),
 .UNSPECIFIED., .F., .F., .F. ) 
 B_SPLINE_SURFACE_WITH_KNOTS ( ( 4, 2, 4 ),
 ( 3, 3 ),
 ( -6.342713167788233902E-06, 0.0004327716039488378069, 0.0008718859210654638942 ),
 ( 0.000000000000000000, 1.000000000000000000 ),
 .UNSPECIFIED. ) 
 GEOMETRIC_REPRESENTATION_ITEM ( )  RATIONAL_B_SPLINE_SURFACE ( (
 ( 1.000000000000000000, 1.000000000000000000, 1.000000000000000000),
 ( 1.000000000000000000, 0.9999698063938337045, 1.000000000000000000),
 ( 1.000000000000000000, 0.9919159953736506052, 1.000000000000000000),
 ( 1.000000000000000000, 0.9598053264855294087, 1.000000000000000000),
 ( 1.000000000000000000, 0.9355921807097471454, 1.000000000000000000),
 ( 1.000000000000000000, 0.9031334534930787195, 1.000000000000000000) ) ) 
 REPRESENTATION_ITEM ( '' )  SURFACE ( )  );
#2402 = CARTESIAN_POINT ( 'NONE',  ( 4.266036663684054098, -18.00000000000000355, 1.733889651497832363 ) ) ;
#2403 = EDGE_LOOP ( 'NONE', ( #3036, #1703, #2473, #2749, #1139, #2319, #2251 ) ) ;
#2404 = LOCAL_TIME ( 16, 55, 25.00000000000000000, #1349 ) ;
#2405 = CARTESIAN_POINT ( 'NONE',  ( 15.93371063971068402, -13.57021321436584493, 3.414821160162265112 ) ) ;
#2406 = FACE_OUTER_BOUND ( 'NONE', #771, .T. ) ;
#2407 = CARTESIAN_POINT ( 'NONE',  ( 15.77012779484065419, -11.07073042413759900, 4.222364367376640004 ) ) ;
#2408 = ORIENTED_EDGE ( 'NONE', *, *, #282, .F. ) ;
#2409 = VECTOR ( 'NONE', #3104, 1000.000000000000000 ) ;
#2410 = DIRECTION ( 'NONE',  ( 0.000000000000000000, -0.000000000000000000, -1.000000000000000000 ) ) ;
#2411 = AXIS2_PLACEMENT_3D ( 'NONE', #651, #1687, #1187 ) ;
#2412 = EDGE_LOOP ( 'NONE', ( #249, #318, #2351, #3154 ) ) ;
#2413 = CARTESIAN_POINT ( 'NONE',  ( 6.575374668065425254, -13.87149389346901529, 3.063199833554229201 ) ) ;
#2414 = CARTESIAN_POINT ( 'NONE',  ( 20.03027870549960099, -18.00000000000000000, 3.000000000000000000 ) ) ;
#2415 = ADVANCED_FACE ( 'NONE', ( #2633 ), #3091, .T. ) ;
#2416 = CARTESIAN_POINT ( 'NONE',  ( -9.074569634029492349, 9.348806768937508949, 2.000000000000000000 ) ) ;
#2417 = CARTESIAN_POINT ( 'NONE',  ( 5.577530251867992561, -17.51470142945092690, 1.819100554834017114 ) ) ;
#2418 = CARTESIAN_POINT ( 'NONE',  ( 11.35603666368406195, -6.875000000000007994, 3.000000000000000000 ) ) ;
#2419 = VERTEX_POINT ( 'NONE', #2915 ) ;
#2420 = CARTESIAN_POINT ( 'NONE',  ( 15.38953042143558214, -11.45782951332272681, 4.055101225498386697 ) ) ;
#2421 = CARTESIAN_POINT ( 'NONE',  ( 8.836543442478204113, -14.17056127201485793, 4.710507356866008521 ) ) ;
#2422 = ORIENTED_EDGE ( 'NONE', *, *, #1993, .T. ) ;
#2423 = CARTESIAN_POINT ( 'NONE',  ( -9.074569634029492349, 9.348806768937508949, 2.000000000000000000 ) ) ;
#2424 = LINE ( 'NONE', #184, #2116 ) ;
#2425 = CARTESIAN_POINT ( 'NONE',  ( -9.598187625335965478, 12.88322821025619547, 3.000000000000000000 ) ) ;
#2426 = ORIENTED_EDGE ( 'NONE', *, *, #328, .F. ) ;
#2427 = CARTESIAN_POINT ( 'NONE',  ( 5.038676395141923336, -17.85539020301848367, 1.524586738516814366 ) ) ;
#2428 = AXIS2_PLACEMENT_3D ( 'NONE', #1859, #581, #1095 ) ;
#2429 = CC_DESIGN_PERSON_AND_ORGANIZATION_ASSIGNMENT ( #2363, #2600, ( #548 ) ) ;
#2430 = ORIENTED_EDGE ( 'NONE', *, *, #2841, .T. ) ;
#2431 = DIRECTION ( 'NONE',  ( 1.000000000000000000, 0.000000000000000000, -0.000000000000000000 ) ) ;
#2432 = CARTESIAN_POINT ( 'NONE',  ( 17.30820481608981964, -17.64479138087486731, 1.733889651497833917 ) ) ;
#2433 = FACE_OUTER_BOUND ( 'NONE', #2494, .T. ) ;
#2434 = VECTOR ( 'NONE', #2831, 1000.000000000000000 ) ;
#2435 = CARTESIAN_POINT ( 'NONE',  ( 6.920277527828008424, -11.06777802825849299, 4.071912518528669978 ) ) ;
#2436 = CARTESIAN_POINT ( 'NONE',  ( 17.62735242135996572, -15.73859246117007338, 3.387371206412865821 ) ) ;
#2437 = ORIENTED_EDGE ( 'NONE', *, *, #2903, .T. ) ;
#2438 = CARTESIAN_POINT ( 'NONE',  ( 18.44603666368407247, -18.00000000000000355, 1.089823964423708214 ) ) ;
#2439 = DIRECTION ( 'NONE',  ( 1.000000000000000000, 0.000000000000000000, 0.000000000000000000 ) ) ;
#2440 = EDGE_LOOP ( 'NONE', ( #1593, #1932, #1441, #767 ) ) ;
#2441 = ADVANCED_FACE ( 'NONE', ( #310 ), #2334, .F. ) ;
#2442 = CARTESIAN_POINT ( 'NONE',  ( 11.35603666368406195, -6.875000000000007994, 1.607831578947366280 ) ) ;
#2443 = EDGE_CURVE ( 'NONE', #3230, #2166, #991, .T. ) ;
#2444 = DIRECTION ( 'NONE',  ( 0.000000000000000000, -1.000000000000000000, 0.000000000000000000 ) ) ;
#2445 = DIRECTION ( 'NONE',  ( -0.6957801811684420912, -0.7182547873096356561, 0.000000000000000000 ) ) ;
#2446 = VERTEX_POINT ( 'NONE', #2932 ) ;
#2447 = DIRECTION ( 'NONE',  ( -0.000000000000000000, -0.000000000000000000, -1.000000000000000000 ) ) ;
#2448 = ORIENTED_EDGE ( 'NONE', *, *, #2746, .F. ) ;
#2449 = FACE_OUTER_BOUND ( 'NONE', #6, .T. ) ;
#2450 = DIRECTION ( 'NONE',  ( 0.000000000000000000, 0.000000000000000000, -1.000000000000000000 ) ) ;
#2451 = CARTESIAN_POINT ( 'NONE',  ( -9.074569634029492349, 9.348806768937508949, 3.000000000000000000 ) ) ;
#2452 = CARTESIAN_POINT ( 'NONE',  ( 0.000000000000000000, 17.99999999999999645, 3.000000000000000000 ) ) ;
#2453 = ORIENTED_EDGE ( 'NONE', *, *, #1183, .F. ) ;
#2454 = CARTESIAN_POINT ( 'NONE',  ( 15.45072509216375600, -11.38927457510479968, 4.718281129973808774 ) ) ;
#2455 = AXIS2_PLACEMENT_3D ( 'NONE', #2071, #550, #858 ) ;
#2456 = CARTESIAN_POINT ( 'NONE',  ( 9.005248097111318017, -15.27253527726245252, 5.987111721198282943 ) ) ;
#2457 = EDGE_LOOP ( 'NONE', ( #186, #130, #159, #500, #2576 ) ) ;
#2458 = EDGE_CURVE ( 'NONE', #3006, #2597, #3246, .T. ) ;
#2459 = CARTESIAN_POINT ( 'NONE',  ( 18.10603666368406550, -6.875000000000007105, 0.000000000000000000 ) ) ;
#2460 = CARTESIAN_POINT ( 'NONE',  ( 18.26783338741510931, -18.00000000000000355, 1.510393021256638546 ) ) ;
#2461 = DIRECTION ( 'NONE',  ( -1.000000000000000000, 0.000000000000000000, -0.000000000000000000 ) ) ;
#2462 = LOCAL_TIME ( 16, 55, 25.00000000000000000, #261 ) ;
#2463 = ORIENTED_EDGE ( 'NONE', *, *, #205, .F. ) ;
#2464 = CARTESIAN_POINT ( 'NONE',  ( 11.35603666368406195, -6.875000000000007994, 1.607831578947366280 ) ) ;
#2465 = EDGE_CURVE ( 'NONE', #822, #654, #308, .T. ) ;
#2466 = EDGE_LOOP ( 'NONE', ( #2399, #3272, #1330, #1855 ) ) ;
#2467 = CARTESIAN_POINT ( 'NONE',  ( 6.715634756031406916, -13.63465777588797145, 3.316766674466776976 ) ) ;
#2468 = CARTESIAN_POINT ( 'NONE',  ( 20.03027870549960099, -16.00000000000000000, 3.000000000000000000 ) ) ;
#2469 = AXIS2_PLACEMENT_3D ( 'NONE', #55, #1317, #3084 ) ;
#2470 = CARTESIAN_POINT ( 'NONE',  ( 9.560818045912569119, -12.69438915303029880, 5.733889651497853457 ) ) ;
#2471 = DIRECTION ( 'NONE',  ( -0.000000000000000000, -0.000000000000000000, 1.000000000000000000 ) ) ;
#2472 = DIRECTION ( 'NONE',  ( 1.000000000000000000, 0.000000000000000000, 0.000000000000000000 ) ) ;
#2473 = ORIENTED_EDGE ( 'NONE', *, *, #1019, .T. ) ;
#2474 = TOROIDAL_SURFACE ( 'NONE', #30, 7.589999999999999858, 1.500000000000000000 ) ;
#2475 = CARTESIAN_POINT ( 'NONE',  ( 6.884423016677312823, -14.50392080381732107, 5.602083728814640118 ) ) ;
#2476 = EDGE_LOOP ( 'NONE', ( #3069, #3105, #966, #2661 ) ) ;
#2477 = CIRCLE ( 'NONE', #2205, 0.8000000000000000444 ) ;
#2478 = CARTESIAN_POINT ( 'NONE',  ( 17.95627936443862893, -17.64479138087484955, 2.297271618292084483 ) ) ;
#2479 = CARTESIAN_POINT ( 'NONE',  ( 4.606036663684062837, -6.875000000000007994, 3.000000000000000000 ) ) ;
#2480 = ORIENTED_EDGE ( 'NONE', *, *, #848, .F. ) ;
#2481 = FACE_OUTER_BOUND ( 'NONE', #982, .T. ) ;
#2482 = ORIENTED_EDGE ( 'NONE', *, *, #1563, .T. ) ;
#2483 = CARTESIAN_POINT ( 'NONE',  ( 22.77053893421170017, 15.99999999999999289, 1.000000000000000000 ) ) ;
#2484 = B_SPLINE_CURVE_WITH_KNOTS ( 'NONE', 3,
 ( #1316, #591, #840, #1857, #361, #1608 ),
 .UNSPECIFIED., .F., .F.,
 ( 4, 2, 4 ),
 ( 5.093239779608892571E-16, 0.0004033436815711194932, 0.0008066873631417297366 ),
 .UNSPECIFIED. ) ;
#2485 = FACE_OUTER_BOUND ( 'NONE', #1626, .T. ) ;
#2486 = EDGE_CURVE ( 'NONE', #743, #223, #171, .T. ) ;
#2487 = CARTESIAN_POINT ( 'NONE',  ( 14.87672801332254302, -13.69545001032339471, 4.372925907271940638 ) ) ;
#2488 = CARTESIAN_POINT ( 'NONE',  ( 6.952962461094163160, -11.08226010207205903, 4.338164837820687403 ) ) ;
#2489 = CARTESIAN_POINT ( 'NONE',  ( 7.434247988760374959, -12.33566958462856178, 4.120632161478392064 ) ) ;
#2490 = ORIENTED_EDGE ( 'NONE', *, *, #1350, .T. ) ;
#2491 = CARTESIAN_POINT ( 'NONE',  ( 13.44603666368404227, -14.34094099488328844, 5.733889651497853457 ) ) ;
#2492 = CARTESIAN_POINT ( 'NONE',  ( 5.901333201957866592, -14.16040631783492287, 5.042397891179766667 ) ) ;
#2493 = B_SPLINE_CURVE_WITH_KNOTS ( 'NONE', 3,
 ( #1571, #1525, #1034, #2336, #247, #2284 ),
 .UNSPECIFIED., .F., .F.,
 ( 4, 2, 4 ),
 ( 4.959731869233050782E-16, 0.0004631675384683311817, 0.0009263350769361664494 ),
 .UNSPECIFIED. ) ;
#2494 = EDGE_LOOP ( 'NONE', ( #730, #1820, #1022, #3195 ) ) ;
#2495 = AXIS2_PLACEMENT_3D ( 'NONE', #2950, #2933, #1909 ) ;
#2496 = CARTESIAN_POINT ( 'NONE',  ( -12.47128208403741745, 0.000000000000000000, 2.000000000000000000 ) ) ;
#2497 = CARTESIAN_POINT ( 'NONE',  ( 5.266036663684054098, -11.66816179572523637, 0.000000000000000000 ) ) ;
#2498 = ORIENTED_EDGE ( 'NONE', *, *, #1438, .F. ) ;
#2499 = ORIENTED_EDGE ( 'NONE', *, *, #1549, .T. ) ;
#2500 = FACE_OUTER_BOUND ( 'NONE', #2770, .T. ) ;
#2501 = CARTESIAN_POINT ( 'NONE',  ( 6.775527867716093056, -11.52923551742797237, 3.406813118217587366 ) ) ;
#2502 = DIRECTION ( 'NONE',  ( -1.000000000000000000, 0.000000000000000000, 0.000000000000000000 ) ) ;
#2503 = ORIENTED_EDGE ( 'NONE', *, *, #1029, .T. ) ;
#2504 = CARTESIAN_POINT ( 'NONE',  ( 13.69759091308184118, -12.50381286659578173, 5.694608161953845560 ) ) ;
#2505 = CARTESIAN_POINT ( 'NONE',  ( 6.581177969318473764, -13.85643839088029239, 3.075726370315173153 ) ) ;
#2506 = ORIENTED_EDGE ( 'NONE', *, *, #205, .T. ) ;
#2507 = CARTESIAN_POINT ( 'NONE',  ( 16.17717464470369393, -11.88558200542821552, 3.000000071338917884 ) ) ;
#2508 = CARTESIAN_POINT ( 'NONE',  ( 18.41011201293340704, -16.32423713213996308, 3.071891674386523441 ) ) ;
#2509 = EDGE_LOOP ( 'NONE', ( #896, #2223, #331, #299, #1296 ) ) ;
#2510 = VERTEX_POINT ( 'NONE', #1697 ) ;
#2511 = CARTESIAN_POINT ( 'NONE',  ( 6.279435184969937467, -16.83459852411857938, 3.264582464285101349 ) ) ;
#2512 = CARTESIAN_POINT ( 'NONE',  ( 32.77053893421177122, -7.999999999999930722, 3.000000000000000000 ) ) ;
#2513 = CARTESIAN_POINT ( 'NONE',  ( 16.36465427483942392, -11.55063008101441113, 2.952314508778668856 ) ) ;
#2514 = EDGE_CURVE ( 'NONE', #2958, #1227, #2850, .T. ) ;
#2515 = CARTESIAN_POINT ( 'NONE',  ( 16.32266040024472531, -14.63763510890415986, 2.587362527606677176 ) ) ;
#2516 = APPROVAL_ROLE ( '' ) ;
#2517 = CIRCLE ( 'NONE', #2627, 3.000000000000000000 ) ;
#2518 = CARTESIAN_POINT ( 'NONE',  ( 15.90480577894278547, -10.92466483208661110, 4.255718967688746801 ) ) ;
#2519 = AXIS2_PLACEMENT_3D ( 'NONE', #2905, #602, #1340 ) ;
#2520 = AXIS2_PLACEMENT_3D ( 'NONE', #2497, #1772, #2006 ) ;
#2521 = CARTESIAN_POINT ( 'NONE',  ( 6.842892782839364862, -15.66073705667320937, 4.114590144455555709 ) ) ;
#2522 = ORIENTED_EDGE ( 'NONE', *, *, #1094, .F. ) ;
#2523 = B_SPLINE_CURVE_WITH_KNOTS ( 'NONE', 3,
 ( #1314, #2328, #3095, #1193, #675, #693, #149, #2696, #1428, #1391, #2405, #1141, #1159, #3211, #1409, #2675, #449, #132, #2167, #1173, #411, #1447 ),
 .UNSPECIFIED., .F., .F.,
 ( 4, 2, 2, 2, 2, 2, 2, 2, 2, 2, 4 ),
 ( 0.002011795891212913179, 0.002758227429279794252, 0.003504658967346674890, 0.004251090505413555529, 0.004624306274446998884, 0.004997522043480440504, 0.005370737812513882992, 0.005743953581547323745, 0.006490385119614198312, 0.007236816657681072879, 0.007983248195747947445 ),
 .UNSPECIFIED. ) ;
#2524 = EDGE_CURVE ( 'NONE', #1582, #3286, #2260, .T. ) ;
#2525 = CARTESIAN_POINT ( 'NONE',  ( -24.22946106578824654, -1.734723475976807094E-15, 0.000000000000000000 ) ) ;
#2526 = CARTESIAN_POINT ( 'NONE',  ( 3.435838823788390783, -18.00000000000000355, 2.850893925723077427 ) ) ;
#2527 = ORIENTED_EDGE ( 'NONE', *, *, #595, .F. ) ;
#2528 = AXIS2_PLACEMENT_3D ( 'NONE', #810, #967, #139 ) ;
#2529 = ORIENTED_EDGE ( 'NONE', *, *, #846, .T. ) ;
#2530 = DIRECTION ( 'NONE',  ( 1.000000000000000000, -6.938893903907221278E-15, 0.000000000000000000 ) ) ;
#2531 = CARTESIAN_POINT ( 'NONE',  ( 16.85605085960009930, -17.41529096264004295, 2.840854979189188168 ) ) ;
#2532 = DIRECTION ( 'NONE',  ( -0.000000000000000000, 0.000000000000000000, 1.000000000000000000 ) ) ;
#2533 = EDGE_CURVE ( 'NONE', #802, #743, #935, .T. ) ;
#2534 = CARTESIAN_POINT ( 'NONE',  ( 17.32327616213605381, -14.23394668714189493, 4.490821661945162191 ) ) ;
#2535 = APPLICATION_PROTOCOL_DEFINITION ( 'international standard', 'config_control_design', 1994, #646 ) ;
#2536 = AXIS2_PLACEMENT_3D ( 'NONE', #164, #1918, #637 ) ;
#2537 = CARTESIAN_POINT ( 'NONE',  ( 17.72746654120825127, -17.89329248486320978, 1.904464122724762065 ) ) ;
#2538 = CARTESIAN_POINT ( 'NONE',  ( 7.204237232644951305, -16.11029600661739636, 3.955530062410704595 ) ) ;
#2539 = ORIENTED_EDGE ( 'NONE', *, *, #740, .F. ) ;
#2540 = CARTESIAN_POINT ( 'NONE',  ( 5.100846829049662468, -16.00305160222045586, 3.295448547394381311 ) ) ;
#2541 = CARTESIAN_POINT ( 'NONE',  ( -12.47128208403741745, -3.479834018071063628, 2.000000000000000000 ) ) ;
#2542 = ORIENTED_EDGE ( 'NONE', *, *, #1237, .F. ) ;
#2543 = AXIS2_PLACEMENT_3D ( 'NONE', #811, #2615, #2094 ) ;
#2544 = ORIENTED_EDGE ( 'NONE', *, *, #1623, .T. ) ;
#2545 = FACE_OUTER_BOUND ( 'NONE', #1971, .T. ) ;
#2546 = CARTESIAN_POINT ( 'NONE',  ( 16.44603666368407247, -11.66816180601323083, 2.020716656839609104 ) ) ;
#2547 = FACE_OUTER_BOUND ( 'NONE', #2874, .T. ) ;
#2548 = CARTESIAN_POINT ( 'NONE',  ( 16.35356777317478461, -14.89696458603794227, 2.475268717388815265 ) ) ;
#2549 = CARTESIAN_POINT ( 'NONE',  ( 16.02411476182895456, -12.30730476680328600, 3.268006113786705136 ) ) ;
#2550 = ADVANCED_FACE ( 'NONE', ( #400 ), #1943, .F. ) ;
#2551 = CIRCLE ( 'NONE', #1111, 1.000000000000000888 ) ;
#2552 = CARTESIAN_POINT ( 'NONE',  ( 17.87606970013420238, -17.93446872806241288, 1.733456497186646184 ) ) ;
#2553 = CARTESIAN_POINT ( 'NONE',  ( 7.083957906294296336, -15.66043957155516608, 4.357166473367702686 ) ) ;
#2554 = ORIENTED_EDGE ( 'NONE', *, *, #2177, .F. ) ;
#2555 = VECTOR ( 'NONE', #1567, 1000.000000000000000 ) ;
#2556 = DIRECTION ( 'NONE',  ( -0.000000000000000000, 1.000000000000000000, -0.000000000000000000 ) ) ;
#2557 = CARTESIAN_POINT ( 'NONE',  ( 11.35603666368406195, -6.875000000000007994, 4.242738910632480653 ) ) ;
#2558 = EDGE_CURVE ( 'NONE', #674, #3, #2000, .T. ) ;
#2559 = ORIENTED_EDGE ( 'NONE', *, *, #1788, .F. ) ;
#2560 = ADVANCED_FACE ( 'NONE', ( #2449 ), #1363, .T. ) ;
#2561 = CARTESIAN_POINT ( 'NONE',  ( 6.573329943643936524, -11.18947502133930882, 3.284542505479384644 ) ) ;
#2562 = CARTESIAN_POINT ( 'NONE',  ( 16.43263814239844933, -16.83459852411941071, 3.264582464284640828 ) ) ;
#2563 = CARTESIAN_POINT ( 'NONE',  ( 15.94715681290511533, -11.31304615499398381, 3.391658116392783473 ) ) ;
#2564 = CARTESIAN_POINT ( 'NONE',  ( 8.268712134260185920, -13.08817952585453703, 4.565864953982636365 ) ) ;
#2565 = CARTESIAN_POINT ( 'NONE',  ( 6.664016314821395781, -12.15573492438995373, 3.227771233506432136 ) ) ;
#2566 =( LENGTH_UNIT ( ) NAMED_UNIT ( * ) SI_UNIT ( .MILLI., .METRE. ) );
#2567 = AXIS2_PLACEMENT_3D ( 'NONE', #3277, #211, #2196 ) ;
#2568 = CARTESIAN_POINT ( 'NONE',  ( 5.110156948979049041, -16.47614126945315505, 3.164718252669612930 ) ) ;
#2569 = AXIS2_PLACEMENT_3D ( 'NONE', #2863, #2612, #3131 ) ;
#2570 = ORIENTED_EDGE ( 'NONE', *, *, #1344, .T. ) ;
#2571 = EDGE_CURVE ( 'NONE', #2769, #1265, #1096, .T. ) ;
#2572 = AXIS2_PLACEMENT_3D ( 'NONE', #3207, #2764, #1482 ) ;
#2573 = ADVANCED_FACE ( 'NONE', ( #2545 ), #1750, .F. ) ;
#2574 = CARTESIAN_POINT ( 'NONE',  ( 5.403868511278322018, -17.64479138087486021, 1.733889651497842577 ) ) ;
#2575 = CARTESIAN_POINT ( 'NONE',  ( 16.48248414388783090, -16.47614126945131474, 2.092106524208304563 ) ) ;
#2576 = ORIENTED_EDGE ( 'NONE', *, *, #780, .F. ) ;
#2577 = CARTESIAN_POINT ( 'NONE',  ( 16.66023021207117338, -11.04968930595423870, 1.953791889912980917 ) ) ;
#2578 = DIRECTION ( 'NONE',  ( -0.000000000000000000, -0.000000000000000000, -1.000000000000000000 ) ) ;
#2579 = CARTESIAN_POINT ( 'NONE',  ( 5.303021452052977480, -16.00000000000000000, 2.276577805395372245 ) ) ;
#2580 = CARTESIAN_POINT ( 'NONE',  ( 7.729030881882075654, -11.78616532211800383, 4.348709076586545486 ) ) ;
#2581 = PLANE ( 'NONE',  #768 ) ;
#2582 = ORIENTED_EDGE ( 'NONE', *, *, #7, .F. ) ;
#2583 = MECHANICAL_CONTEXT ( 'NONE', #646, 'mechanical' ) ;
#2584 = AXIS2_PLACEMENT_3D ( 'NONE', #899, #2994, #1946 ) ;
#2585 = EDGE_CURVE ( 'NONE', #737, #1354, #1232, .T. ) ;
#2586 = DIRECTION ( 'NONE',  ( -1.000000000000000000, 0.000000000000000000, 0.000000000000000000 ) ) ;
#2587 = DIRECTION ( 'NONE',  ( -1.000000000000000000, 0.000000000000000000, 7.264154555652873397E-15 ) ) ;
#2588 = VERTEX_POINT ( 'NONE', #1777 ) ;
#2589 = AXIS2_PLACEMENT_3D ( 'NONE', #2423, #2960, #183 ) ;
#2590 = CARTESIAN_POINT ( 'NONE',  ( 4.755793962929530494, -17.64479138087484955, 2.297271618292088480 ) ) ;
#2591 = CARTESIAN_POINT ( 'NONE',  ( 7.611532371490364213, -12.52482279098946272, 4.247134126087064310 ) ) ;
#2592 = EDGE_LOOP ( 'NONE', ( #2023, #1176, #2272, #1901 ) ) ;
#2593 = DIRECTION ( 'NONE',  ( 1.000000000000000000, 0.000000000000000000, 0.000000000000000000 ) ) ;
#2594 = ADVANCED_FACE ( 'NONE', ( #2024 ), #255, .T. ) ;
#2595 = DIRECTION ( 'NONE',  ( -0.000000000000000000, -1.000000000000000000, -0.000000000000000000 ) ) ;
#2596 = CARTESIAN_POINT ( 'NONE',  ( 11.35603666368406195, -6.875000000000007994, 11.75000000000000000 ) ) ;
#2597 = VERTEX_POINT ( 'NONE', #2262 ) ;
#2598 = DIRECTION ( 'NONE',  ( -0.000000000000000000, -0.000000000000000000, -1.000000000000000000 ) ) ;
#2599 = DIRECTION ( 'NONE',  ( 1.000000000000000000, 0.000000000000000000, 0.000000000000000000 ) ) ;
#2600 = PERSON_AND_ORGANIZATION_ROLE ( 'classification_officer' ) ;
#2601 = CARTESIAN_POINT ( 'NONE',  ( 0.000000000000000000, -18.00000000000000355, 3.000000000000000000 ) ) ;
#2602 = DIRECTION ( 'NONE',  ( 0.000000000000000000, 1.000000000000000000, 0.000000000000000000 ) ) ;
#2603 = VERTEX_POINT ( 'NONE', #3038 ) ;
#2604 = CARTESIAN_POINT ( 'NONE',  ( 13.74485493277829562, -12.48531089587971366, 5.687674404662454108 ) ) ;
#2605 = B_SPLINE_CURVE_WITH_KNOTS ( 'NONE', 3,
 ( #2470, #1152, #702, #3241, #969, #1662, #210, #1715, #3012, #174 ),
 .UNSPECIFIED., .F., .F.,
 ( 4, 2, 2, 2, 4 ),
 ( 0.000000000000000000, 0.0008629856293618936875, 0.001725971258723787375, 0.002588956888085681279, 0.003451942517447574750 ),
 .UNSPECIFIED. ) ;
#2606 = DIRECTION ( 'NONE',  ( -1.000000000000000000, 0.000000000000000000, 0.000000000000000000 ) ) ;
#2607 = ORIENTED_EDGE ( 'NONE', *, *, #3232, .T. ) ;
#2608 = EDGE_CURVE ( 'NONE', #654, #837, #2361, .T. ) ;
#2609 = DIRECTION ( 'NONE',  ( 0.000000000000000000, 0.000000000000000000, 1.000000000000000000 ) ) ;
#2610 = CARTESIAN_POINT ( 'NONE',  ( 17.40905187531515708, -16.00000000000010303, 2.276577805395312293 ) ) ;
#2611 = CARTESIAN_POINT ( 'NONE',  ( -27.22946106578824654, 7.999999999999923617, 3.000000000000000000 ) ) ;
#2612 = DIRECTION ( 'NONE',  ( -0.000000000000000000, 0.000000000000000000, 1.000000000000000000 ) ) ;
#2613 = CIRCLE ( 'NONE', #750, 6.089999999999999858 ) ;
#2614 = DIRECTION ( 'NONE',  ( -0.2832959603348601529, -0.9590325327422157820, 0.000000000000000000 ) ) ;
#2615 = DIRECTION ( 'NONE',  ( -1.000000000000000000, 0.000000000000000000, -0.000000000000000000 ) ) ;
#2616 = APPROVAL_ROLE ( '' ) ;
#2617 = ADVANCED_FACE ( 'NONE', ( #2500 ), #2966, .T. ) ;
#2618 = EDGE_CURVE ( 'NONE', #799, #3, #2818, .T. ) ;
#2619 = LINE ( 'NONE', #582, #3021 ) ;
#2620 = VECTOR ( 'NONE', #614, 1000.000000000000000 ) ;
#2621 = CARTESIAN_POINT ( 'NONE',  ( 13.70682523025680410, -15.27253527726245430, 5.987111721198282943 ) ) ;
#2622 = ORIENTED_EDGE ( 'NONE', *, *, #199, .T. ) ;
#2623 = ADVANCED_FACE ( 'NONE', ( #3025 ), #481, .T. ) ;
#2624 = CARTESIAN_POINT ( 'NONE',  ( 13.95204910594785375, -12.39017385321429465, 4.718602890667982663 ) ) ;
#2625 = DIRECTION ( 'NONE',  ( 0.000000000000000000, 0.000000000000000000, 1.000000000000000000 ) ) ;
#2626 = EDGE_LOOP ( 'NONE', ( #32, #151, #1147, #1968 ) ) ;
#2627 = AXIS2_PLACEMENT_3D ( 'NONE', #2632, #842, #877 ) ;
#2628 = EDGE_CURVE ( 'NONE', #3244, #3238, #1256, .T. ) ;
#2629 = CARTESIAN_POINT ( 'NONE',  ( 6.347419052525684613, -11.55063008102094457, 2.952314508774944724 ) ) ;
#2630 = CARTESIAN_POINT ( 'NONE',  ( 15.96981413515031711, -11.10210801976639949, 3.575307318712896087 ) ) ;
#2631 = VECTOR ( 'NONE', #3114, 1000.000000000000227 ) ;
#2632 = CARTESIAN_POINT ( 'NONE',  ( 17.02487940834613767, -6.875000000000007994, 5.952344404451926252 ) ) ;
#2633 = FACE_OUTER_BOUND ( 'NONE', #944, .T. ) ;
#2634 = ORIENTED_EDGE ( 'NONE', *, *, #2558, .F. ) ;
#2635 = PERSON_AND_ORGANIZATION ( #455, #1605 ) ;
#2636 = ADVANCED_FACE ( 'NONE', ( #1358 ), #1624, .F. ) ;
#2637 = DIRECTION ( 'NONE',  ( -0.000000000000000000, -1.000000000000000000, -0.000000000000000000 ) ) ;
#2638 = AXIS2_PLACEMENT_3D ( 'NONE', #2777, #2002, #1 ) ;
#2639 = CARTESIAN_POINT ( 'NONE',  ( 14.77702361388149122, -14.93166821318854076, 5.919820678122877489 ) ) ;
#2640 = ORIENTED_EDGE ( 'NONE', *, *, #3260, .T. ) ;
#2641 = CARTESIAN_POINT ( 'NONE',  ( 15.03077901606678068, -11.73985034046768128, 5.097019926925359989 ) ) ;
#2642 = CARTESIAN_POINT ( 'NONE',  ( 8.364014370629403672, -13.15662607691521124, 4.597834103440891163 ) ) ;
#2643 = VERTEX_POINT ( 'NONE', #2374 ) ;
#2644 = DIRECTION ( 'NONE',  ( -1.000000000000000000, -0.000000000000000000, -0.000000000000000000 ) ) ;
#2645 = CARTESIAN_POINT ( 'NONE',  ( 17.44603666368406536, -6.875000000000007105, 7.000000000000000000 ) ) ;
#2646 = LINE ( 'NONE', #1887, #1080 ) ;
#2647 = ORIENTED_EDGE ( 'NONE', *, *, #1601, .F. ) ;
#2648 = CARTESIAN_POINT ( 'NONE',  ( 15.89060912108324075, -11.52813864856905468, 3.472873694128903121 ) ) ;
#2649 = CARTESIAN_POINT ( 'NONE',  ( 6.534898682663382807, -11.88558200542619225, 3.000000071339897545 ) ) ;
#2650 = PLANE ( 'NONE',  #1783 ) ;
#2651 = CARTESIAN_POINT ( 'NONE',  ( 6.279435184969675454, -16.83459852411941071, 3.264582464284640828 ) ) ;
#2652 = CARTESIAN_POINT ( 'NONE',  ( 6.742259192217761488, -11.10210801977147987, 3.575307318710306603 ) ) ;
#2653 = EDGE_LOOP ( 'NONE', ( #1622, #2144, #2916, #1006 ) ) ;
#2654 = CARTESIAN_POINT ( 'NONE',  ( 0.000000000000000000, -18.00000000000000355, 0.000000000000000000 ) ) ;
#2655 = CARTESIAN_POINT ( 'NONE',  ( 7.651432965783949491, -13.61245405192527436, 4.264590146607416976 ) ) ;
#2656 = VERTEX_POINT ( 'NONE', #578 ) ;
#2657 = CARTESIAN_POINT ( 'NONE',  ( 16.26888433292935687, -11.58880974615528814, 2.999999928661084780 ) ) ;
#2658 = DIRECTION ( 'NONE',  ( 0.000000000000000000, 0.000000000000000000, -1.000000000000000000 ) ) ;
#2659 = EDGE_CURVE ( 'NONE', #2064, #737, #1945, .T. ) ;
#2660 = CYLINDRICAL_SURFACE ( 'NONE', #2254, 1.249999999999997558 ) ;
#2661 = ORIENTED_EDGE ( 'NONE', *, *, #543, .F. ) ;
#2662 = DIRECTION ( 'NONE',  ( -1.000000000000000000, 0.000000000000000000, 0.000000000000000000 ) ) ;
#2663 = ORIENTED_EDGE ( 'NONE', *, *, #2692, .T. ) ;
#2664 = CARTESIAN_POINT ( 'NONE',  ( 17.58495735050647468, -16.34318656838121697, 3.202082685257944483 ) ) ;
#2665 = DIRECTION ( 'NONE',  ( -0.000000000000000000, -1.000000000000000000, -0.000000000000000000 ) ) ;
#2666 = CYLINDRICAL_SURFACE ( 'NONE', #2149, 9.999999999999998224 ) ;
#2667 = EDGE_CURVE ( 'NONE', #2342, #2931, #1455, .T. ) ;
#2668 = CARTESIAN_POINT ( 'NONE',  ( 5.750350926942927821, -17.49890513268282177, 2.733270176351372704 ) ) ;
#2669 = CARTESIAN_POINT ( 'NONE',  ( 17.44348062737747540, -14.35230630994066381, 4.292912910837918261 ) ) ;
#2670 = ORIENTED_EDGE ( 'NONE', *, *, #2022, .T. ) ;
#2671 = VECTOR ( 'NONE', #1663, 1000.000000000000000 ) ;
#2672 = CARTESIAN_POINT ( 'NONE',  ( 15.63818297116729994, -11.21322301113259101, 4.510528003381899964 ) ) ;
#2673 = CARTESIAN_POINT ( 'NONE',  ( 6.975646963208857798, -11.10600038521012678, 4.173567930274322713 ) ) ;
#2674 = ORIENTED_EDGE ( 'NONE', *, *, #1735, .F. ) ;
#2675 = CARTESIAN_POINT ( 'NONE',  ( 15.16568081868319240, -13.55934789990692835, 4.204297223789543736 ) ) ;
#2676 = LINE ( 'NONE', #3176, #396 ) ;
#2677 = CARTESIAN_POINT ( 'NONE',  ( 16.02411476182895456, -12.30730476680328600, 3.268006113786705136 ) ) ;
#2678 = ORIENTED_EDGE ( 'NONE', *, *, #961, .T. ) ;
#2679 = VECTOR ( 'NONE', #1302, 1000.000000000000000 ) ;
#2680 = CARTESIAN_POINT ( 'NONE',  ( 4.984606786160506786, -17.89329248486448165, 1.904464122724861319 ) ) ;
#2681 = AXIS2_PLACEMENT_3D ( 'NONE', #732, #1122, #116 ) ;
#2682 = CIRCLE ( 'NONE', #655, 0.9999999999999996669 ) ;
#2683 = ORIENTED_EDGE ( 'NONE', *, *, #3260, .F. ) ;
#2684 = CARTESIAN_POINT ( 'NONE',  ( 6.301173757463874203, -15.75755386168816941, 2.194933808168258782 ) ) ;
#2685 = CIRCLE ( 'NONE', #2039, 1.249999999999997558 ) ;
#2686 = CARTESIAN_POINT ( 'NONE',  ( 17.95627936443871420, -17.64479138087486731, 2.297271618292126671 ) ) ;
#2687 = AXIS2_PLACEMENT_3D ( 'NONE', #1903, #638, #3193 ) ;
#2688 = CARTESIAN_POINT ( 'NONE',  ( 15.40829290911959149, -14.67751455059482524, 5.747807685952993850 ) ) ;
#2689 = DIRECTION ( 'NONE',  ( 1.000000000000000000, 0.000000000000000000, 0.000000000000000000 ) ) ;
#2690 = ORIENTED_EDGE ( 'NONE', *, *, #332, .F. ) ;
#2691 = VECTOR ( 'NONE', #272, 1000.000000000000000 ) ;
#2692 = EDGE_CURVE ( 'NONE', #2656, #2115, #839, .T. ) ;
#2693 = CARTESIAN_POINT ( 'NONE',  ( 15.08459479671502557, -11.69609972043431156, 5.051583190741872009 ) ) ;
#2694 = CARTESIAN_POINT ( 'NONE',  ( 7.748978838207876585, -14.85456031354906159, 5.860725394592420479 ) ) ;
#2695 = ORIENTED_EDGE ( 'NONE', *, *, #1865, .F. ) ;
#2696 = CARTESIAN_POINT ( 'NONE',  ( 16.13510918189193433, -13.86777563213922626, 3.066435425449062890 ) ) ;
#2697 = CARTESIAN_POINT ( 'NONE',  ( 18.44603666368407247, -18.00000000000000355, 1.089823964423708436 ) ) ;
#2698 = CARTESIAN_POINT ( 'NONE',  ( 5.266036663684054098, -11.66816179572523637, 1.733889651497832363 ) ) ;
#2699 = ORIENTED_EDGE ( 'NONE', *, *, #2387, .T. ) ;
#2700 = DIRECTION ( 'NONE',  ( 0.2695744902989540281, 0.9629795398553694374, 0.000000000000000000 ) ) ;
#2701 = AXIS2_PLACEMENT_3D ( 'NONE', #1072, #333, #81 ) ;
#2702 = ORIENTED_EDGE ( 'NONE', *, *, #1053, .T. ) ;
#2703 = DIRECTION ( 'NONE',  ( -0.000000000000000000, 0.000000000000000000, 1.000000000000000000 ) ) ;
#2704 = CARTESIAN_POINT ( 'NONE',  ( 19.10042876535676371, -18.00000000000000355, 1.000000005273809833 ) ) ;
#2705 = CARTESIAN_POINT ( 'NONE',  ( 13.87552988489017380, -14.17056127201485616, 4.710507356865952566 ) ) ;
#2706 = DIRECTION ( 'NONE',  ( 0.1465486610894621566, -0.9892034623538707994, 0.000000000000000000 ) ) ;
#2707 = EDGE_CURVE ( 'NONE', #2189, #2656, #2757, .T. ) ;
#2708 = LINE ( 'NONE', #1384, #1769 ) ;
#2709 = ORIENTED_EDGE ( 'NONE', *, *, #2268, .F. ) ;
#2710 = CARTESIAN_POINT ( 'NONE',  ( 18.35747224436946468, -18.00000000000000355, 1.298805567320221233 ) ) ;
#2711 = CARTESIAN_POINT ( 'NONE',  ( -15.63814266888728710, -14.20050339839028553, 2.000000000000000000 ) ) ;
#2712 = ORIENTED_EDGE ( 'NONE', *, *, #1720, .F. ) ;
#2713 = CARTESIAN_POINT ( 'NONE',  ( 4.834952587481196495, -16.82239569043742122, 1.733889651497829920 ) ) ;
#2714 = CARTESIAN_POINT ( 'NONE',  ( 17.44603666368407247, -11.66816179572523637, 0.000000000000000000 ) ) ;
#2715 = LINE ( 'NONE', #201, #814 ) ;
#2716 = ORIENTED_EDGE ( 'NONE', *, *, #2287, .F. ) ;
#2717 = CARTESIAN_POINT ( 'NONE',  ( 5.403868511278324682, -17.64479138087485310, 1.733889651497841466 ) ) ;
#2718 = AXIS2_PLACEMENT_3D ( 'NONE', #1673, #1470, #2942 ) ;
#2719 = EDGE_LOOP ( 'NONE', ( #3236, #1974, #1916, #20, #2728, #1260, #1710, #2670, #108, #49 ) ) ;
#2720 = CARTESIAN_POINT ( 'NONE',  ( 17.58890648058081396, -16.41074681965217863, 3.183056810609726117 ) ) ;
#2721 = CARTESIAN_POINT ( 'NONE',  ( -9.074569634029492349, 9.348806768937508949, 2.000000000000000000 ) ) ;
#2722 = CARTESIAN_POINT ( 'NONE',  ( 16.91402350307339475, -14.14421115124281059, 4.955502871097937856 ) ) ;
#2723 = CARTESIAN_POINT ( 'NONE',  ( -15.63814266888728710, -14.20050339839028553, 2.000000000000000000 ) ) ;
#2724 = CARTESIAN_POINT ( 'NONE',  ( 8.036710861825548946, -11.98291310311777558, 5.322241196805558516 ) ) ;
#2725 = VERTEX_POINT ( 'NONE', #1373 ) ;
#2726 = CARTESIAN_POINT ( 'NONE',  ( 15.96981413514627768, -11.10210801976966977, 3.575307318718413896 ) ) ;
#2727 = CARTESIAN_POINT ( 'NONE',  ( 7.955026376270840416, -15.39740046644772598, 4.478371240132100084 ) ) ;
#2728 = ORIENTED_EDGE ( 'NONE', *, *, #1850, .T. ) ;
#2729 = DIRECTION ( 'NONE',  ( -0.000000000000000000, -0.000000000000000000, 1.000000000000000000 ) ) ;
#2730 = DIRECTION ( 'NONE',  ( 0.000000000000000000, -1.000000000000000000, 0.000000000000000000 ) ) ;
#2731 = CARTESIAN_POINT ( 'NONE',  ( -9.598187625335965478, 12.88322821025619547, 2.000000000000000000 ) ) ;
#2732 = AXIS2_PLACEMENT_3D ( 'NONE', #1038, #3080, #2052 ) ;
#2733 = ORIENTED_EDGE ( 'NONE', *, *, #1527, .T. ) ;
#2734 = ADVANCED_FACE ( 'NONE', ( #319 ), #2830, .T. ) ;
#2735 =( BOUNDED_SURFACE ( )  B_SPLINE_SURFACE ( 3, 2, ( 
 ( #2574, #367, #1805 ),
 ( #2397, #1133, #2827 ),
 ( #2417, #2843, #1383 ),
 ( #901, #3184, #1294 ),
 ( #285, #3167, #2142 ),
 ( #785, #2668, #884 ),
 ( #1575, #820, #2900 ),
 ( #544, #300, #316 ),
 ( #560, #1818, #1911 ),
 ( #1324, #2651, #1837 ) ),
 .UNSPECIFIED., .F., .F., .F. ) 
 B_SPLINE_SURFACE_WITH_KNOTS ( ( 4, 2, 2, 2, 4 ),
 ( 3, 3 ),
 ( -1.084202172485504434E-18, 0.0002197312341034191865, 0.0004394624682068394572, 0.0006591937023102597279, 0.0008789249364136799986 ),
 ( 0.000000000000000000, 1.000000000000000000 ),
 .UNSPECIFIED. ) 
 GEOMETRIC_REPRESENTATION_ITEM ( )  RATIONAL_B_SPLINE_SURFACE ( (
 ( 1.000000000000000000, 0.9031334534930800517, 1.000000000000000000),
 ( 1.000000000000000000, 0.8860152383102232188, 1.000000000000000000),
 ( 1.000000000000000000, 0.8667700775215049225, 1.000000000000000000),
 ( 1.000000000000000000, 0.8243786369121960389, 1.000000000000000000),
 ( 1.000000000000000000, 0.8012034191317922716, 1.000000000000000000),
 ( 1.000000000000000000, 0.7517985530296491525, 1.000000000000000000),
 ( 1.000000000000000000, 0.7254946610229282555, 1.000000000000000000),
 ( 1.000000000000000000, 0.6752146570271766457, 1.000000000000000000),
 ( 1.000000000000000000, 0.6508411648281794415, 1.000000000000000000),
 ( 1.000000000000000000, 0.6317387815244812632, 1.000000000000000000) ) ) 
 REPRESENTATION_ITEM ( '' )  SURFACE ( )  );
#2736 = VERTEX_POINT ( 'NONE', #2388 ) ;
#2737 = DIRECTION ( 'NONE',  ( 0.000000000000000000, 0.000000000000000000, -1.000000000000000000 ) ) ;
#2738 = CIRCLE ( 'NONE', #1242, 1.500000000000001332 ) ;
#2739 = CARTESIAN_POINT ( 'NONE',  ( 6.230972246147608473, -11.26774569217269928, 3.000000000000000000 ) ) ;
#2740 = ADVANCED_FACE ( 'NONE', ( #2086 ), #3113, .F. ) ;
#2741 = AXIS2_PLACEMENT_3D ( 'NONE', #2190, #932, #1695 ) ;
#2742 = DIRECTION ( 'NONE',  ( 0.000000000000000000, 0.000000000000000000, -1.000000000000000000 ) ) ;
#2743 = CARTESIAN_POINT ( 'NONE',  ( 6.944356493523361706, -11.71759582902936891, 3.647730469261683872 ) ) ;
#2744 = EDGE_LOOP ( 'NONE', ( #1756, #1084, #753, #198 ) ) ;
#2745 = AXIS2_PLACEMENT_3D ( 'NONE', #624, #1092, #1581 ) ;
#2746 = EDGE_CURVE ( 'NONE', #2799, #126, #408, .T. ) ;
#2747 = FACE_OUTER_BOUND ( 'NONE', #1308, .T. ) ;
#2748 = CARTESIAN_POINT ( 'NONE',  ( 6.909781268070607219, -13.49271734682207224, 3.594242160834397293 ) ) ;
#2749 = ORIENTED_EDGE ( 'NONE', *, *, #749, .T. ) ;
#2750 = CARTESIAN_POINT ( 'NONE',  ( 16.16320267677469857, -12.02120087179429220, 3.000000088553533839 ) ) ;
#2751 = VECTOR ( 'NONE', #1644, 1000.000000000000000 ) ;
#2752 = EDGE_CURVE ( 'NONE', #2446, #379, #606, .T. ) ;
#2753 = CARTESIAN_POINT ( 'NONE',  ( 13.44603666368404227, -13.64995387438174212, 5.733889651497853457 ) ) ;
#2754 = VERTEX_POINT ( 'NONE', #789 ) ;
#2755 = EDGE_LOOP ( 'NONE', ( #2463, #1670, #3226, #2386 ) ) ;
#2756 = CARTESIAN_POINT ( 'NONE',  ( 6.529767427991252760, -11.23382528216858667, 3.215378424066900553 ) ) ;
#2757 = CIRCLE ( 'NONE', #1840, 2.000000000000001776 ) ;
#2758 =( BOUNDED_SURFACE ( )  B_SPLINE_SURFACE ( 3, 2, ( 
 ( #2456, #943, #889 ),
 ( #2924, #2979, #1444 ),
 ( #1900, #1406, #2421 ),
 ( #924, #653, #1669 ),
 ( #2694, #2727, #409 ),
 ( #388, #1881, #444 ),
 ( #1466, #1689, #2957 ),
 ( #147, #1426, #673 ),
 ( #2475, #1210, #3153 ),
 ( #2906, #1635, #2655 ),
 ( #371, #3063, #466 ),
 ( #766, #3280, #248 ),
 ( #3017, #989, #3248 ),
 ( #2492, #2034, #975 ),
 ( #2765, #1275, #752 ),
 ( #496, #2538, #2748 ),
 ( #724, #1240, #2222 ),
 ( #1744, #3000, #1005 ),
 ( #1483, #1786, #483 ),
 ( #708, #265, #2255 ),
 ( #2810, #1496, #2794 ),
 ( #2016, #281, #2505 ),
 ( #2286, #16, #231 ),
 ( #216, #2553, #1509 ),
 ( #1755, #529, #1226 ),
 ( #2, #1528, #2271 ),
 ( #2237, #2521, #1723 ),
 ( #1542, #1016, #3264 ),
 ( #1988, #2778, #2003 ),
 ( #959, #3032, #736 ),
 ( #1259, #3045, #1767 ),
 ( #511, #2111, #1337 ) ),
 .UNSPECIFIED., .F., .F., .F. ) 
 B_SPLINE_SURFACE_WITH_KNOTS ( ( 4, 2, 2, 2, 2, 2, 2, 2, 2, 2, 2, 2, 2, 2, 2, 4 ),
 ( 3, 3 ),
 ( -1.734723475976807094E-18, 0.0008911939945754523539, 0.001336790991863179290, 0.001782387989150906443, 0.002227984986438633595, 0.002673581983726360314, 0.003119178981014087467, 0.003564775978301814620, 0.004010372975589541339, 0.004233171474233405132, 0.004455969972877268925, 0.004901566970164995644, 0.005347163967452722363, 0.005792760964740449950, 0.006238357962028176669, 0.007129551956603630974 ),
 ( 0.000000000000000000, 1.000000000000000000 ),
 .UNSPECIFIED. ) 
 GEOMETRIC_REPRESENTATION_ITEM ( )  RATIONAL_B_SPLINE_SURFACE ( (
 ( 1.000000000000000000, 0.6110556154310220478, 1.000000000000000000),
 ( 1.000000000000000000, 0.6033080359988509667, 1.000000000000000000),
 ( 1.000000000000000000, 0.5906428357501656290, 1.000000000000000000),
 ( 1.000000000000000000, 0.5648325940591994998, 1.000000000000000000),
 ( 1.000000000000000000, 0.5550918178218225973, 1.000000000000000000),
 ( 1.000000000000000000, 0.5334486125525564892, 1.000000000000000000),
 ( 1.000000000000000000, 0.5215466479942308942, 1.000000000000000000),
 ( 1.000000000000000000, 0.4964439964600128041, 1.000000000000000000),
 ( 1.000000000000000000, 0.4831771542380451367, 1.000000000000000000),
 ( 1.000000000000000000, 0.4558632133308003764, 1.000000000000000000),
 ( 1.000000000000000000, 0.4418002775161654627, 1.000000000000000000),
 ( 1.000000000000000000, 0.4140838534960474826, 1.000000000000000000),
 ( 1.000000000000000000, 0.4002853772278948674, 1.000000000000000000),
 ( 1.000000000000000000, 0.3763832763254666980, 1.000000000000000000),
 ( 1.000000000000000000, 0.3662371984022961269, 1.000000000000000000),
 ( 1.000000000000000000, 0.3528632754301592733, 1.000000000000000000),
 ( 1.000000000000000000, 0.3500243871679792340, 1.000000000000000000),
 ( 1.000000000000000000, 0.3521267766193911242, 1.000000000000000000),
 ( 1.000000000000000000, 0.3538657954128313632, 1.000000000000000000),
 ( 1.000000000000000000, 0.3592847109348537016, 1.000000000000000000),
 ( 1.000000000000000000, 0.3629007620328644212, 1.000000000000000000),
 ( 1.000000000000000000, 0.3758377110744749450, 1.000000000000000000),
 ( 1.000000000000000000, 0.3873202118517151127, 1.000000000000000000),
 ( 1.000000000000000000, 0.4124746719302410658, 1.000000000000000000),
 ( 1.000000000000000000, 0.4260163672677569902, 1.000000000000000000),
 ( 1.000000000000000000, 0.4533695915505238649, 1.000000000000000000),
 ( 1.000000000000000000, 0.4672252662413670654, 1.000000000000000000),
 ( 1.000000000000000000, 0.4943721136629533608, 1.000000000000000000),
 ( 1.000000000000000000, 0.5074931399348540095, 1.000000000000000000),
 ( 1.000000000000000000, 0.5451502542758005498, 1.000000000000000000),
 ( 1.000000000000000000, 0.5679843413689352749, 1.000000000000000000),
 ( 1.000000000000000000, 0.5883057537367716305, 1.000000000000000000) ) ) 
 REPRESENTATION_ITEM ( '' )  SURFACE ( )  );
#2759 = CARTESIAN_POINT ( 'NONE',  ( 15.49650445082207106, -15.49539264084438983, 3.985451305365212527 ) ) ;
#2760 = DIRECTION ( 'NONE',  ( 0.000000000000000000, -0.000000000000000000, -1.000000000000000000 ) ) ;
#2761 = CARTESIAN_POINT ( 'NONE',  ( 13.98369898296091307, -13.39572159142328722, 4.696018513374308867 ) ) ;
#2762 = EDGE_LOOP ( 'NONE', ( #1835, #148, #287 ) ) ;
#2763 = VECTOR ( 'NONE', #2595, 1000.000000000000000 ) ;
#2764 = DIRECTION ( 'NONE',  ( -0.000000000000000000, 0.000000000000000000, 1.000000000000000000 ) ) ;
#2765 = CARTESIAN_POINT ( 'NONE',  ( 5.798049824294550625, -14.14421115124279282, 4.955502871097786866 ) ) ;
#2766 = ORIENTED_EDGE ( 'NONE', *, *, #1104, .F. ) ;
#2767 = CARTESIAN_POINT ( 'NONE',  ( 5.121719683470504769, -16.27331479939718761, 3.221262244316297263 ) ) ;
#2768 = CARTESIAN_POINT ( 'NONE',  ( 20.03027870549959744, -16.00000000000000000, 3.000000000000000000 ) ) ;
#2769 = VERTEX_POINT ( 'NONE', #1808 ) ;
#2770 = EDGE_LOOP ( 'NONE', ( #1178, #189, #1724, #1484 ) ) ;
#2771 = CARTESIAN_POINT ( 'NONE',  ( 6.730561943939555647, -11.57141430236367974, 3.337648327100768419 ) ) ;
#2772 = CARTESIAN_POINT ( 'NONE',  ( 16.16487570558820153, -11.61183090990786404, 3.789724586036800513 ) ) ;
#2773 = CARTESIAN_POINT ( 'NONE',  ( 15.87881022452310731, -11.29724062709371779, 3.489459963382477437 ) ) ;
#2774 = B_SPLINE_CURVE_WITH_KNOTS ( 'NONE', 3,
 ( #312, #1258, #2269, #1306, #280, #1049 ),
 .UNSPECIFIED., .F., .F.,
 ( 4, 2, 4 ),
 ( 0.000000000000000000, 0.0001724347050076389747, 0.0003448694100152779494 ),
 .UNSPECIFIED. ) ;
#2775 = CARTESIAN_POINT ( 'NONE',  ( 15.97200339157277860, -15.74311462366123315, 3.970102461020799112 ) ) ;
#2776 = PERSON_AND_ORGANIZATION ( #455, #1605 ) ;
#2777 = CARTESIAN_POINT ( 'NONE',  ( 17.11888687540282561, -11.81439848942085646, 4.242738910635121208 ) ) ;
#2778 = CARTESIAN_POINT ( 'NONE',  ( 6.694373270841111889, -15.80030112106453899, 3.897014810840149224 ) ) ;
#2779 = ORIENTED_EDGE ( 'NONE', *, *, #465, .T. ) ;
#2780 = CARTESIAN_POINT ( 'NONE',  ( 5.149654206165409143, -14.64015584349264643, 4.000463372283630470 ) ) ;
#2781 = EDGE_CURVE ( 'NONE', #167, #1515, #2523, .T. ) ;
#2782 = FACE_OUTER_BOUND ( 'NONE', #1730, .T. ) ;
#2783 = ORIENTED_EDGE ( 'NONE', *, *, #2172, .T. ) ;
#2784 = VERTEX_POINT ( 'NONE', #373 ) ;
#2785 = CARTESIAN_POINT ( 'NONE',  ( 6.269834840263296627, -16.32006942129634197, 2.106722610921377026 ) ) ;
#2786 = CARTESIAN_POINT ( 'NONE',  ( 16.41829807240738504, -16.00000000000020606, 2.140905766920948583 ) ) ;
#2787 = CARTESIAN_POINT ( 'NONE',  ( 15.96981413515031356, -11.10210801976643857, 3.575307318712857896 ) ) ;
#2788 = CARTESIAN_POINT ( 'NONE',  ( 16.01770005652697648, -15.80030112106459050, 3.897014810839891208 ) ) ;
#2789 = DIRECTION ( 'NONE',  ( 0.000000000000000000, 0.000000000000000000, 1.000000000000000000 ) ) ;
#2790 = CIRCLE ( 'NONE', #1297, 1.249999999999997558 ) ;
#2791 = DIRECTION ( 'NONE',  ( -0.000000000000000000, -0.000000000000000000, -1.000000000000000000 ) ) ;
#2792 = ADVANCED_FACE ( 'NONE', ( #1902 ), #428, .F. ) ;
#2793 = VECTOR ( 'NONE', #2241, 1000.000000000000114 ) ;
#2794 = CARTESIAN_POINT ( 'NONE',  ( 6.648754725323552606, -13.73391628352569960, 3.200887692498971315 ) ) ;
#2795 = ORIENTED_EDGE ( 'NONE', *, *, #2270, .F. ) ;
#2796 = B_SPLINE_CURVE_WITH_KNOTS ( 'NONE', 3,
 ( #1684, #1701, #1999, #685, #2952, #1716, #1479, #3029 ),
 .UNSPECIFIED., .F., .F.,
 ( 4, 2, 2, 4 ),
 ( 0.000000000000000000, 0.0004362043540865606769, 0.0008724087081731213538, 0.001744817416346239889 ),
 .UNSPECIFIED. ) ;
#2797 = CARTESIAN_POINT ( 'NONE',  ( 6.051843115296958509, -11.04968930595423870, 1.733889651497825257 ) ) ;
#2798 = CARTESIAN_POINT ( 'NONE',  ( 4.276073827505706859, -18.00000000000000000, 2.787991893584702119 ) ) ;
#2799 = VERTEX_POINT ( 'NONE', #2459 ) ;
#2800 = AXIS2_PLACEMENT_3D ( 'NONE', #844, #102, #2599 ) ;
#2801 = ORIENTED_EDGE ( 'NONE', *, *, #775, .F. ) ;
#2802 = CARTESIAN_POINT ( 'NONE',  ( 6.291312653623556628, -16.16139702212884544, 2.122922461979884101 ) ) ;
#2803 = CARTESIAN_POINT ( 'NONE',  ( 16.66023021207116628, -11.04968930595423870, 0.000000000000000000 ) ) ;
#2804 = EDGE_CURVE ( 'NONE', #584, #1510, #393, .T. ) ;
#2805 = CARTESIAN_POINT ( 'NONE',  ( -11.22023827261601703, -6.549125643708114453, 3.000000000000000000 ) ) ;
#2806 = CARTESIAN_POINT ( 'NONE',  ( 17.63208288610658769, -15.42888825949168563, 3.523317807344100050 ) ) ;
#2807 = APPROVAL_DATE_TIME ( #1782, #1499 ) ;
#2808 = CARTESIAN_POINT ( 'NONE',  ( 3.494608610321821018, -16.16072732154703218, 3.000000000000000000 ) ) ;
#2809 = ADVANCED_FACE ( 'NONE', ( #2185 ), #3192, .T. ) ;
#2810 = CARTESIAN_POINT ( 'NONE',  ( 5.303267062609575255, -14.31543701944783109, 4.351909630622306402 ) ) ;
#2811 = ORIENTED_EDGE ( 'NONE', *, *, #525, .T. ) ;
#2812 = EDGE_CURVE ( 'NONE', #2725, #1009, #672, .T. ) ;
#2813 = DIRECTION ( 'NONE',  ( -1.000000000000000000, 0.000000000000000000, 0.000000000000000000 ) ) ;
#2814 = CARTESIAN_POINT ( 'NONE',  ( 6.486337788425974971, -11.28300242052862146, 3.147309425840660868 ) ) ;
#2815 = ORIENTED_EDGE ( 'NONE', *, *, #2804, .F. ) ;
#2816 = CIRCLE ( 'NONE', #50, 1.500000000000000000 ) ;
#2817 = ORIENTED_EDGE ( 'NONE', *, *, #1965, .T. ) ;
#2818 = LINE ( 'NONE', #1042, #828 ) ;
#2819 = DIRECTION ( 'NONE',  ( 0.8148574858024482115, 0.000000000000000000, 0.5796613475398484372 ) ) ;
#2820 = CARTESIAN_POINT ( 'NONE',  ( 16.02321899741017575, -12.31294138854267572, 3.269510444118898018 ) ) ;
#2821 = CARTESIAN_POINT ( 'NONE',  ( 8.418607160305898063, -12.21184955111371728, 5.509856720302441779 ) ) ;
#2822 = CARTESIAN_POINT ( 'NONE',  ( 16.23967384185774421, -16.39484528925838447, 3.445320720057848174 ) ) ;
#2823 = DIRECTION ( 'NONE',  ( 1.000000000000000000, 0.000000000000000000, 0.000000000000000000 ) ) ;
#2824 = CARTESIAN_POINT ( 'NONE',  ( 4.301961314434716854, -16.32423713213996308, 3.071891674386523441 ) ) ;
#2825 = LINE ( 'NONE', #783, #597 ) ;
#2826 = ORIENTED_EDGE ( 'NONE', *, *, #1588, .T. ) ;
#2827 = CARTESIAN_POINT ( 'NONE',  ( 4.792620052710820033, -17.58349547893022446, 2.391922479268191015 ) ) ;
#2828 = DIRECTION ( 'NONE',  ( -0.7592688025979936750, -0.6507771395811386972, 0.000000000000000000 ) ) ;
#2829 = ORIENTED_EDGE ( 'NONE', *, *, #2585, .T. ) ;
#2830 = CYLINDRICAL_SURFACE ( 'NONE', #1530, 2.000000000000000000 ) ;
#2831 = DIRECTION ( 'NONE',  ( -0.000000000000000000, -0.000000000000000000, 1.000000000000000000 ) ) ;
#2832 = ADVANCED_FACE ( 'NONE', ( #657 ), #1652, .F. ) ;
#2833 = DIRECTION ( 'NONE',  ( -0.000000000000000000, -0.000000000000000000, -1.000000000000000000 ) ) ;
#2834 = DIRECTION ( 'NONE',  ( -0.000000000000000000, -0.000000000000000000, 1.000000000000000000 ) ) ;
#2835 = CARTESIAN_POINT ( 'NONE',  ( 16.19452165435838964, -16.18420078754220981, 3.559549222891296161 ) ) ;
#2836 = LINE ( 'NONE', #795, #1293 ) ;
#2837 = CARTESIAN_POINT ( 'NONE',  ( -19.22946106578825010, 7.999999999999996447, 0.000000000000000000 ) ) ;
#2838 = CIRCLE ( 'NONE', #652, 1.500000000000000222 ) ;
#2839 = CARTESIAN_POINT ( 'NONE',  ( 15.77167633008493652, -11.06910981703861907, 4.207255634911179598 ) ) ;
#2840 = VERTEX_POINT ( 'NONE', #2941 ) ;
#2841 = EDGE_CURVE ( 'NONE', #2166, #1922, #1578, .T. ) ;
#2842 = VECTOR ( 'NONE', #2791, 1000.000000000000000 ) ;
#2843 = CARTESIAN_POINT ( 'NONE',  ( 5.296001210605897569, -17.76516013478665457, 2.255962526048657324 ) ) ;
#2844 = CARTESIAN_POINT ( 'NONE',  ( 17.60191637838941148, -16.47614126945259372, 3.164718252669696419 ) ) ;
#2845 = ORIENTED_EDGE ( 'NONE', *, *, #1030, .T. ) ;
#2846 = CARTESIAN_POINT ( 'NONE',  ( 6.509400798550426082, -11.99743037537389334, 2.954523247920643580 ) ) ;
#2847 = CARTESIAN_POINT ( 'NONE',  ( 20.03027870549959744, -18.00000000000000355, 1.000000000000000000 ) ) ;
#2848 = CARTESIAN_POINT ( 'NONE',  ( 15.79005783168656762, -11.17842772037515431, 3.785052729425173457 ) ) ;
#2849 = CARTESIAN_POINT ( 'NONE',  ( -10.27548389606760537, 2.266725329581253501, 2.000000000000000000 ) ) ;
#2850 = CIRCLE ( 'NONE', #1410, 2.000000000000000000 ) ;
#2851 = DIRECTION ( 'NONE',  ( 0.8148574857992705311, 0.000000000000000000, -0.5796613475443151975 ) ) ;
#2852 = DIRECTION ( 'NONE',  ( -1.000000000000000000, 0.000000000000000000, 0.000000000000000000 ) ) ;
#2853 = CARTESIAN_POINT ( 'NONE',  ( 6.395456201356641834, -11.45778275393968393, 3.498942672509508967 ) ) ;
#2854 = CARTESIAN_POINT ( 'NONE',  ( 15.78504580964462356, -14.52051416683274354, 5.624616684183777693 ) ) ;
#2855 = ORIENTED_EDGE ( 'NONE', *, *, #3185, .F. ) ;
#2856 = VECTOR ( 'NONE', #2193, 1000.000000000000000 ) ;
#2857 = CARTESIAN_POINT ( 'NONE',  ( 11.35603666368406195, -6.875000000000007994, 1.607831578947366280 ) ) ;
#2858 = ORIENTED_EDGE ( 'NONE', *, *, #1208, .F. ) ;
#2859 = ADVANCED_FACE ( 'NONE', ( #2204 ), #1090, .T. ) ;
#2860 = DIRECTION ( 'NONE',  ( -1.000000000000000000, 0.000000000000000000, 0.000000000000000000 ) ) ;
#2861 = CARTESIAN_POINT ( 'NONE',  ( 15.85105671655135851, -11.07619192855253232, 3.839165377960150671 ) ) ;
#2862 = EDGE_CURVE ( 'NONE', #772, #530, #1708, .T. ) ;
#2863 = CARTESIAN_POINT ( 'NONE',  ( 22.77053893421177477, -8.000000000000003553, 3.000000000000000000 ) ) ;
#2864 = DIRECTION ( 'NONE',  ( 1.000000000000000000, 0.000000000000000000, 0.000000000000000000 ) ) ;
#2865 = DIRECTION ( 'NONE',  ( -1.000000000000000000, 0.000000000000000000, 0.000000000000000000 ) ) ;
#2866 = ADVANCED_FACE ( 'NONE', ( #1469 ), #1705, .T. ) ;
#2867 = CIRCLE ( 'NONE', #425, 4.000000000000000000 ) ;
#2868 = DIRECTION ( 'NONE',  ( 0.000000000000000000, 0.000000000000000000, 1.000000000000000000 ) ) ;
#2869 = VERTEX_POINT ( 'NONE', #2797 ) ;
#2870 = B_SPLINE_CURVE_WITH_KNOTS ( 'NONE', 3,
 ( #383, #62, #800, #2590 ),
 .UNSPECIFIED., .F., .F.,
 ( 4, 4 ),
 ( -9.048049790184613378E-06, 0.001361246463297991535 ),
 .UNSPECIFIED. ) ;
#2871 = CARTESIAN_POINT ( 'NONE',  ( 13.45578537695682897, -12.60044491202161332, 5.733889643629120236 ) ) ;
#2872 =( BOUNDED_SURFACE ( )  B_SPLINE_SURFACE ( 3, 2, ( 
 ( #2787, #2773, #999 ),
 ( #1251, #536, #1550 ),
 ( #1752, #2563, #2264 ),
 ( #492, #3072, #1027 ),
 ( #23, #291, #1997 ),
 ( #746, #1504, #1301 ),
 ( #2513, #3274, #40 ),
 ( #776, #2044, #2057 ),
 ( #3083, #2280, #275 ),
 ( #3040, #1796, #1537 ),
 ( #241, #791, #3289 ),
 ( #1234, #1810, #2820 ) ),
 .UNSPECIFIED., .F., .F., .F. ) 
 B_SPLINE_SURFACE_WITH_KNOTS ( ( 4, 2, 2, 2, 2, 4 ),
 ( 3, 3 ),
 ( -6.300895135508133293E-15, 0.0001275666149542715240, 0.0002551332299148439432, 0.0005102664598359888358, 0.0007653996897571337284, 0.001020532919678278621 ),
 ( 0.000000000000000000, 1.000000000000000000 ),
 .UNSPECIFIED. ) 
 GEOMETRIC_REPRESENTATION_ITEM ( )  RATIONAL_B_SPLINE_SURFACE ( (
 ( 1.000000000000000000, 0.9604954413330623053, 1.000000000000000000),
 ( 1.000000000000000000, 0.9637344041152356988, 1.000000000000000000),
 ( 1.000000000000000000, 0.9658444124924974172, 1.000000000000000000),
 ( 1.000000000000000000, 0.9674668273519975159, 1.000000000000000000),
 ( 1.000000000000000000, 0.9669748171061429698, 1.000000000000000000),
 ( 1.000000000000000000, 0.9628275986218917115, 1.000000000000000000),
 ( 1.000000000000000000, 0.9568395800158485676, 1.000000000000000000),
 ( 1.000000000000000000, 0.9443784526887269992, 1.000000000000000000),
 ( 1.000000000000000000, 0.9375968214468679562, 1.000000000000000000),
 ( 1.000000000000000000, 0.9235451469972095762, 1.000000000000000000),
 ( 1.000000000000000000, 0.9160673121155487042, 1.000000000000000000),
 ( 1.000000000000000000, 0.9074633199231799674, 1.000000000000000000) ) ) 
 REPRESENTATION_ITEM ( '' )  SURFACE ( )  );
#2873 = DIRECTION ( 'NONE',  ( 0.8660068093878584561, -0.5000322050566957666, 0.000000000000000000 ) ) ;
#2874 = EDGE_LOOP ( 'NONE', ( #229, #2544, #2506, #111 ) ) ;
#2875 = CARTESIAN_POINT ( 'NONE',  ( 6.688854329961157141, -12.31294138856014264, 3.269510444124277715 ) ) ;
#2876 = CARTESIAN_POINT ( 'NONE',  ( -12.47128208403741745, -3.479834018071063628, 3.000000000000000000 ) ) ;
#2877 = CARTESIAN_POINT ( 'NONE',  ( -12.47128208403741745, -3.479834018071063628, 2.000000000000000000 ) ) ;
#2878 = CARTESIAN_POINT ( 'NONE',  ( 26.52053893421177477, -1.734723475976807094E-15, 3.000000000000000000 ) ) ;
#2879 = CARTESIAN_POINT ( 'NONE',  ( 6.768608234601967588, -10.88083940506075464, 4.242738987933521777 ) ) ;
#2880 = CARTESIAN_POINT ( 'NONE',  ( 6.051843115296958509, -11.04968930595423870, 1.733889651497825257 ) ) ;
#2881 = VECTOR ( 'NONE', #2973, 1000.000000000000000 ) ;
#2882 = FACE_OUTER_BOUND ( 'NONE', #1357, .T. ) ;
#2883 = VERTEX_POINT ( 'NONE', #1263 ) ;
#2884 = CARTESIAN_POINT ( 'NONE',  ( 14.29346616706239459, -12.21184955111363202, 5.509856720302357402 ) ) ;
#2885 = AXIS2_PLACEMENT_3D ( 'NONE', #1873, #2410, #2154 ) ;
#2886 = CARTESIAN_POINT ( 'NONE',  ( 0.000000000000000000, 17.99999999999999645, 1.000000000000000000 ) ) ;
#2887 = ORIENTED_EDGE ( 'NONE', *, *, #3164, .F. ) ;
#2888 = CIRCLE ( 'NONE', #2085, 2.000000000000000000 ) ;
#2889 = DIRECTION ( 'NONE',  ( -1.000000000000000000, 0.000000000000000000, 0.000000000000000000 ) ) ;
#2890 = DIRECTION ( 'NONE',  ( 0.000000000000000000, 0.000000000000000000, -1.000000000000000000 ) ) ;
#2891 = CARTESIAN_POINT ( 'NONE',  ( 17.60191637838941148, -16.47614126945259372, 3.164718252669696419 ) ) ;
#2892 = VECTOR ( 'NONE', #3252, 1000.000000000000000 ) ;
#2893 = CARTESIAN_POINT ( 'NONE',  ( 15.10054095587964085, -12.52482279098758333, 4.247134126085855499 ) ) ;
#2894 = CARTESIAN_POINT ( 'NONE',  ( 6.443188994443483253, -11.58880974617108883, 2.999999928661089665 ) ) ;
#2895 = ORIENTED_EDGE ( 'NONE', *, *, #621, .F. ) ;
#2896 = COORDINATED_UNIVERSAL_TIME_OFFSET ( 8, 0, .BEHIND. ) ;
#2897 = ADVANCED_FACE ( 'NONE', ( #1990 ), #1243, .F. ) ;
#2898 = CARTESIAN_POINT ( 'NONE',  ( 6.320099708617171075, -11.38544735084647996, 2.383392200595950694 ) ) ;
#2899 = AXIS2_PLACEMENT_3D ( 'NONE', #1333, #71, #2138 ) ;
#2900 = CARTESIAN_POINT ( 'NONE',  ( 5.021344332738459926, -16.97547437264384840, 2.956384504653933210 ) ) ;
#2901 = CARTESIAN_POINT ( 'NONE',  ( 13.44603666368404760, -7.000000000000002665, 4.733889651497853457 ) ) ;
#2902 = EDGE_LOOP ( 'NONE', ( #2137, #488, #1467, #2683 ) ) ;
#2903 = EDGE_CURVE ( 'NONE', #126, #2342, #1531, .T. ) ;
#2904 = EDGE_CURVE ( 'NONE', #873, #2101, #926, .T. ) ;
#2905 = CARTESIAN_POINT ( 'NONE',  ( -24.22946106578824654, -1.734723475976807094E-15, 3.000000000000000000 ) ) ;
#2906 = CARTESIAN_POINT ( 'NONE',  ( 6.619719049529163790, -14.39587152288534355, 5.486525581191194156 ) ) ;
#2907 = ORIENTED_EDGE ( 'NONE', *, *, #282, .T. ) ;
#2908 = CARTESIAN_POINT ( 'NONE',  ( 15.88343947614627538, -10.95087191131156068, 3.446111169330257074 ) ) ;
#2909 = CARTESIAN_POINT ( 'NONE',  ( -11.22023827261601703, -2.550550024661256021, 2.000000000000000000 ) ) ;
#2910 = DIRECTION ( 'NONE',  ( 0.000000000000000000, 0.000000000000000000, -1.000000000000000000 ) ) ;
#2911 = CARTESIAN_POINT ( 'NONE',  ( 2.681794621868526463, -16.00000000000000000, 1.000000000000000000 ) ) ;
#2912 = AXIS2_PLACEMENT_3D ( 'NONE', #1328, #2329, #98 ) ;
#2913 = EDGE_CURVE ( 'NONE', #1515, #822, #2373, .T. ) ;
#2914 = EDGE_LOOP ( 'NONE', ( #1211, #1445, #170, #756 ) ) ;
#2915 = CARTESIAN_POINT ( 'NONE',  ( 6.266036663684054098, -11.66816179572523637, 0.000000000000000000 ) ) ;
#2916 = ORIENTED_EDGE ( 'NONE', *, *, #2172, .F. ) ;
#2917 = B_SPLINE_CURVE_WITH_KNOTS ( 'NONE', 3,
 ( #859, #2389, #1843, #100 ),
 .UNSPECIFIED., .F., .F.,
 ( 4, 4 ),
 ( 0.000000000000000000, 0.001585861951315061273 ),
 .UNSPECIFIED. ) ;
#2918 = CARTESIAN_POINT ( 'NONE',  ( 15.97998367150584009, -10.83823278004914670, 4.242738910635121208 ) ) ;
#2919 = CYLINDRICAL_SURFACE ( 'NONE', #2129, 1.000000000000000000 ) ;
#2920 = VERTEX_POINT ( 'NONE', #2240 ) ;
#2921 = EDGE_CURVE ( 'NONE', #253, #956, #468, .T. ) ;
#2922 = B_SPLINE_CURVE_WITH_KNOTS ( 'NONE', 3,
 ( #1311, #2370, #1806, #2844 ),
 .UNSPECIFIED., .F., .F.,
 ( 4, 4 ),
 ( 0.000000000000000000, 0.0002108779191275955602 ),
 .UNSPECIFIED. ) ;
#2923 = CARTESIAN_POINT ( 'NONE',  ( 14.44336119310808719, -13.08817952585445710, 4.565864953982591956 ) ) ;
#2924 = CARTESIAN_POINT ( 'NONE',  ( 8.678673130963861837, -15.18111456101298806, 5.987111718231974855 ) ) ;
#2925 = ORIENTED_EDGE ( 'NONE', *, *, #2921, .T. ) ;
#2926 = DIRECTION ( 'NONE',  ( 1.000000000000000000, 0.000000000000000000, 0.000000000000000000 ) ) ;
#2927 = DIRECTION ( 'NONE',  ( -0.2947813822284873209, -0.9555647213514437688, 0.000000000000000000 ) ) ;
#2928 = FACE_OUTER_BOUND ( 'NONE', #2902, .T. ) ;
#2929 = ORIENTED_EDGE ( 'NONE', *, *, #3060, .F. ) ;
#2930 = CARTESIAN_POINT ( 'NONE',  ( -11.22023827261601703, -2.550550024661256021, 3.000000000000000000 ) ) ;
#2931 = VERTEX_POINT ( 'NONE', #3283 ) ;
#2932 = CARTESIAN_POINT ( 'NONE',  ( 1.734723475976807094E-14, 12.88322821025619547, 2.000000000000000000 ) ) ;
#2933 = DIRECTION ( 'NONE',  ( -0.000000000000000000, -0.000000000000000000, -1.000000000000000000 ) ) ;
#2934 = LINE ( 'NONE', #719, #3068 ) ;
#2935 = CARTESIAN_POINT ( 'NONE',  ( -11.22023827261601703, -2.550550024661256021, 2.000000000000000000 ) ) ;
#2936 = CARTESIAN_POINT ( 'NONE',  ( 6.972721370728082846, -11.10293862994262604, 4.195306233475892377 ) ) ;
#2937 = ORIENTED_EDGE ( 'NONE', *, *, #1452, .F. ) ;
#2938 = CARTESIAN_POINT ( 'NONE',  ( 18.44603666368407247, -18.00000000000000355, 1.089823964423707992 ) ) ;
#2939 = CARTESIAN_POINT ( 'NONE',  ( 6.952962461094163160, -11.08226010207205903, 4.338164837820687403 ) ) ;
#2940 = VERTEX_POINT ( 'NONE', #18 ) ;
#2941 = CARTESIAN_POINT ( 'NONE',  ( 13.44603666368404760, -13.64995387438174212, 4.733889651497853457 ) ) ;
#2942 = DIRECTION ( 'NONE',  ( 1.000000000000000000, 0.000000000000000000, 0.000000000000000000 ) ) ;
#2943 = FACE_OUTER_BOUND ( 'NONE', #1010, .T. ) ;
#2944 = ORIENTED_EDGE ( 'NONE', *, *, #1792, .F. ) ;
#2945 = AXIS2_PLACEMENT_3D ( 'NONE', #314, #91, #1083 ) ;
#2946 = DIRECTION ( 'NONE',  ( 0.000000000000000000, 0.000000000000000000, -1.000000000000000000 ) ) ;
#2947 = ORIENTED_EDGE ( 'NONE', *, *, #1735, .T. ) ;
#2948 = CARTESIAN_POINT ( 'NONE',  ( 8.363998602026365248, -13.95394361961118790, 4.603979951441509400 ) ) ;
#2949 = VECTOR ( 'NONE', #5, 1000.000000000000000 ) ;
#2950 = CARTESIAN_POINT ( 'NONE',  ( 11.35603666368406195, -6.875000000000007994, 6.401339659686815509 ) ) ;
#2951 = CARTESIAN_POINT ( 'NONE',  ( 15.64876069232000511, -15.75843254439501351, 3.791350417619021140 ) ) ;
#2952 = CARTESIAN_POINT ( 'NONE',  ( 6.348172925948582623, -11.80474197534015879, 2.443906121674940479 ) ) ;
#2953 = DIRECTION ( 'NONE',  ( 0.000000000000000000, 0.000000000000000000, 1.000000000000000000 ) ) ;
#2954 = VERTEX_POINT ( 'NONE', #2273 ) ;
#2955 = VECTOR ( 'NONE', #2729, 1000.000000000000000 ) ;
#2956 = DIRECTION ( 'NONE',  ( -0.000000000000000000, -0.000000000000000000, -1.000000000000000000 ) ) ;
#2957 = CARTESIAN_POINT ( 'NONE',  ( 8.122787605115716403, -13.83451826302639276, 4.509542117836416786 ) ) ;
#2958 = VERTEX_POINT ( 'NONE', #499 ) ;
#2959 = ADVANCED_FACE ( 'NONE', ( #3251 ), #2018, .T. ) ;
#2960 = DIRECTION ( 'NONE',  ( -0.8030980282338169296, 0.5958469241734454247, 0.000000000000000000 ) ) ;
#2961 = CARTESIAN_POINT ( 'NONE',  ( 16.44603666368406891, -11.66816179572523637, 1.881748699531653690 ) ) ;
#2962 = CARTESIAN_POINT ( 'NONE',  ( -11.22023827261601703, -6.549125643708114453, 2.000000000000000000 ) ) ;
#2963 = ORIENTED_EDGE ( 'NONE', *, *, #1208, .T. ) ;
#2964 = LINE ( 'NONE', #2654, #243 ) ;
#2965 = AXIS2_PLACEMENT_3D ( 'NONE', #490, #2530, #1298 ) ;
#2966 =( BOUNDED_SURFACE ( )  B_SPLINE_SURFACE ( 3, 2, ( 
 ( #38, #224, #1732 ),
 ( #1011, #1535, #2802 ),
 ( #1024, #1547, #2785 ),
 ( #2009, #2511, #502 ) ),
 .UNSPECIFIED., .F., .F., .T. ) 
 B_SPLINE_SURFACE_WITH_KNOTS ( ( 4, 4 ),
 ( 3, 3 ),
 ( 0.000000000000000000, 0.0002512302104381089604 ),
 ( 0.000000000000000000, 1.000000000000000000 ),
 .UNSPECIFIED. ) 
 GEOMETRIC_REPRESENTATION_ITEM ( )  RATIONAL_B_SPLINE_SURFACE ( (
 ( 1.000000000000000000, 0.5883057537367720746, 1.000000000000000000),
 ( 1.000000000000000000, 0.6034127706141961811, 1.000000000000000000),
 ( 1.000000000000000000, 0.6180958379042171824, 1.000000000000000000),
 ( 1.000000000000000000, 0.6317387815244166482, 1.000000000000000000) ) ) 
 REPRESENTATION_ITEM ( '' )  SURFACE ( )  );
#2967 = EDGE_CURVE ( 'NONE', #3, #674, #569, .T. ) ;
#2968 = ORIENTED_EDGE ( 'NONE', *, *, #476, .F. ) ;
#2969 = CARTESIAN_POINT ( 'NONE',  ( 17.59035364389761114, -16.27331479939727998, 3.221262244316271950 ) ) ;
#2970 = CARTESIAN_POINT ( 'NONE',  ( 16.96172240042517032, -17.49890513268309888, 2.733270176351184411 ) ) ;
#2971 = B_SPLINE_CURVE_WITH_KNOTS ( 'NONE', 3,
 ( #482, #3016, #1495, #1704 ),
 .UNSPECIFIED., .F., .F.,
 ( 4, 4 ),
 ( 0.000000000000000000, 0.0004829199999350475801 ),
 .UNSPECIFIED. ) ;
#2972 = CARTESIAN_POINT ( 'NONE',  ( 14.96309448916019846, -14.85456031354904383, 5.860725394592540383 ) ) ;
#2973 = DIRECTION ( 'NONE',  ( -0.000000000000000000, -1.000000000000000000, -0.000000000000000000 ) ) ;
#2974 = DIRECTION ( 'NONE',  ( -0.000000000000000000, 0.000000000000000000, 1.000000000000000000 ) ) ;
#2975 = EDGE_CURVE ( 'NONE', #1434, #1905, #2320, .T. ) ;
#2976 = ORIENTED_EDGE ( 'NONE', *, *, #1741, .T. ) ;
#2977 = CARTESIAN_POINT ( 'NONE',  ( 11.35603666368406195, -6.875000000000007994, 6.224609478709719923 ) ) ;
#2978 = EDGE_CURVE ( 'NONE', #692, #1922, #2870, .T. ) ;
#2979 = CARTESIAN_POINT ( 'NONE',  ( 8.663271072703068398, -15.52442213125488912, 4.708234042173324418 ) ) ;
#2980 = ORIENTED_EDGE ( 'NONE', *, *, #204, .F. ) ;
#2981 = ADVANCED_FACE ( 'NONE', ( #1401 ), #2735, .T. ) ;
#2982 = DIRECTION ( 'NONE',  ( -1.000000000000000000, 0.000000000000000000, 0.000000000000000000 ) ) ;
#2983 = DIRECTION ( 'NONE',  ( -0.5958469241734452027, -0.8030980282338169296, 0.000000000000000000 ) ) ;
#2984 = CARTESIAN_POINT ( 'NONE',  ( 27.77053893421177122, -1.734723475976807094E-15, 3.000000000000000000 ) ) ;
#2985 = EDGE_LOOP ( 'NONE', ( #2367, #980, #182, #562 ) ) ;
#2986 = CARTESIAN_POINT ( 'NONE',  ( 4.836003627233028901, -17.93446872806200787, 1.733456497187064960 ) ) ;
#2987 = CIRCLE ( 'NONE', #106, 1.000000000000000888 ) ;
#2988 = VERTEX_POINT ( 'NONE', #648 ) ;
#2989 = CARTESIAN_POINT ( 'NONE',  ( 22.77053893421171438, -16.00000000000000000, 1.000000000000000000 ) ) ;
#2990 = CARTESIAN_POINT ( 'NONE',  ( 17.78237421243829530, -17.27479510342887892, 2.734770523170959589 ) ) ;
#2991 = EDGE_CURVE ( 'NONE', #530, #1731, #1895, .T. ) ;
#2992 = ADVANCED_FACE ( 'NONE', ( #1631 ), #2919, .T. ) ;
#2993 = CIRCLE ( 'NONE', #1970, 1.000000000000000222 ) ;
#2994 = DIRECTION ( 'NONE',  ( -0.000000000000000000, 0.000000000000000000, 1.000000000000000000 ) ) ;
#2995 = CARTESIAN_POINT ( 'NONE',  ( 11.35603666368406195, -6.875000000000007994, 4.242738910632480653 ) ) ;
#2996 = PLANE ( 'NONE',  #2469 ) ;
#2997 = ORIENTED_EDGE ( 'NONE', *, *, #588, .F. ) ;
#2998 = ADVANCED_FACE ( 'NONE', ( #2160 ), #2304, .T. ) ;
#2999 = CARTESIAN_POINT ( 'NONE',  ( -22.97946106578825010, -1.581642626083388356E-15, 3.000000000000000000 ) ) ;
#3000 = CARTESIAN_POINT ( 'NONE',  ( 7.294518871514370062, -16.07067409327187235, 4.198825329137503282 ) ) ;
#3001 = ORIENTED_EDGE ( 'NONE', *, *, #3140, .T. ) ;
#3002 = CARTESIAN_POINT ( 'NONE',  ( 5.769658025195059103, -14.14048014389651087, 4.930948189780067992 ) ) ;
#3003 = CARTESIAN_POINT ( 'NONE',  ( 16.04806775474885328, -12.15566691933708121, 3.227753181268332217 ) ) ;
#3004 = AXIS2_PLACEMENT_3D ( 'NONE', #2013, #1033, #2077 ) ;
#3005 = VERTEX_POINT ( 'NONE', #143 ) ;
#3006 = VERTEX_POINT ( 'NONE', #34 ) ;
#3007 = CARTESIAN_POINT ( 'NONE',  ( 6.703669026266606323, -11.11005789760863927, 3.504764650495652667 ) ) ;
#3008 = TOROIDAL_SURFACE ( 'NONE', #3215, 7.999999999999998224, 2.000000000000000000 ) ;
#3009 = CARTESIAN_POINT ( 'NONE',  ( 16.06378096873676142, -11.73125124542348807, 3.238714186884080970 ) ) ;
#3010 = B_SPLINE_CURVE_WITH_KNOTS ( 'NONE', 3,
 ( #2352, #2369, #3151, #1355 ),
 .UNSPECIFIED., .F., .F.,
 ( 4, 4 ),
 ( -9.047827814943011415E-06, 0.001365321806003119134 ),
 .UNSPECIFIED. ) ;
#3011 = CIRCLE ( 'NONE', #1565, 6.089999999999999858 ) ;
#3012 = CARTESIAN_POINT ( 'NONE',  ( 7.098675072076461312, -11.23475446249731569, 4.535930865402226786 ) ) ;
#3013 = CARTESIAN_POINT ( 'NONE',  ( -6.129967210265983013, 2.266725329581253501, 2.000000000000000000 ) ) ;
#3014 = FACE_OUTER_BOUND ( 'NONE', #1803, .T. ) ;
#3015 = ORIENTED_EDGE ( 'NONE', *, *, #961, .F. ) ;
#3016 = CARTESIAN_POINT ( 'NONE',  ( 16.44217183501840651, -16.31981094736333304, 2.106746820256142794 ) ) ;
#3017 = CARTESIAN_POINT ( 'NONE',  ( 6.124378191330191790, -14.21558121858925361, 5.206339078328849901 ) ) ;
#3018 = ORIENTED_EDGE ( 'NONE', *, *, #2486, .T. ) ;
#3019 = EDGE_CURVE ( 'NONE', #772, #423, #3109, .T. ) ;
#3020 = CARTESIAN_POINT ( 'NONE',  ( 6.215783318855336859, -14.24534716061069339, 5.265252452143037942 ) ) ;
#3021 = VECTOR ( 'NONE', #354, 1000.000000000000114 ) ;
#3022 = CARTESIAN_POINT ( 'NONE',  ( 4.527064918747544020, -18.00000000000000355, 1.102320134236192128 ) ) ;
#3023 = ORIENTED_EDGE ( 'NONE', *, *, #1623, .F. ) ;
#3024 = ORIENTED_EDGE ( 'NONE', *, *, #1041, .T. ) ;
#3025 = FACE_OUTER_BOUND ( 'NONE', #1501, .T. ) ;
#3026 = CARTESIAN_POINT ( 'NONE',  ( 3.306050373896828098, -6.875000000000007105, 7.777215747179623939 ) ) ;
#3027 = CIRCLE ( 'NONE', #726, 3.000000000000000000 ) ;
#3028 = CARTESIAN_POINT ( 'NONE',  ( 15.95792783616364829, -13.59963975216658838, 3.374989317154471369 ) ) ;
#3029 = CARTESIAN_POINT ( 'NONE',  ( 6.687958565526856525, -12.30730476678657759, 3.268006113766015464 ) ) ;
#3030 = CC_DESIGN_PERSON_AND_ORGANIZATION_ASSIGNMENT ( #2635, #121, ( #2349 ) ) ;
#3031 = CARTESIAN_POINT ( 'NONE',  ( 4.266036663684054098, -16.00000000000000000, 3.000000000000000000 ) ) ;
#3032 = CARTESIAN_POINT ( 'NONE',  ( 6.577707105848046076, -16.00265149572111412, 3.691400575057185662 ) ) ;
#3033 = ORIENTED_EDGE ( 'NONE', *, *, #222, .T. ) ;
#3034 = CARTESIAN_POINT ( 'NONE',  ( 15.75777618879385678, -11.08365645462851390, 4.339026384044240459 ) ) ;
#3035 = FACE_OUTER_BOUND ( 'NONE', #1942, .T. ) ;
#3036 = ORIENTED_EDGE ( 'NONE', *, *, #3079, .T. ) ;
#3037 = ORIENTED_EDGE ( 'NONE', *, *, #2978, .T. ) ;
#3038 = CARTESIAN_POINT ( 'NONE',  ( -10.95016594160859391, 6.820829136982932361, 2.000000000000000000 ) ) ;
#3039 = CARTESIAN_POINT ( 'NONE',  ( 16.56766388616062713, -16.74276771764537841, 2.060815934852933129 ) ) ;
#3040 = CARTESIAN_POINT ( 'NONE',  ( 16.52591582250830626, -12.28930525005373831, 2.868895439480398490 ) ) ;
#3041 = EDGE_CURVE ( 'NONE', #2784, #799, #593, .T. ) ;
#3042 = CARTESIAN_POINT ( 'NONE',  ( 17.10314535304601691, -14.14442465384030356, 4.771487728041452492 ) ) ;
#3043 = ADVANCED_FACE ( 'NONE', ( #2339 ), #47, .T. ) ;
#3044 = CARTESIAN_POINT ( 'NONE',  ( 15.79543972323054568, -11.04424042917491811, 4.314719547752760676 ) ) ;
#3045 = CARTESIAN_POINT ( 'NONE',  ( 6.517551673008047608, -16.18420078754081715, 3.559549222889952791 ) ) ;
#3046 = ORIENTED_EDGE ( 'NONE', *, *, #2376, .T. ) ;
#3047 = AXIS2_PLACEMENT_3D ( 'NONE', #3071, #1503, #2819 ) ;
#3048 = CARTESIAN_POINT ( 'NONE',  ( 5.477254901433723511, -14.17570426462735256, 4.618262332474214915 ) ) ;
#3049 = LINE ( 'NONE', #1576, #3159 ) ;
#3050 = ORIENTED_EDGE ( 'NONE', *, *, #1558, .F. ) ;
#3051 = ORIENTED_EDGE ( 'NONE', *, *, #1850, .F. ) ;
#3052 = CIRCLE ( 'NONE', #1343, 8.720367286851871569 ) ;
#3053 = CARTESIAN_POINT ( 'NONE',  ( 6.742259192217759711, -11.10210801977147987, 3.575307318710306603 ) ) ;
#3054 = CARTESIAN_POINT ( 'NONE',  ( 16.01948139421262596, -12.31358363730162075, 3.275765852402063860 ) ) ;
#3055 = FACE_BOUND ( 'NONE', #399, .T. ) ;
#3056 = EDGE_CURVE ( 'NONE', #698, #163, #439, .T. ) ;
#3057 = CARTESIAN_POINT ( 'NONE',  ( 17.61630981127603590, -14.97771028084264167, 3.761678721398347580 ) ) ;
#3058 = CALENDAR_DATE ( 2026, 24, 4 ) ;
#3059 = AXIS2_PLACEMENT_3D ( 'NONE', #831, #1851, #2868 ) ;
#3060 = EDGE_CURVE ( 'NONE', #2754, #2920, #2250, .T. ) ;
#3061 = FACE_OUTER_BOUND ( 'NONE', #3217, .T. ) ;
#3062 = CIRCLE ( 'NONE', #1614, 2.000000000000000000 ) ;
#3063 = CARTESIAN_POINT ( 'NONE',  ( 7.157661208199348479, -15.54591847239650626, 3.923644298786057139 ) ) ;
#3064 = VERTEX_POINT ( 'NONE', #666 ) ;
#3065 = CARTESIAN_POINT ( 'NONE',  ( 7.171904823134172879, -14.62448802841774587, 5.711031020417871140 ) ) ;
#3066 = CARTESIAN_POINT ( 'NONE',  ( 5.125413212882385494, -16.47900731390484808, 3.166473179947412397 ) ) ;
#3067 = ORIENTED_EDGE ( 'NONE', *, *, #2040, .T. ) ;
#3068 = VECTOR ( 'NONE', #1980, 1000.000000000000000 ) ;
#3069 = ORIENTED_EDGE ( 'NONE', *, *, #1511, .F. ) ;
#3070 = CARTESIAN_POINT ( 'NONE',  ( 6.764916514467040898, -11.31304615499172250, 3.391658116398989620 ) ) ;
#3071 = CARTESIAN_POINT ( 'NONE',  ( 16.54249510972591253, -11.52813864857131776, 3.936602772159763397 ) ) ;
#3072 = CARTESIAN_POINT ( 'NONE',  ( 16.01198819826211661, -11.35787059226445983, 3.291462894024147268 ) ) ;
#3073 = CARTESIAN_POINT ( 'NONE',  ( 7.624925422360344207, -12.53867634175864154, 4.256237357188257242 ) ) ;
#3074 = CARTESIAN_POINT ( 'NONE',  ( 17.60953127779683669, -16.02500147965243471, 3.289423382128707107 ) ) ;
#3075 = DIRECTION ( 'NONE',  ( -1.000000000000000000, 0.000000000000000000, 0.000000000000000000 ) ) ;
#3076 = DIRECTION ( 'NONE',  ( 1.000000000000000000, 0.000000000000000000, 0.000000000000000000 ) ) ;
#3077 = ORIENTED_EDGE ( 'NONE', *, *, #524, .F. ) ;
#3078 = TOROIDAL_SURFACE ( 'NONE', #2912, 12.58999999999999986, 4.000000000000000000 ) ;
#3079 = EDGE_CURVE ( 'NONE', #1017, #2242, #2796, .T. ) ;
#3080 = DIRECTION ( 'NONE',  ( -0.000000000000000000, 0.000000000000000000, 1.000000000000000000 ) ) ;
#3081 = CARTESIAN_POINT ( 'NONE',  ( 3.464423902562909330, -16.15475854325976357, 3.000000000000000000 ) ) ;
#3082 = DIRECTION ( 'NONE',  ( -1.000000000000000000, 0.000000000000000000, 0.000000000000000000 ) ) ;
#3083 = CARTESIAN_POINT ( 'NONE',  ( 16.48283267371757788, -12.00650604827398205, 2.852881185315681467 ) ) ;
#3084 = DIRECTION ( 'NONE',  ( -0.000000000000000000, 0.000000000000000000, -1.000000000000000000 ) ) ;
#3085 = PRODUCT ( 'EDM Power Cover 2', 'EDM Power Cover 2', '', ( #2583 ) ) ;
#3086 = CARTESIAN_POINT ( 'NONE',  ( 6.821464206287057408, -11.52813864857238357, 3.472873694131959343 ) ) ;
#3087 = B_SPLINE_CURVE_WITH_KNOTS ( 'NONE', 3,
 ( #1951, #1189, #1706, #905, #3208, #3189, #2673, #2939 ),
 .UNSPECIFIED., .F., .F.,
 ( 4, 2, 2, 4 ),
 ( 2.317069057546014427E-15, 0.0002517528812910702291, 0.0005035057625798234097, 0.001007011525157329879 ),
 .UNSPECIFIED. ) ;
#3088 = DIRECTION ( 'NONE',  ( 0.000000000000000000, 0.000000000000000000, -1.000000000000000000 ) ) ;
#3089 = DIRECTION ( 'NONE',  ( 0.1465486610894621289, -0.9892034623538707994, 0.000000000000000000 ) ) ;
#3090 = ORIENTED_EDGE ( 'NONE', *, *, #1305, .F. ) ;
#3091 =( BOUNDED_SURFACE ( )  B_SPLINE_SURFACE ( 3, 2, ( 
 ( #2362, #2108, #3132 ),
 ( #2879, #3144, #1112 ),
 ( #864, #1875, #2894 ),
 ( #1628, #56, #2649 ),
 ( #364, #2395, #1127 ),
 ( #119, #3162, #1892 ) ),
 .UNSPECIFIED., .F., .F., .T. ) 
 B_SPLINE_SURFACE_WITH_KNOTS ( ( 4, 2, 4 ),
 ( 3, 3 ),
 ( 0.001738574926727722665, 0.001948256589600568661, 0.002157938252473414874 ),
 ( 0.000000000000000000, 1.000000000000000000 ),
 .UNSPECIFIED. ) 
 GEOMETRIC_REPRESENTATION_ITEM ( )  RATIONAL_B_SPLINE_SURFACE ( (
 ( 1.000000000000000000, 0.8831760866327844628, 1.000000000000000000),
 ( 1.000000000000000000, 0.8830122886316902342, 1.000000000000000000),
 ( 1.000000000000000000, 0.8732731680931213880, 1.000000000000000000),
 ( 1.000000000000000000, 0.8466470943904469415, 1.000000000000000000),
 ( 1.000000000000000000, 0.8294983122205278336, 1.000000000000000000),
 ( 1.000000000000000000, 0.8117162546216538654, 1.000000000000000000) ) ) 
 REPRESENTATION_ITEM ( '' )  SURFACE ( )  );
#3092 = DIRECTION ( 'NONE',  ( -1.000000000000000000, 0.000000000000000000, -0.000000000000000000 ) ) ;
#3093 = CARTESIAN_POINT ( 'NONE',  ( 5.274898319499519594, -16.00000000000000000, 3.000000000000000000 ) ) ;
#3094 = ORIENTED_EDGE ( 'NONE', *, *, #668, .F. ) ;
#3095 = CARTESIAN_POINT ( 'NONE',  ( 16.40063019075676820, -15.51734547707812517, 2.259837899430625630 ) ) ;
#3096 = DIRECTION ( 'NONE',  ( -1.000000000000000000, 0.000000000000000000, 0.000000000000000000 ) ) ;
#3097 = CARTESIAN_POINT ( 'NONE',  ( 15.80176936207341676, -11.40444532853536508, 3.597759962581655202 ) ) ;
#3098 = CARTESIAN_POINT ( 'NONE',  ( 7.935258346615579050, -12.82165088627425575, 4.425153310918939376 ) ) ;
#3099 = VECTOR ( 'NONE', #703, 1000.000000000000000 ) ;
#3100 = CARTESIAN_POINT ( 'NONE',  ( -12.47128208403741745, -3.479834018071063628, 3.000000000000000000 ) ) ;
#3101 = VERTEX_POINT ( 'NONE', #3013 ) ;
#3102 = CARTESIAN_POINT ( 'NONE',  ( 6.266036663684054098, -11.32183507638092657, 1.733889651497829254 ) ) ;
#3103 = CIRCLE ( 'NONE', #2569, 7.999999999999996447 ) ;
#3104 = DIRECTION ( 'NONE',  ( -0.000000000000000000, -0.000000000000000000, -1.000000000000000000 ) ) ;
#3105 = ORIENTED_EDGE ( 'NONE', *, *, #278, .T. ) ;
#3106 = EDGE_CURVE ( 'NONE', #3178, #1718, #3191, .T. ) ;
#3107 = CIRCLE ( 'NONE', #2741, 12.58999999999999986 ) ;
#3108 = AXIS2_PLACEMENT_3D ( 'NONE', #3177, #640, #1920 ) ;
#3109 = LINE ( 'NONE', #2935, #1507 ) ;
#3110 = CARTESIAN_POINT ( 'NONE',  ( 7.915966868456976613, -12.80478006906084154, 4.415448360253017235 ) ) ;
#3111 = VERTEX_POINT ( 'NONE', #1439 ) ;
#3112 = TOROIDAL_SURFACE ( 'NONE', #112, 5.668842744662074828, 3.000000000000000000 ) ;
#3113 = PLANE ( 'NONE',  #1261 ) ;
#3114 = DIRECTION ( 'NONE',  ( 0.1465486610894621566, -0.9892034623538707994, 0.000000000000000000 ) ) ;
#3115 = CARTESIAN_POINT ( 'NONE',  ( 16.65661633176490852, -16.94974950041658701, 2.027940292770380459 ) ) ;
#3116 = AXIS2_PLACEMENT_3D ( 'NONE', #1564, #2860, #1841 ) ;
#3117 = EDGE_CURVE ( 'NONE', #163, #217, #3259, .T. ) ;
#3118 = DIRECTION ( 'NONE',  ( 0.7617922146168847330, -0.6478214427981697776, 0.000000000000000000 ) ) ;
#3119 = CARTESIAN_POINT ( 'NONE',  ( 11.35603666368406195, -6.875000000000007994, 7.000000000000000000 ) ) ;
#3120 = MANIFOLD_SOLID_BREP ( 'Fillet11', #2321 ) ;
#3121 = CARTESIAN_POINT ( 'NONE',  ( -19.22946106578825010, 7.999999999999996447, 3.000000000000000000 ) ) ;
#3122 = DIRECTION ( 'NONE',  ( 1.000000000000000000, 0.000000000000000000, 0.000000000000000000 ) ) ;
#3123 = ORIENTED_EDGE ( 'NONE', *, *, #259, .F. ) ;
#3124 = VECTOR ( 'NONE', #2644, 1000.000000000000000 ) ;
#3125 = DIRECTION ( 'NONE',  ( -1.000000000000000000, 0.000000000000000000, 0.000000000000000000 ) ) ;
#3126 = CARTESIAN_POINT ( 'NONE',  ( -11.22023827261601703, -6.549125643708114453, 2.000000000000000000 ) ) ;
#3127 = ORIENTED_EDGE ( 'NONE', *, *, #90, .F. ) ;
#3128 = CARTESIAN_POINT ( 'NONE',  ( 16.66023021207116628, -11.04968930595423870, 1.733889651497825257 ) ) ;
#3129 = CARTESIAN_POINT ( 'NONE',  ( -19.22946106578817549, 17.99999999999999645, 0.000000000000000000 ) ) ;
#3130 = CARTESIAN_POINT ( 'NONE',  ( 6.293775254960746857, -16.00000000000000000, 2.140905766920992548 ) ) ;
#3131 = DIRECTION ( 'NONE',  ( 1.000000000000000000, 0.000000000000000000, 0.000000000000000000 ) ) ;
#3132 = CARTESIAN_POINT ( 'NONE',  ( 6.230972246147388205, -11.26774569217244171, 3.000000000000000444 ) ) ;
#3133 = CARTESIAN_POINT ( 'NONE',  ( 16.37333645821913208, -11.40765676461258593, 3.000000000000000000 ) ) ;
#3134 = CARTESIAN_POINT ( 'NONE',  ( 11.35603666368406195, -6.875000000000007994, 1.607831578947366280 ) ) ;
#3135 = ORIENTED_EDGE ( 'NONE', *, *, #2991, .F. ) ;
#3136 = DIRECTION ( 'NONE',  ( -6.938893903907228378E-15, -0.2818507699245027531, 0.9594582552112235208 ) ) ;
#3137 = CIRCLE ( 'NONE', #2340, 9.999999999999998224 ) ;
#3138 = CARTESIAN_POINT ( 'NONE',  ( -24.22946106578824654, -1.734723475976807094E-15, 3.000000000000000000 ) ) ;
#3139 = ORIENTED_EDGE ( 'NONE', *, *, #3117, .T. ) ;
#3140 = EDGE_CURVE ( 'NONE', #1342, #2288, #1964, .T. ) ;
#3141 = CARTESIAN_POINT ( 'NONE',  ( 11.35603666368406195, -6.875000000000007994, 0.000000000000000000 ) ) ;
#3142 = CARTESIAN_POINT ( 'NONE',  ( 0.000000000000000000, 15.99999999999999289, 3.000000000000000000 ) ) ;
#3143 = CARTESIAN_POINT ( 'NONE',  ( 6.051843115296958509, -11.04968930595423870, 0.000000000000000000 ) ) ;
#3144 = CARTESIAN_POINT ( 'NONE',  ( 6.828633851220106799, -10.95087191130901338, 3.446111169330044799 ) ) ;
#3145 = EDGE_CURVE ( 'NONE', #1136, #3111, #194, .T. ) ;
#3146 = EDGE_CURVE ( 'NONE', #2101, #414, #3052, .T. ) ;
#3147 = FACE_OUTER_BOUND ( 'NONE', #2744, .T. ) ;
#3148 = APPROVAL_PERSON_ORGANIZATION ( #1002, #1499, #3292 ) ;
#3149 = CARTESIAN_POINT ( 'NONE',  ( 17.59035364389761824, -16.27331479939718406, 3.221262244316299483 ) ) ;
#3150 = ORIENTED_EDGE ( 'NONE', *, *, #2571, .F. ) ;
#3151 = CARTESIAN_POINT ( 'NONE',  ( 5.063180839633506736, -17.88047189780097668, 1.537938217175604194 ) ) ;
#3152 = TOROIDAL_SURFACE ( 'NONE', #3059, 4.999999999999999112, 2.000000000000000000 ) ;
#3153 = CARTESIAN_POINT ( 'NONE',  ( 7.835345314045649268, -13.69545001032340359, 4.372925907271980606 ) ) ;
#3154 = ORIENTED_EDGE ( 'NONE', *, *, #72, .T. ) ;
#3155 = CIRCLE ( 'NONE', #1299, 8.635052996949756476 ) ;
#3156 = CARTESIAN_POINT ( 'NONE',  ( 15.97998367150590937, -10.83823278004906676, 4.242738910632479765 ) ) ;
#3157 = CARTESIAN_POINT ( 'NONE',  ( 5.596885137136527355, -17.51126656637841705, 1.830652342075425265 ) ) ;
#3158 = DIRECTION ( 'NONE',  ( 0.000000000000000000, -1.000000000000000000, 0.000000000000000000 ) ) ;
#3159 = VECTOR ( 'NONE', #317, 1000.000000000000000 ) ;
#3160 = DIRECTION ( 'NONE',  ( -0.000000000000000000, -0.000000000000000000, -1.000000000000000000 ) ) ;
#3161 = ORIENTED_EDGE ( 'NONE', *, *, #668, .T. ) ;
#3162 = CARTESIAN_POINT ( 'NONE',  ( 7.205702920660691291, -11.34659613140649626, 3.322893156267459513 ) ) ;
#3163 = ORIENTED_EDGE ( 'NONE', *, *, #341, .F. ) ;
#3164 = EDGE_CURVE ( 'NONE', #1354, #2799, #442, .T. ) ;
#3165 = CARTESIAN_POINT ( 'NONE',  ( 6.687958565526856525, -12.30730476678657759, 3.268006113766015464 ) ) ;
#3166 = CIRCLE ( 'NONE', #1477, 8.049986289787234739 ) ;
#3167 = CARTESIAN_POINT ( 'NONE',  ( 5.556266025581686918, -17.63031300660910006, 2.532544284597064266 ) ) ;
#3168 = CARTESIAN_POINT ( 'NONE',  ( 17.62530633475928710, -14.97304746581962398, 3.752165643704367337 ) ) ;
#3169 = ORIENTED_EDGE ( 'NONE', *, *, #2040, .F. ) ;
#3170 = CYLINDRICAL_SURFACE ( 'NONE', #2136, 9.999999999999998224 ) ;
#3171 = AXIS2_PLACEMENT_3D ( 'NONE', #1318, #1062, #2075 ) ;
#3172 = LINE ( 'NONE', #2402, #1399 ) ;
#3173 = ORIENTED_EDGE ( 'NONE', *, *, #2210, .F. ) ;
#3174 = EDGE_CURVE ( 'NONE', #3262, #2238, #179, .T. ) ;
#3175 = DIRECTION ( 'NONE',  ( 0.000000000000000000, -1.000000000000000000, 0.000000000000000000 ) ) ;
#3176 = CARTESIAN_POINT ( 'NONE',  ( 32.77053893421177122, 0.000000000000000000, 0.000000000000000000 ) ) ;
#3177 = CARTESIAN_POINT ( 'NONE',  ( 4.266036663684054098, -16.00000000000000000, 0.000000000000000000 ) ) ;
#3178 = VERTEX_POINT ( 'NONE', #157 ) ;
#3179 = DIRECTION ( 'NONE',  ( -0.000000000000000000, 0.000000000000000000, 1.000000000000000000 ) ) ;
#3180 = ORIENTED_EDGE ( 'NONE', *, *, #2014, .F. ) ;
#3181 = DIRECTION ( 'NONE',  ( 1.000000000000000000, 0.000000000000000000, 0.000000000000000000 ) ) ;
#3182 = DIRECTION ( 'NONE',  ( 0.000000000000000000, 0.000000000000000000, -1.000000000000000000 ) ) ;
#3183 = CARTESIAN_POINT ( 'NONE',  ( 16.09235427783919192, -14.39587152288523342, 5.486525581191133760 ) ) ;
#3184 = CARTESIAN_POINT ( 'NONE',  ( 5.466018111964671355, -17.68074714788305357, 2.437757626898307439 ) ) ;
#3185 = EDGE_CURVE ( 'NONE', #620, #1582, #3206, .T. ) ;
#3186 = CARTESIAN_POINT ( 'NONE',  ( 22.77053893421170017, -16.00000000000000000, 3.000000000000000000 ) ) ;
#3187 = ORIENTED_EDGE ( 'NONE', *, *, #242, .F. ) ;
#3188 = CARTESIAN_POINT ( 'NONE',  ( 15.61750431446780141, -11.92557490272364262, 3.816368414925353836 ) ) ;
#3189 = CARTESIAN_POINT ( 'NONE',  ( 6.982160215637256861, -11.16199293850300123, 4.007340913949171579 ) ) ;
#3190 = ORIENTED_EDGE ( 'NONE', *, *, #2618, .T. ) ;
#3191 = B_SPLINE_CURVE_WITH_KNOTS ( 'NONE', 3,
 ( #2488, #2232, #2435, #176, #954, #1184 ),
 .UNSPECIFIED., .F., .F.,
 ( 4, 2, 4 ),
 ( -1.134516181503999552E-05, 0.0003905046375247489890, 0.0007923544368645367300 ),
 .UNSPECIFIED. ) ;
#3192 = SPHERICAL_SURFACE ( 'NONE', #2102, 10.14216842105263439 ) ;
#3193 = DIRECTION ( 'NONE',  ( -1.000000000000000000, 0.000000000000000000, 0.000000000000000000 ) ) ;
#3194 = DIRECTION ( 'NONE',  ( -1.000000000000000000, 0.000000000000000000, 0.000000000000000000 ) ) ;
#3195 = ORIENTED_EDGE ( 'NONE', *, *, #1917, .T. ) ;
#3196 =( BOUNDED_SURFACE ( )  B_SPLINE_SURFACE ( 3, 2, ( 
 ( #2652, #649, #1115 ),
 ( #2197, #1185, #368 ),
 ( #632, #902, #1646 ),
 ( #3225, #1912, #1948 ),
 ( #687, #1154, #2936 ),
 ( #940, #1702, #2382 ) ),
 .UNSPECIFIED., .F., .F., .F. ) 
 B_SPLINE_SURFACE_WITH_KNOTS ( ( 4, 2, 4 ),
 ( 3, 3 ),
 ( 1.240403179475491058E-14, 0.0002319718887798704525, 0.0004639437775473368732 ),
 ( 0.000000000000000000, 1.000000000000000000 ),
 .UNSPECIFIED. ) 
 GEOMETRIC_REPRESENTATION_ITEM ( )  RATIONAL_B_SPLINE_SURFACE ( (
 ( 1.000000000000000000, 0.9604954413290269777, 1.000000000000000000),
 ( 1.000000000000000000, 0.9785439056337581487, 1.000000000000000000),
 ( 1.000000000000000000, 0.9880173864892086710, 1.000000000000000000),
 ( 1.000000000000000000, 0.9986488187749585910, 1.000000000000000000),
 ( 1.000000000000000000, 0.9999082559518950308, 1.000000000000000000),
 ( 1.000000000000000000, 1.000000000000000000, 1.000000000000000000) ) ) 
 REPRESENTATION_ITEM ( '' )  SURFACE ( )  );
#3197 = ORIENTED_EDGE ( 'NONE', *, *, #1237, .T. ) ;
#3198 = CARTESIAN_POINT ( 'NONE',  ( 6.364454118115497216, -14.81536237838723657, 2.504125035604452432 ) ) ;
#3199 = CARTESIAN_POINT ( 'NONE',  ( 6.127727654333855689, -11.14461249757235706, 2.591326539956954722 ) ) ;
#3200 = B_SPLINE_CURVE_WITH_KNOTS ( 'NONE', 3,
 ( #575, #1853, #871, #1914 ),
 .UNSPECIFIED., .F., .F.,
 ( 4, 4 ),
 ( 0.001194074732542634021, 0.002779936683857692475 ),
 .UNSPECIFIED. ) ;
#3201 = B_SPLINE_CURVE_WITH_KNOTS ( 'NONE', 3,
 ( #2739, #1436, #3199, #664, #1926, #2158 ),
 .UNSPECIFIED., .F., .F.,
 ( 4, 2, 4 ),
 ( 8.673617379884035472E-19, 0.0006580268898780947465, 0.001316053779756188626 ),
 .UNSPECIFIED. ) ;
#3202 = CARTESIAN_POINT ( 'NONE',  ( 16.46741200320385801, -14.25487300909548161, 5.283489552493295882 ) ) ;
#3203 = CARTESIAN_POINT ( 'NONE',  ( -19.22946106578825010, -8.000000000000003553, 0.000000000000000000 ) ) ;
#3204 = PLANE ( 'NONE',  #2300 ) ;
#3205 = EDGE_LOOP ( 'NONE', ( #1163, #76, #2212, #2522 ) ) ;
#3206 = CIRCLE ( 'NONE', #1018, 9.999999999999998224 ) ;
#3207 = CARTESIAN_POINT ( 'NONE',  ( 22.77053893421177477, 7.999999999999996447, 1.000000000000000000 ) ) ;
#3208 = CARTESIAN_POINT ( 'NONE',  ( 6.953308560062936294, -11.28067711944659024, 3.786050290972444277 ) ) ;
#3209 = ADVANCED_FACE ( 'NONE', ( #1222 ), #1071, .T. ) ;
#3210 = ADVANCED_FACE ( 'NONE', ( #3224 ), #1981, .T. ) ;
#3211 = CARTESIAN_POINT ( 'NONE',  ( 15.54065894034306794, -13.46357150621317089, 3.885175523956426513 ) ) ;
#3212 = CARTESIAN_POINT ( 'NONE',  ( -9.074569634029492349, 9.348806768937508949, 2.000000000000000000 ) ) ;
#3213 = CARTESIAN_POINT ( 'NONE',  ( 6.229589183479851577, -16.47614126945156343, 2.092106524205087137 ) ) ;
#3214 = ORIENTED_EDGE ( 'NONE', *, *, #1199, .T. ) ;
#3215 = AXIS2_PLACEMENT_3D ( 'NONE', #1093, #3179, #68 ) ;
#3216 = DIRECTION ( 'NONE',  ( -0.000000000000000000, -1.000000000000000000, -0.000000000000000000 ) ) ;
#3217 = EDGE_LOOP ( 'NONE', ( #1407, #1489, #1992, #633 ) ) ;
#3218 = EDGE_CURVE ( 'NONE', #1017, #3230, #404, .T. ) ;
#3219 = DIRECTION ( 'NONE',  ( -0.000000000000000000, -0.000000000000000000, 1.000000000000000000 ) ) ;
#3220 = VECTOR ( 'NONE', #321, 1000.000000000000000 ) ;
#3221 = DIRECTION ( 'NONE',  ( 0.000000000000000000, 0.000000000000000000, -1.000000000000000000 ) ) ;
#3222 = EDGE_CURVE ( 'NONE', #2988, #1557, #1125, .T. ) ;
#3223 = CARTESIAN_POINT ( 'NONE',  ( 14.97484932732192320, -15.38235022138649377, 4.368886846659641776 ) ) ;
#3224 = FACE_OUTER_BOUND ( 'NONE', #1172, .T. ) ;
#3225 = CARTESIAN_POINT ( 'NONE',  ( 6.925057402516391569, -11.06767260568984490, 4.097941465973332420 ) ) ;
#3226 = ORIENTED_EDGE ( 'NONE', *, *, #1771, .T. ) ;
#3227 = AXIS2_PLACEMENT_3D ( 'NONE', #366, #2637, #122 ) ;
#3228 = CARTESIAN_POINT ( 'NONE',  ( 18.16068882830786535, -17.98699036558063469, 1.409392632458407624 ) ) ;
#3229 = CARTESIAN_POINT ( 'NONE',  ( 6.288597343566765474, -11.33497752324961283, 3.000000000000000000 ) ) ;
#3230 = VERTEX_POINT ( 'NONE', #2178 ) ;
#3231 = EDGE_CURVE ( 'NONE', #3005, #1158, #1456, .T. ) ;
#3232 = EDGE_CURVE ( 'NONE', #1773, #1413, #2066, .T. ) ;
#3233 = APPLICATION_CONTEXT ( 'configuration controlled 3d designs of mechanical parts and assemblies' ) ;
#3234 = CARTESIAN_POINT ( 'NONE',  ( 13.70682523025680410, -15.27253527726245430, 5.987111721198282943 ) ) ;
#3235 = DIRECTION ( 'NONE',  ( -0.000000000000000000, -0.000000000000000000, -1.000000000000000000 ) ) ;
#3236 = ORIENTED_EDGE ( 'NONE', *, *, #1928, .F. ) ;
#3237 = CARTESIAN_POINT ( 'NONE',  ( 4.551384499060008082, -17.98699036558124575, 1.409392632459029793 ) ) ;
#3238 = VERTEX_POINT ( 'NONE', #509 ) ;
#3239 = CARTESIAN_POINT ( 'NONE',  ( 6.995496966831038499, -13.46804572279571666, 3.698585969040929289 ) ) ;
#3240 = CARTESIAN_POINT ( 'NONE',  ( 18.43599949986029785, -18.00000000000000355, 2.787991893588633197 ) ) ;
#3241 = CARTESIAN_POINT ( 'NONE',  ( 8.508143038938248637, -12.26535365186370896, 5.553565885818342096 ) ) ;
#3242 = CARTESIAN_POINT ( 'NONE',  ( 16.44603666368406891, -11.66816179572523637, 0.000000000000000000 ) ) ;
#3243 = CARTESIAN_POINT ( 'NONE',  ( 7.073890356200904783, -11.21322301113271180, 4.510528003382117568 ) ) ;
#3244 = VERTEX_POINT ( 'NONE', #295 ) ;
#3245 = AXIS2_PLACEMENT_3D ( 'NONE', #10, #39, #1012 ) ;
#3246 = B_SPLINE_CURVE_WITH_KNOTS ( 'NONE', 3,
 ( #1200, #434, #1475, #2157, #699, #190 ),
 .UNSPECIFIED., .F., .F.,
 ( 4, 2, 4 ),
 ( -2.004685505284418636E-05, 0.0004910082997398173025, 0.001002063454532478798 ),
 .UNSPECIFIED. ) ;
#3247 = CARTESIAN_POINT ( 'NONE',  ( 18.30254428018036350, -17.99992662353675854, 1.249571230478642381 ) ) ;
#3248 = CARTESIAN_POINT ( 'NONE',  ( 7.299130926855226242, -13.48751072787340277, 4.001915296749313455 ) ) ;
#3249 = ORIENTED_EDGE ( 'NONE', *, *, #2378, .F. ) ;
#3250 = B_SPLINE_CURVE_WITH_KNOTS ( 'NONE', 3,
 ( #344, #1592, #821, #1055, #2591, #3110, #301, #1371, #2642, #330, #1560, #2114 ),
 .UNSPECIFIED., .F., .F.,
 ( 4, 2, 2, 2, 2, 4 ),
 ( 0.0007143584673160804791, 0.001612719389235300980, 0.002511080311154520722, 0.002960260772114127557, 0.003409441233073733958, 0.004307802154992946761 ),
 .UNSPECIFIED. ) ;
#3251 = FACE_OUTER_BOUND ( 'NONE', #1529, .T. ) ;
#3252 = DIRECTION ( 'NONE',  ( -0.000000000000000000, -0.000000000000000000, 1.000000000000000000 ) ) ;
#3253 = ORIENTED_EDGE ( 'NONE', *, *, #2211, .F. ) ;
#3254 = CARTESIAN_POINT ( 'NONE',  ( 5.225412382047121440, -17.76824355213419793, 1.631248018051982829 ) ) ;
#3255 = ORIENTED_EDGE ( 'NONE', *, *, #1488, .F. ) ;
#3256 = DIRECTION ( 'NONE',  ( 1.000000000000000000, 0.000000000000000000, 0.000000000000000000 ) ) ;
#3257 = CARTESIAN_POINT ( 'NONE',  ( 18.18500840861793932, -18.00000000000000355, 1.102320134237831706 ) ) ;
#3258 = CARTESIAN_POINT ( 'NONE',  ( 15.06064036158414865, -13.61245405192526370, 4.264590146607430299 ) ) ;
#3259 = LINE ( 'NONE', #720, #1181 ) ;
#3260 = EDGE_CURVE ( 'NONE', #1839, #1472, #3266, .T. ) ;
#3261 = CARTESIAN_POINT ( 'NONE',  ( 8.406128106996433758, -12.21214884235039300, 4.637585485957390397 ) ) ;
#3262 = VERTEX_POINT ( 'NONE', #1554 ) ;
#3263 = CARTESIAN_POINT ( 'NONE',  ( 18.44603666368407247, -18.00000000000000355, 1.089823964423708436 ) ) ;
#3264 = CARTESIAN_POINT ( 'NONE',  ( 6.358505554193361498, -14.89696458603786056, 2.475268717388892536 ) ) ;
#3265 = ORIENTED_EDGE ( 'NONE', *, *, #2921, .F. ) ;
#3266 = CIRCLE ( 'NONE', #3004, 1.249999999999997558 ) ;
#3267 = CARTESIAN_POINT ( 'NONE',  ( 5.326792850129415946, -14.27778057993714711, 4.399631793754976705 ) ) ;
#3268 = EDGE_CURVE ( 'NONE', #2419, #1017, #2836, .T. ) ;
#3269 = DIRECTION ( 'NONE',  ( 0.000000000000000000, 0.000000000000000000, -1.000000000000000000 ) ) ;
#3270 = APPROVAL_PERSON_ORGANIZATION ( #2030, #1836, #2516 ) ;
#3271 = ORIENTED_EDGE ( 'NONE', *, *, #1140, .F. ) ;
#3272 = ORIENTED_EDGE ( 'NONE', *, *, #782, .F. ) ;
#3273 = AXIS2_PLACEMENT_3D ( 'NONE', #339, #1816, #2587 ) ;
#3274 = CARTESIAN_POINT ( 'NONE',  ( 16.15314363904494854, -11.63367023057718619, 3.046847591056585980 ) ) ;
#3275 = TOROIDAL_SURFACE ( 'NONE', #813, 7.589999999999999858, 1.500000000000000000 ) ;
#3276 = CARTESIAN_POINT ( 'NONE',  ( 17.40880626475843229, -14.31543701944796076, 4.351909630622271763 ) ) ;
#3277 = CARTESIAN_POINT ( 'NONE',  ( 11.35603666368406195, -6.875000000000007994, 5.733889651497853457 ) ) ;
#3278 = ORIENTED_EDGE ( 'NONE', *, *, #1618, .T. ) ;
#3279 = FACE_OUTER_BOUND ( 'NONE', #2762, .T. ) ;
#3280 = CARTESIAN_POINT ( 'NONE',  ( 7.079813809693782822, -15.67583958231926289, 3.825424004330032268 ) ) ;
#3281 = ORIENTED_EDGE ( 'NONE', *, *, #1287, .F. ) ;
#3282 = AXIS2_PLACEMENT_3D ( 'NONE', #457, #2431, #2229 ) ;
#3283 = CARTESIAN_POINT ( 'NONE',  ( 16.48110108122051543, -11.26774569217270106, 3.000000000000000000 ) ) ;
#3284 = CARTESIAN_POINT ( 'NONE',  ( 1.734723475976807094E-14, 12.88322821025619547, 2.000000000000000000 ) ) ;
#3285 = ORIENTED_EDGE ( 'NONE', *, *, #1804, .T. ) ;
#3286 = VERTEX_POINT ( 'NONE', #246 ) ;
#3287 = CARTESIAN_POINT ( 'NONE',  ( 6.782649850810526182, -11.52740681718291427, 3.417292182199718642 ) ) ;
#3288 = DIRECTION ( 'NONE',  ( 1.000000000000000000, 0.000000000000000000, 0.000000000000000000 ) ) ;
#3289 = CARTESIAN_POINT ( 'NONE',  ( 16.03573573415200570, -12.23464881795170278, 3.248504012738212765 ) ) ;
#3290 = AXIS2_PLACEMENT_3D ( 'NONE', #2525, #531, #1544 ) ;
#3291 = CARTESIAN_POINT ( 'NONE',  ( 17.29092516376846334, -14.21245325863635500, 4.537618031017554010 ) ) ;
#3292 = APPROVAL_ROLE ( '' ) ;
ENDSEC;
END-ISO-10303-21;
