ISO-10303-21;
HEADER;
FILE_DESCRIPTION (( 'STEP AP203' ),
    '1' );
FILE_NAME ('EDM Spool.STEP',
    '2026-04-28T07:56:37',
    ( '' ),
    ( '' ),
    'SwSTEP 2.0',
    'SolidWorks 2024',
    '' );
FILE_SCHEMA (( 'CONFIG_CONTROL_DESIGN' ));
ENDSEC;

DATA;
#1 = DIRECTION ( 'NONE',  ( -0.000000000000000000, 0.000000000000000000, 1.000000000000000000 ) ) ;
#2 = CARTESIAN_POINT ( 'NONE',  ( -20.06470516038980989, 2.064339789395647440, 115.0000000000000000 ) ) ;
#3 = ORIENTED_EDGE ( 'NONE', *, *, #874, .T. ) ;
#4 = CARTESIAN_POINT ( 'NONE',  ( 5.315887496244271482, -21.02169995504121758, 113.5000000000000000 ) ) ;
#5 = CARTESIAN_POINT ( 'NONE',  ( 2.965192455838572716, 19.81071194237817323, 115.0000000000000000 ) ) ;
#6 = DIRECTION ( 'NONE',  ( 0.000000000000000000, 0.000000000000000000, 1.000000000000000000 ) ) ;
#7 = CARTESIAN_POINT ( 'NONE',  ( -20.77691098921247104, -6.204071132644576991, 113.5000000000000000 ) ) ;
#8 = VERTEX_POINT ( 'NONE', #1278 ) ;
#9 = CARTESIAN_POINT ( 'NONE',  ( -2.064339789408093040, -20.06470516039167151, 115.0000000000000000 ) ) ;
#10 = PRODUCT ( 'EDM Spool', 'EDM Spool', '', ( #1404 ) ) ;
#11 = CARTESIAN_POINT ( 'NONE',  ( 0.000000000000000000, 0.000000000000000000, 50.00000000000000000 ) ) ;
#12 = CARTESIAN_POINT ( 'NONE',  ( -18.36630213796053113, 10.49999999999999645, 112.5386740589916030 ) ) ;
#13 = CIRCLE ( 'NONE', #387, 16.00000000000000000 ) ;
#14 = ORIENTED_EDGE ( 'NONE', *, *, #179, .F. ) ;
#15 = CARTESIAN_POINT ( 'NONE',  ( 2.064339789396745228, 20.06470516039167507, 115.0000000000000000 ) ) ;
#16 = EDGE_CURVE ( 'NONE', #225, #932, #1410, .T. ) ;
#17 = B_SPLINE_CURVE_WITH_KNOTS ( 'NONE', 3,
 ( #188, #615, #743, #845, #497, #949, #633, #59, #1168, #984, #1282, #1400 ),
 .UNSPECIFIED., .F., .F.,
 ( 4, 1, 1, 1, 1, 2, 2, 4 ),
 ( 0.000000000000000000, 0.2500000000000253131, 0.3750000000000379696, 0.4375000000000413558, 0.4687500000000440759, 0.4843750000000444644, 0.5000000000000448530, 1.000000000000000000 ),
 .UNSPECIFIED. ) ;
#18 = DIRECTION ( 'NONE',  ( 0.000000000000000000, 0.000000000000000000, 1.000000000000000000 ) ) ;
#19 = ORIENTED_EDGE ( 'NONE', *, *, #1207, .T. ) ;
#20 = CARTESIAN_POINT ( 'NONE',  ( -17.02204453054919497, -10.50000000000000000, 115.0000000000000000 ) ) ;
#21 = VECTOR ( 'NONE', #934, 1000.000000000000000 ) ;
#22 = EDGE_CURVE ( 'NONE', #1091, #612, #348, .T. ) ;
#23 = CC_DESIGN_PERSON_AND_ORGANIZATION_ASSIGNMENT ( #727, #384, ( #126 ) ) ;
#24 = SECURITY_CLASSIFICATION ( '', '', #163 ) ;
#25 = LINE ( 'NONE', #1070, #462 ) ;
#26 = CARTESIAN_POINT ( 'NONE',  ( -1.404954766609058714, -21.53470737957785630, 113.4999999999999858 ) ) ;
#27 = ORIENTED_EDGE ( 'NONE', *, *, #1254, .T. ) ;
#28 = DIRECTION ( 'NONE',  ( 1.000000000000000000, 0.000000000000000000, 0.000000000000000000 ) ) ;
#29 = CARTESIAN_POINT ( 'NONE',  ( -18.44588840552755826, -10.50000000000000000, 112.4326433692748566 ) ) ;
#30 = DIRECTION ( 'NONE',  ( -0.000000000000000000, 0.000000000000000000, 1.000000000000000000 ) ) ;
#31 = CARTESIAN_POINT ( 'NONE',  ( 17.02204453054920208, 10.50000000000000000, 115.0000000000000000 ) ) ;
#32 = CARTESIAN_POINT ( 'NONE',  ( 18.75124157139548586, -10.50000000000000178, 113.0321593280614252 ) ) ;
#33 = CARTESIAN_POINT ( 'NONE',  ( -18.50219880489824575, 10.50000000000000000, 112.7017346094634433 ) ) ;
#34 = ORIENTED_EDGE ( 'NONE', *, *, #604, .F. ) ;
#35 = DIRECTION ( 'NONE',  ( -1.000000000000000000, 0.000000000000000000, 0.000000000000000000 ) ) ;
#36 = AXIS2_PLACEMENT_3D ( 'NONE', #1340, #30, #435 ) ;
#37 = AXIS2_PLACEMENT_3D ( 'NONE', #1263, #284, #275 ) ;
#38 = FACE_OUTER_BOUND ( 'NONE', #1229, .T. ) ;
#39 = CARTESIAN_POINT ( 'NONE',  ( 18.45176835358404688, -10.50000000000000000, 112.4269927437737664 ) ) ;
#40 = DATE_AND_TIME ( #1285, #325 ) ;
#41 = EDGE_LOOP ( 'NONE', ( #1405, #1001, #799, #560, #577, #442, #731, #681 ) ) ;
#42 = CARTESIAN_POINT ( 'NONE',  ( 2.064339789396745228, 20.06470516039167507, 115.0000000000000000 ) ) ;
#43 = AXIS2_PLACEMENT_3D ( 'NONE', #522, #843, #1182 ) ;
#44 = CYLINDRICAL_SURFACE ( 'NONE', #37, 8.400000000000000355 ) ;
#45 = CARTESIAN_POINT ( 'NONE',  ( -60.00000000000000000, 7.347880794884118356E-15, -10.00000000000000000 ) ) ;
#46 = CALENDAR_DATE ( 2026, 28, 4 ) ;
#47 = ORIENTED_EDGE ( 'NONE', *, *, #1157, .T. ) ;
#48 = CARTESIAN_POINT ( 'NONE',  ( -13.83065348712916709, -14.68219724899632439, 115.0000000000000000 ) ) ;
#49 = B_SPLINE_CURVE_WITH_KNOTS ( 'NONE', 3,
 ( #1221, #121, #344, #452, #229, #765, #658, #1434, #785, #673, #1215, #5, #998, #552, #349, #903, #1226, #1334, #898, #558, #223, #537, #664, #447, #564, #1010, #779, #440, #1005 ),
 .UNSPECIFIED., .F., .F.,
 ( 4, 1, 2, 2, 2, 2, 1, 2, 2, 2, 2, 2, 1, 2, 2, 4 ),
 ( 0.000000000000000000, 0.06250000000000022204, 0.09375000000000027756, 0.1250000000000003331, 0.2500000000000005551, 0.3750000000000007772, 0.4375000000000008327, 0.4687500000000008882, 0.5000000000000008882, 0.5625000000000008882, 0.6250000000000008882, 0.7500000000000008882, 0.8125000000000008882, 0.8437500000000007772, 0.8750000000000006661, 1.000000000000000000 ),
 .UNSPECIFIED. ) ;
#50 = CARTESIAN_POINT ( 'NONE',  ( 17.02204453054920208, -10.50000000000000000, 112.0000000000000000 ) ) ;
#51 = DIRECTION ( 'NONE',  ( -0.000000000000000000, -0.000000000000000000, -1.000000000000000000 ) ) ;
#52 = LINE ( 'NONE', #1264, #228 ) ;
#53 = LINE ( 'NONE', #298, #916 ) ;
#54 = ORIENTED_EDGE ( 'NONE', *, *, #437, .F. ) ;
#55 = CARTESIAN_POINT ( 'NONE',  ( 0.000000000000000000, 0.000000000000000000, 115.0000000000000000 ) ) ;
#56 = ORIENTED_EDGE ( 'NONE', *, *, #199, .F. ) ;
#57 = AXIS2_PLACEMENT_3D ( 'NONE', #11, #936, #818 ) ;
#58 = EDGE_CURVE ( 'NONE', #751, #1273, #114, .T. ) ;
#59 = CARTESIAN_POINT ( 'NONE',  ( -17.94583186278114084, -10.49999999999999645, 114.2392014514816481 ) ) ;
#60 = AXIS2_PLACEMENT_3D ( 'NONE', #555, #1102, #1299 ) ;
#61 = FACE_OUTER_BOUND ( 'NONE', #722, .T. ) ;
#62 = CARTESIAN_POINT ( 'NONE',  ( 14.86795249866477242, 15.78336204266985376, 115.0000000000000000 ) ) ;
#63 = CARTESIAN_POINT ( 'NONE',  ( 0.000000000000000000, 0.000000000000000000, 112.0000000000000000 ) ) ;
#64 = PERSON_AND_ORGANIZATION ( #1057, #733 ) ;
#65 = VERTEX_POINT ( 'NONE', #432 ) ;
#66 = CARTESIAN_POINT ( 'NONE',  ( 20.00000000000000000, 2.449293598294706513E-15, -5.000000000000000000 ) ) ;
#67 = DIRECTION ( 'NONE',  ( -0.000000000000000000, 0.000000000000000000, 1.000000000000000000 ) ) ;
#68 = DIRECTION ( 'NONE',  ( -1.000000000000000000, 0.000000000000000000, 0.000000000000000000 ) ) ;
#69 = EDGE_CURVE ( 'NONE', #170, #360, #49, .T. ) ;
#70 = CARTESIAN_POINT ( 'NONE',  ( 17.45270980399415706, 9.767441860465115866, 115.0000000000000000 ) ) ;
#71 = DIRECTION ( 'NONE',  ( 1.000000000000000000, 0.000000000000000000, 0.000000000000000000 ) ) ;
#72 = DIRECTION ( 'NONE',  ( 1.000000000000000000, 0.000000000000000000, 0.000000000000000000 ) ) ;
#73 = ORIENTED_EDGE ( 'NONE', *, *, #1262, .F. ) ;
#74 = CARTESIAN_POINT ( 'NONE',  ( -17.02204453054919497, -10.50000000000000000, 115.0000000000000000 ) ) ;
#75 = VERTEX_POINT ( 'NONE', #789 ) ;
#76 = CARTESIAN_POINT ( 'NONE',  ( 17.78782520795042288, -10.49999999999999467, 114.3747066686640608 ) ) ;
#77 = CARTESIAN_POINT ( 'NONE',  ( 0.000000000000000000, 0.000000000000000000, 0.000000000000000000 ) ) ;
#78 = DIRECTION ( 'NONE',  ( -1.000000000000000000, -0.000000000000000000, -0.000000000000000000 ) ) ;
#79 = CARTESIAN_POINT ( 'NONE',  ( -15.13753871333914525, 15.52499438243840224, 115.0000000000000000 ) ) ;
#80 = CARTESIAN_POINT ( 'NONE',  ( -7.696165843102824589, -20.27164423986843644, 115.0000000000000000 ) ) ;
#81 = CARTESIAN_POINT ( 'NONE',  ( -56.90500000000000114, -10.50000000000000000, 50.00000000000000000 ) ) ;
#82 = ORIENTED_EDGE ( 'NONE', *, *, #1416, .T. ) ;
#83 = CARTESIAN_POINT ( 'NONE',  ( 21.67375236446016373, 0.6472922961303908540, 113.5000000000000000 ) ) ;
#84 = ORIENTED_EDGE ( 'NONE', *, *, #980, .T. ) ;
#85 = DIRECTION ( 'NONE',  ( -0.000000000000000000, -0.000000000000000000, -1.000000000000000000 ) ) ;
#86 = CARTESIAN_POINT ( 'NONE',  ( 0.000000000000000000, 0.000000000000000000, 115.0000000000000000 ) ) ;
#87 = DIRECTION ( 'NONE',  ( 1.000000000000000000, 0.000000000000000000, 0.000000000000000000 ) ) ;
#88 = CARTESIAN_POINT ( 'NONE',  ( -20.16900937710007824, 0.2548581683976627321, 115.0000000000000000 ) ) ;
#89 = AXIS2_PLACEMENT_3D ( 'NONE', #187, #204, #990 ) ;
#90 = CARTESIAN_POINT ( 'NONE',  ( 8.892206050999831746, -19.77622816461903454, 115.0000000000000000 ) ) ;
#91 = DIRECTION ( 'NONE',  ( 1.000000000000000000, 0.000000000000000000, -0.000000000000000000 ) ) ;
#92 = CARTESIAN_POINT ( 'NONE',  ( 16.82116757606570445, 13.68279394898849333, 113.5000000000000000 ) ) ;
#93 = EDGE_CURVE ( 'NONE', #396, #971, #987, .T. ) ;
#94 = ORIENTED_EDGE ( 'NONE', *, *, #16, .T. ) ;
#95 = DIRECTION ( 'NONE',  ( 1.000000000000000000, 0.000000000000000000, 0.000000000000000000 ) ) ;
#96 = FACE_OUTER_BOUND ( 'NONE', #1065, .T. ) ;
#97 = CARTESIAN_POINT ( 'NONE',  ( 4.945011624412779305, -19.55506972561832413, 115.0000000000000000 ) ) ;
#98 = CARTESIAN_POINT ( 'NONE',  ( -7.696165843103739412, -20.27164423987229469, 113.5000000000000000 ) ) ;
#99 = AXIS2_PLACEMENT_3D ( 'NONE', #1009, #1350, #35 ) ;
#100 = CARTESIAN_POINT ( 'NONE',  ( 12.07269646764963511, -10.50000000000000000, 115.0000000000000000 ) ) ;
#101 = CARTESIAN_POINT ( 'NONE',  ( -18.29869787034038353, -11.28750000000000142, 115.0000000000000000 ) ) ;
#102 = ORIENTED_EDGE ( 'NONE', *, *, #1393, .T. ) ;
#103 = CC_DESIGN_DATE_AND_TIME_ASSIGNMENT ( #1272, #619, ( #24 ) ) ;
#104 = DIRECTION ( 'NONE',  ( -0.000000000000000000, -0.000000000000000000, -1.000000000000000000 ) ) ;
#105 = CARTESIAN_POINT ( 'NONE',  ( 19.95890269784418791, -2.914806174908436631, 115.0000000000000000 ) ) ;
#106 = CARTESIAN_POINT ( 'NONE',  ( -18.76166303929371892, 10.50000000000000000, 113.5000000000000000 ) ) ;
#107 = CARTESIAN_POINT ( 'NONE',  ( 15.78336204267425202, -14.86795249866012902, 113.5000000000000000 ) ) ;
#108 = VERTEX_POINT ( 'NONE', #1329 ) ;
#109 = DIRECTION ( 'NONE',  ( 0.000000000000000000, 0.000000000000000000, -1.000000000000000000 ) ) ;
#110 = APPROVAL_PERSON_ORGANIZATION ( #288, #741, #1055 ) ;
#111 = CARTESIAN_POINT ( 'NONE',  ( 0.000000000000000000, 0.000000000000000000, 50.00000000000000000 ) ) ;
#112 = ADVANCED_FACE ( 'NONE', ( #236 ), #773, .T. ) ;
#113 = AXIS2_PLACEMENT_3D ( 'NONE', #333, #67, #753 ) ;
#114 = LINE ( 'NONE', #100, #767 ) ;
#115 = VECTOR ( 'NONE', #1089, 1000.000000000000000 ) ;
#116 = CARTESIAN_POINT ( 'NONE',  ( 6.204071132633025343, -20.77691098921909330, 115.0000000000000000 ) ) ;
#117 = ORIENTED_EDGE ( 'NONE', *, *, #347, .T. ) ;
#118 = CARTESIAN_POINT ( 'NONE',  ( 12.72818041767339459, -15.64759774517104596, 115.0000000000000000 ) ) ;
#119 = CARTESIAN_POINT ( 'NONE',  ( -17.70941792650094371, -10.49999999999999822, 112.0260625536457439 ) ) ;
#120 = CARTESIAN_POINT ( 'NONE',  ( -6.204071132645328390, 20.77691098921235024, 113.5000000000000000 ) ) ;
#121 = CARTESIAN_POINT ( 'NONE',  ( 16.57440945445830138, 11.22472021182439228, 115.0000000000000000 ) ) ;
#122 = CARTESIAN_POINT ( 'NONE',  ( -18.76166303929371182, -10.50000000000000000, 113.2020815280235553 ) ) ;
#123 = LINE ( 'NONE', #146, #356 ) ;
#124 = VERTEX_POINT ( 'NONE', #1104 ) ;
#125 = DIRECTION ( 'NONE',  ( 0.000000000000000000, 0.000000000000000000, 1.000000000000000000 ) ) ;
#126 = PRODUCT_DEFINITION_FORMATION_WITH_SPECIFIED_SOURCE ( 'ANY', '', #10, .NOT_KNOWN. ) ;
#127 = CARTESIAN_POINT ( 'NONE',  ( 8.232152357496504536, -18.23183781087639588, 115.0000000000000000 ) ) ;
#128 = CARTESIAN_POINT ( 'NONE',  ( -16.13648851178149002, -14.32938443651388916, 113.5000000000000284 ) ) ;
#129 = ORIENTED_EDGE ( 'NONE', *, *, #219, .F. ) ;
#130 = CARTESIAN_POINT ( 'NONE',  ( 7.159224040107169174, 18.85734347894727492, 115.0000000000000000 ) ) ;
#131 = CARTESIAN_POINT ( 'NONE',  ( -18.56099967117103233, 10.49999999999999645, 112.7894818024193881 ) ) ;
#132 = AXIS2_PLACEMENT_3D ( 'NONE', #761, #6, #674 ) ;
#133 = AXIS2_PLACEMENT_3D ( 'NONE', #1407, #631, #989 ) ;
#134 = ORIENTED_EDGE ( 'NONE', *, *, #1288, .F. ) ;
#135 = EDGE_CURVE ( 'NONE', #932, #1371, #878, .T. ) ;
#136 = CARTESIAN_POINT ( 'NONE',  ( 18.39649131592129905, 8.271819582335307786, 115.0000000000000000 ) ) ;
#137 = LINE ( 'NONE', #580, #1317 ) ;
#138 = CARTESIAN_POINT ( 'NONE',  ( 17.54215946206318577, -10.50000000000000000, 112.0000000000000000 ) ) ;
#139 = CARTESIAN_POINT ( 'NONE',  ( -0.6472922961297629119, 21.67375236446026676, 113.5000000000000000 ) ) ;
#140 = ORIENTED_EDGE ( 'NONE', *, *, #997, .F. ) ;
#141 = CARTESIAN_POINT ( 'NONE',  ( 0.000000000000000000, 0.000000000000000000, 50.00000000000000000 ) ) ;
#142 = CARTESIAN_POINT ( 'NONE',  ( -18.03115651411197362, -10.50000000000000000, 112.1397398119138700 ) ) ;
#143 = DIRECTION ( 'NONE',  ( -1.000000000000000000, 0.000000000000000000, 0.000000000000000000 ) ) ;
#144 = PLANE ( 'NONE',  #935 ) ;
#145 = CARTESIAN_POINT ( 'NONE',  ( -13.21315321390297193, -15.03704566372527296, 115.0000000000000568 ) ) ;
#146 = CARTESIAN_POINT ( 'NONE',  ( 12.07269646764963511, 10.50000000000000000, 115.0000000000000000 ) ) ;
#147 = VERTEX_POINT ( 'NONE', #1208 ) ;
#148 = CARTESIAN_POINT ( 'NONE',  ( -21.68168508038099418, 0.2739725310274628289, 113.5000000000000000 ) ) ;
#149 = CARTESIAN_POINT ( 'NONE',  ( -20.06470516038980989, 2.064339789395647440, 115.0000000000000000 ) ) ;
#150 = EDGE_CURVE ( 'NONE', #360, #599, #665, .T. ) ;
#151 = CARTESIAN_POINT ( 'NONE',  ( -14.08143136124561323, 14.44185523947652783, 115.0000000000000000 ) ) ;
#152 = CARTESIAN_POINT ( 'NONE',  ( -3.800230787736567084, 21.24662281133949904, 113.5000000000000284 ) ) ;
#153 = CARTESIAN_POINT ( 'NONE',  ( -11.20395848509136805, -16.58907124726567872, 114.9999999999999716 ) ) ;
#154 = APPROVAL_DATE_TIME ( #705, #1256 ) ;
#155 = EDGE_LOOP ( 'NONE', ( #1147, #1100, #19, #1365, #94 ) ) ;
#156 = DIRECTION ( 'NONE',  ( 1.000000000000000000, 0.000000000000000000, 0.000000000000000000 ) ) ;
#157 = VECTOR ( 'NONE', #726, 1000.000000000000000 ) ;
#158 = DIRECTION ( 'NONE',  ( 0.000000000000000000, 0.000000000000000000, -1.000000000000000000 ) ) ;
#159 = CARTESIAN_POINT ( 'NONE',  ( -17.83366161524336491, 12.15817619219213697, 113.5000000000000142 ) ) ;
#160 = CARTESIAN_POINT ( 'NONE',  ( -7.467812937212729985, 20.25074084724286649, 113.5000000000000142 ) ) ;
#161 = CC_DESIGN_PERSON_AND_ORGANIZATION_ASSIGNMENT ( #378, #270, ( #126 ) ) ;
#162 = DIRECTION ( 'NONE',  ( 1.000000000000000000, 0.000000000000000000, 0.000000000000000000 ) ) ;
#163 = SECURITY_CLASSIFICATION_LEVEL ( 'unclassified' ) ;
#164 = EDGE_LOOP ( 'NONE', ( #699, #630, #239, #185, #792, #200 ) ) ;
#165 = FACE_OUTER_BOUND ( 'NONE', #1312, .T. ) ;
#166 = CARTESIAN_POINT ( 'NONE',  ( 0.000000000000000000, -10.50000000000000000, 112.0000000000000000 ) ) ;
#167 = CARTESIAN_POINT ( 'NONE',  ( 8.400000000000000355, 0.000000000000000000, 0.000000000000000000 ) ) ;
#168 = DIRECTION ( 'NONE',  ( 0.000000000000000000, -1.000000000000000000, 0.000000000000000000 ) ) ;
#169 =( NAMED_UNIT ( * ) SI_UNIT ( $, .STERADIAN. ) SOLID_ANGLE_UNIT ( ) );
#170 = VERTEX_POINT ( 'NONE', #1318 ) ;
#171 = CARTESIAN_POINT ( 'NONE',  ( 20.16163010647237996, 0.6021323684929301701, 115.0000000000000000 ) ) ;
#172 = EDGE_CURVE ( 'NONE', #396, #75, #1154, .T. ) ;
#173 = VERTEX_POINT ( 'NONE', #873 ) ;
#174 = CARTESIAN_POINT ( 'NONE',  ( 0.000000000000000000, 0.000000000000000000, 50.00000000000000000 ) ) ;
#175 = CARTESIAN_POINT ( 'NONE',  ( -21.56955804741927452, 2.219165273600576249, 115.0000000000000000 ) ) ;
#176 = CARTESIAN_POINT ( 'NONE',  ( 0.000000000000000000, 0.000000000000000000, 0.000000000000000000 ) ) ;
#177 = ORIENTED_EDGE ( 'NONE', *, *, #1288, .T. ) ;
#178 = FACE_OUTER_BOUND ( 'NONE', #255, .T. ) ;
#179 = EDGE_CURVE ( 'NONE', #969, #521, #1228, .T. ) ;
#180 = CIRCLE ( 'NONE', #909, 8.400000000000000355 ) ;
#181 = CARTESIAN_POINT ( 'NONE',  ( 0.000000000000000000, 0.000000000000000000, -10.00000000000000000 ) ) ;
#182 = CIRCLE ( 'NONE', #331, 20.00000000000000000 ) ;
#183 = CARTESIAN_POINT ( 'NONE',  ( -19.55506972561696699, -4.945011624424287433, 115.0000000000000000 ) ) ;
#184 = CARTESIAN_POINT ( 'NONE',  ( 20.27164423987083808, -7.696165843109890936, 113.5000000000000000 ) ) ;
#185 = ORIENTED_EDGE ( 'NONE', *, *, #948, .T. ) ;
#186 = CARTESIAN_POINT ( 'NONE',  ( 12.07269646764963511, -10.50000000000000000, 115.0000000000000000 ) ) ;
#187 = CARTESIAN_POINT ( 'NONE',  ( 0.000000000000000000, 0.000000000000000000, 115.0000000000000000 ) ) ;
#188 = CARTESIAN_POINT ( 'NONE',  ( -18.76166303929371182, -10.50000000000000000, 113.5000000000000000 ) ) ;
#189 = CARTESIAN_POINT ( 'NONE',  ( 8.550339279905619705, 19.92642032757202841, 113.5000000000000000 ) ) ;
#190 = ADVANCED_BREP_SHAPE_REPRESENTATION ( 'EDM Spool', ( #602, #299 ), #429 ) ;
#191 = CARTESIAN_POINT ( 'NONE',  ( 19.07843542143515947, -10.30455388372855374, 115.0000000000000000 ) ) ;
#192 = ORIENTED_EDGE ( 'NONE', *, *, #235, .F. ) ;
#193 = CARTESIAN_POINT ( 'NONE',  ( 9.585631519744326923, 17.74738178738576977, 115.0000000000000000 ) ) ;
#194 = ORIENTED_EDGE ( 'NONE', *, *, #1231, .F. ) ;
#195 = CARTESIAN_POINT ( 'NONE',  ( -12.07269646764963511, -10.50000000000000000, 115.0000000000000000 ) ) ;
#196 = CARTESIAN_POINT ( 'NONE',  ( 17.02204453054920208, 10.50000000000000000, 112.0000000000000000 ) ) ;
#197 = CARTESIAN_POINT ( 'NONE',  ( 12.95589594785791832, -17.38721625392465242, 115.0000000000000000 ) ) ;
#198 = CARTESIAN_POINT ( 'NONE',  ( 21.67375236445905884, 0.6472922961307794321, 115.0000000000000000 ) ) ;
#199 = EDGE_CURVE ( 'NONE', #484, #1436, #543, .T. ) ;
#200 = ORIENTED_EDGE ( 'NONE', *, *, #795, .F. ) ;
#201 = CARTESIAN_POINT ( 'NONE',  ( 20.77691098921245327, 6.204071132644692455, 113.5000000000000000 ) ) ;
#202 = ORIENTED_EDGE ( 'NONE', *, *, #172, .F. ) ;
#203 = DIRECTION ( 'NONE',  ( 1.000000000000000000, 0.000000000000000000, 0.000000000000000000 ) ) ;
#204 = DIRECTION ( 'NONE',  ( -0.000000000000000000, -0.000000000000000000, -1.000000000000000000 ) ) ;
#205 = CARTESIAN_POINT ( 'NONE',  ( -17.38721625391855241, -12.95589594786882337, 115.0000000000000000 ) ) ;
#206 = AXIS2_PLACEMENT_3D ( 'NONE', #457, #1, #1112 ) ;
#207 = CARTESIAN_POINT ( 'NONE',  ( -19.77622816461652633, -8.892206051009612366, 115.0000000000000000 ) ) ;
#208 = CC_DESIGN_PERSON_AND_ORGANIZATION_ASSIGNMENT ( #831, #603, ( #24 ) ) ;
#209 = CARTESIAN_POINT ( 'NONE',  ( -17.16742822051551443, 10.50000000000000178, 114.8992826409710517 ) ) ;
#210 = CARTESIAN_POINT ( 'NONE',  ( -6.204071132644950914, 20.77691098921001256, 115.0000000000000000 ) ) ;
#211 = ORIENTED_EDGE ( 'NONE', *, *, #93, .F. ) ;
#212 = DIRECTION ( 'NONE',  ( 1.000000000000000000, 0.000000000000000000, 0.000000000000000000 ) ) ;
#213 =( BOUNDED_SURFACE ( )  B_SPLINE_SURFACE ( 2, 3, ( 
 ( #74, #946, #48, #1287, #1076, #1406, #495, #1378, #512, #404, #386, #834, #970, #505, #171, #1297, #309, #1191, #956, #193, #1044, #42, #940, #490, #1372, #1274, #1311, #324, #1216, #2, #553, #899, #530, #999 ),
 ( #101, #423, #453, #870, #652, #774, #441, #116, #884, #780, #646, #224, #1430, #1099, #766, #1326, #1304, #345, #1222, #1200, #666, #1210, #1320, #210, #1330, #1113, #993, #546, #559, #334, #318, #1006, #979, #786 ),
 ( #217, #538, #1415, #659, #1105, #1227, #893, #1435, #639, #759, #107, #448, #339, #1086, #83, #201, #1093, #92, #988, #1423, #433, #879, #139, #1243, #1347, #912, #690, #1342, #1013, #243, #458, #7, #246, #1035 ) ),
 .UNSPECIFIED., .F., .T., .F. ) 
 B_SPLINE_SURFACE_WITH_KNOTS ( ( 3, 3 ),
 ( 4, 2, 2, 2, 2, 2, 2, 2, 2, 2, 2, 2, 2, 2, 2, 2, 4 ),
 ( 0.000000000000000000, 1.000000000000000000 ),
 ( -2.588877540493009555, -2.196178458794285415, -1.803479377095561276, -1.410780295396837136, -1.018081213698112997, -0.6253821319993888572, -0.2326830503006647177, 0.1600160313980594218, 0.5527151130967835613, 0.9454141947955077008, 1.338113276494231840, 1.730812358192955980, 2.123511439891680119, 2.516210521590404259, 2.908909603289128398, 3.301608684987852538, 3.694307766686576677 ),
 .UNSPECIFIED. ) 
 GEOMETRIC_REPRESENTATION_ITEM ( )  RATIONAL_B_SPLINE_SURFACE ( (
 ( 1.000000000000000000, 1.000000000000000000, 1.000000000000000000, 1.000000000000000000, 1.000000000000000000, 1.000000000000000000, 1.000000000000000000, 1.000000000000000000, 1.000000000000000000, 1.000000000000000000, 1.000000000000000000, 1.000000000000000000, 1.000000000000000000, 1.000000000000000000, 1.000000000000000000, 1.000000000000000000, 1.000000000000000000, 1.000000000000000000, 1.000000000000000000, 1.000000000000000000, 1.000000000000000000, 1.000000000000000000, 1.000000000000000000, 1.000000000000000000, 1.000000000000000000, 1.000000000000000000, 1.000000000000000000, 1.000000000000000000, 1.000000000000000000, 1.000000000000000000, 1.000000000000000000, 1.000000000000000000, 1.000000000000000000, 1.000000000000000000),
 ( 0.02121320343559643384, 0.02121320343559643384, 0.02121320343559640956, 0.02121320343559640956, 0.02121320343559643731, 0.02121320343559643731, 0.02121320343559643731, 0.02121320343559643731, 0.02121320343559643731, 0.02121320343559643731, 0.02121320343559643037, 0.02121320343559643037, 0.02121320343559643731, 0.02121320343559643731, 0.02121320343559644078, 0.02121320343559644078, 0.02121320343559643384, 0.02121320343559643384, 0.02121320343559643037, 0.02121320343559643037, 0.02121320343559644078, 0.02121320343559644078, 0.02121320343559643731, 0.02121320343559643731, 0.02121320343559643384, 0.02121320343559643384, 0.02121320343559644772, 0.02121320343559644772, 0.02121320343559643731, 0.02121320343559643731, 0.02121320343559643384, 0.02121320343559643384, 0.02121320343559643384, 0.02121320343559643384),
 ( 1.000000000000000000, 1.000000000000000000, 1.000000000000000000, 1.000000000000000000, 1.000000000000000000, 1.000000000000000000, 1.000000000000000000, 1.000000000000000000, 1.000000000000000000, 1.000000000000000000, 1.000000000000000000, 1.000000000000000000, 1.000000000000000000, 1.000000000000000000, 1.000000000000000000, 1.000000000000000000, 1.000000000000000000, 1.000000000000000000, 1.000000000000000000, 1.000000000000000000, 1.000000000000000000, 1.000000000000000000, 1.000000000000000000, 1.000000000000000000, 1.000000000000000000, 1.000000000000000000, 1.000000000000000000, 1.000000000000000000, 1.000000000000000000, 1.000000000000000000, 1.000000000000000000, 1.000000000000000000, 1.000000000000000000, 1.000000000000000000) ) ) 
 REPRESENTATION_ITEM ( '' )  SURFACE ( )  );
#214 = CARTESIAN_POINT ( 'NONE',  ( 0.2739725310270312852, 21.68168508038009179, 115.0000000000000142 ) ) ;
#215 = VECTOR ( 'NONE', #1040, 1000.000000000000000 ) ;
#216 = CARTESIAN_POINT ( 'NONE',  ( 0.000000000000000000, 0.000000000000000000, 115.0000000000000000 ) ) ;
#217 = CARTESIAN_POINT ( 'NONE',  ( -18.29869787034038708, -11.28750000000000142, 113.5000000000000000 ) ) ;
#218 = ORIENTED_EDGE ( 'NONE', *, *, #1143, .T. ) ;
#219 = EDGE_CURVE ( 'NONE', #108, #1273, #1206, .T. ) ;
#220 = CARTESIAN_POINT ( 'NONE',  ( 18.41469836531145887, -10.49999999999999822, 113.8341942091794863 ) ) ;
#221 = CARTESIAN_POINT ( 'NONE',  ( 0.000000000000000000, 0.000000000000000000, 0.000000000000000000 ) ) ;
#222 = PERSON_AND_ORGANIZATION ( #1057, #733 ) ;
#223 = CARTESIAN_POINT ( 'NONE',  ( -8.261756348248617599, 18.29288883925758569, 115.0000000000000142 ) ) ;
#224 = CARTESIAN_POINT ( 'NONE',  ( 19.07843542143515947, -10.30455388372855374, 115.0000000000000000 ) ) ;
#225 = VERTEX_POINT ( 'NONE', #122 ) ;
#226 = CARTESIAN_POINT ( 'NONE',  ( -17.02204453054920208, -10.50000000000000000, 115.0000000000000000 ) ) ;
#227 = DIRECTION ( 'NONE',  ( -0.000000000000000000, 0.000000000000000000, 1.000000000000000000 ) ) ;
#228 = VECTOR ( 'NONE', #502, 1000.000000000000000 ) ;
#229 = CARTESIAN_POINT ( 'NONE',  ( 14.43556948144601826, 13.84780980681033569, 115.0000000000000426 ) ) ;
#230 = VECTOR ( 'NONE', #901, 1000.000000000000000 ) ;
#231 = DIRECTION ( 'NONE',  ( 0.000000000000000000, -0.000000000000000000, -1.000000000000000000 ) ) ;
#232 = CARTESIAN_POINT ( 'NONE',  ( -6.890448540771129338, -20.45089823766299375, 113.5000000000000284 ) ) ;
#233 = VERTEX_POINT ( 'NONE', #1418 ) ;
#234 = DIRECTION ( 'NONE',  ( 0.000000000000000000, 0.000000000000000000, -1.000000000000000000 ) ) ;
#235 = EDGE_CURVE ( 'NONE', #244, #1190, #425, .T. ) ;
#236 = FACE_OUTER_BOUND ( 'NONE', #1218, .T. ) ;
#237 = CARTESIAN_POINT ( 'NONE',  ( 0.000000000000000000, 0.000000000000000000, -10.00000000000000000 ) ) ;
#238 = CARTESIAN_POINT ( 'NONE',  ( 7.752963423772651019, -20.13973877610893837, 113.5000000000000142 ) ) ;
#239 = ORIENTED_EDGE ( 'NONE', *, *, #1262, .T. ) ;
#240 = CARTESIAN_POINT ( 'NONE',  ( 15.64759774517708912, 12.72818041766470998, 115.0000000000000000 ) ) ;
#241 = ADVANCED_FACE ( 'NONE', ( #96 ), #742, .F. ) ;
#242 = CARTESIAN_POINT ( 'NONE',  ( 12.56084435834508994, -15.58625810495785124, 115.0000000000000000 ) ) ;
#243 = CARTESIAN_POINT ( 'NONE',  ( -21.56955804741997085, 2.219165273600741006, 113.5000000000000000 ) ) ;
#244 = VERTEX_POINT ( 'NONE', #1095 ) ;
#245 = CARTESIAN_POINT ( 'NONE',  ( 18.85734347895047591, -7.159224040101479503, 115.0000000000000000 ) ) ;
#246 = CARTESIAN_POINT ( 'NONE',  ( -19.77622816461530419, -8.892206051011132928, 113.5000000000000000 ) ) ;
#247 = CIRCLE ( 'NONE', #36, 60.00000000000000000 ) ;
#248 = AXIS2_PLACEMENT_3D ( 'NONE', #783, #104, #1432 ) ;
#249 = ORIENTED_EDGE ( 'NONE', *, *, #1364, .T. ) ;
#250 = CARTESIAN_POINT ( 'NONE',  ( -18.61294156591545601, -10.76573925215179806, 113.5000000000000000 ) ) ;
#251 = CARTESIAN_POINT ( 'NONE',  ( 18.14071616821924238, 10.50000000000000000, 114.0705043832966226 ) ) ;
#252 = DIRECTION ( 'NONE',  ( 1.000000000000000000, 0.000000000000000000, 0.000000000000000000 ) ) ;
#253 = CARTESIAN_POINT ( 'NONE',  ( -9.000301619937786768, -17.87951838236137547, 115.0000000000000142 ) ) ;
#254 = CARTESIAN_POINT ( 'NONE',  ( 4.174858650255309556, -21.17281452879260328, 113.5000000000000568 ) ) ;
#255 = EDGE_LOOP ( 'NONE', ( #1085, #1253, #317 ) ) ;
#256 = AXIS2_PLACEMENT_3D ( 'NONE', #1252, #18, #467 ) ;
#257 = CARTESIAN_POINT ( 'NONE',  ( -21.45582040018864234, 3.133416638020147804, 113.5000000000000000 ) ) ;
#258 = EDGE_CURVE ( 'NONE', #971, #1414, #574, .T. ) ;
#259 = CARTESIAN_POINT ( 'NONE',  ( -8.271819582337167631, 18.39649131592435793, 115.0000000000000000 ) ) ;
#260 = CARTESIAN_POINT ( 'NONE',  ( -16.00000000000000000, 0.000000000000000000, 115.0000000000000000 ) ) ;
#261 = CARTESIAN_POINT ( 'NONE',  ( 5.861223217377121486, -19.13984467287225044, 115.0000000000000000 ) ) ;
#262 = CALENDAR_DATE ( 2026, 28, 4 ) ;
#263 = B_SPLINE_CURVE_WITH_KNOTS ( 'NONE', 3,
 ( #525, #685, #32, #596, #473, #797, #39, #1132, #581, #1346, #138, #370 ),
 .UNSPECIFIED., .F., .F.,
 ( 4, 2, 2, 2, 2, 4 ),
 ( 0.000000000000000000, 0.0002537437208801887265, 0.0005074874417603774529, 0.001014974883520754906, 0.001522462325281132359, 0.002029949767041509812 ),
 .UNSPECIFIED. ) ;
#264 = ORIENTED_EDGE ( 'NONE', *, *, #838, .F. ) ;
#265 = CARTESIAN_POINT ( 'NONE',  ( -18.29869787034038708, -11.28750000000000142, 113.5000000000000000 ) ) ;
#266 = APPROVAL ( #772, 'UNSPECIFIED' ) ;
#267 = CARTESIAN_POINT ( 'NONE',  ( 17.39606008365279877, 10.49999999999999822, 114.7133839554168873 ) ) ;
#268 = CARTESIAN_POINT ( 'NONE',  ( -14.02444373168828484, 16.40657529602389175, 113.4999999999999716 ) ) ;
#269 = CARTESIAN_POINT ( 'NONE',  ( 0.000000000000000000, -10.50000000000000000, 112.0000000000000000 ) ) ;
#270 = PERSON_AND_ORGANIZATION_ROLE ( 'design_supplier' ) ;
#271 = ORIENTED_EDGE ( 'NONE', *, *, #539, .F. ) ;
#272 = CARTESIAN_POINT ( 'NONE',  ( 17.74768062494523591, 10.50000000000000000, 112.1314545328266377 ) ) ;
#273 = DIRECTION ( 'NONE',  ( 1.000000000000000000, 0.000000000000000000, 0.000000000000000000 ) ) ;
#274 = CIRCLE ( 'NONE', #689, 20.00000000000000000 ) ;
#275 = DIRECTION ( 'NONE',  ( 1.000000000000000000, 0.000000000000000000, 0.000000000000000000 ) ) ;
#276 = ADVANCED_FACE ( 'NONE', ( #1203 ), #350, .F. ) ;
#277 = B_SPLINE_CURVE_WITH_KNOTS ( 'NONE', 3,
 ( #902, #600, #119, #444, #142, #585, #889, #1031, #29, #477, #337, #926, #816, #1255, #1388, #395 ),
 .UNSPECIFIED., .F., .F.,
 ( 4, 2, 2, 2, 2, 2, 2, 4 ),
 ( 0.000000000000000000, 0.0005056074525438316583, 0.0007584111788157539384, 0.001011214905087676327, 0.001264018631359598499, 0.001516822357631520887, 0.001769626083903443493, 0.002022429810175365664 ),
 .UNSPECIFIED. ) ;
#278 = EDGE_CURVE ( 'NONE', #75, #1414, #1426, .T. ) ;
#279 = DIRECTION ( 'NONE',  ( 1.000000000000000000, 0.000000000000000000, 0.000000000000000000 ) ) ;
#280 = LINE ( 'NONE', #493, #657 ) ;
#281 = ORIENTED_EDGE ( 'NONE', *, *, #1427, .F. ) ;
#282 = CARTESIAN_POINT ( 'NONE',  ( 18.69737733818282877, 10.50000000000000000, 113.0802518773306531 ) ) ;
#283 = ORIENTED_EDGE ( 'NONE', *, *, #347, .F. ) ;
#284 = DIRECTION ( 'NONE',  ( 0.000000000000000000, 0.000000000000000000, 1.000000000000000000 ) ) ;
#285 = CARTESIAN_POINT ( 'NONE',  ( 14.02444373168828662, 16.40657529602389531, 113.5000000000000142 ) ) ;
#286 = CARTESIAN_POINT ( 'NONE',  ( -20.77691098921710733, -6.204071132645324838, 115.0000000000000000 ) ) ;
#287 = PLANE ( 'NONE',  #832 ) ;
#288 = PERSON_AND_ORGANIZATION ( #1057, #733 ) ;
#289 = EDGE_CURVE ( 'NONE', #1396, #335, #13, .T. ) ;
#290 = EDGE_CURVE ( 'NONE', #638, #310, #329, .T. ) ;
#291 = CARTESIAN_POINT ( 'NONE',  ( 0.000000000000000000, 3.469446951953614189E-15, 113.2020815280235553 ) ) ;
#292 = DIRECTION ( 'NONE',  ( -1.000000000000000000, 0.000000000000000000, 0.000000000000000000 ) ) ;
#293 = ORIENTED_EDGE ( 'NONE', *, *, #1353, .T. ) ;
#294 = CARTESIAN_POINT ( 'NONE',  ( -21.67375236446015307, -0.6472922961304299339, 113.5000000000000000 ) ) ;
#295 = CARTESIAN_POINT ( 'NONE',  ( 20.13610982466887833, 8.044104052133453919, 115.0000000000000000 ) ) ;
#296 = CARTESIAN_POINT ( 'NONE',  ( -18.29869787034038353, -11.28750000000000142, 115.0000000000000000 ) ) ;
#297 = DIRECTION ( 'NONE',  ( 1.000000000000000000, 0.000000000000000000, 0.000000000000000000 ) ) ;
#298 = CARTESIAN_POINT ( 'NONE',  ( 0.000000000000000000, -10.50000000000000000, 115.0000000000000000 ) ) ;
#299 = AXIS2_PLACEMENT_3D ( 'NONE', #849, #611, #1164 ) ;
#300 = ORIENTED_EDGE ( 'NONE', *, *, #199, .T. ) ;
#301 = PLANE ( 'NONE',  #428 ) ;
#302 = B_SPLINE_CURVE_WITH_KNOTS ( 'NONE', 3,
 ( #1224, #443, #1305, #887, #1322, #76, #336, #776, #640, #220, #1219, #1094 ),
 .UNSPECIFIED., .F., .F.,
 ( 4, 1, 1, 1, 1, 2, 2, 4 ),
 ( 0.000000000000000000, 0.2499999999999383826, 0.3749999999999057976, 0.4374999999998883116, 0.4687499999998830380, 0.4843749999998827049, 0.4999999999998824274, 1.000000000000000000 ),
 .UNSPECIFIED. ) ;
#303 = AXIS2_PLACEMENT_3D ( 'NONE', #86, #417, #854 ) ;
#304 = LINE ( 'NONE', #1080, #862 ) ;
#305 = CIRCLE ( 'NONE', #1118, 20.00000000000000000 ) ;
#306 = CARTESIAN_POINT ( 'NONE',  ( 17.38721625392060943, 12.95589594786768650, 113.5000000000000000 ) ) ;
#307 = CARTESIAN_POINT ( 'NONE',  ( -20.00000000000000000, 0.000000000000000000, 50.00000000000000000 ) ) ;
#308 = ORIENTED_EDGE ( 'NONE', *, *, #730, .F. ) ;
#309 = CARTESIAN_POINT ( 'NONE',  ( 18.39649131592129905, 8.271819582335307786, 115.0000000000000000 ) ) ;
#310 = VERTEX_POINT ( 'NONE', #790 ) ;
#311 = CARTESIAN_POINT ( 'NONE',  ( -8.400000000000000355, 1.028703311283776586E-15, 0.000000000000000000 ) ) ;
#312 = EDGE_CURVE ( 'NONE', #932, #124, #263, .T. ) ;
#313 = VECTOR ( 'NONE', #498, 1000.000000000000000 ) ;
#314 = LINE ( 'NONE', #1381, #115 ) ;
#315 = CARTESIAN_POINT ( 'NONE',  ( 17.38721625391855952, 12.95589594786654075, 115.0000000000000000 ) ) ;
#316 = CARTESIAN_POINT ( 'NONE',  ( 20.77691098921245327, 6.204071132644692455, 113.5000000000000000 ) ) ;
#317 = ORIENTED_EDGE ( 'NONE', *, *, #1207, .F. ) ;
#318 = CARTESIAN_POINT ( 'NONE',  ( -21.67375236445551323, -0.6472922961296814215, 115.0000000000000000 ) ) ;
#319 = LINE ( 'NONE', #760, #810 ) ;
#320 = CARTESIAN_POINT ( 'NONE',  ( -24.12000000000000099, 2.953848079543416396E-15, -5.000000000000000000 ) ) ;
#321 = CARTESIAN_POINT ( 'NONE',  ( 14.08143136124922989, -14.44185523946965866, 115.0000000000000000 ) ) ;
#322 = CARTESIAN_POINT ( 'NONE',  ( -19.07843542144333782, 10.30455388372352488, 114.9999999999999858 ) ) ;
#323 = CARTESIAN_POINT ( 'NONE',  ( -17.02154692473969178, 10.50000000000000000, 115.0000000000000000 ) ) ;
#324 = CARTESIAN_POINT ( 'NONE',  ( -17.74738178738914840, 9.585631519744186591, 115.0000000000000000 ) ) ;
#325 = LOCAL_TIME ( 0, 56, 37.00000000000000000, #402 ) ;
#326 = EDGE_LOOP ( 'NONE', ( #422, #34 ) ) ;
#327 = DIRECTION ( 'NONE',  ( -0.000000000000000000, 0.000000000000000000, 1.000000000000000000 ) ) ;
#328 = CARTESIAN_POINT ( 'NONE',  ( 0.000000000000000000, 0.000000000000000000, 0.000000000000000000 ) ) ;
#329 = CIRCLE ( 'NONE', #533, 8.400000000000000355 ) ;
#330 = CARTESIAN_POINT ( 'NONE',  ( 17.32417366223480570, -10.33087115689037461, 115.0000000000000000 ) ) ;
#331 = AXIS2_PLACEMENT_3D ( 'NONE', #811, #1250, #252 ) ;
#332 = ADVANCED_FACE ( 'NONE', ( #917, #812 ), #1362, .F. ) ;
#333 = CARTESIAN_POINT ( 'NONE',  ( 0.000000000000000000, 0.000000000000000000, -10.00000000000000000 ) ) ;
#334 = CARTESIAN_POINT ( 'NONE',  ( -21.56955804741927452, 2.219165273600576249, 115.0000000000000000 ) ) ;
#335 = VERTEX_POINT ( 'NONE', #803 ) ;
#336 = CARTESIAN_POINT ( 'NONE',  ( 17.83755046227097907, -10.50000000000000178, 114.3319237318438581 ) ) ;
#337 = CARTESIAN_POINT ( 'NONE',  ( -18.60139029492025387, -10.50000000000000000, 112.6335056201613583 ) ) ;
#338 = CARTESIAN_POINT ( 'NONE',  ( -17.48206959640200964, 10.50000000000000355, 114.6356630136587711 ) ) ;
#339 = CARTESIAN_POINT ( 'NONE',  ( 20.27164423987083808, -7.696165843109890936, 113.5000000000000000 ) ) ;
#340 = EDGE_CURVE ( 'NONE', #567, #751, #1337, .T. ) ;
#341 = ORIENTED_EDGE ( 'NONE', *, *, #69, .T. ) ;
#342 = FACE_OUTER_BOUND ( 'NONE', #405, .T. ) ;
#343 = CARTESIAN_POINT ( 'NONE',  ( -18.45857341420944309, -11.02831822599191725, 113.5000000000000000 ) ) ;
#344 = CARTESIAN_POINT ( 'NONE',  ( 15.83974970382588232, 12.26173079681086620, 115.0000000000000000 ) ) ;
#345 = CARTESIAN_POINT ( 'NONE',  ( 16.82116757606753055, 13.68279394898734935, 115.0000000000000000 ) ) ;
#346 = EDGE_LOOP ( 'NONE', ( #379, #781, #740, #507 ) ) ;
#347 = EDGE_CURVE ( 'NONE', #805, #844, #1198, .T. ) ;
#348 = CIRCLE ( 'NONE', #206, 8.400000000000000355 ) ;
#349 = CARTESIAN_POINT ( 'NONE',  ( 0.4262703100352347452, 19.99892682630836660, 115.0000000000000142 ) ) ;
#350 = CYLINDRICAL_SURFACE ( 'NONE', #89, 16.00000000000000000 ) ;
#351 = DIRECTION ( 'NONE',  ( 0.000000000000000000, 0.000000000000000000, -1.000000000000000000 ) ) ;
#352 = ORIENTED_EDGE ( 'NONE', *, *, #687, .F. ) ;
#353 = CARTESIAN_POINT ( 'NONE',  ( 5.771228960588755896, -19.32735905973562396, 115.0000000000000000 ) ) ;
#354 = AXIS2_PLACEMENT_3D ( 'NONE', #695, #1368, #1033 ) ;
#355 = CARTESIAN_POINT ( 'NONE',  ( 8.400000000000000355, 0.000000000000000000, -10.00000000000000000 ) ) ;
#356 = VECTOR ( 'NONE', #930, 1000.000000000000000 ) ;
#357 = ORIENTED_EDGE ( 'NONE', *, *, #586, .T. ) ;
#358 = CARTESIAN_POINT ( 'NONE',  ( -13.83065348712916709, -14.68219724899632439, 115.0000000000000000 ) ) ;
#359 = CARTESIAN_POINT ( 'NONE',  ( 17.85225158202569418, -12.12495910394437360, 113.5000000000000284 ) ) ;
#360 = VERTEX_POINT ( 'NONE', #1276 ) ;
#361 = CARTESIAN_POINT ( 'NONE',  ( -11.10568649364872229, -18.62348668690618325, 113.5000000000000000 ) ) ;
#362 = CARTESIAN_POINT ( 'NONE',  ( 18.76166303929371892, 10.50000000000000000, 113.5000000000000000 ) ) ;
#363 = CARTESIAN_POINT ( 'NONE',  ( -10.49264839626308188, -17.04737270919948955, 115.0000000000000000 ) ) ;
#364 = CARTESIAN_POINT ( 'NONE',  ( -18.69737733818282166, 10.50000000000000000, 113.0802518773306247 ) ) ;
#365 = CIRCLE ( 'NONE', #556, 24.12000000000000099 ) ;
#366 = CIRCLE ( 'NONE', #1319, 20.00000000000000000 ) ;
#367 = ORIENTED_EDGE ( 'NONE', *, *, #1185, .T. ) ;
#368 = CARTESIAN_POINT ( 'NONE',  ( -17.02204453054920208, -10.50000000000000000, 112.0000000000000000 ) ) ;
#369 = CARTESIAN_POINT ( 'NONE',  ( 2.914806174902889957, 19.95890269785029858, 115.0000000000000000 ) ) ;
#370 = CARTESIAN_POINT ( 'NONE',  ( 17.37111091136668506, -10.50000000000000000, 112.0000000000000000 ) ) ;
#371 = CARTESIAN_POINT ( 'NONE',  ( -16.00000000000000000, 0.000000000000000000, 0.000000000000000000 ) ) ;
#372 = ORIENTED_EDGE ( 'NONE', *, *, #579, .F. ) ;
#373 = CARTESIAN_POINT ( 'NONE',  ( -21.02169995503982847, -5.315887496256085143, 113.5000000000000000 ) ) ;
#374 = CC_DESIGN_PERSON_AND_ORGANIZATION_ASSIGNMENT ( #1073, #712, ( #802 ) ) ;
#375 = CARTESIAN_POINT ( 'NONE',  ( -14.68219724899178757, 13.83065348712916887, 115.0000000000000000 ) ) ;
#376 = DIRECTION ( 'NONE',  ( 0.000000000000000000, 0.000000000000000000, 1.000000000000000000 ) ) ;
#377 = CARTESIAN_POINT ( 'NONE',  ( -1.704124849199836200, -19.94488673511152044, 114.9999999999999858 ) ) ;
#378 = PERSON_AND_ORGANIZATION ( #1057, #733 ) ;
#379 = ORIENTED_EDGE ( 'NONE', *, *, #671, .F. ) ;
#380 = LINE ( 'NONE', #729, #1391 ) ;
#381 = ADVANCED_FACE ( 'NONE', ( #1072 ), #520, .F. ) ;
#382 = DIRECTION ( 'NONE',  ( 0.000000000000000000, -0.000000000000000000, -1.000000000000000000 ) ) ;
#383 = DIRECTION ( 'NONE',  ( 0.000000000000000000, -0.000000000000000000, -1.000000000000000000 ) ) ;
#384 = PERSON_AND_ORGANIZATION_ROLE ( 'creator' ) ;
#385 = ORIENTED_EDGE ( 'NONE', *, *, #838, .T. ) ;
#386 = CARTESIAN_POINT ( 'NONE',  ( 14.68219724899975276, -13.83065348712442244, 115.0000000000000000 ) ) ;
#387 = AXIS2_PLACEMENT_3D ( 'NONE', #77, #231, #565 ) ;
#388 = CARTESIAN_POINT ( 'NONE',  ( -21.56955804741997085, 2.219165273600741006, 113.5000000000000000 ) ) ;
#389 = EDGE_CURVE ( 'NONE', #1436, #1281, #274, .T. ) ;
#390 = DIRECTION ( 'NONE',  ( -1.000000000000000000, 0.000000000000000000, -0.000000000000000000 ) ) ;
#391 = CARTESIAN_POINT ( 'NONE',  ( 3.800230787736572857, 21.24662281133948483, 113.5000000000000142 ) ) ;
#392 = CARTESIAN_POINT ( 'NONE',  ( 16.12877699444884527, -11.94876972051966035, 115.0000000000000000 ) ) ;
#393 = APPROVAL_STATUS ( 'not_yet_approved' ) ;
#394 = ORIENTED_EDGE ( 'NONE', *, *, #795, .T. ) ;
#395 = CARTESIAN_POINT ( 'NONE',  ( -18.76166303929371182, -10.50000000000000000, 113.2020815280235553 ) ) ;
#396 = VERTEX_POINT ( 'NONE', #45 ) ;
#397 = VECTOR ( 'NONE', #1225, 1000.000000000000000 ) ;
#398 = CARTESIAN_POINT ( 'NONE',  ( 18.53620495588667794, -7.953803981301523329, 115.0000000000000000 ) ) ;
#399 = CARTESIAN_POINT ( 'NONE',  ( 7.696165843115570837, 20.27164423986949515, 113.5000000000000000 ) ) ;
#400 = LINE ( 'NONE', #501, #669 ) ;
#401 = CARTESIAN_POINT ( 'NONE',  ( -17.02204453054920208, 10.50000000000000000, 112.0000000000000000 ) ) ;
#402 = COORDINATED_UNIVERSAL_TIME_OFFSET ( 8, 0, .BEHIND. ) ;
#403 = ORIENTED_EDGE ( 'NONE', *, *, #730, .T. ) ;
#404 = CARTESIAN_POINT ( 'NONE',  ( 12.72818041767339459, -15.64759774517104596, 115.0000000000000000 ) ) ;
#405 = EDGE_LOOP ( 'NONE', ( #1303, #1377, #1134, #56, #531, #511, #14, #47 ) ) ;
#406 = LINE ( 'NONE', #855, #928 ) ;
#407 = CARTESIAN_POINT ( 'NONE',  ( 18.76166303929371892, 10.49999999999999822, 113.5000000000000000 ) ) ;
#408 = CARTESIAN_POINT ( 'NONE',  ( -15.78336204266617493, 14.86795249866533197, 114.9999999999999858 ) ) ;
#409 = CARTESIAN_POINT ( 'NONE',  ( 0.000000000000000000, 0.000000000000000000, -5.000000000000000000 ) ) ;
#410 = PERSON_AND_ORGANIZATION_ROLE ( 'design_owner' ) ;
#411 = EDGE_LOOP ( 'NONE', ( #211, #489, #1298, #1223 ) ) ;
#412 = CARTESIAN_POINT ( 'NONE',  ( 18.03430437477917891, 10.49999999999999645, 112.2731649938615277 ) ) ;
#413 = EDGE_CURVE ( 'NONE', #751, #65, #52, .T. ) ;
#414 = LOCAL_TIME ( 0, 56, 37.00000000000000000, #1048 ) ;
#415 = ORIENTED_EDGE ( 'NONE', *, *, #931, .F. ) ;
#416 = FACE_OUTER_BOUND ( 'NONE', #977, .T. ) ;
#417 = DIRECTION ( 'NONE',  ( 0.000000000000000000, 0.000000000000000000, 1.000000000000000000 ) ) ;
#418 = AXIS2_PLACEMENT_3D ( 'NONE', #1212, #1107, #752 ) ;
#419 = FACE_OUTER_BOUND ( 'NONE', #1201, .T. ) ;
#420 = CARTESIAN_POINT ( 'NONE',  ( -21.68168508038462861, 0.2739725310270334502, 115.0000000000000142 ) ) ;
#421 = CARTESIAN_POINT ( 'NONE',  ( 0.6472922961428089206, -21.67375236445815645, 113.5000000000000000 ) ) ;
#422 = ORIENTED_EDGE ( 'NONE', *, *, #22, .F. ) ;
#423 = CARTESIAN_POINT ( 'NONE',  ( -16.82116757606424784, -13.68279394899038870, 115.0000000000000000 ) ) ;
#424 = CARTESIAN_POINT ( 'NONE',  ( -18.76166303929371892, 10.50000000000000000, 113.5000000000000000 ) ) ;
#425 = LINE ( 'NONE', #320, #1092 ) ;
#426 = CARTESIAN_POINT ( 'NONE',  ( 0.000000000000000000, 0.000000000000000000, 115.0000000000000000 ) ) ;
#427 = CARTESIAN_POINT ( 'NONE',  ( -8.044104052131213933, 20.13610982466885702, 115.0000000000000000 ) ) ;
#428 = AXIS2_PLACEMENT_3D ( 'NONE', #1050, #750, #629 ) ;
#429 =( GEOMETRIC_REPRESENTATION_CONTEXT ( 3 ) GLOBAL_UNCERTAINTY_ASSIGNED_CONTEXT ( ( #636 ) ) GLOBAL_UNIT_ASSIGNED_CONTEXT ( ( #1172, #826, #169 ) ) REPRESENTATION_CONTEXT ( 'NONE', 'WORKASPACE' ) );
#430 = CARTESIAN_POINT ( 'NONE',  ( 0.6472922961420598531, -21.67375236445351305, 115.0000000000000000 ) ) ;
#431 = DATE_AND_TIME ( #1214, #1177 ) ;
#432 = CARTESIAN_POINT ( 'NONE',  ( 17.02204453054920208, -10.50000000000000000, 50.00000000000000000 ) ) ;
#433 = CARTESIAN_POINT ( 'NONE',  ( 7.696165843115570837, 20.27164423986949515, 113.5000000000000000 ) ) ;
#434 = ORIENTED_EDGE ( 'NONE', *, *, #93, .T. ) ;
#435 = DIRECTION ( 'NONE',  ( 1.000000000000000000, 0.000000000000000000, 0.000000000000000000 ) ) ;
#436 = CARTESIAN_POINT ( 'NONE',  ( 60.00000000000000000, 0.000000000000000000, -10.00000000000000000 ) ) ;
#437 = EDGE_CURVE ( 'NONE', #335, #1396, #482, .T. ) ;
#438 = CARTESIAN_POINT ( 'NONE',  ( -18.73126495317717399, -7.482887490355706106, 115.0000000000000000 ) ) ;
#439 = EDGE_CURVE ( 'NONE', #310, #638, #180, .T. ) ;
#440 = CARTESIAN_POINT ( 'NONE',  ( -16.12642640426978602, 11.95163626698160542, 115.0000000000000000 ) ) ;
#441 = CARTESIAN_POINT ( 'NONE',  ( 0.6472922961420598531, -21.67375236445351305, 115.0000000000000000 ) ) ;
#442 = ORIENTED_EDGE ( 'NONE', *, *, #1108, .F. ) ;
#443 = CARTESIAN_POINT ( 'NONE',  ( 17.03882963610890755, -10.50000000000000000, 114.9970050547185139 ) ) ;
#444 = CARTESIAN_POINT ( 'NONE',  ( -17.95145322846429536, -10.50000000000000000, 112.1058351249696159 ) ) ;
#445 = AXIS2_PLACEMENT_3D ( 'NONE', #166, #1379, #1268 ) ;
#446 = ADVANCED_FACE ( 'NONE', ( #1385 ), #504, .T. ) ;
#447 = CARTESIAN_POINT ( 'NONE',  ( -12.55334108168474572, 15.57475131987304451, 115.0000000000000284 ) ) ;
#448 = CARTESIAN_POINT ( 'NONE',  ( 19.07843542143529803, -10.30455388372865499, 113.5000000000000000 ) ) ;
#449 = EDGE_LOOP ( 'NONE', ( #628, #1211, #1166, #1018, #194, #73, #218, #554 ) ) ;
#450 = CYLINDRICAL_SURFACE ( 'NONE', #248, 20.00000000000000000 ) ;
#451 = CARTESIAN_POINT ( 'NONE',  ( -20.13610982466779120, -8.044104052130588656, 113.5000000000000000 ) ) ;
#452 = CARTESIAN_POINT ( 'NONE',  ( 15.00992961543272841, 13.22342092975017458, 115.0000000000000000 ) ) ;
#453 = CARTESIAN_POINT ( 'NONE',  ( -14.86795249866533020, -15.78336204267070642, 115.0000000000000142 ) ) ;
#454 = ORIENTED_EDGE ( 'NONE', *, *, #1158, .F. ) ;
#455 = DIRECTION ( 'NONE',  ( -0.000000000000000000, 0.000000000000000000, 1.000000000000000000 ) ) ;
#456 = DIRECTION ( 'NONE',  ( -1.000000000000000000, -0.000000000000000000, -0.000000000000000000 ) ) ;
#457 = CARTESIAN_POINT ( 'NONE',  ( 0.000000000000000000, 0.000000000000000000, 0.000000000000000000 ) ) ;
#458 = CARTESIAN_POINT ( 'NONE',  ( -21.67375236446015307, -0.6472922961304299339, 113.5000000000000000 ) ) ;
#459 = ORIENTED_EDGE ( 'NONE', *, *, #653, .F. ) ;
#460 = ADVANCED_FACE ( 'NONE', ( #968, #1084 ), #840, .T. ) ;
#461 = CARTESIAN_POINT ( 'NONE',  ( 20.16163010647237996, 0.6021323684929301701, 115.0000000000000000 ) ) ;
#462 = VECTOR ( 'NONE', #1156, 1000.000000000000000 ) ;
#463 = CARTESIAN_POINT ( 'NONE',  ( 9.375480078094266645, -17.67104514407414584, 115.0000000000000000 ) ) ;
#464 = CARTESIAN_POINT ( 'NONE',  ( -18.03430437477917536, 10.50000000000000000, 112.2731649938615277 ) ) ;
#465 = ORIENTED_EDGE ( 'NONE', *, *, #823, .F. ) ;
#466 = DIRECTION ( 'NONE',  ( -1.000000000000000000, 0.000000000000000000, 0.000000000000000000 ) ) ;
#467 = DIRECTION ( 'NONE',  ( 1.000000000000000000, 0.000000000000000000, 0.000000000000000000 ) ) ;
#468 = VECTOR ( 'NONE', #1133, 1000.000000000000000 ) ;
#469 = ORIENTED_EDGE ( 'NONE', *, *, #1332, .F. ) ;
#470 = CARTESIAN_POINT ( 'NONE',  ( -5.771228960600112146, 19.32735905973109070, 115.0000000000000000 ) ) ;
#471 = LOCAL_TIME ( 0, 56, 37.00000000000000000, #841 ) ;
#472 = EDGE_CURVE ( 'NONE', #529, #591, #610, .T. ) ;
#473 = CARTESIAN_POINT ( 'NONE',  ( 18.68013652524128432, -10.50000000000000000, 112.7864672335450820 ) ) ;
#474 = LINE ( 'NONE', #791, #1189 ) ;
#475 = ORIENTED_EDGE ( 'NONE', *, *, #290, .T. ) ;
#476 = LINE ( 'NONE', #668, #483 ) ;
#477 = CARTESIAN_POINT ( 'NONE',  ( -18.55442172472670848, -10.49999999999999822, 112.5632440006973667 ) ) ;
#478 = CARTESIAN_POINT ( 'NONE',  ( 16.17415465480658909, 12.05199623057453095, 115.0000000000000000 ) ) ;
#479 = APPROVAL_PERSON_ORGANIZATION ( #222, #266, #1110 ) ;
#480 = CARTESIAN_POINT ( 'NONE',  ( -12.56487987844150389, -15.58353469287732374, 115.0000000000000142 ) ) ;
#481 = CARTESIAN_POINT ( 'NONE',  ( -18.28830452576707088, 10.50000000000000000, 112.4629703098042057 ) ) ;
#482 = CIRCLE ( 'NONE', #788, 16.00000000000000000 ) ;
#483 = VECTOR ( 'NONE', #925, 1000.000000000000000 ) ;
#484 = VERTEX_POINT ( 'NONE', #307 ) ;
#485 = CARTESIAN_POINT ( 'NONE',  ( -15.13753871333911505, 15.52499438243837915, 113.5000000000000000 ) ) ;
#486 = CYLINDRICAL_SURFACE ( 'NONE', #563, 60.00000000000000000 ) ;
#487 = CARTESIAN_POINT ( 'NONE',  ( -6.664386571248966717, -18.87595729213231976, 115.0000000000000568 ) ) ;
#488 = ADVANCED_FACE ( 'NONE', ( #1412 ), #1376, .F. ) ;
#489 = ORIENTED_EDGE ( 'NONE', *, *, #172, .T. ) ;
#490 = CARTESIAN_POINT ( 'NONE',  ( -5.771228960600112146, 19.32735905973109070, 115.0000000000000000 ) ) ;
#491 = LINE ( 'NONE', #941, #215 ) ;
#492 = FACE_OUTER_BOUND ( 'NONE', #1152, .T. ) ;
#493 = CARTESIAN_POINT ( 'NONE',  ( -56.90500000000000114, 10.50000000000000000, 115.0000000000000000 ) ) ;
#494 = ORIENTED_EDGE ( 'NONE', *, *, #1059, .F. ) ;
#495 = CARTESIAN_POINT ( 'NONE',  ( 0.6021323685043477036, -20.16163010647144560, 115.0000000000000000 ) ) ;
#496 = ADVANCED_FACE ( 'NONE', ( #711, #492 ), #943, .T. ) ;
#497 = CARTESIAN_POINT ( 'NONE',  ( -18.14064878237457634, -10.50000000000000178, 114.0705024909201057 ) ) ;
#498 = DIRECTION ( 'NONE',  ( -0.000000000000000000, -0.000000000000000000, -1.000000000000000000 ) ) ;
#499 = PLANE ( 'NONE',  #1293 ) ;
#500 = B_SPLINE_CURVE_WITH_KNOTS ( 'NONE', 3,
 ( #829, #1257, #1249, #950, #251, #724, #1155, #1382, #1161, #267, #616, #594 ),
 .UNSPECIFIED., .F., .F.,
 ( 4, 1, 1, 1, 1, 2, 2, 4 ),
 ( 0.000000000000000000, 0.2499999999999330536, 0.3749999999999012457, 0.4374999999998893663, 0.4687499999998809841, 0.4843749999998809841, 0.4999999999998809841, 1.000000000000000000 ),
 .UNSPECIFIED. ) ;
#501 = CARTESIAN_POINT ( 'NONE',  ( 20.00000000000000000, 2.449293598294706513E-15, 115.0000000000000000 ) ) ;
#502 = DIRECTION ( 'NONE',  ( 1.000000000000000000, 0.000000000000000000, 0.000000000000000000 ) ) ;
#503 = ORIENTED_EDGE ( 'NONE', *, *, #718, .F. ) ;
#504 = TOROIDAL_SURFACE ( 'NONE', #713, 20.29791847197645183, 1.202081528023547063 ) ;
#505 = CARTESIAN_POINT ( 'NONE',  ( 20.06470516038846696, -2.064339789402450887, 115.0000000000000000 ) ) ;
#506 = AXIS2_PLACEMENT_3D ( 'NONE', #864, #109, #972 ) ;
#507 = ORIENTED_EDGE ( 'NONE', *, *, #1254, .F. ) ;
#508 = LINE ( 'NONE', #31, #313 ) ;
#509 = CARTESIAN_POINT ( 'NONE',  ( -18.29869787034038708, -11.28750000000000142, 113.5000000000000000 ) ) ;
#510 = CARTESIAN_POINT ( 'NONE',  ( 0.000000000000000000, 10.50000000000000000, 112.0000000000000000 ) ) ;
#511 = ORIENTED_EDGE ( 'NONE', *, *, #931, .T. ) ;
#512 = CARTESIAN_POINT ( 'NONE',  ( 8.271819582326637388, -18.39649131592732445, 115.0000000000000000 ) ) ;
#513 = AXIS2_PLACEMENT_3D ( 'NONE', #1153, #227, #156 ) ;
#514 = DIRECTION ( 'NONE',  ( -0.000000000000000000, -0.000000000000000000, -1.000000000000000000 ) ) ;
#515 = DIRECTION ( 'NONE',  ( -0.000000000000000000, 0.000000000000000000, 1.000000000000000000 ) ) ;
#516 = CARTESIAN_POINT ( 'NONE',  ( -20.13610982466887123, -8.044104052131190841, 115.0000000000000000 ) ) ;
#517 = CARTESIAN_POINT ( 'NONE',  ( 7.696165843115319483, 20.27164423986844000, 115.0000000000000000 ) ) ;
#518 = ADVANCED_FACE ( 'NONE', ( #952 ), #287, .T. ) ;
#519 = DESIGN_CONTEXT ( 'detailed design', #1351, 'design' ) ;
#520 = PLANE ( 'NONE',  #1136 ) ;
#521 = VERTEX_POINT ( 'NONE', #401 ) ;
#522 = CARTESIAN_POINT ( 'NONE',  ( 0.000000000000000000, 0.000000000000000000, 50.00000000000000000 ) ) ;
#523 = EDGE_LOOP ( 'NONE', ( #281, #341, #994, #1106 ) ) ;
#524 = LINE ( 'NONE', #195, #1360 ) ;
#525 = CARTESIAN_POINT ( 'NONE',  ( 18.76166303929371182, -10.50000000000000000, 113.2020815280235553 ) ) ;
#526 = CARTESIAN_POINT ( 'NONE',  ( 17.02204453054920208, 10.50000000000000000, 50.00000000000000000 ) ) ;
#527 = CARTESIAN_POINT ( 'NONE',  ( -19.92642032757148840, 8.550339279906545187, 115.0000000000000000 ) ) ;
#528 = CC_DESIGN_DATE_AND_TIME_ASSIGNMENT ( #735, #1370, ( #802 ) ) ;
#529 = VERTEX_POINT ( 'NONE', #848 ) ;
#530 = CARTESIAN_POINT ( 'NONE',  ( -18.39649131592435438, -8.271819582337164078, 115.0000000000000000 ) ) ;
#531 = ORIENTED_EDGE ( 'NONE', *, *, #1217, .T. ) ;
#532 = CARTESIAN_POINT ( 'NONE',  ( -18.29869787034038708, -11.28750000000000142, 113.5000000000000000 ) ) ;
#533 = AXIS2_PLACEMENT_3D ( 'NONE', #904, #1012, #1335 ) ;
#534 = CARTESIAN_POINT ( 'NONE',  ( 0.000000000000000000, 0.000000000000000000, -5.000000000000000000 ) ) ;
#535 = CARTESIAN_POINT ( 'NONE',  ( -12.95589594786884469, 17.38721625391853820, 115.0000000000000000 ) ) ;
#536 = CARTESIAN_POINT ( 'NONE',  ( 15.78336204267439236, -14.86795249866023028, 115.0000000000000000 ) ) ;
#537 = CARTESIAN_POINT ( 'NONE',  ( -10.48886146069652625, 17.05018125450515853, 115.0000000000000284 ) ) ;
#538 = CARTESIAN_POINT ( 'NONE',  ( -16.82116757606546642, -13.68279394898886814, 113.5000000000000000 ) ) ;
#539 = EDGE_CURVE ( 'NONE', #955, #147, #137, .T. ) ;
#540 = ORIENTED_EDGE ( 'NONE', *, *, #624, .T. ) ;
#541 = EDGE_CURVE ( 'NONE', #851, #124, #25, .T. ) ;
#542 = CARTESIAN_POINT ( 'NONE',  ( 20.00000000000000000, 2.449293598294706513E-15, 50.00000000000000000 ) ) ;
#543 = LINE ( 'NONE', #983, #885 ) ;
#544 = CARTESIAN_POINT ( 'NONE',  ( -8.550339279893362843, -19.92642032757488479, 115.0000000000000000 ) ) ;
#545 = CARTESIAN_POINT ( 'NONE',  ( -17.77470296199675914, 10.49999999999999822, 114.3856451488636310 ) ) ;
#546 = CARTESIAN_POINT ( 'NONE',  ( -19.07843542144333782, 10.30455388372352488, 114.9999999999999858 ) ) ;
#547 = ORIENTED_EDGE ( 'NONE', *, *, #653, .T. ) ;
#548 = CARTESIAN_POINT ( 'NONE',  ( -12.07269646764963511, -10.50000000000000000, 50.00000000000000000 ) ) ;
#549 = ADVANCED_FACE ( 'NONE', ( #745, #942 ), #499, .T. ) ;
#550 = CARTESIAN_POINT ( 'NONE',  ( 11.10568649364869565, 18.62348668691070230, 115.0000000000000000 ) ) ;
#551 = CARTESIAN_POINT ( 'NONE',  ( -15.78336204266901710, 14.86795249866738367, 113.5000000000000000 ) ) ;
#552 = CARTESIAN_POINT ( 'NONE',  ( 0.8532292273921793235, 19.98536441568970545, 115.0000000000000284 ) ) ;
#553 = CARTESIAN_POINT ( 'NONE',  ( -20.16163010647331078, -0.6021323684928321374, 115.0000000000000000 ) ) ;
#554 = ORIENTED_EDGE ( 'NONE', *, *, #289, .T. ) ;
#555 = CARTESIAN_POINT ( 'NONE',  ( 0.000000000000000000, 0.000000000000000000, 115.0000000000000000 ) ) ;
#556 = AXIS2_PLACEMENT_3D ( 'NONE', #1437, #327, #1192 ) ;
#557 = CARTESIAN_POINT ( 'NONE',  ( -17.02204453054920208, 10.50000000000000000, 50.00000000000000000 ) ) ;
#558 = CARTESIAN_POINT ( 'NONE',  ( -6.689982746381419432, 18.92373079351504472, 115.0000000000000284 ) ) ;
#559 = CARTESIAN_POINT ( 'NONE',  ( -20.27164423987009556, 7.696165843116124172, 115.0000000000000000 ) ) ;
#560 = ORIENTED_EDGE ( 'NONE', *, *, #312, .T. ) ;
#561 = CARTESIAN_POINT ( 'NONE',  ( 20.06470516038846696, -2.064339789402450887, 115.0000000000000000 ) ) ;
#562 = CARTESIAN_POINT ( 'NONE',  ( 8.044104052141495487, -20.13610982466168409, 113.5000000000000000 ) ) ;
#563 = AXIS2_PLACEMENT_3D ( 'NONE', #608, #376, #587 ) ;
#564 = CARTESIAN_POINT ( 'NONE',  ( -13.20278060023803590, 15.02753125835765147, 115.0000000000000142 ) ) ;
#565 = DIRECTION ( 'NONE',  ( 1.000000000000000000, 0.000000000000000000, 0.000000000000000000 ) ) ;
#566 = CARTESIAN_POINT ( 'NONE',  ( -8.642198929992581213, -19.77447641467903594, 113.5000000000000142 ) ) ;
#567 = VERTEX_POINT ( 'NONE', #1022 ) ;
#568 = CARTESIAN_POINT ( 'NONE',  ( 17.02151916779110863, -10.50000000000000000, 115.0000000000000000 ) ) ;
#569 = CARTESIAN_POINT ( 'NONE',  ( -19.32735905973378365, -5.771228960600196523, 115.0000000000000000 ) ) ;
#570 = CARTESIAN_POINT ( 'NONE',  ( 8.996999805279633833, -17.86672847836593192, 114.9999999999999858 ) ) ;
#571 = CARTESIAN_POINT ( 'NONE',  ( -17.32108079271751677, -12.87236108848780347, 113.5000000000000000 ) ) ;
#572 = ORIENTED_EDGE ( 'NONE', *, *, #1439, .T. ) ;
#573 = CARTESIAN_POINT ( 'NONE',  ( 8.271819582326637388, -18.39649131592732445, 115.0000000000000000 ) ) ;
#574 = CIRCLE ( 'NONE', #1267, 60.00000000000000000 ) ;
#575 = VECTOR ( 'NONE', #28, 1000.000000000000000 ) ;
#576 = CARTESIAN_POINT ( 'NONE',  ( -18.74839127052527488, 10.50000000000000178, 113.2861884062832871 ) ) ;
#577 = ORIENTED_EDGE ( 'NONE', *, *, #541, .F. ) ;
#578 = LINE ( 'NONE', #226, #230 ) ;
#579 = EDGE_CURVE ( 'NONE', #645, #1281, #400, .T. ) ;
#580 = CARTESIAN_POINT ( 'NONE',  ( -56.90500000000000114, 10.50000000000000000, 50.00000000000000000 ) ) ;
#581 = CARTESIAN_POINT ( 'NONE',  ( 18.03465195336846705, -10.50000000000000000, 112.1334523463369379 ) ) ;
#582 = CARTESIAN_POINT ( 'NONE',  ( -18.65874010177222786, 10.50000000000000000, 112.9784745783615705 ) ) ;
#583 = ORIENTED_EDGE ( 'NONE', *, *, #1059, .T. ) ;
#584 = CARTESIAN_POINT ( 'NONE',  ( -17.02204453054919497, -10.50000000000000000, 115.0000000000000000 ) ) ;
#585 = CARTESIAN_POINT ( 'NONE',  ( -18.18059898108304040, -10.50000000000000000, 112.2196894649959091 ) ) ;
#586 = EDGE_CURVE ( 'NONE', #1414, #971, #247, .T. ) ;
#587 = DIRECTION ( 'NONE',  ( 1.000000000000000000, 0.000000000000000000, 0.000000000000000000 ) ) ;
#588 = FACE_OUTER_BOUND ( 'NONE', #1398, .T. ) ;
#589 = CARTESIAN_POINT ( 'NONE',  ( 3.379195771991182262, -19.73097608922864765, 115.0000000000000000 ) ) ;
#590 = CARTESIAN_POINT ( 'NONE',  ( -17.84736773078370931, 10.50000000000000000, 112.1736304721659252 ) ) ;
#591 = VERTEX_POINT ( 'NONE', #548 ) ;
#592 = CARTESIAN_POINT ( 'NONE',  ( -0.2739725310155695648, -21.68168508037959086, 113.5000000000000000 ) ) ;
#593 = CARTESIAN_POINT ( 'NONE',  ( -20.16163010647331078, -0.6021323684928321374, 115.0000000000000000 ) ) ;
#594 = CARTESIAN_POINT ( 'NONE',  ( 17.02523718375990214, 10.50000000000000000, 115.0000000000000000 ) ) ;
#595 = CC_DESIGN_APPROVAL ( #266, ( #24 ) ) ;
#596 = CARTESIAN_POINT ( 'NONE',  ( 18.71073516952561988, -10.50000000000000178, 112.8675223375751955 ) ) ;
#597 = CARTESIAN_POINT ( 'NONE',  ( -20.00000000000000000, 0.000000000000000000, -5.000000000000000000 ) ) ;
#598 = CIRCLE ( 'NONE', #133, 20.29791847197645183 ) ;
#599 = VERTEX_POINT ( 'NONE', #424 ) ;
#600 = CARTESIAN_POINT ( 'NONE',  ( -17.54279490615644121, -10.49999999999999822, 112.0000000000000000 ) ) ;
#601 = FACE_OUTER_BOUND ( 'NONE', #900, .T. ) ;
#602 = MANIFOLD_SOLID_BREP ( 'Fillet6', #978 ) ;
#603 = PERSON_AND_ORGANIZATION_ROLE ( 'classification_officer' ) ;
#604 = EDGE_CURVE ( 'NONE', #612, #1091, #621, .T. ) ;
#605 = CIRCLE ( 'NONE', #99, 16.00000000000000000 ) ;
#606 = ORIENTED_EDGE ( 'NONE', *, *, #1332, .T. ) ;
#607 = CYLINDRICAL_SURFACE ( 'NONE', #1162, 20.00000000000000000 ) ;
#608 = CARTESIAN_POINT ( 'NONE',  ( 0.000000000000000000, 0.000000000000000000, -10.00000000000000000 ) ) ;
#609 = CARTESIAN_POINT ( 'NONE',  ( 1.900193392103102008, 21.50000000000000000, 113.4999999999999858 ) ) ;
#610 = LINE ( 'NONE', #81, #157 ) ;
#611 = DIRECTION ( 'NONE',  ( 0.000000000000000000, 0.000000000000000000, 1.000000000000000000 ) ) ;
#612 = VERTEX_POINT ( 'NONE', #311 ) ;
#613 = ADVANCED_FACE ( 'NONE', ( #416 ), #1039, .T. ) ;
#614 = ORIENTED_EDGE ( 'NONE', *, *, #1231, .T. ) ;
#615 = CARTESIAN_POINT ( 'NONE',  ( -18.75750329875703315, -10.50000000000000000, 113.5152678220075302 ) ) ;
#616 = CARTESIAN_POINT ( 'NONE',  ( 17.10113713763992394, 10.50000000000000178, 114.9564691942375987 ) ) ;
#617 = CARTESIAN_POINT ( 'NONE',  ( -2.219165273612956124, -21.56955804741707183, 113.5000000000000000 ) ) ;
#618 = CARTESIAN_POINT ( 'NONE',  ( 15.06459791732232389, -13.26437378323586636, 114.9999999999999716 ) ) ;
#619 = DATE_TIME_ROLE ( 'classification_date' ) ;
#620 = VERTEX_POINT ( 'NONE', #995 ) ;
#621 = CIRCLE ( 'NONE', #807, 8.400000000000000355 ) ;
#622 = CARTESIAN_POINT ( 'NONE',  ( 17.84736773078370931, 10.50000000000000000, 112.1736304721659536 ) ) ;
#623 = AXIS2_PLACEMENT_3D ( 'NONE', #534, #1194, #87 ) ;
#624 = EDGE_CURVE ( 'NONE', #8, #1190, #365, .T. ) ;
#625 = CARTESIAN_POINT ( 'NONE',  ( -21.45582040018920367, 3.133416638019170364, 115.0000000000000000 ) ) ;
#626 = CARTESIAN_POINT ( 'NONE',  ( -0.6472922961297629119, 21.67375236446026676, 113.5000000000000000 ) ) ;
#627 = DIRECTION ( 'NONE',  ( -0.000000000000000000, 0.000000000000000000, 1.000000000000000000 ) ) ;
#628 = ORIENTED_EDGE ( 'NONE', *, *, #1269, .F. ) ;
#629 = DIRECTION ( 'NONE',  ( -1.000000000000000000, 0.000000000000000000, -0.000000000000000000 ) ) ;
#630 = ORIENTED_EDGE ( 'NONE', *, *, #687, .T. ) ;
#631 = DIRECTION ( 'NONE',  ( 0.000000000000000000, -0.000000000000000000, -1.000000000000000000 ) ) ;
#632 = DIRECTION ( 'NONE',  ( 0.000000000000000000, 0.000000000000000000, 1.000000000000000000 ) ) ;
#633 = CARTESIAN_POINT ( 'NONE',  ( -17.97969168131087869, -10.50000000000000178, 114.2099454791122923 ) ) ;
#634 = CARTESIAN_POINT ( 'NONE',  ( 20.16900937709939612, -0.2548581683975296164, 115.0000000000000000 ) ) ;
#635 = CARTESIAN_POINT ( 'NONE',  ( 2.219165273601388044, 21.56955804742093363, 115.0000000000000000 ) ) ;
#636 = UNCERTAINTY_MEASURE_WITH_UNIT (LENGTH_MEASURE( 1.000000000000000082E-05 ), #1172, 'distance_accuracy_value', 'NONE');
#637 = CARTESIAN_POINT ( 'NONE',  ( 17.02151916779110863, -10.50000000000000000, 115.0000000000000000 ) ) ;
#638 = VERTEX_POINT ( 'NONE', #1002 ) ;
#639 = CARTESIAN_POINT ( 'NONE',  ( 8.892206051002926159, -19.77622816462037036, 113.5000000000000000 ) ) ;
#640 = CARTESIAN_POINT ( 'NONE',  ( 17.88972028051237118, -10.50000000000000000, 114.2869857461083285 ) ) ;
#641 = DIRECTION ( 'NONE',  ( 1.000000000000000000, 0.000000000000000000, 0.000000000000000000 ) ) ;
#642 = CARTESIAN_POINT ( 'NONE',  ( -60.00000000000000000, 7.347880794884118356E-15, 0.000000000000000000 ) ) ;
#643 = CARTESIAN_POINT ( 'NONE',  ( 21.68168508038389675, -0.2739725310276007186, 115.0000000000000000 ) ) ;
#644 = CARTESIAN_POINT ( 'NONE',  ( 10.30455388372351777, 19.07843542143901772, 113.5000000000000000 ) ) ;
#645 = VERTEX_POINT ( 'NONE', #542 ) ;
#646 = CARTESIAN_POINT ( 'NONE',  ( 15.78336204267439236, -14.86795249866023028, 115.0000000000000000 ) ) ;
#647 = DIRECTION ( 'NONE',  ( -1.000000000000000000, -0.000000000000000000, -0.000000000000000000 ) ) ;
#648 = AXIS2_PLACEMENT_3D ( 'NONE', #291, #728, #1429 ) ;
#649 = CARTESIAN_POINT ( 'NONE',  ( 3.133416638020352085, 21.45582040018918946, 115.0000000000000000 ) ) ;
#650 = CARTESIAN_POINT ( 'NONE',  ( 19.77622816461324362, 8.892206051012669477, 115.0000000000000000 ) ) ;
#651 = CARTESIAN_POINT ( 'NONE',  ( -17.65285741394644248, 10.49999999999999822, 114.4900088687346482 ) ) ;
#652 = CARTESIAN_POINT ( 'NONE',  ( -7.696165843102824589, -20.27164423986843644, 115.0000000000000000 ) ) ;
#653 = EDGE_CURVE ( 'NONE', #1181, #851, #1359, .T. ) ;
#654 = ORIENTED_EDGE ( 'NONE', *, *, #997, .T. ) ;
#655 = PLANE ( 'NONE',  #60 ) ;
#656 = CARTESIAN_POINT ( 'NONE',  ( -7.953803981295913594, -18.53620495588372208, 115.0000000000000000 ) ) ;
#657 = VECTOR ( 'NONE', #1386, 1000.000000000000000 ) ;
#658 = CARTESIAN_POINT ( 'NONE',  ( 12.60028364147395941, 15.62498767789736753, 115.0000000000000568 ) ) ;
#659 = CARTESIAN_POINT ( 'NONE',  ( -10.30455388372362613, -19.07843542143892890, 113.5000000000000000 ) ) ;
#660 = ORIENTED_EDGE ( 'NONE', *, *, #290, .F. ) ;
#661 = CYLINDRICAL_SURFACE ( 'NONE', #672, 24.12000000000000099 ) ;
#662 = DIRECTION ( 'NONE',  ( 1.000000000000000000, 0.000000000000000000, 0.000000000000000000 ) ) ;
#663 = SHAPE_DEFINITION_REPRESENTATION ( #1037, #190 ) ;
#664 = CARTESIAN_POINT ( 'NONE',  ( -11.55594959078913675, 16.36233536216331785, 115.0000000000000568 ) ) ;
#665 = B_SPLINE_CURVE_WITH_KNOTS ( 'NONE', 3,
 ( #323, #1325, #209, #338, #651, #545, #1098, #992, #883, #106 ),
 .UNSPECIFIED., .F., .F.,
 ( 4, 1, 1, 2, 2, 4 ),
 ( 0.000000000000000000, 0.2500000000000063283, 0.3750000000000019984, 0.4375000000000026645, 0.5000000000000033307, 1.000000000000000000 ),
 .UNSPECIFIED. ) ;
#666 = CARTESIAN_POINT ( 'NONE',  ( 7.696165843115319483, 20.27164423986844000, 115.0000000000000000 ) ) ;
#667 = EDGE_LOOP ( 'NONE', ( #814, #1331, #494, #1043 ) ) ;
#668 = CARTESIAN_POINT ( 'NONE',  ( 24.12000000000000099, 0.000000000000000000, -5.000000000000000000 ) ) ;
#669 = VECTOR ( 'NONE', #839, 1000.000000000000000 ) ;
#670 = CARTESIAN_POINT ( 'NONE',  ( 20.13610982466683197, 8.044104052132308169, 113.5000000000000000 ) ) ;
#671 = EDGE_CURVE ( 'NONE', #124, #1199, #598, .T. ) ;
#672 = AXIS2_PLACEMENT_3D ( 'NONE', #1425, #872, #212 ) ;
#673 = CARTESIAN_POINT ( 'NONE',  ( 6.682781231646395703, 18.92739409766987535, 115.0000000000000142 ) ) ;
#674 = DIRECTION ( 'NONE',  ( 1.000000000000000000, 0.000000000000000000, 0.000000000000000000 ) ) ;
#675 = CARTESIAN_POINT ( 'NONE',  ( -18.76166303929371892, 10.50000000000000000, 113.5000000000000000 ) ) ;
#676 = ORIENTED_EDGE ( 'NONE', *, *, #541, .T. ) ;
#677 = CARTESIAN_POINT ( 'NONE',  ( -17.02204453054919497, -10.50000000000000000, 115.0000000000000000 ) ) ;
#678 = DIRECTION ( 'NONE',  ( 0.000000000000000000, 0.000000000000000000, 1.000000000000000000 ) ) ;
#679 = CARTESIAN_POINT ( 'NONE',  ( 7.069603826467809604, -18.74203758253498364, 115.0000000000000000 ) ) ;
#680 = CARTESIAN_POINT ( 'NONE',  ( -11.91336183912711277, -17.99414709038170557, 113.5000000000000284 ) ) ;
#681 = ORIENTED_EDGE ( 'NONE', *, *, #58, .T. ) ;
#682 = CARTESIAN_POINT ( 'NONE',  ( 13.83065348712896636, 14.68219724899521594, 115.0000000000000000 ) ) ;
#683 = CARTESIAN_POINT ( 'NONE',  ( -17.02204453054919497, -10.50000000000000000, 115.0000000000000000 ) ) ;
#684 = ADVANCED_FACE ( 'NONE', ( #1088 ), #661, .F. ) ;
#685 = CARTESIAN_POINT ( 'NONE',  ( 18.76166303929371892, -10.50000000000000000, 113.1162050256530023 ) ) ;
#686 = LINE ( 'NONE', #355, #468 ) ;
#687 = EDGE_CURVE ( 'NONE', #591, #620, #1003, .T. ) ;
#688 = ORIENTED_EDGE ( 'NONE', *, *, #413, .T. ) ;
#689 = AXIS2_PLACEMENT_3D ( 'NONE', #1163, #383, #71 ) ;
#690 = CARTESIAN_POINT ( 'NONE',  ( -15.78336204266901710, 14.86795249866738367, 113.5000000000000000 ) ) ;
#691 = ORIENTED_EDGE ( 'NONE', *, *, #764, .F. ) ;
#692 = ADVANCED_FACE ( 'NONE', ( #895 ), #655, .T. ) ;
#693 = DIRECTION ( 'NONE',  ( 0.000000000000000000, 0.000000000000000000, -1.000000000000000000 ) ) ;
#694 = DIRECTION ( 'NONE',  ( 0.000000000000000000, 0.000000000000000000, -1.000000000000000000 ) ) ;
#695 = CARTESIAN_POINT ( 'NONE',  ( 0.000000000000000000, 0.000000000000000000, -10.00000000000000000 ) ) ;
#696 = CARTESIAN_POINT ( 'NONE',  ( -12.51350657021237822, 17.58615615319743242, 113.4999999999999858 ) ) ;
#697 = CARTESIAN_POINT ( 'NONE',  ( 0.8540618348340721644, -19.99908654275277087, 115.0000000000000000 ) ) ;
#698 = CARTESIAN_POINT ( 'NONE',  ( -3.271689449471676170, -21.33104704337032942, 113.5000000000000142 ) ) ;
#699 = ORIENTED_EDGE ( 'NONE', *, *, #472, .T. ) ;
#700 = CARTESIAN_POINT ( 'NONE',  ( -5.315887496255557565, 21.02169995503989597, 113.5000000000000000 ) ) ;
#701 =( BOUNDED_CURVE ( )  B_SPLINE_CURVE ( 2, ( #677, #1242, #1030 ),
 .UNSPECIFIED., .F., .T. ) 
 B_SPLINE_CURVE_WITH_KNOTS ( ( 3, 3 ),
 ( 0.000000000000000000, 1.000000000000000000 ),
 .UNSPECIFIED. ) 
 CURVE ( )  GEOMETRIC_REPRESENTATION_ITEM ( )  RATIONAL_B_SPLINE_CURVE ( ( 1.000000000000000000, 0.02121320343559643384, 1.000000000000000000 ) ) 
 REPRESENTATION_ITEM ( '' )  );
#702 = CARTESIAN_POINT ( 'NONE',  ( -17.74738178738914840, 9.585631519744186591, 115.0000000000000000 ) ) ;
#703 = CARTESIAN_POINT ( 'NONE',  ( -7.482887490355727422, 18.73126495318170726, 115.0000000000000000 ) ) ;
#704 = DIRECTION ( 'NONE',  ( -0.000000000000000000, 0.000000000000000000, 1.000000000000000000 ) ) ;
#705 = DATE_AND_TIME ( #262, #471 ) ;
#706 = ORIENTED_EDGE ( 'NONE', *, *, #948, .F. ) ;
#707 = CARTESIAN_POINT ( 'NONE',  ( 18.62348668690122366, -11.10568649365499461, 113.5000000000000000 ) ) ;
#708 =( BOUNDED_SURFACE ( )  B_SPLINE_SURFACE ( 2, 3, ( 
 ( #20, #815, #358, #1015, #1117, #9, #1020, #353, #573, #118, #920, #1025, #245, #561, #461, #1236, #136, #240, #682, #1130, #130, #15, #800, #470, #259, #1138, #375, #702, #1125, #149, #593, #569, #794, #683 ),
 ( #725, #986, #1294, #734, #80, #746, #430, #1188, #90, #961, #536, #191, #1402, #1071, #198, #1171, #650, #1421, #62, #877, #517, #635, #967, #1205, #1309, #1082, #408, #322, #975, #175, #763, #286, #207, #296 ),
 ( #509, #1097, #847, #1411, #98, #617, #421, #857, #867, #951, #1384, #1302, #184, #837, #1392, #316, #757, #1063, #1196, #644, #399, #1284, #626, #120, #1333, #1315, #551, #890, #1324, #388, #294, #1068, #1408, #1300 ) ),
 .UNSPECIFIED., .F., .T., .F. ) 
 B_SPLINE_SURFACE_WITH_KNOTS ( ( 3, 3 ),
 ( 4, 2, 2, 2, 2, 2, 2, 2, 2, 2, 2, 2, 2, 2, 2, 2, 4 ),
 ( 0.000000000000000000, 1.000000000000000000 ),
 ( -2.588877540493009555, -2.196178458794285415, -1.803479377095561276, -1.410780295396837136, -1.018081213698112997, -0.6253821319993888572, -0.2326830503006647177, 0.1600160313980594218, 0.5527151130967835613, 0.9454141947955077008, 1.338113276494231840, 1.730812358192955980, 2.123511439891680119, 2.516210521590404259, 2.908909603289128398, 3.301608684987852538, 3.694307766686576677 ),
 .UNSPECIFIED. ) 
 GEOMETRIC_REPRESENTATION_ITEM ( )  RATIONAL_B_SPLINE_SURFACE ( (
 ( 1.000000000000000000, 1.000000000000000000, 1.000000000000000000, 1.000000000000000000, 1.000000000000000000, 1.000000000000000000, 1.000000000000000000, 1.000000000000000000, 1.000000000000000000, 1.000000000000000000, 1.000000000000000000, 1.000000000000000000, 1.000000000000000000, 1.000000000000000000, 1.000000000000000000, 1.000000000000000000, 1.000000000000000000, 1.000000000000000000, 1.000000000000000000, 1.000000000000000000, 1.000000000000000000, 1.000000000000000000, 1.000000000000000000, 1.000000000000000000, 1.000000000000000000, 1.000000000000000000, 1.000000000000000000, 1.000000000000000000, 1.000000000000000000, 1.000000000000000000, 1.000000000000000000, 1.000000000000000000, 1.000000000000000000, 1.000000000000000000),
 ( 0.02121320343559643384, 0.02121320343559643384, 0.02121320343559640956, 0.02121320343559640956, 0.02121320343559643731, 0.02121320343559643731, 0.02121320343559643731, 0.02121320343559643731, 0.02121320343559643731, 0.02121320343559643731, 0.02121320343559643037, 0.02121320343559643037, 0.02121320343559643731, 0.02121320343559643731, 0.02121320343559644078, 0.02121320343559644078, 0.02121320343559643384, 0.02121320343559643384, 0.02121320343559643037, 0.02121320343559643037, 0.02121320343559644078, 0.02121320343559644078, 0.02121320343559643731, 0.02121320343559643731, 0.02121320343559643384, 0.02121320343559643384, 0.02121320343559644772, 0.02121320343559644772, 0.02121320343559643731, 0.02121320343559643731, 0.02121320343559643384, 0.02121320343559643384, 0.02121320343559643384, 0.02121320343559643384),
 ( 1.000000000000000000, 1.000000000000000000, 1.000000000000000000, 1.000000000000000000, 1.000000000000000000, 1.000000000000000000, 1.000000000000000000, 1.000000000000000000, 1.000000000000000000, 1.000000000000000000, 1.000000000000000000, 1.000000000000000000, 1.000000000000000000, 1.000000000000000000, 1.000000000000000000, 1.000000000000000000, 1.000000000000000000, 1.000000000000000000, 1.000000000000000000, 1.000000000000000000, 1.000000000000000000, 1.000000000000000000, 1.000000000000000000, 1.000000000000000000, 1.000000000000000000, 1.000000000000000000, 1.000000000000000000, 1.000000000000000000, 1.000000000000000000, 1.000000000000000000, 1.000000000000000000, 1.000000000000000000, 1.000000000000000000, 1.000000000000000000) ) ) 
 REPRESENTATION_ITEM ( '' )  SURFACE ( )  );
#709 = ADVANCED_FACE ( 'NONE', ( #342 ), #450, .T. ) ;
#710 = LINE ( 'NONE', #260, #1026 ) ;
#711 = FACE_BOUND ( 'NONE', #326, .T. ) ;
#712 = PERSON_AND_ORGANIZATION_ROLE ( 'creator' ) ;
#713 = AXIS2_PLACEMENT_3D ( 'NONE', #1047, #627, #1403 ) ;
#714 = EDGE_LOOP ( 'NONE', ( #475, #1056 ) ) ;
#715 = CARTESIAN_POINT ( 'NONE',  ( 18.76166303929371892, 10.50000000000000000, 113.5000000000000000 ) ) ;
#716 = DIRECTION ( 'NONE',  ( 0.000000000000000000, -1.000000000000000000, 0.000000000000000000 ) ) ;
#717 = CARTESIAN_POINT ( 'NONE',  ( -1.900193392103100898, 21.50000000000000355, 113.5000000000000284 ) ) ;
#718 = EDGE_CURVE ( 'NONE', #844, #1371, #302, .T. ) ;
#719 = DIRECTION ( 'NONE',  ( -0.000000000000000000, 0.000000000000000000, 1.000000000000000000 ) ) ;
#720 = APPLICATION_PROTOCOL_DEFINITION ( 'international standard', 'config_control_design', 1994, #1351 ) ;
#721 = AXIS2_PLACEMENT_3D ( 'NONE', #221, #455, #662 ) ;
#722 = EDGE_LOOP ( 'NONE', ( #871, #434, #1024, #1424 ) ) ;
#723 = CARTESIAN_POINT ( 'NONE',  ( 18.50219880489825286, 10.49999999999999645, 112.7017346094634291 ) ) ;
#724 = CARTESIAN_POINT ( 'NONE',  ( 18.02987063408484758, 10.50000000000000178, 114.1665903089049863 ) ) ;
#725 = CARTESIAN_POINT ( 'NONE',  ( -18.29869787034038353, -11.28750000000000142, 115.0000000000000000 ) ) ;
#726 = DIRECTION ( 'NONE',  ( 1.000000000000000000, 0.000000000000000000, 0.000000000000000000 ) ) ;
#727 = PERSON_AND_ORGANIZATION ( #1057, #733 ) ;
#728 = DIRECTION ( 'NONE',  ( -0.000000000000000000, 0.000000000000000000, 1.000000000000000000 ) ) ;
#729 = CARTESIAN_POINT ( 'NONE',  ( 16.00000000000000000, 1.959434878635765131E-15, 115.0000000000000000 ) ) ;
#730 = EDGE_CURVE ( 'NONE', #108, #591, #524, .T. ) ;
#731 = ORIENTED_EDGE ( 'NONE', *, *, #413, .F. ) ;
#732 = CARTESIAN_POINT ( 'NONE',  ( -16.17415465481112591, -12.05199623057453984, 115.0000000000000000 ) ) ;
#733 = ORGANIZATION ( 'UNSPECIFIED', 'UNSPECIFIED', '' ) ;
#734 = CARTESIAN_POINT ( 'NONE',  ( -10.30455388372352132, -19.07843542143879034, 115.0000000000000142 ) ) ;
#735 = DATE_AND_TIME ( #944, #821 ) ;
#736 = EDGE_LOOP ( 'NONE', ( #1338, #202 ) ) ;
#737 = AXIS2_PLACEMENT_3D ( 'NONE', #216, #678, #91 ) ;
#738 = CARTESIAN_POINT ( 'NONE',  ( 18.28830452576707444, 10.49999999999999645, 112.4629703098042199 ) ) ;
#739 = AXIS2_PLACEMENT_3D ( 'NONE', #426, #755, #68 ) ;
#740 = ORIENTED_EDGE ( 'NONE', *, *, #16, .F. ) ;
#741 = APPROVAL ( #393, 'UNSPECIFIED' ) ;
#742 = CYLINDRICAL_SURFACE ( 'NONE', #132, 8.400000000000000355 ) ;
#743 = CARTESIAN_POINT ( 'NONE',  ( -18.64826801542659496, -10.50000000000000000, 113.6228585706112995 ) ) ;
#744 = CARTESIAN_POINT ( 'NONE',  ( 15.52499438243918028, 15.13753871333848444, 113.5000000000000000 ) ) ;
#745 = FACE_BOUND ( 'NONE', #768, .T. ) ;
#746 = CARTESIAN_POINT ( 'NONE',  ( -2.219165273613870504, -21.56955804742093363, 115.0000000000000000 ) ) ;
#747 = CARTESIAN_POINT ( 'NONE',  ( 13.21117394595619743, -15.03803139037726666, 115.0000000000000426 ) ) ;
#748 = COORDINATED_UNIVERSAL_TIME_OFFSET ( 8, 0, .BEHIND. ) ;
#749 = VERTEX_POINT ( 'NONE', #532 ) ;
#750 = DIRECTION ( 'NONE',  ( 0.000000000000000000, 0.000000000000000000, -1.000000000000000000 ) ) ;
#751 = VERTEX_POINT ( 'NONE', #982 ) ;
#752 = DIRECTION ( 'NONE',  ( 1.000000000000000000, 0.000000000000000000, 0.000000000000000000 ) ) ;
#753 = DIRECTION ( 'NONE',  ( 1.000000000000000000, 0.000000000000000000, 0.000000000000000000 ) ) ;
#754 = EDGE_CURVE ( 'NONE', #1029, #360, #319, .T. ) ;
#755 = DIRECTION ( 'NONE',  ( -0.000000000000000000, -0.000000000000000000, -1.000000000000000000 ) ) ;
#756 = CARTESIAN_POINT ( 'NONE',  ( -17.32417366223839039, 10.33087115688357294, 115.0000000000000000 ) ) ;
#757 = CARTESIAN_POINT ( 'NONE',  ( 19.77622816461506972, 8.892206051011523726, 113.5000000000000000 ) ) ;
#758 = ORIENTED_EDGE ( 'NONE', *, *, #1108, .T. ) ;
#759 = CARTESIAN_POINT ( 'NONE',  ( 13.68279394899711043, -16.82116757606038249, 113.5000000000000000 ) ) ;
#760 = CARTESIAN_POINT ( 'NONE',  ( -56.90500000000000114, 10.50000000000000000, 115.0000000000000000 ) ) ;
#761 = CARTESIAN_POINT ( 'NONE',  ( 0.000000000000000000, 0.000000000000000000, -10.00000000000000000 ) ) ;
#762 = CARTESIAN_POINT ( 'NONE',  ( 19.55506972561764201, 4.945011624424227925, 115.0000000000000000 ) ) ;
#763 = CARTESIAN_POINT ( 'NONE',  ( -21.67375236445551323, -0.6472922961296814215, 115.0000000000000000 ) ) ;
#764 = EDGE_CURVE ( 'NONE', #1181, #529, #578, .T. ) ;
#765 = CARTESIAN_POINT ( 'NONE',  ( 14.13679063322200946, 14.15261791367745481, 115.0000000000000284 ) ) ;
#766 = CARTESIAN_POINT ( 'NONE',  ( 21.67375236445905884, 0.6472922961307794321, 115.0000000000000000 ) ) ;
#767 = VECTOR ( 'NONE', #1120, 1000.000000000000000 ) ;
#768 = EDGE_LOOP ( 'NONE', ( #853, #863 ) ) ;
#769 = DIRECTION ( 'NONE',  ( -0.000000000000000000, 0.000000000000000000, 1.000000000000000000 ) ) ;
#770 = AXIS2_PLACEMENT_3D ( 'NONE', #1169, #716, #382 ) ;
#771 = CARTESIAN_POINT ( 'NONE',  ( 18.76166303929371892, 10.50000000000000000, 115.0000000000000000 ) ) ;
#772 = APPROVAL_STATUS ( 'not_yet_approved' ) ;
#773 = PLANE ( 'NONE',  #737 ) ;
#774 = CARTESIAN_POINT ( 'NONE',  ( -2.219165273613870504, -21.56955804742093363, 115.0000000000000000 ) ) ;
#775 = VERTEX_POINT ( 'NONE', #1339 ) ;
#776 = CARTESIAN_POINT ( 'NONE',  ( 17.87120860494927044, -10.49999999999999822, 114.3029403380666196 ) ) ;
#777 = CIRCLE ( 'NONE', #513, 24.12000000000000099 ) ;
#778 = CARTESIAN_POINT ( 'NONE',  ( -17.38721625391963244, -12.95589594786942733, 113.5000000000000000 ) ) ;
#779 = CARTESIAN_POINT ( 'NONE',  ( -15.06240593078521783, 13.26732464928235622, 115.0000000000000568 ) ) ;
#780 = CARTESIAN_POINT ( 'NONE',  ( 13.68279394900020307, -16.82116757606171831, 115.0000000000000000 ) ) ;
#781 = ORIENTED_EDGE ( 'NONE', *, *, #312, .F. ) ;
#782 = EDGE_CURVE ( 'NONE', #1273, #844, #1008, .T. ) ;
#783 = CARTESIAN_POINT ( 'NONE',  ( 0.000000000000000000, 0.000000000000000000, 115.0000000000000000 ) ) ;
#784 = CARTESIAN_POINT ( 'NONE',  ( -12.07269646764963511, 10.50000000000000000, 115.0000000000000000 ) ) ;
#785 = CARTESIAN_POINT ( 'NONE',  ( 8.251964905528215155, 18.29685258824505567, 115.0000000000000284 ) ) ;
#786 = CARTESIAN_POINT ( 'NONE',  ( -18.29869787034038353, -11.28750000000000142, 115.0000000000000000 ) ) ;
#787 = EDGE_LOOP ( 'NONE', ( #938, #1036, #1087, #1129, #352, #308, #1387, #963 ) ) ;
#788 = AXIS2_PLACEMENT_3D ( 'NONE', #176, #830, #162 ) ;
#789 = CARTESIAN_POINT ( 'NONE',  ( 60.00000000000000000, 0.000000000000000000, -10.00000000000000000 ) ) ;
#790 = CARTESIAN_POINT ( 'NONE',  ( -8.400000000000000355, 1.028703311283776586E-15, -10.00000000000000000 ) ) ;
#791 = CARTESIAN_POINT ( 'NONE',  ( -8.400000000000000355, 1.028703311283776586E-15, -10.00000000000000000 ) ) ;
#792 = ORIENTED_EDGE ( 'NONE', *, *, #1217, .F. ) ;
#793 = FACE_OUTER_BOUND ( 'NONE', #827, .T. ) ;
#794 = CARTESIAN_POINT ( 'NONE',  ( -18.39649131592435438, -8.271819582337164078, 115.0000000000000000 ) ) ;
#795 = EDGE_CURVE ( 'NONE', #529, #484, #366, .T. ) ;
#796 = ADVANCED_FACE ( 'NONE', ( #907 ), #1349, .T. ) ;
#797 = CARTESIAN_POINT ( 'NONE',  ( 18.56397443501379385, -10.49999999999999645, 112.5602947754600507 ) ) ;
#798 = DIRECTION ( 'NONE',  ( 0.000000000000000000, 0.000000000000000000, 1.000000000000000000 ) ) ;
#799 = ORIENTED_EDGE ( 'NONE', *, *, #135, .F. ) ;
#800 = CARTESIAN_POINT ( 'NONE',  ( -0.6021323684929956732, 20.16163010647599307, 115.0000000000000000 ) ) ;
#801 = EDGE_CURVE ( 'NONE', #805, #749, #701, .T. ) ;
#802 = PRODUCT_DEFINITION ( 'UNKNOWN', '', #126, #519 ) ;
#803 = CARTESIAN_POINT ( 'NONE',  ( 16.00000000000000000, 1.959434878635765131E-15, 0.000000000000000000 ) ) ;
#804 = CARTESIAN_POINT ( 'NONE',  ( 2.318460255233666611, -21.45558812675999150, 113.5000000000000284 ) ) ;
#805 = VERTEX_POINT ( 'NONE', #584 ) ;
#806 = DIRECTION ( 'NONE',  ( -1.000000000000000000, 0.000000000000000000, 0.000000000000000000 ) ) ;
#807 = AXIS2_PLACEMENT_3D ( 'NONE', #1202, #1313, #203 ) ;
#808 = CARTESIAN_POINT ( 'NONE',  ( 0.000000000000000000, 0.000000000000000000, 50.00000000000000000 ) ) ;
#809 = CARTESIAN_POINT ( 'NONE',  ( 17.02204453054920208, -10.50000000000000000, 115.0000000000000000 ) ) ;
#810 = VECTOR ( 'NONE', #647, 1000.000000000000000 ) ;
#811 = CARTESIAN_POINT ( 'NONE',  ( 0.000000000000000000, 0.000000000000000000, -5.000000000000000000 ) ) ;
#812 = FACE_BOUND ( 'NONE', #714, .T. ) ;
#813 = CARTESIAN_POINT ( 'NONE',  ( 9.474398861474023548, -19.38951484782335299, 113.5000000000000568 ) ) ;
#814 = ORIENTED_EDGE ( 'NONE', *, *, #150, .F. ) ;
#815 = CARTESIAN_POINT ( 'NONE',  ( -15.64759774517403557, -12.72818041766283770, 115.0000000000000000 ) ) ;
#816 = CARTESIAN_POINT ( 'NONE',  ( -18.71031821291187924, -10.50000000000000178, 112.8662449978855307 ) ) ;
#817 = CARTESIAN_POINT ( 'NONE',  ( -4.945011624424290986, 19.55506972562151091, 115.0000000000000000 ) ) ;
#818 = DIRECTION ( 'NONE',  ( -1.000000000000000000, 0.000000000000000000, 0.000000000000000000 ) ) ;
#819 = CARTESIAN_POINT ( 'NONE',  ( 12.66698240492450900, -17.47183666858168039, 113.5000000000000426 ) ) ;
#820 = EDGE_LOOP ( 'NONE', ( #676, #1049, #842, #547 ) ) ;
#821 = LOCAL_TIME ( 0, 56, 37.00000000000000000, #1277 ) ;
#822 = CARTESIAN_POINT ( 'NONE',  ( 15.13753871334411194, -15.52499438243204111, 113.5000000000000000 ) ) ;
#823 = EDGE_CURVE ( 'NONE', #924, #8, #476, .T. ) ;
#824 = CARTESIAN_POINT ( 'NONE',  ( -12.07269646764963511, 10.50000000000000000, 115.0000000000000000 ) ) ;
#825 = DIRECTION ( 'NONE',  ( -0.000000000000000000, 0.000000000000000000, 1.000000000000000000 ) ) ;
#826 =( NAMED_UNIT ( * ) PLANE_ANGLE_UNIT ( ) SI_UNIT ( $, .RADIAN. ) );
#827 = EDGE_LOOP ( 'NONE', ( #283, #1014, #1265, #503 ) ) ;
#828 = CARTESIAN_POINT ( 'NONE',  ( 17.02204453054920208, 10.50000000000000000, 112.0000000000000000 ) ) ;
#829 = CARTESIAN_POINT ( 'NONE',  ( 18.76166303929371892, 10.50000000000000000, 113.5000000000000000 ) ) ;
#830 = DIRECTION ( 'NONE',  ( 0.000000000000000000, -0.000000000000000000, -1.000000000000000000 ) ) ;
#831 = PERSON_AND_ORGANIZATION ( #1057, #733 ) ;
#832 = AXIS2_PLACEMENT_3D ( 'NONE', #510, #962, #1394 ) ;
#833 = ORIENTED_EDGE ( 'NONE', *, *, #1238, .T. ) ;
#834 = CARTESIAN_POINT ( 'NONE',  ( 17.74738178738122230, -9.585631519748865514, 115.0000000000000000 ) ) ;
#835 = FACE_OUTER_BOUND ( 'NONE', #667, .T. ) ;
#836 = CARTESIAN_POINT ( 'NONE',  ( 9.235056600719163455, 19.50831782878538689, 113.5000000000000142 ) ) ;
#837 = CARTESIAN_POINT ( 'NONE',  ( 21.56955804741852845, -2.219165273606835687, 113.5000000000000000 ) ) ;
#838 = EDGE_CURVE ( 'NONE', #924, #244, #1180, .T. ) ;
#839 = DIRECTION ( 'NONE',  ( -0.000000000000000000, -0.000000000000000000, -1.000000000000000000 ) ) ;
#840 = PLANE ( 'NONE',  #1062 ) ;
#841 = COORDINATED_UNIVERSAL_TIME_OFFSET ( 8, 0, .BEHIND. ) ;
#842 = ORIENTED_EDGE ( 'NONE', *, *, #1158, .T. ) ;
#843 = DIRECTION ( 'NONE',  ( 0.000000000000000000, 0.000000000000000000, -1.000000000000000000 ) ) ;
#844 = VERTEX_POINT ( 'NONE', #568 ) ;
#845 = CARTESIAN_POINT ( 'NONE',  ( -18.33999400169894400, -10.50000000000000000, 113.8965868879360244 ) ) ;
#846 = CARTESIAN_POINT ( 'NONE',  ( 21.45582040018295444, -3.133416638027451739, 114.9999999999999858 ) ) ;
#847 = CARTESIAN_POINT ( 'NONE',  ( -14.86795249866522717, -15.78336204267056431, 113.5000000000000000 ) ) ;
#848 = CARTESIAN_POINT ( 'NONE',  ( -17.02204453054920208, -10.50000000000000000, 50.00000000000000000 ) ) ;
#849 = CARTESIAN_POINT ( 'NONE',  ( 0.000000000000000000, 0.000000000000000000, 0.000000000000000000 ) ) ;
#850 = ADVANCED_FACE ( 'NONE', ( #793 ), #708, .T. ) ;
#851 = VERTEX_POINT ( 'NONE', #50 ) ;
#852 = CARTESIAN_POINT ( 'NONE',  ( 18.76166303929371537, 10.50000000000000000, 113.3924282617311974 ) ) ;
#853 = ORIENTED_EDGE ( 'NONE', *, *, #624, .F. ) ;
#854 = DIRECTION ( 'NONE',  ( 1.000000000000000000, 0.000000000000000000, 0.000000000000000000 ) ) ;
#855 = CARTESIAN_POINT ( 'NONE',  ( -17.02204453054920208, 10.50000000000000000, 115.0000000000000000 ) ) ;
#856 = CARTESIAN_POINT ( 'NONE',  ( -2.914806174914017944, -19.95890269784715088, 115.0000000000000000 ) ) ;
#857 = CARTESIAN_POINT ( 'NONE',  ( 6.204071132632277497, -20.77691098921444990, 113.5000000000000000 ) ) ;
#858 = DIRECTION ( 'NONE',  ( -0.000000000000000000, 0.000000000000000000, 1.000000000000000000 ) ) ;
#859 = ORIENTED_EDGE ( 'NONE', *, *, #1244, .F. ) ;
#860 = AXIS2_PLACEMENT_3D ( 'NONE', #1193, #1399, #641 ) ;
#861 = FACE_OUTER_BOUND ( 'NONE', #164, .T. ) ;
#862 = VECTOR ( 'NONE', #78, 1000.000000000000000 ) ;
#863 = ORIENTED_EDGE ( 'NONE', *, *, #1185, .F. ) ;
#864 = CARTESIAN_POINT ( 'NONE',  ( 0.000000000000000000, 0.000000000000000000, 50.00000000000000000 ) ) ;
#865 = CYLINDRICAL_SURFACE ( 'NONE', #623, 24.12000000000000099 ) ;
#866 = CARTESIAN_POINT ( 'NONE',  ( 15.52499438243839691, 15.13753871333461021, 115.0000000000000000 ) ) ;
#867 = CARTESIAN_POINT ( 'NONE',  ( 8.892206051002926159, -19.77622816462037036, 113.5000000000000000 ) ) ;
#868 =( BOUNDED_SURFACE ( )  B_SPLINE_SURFACE ( 2, 3, ( 
 ( #959, #478, #1389, #927, #1361, #369, #1375, #817, #703, #1149, #151, #756, #1301, #1314, #88, #183, #438, #732, #1103, #1187, #656, #856, #1081, #97, #1176, #1420, #321, #330, #398, #105, #634, #762, #1307, #70 ),
 ( #771, #315, #866, #550, #1213, #649, #214, #1204, #427, #535, #79, #876, #527, #625, #420, #1069, #516, #205, #996, #1195, #544, #1096, #974, #966, #1409, #197, #991, #1428, #1401, #846, #643, #1283, #295, #1291 ),
 ( #407, #306, #744, #881, #189, #1090, #985, #700, #1358, #1148, #485, #1328, #1004, #257, #148, #373, #451, #778, #1246, #361, #1438, #1109, #592, #4, #562, #933, #822, #707, #1323, #1038, #1261, #1220, #670, #1119 ) ),
 .UNSPECIFIED., .F., .T., .T. ) 
 B_SPLINE_SURFACE_WITH_KNOTS ( ( 3, 3 ),
 ( 4, 2, 2, 2, 2, 2, 2, 2, 2, 2, 2, 2, 2, 2, 2, 2, 4 ),
 ( 0.000000000000000000, 1.000000000000000000 ),
 ( -5.772962036442234712, -5.380262954743511017, -4.987563873044786433, -4.594864791346061850, -4.202165709647338154, -3.809466627948614015, -3.416767546249889875, -3.024068464551165736, -2.631369382852441596, -2.238670301153717457, -1.845971219454993317, -1.453272137756269178, -1.060573056057545038, -0.6678739743588208988, -0.2751748926600967038, 0.1175241890386274635, 0.5102232707373515197 ),
 .UNSPECIFIED. ) 
 GEOMETRIC_REPRESENTATION_ITEM ( )  RATIONAL_B_SPLINE_SURFACE ( (
 ( 1.000000000000000000, 1.000000000000000000, 1.000000000000000000, 1.000000000000000000, 1.000000000000000000, 1.000000000000000000, 1.000000000000000000, 1.000000000000000000, 1.000000000000000000, 1.000000000000000000, 1.000000000000000000, 1.000000000000000000, 1.000000000000000000, 1.000000000000000000, 1.000000000000000000, 1.000000000000000000, 1.000000000000000000, 1.000000000000000000, 1.000000000000000000, 1.000000000000000000, 1.000000000000000000, 1.000000000000000000, 1.000000000000000000, 1.000000000000000000, 1.000000000000000000, 1.000000000000000000, 1.000000000000000000, 1.000000000000000000, 1.000000000000000000, 1.000000000000000000, 1.000000000000000000, 1.000000000000000000, 1.000000000000000000, 1.000000000000000000),
 ( 0.02121320343559643384, 0.02121320343559643384, 0.02121320343559642690, 0.02121320343559642690, 0.02121320343559643731, 0.02121320343559643731, 0.02121320343559641997, 0.02121320343559641997, 0.02121320343559642344, 0.02121320343559642344, 0.02121320343559644078, 0.02121320343559644078, 0.02121320343559643384, 0.02121320343559643384, 0.02121320343559641997, 0.02121320343559641997, 0.02121320343559643731, 0.02121320343559643731, 0.02121320343559642690, 0.02121320343559642690, 0.02121320343559643384, 0.02121320343559643384, 0.02121320343559642690, 0.02121320343559642690, 0.02121320343559643731, 0.02121320343559643731, 0.02121320343559642344, 0.02121320343559642344, 0.02121320343559644425, 0.02121320343559644425, 0.02121320343559643037, 0.02121320343559643037, 0.02121320343559643384, 0.02121320343559643384),
 ( 1.000000000000000000, 1.000000000000000000, 1.000000000000000000, 1.000000000000000000, 1.000000000000000000, 1.000000000000000000, 1.000000000000000000, 1.000000000000000000, 1.000000000000000000, 1.000000000000000000, 1.000000000000000000, 1.000000000000000000, 1.000000000000000000, 1.000000000000000000, 1.000000000000000000, 1.000000000000000000, 1.000000000000000000, 1.000000000000000000, 1.000000000000000000, 1.000000000000000000, 1.000000000000000000, 1.000000000000000000, 1.000000000000000000, 1.000000000000000000, 1.000000000000000000, 1.000000000000000000, 1.000000000000000000, 1.000000000000000000, 1.000000000000000000, 1.000000000000000000, 1.000000000000000000, 1.000000000000000000, 1.000000000000000000, 1.000000000000000000) ) ) 
 REPRESENTATION_ITEM ( '' )  SURFACE ( )  );
#869 = ORIENTED_EDGE ( 'NONE', *, *, #1439, .F. ) ;
#870 = CARTESIAN_POINT ( 'NONE',  ( -10.30455388372352132, -19.07843542143879034, 115.0000000000000142 ) ) ;
#871 = ORIENTED_EDGE ( 'NONE', *, *, #915, .T. ) ;
#872 = DIRECTION ( 'NONE',  ( -0.000000000000000000, -0.000000000000000000, 1.000000000000000000 ) ) ;
#873 = CARTESIAN_POINT ( 'NONE',  ( 12.07269646764963511, 10.50000000000000000, 115.0000000000000000 ) ) ;
#874 = EDGE_CURVE ( 'NONE', #775, #805, #17, .T. ) ;
#875 = DIRECTION ( 'NONE',  ( 1.000000000000000000, 0.000000000000000000, 0.000000000000000000 ) ) ;
#876 = CARTESIAN_POINT ( 'NONE',  ( -18.62348668690615483, 11.10568649364870630, 115.0000000000000000 ) ) ;
#877 = CARTESIAN_POINT ( 'NONE',  ( 10.30455388372401515, 19.07843542143970694, 115.0000000000000000 ) ) ;
#878 = LINE ( 'NONE', #1310, #1178 ) ;
#879 = CARTESIAN_POINT ( 'NONE',  ( 2.219165273601137578, 21.56955804741987848, 113.5000000000000000 ) ) ;
#880 = ORIENTED_EDGE ( 'NONE', *, *, #782, .F. ) ;
#881 = CARTESIAN_POINT ( 'NONE',  ( 11.10568649364791050, 18.62348668690682985, 113.5000000000000000 ) ) ;
#882 = CC_DESIGN_PERSON_AND_ORGANIZATION_ASSIGNMENT ( #64, #410, ( #10 ) ) ;
#883 = CARTESIAN_POINT ( 'NONE',  ( -18.75174885342698872, 10.50000000000000000, 113.5311222572063485 ) ) ;
#884 = CARTESIAN_POINT ( 'NONE',  ( 8.892206050999831746, -19.77622816461903454, 115.0000000000000000 ) ) ;
#885 = VECTOR ( 'NONE', #514, 1000.000000000000000 ) ;
#886 = EDGE_LOOP ( 'NONE', ( #1159, #293, #415, #706, #614, #1183 ) ) ;
#887 = CARTESIAN_POINT ( 'NONE',  ( 17.47708445285475420, -10.50000000000000178, 114.6402716879728700 ) ) ;
#888 = AXIS2_PLACEMENT_3D ( 'NONE', #1357, #1124, #1344 ) ;
#889 = CARTESIAN_POINT ( 'NONE',  ( -18.25122303439328419, -10.50000000000000178, 112.2659258215428508 ) ) ;
#890 = CARTESIAN_POINT ( 'NONE',  ( -19.07843542144049920, 10.30455388372147318, 113.5000000000000000 ) ) ;
#891 = EDGE_CURVE ( 'NONE', #225, #775, #314, .T. ) ;
#892 = DIRECTION ( 'NONE',  ( 0.000000000000000000, 0.000000000000000000, 1.000000000000000000 ) ) ;
#893 = CARTESIAN_POINT ( 'NONE',  ( 0.6472922961428089206, -21.67375236445815645, 113.5000000000000000 ) ) ;
#894 = EDGE_LOOP ( 'NONE', ( #1075, #654 ) ) ;
#895 = FACE_OUTER_BOUND ( 'NONE', #523, .T. ) ;
#896 = CARTESIAN_POINT ( 'NONE',  ( -24.12000000000000099, 2.953848079543416396E-15, 0.000000000000000000 ) ) ;
#897 = CIRCLE ( 'NONE', #256, 16.00000000000000000 ) ;
#898 = CARTESIAN_POINT ( 'NONE',  ( -4.207577676970168490, 19.57030678801796952, 115.0000000000000142 ) ) ;
#899 = CARTESIAN_POINT ( 'NONE',  ( -19.32735905973378365, -5.771228960600196523, 115.0000000000000000 ) ) ;
#900 = EDGE_LOOP ( 'NONE', ( #1296, #82, #1327, #469 ) ) ;
#901 = DIRECTION ( 'NONE',  ( -0.000000000000000000, -0.000000000000000000, -1.000000000000000000 ) ) ;
#902 = CARTESIAN_POINT ( 'NONE',  ( -17.37111091136668506, -10.50000000000000000, 112.0000000000000000 ) ) ;
#903 = CARTESIAN_POINT ( 'NONE',  ( -0.8520376253156534130, 19.99954353076848435, 115.0000000000000426 ) ) ;
#904 = CARTESIAN_POINT ( 'NONE',  ( 0.000000000000000000, 0.000000000000000000, -10.00000000000000000 ) ) ;
#905 = CARTESIAN_POINT ( 'NONE',  ( -17.23659892470485033, 10.50000000000000000, 111.9999999999999858 ) ) ;
#906 = EDGE_LOOP ( 'NONE', ( #385, #1060 ) ) ;
#907 = FACE_OUTER_BOUND ( 'NONE', #155, .T. ) ;
#908 = ADVANCED_FACE ( 'NONE', ( #1419 ), #1175, .F. ) ;
#909 = AXIS2_PLACEMENT_3D ( 'NONE', #976, #825, #1179 ) ;
#910 = B_SPLINE_CURVE_WITH_KNOTS ( 'NONE', 3,
 ( #828, #1058, #1266, #272, #622, #412, #1280, #738, #1066, #723, #1160, #1167, #282, #1397, #852, #715 ),
 .UNSPECIFIED., .F., .F.,
 ( 4, 2, 2, 2, 2, 2, 2, 4 ),
 ( 0.000000000000000000, 0.0006320594785004451325, 0.0009480892177506676987, 0.001264118957000890265, 0.001580148696251112723, 0.001896178435501335397, 0.002212208174751558072, 0.002528237914001780530 ),
 .UNSPECIFIED. ) ;
#911 = CARTESIAN_POINT ( 'NONE',  ( 10.48874952493775581, -17.05037446809678414, 115.0000000000000000 ) ) ;
#912 = CARTESIAN_POINT ( 'NONE',  ( -13.68279394898887169, 16.82116757606546997, 113.5000000000000000 ) ) ;
#913 = ORIENTED_EDGE ( 'NONE', *, *, #823, .T. ) ;
#914 = CARTESIAN_POINT ( 'NONE',  ( 0.000000000000000000, 3.469446951953614189E-15, 112.0000000000000000 ) ) ;
#915 = EDGE_CURVE ( 'NONE', #75, #396, #954, .T. ) ;
#916 = VECTOR ( 'NONE', #72, 1000.000000000000000 ) ;
#917 = FACE_OUTER_BOUND ( 'NONE', #736, .T. ) ;
#918 = CARTESIAN_POINT ( 'NONE',  ( 18.76166303929371182, -10.50000000000000000, 113.5000000000000000 ) ) ;
#919 = EDGE_LOOP ( 'NONE', ( #1007, #177, #583, #1067, #249, #271 ) ) ;
#920 = CARTESIAN_POINT ( 'NONE',  ( 14.68219724899975276, -13.83065348712442244, 115.0000000000000000 ) ) ;
#921 = CARTESIAN_POINT ( 'NONE',  ( 16.68463044828319752, 13.69247390837804090, 113.4999999999999858 ) ) ;
#922 = CARTESIAN_POINT ( 'NONE',  ( -14.43637171553589305, -13.84670075801594713, 115.0000000000000426 ) ) ;
#923 = CARTESIAN_POINT ( 'NONE',  ( 16.73062151410915632, -13.63098762276198173, 113.5000000000000284 ) ) ;
#924 = VERTEX_POINT ( 'NONE', #965 ) ;
#925 = DIRECTION ( 'NONE',  ( -0.000000000000000000, -0.000000000000000000, 1.000000000000000000 ) ) ;
#926 = CARTESIAN_POINT ( 'NONE',  ( -18.67946656312834364, -10.49999999999999822, 112.7848112159894214 ) ) ;
#927 = CARTESIAN_POINT ( 'NONE',  ( 10.33087115688583602, 17.32417366224293431, 115.0000000000000000 ) ) ;
#928 = VECTOR ( 'NONE', #1290, 1000.000000000000000 ) ;
#929 = CARTESIAN_POINT ( 'NONE',  ( -17.02204453054919497, -10.50000000000000000, 115.0000000000000000 ) ) ;
#930 = DIRECTION ( 'NONE',  ( -0.000000000000000000, -0.000000000000000000, -1.000000000000000000 ) ) ;
#931 = EDGE_CURVE ( 'NONE', #1241, #521, #406, .T. ) ;
#932 = VERTEX_POINT ( 'NONE', #1186 ) ;
#933 = CARTESIAN_POINT ( 'NONE',  ( 12.95589594785852228, -17.38721625392573245, 113.5000000000000000 ) ) ;
#934 = DIRECTION ( 'NONE',  ( 0.000000000000000000, 0.000000000000000000, 1.000000000000000000 ) ) ;
#935 = AXIS2_PLACEMENT_3D ( 'NONE', #174, #158, #390 ) ;
#936 = DIRECTION ( 'NONE',  ( 0.000000000000000000, 0.000000000000000000, -1.000000000000000000 ) ) ;
#937 = APPROVAL_STATUS ( 'not_yet_approved' ) ;
#938 = ORIENTED_EDGE ( 'NONE', *, *, #340, .F. ) ;
#939 = APPROVAL_PERSON_ORGANIZATION ( #1042, #1256, #1259 ) ;
#940 = CARTESIAN_POINT ( 'NONE',  ( -0.6021323684929956732, 20.16163010647599307, 115.0000000000000000 ) ) ;
#941 = CARTESIAN_POINT ( 'NONE',  ( 0.000000000000000000, -10.50000000000000000, 112.0000000000000000 ) ) ;
#942 = FACE_OUTER_BOUND ( 'NONE', #1245, .T. ) ;
#943 = PLANE ( 'NONE',  #1114 ) ;
#944 = CALENDAR_DATE ( 2026, 28, 4 ) ;
#945 = ORIENTED_EDGE ( 'NONE', *, *, #1393, .F. ) ;
#946 = CARTESIAN_POINT ( 'NONE',  ( -15.64759774517403557, -12.72818041766283770, 115.0000000000000000 ) ) ;
#947 = DIRECTION ( 'NONE',  ( -0.000000000000000000, 0.000000000000000000, 1.000000000000000000 ) ) ;
#948 = EDGE_CURVE ( 'NONE', #957, #1241, #304, .T. ) ;
#949 = CARTESIAN_POINT ( 'NONE',  ( -18.02967411959726007, -10.49999999999999645, 114.1667231534925691 ) ) ;
#950 = CARTESIAN_POINT ( 'NONE',  ( 18.33985871492784980, 10.50000000000000355, 113.8968056630633328 ) ) ;
#951 = CARTESIAN_POINT ( 'NONE',  ( 13.68279394899711043, -16.82116757606038249, 113.5000000000000000 ) ) ;
#952 = FACE_OUTER_BOUND ( 'NONE', #886, .T. ) ;
#953 = APPROVAL_DATE_TIME ( #40, #741 ) ;
#954 = CIRCLE ( 'NONE', #1041, 60.00000000000000000 ) ;
#955 = VERTEX_POINT ( 'NONE', #526 ) ;
#956 = CARTESIAN_POINT ( 'NONE',  ( 13.83065348712896636, 14.68219724899521594, 115.0000000000000000 ) ) ;
#957 = VERTEX_POINT ( 'NONE', #973 ) ;
#958 = ADVANCED_FACE ( 'NONE', ( #419 ), #865, .F. ) ;
#959 = CARTESIAN_POINT ( 'NONE',  ( 17.45270980399415706, 9.767441860465115866, 115.0000000000000000 ) ) ;
#960 = PRODUCT_RELATED_PRODUCT_CATEGORY ( 'detail', '', ( #10 ) ) ;
#961 = CARTESIAN_POINT ( 'NONE',  ( 13.68279394900020307, -16.82116757606171831, 115.0000000000000000 ) ) ;
#962 = DIRECTION ( 'NONE',  ( 0.000000000000000000, -1.000000000000000000, 0.000000000000000000 ) ) ;
#963 = ORIENTED_EDGE ( 'NONE', *, *, #58, .F. ) ;
#964 = DIRECTION ( 'NONE',  ( -0.000000000000000000, -0.000000000000000000, -1.000000000000000000 ) ) ;
#965 = CARTESIAN_POINT ( 'NONE',  ( 24.12000000000000099, 0.000000000000000000, -5.000000000000000000 ) ) ;
#966 = CARTESIAN_POINT ( 'NONE',  ( 5.315887496243851373, -21.02169995503764710, 115.0000000000000000 ) ) ;
#967 = CARTESIAN_POINT ( 'NONE',  ( -0.6472922961301401656, 21.67375236446260445, 115.0000000000000000 ) ) ;
#968 = FACE_BOUND ( 'NONE', #894, .T. ) ;
#969 = VERTEX_POINT ( 'NONE', #196 ) ;
#970 = CARTESIAN_POINT ( 'NONE',  ( 18.85734347895047591, -7.159224040101479503, 115.0000000000000000 ) ) ;
#971 = VERTEX_POINT ( 'NONE', #642 ) ;
#972 = DIRECTION ( 'NONE',  ( -1.000000000000000000, 0.000000000000000000, 0.000000000000000000 ) ) ;
#973 = CARTESIAN_POINT ( 'NONE',  ( -12.07269646764963511, 10.50000000000000000, 50.00000000000000000 ) ) ;
#974 = CARTESIAN_POINT ( 'NONE',  ( -0.2739725310151497339, -21.68168508038315778, 115.0000000000000000 ) ) ;
#975 = CARTESIAN_POINT ( 'NONE',  ( -20.27164423987009556, 7.696165843116124172, 115.0000000000000000 ) ) ;
#976 = CARTESIAN_POINT ( 'NONE',  ( 0.000000000000000000, 0.000000000000000000, -10.00000000000000000 ) ) ;
#977 = EDGE_LOOP ( 'NONE', ( #981, #84, #134, #1348 ) ) ;
#978 = CLOSED_SHELL ( 'NONE', ( #850, #958, #908, #1032, #1126, #709, #613, #1316, #446, #112, #1165, #1306, #496, #1083, #241, #332, #549, #692, #276, #1051, #518, #1011, #488, #796, #381, #1308, #1101, #684, #460 ) ) ;
#979 = CARTESIAN_POINT ( 'NONE',  ( -19.77622816461652633, -8.892206051009612366, 115.0000000000000000 ) ) ;
#980 = EDGE_CURVE ( 'NONE', #599, #233, #1374, .T. ) ;
#981 = ORIENTED_EDGE ( 'NONE', *, *, #1353, .F. ) ;
#982 = CARTESIAN_POINT ( 'NONE',  ( 12.07269646764963511, -10.50000000000000000, 50.00000000000000000 ) ) ;
#983 = CARTESIAN_POINT ( 'NONE',  ( -20.00000000000000000, 0.000000000000000000, 115.0000000000000000 ) ) ;
#984 = CARTESIAN_POINT ( 'NONE',  ( -17.38836517336948617, -10.49999999999999645, 114.7201185917750621 ) ) ;
#985 = CARTESIAN_POINT ( 'NONE',  ( 0.2739725310269319758, 21.68168508038093378, 113.5000000000000000 ) ) ;
#986 = CARTESIAN_POINT ( 'NONE',  ( -16.82116757606424784, -13.68279394899038870, 115.0000000000000000 ) ) ;
#987 = LINE ( 'NONE', #1232, #1021 ) ;
#988 = CARTESIAN_POINT ( 'NONE',  ( 14.86795249866527158, 15.78336204267054654, 113.5000000000000000 ) ) ;
#989 = DIRECTION ( 'NONE',  ( 1.000000000000000000, 0.000000000000000000, 0.000000000000000000 ) ) ;
#990 = DIRECTION ( 'NONE',  ( -1.000000000000000000, 0.000000000000000000, 0.000000000000000000 ) ) ;
#991 = CARTESIAN_POINT ( 'NONE',  ( 15.13753871334303547, -15.52499438243118668, 115.0000000000000000 ) ) ;
#992 = CARTESIAN_POINT ( 'NONE',  ( -18.46783922160807023, 10.49999999999999645, 113.7879189219097071 ) ) ;
#993 = CARTESIAN_POINT ( 'NONE',  ( -15.78336204266617493, 14.86795249866533197, 114.9999999999999858 ) ) ;
#994 = ORIENTED_EDGE ( 'NONE', *, *, #754, .F. ) ;
#995 = CARTESIAN_POINT ( 'NONE',  ( -16.00000000000000000, 0.000000000000000000, 50.00000000000000000 ) ) ;
#996 = CARTESIAN_POINT ( 'NONE',  ( -15.52499438243839869, -15.13753871333914169, 115.0000000000000000 ) ) ;
#997 = EDGE_CURVE ( 'NONE', #1281, #1436, #182, .T. ) ;
#998 = CARTESIAN_POINT ( 'NONE',  ( 1.700379167655122314, 19.93153000080868864, 115.0000000000000426 ) ) ;
#999 = CARTESIAN_POINT ( 'NONE',  ( -17.02204453054919497, -10.50000000000000000, 115.0000000000000000 ) ) ;
#1000 = AXIS2_PLACEMENT_3D ( 'NONE', #1079, #769, #95 ) ;
#1001 = ORIENTED_EDGE ( 'NONE', *, *, #718, .T. ) ;
#1002 = CARTESIAN_POINT ( 'NONE',  ( 8.400000000000000355, 0.000000000000000000, -10.00000000000000000 ) ) ;
#1003 = CIRCLE ( 'NONE', #506, 16.00000000000000000 ) ;
#1004 = CARTESIAN_POINT ( 'NONE',  ( -19.92642032757204973, 8.550339279905568191, 113.5000000000000000 ) ) ;
#1005 = CARTESIAN_POINT ( 'NONE',  ( -17.02154692473969178, 10.50000000000000000, 115.0000000000000000 ) ) ;
#1006 = CARTESIAN_POINT ( 'NONE',  ( -20.77691098921710733, -6.204071132645324838, 115.0000000000000000 ) ) ;
#1007 = ORIENTED_EDGE ( 'NONE', *, *, #1157, .F. ) ;
#1008 = LINE ( 'NONE', #1230, #575 ) ;
#1009 = CARTESIAN_POINT ( 'NONE',  ( 0.000000000000000000, 0.000000000000000000, 50.00000000000000000 ) ) ;
#1011 = ADVANCED_FACE ( 'NONE', ( #588 ), #1034, .F. ) ;
#1010 = CARTESIAN_POINT ( 'NONE',  ( -13.52063339946076503, 14.74200027125371371, 115.0000000000000284 ) ) ;
#1012 = DIRECTION ( 'NONE',  ( -0.000000000000000000, 0.000000000000000000, 1.000000000000000000 ) ) ;
#1013 = CARTESIAN_POINT ( 'NONE',  ( -20.27164423986940278, 7.696165843115958971, 113.5000000000000000 ) ) ;
#1014 = ORIENTED_EDGE ( 'NONE', *, *, #801, .T. ) ;
#1015 = CARTESIAN_POINT ( 'NONE',  ( -9.585631519744184814, -17.74738178738460093, 115.0000000000000000 ) ) ;
#1016 = CARTESIAN_POINT ( 'NONE',  ( -0.8542263031960491970, -19.99860985426131066, 115.0000000000000000 ) ) ;
#1017 = CARTESIAN_POINT ( 'NONE',  ( -18.29869787034038708, -11.28750000000000142, 113.5000000000000000 ) ) ;
#1018 = ORIENTED_EDGE ( 'NONE', *, *, #1373, .T. ) ;
#1019 = EDGE_CURVE ( 'NONE', #955, #645, #305, .T. ) ;
#1020 = CARTESIAN_POINT ( 'NONE',  ( 0.6021323685043477036, -20.16163010647144560, 115.0000000000000000 ) ) ;
#1021 = VECTOR ( 'NONE', #1422, 1000.000000000000000 ) ;
#1022 = CARTESIAN_POINT ( 'NONE',  ( 16.00000000000000000, 1.959434878635765131E-15, 50.00000000000000000 ) ) ;
#1023 = CARTESIAN_POINT ( 'NONE',  ( -18.12266622176593245, 10.49999999999999645, 112.3307653064128857 ) ) ;
#1024 = ORIENTED_EDGE ( 'NONE', *, *, #586, .F. ) ;
#1025 = CARTESIAN_POINT ( 'NONE',  ( 17.74738178738122230, -9.585631519748865514, 115.0000000000000000 ) ) ;
#1026 = VECTOR ( 'NONE', #51, 1000.000000000000000 ) ;
#1027 = DIRECTION ( 'NONE',  ( 1.000000000000000000, 0.000000000000000000, 0.000000000000000000 ) ) ;
#1028 = CARTESIAN_POINT ( 'NONE',  ( 60.00000000000000000, 0.000000000000000000, 0.000000000000000000 ) ) ;
#1029 = VERTEX_POINT ( 'NONE', #824 ) ;
#1030 = CARTESIAN_POINT ( 'NONE',  ( -18.29869787034038708, -11.28750000000000142, 113.5000000000000000 ) ) ;
#1031 = CARTESIAN_POINT ( 'NONE',  ( -18.38358971525592622, -10.49999999999999822, 112.3719716047724830 ) ) ;
#1032 = ADVANCED_FACE ( 'NONE', ( #601 ), #44, .F. ) ;
#1033 = DIRECTION ( 'NONE',  ( 1.000000000000000000, 0.000000000000000000, 0.000000000000000000 ) ) ;
#1034 = PLANE ( 'NONE',  #445 ) ;
#1035 = CARTESIAN_POINT ( 'NONE',  ( -18.29869787034038708, -11.28750000000000142, 113.5000000000000000 ) ) ;
#1036 = ORIENTED_EDGE ( 'NONE', *, *, #1269, .T. ) ;
#1037 = PRODUCT_DEFINITION_SHAPE ( 'NONE', 'NONE',  #802 ) ;
#1038 = CARTESIAN_POINT ( 'NONE',  ( 21.45582040018660663, -3.133416638027344714, 113.5000000000000000 ) ) ;
#1039 = TOROIDAL_SURFACE ( 'NONE', #1000, 19.99999999999999645, 1.500000000000000000 ) ;
#1040 = DIRECTION ( 'NONE',  ( 1.000000000000000000, 0.000000000000000000, 0.000000000000000000 ) ) ;
#1041 = AXIS2_PLACEMENT_3D ( 'NONE', #181, #515, #875 ) ;
#1042 = PERSON_AND_ORGANIZATION ( #1057, #733 ) ;
#1043 = ORIENTED_EDGE ( 'NONE', *, *, #980, .F. ) ;
#1044 = CARTESIAN_POINT ( 'NONE',  ( 7.159224040107169174, 18.85734347894727492, 115.0000000000000000 ) ) ;
#1045 = LINE ( 'NONE', #809, #21 ) ;
#1046 = CIRCLE ( 'NONE', #1390, 20.00000000000000000 ) ;
#1047 = CARTESIAN_POINT ( 'NONE',  ( 0.000000000000000000, 3.469446951953614189E-15, 113.2020815280235553 ) ) ;
#1048 = COORDINATED_UNIVERSAL_TIME_OFFSET ( 8, 0, .BEHIND. ) ;
#1049 = ORIENTED_EDGE ( 'NONE', *, *, #671, .T. ) ;
#1050 = CARTESIAN_POINT ( 'NONE',  ( 0.000000000000000000, 0.000000000000000000, 50.00000000000000000 ) ) ;
#1051 = ADVANCED_FACE ( 'NONE', ( #1144 ), #1052, .T. ) ;
#1052 = PLANE ( 'NONE',  #770 ) ;
#1053 = CARTESIAN_POINT ( 'NONE',  ( 7.467812937212738866, 20.25074084724285939, 113.4999999999999858 ) ) ;
#1054 = DIRECTION ( 'NONE',  ( -0.000000000000000000, 0.000000000000000000, 1.000000000000000000 ) ) ;
#1055 = APPROVAL_ROLE ( '' ) ;
#1056 = ORIENTED_EDGE ( 'NONE', *, *, #439, .T. ) ;
#1057 = PERSON ( 'UNSPECIFIED', 'UNSPECIFIED', 'UNSPECIFIED', ('UNSPECIFIED'), ('UNSPECIFIED'), ('UNSPECIFIED') ) ;
#1058 = CARTESIAN_POINT ( 'NONE',  ( 17.23659892470484678, 10.49999999999999645, 112.0000000000000000 ) ) ;
#1059 = EDGE_CURVE ( 'NONE', #233, #170, #500, .T. ) ;
#1060 = ORIENTED_EDGE ( 'NONE', *, *, #1244, .T. ) ;
#1061 = FACE_OUTER_BOUND ( 'NONE', #411, .T. ) ;
#1062 = AXIS2_PLACEMENT_3D ( 'NONE', #409, #858, #1295 ) ;
#1063 = CARTESIAN_POINT ( 'NONE',  ( 16.82116757606570445, 13.68279394898849333, 113.5000000000000000 ) ) ;
#1064 = DIRECTION ( 'NONE',  ( 0.000000000000000000, -0.000000000000000000, -1.000000000000000000 ) ) ;
#1065 = EDGE_LOOP ( 'NONE', ( #1123, #660, #606, #1260 ) ) ;
#1066 = CARTESIAN_POINT ( 'NONE',  ( 18.36630213796052757, 10.50000000000000000, 112.5386740589916030 ) ) ;
#1067 = ORIENTED_EDGE ( 'NONE', *, *, #1427, .T. ) ;
#1068 = CARTESIAN_POINT ( 'NONE',  ( -20.77691098921247104, -6.204071132644576991, 113.5000000000000000 ) ) ;
#1069 = CARTESIAN_POINT ( 'NONE',  ( -21.02169995503619404, -5.315887496255654376, 115.0000000000000142 ) ) ;
#1070 = CARTESIAN_POINT ( 'NONE',  ( 0.000000000000000000, -10.50000000000000000, 112.0000000000000000 ) ) ;
#1071 = CARTESIAN_POINT ( 'NONE',  ( 21.56955804741783211, -2.219165273606670041, 115.0000000000000000 ) ) ;
#1072 = FACE_OUTER_BOUND ( 'NONE', #820, .T. ) ;
#1073 = PERSON_AND_ORGANIZATION ( #1057, #733 ) ;
#1074 = AXIS2_PLACEMENT_3D ( 'NONE', #1336, #351, #1140 ) ;
#1075 = ORIENTED_EDGE ( 'NONE', *, *, #389, .T. ) ;
#1076 = CARTESIAN_POINT ( 'NONE',  ( -7.159224040095809372, -18.85734347894727136, 115.0000000000000000 ) ) ;
#1077 = B_SPLINE_CURVE_WITH_KNOTS ( 'NONE', 3,
 ( #265, #343, #250, #1366 ),
 .UNSPECIFIED., .F., .F.,
 ( 4, 4 ),
 ( 0.9799675095007047698, 1.000000000000000000 ),
 .UNSPECIFIED. ) ;
#1078 = ORIENTED_EDGE ( 'NONE', *, *, #340, .T. ) ;
#1079 = CARTESIAN_POINT ( 'NONE',  ( 0.000000000000000000, 3.469446951953614189E-15, 113.5000000000000000 ) ) ;
#1080 = CARTESIAN_POINT ( 'NONE',  ( -56.90500000000000114, 10.50000000000000000, 50.00000000000000000 ) ) ;
#1081 = CARTESIAN_POINT ( 'NONE',  ( -0.2548581683860795533, -20.16900937709870689, 115.0000000000000000 ) ) ;
#1082 = CARTESIAN_POINT ( 'NONE',  ( -13.68279394899039048, 16.82116757606425139, 115.0000000000000000 ) ) ;
#1083 = ADVANCED_FACE ( 'NONE', ( #1061 ), #1270, .T. ) ;
#1084 = FACE_OUTER_BOUND ( 'NONE', #906, .T. ) ;
#1085 = ORIENTED_EDGE ( 'NONE', *, *, #801, .F. ) ;
#1086 = CARTESIAN_POINT ( 'NONE',  ( 21.56955804741852845, -2.219165273606835687, 113.5000000000000000 ) ) ;
#1087 = ORIENTED_EDGE ( 'NONE', *, *, #437, .T. ) ;
#1088 = FACE_OUTER_BOUND ( 'NONE', #1116, .T. ) ;
#1089 = DIRECTION ( 'NONE',  ( 0.000000000000000000, 0.000000000000000000, 1.000000000000000000 ) ) ;
#1090 = CARTESIAN_POINT ( 'NONE',  ( 3.133416638020196654, 21.45582040018863523, 113.5000000000000000 ) ) ;
#1091 = VERTEX_POINT ( 'NONE', #167 ) ;
#1092 = VECTOR ( 'NONE', #1289, 1000.000000000000000 ) ;
#1093 = CARTESIAN_POINT ( 'NONE',  ( 19.77622816461506972, 8.892206051011523726, 113.5000000000000000 ) ) ;
#1094 = CARTESIAN_POINT ( 'NONE',  ( 18.76166303929371182, -10.50000000000000000, 113.5000000000000000 ) ) ;
#1095 = CARTESIAN_POINT ( 'NONE',  ( -24.12000000000000099, 2.953848079543416396E-15, -5.000000000000000000 ) ) ;
#1096 = CARTESIAN_POINT ( 'NONE',  ( -3.133416638032315404, -21.45582040018580727, 115.0000000000000000 ) ) ;
#1097 = CARTESIAN_POINT ( 'NONE',  ( -16.82116757606546642, -13.68279394898886814, 113.5000000000000000 ) ) ;
#1098 = CARTESIAN_POINT ( 'NONE',  ( -17.83861523869935439, 10.50000000000000000, 114.3306988781350952 ) ) ;
#1099 = CARTESIAN_POINT ( 'NONE',  ( 21.56955804741783211, -2.219165273606670041, 115.0000000000000000 ) ) ;
#1100 = ORIENTED_EDGE ( 'NONE', *, *, #1417, .T. ) ;
#1101 = ADVANCED_FACE ( 'NONE', ( #38 ), #144, .F. ) ;
#1102 = DIRECTION ( 'NONE',  ( 0.000000000000000000, 0.000000000000000000, 1.000000000000000000 ) ) ;
#1103 = CARTESIAN_POINT ( 'NONE',  ( -14.44185523947652428, -14.08143136124560968, 115.0000000000000000 ) ) ;
#1104 = CARTESIAN_POINT ( 'NONE',  ( 17.37111091136668506, -10.50000000000000000, 112.0000000000000000 ) ) ;
#1105 = CARTESIAN_POINT ( 'NONE',  ( -7.696165843103739412, -20.27164423987229469, 113.5000000000000000 ) ) ;
#1106 = ORIENTED_EDGE ( 'NONE', *, *, #1373, .F. ) ;
#1107 = DIRECTION ( 'NONE',  ( -0.000000000000000000, 0.000000000000000000, 1.000000000000000000 ) ) ;
#1108 = EDGE_CURVE ( 'NONE', #65, #851, #1045, .T. ) ;
#1109 = CARTESIAN_POINT ( 'NONE',  ( -3.133416638032155532, -21.45582040018524594, 113.5000000000000000 ) ) ;
#1110 = APPROVAL_ROLE ( '' ) ;
#1111 = CARTESIAN_POINT ( 'NONE',  ( -18.76166303929371892, 10.50000000000000000, 113.5000000000000000 ) ) ;
#1112 = DIRECTION ( 'NONE',  ( 1.000000000000000000, 0.000000000000000000, 0.000000000000000000 ) ) ;
#1113 = CARTESIAN_POINT ( 'NONE',  ( -13.68279394899039048, 16.82116757606425139, 115.0000000000000000 ) ) ;
#1114 = AXIS2_PLACEMENT_3D ( 'NONE', #1271, #1054, #279 ) ;
#1115 = B_SPLINE_CURVE_WITH_KNOTS ( 'NONE', 3,
 ( #675, #1146, #576, #364, #582, #131, #33, #12, #481, #1023, #464, #590, #1240, #1122, #905, #1355 ),
 .UNSPECIFIED., .F., .F.,
 ( 4, 2, 2, 2, 2, 2, 2, 4 ),
 ( 0.0004219540289691716718, 0.0007409956200113588121, 0.001060037211053545952, 0.001379078802095732876, 0.001698120393137920016, 0.002017161984180107157, 0.002336203575222294080, 0.002974286757306668361 ),
 .UNSPECIFIED. ) ;
#1116 = EDGE_LOOP ( 'NONE', ( #192, #264, #913, #540 ) ) ;
#1117 = CARTESIAN_POINT ( 'NONE',  ( -7.159224040095809372, -18.85734347894727136, 115.0000000000000000 ) ) ;
#1118 = AXIS2_PLACEMENT_3D ( 'NONE', #808, #694, #143 ) ;
#1119 = CARTESIAN_POINT ( 'NONE',  ( 18.76166303929371892, 10.49999999999999822, 113.5000000000000000 ) ) ;
#1120 = DIRECTION ( 'NONE',  ( 0.000000000000000000, 0.000000000000000000, 1.000000000000000000 ) ) ;
#1121 = DIRECTION ( 'NONE',  ( 1.000000000000000000, 0.000000000000000000, 0.000000000000000000 ) ) ;
#1122 = CARTESIAN_POINT ( 'NONE',  ( -17.44494097484847117, 10.50000000000000000, 112.0322728255336955 ) ) ;
#1123 = ORIENTED_EDGE ( 'NONE', *, *, #1416, .F. ) ;
#1124 = DIRECTION ( 'NONE',  ( -0.000000000000000000, 0.000000000000000000, 1.000000000000000000 ) ) ;
#1125 = CARTESIAN_POINT ( 'NONE',  ( -18.85734347894914009, 7.159224040108258968, 115.0000000000000000 ) ) ;
#1126 = ADVANCED_FACE ( 'NONE', ( #61 ), #486, .T. ) ;
#1127 = CARTESIAN_POINT ( 'NONE',  ( -4.213424641497779177, -19.56978481152622962, 114.9999999999999858 ) ) ;
#1128 = CARTESIAN_POINT ( 'NONE',  ( -13.43252666045868082, -16.89037439893886017, 113.5000000000000142 ) ) ;
#1129 = ORIENTED_EDGE ( 'NONE', *, *, #1143, .F. ) ;
#1130 = CARTESIAN_POINT ( 'NONE',  ( 9.585631519744326923, 17.74738178738576977, 115.0000000000000000 ) ) ;
#1131 = CC_DESIGN_APPROVAL ( #741, ( #802 ) ) ;
#1132 = CARTESIAN_POINT ( 'NONE',  ( 18.18680332712620640, -10.49999999999999645, 112.2139217820746353 ) ) ;
#1133 = DIRECTION ( 'NONE',  ( 0.000000000000000000, 0.000000000000000000, 1.000000000000000000 ) ) ;
#1134 = ORIENTED_EDGE ( 'NONE', *, *, #389, .F. ) ;
#1135 = DIRECTION ( 'NONE',  ( 1.000000000000000000, 0.000000000000000000, 0.000000000000000000 ) ) ;
#1136 = AXIS2_PLACEMENT_3D ( 'NONE', #63, #719, #297 ) ;
#1137 = AXIS2_PLACEMENT_3D ( 'NONE', #914, #125, #1135 ) ;
#1138 = CARTESIAN_POINT ( 'NONE',  ( -12.72818041766284125, 15.64759774517403912, 115.0000000000000000 ) ) ;
#1139 = CARTESIAN_POINT ( 'NONE',  ( -15.84170557852053030, -12.25985666276270614, 114.9999999999999716 ) ) ;
#1140 = DIRECTION ( 'NONE',  ( -1.000000000000000000, 0.000000000000000000, 0.000000000000000000 ) ) ;
#1141 = ORIENTED_EDGE ( 'NONE', *, *, #258, .T. ) ;
#1142 = LINE ( 'NONE', #784, #397 ) ;
#1143 = EDGE_CURVE ( 'NONE', #620, #1396, #710, .T. ) ;
#1144 = FACE_OUTER_BOUND ( 'NONE', #919, .T. ) ;
#1145 = CARTESIAN_POINT ( 'NONE',  ( 1.700746249871522231, -19.94555978974623400, 115.0000000000000142 ) ) ;
#1146 = CARTESIAN_POINT ( 'NONE',  ( -18.76166303929371892, 10.50000000000000000, 113.3924282617311690 ) ) ;
#1147 = ORIENTED_EDGE ( 'NONE', *, *, #135, .T. ) ;
#1148 = CARTESIAN_POINT ( 'NONE',  ( -12.95589594786944687, 17.38721625391961823, 113.5000000000000000 ) ) ;
#1149 = CARTESIAN_POINT ( 'NONE',  ( -12.05199623057455760, 16.17415465480657488, 115.0000000000000000 ) ) ;
#1150 = CARTESIAN_POINT ( 'NONE',  ( -16.68463044828320108, 13.69247390837803557, 113.4999999999999858 ) ) ;
#1151 = CARTESIAN_POINT ( 'NONE',  ( -8.234649254934959473, -18.24523529894794294, 115.0000000000000142 ) ) ;
#1152 = EDGE_LOOP ( 'NONE', ( #1356, #54 ) ) ;
#1153 = CARTESIAN_POINT ( 'NONE',  ( 0.000000000000000000, 0.000000000000000000, -5.000000000000000000 ) ) ;
#1154 = CIRCLE ( 'NONE', #113, 60.00000000000000000 ) ;
#1155 = CARTESIAN_POINT ( 'NONE',  ( 17.97994949214578497, 10.50000000000000000, 114.2097492553423592 ) ) ;
#1156 = DIRECTION ( 'NONE',  ( 1.000000000000000000, 0.000000000000000000, 0.000000000000000000 ) ) ;
#1157 = EDGE_CURVE ( 'NONE', #969, #955, #508, .T. ) ;
#1158 = EDGE_CURVE ( 'NONE', #1199, #1181, #491, .T. ) ;
#1159 = ORIENTED_EDGE ( 'NONE', *, *, #150, .T. ) ;
#1160 = CARTESIAN_POINT ( 'NONE',  ( 18.56099967117103944, 10.50000000000000000, 112.7894818024194024 ) ) ;
#1161 = CARTESIAN_POINT ( 'NONE',  ( 17.92761670242339633, 10.50000000000000000, 114.2549417570104708 ) ) ;
#1162 = AXIS2_PLACEMENT_3D ( 'NONE', #55, #1174, #292 ) ;
#1163 = CARTESIAN_POINT ( 'NONE',  ( 0.000000000000000000, 0.000000000000000000, -5.000000000000000000 ) ) ;
#1164 = DIRECTION ( 'NONE',  ( 1.000000000000000000, 0.000000000000000000, 0.000000000000000000 ) ) ;
#1165 = ADVANCED_FACE ( 'NONE', ( #835 ), #868, .T. ) ;
#1166 = ORIENTED_EDGE ( 'NONE', *, *, #1364, .F. ) ;
#1167 = CARTESIAN_POINT ( 'NONE',  ( 18.65874010177222786, 10.49999999999999645, 112.9784745783615847 ) ) ;
#1168 = CARTESIAN_POINT ( 'NONE',  ( -17.92750224166112005, -10.50000000000000178, 114.2550253213169071 ) ) ;
#1169 = CARTESIAN_POINT ( 'NONE',  ( 0.000000000000000000, 10.50000000000000000, 112.0000000000000000 ) ) ;
#1170 = CARTESIAN_POINT ( 'NONE',  ( 0.000000000000000000, 0.000000000000000000, 0.000000000000000000 ) ) ;
#1171 = CARTESIAN_POINT ( 'NONE',  ( 20.77691098921355817, 6.204071132644303432, 115.0000000000000000 ) ) ;
#1172 =( LENGTH_UNIT ( ) NAMED_UNIT ( * ) SI_UNIT ( .MILLI., .METRE. ) );
#1173 = ORIENTED_EDGE ( 'NONE', *, *, #891, .T. ) ;
#1174 = DIRECTION ( 'NONE',  ( -0.000000000000000000, -0.000000000000000000, -1.000000000000000000 ) ) ;
#1175 = CYLINDRICAL_SURFACE ( 'NONE', #739, 16.00000000000000000 ) ;
#1176 = CARTESIAN_POINT ( 'NONE',  ( 7.482887490365853544, -18.73126495317149320, 115.0000000000000000 ) ) ;
#1177 = LOCAL_TIME ( 0, 56, 37.00000000000000000, #748 ) ;
#1178 = VECTOR ( 'NONE', #892, 1000.000000000000000 ) ;
#1179 = DIRECTION ( 'NONE',  ( 1.000000000000000000, 0.000000000000000000, 0.000000000000000000 ) ) ;
#1180 = CIRCLE ( 'NONE', #888, 24.12000000000000099 ) ;
#1181 = VERTEX_POINT ( 'NONE', #368 ) ;
#1182 = DIRECTION ( 'NONE',  ( -1.000000000000000000, 0.000000000000000000, 0.000000000000000000 ) ) ;
#1183 = ORIENTED_EDGE ( 'NONE', *, *, #754, .T. ) ;
#1184 = DIRECTION ( 'NONE',  ( -0.000000000000000000, 0.000000000000000000, 1.000000000000000000 ) ) ;
#1185 = EDGE_CURVE ( 'NONE', #1190, #8, #1345, .T. ) ;
#1186 = CARTESIAN_POINT ( 'NONE',  ( 18.76166303929371182, -10.50000000000000000, 113.2020815280235553 ) ) ;
#1187 = CARTESIAN_POINT ( 'NONE',  ( -10.33087115688356938, -17.32417366223838684, 115.0000000000000000 ) ) ;
#1188 = CARTESIAN_POINT ( 'NONE',  ( 6.204071132633025343, -20.77691098921909330, 115.0000000000000000 ) ) ;
#1189 = VECTOR ( 'NONE', #798, 1000.000000000000000 ) ;
#1190 = VERTEX_POINT ( 'NONE', #896 ) ;
#1191 = CARTESIAN_POINT ( 'NONE',  ( 15.64759774517708912, 12.72818041766470998, 115.0000000000000000 ) ) ;
#1192 = DIRECTION ( 'NONE',  ( 1.000000000000000000, 0.000000000000000000, 0.000000000000000000 ) ) ;
#1193 = CARTESIAN_POINT ( 'NONE',  ( 0.000000000000000000, 0.000000000000000000, 112.0000000000000000 ) ) ;
#1194 = DIRECTION ( 'NONE',  ( -0.000000000000000000, -0.000000000000000000, 1.000000000000000000 ) ) ;
#1195 = CARTESIAN_POINT ( 'NONE',  ( -11.10568649364870097, -18.62348668690615128, 115.0000000000000000 ) ) ;
#1196 = CARTESIAN_POINT ( 'NONE',  ( 14.86795249866527158, 15.78336204267054654, 113.5000000000000000 ) ) ;
#1197 = APPROVAL_DATE_TIME ( #431, #266 ) ;
#1198 = B_SPLINE_CURVE_WITH_KNOTS ( 'NONE', 3,
 ( #929, #1251, #1139, #1341, #922, #1354, #145, #480, #153, #363, #253, #1151, #487, #1369, #1127, #1258, #377, #1016, #697, #1145, #589, #1233, #261, #679, #127, #570, #463, #911, #1239, #242, #747, #618, #392, #637 ),
 .UNSPECIFIED., .F., .F.,
 ( 4, 1, 2, 2, 2, 2, 2, 2, 2, 2, 2, 2, 1, 2, 2, 2, 2, 4 ),
 ( 0.000000000000000000, 0.06249999999999991673, 0.09374999999999986122, 0.1249999999999998057, 0.1874999999999998057, 0.2499999999999997780, 0.3124999999999997224, 0.3749999999999996669, 0.4374999999999995559, 0.4999999999999995559, 0.5624999999999994449, 0.6249999999999993339, 0.6874999999999993339, 0.7187499999999993339, 0.7499999999999994449, 0.8124999999999995559, 0.8749999999999996669, 1.000000000000000000 ),
 .UNSPECIFIED. ) ;
#1199 = VERTEX_POINT ( 'NONE', #1433 ) ;
#1200 = CARTESIAN_POINT ( 'NONE',  ( 10.30455388372401515, 19.07843542143970694, 115.0000000000000000 ) ) ;
#1201 = EDGE_LOOP ( 'NONE', ( #859, #1235, #367, #465 ) ) ;
#1202 = CARTESIAN_POINT ( 'NONE',  ( 0.000000000000000000, 0.000000000000000000, 0.000000000000000000 ) ) ;
#1203 = FACE_OUTER_BOUND ( 'NONE', #449, .T. ) ;
#1204 = CARTESIAN_POINT ( 'NONE',  ( -5.315887496255656153, 21.02169995504074151, 115.0000000000000142 ) ) ;
#1205 = CARTESIAN_POINT ( 'NONE',  ( -6.204071132644950914, 20.77691098921001256, 115.0000000000000000 ) ) ;
#1206 = CIRCLE ( 'NONE', #303, 16.00000000000000000 ) ;
#1207 = EDGE_CURVE ( 'NONE', #749, #775, #1077, .T. ) ;
#1208 = CARTESIAN_POINT ( 'NONE',  ( 12.07269646764963511, 10.50000000000000000, 50.00000000000000000 ) ) ;
#1209 = AXIS2_PLACEMENT_3D ( 'NONE', #237, #704, #1027 ) ;
#1210 = CARTESIAN_POINT ( 'NONE',  ( 2.219165273601388044, 21.56955804742093363, 115.0000000000000000 ) ) ;
#1211 = ORIENTED_EDGE ( 'NONE', *, *, #1238, .F. ) ;
#1212 = CARTESIAN_POINT ( 'NONE',  ( 0.000000000000000000, 0.000000000000000000, 112.0000000000000000 ) ) ;
#1213 = CARTESIAN_POINT ( 'NONE',  ( 8.550339279905463385, 19.92642032757147774, 115.0000000000000000 ) ) ;
#1214 = CALENDAR_DATE ( 2026, 28, 4 ) ;
#1215 = CARTESIAN_POINT ( 'NONE',  ( 4.212270877389133084, 19.56969457562071568, 114.9999999999999858 ) ) ;
#1216 = CARTESIAN_POINT ( 'NONE',  ( -18.85734347894914009, 7.159224040108258968, 115.0000000000000000 ) ) ;
#1217 = EDGE_CURVE ( 'NONE', #484, #1241, #1046, .T. ) ;
#1218 = EDGE_LOOP ( 'NONE', ( #869, #117, #880, #129 ) ) ;
#1219 = CARTESIAN_POINT ( 'NONE',  ( 18.69823258104537089, -10.49999999999999822, 113.5787854578497189 ) ) ;
#1220 = CARTESIAN_POINT ( 'NONE',  ( 21.02169995503976097, 5.315887496256635814, 113.5000000000000000 ) ) ;
#1221 = CARTESIAN_POINT ( 'NONE',  ( 17.02523718375990214, 10.50000000000000000, 115.0000000000000000 ) ) ;
#1222 = CARTESIAN_POINT ( 'NONE',  ( 14.86795249866477242, 15.78336204266985376, 115.0000000000000000 ) ) ;
#1223 = ORIENTED_EDGE ( 'NONE', *, *, #258, .F. ) ;
#1224 = CARTESIAN_POINT ( 'NONE',  ( 17.02151916779110863, -10.50000000000000000, 115.0000000000000000 ) ) ;
#1225 = DIRECTION ( 'NONE',  ( 0.000000000000000000, 0.000000000000000000, 1.000000000000000000 ) ) ;
#1226 = CARTESIAN_POINT ( 'NONE',  ( -1.697741411962520486, 19.94605318742645395, 115.0000000000000142 ) ) ;
#1227 = CARTESIAN_POINT ( 'NONE',  ( -2.219165273612956124, -21.56955804741707183, 113.5000000000000000 ) ) ;
#1228 = CIRCLE ( 'NONE', #860, 20.00000000000000000 ) ;
#1229 = EDGE_LOOP ( 'NONE', ( #1343, #833, #1078, #688, #945, #1431 ) ) ;
#1230 = CARTESIAN_POINT ( 'NONE',  ( 0.000000000000000000, -10.50000000000000000, 115.0000000000000000 ) ) ;
#1231 = EDGE_CURVE ( 'NONE', #957, #1029, #1142, .T. ) ;
#1232 = CARTESIAN_POINT ( 'NONE',  ( -60.00000000000000000, 7.347880794884118356E-15, -10.00000000000000000 ) ) ;
#1233 = CARTESIAN_POINT ( 'NONE',  ( 4.209309446978877212, -19.57034952103633429, 115.0000000000000000 ) ) ;
#1234 = CARTESIAN_POINT ( 'NONE',  ( 14.13788876226881719, -16.30452762780864973, 113.5000000000000426 ) ) ;
#1235 = ORIENTED_EDGE ( 'NONE', *, *, #235, .T. ) ;
#1236 = CARTESIAN_POINT ( 'NONE',  ( 19.32735905973470381, 5.771228960600170765, 115.0000000000000000 ) ) ;
#1237 = CIRCLE ( 'NONE', #1074, 20.00000000000000000 ) ;
#1238 = EDGE_CURVE ( 'NONE', #147, #567, #605, .T. ) ;
#1239 = CARTESIAN_POINT ( 'NONE',  ( 11.20004034411081406, -16.59203901520837121, 115.0000000000000142 ) ) ;
#1240 = CARTESIAN_POINT ( 'NONE',  ( -17.74768062494524301, 10.50000000000000000, 112.1314545328266519 ) ) ;
#1241 = VERTEX_POINT ( 'NONE', #557 ) ;
#1242 = CARTESIAN_POINT ( 'NONE',  ( -18.29869787034038708, -11.28750000000000142, 115.0000000000000000 ) ) ;
#1243 = CARTESIAN_POINT ( 'NONE',  ( -6.204071132645328390, 20.77691098921235024, 113.5000000000000000 ) ) ;
#1244 = EDGE_CURVE ( 'NONE', #244, #924, #777, .T. ) ;
#1245 = EDGE_LOOP ( 'NONE', ( #357, #1141 ) ) ;
#1246 = CARTESIAN_POINT ( 'NONE',  ( -15.52499438243837560, -15.13753871333911327, 113.5000000000000000 ) ) ;
#1247 = AXIS2_PLACEMENT_3D ( 'NONE', #269, #168, #1064 ) ;
#1248 = B_SPLINE_CURVE_WITH_KNOTS ( 'NONE', 3,
 ( #918, #359, #923, #1234, #819, #813, #238, #254, #804, #26, #698, #232, #566, #680, #1128, #128, #571, #1017 ),
 .UNSPECIFIED., .F., .F.,
 ( 4, 2, 2, 2, 2, 2, 2, 2, 4 ),
 ( 0.000000000000000000, 0.1224959386875881795, 0.2449918773751762480, 0.3674878160627643164, 0.4899837547503524959, 0.6124796934379406199, 0.7349756321255285219, 0.8574715708131166458, 0.9799675095007047698 ),
 .UNSPECIFIED. ) ;
#1249 = CARTESIAN_POINT ( 'NONE',  ( 18.64794972210416546, 10.50000000000000178, 113.6233007465294520 ) ) ;
#1250 = DIRECTION ( 'NONE',  ( 0.000000000000000000, -0.000000000000000000, -1.000000000000000000 ) ) ;
#1251 = CARTESIAN_POINT ( 'NONE',  ( -16.57562265384699174, -11.22371552996330202, 114.9999999999999858 ) ) ;
#1252 = CARTESIAN_POINT ( 'NONE',  ( 0.000000000000000000, 0.000000000000000000, 115.0000000000000000 ) ) ;
#1253 = ORIENTED_EDGE ( 'NONE', *, *, #874, .F. ) ;
#1254 = EDGE_CURVE ( 'NONE', #1199, #225, #277, .T. ) ;
#1255 = CARTESIAN_POINT ( 'NONE',  ( -18.75106095318389166, -10.49999999999999822, 113.0310139351795726 ) ) ;
#1256 = APPROVAL ( #937, 'UNSPECIFIED' ) ;
#1257 = CARTESIAN_POINT ( 'NONE',  ( 18.75740929469945328, 10.50000000000000000, 113.5155408590995876 ) ) ;
#1258 = CARTESIAN_POINT ( 'NONE',  ( -3.382659756820323160, -19.73047451072035585, 114.9999999999999858 ) ) ;
#1259 = APPROVAL_ROLE ( '' ) ;
#1260 = ORIENTED_EDGE ( 'NONE', *, *, #22, .T. ) ;
#1261 = CARTESIAN_POINT ( 'NONE',  ( 21.68168508038105458, -0.2739725310279359505, 113.5000000000000000 ) ) ;
#1262 = EDGE_CURVE ( 'NONE', #620, #957, #1367, .T. ) ;
#1263 = CARTESIAN_POINT ( 'NONE',  ( 0.000000000000000000, 0.000000000000000000, -10.00000000000000000 ) ) ;
#1264 = CARTESIAN_POINT ( 'NONE',  ( -56.90500000000000114, -10.50000000000000000, 50.00000000000000000 ) ) ;
#1265 = ORIENTED_EDGE ( 'NONE', *, *, #1417, .F. ) ;
#1266 = CARTESIAN_POINT ( 'NONE',  ( 17.44494097484845696, 10.49999999999999822, 112.0322728255336955 ) ) ;
#1267 = AXIS2_PLACEMENT_3D ( 'NONE', #328, #1184, #1121 ) ;
#1268 = DIRECTION ( 'NONE',  ( 0.000000000000000000, -0.000000000000000000, -1.000000000000000000 ) ) ;
#1269 = EDGE_CURVE ( 'NONE', #567, #335, #380, .T. ) ;
#1270 = CYLINDRICAL_SURFACE ( 'NONE', #354, 60.00000000000000000 ) ;
#1271 = CARTESIAN_POINT ( 'NONE',  ( 0.000000000000000000, 0.000000000000000000, 0.000000000000000000 ) ) ;
#1272 = DATE_AND_TIME ( #46, #414 ) ;
#1273 = VERTEX_POINT ( 'NONE', #186 ) ;
#1274 = CARTESIAN_POINT ( 'NONE',  ( -12.72818041766284125, 15.64759774517403912, 115.0000000000000000 ) ) ;
#1275 = CARTESIAN_POINT ( 'NONE',  ( 12.51350657021238177, 17.58615615319742886, 113.4999999999999858 ) ) ;
#1276 = CARTESIAN_POINT ( 'NONE',  ( -17.02154692473969178, 10.50000000000000000, 115.0000000000000000 ) ) ;
#1277 = COORDINATED_UNIVERSAL_TIME_OFFSET ( 8, 0, .BEHIND. ) ;
#1278 = CARTESIAN_POINT ( 'NONE',  ( 24.12000000000000099, 0.000000000000000000, 0.000000000000000000 ) ) ;
#1279 = CC_DESIGN_APPROVAL ( #1256, ( #126 ) ) ;
#1280 = CARTESIAN_POINT ( 'NONE',  ( 18.12266622176593600, 10.50000000000000000, 112.3307653064128715 ) ) ;
#1281 = VERTEX_POINT ( 'NONE', #66 ) ;
#1282 = CARTESIAN_POINT ( 'NONE',  ( -17.09336474896194247, -10.49999999999999822, 114.9632464392159505 ) ) ;
#1283 = CARTESIAN_POINT ( 'NONE',  ( 21.02169995503691879, 5.315887496256299194, 115.0000000000000000 ) ) ;
#1284 = CARTESIAN_POINT ( 'NONE',  ( 2.219165273601137578, 21.56955804741987848, 113.5000000000000000 ) ) ;
#1285 = CALENDAR_DATE ( 2026, 28, 4 ) ;
#1286 = ORIENTED_EDGE ( 'NONE', *, *, #764, .T. ) ;
#1287 = CARTESIAN_POINT ( 'NONE',  ( -9.585631519744184814, -17.74738178738460093, 115.0000000000000000 ) ) ;
#1288 = EDGE_CURVE ( 'NONE', #969, #233, #910, .T. ) ;
#1289 = DIRECTION ( 'NONE',  ( -0.000000000000000000, -0.000000000000000000, 1.000000000000000000 ) ) ;
#1290 = DIRECTION ( 'NONE',  ( 0.000000000000000000, 0.000000000000000000, 1.000000000000000000 ) ) ;
#1291 = CARTESIAN_POINT ( 'NONE',  ( 18.76166303929371892, 10.50000000000000000, 115.0000000000000000 ) ) ;
#1292 = CC_DESIGN_SECURITY_CLASSIFICATION ( #24, ( #126 ) ) ;
#1293 = AXIS2_PLACEMENT_3D ( 'NONE', #1170, #947, #273 ) ;
#1294 = CARTESIAN_POINT ( 'NONE',  ( -14.86795249866533020, -15.78336204267070642, 115.0000000000000142 ) ) ;
#1295 = DIRECTION ( 'NONE',  ( 1.000000000000000000, 0.000000000000000000, 0.000000000000000000 ) ) ;
#1296 = ORIENTED_EDGE ( 'NONE', *, *, #439, .F. ) ;
#1297 = CARTESIAN_POINT ( 'NONE',  ( 19.32735905973470381, 5.771228960600170765, 115.0000000000000000 ) ) ;
#1298 = ORIENTED_EDGE ( 'NONE', *, *, #278, .T. ) ;
#1299 = DIRECTION ( 'NONE',  ( 1.000000000000000000, 0.000000000000000000, -0.000000000000000000 ) ) ;
#1300 = CARTESIAN_POINT ( 'NONE',  ( -18.29869787034038708, -11.28750000000000142, 113.5000000000000000 ) ) ;
#1301 = CARTESIAN_POINT ( 'NONE',  ( -18.53620495588056372, 7.953803981308259274, 115.0000000000000000 ) ) ;
#1302 = CARTESIAN_POINT ( 'NONE',  ( 19.07843542143529803, -10.30455388372865499, 113.5000000000000000 ) ) ;
#1303 = ORIENTED_EDGE ( 'NONE', *, *, #1019, .T. ) ;
#1304 = CARTESIAN_POINT ( 'NONE',  ( 19.77622816461324362, 8.892206051012669477, 115.0000000000000000 ) ) ;
#1305 = CARTESIAN_POINT ( 'NONE',  ( 17.16232617978892350, -10.50000000000000178, 114.9039169445629369 ) ) ;
#1306 = ADVANCED_FACE ( 'NONE', ( #165 ), #607, .T. ) ;
#1307 = CARTESIAN_POINT ( 'NONE',  ( 18.73126495318172502, 7.482887490355699001, 115.0000000000000000 ) ) ;
#1308 = ADVANCED_FACE ( 'NONE', ( #861 ), #301, .F. ) ;
#1309 = CARTESIAN_POINT ( 'NONE',  ( -8.892206051009615919, 19.77622816461652988, 115.0000000000000000 ) ) ;
#1310 = CARTESIAN_POINT ( 'NONE',  ( 18.76166303929371182, -10.50000000000000000, 112.0000000000000000 ) ) ;
#1311 = CARTESIAN_POINT ( 'NONE',  ( -14.68219724899178757, 13.83065348712916887, 115.0000000000000000 ) ) ;
#1312 = EDGE_LOOP ( 'NONE', ( #372, #102, #758, #459, #1286, #394, #300, #140 ) ) ;
#1313 = DIRECTION ( 'NONE',  ( -0.000000000000000000, 0.000000000000000000, 1.000000000000000000 ) ) ;
#1314 = CARTESIAN_POINT ( 'NONE',  ( -19.95890269785031279, 2.914806174901710900, 115.0000000000000000 ) ) ;
#1315 = CARTESIAN_POINT ( 'NONE',  ( -13.68279394898887169, 16.82116757606546997, 113.5000000000000000 ) ) ;
#1316 = ADVANCED_FACE ( 'NONE', ( #178 ), #213, .T. ) ;
#1317 = VECTOR ( 'NONE', #456, 1000.000000000000000 ) ;
#1318 = CARTESIAN_POINT ( 'NONE',  ( 17.02523718375990214, 10.50000000000000000, 115.0000000000000000 ) ) ;
#1319 = AXIS2_PLACEMENT_3D ( 'NONE', #141, #234, #466 ) ;
#1320 = CARTESIAN_POINT ( 'NONE',  ( -0.6472922961301401656, 21.67375236446260445, 115.0000000000000000 ) ) ;
#1321 = ORIENTED_EDGE ( 'NONE', *, *, #472, .F. ) ;
#1322 = CARTESIAN_POINT ( 'NONE',  ( 17.67713333241412954, -10.50000000000000355, 114.4696884443257687 ) ) ;
#1323 = CARTESIAN_POINT ( 'NONE',  ( 19.92642032757407833, -8.550339279898361511, 113.5000000000000000 ) ) ;
#1324 = CARTESIAN_POINT ( 'NONE',  ( -20.27164423986940278, 7.696165843115958971, 113.5000000000000000 ) ) ;
#1325 = CARTESIAN_POINT ( 'NONE',  ( -17.04150166698519442, 10.50000000000000000, 114.9945451029347652 ) ) ;
#1326 = CARTESIAN_POINT ( 'NONE',  ( 20.77691098921355817, 6.204071132644303432, 115.0000000000000000 ) ) ;
#1327 = ORIENTED_EDGE ( 'NONE', *, *, #604, .T. ) ;
#1328 = CARTESIAN_POINT ( 'NONE',  ( -18.62348668690618680, 11.10568649364872584, 113.5000000000000000 ) ) ;
#1329 = CARTESIAN_POINT ( 'NONE',  ( -12.07269646764963511, -10.50000000000000000, 115.0000000000000000 ) ) ;
#1330 = CARTESIAN_POINT ( 'NONE',  ( -8.892206051009615919, 19.77622816461652988, 115.0000000000000000 ) ) ;
#1331 = ORIENTED_EDGE ( 'NONE', *, *, #69, .F. ) ;
#1332 = EDGE_CURVE ( 'NONE', #638, #1091, #686, .T. ) ;
#1333 = CARTESIAN_POINT ( 'NONE',  ( -8.892206051011136481, 19.77622816461530775, 113.5000000000000000 ) ) ;
#1334 = CARTESIAN_POINT ( 'NONE',  ( -3.376145978082138566, 19.73126954144487399, 115.0000000000000284 ) ) ;
#1335 = DIRECTION ( 'NONE',  ( 1.000000000000000000, 0.000000000000000000, 0.000000000000000000 ) ) ;
#1336 = CARTESIAN_POINT ( 'NONE',  ( 0.000000000000000000, 0.000000000000000000, 50.00000000000000000 ) ) ;
#1337 = CIRCLE ( 'NONE', #57, 16.00000000000000000 ) ;
#1338 = ORIENTED_EDGE ( 'NONE', *, *, #915, .F. ) ;
#1339 = CARTESIAN_POINT ( 'NONE',  ( -18.76166303929371182, -10.50000000000000000, 113.5000000000000000 ) ) ;
#1340 = CARTESIAN_POINT ( 'NONE',  ( 0.000000000000000000, 0.000000000000000000, 0.000000000000000000 ) ) ;
#1341 = CARTESIAN_POINT ( 'NONE',  ( -15.01136211278438282, -13.22184955234376602, 115.0000000000000284 ) ) ;
#1342 = CARTESIAN_POINT ( 'NONE',  ( -19.07843542144049920, 10.30455388372147318, 113.5000000000000000 ) ) ;
#1343 = ORIENTED_EDGE ( 'NONE', *, *, #539, .T. ) ;
#1344 = DIRECTION ( 'NONE',  ( 1.000000000000000000, 0.000000000000000000, 0.000000000000000000 ) ) ;
#1345 = CIRCLE ( 'NONE', #721, 24.12000000000000099 ) ;
#1346 = CARTESIAN_POINT ( 'NONE',  ( 17.71003850502647836, -10.50000000000000000, 112.0260732745432648 ) ) ;
#1347 = CARTESIAN_POINT ( 'NONE',  ( -8.892206051011136481, 19.77622816461530775, 113.5000000000000000 ) ) ;
#1348 = ORIENTED_EDGE ( 'NONE', *, *, #179, .T. ) ;
#1349 = CYLINDRICAL_SURFACE ( 'NONE', #1137, 21.50000000000000000 ) ;
#1350 = DIRECTION ( 'NONE',  ( 0.000000000000000000, 0.000000000000000000, -1.000000000000000000 ) ) ;
#1351 = APPLICATION_CONTEXT ( 'configuration controlled 3d designs of mechanical parts and assemblies' ) ;
#1352 = CARTESIAN_POINT ( 'NONE',  ( 17.83366161524337912, 12.15817619219214052, 113.5000000000000142 ) ) ;
#1353 = EDGE_CURVE ( 'NONE', #599, #521, #1115, .T. ) ;
#1354 = CARTESIAN_POINT ( 'NONE',  ( -14.13728217527476616, -14.15173099206039531, 115.0000000000000000 ) ) ;
#1355 = CARTESIAN_POINT ( 'NONE',  ( -17.02204453054920208, 10.50000000000000000, 112.0000000000000000 ) ) ;
#1356 = ORIENTED_EDGE ( 'NONE', *, *, #289, .F. ) ;
#1357 = CARTESIAN_POINT ( 'NONE',  ( 0.000000000000000000, 0.000000000000000000, -5.000000000000000000 ) ) ;
#1358 = CARTESIAN_POINT ( 'NONE',  ( -8.044104052130613525, 20.13610982466778054, 113.5000000000000000 ) ) ;
#1359 = CIRCLE ( 'NONE', #418, 20.00000000000000000 ) ;
#1360 = VECTOR ( 'NONE', #85, 1000.000000000000000 ) ;
#1361 = CARTESIAN_POINT ( 'NONE',  ( 7.953803981307171256, 18.53620495588054951, 115.0000000000000000 ) ) ;
#1362 = PLANE ( 'NONE',  #1209 ) ;
#1363 = CARTESIAN_POINT ( 'NONE',  ( 18.76166303929371182, -10.50000000000000000, 113.5000000000000000 ) ) ;
#1364 = EDGE_CURVE ( 'NONE', #173, #147, #123, .T. ) ;
#1365 = ORIENTED_EDGE ( 'NONE', *, *, #891, .F. ) ;
#1366 = CARTESIAN_POINT ( 'NONE',  ( -18.76166303929371182, -10.50000000000000000, 113.5000000000000000 ) ) ;
#1367 = CIRCLE ( 'NONE', #43, 16.00000000000000000 ) ;
#1368 = DIRECTION ( 'NONE',  ( 0.000000000000000000, 0.000000000000000000, 1.000000000000000000 ) ) ;
#1369 = CARTESIAN_POINT ( 'NONE',  ( -5.857949272587119616, -19.14143823914086440, 115.0000000000000142 ) ) ;
#1370 = DATE_TIME_ROLE ( 'creation_date' ) ;
#1371 = VERTEX_POINT ( 'NONE', #1363 ) ;
#1372 = CARTESIAN_POINT ( 'NONE',  ( -8.271819582337167631, 18.39649131592435793, 115.0000000000000000 ) ) ;
#1373 = EDGE_CURVE ( 'NONE', #173, #1029, #897, .T. ) ;
#1374 = B_SPLINE_CURVE_WITH_KNOTS ( 'NONE', 3,
 ( #1111, #159, #1150, #268, #696, #1383, #160, #152, #717, #609, #391, #1053, #836, #1275, #285, #921, #1352, #362 ),
 .UNSPECIFIED., .F., .F.,
 ( 4, 2, 2, 2, 2, 2, 2, 2, 4 ),
 ( 0.000000000000000000, 0.1250000000000000000, 0.2499999999999999445, 0.3749999999999999445, 0.5000000000000000000, 0.6250000000000000000, 0.7500000000000000000, 0.8750000000000000000, 1.000000000000000000 ),
 .UNSPECIFIED. ) ;
#1375 = CARTESIAN_POINT ( 'NONE',  ( 0.2548581683976614554, 20.16900937709554142, 115.0000000000000000 ) ) ;
#1376 = PLANE ( 'NONE',  #1247 ) ;
#1377 = ORIENTED_EDGE ( 'NONE', *, *, #579, .T. ) ;
#1378 = CARTESIAN_POINT ( 'NONE',  ( 5.771228960588755896, -19.32735905973562396, 115.0000000000000000 ) ) ;
#1379 = DIRECTION ( 'NONE',  ( 0.000000000000000000, -1.000000000000000000, 0.000000000000000000 ) ) ;
#1380 = VECTOR ( 'NONE', #632, 1000.000000000000000 ) ;
#1381 = CARTESIAN_POINT ( 'NONE',  ( -18.76166303929371182, -10.50000000000000000, 112.0000000000000000 ) ) ;
#1382 = CARTESIAN_POINT ( 'NONE',  ( 17.94613186129211968, 10.50000000000000178, 114.2389617227526770 ) ) ;
#1383 = CARTESIAN_POINT ( 'NONE',  ( -9.235056600719161679, 19.50831782878538689, 113.5000000000000426 ) ) ;
#1384 = CARTESIAN_POINT ( 'NONE',  ( 15.78336204267425202, -14.86795249866012902, 113.5000000000000000 ) ) ;
#1385 = FACE_OUTER_BOUND ( 'NONE', #346, .T. ) ;
#1386 = DIRECTION ( 'NONE',  ( -1.000000000000000000, -0.000000000000000000, -0.000000000000000000 ) ) ;
#1387 = ORIENTED_EDGE ( 'NONE', *, *, #219, .T. ) ;
#1388 = CARTESIAN_POINT ( 'NONE',  ( -18.76166303929371537, -10.50000000000000178, 113.1160197981930082 ) ) ;
#1389 = CARTESIAN_POINT ( 'NONE',  ( 14.44185523947424876, 14.08143136124107642, 115.0000000000000000 ) ) ;
#1390 = AXIS2_PLACEMENT_3D ( 'NONE', #111, #693, #806 ) ;
#1391 = VECTOR ( 'NONE', #964, 1000.000000000000000 ) ;
#1392 = CARTESIAN_POINT ( 'NONE',  ( 21.67375236446016373, 0.6472922961303908540, 113.5000000000000000 ) ) ;
#1393 = EDGE_CURVE ( 'NONE', #645, #65, #1237, .T. ) ;
#1394 = DIRECTION ( 'NONE',  ( 0.000000000000000000, -0.000000000000000000, -1.000000000000000000 ) ) ;
#1395 = APPLICATION_PROTOCOL_DEFINITION ( 'international standard', 'config_control_design', 1994, #1413 ) ;
#1396 = VERTEX_POINT ( 'NONE', #371 ) ;
#1397 = CARTESIAN_POINT ( 'NONE',  ( 18.74839127052526777, 10.50000000000000000, 113.2861884062832587 ) ) ;
#1398 = EDGE_LOOP ( 'NONE', ( #1173, #3, #572, #403, #1321, #691, #454, #27 ) ) ;
#1399 = DIRECTION ( 'NONE',  ( -0.000000000000000000, 0.000000000000000000, 1.000000000000000000 ) ) ;
#1400 = CARTESIAN_POINT ( 'NONE',  ( -17.02204453054919497, -10.50000000000000000, 115.0000000000000000 ) ) ;
#1401 = CARTESIAN_POINT ( 'NONE',  ( 19.92642032757773052, -8.550339279898258482, 114.9999999999999858 ) ) ;
#1402 = CARTESIAN_POINT ( 'NONE',  ( 20.27164423987153441, -7.696165843110056137, 115.0000000000000000 ) ) ;
#1403 = DIRECTION ( 'NONE',  ( 1.000000000000000000, 0.000000000000000000, 0.000000000000000000 ) ) ;
#1404 = MECHANICAL_CONTEXT ( 'NONE', #1413, 'mechanical' ) ;
#1405 = ORIENTED_EDGE ( 'NONE', *, *, #782, .T. ) ;
#1406 = CARTESIAN_POINT ( 'NONE',  ( -2.064339789408093040, -20.06470516039167151, 115.0000000000000000 ) ) ;
#1407 = CARTESIAN_POINT ( 'NONE',  ( 0.000000000000000000, 3.469446951953614189E-15, 112.0000000000000000 ) ) ;
#1408 = CARTESIAN_POINT ( 'NONE',  ( -19.77622816461530419, -8.892206051011132928, 113.5000000000000000 ) ) ;
#1409 = CARTESIAN_POINT ( 'NONE',  ( 8.044104052142099448, -20.13610982466276411, 115.0000000000000000 ) ) ;
#1410 = CIRCLE ( 'NONE', #648, 21.50000000000000000 ) ;
#1411 = CARTESIAN_POINT ( 'NONE',  ( -10.30455388372362613, -19.07843542143892890, 113.5000000000000000 ) ) ;
#1412 = FACE_OUTER_BOUND ( 'NONE', #41, .T. ) ;
#1413 = APPLICATION_CONTEXT ( 'configuration controlled 3d designs of mechanical parts and assemblies' ) ;
#1414 = VERTEX_POINT ( 'NONE', #1028 ) ;
#1415 = CARTESIAN_POINT ( 'NONE',  ( -14.86795249866522717, -15.78336204267056431, 113.5000000000000000 ) ) ;
#1416 = EDGE_CURVE ( 'NONE', #310, #612, #474, .T. ) ;
#1417 = EDGE_CURVE ( 'NONE', #1371, #749, #1248, .T. ) ;
#1418 = CARTESIAN_POINT ( 'NONE',  ( 18.76166303929371892, 10.50000000000000000, 113.5000000000000000 ) ) ;
#1419 = FACE_OUTER_BOUND ( 'NONE', #787, .T. ) ;
#1420 = CARTESIAN_POINT ( 'NONE',  ( 12.05199623056439684, -16.17415465481679604, 115.0000000000000000 ) ) ;
#1421 = CARTESIAN_POINT ( 'NONE',  ( 16.82116757606753055, 13.68279394898734935, 115.0000000000000000 ) ) ;
#1422 = DIRECTION ( 'NONE',  ( 0.000000000000000000, 0.000000000000000000, 1.000000000000000000 ) ) ;
#1423 = CARTESIAN_POINT ( 'NONE',  ( 10.30455388372351777, 19.07843542143901772, 113.5000000000000000 ) ) ;
#1424 = ORIENTED_EDGE ( 'NONE', *, *, #278, .F. ) ;
#1425 = CARTESIAN_POINT ( 'NONE',  ( 0.000000000000000000, 0.000000000000000000, -5.000000000000000000 ) ) ;
#1426 = LINE ( 'NONE', #436, #1380 ) ;
#1427 = EDGE_CURVE ( 'NONE', #170, #173, #280, .T. ) ;
#1428 = CARTESIAN_POINT ( 'NONE',  ( 18.62348668690230014, -11.10568649365584726, 115.0000000000000000 ) ) ;
#1429 = DIRECTION ( 'NONE',  ( 1.000000000000000000, 0.000000000000000000, 0.000000000000000000 ) ) ;
#1430 = CARTESIAN_POINT ( 'NONE',  ( 20.27164423987153441, -7.696165843110056137, 115.0000000000000000 ) ) ;
#1431 = ORIENTED_EDGE ( 'NONE', *, *, #1019, .F. ) ;
#1432 = DIRECTION ( 'NONE',  ( -1.000000000000000000, 0.000000000000000000, 0.000000000000000000 ) ) ;
#1433 = CARTESIAN_POINT ( 'NONE',  ( -17.37111091136668506, -10.50000000000000000, 112.0000000000000000 ) ) ;
#1434 = CARTESIAN_POINT ( 'NONE',  ( 11.24074115211384850, 16.62951287402121636, 115.0000000000000142 ) ) ;
#1435 = CARTESIAN_POINT ( 'NONE',  ( 6.204071132632277497, -20.77691098921444990, 113.5000000000000000 ) ) ;
#1436 = VERTEX_POINT ( 'NONE', #597 ) ;
#1437 = CARTESIAN_POINT ( 'NONE',  ( 0.000000000000000000, 0.000000000000000000, 0.000000000000000000 ) ) ;
#1438 = CARTESIAN_POINT ( 'NONE',  ( -8.550339279893522715, -19.92642032757544612, 113.5000000000000000 ) ) ;
#1439 = EDGE_CURVE ( 'NONE', #805, #108, #53, .T. ) ;
ENDSEC;
END-ISO-10303-21;
