ISO-10303-21;
HEADER;
FILE_DESCRIPTION (( 'STEP AP203' ),
    '1' );
FILE_NAME ('EDM Power Cover.STEP',
    '2026-04-23T11:23:18',
    ( '' ),
    ( '' ),
    'SwSTEP 2.0',
    'SolidWorks 2024',
    '' );
FILE_SCHEMA (( 'CONFIG_CONTROL_DESIGN' ));
ENDSEC;

DATA;
#1 = CARTESIAN_POINT ( 'NONE',  ( 6.050332427925277479, -3.334567138682907217, 2.903828743054560846 ) ) ;
#2 = CARTESIAN_POINT ( 'NONE',  ( 13.19519568022326261, -12.15378718190861917, 5.086800426173084588 ) ) ;
#3 = CARTESIAN_POINT ( 'NONE',  ( 6.641794663645030461, -11.11478977633017706, 3.187639456331134991 ) ) ;
#4 = AXIS2_PLACEMENT_3D ( 'NONE', #3768, #202, #2655 ) ;
#5 = CARTESIAN_POINT ( 'NONE',  ( 6.272780022216281282, -16.00000000000000000, 1.934923674262837734 ) ) ;
#6 = CARTESIAN_POINT ( 'NONE',  ( 16.74069645602070366, -17.06751572191199173, 1.829120736228345701 ) ) ;
#7 = ORIENTED_EDGE ( 'NONE', *, *, #1859, .T. ) ;
#8 = ADVANCED_FACE ( 'NONE', ( #1152 ), #3997, .F. ) ;
#9 = CARTESIAN_POINT ( 'NONE',  ( 5.963380223984215078, -8.518567805261124448, 3.733419627243503403 ) ) ;
#10 = AXIS2_PLACEMENT_3D ( 'NONE', #4687, #3837, #3548 ) ;
#11 = CARTESIAN_POINT ( 'NONE',  ( 18.44603666368407247, -18.00000000000000355, 0.9999999999999983347 ) ) ;
#12 = ORIENTED_EDGE ( 'NONE', *, *, #248, .T. ) ;
#13 = VECTOR ( 'NONE', #2880, 1000.000000000000000 ) ;
#14 = CARTESIAN_POINT ( 'NONE',  ( 16.20125365483781366, -11.72021699115379434, 2.707106781186547018 ) ) ;
#15 = CARTESIAN_POINT ( 'NONE',  ( 8.250399292202729384, -11.53371916921843088, 4.490393460264541226 ) ) ;
#16 = CARTESIAN_POINT ( 'NONE',  ( 8.705674561132855871, -0.4764598668211989518, 2.168198051533947623 ) ) ;
#17 = CARTESIAN_POINT ( 'NONE',  ( 15.30876357051687364, -2.922273093167198521, 4.490736308594572179 ) ) ;
#18 = FACE_OUTER_BOUND ( 'NONE', #1970, .T. ) ;
#19 = CARTESIAN_POINT ( 'NONE',  ( 6.043296044387878929, -13.16688012760774384, 5.078396817800148177 ) ) ;
#20 = CARTESIAN_POINT ( 'NONE',  ( 16.01059844877441662, -3.763401453761760607, 4.112463483490132354 ) ) ;
#21 = CARTESIAN_POINT ( 'NONE',  ( 9.516877647144864838, -12.15378718190861917, 5.086800426173083700 ) ) ;
#22 = CARTESIAN_POINT ( 'NONE',  ( 0.000000000000000000, 0.000000000000000000, 0.000000000000000000 ) ) ;
#23 = CARTESIAN_POINT ( 'NONE',  ( 4.999926315181882686, -17.35853741858572974, 2.467779302995661173 ) ) ;
#24 = CARTESIAN_POINT ( 'NONE',  ( 6.554849817732075756, -10.75204492980461346, 3.043212301450226587 ) ) ;
#25 = CARTESIAN_POINT ( 'NONE',  ( 4.906954063495812868, -6.030930660752531480, 2.848083732178380512 ) ) ;
#26 = ADVANCED_FACE ( 'NONE', ( #4331 ), #1535, .T. ) ;
#27 = DIRECTION ( 'NONE',  ( -0.000000000000000000, -1.000000000000000000, -0.000000000000000000 ) ) ;
#28 = ORIENTED_EDGE ( 'NONE', *, *, #1269, .T. ) ;
#29 = DIRECTION ( 'NONE',  ( -0.9997215739067933926, 0.02359607309117273816, 8.673617379884038430E-16 ) ) ;
#30 = CARTESIAN_POINT ( 'NONE',  ( 15.92554742891049280, -10.21759826201298793, 3.777161258059597682 ) ) ;
#31 = CARTESIAN_POINT ( 'NONE',  ( 12.98968991244585247, -1.479276863437069878, 3.733417202314387673 ) ) ;
#32 = DIRECTION ( 'NONE',  ( -0.000000000000000000, -0.000000000000000000, -1.000000000000000000 ) ) ;
#33 = CARTESIAN_POINT ( 'NONE',  ( 6.891236544903916794, -12.26318805206761020, 3.568281282626392326 ) ) ;
#34 = ORIENTED_EDGE ( 'NONE', *, *, #1261, .T. ) ;
#35 = EDGE_CURVE ( 'NONE', #1467, #4546, #4356, .T. ) ;
#36 = CARTESIAN_POINT ( 'NONE',  ( 16.04076865183927580, -2.190268011844798135, 2.928308080163914973 ) ) ;
#37 = CARTESIAN_POINT ( 'NONE',  ( 16.92526653467418996, -6.265318844658538389, 4.490527659993812648 ) ) ;
#38 = CARTESIAN_POINT ( 'NONE',  ( 15.30876357051687364, -2.922273093167198521, 4.490736308594572179 ) ) ;
#39 = CARTESIAN_POINT ( 'NONE',  ( 18.10603666368406550, -6.875000000000006217, 2.336396103067893915 ) ) ;
#40 = CARTESIAN_POINT ( 'NONE',  ( 17.97913437754181132, -8.379302212994275578, 2.000000000000000000 ) ) ;
#41 = CARTESIAN_POINT ( 'NONE',  ( 5.659432716544606556, -9.919961047178833979, 2.848046065547355621 ) ) ;
#42 = B_SPLINE_CURVE_WITH_KNOTS ( 'NONE', 3,
 ( #4172, #2965, #3411, #3438 ),
 .UNSPECIFIED., .F., .F.,
 ( 4, 4 ),
 ( 0.000000000000000000, 0.0001698175716475479053 ),
 .UNSPECIFIED. ) ;
#43 = CARTESIAN_POINT ( 'NONE',  ( 5.905428402087302686, -9.132715865136225020, 3.000000000000000000 ) ) ;
#44 = CARTESIAN_POINT ( 'NONE',  ( 16.52909460456209345, -9.016478252481906708, 4.112767952210364619 ) ) ;
#45 = ORIENTED_EDGE ( 'NONE', *, *, #875, .T. ) ;
#46 = CARTESIAN_POINT ( 'NONE',  ( 14.18273462314363087, -12.53930406000969278, 4.645753911787712909 ) ) ;
#47 = CARTESIAN_POINT ( 'NONE',  ( 7.124710999716744375, -10.52794533792805431, 4.490683842500607703 ) ) ;
#48 = CARTESIAN_POINT ( 'NONE',  ( -27.22946106578824654, -7.999999999999944933, 1.000000000000000000 ) ) ;
#49 = CARTESIAN_POINT ( 'NONE',  ( 16.43929330515184262, -16.00000000000000711, 1.934923674262837956 ) ) ;
#50 = LINE ( 'NONE', #1702, #251 ) ;
#51 = ORIENTED_EDGE ( 'NONE', *, *, #3809, .F. ) ;
#52 = DIRECTION ( 'NONE',  ( 1.000000000000000000, 0.000000000000000000, 0.000000000000000000 ) ) ;
#53 = FACE_OUTER_BOUND ( 'NONE', #2545, .T. ) ;
#54 = CARTESIAN_POINT ( 'NONE',  ( 16.56470366103392777, -9.031220429611554579, 3.733523824544667580 ) ) ;
#55 = ADVANCED_FACE ( 'NONE', ( #53 ), #4517, .T. ) ;
#56 = CARTESIAN_POINT ( 'NONE',  ( -11.22023827261601703, -2.550550024661256021, 3.000000000000000000 ) ) ;
#57 = EDGE_LOOP ( 'NONE', ( #1436, #3285, #4403, #1682 ) ) ;
#58 = CIRCLE ( 'NONE', #5017, 1.249999999999997558 ) ;
#59 = CARTESIAN_POINT ( 'NONE',  ( 5.835450181743733644, -13.05133013873919623, 4.938614005437673704 ) ) ;
#60 = CARTESIAN_POINT ( 'NONE',  ( 14.00639876623529823, -13.27354013317880366, 2.000000000000000444 ) ) ;
#61 = CARTESIAN_POINT ( 'NONE',  ( 5.757162748950283238, -6.881044095294113205, 4.490825255520573656 ) ) ;
#62 = ADVANCED_FACE ( 'NONE', ( #5091 ), #5039, .T. ) ;
#63 = DIRECTION ( 'NONE',  ( -0.000000000000000000, -0.000000000000000000, -1.000000000000000000 ) ) ;
#64 = CARTESIAN_POINT ( 'NONE',  ( 15.91622670270934847, -2.314809960974731684, 2.848083732178379623 ) ) ;
#65 = CARTESIAN_POINT ( 'NONE',  ( 15.83052646050001400, -10.85137005002737709, 3.554707838572548351 ) ) ;
#66 = CARTESIAN_POINT ( 'NONE',  ( 10.25549231002457518, -1.385255028160693902, 4.112464837657053174 ) ) ;
#67 = CIRCLE ( 'NONE', #238, 6.750000000000000000 ) ;
#68 = CARTESIAN_POINT ( 'NONE',  ( 18.10603666368406550, -6.875000000000007105, 0.000000000000000000 ) ) ;
#69 = CARTESIAN_POINT ( 'NONE',  ( 6.679943051256836739, -10.56239556546927183, 3.259869789592085176 ) ) ;
#70 = CARTESIAN_POINT ( 'NONE',  ( 6.677126344377653844, -2.196089680693601220, 2.848083732178380068 ) ) ;
#71 = ORIENTED_EDGE ( 'NONE', *, *, #1090, .T. ) ;
#72 = B_SPLINE_CURVE_WITH_KNOTS ( 'NONE', 3,
 ( #752, #3517, #2735, #2507, #118 ),
 .UNSPECIFIED., .F., .F.,
 ( 4, 1, 4 ),
 ( 0.3750000000000000000, 0.4375000000000001110, 0.4783560524286880611 ),
 .UNSPECIFIED. ) ;
#73 = DIRECTION ( 'NONE',  ( -0.8030980282338169296, 0.5958469241734454247, 0.000000000000000000 ) ) ;
#74 = CARTESIAN_POINT ( 'NONE',  ( 5.806056024881650401, -8.566690790969158087, 3.328139613534351948 ) ) ;
#75 = CARTESIAN_POINT ( 'NONE',  ( 5.777031644574072367, -17.38636017094809461, 2.494885992985651946 ) ) ;
#76 = CIRCLE ( 'NONE', #1900, 9.999999999999998224 ) ;
#77 = ORIENTED_EDGE ( 'NONE', *, *, #4432, .T. ) ;
#78 = VECTOR ( 'NONE', #690, 1000.000000000000000 ) ;
#79 = CARTESIAN_POINT ( 'NONE',  ( 6.745844680970650487, -14.42574670469094222, 3.519211868172873903 ) ) ;
#80 = CARTESIAN_POINT ( 'NONE',  ( 6.197620064545569463, -11.23389258547361358, 1.976101064834520304 ) ) ;
#81 = TOROIDAL_SURFACE ( 'NONE', #3573, 7.999999999999998224, 2.000000000000000000 ) ;
#82 = VECTOR ( 'NONE', #2309, 1000.000000000000000 ) ;
#83 = CARTESIAN_POINT ( 'NONE',  ( 18.10603666368406550, -6.875000000000006217, 2.000000000000000000 ) ) ;
#84 = CARTESIAN_POINT ( 'NONE',  ( 15.43877467029013495, -3.052289041646643497, 4.301721118940522004 ) ) ;
#85 = CARTESIAN_POINT ( 'NONE',  ( 16.94603665423808536, -6.875000000000361489, 4.490736308078139061 ) ) ;
#86 = AXIS2_PLACEMENT_3D ( 'NONE', #2123, #1728, #586 ) ;
#87 = CARTESIAN_POINT ( 'NONE',  ( 17.56543090699822685, -6.195975400245472109, 2.975034682231729732 ) ) ;
#88 = EDGE_CURVE ( 'NONE', #2413, #2602, #1109, .T. ) ;
#89 = PLANE ( 'NONE',  #4879 ) ;
#90 = CARTESIAN_POINT ( 'NONE',  ( 16.25326726426532886, -11.77223060058130599, 1.999999999999999112 ) ) ;
#91 = CARTESIAN_POINT ( 'NONE',  ( 13.44603666368404760, -13.65922706049903823, 4.733889651497853457 ) ) ;
#92 = CARTESIAN_POINT ( 'NONE',  ( 16.98440780625777080, -9.876843811566388354, 2.903862531736416841 ) ) ;
#93 = CARTESIAN_POINT ( 'NONE',  ( 16.84821260431415624, -7.964089505075771847, 4.112464346509417723 ) ) ;
#94 = CARTESIAN_POINT ( 'NONE',  ( 13.37098907924548108, -12.09253977766449850, 5.086800425664963932 ) ) ;
#95 = DIRECTION ( 'NONE',  ( 1.000000000000000000, -0.000000000000000000, 0.000000000000000000 ) ) ;
#96 = CARTESIAN_POINT ( 'NONE',  ( 15.52775161973478468, -2.703285043949286148, 2.999999999999999112 ) ) ;
#97 = DIRECTION ( 'NONE',  ( -0.000000000000000000, 0.000000000000000000, 1.000000000000000000 ) ) ;
#98 = FACE_OUTER_BOUND ( 'NONE', #2883, .T. ) ;
#99 = ORIENTED_EDGE ( 'NONE', *, *, #2145, .T. ) ;
#100 = CARTESIAN_POINT ( 'NONE',  ( 15.59186941629258527, -10.56704085623424128, 3.849674608961936695 ) ) ;
#101 = CARTESIAN_POINT ( 'NONE',  ( 11.91681523262488795, -1.100288356610347407, 3.328139700600136308 ) ) ;
#102 = CARTESIAN_POINT ( 'NONE',  ( 6.003323474853504038, -17.12227868585493695, 2.704925793135711576 ) ) ;
#103 = ORIENTED_EDGE ( 'NONE', *, *, #2316, .T. ) ;
#104 = CARTESIAN_POINT ( 'NONE',  ( 6.470038681732011909, -13.42686190710137240, 5.302070675833428837 ) ) ;
#105 = ORIENTED_EDGE ( 'NONE', *, *, #344, .T. ) ;
#106 = CARTESIAN_POINT ( 'NONE',  ( 14.00639876623529823, -13.27354013317880366, 2.168198051533947179 ) ) ;
#107 = B_SPLINE_CURVE_WITH_KNOTS ( 'NONE', 3,
 ( #1115, #2730, #4398, #841 ),
 .UNSPECIFIED., .F., .F.,
 ( 4, 4 ),
 ( 0.000000000000000000, 0.0002112860802839632436 ),
 .UNSPECIFIED. ) ;
#108 = CARTESIAN_POINT ( 'NONE',  ( 11.35915250540494981, -12.47411547121933850, 4.301797457703839811 ) ) ;
#109 = CARTESIAN_POINT ( 'NONE',  ( 17.44603666368407247, -11.66816179572523637, 1.733889651497825257 ) ) ;
#110 = CARTESIAN_POINT ( 'NONE',  ( 17.75457679686287094, -4.224637897448780599, 2.000000000000001332 ) ) ;
#111 = CARTESIAN_POINT ( 'NONE',  ( 17.48547555495459349, -9.800461904299488936, 2.000000000000000000 ) ) ;
#112 = CARTESIAN_POINT ( 'NONE',  ( 4.957496530505256516, -9.525362102551220289, 2.000000000000000000 ) ) ;
#113 = CARTESIAN_POINT ( 'NONE',  ( 14.08487676935648203, -14.58284988335356758, 4.705789021861681576 ) ) ;
#114 = CARTESIAN_POINT ( 'NONE',  ( 7.773322783605355113, -12.24938879436170147, 2.848011903322896110 ) ) ;
#115 = EDGE_CURVE ( 'NONE', #283, #1539, #4666, .T. ) ;
#116 = CARTESIAN_POINT ( 'NONE',  ( 13.74583719297095996, -1.105511150829191713, 3.000000000000000444 ) ) ;
#117 = CARTESIAN_POINT ( 'NONE',  ( 16.60438416173645493, -4.904355105315501895, 4.112802770804845132 ) ) ;
#118 = CARTESIAN_POINT ( 'NONE',  ( 6.219966669302185558, -10.77469508357686934, 2.848059096256063238 ) ) ;
#119 = ORIENTED_EDGE ( 'NONE', *, *, #4040, .T. ) ;
#120 = CARTESIAN_POINT ( 'NONE',  ( 14.02667140823475656, -12.07404459067274161, 4.684276314849552314 ) ) ;
#121 = EDGE_CURVE ( 'NONE', #3409, #283, #4024, .T. ) ;
#122 = DIRECTION ( 'NONE',  ( 0.000000000000000000, -0.000000000000000000, -1.000000000000000000 ) ) ;
#123 = CARTESIAN_POINT ( 'NONE',  ( 16.36406734296108567, -9.445596615564555876, 4.490736308594572179 ) ) ;
#124 = CYLINDRICAL_SURFACE ( 'NONE', #3501, 9.999999999999998224 ) ;
#125 = ORIENTED_EDGE ( 'NONE', *, *, #3778, .T. ) ;
#126 = CARTESIAN_POINT ( 'NONE',  ( 15.82244188893890424, -10.26289214000813210, 4.065561260490129669 ) ) ;
#127 = CARTESIAN_POINT ( 'NONE',  ( 14.48327365562339963, -2.184215605297583185, 3.733353204819410465 ) ) ;
#128 = CARTESIAN_POINT ( 'NONE',  ( 17.71214701218624299, -17.35853741858572974, 2.467779302995659840 ) ) ;
#129 = ORIENTED_EDGE ( 'NONE', *, *, #1664, .F. ) ;
#130 = CARTESIAN_POINT ( 'NONE',  ( 7.113397707078118692, -12.32987551602281151, 3.824509751144128611 ) ) ;
#131 = CARTESIAN_POINT ( 'NONE',  ( 4.957496530505256516, -9.525362102551220289, 2.168198051533946291 ) ) ;
#132 = CARTESIAN_POINT ( 'NONE',  ( 6.184773769988447079, -9.020827297102620435, 4.301796525273912764 ) ) ;
#133 = DIRECTION ( 'NONE',  ( -7.155734338404324531E-15, 2.478221997919008106E-15, -1.000000000000000000 ) ) ;
#134 = CARTESIAN_POINT ( 'NONE',  ( 6.059696960936628685, -11.05940467144901973, 2.000000000000000000 ) ) ;
#135 = CARTESIAN_POINT ( 'NONE',  ( -12.47128208403741745, 0.000000000000000000, 2.000000000000000000 ) ) ;
#136 = CARTESIAN_POINT ( 'NONE',  ( 4.430306730273466442, -6.875000000000008882, 2.000000000000000000 ) ) ;
#137 = CARTESIAN_POINT ( 'NONE',  ( 13.96207171416692994, -13.41990373556635952, 4.699710820389230825 ) ) ;
#138 = CARTESIAN_POINT ( 'NONE',  ( 4.896651555421979829, -6.881949922205336634, 2.848102352938442383 ) ) ;
#139 = CARTESIAN_POINT ( 'NONE',  ( 16.04076865183927580, -2.190268011844798135, 2.928308080163914973 ) ) ;
#140 = CARTESIAN_POINT ( 'NONE',  ( 5.963380223984215078, -8.518567805261124448, 3.733419627243503403 ) ) ;
#141 = ORIENTED_EDGE ( 'NONE', *, *, #4202, .F. ) ;
#142 = DATE_TIME_ROLE ( 'creation_date' ) ;
#143 = CARTESIAN_POINT ( 'NONE',  ( 17.10603666368405840, -6.122428044954602022, 2.999999999999999556 ) ) ;
#144 = DIRECTION ( 'NONE',  ( 0.000000000000000000, 0.000000000000000000, 1.000000000000000000 ) ) ;
#145 = B_SPLINE_CURVE_WITH_KNOTS ( 'NONE', 3,
 ( #5060, #5083, #236, #1530 ),
 .UNSPECIFIED., .F., .F.,
 ( 4, 4 ),
 ( 0.000000000000000000, 4.409751945125418821E-05 ),
 .UNSPECIFIED. ) ;
#146 = CARTESIAN_POINT ( 'NONE',  ( 11.35603666368406195, -6.875000000000007994, 10.00000000000000000 ) ) ;
#147 = CARTESIAN_POINT ( 'NONE',  ( 7.397754923094520763, -10.83481213036408697, 4.490825541146593380 ) ) ;
#148 = VERTEX_POINT ( 'NONE', #1407 ) ;
#149 = EDGE_CURVE ( 'NONE', #4724, #2704, #1783, .T. ) ;
#150 = CARTESIAN_POINT ( 'NONE',  ( 15.58739700511239512, -10.52790881434423653, 4.490631517591150867 ) ) ;
#151 = CARTESIAN_POINT ( 'NONE',  ( 5.582213866301063199, -7.445531749008110545, 3.328138768279736315 ) ) ;
#152 = CARTESIAN_POINT ( 'NONE',  ( 6.175908851597101012, -11.07269604195420598, 2.574323310602303128 ) ) ;
#153 = ORIENTED_EDGE ( 'NONE', *, *, #3809, .T. ) ;
#154 = LINE ( 'NONE', #1738, #2577 ) ;
#155 = ORIENTED_EDGE ( 'NONE', *, *, #456, .F. ) ;
#156 = VERTEX_POINT ( 'NONE', #4113 ) ;
#157 = CARTESIAN_POINT ( 'NONE',  ( 4.957496530505256516, -4.224637897448797474, 2.336396103067892138 ) ) ;
#158 = VECTOR ( 'NONE', #3507, 1000.000000000000114 ) ;
#159 = CARTESIAN_POINT ( 'NONE',  ( 6.105968152212087219, -4.909115375424389249, 4.301837059638071281 ) ) ;
#160 = AXIS2_PLACEMENT_3D ( 'NONE', #4756, #461, #3621 ) ;
#161 = CARTESIAN_POINT ( 'NONE',  ( 5.042360361281305714, -14.37354125917691228, 3.288108003096799514 ) ) ;
#162 = CARTESIAN_POINT ( 'NONE',  ( 8.705674561132854095, -13.27354013317881787, 2.168198051533944959 ) ) ;
#163 = CARTESIAN_POINT ( 'NONE',  ( 15.90078146711598350, -14.34271489387020182, 3.619438586731730467 ) ) ;
#164 = CARTESIAN_POINT ( 'NONE',  ( 17.41094935358466955, -4.601174146581841207, 2.848112706295727214 ) ) ;
#165 = VECTOR ( 'NONE', #1087, 1000.000000000000000 ) ;
#166 = CARTESIAN_POINT ( 'NONE',  ( 4.730825149951880526, -6.875000000000008882, 2.928308080163914973 ) ) ;
#167 = CARTESIAN_POINT ( 'NONE',  ( 12.98968991244585247, -1.479276863437069878, 3.733417202314387673 ) ) ;
#168 = CARTESIAN_POINT ( 'NONE',  ( 15.44473418784046181, -12.41284956965933439, 3.975556512556690514 ) ) ;
#169 = CIRCLE ( 'NONE', #909, 2.999999999999999556 ) ;
#170 = CARTESIAN_POINT ( 'NONE',  ( -10.95016594160859391, 6.820829136982932361, 2.000000000000000000 ) ) ;
#171 = B_SPLINE_CURVE_WITH_KNOTS ( 'NONE', 3,
 ( #4801, #856, #3192, #2775 ),
 .UNSPECIFIED., .F., .F.,
 ( 4, 4 ),
 ( 4.925667812690174342E-18, 0.0001725523712082260473 ),
 .UNSPECIFIED. ) ;
#172 = FACE_OUTER_BOUND ( 'NONE', #1410, .T. ) ;
#173 = CARTESIAN_POINT ( 'NONE',  ( 18.10603666368406195, -6.875000000000006217, 1.999999999999999556 ) ) ;
#174 = CC_DESIGN_PERSON_AND_ORGANIZATION_ASSIGNMENT ( #473, #2063, ( #2077 ) ) ;
#175 = CARTESIAN_POINT ( 'NONE',  ( 9.726304632107114045, -1.518615183228546384, 4.490560107627009856 ) ) ;
#176 = ORIENTED_EDGE ( 'NONE', *, *, #2772, .T. ) ;
#177 = DIRECTION ( 'NONE',  ( 0.7263149563998083647, 0.6873620473301857992, -0.000000000000000000 ) ) ;
#178 = CARTESIAN_POINT ( 'NONE',  ( 5.384742308322233661, -8.695227414962701573, 2.975040446345459166 ) ) ;
#179 = CARTESIAN_POINT ( 'NONE',  ( 6.224179922012623045, -10.96341806590537082, 2.748370004596598193 ) ) ;
#180 = ORIENTED_EDGE ( 'NONE', *, *, #2287, .T. ) ;
#181 = CARTESIAN_POINT ( 'NONE',  ( 16.36640621442822052, -16.02825977185805328, 3.020161712009295396 ) ) ;
#182 = EDGE_CURVE ( 'NONE', #4785, #2539, #3955, .T. ) ;
#183 = VERTEX_POINT ( 'NONE', #1324 ) ;
#184 = CARTESIAN_POINT ( 'NONE',  ( 16.49211953645742668, -10.77461957100392809, 2.848084032006315880 ) ) ;
#185 = CARTESIAN_POINT ( 'NONE',  ( 7.397757172365477807, -10.83480865927931447, 4.301796896365208234 ) ) ;
#186 = CARTESIAN_POINT ( 'NONE',  ( -29.22946106578824654, -7.999999999999930722, 0.000000000000000000 ) ) ;
#187 = EDGE_CURVE ( 'NONE', #1990, #1150, #2149, .T. ) ;
#188 = DIRECTION ( 'NONE',  ( 0.6478214427981697776, 0.7617922146168847330, -0.000000000000000000 ) ) ;
#189 = DIRECTION ( 'NONE',  ( -0.000000000000000000, 0.000000000000000000, -1.000000000000000000 ) ) ;
#190 = CARTESIAN_POINT ( 'NONE',  ( 18.10603666368406550, -7.758454034183742465, 2.168198051533945847 ) ) ;
#191 = CARTESIAN_POINT ( 'NONE',  ( -19.22946106578825010, -8.000000000000003553, 3.000000000000000000 ) ) ;
#192 = CARTESIAN_POINT ( 'NONE',  ( 7.255676274044730256, -1.884089895429001515, 2.848046651275653485 ) ) ;
#193 = CARTESIAN_POINT ( 'NONE',  ( 11.35603666368404951, -13.72717158153024997, 2.707106781186544797 ) ) ;
#194 = CARTESIAN_POINT ( 'NONE',  ( 15.84231592982376213, -3.195793320204903143, 3.328138915365178807 ) ) ;
#195 = CARTESIAN_POINT ( 'NONE',  ( 6.345319824782785112, -16.04220853494894783, 3.018862843672599716 ) ) ;
#196 = CARTESIAN_POINT ( 'NONE',  ( 7.732900997575336000, -11.13187537343660338, 5.086800426173083700 ) ) ;
#197 = CARTESIAN_POINT ( 'NONE',  ( 11.35603666368405662, -0.6301502699835772603, 2.999999999999999556 ) ) ;
#198 = CARTESIAN_POINT ( 'NONE',  ( 16.30722948282073759, -10.45978978261086567, 3.092679822099235754 ) ) ;
#199 = CARTESIAN_POINT ( 'NONE',  ( 5.864999564614095995, -7.969812943623474588, 4.490392814454764903 ) ) ;
#200 = CARTESIAN_POINT ( 'NONE',  ( 6.266036663684054098, -16.00000000000000000, 0.000000000000000000 ) ) ;
#201 = CARTESIAN_POINT ( 'NONE',  ( 15.45214741875581765, -2.778889244928250513, 3.328168456446876977 ) ) ;
#202 = DIRECTION ( 'NONE',  ( -0.000000000000000000, -0.000000000000000000, -1.000000000000000000 ) ) ;
#203 = CARTESIAN_POINT ( 'NONE',  ( 6.625857795372901649, -13.52240580962386574, 5.369062967818682530 ) ) ;
#204 = ORIENTED_EDGE ( 'NONE', *, *, #4715, .F. ) ;
#205 = CARTESIAN_POINT ( 'NONE',  ( 16.26713768605876709, -10.42024913459340851, 3.145937737620365660 ) ) ;
#206 = ADVANCED_FACE ( 'NONE', ( #4935 ), #3733, .T. ) ;
#207 = CARTESIAN_POINT ( 'NONE',  ( 7.802121937961806530, -2.548508205534616877, 4.112581157017400457 ) ) ;
#208 = DIRECTION ( 'NONE',  ( -1.301042606982604138E-15, -1.000000000000000000, 0.000000000000000000 ) ) ;
#209 = CARTESIAN_POINT ( 'NONE',  ( 5.905428402087302686, -9.132715865136225020, 3.000000000000000000 ) ) ;
#210 = EDGE_CURVE ( 'NONE', #1197, #436, #2800, .T. ) ;
#211 = CARTESIAN_POINT ( 'NONE',  ( 16.27844793196892681, -12.86406010687170465, 2.723538796792641659 ) ) ;
#212 = CARTESIAN_POINT ( 'NONE',  ( 4.928185922879211311, -7.510015480312509872, 2.848045952376993206 ) ) ;
#213 = CARTESIAN_POINT ( 'NONE',  ( 5.025455586252783213, -4.252787460025492017, 2.707106781186548350 ) ) ;
#214 = CARTESIAN_POINT ( 'NONE',  ( 6.069896091281817618, -4.895442439785156807, 3.733542602558407975 ) ) ;
#215 = CARTESIAN_POINT ( 'NONE',  ( 16.09691879170056694, -12.39641330719902079, 3.140229651226473795 ) ) ;
#216 = CARTESIAN_POINT ( 'NONE',  ( 15.08199784968453194, -11.89339154041984337, 4.248572732504277027 ) ) ;
#217 = PERSON_AND_ORGANIZATION_ROLE ( 'creator' ) ;
#218 = CARTESIAN_POINT ( 'NONE',  ( 8.966236134397181701, -1.105511150829190381, 3.000000000000000000 ) ) ;
#219 = CARTESIAN_POINT ( 'NONE',  ( 15.75368809209490273, -10.32383159313958210, 4.240226946197906521 ) ) ;
#220 = CARTESIAN_POINT ( 'NONE',  ( 5.896466865845119365, -5.601974659860895933, 4.490345534890969326 ) ) ;
#221 = CIRCLE ( 'NONE', #1545, 1.249999999999997558 ) ;
#222 = VERTEX_POINT ( 'NONE', #3815 ) ;
#223 = CARTESIAN_POINT ( 'NONE',  ( 6.219966669302185558, -10.77469508357686934, 2.848059096256063238 ) ) ;
#224 = CARTESIAN_POINT ( 'NONE',  ( 16.18283603466380072, -2.916390267518122581, 2.975039711432537093 ) ) ;
#225 = AXIS2_PLACEMENT_3D ( 'NONE', #457, #2917, #4487 ) ;
#226 = CARTESIAN_POINT ( 'NONE',  ( 13.44603666368404227, -13.65922706049903645, 5.733889651497853457 ) ) ;
#227 = CARTESIAN_POINT ( 'NONE',  ( 16.36787035681372160, -16.07002406987395560, 3.016375320359244494 ) ) ;
#228 = EDGE_LOOP ( 'NONE', ( #4367, #3789, #3404, #1469, #2574, #1070, #103, #1914, #1858, #3688, #1268, #1351 ) ) ;
#229 = CARTESIAN_POINT ( 'NONE',  ( 10.73139839453963518, -13.22311637678118501, 2.903862174223918124 ) ) ;
#230 = ORIENTED_EDGE ( 'NONE', *, *, #3960, .F. ) ;
#231 = CARTESIAN_POINT ( 'NONE',  ( 16.49456891962790195, -10.71306384251898436, 2.870554932232565193 ) ) ;
#232 = CARTESIAN_POINT ( 'NONE',  ( 16.01130505968506057, -9.986050378426508445, 4.112464324230329815 ) ) ;
#233 = CARTESIAN_POINT ( 'NONE',  ( 4.606036663684064614, -5.991427066177879013, 2.000000000000000444 ) ) ;
#234 = DIRECTION ( 'NONE',  ( 1.000000000000000000, 0.000000000000000000, 0.000000000000000000 ) ) ;
#235 = CARTESIAN_POINT ( 'NONE',  ( 17.61877281843496235, -14.81575799192503240, 3.161447465216097097 ) ) ;
#236 = CARTESIAN_POINT ( 'NONE',  ( 6.272599511705707620, -16.02939789779100721, 1.934654146220470050 ) ) ;
#237 = VECTOR ( 'NONE', #833, 1000.000000000000000 ) ;
#238 = AXIS2_PLACEMENT_3D ( 'NONE', #1991, #5094, #1517 ) ;
#239 = EDGE_CURVE ( 'NONE', #4096, #4072, #2537, .T. ) ;
#240 = CARTESIAN_POINT ( 'NONE',  ( 15.76318479068697798, -2.467851872997102625, 2.975070757985122771 ) ) ;
#241 = CARTESIAN_POINT ( 'NONE',  ( 6.611703412010768055, -11.23474882539603570, 3.133206708830930776 ) ) ;
#242 = LINE ( 'NONE', #1346, #1119 ) ;
#243 = AXIS2_PLACEMENT_3D ( 'NONE', #22, #3626, #2388 ) ;
#244 = CARTESIAN_POINT ( 'NONE',  ( 6.367066343845831256, -10.97743648072945177, 2.848046843640574810 ) ) ;
#245 = CARTESIAN_POINT ( 'NONE',  ( 13.74583719297097950, -12.64448884917081628, 3.000000000000003553 ) ) ;
#246 = LINE ( 'NONE', #609, #4107 ) ;
#247 = CARTESIAN_POINT ( 'NONE',  ( 16.36787035681372160, -16.07002406987395560, 3.016375320359242718 ) ) ;
#248 = EDGE_CURVE ( 'NONE', #4992, #1841, #246, .T. ) ;
#249 = CC_DESIGN_SECURITY_CLASSIFICATION ( #2751, ( #908 ) ) ;
#250 = CARTESIAN_POINT ( 'NONE',  ( 11.35915383279242796, -12.47411950615378906, 4.490826200632880294 ) ) ;
#251 = VECTOR ( 'NONE', #3608, 1000.000000000000000 ) ;
#252 = ORIENTED_EDGE ( 'NONE', *, *, #4173, .F. ) ;
#253 = CARTESIAN_POINT ( 'NONE',  ( 16.07144281997956625, -11.11944379772141112, 3.185524080162904337 ) ) ;
#254 = CARTESIAN_POINT ( 'NONE',  ( 16.44603666368406891, -11.66816179572523637, 0.000000000000000000 ) ) ;
#255 = CARTESIAN_POINT ( 'NONE',  ( 17.12385718873997931, -9.262694084758607005, 2.975086111641844333 ) ) ;
#256 = DIRECTION ( 'NONE',  ( 0.9556781621376304603, 0.2944134005327221915, 6.120623535807792584E-15 ) ) ;
#257 = DIRECTION ( 'NONE',  ( 0.000000000000000000, 0.000000000000000000, -1.000000000000000000 ) ) ;
#258 = B_SPLINE_SURFACE_WITH_KNOTS ( 'NONE', 5, 3, ( 
 ( #1184, #4419, #2012, #862, #3249, #3199, #3602, #4807, #43, #376, #766, #1593, #2058, #2355, #3224, #4029, #4783, #1564, #1211 ),
 ( #3171, #4342, #2382, #837, #4954, #4880, #4498, #1400, #960, #3370, #4928, #1801, #3674, #3392, #4443, #2142, #604, #3292, #4525 ),
 ( #887, #938, #2975, #2899, #3346, #4855, #2479, #1695, #4058, #4157, #497, #3757, #2088, #2529, #116, #1287, #2952, #4106, #2556 ),
 ( #2198, #2928, #3318, #4471, #914, #545, #2505, #4083, #3727, #166, #519, #2115, #3700, #4555, #2173, #139, #1721, #4903, #4132 ),
 ( #1318, #1753, #1342, #577, #3780, #193, #1776, #1368, #984, #2586, #213, #4184, #2301, #1905, #1849, #1036, #350, #293, #1481 ),
 ( #4981, #3502, #2224, #3807, #4662, #3422, #3525, #4210, #2697, #1452, #3060, #4636, #4241, #5062, #4685, #2451, #3575, #4735, #39 ),
 ( #2376, #4778, #1638, #1557, #2405, #1980, #3244, #3983, #4803, #2748, #4315, #419, #16, #463, #3641, #3194, #3167, #2009, #1531 ),
 ( #763, #1157, #2777, #979, #491, #569, #4520, #2550, #3668, #4922, #3312, #2659, #2082, #4230, #910, #4873, #110, #2894, #2499 ) ),
 .UNSPECIFIED., .F., .T., .F.,
 ( 6, 2, 6 ),
 ( 4, 1, 1, 1, 1, 1, 1, 1, 1, 1, 1, 1, 1, 1, 1, 1, 4 ),
 ( 0.000000000000000000, 0.5000000000000000000, 1.000000000000000000 ),
 ( -3.141592653589793116, -2.748893571891068976, -2.356194490192345281, -1.963495408493620475, -1.570796326794896558, -1.178097245096172418, -0.7853981633974482790, -0.3926990816987241395, 0.000000000000000000, 0.3926990816987241395, 0.7853981633974482790, 1.178097245096172418, 1.570796326794896558, 1.963495408493620475, 2.356194490192344393, 2.748893571891068976, 3.141592653589793116 ),
 .UNSPECIFIED. ) ;
#259 = ORIENTED_EDGE ( 'NONE', *, *, #3306, .T. ) ;
#260 = CARTESIAN_POINT ( 'NONE',  ( 17.24979555310535417, -9.314828671641345537, 2.903915906671963754 ) ) ;
#261 = ORIENTED_EDGE ( 'NONE', *, *, #3929, .F. ) ;
#262 = CARTESIAN_POINT ( 'NONE',  ( 11.89751258009927604, -1.302413628080800745, 4.112582796874553637 ) ) ;
#263 = CARTESIAN_POINT ( 'NONE',  ( 16.64164426614156156, -11.07196940329260570, 2.127112828532131239 ) ) ;
#264 = CARTESIAN_POINT ( 'NONE',  ( -24.22946106578824654, -1.734723475976807094E-15, 3.000000000000000000 ) ) ;
#265 = CARTESIAN_POINT ( 'NONE',  ( 17.50129687968099645, -12.91924619143503605, 4.296614298048007541 ) ) ;
#266 = DIRECTION ( 'NONE',  ( -0.000000000000000000, -0.000000000000000000, -1.000000000000000000 ) ) ;
#267 = CARTESIAN_POINT ( 'NONE',  ( 8.623622140102474631, -11.99315353967857156, 3.328139238519863596 ) ) ;
#268 = CYLINDRICAL_SURFACE ( 'NONE', #3737, 1.249999999999997558 ) ;
#269 = CARTESIAN_POINT ( 'NONE',  ( 10.72484716779331748, -0.5273779178404380819, 2.903861403089320614 ) ) ;
#270 = EDGE_CURVE ( 'NONE', #1841, #3412, #554, .T. ) ;
#271 = DIRECTION ( 'NONE',  ( 0.1465486610894621566, -0.9892034623538707994, 0.000000000000000000 ) ) ;
#272 = CARTESIAN_POINT ( 'NONE',  ( 5.586547814513248333, -4.485199470713117087, 3.000000000000000888 ) ) ;
#273 = DIRECTION ( 'NONE',  ( 0.000000000000000000, -1.000000000000000000, 0.000000000000000000 ) ) ;
#274 = CARTESIAN_POINT ( 'NONE',  ( -11.22023827261601703, -6.549125643708114453, 2.000000000000000000 ) ) ;
#275 = CARTESIAN_POINT ( 'NONE',  ( 5.896469518110824204, -5.601925923189413403, 4.301388320022772049 ) ) ;
#276 = ORIENTED_EDGE ( 'NONE', *, *, #1377, .F. ) ;
#277 = LINE ( 'NONE', #3432, #1464 ) ;
#278 = CARTESIAN_POINT ( 'NONE',  ( 11.35603666368406195, -6.875000000000007994, 6.000000000000000000 ) ) ;
#279 = ADVANCED_FACE ( 'NONE', ( #1758 ), #1348, .F. ) ;
#280 = CARTESIAN_POINT ( 'NONE',  ( 13.16528038216792673, -0.9003122172803693646, 2.975039382391611475 ) ) ;
#281 = CARTESIAN_POINT ( 'NONE',  ( 14.97917232979283853, -11.13187537343656253, 5.086800426173084588 ) ) ;
#282 = FACE_OUTER_BOUND ( 'NONE', #709, .T. ) ;
#283 = VERTEX_POINT ( 'NONE', #4988 ) ;
#284 = DIRECTION ( 'NONE',  ( -0.7832849923674762849, 0.6216627869929827188, -6.071532165918820886E-15 ) ) ;
#285 = CARTESIAN_POINT ( 'NONE',  ( 7.311162528161736063, -11.80751573077019323, 2.903861751295955695 ) ) ;
#286 = EDGE_LOOP ( 'NONE', ( #1355, #4068, #4938, #4270 ) ) ;
#287 = EDGE_LOOP ( 'NONE', ( #1660, #4396, #803, #2291 ) ) ;
#288 = CARTESIAN_POINT ( 'NONE',  ( 16.92528704393173911, -6.265503990398015866, 4.112559022484889582 ) ) ;
#289 = DIRECTION ( 'NONE',  ( 0.6481459152251796141, 0.7615161669832850588, 0.000000000000000000 ) ) ;
#290 = CARTESIAN_POINT ( 'NONE',  ( 5.905428402087302686, -4.617284134863790968, 3.000000000000000000 ) ) ;
#291 = CARTESIAN_POINT ( 'NONE',  ( 16.20682710475625044, -12.61076196474257038, 2.909114292847412742 ) ) ;
#292 = DIRECTION ( 'NONE',  ( 0.000000000000000000, 1.000000000000000000, 0.000000000000000000 ) ) ;
#293 = CARTESIAN_POINT ( 'NONE',  ( 18.03434474384797781, -6.000929153341834521, 2.707106781186548350 ) ) ;
#294 = CARTESIAN_POINT ( 'NONE',  ( 9.677029904743738697, -12.42889892311867683, 3.328138532166887487 ) ) ;
#295 = CARTESIAN_POINT ( 'NONE',  ( 14.01365974583711882, -13.39233091758097771, 4.692006630365554543 ) ) ;
#296 = CARTESIAN_POINT ( 'NONE',  ( 14.89438154870125963, -1.567556224092737427, 2.903828939939997689 ) ) ;
#297 = CARTESIAN_POINT ( 'NONE',  ( 6.173031284807589891, -13.24569843398690061, 5.152681965730429248 ) ) ;
#298 = CARTESIAN_POINT ( 'NONE',  ( 16.66023021207116628, -11.04968930595423870, 3.000000000000000000 ) ) ;
#299 = CARTESIAN_POINT ( 'NONE',  ( 12.43959526203261667, -1.381744971755711093, 4.301428695762756327 ) ) ;
#300 = ORIENTED_EDGE ( 'NONE', *, *, #315, .T. ) ;
#301 = CARTESIAN_POINT ( 'NONE',  ( 3.266036663684053654, -6.875000000000006217, 6.000000000000000000 ) ) ;
#302 = SPHERICAL_SURFACE ( 'NONE', #3490, 10.18101250000001734 ) ;
#303 = CARTESIAN_POINT ( 'NONE',  ( 8.352123333526540350, -12.50197538501936556, 2.903862379685553829 ) ) ;
#304 = CARTESIAN_POINT ( 'NONE',  ( 6.643046325409333264, -11.10972946020263485, 3.189884735733201193 ) ) ;
#305 = VECTOR ( 'NONE', #3272, 1000.000000000000000 ) ;
#306 = CARTESIAN_POINT ( 'NONE',  ( 6.800781986917242783, -10.76935465346161180, 3.443434972754671364 ) ) ;
#307 = ORIENTED_EDGE ( 'NONE', *, *, #2595, .T. ) ;
#308 = CARTESIAN_POINT ( 'NONE',  ( 8.693309424543404162, -13.38940558562832983, 4.690953633728231154 ) ) ;
#309 = EDGE_CURVE ( 'NONE', #2400, #1442, #1013, .T. ) ;
#310 = CARTESIAN_POINT ( 'NONE',  ( 16.28818567058366540, -2.829970457145726481, 2.903861984268118146 ) ) ;
#311 = ORIENTED_EDGE ( 'NONE', *, *, #1936, .T. ) ;
#312 = CARTESIAN_POINT ( 'NONE',  ( 15.91956420687357010, -10.49044166369012210, 3.431485039679226468 ) ) ;
#313 = CARTESIAN_POINT ( 'NONE',  ( 16.92819434705474535, -7.421177238020765898, 4.112580813139689262 ) ) ;
#314 = CARTESIAN_POINT ( 'NONE',  ( 16.51856677306430043, -11.05625378281444782, 2.630347570941338642 ) ) ;
#315 = EDGE_CURVE ( 'NONE', #1456, #450, #58, .T. ) ;
#316 = CARTESIAN_POINT ( 'NONE',  ( 5.145920192344609845, -6.202716031835738164, 2.975035336993063328 ) ) ;
#317 = CARTESIAN_POINT ( 'NONE',  ( 17.10603666368406195, -6.875000000000007105, 3.000000000000000000 ) ) ;
#318 = CARTESIAN_POINT ( 'NONE',  ( 15.89437317341773159, -14.31829929582115035, 4.159431581870139283 ) ) ;
#319 = CARTESIAN_POINT ( 'NONE',  ( 6.166047537290185510, -4.727142700609761938, 4.490736308594571291 ) ) ;
#320 = CARTESIAN_POINT ( 'NONE',  ( 5.806056024881650401, -8.566690790969158087, 3.328139613534351948 ) ) ;
#321 = CARTESIAN_POINT ( 'NONE',  ( 14.52879283605826899, -13.06447511263392691, 4.534812051568087199 ) ) ;
#322 = CARTESIAN_POINT ( 'NONE',  ( 5.730408014979055054, -9.882039525200260854, 2.903861913058069621 ) ) ;
#323 = CARTESIAN_POINT ( 'NONE',  ( 5.257780629835416164, -16.02588065699105613, 3.001451261388375258 ) ) ;
#324 = AXIS2_PLACEMENT_3D ( 'NONE', #807, #4389, #2450 ) ;
#325 = DIRECTION ( 'NONE',  ( -1.000000000000000000, 0.000000000000000000, 0.000000000000000000 ) ) ;
#326 = CARTESIAN_POINT ( 'NONE',  ( 15.30876357051687719, -2.922273093167195857, 4.301720941525519315 ) ) ;
#327 = VECTOR ( 'NONE', #2483, 1000.000000000000000 ) ;
#328 = VECTOR ( 'NONE', #2387, 1000.000000000000000 ) ;
#329 = ORIENTED_EDGE ( 'NONE', *, *, #2502, .T. ) ;
#330 = LINE ( 'NONE', #1963, #742 ) ;
#331 = CARTESIAN_POINT ( 'NONE',  ( 5.260091166547763208, -16.04409290684119327, 3.001051507304604016 ) ) ;
#332 = CARTESIAN_POINT ( 'NONE',  ( 5.374655988557941910, -4.634876707376002436, 2.903925477115657294 ) ) ;
#333 = CARTESIAN_POINT ( 'NONE',  ( 11.35603666368406195, -6.875000000000007994, 5.086800426173084588 ) ) ;
#334 = AXIS2_PLACEMENT_3D ( 'NONE', #3196, #442, #1617 ) ;
#335 = CARTESIAN_POINT ( 'NONE',  ( 6.826709441113492538, -10.78581268684237848, 3.480325370799742135 ) ) ;
#336 = ORIENTED_EDGE ( 'NONE', *, *, #4242, .T. ) ;
#337 = CARTESIAN_POINT ( 'NONE',  ( 15.58736651083490443, -10.52794050147458549, 4.490683922017885799 ) ) ;
#338 = CARTESIAN_POINT ( 'NONE',  ( -12.47128208403741745, 0.000000000000000000, 2.000000000000000000 ) ) ;
#339 = ORIENTED_EDGE ( 'NONE', *, *, #2316, .F. ) ;
#340 = CARTESIAN_POINT ( 'NONE',  ( 7.741324242742305906, -11.16000663865244391, 4.358237507717849901 ) ) ;
#341 = ORIENTED_EDGE ( 'NONE', *, *, #717, .T. ) ;
#342 = CIRCLE ( 'NONE', #1069, 0.9999999999999986677 ) ;
#343 = CARTESIAN_POINT ( 'NONE',  ( 15.30876357051687719, -2.922273093167195857, 4.112705574456466451 ) ) ;
#344 = EDGE_CURVE ( 'NONE', #3412, #2539, #2037, .T. ) ;
#345 = CARTESIAN_POINT ( 'NONE',  ( 7.092353982574823412, -11.18145894007763452, 3.801522017722307467 ) ) ;
#346 = CARTESIAN_POINT ( 'NONE',  ( 13.97824920365860635, -13.20558107743127607, 2.707106781186549682 ) ) ;
#347 = CARTESIAN_POINT ( 'NONE',  ( 16.52910250497927080, -9.016480333390191504, 4.490825116754379565 ) ) ;
#348 = EDGE_CURVE ( 'NONE', #2992, #2280, #3469, .T. ) ;
#349 = CYLINDRICAL_SURFACE ( 'NONE', #4464, 6.750000000000000000 ) ;
#350 = CARTESIAN_POINT ( 'NONE',  ( 17.68661774111534513, -4.252787460025473365, 2.707106781186547906 ) ) ;
#351 = CARTESIAN_POINT ( 'NONE',  ( 15.03455007180228442, -2.387996983614443014, 3.328138709642307180 ) ) ;
#352 = CARTESIAN_POINT ( 'NONE',  ( 13.74032817616311597, -13.53834485228355788, 4.733889651497857898 ) ) ;
#353 = CARTESIAN_POINT ( 'NONE',  ( 8.314241217363113279, -12.57296786975217451, 2.848046551761785228 ) ) ;
#354 = CARTESIAN_POINT ( 'NONE',  ( 5.164239574378441056, -15.35824782333551575, 3.048527890333649015 ) ) ;
#355 = PLANE ( 'NONE',  #3985 ) ;
#356 = CARTESIAN_POINT ( 'NONE',  ( 5.786150803210766469, -6.271452069446107558, 4.301546560717435241 ) ) ;
#357 = ORIENTED_EDGE ( 'NONE', *, *, #1090, .F. ) ;
#358 = CARTESIAN_POINT ( 'NONE',  ( 11.35603666368406195, -6.875000000000007994, 5.733889651497853457 ) ) ;
#359 = CARTESIAN_POINT ( 'NONE',  ( 14.81881060619722135, -1.680911376759550491, 2.975011268731843295 ) ) ;
#360 = DIRECTION ( 'NONE',  ( 0.000000000000000000, -0.02591451989301246650, 0.9996641624359227096 ) ) ;
#361 = CARTESIAN_POINT ( 'NONE',  ( 7.273490732229335620, -10.70641110314741340, 4.001894055408411255 ) ) ;
#362 = ORIENTED_EDGE ( 'NONE', *, *, #239, .F. ) ;
#363 = CARTESIAN_POINT ( 'NONE',  ( 4.606036663684062837, -6.875000000000007994, 2.000000000000000000 ) ) ;
#364 = CARTESIAN_POINT ( 'NONE',  ( 18.44603666368407247, -18.00000000000000355, 3.000000000000000000 ) ) ;
#365 = EDGE_LOOP ( 'NONE', ( #1865, #4249, #715, #4382, #2936 ) ) ;
#366 = ORIENTED_EDGE ( 'NONE', *, *, #2738, .F. ) ;
#367 = CARTESIAN_POINT ( 'NONE',  ( 9.195987156753643532, -1.667595102774730220, 3.733524253573764273 ) ) ;
#368 = CARTESIAN_POINT ( 'NONE',  ( 17.40510190306644489, -17.75379070176143514, 2.040934760618148047 ) ) ;
#369 = EDGE_CURVE ( 'NONE', #1161, #148, #3795, .T. ) ;
#370 = CARTESIAN_POINT ( 'NONE',  ( 17.81314344487061518, -6.875000000000006217, 2.928308080163915417 ) ) ;
#371 = CARTESIAN_POINT ( 'NONE',  ( 16.01129844895001852, -9.986045740927835368, 4.490392831995960066 ) ) ;
#372 = FACE_OUTER_BOUND ( 'NONE', #4001, .T. ) ;
#373 = CARTESIAN_POINT ( 'NONE',  ( 9.549458303469174680, -12.85050735196554683, 2.975039308506035152 ) ) ;
#374 = ADVANCED_FACE ( 'NONE', ( #2737 ), #1944, .T. ) ;
#375 = CARTESIAN_POINT ( 'NONE',  ( -29.22946106578824654, 7.999999999999923617, 0.000000000000000000 ) ) ;
#376 = CARTESIAN_POINT ( 'NONE',  ( 5.456340794482443357, -6.875000000000009770, 3.000000000000000444 ) ) ;
#377 = CARTESIAN_POINT ( 'NONE',  ( 9.210747921421546636, -1.703194370070307828, 4.301797461090570707 ) ) ;
#378 = ADVANCED_FACE ( 'NONE', ( #1926 ), #2423, .F. ) ;
#379 = ORIENTED_EDGE ( 'NONE', *, *, #4267, .F. ) ;
#380 = CARTESIAN_POINT ( 'NONE',  ( -6.129967210265983013, 2.266725329581253501, 3.000000000000000000 ) ) ;
#381 = CARTESIAN_POINT ( 'NONE',  ( 13.99896845498344788, -12.68967976346988991, 2.903925678105167218 ) ) ;
#382 = CYLINDRICAL_SURFACE ( 'NONE', #4385, 2.000000000000000000 ) ;
#383 = CARTESIAN_POINT ( 'NONE',  ( 7.095540403873775048, -11.18637568618989597, 3.804866712247109817 ) ) ;
#384 = CARTESIAN_POINT ( 'NONE',  ( 5.018284831437398452, -17.31886792874991343, 2.504496325921496958 ) ) ;
#385 = DIRECTION ( 'NONE',  ( -1.000000000000000000, 0.000000000000000000, 0.000000000000000000 ) ) ;
#386 = ORIENTED_EDGE ( 'NONE', *, *, #1582, .F. ) ;
#387 = CARTESIAN_POINT ( 'NONE',  ( 15.85415954157993745, -10.82037549363229445, 3.523095461135411277 ) ) ;
#388 = CARTESIAN_POINT ( 'NONE',  ( 17.16857566397782264, -17.58022748378784428, 2.275278106152069935 ) ) ;
#389 = CARTESIAN_POINT ( 'NONE',  ( 9.714771637480808408, -1.481849814365161278, 3.733419283626779439 ) ) ;
#390 = CARTESIAN_POINT ( 'NONE',  ( 7.006302135928720531, -11.04538752980802840, 3.708182844183093962 ) ) ;
#391 = CARTESIAN_POINT ( 'NONE',  ( 8.733824123709551301, -0.5444189225687274813, 2.707106781186547018 ) ) ;
#392 = CARTESIAN_POINT ( 'NONE',  ( 16.60443424587609229, -4.904441075503744862, 4.490874689035559975 ) ) ;
#393 = CARTESIAN_POINT ( 'NONE',  ( 14.92070551388709632, -2.534215036537426968, 4.490736308594573067 ) ) ;
#394 = CARTESIAN_POINT ( 'NONE',  ( 8.416279123952667973, -12.38176668453370333, 2.975040051764123561 ) ) ;
#395 = CARTESIAN_POINT ( 'NONE',  ( 6.266036663684053210, -11.66816179572523637, 1.800701937449082024 ) ) ;
#396 = CARTESIAN_POINT ( 'NONE',  ( 5.423626291579799030, -12.88854818626487031, 4.578312669811381852 ) ) ;
#397 = EDGE_CURVE ( 'NONE', #156, #4912, #2789, .T. ) ;
#398 = CARTESIAN_POINT ( 'NONE',  ( 15.46682209985914014, -3.025915240518356697, 3.733488873730144597 ) ) ;
#399 = ORIENTED_EDGE ( 'NONE', *, *, #2638, .F. ) ;
#400 = CARTESIAN_POINT ( 'NONE',  ( -12.47128208403741745, 0.000000000000000000, 2.000000000000000000 ) ) ;
#401 = CARTESIAN_POINT ( 'NONE',  ( 6.269340786509598473, -10.62753872873897265, 2.931752287051804018 ) ) ;
#402 = ADVANCED_FACE ( 'NONE', ( #2394 ), #1262, .F. ) ;
#403 = PLANE ( 'NONE',  #741 ) ;
#404 = CARTESIAN_POINT ( 'NONE',  ( 16.65765193426367574, -11.05297131006642708, 1.911490298811468591 ) ) ;
#405 = CIRCLE ( 'NONE', #3726, 1.000000000000000666 ) ;
#406 = CARTESIAN_POINT ( 'NONE',  ( 15.91622670270934847, -2.314809960974731684, 2.848083732178379623 ) ) ;
#407 = CARTESIAN_POINT ( 'NONE',  ( 16.87158900771373382, -17.23368333322794754, 1.777148494334459095 ) ) ;
#408 = VERTEX_POINT ( 'NONE', #2832 ) ;
#409 = CARTESIAN_POINT ( 'NONE',  ( 16.03483220615103733, -10.25301681226494388, 3.514504162051670377 ) ) ;
#410 = CARTESIAN_POINT ( 'NONE',  ( 11.90107486545742788, -1.264047612646811647, 3.733419836047290996 ) ) ;
#411 = CIRCLE ( 'NONE', #2908, 7.681012500000016452 ) ;
#412 = CARTESIAN_POINT ( 'NONE',  ( 6.943695199888650471, -10.94562368445508227, 3.633307605027266352 ) ) ;
#413 = CARTESIAN_POINT ( 'NONE',  ( 6.733464791642123082, -12.29320431610616815, 3.343373053565927400 ) ) ;
#414 = AXIS2_PLACEMENT_3D ( 'NONE', #504, #1677, #4788 ) ;
#415 = EDGE_LOOP ( 'NONE', ( #2739, #2270, #2914, #1895 ) ) ;
#416 = CARTESIAN_POINT ( 'NONE',  ( 6.510819672530280933, -11.72021699115378901, 2.707106781186547462 ) ) ;
#417 = CARTESIAN_POINT ( 'NONE',  ( 11.90965887868865103, -12.44650215669935456, 4.490555325830147382 ) ) ;
#418 = CARTESIAN_POINT ( 'NONE',  ( 16.43938861802500639, -11.67915852030550283, 1.933499462650405842 ) ) ;
#419 = CARTESIAN_POINT ( 'NONE',  ( 6.458806063102772832, -1.977769399418718876, 2.168198051533945403 ) ) ;
#420 = CARTESIAN_POINT ( 'NONE',  ( 11.35603666368406195, -6.875000000000007994, 5.086800426173084588 ) ) ;
#421 = CARTESIAN_POINT ( 'NONE',  ( 5.621330648757733250, -3.893803329294230231, 2.848052617635987716 ) ) ;
#422 = CARTESIAN_POINT ( 'NONE',  ( 15.31764634891726473, -10.83141063723433639, 4.112768116033687527 ) ) ;
#423 = ORIENTED_EDGE ( 'NONE', *, *, #5065, .T. ) ;
#424 = EDGE_CURVE ( 'NONE', #148, #2859, #787, .T. ) ;
#425 = CARTESIAN_POINT ( 'NONE',  ( 14.85547770456074090, -12.12223936553245984, 4.385910800165834011 ) ) ;
#426 = CARTESIAN_POINT ( 'NONE',  ( 6.497914642009314790, -10.37063760646300281, 3.217754665717203366 ) ) ;
#427 = DIRECTION ( 'NONE',  ( -0.001740476315723725074, 0.9996626483145424347, 0.02591448064210138263 ) ) ;
#428 = CARTESIAN_POINT ( 'NONE',  ( -24.22946106578824654, -1.734723475976807094E-15, 3.000000000000000000 ) ) ;
#429 = DIRECTION ( 'NONE',  ( 1.000000000000000000, 0.000000000000000000, 0.000000000000000000 ) ) ;
#430 = ORIENTED_EDGE ( 'NONE', *, *, #3026, .F. ) ;
#431 = CARTESIAN_POINT ( 'NONE',  ( 7.732900997575264057, -11.13187537343654654, 5.086800426173350154 ) ) ;
#432 = ADVANCED_FACE ( 'NONE', ( #2414 ), #4449, .T. ) ;
#433 = CARTESIAN_POINT ( 'NONE',  ( 6.051843115296958509, -11.04968930595423870, 1.733889651497832363 ) ) ;
#434 = CARTESIAN_POINT ( 'NONE',  ( 16.04262784770210715, -3.741988459555361413, 3.733352853828356466 ) ) ;
#435 = CARTESIAN_POINT ( 'NONE',  ( 18.24004747681863847, -17.99990290025158401, 1.205989186863814400 ) ) ;
#436 = VERTEX_POINT ( 'NONE', #4061 ) ;
#437 = CARTESIAN_POINT ( 'NONE',  ( 5.770546951629958343, -13.01742253541151229, 4.891037339794903183 ) ) ;
#438 = ORIENTED_EDGE ( 'NONE', *, *, #1993, .F. ) ;
#439 = CARTESIAN_POINT ( 'NONE',  ( 17.75457679686288515, -9.525362102551200749, 2.336396103067893026 ) ) ;
#440 = CARTESIAN_POINT ( 'NONE',  ( 13.98708702595721221, -1.932692170837680301, 4.490562571313808427 ) ) ;
#441 = LINE ( 'NONE', #762, #3486 ) ;
#442 = DIRECTION ( 'NONE',  ( -0.7182547873096356561, 0.6957801811684420912, 0.000000000000000000 ) ) ;
#443 = CARTESIAN_POINT ( 'NONE',  ( 13.22812279500017141, -0.6928889834817458793, 2.848045741324138458 ) ) ;
#444 = CARTESIAN_POINT ( 'NONE',  ( 11.35915117801622820, -12.47411143695013713, 4.112768713493019312 ) ) ;
#445 = ORIENTED_EDGE ( 'NONE', *, *, #3960, .T. ) ;
#446 = CARTESIAN_POINT ( 'NONE',  ( 5.733815966679711273, -17.35853741858573329, 1.733889651497831474 ) ) ;
#447 = CARTESIAN_POINT ( 'NONE',  ( 17.27423471521801090, -6.875000000000006217, 3.000000000000000000 ) ) ;
#448 = CARTESIAN_POINT ( 'NONE',  ( 6.518046005561193290, -10.85385975291687188, 2.971577351156388769 ) ) ;
#449 = CARTESIAN_POINT ( 'NONE',  ( 5.053459809729649699, -17.23368333322839163, 2.574174524414216236 ) ) ;
#450 = VERTEX_POINT ( 'NONE', #2093 ) ;
#451 = CARTESIAN_POINT ( 'NONE',  ( 8.515391853073484896, -12.53266317158531606, 4.642268453486130930 ) ) ;
#452 = CARTESIAN_POINT ( 'NONE',  ( 16.71675334798907997, -9.094165300963434007, 3.328183065919516626 ) ) ;
#453 = CARTESIAN_POINT ( 'NONE',  ( -11.22023827261601703, -2.550550024661256021, 2.000000000000000000 ) ) ;
#454 = VERTEX_POINT ( 'NONE', #1241 ) ;
#455 = CARTESIAN_POINT ( 'NONE',  ( 7.021638025556196538, -12.29195182627576521, 3.725678202452071819 ) ) ;
#456 = EDGE_CURVE ( 'NONE', #4973, #458, #3572, .T. ) ;
#457 = CARTESIAN_POINT ( 'NONE',  ( 9.266036663684053210, -7.000000000000002665, 1.733889651497854123 ) ) ;
#458 = VERTEX_POINT ( 'NONE', #446 ) ;
#459 = CARTESIAN_POINT ( 'NONE',  ( 11.35603666368405840, 0.05072993341058804756, 2.336396103067891250 ) ) ;
#460 = CARTESIAN_POINT ( 'NONE',  ( 16.01059520816613713, -3.763404198275634105, 4.301427559886240815 ) ) ;
#461 = DIRECTION ( 'NONE',  ( 1.000000000000000000, 0.000000000000000000, 0.000000000000000000 ) ) ;
#462 = EDGE_CURVE ( 'NONE', #4199, #1631, #3625, .T. ) ;
#463 = CARTESIAN_POINT ( 'NONE',  ( 11.35603666368405840, 0.05072993341058785327, 2.168198051533945403 ) ) ;
#464 = AXIS2_PLACEMENT_3D ( 'NONE', #1826, #2258, #4907 ) ;
#465 = CARTESIAN_POINT ( 'NONE',  ( 15.77311896549952408, -11.28629832191949944, 2.975086152761900138 ) ) ;
#466 = PLANE ( 'NONE',  #334 ) ;
#467 = CARTESIAN_POINT ( 'NONE',  ( 6.458806063102770167, -11.77223060058129356, 2.168198051533947179 ) ) ;
#468 = CARTESIAN_POINT ( 'NONE',  ( 15.91622670270935025, -2.314809960974728131, 2.848083732178380068 ) ) ;
#469 = AXIS2_PLACEMENT_3D ( 'NONE', #2207, #4168, #4618 ) ;
#470 = CARTESIAN_POINT ( 'NONE',  ( 7.306770128355602800, -1.946257753890779041, 2.903862475191833159 ) ) ;
#471 = CARTESIAN_POINT ( 'NONE',  ( 11.35258701939270409, -1.276049335098754511, 4.112768289747460670 ) ) ;
#472 = CARTESIAN_POINT ( 'NONE',  ( 13.44922385497083717, -12.37565851911611503, 4.741467826375497019 ) ) ;
#473 = PERSON_AND_ORGANIZATION ( #3687, #3165 ) ;
#474 = DIRECTION ( 'NONE',  ( -0.000000000000000000, -0.000000000000000000, -1.000000000000000000 ) ) ;
#475 = CARTESIAN_POINT ( 'NONE',  ( 16.66023021207116628, -11.04968930595423870, 1.733889651497832363 ) ) ;
#476 = CARTESIAN_POINT ( 'NONE',  ( -6.129967210265983013, 2.266725329581253501, 2.000000000000000000 ) ) ;
#477 = ORIENTED_EDGE ( 'NONE', *, *, #3840, .F. ) ;
#478 = CARTESIAN_POINT ( 'NONE',  ( 5.267918696318309557, -17.25997477901122323, 2.554815190257414770 ) ) ;
#479 = CARTESIAN_POINT ( 'NONE',  ( 9.132934847777738341, -1.515580205280789405, 3.328183244813922137 ) ) ;
#480 = CARTESIAN_POINT ( 'NONE',  ( 5.053459809729483609, -17.23368333322832768, 2.574174524414191367 ) ) ;
#481 = VECTOR ( 'NONE', #668, 1000.000000000000000 ) ;
#482 = ORIENTED_EDGE ( 'NONE', *, *, #2855, .T. ) ;
#483 = CARTESIAN_POINT ( 'NONE',  ( 6.174766904989480665, -13.24670266741738267, 5.154343565196525034 ) ) ;
#484 = VECTOR ( 'NONE', #1726, 1000.000000000000000 ) ;
#485 = CIRCLE ( 'NONE', #576, 1.249999999999997558 ) ;
#486 = DIRECTION ( 'NONE',  ( -0.000000000000000000, 1.000000000000000000, -0.000000000000000000 ) ) ;
#487 = ADVANCED_FACE ( 'NONE', ( #1698 ), #4090, .T. ) ;
#488 = CARTESIAN_POINT ( 'NONE',  ( 10.25549434704281637, -1.385258742210465410, 4.301429200962769706 ) ) ;
#489 = CARTESIAN_POINT ( 'NONE',  ( 14.96971837894604462, -11.16078796978503540, 4.358737395156853545 ) ) ;
#490 = AXIS2_PLACEMENT_3D ( 'NONE', #4492, #932, #2136 ) ;
#491 = CARTESIAN_POINT ( 'NONE',  ( 14.00639876623529823, -13.27354013317880366, 2.000000000000000444 ) ) ;
#492 = DIRECTION ( 'NONE',  ( -0.000000000000000000, -0.000000000000000000, -1.000000000000000000 ) ) ;
#493 = CARTESIAN_POINT ( 'NONE',  ( 18.10603666368406550, -6.875000000000006217, 2.168198051533946735 ) ) ;
#494 = EDGE_CURVE ( 'NONE', #3962, #869, #987, .T. ) ;
#495 = CARTESIAN_POINT ( 'NONE',  ( 15.61791826317238829, -14.23384149960409673, 3.929487634919912153 ) ) ;
#496 = CARTESIAN_POINT ( 'NONE',  ( 11.99402283584898221, -13.30260607510996351, 2.848045844917851621 ) ) ;
#497 = CARTESIAN_POINT ( 'NONE',  ( 5.586547814513248333, -4.485199470713117087, 3.000000000000000888 ) ) ;
#498 = CARTESIAN_POINT ( 'NONE',  ( 5.864991772812383708, -7.969815158166167812, 4.112464311909665327 ) ) ;
#499 = CARTESIAN_POINT ( 'NONE',  ( 5.840484319654122736, -17.23368333322828505, 1.777148494334353623 ) ) ;
#500 = VERTEX_POINT ( 'NONE', #3703 ) ;
#501 = CALENDAR_DATE ( 2026, 23, 4 ) ;
#502 = CARTESIAN_POINT ( 'NONE',  ( 16.80664492528082832, -4.617284134863776757, 3.000000000000000444 ) ) ;
#503 = CARTESIAN_POINT ( 'NONE',  ( 6.684054205945366256, -10.94164869675790541, 3.261480747923022339 ) ) ;
#504 = CARTESIAN_POINT ( 'NONE',  ( 22.77053893421177477, 7.999999999999996447, 3.000000000000000000 ) ) ;
#505 = ORIENTED_EDGE ( 'NONE', *, *, #2384, .F. ) ;
#506 = CARTESIAN_POINT ( 'NONE',  ( 30.77053893421177122, 7.999999999999937828, 3.000000000000000000 ) ) ;
#507 = CARTESIAN_POINT ( 'NONE',  ( 5.584113139699040218, -6.250038233329190618, 3.328134755797887756 ) ) ;
#508 = CARTESIAN_POINT ( 'NONE',  ( 6.212290013771087693, -16.49536854221206994, 1.914448148866030097 ) ) ;
#509 = ORIENTED_EDGE ( 'NONE', *, *, #4658, .T. ) ;
#510 = CARTESIAN_POINT ( 'NONE',  ( 4.999485054224865443, -13.53042202292765772, 3.664403314919527421 ) ) ;
#511 = CARTESIAN_POINT ( 'NONE',  ( 16.13578356465769303, -11.34396293857974136, 3.065731853387578365 ) ) ;
#512 = CARTESIAN_POINT ( 'NONE',  ( 11.35603666368406195, -6.875000000000007994, 6.000000000000000000 ) ) ;
#513 = CARTESIAN_POINT ( 'NONE',  ( 5.896469518110824204, -5.601925923189413403, 4.301388320022772049 ) ) ;
#514 = CARTESIAN_POINT ( 'NONE',  ( 17.65408221606912065, -13.14024074100012740, 3.965884393362779203 ) ) ;
#515 = FACE_OUTER_BOUND ( 'NONE', #3739, .T. ) ;
#516 = CARTESIAN_POINT ( 'NONE',  ( 11.35603666368405840, 0.05072993341058785327, 2.168198051533945403 ) ) ;
#517 = CARTESIAN_POINT ( 'NONE',  ( 16.53499569906065858, -13.24810507427330819, 5.155626423045942097 ) ) ;
#518 = CARTESIAN_POINT ( 'NONE',  ( 5.177435627120892114, -8.758452034749950599, 2.848047029500917926 ) ) ;
#519 = CARTESIAN_POINT ( 'NONE',  ( 5.235139347588783743, -4.339641317780265517, 2.928308080163918525 ) ) ;
#520 = EDGE_CURVE ( 'NONE', #283, #3709, #4991, .T. ) ;
#521 = CARTESIAN_POINT ( 'NONE',  ( 16.56470366103392777, -9.031220429611554579, 3.733523824544667580 ) ) ;
#522 = CARTESIAN_POINT ( 'NONE',  ( 16.39711991669635793, -13.83710412101280340, 2.279808661197590958 ) ) ;
#523 = CARTESIAN_POINT ( 'NONE',  ( 4.831527553091075511, -18.00000000000000355, 1.282745444703511151 ) ) ;
#524 = APPROVAL_ROLE ( '' ) ;
#525 = DIRECTION ( 'NONE',  ( 0.7263149563998083647, 0.6873620473301857992, 0.000000000000000000 ) ) ;
#526 = CARTESIAN_POINT ( 'NONE',  ( 16.49210331070691993, -10.77469373900432181, 2.848059090439862384 ) ) ;
#527 = CARTESIAN_POINT ( 'NONE',  ( 13.67612005676520326, -11.97849077664181650, 4.490873725614156875 ) ) ;
#528 = ORIENTED_EDGE ( 'NONE', *, *, #3934, .T. ) ;
#529 = FACE_OUTER_BOUND ( 'NONE', #1929, .T. ) ;
#530 = CARTESIAN_POINT ( 'NONE',  ( 14.42141566070497127, -11.80968633954545055, 3.328104350862341576 ) ) ;
#531 = CARTESIAN_POINT ( 'NONE',  ( -25.47946106578824299, -1.734723475976807094E-15, 3.000000000000000000 ) ) ;
#532 = EDGE_LOOP ( 'NONE', ( #3819, #2256, #3902, #3215, #2916 ) ) ;
#533 = CARTESIAN_POINT ( 'NONE',  ( 8.265353603581168329, -13.11967688997571813, 4.564729850347477580 ) ) ;
#534 = VERTEX_POINT ( 'NONE', #3396 ) ;
#535 = CARTESIAN_POINT ( 'NONE',  ( 8.647325935740948211, -14.51268159048636086, 5.800417238623392535 ) ) ;
#536 = DIRECTION ( 'NONE',  ( 1.000000000000000000, 0.000000000000000000, 0.000000000000000000 ) ) ;
#537 = CARTESIAN_POINT ( 'NONE',  ( 6.000166367057798489, -8.507097791269318421, 4.301571700643584073 ) ) ;
#538 = AXIS2_PLACEMENT_3D ( 'NONE', #822, #2000, #2367 ) ;
#539 = CARTESIAN_POINT ( 'NONE',  ( 16.14674642767699808, -13.48485380347265306, 5.351769605692029863 ) ) ;
#540 = CARTESIAN_POINT ( 'NONE',  ( -9.074569634029492349, 9.348806768937508949, 3.000000000000000000 ) ) ;
#541 = FACE_OUTER_BOUND ( 'NONE', #4167, .T. ) ;
#542 = CARTESIAN_POINT ( 'NONE',  ( 18.10603666368406195, -5.991545965816269970, 2.336396103067894359 ) ) ;
#543 = FACE_OUTER_BOUND ( 'NONE', #3973, .T. ) ;
#544 = CARTESIAN_POINT ( 'NONE',  ( 7.260124382699735257, -11.86973105309546384, 2.848045896995409443 ) ) ;
#545 = CARTESIAN_POINT ( 'NONE',  ( 11.35603666368405129, -13.50021151373219475, 2.928308080163914084 ) ) ;
#546 = CARTESIAN_POINT ( 'NONE',  ( 12.44704865308503727, -1.343939132306095852, 3.733353380553796175 ) ) ;
#547 = LINE ( 'NONE', #2175, #1743 ) ;
#548 = EDGE_LOOP ( 'NONE', ( #2206, #3520, #438, #2462 ) ) ;
#549 = CARTESIAN_POINT ( 'NONE',  ( 9.109487730636232072, -12.30663649132042714, 4.736678769148461754 ) ) ;
#550 = DATE_AND_TIME ( #2120, #2576 ) ;
#551 = EDGE_CURVE ( 'NONE', #156, #4037, #2613, .T. ) ;
#552 = B_SPLINE_CURVE_WITH_KNOTS ( 'NONE', 3,
 ( #253, #3791, #2265, #3405 ),
 .UNSPECIFIED., .F., .F.,
 ( 4, 4 ),
 ( 0.000000000000000000, 1.000000000000000000 ),
 .UNSPECIFIED. ) ;
#553 = CARTESIAN_POINT ( 'NONE',  ( 13.61375252882028164, -1.424391738403245622, 3.000000000000000444 ) ) ;
#554 = LINE ( 'NONE', #1830, #3220 ) ;
#555 = CARTESIAN_POINT ( 'NONE',  ( 16.87158900771173364, -17.23368333322540380, 1.777148494335254236 ) ) ;
#556 = CARTESIAN_POINT ( 'NONE',  ( 6.385438608934423499, -4.290246899994414775, 4.490587653903913790 ) ) ;
#557 = ORIENTED_EDGE ( 'NONE', *, *, #4013, .T. ) ;
#558 = DIRECTION ( 'NONE',  ( 1.000000000000000000, 0.000000000000000000, 0.000000000000000000 ) ) ;
#559 = ADVANCED_FACE ( 'NONE', ( #4884 ), #3730, .F. ) ;
#560 = CARTESIAN_POINT ( 'NONE',  ( 17.13030379980020257, -7.440652985175371548, 3.328139236193322859 ) ) ;
#561 = CARTESIAN_POINT ( 'NONE',  ( 6.106020110122226008, -11.09257903534722622, 2.332726324367222048 ) ) ;
#562 = EDGE_LOOP ( 'NONE', ( #2314, #3826, #4916, #2794 ) ) ;
#563 = CARTESIAN_POINT ( 'NONE',  ( -19.22946106578817549, -18.00000000000000355, 1.000000000000000000 ) ) ;
#564 = ORIENTED_EDGE ( 'NONE', *, *, #2114, .T. ) ;
#565 = CARTESIAN_POINT ( 'NONE',  ( 16.02793851555631122, -10.94142199054848419, 3.261613187210627096 ) ) ;
#566 = CIRCLE ( 'NONE', #653, 5.590000000000007851 ) ;
#567 = CARTESIAN_POINT ( 'NONE',  ( 15.30876357051687542, -2.922273093167195857, 4.490736308594572179 ) ) ;
#568 = CARTESIAN_POINT ( 'NONE',  ( 16.43607998221220967, -11.68450513125425871, 1.985595257438972139 ) ) ;
#569 = CARTESIAN_POINT ( 'NONE',  ( 11.35603666368404951, -13.80072993341060794, 2.000000000000000444 ) ) ;
#570 = CIRCLE ( 'NONE', #4559, 0.9999999999999997780 ) ;
#571 = CARTESIAN_POINT ( 'NONE',  ( 22.77053893421177477, 7.999999999999996447, 3.000000000000000000 ) ) ;
#572 = CARTESIAN_POINT ( 'NONE',  ( 17.75457679686288515, -9.525362102551200749, 2.336396103067893026 ) ) ;
#573 = B_SPLINE_CURVE_WITH_KNOTS ( 'NONE', 3,
 ( #406, #4861, #3630, #2809, #2019, #70, #3255, #25, #4765 ),
 .UNSPECIFIED., .F., .F.,
 ( 4, 1, 1, 1, 1, 1, 4 ),
 ( 0.000000000000000000, 0.06249999999999997918, 0.1249999999999999584, 0.1874999999999999722, 0.2499999999999999445, 0.3125000000000000000, 0.3750000000000000000 ),
 .UNSPECIFIED. ) ;
#574 = CARTESIAN_POINT ( 'NONE',  ( 16.00397139259830226, -14.60019381390749693, 3.424671403853612350 ) ) ;
#575 = CARTESIAN_POINT ( 'NONE',  ( 8.884134798830407576, -12.84296424000778103, 2.848102546771086541 ) ) ;
#576 = AXIS2_PLACEMENT_3D ( 'NONE', #4983, #2612, #4882 ) ;
#577 = CARTESIAN_POINT ( 'NONE',  ( 16.20125365483781366, -11.72021699115379434, 2.707106781186547018 ) ) ;
#578 = CARTESIAN_POINT ( 'NONE',  ( 5.745947124402113637, -7.429512487359028583, 3.733417600114584456 ) ) ;
#579 = DIRECTION ( 'NONE',  ( 1.000000000000000000, 0.000000000000000000, 0.000000000000000000 ) ) ;
#580 = AXIS2_PLACEMENT_3D ( 'NONE', #2764, #2688, #4349 ) ;
#581 = ORIENTED_EDGE ( 'NONE', *, *, #1369, .T. ) ;
#582 = CARTESIAN_POINT ( 'NONE',  ( 7.966552556433402543, -11.33074219994115417, 4.467472459858067957 ) ) ;
#583 = CALENDAR_DATE ( 2026, 23, 4 ) ;
#584 = FACE_OUTER_BOUND ( 'NONE', #57, .T. ) ;
#585 = CARTESIAN_POINT ( 'NONE',  ( 17.44243276675195986, -7.671600176428968965, 3.000000000000000000 ) ) ;
#586 = DIRECTION ( 'NONE',  ( 1.000000000000000000, 0.000000000000000000, 0.000000000000000000 ) ) ;
#587 = CARTESIAN_POINT ( 'NONE',  ( 7.031123297040056563, -10.43058746769748701, 4.490560091667069820 ) ) ;
#588 = EDGE_CURVE ( 'NONE', #2596, #1657, #1779, .T. ) ;
#589 = ORIENTED_EDGE ( 'NONE', *, *, #2669, .T. ) ;
#590 = CARTESIAN_POINT ( 'NONE',  ( -19.22946106578825010, 7.999999999999996447, 0.000000000000000000 ) ) ;
#591 = CARTESIAN_POINT ( 'NONE',  ( 15.31751977575223833, -2.644256522163173528, 3.328168422159731854 ) ) ;
#592 = CARTESIAN_POINT ( 'NONE',  ( 6.371294326676344433, -11.69395838196434845, 2.530579967595054214 ) ) ;
#593 = ORIENTED_EDGE ( 'NONE', *, *, #5084, .T. ) ;
#594 = CARTESIAN_POINT ( 'NONE',  ( 16.36675350258528638, -16.04220853494891585, 3.018862843672601937 ) ) ;
#595 = ORIENTED_EDGE ( 'NONE', *, *, #4752, .F. ) ;
#596 = ADVANCED_FACE ( 'NONE', ( #607 ), #2723, .T. ) ;
#597 = CARTESIAN_POINT ( 'NONE',  ( 16.01511292651874285, -10.90030630754791474, 3.283084129286705899 ) ) ;
#598 = CARTESIAN_POINT ( 'NONE',  ( 6.703965153125283294, -9.990812184693405484, 4.112464380458322744 ) ) ;
#599 = CARTESIAN_POINT ( 'NONE',  ( 14.74552077093474800, -11.33074219994110621, 4.467472459858057299 ) ) ;
#600 = CARTESIAN_POINT ( 'NONE',  ( 6.543154784323297335, -14.60331098889505164, 3.663927367544910219 ) ) ;
#601 = DIRECTION ( 'NONE',  ( 0.1465486610894621289, -0.9892034623538707994, 0.000000000000000000 ) ) ;
#602 = DIRECTION ( 'NONE',  ( -0.5958469241734452027, -0.8030980282338169296, 0.000000000000000000 ) ) ;
#603 = CARTESIAN_POINT ( 'NONE',  ( 13.82163302957947870, -0.9047767377750798312, 2.848102311390735331 ) ) ;
#604 = CARTESIAN_POINT ( 'NONE',  ( 16.96608521906785683, -4.551241802788439372, 3.000000000000000444 ) ) ;
#605 = CARTESIAN_POINT ( 'NONE',  ( 14.33459132457169893, -11.66973794962829025, 3.733335058400186757 ) ) ;
#606 = CARTESIAN_POINT ( 'NONE',  ( 16.32516185216886839, -13.11298404963059205, 2.579623921123692210 ) ) ;
#607 = FACE_OUTER_BOUND ( 'NONE', #532, .T. ) ;
#608 = CARTESIAN_POINT ( 'NONE',  ( 17.81314344487061518, -6.875000000000006217, 2.928308080163915417 ) ) ;
#609 = CARTESIAN_POINT ( 'NONE',  ( 16.44603666368406891, -7.000000000000002665, 0.000000000000000000 ) ) ;
#610 = CARTESIAN_POINT ( 'NONE',  ( 18.06535893196947384, -6.875000000000006217, 2.546735978785025889 ) ) ;
#611 = CARTESIAN_POINT ( 'NONE',  ( 15.68556947237476784, -3.324863474564326182, 4.301568086632994614 ) ) ;
#612 = ORIENTED_EDGE ( 'NONE', *, *, #782, .F. ) ;
#613 = CARTESIAN_POINT ( 'NONE',  ( 5.266036663684054098, -11.66816179572523637, 0.000000000000000000 ) ) ;
#614 = CARTESIAN_POINT ( 'NONE',  ( 11.35950160096014194, -13.11786100624114226, 2.975086299252291511 ) ) ;
#615 = DIRECTION ( 'NONE',  ( 0.000000000000000000, -0.000000000000000000, -1.000000000000000000 ) ) ;
#616 = CARTESIAN_POINT ( 'NONE',  ( 15.30876357051687364, -2.922273093167198521, 4.490736308594572179 ) ) ;
#617 = EDGE_LOOP ( 'NONE', ( #1499, #4508, #3480, #4651 ) ) ;
#618 = ORIENTED_EDGE ( 'NONE', *, *, #4658, .F. ) ;
#619 = CARTESIAN_POINT ( 'NONE',  ( 16.41920025625601909, -10.59652482818815322, 2.957672134359392135 ) ) ;
#620 = CARTESIAN_POINT ( 'NONE',  ( 15.68551717209169816, -3.324799795720512652, 4.112579442820852194 ) ) ;
#621 = EDGE_CURVE ( 'NONE', #4280, #4260, #2662, .T. ) ;
#622 = CARTESIAN_POINT ( 'NONE',  ( 16.62546147432736632, -11.08375432853366327, 2.233606597933200266 ) ) ;
#623 = CARTESIAN_POINT ( 'NONE',  ( 9.032278466472513756, -12.48504855538379665, 3.000000000000000000 ) ) ;
#624 = CARTESIAN_POINT ( 'NONE',  ( 16.32039193491799622, -13.07578141670694727, 2.597555019964461032 ) ) ;
#625 = FACE_OUTER_BOUND ( 'NONE', #2428, .T. ) ;
#626 = CARTESIAN_POINT ( 'NONE',  ( 16.96655749536915536, -7.424773173915037994, 3.733418722271133472 ) ) ;
#627 = CARTESIAN_POINT ( 'NONE',  ( 16.66023021207116628, -11.04968930595423870, 1.733889651497832363 ) ) ;
#628 = CARTESIAN_POINT ( 'NONE',  ( 13.59823177494319424, -12.80305463095672280, 4.733889651497853457 ) ) ;
#629 = CARTESIAN_POINT ( 'NONE',  ( 17.69190289300652097, -8.131388675797193599, 2.848011778397043336 ) ) ;
#630 = DIRECTION ( 'NONE',  ( 0.5000322050566957666, 0.8660068093878584561, -0.000000000000000000 ) ) ;
#631 = CARTESIAN_POINT ( 'NONE',  ( 6.510819672530280933, -11.72021699115378901, 2.707106781186547462 ) ) ;
#632 = CARTESIAN_POINT ( 'NONE',  ( 16.43980596082239742, -16.04409290684118972, 1.934544237560747115 ) ) ;
#633 = CARTESIAN_POINT ( 'NONE',  ( 16.93504168279129019, -17.38636017094561481, 2.494885992988209455 ) ) ;
#634 = CARTESIAN_POINT ( 'NONE',  ( 13.98708702595721221, -1.932692170837680301, 4.490562571313808427 ) ) ;
#635 = VECTOR ( 'NONE', #1039, 1000.000000000000000 ) ;
#636 = ORIENTED_EDGE ( 'NONE', *, *, #3711, .T. ) ;
#637 = DIRECTION ( 'NONE',  ( 1.000000000000000000, 0.000000000000000000, 0.000000000000000000 ) ) ;
#638 = CARTESIAN_POINT ( 'NONE',  ( 18.10603666368406195, -5.991545965816269970, 2.168198051533947179 ) ) ;
#639 = CARTESIAN_POINT ( 'NONE',  ( 7.393280819884409993, -2.051534779473044523, 2.975040133954572230 ) ) ;
#640 = AXIS2_PLACEMENT_3D ( 'NONE', #3610, #2443, #52 ) ;
#641 = FACE_OUTER_BOUND ( 'NONE', #1176, .T. ) ;
#642 = CARTESIAN_POINT ( 'NONE',  ( 9.003752305711202553, -13.55149200411572430, 4.733889651497856121 ) ) ;
#643 = ORIENTED_EDGE ( 'NONE', *, *, #2530, .T. ) ;
#644 = ORIENTED_EDGE ( 'NONE', *, *, #2442, .T. ) ;
#645 = ORIENTED_EDGE ( 'NONE', *, *, #4399, .F. ) ;
#646 = CARTESIAN_POINT ( 'NONE',  ( 16.32405668881348149, -4.285340580202172234, 4.112598603052447288 ) ) ;
#647 = CARTESIAN_POINT ( 'NONE',  ( 16.21952583492470978, -11.03730109612239296, 2.904180816848594748 ) ) ;
#648 = EDGE_CURVE ( 'NONE', #2795, #3412, #242, .T. ) ;
#649 =( BOUNDED_CURVE ( )  B_SPLINE_CURVE ( 3, ( #2052, #4023, #4314, #3243 ),
 .UNSPECIFIED., .F., .F. ) 
 B_SPLINE_CURVE_WITH_KNOTS ( ( 4, 4 ),
 ( 4.712388980384689674, 5.536419591295399734 ),
 .UNSPECIFIED. ) 
 CURVE ( )  GEOMETRIC_REPRESENTATION_ITEM ( )  RATIONAL_B_SPLINE_CURVE ( ( 1.000000000000000000, 0.9442104275898648424, 0.9442104275898648424, 1.000000000000000000 ) ) 
 REPRESENTATION_ITEM ( '' )  );
#650 = DIRECTION ( 'NONE',  ( -0.000000000000000000, 0.000000000000000000, 1.000000000000000000 ) ) ;
#651 = CARTESIAN_POINT ( 'NONE',  ( 16.22683570142036302, -12.66966701616434143, 2.860665588226976919 ) ) ;
#652 = DIRECTION ( 'NONE',  ( -0.000000000000000000, -0.000000000000000000, -1.000000000000000000 ) ) ;
#653 = AXIS2_PLACEMENT_3D ( 'NONE', #333, #3177, #722 ) ;
#654 = CARTESIAN_POINT ( 'NONE',  ( 5.582213866301063199, -7.445531749008110545, 3.328138768279736315 ) ) ;
#655 = EDGE_CURVE ( 'NONE', #1379, #3664, #4586, .T. ) ;
#656 = VECTOR ( 'NONE', #1648, 1000.000000000000000 ) ;
#657 = CARTESIAN_POINT ( 'NONE',  ( 15.40514508730512944, -11.91270937269761632, 2.848040448495610111 ) ) ;
#658 = AXIS2_PLACEMENT_3D ( 'NONE', #2341, #1524, #4303 ) ;
#659 = CARTESIAN_POINT ( 'NONE',  ( 17.12552551285487823, -4.485199470713101988, 3.000000000000000444 ) ) ;
#660 = DIRECTION ( 'NONE',  ( -0.000000000000000000, -1.000000000000000000, -0.000000000000000000 ) ) ;
#661 = CARTESIAN_POINT ( 'NONE',  ( -19.22946106578818970, 15.99999999999999289, 1.000000000000000000 ) ) ;
#662 = CARTESIAN_POINT ( 'NONE',  ( 16.44603666368406891, -11.32183507638092834, 1.733889651497829476 ) ) ;
#663 = CARTESIAN_POINT ( 'NONE',  ( 6.703968026732122887, -9.990809194295604101, 4.301428646897806019 ) ) ;
#664 = ORIENTED_EDGE ( 'NONE', *, *, #4833, .T. ) ;
#665 = CARTESIAN_POINT ( 'NONE',  ( 6.272267366545727363, -16.04409290684119682, 1.934544237560746227 ) ) ;
#666 = CARTESIAN_POINT ( 'NONE',  ( 17.88054577427704928, -18.00000000000000355, 1.282745444703510707 ) ) ;
#667 = CARTESIAN_POINT ( 'NONE',  ( 6.169371976400988444, -10.34887210174368022, 2.975011335895318965 ) ) ;
#668 = DIRECTION ( 'NONE',  ( 1.000000000000000000, 0.000000000000000000, 0.000000000000000000 ) ) ;
#669 = CARTESIAN_POINT ( 'NONE',  ( 4.792338804439576272, -17.72263507335529553, 2.052604281510991058 ) ) ;
#670 = VERTEX_POINT ( 'NONE', #4188 ) ;
#671 = LINE ( 'NONE', #2271, #4311 ) ;
#672 = EDGE_LOOP ( 'NONE', ( #2190, #3844, #2514, #2365 ) ) ;
#673 = CARTESIAN_POINT ( 'NONE',  ( 16.34649682046387653, -10.50563777972966761, 3.044089358000613643 ) ) ;
#674 = ORIENTED_EDGE ( 'NONE', *, *, #551, .F. ) ;
#675 = CARTESIAN_POINT ( 'NONE',  ( 15.17875247074361589, -2.792257144687747772, 4.301720764110517514 ) ) ;
#676 = CARTESIAN_POINT ( 'NONE',  ( 5.958285477496347404, -2.726809640169331139, 2.000000000000000000 ) ) ;
#677 = ORIENTED_EDGE ( 'NONE', *, *, #4527, .T. ) ;
#678 = CYLINDRICAL_SURFACE ( 'NONE', #1742, 1.249999999999997558 ) ;
#679 = CARTESIAN_POINT ( 'NONE',  ( 17.49650380177861919, -15.72229921122312746, 3.008583576487611211 ) ) ;
#680 = DIRECTION ( 'NONE',  ( 0.000000000000000000, -0.000000000000000000, -1.000000000000000000 ) ) ;
#681 = EDGE_CURVE ( 'NONE', #4282, #3281, #3426, .T. ) ;
#682 = CARTESIAN_POINT ( 'NONE',  ( 16.18010352278509245, -10.09885648448303996, 3.328111968489029238 ) ) ;
#683 = LINE ( 'NONE', #2641, #4729 ) ;
#684 = CARTESIAN_POINT ( 'NONE',  ( 5.136327631089915080, -5.424326139663879331, 2.903819492701438243 ) ) ;
#685 = CARTESIAN_POINT ( 'NONE',  ( 5.138839929404574569, -12.97979865726491333, 4.167375332459015702 ) ) ;
#686 = EDGE_CURVE ( 'NONE', #3281, #3850, #221, .T. ) ;
#687 = CARTESIAN_POINT ( 'NONE',  ( 16.65349999383480295, -16.89768156070315896, 1.860412116730630228 ) ) ;
#688 = CARTESIAN_POINT ( 'NONE',  ( 9.726225262279248440, -1.518639414433189838, 4.301570959044500597 ) ) ;
#689 = ORIENTED_EDGE ( 'NONE', *, *, #2920, .F. ) ;
#690 = DIRECTION ( 'NONE',  ( -0.000000000000000000, -0.000000000000000000, -1.000000000000000000 ) ) ;
#691 = DIRECTION ( 'NONE',  ( 0.000000000000000000, 1.000000000000000000, 0.000000000000000000 ) ) ;
#692 = CARTESIAN_POINT ( 'NONE',  ( 7.397578944794011235, -11.70215840528779516, 2.975039510967129708 ) ) ;
#693 = ADVANCED_FACE ( 'NONE', ( #3813 ), #1781, .F. ) ;
#694 = FACE_OUTER_BOUND ( 'NONE', #1732, .T. ) ;
#695 = CARTESIAN_POINT ( 'NONE',  ( 6.765145262331788700, -10.21763898797762948, 3.715545786141040363 ) ) ;
#696 = ORIENTED_EDGE ( 'NONE', *, *, #4952, .T. ) ;
#697 = CARTESIAN_POINT ( 'NONE',  ( 6.387270919133224645, -13.11039674556873003, 2.580894594404904208 ) ) ;
#698 = CARTESIAN_POINT ( 'NONE',  ( 14.81881060619722135, -1.680911376759550491, 2.975011268731843295 ) ) ;
#699 = B_SPLINE_CURVE_WITH_KNOTS ( 'NONE', 3,
 ( #2955, #2532, #1778, #2200, #4134, #4557, #3034, #3810, #241, #940 ),
 .UNSPECIFIED., .F., .F.,
 ( 4, 2, 2, 2, 4 ),
 ( 0.000000000000000000, 0.0003877912857866257158, 0.0007755825715732514317, 0.001163373857359877202, 0.001551165143146502863 ),
 .UNSPECIFIED. ) ;
#700 = CARTESIAN_POINT ( 'NONE',  ( 8.718962096313248367, -11.81388551628248962, 4.112580823318118028 ) ) ;
#701 = CARTESIAN_POINT ( 'NONE',  ( 16.48339412071387144, -10.86188531014100533, 2.816270265713391563 ) ) ;
#702 = ORIENTED_EDGE ( 'NONE', *, *, #2410, .T. ) ;
#703 = CARTESIAN_POINT ( 'NONE',  ( 4.606036663684063726, -6.875000000000008882, 2.336396103067893026 ) ) ;
#704 = CARTESIAN_POINT ( 'NONE',  ( 15.66328356475341721, -14.46672172093402331, 4.397182312075227806 ) ) ;
#705 = CARTESIAN_POINT ( 'NONE',  ( 8.709813991748847073, -1.920528920140252893, 4.490736308594572179 ) ) ;
#706 = CARTESIAN_POINT ( 'NONE',  ( 16.47545913539333995, -9.605532215580531386, 3.328139362895716769 ) ) ;
#707 = CARTESIAN_POINT ( 'NONE',  ( 14.40231519248441039, -13.14963682331307915, 4.580588508309027418 ) ) ;
#708 = DIRECTION ( 'NONE',  ( 0.000000000000000000, 0.000000000000000000, 1.000000000000000000 ) ) ;
#709 = EDGE_LOOP ( 'NONE', ( #4753, #4254, #3662, #1202 ) ) ;
#710 = CARTESIAN_POINT ( 'NONE',  ( 14.35291631052988315, -1.244031724933475802, 2.903863158373769515 ) ) ;
#711 = CARTESIAN_POINT ( 'NONE',  ( 5.661187510818917801, -12.95994017097767248, 4.809710455359653913 ) ) ;
#712 =( BOUNDED_SURFACE ( )  B_SPLINE_SURFACE ( 3, 2, ( 
 ( #4703, #3212, #1606 ),
 ( #3543, #1129, #4750 ),
 ( #779, #2346, #2427 ),
 ( #2741, #5104, #3927 ) ),
 .UNSPECIFIED., .F., .F., .F. ) 
 B_SPLINE_SURFACE_WITH_KNOTS ( ( 4, 4 ),
 ( 3, 3 ),
 ( -1.198296819093298739E-08, 0.0002664949097567177001 ),
 ( 0.000000000000000000, 1.000000000000000000 ),
 .UNSPECIFIED. ) 
 GEOMETRIC_REPRESENTATION_ITEM ( )  RATIONAL_B_SPLINE_SURFACE ( (
 ( 1.000000000000000000, 0.9441727596913925824, 1.000000000000000000),
 ( 1.000000000000000000, 0.9446801208876139944, 1.000000000000000000),
 ( 1.000000000000000000, 0.9449355305007411943, 1.000000000000000000),
 ( 1.000000000000000000, 0.9449355670131439622, 1.000000000000000000) ) ) 
 REPRESENTATION_ITEM ( '' )  SURFACE ( )  );
#713 = CARTESIAN_POINT ( 'NONE',  ( 17.45954975901455342, -16.27498423666364857, 2.985608893904601935 ) ) ;
#714 = CARTESIAN_POINT ( 'NONE',  ( 11.35258502067263819, -1.276045292016389610, 4.301796944180080295 ) ) ;
#715 = ORIENTED_EDGE ( 'NONE', *, *, #1506, .T. ) ;
#716 = CARTESIAN_POINT ( 'NONE',  ( 16.61008004348560618, -11.10668668978250651, 2.330980724348172828 ) ) ;
#717 = EDGE_CURVE ( 'NONE', #4973, #2400, #2980, .T. ) ;
#718 = B_SPLINE_CURVE_WITH_KNOTS ( 'NONE', 3,
 ( #748, #4326, #3072, #5050 ),
 .UNSPECIFIED., .F., .F.,
 ( 4, 4 ),
 ( 0.000000000000000000, 0.0002112860802807366037 ),
 .UNSPECIFIED. ) ;
#719 = DIRECTION ( 'NONE',  ( 1.000000000000000000, -0.000000000000000000, 0.000000000000000000 ) ) ;
#720 = DIRECTION ( 'NONE',  ( 0.000000000000000000, 0.000000000000000000, -1.000000000000000000 ) ) ;
#721 = CARTESIAN_POINT ( 'NONE',  ( 17.33549408103400324, -4.629519817554129446, 2.903925871811897430 ) ) ;
#722 = DIRECTION ( 'NONE',  ( -1.000000000000000000, 0.000000000000000000, 0.000000000000000000 ) ) ;
#723 = CARTESIAN_POINT ( 'NONE',  ( 4.906627400395227490, -17.56013983927851285, 2.281181473451648678 ) ) ;
#724 = CARTESIAN_POINT ( 'NONE',  ( 30.77053893421177122, 0.000000000000000000, 1.000000000000000000 ) ) ;
#725 = CARTESIAN_POINT ( 'NONE',  ( 13.73887789151680572, -1.105158401145319491, 2.975086102014462774 ) ) ;
#726 = ORIENTED_EDGE ( 'NONE', *, *, #4202, .T. ) ;
#727 = ADVANCED_FACE ( 'NONE', ( #584 ), #2178, .F. ) ;
#728 = CARTESIAN_POINT ( 'NONE',  ( 15.92178747901653857, -10.76714638708712535, 3.428199280253811931 ) ) ;
#729 = CARTESIAN_POINT ( 'NONE',  ( 13.69189764796672293, -12.01368471163166340, 3.733542996830706784 ) ) ;
#730 = CARTESIAN_POINT ( 'NONE',  ( 18.10603666368406195, -6.875000000000006217, 1.999999999999999556 ) ) ;
#731 = CARTESIAN_POINT ( 'NONE',  ( 5.025455586252783213, -4.252787460025492017, 2.707106781186548350 ) ) ;
#732 = CARTESIAN_POINT ( 'NONE',  ( 17.66526915802484510, -13.18099576500055825, 3.927193173833957385 ) ) ;
#733 = CARTESIAN_POINT ( 'NONE',  ( 12.98484355059798467, -1.499475259495838930, 4.490736308594573067 ) ) ;
#734 = CARTESIAN_POINT ( 'NONE',  ( 11.91681523262488795, -1.100288356610347407, 3.328139700600136308 ) ) ;
#735 = DIRECTION ( 'NONE',  ( -1.000000000000000000, 0.000000000000000000, 0.000000000000000000 ) ) ;
#736 = CARTESIAN_POINT ( 'NONE',  ( 17.53637305204598462, -8.752860008770984024, 2.848046388960071784 ) ) ;
#737 = VECTOR ( 'NONE', #32, 1000.000000000000000 ) ;
#738 = CARTESIAN_POINT ( 'NONE',  ( 16.44315753800229629, -11.32515279947495834, 1.886720874562016315 ) ) ;
#739 = CARTESIAN_POINT ( 'NONE',  ( 6.266036663684054098, -7.000000000000002665, 0.000000000000000000 ) ) ;
#740 = CARTESIAN_POINT ( 'NONE',  ( 5.757166964482165028, -6.881041381059699091, 4.301796653174436713 ) ) ;
#741 = AXIS2_PLACEMENT_3D ( 'NONE', #4695, #2807, #4325 ) ;
#742 = VECTOR ( 'NONE', #2285, 1000.000000000000000 ) ;
#743 = DIRECTION ( 'NONE',  ( -0.000000000000000000, 0.000000000000000000, 1.000000000000000000 ) ) ;
#744 = PLANE ( 'NONE',  #1139 ) ;
#745 = CARTESIAN_POINT ( 'NONE',  ( 16.65953888191199894, -10.41925666490203817, 2.903829001938184273 ) ) ;
#746 = DIRECTION ( 'NONE',  ( 0.000000000000000000, 1.000000000000000000, 0.000000000000000000 ) ) ;
#747 = VECTOR ( 'NONE', #4615, 1000.000000000000000 ) ;
#748 = CARTESIAN_POINT ( 'NONE',  ( 5.053459809729782037, -16.00000000000000711, 3.000000000000000000 ) ) ;
#749 = EDGE_CURVE ( 'NONE', #2859, #2273, #3193, .T. ) ;
#750 = ORIENTED_EDGE ( 'NONE', *, *, #397, .T. ) ;
#751 = DIRECTION ( 'NONE',  ( -0.5298040683198856904, -0.6675445020885384384, -0.5231557960331351120 ) ) ;
#752 = CARTESIAN_POINT ( 'NONE',  ( 4.906954049365269022, -6.875000000000108358, 2.848083729136107412 ) ) ;
#753 = EDGE_LOOP ( 'NONE', ( #4796, #2186, #951, #1678 ) ) ;
#754 = CARTESIAN_POINT ( 'NONE',  ( 0.000000000000000000, -18.00000000000000355, 3.000000000000000000 ) ) ;
#755 = ORIENTED_EDGE ( 'NONE', *, *, #959, .T. ) ;
#756 = CARTESIAN_POINT ( 'NONE',  ( 8.219096785982815234, -2.191063185139816127, 3.733353800410044165 ) ) ;
#757 = CARTESIAN_POINT ( 'NONE',  ( 17.20996646699175514, -17.60887857658027045, 2.236070196692319545 ) ) ;
#758 = EDGE_CURVE ( 'NONE', #1792, #3895, #4045, .T. ) ;
#759 = B_SPLINE_CURVE_WITH_KNOTS ( 'NONE', 3,
 ( #1230, #2105, #511, #3718, #2843, #1659, #2944, #952, #3690, #1711 ),
 .UNSPECIFIED., .F., .F.,
 ( 4, 2, 2, 2, 4 ),
 ( 0.000000000000000000, 0.0003918312795043840842, 0.0007836625590087681684, 0.001175493838513152253, 0.001567325118017536337 ),
 .UNSPECIFIED. ) ;
#760 = CARTESIAN_POINT ( 'NONE',  ( 15.77181225526965491, -2.459224408414415919, 2.999999999999999112 ) ) ;
#761 = CARTESIAN_POINT ( 'NONE',  ( 6.385438608934423499, -4.290246899994414775, 4.490587653903913790 ) ) ;
#762 = CARTESIAN_POINT ( 'NONE',  ( 4.606036663684062837, -6.875000000000007994, 3.000000000000000000 ) ) ;
#763 = CARTESIAN_POINT ( 'NONE',  ( 18.10603666368406550, -6.875000000000006217, 2.000000000000000000 ) ) ;
#764 = CARTESIAN_POINT ( 'NONE',  ( 12.47887922290857787, -1.182555665373961729, 3.328111991108267720 ) ) ;
#765 = CARTESIAN_POINT ( 'NONE',  ( 15.99066587361827274, -10.83685245312735290, 3.323112117100970764 ) ) ;
#766 = CARTESIAN_POINT ( 'NONE',  ( 5.905428402087302686, -4.617284134863790968, 3.000000000000000000 ) ) ;
#767 = CARTESIAN_POINT ( 'NONE',  ( 15.68391680632917584, -10.42702631972629845, 4.301568537812483051 ) ) ;
#768 = ORIENTED_EDGE ( 'NONE', *, *, #3803, .T. ) ;
#769 = LINE ( 'NONE', #1071, #82 ) ;
#770 = CARTESIAN_POINT ( 'NONE',  ( 6.545285750071961672, -10.33396118653558560, 3.285110247779409409 ) ) ;
#771 = CARTESIAN_POINT ( 'NONE',  ( 16.28818567058366540, -2.829970457145726481, 2.903861984268118146 ) ) ;
#772 = CYLINDRICAL_SURFACE ( 'NONE', #1567, 5.590000000000007851 ) ;
#773 = CARTESIAN_POINT ( 'NONE',  ( 6.792001384131303610, -10.76727268356204803, 3.430703190907050892 ) ) ;
#774 = CARTESIAN_POINT ( 'NONE',  ( 5.770533045217123735, -17.31886786866653694, 1.749090010788642680 ) ) ;
#775 = CARTESIAN_POINT ( 'NONE',  ( 5.971376871345815296, -17.06751572191478417, 1.829120736227759281 ) ) ;
#776 = EDGE_LOOP ( 'NONE', ( #3873, #2816, #71, #3747 ) ) ;
#777 = CARTESIAN_POINT ( 'NONE',  ( 15.88689295972999638, -10.78441972876656862, 3.478186827248100244 ) ) ;
#778 = CARTESIAN_POINT ( 'NONE',  ( 8.700958681810208262, -11.84795164714913440, 3.733418727883992094 ) ) ;
#779 = CARTESIAN_POINT ( 'NONE',  ( 6.266036663684053210, -11.66816179634031236, 1.800612744524768383 ) ) ;
#780 = ORIENTED_EDGE ( 'NONE', *, *, #3527, .T. ) ;
#781 = CARTESIAN_POINT ( 'NONE',  ( 17.44243276675195631, -6.875000000000006217, 3.000000000000000000 ) ) ;
#782 = EDGE_CURVE ( 'NONE', #2211, #2942, #3058, .T. ) ;
#783 = CARTESIAN_POINT ( 'NONE',  ( 16.44603666368406891, -16.00000000000000000, 1.733889651497832363 ) ) ;
#784 = CARTESIAN_POINT ( 'NONE',  ( 5.766036655080471363, -6.875000000000134115, 4.490736294063513157 ) ) ;
#785 = CARTESIAN_POINT ( 'NONE',  ( 13.44603666368407069, -7.000000000000002665, 1.733889651497854123 ) ) ;
#786 = CARTESIAN_POINT ( 'NONE',  ( 5.021476270959722044, -8.137998876660985204, 2.848011768079615091 ) ) ;
#787 = B_SPLINE_CURVE_WITH_KNOTS ( 'NONE', 3,
 ( #2061, #1187, #4371, #3653 ),
 .UNSPECIFIED., .F., .F.,
 ( 4, 4 ),
 ( 0.000000000000000000, 1.836258227554150852E-05 ),
 .UNSPECIFIED. ) ;
#788 = CARTESIAN_POINT ( 'NONE',  ( 5.175656268961310147, -12.94186700986413463, 4.238051093385141854 ) ) ;
#789 = CARTESIAN_POINT ( 'NONE',  ( 15.17877185227251502, -2.792276498617098479, 4.112705428058781365 ) ) ;
#790 = ORIENTED_EDGE ( 'NONE', *, *, #1670, .T. ) ;
#791 = CARTESIAN_POINT ( 'NONE',  ( 17.80511926387231370, -6.030930660752532368, 2.848083732178380068 ) ) ;
#792 =( NAMED_UNIT ( * ) SI_UNIT ( $, .STERADIAN. ) SOLID_ANGLE_UNIT ( ) );
#793 = FACE_OUTER_BOUND ( 'NONE', #4277, .T. ) ;
#794 = CARTESIAN_POINT ( 'NONE',  ( 6.720343479678771992, -10.84160139663455524, 3.321237370418073098 ) ) ;
#795 = CARTESIAN_POINT ( 'NONE',  ( 6.956358237424904445, -12.27206714989100433, 3.650067554950469972 ) ) ;
#796 = PLANE ( 'NONE',  #658 ) ;
#797 = ORIENTED_EDGE ( 'NONE', *, *, #3211, .T. ) ;
#798 = DIRECTION ( 'NONE',  ( -0.000000000000000000, -0.000000000000000000, 1.000000000000000000 ) ) ;
#799 = EDGE_LOOP ( 'NONE', ( #1076, #300 ) ) ;
#800 = CARTESIAN_POINT ( 'NONE',  ( 11.35916997747037804, -12.51265380822372641, 3.733524251977531350 ) ) ;
#801 = CARTESIAN_POINT ( 'NONE',  ( 17.45344996772214685, -16.03194155352517214, 3.001308867231925692 ) ) ;
#802 = CARTESIAN_POINT ( 'NONE',  ( 5.177610515106958466, -12.94260504379514565, 4.239902643825413264 ) ) ;
#803 = ORIENTED_EDGE ( 'NONE', *, *, #2855, .F. ) ;
#804 = CARTESIAN_POINT ( 'NONE',  ( 5.586547814513248333, -4.485199470713117087, 3.000000000000000888 ) ) ;
#805 = CARTESIAN_POINT ( 'NONE',  ( 12.97821236150000779, -1.516061778465948695, 4.490554830260310659 ) ) ;
#806 = B_SPLINE_CURVE_WITH_KNOTS ( 'NONE', 3,
 ( #4568, #1437, #1352, #223 ),
 .UNSPECIFIED., .F., .F.,
 ( 4, 4 ),
 ( 0.000000000000000000, 1.000000000000000000 ),
 .UNSPECIFIED. ) ;
#807 = CARTESIAN_POINT ( 'NONE',  ( 18.44603666368407247, -16.00000000000000000, 1.733889651497817930 ) ) ;
#808 = TOROIDAL_SURFACE ( 'NONE', #5030, 11.09000000000000874, 3.000000000000000000 ) ;
#809 = CARTESIAN_POINT ( 'NONE',  ( 17.45073384153761609, -16.04435744003673747, 3.001064011908328943 ) ) ;
#810 = ADVANCED_FACE ( 'NONE', ( #3618 ), #4846, .F. ) ;
#811 = CARTESIAN_POINT ( 'NONE',  ( 8.240537128246309351, -2.223073873809137790, 4.112465168518300906 ) ) ;
#812 = ORIENTED_EDGE ( 'NONE', *, *, #1828, .F. ) ;
#813 = CARTESIAN_POINT ( 'NONE',  ( 13.29374316336604700, -12.43663993479473895, 4.733889651497850792 ) ) ;
#814 = AXIS2_PLACEMENT_3D ( 'NONE', #1823, #3421, #3860 ) ;
#815 = CARTESIAN_POINT ( 'NONE',  ( 6.675297530164544746, -10.25219972673777491, 3.506831232111226715 ) ) ;
#816 = CARTESIAN_POINT ( 'NONE',  ( 11.35603666368406195, -6.875000000000007994, 6.000000000000000000 ) ) ;
#817 = CARTESIAN_POINT ( 'NONE',  ( 6.701142438424993131, -10.54269030313826505, 3.293903709279304870 ) ) ;
#818 = AXIS2_PLACEMENT_3D ( 'NONE', #1707, #1299, #4095 ) ;
#819 = CARTESIAN_POINT ( 'NONE',  ( 5.840484319654088985, -17.23368333322840229, 1.777148494334370499 ) ) ;
#820 = CARTESIAN_POINT ( 'NONE',  ( 16.63502044377005618, -16.88087588855350063, 1.867355058774783139 ) ) ;
#821 = CARTESIAN_POINT ( 'NONE',  ( 6.054421393104446381, -11.05297131006642530, 1.911490298811471922 ) ) ;
#822 = CARTESIAN_POINT ( 'NONE',  ( 11.35603666368406195, -6.875000000000007994, 5.086800426173084588 ) ) ;
#823 = AXIS2_PLACEMENT_3D ( 'NONE', #4295, #4717, #4250 ) ;
#824 = CARTESIAN_POINT ( 'NONE',  ( 5.718630915149293337, -6.881074861010325172, 3.733523878853108879 ) ) ;
#825 = AXIS2_PLACEMENT_3D ( 'NONE', #1427, #1320, #2588 ) ;
#826 = CARTESIAN_POINT ( 'NONE',  ( 32.77053893421177122, -7.999999999999930722, 1.000000000000000000 ) ) ;
#827 = EDGE_LOOP ( 'NONE', ( #4384, #4512, #3617, #2129 ) ) ;
#828 = CARTESIAN_POINT ( 'NONE',  ( 5.646972643565490557, -12.95959139077511857, 4.792205788052372739 ) ) ;
#829 = ORIENTED_EDGE ( 'NONE', *, *, #2638, .T. ) ;
#830 = ORIENTED_EDGE ( 'NONE', *, *, #2154, .T. ) ;
#831 = CARTESIAN_POINT ( 'NONE',  ( 6.671304675528840988, -11.55973198815522096, 2.928308080163916305 ) ) ;
#832 = CARTESIAN_POINT ( 'NONE',  ( 16.32397091136022027, -4.285175444726307070, 4.490584012087010635 ) ) ;
#833 = DIRECTION ( 'NONE',  ( -0.000000000000000000, -0.000000000000000000, 1.000000000000000000 ) ) ;
#834 = B_SPLINE_CURVE_WITH_KNOTS ( 'NONE', 3,
 ( #968, #4565, #3297, #123, #2563, #4114 ),
 .UNSPECIFIED., .F., .F.,
 ( 4, 2, 4 ),
 ( 0.1250000000000000000, 0.1816726424142747209, 0.2383452848285494419 ),
 .UNSPECIFIED. ) ;
#835 = CYLINDRICAL_SURFACE ( 'NONE', #4470, 5.590000000000007851 ) ;
#836 = CARTESIAN_POINT ( 'NONE',  ( 14.39070972739169463, -1.172988508457376122, 2.848047363134761145 ) ) ;
#837 = CARTESIAN_POINT ( 'NONE',  ( 15.64978193750221003, -11.16874527381817828, 2.999999999999998224 ) ) ;
#838 = CARTESIAN_POINT ( 'NONE',  ( 16.32405668881348149, -4.285340580202172234, 4.112598603052447288 ) ) ;
#839 = ORIENTED_EDGE ( 'NONE', *, *, #4179, .T. ) ;
#840 = CARTESIAN_POINT ( 'NONE',  ( 13.19519568022326617, -12.15378718190861740, 5.086800426173084588 ) ) ;
#841 = CARTESIAN_POINT ( 'NONE',  ( 17.65861351763835074, -16.00000000000000000, 3.000000000000000000 ) ) ;
#842 = EDGE_CURVE ( 'NONE', #1786, #1331, #759, .T. ) ;
#843 = CARTESIAN_POINT ( 'NONE',  ( 17.10603666368406550, -7.627571955045412189, 3.000000000000000000 ) ) ;
#844 = CARTESIAN_POINT ( 'NONE',  ( 6.523753854881957359, -10.83092796480005937, 2.983688679864015203 ) ) ;
#845 = DIRECTION ( 'NONE',  ( -0.000000000000000000, -0.000000000000000000, -1.000000000000000000 ) ) ;
#846 = VERTEX_POINT ( 'NONE', #4411 ) ;
#847 = CARTESIAN_POINT ( 'NONE',  ( 7.732307473695285260, -12.00940790092654531, 4.315081144123107393 ) ) ;
#848 = ADVANCED_FACE ( 'NONE', ( #3307 ), #853, .F. ) ;
#849 = CARTESIAN_POINT ( 'NONE',  ( 8.623622140102474631, -11.99315353967857156, 3.328139238519863596 ) ) ;
#850 = CARTESIAN_POINT ( 'NONE',  ( -29.22946106578824654, -7.999999999999930722, 3.000000000000000000 ) ) ;
#851 = ORIENTED_EDGE ( 'NONE', *, *, #1339, .T. ) ;
#852 = CARTESIAN_POINT ( 'NONE',  ( 7.199156414221033806, -14.91225373473331750, 4.317012846009625093 ) ) ;
#853 = CYLINDRICAL_SURFACE ( 'NONE', #225, 3.000000000000000000 ) ;
#854 = DIRECTION ( 'NONE',  ( -0.000000000000000000, 0.000000000000000000, 1.000000000000000000 ) ) ;
#855 = CARTESIAN_POINT ( 'NONE',  ( 12.97829089818015369, -1.516085432263138078, 4.301566467030905727 ) ) ;
#856 = CARTESIAN_POINT ( 'NONE',  ( 5.018423490533578502, -17.31856830065983743, 2.504773653699045699 ) ) ;
#857 = CARTESIAN_POINT ( 'NONE',  ( 16.18099529208399545, -10.83571641037417876, 2.975039803173952890 ) ) ;
#858 = LINE ( 'NONE', #2084, #3824 ) ;
#859 = CARTESIAN_POINT ( 'NONE',  ( 8.705674561132854095, -13.27354013317881787, 2.336396103067891250 ) ) ;
#860 = CARTESIAN_POINT ( 'NONE',  ( 6.358195079514114667, -2.783252101041177706, 2.848045543063939089 ) ) ;
#861 = CARTESIAN_POINT ( 'NONE',  ( 17.24979555310535417, -9.314828671641345537, 2.903915906671963754 ) ) ;
#862 = CARTESIAN_POINT ( 'NONE',  ( 15.52775161973477225, -11.04671495605074227, 2.999999999999999112 ) ) ;
#863 = CARTESIAN_POINT ( 'NONE',  ( 11.90949557198293718, -12.44651832352015219, 4.112578454463636568 ) ) ;
#864 = CARTESIAN_POINT ( 'NONE',  ( 1.734723475976807094E-14, 12.88322821025619547, 2.000000000000000000 ) ) ;
#865 = CARTESIAN_POINT ( 'NONE',  ( 7.184321707633333887, -2.703285043949279931, 3.000000000000000444 ) ) ;
#866 = CARTESIAN_POINT ( 'NONE',  ( 6.650200792829552121, -11.08036329082623617, 3.202710688025192098 ) ) ;
#867 = DIRECTION ( 'NONE',  ( -1.000000000000000000, 1.129228390122268070E-16, 0.000000000000000000 ) ) ;
#868 = ADVANCED_FACE ( 'NONE', ( #928 ), #2548, .T. ) ;
#869 = VERTEX_POINT ( 'NONE', #870 ) ;
#870 = CARTESIAN_POINT ( 'NONE',  ( -27.22946106578824654, -7.999999999999944933, 3.000000000000000000 ) ) ;
#871 = CARTESIAN_POINT ( 'NONE',  ( 7.248727838201480367, -2.776726238735211627, 3.328183236200496165 ) ) ;
#872 = CARTESIAN_POINT ( 'NONE',  ( 6.059696960936628685, -11.05940467144901973, 2.000000000000000000 ) ) ;
#873 = VERTEX_POINT ( 'NONE', #4093 ) ;
#874 = CARTESIAN_POINT ( 'NONE',  ( 6.484783747342802052, -12.67106968122044997, 2.859547752475208426 ) ) ;
#875 = EDGE_CURVE ( 'NONE', #4408, #1026, #2838, .T. ) ;
#876 = CARTESIAN_POINT ( 'NONE',  ( 9.538360101087191012, -0.9031593881163405557, 2.975040295595893447 ) ) ;
#877 = VERTEX_POINT ( 'NONE', #506 ) ;
#878 = CARTESIAN_POINT ( 'NONE',  ( 16.25326726426534663, -1.977769399418725760, 1.999999999999999112 ) ) ;
#879 = CARTESIAN_POINT ( 'NONE',  ( 6.418370185769438407, -9.514890134086018136, 4.301567784248979009 ) ) ;
#880 = CARTESIAN_POINT ( 'NONE',  ( 17.70665451352784814, -13.91358857795527193, 3.465797151643901230 ) ) ;
#881 = ADVANCED_BREP_SHAPE_REPRESENTATION ( 'EDM Power Cover', ( #1729, #243 ), #2485 ) ;
#882 = CARTESIAN_POINT ( 'NONE',  ( 10.74472709793289305, -13.08750849831573859, 2.975039874940035745 ) ) ;
#883 = CARTESIAN_POINT ( 'NONE',  ( 17.11882126150812411, -10.46925404700460582, 2.000000000000000000 ) ) ;
#884 = CARTESIAN_POINT ( 'NONE',  ( 6.458806063102772832, -1.977769399418718876, 2.336396103067892138 ) ) ;
#885 = CARTESIAN_POINT ( 'NONE',  ( 14.78484221678704813, -12.88354177623880403, 4.421400468110184612 ) ) ;
#886 = CARTESIAN_POINT ( 'NONE',  ( 17.70096636243734878, -6.181170278867440970, 2.903856140260785867 ) ) ;
#887 = CARTESIAN_POINT ( 'NONE',  ( 17.44243276675195631, -6.875000000000006217, 3.000000000000000000 ) ) ;
#888 = CARTESIAN_POINT ( 'NONE',  ( 5.757171179388346438, -6.881038666836677642, 4.112768049625177724 ) ) ;
#889 = CARTESIAN_POINT ( 'NONE',  ( 14.32073786947115934, -11.61718366126370583, 5.086800425877590293 ) ) ;
#890 = PERSON_AND_ORGANIZATION ( #3687, #3165 ) ;
#891 = CARTESIAN_POINT ( 'NONE',  ( 9.032278466472513756, -12.48504855538379665, 3.000000000000000000 ) ) ;
#892 = CARTESIAN_POINT ( 'NONE',  ( 6.625346840895571354, -10.62738076334254167, 3.169030781823689136 ) ) ;
#893 = CARTESIAN_POINT ( 'NONE',  ( 5.885401416137598041, -8.201834446009829804, 4.490736308594572179 ) ) ;
#894 = ORIENTED_EDGE ( 'NONE', *, *, #1955, .F. ) ;
#895 = CARTESIAN_POINT ( 'NONE',  ( 15.75845869303480207, -10.32663755049331833, 4.217467737228939306 ) ) ;
#896 = CARTESIAN_POINT ( 'NONE',  ( 10.78180175589679379, -1.101311409850107337, 3.328138439790152336 ) ) ;
#897 = CARTESIAN_POINT ( 'NONE',  ( -6.129967210265984789, 5.674820170431093658, 2.000000000000000000 ) ) ;
#898 = CIRCLE ( 'NONE', #2321, 3.000000000000000000 ) ;
#899 = ORIENTED_EDGE ( 'NONE', *, *, #4993, .T. ) ;
#900 = CARTESIAN_POINT ( 'NONE',  ( 6.034576999511975792, -13.16151054157294453, 5.073480887806336881 ) ) ;
#901 = DIRECTION ( 'NONE',  ( -0.000000000000000000, 1.000000000000000000, -0.000000000000000000 ) ) ;
#902 = AXIS2_PLACEMENT_3D ( 'NONE', #3918, #427, #360 ) ;
#903 = CIRCLE ( 'NONE', #3982, 9.999999999999998224 ) ;
#904 = CARTESIAN_POINT ( 'NONE',  ( 17.75457679686288515, -9.525362102551200749, 2.168198051533946291 ) ) ;
#905 = CARTESIAN_POINT ( 'NONE',  ( 16.92818624746064415, -7.421259297576623837, 4.301569747282036893 ) ) ;
#906 = ADVANCED_FACE ( 'NONE', ( #4817 ), #3614, .T. ) ;
#907 = CARTESIAN_POINT ( 'NONE',  ( 32.77053893421177122, 0.000000000000000000, 0.000000000000000000 ) ) ;
#908 = PRODUCT_DEFINITION_FORMATION_WITH_SPECIFIED_SOURCE ( 'ANY', '', #2077, .NOT_KNOWN. ) ;
#909 = AXIS2_PLACEMENT_3D ( 'NONE', #3478, #3065, #1855 ) ;
#910 = CARTESIAN_POINT ( 'NONE',  ( 14.00639876623527691, -0.4764598668211998400, 2.000000000000000444 ) ) ;
#911 = CARTESIAN_POINT ( 'NONE',  ( 18.10603666368406195, -5.991545965816269970, 2.168198051533947179 ) ) ;
#912 = CARTESIAN_POINT ( 'NONE',  ( 15.38173637543642691, -14.23894176928133959, 4.123953594338168216 ) ) ;
#913 = CARTESIAN_POINT ( 'NONE',  ( 12.61733594778034373, -13.20957531844197774, 2.848011510660571677 ) ) ;
#914 = CARTESIAN_POINT ( 'NONE',  ( 13.89139534590382752, -12.99589731609528265, 2.928308080163920302 ) ) ;
#915 = CARTESIAN_POINT ( 'NONE',  ( 8.700958681810208262, -11.84795164714913440, 3.733418727883992094 ) ) ;
#916 = FACE_OUTER_BOUND ( 'NONE', #2031, .T. ) ;
#917 = VERTEX_POINT ( 'NONE', #2070 ) ;
#918 = CARTESIAN_POINT ( 'NONE',  ( 5.733815966679711273, -17.35853741858573329, 1.733889651497831474 ) ) ;
#919 = PERSON_AND_ORGANIZATION_ROLE ( 'classification_officer' ) ;
#920 = CARTESIAN_POINT ( 'NONE',  ( 11.35603666368405129, -12.94727279960903488, 2.999999999999999112 ) ) ;
#921 = CARTESIAN_POINT ( 'NONE',  ( 16.03687230701491018, -10.25224314568827211, 3.506676421083172901 ) ) ;
#922 = CARTESIAN_POINT ( 'NONE',  ( 8.718816233744764332, -11.81380772099379151, 4.490558698497623347 ) ) ;
#923 = CARTESIAN_POINT ( 'NONE',  ( 5.261561707701781998, -16.72851970883472461, 2.985888176201697775 ) ) ;
#924 = CARTESIAN_POINT ( 'NONE',  ( 16.17937068736706152, -3.650573879808017175, 3.328111771405232844 ) ) ;
#925 = CARTESIAN_POINT ( 'NONE',  ( 5.702035584255392919, -17.45512080807973732, 2.424538430585614357 ) ) ;
#926 = CARTESIAN_POINT ( 'NONE',  ( 9.266036663684072749, -13.65922706049903823, 4.733889651497854345 ) ) ;
#927 = ORIENTED_EDGE ( 'NONE', *, *, #1511, .F. ) ;
#928 = FACE_OUTER_BOUND ( 'NONE', #1839, .T. ) ;
#929 = LINE ( 'NONE', #4412, #3648 ) ;
#930 = CARTESIAN_POINT ( 'NONE',  ( 14.90543888399486683, -2.544715339992398739, 4.490555482423554956 ) ) ;
#931 = CARTESIAN_POINT ( 'NONE',  ( 17.57905386409415982, -12.98712967557234599, 4.155400015834371352 ) ) ;
#932 = DIRECTION ( 'NONE',  ( -0.9590325327422158930, 0.2832959603348602085, 0.000000000000000000 ) ) ;
#933 = ADVANCED_FACE ( 'NONE', ( #529 ), #3684, .F. ) ;
#934 = CARTESIAN_POINT ( 'NONE',  ( 5.257780629835131947, -16.02588065699113429, 3.001451261388370373 ) ) ;
#935 = CARTESIAN_POINT ( 'NONE',  ( 18.03434474384797781, -6.875000000000006217, 2.707106781186548350 ) ) ;
#936 = CARTESIAN_POINT ( 'NONE',  ( 15.73554186735030491, -12.27783347157381044, 3.673683335908990877 ) ) ;
#937 = CARTESIAN_POINT ( 'NONE',  ( 8.881040638120957453, -0.9083091171142109177, 2.848102550964568991 ) ) ;
#938 = CARTESIAN_POINT ( 'NONE',  ( 17.44243276675195986, -7.671600176428968965, 3.000000000000000000 ) ) ;
#939 = CARTESIAN_POINT ( 'NONE',  ( 10.24791659134117516, -1.347478562896529786, 3.733353614632230588 ) ) ;
#940 = CARTESIAN_POINT ( 'NONE',  ( 6.640632789459204766, -11.11944624273440851, 3.185528207476977958 ) ) ;
#941 = CARTESIAN_POINT ( 'NONE',  ( -27.22946106578824654, -7.999999999999930722, 3.000000000000000000 ) ) ;
#942 = CARTESIAN_POINT ( 'NONE',  ( 22.77053893421170017, 15.99999999999999289, 3.000000000000000000 ) ) ;
#943 = CARTESIAN_POINT ( 'NONE',  ( 18.10603666368406550, -6.875000000000006217, 2.168198051533946735 ) ) ;
#944 = CARTESIAN_POINT ( 'NONE',  ( 16.81448847052704565, -5.597563044743117722, 4.490347517079715800 ) ) ;
#945 = CARTESIAN_POINT ( 'NONE',  ( 11.35603666368406195, -6.875000000000007994, 0.000000000000000000 ) ) ;
#946 = ORIENTED_EDGE ( 'NONE', *, *, #4369, .F. ) ;
#947 = CARTESIAN_POINT ( 'NONE',  ( 17.04735770880919077, -8.003577582808688362, 3.328111973705518256 ) ) ;
#948 = CARTESIAN_POINT ( 'NONE',  ( 6.269663353101474712, -16.15930155452613803, 1.933682548826491709 ) ) ;
#949 = ORIENTED_EDGE ( 'NONE', *, *, #782, .T. ) ;
#950 = CARTESIAN_POINT ( 'NONE',  ( 16.94603665423808536, -6.875000000000361489, 4.490736308078139061 ) ) ;
#951 = ORIENTED_EDGE ( 'NONE', *, *, #2121, .F. ) ;
#952 = CARTESIAN_POINT ( 'NONE',  ( 16.41430681901868027, -11.71177587925622987, 2.187298921815412633 ) ) ;
#953 = CARTESIAN_POINT ( 'NONE',  ( 10.80149733659670552, -1.303407938798017973, 4.301565625415654459 ) ) ;
#954 = CARTESIAN_POINT ( 'NONE',  ( 15.87209119097088994, -13.65332481330978709, 5.456754126683802220 ) ) ;
#955 = CARTESIAN_POINT ( 'NONE',  ( 6.337360331335553987, -13.54471193538984153, 2.387854307074344096 ) ) ;
#956 = CARTESIAN_POINT ( 'NONE',  ( 4.957496530505256516, -4.224637897448797474, 2.336396103067892138 ) ) ;
#957 = CARTESIAN_POINT ( 'NONE',  ( 16.23915322672540640, -13.42862760461382443, 5.303383247382912558 ) ) ;
#958 = CARTESIAN_POINT ( 'NONE',  ( 15.71142366751950092, -2.223647005942087862, 2.903898022045763305 ) ) ;
#959 = EDGE_CURVE ( 'NONE', #2942, #5016, #4835, .T. ) ;
#960 = CARTESIAN_POINT ( 'NONE',  ( 5.745988108300274178, -9.198758197211558851, 3.000000000000000000 ) ) ;
#961 = CARTESIAN_POINT ( 'NONE',  ( 11.90107486545742788, -1.264047612646811647, 3.733419836047290996 ) ) ;
#962 = DIRECTION ( 'NONE',  ( -0.000000000000000000, 0.000000000000000000, 1.000000000000000000 ) ) ;
#963 = AXIS2_PLACEMENT_3D ( 'NONE', #4562, #988, #4640 ) ;
#964 = CARTESIAN_POINT ( 'NONE',  ( 7.856576245679093518, -12.12222875631061925, 4.385903792033537307 ) ) ;
#965 = CALENDAR_DATE ( 2026, 23, 4 ) ;
#966 = ADVANCED_FACE ( 'NONE', ( #2812 ), #3143, .T. ) ;
#967 = CARTESIAN_POINT ( 'NONE',  ( 8.733824123709551301, -0.5444189225687274813, 2.707106781186547018 ) ) ;
#968 = CARTESIAN_POINT ( 'NONE',  ( 16.94603665423808536, -6.875000000000361489, 4.490736308078139061 ) ) ;
#969 = CARTESIAN_POINT ( 'NONE',  ( 16.92526653467418996, -6.265318844658538389, 4.490527659993812648 ) ) ;
#970 = ORIENTED_EDGE ( 'NONE', *, *, #2378, .T. ) ;
#971 = DIRECTION ( 'NONE',  ( 1.000000000000000000, 0.000000000000000000, 0.000000000000000000 ) ) ;
#972 = CARTESIAN_POINT ( 'NONE',  ( 9.538360101087191012, -0.9031593881163405557, 2.975040295595893447 ) ) ;
#973 = CARTESIAN_POINT ( 'NONE',  ( 6.104408620580360711, -16.80232544968490060, 1.876875615373048811 ) ) ;
#974 = CARTESIAN_POINT ( 'NONE',  ( 19.44603666368407247, -6.875000000000007994, 6.000000000000000000 ) ) ;
#975 = ORIENTED_EDGE ( 'NONE', *, *, #1670, .F. ) ;
#976 = VECTOR ( 'NONE', #2278, 1000.000000000000000 ) ;
#977 = CARTESIAN_POINT ( 'NONE',  ( 6.385352627464510711, -4.290413102162692560, 4.112601160968368141 ) ) ;
#978 = CARTESIAN_POINT ( 'NONE',  ( 16.42681861990597625, -11.34458042985163573, 2.078761731086741005 ) ) ;
#979 = CARTESIAN_POINT ( 'NONE',  ( 16.25326726426532886, -11.77223060058130599, 1.999999999999999112 ) ) ;
#980 = CARTESIAN_POINT ( 'NONE',  ( 6.272780022215955320, -15.99999999999999289, 1.934923674262839732 ) ) ;
#981 = FACE_OUTER_BOUND ( 'NONE', #1687, .T. ) ;
#982 = CARTESIAN_POINT ( 'NONE',  ( 16.35039645013880616, -2.778930316212801621, 2.848046139734449866 ) ) ;
#983 = AXIS2_PLACEMENT_3D ( 'NONE', #2421, #1697, #385 ) ;
#984 = CARTESIAN_POINT ( 'NONE',  ( 5.025455586252784990, -9.497212539974523082, 2.707106781186547462 ) ) ;
#985 = CARTESIAN_POINT ( 'NONE',  ( 16.04262784770210715, -3.741988459555361413, 3.733352853828356466 ) ) ;
#986 = CARTESIAN_POINT ( 'NONE',  ( 16.43732900955609821, -15.36999129020056287, 1.966468369217093892 ) ) ;
#987 = LINE ( 'NONE', #941, #635 ) ;
#988 = DIRECTION ( 'NONE',  ( 0.8660068093878584561, -0.5000322050566957666, 0.000000000000000000 ) ) ;
#989 = CARTESIAN_POINT ( 'NONE',  ( 17.44243276675195276, -6.078399823571041694, 2.999999999999999556 ) ) ;
#990 = CARTESIAN_POINT ( 'NONE',  ( 6.266036663684054098, -7.000000000000002665, 0.000000000000000000 ) ) ;
#991 = CARTESIAN_POINT ( 'NONE',  ( 30.77053893421177122, -7.999999999999930722, 3.000000000000000000 ) ) ;
#992 = CARTESIAN_POINT ( 'NONE',  ( 15.30876357051687719, -2.922273093167195857, 4.301720941525519315 ) ) ;
#993 = ORIENTED_EDGE ( 'NONE', *, *, #3269, .F. ) ;
#994 = EDGE_CURVE ( 'NONE', #5115, #3409, #3002, .T. ) ;
#995 = DIRECTION ( 'NONE',  ( -0.000000000000000000, 0.000000000000000000, 1.000000000000000000 ) ) ;
#996 = CARTESIAN_POINT ( 'NONE',  ( 17.47935022513206249, -8.089240128510141403, 2.975011327583249265 ) ) ;
#997 = LINE ( 'NONE', #1837, #481 ) ;
#998 = ORIENTED_EDGE ( 'NONE', *, *, #3147, .T. ) ;
#999 = CARTESIAN_POINT ( 'NONE',  ( 8.745322601708922505, -13.41735344308926514, 4.698926345296968066 ) ) ;
#1000 = ORIENTED_EDGE ( 'NONE', *, *, #4421, .T. ) ;
#1001 = CARTESIAN_POINT ( 'NONE',  ( 13.99896845498344788, -12.68967976346988991, 2.903925678105167218 ) ) ;
#1002 = B_SPLINE_CURVE_WITH_KNOTS ( 'NONE', 3,
 ( #1922, #5024, #308, #3075, #1497, #3179, #3103, #1523, #1147, #2363, #795, #4652, #1077, #4255, #3516, #1866, #5099, #1099, #697, #3126, #2712, #4278, #4301, #4745, #3560, #5 ),
 .UNSPECIFIED., .F., .F.,
 ( 4, 2, 2, 2, 2, 2, 2, 2, 2, 2, 2, 2, 4 ),
 ( 0.000000000000000000, 0.0009461505599185274359, 0.001892301119837054872, 0.002365376399796320379, 0.002838451679755585669, 0.003074989319735218097, 0.003311526959714850959, 0.003784602239674118851, 0.004257677519633387177, 0.004730752799592654635, 0.005676903359511194756, 0.006623053919429734877, 0.007569204479348274998 ),
 .UNSPECIFIED. ) ;
#1003 = EDGE_CURVE ( 'NONE', #4222, #4678, #1270, .T. ) ;
#1004 = CARTESIAN_POINT ( 'NONE',  ( 16.81448230712755887, -5.597463655599932864, 4.112432496007739857 ) ) ;
#1005 = CARTESIAN_POINT ( 'NONE',  ( 16.50028841542308200, -11.02530007061618811, 2.686713490912973956 ) ) ;
#1006 = CARTESIAN_POINT ( 'NONE',  ( 17.27423471521801090, -6.875000000000006217, 3.000000000000000000 ) ) ;
#1007 = CARTESIAN_POINT ( 'NONE',  ( 17.70552100489615199, -13.93658487585470773, 3.455771762497724442 ) ) ;
#1008 = DIRECTION ( 'NONE',  ( -1.000000000000000000, 0.000000000000000000, 0.000000000000000000 ) ) ;
#1009 = CARTESIAN_POINT ( 'NONE',  ( 16.88600642985188216, -7.971582946273009007, 3.733353338826805423 ) ) ;
#1010 = CARTESIAN_POINT ( 'NONE',  ( 8.688785069297198405, -11.79063628569028133, 5.086800426475932113 ) ) ;
#1011 = CARTESIAN_POINT ( 'NONE',  ( 5.008265690061345587, -7.502118711680815011, 2.903861804456844720 ) ) ;
#1012 = CARTESIAN_POINT ( 'NONE',  ( 17.81314344487061518, -7.720119560739919784, 2.928308080163915417 ) ) ;
#1013 = LINE ( 'NONE', #2616, #2297 ) ;
#1014 = CARTESIAN_POINT ( 'NONE',  ( 15.84646218634236092, -10.24208912683535466, 4.003886847931048543 ) ) ;
#1015 = CARTESIAN_POINT ( 'NONE',  ( 9.213443490746222153, -12.04791940122856708, 4.490826184639322705 ) ) ;
#1016 = ORIENTED_EDGE ( 'NONE', *, *, #4273, .F. ) ;
#1017 = B_SPLINE_CURVE_WITH_KNOTS ( 'NONE', 5,
 ( #17, #1236, #4415, #1159, #2824, #4825, #2801, #64 ),
 .UNSPECIFIED., .F., .F.,
 ( 6, 2, 6 ),
 ( 0.000000000000000000, 0.5000000000000000000, 1.000000000000000000 ),
 .UNSPECIFIED. ) ;
#1018 = CARTESIAN_POINT ( 'NONE',  ( -9.598187625335965478, 12.88322821025619547, 2.000000000000000000 ) ) ;
#1019 = CARTESIAN_POINT ( 'NONE',  ( 18.10603666368406550, -6.875000000000006217, 2.168198051533946735 ) ) ;
#1020 = CARTESIAN_POINT ( 'NONE',  ( 10.73831590654369172, -0.6629746685977444542, 2.975039211296818475 ) ) ;
#1021 = CARTESIAN_POINT ( 'NONE',  ( 6.308623216097053010, -11.36150993839397927, 2.240138268510060815 ) ) ;
#1022 = CARTESIAN_POINT ( 'NONE',  ( 4.266036663684054098, -18.00000000000000355, 1.000000000000000000 ) ) ;
#1023 = EDGE_CURVE ( 'NONE', #3409, #873, #2988, .T. ) ;
#1024 = ORIENTED_EDGE ( 'NONE', *, *, #2145, .F. ) ;
#1025 = CARTESIAN_POINT ( 'NONE',  ( 7.817948228914231024, -12.18244636103534617, 2.903829128211921962 ) ) ;
#1026 = VERTEX_POINT ( 'NONE', #3355 ) ;
#1027 = CARTESIAN_POINT ( 'NONE',  ( 15.93913776216583322, -10.77161326782796458, 3.402585695502032159 ) ) ;
#1028 = CARTESIAN_POINT ( 'NONE',  ( 11.90949557198293718, -12.44651832352015219, 4.112578454463636568 ) ) ;
#1029 = CARTESIAN_POINT ( 'NONE',  ( 17.80511926387232080, -7.719069339247480954, 2.848083732178380068 ) ) ;
#1030 = EDGE_CURVE ( 'NONE', #1383, #2631, #4447, .T. ) ;
#1031 = CARTESIAN_POINT ( 'NONE',  ( 6.936812304031366061, -2.465491726139733331, 2.975086290913859344 ) ) ;
#1032 = CARTESIAN_POINT ( 'NONE',  ( 5.283763864075038619, -6.875000000000009770, 3.000000000000000000 ) ) ;
#1033 = CARTESIAN_POINT ( 'NONE',  ( 15.71090902042902648, -15.17858066572413911, 3.738380906877857512 ) ) ;
#1034 = CARTESIAN_POINT ( 'NONE',  ( 17.54611803619362220, -16.88269622133118375, 2.807889686811496865 ) ) ;
#1035 = B_SPLINE_CURVE_WITH_KNOTS ( 'NONE', 3,
 ( #1571, #2705, #3097, #3174 ),
 .UNSPECIFIED., .F., .F.,
 ( 4, 4 ),
 ( 0.000000000000000000, 0.0002000093537115322476 ),
 .UNSPECIFIED. ) ;
#1036 = CARTESIAN_POINT ( 'NONE',  ( 16.20125365483783142, -2.029783008846236747, 2.707106781186546129 ) ) ;
#1037 = CARTESIAN_POINT ( 'NONE',  ( 14.42141566070497127, -11.80968633954545055, 3.328104350862341576 ) ) ;
#1038 = CARTESIAN_POINT ( 'NONE',  ( 16.24315810614416833, -12.71401599656687686, 2.822080465575460995 ) ) ;
#1039 = DIRECTION ( 'NONE',  ( 0.000000000000000000, -1.000000000000000000, 0.000000000000000000 ) ) ;
#1040 = CARTESIAN_POINT ( 'NONE',  ( 8.911883196797314000, -0.9826648345406204799, 2.903916125407644433 ) ) ;
#1041 = CARTESIAN_POINT ( 'NONE',  ( 8.966236134397178148, -12.64448884917082694, 3.000000000000000888 ) ) ;
#1042 = CARTESIAN_POINT ( 'NONE',  ( 13.44603666368407069, -16.00000000000000000, 1.733889651497854123 ) ) ;
#1043 = CARTESIAN_POINT ( 'NONE',  ( 16.60766470678664319, -16.80232544968232133, 1.876875615373456707 ) ) ;
#1044 = CARTESIAN_POINT ( 'NONE',  ( 7.397757172365477807, -10.83480865927931447, 4.301796896365208234 ) ) ;
#1045 = ORIENTED_EDGE ( 'NONE', *, *, #1931, .T. ) ;
#1046 = DIRECTION ( 'NONE',  ( -1.000000000000000000, 0.000000000000000000, 0.000000000000000000 ) ) ;
#1047 = CARTESIAN_POINT ( 'NONE',  ( 5.237426719483328164, -16.47875558664645368, 2.954869315610835212 ) ) ;
#1048 = CARTESIAN_POINT ( 'NONE',  ( 13.94250006316064550, -12.56542099512682142, 2.975094520754069105 ) ) ;
#1049 = CARTESIAN_POINT ( 'NONE',  ( 6.070555397626424821, -11.07211038429600158, 2.128263986370440453 ) ) ;
#1050 = CARTESIAN_POINT ( 'NONE',  ( 7.217688814492356109, -10.64932564529706838, 3.950534359439882515 ) ) ;
#1051 = ORIENTED_EDGE ( 'NONE', *, *, #2090, .F. ) ;
#1052 = CARTESIAN_POINT ( 'NONE',  ( 15.85940395281797777, -2.371632710866102389, 2.903898063920915540 ) ) ;
#1053 = ORIENTED_EDGE ( 'NONE', *, *, #842, .T. ) ;
#1054 = VERTEX_POINT ( 'NONE', #4913 ) ;
#1055 = CARTESIAN_POINT ( 'NONE',  ( 16.01059844877441662, -3.763401453761760607, 4.112463483490132354 ) ) ;
#1056 = CARTESIAN_POINT ( 'NONE',  ( 16.10569404960227402, -11.25597359154040333, 3.123577511542770857 ) ) ;
#1057 = VECTOR ( 'NONE', #1547, 1000.000000000000000 ) ;
#1058 = CARTESIAN_POINT ( 'NONE',  ( 11.35603666368405129, -12.94727279960903488, 2.999999999999999112 ) ) ;
#1059 = EDGE_CURVE ( 'NONE', #1296, #3073, #2227, .T. ) ;
#1060 = CARTESIAN_POINT ( 'NONE',  ( 15.52046778941209126, -14.82508407474648848, 4.368469678741265128 ) ) ;
#1061 = CARTESIAN_POINT ( 'NONE',  ( 17.65861351763834364, -17.23368333322794754, 2.574174524414493792 ) ) ;
#1062 = CIRCLE ( 'NONE', #4721, 1.000000000000000000 ) ;
#1063 = CARTESIAN_POINT ( 'NONE',  ( 17.13030379980020257, -7.440652985175371548, 3.328139236193322859 ) ) ;
#1064 = ORIENTED_EDGE ( 'NONE', *, *, #2802, .T. ) ;
#1065 = AXIS2_PLACEMENT_3D ( 'NONE', #1118, #2732, #2762 ) ;
#1066 = CARTESIAN_POINT ( 'NONE',  ( 15.92652038111535795, -11.43949965169795568, 2.848102372734387266 ) ) ;
#1067 = DIRECTION ( 'NONE',  ( 1.000000000000000000, 0.000000000000000000, 0.000000000000000000 ) ) ;
#1068 = CARTESIAN_POINT ( 'NONE',  ( 8.240540096338079934, -2.223076749186220447, 4.301429601923541846 ) ) ;
#1069 = AXIS2_PLACEMENT_3D ( 'NONE', #1192, #2460, #2067 ) ;
#1070 = ORIENTED_EDGE ( 'NONE', *, *, #4862, .T. ) ;
#1071 = CARTESIAN_POINT ( 'NONE',  ( 32.77053893421177122, 0.000000000000000000, 1.000000000000000000 ) ) ;
#1072 = CARTESIAN_POINT ( 'NONE',  ( 0.000000000000000000, 17.99999999999999645, 3.000000000000000000 ) ) ;
#1073 = CARTESIAN_POINT ( 'NONE',  ( 10.14219263826591622, -12.99806270600410940, 2.975011524063019053 ) ) ;
#1074 = CARTESIAN_POINT ( 'NONE',  ( 6.127943956964039707, -11.09520557436116128, 2.420815664702538506 ) ) ;
#1075 = CARTESIAN_POINT ( 'NONE',  ( 7.017855398902826281, -10.50014304639510243, 3.733664643069016797 ) ) ;
#1076 = ORIENTED_EDGE ( 'NONE', *, *, #1828, .T. ) ;
#1077 = CARTESIAN_POINT ( 'NONE',  ( 6.810625523443806451, -12.26601556175404006, 3.459271302918498936 ) ) ;
#1078 = ORIENTED_EDGE ( 'NONE', *, *, #4634, .T. ) ;
#1079 = CARTESIAN_POINT ( 'NONE',  ( 5.784307305532849774, -7.425882998950109837, 4.112578814648307102 ) ) ;
#1080 = CARTESIAN_POINT ( 'NONE',  ( 9.589238444258917582, -0.3006844324888782727, 2.000000000000000000 ) ) ;
#1081 = FACE_OUTER_BOUND ( 'NONE', #1761, .T. ) ;
#1082 = CARTESIAN_POINT ( 'NONE',  ( 17.53387586047124813, -12.94215688185888880, 4.240927626676030293 ) ) ;
#1083 = FACE_OUTER_BOUND ( 'NONE', #365, .T. ) ;
#1084 = B_SPLINE_CURVE_WITH_KNOTS ( 'NONE', 3,
 ( #3446, #3472, #3059, #319, #5033, #1903, #1479, #3089, #705, #2300, #1509, #2720, #4288, #733, #2324, #3909, #393, #38 ),
 .UNSPECIFIED., .F., .F.,
 ( 4, 2, 2, 2, 2, 2, 2, 2, 4 ),
 ( 0.6250000000000000000, 0.6718750000000000000, 0.7187500000000000000, 0.7656250000000000000, 0.8125000000000000000, 0.8593750000000000000, 0.9062500000000000000, 0.9531250000000000000, 1.000000000000000000 ),
 .UNSPECIFIED. ) ;
#1085 = EDGE_CURVE ( 'NONE', #1501, #3073, #3628, .T. ) ;
#1086 = CARTESIAN_POINT ( 'NONE',  ( 16.71675334798907997, -9.094165300963434007, 3.328183065919516626 ) ) ;
#1087 = DIRECTION ( 'NONE',  ( 0.6478214427981697776, 0.7617922146168847330, -0.000000000000000000 ) ) ;
#1088 = CARTESIAN_POINT ( 'NONE',  ( 13.29987962766183607, -13.03906566494658037, 2.848052234036281494 ) ) ;
#1089 = CARTESIAN_POINT ( 'NONE',  ( 16.43980596082239742, -16.04409290684119682, 1.934544237560746005 ) ) ;
#1090 = EDGE_CURVE ( 'NONE', #3895, #3360, #3018, .T. ) ;
#1091 = CARTESIAN_POINT ( 'NONE',  ( 16.81448538846233731, -5.597513350176611446, 4.301390007231777446 ) ) ;
#1092 = ORIENTED_EDGE ( 'NONE', *, *, #187, .F. ) ;
#1093 = DIRECTION ( 'NONE',  ( 0.000000000000000000, 1.000000000000000000, -0.000000000000000000 ) ) ;
#1094 = CARTESIAN_POINT ( 'NONE',  ( 7.092353982574823412, -11.18145894007763452, 3.801522017722307467 ) ) ;
#1095 = CARTESIAN_POINT ( 'NONE',  ( 13.20478657148132484, -0.7699016566908349901, 2.903861601896272404 ) ) ;
#1096 = DIRECTION ( 'NONE',  ( 0.000000000000000000, 0.000000000000000000, -1.000000000000000000 ) ) ;
#1097 = CARTESIAN_POINT ( 'NONE',  ( 6.684517393804394025, -10.24931749624502686, 3.529599252893277583 ) ) ;
#1098 = ORIENTED_EDGE ( 'NONE', *, *, #2020, .T. ) ;
#1099 = CARTESIAN_POINT ( 'NONE',  ( 6.409362723187294719, -12.97245848622394782, 2.654419552467430332 ) ) ;
#1100 = CARTESIAN_POINT ( 'NONE',  ( 10.11570193281776575, -13.13169179328580682, 2.903829236628086008 ) ) ;
#1101 = CARTESIAN_POINT ( 'NONE',  ( 15.46682209985914014, -3.025915240518356697, 3.733488873730144597 ) ) ;
#1102 = CARTESIAN_POINT ( 'NONE',  ( 16.56130945469392657, -11.09102332036865768, 2.495020404300246408 ) ) ;
#1103 = CARTESIAN_POINT ( 'NONE',  ( 5.113451623849582184, -6.881717593517511666, 2.975086136412043114 ) ) ;
#1104 = CARTESIAN_POINT ( 'NONE',  ( 16.04076865183926515, -11.55973198815523162, 2.928308080163914529 ) ) ;
#1105 = CARTESIAN_POINT ( 'NONE',  ( 15.53436553725093638, -15.06671357977462478, 4.161726387019021978 ) ) ;
#1106 = CARTESIAN_POINT ( 'NONE',  ( 17.45198216082036069, -16.04409290684119327, 3.001051507304604016 ) ) ;
#1107 = CARTESIAN_POINT ( 'NONE',  ( 16.50440371953962071, -4.191755254439779144, 3.328143401730464301 ) ) ;
#1108 = CARTESIAN_POINT ( 'NONE',  ( 10.72353308014598028, -13.30320065400600527, 2.848046337674948081 ) ) ;
#1109 = CIRCLE ( 'NONE', #3951, 10.18101250000001734 ) ;
#1110 = EDGE_LOOP ( 'NONE', ( #119, #1245, #4830, #5093 ) ) ;
#1111 = CARTESIAN_POINT ( 'NONE',  ( 16.65764837476867299, -11.05297581547458208, 1.911551600640160276 ) ) ;
#1112 = CARTESIAN_POINT ( 'NONE',  ( 11.35603666368406195, -6.875000000000007994, 0.000000000000000000 ) ) ;
#1113 = CARTESIAN_POINT ( 'NONE',  ( 12.44938070211230396, -12.36605337508458824, 4.301427514523200379 ) ) ;
#1114 = CARTESIAN_POINT ( 'NONE',  ( 5.053459809729782037, -16.00000000000000711, 3.000000000000000000 ) ) ;
#1115 = CARTESIAN_POINT ( 'NONE',  ( 17.45198216082036069, -16.04409290684119327, 3.001051507304604016 ) ) ;
#1116 = EDGE_CURVE ( 'NONE', #4625, #4408, #4994, .T. ) ;
#1117 = CARTESIAN_POINT ( 'NONE',  ( 14.72599021468329639, -12.30013185783536400, 2.903819689568429840 ) ) ;
#1118 = CARTESIAN_POINT ( 'NONE',  ( 0.000000000000000000, -16.00000000000000000, 1.000000000000000000 ) ) ;
#1119 = VECTOR ( 'NONE', #2956, 1000.000000000000000 ) ;
#1120 = DIRECTION ( 'NONE',  ( 0.000000000000000000, 0.000000000000000000, -1.000000000000000000 ) ) ;
#1121 = DIRECTION ( 'NONE',  ( 0.000000000000000000, 0.000000000000000000, -1.000000000000000000 ) ) ;
#1122 = FACE_OUTER_BOUND ( 'NONE', #4868, .T. ) ;
#1123 = ORIENTED_EDGE ( 'NONE', *, *, #1600, .T. ) ;
#1124 = CARTESIAN_POINT ( 'NONE',  ( 16.48113445718798431, -10.93503223007760461, 2.779019076829148283 ) ) ;
#1125 = CARTESIAN_POINT ( 'NONE',  ( 16.00006175976613676, -10.23665409625266598, 3.589726551653765085 ) ) ;
#1126 = ORIENTED_EDGE ( 'NONE', *, *, #1869, .T. ) ;
#1127 = EDGE_CURVE ( 'NONE', #4451, #3794, #806, .T. ) ;
#1128 = CARTESIAN_POINT ( 'NONE',  ( 7.781415321665141605, -11.23449653092844791, 3.733417495333606340 ) ) ;
#1129 = CARTESIAN_POINT ( 'NONE',  ( 6.268916048331530710, -11.32515309841362239, 1.886727740291096689 ) ) ;
#1130 = CARTESIAN_POINT ( 'NONE',  ( 6.671304675528847206, -2.190268011844791474, 2.928308080163915417 ) ) ;
#1131 = CARTESIAN_POINT ( 'NONE',  ( 13.67612005676520326, -11.97849077664181650, 4.490873725614156875 ) ) ;
#1132 = LINE ( 'NONE', #4708, #237 ) ;
#1133 = CARTESIAN_POINT ( 'NONE',  ( 12.48902513351053400, -12.56516217545912184, 3.328111762640485694 ) ) ;
#1134 = CARTESIAN_POINT ( 'NONE',  ( 5.057884442064554342, -5.406021742330523239, 2.848001863457692462 ) ) ;
#1135 = AXIS2_PLACEMENT_3D ( 'NONE', #226, #256, #5021 ) ;
#1136 = CARTESIAN_POINT ( 'NONE',  ( 4.266036663684054098, -18.00000000000000355, 1.733889651497832363 ) ) ;
#1137 = CARTESIAN_POINT ( 'NONE',  ( 13.98701335927757938, -1.932653060502898867, 4.301573056097896419 ) ) ;
#1138 = PRODUCT_RELATED_PRODUCT_CATEGORY ( 'detail', '', ( #2077 ) ) ;
#1139 = AXIS2_PLACEMENT_3D ( 'NONE', #1072, #691, #3869 ) ;
#1140 = CIRCLE ( 'NONE', #4057, 0.9999999999999998890 ) ;
#1141 = CARTESIAN_POINT ( 'NONE',  ( 29.02053893421176767, -1.581642626083388356E-15, 0.000000000000000000 ) ) ;
#1142 = CARTESIAN_POINT ( 'NONE',  ( 6.272780022216281282, -16.00000000000000000, 1.934923674262837734 ) ) ;
#1143 = CARTESIAN_POINT ( 'NONE',  ( 10.11570193281776575, -13.13169179328580682, 2.903829236628086008 ) ) ;
#1144 = DIRECTION ( 'NONE',  ( -1.000000000000000000, 0.000000000000000000, 0.000000000000000000 ) ) ;
#1145 = CIRCLE ( 'NONE', #2753, 1.249999999999997558 ) ;
#1146 = CARTESIAN_POINT ( 'NONE',  ( 6.797866951189725171, -10.76838794975724944, 3.439223936123505965 ) ) ;
#1147 = CARTESIAN_POINT ( 'NONE',  ( 7.162308300763160496, -12.34883420364678841, 3.878126236135483573 ) ) ;
#1148 = EDGE_CURVE ( 'NONE', #1844, #1026, #277, .T. ) ;
#1149 = CARTESIAN_POINT ( 'NONE',  ( 6.225701020024619226, -16.47686019252859069, 1.919395913013226762 ) ) ;
#1150 = VERTEX_POINT ( 'NONE', #200 ) ;
#1151 = DIRECTION ( 'NONE',  ( -0.02359015869385894942, -0.9994709919320470259, -0.02238840546284339914 ) ) ;
#1152 = FACE_OUTER_BOUND ( 'NONE', #2658, .T. ) ;
#1153 = CARTESIAN_POINT ( 'NONE',  ( 16.85202704151477704, -5.588576612875380434, 3.733335453996750264 ) ) ;
#1154 = CARTESIAN_POINT ( 'NONE',  ( 11.35603666368404951, -13.72717158153024997, 2.707106781186544797 ) ) ;
#1155 = CARTESIAN_POINT ( 'NONE',  ( 16.95495166324937841, -6.876312537806230196, 4.490825432234543335 ) ) ;
#1156 = DIRECTION ( 'NONE',  ( 0.000000000000000000, 0.000000000000000000, -1.000000000000000000 ) ) ;
#1157 = CARTESIAN_POINT ( 'NONE',  ( 18.10603666368406550, -7.758454034183742465, 1.999999999999999556 ) ) ;
#1158 = CARTESIAN_POINT ( 'NONE',  ( 13.23462396566585753, -12.83224210269151833, 2.975044745009896019 ) ) ;
#1159 = CARTESIAN_POINT ( 'NONE',  ( 15.33597423409555027, -2.895062429588519670, 3.733488791509385951 ) ) ;
#1160 = DIRECTION ( 'NONE',  ( -1.000000000000000000, 0.000000000000000000, 0.000000000000000000 ) ) ;
#1161 = VERTEX_POINT ( 'NONE', #665 ) ;
#1162 = CARTESIAN_POINT ( 'NONE',  ( 14.46190271916752756, -2.216275218602089314, 4.112464107811232950 ) ) ;
#1163 =( BOUNDED_SURFACE ( )  B_SPLINE_SURFACE ( 3, 2, ( 
 ( #3546, #1746, #4436 ),
 ( #3340, #4462, #4049 ),
 ( #1770, #489, #2523 ),
 ( #1253, #599, #1279 ) ),
 .UNSPECIFIED., .F., .F., .F. ) 
 B_SPLINE_SURFACE_WITH_KNOTS ( ( 4, 4 ),
 ( 3, 3 ),
 ( -1.597800822084743944E-07, 0.001169663183049230110 ),
 ( 0.000000000000000000, 1.000000000000000000 ),
 .UNSPECIFIED. ) 
 GEOMETRIC_REPRESENTATION_ITEM ( )  RATIONAL_B_SPLINE_SURFACE ( (
 ( 1.000000000000000000, 0.8799077345183989873, 1.000000000000000000),
 ( 1.000000000000000000, 0.8617959450392269627, 1.000000000000000000),
 ( 1.000000000000000000, 0.8424390633821621233, 1.000000000000000000),
 ( 1.000000000000000000, 0.8226321130141901472, 1.000000000000000000) ) ) 
 REPRESENTATION_ITEM ( '' )  SURFACE ( )  );
#1164 = DIRECTION ( 'NONE',  ( 0.000000000000000000, 0.000000000000000000, -1.000000000000000000 ) ) ;
#1165 = CARTESIAN_POINT ( 'NONE',  ( 7.037842116554160476, -10.42512912007993897, 4.373212401264446214 ) ) ;
#1166 = CARTESIAN_POINT ( 'NONE',  ( 10.72484716779331748, -0.5273779178404380819, 2.903861403089320614 ) ) ;
#1167 = LINE ( 'NONE', #4763, #2746 ) ;
#1168 = CARTESIAN_POINT ( 'NONE',  ( 6.729029351287498351, -10.82417882948690746, 3.335106934962381864 ) ) ;
#1169 = CARTESIAN_POINT ( 'NONE',  ( 0.2660366636840528765, -6.875000000000006217, 3.000000000000000000 ) ) ;
#1170 = DIRECTION ( 'NONE',  ( -1.000000000000000000, 0.000000000000000000, 0.000000000000000000 ) ) ;
#1171 = VERTEX_POINT ( 'NONE', #2652 ) ;
#1172 = CARTESIAN_POINT ( 'NONE',  ( 7.966552556433342147, -11.33074219994107601, 4.467472459858304212 ) ) ;
#1173 = CARTESIAN_POINT ( 'NONE',  ( 6.384273454978321993, -9.532840540204922775, 3.733417812626267374 ) ) ;
#1174 = EDGE_CURVE ( 'NONE', #1786, #2280, #552, .T. ) ;
#1175 = SPHERICAL_SURFACE ( 'NONE', #3160, 7.681012500000016452 ) ;
#1176 = EDGE_LOOP ( 'NONE', ( #949, #141, #2005, #4486 ) ) ;
#1177 = ORIENTED_EDGE ( 'NONE', *, *, #2708, .F. ) ;
#1178 = CARTESIAN_POINT ( 'NONE',  ( 17.27423471521801090, -6.100413934262822302, 2.999999999999999556 ) ) ;
#1179 = CARTESIAN_POINT ( 'NONE',  ( 7.802250408892651201, -2.548402408461513780, 4.490559173597262976 ) ) ;
#1180 = EDGE_CURVE ( 'NONE', #3589, #3226, #2046, .T. ) ;
#1181 = CARTESIAN_POINT ( 'NONE',  ( -22.97946106578825010, -1.581642626083388356E-15, 3.000000000000000000 ) ) ;
#1182 = CARTESIAN_POINT ( 'NONE',  ( 16.65237636643154673, -11.05940467144894335, 2.000000000000000000 ) ) ;
#1183 = CARTESIAN_POINT ( 'NONE',  ( 17.45051004202003853, -16.72851996130404473, 2.985888079646125792 ) ) ;
#1184 = CARTESIAN_POINT ( 'NONE',  ( 17.10603666368406195, -6.875000000000007105, 3.000000000000000000 ) ) ;
#1185 = CARTESIAN_POINT ( 'NONE',  ( 16.29614596954190731, -9.510258900156271622, 4.112581354515220333 ) ) ;
#1186 = VERTEX_POINT ( 'NONE', #4593 ) ;
#1187 = CARTESIAN_POINT ( 'NONE',  ( 5.259394140677268403, -16.03801312486018560, 3.001175371845082651 ) ) ;
#1188 = DIRECTION ( 'NONE',  ( 1.000000000000000000, 0.000000000000000000, 0.000000000000000000 ) ) ;
#1189 = VECTOR ( 'NONE', #2983, 1000.000000000000000 ) ;
#1190 = FACE_OUTER_BOUND ( 'NONE', #3277, .T. ) ;
#1191 = CARTESIAN_POINT ( 'NONE',  ( 16.65237636643154673, -11.05940467144894335, 2.000000000000000000 ) ) ;
#1192 = CARTESIAN_POINT ( 'NONE',  ( 17.65861351763475184, -16.61684166661397200, 1.787087262207246008 ) ) ;
#1193 =( BOUNDED_CURVE ( )  B_SPLINE_CURVE ( 3, ( #4272, #666, #1861, #3456 ),
 .UNSPECIFIED., .F., .F. ) 
 B_SPLINE_CURVE_WITH_KNOTS ( ( 4, 4 ),
 ( 4.712388980384689674, 5.536419591295398845 ),
 .UNSPECIFIED. ) 
 CURVE ( )  GEOMETRIC_REPRESENTATION_ITEM ( )  RATIONAL_B_SPLINE_CURVE ( ( 1.000000000000000000, 0.9442104275898648424, 0.9442104275898648424, 1.000000000000000000 ) ) 
 REPRESENTATION_ITEM ( '' )  );
#1194 = LINE ( 'NONE', #2787, #2747 ) ;
#1195 = ORIENTED_EDGE ( 'NONE', *, *, #4020, .F. ) ;
#1196 = CARTESIAN_POINT ( 'NONE',  ( 7.092356481031662163, -11.18145553474812814, 3.801524644320394053 ) ) ;
#1197 = VERTEX_POINT ( 'NONE', #3455 ) ;
#1198 = CARTESIAN_POINT ( 'NONE',  ( 14.00489929068614359, -1.898523079445722628, 3.733420255272647204 ) ) ;
#1199 = CARTESIAN_POINT ( 'NONE',  ( 17.45267918669085461, -16.03801312486018915, 3.001175371845083095 ) ) ;
#1200 = VERTEX_POINT ( 'NONE', #1018 ) ;
#1201 = CARTESIAN_POINT ( 'NONE',  ( 6.889819092240997200, -15.10805360368842010, 3.561140439312509454 ) ) ;
#1202 = ORIENTED_EDGE ( 'NONE', *, *, #4048, .F. ) ;
#1203 =( BOUNDED_SURFACE ( )  B_SPLINE_SURFACE ( 3, 2, ( 
 ( #3746, #181, #1384 ),
 ( #3334, #594, #3359 ),
 ( #4097, #3715, #2994 ),
 ( #2941, #227, #2130 ) ),
 .UNSPECIFIED., .F., .F., .F. ) 
 B_SPLINE_SURFACE_WITH_KNOTS ( ( 4, 4 ),
 ( 3, 3 ),
 ( 0.000000000000000000, 2.205466493225329694E-05 ),
 ( 0.000000000000000000, 1.000000000000000000 ),
 .UNSPECIFIED. ) 
 GEOMETRIC_REPRESENTATION_ITEM ( )  RATIONAL_B_SPLINE_SURFACE ( (
 ( 1.000000000000000000, 0.6766877660635659542, 1.000000000000000000),
 ( 1.000000000000000000, 0.6770908757647154941, 1.000000000000000000),
 ( 1.000000000000000000, 0.6774870089809353901, 1.000000000000000000),
 ( 1.000000000000000000, 0.6778756493157847007, 1.000000000000000000) ) ) 
 REPRESENTATION_ITEM ( '' )  SURFACE ( )  );
#1204 = VERTEX_POINT ( 'NONE', #3381 ) ;
#1205 = CARTESIAN_POINT ( 'NONE',  ( 17.47693397977934637, -4.339641317780248642, 2.928308080163918969 ) ) ;
#1206 = CARTESIAN_POINT ( 'NONE',  ( 10.26730284420084338, -12.36694189703419688, 4.490393999447257478 ) ) ;
#1207 = CARTESIAN_POINT ( 'NONE',  ( 7.630075477683619489, -11.89339154041990554, 4.248572732504296567 ) ) ;
#1208 = AXIS2_PLACEMENT_3D ( 'NONE', #4069, #73, #4404 ) ;
#1209 = EDGE_CURVE ( 'NONE', #2284, #3360, #4205, .T. ) ;
#1210 = CARTESIAN_POINT ( 'NONE',  ( 15.76773065128849893, -10.94664258505354582, 3.634095918807948689 ) ) ;
#1211 = CARTESIAN_POINT ( 'NONE',  ( 17.10603666368406195, -6.875000000000007105, 3.000000000000000000 ) ) ;
#1212 = CARTESIAN_POINT ( 'NONE',  ( 7.392503055347262375, -2.920199681016261817, 4.112768679592732290 ) ) ;
#1213 = ADVANCED_FACE ( 'NONE', ( #2962, #2937, #2235, #4117 ), #3740, .T. ) ;
#1214 = ORIENTED_EDGE ( 'NONE', *, *, #1059, .F. ) ;
#1215 = CARTESIAN_POINT ( 'NONE',  ( 13.60245819916543653, -12.30669612831083626, 4.736685192918872467 ) ) ;
#1216 = CIRCLE ( 'NONE', #4793, 1.000000000000000888 ) ;
#1217 = LINE ( 'NONE', #1757, #1650 ) ;
#1218 = CARTESIAN_POINT ( 'NONE',  ( 6.507330428480089246, -10.92304359523907387, 2.944891134498152319 ) ) ;
#1219 = AXIS2_PLACEMENT_3D ( 'NONE', #4741, #1263, #1188 ) ;
#1220 = LINE ( 'NONE', #476, #13 ) ;
#1221 = ORIENTED_EDGE ( 'NONE', *, *, #1936, .F. ) ;
#1222 = CARTESIAN_POINT ( 'NONE',  ( 8.094489842353363329, -12.29893809476519806, 4.499121620189511894 ) ) ;
#1223 = DIRECTION ( 'NONE',  ( 0.1465486610894621011, -0.9892034623538707994, 0.000000000000000000 ) ) ;
#1224 = CARTESIAN_POINT ( 'NONE',  ( 16.47545913539333995, -9.605532215580531386, 3.328139362895716769 ) ) ;
#1225 = CIRCLE ( 'NONE', #4142, 7.999999999999996447 ) ;
#1226 = CARTESIAN_POINT ( 'NONE',  ( 6.859178005011425050, -10.81945308276893414, 3.525151038789948732 ) ) ;
#1227 = ORIENTED_EDGE ( 'NONE', *, *, #3711, .F. ) ;
#1228 = CARTESIAN_POINT ( 'NONE',  ( 6.849305997684974834, -12.26241233710782552, 3.512697293016520117 ) ) ;
#1229 = CIRCLE ( 'NONE', #2999, 1.249999999999997558 ) ;
#1230 = CARTESIAN_POINT ( 'NONE',  ( 16.07144281997956625, -11.11944379772141112, 3.185524080162904337 ) ) ;
#1231 = ORIENTED_EDGE ( 'NONE', *, *, #2675, .T. ) ;
#1232 = CARTESIAN_POINT ( 'NONE',  ( 6.458806063102770167, -11.77223060058129356, 2.168198051533947179 ) ) ;
#1233 = CARTESIAN_POINT ( 'NONE',  ( 16.29606789316623860, -9.510405204233256526, 4.490559454785062243 ) ) ;
#1234 = CARTESIAN_POINT ( 'NONE',  ( -11.22023827261601703, -2.550550024661256021, 2.000000000000000000 ) ) ;
#1235 = CARTESIAN_POINT ( 'NONE',  ( 17.32900874899914001, -8.689823437844367504, 2.975039917298393899 ) ) ;
#1236 = CARTESIAN_POINT ( 'NONE',  ( 15.30876357051687719, -2.922273093167195857, 4.301720941525519315 ) ) ;
#1237 = CARTESIAN_POINT ( 'NONE',  ( 11.35206930823703075, -0.4155152815555058221, 2.848102423735436428 ) ) ;
#1238 = EDGE_CURVE ( 'NONE', #4096, #2631, #2140, .T. ) ;
#1239 = CARTESIAN_POINT ( 'NONE',  ( 6.418331301026953817, -9.514817576456589876, 4.112579193302980052 ) ) ;
#1240 = ORIENTED_EDGE ( 'NONE', *, *, #1803, .T. ) ;
#1241 = CARTESIAN_POINT ( 'NONE',  ( 4.906954049365269022, -6.875000000000108358, 2.848083729136107412 ) ) ;
#1242 = LINE ( 'NONE', #2833, #484 ) ;
#1243 = CARTESIAN_POINT ( 'NONE',  ( 6.788026084733383314, -10.49239018442827920, 3.424930147535965919 ) ) ;
#1244 = CARTESIAN_POINT ( 'NONE',  ( 11.35603666368406195, -6.875000000000007994, -0.1810125000000165629 ) ) ;
#1245 = ORIENTED_EDGE ( 'NONE', *, *, #4421, .F. ) ;
#1246 = CARTESIAN_POINT ( 'NONE',  ( 5.191646868218435351, -16.71729911216764108, 2.990167826011592922 ) ) ;
#1247 = CARTESIAN_POINT ( 'NONE',  ( 5.915619427507103900, -4.837557101435103313, 3.328190896362902773 ) ) ;
#1248 = CARTESIAN_POINT ( 'NONE',  ( -9.074569634029492349, 9.348806768937508949, 2.000000000000000000 ) ) ;
#1249 = ORIENTED_EDGE ( 'NONE', *, *, #3591, .F. ) ;
#1250 = CARTESIAN_POINT ( 'NONE',  ( 6.836450398391233030, -15.04488826503347987, 3.492469114581957967 ) ) ;
#1251 = CARTESIAN_POINT ( 'NONE',  ( 18.10603666368406550, -6.875000000000006217, 2.336396103067893915 ) ) ;
#1252 = CARTESIAN_POINT ( 'NONE',  ( 12.44938070211230396, -12.36605337508458824, 4.301427514523200379 ) ) ;
#1253 = CARTESIAN_POINT ( 'NONE',  ( 15.08199784968453194, -11.89339154041984514, 4.248572732504277916 ) ) ;
#1254 = FACE_OUTER_BOUND ( 'NONE', #1333, .T. ) ;
#1255 = CARTESIAN_POINT ( 'NONE',  ( 14.65402581711934538, -12.18426437459705447, 2.975003307819124920 ) ) ;
#1256 = CARTESIAN_POINT ( 'NONE',  ( 0.000000000000000000, 0.000000000000000000, 0.000000000000000000 ) ) ;
#1257 = CARTESIAN_POINT ( 'NONE',  ( 8.705674561132855871, -0.4764598668211989518, 2.168198051533947623 ) ) ;
#1258 = CARTESIAN_POINT ( 'NONE',  ( 17.52050432534830549, -16.02957291838101739, 3.000363124483750976 ) ) ;
#1259 = CARTESIAN_POINT ( 'NONE',  ( 6.429210152657011790, -10.92631676281365927, 2.903862659806331070 ) ) ;
#1260 = CARTESIAN_POINT ( 'NONE',  ( 13.98693969196122566, -1.932613951364509752, 4.112583543481947324 ) ) ;
#1261 = EDGE_CURVE ( 'NONE', #4037, #1710, #3043, .T. ) ;
#1262 = PLANE ( 'NONE',  #2386 ) ;
#1263 = DIRECTION ( 'NONE',  ( -0.000000000000000000, 0.000000000000000000, 1.000000000000000000 ) ) ;
#1264 = CARTESIAN_POINT ( 'NONE',  ( 5.456340794482443357, -6.875000000000009770, 3.000000000000000444 ) ) ;
#1265 = CARTESIAN_POINT ( 'NONE',  ( 6.546517113478803829, -10.33325474585707227, 3.287291401579696792 ) ) ;
#1266 = CARTESIAN_POINT ( 'NONE',  ( 5.585089283389543802, -17.54930491911524015, 2.314347029470126493 ) ) ;
#1267 = B_SPLINE_CURVE_WITH_KNOTS ( 'NONE', 3,
 ( #2760, #5046, #3534, #1047, #2310, #331 ),
 .UNSPECIFIED., .F., .F.,
 ( 4, 2, 4 ),
 ( 0.000000000000000000, 0.0006500843438201976731, 0.001300168687640395346 ),
 .UNSPECIFIED. ) ;
#1268 = ORIENTED_EDGE ( 'NONE', *, *, #3393, .T. ) ;
#1269 = EDGE_CURVE ( 'NONE', #1150, #2508, #2726, .T. ) ;
#1270 = LINE ( 'NONE', #3820, #1883 ) ;
#1271 = CARTESIAN_POINT ( 'NONE',  ( 5.665888334376306901, -8.009514097862886928, 3.328111965603512967 ) ) ;
#1272 = CARTESIAN_POINT ( 'NONE',  ( 5.626812441584693403, -17.51558824573939788, 2.353245150494012172 ) ) ;
#1273 = VERTEX_POINT ( 'NONE', #5070 ) ;
#1274 = CARTESIAN_POINT ( 'NONE',  ( 5.046485459623834657, -13.18218321022193251, 3.926075337565461787 ) ) ;
#1275 = EDGE_LOOP ( 'NONE', ( #1610, #2441, #4386, #77 ) ) ;
#1276 = CARTESIAN_POINT ( 'NONE',  ( 11.95927848814053363, -0.6618701576924028718, 2.975040537973138832 ) ) ;
#1277 = CARTESIAN_POINT ( 'NONE',  ( 16.25326726426532886, -11.77223060058130599, 1.999999999999999112 ) ) ;
#1278 = CARTESIAN_POINT ( 'NONE',  ( 7.806036814360604481, -11.20485530886403325, 4.301567099451948373 ) ) ;
#1279 = CARTESIAN_POINT ( 'NONE',  ( 14.97917232979283853, -11.13187537343656430, 5.086800426173085476 ) ) ;
#1280 = DIRECTION ( 'NONE',  ( 1.000000000000000000, 0.000000000000000000, 0.000000000000000000 ) ) ;
#1281 = CARTESIAN_POINT ( 'NONE',  ( 8.972275510707104829, -14.61278799990086164, 5.800417238623390759 ) ) ;
#1282 = CARTESIAN_POINT ( 'NONE',  ( 14.00639876623529823, -13.27354013317880366, 2.336396103067895691 ) ) ;
#1283 = CARTESIAN_POINT ( 'NONE',  ( 14.32458658926914907, -13.19962847767874692, 4.605082238742257417 ) ) ;
#1284 = UNCERTAINTY_MEASURE_WITH_UNIT (LENGTH_MEASURE( 1.000000000000000082E-05 ), #2782, 'distance_accuracy_value', 'NONE');
#1285 = AXIS2_PLACEMENT_3D ( 'NONE', #613, #4966, #1787 ) ;
#1286 = CARTESIAN_POINT ( 'NONE',  ( 17.65289772610984897, -5.400924061847513613, 2.848002278740206616 ) ) ;
#1287 = CARTESIAN_POINT ( 'NONE',  ( 15.77181225526965491, -2.459224408414415919, 2.999999999999999112 ) ) ;
#1288 = CARTESIAN_POINT ( 'NONE',  ( 16.33022084553399367, -9.528249403719692978, 3.733419026160674115 ) ) ;
#1289 = CARTESIAN_POINT ( 'NONE',  ( 6.345667112939906929, -16.02825977185804618, 3.020161712009294952 ) ) ;
#1290 = APPROVAL_ROLE ( '' ) ;
#1291 = B_SPLINE_CURVE_WITH_KNOTS ( 'NONE', 3,
 ( #363, #3897, #3461, #3874, #1468, #5051 ),
 .UNSPECIFIED., .F., .F.,
 ( 4, 2, 4 ),
 ( 0.5000000000000000000, 0.5532093175180277100, 0.6064186350360554201 ),
 .UNSPECIFIED. ) ;
#1292 = CARTESIAN_POINT ( 'NONE',  ( 5.905428402087302686, -9.132715865136225020, 3.000000000000000000 ) ) ;
#1293 = DIRECTION ( 'NONE',  ( -1.000000000000000000, 0.000000000000000000, 0.000000000000000000 ) ) ;
#1294 = CC_DESIGN_DATE_AND_TIME_ASSIGNMENT ( #4062, #142, ( #3767 ) ) ;
#1295 = CARTESIAN_POINT ( 'NONE',  ( 15.43879405178959985, -3.052308395544536257, 4.490736517023729668 ) ) ;
#1296 = VERTEX_POINT ( 'NONE', #1114 ) ;
#1297 = CARTESIAN_POINT ( 'NONE',  ( 15.38759974774184158, -10.75936508019509397, 4.045564060242694104 ) ) ;
#1298 = CARTESIAN_POINT ( 'NONE',  ( 10.78775978464187446, -12.64913593831286676, 3.328139070495143681 ) ) ;
#1299 = DIRECTION ( 'NONE',  ( 0.000000000000000000, -0.000000000000000000, -1.000000000000000000 ) ) ;
#1300 = CIRCLE ( 'NONE', #2663, 2.000000000000001776 ) ;
#1301 = ORIENTED_EDGE ( 'NONE', *, *, #3705, .F. ) ;
#1302 = CARTESIAN_POINT ( 'NONE',  ( 5.061230114569421623, -13.13154387802045520, 3.975379035862943944 ) ) ;
#1303 = ADVANCED_FACE ( 'NONE', ( #3533 ), #808, .F. ) ;
#1304 = ORIENTED_EDGE ( 'NONE', *, *, #3675, .T. ) ;
#1305 = CARTESIAN_POINT ( 'NONE',  ( 6.570909983514627406, -13.48830808298761141, 5.353983023978522660 ) ) ;
#1306 = CIRCLE ( 'NONE', #4878, 1.000000000000000222 ) ;
#1307 = AXIS2_PLACEMENT_3D ( 'NONE', #2304, #1956, #3062 ) ;
#1308 = CARTESIAN_POINT ( 'NONE',  ( 4.957496530505256516, -9.525362102551220289, 2.000000000000000000 ) ) ;
#1309 = CARTESIAN_POINT ( 'NONE',  ( 6.385395617598167206, -4.290330000737586857, 4.301594406113514957 ) ) ;
#1310 = DIRECTION ( 'NONE',  ( 0.000000000000000000, -1.000000000000000000, 0.000000000000000000 ) ) ;
#1311 = EDGE_CURVE ( 'NONE', #1171, #3125, #1419, .T. ) ;
#1312 = VECTOR ( 'NONE', #4478, 1000.000000000000227 ) ;
#1313 = FACE_OUTER_BOUND ( 'NONE', #4410, .T. ) ;
#1314 = CARTESIAN_POINT ( 'NONE',  ( 6.273257864932590522, -15.63406081923004010, 1.942038419645113478 ) ) ;
#1315 = CARTESIAN_POINT ( 'NONE',  ( 18.10603666368406550, -6.875000000000006217, 2.000000000000000000 ) ) ;
#1316 = CARTESIAN_POINT ( 'NONE',  ( 16.08542829240984773, -13.52287648411793164, 5.369370137779552188 ) ) ;
#1317 = CARTESIAN_POINT ( 'NONE',  ( 15.40514508730512944, -11.91270937269761632, 2.848040448495610111 ) ) ;
#1318 = CARTESIAN_POINT ( 'NONE',  ( 18.03434474384797781, -6.875000000000006217, 2.707106781186548350 ) ) ;
#1319 = CARTESIAN_POINT ( 'NONE',  ( 6.666787538988311113, -3.745919920126814961, 3.733352816579956546 ) ) ;
#1320 = DIRECTION ( 'NONE',  ( -6.938893903907221278E-15, -1.000000000000000000, 0.000000000000000000 ) ) ;
#1321 = EDGE_LOOP ( 'NONE', ( #564, #176, #1304, #2543, #2209, #4697, #2533, #4180, #3016, #4074, #34, #5078 ) ) ;
#1322 = CARTESIAN_POINT ( 'NONE',  ( -24.22946106578824654, -1.734723475976807094E-15, 3.000000000000000000 ) ) ;
#1323 = CARTESIAN_POINT ( 'NONE',  ( 17.10603666368406195, -6.875000000000007105, 3.000000000000000000 ) ) ;
#1324 = CARTESIAN_POINT ( 'NONE',  ( -22.97946106578825010, -1.581642626083388356E-15, 3.000000000000000000 ) ) ;
#1325 = CARTESIAN_POINT ( 'NONE',  ( 16.49629334151372007, -10.73274711968108619, 2.863363007953484196 ) ) ;
#1326 = CARTESIAN_POINT ( 'NONE',  ( 16.60443424587609229, -4.904441075503744862, 4.490874689035559975 ) ) ;
#1327 = ORIENTED_EDGE ( 'NONE', *, *, #35, .T. ) ;
#1328 = CARTESIAN_POINT ( 'NONE',  ( 22.77053893421177477, -8.000000000000003553, 3.000000000000000000 ) ) ;
#1329 = CARTESIAN_POINT ( 'NONE',  ( 17.15805042973987682, -6.876357149638555377, 3.328183117579050609 ) ) ;
#1330 = CARTESIAN_POINT ( 'NONE',  ( 5.840484319654089873, -17.23368333322832768, 1.777148494334340967 ) ) ;
#1331 = VERTEX_POINT ( 'NONE', #4294 ) ;
#1332 = CARTESIAN_POINT ( 'NONE',  ( 7.458900590739294678, -14.25827762945457167, 4.215044220150242715 ) ) ;
#1333 = EDGE_LOOP ( 'NONE', ( #3609, #3354, #3052, #1064, #329 ) ) ;
#1334 = CARTESIAN_POINT ( 'NONE',  ( 8.240540096338079934, -2.223076749186220447, 4.301429601923541846 ) ) ;
#1335 = CARTESIAN_POINT ( 'NONE',  ( 14.06620408349297158, -14.51223283103706940, 5.800417238623392535 ) ) ;
#1336 = DIRECTION ( 'NONE',  ( -0.000000000000000000, 0.000000000000000000, 1.000000000000000000 ) ) ;
#1337 =( BOUNDED_SURFACE ( )  B_SPLINE_SURFACE ( 3, 2, ( 
 ( #980, #3342, #934 ),
 ( #1314, #2923, #3753 ),
 ( #1364, #2551, #1394 ),
 ( #4493, #2582, #2169 ),
 ( #2525, #4102, #2137 ),
 ( #4899, #3722, #2971 ),
 ( #4153, #600, #161 ),
 ( #2948, #4521, #2195 ),
 ( #955, #4127, #4924 ),
 ( #2429, #4073, #3304 ),
 ( #1683, #1658, #510 ),
 ( #3237, #4000, #3282 ),
 ( #4867, #4795, #4409 ),
 ( #874, #4844, #1274 ),
 ( #3596, #1709, #1302 ),
 ( #2103, #3214, #4431 ),
 ( #4357, #852, #2888 ),
 ( #3261, #4772, #802 ),
 ( #2399, #3689, #3974 ),
 ( #413, #2447, #2004 ),
 ( #2864, #4019, #2467 ),
 ( #1228, #1201, #4456 ),
 ( #33, #1250, #1608 ),
 ( #2817, #2045, #4383 ),
 ( #455, #3636, #828 ),
 ( #130, #2842, #437 ),
 ( #2025, #3615, #59 ),
 ( #1632, #79, #900 ),
 ( #4820, #4043, #483 ),
 ( #2076, #3663, #104 ),
 ( #2494, #2187, #203 ),
 ( #1838, #1766, #2544 ),
 ( #2915, #1332, #3769 ),
 ( #533, #4893, #1791 ),
 ( #4970, #3825, #4485 ),
 ( #999, #2210, #3385 ),
 ( #642, #4513, #1356 ),
 ( #926, #2518, #4542 ) ),
 .UNSPECIFIED., .F., .F., .F. ) 
 B_SPLINE_SURFACE_WITH_KNOTS ( ( 4, 2, 2, 2, 2, 2, 2, 2, 2, 2, 2, 2, 2, 2, 2, 2, 2, 2, 4 ),
 ( 3, 3 ),
 ( 0.0001471341109588221723, 0.001233464318351951876, 0.001776629422048516850, 0.002319794525745081607, 0.002862959629441646364, 0.003406124733138211555, 0.003677707284986494150, 0.003949289836834776746, 0.004220872388683058474, 0.004492454940531341069, 0.004764037492379623664, 0.005035620044227905392, 0.005307202596076187988, 0.005578785147924470583, 0.006121950251621035774, 0.006665115355317600965, 0.007208280459014166155, 0.007751445562710730479, 0.008837775770103859993 ),
 ( 0.000000000000000000, 1.000000000000000000 ),
 .UNSPECIFIED. ) 
 GEOMETRIC_REPRESENTATION_ITEM ( )  RATIONAL_B_SPLINE_SURFACE ( (
 ( 1.000000000000000000, 0.6766877660635775005, 1.000000000000000000),
 ( 1.000000000000000000, 0.6601040951895930098, 1.000000000000000000),
 ( 1.000000000000000000, 0.6391682221650554219, 1.000000000000000000),
 ( 1.000000000000000000, 0.6005099184378062116, 1.000000000000000000),
 ( 1.000000000000000000, 0.5864122174853286795, 1.000000000000000000),
 ( 1.000000000000000000, 0.5556131580953095339, 1.000000000000000000),
 ( 1.000000000000000000, 0.5388358126791691349, 1.000000000000000000),
 ( 1.000000000000000000, 0.5032306855098508391, 1.000000000000000000),
 ( 1.000000000000000000, 0.4843339640285951320, 1.000000000000000000),
 ( 1.000000000000000000, 0.4447739345449532311, 1.000000000000000000),
 ( 1.000000000000000000, 0.4240002097264043979, 1.000000000000000000),
 ( 1.000000000000000000, 0.3938346302893002138, 1.000000000000000000),
 ( 1.000000000000000000, 0.3839276410222819402, 1.000000000000000000),
 ( 1.000000000000000000, 0.3650568497625462649, 1.000000000000000000),
 ( 1.000000000000000000, 0.3560568783126740744, 1.000000000000000000),
 ( 1.000000000000000000, 0.3405767690491838251, 1.000000000000000000),
 ( 1.000000000000000000, 0.3340369770214379197, 1.000000000000000000),
 ( 1.000000000000000000, 0.3246817764056701416, 1.000000000000000000),
 ( 1.000000000000000000, 0.3219613007107205993, 1.000000000000000000),
 ( 1.000000000000000000, 0.3213718810527237402, 1.000000000000000000),
 ( 1.000000000000000000, 0.3234360241797327729, 1.000000000000000000),
 ( 1.000000000000000000, 0.3320044409101148841, 1.000000000000000000),
 ( 1.000000000000000000, 0.3384737917666220675, 1.000000000000000000),
 ( 1.000000000000000000, 0.3540842911038142304, 1.000000000000000000),
 ( 1.000000000000000000, 0.3632562323479548994, 1.000000000000000000),
 ( 1.000000000000000000, 0.3831771185297180304, 1.000000000000000000),
 ( 1.000000000000000000, 0.3939228358142214947, 1.000000000000000000),
 ( 1.000000000000000000, 0.4265359863930374695, 1.000000000000000000),
 ( 1.000000000000000000, 0.4489585175091201363, 1.000000000000000000),
 ( 1.000000000000000000, 0.4922650439480480977, 1.000000000000000000),
 ( 1.000000000000000000, 0.5132913636003968438, 1.000000000000000000),
 ( 1.000000000000000000, 0.5520648920839319462, 1.000000000000000000),
 ( 1.000000000000000000, 0.5699477096195242343, 1.000000000000000000),
 ( 1.000000000000000000, 0.6024122758209438100, 1.000000000000000000),
 ( 1.000000000000000000, 0.6170016455537481459, 1.000000000000000000),
 ( 1.000000000000000000, 0.6554510351544218238, 1.000000000000000000),
 ( 1.000000000000000000, 0.6738732507498853552, 1.000000000000000000),
 ( 1.000000000000000000, 0.6831809470683685159, 1.000000000000000000) ) ) 
 REPRESENTATION_ITEM ( '' )  SURFACE ( )  );
#1338 = CARTESIAN_POINT ( 'NONE',  ( 11.35603666368404951, -13.80072993341060794, 2.336396103067893470 ) ) ;
#1339 = EDGE_CURVE ( 'NONE', #4171, #4681, #67, .T. ) ;
#1340 = CARTESIAN_POINT ( 'NONE',  ( 17.23487982552914133, -12.90060921019407836, 4.634369258685515192 ) ) ;
#1341 = CARTESIAN_POINT ( 'NONE',  ( 5.989332500472821508, -10.46945753132120593, 2.848011788467487371 ) ) ;
#1342 = CARTESIAN_POINT ( 'NONE',  ( 17.68661774111536289, -9.497212539974501766, 2.707106781186548350 ) ) ;
#1343 = CARTESIAN_POINT ( 'NONE',  ( 14.48327365562339963, -2.184215605297583185, 3.733353204819410465 ) ) ;
#1344 = DIRECTION ( 'NONE',  ( 0.000000000000000000, -0.000000000000000000, -1.000000000000000000 ) ) ;
#1345 = CARTESIAN_POINT ( 'NONE',  ( 8.967387092066816834, -12.73789904759772007, 4.722673778012818957 ) ) ;
#1346 = CARTESIAN_POINT ( 'NONE',  ( 16.44603666368406891, -7.000000000000002665, 1.733889651497832363 ) ) ;
#1347 = CARTESIAN_POINT ( 'NONE',  ( 8.733824123709547749, -13.20558107743128318, 2.707106781186549238 ) ) ;
#1348 = PLANE ( 'NONE',  #4526 ) ;
#1349 = CARTESIAN_POINT ( 'NONE',  ( 22.77053893421170017, 17.99999999999999645, 1.000000000000000000 ) ) ;
#1350 = CARTESIAN_POINT ( 'NONE',  ( 8.240543064058284628, -2.223079624008679200, 4.490394034041905513 ) ) ;
#1351 = ORIENTED_EDGE ( 'NONE', *, *, #1443, .T. ) ;
#1352 = CARTESIAN_POINT ( 'NONE',  ( 6.403952933294299932, -10.87289528863570354, 2.908645106501273947 ) ) ;
#1353 = CARTESIAN_POINT ( 'NONE',  ( 5.813772105261556966, -3.993808027507581127, 2.975045061839446614 ) ) ;
#1354 = CARTESIAN_POINT ( 'NONE',  ( 5.927353721596466229, -17.22100144125495902, 2.634809918727169187 ) ) ;
#1355 = ORIENTED_EDGE ( 'NONE', *, *, #1238, .T. ) ;
#1356 = CARTESIAN_POINT ( 'NONE',  ( 8.573307788288262898, -14.48987900370738835, 5.800417234607445849 ) ) ;
#1357 = B_SPLINE_SURFACE_WITH_KNOTS ( 'NONE', 5, 3, ( 
 ( #4733, #3163, #4336, #2774, #832, #392, #4388, #37, #1155, #3953, #1613, #1978, #347, #1233, #371, #2028, #2846, #1636, #3620, #1131, #3523, #4755, #417, #4413, #3978, #1206, #2744, #2323, #3570, #15, #3908, #2007, #2820, #2431, #5082, #1529, #3135, #4707, #1588, #61, #4313, #2403, #3598, #761, #3191, #4003, #2348, #1179, #3930, #1954, #3545, #5107, #3242, #1555, #3217, #2798, #4363, #805, #4776, #440, #2497, #930, #4022, #567 ),
 ( #2050, #84, #2919, #460, #1768, #2866, #3692, #2969, #2080, #905, #4076, #4435, #2945, #2165, #2892, #4047, #4490, #1689, #3287, #2522, #4099, #1252, #2107, #108, #3720, #3310, #1745, #3639, #2449, #4871, #1278, #185, #3363, #4848, #879, #132, #537, #4461, #2134, #2471, #1713, #513, #159, #1309, #3339, #1662, #3263, #4896, #1334, #4920, #1362, #4518, #488, #953, #2547, #4125, #3751, #855, #4823, #3666, #4946, #3467, #675, #3856 ),
 ( #2216, #2274, #620, #1055, #646, #3800, #1004, #288, #4258, #313, #3878, #4151, #3081, #1817, #232, #1422, #4976, #4655, #2632, #1472, #1871, #3416, #1028, #5027, #4603, #2578, #1896, #2606, #700, #3491, #5055, #2295, #3387, #598, #1842, #2664, #1502, #4234, #1079, #1389, #4547, #3027, #4203, #977, #2692, #2192, #3772, #207, #1794, #3000, #4577, #2245, #4177, #3830, #4627, #262, #3442, #5004, #1446, #3053, #1974, #3518, #4679, #343 ),
 ( #2396, #1101, #4728, #434, #2716, #1583, #1153, #3186, #4283, #2814, #1552, #1951, #54, #2022, #3157, #5079, #3130, #2770, #4332, #729, #3107, #1927, #1605, #800, #3611, #4702, #3565, #4749, #778, #2318, #1128, #3903, #4307, #2368, #1173, #3926, #9, #2426, #4379, #824, #1526, #2001, #4353, #3970, #2740, #4769, #3947, #3998, #756, #2344, #367, #389, #3542, #5102, #2792, #410, #3593, #31, #3210, #1198, #127, #2840, #4406, #1706 ),
 ( #4482, #4039, #3279, #924, #1680, #4791, #4118, #4818, #1329, #560, #947, #2938, #452, #1224, #4070, #4865, #2156, #3302, #530, #2040, #3742, #2072, #4841, #1629, #1298, #2127, #3712, #3234, #849, #2444, #4016, #4453, #4510, #3633, #2911, #2516, #74, #1271, #151, #1654, #507, #3258, #1247, #2861, #4428, #2541, #871, #4094, #2464, #2885, #479, #3660, #1734, #896, #3331, #101, #2490, #2100, #3685, #4891, #2685, #3792, #591, #201 ),
 ( #2288, #1381, #224, #1812, #2184, #2267, #1463, #2208, #3382, #3822, #996, #2598, #255, #1836, #3766, #1414, #4570, #3045, #2623, #1048, #4914, #1763, #4196, #614, #4647, #1073, #4169, #1788, #3406, #4967, #692, #3436, #4224, #667, #4251, #4538, #178, #3356, #3020, #3070, #4146, #4996, #1439, #1353, #4595, #3847, #4940, #639, #2989, #2963, #2570, #972, #5020, #1020, #4619, #2237, #2654, #280, #1862, #3457, #359, #3941, #1887, #3647 ),
 ( #5047, #3099, #771, #3483, #4828, #721, #1542, #886, #5072, #3917, #1943, #2311, #861, #92, #745, #1918, #2360, #4693, #1117, #381, #1965, #4274, #5096, #3122, #1573, #1143, #4742, #1493, #303, #2761, #4296, #3268, #1259, #2731, #3893, #3148, #3557, #2336, #4324, #2874, #1669, #4442, #332, #2783, #1, #3176, #3513, #470, #3535, #3870, #1519, #4672, #4718, #1166, #4418, #2454, #4028, #1095, #2057, #2707, #2555, #4105, #958, #3673 ),
 ( #3291, #3391, #982, #4854, #1752, #164, #1286, #4951, #4927, #4581, #4130, #2528, #1397, #1367, #3006, #1693, #2478, #1317, #2113, #2974, #4055, #913, #496, #2087, #3345, #3779, #2898, #575, #2172, #114, #544, #2585, #2504, #1341, #4468, #4082, #518, #3699, #212, #138, #1775, #1720, #2141, #3316, #4877, #3756, #3725, #192, #2927, #1800, #937, #4497, #4902, #2951, #4524, #3369, #4553, #4156, #603, #2610, #3136, #4980, #4684, #3883 ) ),
 .UNSPECIFIED., .F., .T., .F.,
 ( 6, 2, 6 ),
 ( 4, 1, 1, 1, 1, 1, 1, 1, 1, 1, 1, 1, 1, 1, 1, 1, 1, 1, 1, 1, 1, 1, 1, 1, 1, 1, 1, 1, 1, 1, 1, 1, 1, 1, 1, 1, 1, 1, 1, 1, 1, 1, 1, 1, 1, 1, 1, 1, 1, 1, 1, 1, 1, 1, 1, 1, 1, 1, 1, 1, 1, 4 ),
 ( 0.000000000000000000, 0.5000000000000000000, 1.000000000000000000 ),
 ( -0.02293651772636717129, -0.02219504478120298829, -0.02145357183603880877, -0.02071209889087462230, -0.01972346829732238294, -0.01873483770377014010, -0.01774620711021789726, -0.01700473416505371427, -0.01626326121988953474, -0.01552178827472535348, -0.01478031532956117049, -0.01403884238439698749, -0.01329736943923280623, -0.01255589649406862324, -0.01181442354890444024, -0.01107295060374025898, -0.01033147765857607946, -0.009342847065023834885, -0.008354216471471593783, -0.007365585877919350079, -0.006624112932755168819, -0.005882639987590987558, -0.005141167042426804563, -0.004399694097262623303, -0.003658221152098441609, -0.002916748206934259482, -0.002175275261770077788, -0.001433802316605895660, -0.0006923293714417140749, 4.914357372246794427E-05, 0.0007906165188866498550, 0.001532089464050831766, 0.002273562409215013676, 0.003015035354379195370, 0.003756508299543377064, 0.004497981244707558758, 0.005239454189871740886, 0.005980927135035923881, 0.006722400080200104273, 0.007463873025364287268, 0.008452503618916529238, 0.009441134212468772074, 0.01042976480602101491, 0.01117123775118519791, 0.01191271069634937917, 0.01265418364151355869, 0.01339565658667774169, 0.01413712953184192295, 0.01487860247700610594, 0.01562007542217028720, 0.01636154836733446846, 0.01710302131249865146, 0.01784449425766283445, 0.01858596720282701398, 0.01932744014799119697, 0.02006891309315537997, 0.02081038603831955949, 0.02155185898348374249, 0.02229333192864792548, 0.02303480487381210848, 0.02377627781897628800, 0.02451775076414047100 ),
 .UNSPECIFIED. ) ;
#1358 = ORIENTED_EDGE ( 'NONE', *, *, #3367, .F. ) ;
#1359 = EDGE_LOOP ( 'NONE', ( #3631, #1496, #3875 ) ) ;
#1360 = CARTESIAN_POINT ( 'NONE',  ( 16.00816923165734806, -10.88074078384030763, 3.294559005046672873 ) ) ;
#1361 = EDGE_LOOP ( 'NONE', ( #993, #1976, #3240, #3460 ) ) ;
#1362 = CARTESIAN_POINT ( 'NONE',  ( 9.210747921421546636, -1.703194370070307828, 4.301797461090570707 ) ) ;
#1363 = CARTESIAN_POINT ( 'NONE',  ( 16.43036924247874708, -11.69352212192981533, 2.046037143206987263 ) ) ;
#1364 = CARTESIAN_POINT ( 'NONE',  ( 6.275181762012413067, -15.27402951213420046, 1.974713336475271586 ) ) ;
#1365 = CARTESIAN_POINT ( 'NONE',  ( 13.44603666368404760, -12.87375546974150353, 5.733889651497853457 ) ) ;
#1366 = CARTESIAN_POINT ( 'NONE',  ( 16.94152870073708783, -13.01741278112024958, 4.891046020319816279 ) ) ;
#1367 = CARTESIAN_POINT ( 'NONE',  ( 17.05541798593249680, -9.914699812400506573, 2.848046710194209741 ) ) ;
#1368 = CARTESIAN_POINT ( 'NONE',  ( 6.510819672530280933, -11.72021699115378901, 2.707106781186547462 ) ) ;
#1369 = EDGE_CURVE ( 'NONE', #2048, #4304, #1491, .T. ) ;
#1370 = CARTESIAN_POINT ( 'NONE',  ( 10.80371320846384897, -12.48539364583317735, 3.733418324922026521 ) ) ;
#1371 = CARTESIAN_POINT ( 'NONE',  ( 5.259396474738715632, -16.03803348376698068, 3.001174957069009608 ) ) ;
#1372 = VECTOR ( 'NONE', #1860, 1000.000000000000000 ) ;
#1373 = CARTESIAN_POINT ( 'NONE',  ( 14.04976547443772539, -12.60034405066506302, 4.676416241480643166 ) ) ;
#1374 = CARTESIAN_POINT ( 'NONE',  ( 13.74583719297095996, -1.105511150829191713, 3.000000000000000444 ) ) ;
#1375 = CARTESIAN_POINT ( 'NONE',  ( 0.000000000000000000, 15.99999999999999289, 3.000000000000000000 ) ) ;
#1376 = CARTESIAN_POINT ( 'NONE',  ( 18.10603666368406550, -6.875000000000006217, 2.336396103067893915 ) ) ;
#1377 = EDGE_CURVE ( 'NONE', #1186, #450, #2358, .T. ) ;
#1378 = CARTESIAN_POINT ( 'NONE',  ( 11.89767802389219575, -1.302429553617868718, 4.490561508336490704 ) ) ;
#1379 = VERTEX_POINT ( 'NONE', #3916 ) ;
#1380 = CARTESIAN_POINT ( 'NONE',  ( -10.27548389606760537, 2.266725329581253501, 3.000000000000000000 ) ) ;
#1381 = CARTESIAN_POINT ( 'NONE',  ( 15.90800738065550490, -2.612679807423034184, 2.975070794018241482 ) ) ;
#1382 = CARTESIAN_POINT ( 'NONE',  ( 6.336907402633718434, -11.36617459915354722, 2.390056915887219358 ) ) ;
#1383 = VERTEX_POINT ( 'NONE', #1461 ) ;
#1384 = CARTESIAN_POINT ( 'NONE',  ( 17.45429269753268642, -16.02588065699118403, 3.001451261388375702 ) ) ;
#1385 = ORIENTED_EDGE ( 'NONE', *, *, #397, .F. ) ;
#1386 = CARTESIAN_POINT ( 'NONE',  ( 16.65953888191199894, -10.41925666490203817, 2.903829001938184273 ) ) ;
#1387 = CARTESIAN_POINT ( 'NONE',  ( 15.96583381840065563, -10.79669355509936857, 3.362056174277896492 ) ) ;
#1388 = TOROIDAL_SURFACE ( 'NONE', #3245, 7.999999999999998224, 2.000000000000000000 ) ;
#1389 = CARTESIAN_POINT ( 'NONE',  ( 5.757171179388346438, -6.881038666836677642, 4.112768049625177724 ) ) ;
#1390 = CARTESIAN_POINT ( 'NONE',  ( 16.58544084208960712, -11.09517141114201522, 2.415771973901903902 ) ) ;
#1391 = ORIENTED_EDGE ( 'NONE', *, *, #1174, .F. ) ;
#1392 = TOROIDAL_SURFACE ( 'NONE', #1819, 11.09000000000000874, 3.000000000000000000 ) ;
#1393 = CIRCLE ( 'NONE', #1568, 6.750000000000000000 ) ;
#1394 = CARTESIAN_POINT ( 'NONE',  ( 5.173266608522384402, -15.42177963253717365, 3.041240923759145787 ) ) ;
#1395 = CARTESIAN_POINT ( 'NONE',  ( 16.43980596082239742, -16.04409290684118972, 1.934544237560747115 ) ) ;
#1396 = CARTESIAN_POINT ( 'NONE',  ( 16.07814705577531811, -14.43707323019011568, 3.854491881300863731 ) ) ;
#1397 = CARTESIAN_POINT ( 'NONE',  ( 17.32416898071816647, -9.345617013201628964, 2.848102323047069451 ) ) ;
#1398 = APPROVAL_PERSON_ORGANIZATION ( #4162, #3925, #1290 ) ;
#1399 = VECTOR ( 'NONE', #2330, 1000.000000000000000 ) ;
#1400 = CARTESIAN_POINT ( 'NONE',  ( 7.062291389865892555, -11.16874527381817117, 3.000000000000000000 ) ) ;
#1401 = CARTESIAN_POINT ( 'NONE',  ( 16.99348374562621800, -6.876319589927220477, 3.733523948558261196 ) ) ;
#1402 = CARTESIAN_POINT ( 'NONE',  ( 16.42925367856532048, -14.74898943642621418, 2.053794325629859863 ) ) ;
#1403 = CARTESIAN_POINT ( 'NONE',  ( 8.247891344735334584, -12.39164494847260301, 4.559667836514314843 ) ) ;
#1404 = PERSON_AND_ORGANIZATION_ROLE ( 'design_supplier' ) ;
#1405 = EDGE_CURVE ( 'NONE', #3895, #3962, #3161, .T. ) ;
#1406 = CARTESIAN_POINT ( 'NONE',  ( 17.44243276675195631, -6.875000000000006217, 3.000000000000000000 ) ) ;
#1407 = CARTESIAN_POINT ( 'NONE',  ( 5.260091166547763208, -16.04409290684119327, 3.001051507304604016 ) ) ;
#1408 = DIRECTION ( 'NONE',  ( -0.000000000000000000, 0.000000000000000000, 1.000000000000000000 ) ) ;
#1409 = CARTESIAN_POINT ( 'NONE',  ( 10.25549638392966934, -1.385262455604630016, 4.490393562979452469 ) ) ;
#1410 = EDGE_LOOP ( 'NONE', ( #581, #5061, #4948, #4773 ) ) ;
#1411 = CARTESIAN_POINT ( 'NONE',  ( 0.2660366636840528765, -6.875000000000006217, 6.000000000000000000 ) ) ;
#1412 = CARTESIAN_POINT ( 'NONE',  ( 18.10603666368406550, -6.875000000000006217, 2.168198051533946735 ) ) ;
#1413 = EDGE_CURVE ( 'NONE', #1710, #1844, #1941, .T. ) ;
#1414 = CARTESIAN_POINT ( 'NONE',  ( 16.18099529208399545, -10.83571641037417876, 2.975039803173952890 ) ) ;
#1415 = CARTESIAN_POINT ( 'NONE',  ( 6.151905739688413810, -11.09063638539370800, 2.498703686537260715 ) ) ;
#1416 = ORIENTED_EDGE ( 'NONE', *, *, #1180, .F. ) ;
#1417 = CARTESIAN_POINT ( 'NONE',  ( 17.65861351763834364, -16.00000000000000711, 1.000000000000000000 ) ) ;
#1418 = ORIENTED_EDGE ( 'NONE', *, *, #309, .T. ) ;
#1419 = B_SPLINE_CURVE_WITH_KNOTS ( 'NONE', 3,
 ( #4345, #791, #4271, #5045, #2729 ),
 .UNSPECIFIED., .F., .F.,
 ( 4, 1, 4 ),
 ( 0.8750000000000000000, 0.9375000000000000000, 1.000000000000000000 ),
 .UNSPECIFIED. ) ;
#1420 = EDGE_LOOP ( 'NONE', ( #1024, #644, #307, #4543 ) ) ;
#1421 = CARTESIAN_POINT ( 'NONE',  ( 15.98458609067341207, -10.82704217519861167, 3.332661284205775676 ) ) ;
#1422 = CARTESIAN_POINT ( 'NONE',  ( 15.68386475009376291, -10.42708989107512529, 4.112579815120072091 ) ) ;
#1423 = CARTESIAN_POINT ( 'NONE',  ( 4.606036663684062837, -6.875000000000007994, 2.000000000000000000 ) ) ;
#1424 = CARTESIAN_POINT ( 'NONE',  ( 4.906954049365269022, -6.875000000000108358, 2.848083729136107412 ) ) ;
#1425 = CARTESIAN_POINT ( 'NONE',  ( 16.34072535204938248, -15.43227289324762275, 3.168672711134164821 ) ) ;
#1426 = CARTESIAN_POINT ( 'NONE',  ( 14.99306055286420225, -11.40024161631802535, 3.328134445896838045 ) ) ;
#1427 = CARTESIAN_POINT ( 'NONE',  ( 30.77053893421177122, 7.999999999999937828, 1.000000000000000000 ) ) ;
#1428 = ORIENTED_EDGE ( 'NONE', *, *, #875, .F. ) ;
#1429 = CARTESIAN_POINT ( 'NONE',  ( 9.341097729213988288, -12.09254447450975256, 5.086800425712212359 ) ) ;
#1430 = CARTESIAN_POINT ( 'NONE',  ( 6.840320286929564730, -2.369211128641487640, 2.903916114969743667 ) ) ;
#1431 = CARTESIAN_POINT ( 'NONE',  ( -10.95016594160859391, 6.820829136982932361, 2.000000000000000000 ) ) ;
#1432 = CARTESIAN_POINT ( 'NONE',  ( 11.35603666368404951, -13.72717158153024997, 2.707106781186544797 ) ) ;
#1433 = CARTESIAN_POINT ( 'NONE',  ( 27.77053893421177122, -1.734723475976807094E-15, 0.000000000000000000 ) ) ;
#1434 = CARTESIAN_POINT ( 'NONE',  ( 0.000000000000000000, -18.00000000000000355, 0.000000000000000000 ) ) ;
#1435 = CARTESIAN_POINT ( 'NONE',  ( 14.90543888399486683, -2.544715339992398739, 4.490555482423554956 ) ) ;
#1436 = ORIENTED_EDGE ( 'NONE', *, *, #655, .T. ) ;
#1437 = CARTESIAN_POINT ( 'NONE',  ( 6.554162095845382119, -10.99604663195944099, 3.029131714893693150 ) ) ;
#1438 = DIRECTION ( 'NONE',  ( -1.000000000000000000, 0.000000000000000000, -7.264154555652879708E-15 ) ) ;
#1439 = CARTESIAN_POINT ( 'NONE',  ( 5.502469375122549522, -4.682755473414695224, 2.975094347782485826 ) ) ;
#1440 = CARTESIAN_POINT ( 'NONE',  ( 6.096612976934516759, -11.08851899738334268, 2.284076287975376207 ) ) ;
#1441 = CARTESIAN_POINT ( 'NONE',  ( 4.540648114656297807, -17.94262749218389530, 1.549222901944542041 ) ) ;
#1442 = VERTEX_POINT ( 'NONE', #3145 ) ;
#1443 = EDGE_CURVE ( 'NONE', #1204, #1296, #4716, .T. ) ;
#1444 = ORIENTED_EDGE ( 'NONE', *, *, #182, .T. ) ;
#1445 = CARTESIAN_POINT ( 'NONE',  ( 15.95776847345716476, -10.50838207227625531, 3.375127475429311019 ) ) ;
#1446 = CARTESIAN_POINT ( 'NONE',  ( 13.49315219793808041, -1.700125170360033300, 4.112767913080906723 ) ) ;
#1447 = CARTESIAN_POINT ( 'NONE',  ( 15.50422702351473525, -1.477248813812291450, 1.999999999999999556 ) ) ;
#1448 = CLOSED_SHELL ( 'NONE', ( #4840, #2912, #3300, #4150, #2042, #559, #3140, #2194, #3463, #2926, #3492, #1303, #4869, #3434, #4726, #810, #1213, #1609, #4561, #1640, #3246, #5023, #1769, #2262, #3180, #378, #2083, #4781, #1699, #2254, #5029, #4599, #4775, #206, #848, #4426, #2162, #2345, #5058, #3401, #2603, #4111, #4394, #2496, #374, #487, #3335, #432, #3905, #868, #3991, #62, #3521, #1796, #4207, #596, #2954, #906, #3117, #2416, #4534, #4591, #4923, #4302, #4569, #26, #3079, #3362, #966, #2371, #2701, #55, #4463, #3551, #4078, #3223, #2981, #2320, #2221, #693, #933, #8, #1959, #402, #279, #4628, #3645, #727, #2889 ) ) ;
#1449 = PLANE ( 'NONE',  #5043 ) ;
#1450 = CARTESIAN_POINT ( 'NONE',  ( 17.69599298150001587, -13.34748169901603809, 3.790066382147808000 ) ) ;
#1451 = DIRECTION ( 'NONE',  ( 0.000000000000000000, 0.000000000000000000, 1.000000000000000000 ) ) ;
#1452 = CARTESIAN_POINT ( 'NONE',  ( 4.430306730273466442, -6.875000000000008882, 2.336396103067892582 ) ) ;
#1453 = VECTOR ( 'NONE', #4887, 1000.000000000000000 ) ;
#1454 = CARTESIAN_POINT ( 'NONE',  ( 10.22782730974350862, -12.56608732927702299, 3.328112160490793503 ) ) ;
#1455 = DIRECTION ( 'NONE',  ( 0.000000000000000000, -0.6792687092928642034, 0.7338896514978300312 ) ) ;
#1456 = VERTEX_POINT ( 'NONE', #1141 ) ;
#1457 = CARTESIAN_POINT ( 'NONE',  ( 16.72643141236822473, -10.46396003854627565, 2.848011771751566723 ) ) ;
#1458 = CARTESIAN_POINT ( 'NONE',  ( 17.45323571717108280, -16.15930129021848671, 2.998492300309862912 ) ) ;
#1459 = CARTESIAN_POINT ( 'NONE',  ( 5.864995669040334647, -7.969814050828649243, 4.301428563825270501 ) ) ;
#1460 = ORIENTED_EDGE ( 'NONE', *, *, #2827, .T. ) ;
#1461 = CARTESIAN_POINT ( 'NONE',  ( 22.77053893421170017, -16.00000000000000000, 3.000000000000000000 ) ) ;
#1462 = CARTESIAN_POINT ( 'NONE',  ( 22.77053893421177477, 7.999999999999996447, 0.000000000000000000 ) ) ;
#1463 = CARTESIAN_POINT ( 'NONE',  ( 17.44166666858892611, -5.450389316726435673, 2.975003481391929938 ) ) ;
#1464 = VECTOR ( 'NONE', #1811, 1000.000000000000000 ) ;
#1465 = DIRECTION ( 'NONE',  ( 1.000000000000000000, 0.000000000000000000, 0.000000000000000000 ) ) ;
#1466 = CARTESIAN_POINT ( 'NONE',  ( 16.94124245930660777, -17.31854609747276896, 1.749213305843096089 ) ) ;
#1467 = VERTEX_POINT ( 'NONE', #3120 ) ;
#1468 = CARTESIAN_POINT ( 'NONE',  ( 5.593252065860029099, -10.46925404700466444, 2.000000000000000000 ) ) ;
#1469 = ORIENTED_EDGE ( 'NONE', *, *, #3773, .T. ) ;
#1470 = CARTESIAN_POINT ( 'NONE',  ( 16.03534330923838880, -10.56551790770957844, 3.254681919243210597 ) ) ;
#1471 = ORIENTED_EDGE ( 'NONE', *, *, #3591, .T. ) ;
#1472 = CARTESIAN_POINT ( 'NONE',  ( 13.67602130257511384, -11.97851727444482250, 4.112802094122000263 ) ) ;
#1473 = EDGE_CURVE ( 'NONE', #5016, #3589, #4670, .T. ) ;
#1474 = CARTESIAN_POINT ( 'NONE',  ( 17.52747039651167427, -9.114904455073688183, 2.848083732178381844 ) ) ;
#1475 = VERTEX_POINT ( 'NONE', #3511 ) ;
#1476 = CARTESIAN_POINT ( 'NONE',  ( 11.35603666368405662, -0.8027272003909834419, 2.999999999999999556 ) ) ;
#1477 = CARTESIAN_POINT ( 'NONE',  ( 16.04714540875539086, -12.34182442928582901, 3.230086710414660001 ) ) ;
#1478 = EDGE_CURVE ( 'NONE', #4199, #4096, #769, .T. ) ;
#1479 = CARTESIAN_POINT ( 'NONE',  ( 7.385552413196537991, -2.902024675729649950, 4.490736308594572179 ) ) ;
#1480 = CIRCLE ( 'NONE', #1219, 1.249999999999997558 ) ;
#1481 = CARTESIAN_POINT ( 'NONE',  ( 18.03434474384797781, -6.875000000000006217, 2.707106781186548350 ) ) ;
#1482 = CARTESIAN_POINT ( 'NONE',  ( 5.554065453115169859, -6.881246788179314677, 3.328183088510218379 ) ) ;
#1483 = ORIENTED_EDGE ( 'NONE', *, *, #462, .T. ) ;
#1484 = CIRCLE ( 'NONE', #3731, 9.999999999999998224 ) ;
#1485 = CARTESIAN_POINT ( 'NONE',  ( 9.498669423965772296, -0.7728102808657746348, 2.903862663011623990 ) ) ;
#1486 = AXIS2_PLACEMENT_3D ( 'NONE', #420, #492, #2010 ) ;
#1487 = LINE ( 'NONE', #3913, #3743 ) ;
#1488 = CARTESIAN_POINT ( 'NONE',  ( 14.90550287373520888, -2.544767783687639895, 4.301567022142978480 ) ) ;
#1489 = CIRCLE ( 'NONE', #3829, 9.999999999999998224 ) ;
#1490 = EDGE_LOOP ( 'NONE', ( #1416, #2069, #230, #505 ) ) ;
#1491 = LINE ( 'NONE', #380, #328 ) ;
#1492 = CARTESIAN_POINT ( 'NONE',  ( 15.54882391243948092, -11.05237374754045732, 3.876058880418237873 ) ) ;
#1493 = CARTESIAN_POINT ( 'NONE',  ( 8.914939192481773134, -12.76859281953239567, 2.903916121383779192 ) ) ;
#1494 = CARTESIAN_POINT ( 'NONE',  ( 15.58736651083490443, -10.52794050147458549, 4.490683922017885799 ) ) ;
#1495 = CARTESIAN_POINT ( 'NONE',  ( 6.923271341665530265, -10.91333351829138465, 3.608088812707018977 ) ) ;
#1496 = ORIENTED_EDGE ( 'NONE', *, *, #5084, .F. ) ;
#1497 = CARTESIAN_POINT ( 'NONE',  ( 7.938784515159928112, -12.89240018897667639, 4.437560389612613676 ) ) ;
#1498 = CARTESIAN_POINT ( 'NONE',  ( 16.98440780625777080, -9.876843811566388354, 2.903862531736416841 ) ) ;
#1499 = ORIENTED_EDGE ( 'NONE', *, *, #309, .F. ) ;
#1500 = CARTESIAN_POINT ( 'NONE',  ( 15.83288224958715951, -10.84858809648316758, 3.551382807837433209 ) ) ;
#1501 = VERTEX_POINT ( 'NONE', #301 ) ;
#1502 = CARTESIAN_POINT ( 'NONE',  ( 6.000190645461359829, -8.507177373652195840, 4.112582424999674302 ) ) ;
#1503 = CARTESIAN_POINT ( 'NONE',  ( 16.20590828149182627, -10.92736255950919322, 2.942330652324798734 ) ) ;
#1504 = ORIENTED_EDGE ( 'NONE', *, *, #4930, .T. ) ;
#1505 = CARTESIAN_POINT ( 'NONE',  ( 5.502469375122549522, -4.682755473414695224, 2.975094347782485826 ) ) ;
#1506 = EDGE_CURVE ( 'NONE', #1197, #3798, #4691, .T. ) ;
#1507 = CARTESIAN_POINT ( 'NONE',  ( 11.35603666368404774, -13.11984973001644228, 2.999999999999997335 ) ) ;
#1508 = CARTESIAN_POINT ( 'NONE',  ( 16.43929330515184262, -16.00000000000000000, 1.934923674262834181 ) ) ;
#1509 = CARTESIAN_POINT ( 'NONE',  ( 10.26196648996385186, -1.365708887197339294, 4.490736308594572179 ) ) ;
#1510 = CARTESIAN_POINT ( 'NONE',  ( 17.15805042973987682, -6.876357149638555377, 3.328183117579050609 ) ) ;
#1511 = EDGE_CURVE ( 'NONE', #3360, #3944, #330, .T. ) ;
#1512 = DIRECTION ( 'NONE',  ( -1.000000000000000000, 0.000000000000000000, 0.000000000000000000 ) ) ;
#1513 = CARTESIAN_POINT ( 'NONE',  ( 17.32416898071816647, -9.345617013201628964, 2.848102323047069451 ) ) ;
#1514 = CARTESIAN_POINT ( 'NONE',  ( 16.37416958115843713, -16.25292383699080290, 3.010658457786990816 ) ) ;
#1515 = CARTESIAN_POINT ( 'NONE',  ( 16.44603666368406891, -11.66816179634074402, 1.800609744445263116 ) ) ;
#1516 = CARTESIAN_POINT ( 'NONE',  ( 15.30876357051687719, -2.922273093167195857, 4.112705574456466451 ) ) ;
#1517 = DIRECTION ( 'NONE',  ( -1.000000000000000000, 0.000000000000000000, 0.000000000000000000 ) ) ;
#1518 = DIRECTION ( 'NONE',  ( -0.000000000000000000, 0.000000000000000000, 1.000000000000000000 ) ) ;
#1519 = CARTESIAN_POINT ( 'NONE',  ( 8.911883196797314000, -0.9826648345406204799, 2.903916125407644433 ) ) ;
#1520 = SPHERICAL_SURFACE ( 'NONE', #2906, 7.681012500000016452 ) ;
#1521 = CARTESIAN_POINT ( 'NONE',  ( 6.978537673623820048, -10.48013581399678529, 3.686344653315600794 ) ) ;
#1522 = ORIENTED_EDGE ( 'NONE', *, *, #2468, .T. ) ;
#1523 = CARTESIAN_POINT ( 'NONE',  ( 7.269038662979169452, -12.41398173933227334, 3.976950122848190716 ) ) ;
#1524 = DIRECTION ( 'NONE',  ( 1.000000000000000000, 0.000000000000000000, -0.000000000000000000 ) ) ;
#1525 = ORIENTED_EDGE ( 'NONE', *, *, #1731, .T. ) ;
#1526 = CARTESIAN_POINT ( 'NONE',  ( 5.747790944012995951, -6.267577916043586939, 3.733407978023511209 ) ) ;
#1527 = CARTESIAN_POINT ( 'NONE',  ( 18.44603666368407247, -18.00000000000000355, 0.9999999999999991118 ) ) ;
#1528 = CARTESIAN_POINT ( 'NONE',  ( 17.12552551285487823, -4.485199470713101988, 3.000000000000000444 ) ) ;
#1529 = CARTESIAN_POINT ( 'NONE',  ( 6.184770662786906570, -9.020830366890210783, 4.490825105177491672 ) ) ;
#1530 = CARTESIAN_POINT ( 'NONE',  ( 6.272267366545727363, -16.04409290684119682, 1.934544237560746227 ) ) ;
#1531 = CARTESIAN_POINT ( 'NONE',  ( 18.10603666368406550, -6.875000000000006217, 2.168198051533946735 ) ) ;
#1532 = CARTESIAN_POINT ( 'NONE',  ( 7.676971121818538357, -11.36161340201825887, 3.328138724573627805 ) ) ;
#1533 = CARTESIAN_POINT ( 'NONE',  ( 15.11526203336540952, -12.64125772535788350, 4.230156418584390288 ) ) ;
#1534 = CARTESIAN_POINT ( 'NONE',  ( 15.66350358989358327, -11.11382985222430086, 3.755488869182494582 ) ) ;
#1535 = TOROIDAL_SURFACE ( 'NONE', #3790, 7.999999999999998224, 2.000000000000000000 ) ;
#1536 = EDGE_CURVE ( 'NONE', #4282, #183, #3649, .T. ) ;
#1537 = DIRECTION ( 'NONE',  ( -0.000000000000000000, -0.000000000000000000, -1.000000000000000000 ) ) ;
#1538 = CARTESIAN_POINT ( 'NONE',  ( 16.01059520816613713, -3.763404198275634105, 4.301427559886240815 ) ) ;
#1539 = VERTEX_POINT ( 'NONE', #5116 ) ;
#1540 = DIRECTION ( 'NONE',  ( 0.000000000000000000, 0.000000000000000000, 1.000000000000000000 ) ) ;
#1541 = DIRECTION ( 'NONE',  ( 0.000000000000000000, 1.000000000000000000, 0.000000000000000000 ) ) ;
#1542 = CARTESIAN_POINT ( 'NONE',  ( 17.57447051250966652, -5.419292138595157127, 2.903819891254735719 ) ) ;
#1543 = EDGE_CURVE ( 'NONE', #1331, #2795, #1035, .T. ) ;
#1544 = CARTESIAN_POINT ( 'NONE',  ( 6.059170840250704515, -11.05849371221499666, 1.988356019274626796 ) ) ;
#1545 = AXIS2_PLACEMENT_3D ( 'NONE', #2535, #4215, #4531 ) ;
#1546 = CARTESIAN_POINT ( 'NONE',  ( 6.789821351624514278, -10.21765639559753680, 3.786330003995721061 ) ) ;
#1547 = DIRECTION ( 'NONE',  ( -0.000000000000000000, -0.000000000000000000, 1.000000000000000000 ) ) ;
#1548 = DIRECTION ( 'NONE',  ( -0.5618962959026442272, -0.6070791590079281930, -0.5618962959026466697 ) ) ;
#1549 = ORIENTED_EDGE ( 'NONE', *, *, #2349, .F. ) ;
#1550 = CARTESIAN_POINT ( 'NONE',  ( 16.50143847248949314, -11.02037058012478354, 2.686912269779638152 ) ) ;
#1551 = ORIENTED_EDGE ( 'NONE', *, *, #239, .T. ) ;
#1552 = CARTESIAN_POINT ( 'NONE',  ( 16.88600642985188216, -7.971582946273009007, 3.733353338826805423 ) ) ;
#1553 = CARTESIAN_POINT ( 'NONE',  ( 17.89681376173967564, -17.94262749218395570, 1.274611450972281457 ) ) ;
#1554 = CARTESIAN_POINT ( 'NONE',  ( 13.74583719297097950, -12.64448884917081628, 3.000000000000003553 ) ) ;
#1555 = CARTESIAN_POINT ( 'NONE',  ( 10.80141561355173252, -1.303416155951254707, 4.490553841503152732 ) ) ;
#1556 = CARTESIAN_POINT ( 'NONE',  ( -10.27548389606760537, 2.266725329581253501, 2.000000000000000000 ) ) ;
#1557 = CARTESIAN_POINT ( 'NONE',  ( 16.25326726426532886, -11.77223060058130599, 2.168198051533944959 ) ) ;
#1558 = CARTESIAN_POINT ( 'NONE',  ( 16.54626799286088357, -10.34355927503693806, 2.975011322094442079 ) ) ;
#1559 = LINE ( 'NONE', #2699, #5049 ) ;
#1560 = CARTESIAN_POINT ( 'NONE',  ( 12.60603952266632533, -0.5378829067428624322, 2.848011800501239588 ) ) ;
#1561 = DESIGN_CONTEXT ( 'detailed design', #1694, 'design' ) ;
#1562 = CIRCLE ( 'NONE', #4, 5.590000000000007851 ) ;
#1563 = AXIS2_PLACEMENT_3D ( 'NONE', #2759, #1093, #1540 ) ;
#1564 = CARTESIAN_POINT ( 'NONE',  ( 17.10603666368405840, -6.122428044954602022, 2.999999999999999556 ) ) ;
#1565 = CARTESIAN_POINT ( 'NONE',  ( 16.44381342196809115, -11.67193518268789276, 1.867136001769512665 ) ) ;
#1566 = CARTESIAN_POINT ( 'NONE',  ( 10.80724332649140784, -12.44702345866200766, 4.301568889900140746 ) ) ;
#1567 = AXIS2_PLACEMENT_3D ( 'NONE', #816, #1096, #1144 ) ;
#1568 = AXIS2_PLACEMENT_3D ( 'NONE', #945, #2566, #2461 ) ;
#1569 = ORIENTED_EDGE ( 'NONE', *, *, #1582, .T. ) ;
#1570 = EDGE_CURVE ( 'NONE', #436, #4592, #411, .T. ) ;
#1571 = CARTESIAN_POINT ( 'NONE',  ( 16.43938861802500639, -11.67915852030550283, 1.933499462650405842 ) ) ;
#1572 = PERSON_AND_ORGANIZATION ( #3687, #3165 ) ;
#1573 = CARTESIAN_POINT ( 'NONE',  ( 10.73139839453963518, -13.22311637678118501, 2.903862174223918124 ) ) ;
#1574 = DIRECTION ( 'NONE',  ( -1.000000000000000000, 0.000000000000000000, -0.000000000000000000 ) ) ;
#1575 = APPROVAL_PERSON_ORGANIZATION ( #1725, #3698, #524 ) ;
#1576 = CIRCLE ( 'NONE', #2168, 5.590000000000007851 ) ;
#1577 = CARTESIAN_POINT ( 'NONE',  ( 6.512132807110443622, -10.88511478039965574, 2.957903966675247354 ) ) ;
#1578 = CARTESIAN_POINT ( 'NONE',  ( 18.10603666368406195, -6.875000000000006217, 1.999999999999999556 ) ) ;
#1579 = CYLINDRICAL_SURFACE ( 'NONE', #1655, 9.999999999999998224 ) ;
#1580 = ORIENTED_EDGE ( 'NONE', *, *, #749, .T. ) ;
#1581 = CARTESIAN_POINT ( 'NONE',  ( 16.48409375566231816, -10.85487388366773231, 2.818826701383997602 ) ) ;
#1582 = EDGE_CURVE ( 'NONE', #2400, #1204, #2993, .T. ) ;
#1583 = CARTESIAN_POINT ( 'NONE',  ( 16.64047269865811529, -4.890700339437231925, 3.733543376795503743 ) ) ;
#1584 = DIRECTION ( 'NONE',  ( -0.000000000000000000, -0.000000000000000000, -1.000000000000000000 ) ) ;
#1585 = ORIENTED_EDGE ( 'NONE', *, *, #5002, .F. ) ;
#1586 = ORIENTED_EDGE ( 'NONE', *, *, #520, .F. ) ;
#1587 = CARTESIAN_POINT ( 'NONE',  ( 17.68661774111534513, -4.252787460025473365, 2.707106781186547906 ) ) ;
#1588 = CARTESIAN_POINT ( 'NONE',  ( 5.784323677203802916, -7.426045926679964104, 4.490555838645839515 ) ) ;
#1589 = CARTESIAN_POINT ( 'NONE',  ( 15.08199784968453194, -11.89339154041984337, 4.248572732504277027 ) ) ;
#1590 = CARTESIAN_POINT ( 'NONE',  ( 17.20772132966380141, -4.677512706998053993, 2.975094687458912368 ) ) ;
#1591 = FACE_OUTER_BOUND ( 'NONE', #4794, .T. ) ;
#1592 = CARTESIAN_POINT ( 'NONE',  ( 15.93857537884953146, -10.76974514461242727, 3.403528888305643818 ) ) ;
#1593 = CARTESIAN_POINT ( 'NONE',  ( 7.184321707633333887, -2.703285043949279931, 3.000000000000000444 ) ) ;
#1594 = CARTESIAN_POINT ( 'NONE',  ( 16.92819434705474535, -7.421177238020765898, 4.112580813139689262 ) ) ;
#1595 = ORIENTED_EDGE ( 'NONE', *, *, #1116, .F. ) ;
#1596 = CARTESIAN_POINT ( 'NONE',  ( 14.67335226436890316, -11.45600548782050687, 4.494106740366016872 ) ) ;
#1597 = APPROVAL_DATE_TIME ( #3584, #2078 ) ;
#1598 = FACE_OUTER_BOUND ( 'NONE', #1940, .T. ) ;
#1599 = CARTESIAN_POINT ( 'NONE',  ( 6.224648276285584814, -10.71119627101061411, 2.875805414898245260 ) ) ;
#1600 = EDGE_CURVE ( 'NONE', #3589, #4171, #1393, .T. ) ;
#1601 = CARTESIAN_POINT ( 'NONE',  ( 5.766036655080471363, -6.875000000000134115, 4.490736294063513157 ) ) ;
#1602 = DIRECTION ( 'NONE',  ( 0.000000000000000000, 0.000000000000000000, -1.000000000000000000 ) ) ;
#1603 = ORIENTED_EDGE ( 'NONE', *, *, #2947, .F. ) ;
#1604 = CARTESIAN_POINT ( 'NONE',  ( 7.303741882293825149, -10.73531620636914674, 4.712586384415716090 ) ) ;
#1605 = CARTESIAN_POINT ( 'NONE',  ( 11.91314242252755840, -12.48487681587062070, 3.733417397882218047 ) ) ;
#1606 = CARTESIAN_POINT ( 'NONE',  ( 6.059562024540683822, -11.05947803159651599, 2.000011931263384835 ) ) ;
#1607 = ORIENTED_EDGE ( 'NONE', *, *, #3017, .F. ) ;
#1608 = CARTESIAN_POINT ( 'NONE',  ( 5.477609860178662693, -12.90069756934527057, 4.634808867690627388 ) ) ;
#1609 = ADVANCED_FACE ( 'NONE', ( #916 ), #1923, .F. ) ;
#1610 = ORIENTED_EDGE ( 'NONE', *, *, #588, .T. ) ;
#1611 = ORIENTED_EDGE ( 'NONE', *, *, #2473, .F. ) ;
#1612 = CARTESIAN_POINT ( 'NONE',  ( 4.503865082153827082, -6.875000000000009770, 2.707106781186547018 ) ) ;
#1613 = CARTESIAN_POINT ( 'NONE',  ( 16.84820449285465216, -7.964088913778200052, 4.490392863715563010 ) ) ;
#1614 = DIRECTION ( 'NONE',  ( -1.000000000000000000, 0.000000000000000000, 0.000000000000000000 ) ) ;
#1615 = EDGE_CURVE ( 'NONE', #454, #3794, #72, .T. ) ;
#1616 = B_SPLINE_CURVE_WITH_KNOTS ( 'NONE', 3,
 ( #1182, #883, #111, #40, #2407, #3643 ),
 .UNSPECIFIED., .F., .F.,
 ( 4, 2, 4 ),
 ( 0.8935813649639464673, 0.9467906824819731781, 1.000000000000000000 ),
 .UNSPECIFIED. ) ;
#1617 = DIRECTION ( 'NONE',  ( -0.6957801811684420912, -0.7182547873096356561, 0.000000000000000000 ) ) ;
#1618 = CARTESIAN_POINT ( 'NONE',  ( 17.51621325135809926, -17.25328084145291996, 2.559183294997169789 ) ) ;
#1619 = CARTESIAN_POINT ( 'NONE',  ( 6.184776876570808213, -9.020824227571910825, 4.112767944078227877 ) ) ;
#1620 = ORIENTED_EDGE ( 'NONE', *, *, #5034, .T. ) ;
#1621 = CARTESIAN_POINT ( 'NONE',  ( 14.03805035286267788, -12.60568314702152115, 4.678637337780943817 ) ) ;
#1622 = CARTESIAN_POINT ( 'NONE',  ( 6.217893660837255254, -10.75398786592756828, 2.855613970895655829 ) ) ;
#1623 = CARTESIAN_POINT ( 'NONE',  ( 6.640632789459204766, -11.11944624273440851, 3.185528207476977958 ) ) ;
#1624 = CARTESIAN_POINT ( 'NONE',  ( 6.512402322046514591, -10.36012721904805467, 3.239081812395918192 ) ) ;
#1625 = CARTESIAN_POINT ( 'NONE',  ( -25.47946106578824299, -1.734723475976807094E-15, 0.000000000000000000 ) ) ;
#1626 = ORIENTED_EDGE ( 'NONE', *, *, #2468, .F. ) ;
#1627 = CARTESIAN_POINT ( 'NONE',  ( 15.82232118005425647, -10.86365200104943618, 3.565163467210004988 ) ) ;
#1628 = CARTESIAN_POINT ( 'NONE',  ( 17.67592404263285744, -17.27730527489860535, 2.539987932288148009 ) ) ;
#1629 = CARTESIAN_POINT ( 'NONE',  ( 11.35925875978753652, -12.67722705761982205, 3.328183244144249819 ) ) ;
#1630 = CARTESIAN_POINT ( 'NONE',  ( 32.77053893421177122, -7.999999999999930722, 0.000000000000000000 ) ) ;
#1631 = VERTEX_POINT ( 'NONE', #4350 ) ;
#1632 = CARTESIAN_POINT ( 'NONE',  ( 7.303801685408663147, -12.43521015781221628, 4.006953297249961743 ) ) ;
#1633 = ORIENTED_EDGE ( 'NONE', *, *, #4495, .T. ) ;
#1634 = CARTESIAN_POINT ( 'NONE',  ( 11.35603666368405840, 0.05072993341058785327, 2.168198051533945403 ) ) ;
#1635 = EDGE_CURVE ( 'NONE', #1161, #500, #3435, .T. ) ;
#1636 = CARTESIAN_POINT ( 'NONE',  ( 14.86535380208822410, -11.24222616591769075, 4.490529559436314599 ) ) ;
#1637 = CARTESIAN_POINT ( 'NONE',  ( -11.22023827261601703, -6.549125643708114453, 3.000000000000000000 ) ) ;
#1638 = CARTESIAN_POINT ( 'NONE',  ( 17.75457679686288515, -9.525362102551200749, 2.168198051533946291 ) ) ;
#1639 = CARTESIAN_POINT ( 'NONE',  ( 6.272686513140584452, -11.67891734461478670, 1.933526512426355426 ) ) ;
#1640 = ADVANCED_FACE ( 'NONE', ( #5100 ), #796, .T. ) ;
#1641 = CARTESIAN_POINT ( 'NONE',  ( 15.88644831298245741, -10.78474431967994995, 3.478819026579341944 ) ) ;
#1642 = CARTESIAN_POINT ( 'NONE',  ( 16.01130505968506057, -9.986050378426508445, 4.112464324230329815 ) ) ;
#1643 = ORIENTED_EDGE ( 'NONE', *, *, #270, .T. ) ;
#1644 = CARTESIAN_POINT ( 'NONE',  ( 16.51227979639065779, -11.04258010537311030, 2.650490477137209311 ) ) ;
#1645 = CARTESIAN_POINT ( 'NONE',  ( 14.02319546093881542, -11.79069151426730144, 5.086800426468577108 ) ) ;
#1646 = AXIS2_PLACEMENT_3D ( 'NONE', #3032, #292, #1451 ) ;
#1647 = APPLICATION_PROTOCOL_DEFINITION ( 'international standard', 'config_control_design', 1994, #4516 ) ;
#1648 = DIRECTION ( 'NONE',  ( -1.000000000000000000, -0.000000000000000000, -0.000000000000000000 ) ) ;
#1649 = CARTESIAN_POINT ( 'NONE',  ( 6.450010494167903730, -10.41536251680845382, 3.152710429738599274 ) ) ;
#1650 = VECTOR ( 'NONE', #3627, 1000.000000000000000 ) ;
#1651 = CARTESIAN_POINT ( 'NONE',  ( 15.91622670270934847, -2.314809960974731684, 2.848083732178379623 ) ) ;
#1652 = ORIENTED_EDGE ( 'NONE', *, *, #1085, .F. ) ;
#1653 = CARTESIAN_POINT ( 'NONE',  ( 8.662782623207780475, -12.60056074984738395, 4.676507927912940232 ) ) ;
#1654 = CARTESIAN_POINT ( 'NONE',  ( 5.554065453115169859, -6.881246788179314677, 3.328183088510218379 ) ) ;
#1655 = AXIS2_PLACEMENT_3D ( 'NONE', #3181, #4746, #1170 ) ;
#1656 = CARTESIAN_POINT ( 'NONE',  ( 6.272267366545727363, -16.04409290684119682, 1.934544237560746005 ) ) ;
#1657 = VERTEX_POINT ( 'NONE', #3127 ) ;
#1658 = CARTESIAN_POINT ( 'NONE',  ( 6.893922593901463003, -14.32857184646962878, 4.260138307032423022 ) ) ;
#1659 = CARTESIAN_POINT ( 'NONE',  ( 16.33135020973864115, -11.68687229640522673, 2.564269431896065488 ) ) ;
#1660 = ORIENTED_EDGE ( 'NONE', *, *, #1774, .T. ) ;
#1661 = CARTESIAN_POINT ( 'NONE',  ( 18.10603666368406550, -7.758454034183742465, 1.999999999999999556 ) ) ;
#1662 = CARTESIAN_POINT ( 'NONE',  ( 7.023487294663588010, -3.328604893899769657, 4.301565662542716773 ) ) ;
#1663 = LINE ( 'NONE', #1556, #2742 ) ;
#1664 = EDGE_CURVE ( 'NONE', #408, #1054, #4328, .T. ) ;
#1665 = CARTESIAN_POINT ( 'NONE',  ( 12.57502267350254677, -12.99706621825391650, 2.975011106526989746 ) ) ;
#1666 = FACE_OUTER_BOUND ( 'NONE', #1739, .T. ) ;
#1667 = CARTESIAN_POINT ( 'NONE',  ( 11.35603666368404951, -13.80072993341060794, 2.000000000000000444 ) ) ;
#1668 = CARTESIAN_POINT ( 'NONE',  ( 15.25301148093996773, -13.99262952295065077, 5.632416446468915261 ) ) ;
#1669 = CARTESIAN_POINT ( 'NONE',  ( 5.010368397145199992, -6.188058153521024174, 2.903856901074910013 ) ) ;
#1670 = EDGE_CURVE ( 'NONE', #458, #4598, #3906, .T. ) ;
#1671 = CARTESIAN_POINT ( 'NONE',  ( 12.97836943447191516, -1.516109087342821571, 4.112578106372361653 ) ) ;
#1672 = VERTEX_POINT ( 'NONE', #1948 ) ;
#1673 = CARTESIAN_POINT ( 'NONE',  ( 13.44603666368405293, -12.87375546974150531, 4.733889651497852569 ) ) ;
#1674 = CARTESIAN_POINT ( 'NONE',  ( 6.962642522240528820, -10.33647901538144076, 4.238704863038941006 ) ) ;
#1675 = CARTESIAN_POINT ( 'NONE',  ( 16.96608521906786748, -9.198758197211544640, 3.000000000000000888 ) ) ;
#1676 = CARTESIAN_POINT ( 'NONE',  ( 6.780230872176528756, -10.76819125014829659, 3.413436656031210159 ) ) ;
#1677 = DIRECTION ( 'NONE',  ( -0.000000000000000000, -0.000000000000000000, -1.000000000000000000 ) ) ;
#1678 = ORIENTED_EDGE ( 'NONE', *, *, #348, .T. ) ;
#1679 = CARTESIAN_POINT ( 'NONE',  ( 5.053459809729779373, -16.00000000000000000, 3.000000000000000000 ) ) ;
#1680 = CARTESIAN_POINT ( 'NONE',  ( 16.50440371953962071, -4.191755254439779144, 3.328143401730464301 ) ) ;
#1681 = CARTESIAN_POINT ( 'NONE',  ( 6.256551236727282195, -16.27498423679892170, 1.929362962766403067 ) ) ;
#1682 = ORIENTED_EDGE ( 'NONE', *, *, #4664, .T. ) ;
#1683 = CARTESIAN_POINT ( 'NONE',  ( 6.391798243025490045, -13.07530789843099228, 2.597875724999498814 ) ) ;
#1684 = EDGE_LOOP ( 'NONE', ( #1504, #1626, #261 ) ) ;
#1685 = CARTESIAN_POINT ( 'NONE',  ( 10.73831590654369172, -0.6629746685977444542, 2.975039211296818475 ) ) ;
#1686 = DIRECTION ( 'NONE',  ( 0.000000000000000000, 1.000000000000000000, 0.000000000000000000 ) ) ;
#1687 = EDGE_LOOP ( 'NONE', ( #3862, #643, #4092, #1925 ) ) ;
#1688 = CARTESIAN_POINT ( 'NONE',  ( 6.458806063102772832, -1.977769399418718876, 2.336396103067892138 ) ) ;
#1689 = CARTESIAN_POINT ( 'NONE',  ( 14.86542677788735212, -11.24216759595651105, 4.301544956697137323 ) ) ;
#1690 = CARTESIAN_POINT ( 'NONE',  ( 17.54342848244273156, -12.94795063320841955, 4.225336668783860716 ) ) ;
#1691 = CARTESIAN_POINT ( 'NONE',  ( 11.35603666368405840, 0.05072993341058781164, 2.000000000000000444 ) ) ;
#1692 = CARTESIAN_POINT ( 'NONE',  ( 14.52433234489991065, -14.33889010569277822, 5.766238407323725390 ) ) ;
#1693 = CARTESIAN_POINT ( 'NONE',  ( 16.34849195267135258, -10.97324958530632344, 2.848046250809248559 ) ) ;
#1694 = APPLICATION_CONTEXT ( 'configuration controlled 3d designs of mechanical parts and assemblies' ) ;
#1695 = CARTESIAN_POINT ( 'NONE',  ( 6.940261072098455664, -11.29077559158560717, 3.000000000000000000 ) ) ;
#1696 = CARTESIAN_POINT ( 'NONE',  ( 11.35916997747037804, -12.51265380822372641, 3.733524251977531350 ) ) ;
#1697 = DIRECTION ( 'NONE',  ( -0.000000000000000000, -0.000000000000000000, -1.000000000000000000 ) ) ;
#1698 = FACE_OUTER_BOUND ( 'NONE', #1110, .T. ) ;
#1699 = ADVANCED_FACE ( 'NONE', ( #1122 ), #3921, .T. ) ;
#1700 = CARTESIAN_POINT ( 'NONE',  ( 5.745988108300274178, -9.198758197211558851, 3.000000000000000000 ) ) ;
#1701 = FACE_OUTER_BOUND ( 'NONE', #1361, .T. ) ;
#1702 = CARTESIAN_POINT ( 'NONE',  ( -0.000000000000000000, 17.99999999999999645, 0.000000000000000000 ) ) ;
#1703 = ORIENTED_EDGE ( 'NONE', *, *, #1269, .F. ) ;
#1704 = CARTESIAN_POINT ( 'NONE',  ( 15.49795324915504757, -10.64592493797955264, 3.947087160866346700 ) ) ;
#1705 = EDGE_CURVE ( 'NONE', #2629, #4724, #4802, .T. ) ;
#1706 = CARTESIAN_POINT ( 'NONE',  ( 15.33597423409555027, -2.895062429588519670, 3.733488791509385951 ) ) ;
#1707 = CARTESIAN_POINT ( 'NONE',  ( 11.35603666368406195, -6.875000000000007994, 3.000000000000000000 ) ) ;
#1708 = ORIENTED_EDGE ( 'NONE', *, *, #1536, .T. ) ;
#1709 = CARTESIAN_POINT ( 'NONE',  ( 7.150996299577768944, -14.66078268740962542, 4.421475816558397831 ) ) ;
#1710 = VERTEX_POINT ( 'NONE', #338 ) ;
#1711 = CARTESIAN_POINT ( 'NONE',  ( 16.43938861802500639, -11.67915852030550283, 1.933499462650405842 ) ) ;
#1712 = CARTESIAN_POINT ( 'NONE',  ( 4.957496530505256516, -4.224637897448797474, 2.168198051533946291 ) ) ;
#1713 = CARTESIAN_POINT ( 'NONE',  ( 5.786150803210766469, -6.271452069446107558, 4.301546560717435241 ) ) ;
#1714 = CARTESIAN_POINT ( 'NONE',  ( 5.266036663684054098, -11.66816179572523637, 1.733889651497832363 ) ) ;
#1715 = DIRECTION ( 'NONE',  ( 0.000000000000000000, 0.000000000000000000, -1.000000000000000000 ) ) ;
#1716 = DIRECTION ( 'NONE',  ( -0.000000000000000000, 0.000000000000000000, 1.000000000000000000 ) ) ;
#1717 = CARTESIAN_POINT ( 'NONE',  ( 18.10603666368406550, -6.875000000000006217, 2.336396103067893915 ) ) ;
#1718 = CARTESIAN_POINT ( 'NONE',  ( 15.69077360135034560, -12.29182297457868422, 3.725305581759076556 ) ) ;
#1719 = AXIS2_PLACEMENT_3D ( 'NONE', #1431, #3839, #271 ) ;
#1720 = CARTESIAN_POINT ( 'NONE',  ( 5.057884442064554342, -5.406021742330523239, 2.848001863457692462 ) ) ;
#1721 = CARTESIAN_POINT ( 'NONE',  ( 17.47693397977934637, -4.339641317780248642, 2.928308080163918969 ) ) ;
#1722 = CARTESIAN_POINT ( 'NONE',  ( 5.747790944012995951, -6.267577916043586939, 3.733407978023511209 ) ) ;
#1723 = CARTESIAN_POINT ( 'NONE',  ( 16.44603666368406891, -16.00000000000000000, 0.000000000000000000 ) ) ;
#1724 = CARTESIAN_POINT ( 'NONE',  ( 7.855450414727691566, -11.23618032136066880, 5.086800426173083700 ) ) ;
#1725 = PERSON_AND_ORGANIZATION ( #3687, #3165 ) ;
#1726 = DIRECTION ( 'NONE',  ( -0.000000000000000000, -0.000000000000000000, 1.000000000000000000 ) ) ;
#1727 = CARTESIAN_POINT ( 'NONE',  ( 32.77053893421177122, -7.999999999999930722, 3.000000000000000000 ) ) ;
#1728 = DIRECTION ( 'NONE',  ( 0.000000000000000000, -0.000000000000000000, -1.000000000000000000 ) ) ;
#1729 = MANIFOLD_SOLID_BREP ( 'Cut-Extrude4', #1448 ) ;
#1730 = CARTESIAN_POINT ( 'NONE',  ( 8.250399292202729384, -11.53371916921843088, 4.490393460264541226 ) ) ;
#1731 = EDGE_CURVE ( 'NONE', #4351, #3283, #3499, .T. ) ;
#1732 = EDGE_LOOP ( 'NONE', ( #3485, #3797, #3855, #1249 ) ) ;
#1733 = DIRECTION ( 'NONE',  ( 0.000000000000000000, -1.000000000000000000, 0.000000000000000000 ) ) ;
#1734 = CARTESIAN_POINT ( 'NONE',  ( 10.21558181716115143, -1.186199256580102945, 3.328112088713939709 ) ) ;
#1735 = CARTESIAN_POINT ( 'NONE',  ( 32.77053893421177122, 7.999999999999923617, 1.000000000000000000 ) ) ;
#1736 = CIRCLE ( 'NONE', #1135, 1.000000000000000666 ) ;
#1737 = EDGE_LOOP ( 'NONE', ( #2805, #3465, #2024, #3716 ) ) ;
#1738 = CARTESIAN_POINT ( 'NONE',  ( 6.266036663684054098, -11.66816179572523637, 1.733889651497832363 ) ) ;
#1739 = EDGE_LOOP ( 'NONE', ( #1854, #105, #1045, #3745, #3256, #3441, #2967, #1053, #3890 ) ) ;
#1740 = EDGE_CURVE ( 'NONE', #3924, #4785, #2756, .T. ) ;
#1741 = CARTESIAN_POINT ( 'NONE',  ( 6.059696960936628685, -11.05940467144901973, 2.000000000000000000 ) ) ;
#1742 = AXIS2_PLACEMENT_3D ( 'NONE', #264, #2670, #4261 ) ;
#1743 = VECTOR ( 'NONE', #4931, 1000.000000000000000 ) ;
#1744 = DIRECTION ( 'NONE',  ( -0.6481459152251832778, 0.7615161669832818392, 0.000000000000000000 ) ) ;
#1745 = CARTESIAN_POINT ( 'NONE',  ( 9.736174851158445165, -12.23465095326406349, 4.301566103561281551 ) ) ;
#1746 = CARTESIAN_POINT ( 'NONE',  ( 15.38759337319783782, -10.75934695341589631, 4.045568786436361641 ) ) ;
#1747 = LOCAL_TIME ( 4, 23, 18.00000000000000000, #5117 ) ;
#1748 = VECTOR ( 'NONE', #4417, 1000.000000000000000 ) ;
#1749 = CARTESIAN_POINT ( 'NONE',  ( -19.22946106578817549, 17.99999999999999645, 0.000000000000000000 ) ) ;
#1750 = CARTESIAN_POINT ( 'NONE',  ( 8.705674561132855871, -0.4764598668211990629, 2.336396103067894359 ) ) ;
#1751 = CARTESIAN_POINT ( 'NONE',  ( 17.12464231334301346, -12.93531634156748211, 4.740210924690386740 ) ) ;
#1752 = CARTESIAN_POINT ( 'NONE',  ( 17.08766499379853343, -3.887949936609651047, 2.848051854651893144 ) ) ;
#1753 = CARTESIAN_POINT ( 'NONE',  ( 18.03434474384798136, -7.749070846658177913, 2.707106781186548350 ) ) ;
#1754 = CARTESIAN_POINT ( 'NONE',  ( 16.35833268336778801, -4.267681710592580835, 3.733428711674602773 ) ) ;
#1755 = CARTESIAN_POINT ( 'NONE',  ( 15.22577899566625703, -12.55992835492341442, 4.153058794155893629 ) ) ;
#1756 = DIRECTION ( 'NONE',  ( -1.000000000000000000, 0.000000000000000000, 0.000000000000000000 ) ) ;
#1757 = CARTESIAN_POINT ( 'NONE',  ( 16.44603666368406891, -11.66816179572523637, 0.000000000000000000 ) ) ;
#1758 = FACE_OUTER_BOUND ( 'NONE', #4116, .T. ) ;
#1759 = CARTESIAN_POINT ( 'NONE',  ( 17.97654836191245309, -6.875000000000006217, 2.708943016159725659 ) ) ;
#1760 = CARTESIAN_POINT ( 'NONE',  ( 6.184770662786906570, -9.020830366890210783, 4.490825105177491672 ) ) ;
#1761 = EDGE_LOOP ( 'NONE', ( #2104, #664, #2940, #2044, #5101 ) ) ;
#1762 = CARTESIAN_POINT ( 'NONE',  ( 0.000000000000000000, 0.000000000000000000, 3.000000000000000000 ) ) ;
#1763 = CARTESIAN_POINT ( 'NONE',  ( 12.57502267350254677, -12.99706621825391650, 2.975011106526989746 ) ) ;
#1764 = LINE ( 'NONE', #897, #2482 ) ;
#1765 = ORIENTED_EDGE ( 'NONE', *, *, #3218, .F. ) ;
#1766 = CARTESIAN_POINT ( 'NONE',  ( 7.330290358585659583, -14.23891195851627245, 4.123940607880836495 ) ) ;
#1767 = ORIENTED_EDGE ( 'NONE', *, *, #2473, .T. ) ;
#1768 = CARTESIAN_POINT ( 'NONE',  ( 16.32401380068475660, -4.285258012124293359, 4.301591306253698122 ) ) ;
#1769 = ADVANCED_FACE ( 'NONE', ( #3588 ), #1579, .T. ) ;
#1770 = CARTESIAN_POINT ( 'NONE',  ( 15.28157872381595794, -11.66690034562151901, 4.118732687842912021 ) ) ;
#1771 = DIRECTION ( 'NONE',  ( -1.000000000000000000, 0.000000000000000000, -0.000000000000000000 ) ) ;
#1772 = CARTESIAN_POINT ( 'NONE',  ( 6.458806063102772832, -1.977769399418718876, 2.168198051533945403 ) ) ;
#1773 = CARTESIAN_POINT ( 'NONE',  ( 13.73979781666101729, -14.61278799990086164, 5.800417238623390759 ) ) ;
#1774 = EDGE_CURVE ( 'NONE', #1475, #1990, #1194, .T. ) ;
#1775 = CARTESIAN_POINT ( 'NONE',  ( 4.930317132245182421, -6.179408687482935036, 2.848040843297506619 ) ) ;
#1776 = CARTESIAN_POINT ( 'NONE',  ( 8.733824123709547749, -13.20558107743128318, 2.707106781186549238 ) ) ;
#1777 = CARTESIAN_POINT ( 'NONE',  ( 13.50786832548854122, -1.664505229039777046, 3.733523802563739391 ) ) ;
#1778 = CARTESIAN_POINT ( 'NONE',  ( 6.297944194553442010, -11.71216409724883256, 2.189231788394874201 ) ) ;
#1779 = LINE ( 'NONE', #3372, #2041 ) ;
#1780 = COORDINATED_UNIVERSAL_TIME_OFFSET ( 8, 0, .BEHIND. ) ;
#1781 = PLANE ( 'NONE',  #1719 ) ;
#1782 = CARTESIAN_POINT ( 'NONE',  ( 8.820677981464321249, -0.7541026839047249020, 2.928308080163918081 ) ) ;
#1783 = LINE ( 'NONE', #1375, #1453 ) ;
#1784 = CARTESIAN_POINT ( 'NONE',  ( 15.96576012704512415, -10.22249076497341491, 3.667739876546896483 ) ) ;
#1785 = CARTESIAN_POINT ( 'NONE',  ( 8.709163973367296308, -1.941058544454419055, 4.490552831985525017 ) ) ;
#1786 = VERTEX_POINT ( 'NONE', #3207 ) ;
#1787 = DIRECTION ( 'NONE',  ( 1.000000000000000000, 3.469446951953614189E-15, 0.000000000000000000 ) ) ;
#1788 = CARTESIAN_POINT ( 'NONE',  ( 8.967100950791348168, -12.64265785262202613, 2.975086296423611110 ) ) ;
#1789 = CARTESIAN_POINT ( 'NONE',  ( 6.406688207466374685, -11.30459681086233736, 2.652284057055512623 ) ) ;
#1790 = EDGE_LOOP ( 'NONE', ( #702, #1898, #1301, #3386, #336, #4014 ) ) ;
#1791 = CARTESIAN_POINT ( 'NONE',  ( 7.454371548724664009, -13.99016939634975110, 5.631257437562531720 ) ) ;
#1792 = VERTEX_POINT ( 'NONE', #2091 ) ;
#1793 = B_SPLINE_CURVE_WITH_KNOTS ( 'NONE', 5,
 ( #1424, #2583, #3004, #4154, #2608, #703, #4181, #4206 ),
 .UNSPECIFIED., .F., .F.,
 ( 6, 2, 6 ),
 ( 0.4326036768495575835, 0.5000000000000000000, 1.000000000000000000 ),
 .UNSPECIFIED. ) ;
#1794 = CARTESIAN_POINT ( 'NONE',  ( 8.240537128246309351, -2.223073873809137790, 4.112465168518300906 ) ) ;
#1795 = CARTESIAN_POINT ( 'NONE',  ( 13.12283488310920632, -0.3006844324888774400, 1.999999999999999556 ) ) ;
#1796 = ADVANCED_FACE ( 'NONE', ( #4766 ), #3197, .T. ) ;
#1797 = CARTESIAN_POINT ( 'NONE',  ( -29.22946106578824654, 0.000000000000000000, 3.000000000000000000 ) ) ;
#1798 = CARTESIAN_POINT ( 'NONE',  ( 16.96608521906786748, -9.198758197211544640, 3.000000000000000888 ) ) ;
#1799 = CARTESIAN_POINT ( 'NONE',  ( 16.16119005810795883, -12.50355439772236643, 3.011018799978605109 ) ) ;
#1800 = CARTESIAN_POINT ( 'NONE',  ( 8.303103071020890624, -1.182652767848381581, 2.848045322667593027 ) ) ;
#1801 = CARTESIAN_POINT ( 'NONE',  ( 7.062291389865896996, -2.581254726181844372, 3.000000000000000444 ) ) ;
#1802 = CARTESIAN_POINT ( 'NONE',  ( 8.691237419572786393, -1.906948805451385676, 3.733416414224555169 ) ) ;
#1803 = EDGE_CURVE ( 'NONE', #1054, #1841, #2829, .T. ) ;
#1804 = CARTESIAN_POINT ( 'NONE',  ( 18.44603666368407247, -16.00000000000000000, 0.000000000000000000 ) ) ;
#1805 = DATE_AND_TIME ( #501, #2167 ) ;
#1806 = CARTESIAN_POINT ( 'NONE',  ( 17.81314344487061518, -6.029880439260091762, 2.928308080163915417 ) ) ;
#1807 = DIRECTION ( 'NONE',  ( -0.000000000000000000, -1.000000000000000000, -0.000000000000000000 ) ) ;
#1808 = CARTESIAN_POINT ( 'NONE',  ( 17.08526088578055635, -17.51558824573704953, 2.353245150496604765 ) ) ;
#1809 = CARTESIAN_POINT ( 'NONE',  ( 5.786160920344673109, -6.271358620329499978, 4.490531443891553565 ) ) ;
#1810 = VERTEX_POINT ( 'NONE', #627 ) ;
#1811 = DIRECTION ( 'NONE',  ( -0.000000000000000000, -0.000000000000000000, 1.000000000000000000 ) ) ;
#1812 = CARTESIAN_POINT ( 'NONE',  ( 16.54547881036957691, -3.405827520658331942, 2.975011115748149582 ) ) ;
#1813 = CARTESIAN_POINT ( 'NONE',  ( 6.507124279976807202, -10.91951928638438929, 2.945019752473116981 ) ) ;
#1814 = CARTESIAN_POINT ( 'NONE',  ( 17.45429269753268997, -16.02588065699117692, 3.001451261388372149 ) ) ;
#1815 = ORIENTED_EDGE ( 'NONE', *, *, #494, .F. ) ;
#1816 = CARTESIAN_POINT ( 'NONE',  ( 16.13184232093188797, -10.70133747011020731, 3.089614599353916802 ) ) ;
#1817 = CARTESIAN_POINT ( 'NONE',  ( 16.29614596954190731, -9.510258900156271622, 4.112581354515220333 ) ) ;
#1818 = CARTESIAN_POINT ( 'NONE',  ( 16.61603822605519909, -11.08826522975524398, 2.281193330499737826 ) ) ;
#1819 = AXIS2_PLACEMENT_3D ( 'NONE', #512, #854, #536 ) ;
#1820 = CIRCLE ( 'NONE', #4227, 1.000000000000000000 ) ;
#1821 = CARTESIAN_POINT ( 'NONE',  ( 17.10603666368406550, -7.627571955045412189, 3.000000000000000000 ) ) ;
#1822 = CARTESIAN_POINT ( 'NONE',  ( 16.42832866798363867, -14.73505358158954159, 2.060614579297020743 ) ) ;
#1823 = CARTESIAN_POINT ( 'NONE',  ( 5.275027808393690343, -16.00000000000000000, 2.001935015184501232 ) ) ;
#1824 = CIRCLE ( 'NONE', #2491, 1.000000000000000666 ) ;
#1825 = CARTESIAN_POINT ( 'NONE',  ( 6.866629179932624005, -3.199673293921203143, 3.328138447031725455 ) ) ;
#1826 = CARTESIAN_POINT ( 'NONE',  ( 9.266036663684053210, -16.00000000000000000, 1.733889651497854123 ) ) ;
#1827 = CARTESIAN_POINT ( 'NONE',  ( 5.989332500472821508, -10.46945753132120593, 2.848011788467487371 ) ) ;
#1828 = EDGE_CURVE ( 'NONE', #450, #1456, #485, .T. ) ;
#1829 = CARTESIAN_POINT ( 'NONE',  ( 4.503865082153827082, -6.875000000000009770, 2.707106781186547018 ) ) ;
#1830 = CARTESIAN_POINT ( 'NONE',  ( 16.44603666368406891, -16.00000000000000000, 0.000000000000000000 ) ) ;
#1831 = CARTESIAN_POINT ( 'NONE',  ( 16.49978331359663741, -16.49536854221045346, 1.914448148866179977 ) ) ;
#1832 = CARTESIAN_POINT ( 'NONE',  ( 14.46189988860877307, -2.216283224618644798, 4.490392523866160168 ) ) ;
#1833 = ORIENTED_EDGE ( 'NONE', *, *, #1023, .F. ) ;
#1834 = DIRECTION ( 'NONE',  ( -0.000000000000000000, 0.000000000000000000, 1.000000000000000000 ) ) ;
#1835 = CARTESIAN_POINT ( 'NONE',  ( 7.215277467491141294, -10.69662116228344573, 4.218794504815490676 ) ) ;
#1836 = CARTESIAN_POINT ( 'NONE',  ( 16.86416916152665380, -9.812732216638316629, 2.975040182618030826 ) ) ;
#1837 = CARTESIAN_POINT ( 'NONE',  ( 0.000000000000000000, -18.00000000000000355, 0.000000000000000000 ) ) ;
#1838 = CARTESIAN_POINT ( 'NONE',  ( 7.927218661661106225, -12.88353442152778960, 4.421408159490828105 ) ) ;
#1839 = EDGE_LOOP ( 'NONE', ( #696, #399, #1391, #3920 ) ) ;
#1840 = CARTESIAN_POINT ( 'NONE',  ( 6.429210152657011790, -10.92631676281365927, 2.903862659806331070 ) ) ;
#1841 = VERTEX_POINT ( 'NONE', #1723 ) ;
#1842 = CARTESIAN_POINT ( 'NONE',  ( 6.418331301026953817, -9.514817576456589876, 4.112579193302980052 ) ) ;
#1843 = CARTESIAN_POINT ( 'NONE',  ( 16.37636907219510718, -11.36628145012100966, 2.384354285713210952 ) ) ;
#1844 = VERTEX_POINT ( 'NONE', #4583 ) ;
#1845 = CARTESIAN_POINT ( 'NONE',  ( 5.384742308322233661, -8.695227414962701573, 2.975040446345459166 ) ) ;
#1846 = CARTESIAN_POINT ( 'NONE',  ( 7.184321707633330334, -11.04671495605073339, 3.000000000000000000 ) ) ;
#1847 = CARTESIAN_POINT ( 'NONE',  ( 17.42541714450083745, -12.89033096290874703, 4.409768849912983235 ) ) ;
#1848 = DIRECTION ( 'NONE',  ( 1.000000000000000000, 1.734723475976807489E-15, 0.000000000000000000 ) ) ;
#1849 = CARTESIAN_POINT ( 'NONE',  ( 13.97824920365858503, -0.5444189225687284805, 2.707106781186547018 ) ) ;
#1850 = CARTESIAN_POINT ( 'NONE',  ( 17.04735770880919077, -8.003577582808688362, 3.328111973705518256 ) ) ;
#1851 = DIRECTION ( 'NONE',  ( 0.9443268661732727720, -0.3290087686116675569, -6.552583934985539935E-15 ) ) ;
#1852 = CARTESIAN_POINT ( 'NONE',  ( 16.06607036645959496, -2.464659090289582632, 2.848083775809369111 ) ) ;
#1853 = CARTESIAN_POINT ( 'NONE',  ( 6.671304675528840988, -11.55973198815522096, 2.928308080163916305 ) ) ;
#1854 = ORIENTED_EDGE ( 'NONE', *, *, #648, .T. ) ;
#1855 = DIRECTION ( 'NONE',  ( 0.000000000000000000, 0.000000000000000000, 1.000000000000000000 ) ) ;
#1856 = CARTESIAN_POINT ( 'NONE',  ( 16.66023021207116628, -11.04968930595423870, 1.733889651497825257 ) ) ;
#1857 = CARTESIAN_POINT ( 'NONE',  ( 7.802186172999197922, -2.548455306477356519, 4.301570164014336228 ) ) ;
#1858 = ORIENTED_EDGE ( 'NONE', *, *, #4808, .T. ) ;
#1859 = EDGE_CURVE ( 'NONE', #4199, #877, #3574, .T. ) ;
#1860 = DIRECTION ( 'NONE',  ( -0.000000000000000000, -0.000000000000000000, -1.000000000000000000 ) ) ;
#1861 = CARTESIAN_POINT ( 'NONE',  ( 17.36237762725279765, -17.77354533033785344, 1.541829518215637851 ) ) ;
#1862 = CARTESIAN_POINT ( 'NONE',  ( 13.73887789151680572, -1.105158401145319491, 2.975086102014462774 ) ) ;
#1863 = CARTESIAN_POINT ( 'NONE',  ( 6.273894855946528182, -11.33061205862896159, 1.952685331133327429 ) ) ;
#1864 = CARTESIAN_POINT ( 'NONE',  ( 6.815297173843343437, -10.77578510654057453, 3.464291102306838788 ) ) ;
#1865 = ORIENTED_EDGE ( 'NONE', *, *, #2442, .F. ) ;
#1866 = CARTESIAN_POINT ( 'NONE',  ( 6.507299805320823083, -12.59024469354555720, 2.918821474615057365 ) ) ;
#1867 = CARTESIAN_POINT ( 'NONE',  ( 6.846294577184590224, -11.38647564699701320, 2.903915991998379020 ) ) ;
#1868 = VERTEX_POINT ( 'NONE', #4109 ) ;
#1869 = EDGE_CURVE ( 'NONE', #2863, #4072, #903, .T. ) ;
#1870 = ORIENTED_EDGE ( 'NONE', *, *, #2595, .F. ) ;
#1871 = CARTESIAN_POINT ( 'NONE',  ( 13.04050555858198379, -12.21824388750741441, 4.112599874936680777 ) ) ;
#1872 = CARTESIAN_POINT ( 'NONE',  ( 16.82562486674062185, -10.33503156021613734, 2.848083732178380956 ) ) ;
#1873 = CARTESIAN_POINT ( 'NONE',  ( 17.27423471521801446, -7.649586065737191021, 3.000000000000000000 ) ) ;
#1874 = CARTESIAN_POINT ( 'NONE',  ( 17.61318404064554244, -13.04273606563438470, 4.077546384997668305 ) ) ;
#1875 = CARTESIAN_POINT ( 'NONE',  ( -19.22946106578825010, 7.999999999999996447, 1.000000000000000000 ) ) ;
#1876 = CARTESIAN_POINT ( 'NONE',  ( 9.135717612823974321, -12.23556502819546665, 3.328183241534909076 ) ) ;
#1877 = CARTESIAN_POINT ( 'NONE',  ( 13.44603666368404760, -13.65922706049903823, 4.733889651497853457 ) ) ;
#1878 = CARTESIAN_POINT ( 'NONE',  ( 17.81546926978225187, -6.876510185854868062, 2.848102389944587642 ) ) ;
#1879 = CARTESIAN_POINT ( 'NONE',  ( 16.43939042182246979, -11.67939969599621897, 1.933472412874463808 ) ) ;
#1880 = LINE ( 'NONE', #739, #1399 ) ;
#1881 = CARTESIAN_POINT ( 'NONE',  ( 17.08526088578055280, -17.51558824573710282, 2.353245150496611870 ) ) ;
#1882 = CARTESIAN_POINT ( 'NONE',  ( 16.60440920350076510, -4.904398090607518412, 4.301838730606309724 ) ) ;
#1883 = VECTOR ( 'NONE', #177, 1000.000000000000000 ) ;
#1884 = ORIENTED_EDGE ( 'NONE', *, *, #1859, .F. ) ;
#1885 = DIRECTION ( 'NONE',  ( 1.000000000000000000, 0.000000000000000000, 0.000000000000000000 ) ) ;
#1886 = CARTESIAN_POINT ( 'NONE',  ( 11.35603666368406195, -6.875000000000007994, -0.1810125000000165629 ) ) ;
#1887 = CARTESIAN_POINT ( 'NONE',  ( 15.61836220071844927, -2.323023938571171509, 2.975070721952004060 ) ) ;
#1888 = CARTESIAN_POINT ( 'NONE',  ( 6.285372266851406486, -11.34473034270615166, 2.079867867595342812 ) ) ;
#1889 = CARTESIAN_POINT ( 'NONE',  ( 6.717828503148274955, -10.23433588635441360, 3.603073981065516573 ) ) ;
#1890 = EDGE_CURVE ( 'NONE', #2211, #4451, #699, .T. ) ;
#1891 = CARTESIAN_POINT ( 'NONE',  ( 15.61978820269929358, -11.18134532791195035, 3.801449625632127738 ) ) ;
#1892 = CARTESIAN_POINT ( 'NONE',  ( 17.70429803230750920, -7.496754211554556235, 2.903862376570788939 ) ) ;
#1893 = EDGE_LOOP ( 'NONE', ( #12, #1643, #2240, #1078 ) ) ;
#1894 = CARTESIAN_POINT ( 'NONE',  ( 15.74088879765513838, -10.48232170148059339, 3.675692558394936693 ) ) ;
#1895 = ORIENTED_EDGE ( 'NONE', *, *, #2802, .F. ) ;
#1896 = CARTESIAN_POINT ( 'NONE',  ( 9.736096001296346003, -12.23462713475414709, 4.112577806447448303 ) ) ;
#1897 = CARTESIAN_POINT ( 'NONE',  ( 10.47246372986193030, -0.1250000000000079381, 2.000000000000000000 ) ) ;
#1898 = ORIENTED_EDGE ( 'NONE', *, *, #621, .T. ) ;
#1899 = EDGE_CURVE ( 'NONE', #4304, #4545, #547, .T. ) ;
#1900 = AXIS2_PLACEMENT_3D ( 'NONE', #1875, #680, #1848 ) ;
#1901 = CARTESIAN_POINT ( 'NONE',  ( 7.062291389865896996, -2.581254726181844372, 3.000000000000000444 ) ) ;
#1902 = CARTESIAN_POINT ( 'NONE',  ( 16.43881418304420095, -15.63308099063091383, 1.942057468886459359 ) ) ;
#1903 = CARTESIAN_POINT ( 'NONE',  ( 7.013016789568334630, -3.313054396307211658, 4.490736308594573067 ) ) ;
#1904 = VECTOR ( 'NONE', #5097, 1000.000000000000000 ) ;
#1905 = CARTESIAN_POINT ( 'NONE',  ( 11.35603666368405840, -0.02282841846977228667, 2.707106781186548350 ) ) ;
#1906 = CARTESIAN_POINT ( 'NONE',  ( 5.665888334376306901, -8.009514097862886928, 3.328111965603512967 ) ) ;
#1907 = DIRECTION ( 'NONE',  ( 0.3290087686116678345, 0.9443268661732726610, 0.000000000000000000 ) ) ;
#1908 = CARTESIAN_POINT ( 'NONE',  ( 17.41094935358466955, -4.601174146581841207, 2.848112706295727214 ) ) ;
#1909 = AXIS2_PLACEMENT_3D ( 'NONE', #135, #1771, #1716 ) ;
#1910 = CARTESIAN_POINT ( 'NONE',  ( 16.65251199571576279, -11.05947715457735292, 2.000000000000000444 ) ) ;
#1911 = LINE ( 'NONE', #274, #158 ) ;
#1912 = CARTESIAN_POINT ( 'NONE',  ( 14.31434992347920065, -11.63688123750960912, 4.301389153432278789 ) ) ;
#1913 = VECTOR ( 'NONE', #4479, 1000.000000000000000 ) ;
#1914 = ORIENTED_EDGE ( 'NONE', *, *, #149, .T. ) ;
#1915 =( BOUNDED_SURFACE ( )  B_SPLINE_SURFACE ( 3, 2, ( 
 ( #304, #1813, #3071 ),
 ( #3458, #3437, #2185 ),
 ( #3848, #3407, #4968 ),
 ( #4997, #3046, #3021 ),
 ( #4648, #1789, #3383 ),
 ( #592, #3100, #1415 ),
 ( #4673, #1382, #1074 ),
 ( #4147, #1021, #1440 ),
 ( #2238, #4942, #3823 ),
 ( #4621, #1888, #1049 ),
 ( #2686, #4252, #4225 ),
 ( #2268, #1863, #1544 ) ),
 .UNSPECIFIED., .F., .F., .F. ) 
 B_SPLINE_SURFACE_WITH_KNOTS ( ( 4, 2, 2, 2, 2, 4 ),
 ( 3, 3 ),
 ( -1.162030383471368591E-05, 0.0004783040834386753822, 0.0009682284707120645010, 0.001458152857985453620, 0.001703115051622148234, 0.001948077245258842630 ),
 ( 0.000000000000000000, 1.000000000000000000 ),
 .UNSPECIFIED. ) 
 GEOMETRIC_REPRESENTATION_ITEM ( )  RATIONAL_B_SPLINE_SURFACE ( (
 ( 1.000000000000000000, 0.9471915966896466976, 1.000000000000000000),
 ( 1.000000000000000000, 0.9502346385713816845, 1.000000000000000000),
 ( 1.000000000000000000, 0.9516576719547366059, 1.000000000000000000),
 ( 1.000000000000000000, 0.9516558769212092317, 1.000000000000000000),
 ( 1.000000000000000000, 0.9502959958894237058, 1.000000000000000000),
 ( 1.000000000000000000, 0.9473247030510620892, 1.000000000000000000),
 ( 1.000000000000000000, 0.9457733164578437934, 1.000000000000000000),
 ( 1.000000000000000000, 0.9443283016713842626, 1.000000000000000000),
 ( 1.000000000000000000, 0.9439855971066686280, 1.000000000000000000),
 ( 1.000000000000000000, 0.9437284026205094989, 1.000000000000000000),
 ( 1.000000000000000000, 0.9438124422366476196, 1.000000000000000000),
 ( 1.000000000000000000, 0.9443097158355177045, 1.000000000000000000) ) ) 
 REPRESENTATION_ITEM ( '' )  SURFACE ( )  );
#1916 = CARTESIAN_POINT ( 'NONE',  ( 11.35603666368406195, -6.875000000000007994, -0.1810125000000165629 ) ) ;
#1917 = CARTESIAN_POINT ( 'NONE',  ( 15.52633101630310009, -10.59865105538549201, 4.354601200020695728 ) ) ;
#1918 = CARTESIAN_POINT ( 'NONE',  ( 16.28630483313020960, -10.92218226176255769, 2.903862090866700107 ) ) ;
#1919 = DIRECTION ( 'NONE',  ( -0.000000000000000000, -0.000000000000000000, 1.000000000000000000 ) ) ;
#1920 = CARTESIAN_POINT ( 'NONE',  ( 7.128369225249175933, -10.53218259555951875, 4.495190869286963320 ) ) ;
#1921 = ORIENTED_EDGE ( 'NONE', *, *, #4247, .F. ) ;
#1922 = CARTESIAN_POINT ( 'NONE',  ( 9.266036663684074526, -13.65922706049903645, 4.733889651497853457 ) ) ;
#1923 = CYLINDRICAL_SURFACE ( 'NONE', #4308, 6.750000000000000000 ) ;
#1924 =( BOUNDED_SURFACE ( )  B_SPLINE_SURFACE ( 3, 2, ( 
 ( #4597, #1022, #2626 ),
 ( #4198, #2239, #4696 ),
 ( #3537, #4622, #1441 ),
 ( #3047, #2269, #669 ),
 ( #3849, #2338, #723 ),
 ( #4298, #2733, #2290 ) ),
 .UNSPECIFIED., .F., .F., .F. ) 
 B_SPLINE_SURFACE_WITH_KNOTS ( ( 4, 2, 4 ),
 ( 3, 3 ),
 ( 1.570796326794896558, 1.982811632250251810, 2.394826937705607062 ),
 ( 0.000000000000000000, 1.000000000000000000 ),
 .UNSPECIFIED. ) 
 GEOMETRIC_REPRESENTATION_ITEM ( )  RATIONAL_B_SPLINE_SURFACE ( (
 ( 1.000000000000000000, 1.000000000000000000, 1.000000000000000000),
 ( 1.000000000000000000, 1.000192585557571956, 1.000000000000000000),
 ( 1.000000000000000000, 0.9853441382420693451, 1.000000000000000000),
 ( 1.000000000000000000, 0.9327978557961364992, 1.000000000000000000),
 ( 1.000000000000000000, 0.8950726178824336410, 1.000000000000000000),
 ( 1.000000000000000000, 0.8548116691483550467, 1.000000000000000000) ) ) 
 REPRESENTATION_ITEM ( '' )  SURFACE ( )  );
#1925 = ORIENTED_EDGE ( 'NONE', *, *, #2675, .F. ) ;
#1926 = FACE_OUTER_BOUND ( 'NONE', #2488, .T. ) ;
#1927 = CARTESIAN_POINT ( 'NONE',  ( 12.45690482917208719, -12.40384380233668438, 3.733352832809282429 ) ) ;
#1928 = CARTESIAN_POINT ( 'NONE',  ( 16.97825736068841351, -17.35853741858572974, 1.733889651497829698 ) ) ;
#1929 = EDGE_LOOP ( 'NONE', ( #3208, #1385, #1358, #4574 ) ) ;
#1930 = CARTESIAN_POINT ( 'NONE',  ( 17.81314344487061518, -7.720119560739919784, 2.928308080163915417 ) ) ;
#1931 = EDGE_CURVE ( 'NONE', #2539, #1539, #4159, .T. ) ;
#1932 = CARTESIAN_POINT ( 'NONE',  ( 17.45429269753268997, -16.02588065699117692, 3.001451261388369041 ) ) ;
#1933 = CARTESIAN_POINT ( 'NONE',  ( 11.35603666368406195, -6.875000000000007994, 3.000000000000000000 ) ) ;
#1934 = CARTESIAN_POINT ( 'NONE',  ( 15.31751977575223833, -2.644256522163173528, 3.328168422159731854 ) ) ;
#1935 = FACE_OUTER_BOUND ( 'NONE', #4617, .T. ) ;
#1936 = EDGE_CURVE ( 'NONE', #1657, #2961, #1559, .T. ) ;
#1937 = CARTESIAN_POINT ( 'NONE',  ( 7.773322783605355113, -12.24938879436170147, 2.848011903322896110 ) ) ;
#1938 = DIRECTION ( 'NONE',  ( -1.000000000000000000, 0.000000000000000000, 0.000000000000000000 ) ) ;
#1939 = CARTESIAN_POINT ( 'NONE',  ( 10.25549434704281637, -1.385258742210465410, 4.301429200962769706 ) ) ;
#1940 = EDGE_LOOP ( 'NONE', ( #4344, #4863, #4425 ) ) ;
#1941 = LINE ( 'NONE', #400, #4465 ) ;
#1942 = DIRECTION ( 'NONE',  ( 1.000000000000000000, 0.000000000000000000, 0.000000000000000000 ) ) ;
#1943 = CARTESIAN_POINT ( 'NONE',  ( 17.61298461342673249, -8.115739444394991509, 2.903829008315977678 ) ) ;
#1944 =( BOUNDED_SURFACE ( )  B_SPLINE_SURFACE ( 3, 2, ( 
 ( #3563, #1172, #431 ),
 ( #3590, #340, #3106 ),
 ( #3209, #4281, #1604 ),
 ( #1196, #2715, #3900 ) ),
 .UNSPECIFIED., .F., .F., .F. ) 
 B_SPLINE_SURFACE_WITH_KNOTS ( ( 4, 4 ),
 ( 3, 3 ),
 ( 0.002609390732048110992, 0.003771466423826343606 ),
 ( 0.000000000000000000, 1.000000000000000000 ),
 .UNSPECIFIED. ) 
 GEOMETRIC_REPRESENTATION_ITEM ( )  RATIONAL_B_SPLINE_SURFACE ( (
 ( 1.000000000000000000, 0.8226321130141857063, 1.000000000000000000),
 ( 1.000000000000000000, 0.8425318713742783183, 1.000000000000000000),
 ( 1.000000000000000000, 0.8619691277174978961, 1.000000000000000000),
 ( 1.000000000000000000, 0.8799003105419200832, 1.000000000000000000) ) ) 
 REPRESENTATION_ITEM ( '' )  SURFACE ( )  );
#1945 = LINE ( 'NONE', #3606, #1904 ) ;
#1946 = CARTESIAN_POINT ( 'NONE',  ( 6.900462426361965385, -10.46888914275765536, 3.583586324125123568 ) ) ;
#1947 = CARTESIAN_POINT ( 'NONE',  ( 5.733815966679712162, -17.35853741858572974, 1.733889651497832807 ) ) ;
#1948 = CARTESIAN_POINT ( 'NONE',  ( 17.65861351763835074, -16.00000000000000000, 3.000000000000000000 ) ) ;
#1949 = EDGE_LOOP ( 'NONE', ( #4229, #339, #1884, #4751 ) ) ;
#1950 = ORIENTED_EDGE ( 'NONE', *, *, #4689, .F. ) ;
#1951 = CARTESIAN_POINT ( 'NONE',  ( 16.75020929215894228, -8.513689846848357945, 3.733418421457426195 ) ) ;
#1952 = CARTESIAN_POINT ( 'NONE',  ( 17.91973452292850766, -17.72263507335528487, 2.052604281511015483 ) ) ;
#1953 = CARTESIAN_POINT ( 'NONE',  ( 17.81314344487061518, -6.029880439260091762, 2.928308080163915417 ) ) ;
#1954 = CARTESIAN_POINT ( 'NONE',  ( 8.709163973367296308, -1.941058544454419055, 4.490552831985525017 ) ) ;
#1955 = EDGE_CURVE ( 'NONE', #2375, #4785, #3410, .T. ) ;
#1956 = DIRECTION ( 'NONE',  ( -0.000000000000000000, 1.000000000000000000, 0.000000000000000000 ) ) ;
#1957 = CARTESIAN_POINT ( 'NONE',  ( 5.013805733443694734, -13.31670546853342607, 3.804303681056235398 ) ) ;
#1958 = B_SPLINE_CURVE_WITH_KNOTS ( 'NONE', 3,
 ( #3265, #395, #1982, #1639 ),
 .UNSPECIFIED., .F., .F.,
 ( 4, 4 ),
 ( 0.000000000000000000, 0.0002000093537115401352 ),
 .UNSPECIFIED. ) ;
#1959 = ADVANCED_FACE ( 'NONE', ( #3138 ), #4317, .F. ) ;
#1960 = CARTESIAN_POINT ( 'NONE',  ( 16.84820854825717973, -7.964089209361247867, 4.301428605755621248 ) ) ;
#1961 = B_SPLINE_CURVE_WITH_KNOTS ( 'NONE', 3,
 ( #2296, #4235, #2275, #3857, #3493, #3879, #5056, #4680, #4309, #1226, #2815, #2445, #412, #390, #2369, #345 ),
 .UNSPECIFIED., .F., .F.,
 ( 4, 2, 2, 2, 2, 2, 2, 4 ),
 ( 0.000000000000000000, 0.0002784177326125047199, 0.0004176265989187549657, 0.0004872310320718807662, 0.0005568354652250066209, 0.0006960443315312585472, 0.0008352531978375105819, 0.001113670930450013892 ),
 .UNSPECIFIED. ) ;
#1962 = EDGE_LOOP ( 'NONE', ( #4098, #5025, #4816, #3119 ) ) ;
#1963 = CARTESIAN_POINT ( 'NONE',  ( -29.22946106578824654, 0.000000000000000000, 0.000000000000000000 ) ) ;
#1964 = PERSON_AND_ORGANIZATION ( #3687, #3165 ) ;
#1965 = CARTESIAN_POINT ( 'NONE',  ( 13.27564691038882927, -12.96227582117418464, 2.903867833110028496 ) ) ;
#1966 = CARTESIAN_POINT ( 'NONE',  ( 11.35603666368406195, -6.875000000000007994, 7.500000000000000000 ) ) ;
#1967 = CARTESIAN_POINT ( 'NONE',  ( 6.798312086365624118, -10.48812682499109172, 3.439940068944980389 ) ) ;
#1968 = CARTESIAN_POINT ( 'NONE',  ( 5.806122749969055974, -17.27730521911573192, 1.763504876560030521 ) ) ;
#1969 = CARTESIAN_POINT ( 'NONE',  ( 11.35603666368406195, -6.875000000000007994, 3.000000000000000000 ) ) ;
#1970 = EDGE_LOOP ( 'NONE', ( #1098, #1986, #595, #3488 ) ) ;
#1971 = CARTESIAN_POINT ( 'NONE',  ( 16.04813749604358719, -10.26018819751279842, 3.487801940836376513 ) ) ;
#1972 = ORIENTED_EDGE ( 'NONE', *, *, #1899, .F. ) ;
#1973 = AXIS2_PLACEMENT_3D ( 'NONE', #590, #995, #637 ) ;
#1974 = CARTESIAN_POINT ( 'NONE',  ( 14.46190271916752756, -2.216275218602089314, 4.112464107811232950 ) ) ;
#1975 = FACE_OUTER_BOUND ( 'NONE', #5044, .T. ) ;
#1976 = ORIENTED_EDGE ( 'NONE', *, *, #3582, .T. ) ;
#1977 = CARTESIAN_POINT ( 'NONE',  ( 11.35603666368405129, -13.50021151373219475, 2.928308080163914084 ) ) ;
#1978 = CARTESIAN_POINT ( 'NONE',  ( 16.71343601241051147, -8.502175685577817887, 4.490557921505098804 ) ) ;
#1979 = CARTESIAN_POINT ( 'NONE',  ( 7.249764850251081860, -11.42456056800937603, 3.967006198822818686 ) ) ;
#1980 = CARTESIAN_POINT ( 'NONE',  ( 11.35603666368404951, -13.80072993341060794, 2.168198051533947179 ) ) ;
#1981 = CARTESIAN_POINT ( 'NONE',  ( 7.397578944794011235, -11.70215840528779516, 2.975039510967129708 ) ) ;
#1982 = CARTESIAN_POINT ( 'NONE',  ( 6.268265968853616421, -11.67194541664635210, 1.867226941795850470 ) ) ;
#1983 = CARTESIAN_POINT ( 'NONE',  ( 5.983412190900215144, -3.289912058945090756, 2.848011502044478949 ) ) ;
#1984 = CARTESIAN_POINT ( 'NONE',  ( 5.482360421980398968, -12.90161716115948032, 4.639910922582071606 ) ) ;
#1985 = VECTOR ( 'NONE', #2008, 1000.000000000000000 ) ;
#1986 = ORIENTED_EDGE ( 'NONE', *, *, #4365, .F. ) ;
#1987 = CARTESIAN_POINT ( 'NONE',  ( 15.71520840811102460, -3.300241398324653908, 3.733417952846648902 ) ) ;
#1988 = AXIS2_PLACEMENT_3D ( 'NONE', #2064, #122, #4112 ) ;
#1989 = AXIS2_PLACEMENT_3D ( 'NONE', #785, #4052, #4780 ) ;
#1990 = VERTEX_POINT ( 'NONE', #5036 ) ;
#1991 = CARTESIAN_POINT ( 'NONE',  ( 11.35603666368406195, -6.875000000000007994, 0.000000000000000000 ) ) ;
#1992 = CALENDAR_DATE ( 2026, 23, 4 ) ;
#1993 = EDGE_CURVE ( 'NONE', #2788, #917, #2352, .T. ) ;
#1994 = DIRECTION ( 'NONE',  ( 6.938893903907221278E-15, 1.000000000000000000, -0.000000000000000000 ) ) ;
#1995 = CARTESIAN_POINT ( 'NONE',  ( 6.661151243753810292, -11.03381442393587442, 3.222074809738508350 ) ) ;
#1996 = CARTESIAN_POINT ( 'NONE',  ( 27.77053893421177122, -1.734723475976807094E-15, 3.000000000000000000 ) ) ;
#1997 = CARTESIAN_POINT ( 'NONE',  ( 7.504370236097603453, -10.93736698874683810, 4.911530255644565024 ) ) ;
#1998 = EDGE_LOOP ( 'NONE', ( #3581, #3132, #812, #276 ) ) ;
#1999 = CARTESIAN_POINT ( 'NONE',  ( 15.89052923223771252, -10.48017847296854654, 3.473470957906791501 ) ) ;
#2000 = DIRECTION ( 'NONE',  ( -0.000000000000000000, -0.000000000000000000, -1.000000000000000000 ) ) ;
#2001 = CARTESIAN_POINT ( 'NONE',  ( 5.858919016267556401, -5.593022420774926395, 3.733334672249891906 ) ) ;
#2002 = LINE ( 'NONE', #3612, #737 ) ;
#2003 = VERTEX_POINT ( 'NONE', #3911 ) ;
#2004 = CARTESIAN_POINT ( 'NONE',  ( 5.286757705819790765, -12.89032115300866010, 4.409900641098444929 ) ) ;
#2005 = ORIENTED_EDGE ( 'NONE', *, *, #1127, .F. ) ;
#2006 = CARTESIAN_POINT ( 'NONE',  ( 17.44243276675195986, -7.671600176428968965, 3.000000000000000000 ) ) ;
#2007 = CARTESIAN_POINT ( 'NONE',  ( 7.397754923094520763, -10.83481213036408697, 4.490825541146593380 ) ) ;
#2008 = DIRECTION ( 'NONE',  ( 1.000000000000000000, -0.000000000000000000, 0.000000000000000000 ) ) ;
#2009 = CARTESIAN_POINT ( 'NONE',  ( 18.10603666368406195, -5.991545965816269970, 2.168198051533947179 ) ) ;
#2010 = DIRECTION ( 'NONE',  ( -1.000000000000000000, 0.000000000000000000, 0.000000000000000000 ) ) ;
#2011 = CARTESIAN_POINT ( 'NONE',  ( 10.08642242814900669, -0.5419395630238983408, 2.848011924848272258 ) ) ;
#2012 = CARTESIAN_POINT ( 'NONE',  ( 16.80664492528083898, -9.132715865136209032, 3.000000000000000888 ) ) ;
#2013 = CARTESIAN_POINT ( 'NONE',  ( 7.397759421162850124, -10.83480518866841180, 4.112768250292381467 ) ) ;
#2014 = EDGE_LOOP ( 'NONE', ( #125, #4567, #3431, #3595 ) ) ;
#2015 = ORIENTED_EDGE ( 'NONE', *, *, #3835, .F. ) ;
#2016 = CARTESIAN_POINT ( 'NONE',  ( 14.46432125354105658, -12.39157071228372686, 4.559623865447404611 ) ) ;
#2017 = CARTESIAN_POINT ( 'NONE',  ( 1.734723475976807094E-14, 12.88322821025619547, 2.000000000000000000 ) ) ;
#2018 = DIRECTION ( 'NONE',  ( 1.000000000000000000, 0.000000000000000000, 0.000000000000000000 ) ) ;
#2019 = CARTESIAN_POINT ( 'NONE',  ( 8.823828645941643956, -0.7617090608163539223, 2.848083732178380956 ) ) ;
#2020 = EDGE_CURVE ( 'NONE', #3409, #846, #1140, .T. ) ;
#2021 = DIRECTION ( 'NONE',  ( -0.9892034623538709104, -0.1465486610894621289, 0.000000000000000000 ) ) ;
#2022 = CARTESIAN_POINT ( 'NONE',  ( 16.33022084553399367, -9.528249403719692978, 3.733419026160674115 ) ) ;
#2023 = FACE_OUTER_BOUND ( 'NONE', #4675, .T. ) ;
#2024 = ORIENTED_EDGE ( 'NONE', *, *, #4930, .F. ) ;
#2025 = CARTESIAN_POINT ( 'NONE',  ( 7.160707546668949597, -12.35388830014963979, 3.872086420027643250 ) ) ;
#2026 = CARTESIAN_POINT ( 'NONE',  ( 6.273934758361158437, -11.45603490609873809, 1.952245219768897533 ) ) ;
#2027 = CARTESIAN_POINT ( 'NONE',  ( 5.235139347588783743, -4.339641317780265517, 2.928308080163918525 ) ) ;
#2028 = CARTESIAN_POINT ( 'NONE',  ( 15.68396886153100667, -10.42696274753411068, 4.490557263062568971 ) ) ;
#2029 = CARTESIAN_POINT ( 'NONE',  ( 22.77053893421170017, -16.00000000000000000, 3.000000000000000000 ) ) ;
#2030 = CARTESIAN_POINT ( 'NONE',  ( 15.78838249838797658, -10.91397783539361832, 3.608612684947484883 ) ) ;
#2031 = EDGE_LOOP ( 'NONE', ( #4193, #3988, #755, #3105, #1123 ) ) ;
#2032 = CARTESIAN_POINT ( 'NONE',  ( 9.213445424187783672, -12.04791143668421327, 4.112768702264650855 ) ) ;
#2033 = CARTESIAN_POINT ( 'NONE',  ( 4.266036663684053210, -18.00000000000000355, 1.000000000000000000 ) ) ;
#2034 = CARTESIAN_POINT ( 'NONE',  ( 17.27423471521801446, -7.649586065737191021, 3.000000000000000000 ) ) ;
#2035 = CARTESIAN_POINT ( 'NONE',  ( 6.510556010388160786, -10.89507105980212565, 2.954008898812400918 ) ) ;
#2036 = CYLINDRICAL_SURFACE ( 'NONE', #414, 9.999999999999998224 ) ;
#2037 = CIRCLE ( 'NONE', #2302, 2.999999999999999556 ) ;
#2038 = ORIENTED_EDGE ( 'NONE', *, *, #3986, .T. ) ;
#2039 = CARTESIAN_POINT ( 'NONE',  ( 9.266036663684074526, -12.87375546974150353, 4.733889651497853457 ) ) ;
#2040 = CARTESIAN_POINT ( 'NONE',  ( 13.75999362851604957, -12.16373594983645923, 3.328191060769164711 ) ) ;
#2041 = VECTOR ( 'NONE', #4161, 1000.000000000000000 ) ;
#2042 = ADVANCED_FACE ( 'NONE', ( #1935 ), #4265, .T. ) ;
#2043 = CARTESIAN_POINT ( 'NONE',  ( 6.058573333531946048, -16.89768156070588745, 1.860412116730152832 ) ) ;
#2044 = ORIENTED_EDGE ( 'NONE', *, *, #2560, .F. ) ;
#2045 = CARTESIAN_POINT ( 'NONE',  ( 6.757548986049025430, -14.90010283779079714, 3.410894929907466899 ) ) ;
#2046 = CIRCLE ( 'NONE', #1285, 1.000000000000000000 ) ;
#2047 = CARTESIAN_POINT ( 'NONE',  ( 7.417764498364088688, -13.97432081253540659, 5.627685100903620175 ) ) ;
#2048 = VERTEX_POINT ( 'NONE', #3474 ) ;
#2049 = CARTESIAN_POINT ( 'NONE',  ( 4.430306730273466442, -6.875000000000008882, 2.336396103067892582 ) ) ;
#2050 = CARTESIAN_POINT ( 'NONE',  ( 15.30876357051687719, -2.922273093167195857, 4.301720941525519315 ) ) ;
#2051 = EDGE_CURVE ( 'NONE', #4260, #1868, #1820, .T. ) ;
#2052 = CARTESIAN_POINT ( 'NONE',  ( 18.44603666368407247, -18.00000000000000355, 1.000000000000000000 ) ) ;
#2053 = CARTESIAN_POINT ( 'NONE',  ( 13.94250006316064550, -12.56542099512682142, 2.975094520754069105 ) ) ;
#2054 = FACE_OUTER_BOUND ( 'NONE', #2357, .T. ) ;
#2055 = CARTESIAN_POINT ( 'NONE',  ( 4.957496530505256516, -9.525362102551220289, 2.168198051533946291 ) ) ;
#2056 = LINE ( 'NONE', #4006, #1748 ) ;
#2057 = CARTESIAN_POINT ( 'NONE',  ( 13.79090689492743849, -0.9791760705007126475, 2.903915895483996756 ) ) ;
#2058 = CARTESIAN_POINT ( 'NONE',  ( 9.098320798547851140, -1.424391738403244734, 3.000000000000000000 ) ) ;
#2059 = CARTESIAN_POINT ( 'NONE',  ( 5.896472169642721362, -5.601877186508193773, 4.112431103771176488 ) ) ;
#2060 = ORIENTED_EDGE ( 'NONE', *, *, #749, .F. ) ;
#2061 = CARTESIAN_POINT ( 'NONE',  ( 5.260091166547763208, -16.04409290684119327, 3.001051507304604016 ) ) ;
#2062 = VECTOR ( 'NONE', #2374, 1000.000000000000000 ) ;
#2063 = PERSON_AND_ORGANIZATION_ROLE ( 'design_owner' ) ;
#2064 = CARTESIAN_POINT ( 'NONE',  ( -19.22946106578825010, -8.000000000000003553, 1.000000000000000000 ) ) ;
#2065 = CARTESIAN_POINT ( 'NONE',  ( 6.219010115795728488, -10.76427848315300828, 2.851889329298066489 ) ) ;
#2066 = TOROIDAL_SURFACE ( 'NONE', #4649, 7.098861655815475125, 1.000000000000000000 ) ;
#2067 = DIRECTION ( 'NONE',  ( -0.7832849923689401139, -0.6216627869911381943, -3.035766082959416360E-15 ) ) ;
#2068 = VECTOR ( 'NONE', #3967, 1000.000000000000000 ) ;
#2069 = ORIENTED_EDGE ( 'NONE', *, *, #1473, .F. ) ;
#2070 = CARTESIAN_POINT ( 'NONE',  ( 1.734723475976807094E-14, 12.88322821025619547, 2.000000000000000000 ) ) ;
#2071 = LOCAL_TIME ( 4, 23, 18.00000000000000000, #3349 ) ;
#2072 = CARTESIAN_POINT ( 'NONE',  ( 12.48902513351053400, -12.56516217545912184, 3.328111762640485694 ) ) ;
#2073 = AXIS2_PLACEMENT_3D ( 'NONE', #2868, #4437, #2474 ) ;
#2074 = CARTESIAN_POINT ( 'NONE',  ( 6.144795399591488128, -16.88541068087064190, 2.834827676142951169 ) ) ;
#2075 = ORIENTED_EDGE ( 'NONE', *, *, #1478, .F. ) ;
#2076 = CARTESIAN_POINT ( 'NONE',  ( 7.605452485249172945, -12.64689635087890096, 4.235543087228773373 ) ) ;
#2077 = PRODUCT ( 'EDM Power Cover', 'EDM Power Cover', '', ( #2854 ) ) ;
#2078 = APPROVAL ( #3556, 'UNSPECIFIED' ) ;
#2079 = CARTESIAN_POINT ( 'NONE',  ( 16.25326726426534663, -1.977769399418725760, 2.168198051533944515 ) ) ;
#2080 = CARTESIAN_POINT ( 'NONE',  ( 16.95494743626448653, -6.876312038752318223, 4.301796803592870866 ) ) ;
#2081 = CARTESIAN_POINT ( 'NONE',  ( 17.54799871242527942, -15.35698020478215753, 3.048795824375145624 ) ) ;
#2082 = CARTESIAN_POINT ( 'NONE',  ( 8.705674561132855871, -0.4764598668211989518, 1.999999999999999556 ) ) ;
#2083 = ADVANCED_FACE ( 'NONE', ( #4638 ), #268, .F. ) ;
#2084 = CARTESIAN_POINT ( 'NONE',  ( -9.074569634029492349, 9.348806768937508949, 3.000000000000000000 ) ) ;
#2085 = CARTESIAN_POINT ( 'NONE',  ( 14.00639876623529823, -13.27354013317880366, 2.000000000000000444 ) ) ;
#2086 = CARTESIAN_POINT ( 'NONE',  ( 15.40839437187231020, -12.43511419514262251, 4.006864636488780995 ) ) ;
#2087 = CARTESIAN_POINT ( 'NONE',  ( 11.35962141658954749, -13.33467093558192218, 2.848102550188817084 ) ) ;
#2088 = CARTESIAN_POINT ( 'NONE',  ( 8.966236134397181701, -1.105511150829190381, 3.000000000000000000 ) ) ;
#2089 = CARTESIAN_POINT ( 'NONE',  ( 7.802121937961806530, -2.548508205534616877, 4.112581157017400457 ) ) ;
#2090 = EDGE_CURVE ( 'NONE', #4973, #4598, #2591, .T. ) ;
#2091 = CARTESIAN_POINT ( 'NONE',  ( -29.22946106578824654, -7.999999999999930722, 1.000000000000000000 ) ) ;
#2092 = EDGE_LOOP ( 'NONE', ( #1444, #4008, #51, #1767, #3156 ) ) ;
#2093 = CARTESIAN_POINT ( 'NONE',  ( 26.52053893421177477, -1.734723475976807094E-15, 0.000000000000000000 ) ) ;
#2094 = APPROVAL_STATUS ( 'not_yet_approved' ) ;
#2095 = CARTESIAN_POINT ( 'NONE',  ( 7.062291389865892555, -11.16874527381817117, 3.000000000000000000 ) ) ;
#2096 = CARTESIAN_POINT ( 'NONE',  ( 6.580991781878847924, -10.69987808204182578, 3.090997432004386258 ) ) ;
#2097 = FACE_OUTER_BOUND ( 'NONE', #4600, .T. ) ;
#2098 = ORIENTED_EDGE ( 'NONE', *, *, #1869, .F. ) ;
#2099 = CARTESIAN_POINT ( 'NONE',  ( 5.261337911459750494, -16.04435710642403734, 3.001063996093159325 ) ) ;
#2100 = CARTESIAN_POINT ( 'NONE',  ( 13.03752104519510802, -1.321863220796547722, 3.328138602392115786 ) ) ;
#2101 = CARTESIAN_POINT ( 'NONE',  ( 6.074798228235191111, -11.07744466234508174, 2.167423161565719347 ) ) ;
#2102 = ORIENTED_EDGE ( 'NONE', *, *, #1180, .T. ) ;
#2103 = CARTESIAN_POINT ( 'NONE',  ( 6.550739378883802644, -12.50384782601451050, 3.010711672712675924 ) ) ;
#2104 = ORIENTED_EDGE ( 'NONE', *, *, #3273, .T. ) ;
#2105 = CARTESIAN_POINT ( 'NONE',  ( 16.10059133209250959, -11.23563150621225226, 3.132806255850667299 ) ) ;
#2106 = CARTESIAN_POINT ( 'NONE',  ( 11.35603666368404951, -13.80072993341060794, 2.168198051533947179 ) ) ;
#2107 = CARTESIAN_POINT ( 'NONE',  ( 11.90957722539900665, -12.44651024077112389, 4.301566888873072259 ) ) ;
#2108 = CARTESIAN_POINT ( 'NONE',  ( 17.50087044710001649, -15.69089438098367850, 3.009321398739666087 ) ) ;
#2109 = CYLINDRICAL_SURFACE ( 'NONE', #3415, 2.000000000000000000 ) ;
#2110 = CARTESIAN_POINT ( 'NONE',  ( 16.49210331070691993, -10.77469373900432181, 2.848059090439862384 ) ) ;
#2111 = CARTESIAN_POINT ( 'NONE',  ( 16.25326726426534663, -1.977769399418724872, 2.336396103067889030 ) ) ;
#2112 = CARTESIAN_POINT ( 'NONE',  ( 15.59867519185143259, -12.32986476785249508, 3.824518430997214224 ) ) ;
#2113 = CARTESIAN_POINT ( 'NONE',  ( 14.76848618341706754, -12.36855988988195065, 2.848002068588094016 ) ) ;
#2114 = EDGE_CURVE ( 'NONE', #1844, #4329, #683, .T. ) ;
#2115 = CARTESIAN_POINT ( 'NONE',  ( 6.671304675528847206, -2.190268011844791474, 2.928308080163915417 ) ) ;
#2116 = CARTESIAN_POINT ( 'NONE',  ( 13.69189764796672293, -12.01368471163166340, 3.733542996830706784 ) ) ;
#2117 = CARTESIAN_POINT ( 'NONE',  ( 15.55056160854880076, -12.34831759941545215, 3.877406510151525154 ) ) ;
#2118 = CARTESIAN_POINT ( 'NONE',  ( 16.53624846743160504, -11.07275472348461420, 2.574064801641792855 ) ) ;
#2119 = CARTESIAN_POINT ( 'NONE',  ( 14.97981107819215474, -12.00935657859749739, 4.315051722698671099 ) ) ;
#2120 = CALENDAR_DATE ( 2026, 23, 4 ) ;
#2121 = EDGE_CURVE ( 'NONE', #2992, #3051, #1616, .T. ) ;
#2122 = CARTESIAN_POINT ( 'NONE',  ( -6.129967210265983013, 2.266725329581253501, 2.000000000000000000 ) ) ;
#2123 = CARTESIAN_POINT ( 'NONE',  ( 22.77053893421177477, -8.000000000000003553, 1.000000000000000000 ) ) ;
#2124 = CARTESIAN_POINT ( 'NONE',  ( 7.806100627401982628, -11.20490756400455190, 4.490555573250523125 ) ) ;
#2125 = ORIENTED_EDGE ( 'NONE', *, *, #4359, .T. ) ;
#2126 = CARTESIAN_POINT ( 'NONE',  ( 5.124461658902839112, -17.24656664138947804, 2.564015879614054416 ) ) ;
#2127 = CARTESIAN_POINT ( 'NONE',  ( 10.22782730974350862, -12.56608732927702299, 3.328112160490793503 ) ) ;
#2128 = CARTESIAN_POINT ( 'NONE',  ( 17.65861351763834364, -17.23368333322794754, 2.574174524414493792 ) ) ;
#2129 = ORIENTED_EDGE ( 'NONE', *, *, #4959, .F. ) ;
#2130 = CARTESIAN_POINT ( 'NONE',  ( 17.45198216082035714, -16.04409290684119682, 3.001051507304604904 ) ) ;
#2131 = ORIENTED_EDGE ( 'NONE', *, *, #88, .F. ) ;
#2132 = CARTESIAN_POINT ( 'NONE',  ( 6.272686513140584452, -11.67891734461478670, 1.933526512426355426 ) ) ;
#2133 = CARTESIAN_POINT ( 'NONE',  ( 6.458806063102770167, -11.77223060058129356, 2.000000000000000444 ) ) ;
#2134 = CARTESIAN_POINT ( 'NONE',  ( 5.784315490706317675, -7.425964462882435058, 4.301567325371229877 ) ) ;
#2135 = CARTESIAN_POINT ( 'NONE',  ( 17.06134042764076852, -12.95502897236217343, 4.801190972972927185 ) ) ;
#2136 = DIRECTION ( 'NONE',  ( -0.2832959603348601529, -0.9590325327422157820, 0.000000000000000000 ) ) ;
#2137 = CARTESIAN_POINT ( 'NONE',  ( 5.094041975644505449, -14.82171828573540928, 3.159972333225272934 ) ) ;
#2138 = CARTESIAN_POINT ( 'NONE',  ( 18.10603666368406550, -6.875000000000006217, 2.336396103067893915 ) ) ;
#2139 = CARTESIAN_POINT ( 'NONE',  ( 14.14177769207292812, -14.48895105729659072, 5.800417233329860700 ) ) ;
#2140 = CIRCLE ( 'NONE', #2642, 2.000000000000000000 ) ;
#2141 = CARTESIAN_POINT ( 'NONE',  ( 5.299176794184035089, -4.606598246363557081, 2.848112295034026076 ) ) ;
#2142 = CARTESIAN_POINT ( 'NONE',  ( 15.64978193750222246, -2.581254726181851478, 2.999999999999999112 ) ) ;
#2143 = CARTESIAN_POINT ( 'NONE',  ( 12.45690482917208719, -12.40384380233668438, 3.733352832809282429 ) ) ;
#2144 = ORIENTED_EDGE ( 'NONE', *, *, #4489, .T. ) ;
#2145 = EDGE_CURVE ( 'NONE', #436, #1467, #2487, .T. ) ;
#2146 = CARTESIAN_POINT ( 'NONE',  ( 8.436023883604313767, -11.89215279374537282, 4.626589470448793762 ) ) ;
#2147 = APPROVAL_DATE_TIME ( #550, #3698 ) ;
#2148 = CARTESIAN_POINT ( 'NONE',  ( 11.35603666368405129, -12.77469586920162747, 3.000000000000000000 ) ) ;
#2149 = LINE ( 'NONE', #3375, #5013 ) ;
#2150 = CARTESIAN_POINT ( 'NONE',  ( 17.62970400472099186, -17.15670912840793250, 2.634499343614528755 ) ) ;
#2151 = CARTESIAN_POINT ( 'NONE',  ( 11.90965887868865103, -12.44650215669935456, 4.490555325830147382 ) ) ;
#2152 = AXIS2_PLACEMENT_3D ( 'NONE', #1714, #4872, #4921 ) ;
#2153 = ORIENTED_EDGE ( 'NONE', *, *, #4457, .F. ) ;
#2154 = EDGE_CURVE ( 'NONE', #4018, #3125, #1017, .T. ) ;
#2155 = DIRECTION ( 'NONE',  ( -0.000000000000000000, 0.000000000000000000, 1.000000000000000000 ) ) ;
#2156 = CARTESIAN_POINT ( 'NONE',  ( 15.46135402867437136, -10.97493887836331972, 3.328183104064166287 ) ) ;
#2157 = DIRECTION ( 'NONE',  ( -1.000000000000000000, 6.938893903907221278E-15, -6.938893903907227589E-15 ) ) ;
#2158 = VECTOR ( 'NONE', #474, 1000.000000000000000 ) ;
#2159 = VERTEX_POINT ( 'NONE', #4391 ) ;
#2160 = CARTESIAN_POINT ( 'NONE',  ( 16.94603666368406891, -6.143270711101383341, 4.490736308594572179 ) ) ;
#2161 = ORIENTED_EDGE ( 'NONE', *, *, #1085, .T. ) ;
#2162 = ADVANCED_FACE ( 'NONE', ( #1666 ), #2849, .F. ) ;
#2163 = CARTESIAN_POINT ( 'NONE',  ( 16.20155369537633305, -10.89222721591742093, 2.954526925311158347 ) ) ;
#2164 = CIRCLE ( 'NONE', #3495, 10.18101250000001734 ) ;
#2165 = CARTESIAN_POINT ( 'NONE',  ( 16.29610693194934612, -9.510332052512007195, 4.301570403356219430 ) ) ;
#2166 = CARTESIAN_POINT ( 'NONE',  ( 16.43314524649978026, -11.33638736289275961, 2.022653165224373772 ) ) ;
#2167 = LOCAL_TIME ( 4, 23, 18.00000000000000000, #1780 ) ;
#2168 = AXIS2_PLACEMENT_3D ( 'NONE', #4268, #1537, #1938 ) ;
#2169 = CARTESIAN_POINT ( 'NONE',  ( 5.113337260840554954, -14.97151778072242045, 3.125796187412744231 ) ) ;
#2170 = CARTESIAN_POINT ( 'NONE',  ( 6.458806063102770167, -11.77223060058129356, 2.000000000000000444 ) ) ;
#2171 = CARTESIAN_POINT ( 'NONE',  ( 16.87721642565777813, -13.05101108057947457, 4.938195731793828536 ) ) ;
#2172 = CARTESIAN_POINT ( 'NONE',  ( 8.314241217363113279, -12.57296786975217451, 2.848046551761785228 ) ) ;
#2173 = CARTESIAN_POINT ( 'NONE',  ( 13.89139534590380798, -0.7541026839047260122, 2.928308080163915417 ) ) ;
#2174 = CARTESIAN_POINT ( 'NONE',  ( 15.45214741875581765, -2.778889244928250513, 3.328168456446876977 ) ) ;
#2175 = CARTESIAN_POINT ( 'NONE',  ( -6.129967210265984789, 5.674820170431093658, 3.000000000000000000 ) ) ;
#2176 = CARTESIAN_POINT ( 'NONE',  ( 8.123886059755953681, -11.57367602926028027, 4.526274523875525091 ) ) ;
#2177 = PERSON_AND_ORGANIZATION ( #3687, #3165 ) ;
#2178 = PLANE ( 'NONE',  #963 ) ;
#2179 = CARTESIAN_POINT ( 'NONE',  ( 11.35603666368404774, -13.11984973001644228, 2.999999999999997335 ) ) ;
#2180 = DIRECTION ( 'NONE',  ( -0.000000000000000000, -1.000000000000000000, -0.000000000000000000 ) ) ;
#2181 = CARTESIAN_POINT ( 'NONE',  ( 16.16664316817886871, -10.33384986087919977, 3.285371185971197594 ) ) ;
#2182 = CARTESIAN_POINT ( 'NONE',  ( 9.210744665671668940, -1.703191336932191602, 4.490826204605938621 ) ) ;
#2183 = DIRECTION ( 'NONE',  ( 1.000000000000000000, 0.000000000000000000, 0.000000000000000000 ) ) ;
#2184 = CARTESIAN_POINT ( 'NONE',  ( 16.89532764655104202, -3.988150827542218835, 2.975044431661582944 ) ) ;
#2185 = CARTESIAN_POINT ( 'NONE',  ( 6.228343655038751869, -10.85594673159358692, 2.819028933324356334 ) ) ;
#2186 = ORIENTED_EDGE ( 'NONE', *, *, #2560, .T. ) ;
#2187 = CARTESIAN_POINT ( 'NONE',  ( 7.093563198969658146, -14.23385977702671035, 3.928972945533483419 ) ) ;
#2188 = EDGE_CURVE ( 'NONE', #2961, #4912, #858, .T. ) ;
#2189 = EDGE_LOOP ( 'NONE', ( #2666, #2600, #1551, #2811 ) ) ;
#2190 = ORIENTED_EDGE ( 'NONE', *, *, #369, .F. ) ;
#2191 = CARTESIAN_POINT ( 'NONE',  ( 16.08897061749158652, -10.63063785666799710, 3.165163958299578528 ) ) ;
#2192 = CARTESIAN_POINT ( 'NONE',  ( 7.023539026569031840, -3.328541673401927081, 4.112577442530940708 ) ) ;
#2193 = CARTESIAN_POINT ( 'NONE',  ( 16.87158900771373382, -17.23368333322794754, 1.777148494334459095 ) ) ;
#2194 = ADVANCED_FACE ( 'NONE', ( #2779 ), #835, .F. ) ;
#2195 = CARTESIAN_POINT ( 'NONE',  ( 5.016494325951877720, -14.08219994830582245, 3.394750244154622010 ) ) ;
#2196 = CARTESIAN_POINT ( 'NONE',  ( 16.80664492528083898, -9.132715865136209032, 3.000000000000000888 ) ) ;
#2197 = CARTESIAN_POINT ( 'NONE',  ( 17.58988390280736169, -16.70600762532407302, 2.994872140526668058 ) ) ;
#2198 = CARTESIAN_POINT ( 'NONE',  ( 17.81314344487061518, -6.875000000000006217, 2.928308080163915417 ) ) ;
#2199 = CARTESIAN_POINT ( 'NONE',  ( 10.25981145896094482, -12.40474241387960852, 3.733353786768905724 ) ) ;
#2200 = CARTESIAN_POINT ( 'NONE',  ( 6.348476188481328997, -11.70689897798447277, 2.444347419756228046 ) ) ;
#2201 = CARTESIAN_POINT ( 'NONE',  ( 7.981767075375848286, -11.33474475070376464, 5.086800425950321447 ) ) ;
#2202 = CARTESIAN_POINT ( 'NONE',  ( 17.81314344487061518, -6.875000000000006217, 2.928308080163915417 ) ) ;
#2203 = DIRECTION ( 'NONE',  ( 1.000000000000000000, 7.635014092848299684E-16, 0.000000000000000000 ) ) ;
#2204 = CARTESIAN_POINT ( 'NONE',  ( 17.83960495351300324, -6.875000000000006217, 2.823017215191994111 ) ) ;
#2205 = CARTESIAN_POINT ( 'NONE',  ( 6.418409071696761892, -9.514962691082084589, 4.490556377772471741 ) ) ;
#2206 = ORIENTED_EDGE ( 'NONE', *, *, #2920, .T. ) ;
#2207 = CARTESIAN_POINT ( 'NONE',  ( 4.266036663684054098, -16.00000000000000000, 0.000000000000000000 ) ) ;
#2208 = CARTESIAN_POINT ( 'NONE',  ( 17.56543090699822685, -6.195975400245472109, 2.975034682231729732 ) ) ;
#2209 = ORIENTED_EDGE ( 'NONE', *, *, #4247, .T. ) ;
#2210 = CARTESIAN_POINT ( 'NONE',  ( 8.304547568797913115, -14.48008183369042357, 4.624344679188579832 ) ) ;
#2211 = VERTEX_POINT ( 'NONE', #4025 ) ;
#2212 = CARTESIAN_POINT ( 'NONE',  ( 15.31390049485263383, -2.047422660962535002, 2.975039495233822606 ) ) ;
#2213 = ORIENTED_EDGE ( 'NONE', *, *, #1803, .F. ) ;
#2214 = CARTESIAN_POINT ( 'NONE',  ( 16.07144508187690590, -11.11945281438828381, 3.185519989324815171 ) ) ;
#2215 = EDGE_CURVE ( 'NONE', #1475, #2211, #1958, .T. ) ;
#2216 = CARTESIAN_POINT ( 'NONE',  ( 15.30876357051687719, -2.922273093167195857, 4.112705574456466451 ) ) ;
#2217 = CARTESIAN_POINT ( 'NONE',  ( 17.93035223119519372, -5.108201780574862738, 1.999999999999999556 ) ) ;
#2218 = CARTESIAN_POINT ( 'NONE',  ( 5.813772105261556966, -3.993808027507581127, 2.975045061839446614 ) ) ;
#2219 = AXIS2_PLACEMENT_3D ( 'NONE', #4725, #1151, #29 ) ;
#2220 = CARTESIAN_POINT ( 'NONE',  ( 16.44603666368406891, -7.000000000000002665, 0.000000000000000000 ) ) ;
#2221 = ADVANCED_FACE ( 'NONE', ( #1591 ), #466, .F. ) ;
#2222 = CARTESIAN_POINT ( 'NONE',  ( 17.71386654034945707, -13.66237497340256724, 3.589944611174853417 ) ) ;
#2223 = CYLINDRICAL_SURFACE ( 'NONE', #3818, 1.000000000000000888 ) ;
#2224 = CARTESIAN_POINT ( 'NONE',  ( 17.75457679686288515, -9.525362102551200749, 2.336396103067893026 ) ) ;
#2225 = CARTESIAN_POINT ( 'NONE',  ( 15.34491416542749143, -10.85864717486417774, 3.733523916149119604 ) ) ;
#2226 = CARTESIAN_POINT ( 'NONE',  ( 15.85854762699829834, -12.25028539079767853, 3.523929989482872838 ) ) ;
#2227 = CIRCLE ( 'NONE', #3553, 11.09000000000000874 ) ;
#2228 = DIRECTION ( 'NONE',  ( -0.000000000000000000, -0.000000000000000000, -1.000000000000000000 ) ) ;
#2229 = CARTESIAN_POINT ( 'NONE',  ( 5.254405003024777088, -8.734973852644548842, 2.903862838180323092 ) ) ;
#2230 = DIRECTION ( 'NONE',  ( -0.000000000000000000, -0.000000000000000000, -1.000000000000000000 ) ) ;
#2231 = CARTESIAN_POINT ( 'NONE',  ( 15.77181225526964248, -11.29077559158561428, 2.999999999999997780 ) ) ;
#2232 = DIRECTION ( 'NONE',  ( 0.000000000000000000, 0.000000000000000000, -1.000000000000000000 ) ) ;
#2233 = CARTESIAN_POINT ( 'NONE',  ( 7.023435563780661361, -3.328668115240937642, 4.490553885095759590 ) ) ;
#2234 = ORIENTED_EDGE ( 'NONE', *, *, #1615, .F. ) ;
#2235 = FACE_BOUND ( 'NONE', #3750, .T. ) ;
#2236 = CARTESIAN_POINT ( 'NONE',  ( 15.61978820269929358, -11.18134532791195035, 3.801449625632127738 ) ) ;
#2237 = CARTESIAN_POINT ( 'NONE',  ( 11.95927848814053363, -0.6618701576924028718, 2.975040537973138832 ) ) ;
#2238 = CARTESIAN_POINT ( 'NONE',  ( 6.297133079694423152, -11.70608427504913251, 2.169071914544570934 ) ) ;
#2239 = CARTESIAN_POINT ( 'NONE',  ( 4.472025850548801529, -17.99990290025158046, 1.205989186864368623 ) ) ;
#2240 = ORIENTED_EDGE ( 'NONE', *, *, #648, .F. ) ;
#2241 = CARTESIAN_POINT ( 'NONE',  ( 15.76318479068697798, -2.467851872997102625, 2.975070757985122771 ) ) ;
#2242 = CARTESIAN_POINT ( 'NONE',  ( 16.10895063257261128, -10.29580095362412173, 3.378171559695586801 ) ) ;
#2243 = ORIENTED_EDGE ( 'NONE', *, *, #3867, .T. ) ;
#2244 = VECTOR ( 'NONE', #5108, 1000.000000000000000 ) ;
#2245 = CARTESIAN_POINT ( 'NONE',  ( 9.726145892845210028, -1.518663646929962807, 4.112581813053427737 ) ) ;
#2246 = DIRECTION ( 'NONE',  ( 0.6823677188399519533, -0.5807806436988576237, 0.4439235747174294366 ) ) ;
#2247 = CARTESIAN_POINT ( 'NONE',  ( 7.882512810919171997, -1.688496565328140298, 2.975011530054227471 ) ) ;
#2248 = AXIS2_PLACEMENT_3D ( 'NONE', #3433, #3098, #1438 ) ;
#2249 = AXIS2_PLACEMENT_3D ( 'NONE', #3555, #3868, #1885 ) ;
#2250 = DIRECTION ( 'NONE',  ( -0.3290087686116642818, 0.9443268661732739933, 0.000000000000000000 ) ) ;
#2251 = CARTESIAN_POINT ( 'NONE',  ( 17.66990937104314341, -14.37163170457852424, 3.288738432788951283 ) ) ;
#2252 = CARTESIAN_POINT ( 'NONE',  ( 6.051843115296958509, -11.04968930595423870, 0.000000000000000000 ) ) ;
#2253 = VECTOR ( 'NONE', #2755, 1000.000000000000000 ) ;
#2254 = ADVANCED_FACE ( 'NONE', ( #3221, #3247, #2054 ), #89, .F. ) ;
#2255 = CARTESIAN_POINT ( 'NONE',  ( 15.84060464240560862, -10.55616460122283584, 3.328139002522978895 ) ) ;
#2256 = ORIENTED_EDGE ( 'NONE', *, *, #2822, .F. ) ;
#2257 = CARTESIAN_POINT ( 'NONE',  ( 13.79090689492743849, -0.9791760705007126475, 2.903915895483996756 ) ) ;
#2258 = DIRECTION ( 'NONE',  ( 0.000000000000000000, 1.000000000000000000, 0.000000000000000000 ) ) ;
#2259 = CARTESIAN_POINT ( 'NONE',  ( 17.27423471521801090, -6.875000000000006217, 3.000000000000000000 ) ) ;
#2260 = DIRECTION ( 'NONE',  ( 0.000000000000000000, -0.000000000000000000, -1.000000000000000000 ) ) ;
#2261 = CARTESIAN_POINT ( 'NONE',  ( 16.78471960576956690, -17.22100144125206711, 2.634809918729131173 ) ) ;
#2262 = ADVANCED_FACE ( 'NONE', ( #3365 ), #4550, .F. ) ;
#2263 = CARTESIAN_POINT ( 'NONE',  ( 6.418370185769438407, -9.514890134086018136, 4.301567784248979009 ) ) ;
#2264 = ORIENTED_EDGE ( 'NONE', *, *, #758, .F. ) ;
#2265 = CARTESIAN_POINT ( 'NONE',  ( 16.30810353981208749, -10.87282463189241533, 2.908676398101809557 ) ) ;
#2266 = CARTESIAN_POINT ( 'NONE',  ( 7.185810651137193084, -10.59871446777492210, 4.354698057599541094 ) ) ;
#2267 = CARTESIAN_POINT ( 'NONE',  ( 17.20772132966380141, -4.677512706998053993, 2.975094687458912368 ) ) ;
#2268 = CARTESIAN_POINT ( 'NONE',  ( 6.272113424343293886, -11.67794914033226661, 1.924739427330433683 ) ) ;
#2269 = CARTESIAN_POINT ( 'NONE',  ( 5.096163263785324027, -17.85060260021778333, 1.830126600100918433 ) ) ;
#2270 = ORIENTED_EDGE ( 'NONE', *, *, #4634, .F. ) ;
#2271 = CARTESIAN_POINT ( 'NONE',  ( 1.734723475976807094E-14, 12.88322821025619547, 3.000000000000000000 ) ) ;
#2272 = EDGE_LOOP ( 'NONE', ( #3510, #3828, #674, #750 ) ) ;
#2273 = VERTEX_POINT ( 'NONE', #1281 ) ;
#2274 = CARTESIAN_POINT ( 'NONE',  ( 15.43875528876123759, -3.052269687717292790, 4.112705720854150648 ) ) ;
#2275 = CARTESIAN_POINT ( 'NONE',  ( 6.677787037231241563, -10.94880225629874637, 3.251782720682369288 ) ) ;
#2276 = CARTESIAN_POINT ( 'NONE',  ( 5.745988108300274178, -9.198758197211558851, 3.000000000000000000 ) ) ;
#2277 = CARTESIAN_POINT ( 'NONE',  ( 16.36640621442822763, -16.02825977185804618, 3.020161712009288291 ) ) ;
#2278 = DIRECTION ( 'NONE',  ( -1.000000000000000000, 0.000000000000000000, -0.000000000000000000 ) ) ;
#2279 = CARTESIAN_POINT ( 'NONE',  ( 7.254165065706760451, -10.97845005344389513, 3.328183135712165619 ) ) ;
#2280 = VERTEX_POINT ( 'NONE', #2110 ) ;
#2281 = CARTESIAN_POINT ( 'NONE',  ( 16.72561451255536014, -3.285405429076482253, 2.848011521825063674 ) ) ;
#2282 = CARTESIAN_POINT ( 'NONE',  ( 16.50364007071214090, -16.74819173868749189, 2.892889258026570154 ) ) ;
#2283 = CARTESIAN_POINT ( 'NONE',  ( 10.80149733659670552, -1.303407938798017973, 4.301565625415654459 ) ) ;
#2284 = VERTEX_POINT ( 'NONE', #1749 ) ;
#2285 = DIRECTION ( 'NONE',  ( 0.000000000000000000, -1.000000000000000000, 0.000000000000000000 ) ) ;
#2286 = CARTESIAN_POINT ( 'NONE',  ( 7.204029879451304019, -10.92361101352609332, 3.979394306223273947 ) ) ;
#2287 = EDGE_CURVE ( 'NONE', #1501, #2602, #2164, .T. ) ;
#2288 = CARTESIAN_POINT ( 'NONE',  ( 15.76318479068697798, -2.467851872997102625, 2.975070757985122771 ) ) ;
#2289 = CARTESIAN_POINT ( 'NONE',  ( 11.35603666368406195, -6.875000000000007994, 3.000000000000000000 ) ) ;
#2290 = CARTESIAN_POINT ( 'NONE',  ( 4.999926315181884462, -17.35853741858572974, 2.467779302995659840 ) ) ;
#2291 = ORIENTED_EDGE ( 'NONE', *, *, #2384, .T. ) ;
#2292 = CARTESIAN_POINT ( 'NONE',  ( 15.08199784968453194, -11.89339154041984337, 4.248572732504277027 ) ) ;
#2293 = CARTESIAN_POINT ( 'NONE',  ( 17.70096636243734878, -6.181170278867440970, 2.903856140260785867 ) ) ;
#2294 = ORIENTED_EDGE ( 'NONE', *, *, #3048, .T. ) ;
#2295 = CARTESIAN_POINT ( 'NONE',  ( 7.397759421162850124, -10.83480518866841180, 4.112768250292381467 ) ) ;
#2296 = CARTESIAN_POINT ( 'NONE',  ( 6.640632789459204766, -11.11944624273440851, 3.185528207476977958 ) ) ;
#2297 = VECTOR ( 'NONE', #4190, 1000.000000000000000 ) ;
#2298 = CARTESIAN_POINT ( 'NONE',  ( 15.52775161973477225, -11.04671495605074227, 2.999999999999999112 ) ) ;
#2299 = CARTESIAN_POINT ( 'NONE',  ( 15.94087423414657145, -12.27722885212986448, 3.401363566268541305 ) ) ;
#2300 = CARTESIAN_POINT ( 'NONE',  ( 9.723858561777561249, -1.500497906383564173, 4.490736308594573067 ) ) ;
#2301 = CARTESIAN_POINT ( 'NONE',  ( 8.733824123709551301, -0.5444189225687274813, 2.707106781186547018 ) ) ;
#2302 = AXIS2_PLACEMENT_3D ( 'NONE', #1042, #660, #144 ) ;
#2303 = CARTESIAN_POINT ( 'NONE',  ( 13.75999362851604957, -12.16373594983645923, 3.328191060769164711 ) ) ;
#2304 = CARTESIAN_POINT ( 'NONE',  ( -9.598187625335965478, 12.88322821025619547, 2.000000000000000000 ) ) ;
#2305 = CARTESIAN_POINT ( 'NONE',  ( 17.78100798195745114, -6.172433794713194644, 2.848040050548701352 ) ) ;
#2306 = CARTESIAN_POINT ( 'NONE',  ( 16.40573498114519424, -16.43126438414432755, 2.982031643617063743 ) ) ;
#2307 = CARTESIAN_POINT ( 'NONE',  ( 6.184773769988447079, -9.020827297102620435, 4.301796525273912764 ) ) ;
#2308 = ORIENTED_EDGE ( 'NONE', *, *, #1339, .F. ) ;
#2309 = DIRECTION ( 'NONE',  ( 0.000000000000000000, -1.000000000000000000, 0.000000000000000000 ) ) ;
#2310 = CARTESIAN_POINT ( 'NONE',  ( 5.257708330166168231, -16.26308966405697731, 2.996186774492392679 ) ) ;
#2311 = CARTESIAN_POINT ( 'NONE',  ( 17.45938227040114654, -8.729451671295151982, 2.903862223442890134 ) ) ;
#2312 = DIRECTION ( 'NONE',  ( -0.000000000000000000, 0.000000000000000000, 1.000000000000000000 ) ) ;
#2313 = CARTESIAN_POINT ( 'NONE',  ( 16.94603666368406891, -6.875000000000007105, 6.000000000000000000 ) ) ;
#2314 = ORIENTED_EDGE ( 'NONE', *, *, #3188, .F. ) ;
#2315 = CARTESIAN_POINT ( 'NONE',  ( -12.47128208403741745, 0.000000000000000000, 2.000000000000000000 ) ) ;
#2316 = EDGE_CURVE ( 'NONE', #877, #4724, #1225, .T. ) ;
#2317 = CARTESIAN_POINT ( 'NONE',  ( 15.69888853322328615, -10.49913189937828228, 3.727496386499562053 ) ) ;
#2318 = CARTESIAN_POINT ( 'NONE',  ( 8.229026833639865757, -11.56578636748701072, 3.733353574125570340 ) ) ;
#2319 = CARTESIAN_POINT ( 'NONE',  ( 7.956608546180490293, -0.9769418786087682438, 2.000000000000000000 ) ) ;
#2320 = ADVANCED_FACE ( 'NONE', ( #4079 ), #3695, .F. ) ;
#2321 = AXIS2_PLACEMENT_3D ( 'NONE', #2432, #4004, #1156 ) ;
#2322 = CARTESIAN_POINT ( 'NONE',  ( 6.510819672530281821, -2.029783008846228309, 2.707106781186547906 ) ) ;
#2323 = CARTESIAN_POINT ( 'NONE',  ( 9.213443490746222153, -12.04791940122856708, 4.490826184639322705 ) ) ;
#2324 = CARTESIAN_POINT ( 'NONE',  ( 13.50714870782173627, -1.686359033022578169, 4.490736308594572179 ) ) ;
#2325 = AXIS2_PLACEMENT_3D ( 'NONE', #3389, #650, #234 ) ;
#2326 = AXIS2_PLACEMENT_3D ( 'NONE', #1804, #1344, #579 ) ;
#2327 = CARTESIAN_POINT ( 'NONE',  ( 8.137789761413573686, -11.70265327457754090, 3.328112071823683404 ) ) ;
#2328 = CARTESIAN_POINT ( 'NONE',  ( 8.884134798830407576, -12.84296424000778103, 2.848102546771086541 ) ) ;
#2329 = CIRCLE ( 'NONE', #86, 9.999999999999998224 ) ;
#2330 = DIRECTION ( 'NONE',  ( -0.000000000000000000, -1.000000000000000000, -0.000000000000000000 ) ) ;
#2331 = CARTESIAN_POINT ( 'NONE',  ( 16.44603666321616586, -11.32183507692097635, 1.810395979798193888 ) ) ;
#2332 = CARTESIAN_POINT ( 'NONE',  ( 16.32401380068475660, -4.285258012124293359, 4.301591306253698122 ) ) ;
#2333 = CARTESIAN_POINT ( 'NONE',  ( 16.64254953200280696, -11.07160982705626395, 2.166776618854271419 ) ) ;
#2334 = DIRECTION ( 'NONE',  ( 1.000000000000000000, 0.000000000000000000, 0.000000000000000000 ) ) ;
#2335 = DIRECTION ( 'NONE',  ( 0.000000000000000000, 1.000000000000000000, 0.000000000000000000 ) ) ;
#2336 = CARTESIAN_POINT ( 'NONE',  ( 5.100378253631833836, -8.122267172090809950, 2.903828998414010432 ) ) ;
#2337 = FACE_OUTER_BOUND ( 'NONE', #2567, .T. ) ;
#2338 = CARTESIAN_POINT ( 'NONE',  ( 5.306971424301891282, -17.75379070176104790, 2.040934760617801214 ) ) ;
#2339 = ORIENTED_EDGE ( 'NONE', *, *, #270, .F. ) ;
#2340 = FACE_OUTER_BOUND ( 'NONE', #4149, .T. ) ;
#2341 = CARTESIAN_POINT ( 'NONE',  ( 32.77053893421177122, 0.000000000000000000, 3.000000000000000000 ) ) ;
#2342 = EDGE_LOOP ( 'NONE', ( #3899, #4484, #386, #2736, #5011, #636 ) ) ;
#2343 = CARTESIAN_POINT ( 'NONE',  ( 15.95086467659927187, -10.21817385769451469, 3.704840439823417597 ) ) ;
#2344 = CARTESIAN_POINT ( 'NONE',  ( 8.691237419572786393, -1.906948805451385676, 3.733416414224555169 ) ) ;
#2345 = ADVANCED_FACE ( 'NONE', ( #541 ), #1337, .T. ) ;
#2346 = CARTESIAN_POINT ( 'NONE',  ( 6.266036664152363045, -11.32183507692123037, 1.810399419915715624 ) ) ;
#2347 = CARTESIAN_POINT ( 'NONE',  ( 18.03434474384797781, -6.875000000000006217, 2.707106781186548350 ) ) ;
#2348 = CARTESIAN_POINT ( 'NONE',  ( 7.392493651043893443, -2.920197678533908547, 4.490826152370689606 ) ) ;
#2349 = EDGE_CURVE ( 'NONE', #4018, #3658, #2650, .T. ) ;
#2350 = DIRECTION ( 'NONE',  ( 1.000000000000000000, 2.220446049250313396E-14, 0.000000000000000000 ) ) ;
#2351 = CARTESIAN_POINT ( 'NONE',  ( 10.78775978464187446, -12.64913593831286676, 3.328139070495143681 ) ) ;
#2352 = LINE ( 'NONE', #5064, #165 ) ;
#2353 = CARTESIAN_POINT ( 'NONE',  ( 16.03399303269312526, -10.94758670705441617, 3.252291863369761060 ) ) ;
#2354 = CARTESIAN_POINT ( 'NONE',  ( 5.003070684378778665, -13.45664747594085497, 3.710039096322121921 ) ) ;
#2355 = CARTESIAN_POINT ( 'NONE',  ( 11.35603666368406017, -0.9753041307983892905, 2.999999999999999556 ) ) ;
#2356 = CARTESIAN_POINT ( 'NONE',  ( 6.000166367057798489, -8.507097791269318421, 4.301571700643584073 ) ) ;
#2357 = EDGE_LOOP ( 'NONE', ( #3201, #1240, #2682, #3938, #1177, #2308, #4121, #2102, #482, #28, #3922, #3378, #927, #3236, #998, #3128, #2038, #2098 ) ) ;
#2358 = LINE ( 'NONE', #5018, #78 ) ;
#2359 = CARTESIAN_POINT ( 'NONE',  ( 6.230819770532828095, -10.69451454422425840, 2.885363930707949276 ) ) ;
#2360 = CARTESIAN_POINT ( 'NONE',  ( 15.86956427808013714, -11.38261773421309186, 2.903915954320356096 ) ) ;
#2361 = DIRECTION ( 'NONE',  ( 1.000000000000000000, -0.000000000000000000, 0.000000000000000000 ) ) ;
#2362 = CARTESIAN_POINT ( 'NONE',  ( 7.029237966063359266, -10.41419401594998995, 4.362723230721889500 ) ) ;
#2363 = CARTESIAN_POINT ( 'NONE',  ( 7.006840633916785244, -12.28654761589935518, 3.709209673177376487 ) ) ;
#2364 = CARTESIAN_POINT ( 'NONE',  ( 6.077052883595549737, -16.88087588855895405, 1.867355058773880305 ) ) ;
#2365 = ORIENTED_EDGE ( 'NONE', *, *, #424, .F. ) ;
#2366 = CARTESIAN_POINT ( 'NONE',  ( 15.76344876360129277, -10.47544465938125668, 3.647084920685428777 ) ) ;
#2367 = DIRECTION ( 'NONE',  ( -1.000000000000000000, 0.000000000000000000, 0.000000000000000000 ) ) ;
#2368 = CARTESIAN_POINT ( 'NONE',  ( 6.671953532441044388, -10.01225468675955455, 3.733353357915486281 ) ) ;
#2369 = CARTESIAN_POINT ( 'NONE',  ( 7.048436816871500810, -11.11362583105488966, 3.755352309770951802 ) ) ;
#2370 = ORIENTED_EDGE ( 'NONE', *, *, #4892, .T. ) ;
#2371 = ADVANCED_FACE ( 'NONE', ( #4998 ), #1203, .T. ) ;
#2372 = CARTESIAN_POINT ( 'NONE',  ( 5.025455586252784990, -9.497212539974523082, 2.707106781186547462 ) ) ;
#2373 = FACE_OUTER_BOUND ( 'NONE', #2661, .T. ) ;
#2374 = DIRECTION ( 'NONE',  ( -0.000000000000000000, 1.000000000000000000, -0.000000000000000000 ) ) ;
#2375 = VERTEX_POINT ( 'NONE', #2601 ) ;
#2376 = CARTESIAN_POINT ( 'NONE',  ( 18.10603666368406550, -6.875000000000006217, 2.168198051533946735 ) ) ;
#2377 = CARTESIAN_POINT ( 'NONE',  ( 16.89532764655104202, -3.988150827542218835, 2.975044431661582944 ) ) ;
#2378 = EDGE_CURVE ( 'NONE', #458, #500, #42, .T. ) ;
#2379 = DIRECTION ( 'NONE',  ( -0.2832959603348601529, -0.9590325327422157820, 0.000000000000000000 ) ) ;
#2380 = CARTESIAN_POINT ( 'NONE',  ( 7.255676274044730256, -1.884089895429001515, 2.848046651275653485 ) ) ;
#2381 = CARTESIAN_POINT ( 'NONE',  ( 5.262502665575126137, -12.89487365621278059, 4.376863408894608121 ) ) ;
#2382 = CARTESIAN_POINT ( 'NONE',  ( 16.96608521906786748, -9.198758197211544640, 3.000000000000000888 ) ) ;
#2383 = CARTESIAN_POINT ( 'NONE',  ( 15.30876357051687719, -2.922273093167195857, 4.112705574456466451 ) ) ;
#2384 = EDGE_CURVE ( 'NONE', #3226, #1475, #154, .T. ) ;
#2385 = VERTEX_POINT ( 'NONE', #1814 ) ;
#2386 = AXIS2_PLACEMENT_3D ( 'NONE', #864, #3604, #4761 ) ;
#2387 = DIRECTION ( 'NONE',  ( 0.7263149563998083647, 0.6873620473301857992, -0.000000000000000000 ) ) ;
#2388 = DIRECTION ( 'NONE',  ( 1.000000000000000000, 0.000000000000000000, 0.000000000000000000 ) ) ;
#2389 = CARTESIAN_POINT ( 'NONE',  ( -19.22946106578825010, -8.000000000000003553, 1.000000000000000000 ) ) ;
#2390 = CARTESIAN_POINT ( 'NONE',  ( 6.217613531405586258, -10.78097487023405066, 2.844123696258319178 ) ) ;
#2391 = CARTESIAN_POINT ( 'NONE',  ( 6.266036663684054098, -11.66816179572523637, 0.000000000000000000 ) ) ;
#2392 = CARTESIAN_POINT ( 'NONE',  ( 7.732900997575331559, -11.13187537343659983, 5.086800426173084588 ) ) ;
#2393 = ORIENTED_EDGE ( 'NONE', *, *, #1023, .T. ) ;
#2394 = FACE_OUTER_BOUND ( 'NONE', #548, .T. ) ;
#2395 = ORIENTED_EDGE ( 'NONE', *, *, #4489, .F. ) ;
#2396 = CARTESIAN_POINT ( 'NONE',  ( 15.33597423409555027, -2.895062429588519670, 3.733488791509385951 ) ) ;
#2397 = CARTESIAN_POINT ( 'NONE',  ( 4.606036663684062837, -6.875000000000007994, 0.000000000000000000 ) ) ;
#2398 = ORIENTED_EDGE ( 'NONE', *, *, #4179, .F. ) ;
#2399 = CARTESIAN_POINT ( 'NONE',  ( 6.665123750081670906, -12.34165690454987185, 3.230422018153167762 ) ) ;
#2400 = VERTEX_POINT ( 'NONE', #563 ) ;
#2401 = ORIENTED_EDGE ( 'NONE', *, *, #1615, .T. ) ;
#2402 = CARTESIAN_POINT ( 'NONE',  ( 17.47693397977934993, -9.410358682219733595, 2.928308080163918969 ) ) ;
#2403 = CARTESIAN_POINT ( 'NONE',  ( 5.896466865845119365, -5.601974659860895933, 4.490345534890969326 ) ) ;
#2404 = LINE ( 'NONE', #1234, #2062 ) ;
#2405 = CARTESIAN_POINT ( 'NONE',  ( 14.00639876623529823, -13.27354013317880366, 2.168198051533947179 ) ) ;
#2406 = AXIS2_PLACEMENT_3D ( 'NONE', #3376, #1408, #4936 ) ;
#2407 = CARTESIAN_POINT ( 'NONE',  ( 18.10603666368406550, -7.627229004577228189, 2.000000000000000000 ) ) ;
#2408 = CARTESIAN_POINT ( 'NONE',  ( 22.77053893421170017, 17.99999999999999645, 0.000000000000000000 ) ) ;
#2409 = CIRCLE ( 'NONE', #4874, 9.999999999999998224 ) ;
#2410 = EDGE_CURVE ( 'NONE', #1672, #4280, #2673, .T. ) ;
#2411 = CARTESIAN_POINT ( 'NONE',  ( 12.44938138454944543, -12.36605753868145285, 4.112463446057801342 ) ) ;
#2412 = AXIS2_PLACEMENT_3D ( 'NONE', #3943, #1548, #2810 ) ;
#2413 = VERTEX_POINT ( 'NONE', #974 ) ;
#2414 = FACE_OUTER_BOUND ( 'NONE', #4430, .T. ) ;
#2415 = CARTESIAN_POINT ( 'NONE',  ( 7.630075477683619489, -11.89339154041990554, 4.248572732504296567 ) ) ;
#2416 = ADVANCED_FACE ( 'NONE', ( #3022 ), #1924, .T. ) ;
#2417 = FACE_OUTER_BOUND ( 'NONE', #3187, .T. ) ;
#2418 = TOROIDAL_SURFACE ( 'NONE', #4806, 6.352414280079145215, 1.000000000000000000 ) ;
#2419 = CARTESIAN_POINT ( 'NONE',  ( 4.266036663684054098, -18.00000000000000355, 0.000000000000000000 ) ) ;
#2420 = CARTESIAN_POINT ( 'NONE',  ( 6.348007826242208829, -9.445600478908922071, 4.490736308594573067 ) ) ;
#2421 = CARTESIAN_POINT ( 'NONE',  ( 22.77053893421177477, -8.000000000000003553, 3.000000000000000000 ) ) ;
#2422 = ORIENTED_EDGE ( 'NONE', *, *, #88, .T. ) ;
#2423 = PLANE ( 'NONE',  #5103 ) ;
#2424 = CARTESIAN_POINT ( 'NONE',  ( 5.122278260940603900, -16.70602224222565013, 2.994865512119587070 ) ) ;
#2425 = CARTESIAN_POINT ( 'NONE',  ( 16.97825736068841351, -17.35853741858572974, 1.733889651497833029 ) ) ;
#2426 = CARTESIAN_POINT ( 'NONE',  ( 5.827206048642109337, -7.977349598975927769, 3.733353319397299863 ) ) ;
#2427 = CARTESIAN_POINT ( 'NONE',  ( 6.051843115718037680, -11.04968930648924719, 1.822853663773673860 ) ) ;
#2428 = EDGE_LOOP ( 'NONE', ( #645, #557, #2243, #851 ) ) ;
#2429 = CARTESIAN_POINT ( 'NONE',  ( 6.370728013371430798, -13.22825008697387794, 2.522561097555361620 ) ) ;
#2430 = CARTESIAN_POINT ( 'NONE',  ( 17.44243276675195276, -6.078399823571041694, 2.999999999999999556 ) ) ;
#2431 = CARTESIAN_POINT ( 'NONE',  ( 6.703970899782040860, -9.990806204270622715, 4.490392912045247265 ) ) ;
#2432 = CARTESIAN_POINT ( 'NONE',  ( 22.44603666368407247, -6.875000000000007994, 6.000000000000000000 ) ) ;
#2433 = CARTESIAN_POINT ( 'NONE',  ( 17.56868689859177479, -7.483487035968539480, 2.975040049053128133 ) ) ;
#2434 = CARTESIAN_POINT ( 'NONE',  ( 4.930317132245182421, -6.179408687482935036, 2.848040843297506619 ) ) ;
#2435 = CARTESIAN_POINT ( 'NONE',  ( 6.703965153125283294, -9.990812184693405484, 4.112464380458322744 ) ) ;
#2436 = ORIENTED_EDGE ( 'NONE', *, *, #5090, .F. ) ;
#2437 = CARTESIAN_POINT ( 'NONE',  ( 6.782305719368790342, -10.20750378852722307, 3.749348640254697163 ) ) ;
#2438 = CARTESIAN_POINT ( 'NONE',  ( 5.905428402087302686, -4.617284134863790968, 3.000000000000000000 ) ) ;
#2439 = CARTESIAN_POINT ( 'NONE',  ( 6.747777654288458216, -10.79466287599232288, 3.364433871571947510 ) ) ;
#2440 = FACE_OUTER_BOUND ( 'NONE', #1998, .T. ) ;
#2441 = ORIENTED_EDGE ( 'NONE', *, *, #4337, .F. ) ;
#2442 = EDGE_CURVE ( 'NONE', #436, #3658, #5022, .T. ) ;
#2443 = DIRECTION ( 'NONE',  ( -0.000000000000000000, 0.000000000000000000, 1.000000000000000000 ) ) ;
#2444 = CARTESIAN_POINT ( 'NONE',  ( 8.137789761413573686, -11.70265327457754090, 3.328112071823683404 ) ) ;
#2445 = CARTESIAN_POINT ( 'NONE',  ( 6.922902650134820313, -10.91275679212703942, 3.607629760918248163 ) ) ;
#2446 = ORIENTED_EDGE ( 'NONE', *, *, #2797, .F. ) ;
#2447 = CARTESIAN_POINT ( 'NONE',  ( 7.059395774711134663, -15.18390634447334264, 3.848822787761099207 ) ) ;
#2448 = CARTESIAN_POINT ( 'NONE',  ( 8.705674561132854095, -13.27354013317881787, 1.999999999999999556 ) ) ;
#2449 = CARTESIAN_POINT ( 'NONE',  ( 8.718889164711731254, -11.81384661923297408, 4.301569759614525701 ) ) ;
#2450 = DIRECTION ( 'NONE',  ( -1.000000000000000000, 0.000000000000000000, 7.264154555652873397E-15 ) ) ;
#2451 = CARTESIAN_POINT ( 'NONE',  ( 16.25326726426534663, -1.977769399418724872, 2.336396103067889030 ) ) ;
#2452 = CARTESIAN_POINT ( 'NONE',  ( 4.430306730273466442, -6.875000000000008882, 2.336396103067892582 ) ) ;
#2453 = CARTESIAN_POINT ( 'NONE',  ( 6.783336643792846843, -2.312352071016837041, 2.848102540092468438 ) ) ;
#2454 = CARTESIAN_POINT ( 'NONE',  ( 11.97243109383017590, -0.5262481267972697330, 2.903862944647172206 ) ) ;
#2455 = CARTESIAN_POINT ( 'NONE',  ( 6.385352627464510711, -4.290413102162692560, 4.112601160968368141 ) ) ;
#2456 = CARTESIAN_POINT ( 'NONE',  ( 14.46303184680363607, -11.52490062145845862, 5.086800426392733776 ) ) ;
#2457 = CARTESIAN_POINT ( 'NONE',  ( 6.404759036261851612, -10.45991247087947862, 3.092570509015385216 ) ) ;
#2458 = CARTESIAN_POINT ( 'NONE',  ( -9.598187625335965478, 12.88322821025619547, 2.000000000000000000 ) ) ;
#2459 = CARTESIAN_POINT ( 'NONE',  ( 6.697349049640672902, -10.89911872632845657, 3.283732195567376166 ) ) ;
#2460 = DIRECTION ( 'NONE',  ( 0.5298040683174775056, -0.6675445020887242897, -0.5231557960353367953 ) ) ;
#2461 = DIRECTION ( 'NONE',  ( -1.000000000000000000, 0.000000000000000000, 0.000000000000000000 ) ) ;
#2462 = ORIENTED_EDGE ( 'NONE', *, *, #2882, .T. ) ;
#2463 = CARTESIAN_POINT ( 'NONE',  ( 5.053459809729779373, -17.23981299802250078, 2.569351372361988073 ) ) ;
#2464 = CARTESIAN_POINT ( 'NONE',  ( 8.127566925307551315, -2.054398027719146924, 3.328112166178633036 ) ) ;
#2465 = CARTESIAN_POINT ( 'NONE',  ( 6.127272045754479812, -11.09639858726774087, 2.415387044081423795 ) ) ;
#2466 = ORIENTED_EDGE ( 'NONE', *, *, #115, .T. ) ;
#2467 = CARTESIAN_POINT ( 'NONE',  ( 5.329443763563546099, -12.88455620132922164, 4.466441283542379459 ) ) ;
#2468 = EDGE_CURVE ( 'NONE', #1296, #148, #718, .T. ) ;
#2469 = CARTESIAN_POINT ( 'NONE',  ( 10.12901531782819653, -0.7543981442302405416, 2.975011448538138481 ) ) ;
#2470 = CARTESIAN_POINT ( 'NONE',  ( 17.75457679686287094, -4.224637897448780599, 2.168198051533949400 ) ) ;
#2471 = CARTESIAN_POINT ( 'NONE',  ( 5.757166964482165028, -6.881041381059699091, 4.301796653174436713 ) ) ;
#2472 = DIRECTION ( 'NONE',  ( -1.000000000000000000, 1.256441642628386186E-15, 4.336808689942018229E-16 ) ) ;
#2473 = EDGE_CURVE ( 'NONE', #1868, #3924, #3761, .T. ) ;
#2474 = DIRECTION ( 'NONE',  ( -1.000000000000000000, 0.000000000000000000, 0.000000000000000000 ) ) ;
#2475 = CARTESIAN_POINT ( 'NONE',  ( 18.10603666368406550, -6.875000000000006217, 2.168198051533946735 ) ) ;
#2476 = CARTESIAN_POINT ( 'NONE',  ( 15.30851832448789729, -12.50310082153254854, 4.089098837835957845 ) ) ;
#2477 = B_SPLINE_CURVE_WITH_KNOTS ( 'NONE', 3,
 ( #4770, #801, #1199, #3235 ),
 .UNSPECIFIED., .F., .F.,
 ( 4, 4 ),
 ( 0.000000000000000000, 1.836258227553095787E-05 ),
 .UNSPECIFIED. ) ;
#2478 = CARTESIAN_POINT ( 'NONE',  ( 15.92652038111535795, -11.43949965169795568, 2.848102372734387266 ) ) ;
#2479 = CARTESIAN_POINT ( 'NONE',  ( 8.966236134397178148, -12.64448884917082694, 3.000000000000000888 ) ) ;
#2480 = CARTESIAN_POINT ( 'NONE',  ( 8.250396351720297616, -11.53372692788441967, 4.112464765513007769 ) ) ;
#2481 = CARTESIAN_POINT ( 'NONE',  ( 14.27617388309540125, -11.89205994626756535, 4.626559758863767691 ) ) ;
#2482 = VECTOR ( 'NONE', #2492, 1000.000000000000000 ) ;
#2483 = DIRECTION ( 'NONE',  ( -0.000000000000000000, -0.000000000000000000, -1.000000000000000000 ) ) ;
#2484 = CARTESIAN_POINT ( 'NONE',  ( 6.652948524584602730, -11.06876143617503061, 3.207592863255723348 ) ) ;
#2485 =( GEOMETRIC_REPRESENTATION_CONTEXT ( 3 ) GLOBAL_UNCERTAINTY_ASSIGNED_CONTEXT ( ( #1284 ) ) GLOBAL_UNIT_ASSIGNED_CONTEXT ( ( #2782, #3940, #792 ) ) REPRESENTATION_CONTEXT ( 'NONE', 'WORKASPACE' ) );
#2486 = CYLINDRICAL_SURFACE ( 'NONE', #3578, 2.000000000000001776 ) ;
#2487 = CIRCLE ( 'NONE', #1486, 5.590000000000007851 ) ;
#2488 = EDGE_LOOP ( 'NONE', ( #4572, #4299, #2519, #618 ) ) ;
#2489 = CARTESIAN_POINT ( 'NONE',  ( 5.053459809729780261, -16.69469932695478676, 3.000000000000000000 ) ) ;
#2490 = CARTESIAN_POINT ( 'NONE',  ( 12.47887922290857787, -1.182555665373961729, 3.328111991108267720 ) ) ;
#2491 = AXIS2_PLACEMENT_3D ( 'NONE', #2786, #751, #284 ) ;
#2492 = DIRECTION ( 'NONE',  ( -7.635014092848299684E-16, 1.000000000000000000, -0.000000000000000000 ) ) ;
#2493 = VERTEX_POINT ( 'NONE', #2687 ) ;
#2494 = CARTESIAN_POINT ( 'NONE',  ( 7.711286366567795980, -12.72554537297923183, 4.302535381637065726 ) ) ;
#2495 = CARTESIAN_POINT ( 'NONE',  ( 6.458806063102772832, -1.977769399418718876, 2.000000000000000444 ) ) ;
#2496 = ADVANCED_FACE ( 'NONE', ( #282 ), #4033, .T. ) ;
#2497 = CARTESIAN_POINT ( 'NONE',  ( 14.46189988860877307, -2.216283224618644798, 4.490392523866160168 ) ) ;
#2498 = CARTESIAN_POINT ( 'NONE',  ( 15.29744901820385294, -13.97275280747122395, 5.627059633495240298 ) ) ;
#2499 = CARTESIAN_POINT ( 'NONE',  ( 18.10603666368406550, -6.875000000000006217, 2.000000000000000000 ) ) ;
#2500 = DIRECTION ( 'NONE',  ( 1.000000000000000000, 0.000000000000000000, 0.000000000000000000 ) ) ;
#2501 = CARTESIAN_POINT ( 'NONE',  ( 17.75457679686288515, -9.525362102551200749, 2.000000000000000888 ) ) ;
#2502 = EDGE_CURVE ( 'NONE', #1810, #2992, #4975, .T. ) ;
#2503 = CARTESIAN_POINT ( 'NONE',  ( 15.96635874018608625, -14.42583449281525709, 3.519033010686934304 ) ) ;
#2504 = CARTESIAN_POINT ( 'NONE',  ( 6.367066343845831256, -10.97743648072945177, 2.848046843640574810 ) ) ;
#2505 = CARTESIAN_POINT ( 'NONE',  ( 8.820677981464319473, -12.99589731609528620, 2.928308080163918081 ) ) ;
#2506 = CARTESIAN_POINT ( 'NONE',  ( 6.149178524990391637, -9.035592293145567666, 3.733523819975901326 ) ) ;
#2507 = CARTESIAN_POINT ( 'NONE',  ( 5.886448141104405174, -10.33503100473946823, 2.848083732178380956 ) ) ;
#2508 = VERTEX_POINT ( 'NONE', #2419 ) ;
#2509 = CARTESIAN_POINT ( 'NONE',  ( 14.97917232979283853, -11.13187537343656253, 5.086800426173083700 ) ) ;
#2510 = DATE_AND_TIME ( #965, #2071 ) ;
#2511 = CARTESIAN_POINT ( 'NONE',  ( 13.61375252882030118, -12.32560826159676282, 3.000000000000000000 ) ) ;
#2512 = CARTESIAN_POINT ( 'NONE',  ( 15.87541303958252925, -10.22561396365805564, 3.918799044716835933 ) ) ;
#2513 = CARTESIAN_POINT ( 'NONE',  ( 16.92817814653638919, -7.421341356998286010, 4.490558683987596389 ) ) ;
#2514 = ORIENTED_EDGE ( 'NONE', *, *, #3527, .F. ) ;
#2515 = CARTESIAN_POINT ( 'NONE',  ( 15.76999052891192932, -10.94306903081007043, 3.631338416180457163 ) ) ;
#2516 = CARTESIAN_POINT ( 'NONE',  ( 5.997179950597709919, -9.098660710090117121, 3.328183064013346293 ) ) ;
#2517 = DIRECTION ( 'NONE',  ( 0.9556781621376304603, -0.2944134005327221915, -6.120623535807792584E-15 ) ) ;
#2518 = CARTESIAN_POINT ( 'NONE',  ( 8.951339465432235798, -14.68074727496954068, 4.733889651497856121 ) ) ;
#2519 = ORIENTED_EDGE ( 'NONE', *, *, #4310, .T. ) ;
#2520 = CARTESIAN_POINT ( 'NONE',  ( -29.22946106578824654, 7.999999999999923617, 1.000000000000000000 ) ) ;
#2521 = CARTESIAN_POINT ( 'NONE',  ( 8.705674561132854095, -13.27354013317881787, 2.336396103067891250 ) ) ;
#2522 = CARTESIAN_POINT ( 'NONE',  ( 13.67607067959372991, -11.97850402518665014, 4.301837910555618372 ) ) ;
#2523 = CARTESIAN_POINT ( 'NONE',  ( 15.20490020196190173, -10.93975259963068325, 4.913679910590544431 ) ) ;
#2524 = DIRECTION ( 'NONE',  ( -1.000000000000000000, 0.000000000000000000, 0.000000000000000000 ) ) ;
#2525 = CARTESIAN_POINT ( 'NONE',  ( 6.287380577704116291, -14.56666835334329413, 2.093444745532703877 ) ) ;
#2526 = CARTESIAN_POINT ( 'NONE',  ( 18.03434474384797781, -6.000929153341834521, 2.707106781186548350 ) ) ;
#2527 = CARTESIAN_POINT ( 'NONE',  ( 15.72479313651088262, -14.25087081080568296, 3.824238174381781707 ) ) ;
#2528 = CARTESIAN_POINT ( 'NONE',  ( 17.53637305204598462, -8.752860008770984024, 2.848046388960071784 ) ) ;
#2529 = CARTESIAN_POINT ( 'NONE',  ( 11.35603666368405662, -0.6301502699835772603, 2.999999999999999556 ) ) ;
#2530 = EDGE_CURVE ( 'NONE', #183, #4282, #1229, .T. ) ;
#2531 = CARTESIAN_POINT ( 'NONE',  ( 10.79792549318765182, -1.265040499683009356, 3.733416812362143844 ) ) ;
#2532 = CARTESIAN_POINT ( 'NONE',  ( 6.281256108209340105, -11.69339287372920388, 2.062018808738011355 ) ) ;
#2533 = ORIENTED_EDGE ( 'NONE', *, *, #4694, .T. ) ;
#2534 = CARTESIAN_POINT ( 'NONE',  ( 8.685326624374866356, -12.07398762678756299, 4.684257988610038836 ) ) ;
#2535 = CARTESIAN_POINT ( 'NONE',  ( -24.22946106578824654, -1.734723475976807094E-15, 0.000000000000000000 ) ) ;
#2536 = CARTESIAN_POINT ( 'NONE',  ( 16.96608521906785683, -4.551241802788439372, 3.000000000000000444 ) ) ;
#2537 = LINE ( 'NONE', #1727, #1189 ) ;
#2538 = CARTESIAN_POINT ( 'NONE',  ( 15.68396886153100667, -10.42696274753411068, 4.490557263062568971 ) ) ;
#2539 = VERTEX_POINT ( 'NONE', #49 ) ;
#2540 = DIRECTION ( 'NONE',  ( -0.000000000000000000, -1.000000000000000000, -0.000000000000000000 ) ) ;
#2541 = CARTESIAN_POINT ( 'NONE',  ( 6.866629179932624005, -3.199673293921203143, 3.328138447031725455 ) ) ;
#2542 = FACE_OUTER_BOUND ( 'NONE', #1737, .T. ) ;
#2543 = ORIENTED_EDGE ( 'NONE', *, *, #1003, .T. ) ;
#2544 = CARTESIAN_POINT ( 'NONE',  ( 6.946544985411557072, -13.71190052927726377, 5.487935747560189093 ) ) ;
#2545 = EDGE_LOOP ( 'NONE', ( #2758, #3023, #1611, #4200 ) ) ;
#2546 = EDGE_LOOP ( 'NONE', ( #45, #3305, #2727, #3567 ) ) ;
#2547 = CARTESIAN_POINT ( 'NONE',  ( 11.35258502067263819, -1.276045292016389610, 4.301796944180080295 ) ) ;
#2548 =( BOUNDED_SURFACE ( )  B_SPLINE_SURFACE ( 3, 2, ( 
 ( #2214, #5026, #184 ),
 ( #5003, #2163, #3799 ),
 ( #3361, #4201, #231 ),
 ( #3749, #3466, #4176 ),
 ( #565, #3078, #619 ),
 ( #597, #1816, #4974 ),
 ( #1360, #2575, #673 ),
 ( #2968, #2191, #4601 ),
 ( #1421, #3771, #205 ),
 ( #1387, #1470, #2997 ),
 ( #3854, #4576, #2605 ),
 ( #1027, #2630, #2242 ),
 ( #3440, #1445, #3541 ),
 ( #3184, #2790, #1971 ),
 ( #728, #312, #409 ),
 ( #4257, #3129, #3155 ),
 ( #4701, #1999, #1125 ),
 ( #4330, #4305, #2343 ),
 ( #777, #3923, #30 ),
 ( #3877, #2366, #3945 ),
 ( #387, #1894, #3489 ),
 ( #1500, #2317, #3901 ),
 ( #1627, #3710, #126 ),
 ( #2884, #2860, #3301 ),
 ( #2515, #100, #895 ),
 ( #4452, #1704, #3233 ),
 ( #3257, #4427, #3330 ),
 ( #4864, #1297, #150 ) ),
 .UNSPECIFIED., .F., .F., .F. ) 
 B_SPLINE_SURFACE_WITH_KNOTS ( ( 4, 2, 2, 2, 2, 2, 2, 2, 2, 2, 2, 2, 2, 4 ),
 ( 3, 3 ),
 ( 2.580858446709416951E-07, 0.0001590711330035794724, 0.0002384776565830337247, 0.0003178841801624880041, 0.0003972907037419422293, 0.0004766972273213965086, 0.0005164004891111236483, 0.0005362521200059872182, 0.0005561037509008507880, 0.0006355102744803050674, 0.0007149167980597592384, 0.0007943233216392135178, 0.0009531363687981220766, 0.001270762463115939194 ),
 ( 0.000000000000000000, 1.000000000000000000 ),
 .UNSPECIFIED. ) 
 GEOMETRIC_REPRESENTATION_ITEM ( )  RATIONAL_B_SPLINE_SURFACE ( (
 ( 1.000000000000000000, 0.9473990727551079294, 1.000000000000000000),
 ( 1.000000000000000000, 0.9463825770005580562, 1.000000000000000000),
 ( 1.000000000000000000, 0.9459576073298987531, 1.000000000000000000),
 ( 1.000000000000000000, 0.9511098322313042974, 1.000000000000000000),
 ( 1.000000000000000000, 0.9534554749946995145, 1.000000000000000000),
 ( 1.000000000000000000, 0.9576310404354395622, 1.000000000000000000),
 ( 1.000000000000000000, 0.9595549812046199056, 1.000000000000000000),
 ( 1.000000000000000000, 0.9629891564106621837, 1.000000000000000000),
 ( 1.000000000000000000, 0.9645279679026923514, 1.000000000000000000),
 ( 1.000000000000000000, 0.9670036130193739865, 1.000000000000000000),
 ( 1.000000000000000000, 0.9680217686014780387, 1.000000000000000000),
 ( 1.000000000000000000, 0.9676146428780710851, 1.000000000000000000),
 ( 1.000000000000000000, 0.9671429083978444474, 1.000000000000000000),
 ( 1.000000000000000000, 0.9649020278565478836, 1.000000000000000000),
 ( 1.000000000000000000, 0.9638488634413863165, 1.000000000000000000),
 ( 1.000000000000000000, 0.9614619920503931771, 1.000000000000000000),
 ( 1.000000000000000000, 0.9601547577727650440, 1.000000000000000000),
 ( 1.000000000000000000, 0.9533644947553070459, 1.000000000000000000),
 ( 1.000000000000000000, 0.9473728428331666951, 1.000000000000000000),
 ( 1.000000000000000000, 0.9370451027161398327, 1.000000000000000000),
 ( 1.000000000000000000, 0.9324414767734161558, 1.000000000000000000),
 ( 1.000000000000000000, 0.9241679877907666985, 1.000000000000000000),
 ( 1.000000000000000000, 0.9204806701130098245, 1.000000000000000000),
 ( 1.000000000000000000, 0.9104567041644828773, 1.000000000000000000),
 ( 1.000000000000000000, 0.9051141229086967499, 1.000000000000000000),
 ( 1.000000000000000000, 0.8912861058895329425, 1.000000000000000000),
 ( 1.000000000000000000, 0.8850218649766887768, 1.000000000000000000),
 ( 1.000000000000000000, 0.8799135766659492708, 1.000000000000000000) ) ) 
 REPRESENTATION_ITEM ( '' )  SURFACE ( )  );
#2549 = CARTESIAN_POINT ( 'NONE',  ( 16.43817595700116030, -11.33061494376722855, 1.952720287382164077 ) ) ;
#2550 = CARTESIAN_POINT ( 'NONE',  ( 6.458806063102770167, -11.77223060058129356, 2.000000000000000444 ) ) ;
#2551 = CARTESIAN_POINT ( 'NONE',  ( 6.370935081968182701, -15.43734453696605335, 3.166885724888911291 ) ) ;
#2552 = CARTESIAN_POINT ( 'NONE',  ( 18.10603666368406550, -6.875000000000006217, 2.000000000000000000 ) ) ;
#2553 = CARTESIAN_POINT ( 'NONE',  ( 14.44360683675607149, -13.12177662493484576, 4.565888859546128664 ) ) ;
#2554 = CC_DESIGN_PERSON_AND_ORGANIZATION_ASSIGNMENT ( #2177, #919, ( #2751 ) ) ;
#2555 = CARTESIAN_POINT ( 'NONE',  ( 14.89438154870125963, -1.567556224092737427, 2.903828939939997689 ) ) ;
#2556 = CARTESIAN_POINT ( 'NONE',  ( 17.44243276675195631, -6.875000000000006217, 3.000000000000000000 ) ) ;
#2557 = CARTESIAN_POINT ( 'NONE',  ( 15.33597423409555027, -2.895062429588519670, 3.733488791509385951 ) ) ;
#2558 = DIRECTION ( 'NONE',  ( 1.000000000000000000, 0.000000000000000000, 0.000000000000000000 ) ) ;
#2559 = CARTESIAN_POINT ( 'NONE',  ( 9.262861498459225018, -12.37566323578908722, 4.741467240096431723 ) ) ;
#2560 = EDGE_CURVE ( 'NONE', #1171, #3051, #4738, .T. ) ;
#2561 = CARTESIAN_POINT ( 'NONE',  ( -25.47946106578824299, -1.734723475976807094E-15, 3.000000000000000000 ) ) ;
#2562 = CARTESIAN_POINT ( 'NONE',  ( 8.820677981464319473, -12.99589731609528620, 2.928308080163918081 ) ) ;
#2563 = CARTESIAN_POINT ( 'NONE',  ( 16.02094996330074039, -10.02570185063444796, 4.490736308594572179 ) ) ;
#2564 = CARTESIAN_POINT ( 'NONE',  ( 16.95495166324937841, -6.876312537806230196, 4.490825432234543335 ) ) ;
#2565 = CIRCLE ( 'NONE', #4953, 7.098861655815475125 ) ;
#2566 = DIRECTION ( 'NONE',  ( 0.000000000000000000, 0.000000000000000000, -1.000000000000000000 ) ) ;
#2567 = EDGE_LOOP ( 'NONE', ( #1833, #4623, #2466, #3336 ) ) ;
#2568 = CARTESIAN_POINT ( 'NONE',  ( 30.77053893421177122, -7.999999999999930722, 1.000000000000000000 ) ) ;
#2569 = EDGE_CURVE ( 'NONE', #4912, #4625, #3763, .T. ) ;
#2570 = CARTESIAN_POINT ( 'NONE',  ( 8.964109862277753749, -1.108573094311758211, 2.975086299887631291 ) ) ;
#2571 = CARTESIAN_POINT ( 'NONE',  ( -9.598187625335965478, 12.88322821025619547, 2.000000000000000000 ) ) ;
#2572 = AXIS2_PLACEMENT_3D ( 'NONE', #3706, #3323, #525 ) ;
#2573 = ORIENTED_EDGE ( 'NONE', *, *, #1405, .F. ) ;
#2574 = ORIENTED_EDGE ( 'NONE', *, *, #1030, .T. ) ;
#2575 = CARTESIAN_POINT ( 'NONE',  ( 16.11838886990085840, -10.67706885546209605, 3.113750276821495522 ) ) ;
#2576 = LOCAL_TIME ( 4, 23, 18.00000000000000000, #3784 ) ;
#2577 = VECTOR ( 'NONE', #3796, 1000.000000000000000 ) ;
#2578 = CARTESIAN_POINT ( 'NONE',  ( 10.26730236432353571, -12.36695003990795882, 4.112465144220165847 ) ) ;
#2579 = CARTESIAN_POINT ( 'NONE',  ( 17.29993256568728910, -12.88685888817760450, 4.565584024260912699 ) ) ;
#2580 = VECTOR ( 'NONE', #602, 1000.000000000000000 ) ;
#2581 = CARTESIAN_POINT ( 'NONE',  ( 5.850587620496884966, -9.817817051093500780, 2.975039650180677064 ) ) ;
#2582 = CARTESIAN_POINT ( 'NONE',  ( 6.423959383884243479, -15.05534604823902001, 3.346558963349214988 ) ) ;
#2583 = CARTESIAN_POINT ( 'NONE',  ( 4.889395858780674509, -6.875000000000009770, 2.835888541572303634 ) ) ;
#2584 = CARTESIAN_POINT ( 'NONE',  ( 13.71035998615479379, -13.55065448477428802, 4.733889651497855233 ) ) ;
#2585 = CARTESIAN_POINT ( 'NONE',  ( 6.789385914226519603, -11.44340597371802559, 2.848102411954810176 ) ) ;
#2586 = CARTESIAN_POINT ( 'NONE',  ( 4.503865082153827082, -6.875000000000009770, 2.707106781186547018 ) ) ;
#2587 = CARTESIAN_POINT ( 'NONE',  ( 8.219096785982815234, -2.191063185139816127, 3.733353800410044165 ) ) ;
#2588 = DIRECTION ( 'NONE',  ( 1.000000000000000000, -6.938893903907222067E-15, 0.000000000000000000 ) ) ;
#2589 = CARTESIAN_POINT ( 'NONE',  ( 8.821570263686250968, -12.15643580728562156, 4.708165567118503425 ) ) ;
#2590 = CARTESIAN_POINT ( 'NONE',  ( 17.71214701218624299, -17.35853741858572974, 2.467779302995659840 ) ) ;
#2591 =( BOUNDED_CURVE ( )  B_SPLINE_CURVE ( 3, ( #5010, #4212, #2676, #4244 ),
 .UNSPECIFIED., .F., .F. ) 
 B_SPLINE_CURVE_WITH_KNOTS ( ( 4, 4 ),
 ( 1.570796326794896780, 2.394826937705607506 ),
 .UNSPECIFIED. ) 
 CURVE ( )  GEOMETRIC_REPRESENTATION_ITEM ( )  RATIONAL_B_SPLINE_CURVE ( ( 1.000000000000000000, 0.9442104275898646204, 0.9442104275898646204, 1.000000000000000000 ) ) 
 REPRESENTATION_ITEM ( '' )  );
#2592 = CARTESIAN_POINT ( 'NONE',  ( 13.97824920365860635, -13.20558107743127607, 2.707106781186549682 ) ) ;
#2593 = CARTESIAN_POINT ( 'NONE',  ( 17.01003774310487060, -17.45512080807509747, 2.424538430582228621 ) ) ;
#2594 = CARTESIAN_POINT ( 'NONE',  ( 14.86535380208822410, -11.24222616591769075, 4.490529559436314599 ) ) ;
#2595 = EDGE_CURVE ( 'NONE', #3658, #2987, #834, .T. ) ;
#2596 = VERTEX_POINT ( 'NONE', #3352 ) ;
#2597 = DIRECTION ( 'NONE',  ( -0.6957801811684420912, -0.7182547873096356561, 0.000000000000000000 ) ) ;
#2598 = CARTESIAN_POINT ( 'NONE',  ( 17.32900874899914001, -8.689823437844367504, 2.975039917298393899 ) ) ;
#2599 = LINE ( 'NONE', #2571, #3403 ) ;
#2600 = ORIENTED_EDGE ( 'NONE', *, *, #1478, .T. ) ;
#2601 = CARTESIAN_POINT ( 'NONE',  ( 17.45198216082036069, -16.04409290684119327, 3.001051507304604016 ) ) ;
#2602 = VERTEX_POINT ( 'NONE', #146 ) ;
#2603 = ADVANCED_FACE ( 'NONE', ( #2984 ), #3734, .T. ) ;
#2604 = CARTESIAN_POINT ( 'NONE',  ( 14.72599021468329639, -12.30013185783536400, 2.903819689568429840 ) ) ;
#2605 = CARTESIAN_POINT ( 'NONE',  ( 16.17129616838868245, -10.33748755944180786, 3.278919687171873765 ) ) ;
#2606 = CARTESIAN_POINT ( 'NONE',  ( 9.213445424187783672, -12.04791143668421327, 4.112768702264650855 ) ) ;
#2607 = CARTESIAN_POINT ( 'NONE',  ( 16.22857050119879219, -11.55350558610413003, 2.859857702360194320 ) ) ;
#2608 = CARTESIAN_POINT ( 'NONE',  ( 4.646714395398652719, -6.875000000000009770, 2.546735978785024557 ) ) ;
#2609 = CARTESIAN_POINT ( 'NONE',  ( 16.07828505704822675, -12.37433408115397704, 3.174400040098676712 ) ) ;
#2610 = CARTESIAN_POINT ( 'NONE',  ( 14.39070972739169463, -1.172988508457376122, 2.848047363134761145 ) ) ;
#2611 = CARTESIAN_POINT ( 'NONE',  ( 6.384273454978321993, -9.532840540204922775, 3.733417812626267374 ) ) ;
#2612 = DIRECTION ( 'NONE',  ( -0.000000000000000000, 0.000000000000000000, 1.000000000000000000 ) ) ;
#2613 = LINE ( 'NONE', #170, #5105 ) ;
#2614 = CARTESIAN_POINT ( 'NONE',  ( 15.71142366751950092, -2.223647005942087862, 2.903898022045763305 ) ) ;
#2615 = CARTESIAN_POINT ( 'NONE',  ( 13.89139534590382752, -12.99589731609528265, 2.928308080163920302 ) ) ;
#2616 = CARTESIAN_POINT ( 'NONE',  ( -19.22946106578817549, -18.00000000000000355, 3.000000000000000000 ) ) ;
#2617 = CARTESIAN_POINT ( 'NONE',  ( 16.81095464343442814, -17.15670823149607571, 1.801223992893468573 ) ) ;
#2618 = CARTESIAN_POINT ( 'NONE',  ( 7.392493651043893443, -2.920197678533908547, 4.490826152370689606 ) ) ;
#2619 = ORIENTED_EDGE ( 'NONE', *, *, #2797, .T. ) ;
#2620 = DIRECTION ( 'NONE',  ( 0.000000000000000000, -0.000000000000000000, -1.000000000000000000 ) ) ;
#2621 =( BOUNDED_SURFACE ( )  B_SPLINE_SURFACE ( 3, 2, ( 
 ( #1947, #3538, #3151 ),
 ( #774, #3942, #384 ),
 ( #1968, #1266, #3657 ),
 ( #819, #4066, #449 ) ),
 .UNSPECIFIED., .F., .F., .T. ) 
 B_SPLINE_SURFACE_WITH_KNOTS ( ( 4, 4 ),
 ( 3, 3 ),
 ( -9.215718466126787689E-19, 9.794363930995005204E-05 ),
 ( 0.000000000000000000, 1.000000000000000000 ),
 .UNSPECIFIED. ) 
 GEOMETRIC_REPRESENTATION_ITEM ( )  RATIONAL_B_SPLINE_SURFACE ( (
 ( 1.000000000000000000, 0.8548116691483561569, 1.000000000000000000),
 ( 1.000000000000000000, 0.8462534590765392606, 1.000000000000000000),
 ( 1.000000000000000000, 0.8374447436256903243, 1.000000000000000000),
 ( 1.000000000000000000, 0.8284536692165345162, 1.000000000000000000) ) ) 
 REPRESENTATION_ITEM ( '' )  SURFACE ( )  );
#2622 = CARTESIAN_POINT ( 'NONE',  ( 14.00639876623527691, -0.4764598668212002286, 2.336396103067893470 ) ) ;
#2623 = CARTESIAN_POINT ( 'NONE',  ( 14.65402581711934538, -12.18426437459705447, 2.975003307819124920 ) ) ;
#2624 = CC_DESIGN_PERSON_AND_ORGANIZATION_ASSIGNMENT ( #1572, #3175, ( #3767 ) ) ;
#2625 = CARTESIAN_POINT ( 'NONE',  ( -19.22946106578825010, 7.999999999999996447, 1.000000000000000000 ) ) ;
#2626 = CARTESIAN_POINT ( 'NONE',  ( 4.266036663684054098, -18.00000000000000355, 1.000000000000000000 ) ) ;
#2627 = ORIENTED_EDGE ( 'NONE', *, *, #3218, .T. ) ;
#2628 = B_SPLINE_CURVE_WITH_KNOTS ( 'NONE', 3,
 ( #2858, #2836, #2420, #893, #3587, #1601 ),
 .UNSPECIFIED., .F., .F.,
 ( 4, 2, 4 ),
 ( 0.5116545331083155457, 0.5683272665541577728, 0.6250000000000000000 ),
 .UNSPECIFIED. ) ;
#2629 = VERTEX_POINT ( 'NONE', #1349 ) ;
#2630 = CARTESIAN_POINT ( 'NONE',  ( 15.97326365358475186, -10.51751574320777749, 3.351691610981305303 ) ) ;
#2631 = VERTEX_POINT ( 'NONE', #991 ) ;
#2632 = CARTESIAN_POINT ( 'NONE',  ( 14.31431309305929744, -11.63691401461001362, 4.112431791476793386 ) ) ;
#2633 = EDGE_CURVE ( 'NONE', #3944, #1442, #1489, .T. ) ;
#2634 = CARTESIAN_POINT ( 'NONE',  ( 16.48277427764042713, -10.92841687971822573, 2.779060377518789426 ) ) ;
#2635 = CARTESIAN_POINT ( 'NONE',  ( 7.393280819884409993, -2.051534779473044523, 2.975040133954572230 ) ) ;
#2636 = CARTESIAN_POINT ( 'NONE',  ( 9.032278466472515532, -1.264951444616217113, 3.000000000000000000 ) ) ;
#2637 = CARTESIAN_POINT ( 'NONE',  ( 15.56392214982506417, -15.12680919329092255, 4.062168256496248908 ) ) ;
#2638 = EDGE_CURVE ( 'NONE', #2280, #2987, #4231, .T. ) ;
#2639 = CARTESIAN_POINT ( 'NONE',  ( 17.47464660788477531, -16.47875558664656026, 2.954869315610777925 ) ) ;
#2640 = CARTESIAN_POINT ( 'NONE',  ( 15.90800738065550490, -2.612679807423034184, 2.975070794018241482 ) ) ;
#2641 = CARTESIAN_POINT ( 'NONE',  ( -12.47128208403741745, -3.479834018071063628, 2.000000000000000000 ) ) ;
#2642 = AXIS2_PLACEMENT_3D ( 'NONE', #2568, #4145, #3765 ) ;
#2643 = CARTESIAN_POINT ( 'NONE',  ( 13.44603666368404760, -12.87375546974150353, 4.733889651497853457 ) ) ;
#2644 = CARTESIAN_POINT ( 'NONE',  ( 10.10005778993784631, -13.21060694517398382, 2.848012016290074833 ) ) ;
#2645 = CARTESIAN_POINT ( 'NONE',  ( 18.03434474384798136, -7.749070846658177913, 2.707106781186548350 ) ) ;
#2646 = CARTESIAN_POINT ( 'NONE',  ( 16.43947381566241717, -16.02939789779100721, 1.934654146220469828 ) ) ;
#2647 = CARTESIAN_POINT ( 'NONE',  ( 16.45552209064075200, -16.27498423679809392, 1.929362962766417056 ) ) ;
#2648 = CARTESIAN_POINT ( 'NONE',  ( 16.92818624746064415, -7.421259297576623837, 4.301569747282036893 ) ) ;
#2649 = VERTEX_POINT ( 'NONE', #4533 ) ;
#2650 = B_SPLINE_CURVE_WITH_KNOTS ( 'NONE', 3,
 ( #616, #4122, #4573, #4148, #2160, #950 ),
 .UNSPECIFIED., .F., .F.,
 ( 4, 2, 4 ),
 ( 0.000000000000000000, 0.06250000000000000000, 0.1250000000000000000 ),
 .UNSPECIFIED. ) ;
#2651 =( BOUNDED_SURFACE ( )  B_SPLINE_SURFACE ( 3, 2, ( 
 ( #1928, #757, #3999 ),
 ( #4407, #368, #4354 ),
 ( #3566, #5080, #1952 ),
 ( #1553, #4792, #3159 ),
 ( #4380, #435, #3519 ),
 ( #1527, #3131, #11 ) ),
 .UNSPECIFIED., .F., .F., .F. ) 
 B_SPLINE_SURFACE_WITH_KNOTS ( ( 4, 2, 4 ),
 ( 3, 3 ),
 ( 7.029951023063772730, 7.441966328519127316, 7.853981633974482790 ),
 ( 0.000000000000000000, 1.000000000000000000 ),
 .UNSPECIFIED. ) 
 GEOMETRIC_REPRESENTATION_ITEM ( )  RATIONAL_B_SPLINE_SURFACE ( (
 ( 1.000000000000000000, 0.8548116691483551577, 1.000000000000000000),
 ( 1.000000000000000000, 0.8950726178824203183, 1.000000000000000000),
 ( 1.000000000000000000, 0.9327978557961549289, 1.000000000000000000),
 ( 1.000000000000000000, 0.9853441382420512484, 1.000000000000000000),
 ( 1.000000000000000000, 1.000192585557585501, 1.000000000000000000),
 ( 1.000000000000000000, 1.000000000000000000, 1.000000000000000000) ) ) 
 REPRESENTATION_ITEM ( '' )  SURFACE ( )  );
#2652 = CARTESIAN_POINT ( 'NONE',  ( 17.80511925378635496, -6.875000000000359712, 2.848083732069691898 ) ) ;
#2653 = CARTESIAN_POINT ( 'NONE',  ( 15.49686950316246659, -10.69655274341865692, 4.218705595092435701 ) ) ;
#2654 = CARTESIAN_POINT ( 'NONE',  ( 12.56410546104668313, -0.7504776177957128702, 2.975011345835228749 ) ) ;
#2655 = DIRECTION ( 'NONE',  ( -1.000000000000000000, 0.000000000000000000, 0.000000000000000000 ) ) ;
#2656 = B_SPLINE_CURVE_WITH_KNOTS ( 'NONE', 3,
 ( #3219, #1979, #3571, #1207 ),
 .UNSPECIFIED., .F., .F.,
 ( 4, 4 ),
 ( 0.000000000000000000, 0.0009985194375807884565 ),
 .UNSPECIFIED. ) ;
#2657 = CARTESIAN_POINT ( 'NONE',  ( 7.077576129675340333, -10.47345968435176466, 4.432433987837171685 ) ) ;
#2658 = EDGE_LOOP ( 'NONE', ( #311, #2015, #3678, #3025 ) ) ;
#2659 = CARTESIAN_POINT ( 'NONE',  ( 6.458806063102772832, -1.977769399418718876, 2.000000000000000444 ) ) ;
#2660 = CARTESIAN_POINT ( 'NONE',  ( 11.35957699118273112, -13.25417193027389828, 2.903916124660421261 ) ) ;
#2661 = EDGE_LOOP ( 'NONE', ( #3975, #4370, #1765, #4536, #2234, #4943 ) ) ;
#2662 = B_SPLINE_CURVE_WITH_KNOTS ( 'NONE', 3,
 ( #4503, #3373, #3397, #2590 ),
 .UNSPECIFIED., .F., .F.,
 ( 4, 4 ),
 ( 8.673617379884035472E-19, 0.0001725523712088620945 ),
 .UNSPECIFIED. ) ;
#2663 = AXIS2_PLACEMENT_3D ( 'NONE', #3774, #2472, #208 ) ;
#2664 = CARTESIAN_POINT ( 'NONE',  ( 6.184776876570808213, -9.020824227571910825, 4.112767944078227877 ) ) ;
#2665 = CARTESIAN_POINT ( 'NONE',  ( 17.80511925378635496, -6.875000000000359712, 2.848083732069691898 ) ) ;
#2666 = ORIENTED_EDGE ( 'NONE', *, *, #462, .F. ) ;
#2667 = VECTOR ( 'NONE', #3536, 1000.000000000000000 ) ;
#2668 = VECTOR ( 'NONE', #2683, 1000.000000000000000 ) ;
#2669 = EDGE_CURVE ( 'NONE', #4096, #670, #2329, .T. ) ;
#2670 = DIRECTION ( 'NONE',  ( -0.000000000000000000, -0.000000000000000000, -1.000000000000000000 ) ) ;
#2671 = CARTESIAN_POINT ( 'NONE',  ( 16.36001033175829278, -15.72474132935789726, 3.075784337136274527 ) ) ;
#2672 = DIRECTION ( 'NONE',  ( 0.000000000000000000, -0.000000000000000000, -1.000000000000000000 ) ) ;
#2673 = CIRCLE ( 'NONE', #4393, 2.000000000000000000 ) ;
#2674 = CARTESIAN_POINT ( 'NONE',  ( 6.239106731246398141, -9.610258215281886507, 3.328138856877923324 ) ) ;
#2675 = EDGE_CURVE ( 'NONE', #3850, #3281, #5054, .T. ) ;
#2676 = CARTESIAN_POINT ( 'NONE',  ( 4.807866181899693281, -17.77354533033783923, 2.083659036431278366 ) ) ;
#2677 = B_SPLINE_CURVE_WITH_KNOTS ( 'NONE', 3,
 ( #4842, #4483, #3357, #3744, #179, #4429, #2939, #152, #3333, #2465, #561, #2101, #4915, #872 ),
 .UNSPECIFIED., .F., .F.,
 ( 4, 2, 2, 2, 2, 2, 4 ),
 ( 0.000000000000000000, 0.0001278749152861205658, 0.0002557498305722411317, 0.0003836247458583617246, 0.0005114996611444822634, 0.0007672494917167248588, 0.001022999322288967346 ),
 .UNSPECIFIED. ) ;
#2678 = CARTESIAN_POINT ( 'NONE',  ( 14.03231266248558740, -12.76306261748835702, 2.848112504458770733 ) ) ;
#2679 = CARTESIAN_POINT ( 'NONE',  ( 5.081943625734039571, -13.07428604320034182, 4.036597102132052584 ) ) ;
#2680 = DIRECTION ( 'NONE',  ( 6.938893903907222067E-15, 1.000000000000000000, 0.000000000000000000 ) ) ;
#2681 = CARTESIAN_POINT ( 'NONE',  ( 16.71341204833219862, -8.502254756726452811, 4.301569098251623480 ) ) ;
#2682 = ORIENTED_EDGE ( 'NONE', *, *, #248, .F. ) ;
#2683 = DIRECTION ( 'NONE',  ( 0.000000000000000000, 0.000000000000000000, -1.000000000000000000 ) ) ;
#2684 = CARTESIAN_POINT ( 'NONE',  ( -27.22946106578824654, 0.000000000000000000, 1.000000000000000000 ) ) ;
#2685 = CARTESIAN_POINT ( 'NONE',  ( 14.57451715998038821, -2.047348698237180020, 3.328111917830605559 ) ) ;
#2686 = CARTESIAN_POINT ( 'NONE',  ( 6.276028978852862927, -11.68456534965072535, 1.986164019473457110 ) ) ;
#2687 = CARTESIAN_POINT ( 'NONE',  ( 16.66023021207116628, -11.04968930595423870, 0.000000000000000000 ) ) ;
#2688 = DIRECTION ( 'NONE',  ( 0.000000000000000000, 0.000000000000000000, -1.000000000000000000 ) ) ;
#2689 = CARTESIAN_POINT ( 'NONE',  ( 17.57447051250966652, -5.419292138595157127, 2.903819891254735719 ) ) ;
#2690 = ORIENTED_EDGE ( 'NONE', *, *, #1899, .T. ) ;
#2691 = ORIENTED_EDGE ( 'NONE', *, *, #5112, .F. ) ;
#2692 = CARTESIAN_POINT ( 'NONE',  ( 6.698835820673116892, -3.767304934722099485, 4.112463417158127577 ) ) ;
#2693 = CARTESIAN_POINT ( 'NONE',  ( 15.30876357051687364, -2.922273093167198521, 4.490736308594572179 ) ) ;
#2694 = CARTESIAN_POINT ( 'NONE',  ( 15.64978193750222246, -2.581254726181851478, 2.999999999999999112 ) ) ;
#2695 = CARTESIAN_POINT ( 'NONE',  ( 15.56092669398458028, -14.66119592968258445, 4.421423081339987071 ) ) ;
#2696 = CARTESIAN_POINT ( 'NONE',  ( 17.44603666368407247, -11.66816179572523637, 0.000000000000000000 ) ) ;
#2697 = CARTESIAN_POINT ( 'NONE',  ( 4.957496530505256516, -9.525362102551220289, 2.336396103067893026 ) ) ;
#2698 = CARTESIAN_POINT ( 'NONE',  ( 5.915619427507103900, -4.837557101435103313, 3.328190896362902773 ) ) ;
#2699 = CARTESIAN_POINT ( 'NONE',  ( -9.598187625335965478, 12.88322821025619547, 3.000000000000000000 ) ) ;
#2700 = CARTESIAN_POINT ( 'NONE',  ( 11.99402283584898221, -13.30260607510996351, 2.848045844917851621 ) ) ;
#2701 = ADVANCED_FACE ( 'NONE', ( #1701 ), #3494, .T. ) ;
#2702 = LINE ( 'NONE', #1136, #2253 ) ;
#2703 = CARTESIAN_POINT ( 'NONE',  ( 9.736174851158445165, -12.23465095326406349, 4.301566103561281551 ) ) ;
#2704 = VERTEX_POINT ( 'NONE', #3531 ) ;
#2705 = CARTESIAN_POINT ( 'NONE',  ( 16.44380735851450837, -11.67194541664635210, 1.867226941795845363 ) ) ;
#2706 = DIRECTION ( 'NONE',  ( -0.000000000000000000, -0.000000000000000000, 1.000000000000000000 ) ) ;
#2707 = CARTESIAN_POINT ( 'NONE',  ( 14.35291631052988315, -1.244031724933475802, 2.903863158373769515 ) ) ;
#2708 = EDGE_CURVE ( 'NONE', #4681, #2493, #3972, .T. ) ;
#2709 = DIRECTION ( 'NONE',  ( -1.000000000000000000, 6.938893903907222067E-15, 0.000000000000000000 ) ) ;
#2710 = CARTESIAN_POINT ( 'NONE',  ( 6.789026072404704237, -10.76713964237155530, 3.426356984734243660 ) ) ;
#2711 = EDGE_LOOP ( 'NONE', ( #7, #4714, #3562, #2075 ) ) ;
#2712 = CARTESIAN_POINT ( 'NONE',  ( 6.315027135789889279, -13.83525541918928958, 2.280295419415705904 ) ) ;
#2713 = CARTESIAN_POINT ( 'NONE',  ( 16.65873227731970374, -3.330116740591529734, 2.903828762038586753 ) ) ;
#2714 = ORIENTED_EDGE ( 'NONE', *, *, #3055, .F. ) ;
#2715 = CARTESIAN_POINT ( 'NONE',  ( 7.324560775424550307, -10.75943108221138367, 4.045638269211016436 ) ) ;
#2716 = CARTESIAN_POINT ( 'NONE',  ( 16.35833268336778801, -4.267681710592580835, 3.733428711674602773 ) ) ;
#2717 = CARTESIAN_POINT ( 'NONE',  ( 16.07144543571875772, -11.11944099521660512, 3.185519349362754937 ) ) ;
#2718 = CARTESIAN_POINT ( 'NONE',  ( 8.820677981464319473, -12.99589731609528620, 2.928308080163918081 ) ) ;
#2719 = CARTESIAN_POINT ( 'NONE',  ( 16.13525040694376500, -12.45496092805553801, 3.065028722781647286 ) ) ;
#2720 = CARTESIAN_POINT ( 'NONE',  ( 11.35427520851977690, -1.258125868607499642, 4.490736308594573067 ) ) ;
#2721 = CARTESIAN_POINT ( 'NONE',  ( 15.46135402867437136, -10.97493887836331972, 3.328183104064166287 ) ) ;
#2722 = CARTESIAN_POINT ( 'NONE',  ( 9.486708341648778742, -13.05795887839335379, 2.848045651867282757 ) ) ;
#2723 = TOROIDAL_SURFACE ( 'NONE', #464, 5.000000000000000000, 2.000000000000000000 ) ;
#2724 = CARTESIAN_POINT ( 'NONE',  ( 5.211027797175611376, -15.68963518676157953, 3.009350982135142072 ) ) ;
#2725 = CARTESIAN_POINT ( 'NONE',  ( 13.67607067959372991, -11.97850402518665014, 4.301837910555618372 ) ) ;
#2726 = CIRCLE ( 'NONE', #469, 2.000000000000000000 ) ;
#2727 = ORIENTED_EDGE ( 'NONE', *, *, #1413, .F. ) ;
#2728 = EDGE_CURVE ( 'NONE', #1442, #2508, #4989, .T. ) ;
#2729 = CARTESIAN_POINT ( 'NONE',  ( 15.91622670270934847, -2.314809960974731684, 2.848083732178379623 ) ) ;
#2730 = CARTESIAN_POINT ( 'NONE',  ( 17.52087742543913862, -16.02949257160060981, 3.000363334401897397 ) ) ;
#2731 = CARTESIAN_POINT ( 'NONE',  ( 6.056178992570200315, -10.42468556279695591, 2.903829017983309058 ) ) ;
#2732 = DIRECTION ( 'NONE',  ( -1.000000000000000000, 0.000000000000000000, -0.000000000000000000 ) ) ;
#2733 = CARTESIAN_POINT ( 'NONE',  ( 5.502106860376374975, -17.60887857658027045, 2.236070196692320433 ) ) ;
#2734 = LINE ( 'NONE', #2315, #1057 ) ;
#2735 = CARTESIAN_POINT ( 'NONE',  ( 5.184602867655072167, -9.114904137338839973, 2.848083732178380512 ) ) ;
#2736 = ORIENTED_EDGE ( 'NONE', *, *, #717, .F. ) ;
#2737 = FACE_OUTER_BOUND ( 'NONE', #1962, .T. ) ;
#2738 = EDGE_CURVE ( 'NONE', #2508, #4973, #2702, .T. ) ;
#2739 = ORIENTED_EDGE ( 'NONE', *, *, #3498, .F. ) ;
#2740 = CARTESIAN_POINT ( 'NONE',  ( 6.666787538988311113, -3.745919920126814961, 3.733352816579956546 ) ) ;
#2741 = CARTESIAN_POINT ( 'NONE',  ( 6.266036663684054098, -11.66816179572523637, 1.733889651497832585 ) ) ;
#2742 = VECTOR ( 'NONE', #2821, 1000.000000000000000 ) ;
#2743 = CARTESIAN_POINT ( 'NONE',  ( 18.03434474384797781, -6.000929153341834521, 2.707106781186548350 ) ) ;
#2744 = CARTESIAN_POINT ( 'NONE',  ( 9.736253701409056660, -12.23467477049200980, 4.490554403245021753 ) ) ;
#2745 = CARTESIAN_POINT ( 'NONE',  ( -22.97946106578825010, -1.581642626083388356E-15, 0.000000000000000000 ) ) ;
#2746 = VECTOR ( 'NONE', #1919, 1000.000000000000000 ) ;
#2747 = VECTOR ( 'NONE', #27, 1000.000000000000000 ) ;
#2748 = CARTESIAN_POINT ( 'NONE',  ( 4.430306730273466442, -6.875000000000008882, 2.168198051533946291 ) ) ;
#2749 = CARTESIAN_POINT ( 'NONE',  ( 16.90757771862425685, -8.561669243440299226, 3.328139110747723617 ) ) ;
#2750 = DIRECTION ( 'NONE',  ( 0.000000000000000000, 1.000000000000000000, 0.000000000000000000 ) ) ;
#2751 = SECURITY_CLASSIFICATION ( '', '', #2979 ) ;
#2752 = CARTESIAN_POINT ( 'NONE',  ( 15.70544704078141329, -11.04591809470543851, 3.708542043560184798 ) ) ;
#2753 = AXIS2_PLACEMENT_3D ( 'NONE', #4101, #4850, #1280 ) ;
#2754 = CARTESIAN_POINT ( 'NONE',  ( 16.43744257978496037, -11.33169989927698573, 1.962686260017539208 ) ) ;
#2755 = DIRECTION ( 'NONE',  ( -0.000000000000000000, 0.000000000000000000, 1.000000000000000000 ) ) ;
#2756 = B_SPLINE_CURVE_WITH_KNOTS ( 'NONE', 3,
 ( #407, #6, #820, #3152, #4723, #3294 ),
 .UNSPECIFIED., .F., .F.,
 ( 4, 2, 4 ),
 ( 4.264032522558209975E-15, 0.0006469032912508346439, 0.001293806582497405121 ),
 .UNSPECIFIED. ) ;
#2757 = CARTESIAN_POINT ( 'NONE',  ( 15.68551717209169816, -3.324799795720512652, 4.112579442820852194 ) ) ;
#2758 = ORIENTED_EDGE ( 'NONE', *, *, #621, .F. ) ;
#2759 = CARTESIAN_POINT ( 'NONE',  ( -27.22946106578824654, 7.999999999999923617, 1.000000000000000000 ) ) ;
#2760 = CARTESIAN_POINT ( 'NONE',  ( 5.053459809729592855, -17.23368333322842716, 2.574174524414112764 ) ) ;
#2761 = CARTESIAN_POINT ( 'NONE',  ( 7.817948228914231024, -12.18244636103534617, 2.903829128211921962 ) ) ;
#2762 = DIRECTION ( 'NONE',  ( 0.000000000000000000, 0.000000000000000000, 1.000000000000000000 ) ) ;
#2763 = CARTESIAN_POINT ( 'NONE',  ( 6.707491508544642045, -10.23855967181876636, 3.579403892031856049 ) ) ;
#2764 = CARTESIAN_POINT ( 'NONE',  ( 11.35603666368406195, -6.875000000000007994, 6.000000000000000000 ) ) ;
#2765 = CARTESIAN_POINT ( 'NONE',  ( 6.267342820715309237, -16.26196826456270372, 1.932914678268059072 ) ) ;
#2766 = ORIENTED_EDGE ( 'NONE', *, *, #1705, .F. ) ;
#2767 = DIRECTION ( 'NONE',  ( 0.000000000000000000, 1.000000000000000000, 0.000000000000000000 ) ) ;
#2768 = B_SPLINE_CURVE_WITH_KNOTS ( 'NONE', 3,
 ( #1061, #4240, #1034, #2639, #4209, #1106 ),
 .UNSPECIFIED., .F., .F.,
 ( 4, 2, 4 ),
 ( 0.000000000000000000, 0.0006500843438196598004, 0.001300168687639319601 ),
 .UNSPECIFIED. ) ;
#2769 = CARTESIAN_POINT ( 'NONE',  ( -9.598187625335965478, 12.88322821025619547, 2.000000000000000000 ) ) ;
#2770 = CARTESIAN_POINT ( 'NONE',  ( 14.88979489441334003, -11.27204552923189240, 3.733407234818233889 ) ) ;
#2771 = LINE ( 'NONE', #56, #3568 ) ;
#2772 = EDGE_CURVE ( 'NONE', #4329, #2649, #1911, .T. ) ;
#2773 = CARTESIAN_POINT ( 'NONE',  ( 4.730825149951880526, -6.875000000000008882, 2.928308080163914973 ) ) ;
#2774 = CARTESIAN_POINT ( 'NONE',  ( 16.01059196807074159, -3.763406942433359603, 4.490391635081815380 ) ) ;
#2775 = CARTESIAN_POINT ( 'NONE',  ( 5.053459809729592855, -17.23368333322842716, 2.574174524414112764 ) ) ;
#2776 = ORIENTED_EDGE ( 'NONE', *, *, #348, .F. ) ;
#2777 = CARTESIAN_POINT ( 'NONE',  ( 17.75457679686288515, -9.525362102551200749, 2.000000000000000888 ) ) ;
#2778 = CARTESIAN_POINT ( 'NONE',  ( 11.35950160096014194, -13.11786100624114226, 2.975086299252291511 ) ) ;
#2779 = FACE_OUTER_BOUND ( 'NONE', #1420, .T. ) ;
#2780 = CARTESIAN_POINT ( 'NONE',  ( 15.92490074223119834, -10.76470175039220045, 3.423787961256799850 ) ) ;
#2781 = CARTESIAN_POINT ( 'NONE',  ( 10.26730236432353571, -12.36695003990795882, 4.112465144220165847 ) ) ;
#2782 =( LENGTH_UNIT ( ) NAMED_UNIT ( * ) SI_UNIT ( .MILLI., .METRE. ) );
#2783 = CARTESIAN_POINT ( 'NONE',  ( 5.692783843149732625, -3.930930089265524785, 2.903868201257089332 ) ) ;
#2784 = CYLINDRICAL_SURFACE ( 'NONE', #1065, 2.000000000000000000 ) ;
#2785 = CARTESIAN_POINT ( 'NONE',  ( 6.642010849500228353, -10.60458458525619641, 3.197439046262395390 ) ) ;
#2786 = CARTESIAN_POINT ( 'NONE',  ( 5.053459809729779373, -16.61684166661423490, 1.787087262207039062 ) ) ;
#2787 = CARTESIAN_POINT ( 'NONE',  ( 6.266036663684054098, -7.000000000000002665, 1.733889651497832363 ) ) ;
#2788 = VERTEX_POINT ( 'NONE', #3864 ) ;
#2789 = LINE ( 'NONE', #4352, #2881 ) ;
#2790 = CARTESIAN_POINT ( 'NONE',  ( 15.92981783607421598, -10.49492229048216174, 3.416464136546419894 ) ) ;
#2791 = CARTESIAN_POINT ( 'NONE',  ( 17.12698404397646357, -17.54930491911376933, 2.314347029471918393 ) ) ;
#2792 = CARTESIAN_POINT ( 'NONE',  ( 11.35256723565261439, -1.237508128055851309, 3.733524014069087738 ) ) ;
#2793 = CARTESIAN_POINT ( 'NONE',  ( 11.35603666368406195, -6.875000000000007994, -0.1810125000000165629 ) ) ;
#2794 = ORIENTED_EDGE ( 'NONE', *, *, #3147, .F. ) ;
#2795 = VERTEX_POINT ( 'NONE', #3116 ) ;
#2796 = CARTESIAN_POINT ( 'NONE',  ( 11.35603666368405662, -0.6301502699835772603, 2.999999999999999556 ) ) ;
#2797 = EDGE_CURVE ( 'NONE', #4351, #1197, #1576, .T. ) ;
#2798 = CARTESIAN_POINT ( 'NONE',  ( 11.89767802389219575, -1.302429553617868718, 4.490561508336490704 ) ) ;
#2799 = LINE ( 'NONE', #1181, #2244 ) ;
#2800 = CIRCLE ( 'NONE', #3462, 5.590000000000007851 ) ;
#2801 = CARTESIAN_POINT ( 'NONE',  ( 15.85940395281797777, -2.371632710866102389, 2.903898063920915540 ) ) ;
#2802 = EDGE_CURVE ( 'NONE', #2493, #1810, #4218, .T. ) ;
#2803 = CARTESIAN_POINT ( 'NONE',  ( 5.177435627120892114, -8.758452034749950599, 2.848047029500917926 ) ) ;
#2804 = CARTESIAN_POINT ( 'NONE',  ( 6.698835820673116892, -3.767304934722099485, 4.112463417158127577 ) ) ;
#2805 = ORIENTED_EDGE ( 'NONE', *, *, #1635, .F. ) ;
#2806 = CARTESIAN_POINT ( 'NONE',  ( 6.634615860791359232, -10.27540673917521552, 3.429451736657918026 ) ) ;
#2807 = DIRECTION ( 'NONE',  ( 0.000000000000000000, 0.000000000000000000, -1.000000000000000000 ) ) ;
#2808 = CARTESIAN_POINT ( 'NONE',  ( 6.758025617457943390, -10.78216554161063101, 3.380181393728443506 ) ) ;
#2809 = CARTESIAN_POINT ( 'NONE',  ( 11.35603666368405840, -0.2580215693094596863, 2.848083732178380068 ) ) ;
#2810 = DIRECTION ( 'NONE',  ( 1.908195823574488435E-14, -0.6792687092928748616, 0.7338896514978200392 ) ) ;
#2811 = ORIENTED_EDGE ( 'NONE', *, *, #3986, .F. ) ;
#2812 = FACE_OUTER_BOUND ( 'NONE', #286, .T. ) ;
#2813 = VECTOR ( 'NONE', #1733, 1000.000000000000000 ) ;
#2814 = CARTESIAN_POINT ( 'NONE',  ( 16.96655749536915536, -7.424773173915037994, 3.733418722271133472 ) ) ;
#2815 = CARTESIAN_POINT ( 'NONE',  ( 6.880630162579616460, -10.85007987081716685, 3.553509069835320666 ) ) ;
#2816 = ORIENTED_EDGE ( 'NONE', *, *, #758, .T. ) ;
#2817 = CARTESIAN_POINT ( 'NONE',  ( 6.977211681852317327, -12.27799992338097468, 3.674494831088882307 ) ) ;
#2818 = ORIENTED_EDGE ( 'NONE', *, *, #1261, .F. ) ;
#2819 = CARTESIAN_POINT ( 'NONE',  ( 17.27423471521801090, -6.875000000000006217, 3.000000000000000000 ) ) ;
#2820 = CARTESIAN_POINT ( 'NONE',  ( 7.031123297040056563, -10.43058746769748701, 4.490560091667069820 ) ) ;
#2821 = DIRECTION ( 'NONE',  ( -0.000000000000000000, -0.000000000000000000, 1.000000000000000000 ) ) ;
#2822 = EDGE_CURVE ( 'NONE', #4894, #1990, #169, .T. ) ;
#2823 = VECTOR ( 'NONE', #3585, 1000.000000000000000 ) ;
#2824 = CARTESIAN_POINT ( 'NONE',  ( 15.45214741875581765, -2.778889244928250513, 3.328168456446876977 ) ) ;
#2825 = CARTESIAN_POINT ( 'NONE',  ( 13.82163302957947870, -0.9047767377750798312, 2.848102311390735331 ) ) ;
#2826 = CIRCLE ( 'NONE', #902, 1.000000000000000000 ) ;
#2827 = EDGE_CURVE ( 'NONE', #222, #2704, #2834, .T. ) ;
#2828 = CARTESIAN_POINT ( 'NONE',  ( 9.210751176915454863, -1.703197402591306142, 4.112768716287303228 ) ) ;
#2829 = CIRCLE ( 'NONE', #2326, 2.000000000000001776 ) ;
#2830 = EDGE_LOOP ( 'NONE', ( #894, #3714, #2395, #4843 ) ) ;
#2831 = CARTESIAN_POINT ( 'NONE',  ( 16.54914540439251525, -11.08146607279004670, 2.534122339672857382 ) ) ;
#2832 = CARTESIAN_POINT ( 'NONE',  ( 18.44603666368407247, -18.00000000000000355, 1.000000000000000000 ) ) ;
#2833 = CARTESIAN_POINT ( 'NONE',  ( -15.63814266888728710, -14.20050339839028553, 2.000000000000000000 ) ) ;
#2834 = CIRCLE ( 'NONE', #3652, 2.000000000000001776 ) ;
#2835 = CARTESIAN_POINT ( 'NONE',  ( 6.594914140411750836, -10.67490403888857919, 3.115948680663405135 ) ) ;
#2836 = CARTESIAN_POINT ( 'NONE',  ( 6.691126271817123161, -10.02570638026900518, 4.490736308594572179 ) ) ;
#2837 = ORIENTED_EDGE ( 'NONE', *, *, #4952, .F. ) ;
#2838 = LINE ( 'NONE', #2910, #2813 ) ;
#2839 = CARTESIAN_POINT ( 'NONE',  ( 17.71214701218624299, -17.35853741858572974, 2.467779302995658064 ) ) ;
#2840 = CARTESIAN_POINT ( 'NONE',  ( 14.93012121352948363, -2.515124532745630415, 3.733417459522096138 ) ) ;
#2841 = ORIENTED_EDGE ( 'NONE', *, *, #681, .F. ) ;
#2842 = CARTESIAN_POINT ( 'NONE',  ( 6.706790267328390343, -14.67003111892982758, 3.403070977289713195 ) ) ;
#2843 = CARTESIAN_POINT ( 'NONE',  ( 16.25532502840016136, -11.59561222219778820, 2.793353536021987882 ) ) ;
#2844 = ORIENTED_EDGE ( 'NONE', *, *, #2051, .T. ) ;
#2845 = CARTESIAN_POINT ( 'NONE',  ( 17.75457679686287094, -4.224637897448780599, 2.000000000000001332 ) ) ;
#2846 = CARTESIAN_POINT ( 'NONE',  ( 15.31765460014024782, -10.83141432597733456, 4.490825350066668165 ) ) ;
#2847 = CARTESIAN_POINT ( 'NONE',  ( 16.43814101753297052, -11.45637462049612232, 1.952211050418143357 ) ) ;
#2848 = CARTESIAN_POINT ( 'NONE',  ( 17.12385718873997931, -9.262694084758607005, 2.975086111641844333 ) ) ;
#2849 = CYLINDRICAL_SURFACE ( 'NONE', #1989, 2.999999999999999112 ) ;
#2850 = CARTESIAN_POINT ( 'NONE',  ( 6.458806063102770167, -11.77223060058129356, 2.336396103067893915 ) ) ;
#2851 = CARTESIAN_POINT ( 'NONE',  ( 11.98019239448924900, -0.4461554926862376091, 2.848047140437272251 ) ) ;
#2852 = CARTESIAN_POINT ( 'NONE',  ( 10.80157905977364585, -1.303399722976354980, 4.112577411895342649 ) ) ;
#2853 = CARTESIAN_POINT ( 'NONE',  ( 14.58816968270743786, -11.57369060561347673, 4.526279632023018529 ) ) ;
#2854 = MECHANICAL_CONTEXT ( 'NONE', #4516, 'mechanical' ) ;
#2855 = EDGE_CURVE ( 'NONE', #3226, #1150, #1880, .T. ) ;
#2856 = LINE ( 'NONE', #4834, #2158 ) ;
#2857 = CARTESIAN_POINT ( 'NONE',  ( 6.219052583195391115, -10.74820684762390677, 2.858406925460229786 ) ) ;
#2858 = CARTESIAN_POINT ( 'NONE',  ( 7.124710999716744375, -10.52794533792805431, 4.490683842500607703 ) ) ;
#2859 = VERTEX_POINT ( 'NONE', #5014 ) ;
#2860 = CARTESIAN_POINT ( 'NONE',  ( 15.62442873133116272, -10.54201943545464815, 3.814382569664760858 ) ) ;
#2861 = CARTESIAN_POINT ( 'NONE',  ( 6.204907621084215563, -4.197013421366710517, 3.328144000629821964 ) ) ;
#2862 = DIRECTION ( 'NONE',  ( -6.938893903907228378E-15, 0.000000000000000000, 1.000000000000000000 ) ) ;
#2863 = VERTEX_POINT ( 'NONE', #5041 ) ;
#2864 = CARTESIAN_POINT ( 'NONE',  ( 6.770218637942396533, -12.27752425048136864, 3.399913696909135030 ) ) ;
#2865 = CARTESIAN_POINT ( 'NONE',  ( 16.25326726426534663, -1.977769399418724872, 2.336396103067889030 ) ) ;
#2866 = CARTESIAN_POINT ( 'NONE',  ( 16.60440920350076510, -4.904398090607518412, 4.301838730606309724 ) ) ;
#2867 = CARTESIAN_POINT ( 'NONE',  ( 16.67809836977307825, -13.16133161265279305, 5.072796432264323307 ) ) ;
#2868 = CARTESIAN_POINT ( 'NONE',  ( 11.35603666368406195, -6.875000000000007994, 3.000000000000000000 ) ) ;
#2869 = CARTESIAN_POINT ( 'NONE',  ( 11.97264457177018748, -13.08693444530837091, 2.975039467931852144 ) ) ;
#2870 = DIRECTION ( 'NONE',  ( -0.000000000000000000, 0.000000000000000000, 1.000000000000000000 ) ) ;
#2871 = B_SPLINE_SURFACE_WITH_KNOTS ( 'NONE', 5, 3, ( 
 ( #3298, #1295, #2907, #3430, #4535, #1326, #944, #969, #2564, #2513, #3041, #4889, #4590, #3788, #4990, #2538, #4937, #2594, #4141, #527, #4115, #3708, #2151, #250, #3736, #3764, #3402, #1015, #922, #1730, #2124, #147, #587, #4091, #2205, #1760, #2935, #199, #4911, #4963, #1809, #220, #3377, #556, #3327, #2233, #2618, #4507, #1350, #1785, #2182, #175, #1409, #3353, #4166, #1378, #2960, #2985, #3015, #634, #1832, #1435, #4566, #4192 ),
 ( #992, #3817, #611, #1538, #2332, #1882, #1091, #3914, #4668, #2648, #1960, #2681, #4320, #3552, #3937, #767, #3452, #4219, #1912, #2725, #5114, #1113, #3532, #5015, #1566, #5042, #2703, #4616, #4293, #5092, #3142, #1044, #3843, #663, #2263, #2307, #2356, #1459, #4690, #740, #356, #275, #4269, #4713, #3066, #3509, #4643, #1857, #1068, #4248, #377, #688, #1939, #2283, #714, #3865, #299, #3118, #3888, #1137, #3479, #1488, #3095, #326 ),
 ( #1516, #5068, #2757, #20, #838, #117, #4368, #3225, #4784, #1594, #93, #4444, #44, #1185, #1642, #3987, #422, #3250, #4809, #3580, #4395, #2411, #863, #444, #4030, #2781, #4739, #2032, #3603, #2480, #4059, #2013, #3200, #2435, #1239, #1619, #3624, #498, #2875, #888, #4759, #2059, #4420, #2455, #2804, #4829, #1212, #2089, #811, #3676, #2828, #4007, #66, #2852, #471, #3172, #3651, #1671, #3270, #1260, #1162, #4343, #789, #2383 ),
 ( #3961, #398, #1987, #985, #1754, #4856, #4185, #4881, #1401, #626, #1009, #3008, #521, #1288, #4133, #4929, #2225, #3371, #605, #2116, #3808, #2143, #3347, #1696, #1370, #2199, #3781, #3293, #915, #2900, #4472, #4528, #4582, #3701, #2611, #2506, #140, #4084, #578, #2976, #1722, #4556, #214, #3319, #1319, #3728, #4904, #2929, #2587, #1802, #3394, #4499, #939, #2531, #4108, #961, #546, #167, #1777, #4158, #1343, #2953, #4955, #2557 ),
 ( #2174, #3758, #194, #4608, #1107, #4663, #4982, #3113, #1510, #1063, #1850, #2749, #1086, #706, #682, #2255, #2721, #1426, #1037, #2303, #3423, #1133, #3836, #3091, #2351, #1454, #294, #1876, #267, #2327, #1532, #2279, #3447, #3884, #2674, #4243, #320, #1906, #654, #1482, #4637, #4686, #2698, #4290, #3033, #1825, #4264, #3861, #4709, #4316, #3473, #5009, #3503, #5063, #5035, #734, #764, #5085, #3137, #3061, #3910, #351, #1934, #3526 ),
 ( #240, #2640, #4211, #4779, #2377, #1590, #4757, #87, #3195, #2433, #3622, #1235, #2848, #5109, #1558, #857, #465, #4736, #1255, #2053, #1158, #1665, #2869, #2778, #882, #3932, #373, #3547, #394, #4339, #1981, #3576, #3003, #4549, #2581, #4631, #1845, #3083, #3880, #1103, #316, #3133, #1505, #2218, #3418, #3029, #1031, #2635, #2247, #3950, #4358, #876, #2469, #1685, #4845, #1276, #2890, #3076, #725, #3464, #698, #2212, #3898, #2241 ),
 ( #1052, #3413, #310, #2713, #4945, #4653, #2689, #2293, #3852, #1892, #4677, #4972, #260, #1498, #1386, #2996, #5000, #4575, #2604, #1001, #4624, #4175, #3104, #2660, #229, #1100, #4279, #3827, #3024, #1025, #285, #1867, #1840, #3050, #322, #4187, #2229, #5038, #1011, #3912, #4985, #684, #5087, #4214, #3063, #4639, #1430, #5066, #4291, #5012, #1040, #1485, #3838, #269, #3093, #4665, #3425, #4245, #2257, #710, #296, #3886, #2614, #4585 ),
 ( #4266, #1852, #3036, #2281, #3449, #1908, #3505, #2305, #1878, #4611, #629, #736, #1513, #3012, #1457, #3863, #1066, #657, #3115, #2678, #1088, #3477, #2700, #4688, #1108, #2644, #2722, #2328, #353, #1937, #3528, #3812, #244, #1827, #41, #3550, #2803, #786, #4392, #3984, #2434, #1134, #3139, #421, #1983, #860, #2453, #2380, #5111, #4366, #4782, #3958, #2011, #4027, #1237, #2851, #1560, #443, #2825, #836, #3168, #3248, #4758, #468 ) ),
 .UNSPECIFIED., .F., .T., .F.,
 ( 6, 2, 6 ),
 ( 4, 1, 1, 1, 1, 1, 1, 1, 1, 1, 1, 1, 1, 1, 1, 1, 1, 1, 1, 1, 1, 1, 1, 1, 1, 1, 1, 1, 1, 1, 1, 1, 1, 1, 1, 1, 1, 1, 1, 1, 1, 1, 1, 1, 1, 1, 1, 1, 1, 1, 1, 1, 1, 1, 1, 1, 1, 1, 1, 1, 1, 4 ),
 ( 0.000000000000000000, 0.5000000000000000000, 1.000000000000000000 ),
 ( -0.02293651772636717129, -0.02219504478120298829, -0.02145357183603880877, -0.02071209889087462230, -0.01972346829732238294, -0.01873483770377014010, -0.01774620711021789726, -0.01700473416505371427, -0.01626326121988953474, -0.01552178827472535348, -0.01478031532956117049, -0.01403884238439698749, -0.01329736943923280623, -0.01255589649406862324, -0.01181442354890444024, -0.01107295060374025898, -0.01033147765857607946, -0.009342847065023834885, -0.008354216471471593783, -0.007365585877919350079, -0.006624112932755168819, -0.005882639987590987558, -0.005141167042426804563, -0.004399694097262623303, -0.003658221152098441609, -0.002916748206934259482, -0.002175275261770077788, -0.001433802316605895660, -0.0006923293714417140749, 4.914357372246794427E-05, 0.0007906165188866498550, 0.001532089464050831766, 0.002273562409215013676, 0.003015035354379195370, 0.003756508299543377064, 0.004497981244707558758, 0.005239454189871740886, 0.005980927135035923881, 0.006722400080200104273, 0.007463873025364287268, 0.008452503618916529238, 0.009441134212468772074, 0.01042976480602101491, 0.01117123775118519791, 0.01191271069634937917, 0.01265418364151355869, 0.01339565658667774169, 0.01413712953184192295, 0.01487860247700610594, 0.01562007542217028720, 0.01636154836733446846, 0.01710302131249865146, 0.01784449425766283445, 0.01858596720282701398, 0.01932744014799119697, 0.02006891309315537997, 0.02081038603831955949, 0.02155185898348374249, 0.02229333192864792548, 0.02303480487381210848, 0.02377627781897628800, 0.02451775076414047100 ),
 .UNSPECIFIED. ) ;
#2872 = CARTESIAN_POINT ( 'NONE',  ( 11.35603666368405840, -0.02282841846977228667, 2.707106781186548350 ) ) ;
#2873 = CARTESIAN_POINT ( 'NONE',  ( 14.67384143852457790, -12.96363330838510386, 4.473937315219747468 ) ) ;
#2874 = CARTESIAN_POINT ( 'NONE',  ( 4.977146890404458901, -6.881863785123389476, 2.903915935320998010 ) ) ;
#2875 = CARTESIAN_POINT ( 'NONE',  ( 5.784307305532849774, -7.425882998950109837, 4.112578814648307102 ) ) ;
#2876 = CARTESIAN_POINT ( 'NONE',  ( 14.39015470069533009, -11.79086970154338054, 4.592332747662823067 ) ) ;
#2877 = CARTESIAN_POINT ( 'NONE',  ( 6.835389330144525211, -10.21512812224625577, 3.927341566747899471 ) ) ;
#2878 = LINE ( 'NONE', #2458, #656 ) ;
#2879 = CARTESIAN_POINT ( 'NONE',  ( 17.82267746858745738, -6.875000000000006217, 2.835888541572304522 ) ) ;
#2880 = DIRECTION ( 'NONE',  ( -0.000000000000000000, -0.000000000000000000, 1.000000000000000000 ) ) ;
#2881 = VECTOR ( 'NONE', #798, 1000.000000000000000 ) ;
#2882 = EDGE_CURVE ( 'NONE', #2788, #4545, #1487, .T. ) ;
#2883 = EDGE_LOOP ( 'NONE', ( #1950, #4669, #1483, #423 ) ) ;
#2884 = CARTESIAN_POINT ( 'NONE',  ( 15.79080402544015627, -10.91022341986669808, 3.605582356685010925 ) ) ;
#2885 = CARTESIAN_POINT ( 'NONE',  ( 8.613616400401124196, -1.761891257308177750, 3.328138273775629319 ) ) ;
#2886 = CARTESIAN_POINT ( 'NONE',  ( 22.77053893421171438, -16.00000000000000000, 1.000000000000000000 ) ) ;
#2887 = ORIENTED_EDGE ( 'NONE', *, *, #3017, .T. ) ;
#2888 = CARTESIAN_POINT ( 'NONE',  ( 5.121580958991585497, -13.00467183549128158, 4.130056881208326480 ) ) ;
#2889 = ADVANCED_FACE ( 'NONE', ( #4246 ), #355, .T. ) ;
#2890 = CARTESIAN_POINT ( 'NONE',  ( 12.56410546104668313, -0.7504776177957128702, 2.975011345835228749 ) ) ;
#2891 = CARTESIAN_POINT ( 'NONE',  ( 11.35603666368405840, 0.05072993341058781164, 2.000000000000000444 ) ) ;
#2892 = CARTESIAN_POINT ( 'NONE',  ( 16.01130175403952549, -9.986048059492443230, 4.301428578756332222 ) ) ;
#2893 = LINE ( 'NONE', #907, #3322 ) ;
#2894 = CARTESIAN_POINT ( 'NONE',  ( 18.10603666368406195, -5.991545965816269970, 2.000000000000000000 ) ) ;
#2895 = CARTESIAN_POINT ( 'NONE',  ( 11.35603666368406195, -6.875000000000007994, -0.1810125000000165629 ) ) ;
#2896 = CARTESIAN_POINT ( 'NONE',  ( 17.75457679686287094, -4.224637897448780599, 2.168198051533949400 ) ) ;
#2897 = CARTESIAN_POINT ( 'NONE',  ( 17.65861351763837561, -16.69469932621451846, 2.999999999999999556 ) ) ;
#2898 = CARTESIAN_POINT ( 'NONE',  ( 9.486708341648778742, -13.05795887839335379, 2.848045651867282757 ) ) ;
#2899 = CARTESIAN_POINT ( 'NONE',  ( 15.77181225526964248, -11.29077559158561428, 2.999999999999997780 ) ) ;
#2900 = CARTESIAN_POINT ( 'NONE',  ( 8.229026833639865757, -11.56578636748701072, 3.733353574125570340 ) ) ;
#2901 = DIRECTION ( 'NONE',  ( -0.000000000000000000, -0.000000000000000000, -1.000000000000000000 ) ) ;
#2902 = CARTESIAN_POINT ( 'NONE',  ( 15.08199784968453372, -11.89339154041984337, 4.248572732504276139 ) ) ;
#2903 = AXIS2_PLACEMENT_3D ( 'NONE', #2289, #615, #1465 ) ;
#2904 = CARTESIAN_POINT ( 'NONE',  ( 9.032278466472515532, -1.264951444616217113, 3.000000000000000000 ) ) ;
#2905 = CARTESIAN_POINT ( 'NONE',  ( 16.07784426606924200, -10.27562625134714303, 3.428821519370259807 ) ) ;
#2906 = AXIS2_PLACEMENT_3D ( 'NONE', #4297, #746, #4064 ) ;
#2907 = CARTESIAN_POINT ( 'NONE',  ( 15.68562177163120985, -3.324927154256442918, 4.490556732998502554 ) ) ;
#2908 = AXIS2_PLACEMENT_3D ( 'NONE', #1916, #4740, #1164 ) ;
#2909 =( BOUNDED_SURFACE ( )  B_SPLINE_SURFACE ( 3, 2, ( 
 ( #91, #4054, #1773 ),
 ( #2584, #113, #2139 ),
 ( #137, #4827, #1692 ),
 ( #1283, #4552, #4467 ),
 ( #2553, #3368, #1668 ),
 ( #2873, #4441, #4876 ),
 ( #885, #912, #3290 ),
 ( #3724, #495, #1316 ),
 ( #4523, #2527, #957 ),
 ( #2476, #163, #517 ),
 ( #2086, #2503, #4853 ),
 ( #4129, #574, #2171 ),
 ( #2112, #3697, #1366 ),
 ( #1718, #2925, #4496 ),
 ( #936, #4926, #1751 ),
 ( #3344, #4901, #1340 ),
 ( #2973, #4683, #3110 ),
 ( #2299, #1033, #4606 ),
 ( #4208, #3882, #1847 ),
 ( #1477, #2637, #265 ),
 ( #2609, #1105, #1082 ),
 ( #2719, #4287, #5059 ),
 ( #1799, #1060, #1874 ),
 ( #291, #2695, #4182 ),
 ( #651, #3833, #732 ),
 ( #4262, #704, #3777 ),
 ( #211, #3390, #1450 ),
 ( #624, #3859, #3471 ),
 ( #3445, #318, #2222 ),
 ( #3805, #4950, #1007 ),
 ( #3497, #1396, #3088 ),
 ( #4660, #5032, #2251 ),
 ( #3005, #3057, #4239 ),
 ( #5007, #4580, #235 ),
 ( #1822, #3420, #4633 ),
 ( #4979, #1425, #3031 ),
 ( #1902, #2671, #679 ),
 ( #1508, #2277, #1932 ) ),
 .UNSPECIFIED., .F., .F., .F. ) 
 B_SPLINE_SURFACE_WITH_KNOTS ( ( 4, 2, 2, 2, 2, 2, 2, 2, 2, 2, 2, 2, 2, 2, 2, 2, 2, 2, 4 ),
 ( 3, 3 ),
 ( 0.000000000000000000, 0.001088150610333978637, 0.001632225915500967956, 0.002176301220667957274, 0.002720376525834946810, 0.003264451831001935912, 0.003536489483585430679, 0.003808527136168925013, 0.004080564788752419347, 0.004352602441335914549, 0.004624640093919409750, 0.004896677746502904084, 0.005168715399086398418, 0.005440753051669893620, 0.005984828356836882288, 0.006528903662003871823, 0.007072978967170861359, 0.007617054272337850027, 0.008705204882671829097 ),
 ( 0.000000000000000000, 1.000000000000000000 ),
 .UNSPECIFIED. ) 
 GEOMETRIC_REPRESENTATION_ITEM ( )  RATIONAL_B_SPLINE_SURFACE ( (
 ( 1.000000000000000000, 0.6831809470683682939, 1.000000000000000000),
 ( 1.000000000000000000, 0.6736692986980747921, 1.000000000000000000),
 ( 1.000000000000000000, 0.6558259104209646084, 1.000000000000000000),
 ( 1.000000000000000000, 0.6175997297972458666, 1.000000000000000000),
 ( 1.000000000000000000, 0.6028337477653534782, 1.000000000000000000),
 ( 1.000000000000000000, 0.5700370469250924943, 1.000000000000000000),
 ( 1.000000000000000000, 0.5520638439328190428, 1.000000000000000000),
 ( 1.000000000000000000, 0.5133900982805134072, 1.000000000000000000),
 ( 1.000000000000000000, 0.4926668492095075402, 1.000000000000000000),
 ( 1.000000000000000000, 0.4493178645951501071, 1.000000000000000000),
 ( 1.000000000000000000, 0.4265075458749001402, 1.000000000000000000),
 ( 1.000000000000000000, 0.3938252083238934498, 1.000000000000000000),
 ( 1.000000000000000000, 0.3831760128019784384, 1.000000000000000000),
 ( 1.000000000000000000, 0.3631839911650189823, 1.000000000000000000),
 ( 1.000000000000000000, 0.3539520703957176329, 1.000000000000000000),
 ( 1.000000000000000000, 0.3384222881024406826, 1.000000000000000000),
 ( 1.000000000000000000, 0.3320857063660503927, 1.000000000000000000),
 ( 1.000000000000000000, 0.3235186374379091512, 1.000000000000000000),
 ( 1.000000000000000000, 0.3213661489850629382, 1.000000000000000000),
 ( 1.000000000000000000, 0.3219694968268069224, 1.000000000000000000),
 ( 1.000000000000000000, 0.3246261480263915034, 1.000000000000000000),
 ( 1.000000000000000000, 0.3338783318777524545, 1.000000000000000000),
 ( 1.000000000000000000, 0.3405357054117236770, 1.000000000000000000),
 ( 1.000000000000000000, 0.3560113521488642019, 1.000000000000000000),
 ( 1.000000000000000000, 0.3648471867834843785, 1.000000000000000000),
 ( 1.000000000000000000, 0.3836547668147188284, 1.000000000000000000),
 ( 1.000000000000000000, 0.3936874614372659620, 1.000000000000000000),
 ( 1.000000000000000000, 0.4240707875334468469, 1.000000000000000000),
 ( 1.000000000000000000, 0.4445387736629689002, 1.000000000000000000),
 ( 1.000000000000000000, 0.4839098598290984543, 1.000000000000000000),
 ( 1.000000000000000000, 0.5029662138554711337, 1.000000000000000000),
 ( 1.000000000000000000, 0.5386156653065370392, 1.000000000000000000),
 ( 1.000000000000000000, 0.5551680625242473299, 1.000000000000000000),
 ( 1.000000000000000000, 0.5858271154212729703, 1.000000000000000000),
 ( 1.000000000000000000, 0.5999365552535859125, 1.000000000000000000),
 ( 1.000000000000000000, 0.6387699279214349435, 1.000000000000000000),
 ( 1.000000000000000000, 0.6600889052414348201, 1.000000000000000000),
 ( 1.000000000000000000, 0.6766877660635666203, 1.000000000000000000) ) ) 
 REPRESENTATION_ITEM ( '' )  SURFACE ( )  );
#2910 = CARTESIAN_POINT ( 'NONE',  ( -12.47128208403741745, 0.000000000000000000, 3.000000000000000000 ) ) ;
#2911 = CARTESIAN_POINT ( 'NONE',  ( 6.239106731246398141, -9.610258215281886507, 3.328138856877923324 ) ) ;
#2912 = ADVANCED_FACE ( 'NONE', ( #3094 ), #258, .T. ) ;
#2913 = CARTESIAN_POINT ( 'NONE',  ( 5.216419950606179690, -16.60056374052751949, 2.911684113204522806 ) ) ;
#2914 = ORIENTED_EDGE ( 'NONE', *, *, #3956, .T. ) ;
#2915 = CARTESIAN_POINT ( 'NONE',  ( 8.037761313479792946, -12.96327102782833940, 4.473663817789748975 ) ) ;
#2916 = ORIENTED_EDGE ( 'NONE', *, *, #2378, .F. ) ;
#2917 = DIRECTION ( 'NONE',  ( -0.000000000000000000, -1.000000000000000000, -0.000000000000000000 ) ) ;
#2918 = CARTESIAN_POINT ( 'NONE',  ( 4.957496530505256516, -9.525362102551220289, 2.336396103067893026 ) ) ;
#2919 = CARTESIAN_POINT ( 'NONE',  ( 15.68556947237476784, -3.324863474564326182, 4.301568086632994614 ) ) ;
#2920 = EDGE_CURVE ( 'NONE', #4545, #2596, #671, .T. ) ;
#2921 = FACE_OUTER_BOUND ( 'NONE', #4789, .T. ) ;
#2922 = PLANE ( 'NONE',  #490 ) ;
#2923 = CARTESIAN_POINT ( 'NONE',  ( 6.352045133542499222, -15.72558901048650704, 3.075628992969140274 ) ) ;
#2924 = CARTESIAN_POINT ( 'NONE',  ( 18.10603666368406195, -5.991545965816269970, 2.000000000000000000 ) ) ;
#2925 = CARTESIAN_POINT ( 'NONE',  ( 15.98112747135744804, -14.82099445675215321, 3.395051521932194394 ) ) ;
#2926 = ADVANCED_FACE ( 'NONE', ( #1254 ), #4050, .F. ) ;
#2927 = CARTESIAN_POINT ( 'NONE',  ( 7.761939342092706084, -1.508462438731621225, 2.848012023543168958 ) ) ;
#2928 = CARTESIAN_POINT ( 'NONE',  ( 17.81314344487061518, -7.720119560739919784, 2.928308080163915417 ) ) ;
#2929 = CARTESIAN_POINT ( 'NONE',  ( 7.777536757215297136, -2.518838610052804849, 3.733418915269204330 ) ) ;
#2930 = CARTESIAN_POINT ( 'NONE',  ( 16.42283733573956184, -14.44216184832533756, 2.115436097178001074 ) ) ;
#2931 = CARTESIAN_POINT ( 'NONE',  ( 13.75026161996446028, -12.73544142844808214, 4.722266867591224049 ) ) ;
#2932 = CARTESIAN_POINT ( 'NONE',  ( 13.67979486089562258, -1.264951444616218668, 3.000000000000000444 ) ) ;
#2933 = DIRECTION ( 'NONE',  ( -0.000000000000000000, -0.000000000000000000, -1.000000000000000000 ) ) ;
#2934 = CARTESIAN_POINT ( 'NONE',  ( 16.41969084640129850, -10.59727300866036082, 2.957158019510575109 ) ) ;
#2935 = CARTESIAN_POINT ( 'NONE',  ( 6.000142089947231305, -8.507018208491807343, 4.490560978880728804 ) ) ;
#2936 = ORIENTED_EDGE ( 'NONE', *, *, #2349, .T. ) ;
#2937 = FACE_OUTER_BOUND ( 'NONE', #228, .T. ) ;
#2938 = CARTESIAN_POINT ( 'NONE',  ( 16.90757771862425685, -8.561669243440299226, 3.328139110747723617 ) ) ;
#2939 = CARTESIAN_POINT ( 'NONE',  ( 6.199926779751561590, -11.04236487149447576, 2.650924737851966473 ) ) ;
#2940 = ORIENTED_EDGE ( 'NONE', *, *, #4013, .F. ) ;
#2941 = CARTESIAN_POINT ( 'NONE',  ( 16.43980596082239742, -16.04409290684119682, 1.934544237560746893 ) ) ;
#2942 = VERTEX_POINT ( 'NONE', #134 ) ;
#2943 = B_SPLINE_CURVE_WITH_KNOTS ( 'NONE', 3,
 ( #2292, #4327, #4698, #1891 ),
 .UNSPECIFIED., .F., .F.,
 ( 4, 4 ),
 ( 0.002153593356136229101, 0.003167040486281943838 ),
 .UNSPECIFIED. ) ;
#2944 = CARTESIAN_POINT ( 'NONE',  ( 16.36522220129966954, -11.70746040001035659, 2.437141724680709221 ) ) ;
#2945 = CARTESIAN_POINT ( 'NONE',  ( 16.52909855446090504, -9.016479292807778378, 4.301796535128579180 ) ) ;
#2946 = CARTESIAN_POINT ( 'NONE',  ( 17.63428490998221321, -13.08397905717083809, 4.025367828719775609 ) ) ;
#2947 = EDGE_CURVE ( 'NONE', #2159, #1186, #1145, .T. ) ;
#2948 = CARTESIAN_POINT ( 'NONE',  ( 6.324998243141639165, -13.70848645446198866, 2.328222657778924898 ) ) ;
#2949 = CARTESIAN_POINT ( 'NONE',  ( 11.35603666368405840, 0.05072993341058804756, 2.336396103067891250 ) ) ;
#2950 = CARTESIAN_POINT ( 'NONE',  ( 17.65861351763837206, -15.99999999999999645, 2.999999999999997780 ) ) ;
#2951 = CARTESIAN_POINT ( 'NONE',  ( 10.71689910198640483, -0.4473002065721024545, 2.848045534172388482 ) ) ;
#2952 = CARTESIAN_POINT ( 'NONE',  ( 17.12552551285487823, -4.485199470713101988, 3.000000000000000444 ) ) ;
#2953 = CARTESIAN_POINT ( 'NONE',  ( 14.93012121352948363, -2.515124532745630415, 3.733417459522096138 ) ) ;
#2954 = ADVANCED_FACE ( 'NONE', ( #515 ), #2109, .T. ) ;
#2955 = CARTESIAN_POINT ( 'NONE',  ( 6.272686513140584452, -11.67891734461478670, 1.933526512426355426 ) ) ;
#2956 = DIRECTION ( 'NONE',  ( -0.000000000000000000, -1.000000000000000000, -0.000000000000000000 ) ) ;
#2957 = CARTESIAN_POINT ( 'NONE',  ( 17.47693397977934993, -9.410358682219733595, 2.928308080163918969 ) ) ;
#2958 = CARTESIAN_POINT ( 'NONE',  ( -6.129967210265984789, 5.674820170431093658, 2.000000000000000000 ) ) ;
#2959 = CARTESIAN_POINT ( 'NONE',  ( 15.58736651083490443, -10.52794050147458549, 4.490683922017885799 ) ) ;
#2960 = CARTESIAN_POINT ( 'NONE',  ( 12.43959573487546955, -1.381749194345647025, 4.490392969453929517 ) ) ;
#2961 = VERTEX_POINT ( 'NONE', #540 ) ;
#2962 = FACE_BOUND ( 'NONE', #4501, .T. ) ;
#2963 = CARTESIAN_POINT ( 'NONE',  ( 8.405514287170660737, -1.373664042876725722, 2.975039036606496712 ) ) ;
#2964 = CARTESIAN_POINT ( 'NONE',  ( 6.181421843993705423, -16.60056374088278375, 1.903939362693171100 ) ) ;
#2965 = CARTESIAN_POINT ( 'NONE',  ( 5.770830868061122665, -17.31854609747295370, 1.749213305844053767 ) ) ;
#2966 = EDGE_LOOP ( 'NONE', ( #3271, #5052, #341, #1418 ) ) ;
#2967 = ORIENTED_EDGE ( 'NONE', *, *, #3341, .T. ) ;
#2968 = CARTESIAN_POINT ( 'NONE',  ( 15.99289515254901595, -10.84412865374037516, 3.319362440501940625 ) ) ;
#2969 = CARTESIAN_POINT ( 'NONE',  ( 16.92527678999053364, -6.265411417479053391, 4.301543339920398168 ) ) ;
#2970 = CARTESIAN_POINT ( 'NONE',  ( 16.65290022768055422, -11.05849657558303711, 1.988396694095252215 ) ) ;
#2971 = CARTESIAN_POINT ( 'NONE',  ( 5.058578143575811481, -14.52298757920548589, 3.241020686891233460 ) ) ;
#2972 = CARTESIAN_POINT ( 'NONE',  ( 7.184321707633333887, -2.703285043949279931, 3.000000000000000444 ) ) ;
#2973 = CARTESIAN_POINT ( 'NONE',  ( 15.86223939193868304, -12.26242160767175626, 3.513397486660955416 ) ) ;
#2974 = CARTESIAN_POINT ( 'NONE',  ( 14.03231266248558740, -12.76306261748835702, 2.848112504458770733 ) ) ;
#2975 = CARTESIAN_POINT ( 'NONE',  ( 17.12552551285489599, -9.264800529286882025, 3.000000000000001332 ) ) ;
#2976 = CARTESIAN_POINT ( 'NONE',  ( 5.718630915149293337, -6.881074861010325172, 3.733523878853108879 ) ) ;
#2977 = CARTESIAN_POINT ( 'NONE',  ( 5.260091166547763208, -16.04409290684119327, 3.001051507304604904 ) ) ;
#2978 = CARTESIAN_POINT ( 'NONE',  ( 14.19723908265774170, -12.53239759162173783, 4.642128440376653842 ) ) ;
#2979 = SECURITY_CLASSIFICATION_LEVEL ( 'unclassified' ) ;
#2980 = LINE ( 'NONE', #4137, #3802 ) ;
#2981 = ADVANCED_FACE ( 'NONE', ( #1313 ), #2922, .F. ) ;
#2982 = CARTESIAN_POINT ( 'NONE',  ( 6.940261072098460104, -2.459224408414407481, 3.000000000000000444 ) ) ;
#2983 = DIRECTION ( 'NONE',  ( -0.000000000000000000, -0.000000000000000000, -1.000000000000000000 ) ) ;
#2984 = FACE_OUTER_BOUND ( 'NONE', #1490, .T. ) ;
#2985 = CARTESIAN_POINT ( 'NONE',  ( 12.97821236150000779, -1.516061778465948695, 4.490554830260310659 ) ) ;
#2986 = CIRCLE ( 'NONE', #2152, 1.000000000000000000 ) ;
#2987 = VERTEX_POINT ( 'NONE', #337 ) ;
#2988 = LINE ( 'NONE', #4194, #4859 ) ;
#2989 = CARTESIAN_POINT ( 'NONE',  ( 7.882512810919171997, -1.688496565328140298, 2.975011530054227471 ) ) ;
#2990 = CARTESIAN_POINT ( 'NONE',  ( 15.20736252334434191, -10.93765685483208649, 4.911791451984581336 ) ) ;
#2991 = CIRCLE ( 'NONE', #2325, 7.999999999999998224 ) ;
#2992 = VERTEX_POINT ( 'NONE', #4676 ) ;
#2993 = CIRCLE ( 'NONE', #3166, 2.000000000000000000 ) ;
#2994 = CARTESIAN_POINT ( 'NONE',  ( 17.45267685262944113, -16.03803348376700555, 3.001174957069008276 ) ) ;
#2995 = ORIENTED_EDGE ( 'NONE', *, *, #4892, .F. ) ;
#2996 = CARTESIAN_POINT ( 'NONE',  ( 16.28630483313020960, -10.92218226176255769, 2.903862090866700107 ) ) ;
#2997 = CARTESIAN_POINT ( 'NONE',  ( 16.20484742124793343, -10.36433003103530837, 3.231716617415669734 ) ) ;
#2998 = CC_DESIGN_APPROVAL ( #3698, ( #2751 ) ) ;
#2999 = AXIS2_PLACEMENT_3D ( 'NONE', #428, #97, #2018 ) ;
#3000 = CARTESIAN_POINT ( 'NONE',  ( 8.709308458504022354, -1.940980924121881390, 4.112576702837184683 ) ) ;
#3001 = CARTESIAN_POINT ( 'NONE',  ( 16.28185387036528553, -11.26185982591070633, 2.725092327430330919 ) ) ;
#3002 = B_SPLINE_CURVE_WITH_KNOTS ( 'NONE', 3,
 ( #3278, #847, #4790, #1222, #4015, #451, #1653, #3659, #4839, #2039 ),
 .UNSPECIFIED., .F., .F.,
 ( 4, 2, 2, 2, 4 ),
 ( 0.000000000000000000, 0.0004988513558958060151, 0.0009977027117916120302, 0.001496554067687417937, 0.001995405423583224060 ),
 .UNSPECIFIED. ) ;
#3003 = CARTESIAN_POINT ( 'NONE',  ( 6.534446418007228807, -10.83976224126207377, 2.975040292837954237 ) ) ;
#3004 = CARTESIAN_POINT ( 'NONE',  ( 4.872468373855127766, -6.875000000000009770, 2.823017215191993223 ) ) ;
#3005 = CARTESIAN_POINT ( 'NONE',  ( 16.41360106245559081, -14.21348375485089832, 2.175731162796769702 ) ) ;
#3006 = CARTESIAN_POINT ( 'NONE',  ( 16.72643141236822473, -10.46396003854627565, 2.848011771751566723 ) ) ;
#3007 = B_SPLINE_CURVE_WITH_KNOTS ( 'NONE', 3,
 ( #47, #3605, #1165, #1674, #3252, #2877, #2437, #815, #2806, #770, #426, #2457, #4832, #4762, #401, #4811, #2359, #4346, #1622, #3228 ),
 .UNSPECIFIED., .F., .F.,
 ( 4, 2, 2, 2, 2, 2, 2, 2, 2, 4 ),
 ( -5.999999996728615285E-08, 0.0002664167802833950307, 0.0005328935605667572874, 0.001065847121133482994, 0.001332323901416844871, 0.001598800681700206531, 0.001865277461983568408, 0.001998515852125248154, 0.002065135047196089112, 0.002131754242266930503 ),
 .UNSPECIFIED. ) ;
#3008 = CARTESIAN_POINT ( 'NONE',  ( 16.75020929215894228, -8.513689846848357945, 3.733418421457426195 ) ) ;
#3009 = CARTESIAN_POINT ( 'NONE',  ( 16.02794545517303249, -12.32465386008977859, 3.263175512253117638 ) ) ;
#3010 = CC_DESIGN_PERSON_AND_ORGANIZATION_ASSIGNMENT ( #4476, #217, ( #908 ) ) ;
#3011 = CARTESIAN_POINT ( 'NONE',  ( 8.110721603084424913, -12.30966141774354661, 4.506073769170346743 ) ) ;
#3012 = CARTESIAN_POINT ( 'NONE',  ( 17.05541798593249680, -9.914699812400506573, 2.848046710194209741 ) ) ;
#3013 = CARTESIAN_POINT ( 'NONE',  ( 17.27423471521801090, -6.100413934262822302, 2.999999999999999556 ) ) ;
#3014 = DIRECTION ( 'NONE',  ( 1.000000000000000000, 0.000000000000000000, 0.000000000000000000 ) ) ;
#3015 = CARTESIAN_POINT ( 'NONE',  ( 13.49315026456033273, -1.700115638907304660, 4.490825061047953426 ) ) ;
#3016 = ORIENTED_EDGE ( 'NONE', *, *, #3367, .T. ) ;
#3017 = EDGE_CURVE ( 'NONE', #2413, #1501, #3090, .T. ) ;
#3018 = LINE ( 'NONE', #4223, #1372 ) ;
#3019 = CARTESIAN_POINT ( 'NONE',  ( 8.705674561132855871, -0.4764598668211990629, 2.336396103067894359 ) ) ;
#3020 = CARTESIAN_POINT ( 'NONE',  ( 5.143865920720571694, -7.488736868053218032, 2.975039556686867037 ) ) ;
#3021 = CARTESIAN_POINT ( 'NONE',  ( 6.212601764623666867, -11.02360471212478465, 2.689433658873568334 ) ) ;
#3022 = FACE_OUTER_BOUND ( 'NONE', #3414, .T. ) ;
#3023 = ORIENTED_EDGE ( 'NONE', *, *, #3269, .T. ) ;
#3024 = CARTESIAN_POINT ( 'NONE',  ( 8.352123333526540350, -12.50197538501936556, 2.903862379685553829 ) ) ;
#3025 = ORIENTED_EDGE ( 'NONE', *, *, #4337, .T. ) ;
#3026 = EDGE_CURVE ( 'NONE', #3299, #2942, #1291, .T. ) ;
#3027 = CARTESIAN_POINT ( 'NONE',  ( 5.896472169642721362, -5.601877186508193773, 4.112431103771176488 ) ) ;
#3028 = CARTESIAN_POINT ( 'NONE',  ( 16.35394414260334628, -11.35853195168239971, 2.477700874741151971 ) ) ;
#3029 = CARTESIAN_POINT ( 'NONE',  ( 6.525871990574692916, -2.920566421001184576, 2.975039218618364067 ) ) ;
#3030 = CARTESIAN_POINT ( 'NONE',  ( 11.35603666368406017, -0.9753041307983892905, 2.999999999999999556 ) ) ;
#3031 = CARTESIAN_POINT ( 'NONE',  ( 17.53956169864078518, -15.41637795337150685, 3.041933691331824008 ) ) ;
#3032 = CARTESIAN_POINT ( 'NONE',  ( 13.44603666368407069, -16.00000000000000000, 1.733889651497854123 ) ) ;
#3033 = CARTESIAN_POINT ( 'NONE',  ( 6.529966437288091896, -3.654621176550577832, 3.328111755872878330 ) ) ;
#3034 = CARTESIAN_POINT ( 'NONE',  ( 6.499959596705211062, -11.52244064290066916, 2.899012194125333508 ) ) ;
#3035 = CARTESIAN_POINT ( 'NONE',  ( 8.844340080632598244, -11.87217649519903340, 5.086800425697000527 ) ) ;
#3036 = CARTESIAN_POINT ( 'NONE',  ( 16.35039645013880616, -2.778930316212801621, 2.848046139734449866 ) ) ;
#3037 = DIRECTION ( 'NONE',  ( -1.000000000000000000, 0.000000000000000000, -0.000000000000000000 ) ) ;
#3038 = CARTESIAN_POINT ( 'NONE',  ( 5.235139347588783743, -9.410358682219753135, 2.928308080163917637 ) ) ;
#3039 = DIRECTION ( 'NONE',  ( -0.000000000000000000, 0.000000000000000000, 1.000000000000000000 ) ) ;
#3040 = DIRECTION ( 'NONE',  ( 1.000000000000000000, 0.000000000000000000, 0.000000000000000000 ) ) ;
#3041 = CARTESIAN_POINT ( 'NONE',  ( 16.84820449285465216, -7.964088913778200052, 4.490392863715563010 ) ) ;
#3042 = VERTEX_POINT ( 'NONE', #4722 ) ;
#3043 = LINE ( 'NONE', #4939, #4630 ) ;
#3044 = FACE_OUTER_BOUND ( 'NONE', #4174, .T. ) ;
#3045 = CARTESIAN_POINT ( 'NONE',  ( 15.26926260421167392, -11.74370121567593017, 2.975035010911388778 ) ) ;
#3046 = CARTESIAN_POINT ( 'NONE',  ( 6.431441294451183843, -11.25940326648776590, 2.728847103513414307 ) ) ;
#3047 = CARTESIAN_POINT ( 'NONE',  ( 5.318640945195197034, -17.72263507335522803, 1.526302140755461778 ) ) ;
#3048 = EDGE_CURVE ( 'NONE', #873, #4894, #1002, .T. ) ;
#3049 = PRODUCT_DEFINITION_SHAPE ( 'NONE', 'NONE',  #3767 ) ;
#3050 = CARTESIAN_POINT ( 'NONE',  ( 6.056178992570200315, -10.42468556279695591, 2.903829017983309058 ) ) ;
#3051 = VERTEX_POINT ( 'NONE', #1578 ) ;
#3052 = ORIENTED_EDGE ( 'NONE', *, *, #2708, .T. ) ;
#3053 = CARTESIAN_POINT ( 'NONE',  ( 13.98693969196122566, -1.932613951364509752, 4.112583543481947324 ) ) ;
#3054 = CARTESIAN_POINT ( 'NONE',  ( 4.781721096172932839, -5.108201780574867179, 2.000000000000000444 ) ) ;
#3055 = EDGE_CURVE ( 'NONE', #3709, #1273, #2943, .T. ) ;
#3056 = DIRECTION ( 'NONE',  ( 0.000000000000000000, 0.000000000000000000, -1.000000000000000000 ) ) ;
#3057 = CARTESIAN_POINT ( 'NONE',  ( 16.20502731789969175, -14.70286930578021689, 3.577069934311612354 ) ) ;
#3058 = B_SPLINE_CURVE_WITH_KNOTS ( 'NONE', 3,
 ( #2132, #2026, #80, #1741 ),
 .UNSPECIFIED., .F., .F.,
 ( 4, 4 ),
 ( 0.000000000000000000, 1.000000000000000000 ),
 .UNSPECIFIED. ) ;
#3059 = CARTESIAN_POINT ( 'NONE',  ( 5.847432836591826444, -5.777474607685372021, 4.490736308594573067 ) ) ;
#3060 = CARTESIAN_POINT ( 'NONE',  ( 4.957496530505256516, -4.224637897448797474, 2.336396103067892138 ) ) ;
#3061 = CARTESIAN_POINT ( 'NONE',  ( 14.08205336724901180, -1.753217119307287186, 3.328139875408435699 ) ) ;
#3062 = DIRECTION ( 'NONE',  ( 0.000000000000000000, -0.000000000000000000, 1.000000000000000000 ) ) ;
#3063 = CARTESIAN_POINT ( 'NONE',  ( 6.050332427925277479, -3.334567138682907217, 2.903828743054560846 ) ) ;
#3064 = DIRECTION ( 'NONE',  ( 0.000000000000000000, 0.000000000000000000, -1.000000000000000000 ) ) ;
#3065 = DIRECTION ( 'NONE',  ( -0.000000000000000000, -1.000000000000000000, -0.000000000000000000 ) ) ;
#3066 = CARTESIAN_POINT ( 'NONE',  ( 6.698839431289306035, -3.767307112434557403, 4.301427479500552487 ) ) ;
#3067 = ORIENTED_EDGE ( 'NONE', *, *, #1148, .T. ) ;
#3068 = DIRECTION ( 'NONE',  ( 0.000000000000000000, -1.000000000000000000, 0.000000000000000000 ) ) ;
#3069 = DIRECTION ( 'NONE',  ( -1.000000000000000000, 0.000000000000000000, 0.000000000000000000 ) ) ;
#3070 = CARTESIAN_POINT ( 'NONE',  ( 5.113451623849582184, -6.881717593517511666, 2.975086136412043114 ) ) ;
#3071 = CARTESIAN_POINT ( 'NONE',  ( 6.219344068144814663, -10.76842700618717963, 2.850324212830362303 ) ) ;
#3072 = CARTESIAN_POINT ( 'NONE',  ( 5.191195901928984391, -16.02949257160061336, 3.000363334401897397 ) ) ;
#3073 = VERTEX_POINT ( 'NONE', #1169 ) ;
#3074 = CIRCLE ( 'NONE', #814, 1.000000000000000000 ) ;
#3075 = CARTESIAN_POINT ( 'NONE',  ( 8.176779508779073780, -13.06633263704785008, 4.542049678267367163 ) ) ;
#3076 = CARTESIAN_POINT ( 'NONE',  ( 13.16528038216792673, -0.9003122172803693646, 2.975039382391611475 ) ) ;
#3077 = ORIENTED_EDGE ( 'NONE', *, *, #1369, .F. ) ;
#3078 = CARTESIAN_POINT ( 'NONE',  ( 16.15706444160266742, -10.75175958905277440, 3.043495030602924256 ) ) ;
#3079 = ADVANCED_FACE ( 'NONE', ( #3487 ), #3851, .T. ) ;
#3080 = AXIS2_PLACEMENT_3D ( 'NONE', #2886, #2157, #2862 ) ;
#3081 = CARTESIAN_POINT ( 'NONE',  ( 16.52909460456209345, -9.016478252481906708, 4.112767952210364619 ) ) ;
#3082 = CARTESIAN_POINT ( 'NONE',  ( 16.23831789731609732, -11.12761686968398145, 2.852841636978390216 ) ) ;
#3083 = CARTESIAN_POINT ( 'NONE',  ( 5.233985065635535783, -8.095628301555251483, 2.975011319061937165 ) ) ;
#3084 = VECTOR ( 'NONE', #601, 1000.000000000000114 ) ;
#3085 = AXIS2_PLACEMENT_3D ( 'NONE', #4710, #2750, #3933 ) ;
#3086 = CARTESIAN_POINT ( 'NONE',  ( 17.10603666368405840, -6.122428044954602022, 2.999999999999999556 ) ) ;
#3087 = EDGE_CURVE ( 'NONE', #1710, #4408, #2734, .T. ) ;
#3088 = CARTESIAN_POINT ( 'NONE',  ( 17.69573415820541129, -14.08014555672103363, 3.395571711057804976 ) ) ;
#3089 = CARTESIAN_POINT ( 'NONE',  ( 8.234003997222014704, -2.205718455674959610, 4.490736308594573067 ) ) ;
#3090 = CIRCLE ( 'NONE', #580, 8.090000000000008740 ) ;
#3091 = CARTESIAN_POINT ( 'NONE',  ( 11.35925875978753652, -12.67722705761982205, 3.328183244144249819 ) ) ;
#3092 = CARTESIAN_POINT ( 'NONE',  ( 14.77131343897157478, -12.89395090881485473, 4.428545230400875887 ) ) ;
#3093 = CARTESIAN_POINT ( 'NONE',  ( 11.35211839623788954, -0.4960119094882905477, 2.903916003303678384 ) ) ;
#3094 = FACE_OUTER_BOUND ( 'NONE', #753, .T. ) ;
#3095 = CARTESIAN_POINT ( 'NONE',  ( 15.17875247074361589, -2.792257144687747772, 4.301720764110517514 ) ) ;
#3096 = ORIENTED_EDGE ( 'NONE', *, *, #2188, .F. ) ;
#3097 = CARTESIAN_POINT ( 'NONE',  ( 16.44603666368406891, -11.66816179572523637, 1.800701937449079137 ) ) ;
#3098 = DIRECTION ( 'NONE',  ( 7.264154555652879708E-15, -2.207353011954748922E-15, -1.000000000000000000 ) ) ;
#3099 = CARTESIAN_POINT ( 'NONE',  ( 16.00738423811645461, -2.519618415790116472, 2.903898105796067330 ) ) ;
#3100 = CARTESIAN_POINT ( 'NONE',  ( 6.359239910749189484, -11.35789975058409951, 2.482122765183260249 ) ) ;
#3101 = CARTESIAN_POINT ( 'NONE',  ( 6.817542126389850132, -10.48137929855405659, 3.467735837569629442 ) ) ;
#3102 = ORIENTED_EDGE ( 'NONE', *, *, #1209, .T. ) ;
#3103 = CARTESIAN_POINT ( 'NONE',  ( 7.485007882710331906, -12.55907367788112516, 4.152000024143603696 ) ) ;
#3104 = CARTESIAN_POINT ( 'NONE',  ( 11.98608907619423469, -13.22252942005719767, 2.903861701328137368 ) ) ;
#3105 = ORIENTED_EDGE ( 'NONE', *, *, #1473, .T. ) ;
#3106 = CARTESIAN_POINT ( 'NONE',  ( 7.506118497462190398, -10.93885497877423418, 4.912871071745749774 ) ) ;
#3107 = CARTESIAN_POINT ( 'NONE',  ( 13.05227480833683096, -12.25496139381168170, 3.733429425842986316 ) ) ;
#3108 = CARTESIAN_POINT ( 'NONE',  ( 16.49210057939373542, -10.77463204065733748, 2.848083732178385397 ) ) ;
#3109 = CARTESIAN_POINT ( 'NONE',  ( 17.12552551285489599, -9.264800529286882025, 3.000000000000001332 ) ) ;
#3110 = CARTESIAN_POINT ( 'NONE',  ( 17.28631487973076375, -12.88983461483837978, 4.579925075804278656 ) ) ;
#3111 = CARTESIAN_POINT ( 'NONE',  ( 11.35603666368406195, -6.875000000000007994, 6.000000000000000000 ) ) ;
#3112 = EDGE_CURVE ( 'NONE', #500, #4747, #1824, .T. ) ;
#3113 = CARTESIAN_POINT ( 'NONE',  ( 17.12729064142709134, -6.243774156809742237, 3.328134133532802075 ) ) ;
#3114 = DIRECTION ( 'NONE',  ( 0.5618962959026448933, -0.6070791590079294142, -0.5618962959026448933 ) ) ;
#3115 = CARTESIAN_POINT ( 'NONE',  ( 14.76848618341706754, -12.36855988988195065, 2.848002068588094016 ) ) ;
#3116 = CARTESIAN_POINT ( 'NONE',  ( 16.44603666368406891, -11.66816179572523637, 1.733889651497832363 ) ) ;
#3117 = ADVANCED_FACE ( 'NONE', ( #2340 ), #2621, .T. ) ;
#3118 = CARTESIAN_POINT ( 'NONE',  ( 12.97829089818015369, -1.516085432263138078, 4.301566467030905727 ) ) ;
#3119 = ORIENTED_EDGE ( 'NONE', *, *, #3669, .F. ) ;
#3120 = CARTESIAN_POINT ( 'NONE',  ( 14.97917232979283853, -11.13187537343656253, 5.086800426173084588 ) ) ;
#3121 = DIRECTION ( 'NONE',  ( 1.000000000000000000, 0.000000000000000000, 0.000000000000000000 ) ) ;
#3122 = CARTESIAN_POINT ( 'NONE',  ( 11.35957699118273112, -13.25417193027389828, 2.903916124660421261 ) ) ;
#3123 = DIRECTION ( 'NONE',  ( 0.000000000000000000, 0.000000000000000000, -1.000000000000000000 ) ) ;
#3124 = CARTESIAN_POINT ( 'NONE',  ( 6.852056564468605337, -10.22940020124092619, 3.962686212894158011 ) ) ;
#3125 = VERTEX_POINT ( 'NONE', #1651 ) ;
#3126 = CARTESIAN_POINT ( 'NONE',  ( 6.333691305312876274, -13.53787729255662420, 2.382109552821538578 ) ) ;
#3127 = CARTESIAN_POINT ( 'NONE',  ( -9.598187625335965478, 12.88322821025619547, 3.000000000000000000 ) ) ;
#3128 = ORIENTED_EDGE ( 'NONE', *, *, #5065, .F. ) ;
#3129 = CARTESIAN_POINT ( 'NONE',  ( 15.89991890394170504, -10.48308734030569234, 3.459985751786085917 ) ) ;
#3130 = CARTESIAN_POINT ( 'NONE',  ( 15.34491416542749143, -10.85864717486417774, 3.733523916149119604 ) ) ;
#3131 = CARTESIAN_POINT ( 'NONE',  ( 18.44603666368407247, -18.00000000000000355, 0.9999999999999986677 ) ) ;
#3132 = ORIENTED_EDGE ( 'NONE', *, *, #4173, .T. ) ;
#3133 = CARTESIAN_POINT ( 'NONE',  ( 5.269158479041861298, -5.455315605810099555, 2.975003138394333391 ) ) ;
#3134 = CARTESIAN_POINT ( 'NONE',  ( 13.89139534590380798, -0.7541026839047260122, 2.928308080163915417 ) ) ;
#3135 = CARTESIAN_POINT ( 'NONE',  ( 6.000142089947231305, -8.507018208491807343, 4.490560978880728804 ) ) ;
#3136 = CARTESIAN_POINT ( 'NONE',  ( 14.93901018270877579, -1.500613881328479948, 2.848011707148659699 ) ) ;
#3137 = CARTESIAN_POINT ( 'NONE',  ( 13.57068910669597273, -1.512403835736273461, 3.328183056750420921 ) ) ;
#3138 = FACE_OUTER_BOUND ( 'NONE', #1275, .T. ) ;
#3139 = CARTESIAN_POINT ( 'NONE',  ( 5.299176794184035089, -4.606598246363557081, 2.848112295034026076 ) ) ;
#3140 = ADVANCED_FACE ( 'NONE', ( #2440 ), #3276, .F. ) ;
#3141 = DIRECTION ( 'NONE',  ( -0.000000000000000000, 0.000000000000000000, 1.000000000000000000 ) ) ;
#3142 = CARTESIAN_POINT ( 'NONE',  ( 7.806036814360604481, -11.20485530886403325, 4.301567099451948373 ) ) ;
#3143 = TOROIDAL_SURFACE ( 'NONE', #640, 7.999999999999998224, 2.000000000000000000 ) ;
#3144 = EDGE_LOOP ( 'NONE', ( #1708, #4143, #5037, #2841 ) ) ;
#3145 = CARTESIAN_POINT ( 'NONE',  ( -19.22946106578817549, -18.00000000000000355, 0.000000000000000000 ) ) ;
#3146 = DIRECTION ( 'NONE',  ( 0.000000000000000000, 0.000000000000000000, 1.000000000000000000 ) ) ;
#3147 = EDGE_CURVE ( 'NONE', #2284, #3358, #50, .T. ) ;
#3148 = CARTESIAN_POINT ( 'NONE',  ( 5.464321367572773092, -9.319767871878969601, 2.903915904347228683 ) ) ;
#3149 = FACE_OUTER_BOUND ( 'NONE', #2342, .T. ) ;
#3150 = CARTESIAN_POINT ( 'NONE',  ( 16.90560460565714251, -17.27686600928158711, 1.763642249239769866 ) ) ;
#3151 = CARTESIAN_POINT ( 'NONE',  ( 4.999926315181882686, -17.35853741858572974, 2.467779302995658064 ) ) ;
#3152 = CARTESIAN_POINT ( 'NONE',  ( 16.48637230734292913, -16.47686019252560286, 1.919395913013412835 ) ) ;
#3153 = ORIENTED_EDGE ( 'NONE', *, *, #4495, .F. ) ;
#3154 = CARTESIAN_POINT ( 'NONE',  ( 16.49210331070691993, -10.77469373900432181, 2.848059090439862384 ) ) ;
#3155 = CARTESIAN_POINT ( 'NONE',  ( 16.01083424780986775, -10.24128919294086870, 3.565490829297789599 ) ) ;
#3156 = ORIENTED_EDGE ( 'NONE', *, *, #1740, .T. ) ;
#3157 = CARTESIAN_POINT ( 'NONE',  ( 16.04333952740696390, -10.00745878594881866, 3.733353326316868337 ) ) ;
#3158 = B_SPLINE_CURVE_WITH_KNOTS ( 'NONE', 3,
 ( #418, #2847, #3164, #3599 ),
 .UNSPECIFIED., .F., .F.,
 ( 4, 4 ),
 ( 0.000000000000000000, 1.000000000000000000 ),
 .UNSPECIFIED. ) ;
#3159 = CARTESIAN_POINT ( 'NONE',  ( 18.17142521271187050, -17.94262749218390240, 1.549222901944514952 ) ) ;
#3160 = AXIS2_PLACEMENT_3D ( 'NONE', #2793, #3594, #4334 ) ;
#3161 = CIRCLE ( 'NONE', #1563, 2.000000000000000000 ) ;
#3162 = CARTESIAN_POINT ( 'NONE',  ( 11.35603666368405840, -0.2497884862678283191, 2.928308080163916305 ) ) ;
#3163 = CARTESIAN_POINT ( 'NONE',  ( 15.43879405178959985, -3.052308395544536257, 4.490736517023729668 ) ) ;
#3164 = CARTESIAN_POINT ( 'NONE',  ( 16.51456002341575768, -11.23408898570967018, 1.976065848311383322 ) ) ;
#3165 = ORGANIZATION ( 'UNSPECIFIED', 'UNSPECIFIED', '' ) ;
#3166 = AXIS2_PLACEMENT_3D ( 'NONE', #3549, #1512, #708 ) ;
#3167 = CARTESIAN_POINT ( 'NONE',  ( 17.75457679686287094, -4.224637897448780599, 2.168198051533949400 ) ) ;
#3168 = CARTESIAN_POINT ( 'NONE',  ( 14.93901018270877579, -1.500613881328479948, 2.848011707148659699 ) ) ;
#3169 = AXIS2_PLACEMENT_3D ( 'NONE', #1996, #3966, #4814 ) ;
#3170 = CARTESIAN_POINT ( 'NONE',  ( 5.038485252213625643, -14.37641519628026110, 3.277347709803427822 ) ) ;
#3171 = CARTESIAN_POINT ( 'NONE',  ( 17.27423471521801090, -6.875000000000006217, 3.000000000000000000 ) ) ;
#3172 = CARTESIAN_POINT ( 'NONE',  ( 11.89751258009927604, -1.302413628080800745, 4.112582796874553637 ) ) ;
#3173 = ORIENTED_EDGE ( 'NONE', *, *, #994, .T. ) ;
#3174 = CARTESIAN_POINT ( 'NONE',  ( 16.44603666368406891, -11.66816179572523637, 1.733889651497832363 ) ) ;
#3175 = PERSON_AND_ORGANIZATION_ROLE ( 'creator' ) ;
#3176 = CARTESIAN_POINT ( 'NONE',  ( 6.420449136340154794, -2.834238148001791302, 2.903861411634592660 ) ) ;
#3177 = DIRECTION ( 'NONE',  ( -0.000000000000000000, -0.000000000000000000, -1.000000000000000000 ) ) ;
#3178 = CARTESIAN_POINT ( 'NONE',  ( 6.221574267721616813, -10.77046794652948059, 2.850731063440078206 ) ) ;
#3179 = CARTESIAN_POINT ( 'NONE',  ( 7.596000743345522999, -12.64066273083379244, 4.229653754183442693 ) ) ;
#3180 = ADVANCED_FACE ( 'NONE', ( #4837 ), #124, .T. ) ;
#3181 = CARTESIAN_POINT ( 'NONE',  ( -19.22946106578825010, 7.999999999999996447, 3.000000000000000000 ) ) ;
#3182 = EDGE_LOOP ( 'NONE', ( #2294, #4944, #4644, #4433, #4626, #3213, #4971, #3173, #2393 ) ) ;
#3183 = DIRECTION ( 'NONE',  ( 0.000000000000000000, -0.000000000000000000, 1.000000000000000000 ) ) ;
#3184 = CARTESIAN_POINT ( 'NONE',  ( 15.92476113592550213, -10.76720736266069522, 3.423845801867687388 ) ) ;
#3185 = CARTESIAN_POINT ( 'NONE',  ( 17.69378849593033465, -17.31886792874903236, 2.504496325922312305 ) ) ;
#3186 = CARTESIAN_POINT ( 'NONE',  ( 16.96363236748156567, -6.261493092892250090, 3.733406485704998445 ) ) ;
#3187 = EDGE_LOOP ( 'NONE', ( #1569, #4704, #4969, #204 ) ) ;
#3188 = EDGE_CURVE ( 'NONE', #222, #2284, #4012, .T. ) ;
#3189 = ORIENTED_EDGE ( 'NONE', *, *, #2215, .F. ) ;
#3190 = CARTESIAN_POINT ( 'NONE',  ( 18.03434474384797781, -6.875000000000006217, 2.707106781186548350 ) ) ;
#3191 = CARTESIAN_POINT ( 'NONE',  ( 6.698843041392189335, -3.767309289791684446, 4.490391540642666435 ) ) ;
#3192 = CARTESIAN_POINT ( 'NONE',  ( 5.036311781044959801, -17.27689580725372309, 2.540308832798893413 ) ) ;
#3193 = B_SPLINE_CURVE_WITH_KNOTS ( 'NONE', 3,
 ( #323, #2724, #354, #3529, #3170, #5088, #5113, #2354, #1957, #4341, #2679, #685, #788, #2381, #3959, #396, #1984, #711, #3579, #19, #297, #1305, #4459, #2047, #3239, #3337, #535, #4124 ),
 .UNSPECIFIED., .F., .F.,
 ( 4, 2, 2, 2, 2, 2, 2, 2, 2, 2, 2, 2, 2, 4 ),
 ( 0.0001231170647187705518, 0.001133293937841263910, 0.002143470810963757269, 0.002648559247525006551, 0.003153647684086255832, 0.003406191902366878521, 0.003658736120647501644, 0.003911280338928124767, 0.004163824557208747890, 0.004668912993769994135, 0.005174001430331238646, 0.006184178303453732872, 0.007194355176576225364, 0.008204532049698719590 ),
 .UNSPECIFIED. ) ;
#3194 = CARTESIAN_POINT ( 'NONE',  ( 16.25326726426534663, -1.977769399418725760, 2.168198051533944515 ) ) ;
#3195 = CARTESIAN_POINT ( 'NONE',  ( 17.59866756867659632, -6.876459634344183058, 2.975086166976379065 ) ) ;
#3196 = CARTESIAN_POINT ( 'NONE',  ( -10.27548389606760537, 2.266725329581253501, 2.000000000000000000 ) ) ;
#3197 =( BOUNDED_SURFACE ( )  B_SPLINE_SURFACE ( 3, 2, ( 
 ( #3677, #1289, #4473 ),
 ( #4500, #195, #3348 ),
 ( #1371, #4956, #3702 ),
 ( #2977, #4529, #3424 ) ),
 .UNSPECIFIED., .F., .F., .T. ) 
 B_SPLINE_SURFACE_WITH_KNOTS ( ( 4, 4 ),
 ( 3, 3 ),
 ( 0.000000000000000000, 2.205466493225677655E-05 ),
 ( 0.000000000000000000, 1.000000000000000000 ),
 .UNSPECIFIED. ) 
 GEOMETRIC_REPRESENTATION_ITEM ( )  RATIONAL_B_SPLINE_SURFACE ( (
 ( 1.000000000000000000, 0.6766877660635662872, 1.000000000000000000),
 ( 1.000000000000000000, 0.6770908757647140508, 1.000000000000000000),
 ( 1.000000000000000000, 0.6774870089809351681, 1.000000000000000000),
 ( 1.000000000000000000, 0.6778756493157844787, 1.000000000000000000) ) ) 
 REPRESENTATION_ITEM ( '' )  SURFACE ( )  );
#3198 = CARTESIAN_POINT ( 'NONE',  ( 16.05065892546568307, -11.03659166253680191, 3.223113547270498813 ) ) ;
#3199 = CARTESIAN_POINT ( 'NONE',  ( 11.35603666368405129, -12.77469586920162747, 3.000000000000000000 ) ) ;
#3200 = CARTESIAN_POINT ( 'NONE',  ( 7.031228535935899693, -10.43071535484128276, 4.112581801843249174 ) ) ;
#3201 = ORIENTED_EDGE ( 'NONE', *, *, #4310, .F. ) ;
#3202 = CARTESIAN_POINT ( 'NONE',  ( 32.77053893421177122, 7.999999999999923617, 3.000000000000000000 ) ) ;
#3203 = COORDINATED_UNIVERSAL_TIME_OFFSET ( 8, 0, .BEHIND. ) ;
#3204 = LINE ( 'NONE', #2017, #2667 ) ;
#3205 = CARTESIAN_POINT ( 'NONE',  ( 6.644633864594519324, -11.10338995901445891, 3.192752189751519865 ) ) ;
#3206 = FACE_OUTER_BOUND ( 'NONE', #4541, .T. ) ;
#3207 = CARTESIAN_POINT ( 'NONE',  ( 16.07144281997956625, -11.11944379772141112, 3.185524080162904337 ) ) ;
#3208 = ORIENTED_EDGE ( 'NONE', *, *, #2188, .T. ) ;
#3209 = CARTESIAN_POINT ( 'NONE',  ( 7.250645154022960170, -11.42592013281651475, 3.967931651753480171 ) ) ;
#3210 = CARTESIAN_POINT ( 'NONE',  ( 13.50786832548854122, -1.664505229039777046, 3.733523802563739391 ) ) ;
#3211 = EDGE_CURVE ( 'NONE', #4678, #4304, #1220, .T. ) ;
#3212 = CARTESIAN_POINT ( 'NONE',  ( 6.274631518934508989, -11.33170078294303984, 1.962696512880703903 ) ) ;
#3213 = ORIENTED_EDGE ( 'NONE', *, *, #4048, .T. ) ;
#3214 = CARTESIAN_POINT ( 'NONE',  ( 7.191531263821970832, -14.82457973741868251, 4.368716620015262286 ) ) ;
#3215 = ORIENTED_EDGE ( 'NONE', *, *, #1635, .T. ) ;
#3216 = CARTESIAN_POINT ( 'NONE',  ( 8.966236134397178148, -12.64448884917082694, 3.000000000000000888 ) ) ;
#3217 = CARTESIAN_POINT ( 'NONE',  ( 11.35258302195221169, -1.276041248264808470, 4.490825597322665175 ) ) ;
#3218 = EDGE_CURVE ( 'NONE', #3283, #3798, #2628, .T. ) ;
#3219 = CARTESIAN_POINT ( 'NONE',  ( 7.092353982574823412, -11.18145894007763452, 3.801522017722307467 ) ) ;
#3220 = VECTOR ( 'NONE', #3428, 1000.000000000000000 ) ;
#3221 = FACE_BOUND ( 'NONE', #4455, .T. ) ;
#3222 = CARTESIAN_POINT ( 'NONE',  ( 17.52051423996781310, -16.71728502618035961, 2.990173192986333994 ) ) ;
#3223 = ADVANCED_FACE ( 'NONE', ( #3206 ), #2486, .T. ) ;
#3224 = CARTESIAN_POINT ( 'NONE',  ( 13.61375252882028164, -1.424391738403245622, 3.000000000000000444 ) ) ;
#3225 = CARTESIAN_POINT ( 'NONE',  ( 16.92528704393173911, -6.265503990398015866, 4.112559022484889582 ) ) ;
#3226 = VERTEX_POINT ( 'NONE', #2391 ) ;
#3227 = CARTESIAN_POINT ( 'NONE',  ( 13.74456048019947474, -12.73795489170614026, 4.722685843113728410 ) ) ;
#3228 = CARTESIAN_POINT ( 'NONE',  ( 6.219966669302185558, -10.77469508357686934, 2.848059096256063238 ) ) ;
#3229 = DIRECTION ( 'NONE',  ( 0.000000000000000000, 0.000000000000000000, 1.000000000000000000 ) ) ;
#3230 = CARTESIAN_POINT ( 'NONE',  ( 6.759222864621355242, -10.50572646149869982, 3.382491356569024443 ) ) ;
#3231 = CARTESIAN_POINT ( 'NONE',  ( 7.124710999716744375, -10.52794533792805431, 4.490683842500607703 ) ) ;
#3232 = ORIENTED_EDGE ( 'NONE', *, *, #2569, .F. ) ;
#3233 = CARTESIAN_POINT ( 'NONE',  ( 15.68576410982776004, -10.41063062145531504, 4.357928650362114631 ) ) ;
#3234 = CARTESIAN_POINT ( 'NONE',  ( 9.135717612823974321, -12.23556502819546665, 3.328183241534909076 ) ) ;
#3235 = CARTESIAN_POINT ( 'NONE',  ( 17.45198216082036069, -16.04409290684119327, 3.001051507304604016 ) ) ;
#3236 = ORIENTED_EDGE ( 'NONE', *, *, #1209, .F. ) ;
#3237 = CARTESIAN_POINT ( 'NONE',  ( 6.433412574452189503, -12.86507653411956831, 2.722914614581194215 ) ) ;
#3238 = ORIENTED_EDGE ( 'NONE', *, *, #1174, .T. ) ;
#3239 = CARTESIAN_POINT ( 'NONE',  ( 7.713180017172073022, -14.12373843178239596, 5.691008794873106957 ) ) ;
#3240 = ORIENTED_EDGE ( 'NONE', *, *, #1955, .T. ) ;
#3241 = CARTESIAN_POINT ( 'NONE',  ( 14.00639876623527691, -0.4764598668211998400, 2.000000000000000444 ) ) ;
#3242 = CARTESIAN_POINT ( 'NONE',  ( 10.25549638392966934, -1.385262455604630016, 4.490393562979452469 ) ) ;
#3243 = CARTESIAN_POINT ( 'NONE',  ( 17.71214701218624299, -17.35853741858572974, 2.467779302995659840 ) ) ;
#3244 = CARTESIAN_POINT ( 'NONE',  ( 8.705674561132854095, -13.27354013317881787, 2.168198051533944959 ) ) ;
#3245 = AXIS2_PLACEMENT_3D ( 'NONE', #2625, #4197, #4571 ) ;
#3246 = ADVANCED_FACE ( 'NONE', ( #98 ), #2036, .T. ) ;
#3247 = FACE_BOUND ( 'NONE', #799, .T. ) ;
#3248 = CARTESIAN_POINT ( 'NONE',  ( 15.45133446763735563, -1.879835540323675058, 2.848045877948516935 ) ) ;
#3249 = CARTESIAN_POINT ( 'NONE',  ( 13.61375252882030118, -12.32560826159676282, 3.000000000000000000 ) ) ;
#3250 = CARTESIAN_POINT ( 'NONE',  ( 14.86549975278090230, -11.24210902495091169, 4.112560356602905642 ) ) ;
#3251 = CARTESIAN_POINT ( 'NONE',  ( 14.97358313336532021, -12.01642425090844668, 4.319103396677870244 ) ) ;
#3252 = CARTESIAN_POINT ( 'NONE',  ( 6.928519486379002501, -10.29769494138994013, 4.163961598482257109 ) ) ;
#3253 = CARTESIAN_POINT ( 'NONE',  ( 16.80664492528083898, -9.132715865136209032, 3.000000000000000888 ) ) ;
#3254 = CARTESIAN_POINT ( 'NONE',  ( 6.342257534908891436, -10.53352951514188796, 3.015633639040379510 ) ) ;
#3255 = CARTESIAN_POINT ( 'NONE',  ( 5.242745724500411875, -4.342791982257582006, 2.848083732178382288 ) ) ;
#3256 = ORIENTED_EDGE ( 'NONE', *, *, #520, .T. ) ;
#3257 = CARTESIAN_POINT ( 'NONE',  ( 15.66425994549437739, -11.11266157062540749, 3.754693664615209592 ) ) ;
#3258 = CARTESIAN_POINT ( 'NONE',  ( 5.698549648721113137, -5.555524905522362111, 3.328104189846147865 ) ) ;
#3259 = CARTESIAN_POINT ( 'NONE',  ( 5.109085355168092590, -17.07443572231937168, 2.690032957235196420 ) ) ;
#3260 = ORIENTED_EDGE ( 'NONE', *, *, #655, .F. ) ;
#3261 = CARTESIAN_POINT ( 'NONE',  ( 6.633221685479008478, -12.37495926020626591, 3.173375058474802834 ) ) ;
#3262 = CARTESIAN_POINT ( 'NONE',  ( 4.957496530505256516, -4.224637897448797474, 2.000000000000000444 ) ) ;
#3263 = CARTESIAN_POINT ( 'NONE',  ( 7.392498353430138280, -2.920198680010416048, 4.301797416621908177 ) ) ;
#3264 = CARTESIAN_POINT ( 'NONE',  ( 17.70960839084579774, -13.46825237220927285, 3.702731952461848497 ) ) ;
#3265 = CARTESIAN_POINT ( 'NONE',  ( 6.266036663684054098, -11.66816179572523637, 1.733889651497832363 ) ) ;
#3266 = CARTESIAN_POINT ( 'NONE',  ( 8.705674561132855871, -0.4764598668211989518, 1.999999999999999556 ) ) ;
#3267 = CARTESIAN_POINT ( 'NONE',  ( -9.074569634029492349, 9.348806768937508949, 2.000000000000000000 ) ) ;
#3268 = CARTESIAN_POINT ( 'NONE',  ( 6.846294577184590224, -11.38647564699701320, 2.903915991998379020 ) ) ;
#3269 = EDGE_CURVE ( 'NONE', #4280, #3924, #342, .T. ) ;
#3270 = CARTESIAN_POINT ( 'NONE',  ( 13.49315219793808041, -1.700125170360033300, 4.112767913080906723 ) ) ;
#3271 = ORIENTED_EDGE ( 'NONE', *, *, #2728, .T. ) ;
#3272 = DIRECTION ( 'NONE',  ( -0.000000000000000000, -0.000000000000000000, -1.000000000000000000 ) ) ;
#3273 = EDGE_CURVE ( 'NONE', #3125, #454, #573, .T. ) ;
#3274 = CARTESIAN_POINT ( 'NONE',  ( 13.67979486089563501, -12.48504855538378600, 3.000000000000002220 ) ) ;
#3275 = CARTESIAN_POINT ( 'NONE',  ( 17.80511925378635496, -6.875000000000359712, 2.848083732069691898 ) ) ;
#3276 = CYLINDRICAL_SURFACE ( 'NONE', #3169, 1.249999999999997558 ) ;
#3277 = EDGE_LOOP ( 'NONE', ( #1460, #3475, #2766, #2436 ) ) ;
#3278 = CARTESIAN_POINT ( 'NONE',  ( 7.630075477683619489, -11.89339154041990554, 4.248572732504296567 ) ) ;
#3279 = CARTESIAN_POINT ( 'NONE',  ( 15.84231592982376213, -3.195793320204903143, 3.328138915365178807 ) ) ;
#3280 = CARTESIAN_POINT ( 'NONE',  ( 5.252523568353468342, -16.27498423666446570, 2.985608893904512229 ) ) ;
#3281 = VERTEX_POINT ( 'NONE', #1625 ) ;
#3282 = CARTESIAN_POINT ( 'NONE',  ( 5.015987002194823852, -13.34836056367223023, 3.789442200309484310 ) ) ;
#3283 = VERTEX_POINT ( 'NONE', #3231 ) ;
#3284 = DIRECTION ( 'NONE',  ( 0.000000000000000000, -0.000000000000000000, 1.000000000000000000 ) ) ;
#3285 = ORIENTED_EDGE ( 'NONE', *, *, #3306, .F. ) ;
#3286 = CARTESIAN_POINT ( 'NONE',  ( 17.75457679686287094, -4.224637897448780599, 2.336396103067896579 ) ) ;
#3287 = CARTESIAN_POINT ( 'NONE',  ( 14.31434992347920065, -11.63688123750960912, 4.301389153432278789 ) ) ;
#3288 = CARTESIAN_POINT ( 'NONE',  ( 17.71348067273887494, -13.76118920428638326, 3.537157303289887089 ) ) ;
#3289 = CARTESIAN_POINT ( 'NONE',  ( 14.00639876623529823, -13.27354013317880366, 2.168198051533947179 ) ) ;
#3290 = CARTESIAN_POINT ( 'NONE',  ( 15.76550756381385909, -13.71190730023270454, 5.487928055909023328 ) ) ;
#3291 = CARTESIAN_POINT ( 'NONE',  ( 15.91622670270935025, -2.314809960974728131, 2.848083732178380068 ) ) ;
#3292 = CARTESIAN_POINT ( 'NONE',  ( 17.27423471521801090, -6.100413934262822302, 2.999999999999999556 ) ) ;
#3293 = CARTESIAN_POINT ( 'NONE',  ( 9.198695417921767259, -12.08351948792353348, 3.733524245705938771 ) ) ;
#3294 = CARTESIAN_POINT ( 'NONE',  ( 16.43980596082239742, -16.04409290684118972, 1.934544237560747115 ) ) ;
#3295 = EDGE_CURVE ( 'NONE', #1197, #4592, #4233, .T. ) ;
#3296 = CARTESIAN_POINT ( 'NONE',  ( 5.283763864075038619, -6.875000000000009770, 3.000000000000000000 ) ) ;
#3297 = CARTESIAN_POINT ( 'NONE',  ( 16.82667229860251723, -8.201832315890831282, 4.490736308594573067 ) ) ;
#3298 = CARTESIAN_POINT ( 'NONE',  ( 15.30876357051687542, -2.922273093167195857, 4.490736308594572179 ) ) ;
#3299 = VERTEX_POINT ( 'NONE', #4036 ) ;
#3300 = ADVANCED_FACE ( 'NONE', ( #2097 ), #2871, .T. ) ;
#3301 = CARTESIAN_POINT ( 'NONE',  ( 15.78270652181872791, -10.29933266531539005, 4.164883410116043017 ) ) ;
#3302 = CARTESIAN_POINT ( 'NONE',  ( 14.99306055286420225, -11.40024161631802535, 3.328134445896838045 ) ) ;
#3303 = CARTESIAN_POINT ( 'NONE',  ( 5.901118683929154507, -17.15670823150237112, 1.801223992906636706 ) ) ;
#3304 = CARTESIAN_POINT ( 'NONE',  ( 4.998192091181461016, -13.66389473505722840, 3.589088682794614016 ) ) ;
#3305 = ORIENTED_EDGE ( 'NONE', *, *, #1148, .F. ) ;
#3306 = EDGE_CURVE ( 'NONE', #2649, #3664, #2056, .T. ) ;
#3307 = FACE_OUTER_BOUND ( 'NONE', #3182, .T. ) ;
#3308 = ORIENTED_EDGE ( 'NONE', *, *, #4365, .T. ) ;
#3309 = CARTESIAN_POINT ( 'NONE',  ( 8.705674561132855871, -0.4764598668211989518, 2.168198051533947623 ) ) ;
#3310 = CARTESIAN_POINT ( 'NONE',  ( 10.26730260432717223, -12.36694596814348834, 4.301429572477499796 ) ) ;
#3311 = DIRECTION ( 'NONE',  ( -1.000000000000000000, 0.000000000000000000, 7.155734338404322954E-15 ) ) ;
#3312 = CARTESIAN_POINT ( 'NONE',  ( 4.957496530505256516, -4.224637897448797474, 2.000000000000000444 ) ) ;
#3313 = DIRECTION ( 'NONE',  ( 1.224646799147353207E-16, 1.000000000000000000, -0.000000000000000000 ) ) ;
#3314 = CARTESIAN_POINT ( 'NONE',  ( 16.25326726426532886, -11.77223060058130599, 2.168198051533944959 ) ) ;
#3315 = CARTESIAN_POINT ( 'NONE',  ( 17.65861351763837561, -17.23981299698584024, 2.569351373180966736 ) ) ;
#3316 = CARTESIAN_POINT ( 'NONE',  ( 5.621330648757733250, -3.893803329294230231, 2.848052617635987716 ) ) ;
#3317 = CIRCLE ( 'NONE', #4220, 7.999999999999998224 ) ;
#3318 = CARTESIAN_POINT ( 'NONE',  ( 17.47693397977934993, -9.410358682219733595, 2.928308080163918969 ) ) ;
#3319 = CARTESIAN_POINT ( 'NONE',  ( 6.351057878884060592, -4.272790092251455896, 3.733430147957386147 ) ) ;
#3320 = ORIENTED_EDGE ( 'NONE', *, *, #3840, .T. ) ;
#3321 = DIRECTION ( 'NONE',  ( 0.1465486610894621566, -0.9892034623538707994, 0.000000000000000000 ) ) ;
#3322 = VECTOR ( 'NONE', #1310, 1000.000000000000000 ) ;
#3323 = DIRECTION ( 'NONE',  ( 0.6873620473301857992, -0.7263149563998083647, 0.000000000000000000 ) ) ;
#3324 = CARTESIAN_POINT ( 'NONE',  ( 16.65237636643154673, -11.05940467144894335, 2.000000000000000000 ) ) ;
#3325 = CARTESIAN_POINT ( 'NONE',  ( 17.65861351763735598, -17.23368333322540380, 2.574174524416480647 ) ) ;
#3326 = AXIS2_PLACEMENT_3D ( 'NONE', #48, #1994, #2709 ) ;
#3327 = CARTESIAN_POINT ( 'NONE',  ( 6.698843041392189335, -3.767309289791684446, 4.490391540642666435 ) ) ;
#3328 = AXIS2_PLACEMENT_3D ( 'NONE', #1797, #4851, #189 ) ;
#3329 = ORIENTED_EDGE ( 'NONE', *, *, #4333, .F. ) ;
#3330 = CARTESIAN_POINT ( 'NONE',  ( 15.63792376270789575, -10.46937614314550302, 4.428000477681074187 ) ) ;
#3331 = CARTESIAN_POINT ( 'NONE',  ( 11.35246995364811440, -1.072939756464957650, 3.328183144945378924 ) ) ;
#3332 = AXIS2_PLACEMENT_3D ( 'NONE', #1244, #4424, #867 ) ;
#3333 = CARTESIAN_POINT ( 'NONE',  ( 6.163171221657020915, -11.08127546991681456, 2.534865017972260048 ) ) ;
#3334 = CARTESIAN_POINT ( 'NONE',  ( 16.43930290218502321, -16.01469904933957267, 1.934780781120095217 ) ) ;
#3335 = ADVANCED_FACE ( 'NONE', ( #18 ), #2418, .T. ) ;
#3336 = ORIENTED_EDGE ( 'NONE', *, *, #3748, .T. ) ;
#3337 = CARTESIAN_POINT ( 'NONE',  ( 8.329779309563452472, -14.39373786258879662, 5.777771103508065664 ) ) ;
#3338 = CARTESIAN_POINT ( 'NONE',  ( 14.00639876623527691, -0.4764598668212000065, 2.168198051533946291 ) ) ;
#3339 = CARTESIAN_POINT ( 'NONE',  ( 6.698839431289306035, -3.767307112434557403, 4.301427479500552487 ) ) ;
#3340 = CARTESIAN_POINT ( 'NONE',  ( 15.45995549038348571, -11.42820469591704402, 3.969490523374802571 ) ) ;
#3341 = EDGE_CURVE ( 'NONE', #1273, #1786, #4544, .T. ) ;
#3342 = CARTESIAN_POINT ( 'NONE',  ( 6.345667112939567645, -16.02825977185799999, 3.020161712009262533 ) ) ;
#3343 = CARTESIAN_POINT ( 'NONE',  ( 4.957496530505256516, -4.224637897448797474, 2.000000000000000444 ) ) ;
#3344 = CARTESIAN_POINT ( 'NONE',  ( 15.82116899636211116, -12.26318066614614288, 3.567841673215838227 ) ) ;
#3345 = CARTESIAN_POINT ( 'NONE',  ( 10.72353308014598028, -13.30320065400600527, 2.848046337674948081 ) ) ;
#3346 = CARTESIAN_POINT ( 'NONE',  ( 13.74583719297097950, -12.64448884917081628, 3.000000000000003553 ) ) ;
#3347 = CARTESIAN_POINT ( 'NONE',  ( 11.91314242252755840, -12.48487681587062070, 3.733417397882218047 ) ) ;
#3348 = CARTESIAN_POINT ( 'NONE',  ( 6.272770425183099796, -16.01469904933956911, 1.934780781120091664 ) ) ;
#3349 = COORDINATED_UNIVERSAL_TIME_OFFSET ( 8, 0, .BEHIND. ) ;
#3350 = CARTESIAN_POINT ( 'NONE',  ( 16.04076865183927580, -2.190268011844798135, 2.928308080163914973 ) ) ;
#3351 = CARTESIAN_POINT ( 'NONE',  ( 11.35603666368406195, -6.875000000000007994, 4.733889651497853457 ) ) ;
#3352 = CARTESIAN_POINT ( 'NONE',  ( 1.734723475976807094E-14, 12.88322821025619547, 3.000000000000000000 ) ) ;
#3353 = CARTESIAN_POINT ( 'NONE',  ( 10.80141561355173252, -1.303416155951254707, 4.490553841503152732 ) ) ;
#3354 = ORIENTED_EDGE ( 'NONE', *, *, #4399, .T. ) ;
#3355 = CARTESIAN_POINT ( 'NONE',  ( -12.47128208403741745, -3.479834018071063628, 3.000000000000000000 ) ) ;
#3356 = CARTESIAN_POINT ( 'NONE',  ( 5.233985065635535783, -8.095628301555251483, 2.975011319061937165 ) ) ;
#3357 = CARTESIAN_POINT ( 'NONE',  ( 6.226744045390782745, -10.85378221820063160, 2.816613350920136316 ) ) ;
#3358 = VERTEX_POINT ( 'NONE', #2408 ) ;
#3359 = CARTESIAN_POINT ( 'NONE',  ( 17.45344701832557632, -16.03196276636942130, 3.001308368857258380 ) ) ;
#3360 = VERTEX_POINT ( 'NONE', #375 ) ;
#3361 = CARTESIAN_POINT ( 'NONE',  ( 16.05037905791476405, -11.02965729027097019, 3.223145919570689522 ) ) ;
#3362 = ADVANCED_FACE ( 'NONE', ( #4340 ), #3680, .T. ) ;
#3363 = CARTESIAN_POINT ( 'NONE',  ( 7.031175915966306533, -10.43065141169851806, 4.301570945459248563 ) ) ;
#3364 = CARTESIAN_POINT ( 'NONE',  ( 17.63351352793616655, -14.70463790861558628, 3.182017446716544296 ) ) ;
#3365 = FACE_OUTER_BOUND ( 'NONE', #776, .T. ) ;
#3366 = CARTESIAN_POINT ( 'NONE',  ( 16.25326726426534663, -1.977769399418725760, 1.999999999999999112 ) ) ;
#3367 = EDGE_CURVE ( 'NONE', #4232, #156, #4155, .T. ) ;
#3368 = CARTESIAN_POINT ( 'NONE',  ( 14.97950658837053695, -14.31741035614613899, 4.377660647089028245 ) ) ;
#3369 = CARTESIAN_POINT ( 'NONE',  ( 11.98019239448924900, -0.4461554926862376091, 2.848047140437272251 ) ) ;
#3370 = CARTESIAN_POINT ( 'NONE',  ( 5.283763864075038619, -6.875000000000009770, 3.000000000000000000 ) ) ;
#3371 = CARTESIAN_POINT ( 'NONE',  ( 14.88979489441334003, -11.27204552923189240, 3.733407234818233889 ) ) ;
#3372 = CARTESIAN_POINT ( 'NONE',  ( -9.598187625335965478, 12.88322821025619547, 3.000000000000000000 ) ) ;
#3373 = CARTESIAN_POINT ( 'NONE',  ( 17.67576154632341101, -17.27689580725323282, 2.540308832799151872 ) ) ;
#3374 = CARTESIAN_POINT ( 'NONE',  ( 5.025455586252783213, -4.252787460025492017, 2.707106781186548350 ) ) ;
#3375 = CARTESIAN_POINT ( 'NONE',  ( 6.266036663684054098, -16.00000000000000000, 0.000000000000000000 ) ) ;
#3376 = CARTESIAN_POINT ( 'NONE',  ( -24.22946106578824654, -1.734723475976807094E-15, 0.000000000000000000 ) ) ;
#3377 = CARTESIAN_POINT ( 'NONE',  ( 6.105942110277886137, -4.909160938748412306, 4.490872725930714182 ) ) ;
#3378 = ORIENTED_EDGE ( 'NONE', *, *, #2633, .F. ) ;
#3379 = AXIS2_PLACEMENT_3D ( 'NONE', #2769, #2021, #1223 ) ;
#3380 =( BOUNDED_SURFACE ( )  B_SPLINE_SURFACE ( 3, 2, ( 
 ( #4519, #2549, #2970 ),
 ( #568, #2166, #3752 ),
 ( #1363, #978, #263 ),
 ( #3388, #3904, #622 ),
 ( #4656, #4284, #1818 ),
 ( #3468, #1843, #1390 ),
 ( #4578, #3028, #1102 ),
 ( #4629, #4259, #314 ),
 ( #2607, #3001, #1005 ),
 ( #4947, #3082, #2634 ),
 ( #1056, #647, #701 ),
 ( #2717, #1503, #3108 ) ),
 .UNSPECIFIED., .F., .F., .F. ) 
 B_SPLINE_SURFACE_WITH_KNOTS ( ( 4, 2, 2, 2, 2, 4 ),
 ( 3, 3 ),
 ( -1.157005392593246302E-05, 0.0002307985919120828194, 0.0004731672377500981239, 0.0009579045294261286786, 0.001442641821102159288, 0.001927379112778189896 ),
 ( 0.000000000000000000, 1.000000000000000000 ),
 .UNSPECIFIED. ) 
 GEOMETRIC_REPRESENTATION_ITEM ( )  RATIONAL_B_SPLINE_SURFACE ( (
 ( 1.000000000000000000, 0.9443094929615530875, 1.000000000000000000),
 ( 1.000000000000000000, 0.9438169016558033420, 1.000000000000000000),
 ( 1.000000000000000000, 0.9437306550145354578, 1.000000000000000000),
 ( 1.000000000000000000, 0.9439753565696373805, 1.000000000000000000),
 ( 1.000000000000000000, 0.9443072866219370809, 1.000000000000000000),
 ( 1.000000000000000000, 0.9457022090931653802, 1.000000000000000000),
 ( 1.000000000000000000, 0.9472481343875956972, 1.000000000000000000),
 ( 1.000000000000000000, 0.9502153739616124861, 1.000000000000000000),
 ( 1.000000000000000000, 0.9515981913666267111, 1.000000000000000000),
 ( 1.000000000000000000, 0.9517116256752657932, 1.000000000000000000),
 ( 1.000000000000000000, 0.9503980460537932995, 1.000000000000000000),
 ( 1.000000000000000000, 0.9474034567188007738, 1.000000000000000000) ) ) 
 REPRESENTATION_ITEM ( '' )  SURFACE ( )  );
#3381 = CARTESIAN_POINT ( 'NONE',  ( -19.22946106578817549, -16.00000000000000000, 3.000000000000000000 ) ) ;
#3382 = CARTESIAN_POINT ( 'NONE',  ( 17.59866756867659632, -6.876459634344183058, 2.975086166976379065 ) ) ;
#3383 = CARTESIAN_POINT ( 'NONE',  ( 6.194626840083564900, -11.05477120344610142, 2.633822641048042090 ) ) ;
#3384 = ORIENTED_EDGE ( 'NONE', *, *, #35, .F. ) ;
#3385 = CARTESIAN_POINT ( 'NONE',  ( 8.180634540548537004, -14.33595639061048921, 5.765453931144347344 ) ) ;
#3386 = ORIENTED_EDGE ( 'NONE', *, *, #3616, .F. ) ;
#3387 = CARTESIAN_POINT ( 'NONE',  ( 7.031228535935899693, -10.43071535484128276, 4.112581801843249174 ) ) ;
#3388 = CARTESIAN_POINT ( 'NONE',  ( 16.41531814352546093, -11.70585585810060891, 2.166376056956480056 ) ) ;
#3389 = CARTESIAN_POINT ( 'NONE',  ( -19.22946106578825010, 7.999999999999996447, 3.000000000000000000 ) ) ;
#3390 = CARTESIAN_POINT ( 'NONE',  ( 15.70307980854498098, -14.42004452078132815, 4.368465256394494567 ) ) ;
#3391 = CARTESIAN_POINT ( 'NONE',  ( 16.06607036645959496, -2.464659090289582632, 2.848083775809369111 ) ) ;
#3392 = CARTESIAN_POINT ( 'NONE',  ( 11.35603666368405662, -0.8027272003909834419, 2.999999999999999556 ) ) ;
#3393 = EDGE_CURVE ( 'NONE', #869, #1204, #3317, .T. ) ;
#3394 = CARTESIAN_POINT ( 'NONE',  ( 9.195987156753643532, -1.667595102774730220, 3.733524253573764273 ) ) ;
#3395 = CARTESIAN_POINT ( 'NONE',  ( 16.43888195977152122, -15.68498538126107000, 1.941048320602068999 ) ) ;
#3396 = CARTESIAN_POINT ( 'NONE',  ( 22.44603666368407247, -6.875000000000007994, 3.000000000000000000 ) ) ;
#3397 = CARTESIAN_POINT ( 'NONE',  ( 17.69364983683447079, -17.31856830065968467, 2.504773653699186475 ) ) ;
#3398 = CARTESIAN_POINT ( 'NONE',  ( 5.235139347588783743, -4.339641317780265517, 2.928308080163918525 ) ) ;
#3399 = DIRECTION ( 'NONE',  ( -7.635014092848299684E-16, 1.000000000000000000, 0.000000000000000000 ) ) ;
#3400 = CARTESIAN_POINT ( 'NONE',  ( -19.22946106578825010, -8.000000000000003553, 0.000000000000000000 ) ) ;
#3401 = ADVANCED_FACE ( 'NONE', ( #543 ), #2909, .T. ) ;
#3402 = CARTESIAN_POINT ( 'NONE',  ( 9.736253701409056660, -12.23467477049200980, 4.490554403245021753 ) ) ;
#3403 = VECTOR ( 'NONE', #4170, 1000.000000000000000 ) ;
#3404 = ORIENTED_EDGE ( 'NONE', *, *, #4369, .T. ) ;
#3405 = CARTESIAN_POINT ( 'NONE',  ( 16.49210331070691993, -10.77469373900432181, 2.848059090439862384 ) ) ;
#3406 = CARTESIAN_POINT ( 'NONE',  ( 8.416279123952667973, -12.38176668453370333, 2.975040051764123561 ) ) ;
#3407 = CARTESIAN_POINT ( 'NONE',  ( 6.475341693219729855, -11.12132849658616074, 2.857315546355091662 ) ) ;
#3408 = AXIS2_PLACEMENT_3D ( 'NONE', #2684, #1541, #3146 ) ;
#3409 = VERTEX_POINT ( 'NONE', #4800 ) ;
#3410 = CIRCLE ( 'NONE', #10, 0.9999999999999987788 ) ;
#3411 = CARTESIAN_POINT ( 'NONE',  ( 5.806468721711500081, -17.27686600928184291, 1.763642249238092763 ) ) ;
#3412 = VERTEX_POINT ( 'NONE', #783 ) ;
#3413 = CARTESIAN_POINT ( 'NONE',  ( 16.00738423811645461, -2.519618415790116472, 2.903898105796067330 ) ) ;
#3414 = EDGE_LOOP ( 'NONE', ( #4480, #790, #1051 ) ) ;
#3415 = AXIS2_PLACEMENT_3D ( 'NONE', #3694, #1715, #2524 ) ;
#3416 = CARTESIAN_POINT ( 'NONE',  ( 12.44938138454944543, -12.36605753868145285, 4.112463446057801342 ) ) ;
#3417 = CARTESIAN_POINT ( 'NONE',  ( 17.25409478507529926, -3.475571882496434117, 1.999999999999999112 ) ) ;
#3418 = CARTESIAN_POINT ( 'NONE',  ( 6.163650199286598408, -3.410182769434235261, 2.975011099411011273 ) ) ;
#3419 = CARTESIAN_POINT ( 'NONE',  ( 13.61375252882028164, -1.424391738403245622, 3.000000000000000444 ) ) ;
#3420 = CARTESIAN_POINT ( 'NONE',  ( 16.28722086117057088, -15.05006217524658929, 3.349372453254744642 ) ) ;
#3421 = DIRECTION ( 'NONE',  ( 0.001740476315720002791, 0.9996626483145426567, 0.02591448064209784380 ) ) ;
#3422 = CARTESIAN_POINT ( 'NONE',  ( 11.35603666368404951, -13.80072993341060794, 2.336396103067893470 ) ) ;
#3423 = CARTESIAN_POINT ( 'NONE',  ( 13.10195486222613503, -12.41191263935165168, 3.328143699523316457 ) ) ;
#3424 = CARTESIAN_POINT ( 'NONE',  ( 6.272267366545726475, -16.04409290684119682, 1.934544237560747115 ) ) ;
#3425 = CARTESIAN_POINT ( 'NONE',  ( 12.59046996215407432, -0.6168168041499902943, 2.903829029532056794 ) ) ;
#3426 = LINE ( 'NONE', #2561, #4705 ) ;
#3427 = CARTESIAN_POINT ( 'NONE',  ( 13.89139534590380798, -0.7541026839047260122, 2.928308080163915417 ) ) ;
#3428 = DIRECTION ( 'NONE',  ( 0.000000000000000000, 0.000000000000000000, 1.000000000000000000 ) ) ;
#3429 = CARTESIAN_POINT ( 'NONE',  ( 17.45198216082035714, -16.04409290684119682, 3.001051507304603128 ) ) ;
#3430 = CARTESIAN_POINT ( 'NONE',  ( 16.01059196807074159, -3.763406942433359603, 4.490391635081815380 ) ) ;
#3431 = ORIENTED_EDGE ( 'NONE', *, *, #3956, .F. ) ;
#3432 = CARTESIAN_POINT ( 'NONE',  ( -12.47128208403741745, -3.479834018071063628, 2.000000000000000000 ) ) ;
#3433 = CARTESIAN_POINT ( 'NONE',  ( 4.266036663684054098, -16.00000000000000000, 1.733889651497817930 ) ) ;
#3434 = ADVANCED_FACE ( 'NONE', ( #2373 ), #1357, .T. ) ;
#3435 = B_SPLINE_CURVE_WITH_KNOTS ( 'NONE', 3,
 ( #4060, #2765, #1149, #2364, #775, #499 ),
 .UNSPECIFIED., .F., .F.,
 ( 4, 2, 4 ),
 ( 6.996255053115205668E-18, 0.0006524237780111839715, 0.001304847556022360787 ),
 .UNSPECIFIED. ) ;
#3436 = CARTESIAN_POINT ( 'NONE',  ( 6.942659327635714916, -11.29007406258358515, 2.975086185073530842 ) ) ;
#3437 = CARTESIAN_POINT ( 'NONE',  ( 6.493845866922291599, -11.02948722186107844, 2.907769433863503838 ) ) ;
#3438 = CARTESIAN_POINT ( 'NONE',  ( 5.840484319654122736, -17.23368333322828505, 1.777148494334353623 ) ) ;
#3439 = ORIENTED_EDGE ( 'NONE', *, *, #3112, .T. ) ;
#3440 = CARTESIAN_POINT ( 'NONE',  ( 15.93348756525418253, -10.76878385010507166, 3.410998834026906401 ) ) ;
#3441 = ORIENTED_EDGE ( 'NONE', *, *, #3055, .T. ) ;
#3442 = CARTESIAN_POINT ( 'NONE',  ( 12.43959478931942009, -1.381740748508724081, 4.112464420780439944 ) ) ;
#3443 = CARTESIAN_POINT ( 'NONE',  ( 18.10603666368406195, -5.991427066177878125, 2.000000000000000000 ) ) ;
#3444 = CARTESIAN_POINT ( 'NONE',  ( 13.67979486089563501, -12.48504855538378600, 3.000000000000002220 ) ) ;
#3445 = CARTESIAN_POINT ( 'NONE',  ( 16.34110560513781962, -13.22650772891867099, 2.523417025634958843 ) ) ;
#3446 = CARTESIAN_POINT ( 'NONE',  ( 5.766036655080471363, -6.875000000000134115, 4.490736294063513157 ) ) ;
#3447 = CARTESIAN_POINT ( 'NONE',  ( 6.874599799915768195, -10.55992357695753903, 3.328139467626855641 ) ) ;
#3448 = CARTESIAN_POINT ( 'NONE',  ( 9.266036663684081631, -12.87375546974150531, 5.733889651497853457 ) ) ;
#3449 = CARTESIAN_POINT ( 'NONE',  ( 17.08766499379853343, -3.887949936609651047, 2.848051854651893144 ) ) ;
#3450 = CARTESIAN_POINT ( 'NONE',  ( 11.35603666368405840, -0.2497884862678283191, 2.928308080163916305 ) ) ;
#3451 = DIRECTION ( 'NONE',  ( 1.000000000000000000, -6.938893903907221278E-15, 0.000000000000000000 ) ) ;
#3452 = CARTESIAN_POINT ( 'NONE',  ( 15.31765047430338633, -10.83141248138842627, 4.301796733652198945 ) ) ;
#3453 = EDGE_CURVE ( 'NONE', #4894, #1161, #145, .T. ) ;
#3454 = EDGE_LOOP ( 'NONE', ( #4890, #2401, #726, #430 ) ) ;
#3455 = CARTESIAN_POINT ( 'NONE',  ( 5.766036663684054098, -6.875000000000007994, 5.086800426173084588 ) ) ;
#3456 = CARTESIAN_POINT ( 'NONE',  ( 16.97825736068841351, -17.35853741858573329, 1.733889651497833029 ) ) ;
#3457 = CARTESIAN_POINT ( 'NONE',  ( 14.28891063106639514, -1.364326295544468826, 2.975040721907272534 ) ) ;
#3458 = CARTESIAN_POINT ( 'NONE',  ( 6.609350784161575731, -11.24602770176911726, 3.129181866545821755 ) ) ;
#3459 = CARTESIAN_POINT ( 'NONE',  ( 7.050733206428600575, -11.11730566554712674, 3.757906339623694691 ) ) ;
#3460 = ORIENTED_EDGE ( 'NONE', *, *, #1740, .F. ) ;
#3461 = CARTESIAN_POINT ( 'NONE',  ( 4.732938949826314357, -8.379302212994300447, 2.000000000000000000 ) ) ;
#3462 = AXIS2_PLACEMENT_3D ( 'NONE', #4564, #2933, #4588 ) ;
#3463 = ADVANCED_FACE ( 'NONE', ( #1083 ), #4635, .F. ) ;
#3464 = CARTESIAN_POINT ( 'NONE',  ( 14.28891063106639514, -1.364326295544468826, 2.975040721907272534 ) ) ;
#3465 = ORIENTED_EDGE ( 'NONE', *, *, #369, .T. ) ;
#3466 = CARTESIAN_POINT ( 'NONE',  ( 16.16897223698287434, -10.77817787324145371, 3.021247766242436406 ) ) ;
#3467 = CARTESIAN_POINT ( 'NONE',  ( 14.90550287373520888, -2.544767783687639895, 4.301567022142978480 ) ) ;
#3468 = CARTESIAN_POINT ( 'NONE',  ( 16.37253432865740521, -11.71001620661913023, 2.404933808023198782 ) ) ;
#3469 = B_SPLINE_CURVE_WITH_KNOTS ( 'NONE', 3,
 ( #3324, #2333, #716, #2831, #2118, #1644, #1550, #1124, #1581, #3154 ),
 .UNSPECIFIED., .F., .F.,
 ( 4, 2, 2, 2, 4 ),
 ( -5.999999996266832774E-08, 0.0005024655819041837007, 0.0006280969773802198061, 0.0007537283728562559114, 0.001004991163808329098 ),
 .UNSPECIFIED. ) ;
#3470 = CARTESIAN_POINT ( 'NONE',  ( 5.745988108300274178, -4.551241802788453583, 3.000000000000000888 ) ) ;
#3471 = CARTESIAN_POINT ( 'NONE',  ( 17.71265241247453304, -13.53082937396166230, 3.664082610630736703 ) ) ;
#3472 = CARTESIAN_POINT ( 'NONE',  ( 5.766036663684052321, -6.326203033326046388, 4.490736308594572179 ) ) ;
#3473 = CARTESIAN_POINT ( 'NONE',  ( 9.132934847777738341, -1.515580205280789405, 3.328183244813922137 ) ) ;
#3474 = CARTESIAN_POINT ( 'NONE',  ( -11.22023827261601703, -2.550550024661256021, 3.000000000000000000 ) ) ;
#3475 = ORIENTED_EDGE ( 'NONE', *, *, #149, .F. ) ;
#3476 = VECTOR ( 'NONE', #901, 1000.000000000000000 ) ;
#3477 = CARTESIAN_POINT ( 'NONE',  ( 12.61733594778034373, -13.20957531844197774, 2.848011510660571677 ) ) ;
#3478 = CARTESIAN_POINT ( 'NONE',  ( 9.266036663684053210, -16.00000000000000000, 1.733889651497854123 ) ) ;
#3479 = CARTESIAN_POINT ( 'NONE',  ( 14.46190130370236560, -2.216279221889457141, 4.301428316485027104 ) ) ;
#3480 = ORIENTED_EDGE ( 'NONE', *, *, #4085, .T. ) ;
#3481 = CARTESIAN_POINT ( 'NONE',  ( 11.35603666368406195, -6.875000000000007994, 6.000000000000000000 ) ) ;
#3482 = DIRECTION ( 'NONE',  ( 1.000000000000000000, 0.000000000000000000, 0.000000000000000000 ) ) ;
#3483 = CARTESIAN_POINT ( 'NONE',  ( 16.65873227731970374, -3.330116740591529734, 2.903828762038586753 ) ) ;
#3484 = CARTESIAN_POINT ( 'NONE',  ( 6.881114822045732993, -10.85076900239432618, 3.554142287591586236 ) ) ;
#3485 = ORIENTED_EDGE ( 'NONE', *, *, #1405, .T. ) ;
#3486 = VECTOR ( 'NONE', #63, 1000.000000000000000 ) ;
#3487 = FACE_OUTER_BOUND ( 'NONE', #2711, .T. ) ;
#3488 = ORIENTED_EDGE ( 'NONE', *, *, #121, .F. ) ;
#3489 = CARTESIAN_POINT ( 'NONE',  ( 15.86687392365810112, -10.23239482479893425, 3.944093194162037186 ) ) ;
#3490 = AXIS2_PLACEMENT_3D ( 'NONE', #1886, #2335, #3482 ) ;
#3491 = CARTESIAN_POINT ( 'NONE',  ( 8.250396351720297616, -11.53372692788441967, 4.112464765513007769 ) ) ;
#3492 = ADVANCED_FACE ( 'NONE', ( #625 ), #349, .F. ) ;
#3493 = CARTESIAN_POINT ( 'NONE',  ( 6.737856277435542829, -10.80277418591066585, 3.349452962245402343 ) ) ;
#3494 =( BOUNDED_SURFACE ( )  B_SPLINE_SURFACE ( 3, 2, ( 
 ( #3325, #1808, #555 ),
 ( #2150, #2593, #2617 ),
 ( #4165, #633, #4191 ),
 ( #3682, #2261, #687 ),
 ( #3816, #4319, #1043 ),
 ( #5067, #4712, #3842 ),
 ( #3887, #2282, #1831 ),
 ( #713, #2306, #2647 ),
 ( #1458, #1514, #4667 ),
 ( #3429, #247, #1089 ) ),
 .UNSPECIFIED., .F., .F., .F. ) 
 B_SPLINE_SURFACE_WITH_KNOTS ( ( 4, 2, 2, 2, 4 ),
 ( 3, 3 ),
 ( 2.907830226606122892E-16, 0.0001712053877898151095, 0.0003424107755793394359, 0.0005136161633688637353, 0.0006848215511583880888 ),
 ( 0.000000000000000000, 1.000000000000000000 ),
 .UNSPECIFIED. ) 
 GEOMETRIC_REPRESENTATION_ITEM ( )  RATIONAL_B_SPLINE_SURFACE ( (
 ( 1.000000000000000000, 0.8284536692159211180, 1.000000000000000000),
 ( 1.000000000000000000, 0.8122123012907148665, 1.000000000000000000),
 ( 1.000000000000000000, 0.7954987607169951014, 1.000000000000000000),
 ( 1.000000000000000000, 0.7625514458101495530, 1.000000000000000000),
 ( 1.000000000000000000, 0.7461568875543221901, 1.000000000000000000),
 ( 1.000000000000000000, 0.7167782814855517826, 1.000000000000000000),
 ( 1.000000000000000000, 0.7039617765782654191, 1.000000000000000000),
 ( 1.000000000000000000, 0.6850126133041726240, 1.000000000000000000),
 ( 1.000000000000000000, 0.6789721587651840196, 1.000000000000000000),
 ( 1.000000000000000000, 0.6778756493157848118, 1.000000000000000000) ) ) 
 REPRESENTATION_ITEM ( '' )  SURFACE ( )  );
#3495 = AXIS2_PLACEMENT_3D ( 'NONE', #2895, #3313, #3775 ) ;
#3496 = CARTESIAN_POINT ( 'NONE',  ( -9.598187625335965478, 12.88322821025619547, 2.000000000000000000 ) ) ;
#3497 = CARTESIAN_POINT ( 'NONE',  ( 16.38691079742283563, -13.70612154821599837, 2.329044125083250538 ) ) ;
#3498 = EDGE_CURVE ( 'NONE', #4992, #2493, #4051, .T. ) ;
#3499 = B_SPLINE_CURVE_WITH_KNOTS ( 'NONE', 3,
 ( #2392, #1997, #3561, #4699 ),
 .UNSPECIFIED., .F., .F.,
 ( 4, 4 ),
 ( 0.002242948920942099741, 0.003274918940261006568 ),
 .UNSPECIFIED. ) ;
#3500 = DIRECTION ( 'NONE',  ( -1.000000000000000000, 0.000000000000000000, 0.000000000000000000 ) ) ;
#3501 = AXIS2_PLACEMENT_3D ( 'NONE', #3994, #845, #4450 ) ;
#3502 = CARTESIAN_POINT ( 'NONE',  ( 18.10603666368406550, -7.758454034183742465, 2.336396103067893026 ) ) ;
#3503 = CARTESIAN_POINT ( 'NONE',  ( 10.21558181716115143, -1.186199256580102945, 3.328112088713939709 ) ) ;
#3504 = CARTESIAN_POINT ( 'NONE',  ( 17.71214701218624299, -16.67926870929286309, 1.733889651497828810 ) ) ;
#3505 = CARTESIAN_POINT ( 'NONE',  ( 17.65289772610984897, -5.400924061847513613, 2.848002278740206616 ) ) ;
#3506 = CARTESIAN_POINT ( 'NONE',  ( 11.35603666368406195, -6.875000000000007994, -0.1810125000000165629 ) ) ;
#3507 = DIRECTION ( 'NONE',  ( 0.5000322050566957666, 0.8660068093878584561, -0.000000000000000000 ) ) ;
#3508 = CARTESIAN_POINT ( 'NONE',  ( 16.44603666368406891, -11.66816179572523637, 1.733889651497832363 ) ) ;
#3509 = CARTESIAN_POINT ( 'NONE',  ( 7.023487294663588010, -3.328604893899769657, 4.301565662542716773 ) ) ;
#3510 = ORIENTED_EDGE ( 'NONE', *, *, #2569, .T. ) ;
#3511 = CARTESIAN_POINT ( 'NONE',  ( 6.266036663684054098, -11.66816179572523637, 1.733889651497832363 ) ) ;
#3512 = CARTESIAN_POINT ( 'NONE',  ( 15.58736651083490443, -10.52794050147458549, 4.490683922017885799 ) ) ;
#3513 = CARTESIAN_POINT ( 'NONE',  ( 6.840320286929564730, -2.369211128641487640, 2.903916114969743667 ) ) ;
#3514 = CARTESIAN_POINT ( 'NONE',  ( -10.27548389606760537, 2.266725329581253501, 3.000000000000000000 ) ) ;
#3515 = CARTESIAN_POINT ( 'NONE',  ( 7.007680901632190817, -11.04760646525090984, 3.709787004184259995 ) ) ;
#3516 = CARTESIAN_POINT ( 'NONE',  ( 6.611888722176934685, -12.39016884441262434, 3.137524640988072822 ) ) ;
#3517 = CARTESIAN_POINT ( 'NONE',  ( 4.906954063495811980, -7.719069339247480954, 2.848083732178380068 ) ) ;
#3518 = CARTESIAN_POINT ( 'NONE',  ( 14.90556686262553043, -2.544820228419931496, 4.112578564434742567 ) ) ;
#3519 = CARTESIAN_POINT ( 'NONE',  ( 18.30866825882877080, -18.00000000000000355, 1.274736809709464680 ) ) ;
#3520 = ORIENTED_EDGE ( 'NONE', *, *, #4432, .F. ) ;
#3521 = ADVANCED_FACE ( 'NONE', ( #3834 ), #2223, .T. ) ;
#3522 = CARTESIAN_POINT ( 'NONE',  ( 5.235139347588783743, -9.410358682219753135, 2.928308080163917637 ) ) ;
#3523 = CARTESIAN_POINT ( 'NONE',  ( 13.04032768104539564, -12.21830030928091304, 4.490585822924505699 ) ) ;
#3524 = CARTESIAN_POINT ( 'NONE',  ( 17.43717500786860342, -18.00000000000000355, 1.000000000000000000 ) ) ;
#3525 = CARTESIAN_POINT ( 'NONE',  ( 8.705674561132854095, -13.27354013317881787, 2.336396103067891250 ) ) ;
#3526 = CARTESIAN_POINT ( 'NONE',  ( 15.45214741875581765, -2.778889244928250513, 3.328168456446876977 ) ) ;
#3527 = EDGE_CURVE ( 'NONE', #2859, #4894, #3074, .T. ) ;
#3528 = CARTESIAN_POINT ( 'NONE',  ( 7.260124382699735257, -11.86973105309546384, 2.848045896995409443 ) ) ;
#3529 = CARTESIAN_POINT ( 'NONE',  ( 5.078354931297440977, -14.70306584574612074, 3.182347558717398606 ) ) ;
#3530 = CARTESIAN_POINT ( 'NONE',  ( 13.44603666368404760, -7.000000000000002665, 4.733889651497853457 ) ) ;
#3531 = CARTESIAN_POINT ( 'NONE',  ( -19.22946106578818970, 15.99999999999999289, 3.000000000000000000 ) ) ;
#3532 = CARTESIAN_POINT ( 'NONE',  ( 11.90957722539900665, -12.44651024077112389, 4.301566888873072259 ) ) ;
#3533 = FACE_OUTER_BOUND ( 'NONE', #4602, .T. ) ;
#3534 = CARTESIAN_POINT ( 'NONE',  ( 5.165955291174537223, -16.88269622133092440, 2.807889686811654961 ) ) ;
#3535 = CARTESIAN_POINT ( 'NONE',  ( 7.806706869249956604, -1.575306945731545394, 2.903829243588779363 ) ) ;
#3536 = DIRECTION ( 'NONE',  ( -0.000000000000000000, -0.000000000000000000, 1.000000000000000000 ) ) ;
#3537 = CARTESIAN_POINT ( 'NONE',  ( 4.815259565628442928, -17.94262749218395925, 1.274611450972304771 ) ) ;
#3538 = CARTESIAN_POINT ( 'NONE',  ( 5.502106860376370534, -17.60887857658026334, 2.236070196692319989 ) ) ;
#3539 = CARTESIAN_POINT ( 'NONE',  ( 22.77053893421170017, 15.99999999999999289, 1.000000000000000000 ) ) ;
#3540 = ORIENTED_EDGE ( 'NONE', *, *, #3048, .F. ) ;
#3541 = CARTESIAN_POINT ( 'NONE',  ( 16.08608920143683108, -10.28162384988576150, 3.416176071009364268 ) ) ;
#3542 = CARTESIAN_POINT ( 'NONE',  ( 10.24791659134117516, -1.347478562896529786, 3.733353614632230588 ) ) ;
#3543 = CARTESIAN_POINT ( 'NONE',  ( 6.268260105114382696, -11.67193552223743680, 1.867141984496714313 ) ) ;
#3544 = CARTESIAN_POINT ( 'NONE',  ( 17.44243276675195631, -6.875000000000006217, 3.000000000000000000 ) ) ;
#3545 = CARTESIAN_POINT ( 'NONE',  ( 9.210744665671668940, -1.703191336932191602, 4.490826204605938621 ) ) ;
#3546 = CARTESIAN_POINT ( 'NONE',  ( 15.61978234772529994, -11.18135437085305206, 3.801455781301716463 ) ) ;
#3547 = CARTESIAN_POINT ( 'NONE',  ( 8.967100950791348168, -12.64265785262202613, 2.975086296423611110 ) ) ;
#3548 = DIRECTION ( 'NONE',  ( -0.9997215739067933926, -0.02359607309117275897, 0.000000000000000000 ) ) ;
#3549 = CARTESIAN_POINT ( 'NONE',  ( -19.22946106578817549, -16.00000000000000000, 1.000000000000000000 ) ) ;
#3550 = CARTESIAN_POINT ( 'NONE',  ( 5.389973575385004878, -9.350618170709127597, 2.848102320625109041 ) ) ;
#3551 = ADVANCED_FACE ( 'NONE', ( #3806 ), #4554, .T. ) ;
#3552 = CARTESIAN_POINT ( 'NONE',  ( 16.29610693194934612, -9.510332052512007195, 4.301570403356219430 ) ) ;
#3553 = AXIS2_PLACEMENT_3D ( 'NONE', #4509, #2620, #2183 ) ;
#3554 = ORIENTED_EDGE ( 'NONE', *, *, #5034, .F. ) ;
#3555 = CARTESIAN_POINT ( 'NONE',  ( -24.22946106578824654, -1.734723475976807094E-15, 3.000000000000000000 ) ) ;
#3556 = APPROVAL_STATUS ( 'not_yet_approved' ) ;
#3557 = CARTESIAN_POINT ( 'NONE',  ( 5.254405003024777088, -8.734973852644548842, 2.903862838180323092 ) ) ;
#3558 = FACE_OUTER_BOUND ( 'NONE', #1790, .T. ) ;
#3559 = CARTESIAN_POINT ( 'NONE',  ( 7.123554955390806853, -10.56965721566967353, 3.853264950879187190 ) ) ;
#3560 = CARTESIAN_POINT ( 'NONE',  ( 6.273191345949457265, -15.68500195895411764, 1.941047998291617560 ) ) ;
#3561 = CARTESIAN_POINT ( 'NONE',  ( 7.302083787556722605, -10.73339560720622465, 4.710531419600114234 ) ) ;
#3562 = ORIENTED_EDGE ( 'NONE', *, *, #1238, .F. ) ;
#3563 = CARTESIAN_POINT ( 'NONE',  ( 7.630075477683539553, -11.89339154041982738, 4.248572732504525717 ) ) ;
#3564 = CARTESIAN_POINT ( 'NONE',  ( 22.77053893421177477, 7.999999999999996447, 1.000000000000000000 ) ) ;
#3565 = CARTESIAN_POINT ( 'NONE',  ( 9.724791370430374116, -12.27146407417147778, 3.733417033901929027 ) ) ;
#3566 = CARTESIAN_POINT ( 'NONE',  ( 17.39343238217293930, -17.72263507335523158, 1.526302140755483761 ) ) ;
#3567 = ORIENTED_EDGE ( 'NONE', *, *, #3087, .T. ) ;
#3568 = VECTOR ( 'NONE', #3948, 1000.000000000000000 ) ;
#3569 = CARTESIAN_POINT ( 'NONE',  ( 17.68661774111536289, -9.497212539974501766, 2.707106781186548350 ) ) ;
#3570 = CARTESIAN_POINT ( 'NONE',  ( 8.718816233744764332, -11.81380772099379151, 4.490558698497623347 ) ) ;
#3571 = CARTESIAN_POINT ( 'NONE',  ( 7.428262569448917496, -11.66436735982991380, 4.117280607783076363 ) ) ;
#3572 =( BOUNDED_CURVE ( )  B_SPLINE_CURVE ( 3, ( #2033, #523, #4857, #918 ),
 .UNSPECIFIED., .F., .T. ) 
 B_SPLINE_CURVE_WITH_KNOTS ( ( 4, 4 ),
 ( 1.570796326794896558, 2.394826937705606618 ),
 .UNSPECIFIED. ) 
 CURVE ( )  GEOMETRIC_REPRESENTATION_ITEM ( )  RATIONAL_B_SPLINE_CURVE ( ( 1.000000000000000000, 0.9442104275898648424, 0.9442104275898648424, 1.000000000000000000 ) ) 
 REPRESENTATION_ITEM ( '' )  );
#3573 = AXIS2_PLACEMENT_3D ( 'NONE', #2389, #2312, #3992 ) ;
#3574 = CIRCLE ( 'NONE', #825, 2.000000000000001776 ) ;
#3575 = CARTESIAN_POINT ( 'NONE',  ( 17.75457679686287094, -4.224637897448780599, 2.336396103067896579 ) ) ;
#3576 = CARTESIAN_POINT ( 'NONE',  ( 6.942659327635714916, -11.29007406258358515, 2.975086185073530842 ) ) ;
#3577 = CARTESIAN_POINT ( 'NONE',  ( 17.44415300741661667, -17.25997492883080753, 2.554815092652896968 ) ) ;
#3578 = AXIS2_PLACEMENT_3D ( 'NONE', #3683, #4402, #429 ) ;
#3579 = CARTESIAN_POINT ( 'NONE',  ( 5.787782742534647085, -13.02446571610678205, 4.907217550256205207 ) ) ;
#3580 = CARTESIAN_POINT ( 'NONE',  ( 13.67602130257511384, -11.97851727444482250, 4.112802094122000263 ) ) ;
#3581 = ORIENTED_EDGE ( 'NONE', *, *, #5112, .T. ) ;
#3582 = EDGE_CURVE ( 'NONE', #4280, #2375, #2768, .T. ) ;
#3583 = CARTESIAN_POINT ( 'NONE',  ( 9.418330164002082228, -12.43663993479474073, 4.733889651497853457 ) ) ;
#3584 = DATE_AND_TIME ( #1992, #1747 ) ;
#3585 = DIRECTION ( 'NONE',  ( -0.000000000000000000, -0.000000000000000000, -1.000000000000000000 ) ) ;
#3586 = CARTESIAN_POINT ( 'NONE',  ( 6.666544439750047069, -11.01029418214797317, 3.231477521331472147 ) ) ;
#3587 = CARTESIAN_POINT ( 'NONE',  ( 5.766036663684055874, -7.538505583108292996, 4.490736308594572179 ) ) ;
#3588 = FACE_OUTER_BOUND ( 'NONE', #4918, .T. ) ;
#3589 = VERTEX_POINT ( 'NONE', #2252 ) ;
#3590 = CARTESIAN_POINT ( 'NONE',  ( 7.429566400450944741, -11.66584698969039735, 4.118128832726113409 ) ) ;
#3591 = EDGE_CURVE ( 'NONE', #3895, #222, #76, .T. ) ;
#3592 = CARTESIAN_POINT ( 'NONE',  ( 16.90595057739735907, -17.27730521911372463, 1.763504876560648249 ) ) ;
#3593 = CARTESIAN_POINT ( 'NONE',  ( 12.44704865308503727, -1.343939132306095852, 3.733353380553796175 ) ) ;
#3594 = DIRECTION ( 'NONE',  ( 0.000000000000000000, 1.000000000000000000, 0.000000000000000000 ) ) ;
#3595 = ORIENTED_EDGE ( 'NONE', *, *, #1543, .F. ) ;
#3596 = CARTESIAN_POINT ( 'NONE',  ( 6.505134891242594364, -12.61106833697946250, 2.908851447316052941 ) ) ;
#3597 = CARTESIAN_POINT ( 'NONE',  ( 5.111186933667632104, -6.875000000000008882, 3.000000000000000000 ) ) ;
#3598 = CARTESIAN_POINT ( 'NONE',  ( 6.105942110277886137, -4.909160938748412306, 4.490872725930714182 ) ) ;
#3599 = CARTESIAN_POINT ( 'NONE',  ( 16.65237636643154673, -11.05940467144894335, 2.000000000000000000 ) ) ;
#3600 = DIRECTION ( 'NONE',  ( -1.000000000000000000, 0.000000000000000000, 0.000000000000000000 ) ) ;
#3601 = CARTESIAN_POINT ( 'NONE',  ( 15.85178371869221081, -10.82098047155391640, 3.526633714529040731 ) ) ;
#3602 = CARTESIAN_POINT ( 'NONE',  ( 9.098320798547847588, -12.32560826159676814, 3.000000000000000000 ) ) ;
#3603 = CARTESIAN_POINT ( 'NONE',  ( 8.718962096313248367, -11.81388551628248962, 4.112580823318118028 ) ) ;
#3604 = DIRECTION ( 'NONE',  ( 0.7617922146168847330, -0.6478214427981697776, 0.000000000000000000 ) ) ;
#3605 = CARTESIAN_POINT ( 'NONE',  ( 7.079580500972711299, -10.47566626403591705, 4.434726954208457528 ) ) ;
#3606 = CARTESIAN_POINT ( 'NONE',  ( -12.47128208403741745, -3.479834018071063628, 3.000000000000000000 ) ) ;
#3607 = CARTESIAN_POINT ( 'NONE',  ( 6.507787639658077161, -10.91434564998557555, 2.946848511099836365 ) ) ;
#3608 = DIRECTION ( 'NONE',  ( 1.000000000000000000, 0.000000000000000000, 0.000000000000000000 ) ) ;
#3609 = ORIENTED_EDGE ( 'NONE', *, *, #2121, .T. ) ;
#3610 = CARTESIAN_POINT ( 'NONE',  ( 22.77053893421177477, -8.000000000000003553, 1.000000000000000000 ) ) ;
#3611 = CARTESIAN_POINT ( 'NONE',  ( 10.80371320846384897, -12.48539364583317735, 3.733418324922026521 ) ) ;
#3612 = CARTESIAN_POINT ( 'NONE',  ( 29.02053893421176767, -1.581642626083388356E-15, 3.000000000000000000 ) ) ;
#3613 = ORIENTED_EDGE ( 'NONE', *, *, #4664, .F. ) ;
#3614 =( BOUNDED_SURFACE ( )  B_SPLINE_SURFACE ( 3, 2, ( 
 ( #2463, #2489, #1679 ),
 ( #2126, #2424, #4481 ),
 ( #3632, #1246, #4038 ),
 ( #478, #923, #2099 ) ),
 .UNSPECIFIED., .F., .F., .F. ) 
 B_SPLINE_SURFACE_WITH_KNOTS ( ( 4, 4 ),
 ( 3, 3 ),
 ( 0.000000000000000000, 0.0002373599610882857537 ),
 ( 0.5705599202549463955, 1.000000000000000000 ),
 .UNSPECIFIED. ) 
 GEOMETRIC_REPRESENTATION_ITEM ( )  RATIONAL_B_SPLINE_SURFACE ( (
 ( 0.8564698469047670182, 0.8742199127559655558, 1.000000000000000000),
 ( 0.8577520190566648717, 0.8753435214308659118, 1.000000000000000000),
 ( 0.8590261760789572598, 0.8764601061900293422, 1.000000000000000000),
 ( 0.8602913465897357170, 0.8775688157802623568, 1.000000000000000000) ) ) 
 REPRESENTATION_ITEM ( '' )  SURFACE ( )  );
#3615 = CARTESIAN_POINT ( 'NONE',  ( 6.708169790845841973, -14.59960171865009926, 3.424921094848695002 ) ) ;
#3616 = EDGE_CURVE ( 'NONE', #670, #408, #4263, .T. ) ;
#3617 = ORIENTED_EDGE ( 'NONE', *, *, #4359, .F. ) ;
#3618 = FACE_OUTER_BOUND ( 'NONE', #2966, .T. ) ;
#3619 = CARTESIAN_POINT ( 'NONE',  ( 11.35603666368404951, -13.80072993341060794, 2.000000000000000444 ) ) ;
#3620 = CARTESIAN_POINT ( 'NONE',  ( 14.31438675440965369, -11.63684846093383918, 4.490346514007812040 ) ) ;
#3621 = DIRECTION ( 'NONE',  ( 0.000000000000000000, 0.000000000000000000, -1.000000000000000000 ) ) ;
#3622 = CARTESIAN_POINT ( 'NONE',  ( 17.47935022513206249, -8.089240128510141403, 2.975011327583249265 ) ) ;
#3623 = CARTESIAN_POINT ( 'NONE',  ( 15.61978820269929358, -11.18134532791195035, 3.801449625632127738 ) ) ;
#3624 = CARTESIAN_POINT ( 'NONE',  ( 6.000190645461359829, -8.507177373652195840, 4.112582424999674302 ) ) ;
#3625 = LINE ( 'NONE', #3202, #305 ) ;
#3626 = DIRECTION ( 'NONE',  ( 0.000000000000000000, 0.000000000000000000, 1.000000000000000000 ) ) ;
#3627 = DIRECTION ( 'NONE',  ( 0.000000000000000000, 0.000000000000000000, -1.000000000000000000 ) ) ;
#3628 = CIRCLE ( 'NONE', #3717, 3.000000000000000000 ) ;
#3629 = CARTESIAN_POINT ( 'NONE',  ( 6.504473853217512591, -10.93378543872235298, 2.938604087063497072 ) ) ;
#3630 = CARTESIAN_POINT ( 'NONE',  ( 13.88824468142649238, -0.7617090608163555876, 2.848083732178380068 ) ) ;
#3631 = ORIENTED_EDGE ( 'NONE', *, *, #2410, .F. ) ;
#3632 = CARTESIAN_POINT ( 'NONE',  ( 5.195950452734679814, -17.25328923660028124, 2.559177822644171929 ) ) ;
#3633 = CARTESIAN_POINT ( 'NONE',  ( 6.535284325351572221, -10.10379365865996881, 3.328111981668766539 ) ) ;
#3634 = CARTESIAN_POINT ( 'NONE',  ( 6.208433256655169430, -16.74819173868980116, 2.892889258025784116 ) ) ;
#3635 = ORIENTED_EDGE ( 'NONE', *, *, #1931, .F. ) ;
#3636 = CARTESIAN_POINT ( 'NONE',  ( 6.730819023547124580, -14.82040818607797661, 3.395035102769886848 ) ) ;
#3637 = CARTESIAN_POINT ( 'NONE',  ( 18.10603666368406195, -5.991545965816269970, 2.336396103067894359 ) ) ;
#3638 = EDGE_CURVE ( 'NONE', #3798, #4018, #1084, .T. ) ;
#3639 = CARTESIAN_POINT ( 'NONE',  ( 9.213444457594876624, -12.04791541864745597, 4.301797444096517431 ) ) ;
#3640 = CARTESIAN_POINT ( 'NONE',  ( 11.35603666368406195, -6.875000000000007994, 4.733889651497853457 ) ) ;
#3641 = CARTESIAN_POINT ( 'NONE',  ( 14.00639876623527691, -0.4764598668212000065, 2.168198051533946291 ) ) ;
#3642 = CIRCLE ( 'NONE', #3080, 2.000000000000000000 ) ;
#3643 = CARTESIAN_POINT ( 'NONE',  ( 18.10603666368406195, -6.875000000000006217, 1.999999999999999556 ) ) ;
#3644 = CARTESIAN_POINT ( 'NONE',  ( 4.957496530505256516, -4.224637897448797474, 2.168198051533946291 ) ) ;
#3645 = ADVANCED_FACE ( 'NONE', ( #3954 ), #4777, .F. ) ;
#3646 = DIRECTION ( 'NONE',  ( 0.000000000000000000, 0.000000000000000000, -1.000000000000000000 ) ) ;
#3647 = CARTESIAN_POINT ( 'NONE',  ( 15.76318479068697798, -2.467851872997102625, 2.975070757985122771 ) ) ;
#3648 = VECTOR ( 'NONE', #486, 1000.000000000000000 ) ;
#3649 = CIRCLE ( 'NONE', #2249, 1.249999999999997558 ) ;
#3650 = B_SPLINE_CURVE_WITH_KNOTS ( 'NONE', 3,
 ( #2236, #1492, #5095, #2653, #1917, #3512 ),
 .UNSPECIFIED., .F., .F.,
 ( 4, 2, 4 ),
 ( 0.000000000000000000, 0.5000000000000000000, 1.000000000000000000 ),
 .UNSPECIFIED. ) ;
#3651 = CARTESIAN_POINT ( 'NONE',  ( 12.43959478931942009, -1.381740748508724081, 4.112464420780439944 ) ) ;
#3652 = AXIS2_PLACEMENT_3D ( 'NONE', #661, #3451, #2680 ) ;
#3653 = CARTESIAN_POINT ( 'NONE',  ( 5.257780629835416164, -16.02588065699105613, 3.001451261388375258 ) ) ;
#3654 = APPLICATION_PROTOCOL_DEFINITION ( 'international standard', 'config_control_design', 1994, #1694 ) ;
#3655 = CARTESIAN_POINT ( 'NONE',  ( 11.35603666368406017, -0.9753041307983892905, 2.999999999999999556 ) ) ;
#3656 = CARTESIAN_POINT ( 'NONE',  ( 6.421543933719592090, -10.44405071058666223, 3.115242733698541322 ) ) ;
#3657 = CARTESIAN_POINT ( 'NONE',  ( 5.036149284734443121, -17.27730527490060553, 2.539987932286448036 ) ) ;
#3658 = VERTEX_POINT ( 'NONE', #85 ) ;
#3659 = CARTESIAN_POINT ( 'NONE',  ( 8.962073823171683884, -12.73555711060665807, 4.722287943163591351 ) ) ;
#3660 = CARTESIAN_POINT ( 'NONE',  ( 9.666716337382705859, -1.324511296155347351, 3.328139470252812426 ) ) ;
#3661 = CARTESIAN_POINT ( 'NONE',  ( 5.231246358112185746, -16.49536854234651884, 2.942066996331250017 ) ) ;
#3662 = ORIENTED_EDGE ( 'NONE', *, *, #4897, .F. ) ;
#3663 = CARTESIAN_POINT ( 'NONE',  ( 6.985388606436876202, -14.25139165047293055, 3.822262971013999699 ) ) ;
#3664 = VERTEX_POINT ( 'NONE', #1637 ) ;
#3665 = CARTESIAN_POINT ( 'NONE',  ( 17.75457679686288515, -9.525362102551200749, 2.000000000000000888 ) ) ;
#3666 = CARTESIAN_POINT ( 'NONE',  ( 13.98701335927757938, -1.932653060502898867, 4.301573056097896419 ) ) ;
#3667 = CARTESIAN_POINT ( 'NONE',  ( 14.38252518703205318, -14.39360686742874407, 5.777705162182271259 ) ) ;
#3668 = CARTESIAN_POINT ( 'NONE',  ( 4.957496530505256516, -9.525362102551220289, 2.000000000000000000 ) ) ;
#3669 = EDGE_CURVE ( 'NONE', #3042, #5115, #2656, .T. ) ;
#3670 = DIRECTION ( 'NONE',  ( 0.000000000000000000, 0.000000000000000000, -1.000000000000000000 ) ) ;
#3671 = CARTESIAN_POINT ( 'NONE',  ( 8.705674561132854095, -13.27354013317881787, 1.999999999999999556 ) ) ;
#3672 = DIRECTION ( 'NONE',  ( -0.000000000000000000, 0.000000000000000000, 1.000000000000000000 ) ) ;
#3673 = CARTESIAN_POINT ( 'NONE',  ( 15.85940395281797777, -2.371632710866102389, 2.903898063920915540 ) ) ;
#3674 = CARTESIAN_POINT ( 'NONE',  ( 9.032278466472515532, -1.264951444616217113, 3.000000000000000000 ) ) ;
#3675 = EDGE_CURVE ( 'NONE', #2649, #4222, #2404, .T. ) ;
#3676 = CARTESIAN_POINT ( 'NONE',  ( 8.709308458504022354, -1.940980924121881390, 4.112576702837184683 ) ) ;
#3677 = CARTESIAN_POINT ( 'NONE',  ( 5.257780629835435704, -16.02588065699118047, 3.001451261388375702 ) ) ;
#3678 = ORIENTED_EDGE ( 'NONE', *, *, #4804, .F. ) ;
#3679 = APPROVAL_DATE_TIME ( #1805, #3925 ) ;
#3680 =( BOUNDED_SURFACE ( )  B_SPLINE_SURFACE ( 3, 2, ( 
 ( #3577, #1183, #809 ),
 ( #1618, #3222, #1258 ),
 ( #3755, #2197, #4081 ),
 ( #3315, #2897, #2950 ) ),
 .UNSPECIFIED., .F., .F., .F. ) 
 B_SPLINE_SURFACE_WITH_KNOTS ( ( 4, 4 ),
 ( 3, 3 ),
 ( 0.02182488946230832713, 0.02206134452211187813 ),
 ( 0.5705599206549956115, 1.000000000000000000 ),
 .UNSPECIFIED. ) 
 GEOMETRIC_REPRESENTATION_ITEM ( )  RATIONAL_B_SPLINE_SURFACE ( (
 ( 0.8602913752069138997, 0.8775688409442583549, 1.000000000000000000),
 ( 0.8590245899599058266, 0.8764587163095366451, 1.000000000000000000),
 ( 0.8577503617853048379, 0.8753420691981007584, 1.000000000000000000),
 ( 0.8564698469378371204, 0.8742199128731369395, 1.000000000000000000) ) ) 
 REPRESENTATION_ITEM ( '' )  SURFACE ( )  );
#3681 = CARTESIAN_POINT ( 'NONE',  ( 7.184321707633330334, -11.04671495605073339, 3.000000000000000000 ) ) ;
#3682 = CARTESIAN_POINT ( 'NONE',  ( 17.55450505111885917, -16.89768156027575330, 2.790476997891559119 ) ) ;
#3683 = CARTESIAN_POINT ( 'NONE',  ( 18.44603666368407247, -16.00000000000000000, 0.000000000000000000 ) ) ;
#3684 = PLANE ( 'NONE',  #1208 ) ;
#3685 = CARTESIAN_POINT ( 'NONE',  ( 13.57068910669597273, -1.512403835736273461, 3.328183056750420921 ) ) ;
#3686 = CARTESIAN_POINT ( 'NONE',  ( 5.260091166547783637, -16.04409290684119682, 3.001051507304603572 ) ) ;
#3687 = PERSON ( 'UNSPECIFIED', 'UNSPECIFIED', 'UNSPECIFIED', ('UNSPECIFIED'), ('UNSPECIFIED'), ('UNSPECIFIED') ) ;
#3688 = ORIENTED_EDGE ( 'NONE', *, *, #494, .T. ) ;
#3689 = CARTESIAN_POINT ( 'NONE',  ( 7.147924972584043246, -15.12706538284324509, 4.061548078468085521 ) ) ;
#3690 = CARTESIAN_POINT ( 'NONE',  ( 16.43087730593845208, -11.69329137675980057, 2.061117869051168672 ) ) ;
#3691 = CARTESIAN_POINT ( 'NONE',  ( 16.25326726426532886, -11.77223060058130599, 2.168198051533944959 ) ) ;
#3692 = CARTESIAN_POINT ( 'NONE',  ( 16.81448538846233731, -5.597513350176611446, 4.301390007231777446 ) ) ;
#3693 = CARTESIAN_POINT ( 'NONE',  ( 17.24125732065211025, -12.89871205812275257, 4.628142935205640462 ) ) ;
#3694 = CARTESIAN_POINT ( 'NONE',  ( 4.266036663684054098, -16.00000000000000000, 3.000000000000000000 ) ) ;
#3695 = PLANE ( 'NONE',  #1909 ) ;
#3696 = CARTESIAN_POINT ( 'NONE',  ( 17.75457679686288515, -9.525362102551200749, 2.168198051533946291 ) ) ;
#3697 = CARTESIAN_POINT ( 'NONE',  ( 16.00531475140851256, -14.67002871717938817, 3.403026013934914218 ) ) ;
#3698 = APPROVAL ( #2094, 'UNSPECIFIED' ) ;
#3699 = CARTESIAN_POINT ( 'NONE',  ( 5.021476270959722044, -8.137998876660985204, 2.848011768079615091 ) ) ;
#3700 = CARTESIAN_POINT ( 'NONE',  ( 8.820677981464321249, -0.7541026839047249020, 2.928308080163918081 ) ) ;
#3701 = CARTESIAN_POINT ( 'NONE',  ( 6.671953532441044388, -10.01225468675955455, 3.733353357915486281 ) ) ;
#3702 = CARTESIAN_POINT ( 'NONE',  ( 6.272599539383377554, -16.02939667505501120, 1.934654155972634237 ) ) ;
#3703 = CARTESIAN_POINT ( 'NONE',  ( 5.840484319654122736, -17.23368333322828505, 1.777148494334353623 ) ) ;
#3704 = VECTOR ( 'NONE', #1807, 1000.000000000000000 ) ;
#3705 = EDGE_CURVE ( 'NONE', #408, #4260, #649, .T. ) ;
#3706 = CARTESIAN_POINT ( 'NONE',  ( -6.129967210265983013, 2.266725329581253501, 2.000000000000000000 ) ) ;
#3707 = DIRECTION ( 'NONE',  ( -0.000000000000000000, -0.000000000000000000, -1.000000000000000000 ) ) ;
#3708 = CARTESIAN_POINT ( 'NONE',  ( 12.44938001978644770, -12.36604921210218500, 4.490391581787989139 ) ) ;
#3709 = VERTEX_POINT ( 'NONE', #1589 ) ;
#3710 = CARTESIAN_POINT ( 'NONE',  ( 15.67957690995936915, -10.50919967919919173, 3.750482838335612801 ) ) ;
#3711 = EDGE_CURVE ( 'NONE', #4598, #4747, #171, .T. ) ;
#3712 = CARTESIAN_POINT ( 'NONE',  ( 9.677029904743738697, -12.42889892311867683, 3.328138532166887487 ) ) ;
#3713 = DIRECTION ( 'NONE',  ( 0.2944134005327216919, 0.9556781621376304603, 0.000000000000000000 ) ) ;
#3714 = ORIENTED_EDGE ( 'NONE', *, *, #4144, .F. ) ;
#3715 = CARTESIAN_POINT ( 'NONE',  ( 16.36724216472685711, -16.05612972813149497, 3.017600161000758785 ) ) ;
#3716 = ORIENTED_EDGE ( 'NONE', *, *, #3112, .F. ) ;
#3717 = AXIS2_PLACEMENT_3D ( 'NONE', #1411, #4537, #1046 ) ;
#3718 = CARTESIAN_POINT ( 'NONE',  ( 16.21266688164156022, -11.52331410875567208, 2.897633299865545631 ) ) ;
#3719 = CARTESIAN_POINT ( 'NONE',  ( 15.62731824501802080, -11.89339154041984337, 5.086800426173084588 ) ) ;
#3720 = CARTESIAN_POINT ( 'NONE',  ( 10.80724332649140784, -12.44702345866200766, 4.301568889900140746 ) ) ;
#3721 = CARTESIAN_POINT ( 'NONE',  ( 17.69900123407623482, -13.32462356495132916, 3.798780938860601086 ) ) ;
#3722 = CARTESIAN_POINT ( 'NONE',  ( 6.506101961191650851, -14.70563537325403658, 3.574759779430390694 ) ) ;
#3723 = CARTESIAN_POINT ( 'NONE',  ( 14.00639876623527691, -0.4764598668212002286, 2.336396103067893470 ) ) ;
#3724 = CARTESIAN_POINT ( 'NONE',  ( 15.00025534098962687, -12.72593608725924597, 4.302842551327318077 ) ) ;
#3725 = CARTESIAN_POINT ( 'NONE',  ( 6.783336643792846843, -2.312352071016837041, 2.848102540092468438 ) ) ;
#3726 = AXIS2_PLACEMENT_3D ( 'NONE', #4866, #2517, #3713 ) ;
#3727 = CARTESIAN_POINT ( 'NONE',  ( 5.235139347588783743, -9.410358682219753135, 2.928308080163917637 ) ) ;
#3728 = CARTESIAN_POINT ( 'NONE',  ( 6.993826042574807111, -3.304010061099778905, 3.733416829682557836 ) ) ;
#3729 = CARTESIAN_POINT ( 'NONE',  ( 16.12694497999490295, -12.44108101641796083, 3.081659853637946256 ) ) ;
#3730 = CYLINDRICAL_SURFACE ( 'NONE', #4285, 1.249999999999997558 ) ;
#3731 = AXIS2_PLACEMENT_3D ( 'NONE', #1462, #1518, #3121 ) ;
#3732 = CARTESIAN_POINT ( 'NONE',  ( 5.745988108300274178, -4.551241802788453583, 3.000000000000000888 ) ) ;
#3733 = PLANE ( 'NONE',  #4361 ) ;
#3734 = CYLINDRICAL_SURFACE ( 'NONE', #4654, 1.000000000000000000 ) ;
#3735 = CIRCLE ( 'NONE', #2248, 2.000000000000000000 ) ;
#3736 = CARTESIAN_POINT ( 'NONE',  ( 10.80716086814833155, -12.44701540068394685, 4.490557676726513847 ) ) ;
#3737 = AXIS2_PLACEMENT_3D ( 'NONE', #5110, #3885, #735 ) ;
#3738 = EDGE_CURVE ( 'NONE', #183, #3850, #2799, .T. ) ;
#3739 = EDGE_LOOP ( 'NONE', ( #1092, #899, #155, #366, #1703 ) ) ;
#3740 = PLANE ( 'NONE',  #4941 ) ;
#3741 = LOCAL_TIME ( 4, 23, 18.00000000000000000, #3203 ) ;
#3742 = CARTESIAN_POINT ( 'NONE',  ( 13.10195486222613503, -12.41191263935165168, 3.328143699523316457 ) ) ;
#3743 = VECTOR ( 'NONE', #4642, 1000.000000000000000 ) ;
#3744 = CARTESIAN_POINT ( 'NONE',  ( 6.227031453775371261, -10.92819143879817823, 2.774302893081189048 ) ) ;
#3745 = ORIENTED_EDGE ( 'NONE', *, *, #115, .F. ) ;
#3746 = CARTESIAN_POINT ( 'NONE',  ( 16.43929330515184262, -16.00000000000000711, 1.934923674262839288 ) ) ;
#3747 = ORIENTED_EDGE ( 'NONE', *, *, #1511, .T. ) ;
#3748 = EDGE_CURVE ( 'NONE', #1539, #873, #2565, .T. ) ;
#3749 = CARTESIAN_POINT ( 'NONE',  ( 16.03379606067038665, -10.96302465469175225, 3.251658470489942498 ) ) ;
#3750 = EDGE_LOOP ( 'NONE', ( #4700, #4657 ) ) ;
#3751 = CARTESIAN_POINT ( 'NONE',  ( 12.43959526203261667, -1.381744971755711093, 4.301428695762756327 ) ) ;
#3752 = CARTESIAN_POINT ( 'NONE',  ( 16.64837556148984277, -11.06423064922314303, 2.069844075786092308 ) ) ;
#3753 = CARTESIAN_POINT ( 'NONE',  ( 5.215679154231194659, -15.72308765701514410, 3.008565052816369434 ) ) ;
#3754 = CARTESIAN_POINT ( 'NONE',  ( 16.20125365483783142, -2.029783008846236747, 2.707106781186546129 ) ) ;
#3755 = CARTESIAN_POINT ( 'NONE',  ( 17.58770330342150956, -17.24655792426245071, 2.564022766881287385 ) ) ;
#3756 = CARTESIAN_POINT ( 'NONE',  ( 6.358195079514114667, -2.783252101041177706, 2.848045543063939089 ) ) ;
#3757 = CARTESIAN_POINT ( 'NONE',  ( 6.940261072098460104, -2.459224408414407481, 3.000000000000000444 ) ) ;
#3758 = CARTESIAN_POINT ( 'NONE',  ( 15.58677506175939698, -2.913521967693327497, 3.328168490734022100 ) ) ;
#3759 = CARTESIAN_POINT ( 'NONE',  ( 16.43929330515184262, -16.00000000000000711, 1.934923674262837956 ) ) ;
#3760 = CARTESIAN_POINT ( 'NONE',  ( 7.738463499925741118, -12.01639395764202156, 4.319086030483974881 ) ) ;
#3761 = B_SPLINE_CURVE_WITH_KNOTS ( 'NONE', 3,
 ( #3919, #1466, #3150, #4674 ),
 .UNSPECIFIED., .F., .F.,
 ( 4, 4 ),
 ( 0.000000000000000000, 0.0001698175716479999634 ),
 .UNSPECIFIED. ) ;
#3762 = CARTESIAN_POINT ( 'NONE',  ( 5.111186933667632104, -6.875000000000008882, 3.000000000000000000 ) ) ;
#3763 = LINE ( 'NONE', #3787, #1312 ) ;
#3764 = CARTESIAN_POINT ( 'NONE',  ( 10.26730284420084338, -12.36694189703419688, 4.490393999447257478 ) ) ;
#3765 = DIRECTION ( 'NONE',  ( 0.000000000000000000, 0.000000000000000000, -1.000000000000000000 ) ) ;
#3766 = CARTESIAN_POINT ( 'NONE',  ( 16.54626799286088357, -10.34355927503693806, 2.975011322094442079 ) ) ;
#3767 = PRODUCT_DEFINITION ( 'UNKNOWN', '', #908, #1561 ) ;
#3768 = CARTESIAN_POINT ( 'NONE',  ( 11.35603666368406195, -6.875000000000007994, 5.086800426173084588 ) ) ;
#3769 = CARTESIAN_POINT ( 'NONE',  ( 7.112055696639346003, -13.80633616936949259, 5.540191404825768551 ) ) ;
#3770 = EDGE_LOOP ( 'NONE', ( #839, #2153, #3968, #259 ) ) ;
#3771 = CARTESIAN_POINT ( 'NONE',  ( 16.07306691173527824, -10.60842111233431062, 3.192375733207492683 ) ) ;
#3772 = CARTESIAN_POINT ( 'NONE',  ( 7.392503055347262375, -2.920199681016261817, 4.112768679592732290 ) ) ;
#3773 = EDGE_CURVE ( 'NONE', #1672, #1383, #4364, .T. ) ;
#3774 = CARTESIAN_POINT ( 'NONE',  ( 5.053459809729780261, -16.00000000000000711, 1.000000000000000000 ) ) ;
#3775 = DIRECTION ( 'NONE',  ( -1.000000000000000000, 8.519405491235789309E-17, 0.000000000000000000 ) ) ;
#3776 = CARTESIAN_POINT ( 'NONE',  ( 11.35603666368405129, -12.77469586920162747, 3.000000000000000000 ) ) ;
#3777 = CARTESIAN_POINT ( 'NONE',  ( 17.68788015489790055, -13.28891762316704117, 3.834515696001089768 ) ) ;
#3778 = EDGE_CURVE ( 'NONE', #1331, #2992, #3158, .T. ) ;
#3779 = CARTESIAN_POINT ( 'NONE',  ( 10.10005778993784631, -13.21060694517398382, 2.848012016290074833 ) ) ;
#3780 = CARTESIAN_POINT ( 'NONE',  ( 13.97824920365860635, -13.20558107743127607, 2.707106781186549682 ) ) ;
#3781 = CARTESIAN_POINT ( 'NONE',  ( 9.724791370430374116, -12.27146407417147778, 3.733417033901929027 ) ) ;
#3782 = CARTESIAN_POINT ( 'NONE',  ( 16.20613415231741428, -12.59342090834885042, 2.915785385564596766 ) ) ;
#3783 = CARTESIAN_POINT ( 'NONE',  ( 8.249140556397367874, -11.52496936260651417, 5.086800426395846841 ) ) ;
#3784 = COORDINATED_UNIVERSAL_TIME_OFFSET ( 8, 0, .BEHIND. ) ;
#3785 = CARTESIAN_POINT ( 'NONE',  ( 6.940261072098455664, -11.29077559158560717, 3.000000000000000000 ) ) ;
#3786 = DIRECTION ( 'NONE',  ( -0.000000000000000000, -0.000000000000000000, 1.000000000000000000 ) ) ;
#3787 = CARTESIAN_POINT ( 'NONE',  ( -10.95016594160859391, 6.820829136982932361, 3.000000000000000000 ) ) ;
#3788 = CARTESIAN_POINT ( 'NONE',  ( 16.29606789316623860, -9.510405204233256526, 4.490559454785062243 ) ) ;
#3789 = ORIENTED_EDGE ( 'NONE', *, *, #4267, .T. ) ;
#3790 = AXIS2_PLACEMENT_3D ( 'NONE', #3564, #3946, #4768 ) ;
#3791 = CARTESIAN_POINT ( 'NONE',  ( 16.15789348389246172, -10.99595107673616212, 3.029169927513400307 ) ) ;
#3792 = CARTESIAN_POINT ( 'NONE',  ( 15.03455007180228442, -2.387996983614443014, 3.328138709642307180 ) ) ;
#3793 = CARTESIAN_POINT ( 'NONE',  ( -6.129967210265983013, 2.266725329581253501, 3.000000000000000000 ) ) ;
#3794 = VERTEX_POINT ( 'NONE', #4734 ) ;
#3795 = CIRCLE ( 'NONE', #2219, 0.9999999999999996669 ) ;
#3796 = DIRECTION ( 'NONE',  ( -0.000000000000000000, 0.000000000000000000, 1.000000000000000000 ) ) ;
#3797 = ORIENTED_EDGE ( 'NONE', *, *, #4808, .F. ) ;
#3798 = VERTEX_POINT ( 'NONE', #784 ) ;
#3799 = CARTESIAN_POINT ( 'NONE',  ( 16.49486742771424730, -10.74687125661108844, 2.858213827380938543 ) ) ;
#3800 = CARTESIAN_POINT ( 'NONE',  ( 16.60438416173645493, -4.904355105315501895, 4.112802770804845132 ) ) ;
#3801 = CARTESIAN_POINT ( 'NONE',  ( 12.23960959750619004, -0.1250000000000078548, 1.999999999999999556 ) ) ;
#3802 = VECTOR ( 'NONE', #3037, 1000.000000000000000 ) ;
#3803 = EDGE_CURVE ( 'NONE', #4037, #4625, #1663, .T. ) ;
#3804 = DIRECTION ( 'NONE',  ( 1.000000000000000000, 0.000000000000000000, 0.000000000000000000 ) ) ;
#3805 = CARTESIAN_POINT ( 'NONE',  ( 16.37439594840268597, -13.54118278532827979, 2.389244173786544412 ) ) ;
#3806 = FACE_OUTER_BOUND ( 'NONE', #2092, .T. ) ;
#3807 = CARTESIAN_POINT ( 'NONE',  ( 16.25326726426532886, -11.77223060058130599, 2.336396103067889474 ) ) ;
#3808 = CARTESIAN_POINT ( 'NONE',  ( 13.05227480833683096, -12.25496139381168170, 3.733429425842986316 ) ) ;
#3809 = EDGE_CURVE ( 'NONE', #1868, #3412, #4131, .T. ) ;
#3810 = CARTESIAN_POINT ( 'NONE',  ( 6.577648541975401386, -11.34036592917548525, 3.068528998610334124 ) ) ;
#3811 = CARTESIAN_POINT ( 'NONE',  ( 8.391482317654681111, -11.61727041553089990, 5.086800425870234399 ) ) ;
#3812 = CARTESIAN_POINT ( 'NONE',  ( 6.789385914226519603, -11.44340597371802559, 2.848102411954810176 ) ) ;
#3813 = FACE_OUTER_BOUND ( 'NONE', #2272, .T. ) ;
#3814 = CARTESIAN_POINT ( 'NONE',  ( 5.025455586252784990, -9.497212539974523082, 2.707106781186547462 ) ) ;
#3815 = CARTESIAN_POINT ( 'NONE',  ( -19.22946106578817549, 17.99999999999999645, 1.000000000000000000 ) ) ;
#3816 = CARTESIAN_POINT ( 'NONE',  ( 17.53256759621717720, -16.80232545003760336, 2.835737759140664060 ) ) ;
#3817 = CARTESIAN_POINT ( 'NONE',  ( 15.43877467029013495, -3.052289041646643497, 4.301721118940522004 ) ) ;
#3818 = AXIS2_PLACEMENT_3D ( 'NONE', #5008, #652, #3500 ) ;
#3819 = ORIENTED_EDGE ( 'NONE', *, *, #4993, .F. ) ;
#3820 = CARTESIAN_POINT ( 'NONE',  ( -6.129967210265983013, 2.266725329581253501, 2.000000000000000000 ) ) ;
#3821 = CARTESIAN_POINT ( 'NONE',  ( 4.266036663684053210, -18.00000000000000355, 1.000000000000000000 ) ) ;
#3822 = CARTESIAN_POINT ( 'NONE',  ( 17.56868689859177479, -7.483487035968539480, 2.975040049053128133 ) ) ;
#3823 = CARTESIAN_POINT ( 'NONE',  ( 6.087004934291770475, -11.08399003440166375, 2.235863265153883006 ) ) ;
#3824 = VECTOR ( 'NONE', #4005, 1000.000000000000000 ) ;
#3825 = CARTESIAN_POINT ( 'NONE',  ( 7.871160261146399328, -14.35470520798534011, 4.447219710405268422 ) ) ;
#3826 = ORIENTED_EDGE ( 'NONE', *, *, #5090, .T. ) ;
#3827 = CARTESIAN_POINT ( 'NONE',  ( 8.914939192481773134, -12.76859281953239567, 2.903916121383779192 ) ) ;
#3828 = ORIENTED_EDGE ( 'NONE', *, *, #3803, .F. ) ;
#3829 = AXIS2_PLACEMENT_3D ( 'NONE', #3400, #4589, #3014 ) ;
#3830 = CARTESIAN_POINT ( 'NONE',  ( 10.80157905977364585, -1.303399722976354980, 4.112577411895342649 ) ) ;
#3831 = CARTESIAN_POINT ( 'NONE',  ( 7.084755082350141286, -11.89339154041990554, 5.086800426173110345 ) ) ;
#3832 = CARTESIAN_POINT ( 'NONE',  ( 9.098320798547847588, -12.32560826159676814, 3.000000000000000000 ) ) ;
#3833 = CARTESIAN_POINT ( 'NONE',  ( 15.59199081145137278, -14.58662241853234498, 4.424436416114733817 ) ) ;
#3834 = FACE_OUTER_BOUND ( 'NONE', #415, .T. ) ;
#3835 = EDGE_CURVE ( 'NONE', #4232, #2961, #1132, .T. ) ;
#3836 = CARTESIAN_POINT ( 'NONE',  ( 11.92923702046848966, -12.64860355049198226, 3.328138683957622579 ) ) ;
#3837 = DIRECTION ( 'NONE',  ( 0.02359015869385883493, -0.9994709919320470259, -0.02238840546284338179 ) ) ;
#3838 = CARTESIAN_POINT ( 'NONE',  ( 10.10223671804367385, -0.6208228944265581362, 2.903829148869950583 ) ) ;
#3839 = DIRECTION ( 'NONE',  ( -0.9892034623538709104, -0.1465486610894621844, 0.000000000000000000 ) ) ;
#3840 = EDGE_CURVE ( 'NONE', #2413, #534, #898, .T. ) ;
#3841 = CARTESIAN_POINT ( 'NONE',  ( 5.586547814513248333, -9.264800529286896236, 3.000000000000000000 ) ) ;
#3842 = CARTESIAN_POINT ( 'NONE',  ( 16.53065148337386958, -16.60056374088097542, 1.903939362693351400 ) ) ;
#3843 = CARTESIAN_POINT ( 'NONE',  ( 7.031175915966306533, -10.43065141169851806, 4.301570945459248563 ) ) ;
#3844 = ORIENTED_EDGE ( 'NONE', *, *, #3453, .F. ) ;
#3845 = DIRECTION ( 'NONE',  ( -0.6957801811684420912, -0.7182547873096356561, 0.000000000000000000 ) ) ;
#3846 = CARTESIAN_POINT ( 'NONE',  ( -10.95016594160859391, 6.820829136982932361, 3.000000000000000000 ) ) ;
#3847 = CARTESIAN_POINT ( 'NONE',  ( 6.525871990574692916, -2.920566421001184576, 2.975039218618364067 ) ) ;
#3848 = CARTESIAN_POINT ( 'NONE',  ( 6.569170491084086017, -11.36479619884682002, 3.051989418260871112 ) ) ;
#3849 = CARTESIAN_POINT ( 'NONE',  ( 5.547218137135670801, -17.56013983927855193, 1.640590736711043274 ) ) ;
#3850 = VERTEX_POINT ( 'NONE', #2745 ) ;
#3851 = CYLINDRICAL_SURFACE ( 'NONE', #4731, 2.000000000000000000 ) ;
#3852 = CARTESIAN_POINT ( 'NONE',  ( 17.73497332895725265, -6.876491439289184271, 2.903915970837612104 ) ) ;
#3853 = EDGE_LOOP ( 'NONE', ( #2691, #1603 ) ) ;
#3854 = CARTESIAN_POINT ( 'NONE',  ( 15.95570625234285878, -10.78389530286657561, 3.377652667831387845 ) ) ;
#3855 = ORIENTED_EDGE ( 'NONE', *, *, #2827, .F. ) ;
#3856 = CARTESIAN_POINT ( 'NONE',  ( 15.30876357051687719, -2.922273093167195857, 4.301720941525519315 ) ) ;
#3857 = CARTESIAN_POINT ( 'NONE',  ( 6.720896365222952973, -10.83794936440382983, 3.322291280723868034 ) ) ;
#3858 = LINE ( 'NONE', #3496, #3084 ) ;
#3859 = CARTESIAN_POINT ( 'NONE',  ( 15.81837902436662269, -14.32826050884814961, 4.259999194047350279 ) ) ;
#3860 = DIRECTION ( 'NONE',  ( 0.000000000000000000, -0.02591451989300899705, 0.9996641624359227096 ) ) ;
#3861 = CARTESIAN_POINT ( 'NONE',  ( 7.672977996316014959, -2.391819750507015119, 3.328139316657634961 ) ) ;
#3862 = ORIENTED_EDGE ( 'NONE', *, *, #3738, .F. ) ;
#3863 = CARTESIAN_POINT ( 'NONE',  ( 16.34849195267135258, -10.97324958530632344, 2.848046250809248559 ) ) ;
#3864 = CARTESIAN_POINT ( 'NONE',  ( -6.129967210265984789, 5.674820170431093658, 2.000000000000000000 ) ) ;
#3865 = CARTESIAN_POINT ( 'NONE',  ( 11.89759530206099569, -1.302421590175777411, 4.301572151307301084 ) ) ;
#3866 = ORIENTED_EDGE ( 'NONE', *, *, #1311, .F. ) ;
#3867 = EDGE_CURVE ( 'NONE', #3299, #4171, #441, .T. ) ;
#3868 = DIRECTION ( 'NONE',  ( -0.000000000000000000, 0.000000000000000000, 1.000000000000000000 ) ) ;
#3869 = DIRECTION ( 'NONE',  ( 0.000000000000000000, -0.000000000000000000, 1.000000000000000000 ) ) ;
#3870 = CARTESIAN_POINT ( 'NONE',  ( 8.341123821395370896, -1.253574732040274142, 2.903861200104911777 ) ) ;
#3871 = CARTESIAN_POINT ( 'NONE',  ( -15.63814266888728710, -14.20050339839028553, 2.000000000000000000 ) ) ;
#3872 = CARTESIAN_POINT ( 'NONE',  ( 6.859903119017674911, -10.82074852814118771, 3.526078661323746921 ) ) ;
#3873 = ORIENTED_EDGE ( 'NONE', *, *, #4085, .F. ) ;
#3874 = CARTESIAN_POINT ( 'NONE',  ( 5.226597772413552612, -9.800461904299535121, 2.000000000000000000 ) ) ;
#3875 = ORIENTED_EDGE ( 'NONE', *, *, #3582, .F. ) ;
#3876 = EDGE_CURVE ( 'NONE', #2629, #4199, #2409, .T. ) ;
#3877 = CARTESIAN_POINT ( 'NONE',  ( 15.86488261020204504, -10.80715958502062612, 3.508582972128463151 ) ) ;
#3878 = CARTESIAN_POINT ( 'NONE',  ( 16.84821260431415624, -7.964089505075771847, 4.112464346509417723 ) ) ;
#3879 = CARTESIAN_POINT ( 'NONE',  ( 6.772286888625588475, -10.77050888428189346, 3.401716764392701098 ) ) ;
#3880 = CARTESIAN_POINT ( 'NONE',  ( 5.143865920720571694, -7.488736868053218032, 2.975039556686867037 ) ) ;
#3881 = CARTESIAN_POINT ( 'NONE',  ( 5.456340794482443357, -6.875000000000009770, 3.000000000000000444 ) ) ;
#3882 = CARTESIAN_POINT ( 'NONE',  ( 15.65253979958552932, -15.18392860183951143, 3.849077330543416942 ) ) ;
#3883 = CARTESIAN_POINT ( 'NONE',  ( 15.91622670270935025, -2.314809960974728131, 2.848083732178380068 ) ) ;
#3884 = CARTESIAN_POINT ( 'NONE',  ( 6.535284325351572221, -10.10379365865996881, 3.328111981668766539 ) ) ;
#3885 = DIRECTION ( 'NONE',  ( -0.000000000000000000, -0.000000000000000000, -1.000000000000000000 ) ) ;
#3886 = CARTESIAN_POINT ( 'NONE',  ( 15.40030395879279723, -1.942056227601642426, 2.903861733017204738 ) ) ;
#3887 = CARTESIAN_POINT ( 'NONE',  ( 17.48082696925580848, -16.49536854234489169, 2.942066996331640372 ) ) ;
#3888 = CARTESIAN_POINT ( 'NONE',  ( 13.49315123112122983, -1.700120404943145314, 4.301796487709987460 ) ) ;
#3889 = B_SPLINE_CURVE_WITH_KNOTS ( 'NONE', 3,
 ( #4604, #1872, #1474, #1029, #2665 ),
 .UNSPECIFIED., .F., .F.,
 ( 4, 1, 4 ),
 ( 0.7716439240443010439, 0.8125000000000001110, 0.8750000000000000000 ),
 .UNSPECIFIED. ) ;
#3890 = ORIENTED_EDGE ( 'NONE', *, *, #1543, .T. ) ;
#3891 = CARTESIAN_POINT ( 'NONE',  ( 5.274898319499519594, -16.00000000000000000, 3.000000000000000000 ) ) ;
#3892 = CARTESIAN_POINT ( 'NONE',  ( 7.163326611851590364, -11.05246941636453251, 3.876134702410449329 ) ) ;
#3893 = CARTESIAN_POINT ( 'NONE',  ( 5.730408014979055054, -9.882039525200260854, 2.903861913058069621 ) ) ;
#3894 = CARTESIAN_POINT ( 'NONE',  ( 7.328494177791389674, -10.76355266770535479, 4.049014899390209976 ) ) ;
#3895 = VERTEX_POINT ( 'NONE', #3931 ) ;
#3896 = VECTOR ( 'NONE', #1584, 1000.000000000000000 ) ;
#3897 = CARTESIAN_POINT ( 'NONE',  ( 4.606036663684062837, -7.627229004577238847, 2.000000000000000000 ) ) ;
#3898 = CARTESIAN_POINT ( 'NONE',  ( 15.61836220071844927, -2.323023938571171509, 2.975070721952004060 ) ) ;
#3899 = ORIENTED_EDGE ( 'NONE', *, *, #3929, .T. ) ;
#3900 = CARTESIAN_POINT ( 'NONE',  ( 7.124737276526365903, -10.52797214556025018, 4.490736308594573956 ) ) ;
#3901 = CARTESIAN_POINT ( 'NONE',  ( 15.83626760173369519, -10.25151663668856017, 4.028938042284068821 ) ) ;
#3902 = ORIENTED_EDGE ( 'NONE', *, *, #3453, .T. ) ;
#3903 = CARTESIAN_POINT ( 'NONE',  ( 7.370510827722532632, -10.86206188121545324, 3.733523991921432472 ) ) ;
#3904 = CARTESIAN_POINT ( 'NONE',  ( 16.41226322207789323, -11.35678710726735829, 2.186466277640244815 ) ) ;
#3905 = ADVANCED_FACE ( 'NONE', ( #372 ), #1163, .T. ) ;
#3906 = CIRCLE ( 'NONE', #2412, 0.9999999999999996669 ) ;
#3907 = CARTESIAN_POINT ( 'NONE',  ( 16.25326726426532886, -11.77223060058130599, 2.336396103067889474 ) ) ;
#3908 = CARTESIAN_POINT ( 'NONE',  ( 7.806100627401982628, -11.20490756400455190, 4.490555573250523125 ) ) ;
#3909 = CARTESIAN_POINT ( 'NONE',  ( 14.47514013726102888, -2.203761231562804568, 4.490736308594572179 ) ) ;
#3910 = CARTESIAN_POINT ( 'NONE',  ( 14.57451715998038821, -2.047348698237180020, 3.328111917830605559 ) ) ;
#3911 = CARTESIAN_POINT ( 'NONE',  ( 13.73979781666101729, -14.61278799990086164, 5.800417238623390759 ) ) ;
#3912 = CARTESIAN_POINT ( 'NONE',  ( 4.977146890404458901, -6.881863785123389476, 2.903915935320998010 ) ) ;
#3913 = CARTESIAN_POINT ( 'NONE',  ( -6.129967210265984789, 5.674820170431093658, 2.000000000000000000 ) ) ;
#3914 = CARTESIAN_POINT ( 'NONE',  ( 16.92527678999053364, -6.265411417479053391, 4.301543339920398168 ) ) ;
#3915 = ORIENTED_EDGE ( 'NONE', *, *, #2882, .F. ) ;
#3916 = CARTESIAN_POINT ( 'NONE',  ( -15.63814266888728355, -14.20050339839028197, 3.000000000000000000 ) ) ;
#3917 = CARTESIAN_POINT ( 'NONE',  ( 17.70429803230750920, -7.496754211554556235, 2.903862376570788939 ) ) ;
#3918 = CARTESIAN_POINT ( 'NONE',  ( 17.43704551897443267, -16.00000000000000355, 2.001935015184501232 ) ) ;
#3919 = CARTESIAN_POINT ( 'NONE',  ( 16.97825736068841351, -17.35853741858573329, 1.733889651497833029 ) ) ;
#3920 = ORIENTED_EDGE ( 'NONE', *, *, #3341, .F. ) ;
#3921 = CYLINDRICAL_SURFACE ( 'NONE', #983, 9.999999999999998224 ) ;
#3922 = ORIENTED_EDGE ( 'NONE', *, *, #2728, .F. ) ;
#3923 = CARTESIAN_POINT ( 'NONE',  ( 15.81547728486864202, -10.46874303918337468, 3.578371709826031921 ) ) ;
#3924 = VERTEX_POINT ( 'NONE', #2193 ) ;
#3925 = APPROVAL ( #4885, 'UNSPECIFIED' ) ;
#3926 = CARTESIAN_POINT ( 'NONE',  ( 6.149178524990391637, -9.035592293145567666, 3.733523819975901326 ) ) ;
#3927 = CARTESIAN_POINT ( 'NONE',  ( 6.051843115296958509, -11.04968930595423870, 1.733889651497825479 ) ) ;
#3928 = CARTESIAN_POINT ( 'NONE',  ( 18.03434474384798136, -7.749070846658177913, 2.707106781186548350 ) ) ;
#3929 = EDGE_CURVE ( 'NONE', #4747, #1296, #1300, .T. ) ;
#3930 = CARTESIAN_POINT ( 'NONE',  ( 8.240543064058284628, -2.223079624008679200, 4.490394034041905513 ) ) ;
#3931 = CARTESIAN_POINT ( 'NONE',  ( -29.22946106578824654, 7.999999999999923617, 1.000000000000000000 ) ) ;
#3932 = CARTESIAN_POINT ( 'NONE',  ( 10.14219263826591622, -12.99806270600410940, 2.975011524063019053 ) ) ;
#3933 = DIRECTION ( 'NONE',  ( 1.000000000000000000, 0.000000000000000000, 0.000000000000000000 ) ) ;
#3934 = EDGE_CURVE ( 'NONE', #2003, #2385, #4986, .T. ) ;
#3935 = CARTESIAN_POINT ( 'NONE',  ( 16.07144281997956625, -11.11944379772141112, 3.185524080162904337 ) ) ;
#3936 = CARTESIAN_POINT ( 'NONE',  ( 16.66023021164987483, -11.04968930648951542, 1.822849663686110899 ) ) ;
#3937 = CARTESIAN_POINT ( 'NONE',  ( 16.01130175403952549, -9.986048059492443230, 4.301428578756332222 ) ) ;
#3938 = ORIENTED_EDGE ( 'NONE', *, *, #3498, .T. ) ;
#3939 = CARTESIAN_POINT ( 'NONE',  ( 5.766036663684054098, -6.875000000000007994, 6.000000000000000000 ) ) ;
#3940 =( NAMED_UNIT ( * ) PLANE_ANGLE_UNIT ( ) SI_UNIT ( $, .RADIAN. ) );
#3941 = CARTESIAN_POINT ( 'NONE',  ( 15.31390049485263383, -2.047422660962535002, 2.975039495233822606 ) ) ;
#3942 = CARTESIAN_POINT ( 'NONE',  ( 5.543497663389413965, -17.58022748378860456, 2.275278106151244817 ) ) ;
#3943 = CARTESIAN_POINT ( 'NONE',  ( 4.999926315181882686, -16.67926870929286309, 1.733889651497826812 ) ) ;
#3944 = VERTEX_POINT ( 'NONE', #186 ) ;
#3945 = CARTESIAN_POINT ( 'NONE',  ( 15.88348003546041376, -10.22446199375286646, 3.896051679381453692 ) ) ;
#3946 = DIRECTION ( 'NONE',  ( -0.000000000000000000, 0.000000000000000000, 1.000000000000000000 ) ) ;
#3947 = CARTESIAN_POINT ( 'NONE',  ( 7.365223120644560417, -2.892972508499924711, 3.733524232933414844 ) ) ;
#3948 = DIRECTION ( 'NONE',  ( -0.000000000000000000, 1.000000000000000000, -0.000000000000000000 ) ) ;
#3949 = ORIENTED_EDGE ( 'NONE', *, *, #315, .F. ) ;
#3950 = CARTESIAN_POINT ( 'NONE',  ( 8.405514287170660737, -1.373664042876725722, 2.975039036606496712 ) ) ;
#3951 = AXIS2_PLACEMENT_3D ( 'NONE', #3506, #273, #3064 ) ;
#3952 = CARTESIAN_POINT ( 'NONE',  ( 16.96608521906785683, -4.551241802788439372, 3.000000000000000444 ) ) ;
#3953 = CARTESIAN_POINT ( 'NONE',  ( 16.92817814653638919, -7.421341356998286010, 4.490558683987596389 ) ) ;
#3954 = FACE_OUTER_BOUND ( 'NONE', #3770, .T. ) ;
#3955 = B_SPLINE_CURVE_WITH_KNOTS ( 'NONE', 3,
 ( #632, #2646, #4505, #4217 ),
 .UNSPECIFIED., .F., .F.,
 ( 4, 4 ),
 ( 0.000000000000000000, 4.409751945125070521E-05 ),
 .UNSPECIFIED. ) ;
#3956 = EDGE_CURVE ( 'NONE', #2795, #1810, #1216, .T. ) ;
#3957 = CARTESIAN_POINT ( 'NONE',  ( 11.35603666368406195, -6.875000000000007994, 6.000000000000000000 ) ) ;
#3958 = CARTESIAN_POINT ( 'NONE',  ( 9.475224187349757798, -0.6958339332247804876, 2.848046846980192282 ) ) ;
#3959 = CARTESIAN_POINT ( 'NONE',  ( 5.313326151733504865, -12.88494328418571833, 4.446473284844684848 ) ) ;
#3960 = EDGE_CURVE ( 'NONE', #1475, #5016, #2986, .T. ) ;
#3961 = CARTESIAN_POINT ( 'NONE',  ( 15.33597423409555027, -2.895062429588519670, 3.733488791509385951 ) ) ;
#3962 = VERTEX_POINT ( 'NONE', #4849 ) ;
#3963 = APPROVAL_ROLE ( '' ) ;
#3964 = CARTESIAN_POINT ( 'NONE',  ( -6.129967210265984789, 5.674820170431093658, 3.000000000000000000 ) ) ;
#3965 = CARTESIAN_POINT ( 'NONE',  ( 6.367827735011302615, -10.50298494788068382, 3.046847041374658449 ) ) ;
#3966 = DIRECTION ( 'NONE',  ( -0.000000000000000000, -0.000000000000000000, -1.000000000000000000 ) ) ;
#3967 = DIRECTION ( 'NONE',  ( -0.000000000000000000, 0.000000000000000000, -1.000000000000000000 ) ) ;
#3968 = ORIENTED_EDGE ( 'NONE', *, *, #3675, .F. ) ;
#3969 = ORIENTED_EDGE ( 'NONE', *, *, #686, .T. ) ;
#3970 = CARTESIAN_POINT ( 'NONE',  ( 6.351057878884060592, -4.272790092251455896, 3.733430147957386147 ) ) ;
#3971 = LINE ( 'NONE', #850, #3896 ) ;
#3972 = CIRCLE ( 'NONE', #4641, 6.750000000000000000 ) ;
#3973 = EDGE_LOOP ( 'NONE', ( #3635, #2144, #5069, #2125 ) ) ;
#3974 = CARTESIAN_POINT ( 'NONE',  ( 5.210988207848401110, -12.91913673877525959, 4.296949604871723061 ) ) ;
#3975 = ORIENTED_EDGE ( 'NONE', *, *, #2154, .F. ) ;
#3976 = CIRCLE ( 'NONE', #818, 11.09000000000000874 ) ;
#3977 = CARTESIAN_POINT ( 'NONE',  ( 5.586547814513248333, -9.264800529286896236, 3.000000000000000000 ) ) ;
#3978 = CARTESIAN_POINT ( 'NONE',  ( 10.80716086814833155, -12.44701540068394685, 4.490557676726513847 ) ) ;
#3979 = DIRECTION ( 'NONE',  ( 0.000000000000000000, 0.000000000000000000, -1.000000000000000000 ) ) ;
#3980 = AXIS2_PLACEMENT_3D ( 'NONE', #278, #720, #3069 ) ;
#3981 = ORIENTED_EDGE ( 'NONE', *, *, #842, .F. ) ;
#3982 = AXIS2_PLACEMENT_3D ( 'NONE', #4905, #962, #2558 ) ;
#3983 = CARTESIAN_POINT ( 'NONE',  ( 6.458806063102770167, -11.77223060058129356, 2.168198051533947179 ) ) ;
#3984 = CARTESIAN_POINT ( 'NONE',  ( 4.896651555421979829, -6.881949922205336634, 2.848102352938442383 ) ) ;
#3985 = AXIS2_PLACEMENT_3D ( 'NONE', #5089, #3141, #1067 ) ;
#3986 = EDGE_CURVE ( 'NONE', #1631, #4072, #2893, .T. ) ;
#3987 = CARTESIAN_POINT ( 'NONE',  ( 15.68386475009376291, -10.42708989107512529, 4.112579815120072091 ) ) ;
#3988 = ORIENTED_EDGE ( 'NONE', *, *, #3026, .T. ) ;
#3989 = CARTESIAN_POINT ( 'NONE',  ( 14.74552077093474800, -11.33074219994110265, 4.467472459858054634 ) ) ;
#3990 = CARTESIAN_POINT ( 'NONE',  ( 0.000000000000000000, 17.99999999999999645, 1.000000000000000000 ) ) ;
#3991 = ADVANCED_FACE ( 'NONE', ( #2921 ), #3380, .T. ) ;
#3992 = DIRECTION ( 'NONE',  ( 1.000000000000000000, 0.000000000000000000, 0.000000000000000000 ) ) ;
#3993 = CARTESIAN_POINT ( 'NONE',  ( 6.677969481107022709, -10.96417119622748970, 3.251136338307204721 ) ) ;
#3994 = CARTESIAN_POINT ( 'NONE',  ( -19.22946106578825010, -8.000000000000003553, 3.000000000000000000 ) ) ;
#3995 = EDGE_LOOP ( 'NONE', ( #677, #1815, #2573, #2264 ) ) ;
#3996 = CARTESIAN_POINT ( 'NONE',  ( 6.051843115296958509, -11.04968930595423870, 1.822787723073261423 ) ) ;
#3997 = PLANE ( 'NONE',  #3379 ) ;
#3998 = CARTESIAN_POINT ( 'NONE',  ( 7.777536757215297136, -2.518838610052804849, 3.733418915269204330 ) ) ;
#3999 = CARTESIAN_POINT ( 'NONE',  ( 17.71214701218624299, -17.35853741858572974, 2.467779302995659396 ) ) ;
#4000 = CARTESIAN_POINT ( 'NONE',  ( 7.008403078698430377, -14.41950512138733131, 4.367950303390086830 ) ) ;
#4001 = EDGE_LOOP ( 'NONE', ( #2370, #3329, #2837, #2714 ) ) ;
#4002 = CARTESIAN_POINT ( 'NONE',  ( 16.20125365483783142, -2.029783008846236747, 2.707106781186546129 ) ) ;
#4003 = CARTESIAN_POINT ( 'NONE',  ( 7.023435563780661361, -3.328668115240937642, 4.490553885095759590 ) ) ;
#4004 = DIRECTION ( 'NONE',  ( 0.000000000000000000, -1.000000000000000000, 0.000000000000000000 ) ) ;
#4005 = DIRECTION ( 'NONE',  ( -0.5958469241734452027, -0.8030980282338169296, 0.000000000000000000 ) ) ;
#4006 = CARTESIAN_POINT ( 'NONE',  ( -11.22023827261601703, -6.549125643708114453, 2.000000000000000000 ) ) ;
#4007 = CARTESIAN_POINT ( 'NONE',  ( 9.726145892845210028, -1.518663646929962807, 4.112581813053427737 ) ) ;
#4008 = ORIENTED_EDGE ( 'NONE', *, *, #344, .F. ) ;
#4009 = CARTESIAN_POINT ( 'NONE',  ( 14.73028626021995890, -11.33475722646258177, 5.086800425953433624 ) ) ;
#4010 = CARTESIAN_POINT ( 'NONE',  ( 9.098320798547851140, -1.424391738403244734, 3.000000000000000000 ) ) ;
#4011 = CARTESIAN_POINT ( 'NONE',  ( 6.233001276976705363, -10.68817073786632044, 2.888667386372034684 ) ) ;
#4012 = LINE ( 'NONE', #4374, #1913 ) ;
#4013 = EDGE_CURVE ( 'NONE', #3051, #3299, #4067, .T. ) ;
#4014 = ORIENTED_EDGE ( 'NONE', *, *, #3773, .F. ) ;
#4015 = CARTESIAN_POINT ( 'NONE',  ( 8.231314358421009558, -12.38219455106678701, 4.553727348696485322 ) ) ;
#4016 = CARTESIAN_POINT ( 'NONE',  ( 7.676971121818538357, -11.36161340201825887, 3.328138724573627805 ) ) ;
#4017 = CARTESIAN_POINT ( 'NONE',  ( 5.258837610195700840, -16.15930129021890949, 2.998492300309834491 ) ) ;
#4018 = VERTEX_POINT ( 'NONE', #2693 ) ;
#4019 = CARTESIAN_POINT ( 'NONE',  ( 7.002634808595591842, -15.17913399683584785, 3.740932208601114084 ) ) ;
#4020 = EDGE_CURVE ( 'NONE', #2280, #1171, #3889, .T. ) ;
#4021 = CARTESIAN_POINT ( 'NONE',  ( 11.35603666368404951, -13.80072993341060794, 2.336396103067893470 ) ) ;
#4022 = CARTESIAN_POINT ( 'NONE',  ( 15.17873308924414921, -2.792237790789855012, 4.490736100165414690 ) ) ;
#4023 = CARTESIAN_POINT ( 'NONE',  ( 18.16329121898056087, -18.00000000000000355, 1.565490889407021635 ) ) ;
#4024 = CIRCLE ( 'NONE', #4438, 6.352414280079145215 ) ;
#4025 = CARTESIAN_POINT ( 'NONE',  ( 6.272686513140584452, -11.67891734461478670, 1.933526512426355426 ) ) ;
#4026 = CARTESIAN_POINT ( 'NONE',  ( 17.75457679686287094, -4.224637897448780599, 2.336396103067896579 ) ) ;
#4027 = CARTESIAN_POINT ( 'NONE',  ( 10.71689910198640483, -0.4473002065721024545, 2.848045534172388482 ) ) ;
#4028 = CARTESIAN_POINT ( 'NONE',  ( 12.59046996215407432, -0.6168168041499902943, 2.903829029532056794 ) ) ;
#4029 = CARTESIAN_POINT ( 'NONE',  ( 15.52775161973478468, -2.703285043949286148, 2.999999999999999112 ) ) ;
#4030 = CARTESIAN_POINT ( 'NONE',  ( 10.80732578496589369, -12.44703151530105245, 4.112580105654693341 ) ) ;
#4031 = VECTOR ( 'NONE', #630, 1000.000000000000114 ) ;
#4032 = CARTESIAN_POINT ( 'NONE',  ( 13.54144811457156017, -12.02323909774114519, 5.086800426640048833 ) ) ;
#4033 =( BOUNDED_SURFACE ( )  B_SPLINE_SURFACE ( 3, 2, ( 
 ( #383, #3894, #1920 ),
 ( #3459, #361, #2657 ),
 ( #3515, #1050, #2362 ),
 ( #4276, #3559, #4253 ),
 ( #1495, #4650, #5098 ),
 ( #3484, #1075, #5074 ),
 ( #3872, #1521, #3124 ),
 ( #335, #1946, #1546 ),
 ( #1864, #4228, #695 ),
 ( #306, #4720, #1889 ),
 ( #1146, #3101, #2763 ),
 ( #773, #1967, #1097 ),
 ( #2710, #1243, #4423 ),
 ( #1676, #3230, #4448 ),
 ( #4065, #4373, #4787 ),
 ( #2808, #817, #1265 ),
 ( #2439, #69, #1624 ),
 ( #1168, #2785, #1649 ),
 ( #794, #892, #3656 ),
 ( #4401, #2835, #3965 ),
 ( #2459, #2096, #3254 ),
 ( #503, #24, #4836 ),
 ( #3993, #4764, #4035 ),
 ( #3586, #844, #4011 ),
 ( #1995, #448, #1599 ),
 ( #2484, #1577, #4813 ),
 ( #866, #2035, #2857 ),
 ( #3205, #3607, #2065 ),
 ( #3, #1218, #3178 ),
 ( #4348, #3629, #2390 ) ),
 .UNSPECIFIED., .F., .F., .F. ) 
 B_SPLINE_SURFACE_WITH_KNOTS ( ( 4, 2, 2, 2, 2, 2, 2, 2, 2, 2, 2, 2, 2, 2, 4 ),
 ( 3, 3 ),
 ( -8.053519468841064703E-06, 0.0003240618717293169320, 0.0004901195673283958651, 0.0006561772629274749066, 0.0007392061107270144274, 0.0007599633226768993076, 0.0007807205346267841878, 0.0008222349585265539482, 0.0009052638063260934689, 0.0009882926541256329897, 0.001071321501925172510, 0.001154350349724712031, 0.001237379197524251552, 0.001278893621424021312, 0.001320408045323790856 ),
 ( 0.000000000000000000, 1.000000000000000000 ),
 .UNSPECIFIED. ) 
 GEOMETRIC_REPRESENTATION_ITEM ( )  RATIONAL_B_SPLINE_SURFACE ( (
 ( 1.000000000000000000, 0.8795462220466007119, 1.000000000000000000),
 ( 1.000000000000000000, 0.8846172499296031111, 1.000000000000000000),
 ( 1.000000000000000000, 0.8908316792268381468, 1.000000000000000000),
 ( 1.000000000000000000, 0.9045777253995183065, 1.000000000000000000),
 ( 1.000000000000000000, 0.9099005602685302785, 1.000000000000000000),
 ( 1.000000000000000000, 0.9231490964058196580, 1.000000000000000000),
 ( 1.000000000000000000, 0.9311605454254927583, 1.000000000000000000),
 ( 1.000000000000000000, 0.9466194360887381087, 1.000000000000000000),
 ( 1.000000000000000000, 0.9525430705542904386, 1.000000000000000000),
 ( 1.000000000000000000, 0.9594003839939910794, 1.000000000000000000),
 ( 1.000000000000000000, 0.9607295213021485036, 1.000000000000000000),
 ( 1.000000000000000000, 0.9631886235515274564, 1.000000000000000000),
 ( 1.000000000000000000, 0.9643365556471338307, 1.000000000000000000),
 ( 1.000000000000000000, 0.9668906436372116664, 1.000000000000000000),
 ( 1.000000000000000000, 0.9674849280584129074, 1.000000000000000000),
 ( 1.000000000000000000, 0.9681297458429332092, 1.000000000000000000),
 ( 1.000000000000000000, 0.9671510482624084970, 1.000000000000000000),
 ( 1.000000000000000000, 0.9647810736297154355, 1.000000000000000000),
 ( 1.000000000000000000, 0.9632216010196354983, 1.000000000000000000),
 ( 1.000000000000000000, 0.9597265507262970896, 1.000000000000000000),
 ( 1.000000000000000000, 0.9577526462715566513, 1.000000000000000000),
 ( 1.000000000000000000, 0.9534344368314535689, 1.000000000000000000),
 ( 1.000000000000000000, 0.9509768064403389953, 1.000000000000000000),
 ( 1.000000000000000000, 0.9475044046312564028, 1.000000000000000000),
 ( 1.000000000000000000, 0.9467713556603537528, 1.000000000000000000),
 ( 1.000000000000000000, 0.9466464921664730081, 1.000000000000000000),
 ( 1.000000000000000000, 0.9467392773592192556, 1.000000000000000000),
 ( 1.000000000000000000, 0.9470590151458383454, 1.000000000000000000),
 ( 1.000000000000000000, 0.9475039204891477773, 1.000000000000000000),
 ( 1.000000000000000000, 0.9472116160705497112, 1.000000000000000000) ) ) 
 REPRESENTATION_ITEM ( '' )  SURFACE ( )  );
#4034 = FACE_OUTER_BOUND ( 'NONE', #3454, .T. ) ;
#4035 = CARTESIAN_POINT ( 'NONE',  ( 6.267844689301148797, -10.63028016149170085, 2.929909011546210973 ) ) ;
#4036 = CARTESIAN_POINT ( 'NONE',  ( 4.606036663684062837, -6.875000000000007994, 2.000000000000000000 ) ) ;
#4037 = VERTEX_POINT ( 'NONE', #4204 ) ;
#4038 = CARTESIAN_POINT ( 'NONE',  ( 5.191656370658432884, -16.02959143036677858, 3.000364007157374946 ) ) ;
#4039 = CARTESIAN_POINT ( 'NONE',  ( 15.58677506175939698, -2.913521967693327497, 3.328168490734022100 ) ) ;
#4040 = EDGE_CURVE ( 'NONE', #5115, #4351, #1062, .T. ) ;
#4041 = CARTESIAN_POINT ( 'NONE',  ( 5.157568276248460926, -16.89768156027849599, 2.790476997890192656 ) ) ;
#4042 = ORIENTED_EDGE ( 'NONE', *, *, #3705, .T. ) ;
#4043 = CARTESIAN_POINT ( 'NONE',  ( 6.810140272546622242, -14.34383626161743841, 3.617846213403444366 ) ) ;
#4044 = ORIENTED_EDGE ( 'NONE', *, *, #1116, .T. ) ;
#4045 = LINE ( 'NONE', #2520, #3476 ) ;
#4046 = CARTESIAN_POINT ( 'NONE',  ( 18.10603666368406195, -5.991545965816269970, 2.000000000000000000 ) ) ;
#4047 = CARTESIAN_POINT ( 'NONE',  ( 15.68391680632917584, -10.42702631972629845, 4.301568537812483051 ) ) ;
#4048 = EDGE_CURVE ( 'NONE', #4451, #3042, #1961, .T. ) ;
#4049 = CARTESIAN_POINT ( 'NONE',  ( 15.40667358751282912, -10.73724511248994240, 4.714655263726454493 ) ) ;
#4050 = CYLINDRICAL_SURFACE ( 'NONE', #2073, 6.750000000000000000 ) ;
#4051 = CIRCLE ( 'NONE', #4381, 1.000000000000000888 ) ;
#4052 = DIRECTION ( 'NONE',  ( -0.000000000000000000, -1.000000000000000000, -0.000000000000000000 ) ) ;
#4053 = CARTESIAN_POINT ( 'NONE',  ( 16.25326726426534663, -1.977769399418725760, 2.168198051533944515 ) ) ;
#4054 = CARTESIAN_POINT ( 'NONE',  ( 13.76073386193588632, -14.68074727496954246, 4.733889651497855233 ) ) ;
#4055 = CARTESIAN_POINT ( 'NONE',  ( 13.29987962766183607, -13.03906566494658037, 2.848052234036281494 ) ) ;
#4056 = VECTOR ( 'NONE', #95, 1000.000000000000000 ) ;
#4057 = AXIS2_PLACEMENT_3D ( 'NONE', #3448, #1851, #1907 ) ;
#4058 = CARTESIAN_POINT ( 'NONE',  ( 5.586547814513248333, -9.264800529286896236, 3.000000000000000000 ) ) ;
#4059 = CARTESIAN_POINT ( 'NONE',  ( 7.805973002170476072, -11.20480305268605825, 4.112578628227999467 ) ) ;
#4060 = CARTESIAN_POINT ( 'NONE',  ( 6.272267366545727363, -16.04409290684119682, 1.934544237560746227 ) ) ;
#4061 = CARTESIAN_POINT ( 'NONE',  ( 16.94603666368406891, -6.875000000000007105, 5.086800426173084588 ) ) ;
#4062 = DATE_AND_TIME ( #583, #3741 ) ;
#4063 = B_SPLINE_SURFACE_WITH_KNOTS ( 'NONE', 5, 3, ( 
 ( #4238, #1821, #2196, #2298, #5031, #3776, #3832, #1846, #209, #3881, #290, #2972, #4632, #3030, #3419, #4551, #4605, #3086, #317 ),
 ( #1006, #1873, #1798, #4579, #3444, #1058, #623, #4978, #2276, #1032, #3470, #1901, #2636, #1476, #4659, #2694, #3952, #1178, #2819 ),
 ( #3544, #2006, #3109, #5057, #1554, #1507, #3216, #5081, #3977, #3597, #804, #4335, #4682, #2796, #4362, #760, #1528, #2430, #781 ),
 ( #370, #1930, #2402, #1104, #4286, #1977, #2718, #831, #3522, #2773, #2027, #1130, #5106, #3162, #3134, #36, #1205, #1953, #4706 ),
 ( #2347, #3928, #3569, #14, #346, #1154, #4312, #416, #2372, #1612, #731, #2322, #391, #4732, #4387, #4002, #1587, #2743, #3190 ),
 ( #4754, #4774, #439, #3907, #4895, #4021, #2521, #4870, #2918, #2049, #157, #1688, #3019, #459, #2622, #2865, #3286, #3637, #1251 ),
 ( #1412, #4434, #904, #3691, #106, #2106, #4799, #1232, #131, #4822, #1712, #4847, #3309, #1634, #3338, #2079, #2470, #638, #1019 ),
 ( #83, #1661, #3665, #1277, #60, #3619, #2448, #2133, #1308, #4195, #3262, #2495, #4488, #2891, #3241, #878, #2845, #4046, #4594 ) ),
 .UNSPECIFIED., .F., .T., .F.,
 ( 6, 2, 6 ),
 ( 4, 1, 1, 1, 1, 1, 1, 1, 1, 1, 1, 1, 1, 1, 1, 1, 4 ),
 ( 0.000000000000000000, 0.5000000000000000000, 1.000000000000000000 ),
 ( -3.141592653589793116, -2.748893571891068976, -2.356194490192345281, -1.963495408493620475, -1.570796326794896558, -1.178097245096172418, -0.7853981633974482790, -0.3926990816987241395, 0.000000000000000000, 0.3926990816987241395, 0.7853981633974482790, 1.178097245096172418, 1.570796326794896558, 1.963495408493620475, 2.356194490192344393, 2.748893571891068976, 3.141592653589793116 ),
 .UNSPECIFIED. ) ;
#4064 = DIRECTION ( 'NONE',  ( 1.000000000000000000, 0.000000000000000000, 0.000000000000000000 ) ) ;
#4065 = CARTESIAN_POINT ( 'NONE',  ( 6.774568884285783632, -10.77073100947914419, 3.405023183371475692 ) ) ;
#4066 = CARTESIAN_POINT ( 'NONE',  ( 5.626812441584748470, -17.51558824573938367, 2.353245150493978866 ) ) ;
#4067 = B_SPLINE_CURVE_WITH_KNOTS ( 'NONE', 3,
 ( #730, #3443, #2217, #3417, #5005, #1447, #4178, #1795, #3801, #1897, #1080, #2319, #4977, #676, #5028, #3054, #233, #1423 ),
 .UNSPECIFIED., .F., .F.,
 ( 4, 2, 2, 2, 2, 2, 2, 2, 4 ),
 ( 0.000000000000000000, 0.06250000000000000000, 0.1250000000000000000, 0.1875000000000000000, 0.2500000000000000000, 0.3125000000000000000, 0.3750000000000000000, 0.4375000000000000000, 0.5000000000000000000 ),
 .UNSPECIFIED. ) ;
#4068 = ORIENTED_EDGE ( 'NONE', *, *, #1030, .F. ) ;
#4069 = CARTESIAN_POINT ( 'NONE',  ( -9.074569634029492349, 9.348806768937508949, 2.000000000000000000 ) ) ;
#4070 = CARTESIAN_POINT ( 'NONE',  ( 16.18010352278509245, -10.09885648448303996, 3.328111968489029238 ) ) ;
#4071 = CARTESIAN_POINT ( 'NONE',  ( 5.179505731150407577, -16.80232545004015776, 2.835737759139568936 ) ) ;
#4072 = VERTEX_POINT ( 'NONE', #1630 ) ;
#4073 = CARTESIAN_POINT ( 'NONE',  ( 6.816873940824065059, -14.31821271355814673, 4.158331736668438694 ) ) ;
#4074 = ORIENTED_EDGE ( 'NONE', *, *, #551, .T. ) ;
#4075 = DIRECTION ( 'NONE',  ( 0.6823677188399468463, 0.5807806436988576237, -0.4439235747174372637 ) ) ;
#4076 = CARTESIAN_POINT ( 'NONE',  ( 16.84820854825717973, -7.964089209361247867, 4.301428605755621248 ) ) ;
#4077 = CARTESIAN_POINT ( 'NONE',  ( 17.45850650082129718, -12.89780864618363942, 4.363831591744196992 ) ) ;
#4078 = ADVANCED_FACE ( 'NONE', ( #1975 ), #2651, .T. ) ;
#4079 = FACE_OUTER_BOUND ( 'NONE', #2546, .T. ) ;
#4080 = CARTESIAN_POINT ( 'NONE',  ( 17.75457679686287094, -4.224637897448780599, 2.000000000000001332 ) ) ;
#4081 = CARTESIAN_POINT ( 'NONE',  ( 17.58979569585264713, -16.01478175775984170, 2.999999999999997780 ) ) ;
#4082 = CARTESIAN_POINT ( 'NONE',  ( 5.389973575385004878, -9.350618170709127597, 2.848102320625109041 ) ) ;
#4083 = CARTESIAN_POINT ( 'NONE',  ( 6.671304675528840988, -11.55973198815522096, 2.928308080163916305 ) ) ;
#4084 = CARTESIAN_POINT ( 'NONE',  ( 5.827206048642109337, -7.977349598975927769, 3.733353319397299863 ) ) ;
#4085 = EDGE_CURVE ( 'NONE', #1792, #3944, #3971, .T. ) ;
#4086 = CARTESIAN_POINT ( 'NONE',  ( 15.75888021223164870, -12.26525422668214738, 3.650773708198272516 ) ) ;
#4087 = CARTESIAN_POINT ( 'NONE',  ( 13.89036555309793819, -12.15651441207302419, 4.708185418351774842 ) ) ;
#4088 = CARTESIAN_POINT ( 'NONE',  ( 22.77053893421170017, -18.00000000000000355, 3.000000000000000000 ) ) ;
#4090 =( BOUNDED_SURFACE ( )  B_SPLINE_SURFACE ( 3, 2, ( 
 ( #4475, #3583, #21 ),
 ( #4558, #2559, #1429 ),
 ( #1345, #549, #4932 ),
 ( #4530, #2589, #3035 ),
 ( #4984, #2534, #1010 ),
 ( #1403, #2146, #3811 ),
 ( #3011, #4906, #3783 ),
 ( #964, #2176, #2201 ),
 ( #3760, #4610, #1724 ),
 ( #4135, #582, #196 ) ),
 .UNSPECIFIED., .F., .F., .F. ) 
 B_SPLINE_SURFACE_WITH_KNOTS ( ( 4, 2, 2, 2, 4 ),
 ( 3, 3 ),
 ( 0.002221537273552230338, 0.002849850241147341371, 0.003478163208742452404, 0.004106476176337563871, 0.004734789143932674471 ),
 ( 0.000000000000000000, 1.000000000000000000 ),
 .UNSPECIFIED. ) 
 GEOMETRIC_REPRESENTATION_ITEM ( )  RATIONAL_B_SPLINE_SURFACE ( (
 ( 1.000000000000000000, 0.9074935882210874993, 1.000000000000000000),
 ( 1.000000000000000000, 0.9109523151422772580, 1.000000000000000000),
 ( 1.000000000000000000, 0.9105251096342953376, 1.000000000000000000),
 ( 1.000000000000000000, 0.9037798171389880286, 1.000000000000000000),
 ( 1.000000000000000000, 0.8974859242530327519, 1.000000000000000000),
 ( 1.000000000000000000, 0.8809386481017885684, 1.000000000000000000),
 ( 1.000000000000000000, 0.8706346499167406661, 1.000000000000000000),
 ( 1.000000000000000000, 0.8481013722756604034, 1.000000000000000000),
 ( 1.000000000000000000, 0.8358068575703753167, 1.000000000000000000),
 ( 1.000000000000000000, 0.8226321130141961424, 1.000000000000000000) ) ) 
 REPRESENTATION_ITEM ( '' )  SURFACE ( )  );
#4089 = CARTESIAN_POINT ( 'NONE',  ( 15.67861977555666542, -10.42223328515526504, 4.377555300520388215 ) ) ;
#4091 = CARTESIAN_POINT ( 'NONE',  ( 6.703970899782040860, -9.990806204270622715, 4.490392912045247265 ) ) ;
#4092 = ORIENTED_EDGE ( 'NONE', *, *, #681, .T. ) ;
#4093 = CARTESIAN_POINT ( 'NONE',  ( 9.266036663684074526, -13.65922706049903645, 4.733889651497853457 ) ) ;
#4094 = CARTESIAN_POINT ( 'NONE',  ( 7.672977996316014959, -2.391819750507015119, 3.328139316657634961 ) ) ;
#4095 = DIRECTION ( 'NONE',  ( 1.000000000000000000, 0.000000000000000000, 0.000000000000000000 ) ) ;
#4096 = VERTEX_POINT ( 'NONE', #826 ) ;
#4097 = CARTESIAN_POINT ( 'NONE',  ( 16.43947378798474546, -16.02939667505500765, 1.934654155972636902 ) ) ;
#4098 = ORIENTED_EDGE ( 'NONE', *, *, #4897, .T. ) ;
#4099 = CARTESIAN_POINT ( 'NONE',  ( 13.04041661999694313, -12.21827209905893952, 4.301592847611164672 ) ) ;
#4100 = CARTESIAN_POINT ( 'NONE',  ( 17.45429269753268997, -16.02588065699117692, 3.001451261388372149 ) ) ;
#4101 = CARTESIAN_POINT ( 'NONE',  ( 27.77053893421177122, -1.734723475976807094E-15, 3.000000000000000000 ) ) ;
#4102 = CARTESIAN_POINT ( 'NONE',  ( 6.447123377369729624, -14.93166236619932263, 3.417130129716364539 ) ) ;
#4103 = CARTESIAN_POINT ( 'NONE',  ( 18.10603666368406550, -7.758454034183742465, 2.336396103067893026 ) ) ;
#4104 = DIRECTION ( 'NONE',  ( 1.000000000000000000, 0.000000000000000000, 0.000000000000000000 ) ) ;
#4105 = CARTESIAN_POINT ( 'NONE',  ( 15.40030395879279723, -1.942056227601642426, 2.903861733017204738 ) ) ;
#4106 = CARTESIAN_POINT ( 'NONE',  ( 17.44243276675195276, -6.078399823571041694, 2.999999999999999556 ) ) ;
#4107 = VECTOR ( 'NONE', #2180, 1000.000000000000000 ) ;
#4108 = CARTESIAN_POINT ( 'NONE',  ( 11.35256723565261439, -1.237508128055851309, 3.733524014069087738 ) ) ;
#4109 = CARTESIAN_POINT ( 'NONE',  ( 16.97825736068841351, -17.35853741858573329, 1.733889651497833029 ) ) ;
#4110 = CARTESIAN_POINT ( 'NONE',  ( 14.48144514227014490, -12.38180120100723158, 4.553479552508851391 ) ) ;
#4111 = ADVANCED_FACE ( 'NONE', ( #2023 ), #712, .T. ) ;
#4112 = DIRECTION ( 'NONE',  ( 1.000000000000000000, 0.000000000000000000, 0.000000000000000000 ) ) ;
#4113 = CARTESIAN_POINT ( 'NONE',  ( -10.95016594160859391, 6.820829136982932361, 2.000000000000000000 ) ) ;
#4114 = CARTESIAN_POINT ( 'NONE',  ( 15.58736651083490443, -10.52794050147458549, 4.490683922017885799 ) ) ;
#4115 = CARTESIAN_POINT ( 'NONE',  ( 13.04032768104539564, -12.21830030928091304, 4.490585822924505699 ) ) ;
#4116 = EDGE_LOOP ( 'NONE', ( #2690, #3915, #1921, #797 ) ) ;
#4117 = FACE_BOUND ( 'NONE', #3853, .T. ) ;
#4118 = CARTESIAN_POINT ( 'NONE',  ( 17.01236309843394068, -5.550947431701565016, 3.328104515817384534 ) ) ;
#4119 = AXIS2_PLACEMENT_3D ( 'NONE', #4797, #1686, #3284 ) ;
#4120 = CARTESIAN_POINT ( 'NONE',  ( 6.337903746211060785, -16.25292383699184384, 3.010658457793170317 ) ) ;
#4121 = ORIENTED_EDGE ( 'NONE', *, *, #1600, .F. ) ;
#4122 = CARTESIAN_POINT ( 'NONE',  ( 15.82617431268989705, -3.439683835340226814, 4.490736308594572179 ) ) ;
#4123 = ORIENTED_EDGE ( 'NONE', *, *, #3778, .F. ) ;
#4124 = CARTESIAN_POINT ( 'NONE',  ( 8.972275510707104829, -14.61278799990086164, 5.800417238623390759 ) ) ;
#4125 = CARTESIAN_POINT ( 'NONE',  ( 11.89759530206099569, -1.302421590175777411, 4.301572151307301084 ) ) ;
#4126 = CARTESIAN_POINT ( 'NONE',  ( 16.54651026814270409, -13.24117055850515356, 5.148585985627676997 ) ) ;
#4127 = CARTESIAN_POINT ( 'NONE',  ( 6.688021995084161730, -14.37661728173631737, 3.955325890032869385 ) ) ;
#4128 = CARTESIAN_POINT ( 'NONE',  ( 5.053459809729592855, -17.23368333322842716, 2.574174524414112764 ) ) ;
#4129 = CARTESIAN_POINT ( 'NONE',  ( 15.55179516645875815, -12.35365745017456263, 3.871668146176893810 ) ) ;
#4130 = CARTESIAN_POINT ( 'NONE',  ( 17.69190289300652097, -8.131388675797193599, 2.848011778397043336 ) ) ;
#4131 = CIRCLE ( 'NONE', #324, 2.000000000000001776 ) ;
#4132 = CARTESIAN_POINT ( 'NONE',  ( 17.81314344487061518, -6.875000000000006217, 2.928308080163915417 ) ) ;
#4133 = CARTESIAN_POINT ( 'NONE',  ( 16.04333952740696390, -10.00745878594881866, 3.733353326316868337 ) ) ;
#4134 = CARTESIAN_POINT ( 'NONE',  ( 6.381733256871065407, -11.68617272593252743, 2.567921728992915931 ) ) ;
#4135 = CARTESIAN_POINT ( 'NONE',  ( 7.630075477683632812, -11.89339154041989133, 4.248572732504305449 ) ) ;
#4136 = VECTOR ( 'NONE', #719, 1000.000000000000000 ) ;
#4137 = CARTESIAN_POINT ( 'NONE',  ( -19.22946106578817549, -18.00000000000000355, 1.000000000000000000 ) ) ;
#4138 = CARTESIAN_POINT ( 'NONE',  ( 4.730825149951880526, -6.875000000000008882, 2.928308080163914973 ) ) ;
#4139 = DIRECTION ( 'NONE',  ( -1.000000000000000000, 9.557834074139099330E-16, 0.000000000000000000 ) ) ;
#4140 = CARTESIAN_POINT ( 'NONE',  ( 16.35268834621146539, -10.51138324560984572, 3.035600044497886341 ) ) ;
#4141 = CARTESIAN_POINT ( 'NONE',  ( 14.31438675440965369, -11.63684846093383918, 4.490346514007812040 ) ) ;
#4142 = AXIS2_PLACEMENT_3D ( 'NONE', #571, #1336, #2500 ) ;
#4143 = ORIENTED_EDGE ( 'NONE', *, *, #3738, .T. ) ;
#4144 = EDGE_CURVE ( 'NONE', #2385, #2375, #2477, .T. ) ;
#4145 = DIRECTION ( 'NONE',  ( 0.000000000000000000, -1.000000000000000000, 0.000000000000000000 ) ) ;
#4146 = CARTESIAN_POINT ( 'NONE',  ( 5.145920192344609845, -6.202716031835738164, 2.975035336993063328 ) ) ;
#4147 = CARTESIAN_POINT ( 'NONE',  ( 6.306674902711361774, -11.70992774897434963, 2.229870715970789785 ) ) ;
#4148 = CARTESIAN_POINT ( 'NONE',  ( 16.80054392625994808, -5.411829326431627507, 4.490736308594572179 ) ) ;
#4149 = EDGE_LOOP ( 'NONE', ( #975, #970, #3439, #1227 ) ) ;
#4150 = ADVANCED_FACE ( 'NONE', ( #4730 ), #1175, .F. ) ;
#4151 = CARTESIAN_POINT ( 'NONE',  ( 16.71338808296610878, -8.502333827483367301, 4.112580277580223154 ) ) ;
#4152 = CARTESIAN_POINT ( 'NONE',  ( 17.40858317286842905, -12.88621881142515591, 4.433500917754917836 ) ) ;
#4153 = CARTESIAN_POINT ( 'NONE',  ( 6.305446109007428745, -14.04483616534895241, 2.221580415221422022 ) ) ;
#4154 = CARTESIAN_POINT ( 'NONE',  ( 4.735524965455675250, -6.875000000000009770, 2.708943016159724770 ) ) ;
#4155 = LINE ( 'NONE', #3267, #2580 ) ;
#4156 = CARTESIAN_POINT ( 'NONE',  ( 13.22812279500017141, -0.6928889834817458793, 2.848045741324138458 ) ) ;
#4157 = CARTESIAN_POINT ( 'NONE',  ( 5.111186933667632104, -6.875000000000008882, 3.000000000000000000 ) ) ;
#4158 = CARTESIAN_POINT ( 'NONE',  ( 14.00489929068614359, -1.898523079445722628, 3.733420255272647204 ) ) ;
#4159 = B_SPLINE_CURVE_WITH_KNOTS ( 'NONE', 3,
 ( #3759, #3395, #986, #1402, #2930, #522, #4160, #606, #4609, #1038, #3782, #3729, #215, #3009, #4186, #2226, #4086, #2117, #168, #1755, #1533, #4737, #3092, #321, #707, #295, #352, #1877 ),
 .UNSPECIFIED., .F., .F.,
 ( 4, 2, 2, 2, 2, 2, 2, 2, 2, 2, 2, 2, 2, 4 ),
 ( 0.0001489782432873548842, 0.001093990559291102994, 0.002039002875294851184, 0.002984015191298598942, 0.003456521349300470652, 0.003929027507302342362, 0.004165280586303274531, 0.004401533665304207567, 0.004874039823306072772, 0.005346545981307937977, 0.005819052139309801447, 0.006291558297311666652, 0.006764064455313531857, 0.007709076771317260532 ),
 .UNSPECIFIED. ) ;
#4160 = CARTESIAN_POINT ( 'NONE',  ( 16.37822943812981080, -13.53722540523743767, 2.382548850643882332 ) ) ;
#4161 = DIRECTION ( 'NONE',  ( -1.000000000000000000, -0.000000000000000000, -0.000000000000000000 ) ) ;
#4162 = PERSON_AND_ORGANIZATION ( #3687, #3165 ) ;
#4163 = CARTESIAN_POINT ( 'NONE',  ( 16.20125365483781366, -11.72021699115379434, 2.707106781186547018 ) ) ;
#4164 = DIRECTION ( 'NONE',  ( 1.000000000000000000, 0.000000000000000000, 0.000000000000000000 ) ) ;
#4165 = CARTESIAN_POINT ( 'NONE',  ( 17.60298797219925504, -17.07443572231636608, 2.690032957237096678 ) ) ;
#4166 = CARTESIAN_POINT ( 'NONE',  ( 11.35258302195221169, -1.276041248264808470, 4.490825597322665175 ) ) ;
#4167 = EDGE_LOOP ( 'NONE', ( #2060, #780, #3540, #1016 ) ) ;
#4168 = DIRECTION ( 'NONE',  ( 0.000000000000000000, -0.000000000000000000, -1.000000000000000000 ) ) ;
#4169 = CARTESIAN_POINT ( 'NONE',  ( 9.549458303469174680, -12.85050735196554683, 2.975039308506035152 ) ) ;
#4170 = DIRECTION ( 'NONE',  ( -0.000000000000000000, -0.000000000000000000, 1.000000000000000000 ) ) ;
#4171 = VERTEX_POINT ( 'NONE', #2397 ) ;
#4172 = CARTESIAN_POINT ( 'NONE',  ( 5.733815966679711273, -17.35853741858573329, 1.733889651497831474 ) ) ;
#4173 = EDGE_CURVE ( 'NONE', #2159, #1456, #2002, .T. ) ;
#4174 = EDGE_LOOP ( 'NONE', ( #4999, #1607, #2422 ) ) ;
#4175 = CARTESIAN_POINT ( 'NONE',  ( 12.60162553824730125, -13.13067321126607645, 2.903828751323768831 ) ) ;
#4176 = CARTESIAN_POINT ( 'NONE',  ( 16.44290994510647508, -10.62853330530736251, 2.931343880900771470 ) ) ;
#4177 = CARTESIAN_POINT ( 'NONE',  ( 10.25549231002457518, -1.385255028160693902, 4.112464837657053174 ) ) ;
#4178 = CARTESIAN_POINT ( 'NONE',  ( 14.75546478118763893, -0.9769418786087671336, 1.999999999999999556 ) ) ;
#4179 = EDGE_CURVE ( 'NONE', #3664, #2048, #2771, .T. ) ;
#4180 = ORIENTED_EDGE ( 'NONE', *, *, #4804, .T. ) ;
#4181 = CARTESIAN_POINT ( 'NONE',  ( 4.606036663684063726, -6.875000000000008882, 2.168198051533946291 ) ) ;
#4182 = CARTESIAN_POINT ( 'NONE',  ( 17.65075895994131372, -13.13128683754166204, 3.975641882079413936 ) ) ;
#4183 = DIRECTION ( 'NONE',  ( 0.000000000000000000, 0.000000000000000000, -1.000000000000000000 ) ) ;
#4184 = CARTESIAN_POINT ( 'NONE',  ( 6.510819672530281821, -2.029783008846228309, 2.707106781186547906 ) ) ;
#4185 = CARTESIAN_POINT ( 'NONE',  ( 16.85202704151477704, -5.588576612875380434, 3.733335453996750264 ) ) ;
#4186 = CARTESIAN_POINT ( 'NONE',  ( 15.98832258516859639, -12.29742140175062204, 3.328535594443438050 ) ) ;
#4187 = CARTESIAN_POINT ( 'NONE',  ( 5.464321367572773092, -9.319767871878969601, 2.903915904347228683 ) ) ;
#4188 = CARTESIAN_POINT ( 'NONE',  ( 22.77053893421170017, -18.00000000000000355, 1.000000000000000000 ) ) ;
#4189 = CARTESIAN_POINT ( 'NONE',  ( 17.47693397977934637, -4.339641317780248642, 2.928308080163918969 ) ) ;
#4190 = DIRECTION ( 'NONE',  ( -0.000000000000000000, -0.000000000000000000, -1.000000000000000000 ) ) ;
#4191 = CARTESIAN_POINT ( 'NONE',  ( 16.75496744630584089, -17.07443572188354253, 1.822647498290239199 ) ) ;
#4192 = CARTESIAN_POINT ( 'NONE',  ( 15.30876357051687542, -2.922273093167195857, 4.490736308594572179 ) ) ;
#4193 = ORIENTED_EDGE ( 'NONE', *, *, #3867, .F. ) ;
#4194 = CARTESIAN_POINT ( 'NONE',  ( 9.266036663684074526, -7.000000000000002665, 4.733889651497853457 ) ) ;
#4195 = CARTESIAN_POINT ( 'NONE',  ( 4.430306730273466442, -6.875000000000008882, 2.000000000000000000 ) ) ;
#4196 = CARTESIAN_POINT ( 'NONE',  ( 11.97264457177018748, -13.08693444530837091, 2.975039467931852144 ) ) ;
#4197 = DIRECTION ( 'NONE',  ( -0.000000000000000000, 0.000000000000000000, 1.000000000000000000 ) ) ;
#4198 = CARTESIAN_POINT ( 'NONE',  ( 4.540773473393830528, -18.00000000000000355, 1.137368404854783188 ) ) ;
#4199 = VERTEX_POINT ( 'NONE', #1735 ) ;
#4200 = ORIENTED_EDGE ( 'NONE', *, *, #2051, .F. ) ;
#4201 = CARTESIAN_POINT ( 'NONE',  ( 16.19658222783809620, -10.85289651658225374, 2.967726270737164107 ) ) ;
#4202 = EDGE_CURVE ( 'NONE', #3794, #2942, #2677, .T. ) ;
#4203 = CARTESIAN_POINT ( 'NONE',  ( 6.105994193532722214, -4.909069811703715480, 4.112801391968329057 ) ) ;
#4204 = CARTESIAN_POINT ( 'NONE',  ( -10.27548389606760537, 2.266725329581253501, 2.000000000000000000 ) ) ;
#4205 = CIRCLE ( 'NONE', #1973, 9.999999999999998224 ) ;
#4206 = CARTESIAN_POINT ( 'NONE',  ( 4.606036663684062837, -6.875000000000007994, 2.000000000000000000 ) ) ;
#4207 = ADVANCED_FACE ( 'NONE', ( #2542 ), #4236, .T. ) ;
#4208 = CARTESIAN_POINT ( 'NONE',  ( 15.97869529295152446, -12.29323725991271665, 3.343241263295257060 ) ) ;
#4209 = CARTESIAN_POINT ( 'NONE',  ( 17.45436499720196011, -16.26308966405705192, 2.996186774492392679 ) ) ;
#4210 = CARTESIAN_POINT ( 'NONE',  ( 6.458806063102770167, -11.77223060058129356, 2.336396103067893915 ) ) ;
#4211 = CARTESIAN_POINT ( 'NONE',  ( 16.18283603466380072, -2.916390267518122581, 2.975039711432537093 ) ) ;
#4212 = CARTESIAN_POINT ( 'NONE',  ( 4.548782108387564804, -17.99999999999999645, 1.565490889407022523 ) ) ;
#4213 = CARTESIAN_POINT ( 'NONE',  ( 14.61804117711858808, -12.29862491004475977, 4.498919158248281924 ) ) ;
#4214 = CARTESIAN_POINT ( 'NONE',  ( 5.692783843149732625, -3.930930089265524785, 2.903868201257089332 ) ) ;
#4215 = DIRECTION ( 'NONE',  ( -0.000000000000000000, 0.000000000000000000, 1.000000000000000000 ) ) ;
#4216 = CARTESIAN_POINT ( 'NONE',  ( 17.44243276675195631, -6.875000000000006217, 3.000000000000000000 ) ) ;
#4217 = CARTESIAN_POINT ( 'NONE',  ( 16.43929330515184262, -16.00000000000000711, 1.934923674262837956 ) ) ;
#4218 = LINE ( 'NONE', #298, #747 ) ;
#4219 = CARTESIAN_POINT ( 'NONE',  ( 14.86542677788735212, -11.24216759595651105, 4.301544956697137323 ) ) ;
#4220 = AXIS2_PLACEMENT_3D ( 'NONE', #191, #3672, #4104 ) ;
#4221 = VECTOR ( 'NONE', #4645, 1000.000000000000000 ) ;
#4222 = VERTEX_POINT ( 'NONE', #453 ) ;
#4223 = CARTESIAN_POINT ( 'NONE',  ( -29.22946106578824654, 7.999999999999923617, 3.000000000000000000 ) ) ;
#4224 = CARTESIAN_POINT ( 'NONE',  ( 6.534446418007228807, -10.83976224126207377, 2.975040292837954237 ) ) ;
#4225 = CARTESIAN_POINT ( 'NONE',  ( 6.063737470152972264, -11.06428097254385534, 2.070571971755826191 ) ) ;
#4226 = AXIS2_PLACEMENT_3D ( 'NONE', #4719, #1574, #3229 ) ;
#4227 = AXIS2_PLACEMENT_3D ( 'NONE', #3504, #3114, #1455 ) ;
#4228 = CARTESIAN_POINT ( 'NONE',  ( 6.871090241286268885, -10.46830929792071707, 3.543791659448609188 ) ) ;
#4229 = ORIENTED_EDGE ( 'NONE', *, *, #1705, .T. ) ;
#4230 = CARTESIAN_POINT ( 'NONE',  ( 11.35603666368405840, 0.05072993341058781164, 2.000000000000000444 ) ) ;
#4231 = B_SPLINE_CURVE_WITH_KNOTS ( 'NONE', 3,
 ( #526, #1325, #4506, #4961, #2934, #4140, #198, #4910, #2181, #2905, #921, #1784, #4888, #2512, #1014, #219, #4089, #2959 ),
 .UNSPECIFIED., .F., .F.,
 ( 4, 2, 2, 2, 2, 2, 2, 2, 4 ),
 ( -5.999999825169483504E-08, 0.0001346796284482915508, 0.0002694192568948347946, 0.0005388985137879187884, 0.0008083777706810028364, 0.001077857027574086884, 0.001347336284467170932, 0.001616815541360256065, 0.002155774055146428714 ),
 .UNSPECIFIED. ) ;
#4232 = VERTEX_POINT ( 'NONE', #1248 ) ;
#4233 = CIRCLE ( 'NONE', #3332, 7.681012500000016452 ) ;
#4234 = CARTESIAN_POINT ( 'NONE',  ( 5.864991772812383708, -7.969815158166167812, 4.112464311909665327 ) ) ;
#4235 = CARTESIAN_POINT ( 'NONE',  ( 6.661307779777950522, -11.03702860522822427, 3.222920573130822586 ) ) ;
#4236 =( BOUNDED_SURFACE ( )  B_SPLINE_SURFACE ( 3, 2, ( 
 ( #1330, #1272, #480 ),
 ( #3303, #925, #4454 ),
 ( #4511, #75, #3259 ),
 ( #2043, #1354, #4041 ),
 ( #973, #102, #4071 ),
 ( #2964, #2074, #2913 ),
 ( #508, #3634, #3661 ),
 ( #1681, #4540, #3280 ),
 ( #948, #4120, #4017 ),
 ( #1656, #4819, #3686 ) ),
 .UNSPECIFIED., .F., .F., .F. ) 
 B_SPLINE_SURFACE_WITH_KNOTS ( ( 4, 2, 2, 2, 4 ),
 ( 3, 3 ),
 ( 1.550409106654271341E-17, 0.0001712053877901448696, 0.0003424107755802742350, 0.0005136161633704036276, 0.0006848215511605329660 ),
 ( 0.000000000000000000, 1.000000000000000000 ),
 .UNSPECIFIED. ) 
 GEOMETRIC_REPRESENTATION_ITEM ( )  RATIONAL_B_SPLINE_SURFACE ( (
 ( 1.000000000000000000, 0.8284536692164937710, 1.000000000000000000),
 ( 1.000000000000000000, 0.8122123012914441720, 1.000000000000000000),
 ( 1.000000000000000000, 0.7954987607176268183, 1.000000000000000000),
 ( 1.000000000000000000, 0.7625514458105887572, 1.000000000000000000),
 ( 1.000000000000000000, 0.7461568875547409663, 1.000000000000000000),
 ( 1.000000000000000000, 0.7167782814857709406, 1.000000000000000000),
 ( 1.000000000000000000, 0.7039617765784339509, 1.000000000000000000),
 ( 1.000000000000000000, 0.6850126133042148124, 1.000000000000000000),
 ( 1.000000000000000000, 0.6789721587651830204, 1.000000000000000000),
 ( 1.000000000000000000, 0.6778756493157922502, 1.000000000000000000) ) ) 
 REPRESENTATION_ITEM ( '' )  SURFACE ( )  );
#4237 = ORIENTED_EDGE ( 'NONE', *, *, #2114, .F. ) ;
#4238 = CARTESIAN_POINT ( 'NONE',  ( 17.10603666368406195, -6.875000000000007105, 3.000000000000000000 ) ) ;
#4239 = CARTESIAN_POINT ( 'NONE',  ( 17.65393763105210212, -14.51896538466039743, 3.242258749511969906 ) ) ;
#4240 = CARTESIAN_POINT ( 'NONE',  ( 17.59657188643197046, -17.06849182364340578, 2.703635399937919459 ) ) ;
#4241 = CARTESIAN_POINT ( 'NONE',  ( 8.705674561132855871, -0.4764598668211990629, 2.336396103067894359 ) ) ;
#4242 = EDGE_CURVE ( 'NONE', #670, #1383, #3642, .T. ) ;
#4243 = CARTESIAN_POINT ( 'NONE',  ( 5.997179950597709919, -9.098660710090117121, 3.328183064013346293 ) ) ;
#4244 = CARTESIAN_POINT ( 'NONE',  ( 4.999926315181882686, -17.35853741858572974, 2.467779302995661173 ) ) ;
#4245 = CARTESIAN_POINT ( 'NONE',  ( 13.20478657148132484, -0.7699016566908349901, 2.903861601896272404 ) ) ;
#4246 = FACE_OUTER_BOUND ( 'NONE', #1321, .T. ) ;
#4247 = EDGE_CURVE ( 'NONE', #4678, #2788, #1764, .T. ) ;
#4248 = CARTESIAN_POINT ( 'NONE',  ( 8.709236215620338228, -1.941019733699277827, 4.301564766129823525 ) ) ;
#4249 = ORIENTED_EDGE ( 'NONE', *, *, #210, .F. ) ;
#4250 = DIRECTION ( 'NONE',  ( 1.000000000000000000, 0.000000000000000000, 0.000000000000000000 ) ) ;
#4251 = CARTESIAN_POINT ( 'NONE',  ( 5.850587620496884966, -9.817817051093500780, 2.975039650180677064 ) ) ;
#4252 = CARTESIAN_POINT ( 'NONE',  ( 6.278972986406051504, -11.33643889583498243, 2.023288740009643760 ) ) ;
#4253 = CARTESIAN_POINT ( 'NONE',  ( 6.956129971534282141, -10.32946459600196576, 4.222776716733497970 ) ) ;
#4254 = ORIENTED_EDGE ( 'NONE', *, *, #5118, .F. ) ;
#4255 = CARTESIAN_POINT ( 'NONE',  ( 6.682121866615054806, -12.31224909528379996, 3.265988592227933918 ) ) ;
#4256 = ORIENTED_EDGE ( 'NONE', *, *, #1570, .F. ) ;
#4257 = CARTESIAN_POINT ( 'NONE',  ( 15.91587964597537486, -10.76794079682745853, 3.436799766724412564 ) ) ;
#4258 = CARTESIAN_POINT ( 'NONE',  ( 16.95494320990587056, -6.876311539709525356, 4.112768173746981226 ) ) ;
#4259 = CARTESIAN_POINT ( 'NONE',  ( 16.30677816557993509, -11.30674362423576973, 2.647702887661732785 ) ) ;
#4260 = VERTEX_POINT ( 'NONE', #128 ) ;
#4261 = DIRECTION ( 'NONE',  ( -1.000000000000000000, 0.000000000000000000, 0.000000000000000000 ) ) ;
#4262 = CARTESIAN_POINT ( 'NONE',  ( 16.26261396307718599, -12.79611528043759705, 2.767988107356997407 ) ) ;
#4263 = LINE ( 'NONE', #3524, #976 ) ;
#4264 = CARTESIAN_POINT ( 'NONE',  ( 7.248727838201480367, -2.776726238735211627, 3.328183236200496165 ) ) ;
#4265 = SPHERICAL_SURFACE ( 'NONE', #3085, 10.18101250000001734 ) ;
#4266 = CARTESIAN_POINT ( 'NONE',  ( 15.91622670270935025, -2.314809960974728131, 2.848083732178380068 ) ) ;
#4267 = EDGE_CURVE ( 'NONE', #3073, #534, #3976, .T. ) ;
#4268 = CARTESIAN_POINT ( 'NONE',  ( 11.35603666368406195, -6.875000000000007994, 5.086800426173084588 ) ) ;
#4269 = CARTESIAN_POINT ( 'NONE',  ( 6.105968152212087219, -4.909115375424389249, 4.301837059638071281 ) ) ;
#4270 = ORIENTED_EDGE ( 'NONE', *, *, #2669, .F. ) ;
#4271 = CARTESIAN_POINT ( 'NONE',  ( 17.46932760286771824, -4.342791982257568684, 2.848083732178382288 ) ) ;
#4272 = CARTESIAN_POINT ( 'NONE',  ( 18.44603666368407247, -18.00000000000000355, 1.000000000000000000 ) ) ;
#4273 = EDGE_CURVE ( 'NONE', #2273, #873, #405, .T. ) ;
#4274 = CARTESIAN_POINT ( 'NONE',  ( 12.60162553824730125, -13.13067321126607645, 2.903828751323768831 ) ) ;
#4275 = CARTESIAN_POINT ( 'NONE',  ( 18.10603666368406195, -6.875000000000007105, 3.000000000000000000 ) ) ;
#4276 = CARTESIAN_POINT ( 'NONE',  ( 6.944252481343406558, -10.94650109180281738, 3.633995828720396837 ) ) ;
#4277 = EDGE_LOOP ( 'NONE', ( #4360, #2446, #1525, #2627 ) ) ;
#4278 = CARTESIAN_POINT ( 'NONE',  ( 6.289135649491833568, -14.44463689029901943, 2.114779200629050671 ) ) ;
#4279 = CARTESIAN_POINT ( 'NONE',  ( 9.510010253448058393, -12.98093570834077681, 2.903861516042701041 ) ) ;
#4280 = VERTEX_POINT ( 'NONE', #2128 ) ;
#4281 = CARTESIAN_POINT ( 'NONE',  ( 7.523951606449409191, -10.96697742762477290, 4.217050259747185947 ) ) ;
#4282 = VERTEX_POINT ( 'NONE', #531 ) ;
#4283 = CARTESIAN_POINT ( 'NONE',  ( 16.99348374562621800, -6.876319589927220477, 3.733523948558261196 ) ) ;
#4284 = CARTESIAN_POINT ( 'NONE',  ( 16.40396130097726157, -11.36126334024162787, 2.237070166583996045 ) ) ;
#4285 = AXIS2_PLACEMENT_3D ( 'NONE', #1322, #2228, #1756 ) ;
#4286 = CARTESIAN_POINT ( 'NONE',  ( 13.89139534590382752, -12.99589731609528265, 2.928308080163920302 ) ) ;
#4287 = CARTESIAN_POINT ( 'NONE',  ( 15.51293462673450740, -14.91456233376292140, 4.315251097018038884 ) ) ;
#4288 = CARTESIAN_POINT ( 'NONE',  ( 11.90833957691044453, -1.285345305596042653, 4.490736308594572179 ) ) ;
#4289 = VECTOR ( 'NONE', #3845, 1000.000000000000114 ) ;
#4290 = CARTESIAN_POINT ( 'NONE',  ( 6.204907621084215563, -4.197013421366710517, 3.328144000629821964 ) ) ;
#4291 = CARTESIAN_POINT ( 'NONE',  ( 7.806706869249956604, -1.575306945731545394, 2.903829243588779363 ) ) ;
#4292 = CARTESIAN_POINT ( 'NONE',  ( 16.87158900771173364, -17.23368333322548196, 1.777148494335284212 ) ) ;
#4293 = CARTESIAN_POINT ( 'NONE',  ( 8.718889164711731254, -11.81384661923297408, 4.301569759614525701 ) ) ;
#4294 = CARTESIAN_POINT ( 'NONE',  ( 16.43938861802500639, -11.67915852030550283, 1.933499462650405842 ) ) ;
#4295 = CARTESIAN_POINT ( 'NONE',  ( 11.35603666368406195, -6.875000000000007994, 5.800417238623389871 ) ) ;
#4296 = CARTESIAN_POINT ( 'NONE',  ( 7.311162528161736063, -11.80751573077019323, 2.903861751295955695 ) ) ;
#4297 = CARTESIAN_POINT ( 'NONE',  ( 11.35603666368406195, -6.875000000000007994, -0.1810125000000165629 ) ) ;
#4298 = CARTESIAN_POINT ( 'NONE',  ( 5.733815966679713938, -17.35853741858572974, 1.733889651497830142 ) ) ;
#4299 = ORIENTED_EDGE ( 'NONE', *, *, #1664, .T. ) ;
#4300 = AXIS2_PLACEMENT_3D ( 'NONE', #3111, #4183, #1008 ) ;
#4301 = CARTESIAN_POINT ( 'NONE',  ( 6.282758220834397278, -14.75239451725942708, 2.053195798957652585 ) ) ;
#4302 = ADVANCED_FACE ( 'NONE', ( #694 ), #1388, .T. ) ;
#4303 = DIRECTION ( 'NONE',  ( -0.000000000000000000, 0.000000000000000000, -1.000000000000000000 ) ) ;
#4304 = VERTEX_POINT ( 'NONE', #3793 ) ;
#4305 = CARTESIAN_POINT ( 'NONE',  ( 15.84531225400711030, -10.46860092432807932, 3.537824105210865433 ) ) ;
#4306 = CIRCLE ( 'NONE', #3980, 8.090000000000008740 ) ;
#4307 = CARTESIAN_POINT ( 'NONE',  ( 7.001569924974922365, -10.45531238476506530, 3.733419277330120245 ) ) ;
#4308 = AXIS2_PLACEMENT_3D ( 'NONE', #1969, #2901, #5077 ) ;
#4309 = CARTESIAN_POINT ( 'NONE',  ( 6.824152671144404714, -10.78342232199107542, 3.476760575314937540 ) ) ;
#4310 = EDGE_CURVE ( 'NONE', #1054, #2863, #997, .T. ) ;
#4311 = VECTOR ( 'NONE', #188, 1000.000000000000000 ) ;
#4312 = CARTESIAN_POINT ( 'NONE',  ( 8.733824123709547749, -13.20558107743128318, 2.707106781186549238 ) ) ;
#4313 = CARTESIAN_POINT ( 'NONE',  ( 5.786160920344673109, -6.271358620329499978, 4.490531443891553565 ) ) ;
#4314 = CARTESIAN_POINT ( 'NONE',  ( 17.90420714546843328, -17.77354533033784634, 2.083659036431276590 ) ) ;
#4315 = CARTESIAN_POINT ( 'NONE',  ( 4.957496530505256516, -4.224637897448797474, 2.168198051533946291 ) ) ;
#4316 = CARTESIAN_POINT ( 'NONE',  ( 8.613616400401124196, -1.761891257308177750, 3.328138273775629319 ) ) ;
#4317 = PLANE ( 'NONE',  #1307 ) ;
#4318 = CARTESIAN_POINT ( 'NONE',  ( 15.89883924654463065, -10.77379489635721299, 3.461397366893071759 ) ) ;
#4319 = CARTESIAN_POINT ( 'NONE',  ( 16.70874985251267475, -17.12227868585216584, 2.704925793137510137 ) ) ;
#4320 = CARTESIAN_POINT ( 'NONE',  ( 16.52909855446090504, -9.016479292807778378, 4.301796535128579180 ) ) ;
#4321 = ORIENTED_EDGE ( 'NONE', *, *, #424, .T. ) ;
#4322 = CARTESIAN_POINT ( 'NONE',  ( 6.051843115296958509, -11.04968930595423870, 3.000000000000000000 ) ) ;
#4323 = FACE_OUTER_BOUND ( 'NONE', #3995, .T. ) ;
#4324 = CARTESIAN_POINT ( 'NONE',  ( 5.008265690061345587, -7.502118711680815011, 2.903861804456844720 ) ) ;
#4325 = DIRECTION ( 'NONE',  ( -1.000000000000000000, 0.000000000000000000, -0.000000000000000000 ) ) ;
#4326 = CARTESIAN_POINT ( 'NONE',  ( 5.122317956372417491, -16.01479041915952806, 3.000000000000000000 ) ) ;
#4327 = CARTESIAN_POINT ( 'NONE',  ( 15.28361171362479709, -11.66459324209294479, 4.117410098748517377 ) ) ;
#4328 = LINE ( 'NONE', #364, #2068 ) ;
#4329 = VERTEX_POINT ( 'NONE', #3871 ) ;
#4330 = CARTESIAN_POINT ( 'NONE',  ( 15.89835360432793543, -10.77460411928557171, 3.462056440453070927 ) ) ;
#4331 = FACE_OUTER_BOUND ( 'NONE', #1949, .T. ) ;
#4332 = CARTESIAN_POINT ( 'NONE',  ( 14.33459132457169893, -11.66973794962829025, 3.733335058400186757 ) ) ;
#4333 = EDGE_CURVE ( 'NONE', #2987, #1467, #4515, .T. ) ;
#4334 = DIRECTION ( 'NONE',  ( 1.000000000000000000, 0.000000000000000000, 0.000000000000000000 ) ) ;
#4335 = CARTESIAN_POINT ( 'NONE',  ( 6.940261072098460104, -2.459224408414407481, 3.000000000000000444 ) ) ;
#4336 = CARTESIAN_POINT ( 'NONE',  ( 15.68562177163120985, -3.324927154256442918, 4.490556732998502554 ) ) ;
#4337 = EDGE_CURVE ( 'NONE', #1200, #1657, #2599, .T. ) ;
#4338 = CARTESIAN_POINT ( 'NONE',  ( 22.77053893421177477, 7.999999999999996447, 1.000000000000000000 ) ) ;
#4339 = CARTESIAN_POINT ( 'NONE',  ( 7.893513764093893492, -12.06909104206097538, 2.975011430758779163 ) ) ;
#4340 = FACE_OUTER_BOUND ( 'NONE', #1359, .T. ) ;
#4341 = CARTESIAN_POINT ( 'NONE',  ( 5.060910139906470206, -13.13098156703785335, 3.975193355370024495 ) ) ;
#4342 = CARTESIAN_POINT ( 'NONE',  ( 17.27423471521801446, -7.649586065737191021, 3.000000000000000000 ) ) ;
#4343 = CARTESIAN_POINT ( 'NONE',  ( 14.90556686262553043, -2.544820228419931496, 4.112578564434742567 ) ) ;
#4344 = ORIENTED_EDGE ( 'NONE', *, *, #3295, .F. ) ;
#4345 = CARTESIAN_POINT ( 'NONE',  ( 17.80511925378635496, -6.875000000000359712, 2.848083732069691898 ) ) ;
#4346 = CARTESIAN_POINT ( 'NONE',  ( 6.219581591645904517, -10.73268780422403346, 2.864846155646779469 ) ) ;
#4347 = CYLINDRICAL_SURFACE ( 'NONE', #4226, 2.000000000000000000 ) ;
#4348 = CARTESIAN_POINT ( 'NONE',  ( 6.638955593549299650, -11.12614039942351063, 3.182490718368797822 ) ) ;
#4349 = DIRECTION ( 'NONE',  ( -1.000000000000000000, 0.000000000000000000, 0.000000000000000000 ) ) ;
#4350 = CARTESIAN_POINT ( 'NONE',  ( 32.77053893421177122, 7.999999999999923617, 0.000000000000000000 ) ) ;
#4351 = VERTEX_POINT ( 'NONE', #5048 ) ;
#4352 = CARTESIAN_POINT ( 'NONE',  ( -10.95016594160859391, 6.820829136982932361, 2.000000000000000000 ) ) ;
#4353 = CARTESIAN_POINT ( 'NONE',  ( 6.069896091281817618, -4.895442439785156807, 3.733542602558407975 ) ) ;
#4354 = CARTESIAN_POINT ( 'NONE',  ( 17.80544592697282624, -17.56013983927855193, 2.281181473451614483 ) ) ;
#4355 = ORIENTED_EDGE ( 'NONE', *, *, #588, .F. ) ;
#4356 = CIRCLE ( 'NONE', #538, 5.590000000000007851 ) ;
#4357 = CARTESIAN_POINT ( 'NONE',  ( 6.576075442412070871, -12.45619973870230091, 3.063529292307862306 ) ) ;
#4358 = CARTESIAN_POINT ( 'NONE',  ( 8.964109862277753749, -1.108573094311758211, 2.975086299887631291 ) ) ;
#4359 = EDGE_CURVE ( 'NONE', #2003, #1539, #1736, .T. ) ;
#4360 = ORIENTED_EDGE ( 'NONE', *, *, #1506, .F. ) ;
#4361 = AXIS2_PLACEMENT_3D ( 'NONE', #990, #4164, #4909 ) ;
#4362 = CARTESIAN_POINT ( 'NONE',  ( 13.74583719297095996, -1.105511150829191713, 3.000000000000000444 ) ) ;
#4363 = CARTESIAN_POINT ( 'NONE',  ( 12.43959573487546955, -1.381749194345647025, 4.490392969453929517 ) ) ;
#4364 = LINE ( 'NONE', #2029, #1985 ) ;
#4365 = EDGE_CURVE ( 'NONE', #4546, #846, #1562, .T. ) ;
#4366 = CARTESIAN_POINT ( 'NONE',  ( 8.303103071020890624, -1.182652767848381581, 2.848045322667593027 ) ) ;
#4367 = ORIENTED_EDGE ( 'NONE', *, *, #1059, .T. ) ;
#4368 = CARTESIAN_POINT ( 'NONE',  ( 16.81448230712755887, -5.597463655599932864, 4.112432496007739857 ) ) ;
#4369 = EDGE_CURVE ( 'NONE', #534, #1672, #5040, .T. ) ;
#4370 = ORIENTED_EDGE ( 'NONE', *, *, #3638, .F. ) ;
#4371 = CARTESIAN_POINT ( 'NONE',  ( 5.258623359645977047, -16.03194155352516503, 3.001308867231925248 ) ) ;
#4372 = CARTESIAN_POINT ( 'NONE',  ( -12.47128208403741745, 0.000000000000000000, 3.000000000000000000 ) ) ;
#4373 = CARTESIAN_POINT ( 'NONE',  ( 6.743200988177861177, -10.51488026125746877, 3.358350869653358384 ) ) ;
#4374 = CARTESIAN_POINT ( 'NONE',  ( -19.22946106578817549, 17.99999999999999645, 3.000000000000000000 ) ) ;
#4375 = DIRECTION ( 'NONE',  ( 1.000000000000000000, 0.000000000000000000, 0.000000000000000000 ) ) ;
#4376 = ORIENTED_EDGE ( 'NONE', *, *, #5002, .T. ) ;
#4377 = CARTESIAN_POINT ( 'NONE',  ( 6.059696960936628685, -11.05940467144901973, 2.000000000000000000 ) ) ;
#4378 = CARTESIAN_POINT ( 'NONE',  ( 17.65861351763731335, -17.23368333322547130, 2.574174524416505516 ) ) ;
#4379 = CARTESIAN_POINT ( 'NONE',  ( 5.745947124402113637, -7.429512487359028583, 3.733417600114584456 ) ) ;
#4380 = CARTESIAN_POINT ( 'NONE',  ( 18.17129985397410152, -18.00000000000000355, 1.137368404854414816 ) ) ;
#4381 = AXIS2_PLACEMENT_3D ( 'NONE', #2696, #2672, #4661 ) ;
#4382 = ORIENTED_EDGE ( 'NONE', *, *, #3638, .T. ) ;
#4383 = CARTESIAN_POINT ( 'NONE',  ( 5.588318213423860925, -12.93563890035844111, 4.741022420275720961 ) ) ;
#4384 = ORIENTED_EDGE ( 'NONE', *, *, #4273, .T. ) ;
#4385 = AXIS2_PLACEMENT_3D ( 'NONE', #4743, #2361, #3123 ) ;
#4386 = ORIENTED_EDGE ( 'NONE', *, *, #4694, .F. ) ;
#4387 = CARTESIAN_POINT ( 'NONE',  ( 13.97824920365858503, -0.5444189225687284805, 2.707106781186547018 ) ) ;
#4388 = CARTESIAN_POINT ( 'NONE',  ( 16.81448847052704565, -5.597563044743117722, 4.490347517079715800 ) ) ;
#4389 = DIRECTION ( 'NONE',  ( -7.264154555652874975E-15, -3.324645050226211978E-15, -1.000000000000000000 ) ) ;
#4390 = APPROVAL_PERSON_ORGANIZATION ( #1964, #2078, #3963 ) ;
#4391 = CARTESIAN_POINT ( 'NONE',  ( 29.02053893421176767, -1.581642626083388356E-15, 3.000000000000000000 ) ) ;
#4392 = CARTESIAN_POINT ( 'NONE',  ( 4.928185922879211311, -7.510015480312509872, 2.848045952376993206 ) ) ;
#4393 = AXIS2_PLACEMENT_3D ( 'NONE', #1417, #4917, #257 ) ;
#4394 = ADVANCED_FACE ( 'NONE', ( #641 ), #1915, .T. ) ;
#4395 = CARTESIAN_POINT ( 'NONE',  ( 13.04050555858198379, -12.21824388750741441, 4.112599874936680777 ) ) ;
#4396 = ORIENTED_EDGE ( 'NONE', *, *, #187, .T. ) ;
#4397 = CARTESIAN_POINT ( 'NONE',  ( 13.86757667037032071, -11.87225482839160229, 5.086800425706118567 ) ) ;
#4398 = CARTESIAN_POINT ( 'NONE',  ( 17.58975537099570374, -16.01479041915952450, 3.000000000000000000 ) ) ;
#4399 = EDGE_CURVE ( 'NONE', #3051, #4681, #5073, .T. ) ;
#4400 = CARTESIAN_POINT ( 'NONE',  ( 17.10603666368406195, -6.875000000000007105, 3.000000000000000000 ) ) ;
#4401 = CARTESIAN_POINT ( 'NONE',  ( 6.704543362845059029, -10.87899436362928540, 3.295612622324988195 ) ) ;
#4402 = DIRECTION ( 'NONE',  ( 0.000000000000000000, 0.000000000000000000, 1.000000000000000000 ) ) ;
#4403 = ORIENTED_EDGE ( 'NONE', *, *, #2772, .F. ) ;
#4404 = DIRECTION ( 'NONE',  ( -0.5958469241734453137, -0.8030980282338168186, 0.000000000000000000 ) ) ;
#4405 = CARTESIAN_POINT ( 'NONE',  ( 17.20996646699175514, -17.60887857658026334, 2.236070196692319989 ) ) ;
#4406 = CARTESIAN_POINT ( 'NONE',  ( 15.20512636833196218, -2.764209618658682199, 3.733488709288627305 ) ) ;
#4407 = CARTESIAN_POINT ( 'NONE',  ( 17.16485519023266093, -17.56013983927876865, 1.640590736711883046 ) ) ;
#4408 = VERTEX_POINT ( 'NONE', #4372 ) ;
#4409 = CARTESIAN_POINT ( 'NONE',  ( 5.023933490989311856, -13.29049948221702948, 3.833257946799469629 ) ) ;
#4410 = EDGE_LOOP ( 'NONE', ( #1633, #3613, #4237, #3067 ) ) ;
#4411 = CARTESIAN_POINT ( 'NONE',  ( 9.516877647144864838, -12.15378718190861917, 5.086800426173084588 ) ) ;
#4412 = CARTESIAN_POINT ( 'NONE',  ( 30.77053893421177122, 0.000000000000000000, 3.000000000000000000 ) ) ;
#4413 = CARTESIAN_POINT ( 'NONE',  ( 11.35915383279242796, -12.47411950615378906, 4.490826200632880294 ) ) ;
#4414 = DIRECTION ( 'NONE',  ( 0.000000000000000000, -0.000000000000000000, -1.000000000000000000 ) ) ;
#4415 = CARTESIAN_POINT ( 'NONE',  ( 15.30876357051687719, -2.922273093167195857, 4.112705574456466451 ) ) ;
#4416 = CARTESIAN_POINT ( 'NONE',  ( 17.68661774111534513, -4.252787460025473365, 2.707106781186547906 ) ) ;
#4417 = DIRECTION ( 'NONE',  ( -0.000000000000000000, -0.000000000000000000, 1.000000000000000000 ) ) ;
#4418 = CARTESIAN_POINT ( 'NONE',  ( 11.35211839623788954, -0.4960119094882905477, 2.903916003303678384 ) ) ;
#4419 = CARTESIAN_POINT ( 'NONE',  ( 17.10603666368406550, -7.627571955045412189, 3.000000000000000000 ) ) ;
#4420 = CARTESIAN_POINT ( 'NONE',  ( 6.105994193532722214, -4.909069811703715480, 4.112801391968329057 ) ) ;
#4421 = EDGE_CURVE ( 'NONE', #846, #4351, #566, .T. ) ;
#4422 = CARTESIAN_POINT ( 'NONE',  ( 9.098320798547847588, -12.32560826159676814, 3.000000000000000000 ) ) ;
#4423 = CARTESIAN_POINT ( 'NONE',  ( 6.671483470140037397, -10.25612998805676845, 3.502752096136560578 ) ) ;
#4424 = DIRECTION ( 'NONE',  ( 1.224646799147353207E-16, 1.000000000000000000, -0.000000000000000000 ) ) ;
#4425 = ORIENTED_EDGE ( 'NONE', *, *, #1570, .T. ) ;
#4426 = ADVANCED_FACE ( 'NONE', ( #2337 ), #403, .T. ) ;
#4427 = CARTESIAN_POINT ( 'NONE',  ( 15.44228605705319168, -10.70243863512142113, 3.998547988993248925 ) ) ;
#4428 = CARTESIAN_POINT ( 'NONE',  ( 6.529966437288091896, -3.654621176550577832, 3.328111755872878330 ) ) ;
#4429 = CARTESIAN_POINT ( 'NONE',  ( 6.210646772088806777, -11.02034267169402781, 2.686954238488688862 ) ) ;
#4430 = EDGE_LOOP ( 'NONE', ( #4771, #3384, #2995, #1586 ) ) ;
#4431 = CARTESIAN_POINT ( 'NONE',  ( 5.098763446081776785, -13.04297446765501256, 4.077239258416858192 ) ) ;
#4432 = EDGE_CURVE ( 'NONE', #917, #2596, #3204, .T. ) ;
#4433 = ORIENTED_EDGE ( 'NONE', *, *, #2215, .T. ) ;
#4434 = CARTESIAN_POINT ( 'NONE',  ( 18.10603666368406550, -7.758454034183742465, 2.168198051533945847 ) ) ;
#4435 = CARTESIAN_POINT ( 'NONE',  ( 16.71341204833219862, -8.502254756726452811, 4.301569098251623480 ) ) ;
#4436 = CARTESIAN_POINT ( 'NONE',  ( 15.58741013334324599, -10.52788633278734132, 4.490644491236337466 ) ) ;
#4437 = DIRECTION ( 'NONE',  ( -0.000000000000000000, -0.000000000000000000, -1.000000000000000000 ) ) ;
#4438 = AXIS2_PLACEMENT_3D ( 'NONE', #3351, #3786, #4139 ) ;
#4439 = DIRECTION ( 'NONE',  ( 1.000000000000000000, 0.000000000000000000, 0.000000000000000000 ) ) ;
#4440 = CARTESIAN_POINT ( 'NONE',  ( 16.25326726426532886, -11.77223060058130599, 2.336396103067889474 ) ) ;
#4441 = CARTESIAN_POINT ( 'NONE',  ( 15.25273137841585047, -14.25828729688292107, 4.215454233152867047 ) ) ;
#4442 = CARTESIAN_POINT ( 'NONE',  ( 5.136327631089915080, -5.424326139663879331, 2.903819492701438243 ) ) ;
#4443 = CARTESIAN_POINT ( 'NONE',  ( 13.67979486089562258, -1.264951444616218668, 3.000000000000000444 ) ) ;
#4444 = CARTESIAN_POINT ( 'NONE',  ( 16.71338808296610878, -8.502333827483367301, 4.112580277580223154 ) ) ;
#4445 = CARTESIAN_POINT ( 'NONE',  ( 14.60144627273333207, -12.30959536845020175, 4.506031216426739761 ) ) ;
#4446 = CARTESIAN_POINT ( 'NONE',  ( 15.64978193750221003, -11.16874527381817828, 2.999999999999998224 ) ) ;
#4447 = CIRCLE ( 'NONE', #4539, 7.999999999999996447 ) ;
#4449 =( BOUNDED_SURFACE ( )  B_SPLINE_SURFACE ( 3, 2, ( 
 ( #2902, #3989, #2509 ),
 ( #3251, #1596, #4831 ),
 ( #425, #2853, #4009 ),
 ( #4445, #2876, #2456 ),
 ( #2016, #2481, #889 ),
 ( #46, #120, #1645 ),
 ( #1621, #4087, #4397 ),
 ( #3227, #1215, #4032 ),
 ( #4810, #472, #94 ),
 ( #1673, #813, #840 ) ),
 .UNSPECIFIED., .F., .F., .F. ) 
 B_SPLINE_SURFACE_WITH_KNOTS ( ( 4, 2, 2, 2, 4 ),
 ( 3, 3 ),
 ( 0.006668949490795297169, 0.007294330832623690392, 0.007919712174452083614, 0.008545093516280476836, 0.009170474858108868324 ),
 ( 0.000000000000000000, 1.000000000000000000 ),
 .UNSPECIFIED. ) 
 GEOMETRIC_REPRESENTATION_ITEM ( )  RATIONAL_B_SPLINE_SURFACE ( (
 ( 1.000000000000000000, 0.8226321130141899252, 1.000000000000000000),
 ( 1.000000000000000000, 0.8358101388384112651, 1.000000000000000000),
 ( 1.000000000000000000, 0.8481027238194096540, 1.000000000000000000),
 ( 1.000000000000000000, 0.8706266333531555990, 1.000000000000000000),
 ( 1.000000000000000000, 0.8809301862671202743, 1.000000000000000000),
 ( 1.000000000000000000, 0.8974913770175784178, 1.000000000000000000),
 ( 1.000000000000000000, 0.9037849423343815580, 1.000000000000000000),
 ( 1.000000000000000000, 0.9105261729366473933, 1.000000000000000000),
 ( 1.000000000000000000, 0.9109513019039920945, 1.000000000000000000),
 ( 1.000000000000000000, 0.9074935882210866112, 1.000000000000000000) ) ) 
 REPRESENTATION_ITEM ( '' )  SURFACE ( )  );
#4448 = CARTESIAN_POINT ( 'NONE',  ( 6.633036465811494864, -10.27742356513360633, 3.428515356686685944 ) ) ;
#4450 = DIRECTION ( 'NONE',  ( -1.000000000000000000, 0.000000000000000000, 0.000000000000000000 ) ) ;
#4451 = VERTEX_POINT ( 'NONE', #1623 ) ;
#4452 = CARTESIAN_POINT ( 'NONE',  ( 15.70700135320147695, -11.04338746700638829, 3.706789091906969258 ) ) ;
#4453 = CARTESIAN_POINT ( 'NONE',  ( 7.254165065706760451, -10.97845005344389513, 3.328183135712165619 ) ) ;
#4454 = CARTESIAN_POINT ( 'NONE',  ( 5.082369322654058053, -17.15670912841332196, 2.634499343610541278 ) ) ;
#4455 = EDGE_LOOP ( 'NONE', ( #3969, #1231 ) ) ;
#4456 = CARTESIAN_POINT ( 'NONE',  ( 5.425097416577767895, -12.88969663839435498, 4.579224880634361838 ) ) ;
#4457 = EDGE_CURVE ( 'NONE', #4222, #2048, #1167, .T. ) ;
#4458 = EDGE_LOOP ( 'NONE', ( #2619, #4514, #4256, #99, #1327, #3308, #1000 ) ) ;
#4459 = CARTESIAN_POINT ( 'NONE',  ( 6.847415637197749483, -13.65763117597522758, 5.459256753905703974 ) ) ;
#4460 = FACE_OUTER_BOUND ( 'NONE', #4767, .T. ) ;
#4461 = CARTESIAN_POINT ( 'NONE',  ( 5.864995669040334647, -7.969814050828649243, 4.301428563825270501 ) ) ;
#4462 = CARTESIAN_POINT ( 'NONE',  ( 15.18623988815313197, -10.96894509145161933, 4.218680422598413138 ) ) ;
#4463 = ADVANCED_FACE ( 'NONE', ( #3558 ), #2784, .T. ) ;
#4464 = AXIS2_PLACEMENT_3D ( 'NONE', #1933, #266, #4607 ) ;
#4465 = VECTOR ( 'NONE', #3068, 1000.000000000000000 ) ;
#4466 = CARTESIAN_POINT ( 'NONE',  ( 4.957496530505256516, -9.525362102551220289, 2.336396103067893026 ) ) ;
#4467 = CARTESIAN_POINT ( 'NONE',  ( 15.07320408991511762, -14.08338136971790533, 5.671609825963316531 ) ) ;
#4468 = CARTESIAN_POINT ( 'NONE',  ( 5.659432716544606556, -9.919961047178833979, 2.848046065547355621 ) ) ;
#4469 = CIRCLE ( 'NONE', #1988, 9.999999999999998224 ) ;
#4470 = AXIS2_PLACEMENT_3D ( 'NONE', #3957, #3670, #3600 ) ;
#4471 = CARTESIAN_POINT ( 'NONE',  ( 16.04076865183926515, -11.55973198815523162, 2.928308080163914529 ) ) ;
#4472 = CARTESIAN_POINT ( 'NONE',  ( 7.781415321665141605, -11.23449653092844791, 3.733417495333606340 ) ) ;
#4473 = CARTESIAN_POINT ( 'NONE',  ( 6.272780022216283058, -16.00000000000000000, 1.934923674262839510 ) ) ;
#4474 = VECTOR ( 'NONE', #1120, 1000.000000000000000 ) ;
#4475 = CARTESIAN_POINT ( 'NONE',  ( 9.266036663684076302, -12.87375546974150353, 4.733889651497854345 ) ) ;
#4476 = PERSON_AND_ORGANIZATION ( #3687, #3165 ) ;
#4477 = CARTESIAN_POINT ( 'NONE',  ( 11.35603666368405662, -0.8027272003909834419, 2.999999999999999556 ) ) ;
#4478 = DIRECTION ( 'NONE',  ( 0.1465486610894621566, -0.9892034623538707994, 0.000000000000000000 ) ) ;
#4479 = DIRECTION ( 'NONE',  ( -0.000000000000000000, -0.000000000000000000, -1.000000000000000000 ) ) ;
#4480 = ORIENTED_EDGE ( 'NONE', *, *, #456, .T. ) ;
#4481 = CARTESIAN_POINT ( 'NONE',  ( 5.122366693232213386, -16.01480088780602884, 3.000000000000000000 ) ) ;
#4482 = CARTESIAN_POINT ( 'NONE',  ( 15.45214741875581765, -2.778889244928250513, 3.328168456446876977 ) ) ;
#4483 = CARTESIAN_POINT ( 'NONE',  ( 6.223971107771338218, -10.81470233193488895, 2.833473677101570498 ) ) ;
#4484 = ORIENTED_EDGE ( 'NONE', *, *, #1443, .F. ) ;
#4485 = CARTESIAN_POINT ( 'NONE',  ( 7.631170261773648100, -14.07960433535938094, 5.670055284893448899 ) ) ;
#4486 = ORIENTED_EDGE ( 'NONE', *, *, #1890, .F. ) ;
#4487 = DIRECTION ( 'NONE',  ( 0.000000000000000000, 0.000000000000000000, -1.000000000000000000 ) ) ;
#4488 = CARTESIAN_POINT ( 'NONE',  ( 8.705674561132855871, -0.4764598668211989518, 1.999999999999999556 ) ) ;
#4489 = EDGE_CURVE ( 'NONE', #2539, #2385, #2826, .T. ) ;
#4490 = CARTESIAN_POINT ( 'NONE',  ( 15.31765047430338633, -10.83141248138842627, 4.301796733652198945 ) ) ;
#4491 = CARTESIAN_POINT ( 'NONE',  ( 14.99726868023975435, -14.12447953475053097, 5.691270735809409231 ) ) ;
#4492 = CARTESIAN_POINT ( 'NONE',  ( -12.47128208403741745, -3.479834018071063628, 2.000000000000000000 ) ) ;
#4493 = CARTESIAN_POINT ( 'NONE',  ( 6.283599604472557054, -14.74244493890613938, 2.059268600366401802 ) ) ;
#4494 = CARTESIAN_POINT ( 'NONE',  ( 18.10603666368406550, -7.758454034183742465, 1.999999999999999556 ) ) ;
#4495 = EDGE_CURVE ( 'NONE', #1026, #1379, #1945, .T. ) ;
#4496 = CARTESIAN_POINT ( 'NONE',  ( 17.06555336486612973, -12.95938824006327117, 4.791833166687547774 ) ) ;
#4497 = CARTESIAN_POINT ( 'NONE',  ( 9.475224187349757798, -0.6958339332247804876, 2.848046846980192282 ) ) ;
#4498 = CARTESIAN_POINT ( 'NONE',  ( 9.032278466472513756, -12.48504855538379665, 3.000000000000000000 ) ) ;
#4499 = CARTESIAN_POINT ( 'NONE',  ( 9.714771637480808408, -1.481849814365161278, 3.733419283626779439 ) ) ;
#4500 = CARTESIAN_POINT ( 'NONE',  ( 5.258626309042533364, -16.03196276636943551, 3.001308368857257491 ) ) ;
#4501 = EDGE_LOOP ( 'NONE', ( #3153, #1428, #1595, #3232, #3096, #1221, #4355, #689, #1972, #3077, #2398, #3260 ) ) ;
#4502 = DATE_TIME_ROLE ( 'classification_date' ) ;
#4503 = CARTESIAN_POINT ( 'NONE',  ( 17.65861351763834364, -17.23368333322794754, 2.574174524414493792 ) ) ;
#4504 = CARTESIAN_POINT ( 'NONE',  ( 15.64978193750222246, -2.581254726181851478, 2.999999999999999112 ) ) ;
#4505 = CARTESIAN_POINT ( 'NONE',  ( 16.43930290176997033, -16.01469847551710046, 1.934780787299960281 ) ) ;
#4506 = CARTESIAN_POINT ( 'NONE',  ( 16.48200513042148074, -10.69324278744832668, 2.885134942159850890 ) ) ;
#4507 = CARTESIAN_POINT ( 'NONE',  ( 7.802250408892651201, -2.548402408461513780, 4.490559173597262976 ) ) ;
#4508 = ORIENTED_EDGE ( 'NONE', *, *, #4715, .T. ) ;
#4509 = CARTESIAN_POINT ( 'NONE',  ( 11.35603666368406195, -6.875000000000007994, 3.000000000000000000 ) ) ;
#4510 = CARTESIAN_POINT ( 'NONE',  ( 6.874599799915768195, -10.55992357695753903, 3.328139467626855641 ) ) ;
#4511 = CARTESIAN_POINT ( 'NONE',  ( 5.957105881060357433, -17.07443572188655523, 1.822647498289488688 ) ) ;
#4512 = ORIENTED_EDGE ( 'NONE', *, *, #3748, .F. ) ;
#4513 = CARTESIAN_POINT ( 'NONE',  ( 8.629728603397428088, -14.58361460988096248, 4.706008532079766660 ) ) ;
#4514 = ORIENTED_EDGE ( 'NONE', *, *, #3295, .T. ) ;
#4515 = B_SPLINE_CURVE_WITH_KNOTS ( 'NONE', 3,
 ( #1494, #4596, #2990, #281 ),
 .UNSPECIFIED., .F., .F.,
 ( 4, 4 ),
 ( 0.000000000000000000, 0.001040752981634580302 ),
 .UNSPECIFIED. ) ;
#4516 = APPLICATION_CONTEXT ( 'configuration controlled 3d designs of mechanical parts and assemblies' ) ;
#4517 =( BOUNDED_SURFACE ( )  B_SPLINE_SURFACE ( 3, 2, ( 
 ( #2839, #4405, #2425 ),
 ( #3185, #388, #4748 ),
 ( #1628, #2791, #3592 ),
 ( #4378, #1881, #4292 ) ),
 .UNSPECIFIED., .F., .F., .F. ) 
 B_SPLINE_SURFACE_WITH_KNOTS ( ( 4, 4 ),
 ( 3, 3 ),
 ( 0.000000000000000000, 9.794363931219510948E-05 ),
 ( 0.000000000000000000, 1.000000000000000000 ),
 .UNSPECIFIED. ) 
 GEOMETRIC_REPRESENTATION_ITEM ( )  RATIONAL_B_SPLINE_SURFACE ( (
 ( 1.000000000000000000, 0.8548116691483561569, 1.000000000000000000),
 ( 1.000000000000000000, 0.8462534590763530762, 1.000000000000000000),
 ( 1.000000000000000000, 0.8374447436252656640, 1.000000000000000000),
 ( 1.000000000000000000, 0.8284536692159324422, 1.000000000000000000) ) ) 
 REPRESENTATION_ITEM ( '' )  SURFACE ( )  );
#4518 = CARTESIAN_POINT ( 'NONE',  ( 9.726225262279248440, -1.518639414433189838, 4.301570959044500597 ) ) ;
#4519 = CARTESIAN_POINT ( 'NONE',  ( 16.43995795823466466, -11.67795242649033227, 1.924769933445902970 ) ) ;
#4520 = CARTESIAN_POINT ( 'NONE',  ( 8.705674561132854095, -13.27354013317881787, 1.999999999999999556 ) ) ;
#4521 = CARTESIAN_POINT ( 'NONE',  ( 6.633196792929323848, -14.43807032325666029, 3.853073090474261164 ) ) ;
#4522 = CARTESIAN_POINT ( 'NONE',  ( 6.458806063102772832, -1.977769399418718876, 2.000000000000000444 ) ) ;
#4523 = CARTESIAN_POINT ( 'NONE',  ( 15.10465338156220660, -12.64833798818620814, 4.236855658341959874 ) ) ;
#4524 = CARTESIAN_POINT ( 'NONE',  ( 11.35206930823703075, -0.4155152815555058221, 2.848102423735436428 ) ) ;
#4525 = CARTESIAN_POINT ( 'NONE',  ( 17.27423471521801090, -6.875000000000006217, 3.000000000000000000 ) ) ;
#4526 = AXIS2_PLACEMENT_3D ( 'NONE', #2958, #2203, #3399 ) ;
#4527 = EDGE_CURVE ( 'NONE', #1792, #869, #4957, .T. ) ;
#4528 = CARTESIAN_POINT ( 'NONE',  ( 7.370510827722532632, -10.86206188121545324, 3.733523991921432472 ) ) ;
#4529 = CARTESIAN_POINT ( 'NONE',  ( 6.344202970554403187, -16.07002406987395204, 3.016375320359245826 ) ) ;
#4530 = CARTESIAN_POINT ( 'NONE',  ( 8.673879376834895183, -12.60561759688267358, 4.678608970748234341 ) ) ;
#4531 = DIRECTION ( 'NONE',  ( 1.000000000000000000, 0.000000000000000000, 0.000000000000000000 ) ) ;
#4532 = CARTESIAN_POINT ( 'NONE',  ( 16.04076865183926515, -11.55973198815523162, 2.928308080163914529 ) ) ;
#4533 = CARTESIAN_POINT ( 'NONE',  ( -11.22023827261601703, -6.549125643708114453, 2.000000000000000000 ) ) ;
#4534 = ADVANCED_FACE ( 'NONE', ( #3149 ), #4347, .T. ) ;
#4535 = CARTESIAN_POINT ( 'NONE',  ( 16.32397091136022027, -4.285175444726307070, 4.490584012087010635 ) ) ;
#4536 = ORIENTED_EDGE ( 'NONE', *, *, #5118, .T. ) ;
#4537 = DIRECTION ( 'NONE',  ( 1.224646799147353207E-16, 1.000000000000000000, 0.000000000000000000 ) ) ;
#4538 = CARTESIAN_POINT ( 'NONE',  ( 5.590216219070072157, -9.267528121441475975, 2.975086109641302379 ) ) ;
#4539 = AXIS2_PLACEMENT_3D ( 'NONE', #1328, #2155, #558 ) ;
#4540 = CARTESIAN_POINT ( 'NONE',  ( 6.306338346222671198, -16.43126438414548929, 2.982031643616876782 ) ) ;
#4541 = EDGE_LOOP ( 'NONE', ( #2213, #129, #1620, #153, #2339 ) ) ;
#4542 = CARTESIAN_POINT ( 'NONE',  ( 8.972275510707103052, -14.61278799990086164, 5.800417238623390759 ) ) ;
#4543 = ORIENTED_EDGE ( 'NONE', *, *, #4333, .T. ) ;
#4544 = B_SPLINE_CURVE_WITH_KNOTS ( 'NONE', 3,
 ( #3623, #1534, #2752, #1210, #2030, #65, #3601, #1641, #4318, #2780, #1592, #4805, #765, #2353, #3198, #3935 ),
 .UNSPECIFIED., .F., .F.,
 ( 4, 2, 2, 2, 2, 2, 2, 4 ),
 ( 0.000000000000000000, 0.0002776740541990625538, 0.0004165110812985919333, 0.0005553481083981214213, 0.0006247666219478825332, 0.0006941851354976437535, 0.0008330221625971682541, 0.001110696216796214870 ),
 .UNSPECIFIED. ) ;
#4545 = VERTEX_POINT ( 'NONE', #3964 ) ;
#4546 = VERTEX_POINT ( 'NONE', #2 ) ;
#4547 = CARTESIAN_POINT ( 'NONE',  ( 5.786140687459126575, -6.271545518660598617, 4.112561680194700031 ) ) ;
#4548 = CARTESIAN_POINT ( 'NONE',  ( 17.67285464949485885, -14.38302804297956605, 3.275235463212720077 ) ) ;
#4549 = CARTESIAN_POINT ( 'NONE',  ( 6.169371976400988444, -10.34887210174368022, 2.975011335895318965 ) ) ;
#4550 = PLANE ( 'NONE',  #3328 ) ;
#4551 = CARTESIAN_POINT ( 'NONE',  ( 15.52775161973478468, -2.703285043949286148, 2.999999999999999112 ) ) ;
#4552 = CARTESIAN_POINT ( 'NONE',  ( 14.83471401384643151, -14.35642011917444449, 4.450102082413432747 ) ) ;
#4553 = CARTESIAN_POINT ( 'NONE',  ( 12.60603952266632533, -0.5378829067428624322, 2.848011800501239588 ) ) ;
#4554 = TOROIDAL_SURFACE ( 'NONE', #1646, 4.999999999999999112, 2.000000000000000000 ) ;
#4555 = CARTESIAN_POINT ( 'NONE',  ( 11.35603666368405840, -0.2497884862678283191, 2.928308080163916305 ) ) ;
#4556 = CARTESIAN_POINT ( 'NONE',  ( 5.858919016267556401, -5.593022420774926395, 3.733334672249891906 ) ) ;
#4557 = CARTESIAN_POINT ( 'NONE',  ( 6.458781278117417202, -11.59263817863735824, 2.798846387262670543 ) ) ;
#4558 = CARTESIAN_POINT ( 'NONE',  ( 9.116240633712948238, -12.80416910141769016, 4.733889651497855233 ) ) ;
#4559 = AXIS2_PLACEMENT_3D ( 'NONE', #3719, #4075, #1744 ) ;
#4560 = SHAPE_DEFINITION_REPRESENTATION ( #3049, #881 ) ;
#4561 = ADVANCED_FACE ( 'NONE', ( #793 ), #772, .F. ) ;
#4562 = CARTESIAN_POINT ( 'NONE',  ( -11.22023827261601703, -6.549125643708114453, 2.000000000000000000 ) ) ;
#4563 = CARTESIAN_POINT ( 'NONE',  ( 15.77181225526965491, -2.459224408414415919, 2.999999999999999112 ) ) ;
#4564 = CARTESIAN_POINT ( 'NONE',  ( 11.35603666368406195, -6.875000000000007994, 5.086800426173084588 ) ) ;
#4565 = CARTESIAN_POINT ( 'NONE',  ( 16.94603666368406891, -7.538504517340858690, 4.490736308594572179 ) ) ;
#4566 = CARTESIAN_POINT ( 'NONE',  ( 15.17873308924414921, -2.792237790789855012, 4.490736100165414690 ) ) ;
#4567 = ORIENTED_EDGE ( 'NONE', *, *, #2502, .F. ) ;
#4568 = CARTESIAN_POINT ( 'NONE',  ( 6.640632789459204766, -11.11944624273440851, 3.185528207476977958 ) ) ;
#4569 = ADVANCED_FACE ( 'NONE', ( #1190 ), #382, .T. ) ;
#4570 = CARTESIAN_POINT ( 'NONE',  ( 15.77311896549952408, -11.28629832191949944, 2.975086152761900138 ) ) ;
#4571 = DIRECTION ( 'NONE',  ( 1.000000000000000000, 0.000000000000000000, 0.000000000000000000 ) ) ;
#4572 = ORIENTED_EDGE ( 'NONE', *, *, #3616, .T. ) ;
#4573 = CARTESIAN_POINT ( 'NONE',  ( 16.24050257458437585, -4.059769899726677345, 4.490736308594573067 ) ) ;
#4574 = ORIENTED_EDGE ( 'NONE', *, *, #3835, .T. ) ;
#4575 = CARTESIAN_POINT ( 'NONE',  ( 15.35469023639661224, -11.84996136927468946, 2.903856522176871291 ) ) ;
#4576 = CARTESIAN_POINT ( 'NONE',  ( 16.01455642907232502, -10.54570147931422497, 3.288172336943878893 ) ) ;
#4577 = CARTESIAN_POINT ( 'NONE',  ( 9.210751176915454863, -1.703197402591306142, 4.112768716287303228 ) ) ;
#4578 = CARTESIAN_POINT ( 'NONE',  ( 16.34233583431253933, -11.69502673479949983, 2.524845418495366811 ) ) ;
#4579 = CARTESIAN_POINT ( 'NONE',  ( 15.64978193750221003, -11.16874527381817828, 2.999999999999998224 ) ) ;
#4580 = CARTESIAN_POINT ( 'NONE',  ( 16.26392738153591466, -14.92696293134478402, 3.420058256081419668 ) ) ;
#4581 = CARTESIAN_POINT ( 'NONE',  ( 17.78438423657127743, -7.504583219602096733, 2.848046548505888342 ) ) ;
#4582 = CARTESIAN_POINT ( 'NONE',  ( 7.001569924974922365, -10.45531238476506530, 3.733419277330120245 ) ) ;
#4583 = CARTESIAN_POINT ( 'NONE',  ( -12.47128208403741745, -3.479834018071063628, 2.000000000000000000 ) ) ;
#4584 = CARTESIAN_POINT ( 'NONE',  ( 14.86654638558894881, -12.11265822426672045, 4.379855426538251884 ) ) ;
#4585 = CARTESIAN_POINT ( 'NONE',  ( 15.85940395281797777, -2.371632710866102389, 2.903898063920915540 ) ) ;
#4586 = LINE ( 'NONE', #4933, #4031 ) ;
#4587 = CARTESIAN_POINT ( 'NONE',  ( 18.03434474384797781, -6.875000000000006217, 2.707106781186548350 ) ) ;
#4588 = DIRECTION ( 'NONE',  ( -1.000000000000000000, 0.000000000000000000, 0.000000000000000000 ) ) ;
#4589 = DIRECTION ( 'NONE',  ( -0.000000000000000000, 0.000000000000000000, 1.000000000000000000 ) ) ;
#4590 = CARTESIAN_POINT ( 'NONE',  ( 16.52910250497927080, -9.016480333390191504, 4.490825116754379565 ) ) ;
#4591 = ADVANCED_FACE ( 'NONE', ( #2417 ), #81, .T. ) ;
#4592 = VERTEX_POINT ( 'NONE', #1966 ) ;
#4593 = CARTESIAN_POINT ( 'NONE',  ( 26.52053893421177477, -1.734723475976807094E-15, 3.000000000000000000 ) ) ;
#4594 = CARTESIAN_POINT ( 'NONE',  ( 18.10603666368406550, -6.875000000000006217, 2.000000000000000000 ) ) ;
#4595 = CARTESIAN_POINT ( 'NONE',  ( 6.163650199286598408, -3.410182769434235261, 2.975011099411011273 ) ) ;
#4596 = CARTESIAN_POINT ( 'NONE',  ( 15.40846953619420745, -10.73515625309062393, 4.712415242190301612 ) ) ;
#4597 = CARTESIAN_POINT ( 'NONE',  ( 4.266036663684054098, -18.00000000000000355, 1.000000000000000000 ) ) ;
#4598 = VERTEX_POINT ( 'NONE', #23 ) ;
#4599 = ADVANCED_FACE ( 'NONE', ( #1598 ), #1520, .F. ) ;
#4600 = EDGE_LOOP ( 'NONE', ( #1549, #830, #3866, #1195, #829, #1870 ) ) ;
#4601 = CARTESIAN_POINT ( 'NONE',  ( 16.29442766581866664, -10.44812496208510844, 3.110191283005484753 ) ) ;
#4602 = EDGE_LOOP ( 'NONE', ( #2887, #2161, #1214, #1522, #4321, #1580, #4727, #528, #5001, #593, #946, #477 ) ) ;
#4603 = CARTESIAN_POINT ( 'NONE',  ( 10.80732578496589369, -12.44703151530105245, 4.112580105654693341 ) ) ;
#4604 = CARTESIAN_POINT ( 'NONE',  ( 16.49210331070691993, -10.77469373900432181, 2.848059090439862384 ) ) ;
#4605 = CARTESIAN_POINT ( 'NONE',  ( 16.80664492528082832, -4.617284134863776757, 3.000000000000000444 ) ) ;
#4606 = CARTESIAN_POINT ( 'NONE',  ( 17.38146581348114950, -12.88451823649810102, 4.467891151376358394 ) ) ;
#4607 = DIRECTION ( 'NONE',  ( -1.000000000000000000, 0.000000000000000000, 0.000000000000000000 ) ) ;
#4608 = CARTESIAN_POINT ( 'NONE',  ( 16.17937068736706152, -3.650573879808017175, 3.328111771405232844 ) ) ;
#4609 = CARTESIAN_POINT ( 'NONE',  ( 16.30318214287207113, -12.97483631888693267, 2.653001898434267591 ) ) ;
#4610 = CARTESIAN_POINT ( 'NONE',  ( 8.038703548122816400, -11.45597508725800218, 4.494100276378323322 ) ) ;
#4611 = CARTESIAN_POINT ( 'NONE',  ( 17.78438423657127743, -7.504583219602096733, 2.848046548505888342 ) ) ;
#4612 = B_SPLINE_SURFACE_WITH_KNOTS ( 'NONE', 5, 3, ( 
 ( #4400, #843, #3253, #4886, #2511, #2148, #4422, #3681, #1292, #1264, #2438, #865, #4010, #3655, #553, #96, #502, #143, #1323 ),
 ( #447, #2034, #1675, #4446, #3274, #920, #891, #2095, #1700, #3296, #3732, #4858, #2904, #4477, #2932, #4504, #2536, #3013, #2259 ),
 ( #4216, #585, #4987, #2231, #245, #2179, #1041, #3785, #3841, #3762, #272, #2982, #218, #197, #1374, #4563, #659, #989, #1406 ),
 ( #2202, #1012, #2957, #4532, #2615, #4934, #2562, #1853, #3038, #4138, #3398, #4960, #1782, #3450, #3427, #3350, #4189, #1806, #608 ),
 ( #4587, #2645, #4908, #4163, #2592, #1432, #1347, #631, #3814, #1829, #3374, #4613, #967, #2872, #4900, #3754, #4416, #2526, #935 ),
 ( #1717, #4103, #572, #4440, #1282, #1338, #859, #2850, #4466, #2452, #956, #884, #1750, #2949, #3723, #2111, #4026, #542, #2138 ),
 ( #2475, #190, #3696, #3314, #3289, #4826, #162, #467, #2055, #4875, #3644, #1772, #1257, #516, #4925, #4053, #2896, #911, #493 ),
 ( #1315, #4494, #2501, #90, #2085, #1667, #3671, #2170, #112, #136, #3343, #4522, #3266, #1691, #4852, #3366, #4080, #2924, #2552 ) ),
 .UNSPECIFIED., .F., .T., .F.,
 ( 6, 2, 6 ),
 ( 4, 1, 1, 1, 1, 1, 1, 1, 1, 1, 1, 1, 1, 1, 1, 1, 4 ),
 ( 0.000000000000000000, 0.5000000000000000000, 1.000000000000000000 ),
 ( -3.141592653589793116, -2.748893571891068976, -2.356194490192345281, -1.963495408493620475, -1.570796326794896558, -1.178097245096172418, -0.7853981633974482790, -0.3926990816987241395, 0.000000000000000000, 0.3926990816987241395, 0.7853981633974482790, 1.178097245096172418, 1.570796326794896558, 1.963495408493620475, 2.356194490192344393, 2.748893571891068976, 3.141592653589793116 ),
 .UNSPECIFIED. ) ;
#4613 = CARTESIAN_POINT ( 'NONE',  ( 6.510819672530281821, -2.029783008846228309, 2.707106781186547906 ) ) ;
#4614 = DIRECTION ( 'NONE',  ( 1.000000000000000000, 0.000000000000000000, 0.000000000000000000 ) ) ;
#4615 = DIRECTION ( 'NONE',  ( 0.000000000000000000, 0.000000000000000000, 1.000000000000000000 ) ) ;
#4616 = CARTESIAN_POINT ( 'NONE',  ( 9.213444457594876624, -12.04791541864745597, 4.301797444096517431 ) ) ;
#4617 = EDGE_LOOP ( 'NONE', ( #1585, #180, #2131 ) ) ;
#4618 = DIRECTION ( 'NONE',  ( 1.000000000000000000, 0.000000000000000000, 0.000000000000000000 ) ) ;
#4619 = CARTESIAN_POINT ( 'NONE',  ( 11.35220176402583903, -0.6323188105454122798, 2.975086194804092976 ) ) ;
#4620 = CC_DESIGN_DATE_AND_TIME_ASSIGNMENT ( #2510, #4502, ( #2751 ) ) ;
#4621 = CARTESIAN_POINT ( 'NONE',  ( 6.281809664971413909, -11.69368736618010018, 2.047196710549339382 ) ) ;
#4622 = CARTESIAN_POINT ( 'NONE',  ( 4.683494106865842888, -17.97111380691972471, 1.417457443182124299 ) ) ;
#4623 = ORIENTED_EDGE ( 'NONE', *, *, #121, .T. ) ;
#4624 = CARTESIAN_POINT ( 'NONE',  ( 13.27564691038882927, -12.96227582117418464, 2.903867833110028496 ) ) ;
#4625 = VERTEX_POINT ( 'NONE', #3514 ) ;
#4626 = ORIENTED_EDGE ( 'NONE', *, *, #1890, .T. ) ;
#4627 = CARTESIAN_POINT ( 'NONE',  ( 11.35258701939270409, -1.276049335098754511, 4.112768289747460670 ) ) ;
#4628 = ADVANCED_FACE ( 'NONE', ( #172 ), #4812, .F. ) ;
#4629 = CARTESIAN_POINT ( 'NONE',  ( 16.27058834046047764, -11.61741594086482898, 2.751763777482671536 ) ) ;
#4630 = VECTOR ( 'NONE', #2597, 1000.000000000000114 ) ;
#4631 = CARTESIAN_POINT ( 'NONE',  ( 5.590216219070072157, -9.267528121441475975, 2.975086109641302379 ) ) ;
#4632 = CARTESIAN_POINT ( 'NONE',  ( 9.098320798547851140, -1.424391738403244734, 3.000000000000000000 ) ) ;
#4633 = CARTESIAN_POINT ( 'NONE',  ( 17.59955407329625032, -14.96523252684663952, 3.127142166495637809 ) ) ;
#4634 = EDGE_CURVE ( 'NONE', #2795, #4992, #1217, .T. ) ;
#4635 = CYLINDRICAL_SURFACE ( 'NONE', #4300, 5.590000000000007851 ) ;
#4636 = CARTESIAN_POINT ( 'NONE',  ( 6.458806063102772832, -1.977769399418718876, 2.336396103067892138 ) ) ;
#4637 = CARTESIAN_POINT ( 'NONE',  ( 5.584113139699040218, -6.250038233329190618, 3.328134755797887756 ) ) ;
#4638 = FACE_OUTER_BOUND ( 'NONE', #5053, .T. ) ;
#4639 = CARTESIAN_POINT ( 'NONE',  ( 6.420449136340154794, -2.834238148001791302, 2.903861411634592660 ) ) ;
#4640 = DIRECTION ( 'NONE',  ( 0.5000322050566957666, 0.8660068093878584561, 0.000000000000000000 ) ) ;
#4641 = AXIS2_PLACEMENT_3D ( 'NONE', #1112, #2232, #325 ) ;
#4642 = DIRECTION ( 'NONE',  ( -0.000000000000000000, -0.000000000000000000, 1.000000000000000000 ) ) ;
#4643 = CARTESIAN_POINT ( 'NONE',  ( 7.392498353430138280, -2.920198680010416048, 4.301797416621908177 ) ) ;
#4644 = ORIENTED_EDGE ( 'NONE', *, *, #1774, .F. ) ;
#4645 = DIRECTION ( 'NONE',  ( -0.000000000000000000, -0.000000000000000000, -1.000000000000000000 ) ) ;
#4646 = FACE_OUTER_BOUND ( 'NONE', #562, .T. ) ;
#4647 = CARTESIAN_POINT ( 'NONE',  ( 10.74472709793289305, -13.08750849831573859, 2.975039874940035745 ) ) ;
#4648 = CARTESIAN_POINT ( 'NONE',  ( 6.443744859746147746, -11.61432234319703838, 2.758056449852901437 ) ) ;
#4649 = AXIS2_PLACEMENT_3D ( 'NONE', #358, #2706, #1942 ) ;
#4650 = CARTESIAN_POINT ( 'NONE',  ( 7.090885043733572424, -10.54432779491468075, 3.817974065735030731 ) ) ;
#4651 = ORIENTED_EDGE ( 'NONE', *, *, #2633, .T. ) ;
#4652 = CARTESIAN_POINT ( 'NONE',  ( 6.857874360441577721, -12.26151697660186102, 3.524729262308631927 ) ) ;
#4653 = CARTESIAN_POINT ( 'NONE',  ( 17.33549408103400324, -4.629519817554129446, 2.903925871811897430 ) ) ;
#4654 = AXIS2_PLACEMENT_3D ( 'NONE', #4860, #3707, #1293 ) ;
#4655 = CARTESIAN_POINT ( 'NONE',  ( 14.86549975278090230, -11.24210902495091169, 4.112560356602905642 ) ) ;
#4656 = CARTESIAN_POINT ( 'NONE',  ( 16.40597971481735584, -11.70972598320346769, 2.226240486597272472 ) ) ;
#4657 = ORIENTED_EDGE ( 'NONE', *, *, #2530, .F. ) ;
#4658 = EDGE_CURVE ( 'NONE', #670, #2863, #4786, .T. ) ;
#4659 = CARTESIAN_POINT ( 'NONE',  ( 13.67979486089562258, -1.264951444616218668, 3.000000000000000444 ) ) ;
#4660 = CARTESIAN_POINT ( 'NONE',  ( 16.40652512513350914, -14.04262484058874882, 2.222210844512437333 ) ) ;
#4661 = DIRECTION ( 'NONE',  ( 1.000000000000000000, 0.000000000000000000, 0.000000000000000000 ) ) ;
#4662 = CARTESIAN_POINT ( 'NONE',  ( 14.00639876623529823, -13.27354013317880366, 2.336396103067895691 ) ) ;
#4663 = CARTESIAN_POINT ( 'NONE',  ( 16.79470200504094990, -4.832681556873437145, 3.328191219207827789 ) ) ;
#4664 = EDGE_CURVE ( 'NONE', #4329, #1379, #1242, .T. ) ;
#4665 = CARTESIAN_POINT ( 'NONE',  ( 11.97243109383017590, -0.5262481267972697330, 2.903862944647172206 ) ) ;
#4666 = LINE ( 'NONE', #3530, #3704 ) ;
#4667 = CARTESIAN_POINT ( 'NONE',  ( 16.44240997426684814, -16.15930155452565131, 1.933682548823325797 ) ) ;
#4668 = CARTESIAN_POINT ( 'NONE',  ( 16.95494743626448653, -6.876312038752318223, 4.301796803592870866 ) ) ;
#4669 = ORIENTED_EDGE ( 'NONE', *, *, #3876, .T. ) ;
#4670 = LINE ( 'NONE', #4322, #4221 ) ;
#4671 = CYLINDRICAL_SURFACE ( 'NONE', #3408, 2.000000000000000000 ) ;
#4672 = CARTESIAN_POINT ( 'NONE',  ( 9.498669423965772296, -0.7728102808657746348, 2.903862663011623990 ) ) ;
#4673 = CARTESIAN_POINT ( 'NONE',  ( 6.341079479915837425, -11.70961192776077198, 2.412050744170500582 ) ) ;
#4674 = CARTESIAN_POINT ( 'NONE',  ( 16.87158900771373382, -17.23368333322794754, 1.777148494334459095 ) ) ;
#4675 = EDGE_LOOP ( 'NONE', ( #445, #4965, #612, #3189 ) ) ;
#4676 = CARTESIAN_POINT ( 'NONE',  ( 16.65237636643154673, -11.05940467144894335, 2.000000000000000000 ) ) ;
#4677 = CARTESIAN_POINT ( 'NONE',  ( 17.61298461342673249, -8.115739444394991509, 2.903829008315977678 ) ) ;
#4678 = VERTEX_POINT ( 'NONE', #2122 ) ;
#4679 = CARTESIAN_POINT ( 'NONE',  ( 15.17877185227251502, -2.792276498617098479, 4.112705428058781365 ) ) ;
#4680 = CARTESIAN_POINT ( 'NONE',  ( 6.811716756043840526, -10.77276358225458885, 3.459240016821195862 ) ) ;
#4681 = VERTEX_POINT ( 'NONE', #68 ) ;
#4682 = CARTESIAN_POINT ( 'NONE',  ( 8.966236134397181701, -1.105511150829190381, 3.000000000000000000 ) ) ;
#4683 = CARTESIAN_POINT ( 'NONE',  ( 15.82294455246470832, -15.10724807614442433, 3.560246658820071186 ) ) ;
#4684 = CARTESIAN_POINT ( 'NONE',  ( 15.76638303895910909, -2.164960831659873630, 2.848083688547391468 ) ) ;
#4685 = CARTESIAN_POINT ( 'NONE',  ( 14.00639876623527691, -0.4764598668212002286, 2.336396103067893470 ) ) ;
#4686 = CARTESIAN_POINT ( 'NONE',  ( 5.698549648721113137, -5.555524905522362111, 3.328104189846147865 ) ) ;
#4687 = CARTESIAN_POINT ( 'NONE',  ( 17.43732487903441353, -16.02204645342059663, 2.001402009739472021 ) ) ;
#4688 = CARTESIAN_POINT ( 'NONE',  ( 11.35962141658954749, -13.33467093558192218, 2.848102550188817084 ) ) ;
#4689 = EDGE_CURVE ( 'NONE', #2629, #3358, #2856, .T. ) ;
#4690 = CARTESIAN_POINT ( 'NONE',  ( 5.784315490706317675, -7.425964462882435058, 4.301567325371229877 ) ) ;
#4691 = LINE ( 'NONE', #3939, #2668 ) ;
#4692 = LINE ( 'NONE', #3990, #4056 ) ;
#4693 = CARTESIAN_POINT ( 'NONE',  ( 15.35469023639661224, -11.84996136927468946, 2.903856522176871291 ) ) ;
#4694 = EDGE_CURVE ( 'NONE', #917, #1200, #2878, .T. ) ;
#4695 = CARTESIAN_POINT ( 'NONE',  ( 0.000000000000000000, -7.000000000000002665, 4.733889651497853457 ) ) ;
#4696 = CARTESIAN_POINT ( 'NONE',  ( 4.403405068538969402, -18.00000000000000355, 1.274736809709621221 ) ) ;
#4697 = ORIENTED_EDGE ( 'NONE', *, *, #1993, .T. ) ;
#4698 = CARTESIAN_POINT ( 'NONE',  ( 15.46131873082551067, -11.42610008362009921, 3.968058218696320694 ) ) ;
#4699 = CARTESIAN_POINT ( 'NONE',  ( 7.124710999716744375, -10.52794533792805431, 4.490683842500607703 ) ) ;
#4700 = ORIENTED_EDGE ( 'NONE', *, *, #1536, .F. ) ;
#4701 = CARTESIAN_POINT ( 'NONE',  ( 15.91294669879203560, -10.76877161205945121, 3.441045489557799542 ) ) ;
#4702 = CARTESIAN_POINT ( 'NONE',  ( 10.25981145896094482, -12.40474241387960852, 3.733353786768905724 ) ) ;
#4703 = CARTESIAN_POINT ( 'NONE',  ( 6.272683502199496886, -11.67940070294412713, 1.933481361322002545 ) ) ;
#4704 = ORIENTED_EDGE ( 'NONE', *, *, #3393, .F. ) ;
#4705 = VECTOR ( 'NONE', #2230, 1000.000000000000000 ) ;
#4706 = CARTESIAN_POINT ( 'NONE',  ( 17.81314344487061518, -6.875000000000006217, 2.928308080163915417 ) ) ;
#4707 = CARTESIAN_POINT ( 'NONE',  ( 5.864999564614095995, -7.969812943623474588, 4.490392814454764903 ) ) ;
#4708 = CARTESIAN_POINT ( 'NONE',  ( -9.074569634029492349, 9.348806768937508949, 2.000000000000000000 ) ) ;
#4709 = CARTESIAN_POINT ( 'NONE',  ( 8.127566925307551315, -2.054398027719146924, 3.328112166178633036 ) ) ;
#4710 = CARTESIAN_POINT ( 'NONE',  ( 11.35603666368406195, -6.875000000000007994, -0.1810125000000165629 ) ) ;
#4711 = CARTESIAN_POINT ( 'NONE',  ( 11.35603666368406195, -6.875000000000007994, 5.733889651497853457 ) ) ;
#4712 = CARTESIAN_POINT ( 'NONE',  ( 16.56727792777554598, -16.88541068086830776, 2.834827676143940600 ) ) ;
#4713 = CARTESIAN_POINT ( 'NONE',  ( 6.385395617598167206, -4.290330000737586857, 4.301594406113514957 ) ) ;
#4714 = ORIENTED_EDGE ( 'NONE', *, *, #4862, .F. ) ;
#4715 = EDGE_CURVE ( 'NONE', #2400, #1792, #4469, .T. ) ;
#4716 = LINE ( 'NONE', #3891, #4136 ) ;
#4717 = DIRECTION ( 'NONE',  ( -0.000000000000000000, -0.000000000000000000, 1.000000000000000000 ) ) ;
#4718 = CARTESIAN_POINT ( 'NONE',  ( 10.10223671804367385, -0.6208228944265581362, 2.903829148869950583 ) ) ;
#4719 = CARTESIAN_POINT ( 'NONE',  ( 0.000000000000000000, -16.00000000000000000, 1.000000000000000000 ) ) ;
#4720 = CARTESIAN_POINT ( 'NONE',  ( 6.826741531595044599, -10.47873155106266019, 3.480900136908183118 ) ) ;
#4721 = AXIS2_PLACEMENT_3D ( 'NONE', #3831, #2246, #289 ) ;
#4722 = CARTESIAN_POINT ( 'NONE',  ( 7.092353982574823412, -11.18145894007763452, 3.801522017722307467 ) ) ;
#4723 = CARTESIAN_POINT ( 'NONE',  ( 16.44473050665277825, -16.26196826456118671, 1.932914678268073061 ) ) ;
#4724 = VERTEX_POINT ( 'NONE', #942 ) ;
#4725 = CARTESIAN_POINT ( 'NONE',  ( 5.274748448333712147, -16.02204645342059663, 2.001402009739471577 ) ) ;
#4726 = ADVANCED_FACE ( 'NONE', ( #4034 ), #4612, .T. ) ;
#4727 = ORIENTED_EDGE ( 'NONE', *, *, #4959, .T. ) ;
#4728 = CARTESIAN_POINT ( 'NONE',  ( 15.71520840811102460, -3.300241398324653908, 3.733417952846648902 ) ) ;
#4729 = VECTOR ( 'NONE', #2379, 1000.000000000000000 ) ;
#4730 = FACE_OUTER_BOUND ( 'NONE', #4458, .T. ) ;
#4731 = AXIS2_PLACEMENT_3D ( 'NONE', #724, #5076, #1121 ) ;
#4732 = CARTESIAN_POINT ( 'NONE',  ( 11.35603666368405840, -0.02282841846977228667, 2.707106781186548350 ) ) ;
#4733 = CARTESIAN_POINT ( 'NONE',  ( 15.30876357051687542, -2.922273093167195857, 4.490736308594572179 ) ) ;
#4734 = CARTESIAN_POINT ( 'NONE',  ( 6.219966669302185558, -10.77469508357686934, 2.848059096256063238 ) ) ;
#4735 = CARTESIAN_POINT ( 'NONE',  ( 18.10603666368406195, -5.991545965816269970, 2.336396103067894359 ) ) ;
#4736 = CARTESIAN_POINT ( 'NONE',  ( 15.26926260421167392, -11.74370121567593017, 2.975035010911388778 ) ) ;
#4737 = CARTESIAN_POINT ( 'NONE',  ( 14.88799573648708474, -12.80816067625336174, 4.367976806397924072 ) ) ;
#4738 = B_SPLINE_CURVE_WITH_KNOTS ( 'NONE', 5,
 ( #3275, #2879, #2204, #1759, #610, #1376, #943, #173 ),
 .UNSPECIFIED., .F., .F.,
 ( 6, 2, 6 ),
 ( 0.4326036768495576390, 0.5000000000000000000, 1.000000000000000000 ),
 .UNSPECIFIED. ) ;
#4739 = CARTESIAN_POINT ( 'NONE',  ( 9.736096001296346003, -12.23462713475414709, 4.112577806447448303 ) ) ;
#4740 = DIRECTION ( 'NONE',  ( 0.000000000000000000, -1.000000000000000000, 0.000000000000000000 ) ) ;
#4741 = CARTESIAN_POINT ( 'NONE',  ( 27.77053893421177122, -1.734723475976807094E-15, 3.000000000000000000 ) ) ;
#4742 = CARTESIAN_POINT ( 'NONE',  ( 9.510010253448058393, -12.98093570834077681, 2.903861516042701041 ) ) ;
#4743 = CARTESIAN_POINT ( 'NONE',  ( 0.000000000000000000, 15.99999999999999289, 1.000000000000000000 ) ) ;
#4744 = CARTESIAN_POINT ( 'NONE',  ( 16.66023021207116628, -11.04968930595423870, 1.822787723073260091 ) ) ;
#4745 = CARTESIAN_POINT ( 'NONE',  ( 6.274728832456479388, -15.37251360162896852, 1.966234529241413176 ) ) ;
#4746 = DIRECTION ( 'NONE',  ( -0.000000000000000000, -0.000000000000000000, -1.000000000000000000 ) ) ;
#4747 = VERTEX_POINT ( 'NONE', #4128 ) ;
#4748 = CARTESIAN_POINT ( 'NONE',  ( 16.94154028215019991, -17.31886786866567007, 1.749090010789031924 ) ) ;
#4749 = CARTESIAN_POINT ( 'NONE',  ( 9.198695417921767259, -12.08351948792353348, 3.733524245705938771 ) ) ;
#4750 = CARTESIAN_POINT ( 'NONE',  ( 6.054425184510678015, -11.05297611122823653, 1.911559577634319274 ) ) ;
#4751 = ORIENTED_EDGE ( 'NONE', *, *, #3876, .F. ) ;
#4752 = EDGE_CURVE ( 'NONE', #283, #4546, #1306, .T. ) ;
#4753 = ORIENTED_EDGE ( 'NONE', *, *, #1127, .T. ) ;
#4754 = CARTESIAN_POINT ( 'NONE',  ( 18.10603666368406550, -6.875000000000006217, 2.336396103067893915 ) ) ;
#4755 = CARTESIAN_POINT ( 'NONE',  ( 12.44938001978644770, -12.36604921210218500, 4.490391581787989139 ) ) ;
#4756 = CARTESIAN_POINT ( 'NONE',  ( -11.22023827261601703, -2.550550024661256021, 2.000000000000000000 ) ) ;
#4757 = CARTESIAN_POINT ( 'NONE',  ( 17.44166666858892611, -5.450389316726435673, 2.975003481391929938 ) ) ;
#4758 = CARTESIAN_POINT ( 'NONE',  ( 15.76638303895910909, -2.164960831659873630, 2.848083688547391468 ) ) ;
#4759 = CARTESIAN_POINT ( 'NONE',  ( 5.786140687459126575, -6.271545518660598617, 4.112561680194700031 ) ) ;
#4760 = ORIENTED_EDGE ( 'NONE', *, *, #3188, .T. ) ;
#4761 = DIRECTION ( 'NONE',  ( 0.6478214427981697776, 0.7617922146168847330, 0.000000000000000000 ) ) ;
#4762 = CARTESIAN_POINT ( 'NONE',  ( 6.292094442424122747, -10.59767126756234568, 2.956828478923740899 ) ) ;
#4763 = CARTESIAN_POINT ( 'NONE',  ( -11.22023827261601703, -2.550550024661256021, 2.000000000000000000 ) ) ;
#4764 = CARTESIAN_POINT ( 'NONE',  ( 6.542448100088376961, -10.77960661501440676, 3.020032271557587134 ) ) ;
#4765 = CARTESIAN_POINT ( 'NONE',  ( 4.906954049365269022, -6.875000000000108358, 2.848083729136107412 ) ) ;
#4766 = FACE_OUTER_BOUND ( 'NONE', #672, .T. ) ;
#4767 = EDGE_LOOP ( 'NONE', ( #1652, #4376, #3320, #379 ) ) ;
#4768 = DIRECTION ( 'NONE',  ( 1.000000000000000000, 0.000000000000000000, 0.000000000000000000 ) ) ;
#4769 = CARTESIAN_POINT ( 'NONE',  ( 6.993826042574807111, -3.304010061099778905, 3.733416829682557836 ) ) ;
#4770 = CARTESIAN_POINT ( 'NONE',  ( 17.45429269753268997, -16.02588065699117692, 3.001451261388372149 ) ) ;
#4771 = ORIENTED_EDGE ( 'NONE', *, *, #4752, .T. ) ;
#4772 = CARTESIAN_POINT ( 'NONE',  ( 7.178181542730378339, -15.06554482109245718, 4.163476469121627943 ) ) ;
#4773 = ORIENTED_EDGE ( 'NONE', *, *, #4457, .T. ) ;
#4774 = CARTESIAN_POINT ( 'NONE',  ( 18.10603666368406550, -7.758454034183742465, 2.336396103067893026 ) ) ;
#4775 = ADVANCED_FACE ( 'NONE', ( #5006 ), #1449, .F. ) ;
#4776 = CARTESIAN_POINT ( 'NONE',  ( 13.49315026456033273, -1.700115638907304660, 4.490825061047953426 ) ) ;
#4777 = PLANE ( 'NONE',  #160 ) ;
#4778 = CARTESIAN_POINT ( 'NONE',  ( 18.10603666368406550, -7.758454034183742465, 2.168198051533945847 ) ) ;
#4779 = CARTESIAN_POINT ( 'NONE',  ( 16.54547881036957691, -3.405827520658331942, 2.975011115748149582 ) ) ;
#4780 = DIRECTION ( 'NONE',  ( 0.000000000000000000, 0.000000000000000000, -1.000000000000000000 ) ) ;
#4781 = ADVANCED_FACE ( 'NONE', ( #981 ), #678, .F. ) ;
#4782 = CARTESIAN_POINT ( 'NONE',  ( 8.881040638120957453, -0.9083091171142109177, 2.848102550964568991 ) ) ;
#4783 = CARTESIAN_POINT ( 'NONE',  ( 16.80664492528082832, -4.617284134863776757, 3.000000000000000444 ) ) ;
#4784 = CARTESIAN_POINT ( 'NONE',  ( 16.95494320990587056, -6.876311539709525356, 4.112768173746981226 ) ) ;
#4785 = VERTEX_POINT ( 'NONE', #1395 ) ;
#4786 = LINE ( 'NONE', #4088, #327 ) ;
#4787 = CARTESIAN_POINT ( 'NONE',  ( 6.609588673066321363, -10.29176375602751747, 3.388921196064361929 ) ) ;
#4788 = DIRECTION ( 'NONE',  ( -1.000000000000000000, 0.000000000000000000, 0.000000000000000000 ) ) ;
#4789 = EDGE_LOOP ( 'NONE', ( #3238, #2776, #4123, #3981 ) ) ;
#4790 = CARTESIAN_POINT ( 'NONE',  ( 7.845663808011112295, -12.11278990205019923, 4.379937789025186490 ) ) ;
#4791 = CARTESIAN_POINT ( 'NONE',  ( 16.79470200504094990, -4.832681556873437145, 3.328191219207827789 ) ) ;
#4792 = CARTESIAN_POINT ( 'NONE',  ( 18.02857922050238315, -17.97111380691971405, 1.417457443182042587 ) ) ;
#4793 = AXIS2_PLACEMENT_3D ( 'NONE', #109, #133, #3311 ) ;
#4794 = EDGE_LOOP ( 'NONE', ( #4044, #4838, #2818, #768 ) ) ;
#4795 = CARTESIAN_POINT ( 'NONE',  ( 7.047725729101104619, -14.46528692725171439, 4.396538213958112173 ) ) ;
#4796 = ORIENTED_EDGE ( 'NONE', *, *, #4020, .T. ) ;
#4797 = CARTESIAN_POINT ( 'NONE',  ( 0.000000000000000000, -18.00000000000000355, 3.000000000000000000 ) ) ;
#4798 = CIRCLE ( 'NONE', #823, 8.096646241861602533 ) ;
#4799 = CARTESIAN_POINT ( 'NONE',  ( 8.705674561132854095, -13.27354013317881787, 2.168198051533944959 ) ) ;
#4800 = CARTESIAN_POINT ( 'NONE',  ( 9.266036663684074526, -12.87375546974150353, 4.733889651497853457 ) ) ;
#4801 = CARTESIAN_POINT ( 'NONE',  ( 4.999926315181882686, -17.35853741858572974, 2.467779302995661173 ) ) ;
#4802 = CIRCLE ( 'NONE', #4958, 2.000000000000000000 ) ;
#4803 = CARTESIAN_POINT ( 'NONE',  ( 4.957496530505256516, -9.525362102551220289, 2.168198051533946291 ) ) ;
#4804 = EDGE_CURVE ( 'NONE', #1200, #4232, #3858, .T. ) ;
#4805 = CARTESIAN_POINT ( 'NONE',  ( 15.97340283010251127, -10.80128597913624944, 3.350737811218001738 ) ) ;
#4806 = AXIS2_PLACEMENT_3D ( 'NONE', #4711, #3646, #1160 ) ;
#4807 = CARTESIAN_POINT ( 'NONE',  ( 7.184321707633330334, -11.04671495605073339, 3.000000000000000000 ) ) ;
#4808 = EDGE_CURVE ( 'NONE', #2704, #3962, #2991, .T. ) ;
#4809 = CARTESIAN_POINT ( 'NONE',  ( 14.31431309305929744, -11.63691401461001362, 4.112431791476793386 ) ) ;
#4810 = CARTESIAN_POINT ( 'NONE',  ( 13.59584452558451595, -12.80416360497950734, 4.733889651497853457 ) ) ;
#4811 = CARTESIAN_POINT ( 'NONE',  ( 6.239847627979359324, -10.67693107905102856, 2.896732618405164050 ) ) ;
#4812 = PLANE ( 'NONE',  #2572 ) ;
#4813 = CARTESIAN_POINT ( 'NONE',  ( 6.219636913298894676, -10.73961434705664431, 2.862120939478071779 ) ) ;
#4814 = DIRECTION ( 'NONE',  ( -1.000000000000000000, 0.000000000000000000, 0.000000000000000000 ) ) ;
#4815 = B_SPLINE_CURVE_WITH_KNOTS ( 'NONE', 3,
 ( #1094, #3892, #2286, #1835, #2266, #4995 ),
 .UNSPECIFIED., .F., .F.,
 ( 4, 2, 4 ),
 ( 0.000000000000000000, 0.5000000000000000000, 1.000000000000000000 ),
 .UNSPECIFIED. ) ;
#4816 = ORIENTED_EDGE ( 'NONE', *, *, #4040, .F. ) ;
#4817 = FACE_OUTER_BOUND ( 'NONE', #1684, .T. ) ;
#4818 = CARTESIAN_POINT ( 'NONE',  ( 17.12729064142709134, -6.243774156809742237, 3.328134133532802075 ) ) ;
#4819 = CARTESIAN_POINT ( 'NONE',  ( 6.344202970554400522, -16.07002406987395560, 3.016375320359220069 ) ) ;
#4820 = CARTESIAN_POINT ( 'NONE',  ( 7.401944238863065628, -12.50199397300301918, 4.087815979550108558 ) ) ;
#4821 = ORIENTED_EDGE ( 'NONE', *, *, #2947, .T. ) ;
#4822 = CARTESIAN_POINT ( 'NONE',  ( 4.430306730273466442, -6.875000000000008882, 2.168198051533946291 ) ) ;
#4823 = CARTESIAN_POINT ( 'NONE',  ( 13.49315123112122983, -1.700120404943145314, 4.301796487709987460 ) ) ;
#4824 = CARTESIAN_POINT ( 'NONE',  ( 16.93452010175749223, -13.01914521000236036, 4.899669213329263862 ) ) ;
#4825 = CARTESIAN_POINT ( 'NONE',  ( 15.76318479068697798, -2.467851872997102625, 2.975070757985122771 ) ) ;
#4826 = CARTESIAN_POINT ( 'NONE',  ( 11.35603666368404951, -13.80072993341060794, 2.168198051533947179 ) ) ;
#4827 = CARTESIAN_POINT ( 'NONE',  ( 14.40169430859791433, -14.48192123126124109, 4.626050375766260991 ) ) ;
#4828 = CARTESIAN_POINT ( 'NONE',  ( 17.01625046182456913, -3.925149563376309381, 2.903867469008711399 ) ) ;
#4829 = CARTESIAN_POINT ( 'NONE',  ( 7.023539026569031840, -3.328541673401927081, 4.112577442530940708 ) ) ;
#4830 = ORIENTED_EDGE ( 'NONE', *, *, #2020, .F. ) ;
#4831 = CARTESIAN_POINT ( 'NONE',  ( 14.85659293284605020, -11.23620583793157479, 5.086800426173083700 ) ) ;
#4832 = CARTESIAN_POINT ( 'NONE',  ( 6.359111831849141083, -10.51172163518315905, 3.035261713876719281 ) ) ;
#4833 = EDGE_CURVE ( 'NONE', #454, #3299, #1793, .T. ) ;
#4834 = CARTESIAN_POINT ( 'NONE',  ( 22.77053893421170017, 17.99999999999999645, 3.000000000000000000 ) ) ;
#4835 = B_SPLINE_CURVE_WITH_KNOTS ( 'NONE', 3,
 ( #4377, #821, #3996, #433 ),
 .UNSPECIFIED., .F., .F.,
 ( 4, 4 ),
 ( 0.000000000000000000, 0.0002664021216588293882 ),
 .UNSPECIFIED. ) ;
#4836 = CARTESIAN_POINT ( 'NONE',  ( 6.292587077721778499, -10.59686908349707934, 2.957318822324359608 ) ) ;
#4837 = FACE_OUTER_BOUND ( 'NONE', #617, .T. ) ;
#4838 = ORIENTED_EDGE ( 'NONE', *, *, #3087, .F. ) ;
#4839 = CARTESIAN_POINT ( 'NONE',  ( 9.113784168134248631, -12.80302797361248146, 4.733889651497869444 ) ) ;
#4840 = ADVANCED_FACE ( 'NONE', ( #1081 ), #4063, .T. ) ;
#4841 = CARTESIAN_POINT ( 'NONE',  ( 11.92923702046848966, -12.64860355049198226, 3.328138683957622579 ) ) ;
#4842 = CARTESIAN_POINT ( 'NONE',  ( 6.219966669302185558, -10.77469508357686934, 2.848059096256063238 ) ) ;
#4843 = ORIENTED_EDGE ( 'NONE', *, *, #182, .F. ) ;
#4844 = CARTESIAN_POINT ( 'NONE',  ( 7.119330376379947367, -14.58499384919215380, 4.424392179453967344 ) ) ;
#4845 = CARTESIAN_POINT ( 'NONE',  ( 11.35220176402583903, -0.6323188105454122798, 2.975086194804092976 ) ) ;
#4846 = PLANE ( 'NONE',  #4119 ) ;
#4847 = CARTESIAN_POINT ( 'NONE',  ( 6.458806063102772832, -1.977769399418718876, 2.168198051533945403 ) ) ;
#4848 = CARTESIAN_POINT ( 'NONE',  ( 6.703968026732122887, -9.990809194295604101, 4.301428646897806019 ) ) ;
#4849 = CARTESIAN_POINT ( 'NONE',  ( -27.22946106578824654, 7.999999999999923617, 3.000000000000000000 ) ) ;
#4850 = DIRECTION ( 'NONE',  ( -0.000000000000000000, 0.000000000000000000, 1.000000000000000000 ) ) ;
#4851 = DIRECTION ( 'NONE',  ( 1.000000000000000000, 0.000000000000000000, -0.000000000000000000 ) ) ;
#4852 = CARTESIAN_POINT ( 'NONE',  ( 14.00639876623527691, -0.4764598668211998400, 2.000000000000000444 ) ) ;
#4853 = CARTESIAN_POINT ( 'NONE',  ( 16.67767556135464346, -13.16139303428416696, 5.073392226631519897 ) ) ;
#4854 = CARTESIAN_POINT ( 'NONE',  ( 16.72561451255536014, -3.285405429076482253, 2.848011521825063674 ) ) ;
#4855 = CARTESIAN_POINT ( 'NONE',  ( 11.35603666368404774, -13.11984973001644228, 2.999999999999997335 ) ) ;
#4856 = CARTESIAN_POINT ( 'NONE',  ( 16.64047269865811529, -4.890700339437231925, 3.733543376795503743 ) ) ;
#4857 = CARTESIAN_POINT ( 'NONE',  ( 5.349695700115331576, -17.77354533033784634, 1.541829518215638295 ) ) ;
#4858 = CARTESIAN_POINT ( 'NONE',  ( 7.062291389865896996, -2.581254726181844372, 3.000000000000000444 ) ) ;
#4859 = VECTOR ( 'NONE', #2540, 1000.000000000000000 ) ;
#4860 = CARTESIAN_POINT ( 'NONE',  ( 5.266036663684054098, -11.66816179572523637, 3.000000000000000000 ) ) ;
#4861 = CARTESIAN_POINT ( 'NONE',  ( 15.31937954913580846, -1.717962807401193004, 2.848083732178379623 ) ) ;
#4862 = EDGE_CURVE ( 'NONE', #2631, #877, #929, .T. ) ;
#4863 = ORIENTED_EDGE ( 'NONE', *, *, #210, .T. ) ;
#4864 = CARTESIAN_POINT ( 'NONE',  ( 15.61979070413191906, -11.18134873772616622, 3.801446995717510546 ) ) ;
#4865 = CARTESIAN_POINT ( 'NONE',  ( 15.84060464240560862, -10.55616460122283584, 3.328139002522978895 ) ) ;
#4866 = CARTESIAN_POINT ( 'NONE',  ( 9.266036663684081631, -13.65922706049903645, 5.733889651497853457 ) ) ;
#4867 = CARTESIAN_POINT ( 'NONE',  ( 6.448996724192382679, -12.79795701718522594, 2.766730357638652382 ) ) ;
#4868 = EDGE_LOOP ( 'NONE', ( #362, #589, #509, #1126 ) ) ;
#4869 = ADVANCED_FACE ( 'NONE', ( #4460 ), #1392, .F. ) ;
#4870 = CARTESIAN_POINT ( 'NONE',  ( 6.458806063102770167, -11.77223060058129356, 2.336396103067893915 ) ) ;
#4871 = CARTESIAN_POINT ( 'NONE',  ( 8.250397822147199633, -11.53372304827309414, 4.301429113533804305 ) ) ;
#4872 = DIRECTION ( 'NONE',  ( 0.000000000000000000, 0.000000000000000000, 1.000000000000000000 ) ) ;
#4873 = CARTESIAN_POINT ( 'NONE',  ( 16.25326726426534663, -1.977769399418725760, 1.999999999999999112 ) ) ;
#4874 = AXIS2_PLACEMENT_3D ( 'NONE', #4338, #4414, #2350 ) ;
#4875 = CARTESIAN_POINT ( 'NONE',  ( 4.430306730273466442, -6.875000000000008882, 2.168198051533946291 ) ) ;
#4876 = CARTESIAN_POINT ( 'NONE',  ( 15.59931800453676587, -13.80676967695125867, 5.540464902548019488 ) ) ;
#4877 = CARTESIAN_POINT ( 'NONE',  ( 5.983412190900215144, -3.289912058945090756, 2.848011502044478949 ) ) ;
#4878 = AXIS2_PLACEMENT_3D ( 'NONE', #1365, #4949, #2250 ) ;
#4879 = AXIS2_PLACEMENT_3D ( 'NONE', #1256, #2870, #4439 ) ;
#4880 = CARTESIAN_POINT ( 'NONE',  ( 11.35603666368405129, -12.94727279960903488, 2.999999999999999112 ) ) ;
#4881 = CARTESIAN_POINT ( 'NONE',  ( 16.96363236748156567, -6.261493092892250090, 3.733406485704998445 ) ) ;
#4882 = DIRECTION ( 'NONE',  ( 1.000000000000000000, 0.000000000000000000, 0.000000000000000000 ) ) ;
#4883 = CC_DESIGN_APPROVAL ( #2078, ( #3767 ) ) ;
#4884 = FACE_OUTER_BOUND ( 'NONE', #3144, .T. ) ;
#4885 = APPROVAL_STATUS ( 'not_yet_approved' ) ;
#4886 = CARTESIAN_POINT ( 'NONE',  ( 15.52775161973477225, -11.04671495605074227, 2.999999999999999112 ) ) ;
#4887 = DIRECTION ( 'NONE',  ( -1.000000000000000000, -0.000000000000000000, -0.000000000000000000 ) ) ;
#4888 = CARTESIAN_POINT ( 'NONE',  ( 15.93493361092844118, -10.21623473219402634, 3.750686779909802482 ) ) ;
#4889 = CARTESIAN_POINT ( 'NONE',  ( 16.71343601241051147, -8.502175685577817887, 4.490557921505098804 ) ) ;
#4890 = ORIENTED_EDGE ( 'NONE', *, *, #4833, .F. ) ;
#4891 = CARTESIAN_POINT ( 'NONE',  ( 14.08205336724901180, -1.753217119307287186, 3.328139875408435699 ) ) ;
#4892 = EDGE_CURVE ( 'NONE', #3709, #1467, #570, .T. ) ;
#4893 = CARTESIAN_POINT ( 'NONE',  ( 7.728922122869686717, -14.31654175403743245, 4.375634761133100348 ) ) ;
#4894 = VERTEX_POINT ( 'NONE', #1142 ) ;
#4895 = CARTESIAN_POINT ( 'NONE',  ( 14.00639876623529823, -13.27354013317880366, 2.336396103067895691 ) ) ;
#4896 = CARTESIAN_POINT ( 'NONE',  ( 7.802186172999197922, -2.548455306477356519, 4.301570164014336228 ) ) ;
#4897 = EDGE_CURVE ( 'NONE', #3042, #3283, #4815, .T. ) ;
#4898 = CARTESIAN_POINT ( 'NONE',  ( 13.73979781666101729, -14.61278799990086164, 5.800417238623390759 ) ) ;
#4899 = CARTESIAN_POINT ( 'NONE',  ( 6.298286582382321086, -14.21815369628099468, 2.174493100332855366 ) ) ;
#4900 = CARTESIAN_POINT ( 'NONE',  ( 13.97824920365858503, -0.5444189225687284805, 2.707106781186547018 ) ) ;
#4901 = CARTESIAN_POINT ( 'NONE',  ( 15.87521357219356943, -15.04538263568865908, 3.492991756249514079 ) ) ;
#4902 = CARTESIAN_POINT ( 'NONE',  ( 10.08642242814900669, -0.5419395630238983408, 2.848011924848272258 ) ) ;
#4903 = CARTESIAN_POINT ( 'NONE',  ( 17.81314344487061518, -6.029880439260091762, 2.928308080163915417 ) ) ;
#4904 = CARTESIAN_POINT ( 'NONE',  ( 7.365223120644560417, -2.892972508499924711, 3.733524232933414844 ) ) ;
#4905 = CARTESIAN_POINT ( 'NONE',  ( 22.77053893421177477, -8.000000000000003553, 0.000000000000000000 ) ) ;
#4906 = CARTESIAN_POINT ( 'NONE',  ( 8.321992528545393952, -11.79094616583995681, 4.592356661215283076 ) ) ;
#4907 = DIRECTION ( 'NONE',  ( 0.000000000000000000, 0.000000000000000000, 1.000000000000000000 ) ) ;
#4908 = CARTESIAN_POINT ( 'NONE',  ( 17.68661774111536289, -9.497212539974501766, 2.707106781186548350 ) ) ;
#4909 = DIRECTION ( 'NONE',  ( 0.000000000000000000, 0.000000000000000000, -1.000000000000000000 ) ) ;
#4910 = CARTESIAN_POINT ( 'NONE',  ( 16.21391330045719670, -10.37039585595415581, 3.218103181379019073 ) ) ;
#4911 = CARTESIAN_POINT ( 'NONE',  ( 5.784323677203802916, -7.426045926679964104, 4.490555838645839515 ) ) ;
#4912 = VERTEX_POINT ( 'NONE', #3846 ) ;
#4913 = CARTESIAN_POINT ( 'NONE',  ( 18.44603666368407247, -18.00000000000000355, 0.000000000000000000 ) ) ;
#4914 = CARTESIAN_POINT ( 'NONE',  ( 13.23462396566585753, -12.83224210269151833, 2.975044745009896019 ) ) ;
#4915 = CARTESIAN_POINT ( 'NONE',  ( 6.064763490782629773, -11.06558047925753741, 2.084877528066751307 ) ) ;
#4916 = ORIENTED_EDGE ( 'NONE', *, *, #4689, .T. ) ;
#4917 = DIRECTION ( 'NONE',  ( 1.000000000000000000, 0.000000000000000000, -0.000000000000000000 ) ) ;
#4918 = EDGE_LOOP ( 'NONE', ( #357, #1471, #4760, #3102 ) ) ;
#4919 = CC_DESIGN_PERSON_AND_ORGANIZATION_ASSIGNMENT ( #890, #1404, ( #908 ) ) ;
#4920 = CARTESIAN_POINT ( 'NONE',  ( 8.709236215620338228, -1.941019733699277827, 4.301564766129823525 ) ) ;
#4921 = DIRECTION ( 'NONE',  ( 1.000000000000000000, 0.000000000000000000, 0.000000000000000000 ) ) ;
#4922 = CARTESIAN_POINT ( 'NONE',  ( 4.430306730273466442, -6.875000000000008882, 2.000000000000000000 ) ) ;
#4923 = ADVANCED_FACE ( 'NONE', ( #4323 ), #4671, .T. ) ;
#4924 = CARTESIAN_POINT ( 'NONE',  ( 5.006707848581497089, -13.93965871647602306, 3.454381896086162307 ) ) ;
#4925 = CARTESIAN_POINT ( 'NONE',  ( 14.00639876623527691, -0.4764598668212000065, 2.168198051533946291 ) ) ;
#4926 = CARTESIAN_POINT ( 'NONE',  ( 15.95401471193112641, -14.90128067013378832, 3.411327882907817077 ) ) ;
#4927 = CARTESIAN_POINT ( 'NONE',  ( 17.81546926978225187, -6.876510185854868062, 2.848102389944587642 ) ) ;
#4928 = CARTESIAN_POINT ( 'NONE',  ( 5.745988108300274178, -4.551241802788453583, 3.000000000000000888 ) ) ;
#4929 = CARTESIAN_POINT ( 'NONE',  ( 15.71354511550319977, -10.45166111162073008, 3.733418161880281971 ) ) ;
#4930 = EDGE_CURVE ( 'NONE', #4747, #148, #1267, .T. ) ;
#4931 = DIRECTION ( 'NONE',  ( -7.635014092848299684E-16, 1.000000000000000000, -0.000000000000000000 ) ) ;
#4932 = CARTESIAN_POINT ( 'NONE',  ( 9.170482484710687388, -12.02317885977290501, 5.086800426649165985 ) ) ;
#4933 = CARTESIAN_POINT ( 'NONE',  ( -11.22023827261601703, -6.549125643708114453, 3.000000000000000000 ) ) ;
#4934 = CARTESIAN_POINT ( 'NONE',  ( 11.35603666368405129, -13.50021151373219475, 2.928308080163914084 ) ) ;
#4935 = FACE_OUTER_BOUND ( 'NONE', #287, .T. ) ;
#4936 = DIRECTION ( 'NONE',  ( 1.000000000000000000, 0.000000000000000000, 0.000000000000000000 ) ) ;
#4937 = CARTESIAN_POINT ( 'NONE',  ( 15.31765460014024782, -10.83141432597733456, 4.490825350066668165 ) ) ;
#4938 = ORIENTED_EDGE ( 'NONE', *, *, #4242, .F. ) ;
#4939 = CARTESIAN_POINT ( 'NONE',  ( -10.27548389606760537, 2.266725329581253501, 2.000000000000000000 ) ) ;
#4940 = CARTESIAN_POINT ( 'NONE',  ( 6.936812304031366061, -2.465491726139733331, 2.975086290913859344 ) ) ;
#4941 = AXIS2_PLACEMENT_3D ( 'NONE', #1762, #1834, #971 ) ;
#4942 = CARTESIAN_POINT ( 'NONE',  ( 6.300159472203074706, -11.35702714313117312, 2.188807688457649725 ) ) ;
#4943 = ORIENTED_EDGE ( 'NONE', *, *, #3273, .F. ) ;
#4944 = ORIENTED_EDGE ( 'NONE', *, *, #2822, .T. ) ;
#4945 = CARTESIAN_POINT ( 'NONE',  ( 17.01625046182456913, -3.925149563376309381, 2.903867469008711399 ) ) ;
#4946 = CARTESIAN_POINT ( 'NONE',  ( 14.46190130370236560, -2.216279221889457141, 4.301428316485027104 ) ) ;
#4947 = CARTESIAN_POINT ( 'NONE',  ( 16.14611976028920992, -11.37307009452223561, 3.045320122359477910 ) ) ;
#4948 = ORIENTED_EDGE ( 'NONE', *, *, #1003, .F. ) ;
#4949 = DIRECTION ( 'NONE',  ( 0.9443268661732738822, 0.3290087686116645038, 0.000000000000000000 ) ) ;
#4950 = CARTESIAN_POINT ( 'NONE',  ( 16.02277418740348480, -14.37562186027066069, 3.957520377955422219 ) ) ;
#4951 = CARTESIAN_POINT ( 'NONE',  ( 17.78100798195745114, -6.172433794713194644, 2.848040050548701352 ) ) ;
#4952 = EDGE_CURVE ( 'NONE', #1273, #2987, #3650, .T. ) ;
#4953 = AXIS2_PLACEMENT_3D ( 'NONE', #3640, #3979, #1614 ) ;
#4954 = CARTESIAN_POINT ( 'NONE',  ( 13.67979486089563501, -12.48504855538378600, 3.000000000000002220 ) ) ;
#4955 = CARTESIAN_POINT ( 'NONE',  ( 15.20512636833196218, -2.764209618658682199, 3.733488709288627305 ) ) ;
#4956 = CARTESIAN_POINT ( 'NONE',  ( 6.344831162641257905, -16.05612972813144523, 3.017600161000740133 ) ) ;
#4957 = CIRCLE ( 'NONE', #3326, 2.000000000000001776 ) ;
#4958 = AXIS2_PLACEMENT_3D ( 'NONE', #3539, #4375, #1602 ) ;
#4959 = EDGE_CURVE ( 'NONE', #2273, #2003, #4798, .T. ) ;
#4960 = CARTESIAN_POINT ( 'NONE',  ( 6.671304675528847206, -2.190268011844791474, 2.928308080163915417 ) ) ;
#4961 = CARTESIAN_POINT ( 'NONE',  ( 16.44243785434584737, -10.62709605046696204, 2.932083746490780740 ) ) ;
#4962 = CC_DESIGN_APPROVAL ( #3925, ( #908 ) ) ;
#4963 = CARTESIAN_POINT ( 'NONE',  ( 5.757162748950283238, -6.881044095294113205, 4.490825255520573656 ) ) ;
#4964 = VECTOR ( 'NONE', #3040, 1000.000000000000000 ) ;
#4965 = ORIENTED_EDGE ( 'NONE', *, *, #959, .F. ) ;
#4966 = DIRECTION ( 'NONE',  ( 0.000000000000000000, -0.000000000000000000, -1.000000000000000000 ) ) ;
#4967 = CARTESIAN_POINT ( 'NONE',  ( 7.893513764093893492, -12.06909104206097538, 2.975011430758779163 ) ) ;
#4968 = CARTESIAN_POINT ( 'NONE',  ( 6.229589409014464785, -10.92380181735411426, 2.782282479310403289 ) ) ;
#4969 = ORIENTED_EDGE ( 'NONE', *, *, #4527, .F. ) ;
#4970 = CARTESIAN_POINT ( 'NONE',  ( 8.382394247575776447, -13.19638316768818420, 4.603527697128832585 ) ) ;
#4971 = ORIENTED_EDGE ( 'NONE', *, *, #3669, .T. ) ;
#4972 = CARTESIAN_POINT ( 'NONE',  ( 17.45938227040114654, -8.729451671295151982, 2.903862223442890134 ) ) ;
#4973 = VERTEX_POINT ( 'NONE', #3821 ) ;
#4974 = CARTESIAN_POINT ( 'NONE',  ( 16.37125397687455575, -10.53531274341234081, 3.013930472232252189 ) ) ;
#4975 = B_SPLINE_CURVE_WITH_KNOTS ( 'NONE', 3,
 ( #475, #4744, #404, #1191 ),
 .UNSPECIFIED., .F., .F.,
 ( 4, 4 ),
 ( 0.000000000000000000, 0.0002664021216588247261 ),
 .UNSPECIFIED. ) ;
#4976 = CARTESIAN_POINT ( 'NONE',  ( 15.31764634891726473, -10.83141063723433639, 4.112768116033687527 ) ) ;
#4977 = CARTESIAN_POINT ( 'NONE',  ( 7.207846303853385983, -1.477248813812291450, 1.999999999999999556 ) ) ;
#4978 = CARTESIAN_POINT ( 'NONE',  ( 7.062291389865892555, -11.16874527381817117, 3.000000000000000000 ) ) ;
#4979 = CARTESIAN_POINT ( 'NONE',  ( 16.43684406510907436, -15.26759575044333772, 1.975406104352447123 ) ) ;
#4980 = CARTESIAN_POINT ( 'NONE',  ( 15.45133446763735563, -1.879835540323675058, 2.848045877948516935 ) ) ;
#4981 = CARTESIAN_POINT ( 'NONE',  ( 18.10603666368406550, -6.875000000000006217, 2.336396103067893915 ) ) ;
#4982 = CARTESIAN_POINT ( 'NONE',  ( 17.01236309843394068, -5.550947431701565016, 3.328104515817384534 ) ) ;
#4983 = CARTESIAN_POINT ( 'NONE',  ( 27.77053893421177122, -1.734723475976807094E-15, 0.000000000000000000 ) ) ;
#4984 = CARTESIAN_POINT ( 'NONE',  ( 8.529250596770395987, -12.53925666631602454, 4.645725590044876618 ) ) ;
#4985 = CARTESIAN_POINT ( 'NONE',  ( 5.010368397145199992, -6.188058153521024174, 2.903856901074910013 ) ) ;
#4986 = B_SPLINE_CURVE_WITH_KNOTS ( 'NONE', 3,
 ( #4898, #1335, #3667, #4491, #2498, #954, #539, #4126, #2867, #4824, #2135, #3693, #2579, #4152, #4077, #1690, #931, #2946, #514, #3721, #3264, #3288, #880, #4548, #3364, #2081, #2108, #4100 ),
 .UNSPECIFIED., .F., .F.,
 ( 4, 2, 2, 2, 2, 2, 2, 2, 2, 2, 2, 2, 2, 4 ),
 ( 0.000000000000000000, 0.001014463459017262304, 0.002028926918034524608, 0.003043390377051781708, 0.003550622106560410909, 0.004057853836069039676, 0.004311469700823356010, 0.004565085565577673213, 0.004818701430331989548, 0.005072317295086305883, 0.005579549024594933349, 0.006086780754103559947, 0.007101244213120815746, 0.008115707672138070677 ),
 .UNSPECIFIED. ) ;
#4987 = CARTESIAN_POINT ( 'NONE',  ( 17.12552551285489599, -9.264800529286882025, 3.000000000000001332 ) ) ;
#4988 = CARTESIAN_POINT ( 'NONE',  ( 13.44603666368404760, -12.87375546974150353, 4.733889651497853457 ) ) ;
#4989 = LINE ( 'NONE', #1434, #4964 ) ;
#4990 = CARTESIAN_POINT ( 'NONE',  ( 16.01129844895001852, -9.986045740927835368, 4.490392831995960066 ) ) ;
#4991 = B_SPLINE_CURVE_WITH_KNOTS ( 'NONE', 3,
 ( #2643, #628, #2931, #1373, #2978, #4110, #4213, #4584, #2119, #216 ),
 .UNSPECIFIED., .F., .F.,
 ( 4, 2, 2, 2, 4 ),
 ( 0.000000000000000000, 0.0005034408815111438831, 0.001006881763022287766, 0.001510322644533431541, 0.002013763526044575532 ),
 .UNSPECIFIED. ) ;
#4992 = VERTEX_POINT ( 'NONE', #254 ) ;
#4993 = EDGE_CURVE ( 'NONE', #1990, #458, #3735, .T. ) ;
#4994 = LINE ( 'NONE', #1380, #4289 ) ;
#4995 = CARTESIAN_POINT ( 'NONE',  ( 7.124710999716744375, -10.52794533792805431, 4.490683842500607703 ) ) ;
#4996 = CARTESIAN_POINT ( 'NONE',  ( 5.269158479041861298, -5.455315605810099555, 2.975003138394333391 ) ) ;
#4997 = CARTESIAN_POINT ( 'NONE',  ( 6.485612489616241483, -11.55004666905476007, 2.865134788642779817 ) ) ;
#4998 = FACE_OUTER_BOUND ( 'NONE', #2830, .T. ) ;
#4999 = ORIENTED_EDGE ( 'NONE', *, *, #2287, .F. ) ;
#5000 = CARTESIAN_POINT ( 'NONE',  ( 15.86956427808013714, -11.38261773421309186, 2.903915954320356096 ) ) ;
#5001 = ORIENTED_EDGE ( 'NONE', *, *, #4144, .T. ) ;
#5002 = EDGE_CURVE ( 'NONE', #1501, #2413, #4306, .T. ) ;
#5003 = CARTESIAN_POINT ( 'NONE',  ( 16.06050462093063302, -11.07584065603299095, 3.205306830036787513 ) ) ;
#5004 = CARTESIAN_POINT ( 'NONE',  ( 12.97836943447191516, -1.516109087342821571, 4.112578106372361653 ) ) ;
#5005 = CARTESIAN_POINT ( 'NONE',  ( 16.75378784987178094, -2.726809640169332027, 1.999999999999999556 ) ) ;
#5006 = FACE_OUTER_BOUND ( 'NONE', #1893, .T. ) ;
#5007 = CARTESIAN_POINT ( 'NONE',  ( 16.42451270987711709, -14.55969295509846617, 2.094919877680247122 ) ) ;
#5008 = CARTESIAN_POINT ( 'NONE',  ( 17.44603666368407247, -11.66816179572523637, 3.000000000000000000 ) ) ;
#5009 = CARTESIAN_POINT ( 'NONE',  ( 9.666716337382705859, -1.324511296155347351, 3.328139470252812426 ) ) ;
#5010 = CARTESIAN_POINT ( 'NONE',  ( 4.266036663684053210, -18.00000000000000355, 1.000000000000000000 ) ) ;
#5011 = ORIENTED_EDGE ( 'NONE', *, *, #2090, .T. ) ;
#5012 = CARTESIAN_POINT ( 'NONE',  ( 8.341123821395370896, -1.253574732040274142, 2.903861200104911777 ) ) ;
#5013 = VECTOR ( 'NONE', #2260, 1000.000000000000000 ) ;
#5014 = CARTESIAN_POINT ( 'NONE',  ( 5.257780629835416164, -16.02588065699105613, 3.001451261388375258 ) ) ;
#5015 = CARTESIAN_POINT ( 'NONE',  ( 11.35915250540494981, -12.47411547121933850, 4.301797457703839811 ) ) ;
#5016 = VERTEX_POINT ( 'NONE', #5071 ) ;
#5017 = AXIS2_PLACEMENT_3D ( 'NONE', #1433, #3039, #4614 ) ;
#5018 = CARTESIAN_POINT ( 'NONE',  ( 26.52053893421177477, -1.734723475976807094E-15, 3.000000000000000000 ) ) ;
#5019 = FACE_OUTER_BOUND ( 'NONE', #827, .T. ) ;
#5020 = CARTESIAN_POINT ( 'NONE',  ( 10.12901531782819653, -0.7543981442302405416, 2.975011448538138481 ) ) ;
#5021 = DIRECTION ( 'NONE',  ( -0.2944134005327216919, 0.9556781621376304603, 0.000000000000000000 ) ) ;
#5022 = LINE ( 'NONE', #2313, #4474 ) ;
#5023 = ADVANCED_FACE ( 'NONE', ( #4646 ), #744, .T. ) ;
#5024 = CARTESIAN_POINT ( 'NONE',  ( 8.972635024510893231, -13.53871037369918362, 4.733889651497854345 ) ) ;
#5025 = ORIENTED_EDGE ( 'NONE', *, *, #1731, .F. ) ;
#5026 = CARTESIAN_POINT ( 'NONE',  ( 16.20591184374435656, -10.92735907064281342, 2.942324349653626214 ) ) ;
#5027 = CARTESIAN_POINT ( 'NONE',  ( 11.35915117801622820, -12.47411143695013713, 4.112768713493019312 ) ) ;
#5028 = CARTESIAN_POINT ( 'NONE',  ( 5.457978542292821977, -3.475571882496436782, 2.000000000000000000 ) ) ;
#5029 = ADVANCED_FACE ( 'NONE', ( #3044 ), #302, .T. ) ;
#5030 = AXIS2_PLACEMENT_3D ( 'NONE', #3481, #743, #2334 ) ;
#5031 = CARTESIAN_POINT ( 'NONE',  ( 13.61375252882030118, -12.32560826159676282, 3.000000000000000000 ) ) ;
#5032 = CARTESIAN_POINT ( 'NONE',  ( 16.16841032212134266, -14.60206363440319599, 3.665099586917608843 ) ) ;
#5033 = CARTESIAN_POINT ( 'NONE',  ( 6.403226272257318996, -4.225670398533646122, 4.490736308594572179 ) ) ;
#5034 = EDGE_CURVE ( 'NONE', #408, #1868, #1193, .T. ) ;
#5035 = CARTESIAN_POINT ( 'NONE',  ( 11.35246995364811440, -1.072939756464957650, 3.328183144945378924 ) ) ;
#5036 = CARTESIAN_POINT ( 'NONE',  ( 6.266036663684054098, -16.00000000000000000, 1.733889651497832363 ) ) ;
#5037 = ORIENTED_EDGE ( 'NONE', *, *, #686, .F. ) ;
#5038 = CARTESIAN_POINT ( 'NONE',  ( 5.100378253631833836, -8.122267172090809950, 2.903828998414010432 ) ) ;
#5039 =( BOUNDED_SURFACE ( )  B_SPLINE_SURFACE ( 3, 2, ( 
 ( #3508, #662, #1856 ),
 ( #1515, #2331, #3936 ),
 ( #1565, #738, #1111 ),
 ( #1879, #2754, #1910 ) ),
 .UNSPECIFIED., .F., .F., .F. ) 
 B_SPLINE_SURFACE_WITH_KNOTS ( ( 4, 4 ),
 ( 3, 3 ),
 ( 0.000000000000000000, 0.0002664949097567184590 ),
 ( 0.000000000000000000, 1.000000000000000000 ),
 .UNSPECIFIED. ) 
 GEOMETRIC_REPRESENTATION_ITEM ( )  RATIONAL_B_SPLINE_SURFACE ( (
 ( 1.000000000000000000, 0.9449355670131441842, 1.000000000000000000),
 ( 1.000000000000000000, 0.9449355305072679734, 1.000000000000000000),
 ( 1.000000000000000000, 0.9446801438464335066, 1.000000000000000000),
 ( 1.000000000000000000, 0.9441728281322855354, 1.000000000000000000) ) ) 
 REPRESENTATION_ITEM ( '' )  SURFACE ( )  );
#5040 = CIRCLE ( 'NONE', #2903, 11.09000000000000874 ) ;
#5041 = CARTESIAN_POINT ( 'NONE',  ( 22.77053893421170017, -18.00000000000000355, 0.000000000000000000 ) ) ;
#5042 = CARTESIAN_POINT ( 'NONE',  ( 10.26730260432717223, -12.36694596814348834, 4.301429572477499796 ) ) ;
#5043 = AXIS2_PLACEMENT_3D ( 'NONE', #2220, #3804, #3056 ) ;
#5044 = EDGE_LOOP ( 'NONE', ( #4042, #2844, #3554 ) ) ;
#5045 = CARTESIAN_POINT ( 'NONE',  ( 16.51307385628288671, -2.911657114548264591, 2.848083732178380068 ) ) ;
#5046 = CARTESIAN_POINT ( 'NONE',  ( 5.115501440937160638, -17.06849182364548412, 2.703635399941349160 ) ) ;
#5047 = CARTESIAN_POINT ( 'NONE',  ( 15.85940395281797777, -2.371632710866102389, 2.903898063920915540 ) ) ;
#5048 = CARTESIAN_POINT ( 'NONE',  ( 7.732900997575331559, -11.13187537343659983, 5.086800426173084588 ) ) ;
#5049 = VECTOR ( 'NONE', #5086, 1000.000000000000114 ) ;
#5050 = CARTESIAN_POINT ( 'NONE',  ( 5.260091166547763208, -16.04409290684119327, 3.001051507304604016 ) ) ;
#5051 = CARTESIAN_POINT ( 'NONE',  ( 6.059696960936628685, -11.05940467144901973, 2.000000000000000000 ) ) ;
#5052 = ORIENTED_EDGE ( 'NONE', *, *, #2738, .T. ) ;
#5053 = EDGE_LOOP ( 'NONE', ( #252, #4821, #5075, #3949 ) ) ;
#5054 = CIRCLE ( 'NONE', #2406, 1.249999999999997558 ) ;
#5055 = CARTESIAN_POINT ( 'NONE',  ( 7.805973002170476072, -11.20480305268605825, 4.112578628227999467 ) ) ;
#5056 = CARTESIAN_POINT ( 'NONE',  ( 6.785770230624001975, -10.76479796984496851, 3.421728065919099837 ) ) ;
#5057 = CARTESIAN_POINT ( 'NONE',  ( 15.77181225526964248, -11.29077559158561428, 2.999999999999997780 ) ) ;
#5058 = ADVANCED_FACE ( 'NONE', ( #5019 ), #2066, .T. ) ;
#5059 = CARTESIAN_POINT ( 'NONE',  ( 17.58979021808996279, -13.00369660299461572, 4.131556310455367864 ) ) ;
#5060 = CARTESIAN_POINT ( 'NONE',  ( 6.272780022216281282, -16.00000000000000000, 1.934923674262837734 ) ) ;
#5061 = ORIENTED_EDGE ( 'NONE', *, *, #3211, .F. ) ;
#5062 = CARTESIAN_POINT ( 'NONE',  ( 11.35603666368405840, 0.05072993341058804756, 2.336396103067891250 ) ) ;
#5063 = CARTESIAN_POINT ( 'NONE',  ( 10.78180175589679379, -1.101311409850107337, 3.328138439790152336 ) ) ;
#5064 = CARTESIAN_POINT ( 'NONE',  ( 1.734723475976807094E-14, 12.88322821025619547, 2.000000000000000000 ) ) ;
#5065 = EDGE_CURVE ( 'NONE', #1631, #3358, #1484, .T. ) ;
#5066 = CARTESIAN_POINT ( 'NONE',  ( 7.306770128355602800, -1.946257753890779041, 2.903862475191833159 ) ) ;
#5067 = CARTESIAN_POINT ( 'NONE',  ( 17.49565337676168397, -16.60056374052568984, 2.911684113205076585 ) ) ;
#5068 = CARTESIAN_POINT ( 'NONE',  ( 15.43875528876123759, -3.052269687717292790, 4.112705720854150648 ) ) ;
#5069 = ORIENTED_EDGE ( 'NONE', *, *, #3934, .F. ) ;
#5070 = CARTESIAN_POINT ( 'NONE',  ( 15.61978820269929358, -11.18134532791195035, 3.801449625632127738 ) ) ;
#5071 = CARTESIAN_POINT ( 'NONE',  ( 6.051843115296958509, -11.04968930595423870, 1.733889651497832363 ) ) ;
#5072 = CARTESIAN_POINT ( 'NONE',  ( 17.73497332895725265, -6.876491439289184271, 2.903915970837612104 ) ) ;
#5073 = LINE ( 'NONE', #4275, #2823 ) ;
#5074 = CARTESIAN_POINT ( 'NONE',  ( 6.878865018525988972, -10.25269650517713949, 4.039144350431701724 ) ) ;
#5075 = ORIENTED_EDGE ( 'NONE', *, *, #1377, .T. ) ;
#5076 = DIRECTION ( 'NONE',  ( 0.000000000000000000, -1.000000000000000000, 0.000000000000000000 ) ) ;
#5077 = DIRECTION ( 'NONE',  ( -1.000000000000000000, 0.000000000000000000, 0.000000000000000000 ) ) ;
#5078 = ORIENTED_EDGE ( 'NONE', *, *, #1413, .T. ) ;
#5079 = CARTESIAN_POINT ( 'NONE',  ( 15.71354511550319977, -10.45166111162073008, 3.733418161880281971 ) ) ;
#5080 = CARTESIAN_POINT ( 'NONE',  ( 17.61591006358269951, -17.85060260021780110, 1.830126600100994816 ) ) ;
#5081 = CARTESIAN_POINT ( 'NONE',  ( 6.940261072098455664, -11.29077559158560717, 3.000000000000000000 ) ) ;
#5082 = CARTESIAN_POINT ( 'NONE',  ( 6.418409071696761892, -9.514962691082084589, 4.490556377772471741 ) ) ;
#5083 = CARTESIAN_POINT ( 'NONE',  ( 6.272770425598152677, -16.01469847551710046, 1.934780787299960503 ) ) ;
#5084 = EDGE_CURVE ( 'NONE', #2375, #1672, #107, .T. ) ;
#5085 = CARTESIAN_POINT ( 'NONE',  ( 13.03752104519510802, -1.321863220796547722, 3.328138602392115786 ) ) ;
#5086 = DIRECTION ( 'NONE',  ( 0.1465486610894621289, -0.9892034623538707994, 0.000000000000000000 ) ) ;
#5087 = CARTESIAN_POINT ( 'NONE',  ( 5.374655988557941910, -4.634876707376002436, 2.903925477115657294 ) ) ;
#5088 = CARTESIAN_POINT ( 'NONE',  ( 5.005049739018788024, -13.90661662275288180, 3.468922859599899322 ) ) ;
#5089 = CARTESIAN_POINT ( 'NONE',  ( 0.000000000000000000, 0.000000000000000000, 2.000000000000000000 ) ) ;
#5090 = EDGE_CURVE ( 'NONE', #222, #2629, #4692, .T. ) ;
#5091 = FACE_OUTER_BOUND ( 'NONE', #2014, .T. ) ;
#5092 = CARTESIAN_POINT ( 'NONE',  ( 8.250397822147199633, -11.53372304827309414, 4.301429113533804305 ) ) ;
#5093 = ORIENTED_EDGE ( 'NONE', *, *, #994, .F. ) ;
#5094 = DIRECTION ( 'NONE',  ( 0.000000000000000000, 0.000000000000000000, -1.000000000000000000 ) ) ;
#5095 = CARTESIAN_POINT ( 'NONE',  ( 15.50812152057156190, -10.92352643324817940, 3.979315946089272860 ) ) ;
#5096 = CARTESIAN_POINT ( 'NONE',  ( 11.98608907619423469, -13.22252942005719767, 2.903861701328137368 ) ) ;
#5097 = DIRECTION ( 'NONE',  ( -0.2832959603348601529, -0.9590325327422157820, 0.000000000000000000 ) ) ;
#5098 = CARTESIAN_POINT ( 'NONE',  ( 6.931729722409599503, -10.30186271318899749, 4.170312741736330153 ) ) ;
#5099 = CARTESIAN_POINT ( 'NONE',  ( 6.469120702211903051, -12.71345574895536323, 2.822568853721652893 ) ) ;
#5100 = FACE_OUTER_BOUND ( 'NONE', #2189, .T. ) ;
#5101 = ORIENTED_EDGE ( 'NONE', *, *, #1311, .T. ) ;
#5102 = CARTESIAN_POINT ( 'NONE',  ( 10.79792549318765182, -1.265040499683009356, 3.733416812362143844 ) ) ;
#5103 = AXIS2_PLACEMENT_3D ( 'NONE', #754, #2767, #3183 ) ;
#5104 = CARTESIAN_POINT ( 'NONE',  ( 6.266036663684054098, -11.32183507638093012, 1.733889651497829254 ) ) ;
#5105 = VECTOR ( 'NONE', #3321, 1000.000000000000227 ) ;
#5106 = CARTESIAN_POINT ( 'NONE',  ( 8.820677981464321249, -0.7541026839047249020, 2.928308080163918081 ) ) ;
#5107 = CARTESIAN_POINT ( 'NONE',  ( 9.726304632107114045, -1.518615183228546384, 4.490560107627009856 ) ) ;
#5108 = DIRECTION ( 'NONE',  ( -0.000000000000000000, -0.000000000000000000, -1.000000000000000000 ) ) ;
#5109 = CARTESIAN_POINT ( 'NONE',  ( 16.86416916152665380, -9.812732216638316629, 2.975040182618030826 ) ) ;
#5110 = CARTESIAN_POINT ( 'NONE',  ( 27.77053893421177122, -1.734723475976807094E-15, 3.000000000000000000 ) ) ;
#5111 = CARTESIAN_POINT ( 'NONE',  ( 7.761939342092706084, -1.508462438731621225, 2.848012023543168958 ) ) ;
#5112 = EDGE_CURVE ( 'NONE', #1186, #2159, #1480, .T. ) ;
#5113 = CARTESIAN_POINT ( 'NONE',  ( 4.998286401219181663, -13.75240877287496488, 3.541422093096139090 ) ) ;
#5114 = CARTESIAN_POINT ( 'NONE',  ( 13.04041661999694313, -12.21827209905893952, 4.301592847611164672 ) ) ;
#5115 = VERTEX_POINT ( 'NONE', #2415 ) ;
#5116 = CARTESIAN_POINT ( 'NONE',  ( 13.44603666368404760, -13.65922706049903823, 4.733889651497853457 ) ) ;
#5117 = COORDINATED_UNIVERSAL_TIME_OFFSET ( 8, 0, .BEHIND. ) ;
#5118 = EDGE_CURVE ( 'NONE', #3283, #3794, #3007, .T. ) ;
ENDSEC;
END-ISO-10303-21;
