ISO-10303-21;
HEADER;
FILE_DESCRIPTION (( 'STEP AP203' ),
    '1' );
FILE_NAME ('EDM V1-Spool Mount (RIGHT).STEP',
    '2026-04-29T13:24:06',
    ( '' ),
    ( '' ),
    'SwSTEP 2.0',
    'SolidWorks 2024',
    '' );
FILE_SCHEMA (( 'CONFIG_CONTROL_DESIGN' ));
ENDSEC;

DATA;
#1 = ADVANCED_FACE ( 'NONE', ( #667 ), #1573, .T. ) ;
#2 = CARTESIAN_POINT ( 'NONE',  ( -37.50682655186826508, 117.2987783330167275, 8.343145750507618530 ) ) ;
#3 = DIRECTION ( 'NONE',  ( 1.000000000000000000, -0.000000000000000000, 0.000000000000000000 ) ) ;
#4 = EDGE_LOOP ( 'NONE', ( #1711, #1664, #350, #413 ) ) ;
#5 = ORIENTED_EDGE ( 'NONE', *, *, #2016, .F. ) ;
#6 = LINE ( 'NONE', #164, #284 ) ;
#7 = ORIENTED_EDGE ( 'NONE', *, *, #623, .T. ) ;
#8 = CARTESIAN_POINT ( 'NONE',  ( -47.50682655186825087, -0.4087216669832779981, -7.549999999999976730 ) ) ;
#9 = EDGE_CURVE ( 'NONE', #770, #138, #352, .T. ) ;
#10 = CARTESIAN_POINT ( 'NONE',  ( -44.16975469958345002, 113.9617064807325306, 9.975873635242049176 ) ) ;
#11 = CARTESIAN_POINT ( 'NONE',  ( -37.50682655186825798, 113.6359173754061658, -4.335521897209429376 ) ) ;
#12 = VERTEX_POINT ( 'NONE', #213 ) ;
#13 = EDGE_CURVE ( 'NONE', #1252, #262, #1492, .T. ) ;
#14 = CARTESIAN_POINT ( 'NONE',  ( -37.50682655186823666, 79.14627833301675253, -7.549999999999990941 ) ) ;
#15 = ORIENTED_EDGE ( 'NONE', *, *, #925, .F. ) ;
#16 = CARTESIAN_POINT ( 'NONE',  ( 95.79382499999999823, 99.65776232622010866, 10.00000000000000000 ) ) ;
#17 = DIRECTION ( 'NONE',  ( 0.000000000000000000, 1.000000000000000000, 0.000000000000000000 ) ) ;
#18 = CIRCLE ( 'NONE', #1219, 22.55000000000004334 ) ;
#19 = DIRECTION ( 'NONE',  ( -0.000000000000000000, -0.000000000000000000, -1.000000000000000000 ) ) ;
#20 = DIRECTION ( 'NONE',  ( 1.000000000000000000, 0.000000000000000000, 0.000000000000000000 ) ) ;
#21 = ADVANCED_FACE ( 'NONE', ( #170 ), #644, .T. ) ;
#22 = DIRECTION ( 'NONE',  ( 1.000000000000000000, 0.000000000000000000, 0.000000000000000000 ) ) ;
#23 = CARTESIAN_POINT ( 'NONE',  ( 127.4499999999999744, 2.761578532077283034E-15, 6.000000000000000000 ) ) ;
#24 = EDGE_CURVE ( 'NONE', #138, #770, #779, .T. ) ;
#25 = ORIENTED_EDGE ( 'NONE', *, *, #1128, .F. ) ;
#26 = DIRECTION ( 'NONE',  ( 1.000000000000000000, 0.000000000000000000, 0.000000000000000000 ) ) ;
#27 = AXIS2_PLACEMENT_3D ( 'NONE', #77, #1974, #253 ) ;
#28 = DIRECTION ( 'NONE',  ( 1.000000000000000000, 1.096334072605612984E-16, -0.000000000000000000 ) ) ;
#29 = AXIS2_PLACEMENT_3D ( 'NONE', #1622, #436, #1850 ) ;
#30 = DIRECTION ( 'NONE',  ( 1.000000000000000000, 0.000000000000000000, 0.000000000000000000 ) ) ;
#31 = CARTESIAN_POINT ( 'NONE',  ( -33.50682655186826508, 117.3003955792409556, -4.000000000000000000 ) ) ;
#32 = CARTESIAN_POINT ( 'NONE',  ( 188.5191583333332801, 17.30039557924024862, 10.00000000000000000 ) ) ;
#33 = CARTESIAN_POINT ( 'NONE',  ( -44.09261298949516572, 115.6419240835243585, 9.999999999999998224 ) ) ;
#34 = EDGE_CURVE ( 'NONE', #1584, #266, #1656, .T. ) ;
#35 = ORIENTED_EDGE ( 'NONE', *, *, #1251, .F. ) ;
#36 = DIRECTION ( 'NONE',  ( 1.364044408080838895E-16, -1.000000000000000000, 0.000000000000000000 ) ) ;
#37 = CARTESIAN_POINT ( 'NONE',  ( 188.5191583333333085, 6.091278333016753699, -32.44999999999998153 ) ) ;
#38 = ORIENTED_EDGE ( 'NONE', *, *, #1873, .F. ) ;
#39 = CARTESIAN_POINT ( 'NONE',  ( 88.51915833333254113, 113.3003955792409556, 4.000000000000000000 ) ) ;
#40 = ORIENTED_EDGE ( 'NONE', *, *, #197, .T. ) ;
#41 = DIRECTION ( 'NONE',  ( -1.364044408080838895E-16, 1.000000000000000000, 0.000000000000000000 ) ) ;
#42 = DIRECTION ( 'NONE',  ( 1.000000000000000000, 0.000000000000000000, -0.000000000000000000 ) ) ;
#43 = DIRECTION ( 'NONE',  ( 0.000000000000000000, -1.000000000000000000, 0.000000000000000000 ) ) ;
#44 = ADVANCED_FACE ( 'NONE', ( #1263 ), #509, .T. ) ;
#45 = ORIENTED_EDGE ( 'NONE', *, *, #582, .F. ) ;
#46 = CARTESIAN_POINT ( 'NONE',  ( -40.50682655186826508, 117.2987783330167417, 10.00000000000000000 ) ) ;
#47 = EDGE_CURVE ( 'NONE', #163, #2005, #609, .T. ) ;
#48 = CARTESIAN_POINT ( 'NONE',  ( -37.50682655186823666, -31.31122166698327547, 0.000000000000000000 ) ) ;
#49 = ORIENTED_EDGE ( 'NONE', *, *, #1931, .F. ) ;
#50 = CARTESIAN_POINT ( 'NONE',  ( 150.0000000000000000, 0.000000000000000000, 0.000000000000000000 ) ) ;
#51 = VERTEX_POINT ( 'NONE', #346 ) ;
#52 = LINE ( 'NONE', #1579, #287 ) ;
#53 = ORIENTED_EDGE ( 'NONE', *, *, #111, .T. ) ;
#54 = DIRECTION ( 'NONE',  ( -1.000000000000000000, -1.364044408080838895E-16, -0.000000000000000000 ) ) ;
#55 = VECTOR ( 'NONE', #1206, 1000.000000000000000 ) ;
#56 = ORIENTED_EDGE ( 'NONE', *, *, #1803, .T. ) ;
#57 = DIRECTION ( 'NONE',  ( 1.000000000000000000, 1.364029953115296624E-16, -0.000000000000000000 ) ) ;
#58 = LINE ( 'NONE', #1782, #1959 ) ;
#59 = AXIS2_PLACEMENT_3D ( 'NONE', #1777, #1273, #1123 ) ;
#60 = ADVANCED_FACE ( 'NONE', ( #1418 ), #1904, .T. ) ;
#61 = AXIS2_PLACEMENT_3D ( 'NONE', #1161, #857, #1808 ) ;
#62 = AXIS2_PLACEMENT_3D ( 'NONE', #150, #1407, #451 ) ;
#63 = CARTESIAN_POINT ( 'NONE',  ( 85.79382499999999823, 99.65776232622010866, 10.00000000000000000 ) ) ;
#64 = ORIENTED_EDGE ( 'NONE', *, *, #497, .T. ) ;
#65 = EDGE_CURVE ( 'NONE', #443, #1641, #388, .T. ) ;
#66 = AXIS2_PLACEMENT_3D ( 'NONE', #1413, #17, #1375 ) ;
#67 = DIRECTION ( 'NONE',  ( 0.000000000000000000, 0.000000000000000000, -1.000000000000000000 ) ) ;
#68 = CARTESIAN_POINT ( 'NONE',  ( 188.5191583333332801, 17.30039557924024862, 6.000000000000000000 ) ) ;
#69 = ORIENTED_EDGE ( 'NONE', *, *, #1018, .T. ) ;
#70 = CARTESIAN_POINT ( 'NONE',  ( 150.0000000000000000, 0.000000000000000000, 10.00000000000000000 ) ) ;
#71 = CARTESIAN_POINT ( 'NONE',  ( -37.50682655186823666, -31.31122166698327547, 4.000000000000000000 ) ) ;
#72 = ORIENTED_EDGE ( 'NONE', *, *, #566, .T. ) ;
#73 = EDGE_CURVE ( 'NONE', #1017, #770, #122, .T. ) ;
#74 = CARTESIAN_POINT ( 'NONE',  ( -37.50682655186825798, 114.2987783330167417, -5.014309105175697390 ) ) ;
#75 = ORIENTED_EDGE ( 'NONE', *, *, #841, .T. ) ;
#76 = LINE ( 'NONE', #396, #155 ) ;
#77 = CARTESIAN_POINT ( 'NONE',  ( -47.50682655186825087, 2.841278333016721280, -7.549999999999976730 ) ) ;
#78 = EDGE_LOOP ( 'NONE', ( #854, #1954, #15, #1483 ) ) ;
#79 = DIRECTION ( 'NONE',  ( -0.000000000000000000, 1.239088197126290817E-16, 1.000000000000000000 ) ) ;
#80 = CARTESIAN_POINT ( 'NONE',  ( -47.50682655186825087, 6.091278333016721724, -7.549999999999976730 ) ) ;
#81 = VERTEX_POINT ( 'NONE', #1113 ) ;
#82 = FACE_OUTER_BOUND ( 'NONE', #1096, .T. ) ;
#83 = ORIENTED_EDGE ( 'NONE', *, *, #1713, .T. ) ;
#84 = FACE_OUTER_BOUND ( 'NONE', #474, .T. ) ;
#85 = CARTESIAN_POINT ( 'NONE',  ( -37.50682655186825798, 117.2987783330167417, 10.00000000000000000 ) ) ;
#86 = ADVANCED_FACE ( 'NONE', ( #695 ), #1308, .T. ) ;
#87 = ORIENTED_EDGE ( 'NONE', *, *, #1642, .T. ) ;
#88 = CARTESIAN_POINT ( 'NONE',  ( -37.50682655186823666, 82.39627833301675253, -7.549999999999990941 ) ) ;
#89 = PRODUCT_DEFINITION ( 'UNKNOWN', '', #817, #1580 ) ;
#90 = PERSON_AND_ORGANIZATION_ROLE ( 'design_owner' ) ;
#91 = ORIENTED_EDGE ( 'NONE', *, *, #696, .F. ) ;
#92 = CIRCLE ( 'NONE', #1164, 4.000000000000000000 ) ;
#93 = CARTESIAN_POINT ( 'NONE',  ( -37.50682655186824377, 17.30039557924093785, -4.000000000000000000 ) ) ;
#94 = CARTESIAN_POINT ( 'NONE',  ( 82.89378301990088005, 113.3279057315243108, 10.00000000000022382 ) ) ;
#95 = TOROIDAL_SURFACE ( 'NONE', #29, 8.099999999999999645, 4.000000000000000000 ) ;
#96 = ORIENTED_EDGE ( 'NONE', *, *, #1405, .F. ) ;
#97 = EDGE_CURVE ( 'NONE', #201, #1382, #975, .T. ) ;
#98 = FACE_OUTER_BOUND ( 'NONE', #1814, .T. ) ;
#99 =( LENGTH_UNIT ( ) NAMED_UNIT ( * ) SI_UNIT ( .MILLI., .METRE. ) );
#100 = ORIENTED_EDGE ( 'NONE', *, *, #1969, .T. ) ;
#101 =( BOUNDED_CURVE ( )  B_SPLINE_CURVE ( 3, ( #1558, #1741, #160, #954 ),
 .UNSPECIFIED., .F., .T. ) 
 B_SPLINE_CURVE_WITH_KNOTS ( ( 4, 4 ),
 ( 4.712388980384689674, 6.283185307179586232 ),
 .UNSPECIFIED. ) 
 CURVE ( )  GEOMETRIC_REPRESENTATION_ITEM ( )  RATIONAL_B_SPLINE_CURVE ( ( 1.000000000000000000, 0.8047378541243649375, 0.8047378541243649375, 1.000000000000000000 ) ) 
 REPRESENTATION_ITEM ( '' )  );
#102 = DIRECTION ( 'NONE',  ( 1.000000000000000000, -6.938893903907221278E-15, 0.000000000000000000 ) ) ;
#103 = DIRECTION ( 'NONE',  ( 0.000000000000000000, 0.000000000000000000, 1.000000000000000000 ) ) ;
#104 = ORIENTED_EDGE ( 'NONE', *, *, #963, .F. ) ;
#105 = ORIENTED_EDGE ( 'NONE', *, *, #951, .F. ) ;
#106 = DIRECTION ( 'NONE',  ( -6.938893903907228378E-15, 0.000000000000000000, -1.000000000000000000 ) ) ;
#107 = PRODUCT ( 'EDM V1-Spool Mount (RIGHT)', 'EDM V1-Spool Mount (RIGHT)', '', ( #236 ) ) ;
#108 = DIRECTION ( 'NONE',  ( 1.000000000000000000, 1.364029953115296624E-16, -0.000000000000000000 ) ) ;
#109 = EDGE_LOOP ( 'NONE', ( #1758, #624 ) ) ;
#110 = ADVANCED_FACE ( 'NONE', ( #521 ), #260, .F. ) ;
#111 = EDGE_CURVE ( 'NONE', #1443, #936, #411, .T. ) ;
#112 = CARTESIAN_POINT ( 'NONE',  ( -37.50682655186825798, 117.3003955792409556, 10.00000000000000000 ) ) ;
#113 = CARTESIAN_POINT ( 'NONE',  ( 0.000000000000000000, 0.000000000000000000, 10.00000000000000000 ) ) ;
#114 = AXIS2_PLACEMENT_3D ( 'NONE', #475, #1576, #1097 ) ;
#115 = ORIENTED_EDGE ( 'NONE', *, *, #1460, .T. ) ;
#116 = FACE_BOUND ( 'NONE', #1037, .T. ) ;
#117 = PLANE ( 'NONE',  #1833 ) ;
#118 = ORIENTED_EDGE ( 'NONE', *, *, #331, .T. ) ;
#119 = CARTESIAN_POINT ( 'NONE',  ( 150.0000000000000000, 0.000000000000000000, 10.00000000000000000 ) ) ;
#120 = ADVANCED_FACE ( 'NONE', ( #1175 ), #1798, .F. ) ;
#121 = CARTESIAN_POINT ( 'NONE',  ( -37.50682655186825798, 113.3003955792409556, 6.000000000000000000 ) ) ;
#122 = CIRCLE ( 'NONE', #479, 4.000000000000000000 ) ;
#123 = LINE ( 'NONE', #1366, #782 ) ;
#124 = ORIENTED_EDGE ( 'NONE', *, *, #712, .T. ) ;
#125 = AXIS2_PLACEMENT_3D ( 'NONE', #348, #1285, #510 ) ;
#126 = CIRCLE ( 'NONE', #1497, 8.099999999999999645 ) ;
#127 = ORIENTED_EDGE ( 'NONE', *, *, #1621, .T. ) ;
#128 = DIRECTION ( 'NONE',  ( 0.000000000000000000, 0.000000000000000000, 1.000000000000000000 ) ) ;
#129 = AXIS2_PLACEMENT_3D ( 'NONE', #499, #1902, #1121 ) ;
#130 = VECTOR ( 'NONE', #108, 1000.000000000000000 ) ;
#131 = VERTEX_POINT ( 'NONE', #1472 ) ;
#132 = CARTESIAN_POINT ( 'NONE',  ( -45.51142926992289262, 113.7999290125304555, 9.471326381761290492 ) ) ;
#133 = EDGE_CURVE ( 'NONE', #993, #1458, #1393, .T. ) ;
#134 = CARTESIAN_POINT ( 'NONE',  ( -44.50682655186825798, 114.2987783330167417, 6.000000000000000000 ) ) ;
#135 = CARTESIAN_POINT ( 'NONE',  ( 184.5191583333332801, 17.30039557924027704, 6.000000000000000000 ) ) ;
#136 = VERTEX_POINT ( 'NONE', #1665 ) ;
#137 = DIRECTION ( 'NONE',  ( 0.000000000000000000, 0.000000000000000000, 1.000000000000000000 ) ) ;
#138 = VERTEX_POINT ( 'NONE', #1626 ) ;
#139 = CARTESIAN_POINT ( 'NONE',  ( -39.70594154442405710, 117.1969237844128600, -7.393954962589467605 ) ) ;
#140 = DIRECTION ( 'NONE',  ( -0.000000000000000000, -0.000000000000000000, -1.000000000000000000 ) ) ;
#141 = DIRECTION ( 'NONE',  ( 0.000000000000000000, 0.000000000000000000, 1.000000000000000000 ) ) ;
#142 = CARTESIAN_POINT ( 'NONE',  ( 184.5191583333332801, 17.30039557924027704, 10.00000000000000000 ) ) ;
#143 = VERTEX_POINT ( 'NONE', #1035 ) ;
#144 = CARTESIAN_POINT ( 'NONE',  ( 0.000000000000000000, 0.000000000000000000, 10.00000000000000000 ) ) ;
#145 = EDGE_CURVE ( 'NONE', #756, #1208, #1688, .T. ) ;
#146 = VERTEX_POINT ( 'NONE', #710 ) ;
#147 = CARTESIAN_POINT ( 'NONE',  ( -47.50682655186822245, -35.31122166698327902, 8.343145750507616754 ) ) ;
#148 = VECTOR ( 'NONE', #57, 1000.000000000000000 ) ;
#149 = CARTESIAN_POINT ( 'NONE',  ( -37.50682655186823666, 75.89627833301675253, -7.549999999999990941 ) ) ;
#150 = CARTESIAN_POINT ( 'NONE',  ( 184.5191583333332801, 17.30039557924024862, 4.000000000000000000 ) ) ;
#151 = AXIS2_PLACEMENT_3D ( 'NONE', #272, #1055, #1838 ) ;
#152 = VERTEX_POINT ( 'NONE', #1645 ) ;
#153 = CARTESIAN_POINT ( 'NONE',  ( 150.0000000000000000, 0.000000000000000000, 4.000000000000000000 ) ) ;
#154 = VECTOR ( 'NONE', #241, 1000.000000000000000 ) ;
#155 = VECTOR ( 'NONE', #1352, 1000.000000000000000 ) ;
#156 = PERSON_AND_ORGANIZATION ( #276, #980 ) ;
#157 = AXIS2_PLACEMENT_3D ( 'NONE', #488, #1079, #1538 ) ;
#158 = ORIENTED_EDGE ( 'NONE', *, *, #629, .T. ) ;
#159 = CARTESIAN_POINT ( 'NONE',  ( -47.50682655186825087, 2.841278333016721280, -32.44999999999998153 ) ) ;
#160 = CARTESIAN_POINT ( 'NONE',  ( -47.50682655186825798, 114.2987783330167417, 8.343145750507618530 ) ) ;
#161 = DIRECTION ( 'NONE',  ( 0.000000000000000000, 0.000000000000000000, 1.000000000000000000 ) ) ;
#162 = CARTESIAN_POINT ( 'NONE',  ( 4.099999999999999645, 5.021051876504147385E-16, 0.000000000000000000 ) ) ;
#163 = VERTEX_POINT ( 'NONE', #405 ) ;
#164 = CARTESIAN_POINT ( 'NONE',  ( -47.50682655186824377, -35.31122166698328613, -46.00000000000000000 ) ) ;
#165 = EDGE_LOOP ( 'NONE', ( #387, #1107 ) ) ;
#166 = LINE ( 'NONE', #16, #1487 ) ;
#167 = LINE ( 'NONE', #766, #1172 ) ;
#168 = DIRECTION ( 'NONE',  ( 1.000000000000000000, 0.000000000000000000, 0.000000000000000000 ) ) ;
#169 = CARTESIAN_POINT ( 'NONE',  ( -37.50682655186823666, -31.31122166698327547, -4.000000000000000000 ) ) ;
#170 = FACE_OUTER_BOUND ( 'NONE', #1368, .T. ) ;
#171 = LINE ( 'NONE', #803, #1625 ) ;
#172 = VERTEX_POINT ( 'NONE', #1824 ) ;
#173 = CARTESIAN_POINT ( 'NONE',  ( -37.50682655186825798, 114.2987783330167417, -5.014309105175697390 ) ) ;
#174 = LINE ( 'NONE', #535, #1372 ) ;
#175 = EDGE_CURVE ( 'NONE', #1141, #756, #76, .T. ) ;
#176 = CARTESIAN_POINT ( 'NONE',  ( 148.5191583333329959, -35.31122166698327902, 4.000000000000000000 ) ) ;
#177 = DIRECTION ( 'NONE',  ( 0.000000000000000000, 0.000000000000000000, 1.000000000000000000 ) ) ;
#178 = DIRECTION ( 'NONE',  ( 0.000000000000000000, 0.000000000000000000, 1.000000000000000000 ) ) ;
#179 = CARTESIAN_POINT ( 'NONE',  ( -37.50682655186823666, -0.4087216669832775540, -32.44999999999998153 ) ) ;
#180 = VERTEX_POINT ( 'NONE', #1154 ) ;
#181 = DIRECTION ( 'NONE',  ( 1.364029953115296624E-16, -1.000000000000000000, 0.000000000000000000 ) ) ;
#182 = AXIS2_PLACEMENT_3D ( 'NONE', #1126, #1792, #386 ) ;
#183 = VECTOR ( 'NONE', #1481, 1000.000000000000000 ) ;
#184 = AXIS2_PLACEMENT_3D ( 'NONE', #1338, #561, #424 ) ;
#185 = AXIS2_PLACEMENT_3D ( 'NONE', #1757, #515, #200 ) ;
#186 = CARTESIAN_POINT ( 'NONE',  ( -33.50682655186824377, -35.31122166698327902, -4.000000000000000000 ) ) ;
#187 = ORIENTED_EDGE ( 'NONE', *, *, #482, .T. ) ;
#188 = AXIS2_PLACEMENT_3D ( 'NONE', #577, #1674, #598 ) ;
#189 = AXIS2_PLACEMENT_3D ( 'NONE', #882, #1170, #1196 ) ;
#190 = AXIS2_PLACEMENT_3D ( 'NONE', #620, #1110, #1696 ) ;
#191 = DIRECTION ( 'NONE',  ( 1.000000000000000000, -0.000000000000000000, 0.000000000000000000 ) ) ;
#192 = ORIENTED_EDGE ( 'NONE', *, *, #1117, .F. ) ;
#193 = DIRECTION ( 'NONE',  ( 0.000000000000000000, 0.000000000000000000, -1.000000000000000000 ) ) ;
#194 = EDGE_CURVE ( 'NONE', #512, #136, #719, .T. ) ;
#195 = DIRECTION ( 'NONE',  ( 1.000000000000000000, 0.000000000000000000, 0.000000000000000000 ) ) ;
#196 = CYLINDRICAL_SURFACE ( 'NONE', #417, 3.250000000000002665 ) ;
#197 = EDGE_CURVE ( 'NONE', #512, #1671, #1508, .T. ) ;
#198 = ORIENTED_EDGE ( 'NONE', *, *, #1642, .F. ) ;
#199 = LINE ( 'NONE', #46, #55 ) ;
#200 = DIRECTION ( 'NONE',  ( 1.000000000000000000, 0.000000000000000000, 0.000000000000000000 ) ) ;
#201 = VERTEX_POINT ( 'NONE', #1044 ) ;
#202 = FACE_OUTER_BOUND ( 'NONE', #555, .T. ) ;
#203 = CARTESIAN_POINT ( 'NONE',  ( -33.50682655186826508, 113.3003955792409556, 10.00000000000000000 ) ) ;
#204 = DIRECTION ( 'NONE',  ( 0.000000000000000000, 0.000000000000000000, 1.000000000000000000 ) ) ;
#205 = CARTESIAN_POINT ( 'NONE',  ( -47.50682655186825087, 2.841278333016721280, -7.549999999999976730 ) ) ;
#206 = VERTEX_POINT ( 'NONE', #1816 ) ;
#207 = ADVANCED_FACE ( 'NONE', ( #875 ), #1326, .T. ) ;
#208 = DIRECTION ( 'NONE',  ( -0.000000000000000000, -0.000000000000000000, -1.000000000000000000 ) ) ;
#209 = DIRECTION ( 'NONE',  ( 0.000000000000000000, -1.000000000000000000, 0.000000000000000000 ) ) ;
#210 = EDGE_LOOP ( 'NONE', ( #1978, #1021, #484, #906 ) ) ;
#211 = CARTESIAN_POINT ( 'NONE',  ( -44.03051969823145129, 113.4297016196075418, 10.00000000000000000 ) ) ;
#212 = VECTOR ( 'NONE', #181, 1000.000000000000000 ) ;
#213 = CARTESIAN_POINT ( 'NONE',  ( 88.51915833333254113, 117.3003955792409556, 6.000000000000000000 ) ) ;
#214 = CARTESIAN_POINT ( 'NONE',  ( 188.5191583333333085, 79.14627833301676674, -32.44999999999999574 ) ) ;
#215 = ORIENTED_EDGE ( 'NONE', *, *, #1598, .T. ) ;
#216 = FACE_BOUND ( 'NONE', #960, .T. ) ;
#217 = EDGE_CURVE ( 'NONE', #523, #136, #1027, .T. ) ;
#218 = DIRECTION ( 'NONE',  ( 0.000000000000000000, 0.000000000000000000, 1.000000000000000000 ) ) ;
#219 = ORIENTED_EDGE ( 'NONE', *, *, #1634, .F. ) ;
#220 = AXIS2_PLACEMENT_3D ( 'NONE', #2003, #1071, #1385 ) ;
#221 = CIRCLE ( 'NONE', #1659, 13.99999999999999822 ) ;
#222 = CARTESIAN_POINT ( 'NONE',  ( -44.50038046193873953, 117.2729939732987106, 6.523592343318298958 ) ) ;
#223 = EDGE_LOOP ( 'NONE', ( #626, #1986, #562, #192 ) ) ;
#224 = LINE ( 'NONE', #1866, #514 ) ;
#225 = DIRECTION ( 'NONE',  ( -0.000000000000000000, 0.000000000000000000, 1.000000000000000000 ) ) ;
#226 = ORIENTED_EDGE ( 'NONE', *, *, #837, .F. ) ;
#227 = DIRECTION ( 'NONE',  ( 1.000000000000000000, 0.000000000000000000, 0.000000000000000000 ) ) ;
#228 = ORIENTED_EDGE ( 'NONE', *, *, #560, .T. ) ;
#229 = CARTESIAN_POINT ( 'NONE',  ( -47.20543346980775823, 116.9973852509557730, 7.725867235160444935 ) ) ;
#230 = EDGE_CURVE ( 'NONE', #1242, #1675, #1501, .T. ) ;
#231 = DIRECTION ( 'NONE',  ( 0.000000000000000000, -1.000000000000000000, 0.000000000000000000 ) ) ;
#232 = CC_DESIGN_PERSON_AND_ORGANIZATION_ASSIGNMENT ( #730, #564, ( #89 ) ) ;
#233 = CARTESIAN_POINT ( 'NONE',  ( 148.5191583333332801, 4.688778333016715649, 4.000000000000000000 ) ) ;
#234 = ORIENTED_EDGE ( 'NONE', *, *, #651, .F. ) ;
#235 = DIRECTION ( 'NONE',  ( 0.000000000000000000, -1.000000000000000000, 0.000000000000000000 ) ) ;
#236 = MECHANICAL_CONTEXT ( 'NONE', #862, 'mechanical' ) ;
#237 = ORIENTED_EDGE ( 'NONE', *, *, #1238, .F. ) ;
#238 = EDGE_CURVE ( 'NONE', #1950, #368, #865, .T. ) ;
#239 = CIRCLE ( 'NONE', #1883, 4.099999999999999645 ) ;
#240 = DIRECTION ( 'NONE',  ( 0.000000000000000000, -1.000000000000000000, 0.000000000000000000 ) ) ;
#241 = DIRECTION ( 'NONE',  ( 0.000000000000000000, 0.000000000000000000, -1.000000000000000000 ) ) ;
#242 = ORIENTED_EDGE ( 'NONE', *, *, #1680, .T. ) ;
#243 = EDGE_LOOP ( 'NONE', ( #1609, #1092, #648, #584, #999 ) ) ;
#244 = CARTESIAN_POINT ( 'NONE',  ( 88.51915833333325168, 17.30039557924095561, 0.000000000000000000 ) ) ;
#245 = CIRCLE ( 'NONE', #1456, 96.00000000000001421 ) ;
#246 = FACE_BOUND ( 'NONE', #1077, .T. ) ;
#247 = EDGE_LOOP ( 'NONE', ( #1159, #1119, #382, #1213 ) ) ;
#248 = AXIS2_PLACEMENT_3D ( 'NONE', #581, #784, #1223 ) ;
#249 = AXIS2_PLACEMENT_3D ( 'NONE', #1951, #895, #1190 ) ;
#250 = CIRCLE ( 'NONE', #1994, 3.250000000000002665 ) ;
#251 = AXIS2_PLACEMENT_3D ( 'NONE', #1082, #2026, #759 ) ;
#252 = DIRECTION ( 'NONE',  ( 1.364044408080838895E-16, -1.000000000000000000, -0.000000000000000000 ) ) ;
#253 = DIRECTION ( 'NONE',  ( 0.000000000000000000, -1.000000000000000000, 0.000000000000000000 ) ) ;
#254 = AXIS2_PLACEMENT_3D ( 'NONE', #1292, #41, #1605 ) ;
#255 = AXIS2_PLACEMENT_3D ( 'NONE', #1228, #291, #1863 ) ;
#256 = VERTEX_POINT ( 'NONE', #733 ) ;
#257 = ADVANCED_FACE ( 'NONE', ( #84 ), #1163, .T. ) ;
#258 = DATE_AND_TIME ( #1039, #691 ) ;
#259 = ORIENTED_EDGE ( 'NONE', *, *, #1277, .T. ) ;
#260 = CYLINDRICAL_SURFACE ( 'NONE', #1927, 3.250000000000002665 ) ;
#261 = DIRECTION ( 'NONE',  ( 0.000000000000000000, 0.000000000000000000, 1.000000000000000000 ) ) ;
#262 = VERTEX_POINT ( 'NONE', #380 ) ;
#263 = CARTESIAN_POINT ( 'NONE',  ( 188.5191583333333085, 79.14627833301676674, -32.44999999999999574 ) ) ;
#264 = EDGE_CURVE ( 'NONE', #1524, #180, #1337, .T. ) ;
#265 = LINE ( 'NONE', #1984, #130 ) ;
#266 = VERTEX_POINT ( 'NONE', #1345 ) ;
#267 = DIRECTION ( 'NONE',  ( 1.224646799147353207E-16, 1.000000000000000000, -0.000000000000000000 ) ) ;
#268 = CARTESIAN_POINT ( 'NONE',  ( 84.60581604877873474, 113.4578728848225921, 9.997009035818516409 ) ) ;
#269 = ORIENTED_EDGE ( 'NONE', *, *, #2016, .T. ) ;
#270 = UNCERTAINTY_MEASURE_WITH_UNIT (LENGTH_MEASURE( 1.000000000000000082E-05 ), #99, 'distance_accuracy_value', 'NONE');
#271 = EDGE_LOOP ( 'NONE', ( #1945, #789, #743, #746 ) ) ;
#272 = CARTESIAN_POINT ( 'NONE',  ( -47.50682655186825798, 79.14627833301675253, -7.549999999999990941 ) ) ;
#273 = ORIENTED_EDGE ( 'NONE', *, *, #2037, .T. ) ;
#274 = CARTESIAN_POINT ( 'NONE',  ( -47.10215840816415778, 114.1976112970905177, 7.772604790309410205 ) ) ;
#275 = EDGE_CURVE ( 'NONE', #890, #1789, #224, .T. ) ;
#276 = PERSON ( 'UNSPECIFIED', 'UNSPECIFIED', 'UNSPECIFIED', ('UNSPECIFIED'), ('UNSPECIFIED'), ('UNSPECIFIED') ) ;
#277 = CARTESIAN_POINT ( 'NONE',  ( 72.34049166666667929, 39.90355162252597410, 6.000000000000000000 ) ) ;
#278 = TOROIDAL_SURFACE ( 'NONE', #1990, 13.99999999999999289, 4.000000000000000000 ) ;
#279 = TOROIDAL_SURFACE ( 'NONE', #450, 96.00000000000000000, 4.000000000000000000 ) ;
#280 = DIRECTION ( 'NONE',  ( 0.000000000000000000, -1.000000000000000000, 0.000000000000000000 ) ) ;
#281 = ADVANCED_FACE ( 'NONE', ( #778 ), #586, .T. ) ;
#282 = VERTEX_POINT ( 'NONE', #904 ) ;
#283 = AXIS2_PLACEMENT_3D ( 'NONE', #945, #1561, #161 ) ;
#284 = VECTOR ( 'NONE', #1869, 1000.000000000000000 ) ;
#285 = ORIENTED_EDGE ( 'NONE', *, *, #412, .F. ) ;
#286 = CARTESIAN_POINT ( 'NONE',  ( -47.50682655186824377, -35.31122166698327902, 6.000000000000000000 ) ) ;
#287 = VECTOR ( 'NONE', #177, 1000.000000000000000 ) ;
#288 = VECTOR ( 'NONE', #745, 1000.000000000000000 ) ;
#289 = ORIENTED_EDGE ( 'NONE', *, *, #1848, .F. ) ;
#290 = CARTESIAN_POINT ( 'NONE',  ( -44.11681633839373973, 115.7387374791187256, 9.180430516659200180 ) ) ;
#291 = DIRECTION ( 'NONE',  ( -0.000000000000000000, -0.000000000000000000, -1.000000000000000000 ) ) ;
#292 = EDGE_CURVE ( 'NONE', #614, #1443, #1296, .T. ) ;
#293 = CARTESIAN_POINT ( 'NONE',  ( 88.65979546726551064, 113.3308657228114811, 9.999907980218328163 ) ) ;
#294 = CARTESIAN_POINT ( 'NONE',  ( -37.50682655186826508, 113.4672794822983519, -4.166884111347140873 ) ) ;
#295 = VERTEX_POINT ( 'NONE', #1708 ) ;
#296 = ADVANCED_FACE ( 'NONE', ( #1052 ), #279, .T. ) ;
#297 = VERTEX_POINT ( 'NONE', #462 ) ;
#298 = CYLINDRICAL_SURFACE ( 'NONE', #1992, 4.099999999999999645 ) ;
#299 = COORDINATED_UNIVERSAL_TIME_OFFSET ( 8, 0, .BEHIND. ) ;
#300 = ORIENTED_EDGE ( 'NONE', *, *, #1290, .T. ) ;
#301 = CARTESIAN_POINT ( 'NONE',  ( -37.52022518619800451, 114.6376525648602183, -5.325039888235589380 ) ) ;
#302 = CARTESIAN_POINT ( 'NONE',  ( -47.50682655186824377, -35.31122166698328613, -46.00000000000000000 ) ) ;
#303 = DIRECTION ( 'NONE',  ( 0.000000000000000000, 0.000000000000000000, 1.000000000000000000 ) ) ;
#304 = CARTESIAN_POINT ( 'NONE',  ( -47.50682655186825798, 82.39627833301675253, -7.549999999999990941 ) ) ;
#305 = ORIENTED_EDGE ( 'NONE', *, *, #1444, .T. ) ;
#306 = EDGE_CURVE ( 'NONE', #1208, #859, #1835, .T. ) ;
#307 = ORIENTED_EDGE ( 'NONE', *, *, #506, .T. ) ;
#308 = FACE_OUTER_BOUND ( 'NONE', #1316, .T. ) ;
#309 = PERSON_AND_ORGANIZATION_ROLE ( 'classification_officer' ) ;
#310 = ORIENTED_EDGE ( 'NONE', *, *, #1081, .T. ) ;
#311 = CARTESIAN_POINT ( 'NONE',  ( -40.43007656437543318, 117.2978890504643346, -7.716816077870301882 ) ) ;
#312 = LINE ( 'NONE', #2023, #1559 ) ;
#313 = CYLINDRICAL_SURFACE ( 'NONE', #283, 4.000000000000000000 ) ;
#314 = CARTESIAN_POINT ( 'NONE',  ( -44.50682655186825798, 117.2987783330167417, -46.00000000000000000 ) ) ;
#315 = ORIENTED_EDGE ( 'NONE', *, *, #1598, .F. ) ;
#316 = CARTESIAN_POINT ( 'NONE',  ( 188.5191583333332801, 17.30039557924024862, 4.000000000000000000 ) ) ;
#317 = AXIS2_PLACEMENT_3D ( 'NONE', #896, #1491, #432 ) ;
#318 = AXIS2_PLACEMENT_3D ( 'NONE', #1754, #802, #1581 ) ;
#319 = APPROVAL_STATUS ( 'not_yet_approved' ) ;
#320 = ORIENTED_EDGE ( 'NONE', *, *, #1865, .T. ) ;
#321 = CARTESIAN_POINT ( 'NONE',  ( -37.63677887557962265, 115.1942476938194204, -5.712302654740956775 ) ) ;
#322 = CIRCLE ( 'NONE', #1629, 9.999999999999994671 ) ;
#323 = DIRECTION ( 'NONE',  ( 0.000000000000000000, 0.000000000000000000, 1.000000000000000000 ) ) ;
#324 = EDGE_CURVE ( 'NONE', #1837, #1225, #685, .T. ) ;
#325 = CARTESIAN_POINT ( 'NONE',  ( -37.50682655186823666, 6.091278333016722613, -32.44999999999998153 ) ) ;
#326 = CYLINDRICAL_SURFACE ( 'NONE', #1998, 3.250000000000002665 ) ;
#327 = VERTEX_POINT ( 'NONE', #932 ) ;
#328 = DIRECTION ( 'NONE',  ( 1.000000000000000000, 0.000000000000000000, 0.000000000000000000 ) ) ;
#329 = ORIENTED_EDGE ( 'NONE', *, *, #1886, .T. ) ;
#330 = CARTESIAN_POINT ( 'NONE',  ( -40.50682655186826508, 117.2987783330167417, -46.00000000000000000 ) ) ;
#331 = EDGE_CURVE ( 'NONE', #1975, #282, #483, .T. ) ;
#332 = LINE ( 'NONE', #792, #690 ) ;
#333 = EDGE_CURVE ( 'NONE', #180, #297, #1300, .T. ) ;
#334 = DIRECTION ( 'NONE',  ( -0.000000000000000000, -0.000000000000000000, -1.000000000000000000 ) ) ;
#335 = DIRECTION ( 'NONE',  ( 0.000000000000000000, 0.000000000000000000, 1.000000000000000000 ) ) ;
#336 = DIRECTION ( 'NONE',  ( 0.000000000000000000, 0.000000000000000000, 1.000000000000000000 ) ) ;
#337 = CARTESIAN_POINT ( 'NONE',  ( -47.50682655186825087, 6.091278333016721724, -32.44999999999998153 ) ) ;
#338 = ORIENTED_EDGE ( 'NONE', *, *, #13, .F. ) ;
#339 = FACE_OUTER_BOUND ( 'NONE', #693, .T. ) ;
#340 = CARTESIAN_POINT ( 'NONE',  ( -37.50682655186823666, 2.841278333016722613, -32.44999999999998153 ) ) ;
#341 = ORIENTED_EDGE ( 'NONE', *, *, #238, .T. ) ;
#342 = DIRECTION ( 'NONE',  ( 0.000000000000000000, 0.000000000000000000, 1.000000000000000000 ) ) ;
#343 = EDGE_LOOP ( 'NONE', ( #1971, #593, #538, #2028 ) ) ;
#344 = EDGE_CURVE ( 'NONE', #282, #1975, #913, .T. ) ;
#345 = CARTESIAN_POINT ( 'NONE',  ( 68.34049166666666508, 39.90355162252597410, 10.00000000000000000 ) ) ;
#346 = CARTESIAN_POINT ( 'NONE',  ( -8.099999999999999645, 9.919639073093559228E-16, 10.00000000000000000 ) ) ;
#347 = VECTOR ( 'NONE', #381, 1000.000000000000000 ) ;
#348 = CARTESIAN_POINT ( 'NONE',  ( 88.51915833333325168, 17.30039557924095561, 6.000000000000000000 ) ) ;
#349 = CIRCLE ( 'NONE', #847, 4.000000000000003553 ) ;
#350 = ORIENTED_EDGE ( 'NONE', *, *, #1582, .T. ) ;
#351 = DIRECTION ( 'NONE',  ( -1.000000000000000000, 0.000000000000000000, 0.000000000000000000 ) ) ;
#352 = CIRCLE ( 'NONE', #1461, 4.099999999999999645 ) ;
#353 = VECTOR ( 'NONE', #813, 1000.000000000000000 ) ;
#354 = PLANE ( 'NONE',  #608 ) ;
#355 = AXIS2_PLACEMENT_3D ( 'NONE', #39, #191, #1281 ) ;
#356 = AXIS2_PLACEMENT_3D ( 'NONE', #135, #916, #2027 ) ;
#357 = DIRECTION ( 'NONE',  ( -0.000000000000000000, 0.000000000000000000, 1.000000000000000000 ) ) ;
#358 = VERTEX_POINT ( 'NONE', #277 ) ;
#359 = CARTESIAN_POINT ( 'NONE',  ( -37.50682655186826508, 117.3003955792409556, 8.343145750507618530 ) ) ;
#360 = EDGE_CURVE ( 'NONE', #611, #1533, #1167, .T. ) ;
#361 = CARTESIAN_POINT ( 'NONE',  ( 148.5191583333332801, 4.688778333016715649, 10.00000000000000000 ) ) ;
#362 = DIRECTION ( 'NONE',  ( 0.000000000000000000, -1.000000000000000000, 0.000000000000000000 ) ) ;
#363 = EDGE_CURVE ( 'NONE', #136, #859, #1764, .T. ) ;
#364 = ORIENTED_EDGE ( 'NONE', *, *, #497, .F. ) ;
#365 = FACE_OUTER_BOUND ( 'NONE', #1834, .T. ) ;
#366 = EDGE_LOOP ( 'NONE', ( #666, #2007, #1275, #1639 ) ) ;
#367 = CARTESIAN_POINT ( 'NONE',  ( -43.50682655186825798, 113.2987783330167417, 10.00000000000000000 ) ) ;
#368 = VERTEX_POINT ( 'NONE', #2013 ) ;
#369 = DIRECTION ( 'NONE',  ( 0.000000000000000000, 1.000000000000000000, 0.000000000000000000 ) ) ;
#370 = CARTESIAN_POINT ( 'NONE',  ( 0.000000000000000000, 0.000000000000000000, 6.000000000000000000 ) ) ;
#371 = CARTESIAN_POINT ( 'NONE',  ( 188.5191583333333085, 82.39627833301678095, -7.549999999999990941 ) ) ;
#372 = ORIENTED_EDGE ( 'NONE', *, *, #145, .F. ) ;
#373 = FACE_OUTER_BOUND ( 'NONE', #1378, .T. ) ;
#374 = FACE_OUTER_BOUND ( 'NONE', #1846, .T. ) ;
#375 = ORIENTED_EDGE ( 'NONE', *, *, #1034, .T. ) ;
#376 = AXIS2_PLACEMENT_3D ( 'NONE', #1116, #775, #1860 ) ;
#377 = CARTESIAN_POINT ( 'NONE',  ( -47.50682655186825798, 114.2987783330167417, 5.999999999999992895 ) ) ;
#378 = EDGE_LOOP ( 'NONE', ( #635, #1301 ) ) ;
#379 = CIRCLE ( 'NONE', #1515, 35.99999999999997868 ) ;
#380 = CARTESIAN_POINT ( 'NONE',  ( -40.50682655186826508, 117.2987783330167417, -7.632243957788677591 ) ) ;
#381 = DIRECTION ( 'NONE',  ( -1.364029953115296624E-16, 1.000000000000000000, -0.000000000000000000 ) ) ;
#382 = ORIENTED_EDGE ( 'NONE', *, *, #1204, .T. ) ;
#383 = DIRECTION ( 'NONE',  ( -1.000000000000000000, 0.000000000000000000, 0.000000000000000000 ) ) ;
#384 = AXIS2_PLACEMENT_3D ( 'NONE', #825, #1009, #977 ) ;
#385 = EDGE_CURVE ( 'NONE', #783, #872, #579, .T. ) ;
#386 = DIRECTION ( 'NONE',  ( 1.000000000000000000, 0.000000000000000000, 0.000000000000000000 ) ) ;
#387 = ORIENTED_EDGE ( 'NONE', *, *, #97, .T. ) ;
#388 = CIRCLE ( 'NONE', #946, 18.55000000000001137 ) ;
#389 = AXIS2_PLACEMENT_3D ( 'NONE', #233, #1191, #1964 ) ;
#390 = AXIS2_PLACEMENT_3D ( 'NONE', #1202, #1852, #1529 ) ;
#391 = CC_DESIGN_PERSON_AND_ORGANIZATION_ASSIGNMENT ( #156, #2018, ( #817 ) ) ;
#392 = AXIS2_PLACEMENT_3D ( 'NONE', #1875, #1562, #470 ) ;
#393 = DIRECTION ( 'NONE',  ( -0.000000000000000000, -0.000000000000000000, -1.000000000000000000 ) ) ;
#394 = AXIS2_PLACEMENT_3D ( 'NONE', #50, #357, #984 ) ;
#395 = AXIS2_PLACEMENT_3D ( 'NONE', #1256, #1706, #1217 ) ;
#396 = CARTESIAN_POINT ( 'NONE',  ( 188.5191583333332801, 17.30039557924024862, 10.00000000000000000 ) ) ;
#397 = DIRECTION ( 'NONE',  ( 0.000000000000000000, 0.000000000000000000, -1.000000000000000000 ) ) ;
#398 = VERTEX_POINT ( 'NONE', #469 ) ;
#399 = CARTESIAN_POINT ( 'NONE',  ( 148.5191583333330243, -31.31122166698327547, 10.00000000000000000 ) ) ;
#400 = DIRECTION ( 'NONE',  ( -0.000000000000000000, 0.000000000000000000, 1.000000000000000000 ) ) ;
#401 = VECTOR ( 'NONE', #1446, 1000.000000000000000 ) ;
#402 = ORIENTED_EDGE ( 'NONE', *, *, #217, .T. ) ;
#403 = EDGE_CURVE ( 'NONE', #172, #131, #1371, .T. ) ;
#404 = CARTESIAN_POINT ( 'NONE',  ( -45.27943135559157639, 113.7419295339478822, 9.595331850739677648 ) ) ;
#405 = CARTESIAN_POINT ( 'NONE',  ( 172.5500000000000114, 0.000000000000000000, 10.00000000000000000 ) ) ;
#406 = DIRECTION ( 'NONE',  ( 1.364044408080838895E-16, -1.000000000000000000, -0.000000000000000000 ) ) ;
#407 = ORIENTED_EDGE ( 'NONE', *, *, #292, .F. ) ;
#408 = FACE_BOUND ( 'NONE', #546, .T. ) ;
#409 = ORIENTED_EDGE ( 'NONE', *, *, #938, .F. ) ;
#410 = EDGE_CURVE ( 'NONE', #327, #1763, #767, .T. ) ;
#411 = LINE ( 'NONE', #423, #642 ) ;
#412 = EDGE_CURVE ( 'NONE', #1763, #940, #1104, .T. ) ;
#413 = ORIENTED_EDGE ( 'NONE', *, *, #410, .F. ) ;
#414 = CARTESIAN_POINT ( 'NONE',  ( -33.50682655186826508, 113.2987783330167417, 10.00000000000000000 ) ) ;
#415 =( NAMED_UNIT ( * ) SI_UNIT ( $, .STERADIAN. ) SOLID_ANGLE_UNIT ( ) );
#416 = EDGE_LOOP ( 'NONE', ( #1982, #1010 ) ) ;
#417 = AXIS2_PLACEMENT_3D ( 'NONE', #214, #1442, #501 ) ;
#418 = CIRCLE ( 'NONE', #389, 39.99999999999997868 ) ;
#419 = AXIS2_PLACEMENT_3D ( 'NONE', #186, #1288, #1611 ) ;
#420 = AXIS2_PLACEMENT_3D ( 'NONE', #361, #976, #1462 ) ;
#421 = AXIS2_PLACEMENT_3D ( 'NONE', #302, #323, #1548 ) ;
#422 = AXIS2_PLACEMENT_3D ( 'NONE', #448, #1376, #1539 ) ;
#423 = CARTESIAN_POINT ( 'NONE',  ( 188.5191583333333085, 75.89627833301676674, -32.44999999999999574 ) ) ;
#424 = DIRECTION ( 'NONE',  ( 1.000000000000000000, 0.000000000000000000, 0.000000000000000000 ) ) ;
#425 = ADVANCED_FACE ( 'NONE', ( #1718 ), #313, .T. ) ;
#426 = ORIENTED_EDGE ( 'NONE', *, *, #880, .F. ) ;
#427 = DIRECTION ( 'NONE',  ( 1.224646799147353207E-16, 1.000000000000000000, -0.000000000000000000 ) ) ;
#428 = APPROVAL ( #319, 'UNSPECIFIED' ) ;
#429 = APPROVAL_STATUS ( 'not_yet_approved' ) ;
#430 = ORIENTED_EDGE ( 'NONE', *, *, #1169, .F. ) ;
#431 = DIRECTION ( 'NONE',  ( -0.000000000000000000, -0.000000000000000000, -1.000000000000000000 ) ) ;
#432 = DIRECTION ( 'NONE',  ( 1.000000000000000000, 0.000000000000000000, 0.000000000000000000 ) ) ;
#433 = EDGE_LOOP ( 'NONE', ( #228, #372, #1793, #426 ) ) ;
#434 = CARTESIAN_POINT ( 'NONE',  ( -41.50682655186823666, -31.31122166698327547, 10.00000000000000000 ) ) ;
#435 = ORIENTED_EDGE ( 'NONE', *, *, #696, .T. ) ;
#436 = DIRECTION ( 'NONE',  ( 0.000000000000000000, 0.000000000000000000, 1.000000000000000000 ) ) ;
#437 = ADVANCED_FACE ( 'NONE', ( #793 ), #1438, .T. ) ;
#438 = DIRECTION ( 'NONE',  ( 0.000000000000000000, -0.000000000000000000, 1.000000000000000000 ) ) ;
#439 = DIRECTION ( 'NONE',  ( -0.000000000000000000, -0.000000000000000000, -1.000000000000000000 ) ) ;
#440 = ORIENTED_EDGE ( 'NONE', *, *, #1306, .T. ) ;
#441 = ORIENTED_EDGE ( 'NONE', *, *, #761, .F. ) ;
#442 = DIRECTION ( 'NONE',  ( 0.000000000000000000, -1.000000000000000000, 0.000000000000000000 ) ) ;
#443 = VERTEX_POINT ( 'NONE', #800 ) ;
#444 = CARTESIAN_POINT ( 'NONE',  ( -43.94997775279908581, 115.0713831367412467, 9.595331850739189150 ) ) ;
#445 = FACE_OUTER_BOUND ( 'NONE', #1657, .T. ) ;
#446 = EDGE_CURVE ( 'NONE', #659, #843, #2034, .T. ) ;
#447 = VECTOR ( 'NONE', #1369, 1000.000000000000000 ) ;
#448 = CARTESIAN_POINT ( 'NONE',  ( 82.34049166666666508, 39.90355162252597410, 0.000000000000000000 ) ) ;
#449 = CIRCLE ( 'NONE', #419, 8.000000000000000000 ) ;
#450 = AXIS2_PLACEMENT_3D ( 'NONE', #915, #141, #1210 ) ;
#451 = DIRECTION ( 'NONE',  ( 0.000000000000000000, 0.000000000000000000, -1.000000000000000000 ) ) ;
#452 = EDGE_LOOP ( 'NONE', ( #708, #1086 ) ) ;
#453 = EDGE_LOOP ( 'NONE', ( #1779, #1448, #402, #1701, #1193, #341 ) ) ;
#454 = CARTESIAN_POINT ( 'NONE',  ( 148.5191583333329959, -31.31122166698327547, 0.000000000000000000 ) ) ;
#455 = AXIS2_PLACEMENT_3D ( 'NONE', #1428, #369, #335 ) ;
#456 = APPROVAL_PERSON_ORGANIZATION ( #1723, #428, #1545 ) ;
#457 = AXIS2_PLACEMENT_3D ( 'NONE', #1014, #1454, #992 ) ;
#458 = ORIENTED_EDGE ( 'NONE', *, *, #238, .F. ) ;
#459 = DIRECTION ( 'NONE',  ( 1.000000000000000000, 0.000000000000000000, 0.000000000000000000 ) ) ;
#460 = CARTESIAN_POINT ( 'NONE',  ( 184.5191583333332801, 4.688778333016715649, 6.000000000000000000 ) ) ;
#461 = ADVANCED_FACE ( 'NONE', ( #1129 ), #1734, .F. ) ;
#462 = CARTESIAN_POINT ( 'NONE',  ( -47.50682655186825798, 114.2987783330167417, 6.000000000000000000 ) ) ;
#463 = LINE ( 'NONE', #752, #1231 ) ;
#464 = VERTEX_POINT ( 'NONE', #325 ) ;
#465 = DIRECTION ( 'NONE',  ( -0.000000000000000000, -1.000000000000000000, -0.000000000000000000 ) ) ;
#466 = ORIENTED_EDGE ( 'NONE', *, *, #1568, .F. ) ;
#467 = CARTESIAN_POINT ( 'NONE',  ( -38.64118062788929109, 116.6566415147722182, -6.723437086114602224 ) ) ;
#468 = DIRECTION ( 'NONE',  ( 0.000000000000000000, 0.000000000000000000, 1.000000000000000000 ) ) ;
#469 = CARTESIAN_POINT ( 'NONE',  ( 95.79382499999999823, 99.65776232622010866, 0.000000000000000000 ) ) ;
#470 = DIRECTION ( 'NONE',  ( 1.000000000000000000, 0.000000000000000000, 0.000000000000000000 ) ) ;
#471 = ORIENTED_EDGE ( 'NONE', *, *, #333, .T. ) ;
#472 = LINE ( 'NONE', #316, #1588 ) ;
#473 = PERSON_AND_ORGANIZATION ( #276, #980 ) ;
#474 = EDGE_LOOP ( 'NONE', ( #441, #375, #1184, #987 ) ) ;
#475 = CARTESIAN_POINT ( 'NONE',  ( 150.0000000000000000, 0.000000000000000000, 6.000000000000000000 ) ) ;
#476 = CARTESIAN_POINT ( 'NONE',  ( -37.50682655186825798, 117.3003955792409556, 2.928203230275511437 ) ) ;
#477 = CARTESIAN_POINT ( 'NONE',  ( -43.50682655186825798, 113.2987783330167417, 10.00000000000000000 ) ) ;
#478 = CARTESIAN_POINT ( 'NONE',  ( 95.79382499999999823, 99.65776232622010866, 6.000000000000000000 ) ) ;
#479 = AXIS2_PLACEMENT_3D ( 'NONE', #1441, #1450, #67 ) ;
#480 = ORIENTED_EDGE ( 'NONE', *, *, #506, .F. ) ;
#481 = FACE_OUTER_BOUND ( 'NONE', #1914, .T. ) ;
#482 = EDGE_CURVE ( 'NONE', #1649, #146, #853, .T. ) ;
#483 = CIRCLE ( 'NONE', #1358, 9.999999999999994671 ) ;
#484 = ORIENTED_EDGE ( 'NONE', *, *, #133, .F. ) ;
#485 = CARTESIAN_POINT ( 'NONE',  ( -40.39930158723343112, 117.2969872575246200, -7.721012987036806940 ) ) ;
#486 = CC_DESIGN_DATE_AND_TIME_ASSIGNMENT ( #258, #1245, ( #89 ) ) ;
#487 = CIRCLE ( 'NONE', #1336, 9.999999999999994671 ) ;
#488 = CARTESIAN_POINT ( 'NONE',  ( -41.50682655186824377, -31.31122166698327547, -4.000000000000000000 ) ) ;
#489 = B_SPLINE_CURVE_WITH_KNOTS ( 'NONE', 3,
 ( #173, #627, #301, #1403, #321, #1908, #1881, #805, #953, #1236, #467, #2021, #1892, #1422, #139, #1087, #1567, #1247, #1412, #485, #311, #1740, #765, #1268 ),
 .UNSPECIFIED., .F., .F.,
 ( 4, 2, 2, 2, 2, 2, 2, 2, 2, 2, 2, 4 ),
 ( 0.000000000000000000, 0.0006844554646346943721, 0.001368910929269388744, 0.002053366393904083442, 0.002737821858538777488, 0.003422277323173471969, 0.004106732787808166883, 0.004791188252442860930, 0.005133415984760211423, 0.005304529850918888838, 0.005390086783998238387, 0.005475643717077587937 ),
 .UNSPECIFIED. ) ;
#490 = DIRECTION ( 'NONE',  ( -0.000000000000000000, -0.000000000000000000, -1.000000000000000000 ) ) ;
#491 = DIRECTION ( 'NONE',  ( 0.000000000000000000, -1.000000000000000000, 0.000000000000000000 ) ) ;
#492 = DIRECTION ( 'NONE',  ( 1.000000000000000000, 0.000000000000000000, 0.000000000000000000 ) ) ;
#493 = CARTESIAN_POINT ( 'NONE',  ( -37.50682655186823666, 79.14627833301673832, -32.44999999999999574 ) ) ;
#494 = ORIENTED_EDGE ( 'NONE', *, *, #385, .T. ) ;
#495 = FACE_OUTER_BOUND ( 'NONE', #673, .T. ) ;
#496 = CARTESIAN_POINT ( 'NONE',  ( 150.0000000000000000, 0.000000000000000000, 4.000000000000000000 ) ) ;
#497 = EDGE_CURVE ( 'NONE', #804, #1222, #1999, .T. ) ;
#498 = CARTESIAN_POINT ( 'NONE',  ( -40.50682655186826508, 114.2987783330167417, 10.00000000000000000 ) ) ;
#499 = CARTESIAN_POINT ( 'NONE',  ( -37.50682655186823666, 2.841278333016722613, -7.549999999999976730 ) ) ;
#500 = ORIENTED_EDGE ( 'NONE', *, *, #955, .F. ) ;
#501 = DIRECTION ( 'NONE',  ( 0.000000000000000000, -1.000000000000000000, 0.000000000000000000 ) ) ;
#502 = ORIENTED_EDGE ( 'NONE', *, *, #1018, .F. ) ;
#503 = CYLINDRICAL_SURFACE ( 'NONE', #1188, 16.99999999999998579 ) ;
#504 = CARTESIAN_POINT ( 'NONE',  ( 92.34049166666666508, 39.90355162252597410, 0.000000000000000000 ) ) ;
#505 = ORIENTED_EDGE ( 'NONE', *, *, #194, .T. ) ;
#506 = EDGE_CURVE ( 'NONE', #1017, #51, #126, .T. ) ;
#507 = DIRECTION ( 'NONE',  ( -1.000000000000000000, -1.364044408080838895E-16, -0.000000000000000000 ) ) ;
#508 = CARTESIAN_POINT ( 'NONE',  ( -37.50682655186823666, 2.841278333016722613, -32.44999999999998153 ) ) ;
#509 = CYLINDRICAL_SURFACE ( 'NONE', #1894, 100.0000000000000000 ) ;
#510 = DIRECTION ( 'NONE',  ( 1.000000000000000000, 2.130240428499518796E-14, 0.000000000000000000 ) ) ;
#511 = VECTOR ( 'NONE', #137, 1000.000000000000000 ) ;
#512 = VERTEX_POINT ( 'NONE', #519 ) ;
#513 = FACE_OUTER_BOUND ( 'NONE', #4, .T. ) ;
#514 = VECTOR ( 'NONE', #431, 1000.000000000000000 ) ;
#515 = DIRECTION ( 'NONE',  ( 0.000000000000000000, 0.000000000000000000, 1.000000000000000000 ) ) ;
#516 = AXIS2_PLACEMENT_3D ( 'NONE', #1111, #334, #956 ) ;
#517 = ORIENTED_EDGE ( 'NONE', *, *, #1803, .F. ) ;
#518 = CIRCLE ( 'NONE', #886, 4.099999999999999645 ) ;
#519 = CARTESIAN_POINT ( 'NONE',  ( -37.50682655186825798, 113.3003955792409556, -4.000000000000000000 ) ) ;
#520 = LINE ( 'NONE', #832, #1299 ) ;
#521 = FACE_OUTER_BOUND ( 'NONE', #247, .T. ) ;
#522 = DIRECTION ( 'NONE',  ( 1.000000000000000000, 1.364044408080838895E-16, 0.000000000000000000 ) ) ;
#523 = VERTEX_POINT ( 'NONE', #1910 ) ;
#524 = PLANE ( 'NONE',  #840 ) ;
#525 = AXIS2_PLACEMENT_3D ( 'NONE', #340, #806, #672 ) ;
#526 = DIRECTION ( 'NONE',  ( 1.000000000000000000, 0.000000000000000000, -0.000000000000000000 ) ) ;
#527 = ORIENTED_EDGE ( 'NONE', *, *, #837, .T. ) ;
#528 = CARTESIAN_POINT ( 'NONE',  ( -44.00797723138197881, 115.3033810510715114, 9.471326381761182134 ) ) ;
#529 = ORIENTED_EDGE ( 'NONE', *, *, #333, .F. ) ;
#530 = DIRECTION ( 'NONE',  ( 1.000000000000000000, 0.000000000000000000, 0.000000000000000000 ) ) ;
#531 = CARTESIAN_POINT ( 'NONE',  ( -37.50682655186825798, 117.2987783330167417, 2.796557670533839968 ) ) ;
#532 = ADVANCED_FACE ( 'NONE', ( #807 ), #1929, .F. ) ;
#533 = EDGE_LOOP ( 'NONE', ( #87, #215 ) ) ;
#534 = CARTESIAN_POINT ( 'NONE',  ( 150.0000000000000000, 0.000000000000000000, 10.00000000000000000 ) ) ;
#535 = CARTESIAN_POINT ( 'NONE',  ( 188.5191583333333085, -0.4087216669832467453, -32.44999999999998153 ) ) ;
#536 = VERTEX_POINT ( 'NONE', #176 ) ;
#537 = CARTESIAN_POINT ( 'NONE',  ( -44.47484320260424795, 117.1708449359606163, 7.037130232810739905 ) ) ;
#538 = ORIENTED_EDGE ( 'NONE', *, *, #1707, .T. ) ;
#539 = DIRECTION ( 'NONE',  ( 0.000000000000000000, -0.000000000000000000, 1.000000000000000000 ) ) ;
#540 = DIRECTION ( 'NONE',  ( 1.000000000000000000, 0.000000000000000000, 0.000000000000000000 ) ) ;
#541 = VERTEX_POINT ( 'NONE', #1571 ) ;
#542 = ADVANCED_FACE ( 'NONE', ( #1742 ), #646, .T. ) ;
#543 = CARTESIAN_POINT ( 'NONE',  ( -37.50682655186825798, 114.2987783330167417, -46.00000000000000000 ) ) ;
#544 = CIRCLE ( 'NONE', #809, 4.000000000000000000 ) ;
#545 = DIRECTION ( 'NONE',  ( 1.000000000000000000, 0.000000000000000000, 0.000000000000000000 ) ) ;
#546 = EDGE_LOOP ( 'NONE', ( #1065, #1054 ) ) ;
#547 = AXIS2_PLACEMENT_3D ( 'NONE', #824, #1767, #833 ) ;
#548 = AXIS2_PLACEMENT_3D ( 'NONE', #1750, #342, #168 ) ;
#549 = CIRCLE ( 'NONE', #1043, 3.249999999999999556 ) ;
#550 = DIRECTION ( 'NONE',  ( -1.000000000000000000, -1.364044408080838895E-16, -0.000000000000000000 ) ) ;
#551 =( GEOMETRIC_REPRESENTATION_CONTEXT ( 3 ) GLOBAL_UNCERTAINTY_ASSIGNED_CONTEXT ( ( #270 ) ) GLOBAL_UNIT_ASSIGNED_CONTEXT ( ( #99, #1840, #415 ) ) REPRESENTATION_CONTEXT ( 'NONE', 'WORKASPACE' ) );
#552 = DIRECTION ( 'NONE',  ( 0.000000000000000000, 1.000000000000000000, 0.000000000000000000 ) ) ;
#553 = CARTESIAN_POINT ( 'NONE',  ( 86.56189016202557696, 113.4857122240616860, 9.995711835410503454 ) ) ;
#554 = ORIENTED_EDGE ( 'NONE', *, *, #712, .F. ) ;
#555 = EDGE_LOOP ( 'NONE', ( #471, #798, #1930 ) ) ;
#556 = CARTESIAN_POINT ( 'NONE',  ( 188.5191583333333085, 82.39627833301676674, -32.44999999999999574 ) ) ;
#557 = ADVANCED_FACE ( 'NONE', ( #1142 ), #655, .T. ) ;
#558 = DIRECTION ( 'NONE',  ( 1.000000000000000000, 0.000000000000000000, 0.000000000000000000 ) ) ;
#559 = VERTEX_POINT ( 'NONE', #1447 ) ;
#560 = EDGE_CURVE ( 'NONE', #1555, #1208, #1069, .T. ) ;
#561 = DIRECTION ( 'NONE',  ( 0.000000000000000000, 0.000000000000000000, 1.000000000000000000 ) ) ;
#562 = ORIENTED_EDGE ( 'NONE', *, *, #560, .F. ) ;
#563 = CYLINDRICAL_SURFACE ( 'NONE', #1226, 3.250000000000002665 ) ;
#564 = PERSON_AND_ORGANIZATION_ROLE ( 'creator' ) ;
#565 = VERTEX_POINT ( 'NONE', #821 ) ;
#566 = EDGE_CURVE ( 'NONE', #681, #1704, #1919, .T. ) ;
#567 = CARTESIAN_POINT ( 'NONE',  ( 148.5191583333330243, -31.31122166698327547, 6.000000000000000000 ) ) ;
#568 = DIRECTION ( 'NONE',  ( 1.000000000000000000, 0.000000000000000000, 0.000000000000000000 ) ) ;
#569 = AXIS2_PLACEMENT_3D ( 'NONE', #159, #790, #670 ) ;
#570 = ORIENTED_EDGE ( 'NONE', *, *, #664, .T. ) ;
#571 = DIRECTION ( 'NONE',  ( 0.000000000000000000, -1.000000000000000000, 0.000000000000000000 ) ) ;
#572 = ORIENTED_EDGE ( 'NONE', *, *, #1322, .T. ) ;
#573 = AXIS2_PLACEMENT_3D ( 'NONE', #1356, #1185, #1658 ) ;
#574 = AXIS2_PLACEMENT_3D ( 'NONE', #734, #103, #568 ) ;
#575 = AXIS2_PLACEMENT_3D ( 'NONE', #134, #438, #1682 ) ;
#576 = CARTESIAN_POINT ( 'NONE',  ( 150.0000000000000000, 0.000000000000000000, 10.00000000000000000 ) ) ;
#577 = CARTESIAN_POINT ( 'NONE',  ( 85.79382499999999823, 99.65776232622010866, 10.00000000000000000 ) ) ;
#578 = CC_DESIGN_APPROVAL ( #1794, ( #817 ) ) ;
#579 =( BOUNDED_CURVE ( )  B_SPLINE_CURVE ( 3, ( #607, #2, #621, #1240 ),
 .UNSPECIFIED., .F., .F. ) 
 B_SPLINE_CURVE_WITH_KNOTS ( ( 4, 4 ),
 ( 0.000000000000000000, 1.570796326794896558 ),
 .UNSPECIFIED. ) 
 CURVE ( )  GEOMETRIC_REPRESENTATION_ITEM ( )  RATIONAL_B_SPLINE_CURVE ( ( 1.000000000000000000, 0.8047378541243649375, 0.8047378541243649375, 1.000000000000000000 ) ) 
 REPRESENTATION_ITEM ( '' )  );
#580 = ORIENTED_EDGE ( 'NONE', *, *, #1351, .T. ) ;
#581 = CARTESIAN_POINT ( 'NONE',  ( -47.50682655186825087, 2.841278333016721280, -32.44999999999998153 ) ) ;
#582 = EDGE_CURVE ( 'NONE', #295, #1587, #1899, .T. ) ;
#583 = DIRECTION ( 'NONE',  ( 1.000000000000000000, 0.000000000000000000, -0.000000000000000000 ) ) ;
#584 = ORIENTED_EDGE ( 'NONE', *, *, #306, .T. ) ;
#585 = CARTESIAN_POINT ( 'NONE',  ( -44.68488567596747885, 114.4768374571156500, 9.882651396511647590 ) ) ;
#586 = CYLINDRICAL_SURFACE ( 'NONE', #1101, 4.000000000000000000 ) ;
#587 = DIRECTION ( 'NONE',  ( 1.000000000000000000, 1.364044408080838895E-16, 0.000000000000000000 ) ) ;
#588 = ORIENTED_EDGE ( 'NONE', *, *, #1817, .F. ) ;
#589 = ORIENTED_EDGE ( 'NONE', *, *, #1460, .F. ) ;
#590 = DIRECTION ( 'NONE',  ( 0.000000000000000000, 0.000000000000000000, -1.000000000000000000 ) ) ;
#591 = ADVANCED_FACE ( 'NONE', ( #202 ), #653, .T. ) ;
#592 = PERSON_AND_ORGANIZATION_ROLE ( 'design_supplier' ) ;
#593 = ORIENTED_EDGE ( 'NONE', *, *, #1726, .T. ) ;
#594 = CARTESIAN_POINT ( 'NONE',  ( -47.04035490154240051, 116.8323066826911543, 8.083301620086741579 ) ) ;
#595 = ADVANCED_FACE ( 'NONE', ( #1006 ), #1324, .T. ) ;
#596 = CARTESIAN_POINT ( 'NONE',  ( -33.50682655186826508, 113.3003955792409556, 10.00000000000000000 ) ) ;
#597 = DIRECTION ( 'NONE',  ( 0.000000000000000000, 0.000000000000000000, 1.000000000000000000 ) ) ;
#598 = DIRECTION ( 'NONE',  ( -1.000000000000000000, 0.000000000000000000, 0.000000000000000000 ) ) ;
#599 = B_SPLINE_CURVE_WITH_KNOTS ( 'NONE', 3,
 ( #834, #858, #1155, #531 ),
 .UNSPECIFIED., .F., .F.,
 ( 4, 4 ),
 ( 0.000000000000000000, 0.0001316554931821974452 ),
 .UNSPECIFIED. ) ;
#600 = CIRCLE ( 'NONE', #376, 13.99999999999999822 ) ;
#601 = ORIENTED_EDGE ( 'NONE', *, *, #1277, .F. ) ;
#602 = CARTESIAN_POINT ( 'NONE',  ( 188.5191583333333085, 2.841278333016753699, -7.549999999999976730 ) ) ;
#603 = ADVANCED_FACE ( 'NONE', ( #82 ), #95, .T. ) ;
#604 = VERTEX_POINT ( 'NONE', #74 ) ;
#605 = CARTESIAN_POINT ( 'NONE',  ( -47.50682655186825798, 113.2987783330167417, 6.000000000000000000 ) ) ;
#606 = FACE_OUTER_BOUND ( 'NONE', #1531, .T. ) ;
#607 = CARTESIAN_POINT ( 'NONE',  ( -37.50682655186825798, 117.2987783330167417, 6.000000000000000000 ) ) ;
#608 = AXIS2_PLACEMENT_3D ( 'NONE', #496, #218, #526 ) ;
#609 = CIRCLE ( 'NONE', #1259, 22.55000000000001492 ) ;
#610 = FACE_OUTER_BOUND ( 'NONE', #1050, .T. ) ;
#611 = VERTEX_POINT ( 'NONE', #856 ) ;
#612 = AXIS2_PLACEMENT_3D ( 'NONE', #1826, #1818, #1952 ) ;
#613 = VECTOR ( 'NONE', #507, 1000.000000000000000 ) ;
#614 = VERTEX_POINT ( 'NONE', #1058 ) ;
#615 = CARTESIAN_POINT ( 'NONE',  ( 0.000000000000000000, 0.000000000000000000, 10.00000000000000000 ) ) ;
#616 = CIRCLE ( 'NONE', #1766, 4.000000000000000000 ) ;
#617 = CC_DESIGN_SECURITY_CLASSIFICATION ( #1733, ( #817 ) ) ;
#618 = ORIENTED_EDGE ( 'NONE', *, *, #925, .T. ) ;
#619 = CARTESIAN_POINT ( 'NONE',  ( 148.5191583333332801, 4.688778333016715649, 0.000000000000000000 ) ) ;
#620 = CARTESIAN_POINT ( 'NONE',  ( 88.51915833333325168, 17.30039557924095561, 6.000000000000000000 ) ) ;
#621 = CARTESIAN_POINT ( 'NONE',  ( -35.84997230237588184, 115.6419240835243585, 9.999999999999998224 ) ) ;
#622 = CARTESIAN_POINT ( 'NONE',  ( 188.5191583333333085, 6.091278333016753699, -7.549999999999976730 ) ) ;
#623 = EDGE_CURVE ( 'NONE', #843, #604, #1066, .T. ) ;
#624 = ORIENTED_EDGE ( 'NONE', *, *, #651, .T. ) ;
#625 = DIRECTION ( 'NONE',  ( 0.000000000000000000, -1.000000000000000000, 0.000000000000000000 ) ) ;
#626 = ORIENTED_EDGE ( 'NONE', *, *, #363, .T. ) ;
#627 = CARTESIAN_POINT ( 'NONE',  ( -37.50682655186825087, 114.4592653148806676, -5.182602263382187324 ) ) ;
#628 = CARTESIAN_POINT ( 'NONE',  ( 166.9999999999999716, 0.000000000000000000, 10.00000000000000000 ) ) ;
#629 = EDGE_CURVE ( 'NONE', #172, #611, #838, .T. ) ;
#630 = CARTESIAN_POINT ( 'NONE',  ( -40.50682655186826508, 114.2987783330167417, -46.00000000000000000 ) ) ;
#631 = DIRECTION ( 'NONE',  ( -1.000000000000000000, -0.000000000000000000, 0.000000000000000000 ) ) ;
#632 = APPROVAL ( #429, 'UNSPECIFIED' ) ;
#633 = ORIENTED_EDGE ( 'NONE', *, *, #175, .T. ) ;
#634 = CARTESIAN_POINT ( 'NONE',  ( 127.4499999999999460, 2.761578532077285795E-15, 4.000000000000000000 ) ) ;
#635 = ORIENTED_EDGE ( 'NONE', *, *, #1815, .T. ) ;
#636 = CARTESIAN_POINT ( 'NONE',  ( -45.84997230237583921, -33.65436741749090288, 9.999999999999994671 ) ) ;
#637 = CIRCLE ( 'NONE', #569, 3.250000000000000444 ) ;
#638 = DIRECTION ( 'NONE',  ( 1.364044408080838895E-16, -1.000000000000000000, -0.000000000000000000 ) ) ;
#639 = DIRECTION ( 'NONE',  ( -0.000000000000000000, -0.000000000000000000, -1.000000000000000000 ) ) ;
#640 = DIRECTION ( 'NONE',  ( 1.000000000000000000, 0.000000000000000000, 0.000000000000000000 ) ) ;
#641 = ADVANCED_FACE ( 'NONE', ( #1693 ), #1958, .F. ) ;
#642 = VECTOR ( 'NONE', #1008, 1000.000000000000000 ) ;
#643 = AXIS2_PLACEMENT_3D ( 'NONE', #615, #1234, #1409 ) ;
#644 = CYLINDRICAL_SURFACE ( 'NONE', #850, 22.55000000000004334 ) ;
#645 = CARTESIAN_POINT ( 'NONE',  ( 82.65080767208573320, 113.3003955792409556, 10.00000000000000000 ) ) ;
#646 = TOROIDAL_SURFACE ( 'NONE', #1660, 35.99999999999999289, 4.000000000000000000 ) ;
#647 = CIRCLE ( 'NONE', #1168, 4.000000000000000000 ) ;
#648 = ORIENTED_EDGE ( 'NONE', *, *, #1556, .T. ) ;
#649 = LOCAL_TIME ( 6, 24, 6.000000000000000000, #1535 ) ;
#650 = DIRECTION ( 'NONE',  ( 1.000000000000000000, 0.000000000000000000, 0.000000000000000000 ) ) ;
#651 = EDGE_CURVE ( 'NONE', #266, #1584, #18, .T. ) ;
#652 = AXIS2_PLACEMENT_3D ( 'NONE', #460, #1851, #1925 ) ;
#653 =( BOUNDED_SURFACE ( )  B_SPLINE_SURFACE ( 3, 2, ( 
 ( #367, #477, #675 ),
 ( #994, #1613, #211 ),
 ( #842, #10, #1100 ),
 ( #444, #585, #404 ),
 ( #528, #1679, #132 ),
 ( #290, #1025, #747 ),
 ( #1307, #702, #1457 ),
 ( #901, #1635, #1362 ),
 ( #1939, #757, #1315 ),
 ( #1784, #1805, #910 ),
 ( #1152, #1525, #274 ),
 ( #1374, #594, #1016 ),
 ( #537, #229, #2011 ),
 ( #222, #863, #1949 ),
 ( #2002, #692, #1160 ),
 ( #1842, #1478, #377 ) ),
 .UNSPECIFIED., .F., .F., .F. ) 
 B_SPLINE_SURFACE_WITH_KNOTS ( ( 4, 2, 2, 2, 2, 2, 2, 4 ),
 ( 3, 3 ),
 ( 4.712388980384689674, 5.105088062083414258, 5.301437602932775661, 5.497787143782137953, 5.694136684631500245, 5.890486225480861648, 6.086835766330223940, 6.283185307179586232 ),
 ( 0.000000000000000000, 1.000000000000000000 ),
 .UNSPECIFIED. ) 
 GEOMETRIC_REPRESENTATION_ITEM ( )  RATIONAL_B_SPLINE_SURFACE ( (
 ( 1.000000000000000000, 1.000000000000000000, 1.000000000000000000),
 ( 1.000000000000000000, 1.000158585517636922, 1.000000000000000000),
 ( 1.000000000000000000, 0.9867291829330778752, 1.000000000000000000),
 ( 1.000000000000000000, 0.9506740383551971485, 1.000000000000000000),
 ( 1.000000000000000000, 0.9360421792725975854, 1.000000000000000000),
 ( 1.000000000000000000, 0.9031651044138000461, 1.000000000000000000),
 ( 1.000000000000000000, 0.8849191394644223552, 1.000000000000000000),
 ( 1.000000000000000000, 0.8471316681044566144, 1.000000000000000000),
 ( 1.000000000000000000, 0.8275942589161726648, 1.000000000000000000),
 ( 1.000000000000000000, 0.7902180193271693964, 1.000000000000000000),
 ( 1.000000000000000000, 0.7723968094988339361, 1.000000000000000000),
 ( 1.000000000000000000, 0.7418334301983710022, 1.000000000000000000),
 ( 1.000000000000000000, 0.7291288848862702565, 1.000000000000000000),
 ( 1.000000000000000000, 0.7117460116570466511, 1.000000000000000000),
 ( 1.000000000000000000, 0.7070717215218259577, 1.000000000000000000),
 ( 1.000000000000000000, 0.7071067811865466846, 1.000000000000000000) ) ) 
 REPRESENTATION_ITEM ( '' )  SURFACE ( )  );
#654 = DIRECTION ( 'NONE',  ( -1.000000000000000000, -1.364044408080838895E-16, -0.000000000000000000 ) ) ;
#655 = CYLINDRICAL_SURFACE ( 'NONE', #814, 3.000000000000002665 ) ;
#656 = DIRECTION ( 'NONE',  ( 0.000000000000000000, 0.000000000000000000, 1.000000000000000000 ) ) ;
#657 = DIRECTION ( 'NONE',  ( 1.000000000000000000, 0.000000000000000000, 0.000000000000000000 ) ) ;
#658 = DIRECTION ( 'NONE',  ( -1.000000000000000000, -1.096334072605612984E-16, 0.000000000000000000 ) ) ;
#659 = VERTEX_POINT ( 'NONE', #330 ) ;
#660 = EDGE_CURVE ( 'NONE', #1533, #398, #166, .T. ) ;
#661 = FACE_BOUND ( 'NONE', #848, .T. ) ;
#662 = CARTESIAN_POINT ( 'NONE',  ( -47.50682655186825087, -6.480127655408677552E-15, 6.000000000000000000 ) ) ;
#663 = ORIENTED_EDGE ( 'NONE', *, *, #1026, .T. ) ;
#664 = EDGE_CURVE ( 'NONE', #143, #1474, #239, .T. ) ;
#665 = CARTESIAN_POINT ( 'NONE',  ( 188.5191583333333085, -0.4087216669832459126, -7.549999999999976730 ) ) ;
#666 = ORIENTED_EDGE ( 'NONE', *, *, #1608, .T. ) ;
#667 = FACE_OUTER_BOUND ( 'NONE', #1469, .T. ) ;
#668 = DIRECTION ( 'NONE',  ( 1.000000000000000000, 0.000000000000000000, 0.000000000000000000 ) ) ;
#669 = ORIENTED_EDGE ( 'NONE', *, *, #1073, .T. ) ;
#670 = DIRECTION ( 'NONE',  ( 0.000000000000000000, -1.000000000000000000, 0.000000000000000000 ) ) ;
#671 = ADVANCED_FACE ( 'NONE', ( #1255 ), #1003, .T. ) ;
#672 = DIRECTION ( 'NONE',  ( 0.000000000000000000, -1.000000000000000000, 0.000000000000000000 ) ) ;
#673 = EDGE_LOOP ( 'NONE', ( #5, #2033, #1503, #701 ) ) ;
#674 = CIRCLE ( 'NONE', #1822, 22.55000000000001492 ) ;
#675 = CARTESIAN_POINT ( 'NONE',  ( -43.50682655186825087, 113.2987783330167417, 10.00000000000000000 ) ) ;
#676 = ORIENTED_EDGE ( 'NONE', *, *, #1648, .T. ) ;
#677 = DIRECTION ( 'NONE',  ( 0.000000000000000000, 0.000000000000000000, -1.000000000000000000 ) ) ;
#678 = DIRECTION ( 'NONE',  ( 0.000000000000000000, 0.000000000000000000, 1.000000000000000000 ) ) ;
#679 = CARTESIAN_POINT ( 'NONE',  ( -37.50682655186825798, 117.3003955792409556, 6.000000000000000000 ) ) ;
#680 = AXIS2_PLACEMENT_3D ( 'NONE', #1830, #427, #870 ) ;
#681 = VERTEX_POINT ( 'NONE', #799 ) ;
#682 = FACE_OUTER_BOUND ( 'NONE', #764, .T. ) ;
#683 = AXIS2_PLACEMENT_3D ( 'NONE', #1264, #1146, #1768 ) ;
#684 = CIRCLE ( 'NONE', #846, 9.999999999999994671 ) ;
#685 = CIRCLE ( 'NONE', #1828, 4.000000000000003553 ) ;
#686 = TOROIDAL_SURFACE ( 'NONE', #190, 96.00000000000000000, 4.000000000000000000 ) ;
#687 = LINE ( 'NONE', #48, #401 ) ;
#688 = AXIS2_PLACEMENT_3D ( 'NONE', #1884, #1261, #1901 ) ;
#689 = EDGE_LOOP ( 'NONE', ( #307, #580 ) ) ;
#690 = VECTOR ( 'NONE', #1569, 1000.000000000000000 ) ;
#691 = LOCAL_TIME ( 6, 24, 6.000000000000000000, #1186 ) ;
#692 = CARTESIAN_POINT ( 'NONE',  ( -47.50682654963843277, 117.2987783307909950, 6.458890878744326436 ) ) ;
#693 = EDGE_LOOP ( 'NONE', ( #1493, #1596, #1887, #500 ) ) ;
#694 = EDGE_CURVE ( 'NONE', #81, #1074, #1549, .T. ) ;
#695 = FACE_OUTER_BOUND ( 'NONE', #1876, .T. ) ;
#696 = EDGE_CURVE ( 'NONE', #1837, #1242, #600, .T. ) ;
#697 = CARTESIAN_POINT ( 'NONE',  ( -41.50682655186823666, -35.31122166698328613, -46.00000000000000000 ) ) ;
#698 = ORIENTED_EDGE ( 'NONE', *, *, #1343, .T. ) ;
#699 = DIRECTION ( 'NONE',  ( 1.000000000000000000, 1.364029953115296624E-16, 0.000000000000000000 ) ) ;
#700 = DIRECTION ( 'NONE',  ( 1.000000000000000000, 0.000000000000000000, 0.000000000000000000 ) ) ;
#701 = ORIENTED_EDGE ( 'NONE', *, *, #385, .F. ) ;
#702 = CARTESIAN_POINT ( 'NONE',  ( -45.43188194900503873, 115.2238337301540696, 9.641215126932982216 ) ) ;
#703 = EDGE_CURVE ( 'NONE', #1458, #536, #1716, .T. ) ;
#704 = CARTESIAN_POINT ( 'NONE',  ( -33.50682655186826508, 113.3003955792409556, -4.000000000000000000 ) ) ;
#705 = CARTESIAN_POINT ( 'NONE',  ( -47.50682655186825798, 114.2987783330167417, -46.00000000000000000 ) ) ;
#706 = ORIENTED_EDGE ( 'NONE', *, *, #1048, .T. ) ;
#707 = LINE ( 'NONE', #1321, #212 ) ;
#708 = ORIENTED_EDGE ( 'NONE', *, *, #47, .T. ) ;
#709 = DIRECTION ( 'NONE',  ( 1.000000000000000000, 9.912705577010326536E-16, 0.000000000000000000 ) ) ;
#710 = CARTESIAN_POINT ( 'NONE',  ( 96.34049166666666508, 39.90355162252597410, 10.00000000000000000 ) ) ;
#711 = PLANE ( 'NONE',  #612 ) ;
#712 = EDGE_CURVE ( 'NONE', #1649, #358, #873, .T. ) ;
#713 = VERTEX_POINT ( 'NONE', #1537 ) ;
#714 = DIRECTION ( 'NONE',  ( 1.000000000000000000, 0.000000000000000000, 0.000000000000000000 ) ) ;
#715 = EDGE_CURVE ( 'NONE', #368, #1029, #379, .T. ) ;
#716 = AXIS2_PLACEMENT_3D ( 'NONE', #205, #658, #43 ) ;
#717 = APPROVAL_ROLE ( '' ) ;
#718 = ORIENTED_EDGE ( 'NONE', *, *, #1435, .F. ) ;
#719 = CIRCLE ( 'NONE', #811, 4.000000000000000000 ) ;
#720 = EDGE_CURVE ( 'NONE', #604, #262, #489, .T. ) ;
#721 = CIRCLE ( 'NONE', #27, 3.249999999999999556 ) ;
#722 = CIRCLE ( 'NONE', #1861, 3.250000000000000444 ) ;
#723 = CC_DESIGN_APPROVAL ( #632, ( #89 ) ) ;
#724 = DIRECTION ( 'NONE',  ( 0.000000000000000000, 0.000000000000000000, 1.000000000000000000 ) ) ;
#725 = FACE_OUTER_BOUND ( 'NONE', #1612, .T. ) ;
#726 = ORIENTED_EDGE ( 'NONE', *, *, #963, .T. ) ;
#727 = EDGE_LOOP ( 'NONE', ( #781, #909, #1279, #900 ) ) ;
#728 = LINE ( 'NONE', #1494, #1759 ) ;
#729 = ADVANCED_FACE ( 'NONE', ( #495 ), #921, .T. ) ;
#730 = PERSON_AND_ORGANIZATION ( #276, #980 ) ;
#731 = EDGE_LOOP ( 'NONE', ( #1783, #1246, #69, #38 ) ) ;
#732 = EDGE_CURVE ( 'NONE', #713, #1212, #637, .T. ) ;
#733 = CARTESIAN_POINT ( 'NONE',  ( 133.0000000000000000, 2.081899558550500280E-15, 4.000000000000000000 ) ) ;
#734 = CARTESIAN_POINT ( 'NONE',  ( 148.5191583333332801, 4.688778333016715649, 6.000000000000000000 ) ) ;
#735 = EDGE_LOOP ( 'NONE', ( #1702, #124, #1197, #1510 ) ) ;
#736 = CARTESIAN_POINT ( 'NONE',  ( 82.34049166666666508, 39.90355162252597410, 6.000000000000000000 ) ) ;
#737 = CARTESIAN_POINT ( 'NONE',  ( -44.50682655186825798, 114.2987783330167417, -46.00000000000000000 ) ) ;
#738 = ORIENTED_EDGE ( 'NONE', *, *, #1972, .F. ) ;
#739 = AXIS2_PLACEMENT_3D ( 'NONE', #1514, #550, #1174 ) ;
#740 = CARTESIAN_POINT ( 'NONE',  ( 184.5191583333332801, 4.688778333016715649, 0.000000000000000000 ) ) ;
#741 = CARTESIAN_POINT ( 'NONE',  ( 188.5191583333333085, 2.841278333016753699, -7.549999999999976730 ) ) ;
#742 = ADVANCED_FACE ( 'NONE', ( #682 ), #1632, .F. ) ;
#743 = ORIENTED_EDGE ( 'NONE', *, *, #972, .T. ) ;
#744 = PLANE ( 'NONE',  #573 ) ;
#745 = DIRECTION ( 'NONE',  ( -0.000000000000000000, -0.000000000000000000, -1.000000000000000000 ) ) ;
#746 = ORIENTED_EDGE ( 'NONE', *, *, #1941, .F. ) ;
#747 = CARTESIAN_POINT ( 'NONE',  ( -45.94678569797043366, 113.9087681195422164, 9.180430516659077611 ) ) ;
#748 = CIRCLE ( 'NONE', #1459, 18.55000000000001137 ) ;
#749 = CIRCLE ( 'NONE', #1928, 16.99999999999998579 ) ;
#750 = EDGE_CURVE ( 'NONE', #1524, #659, #1012, .T. ) ;
#751 = DIRECTION ( 'NONE',  ( -1.000000000000000000, 0.000000000000000000, 0.000000000000000000 ) ) ;
#752 = CARTESIAN_POINT ( 'NONE',  ( 148.5191583333329959, -31.31122166698327547, 10.00000000000000000 ) ) ;
#753 = ORIENTED_EDGE ( 'NONE', *, *, #2037, .F. ) ;
#754 = ORIENTED_EDGE ( 'NONE', *, *, #194, .F. ) ;
#755 = LINE ( 'NONE', #1521, #447 ) ;
#756 = VERTEX_POINT ( 'NONE', #829 ) ;
#757 = CARTESIAN_POINT ( 'NONE',  ( -46.04127821154551015, 115.8332299926932478, 9.284799419484777161 ) ) ;
#758 = CARTESIAN_POINT ( 'NONE',  ( 85.79382499999999823, 99.65776232622010866, 6.000000000000000000 ) ) ;
#759 = DIRECTION ( 'NONE',  ( 0.000000000000000000, 0.000000000000000000, -1.000000000000000000 ) ) ;
#760 = CARTESIAN_POINT ( 'NONE',  ( -43.50682655186825798, 113.2987783330167417, 10.00000000000000000 ) ) ;
#761 = EDGE_CURVE ( 'NONE', #2005, #163, #674, .T. ) ;
#762 = ORIENTED_EDGE ( 'NONE', *, *, #1471, .T. ) ;
#763 = DIRECTION ( 'NONE',  ( 0.000000000000000000, 0.000000000000000000, 1.000000000000000000 ) ) ;
#764 = EDGE_LOOP ( 'NONE', ( #1849, #966, #269, #300, #1996, #1148 ) ) ;
#765 = CARTESIAN_POINT ( 'NONE',  ( -40.49343419828051083, 117.2987783330167275, -7.658053478350263177 ) ) ;
#766 = CARTESIAN_POINT ( 'NONE',  ( 184.5191583333332801, 17.30039557924095561, 10.00000000000000000 ) ) ;
#767 = LINE ( 'NONE', #1874, #1332 ) ;
#768 = DIRECTION ( 'NONE',  ( 1.000000000000000000, 0.000000000000000000, 0.000000000000000000 ) ) ;
#769 = VERTEX_POINT ( 'NONE', #1618 ) ;
#770 = VERTEX_POINT ( 'NONE', #1936 ) ;
#771 = DIRECTION ( 'NONE',  ( 1.224646799147353207E-16, 1.000000000000000000, -0.000000000000000000 ) ) ;
#772 = PERSON_AND_ORGANIZATION ( #276, #980 ) ;
#773 = ORIENTED_EDGE ( 'NONE', *, *, #1227, .T. ) ;
#774 = ADVANCED_FACE ( 'NONE', ( #513 ), #503, .F. ) ;
#775 = DIRECTION ( 'NONE',  ( -0.000000000000000000, -0.000000000000000000, -1.000000000000000000 ) ) ;
#776 = DIRECTION ( 'NONE',  ( -0.000000000000000000, -0.000000000000000000, -1.000000000000000000 ) ) ;
#777 = ADVANCED_FACE ( 'NONE', ( #373 ), #1475, .F. ) ;
#778 = FACE_OUTER_BOUND ( 'NONE', #2019, .T. ) ;
#779 = CIRCLE ( 'NONE', #1522, 4.099999999999999645 ) ;
#780 = DIRECTION ( 'NONE',  ( -0.000000000000000000, -0.000000000000000000, -1.000000000000000000 ) ) ;
#781 = ORIENTED_EDGE ( 'NONE', *, *, #1322, .F. ) ;
#782 = VECTOR ( 'NONE', #1540, 1000.000000000000000 ) ;
#783 = VERTEX_POINT ( 'NONE', #969 ) ;
#784 = DIRECTION ( 'NONE',  ( -1.000000000000000000, -1.096334072605612984E-16, 0.000000000000000000 ) ) ;
#785 = VECTOR ( 'NONE', #780, 1000.000000000000000 ) ;
#786 = AXIS2_PLACEMENT_3D ( 'NONE', #737, #1476, #899 ) ;
#787 = VECTOR ( 'NONE', #638, 1000.000000000000000 ) ;
#788 = PERSON_AND_ORGANIZATION ( #276, #980 ) ;
#789 = ORIENTED_EDGE ( 'NONE', *, *, #47, .F. ) ;
#790 = DIRECTION ( 'NONE',  ( -1.000000000000000000, -1.096334072605612984E-16, 0.000000000000000000 ) ) ;
#791 = ADVANCED_FACE ( 'NONE', ( #1453, #1312, #365, #216, #661 ), #524, .F. ) ;
#792 = CARTESIAN_POINT ( 'NONE',  ( -47.50682655186824377, -35.31122166698328613, -46.00000000000000000 ) ) ;
#793 = FACE_OUTER_BOUND ( 'NONE', #1513, .T. ) ;
#794 = DIRECTION ( 'NONE',  ( -0.000000000000000000, -0.000000000000000000, -1.000000000000000000 ) ) ;
#795 = ORIENTED_EDGE ( 'NONE', *, *, #412, .T. ) ;
#796 = DIRECTION ( 'NONE',  ( -1.000000000000000000, 1.224646799147352468E-16, 0.000000000000000000 ) ) ;
#797 = CALENDAR_DATE ( 2026, 29, 4 ) ;
#798 = ORIENTED_EDGE ( 'NONE', *, *, #1778, .F. ) ;
#799 = CARTESIAN_POINT ( 'NONE',  ( -37.50682655186823666, -0.4087216669832766658, -7.549999999999976730 ) ) ;
#800 = CARTESIAN_POINT ( 'NONE',  ( 168.5500000000000114, 2.271719812418342047E-15, 6.000000000000000000 ) ) ;
#801 = CARTESIAN_POINT ( 'NONE',  ( 0.000000000000000000, 0.000000000000000000, 0.000000000000000000 ) ) ;
#802 = DIRECTION ( 'NONE',  ( 0.000000000000000000, 0.000000000000000000, 1.000000000000000000 ) ) ;
#803 = CARTESIAN_POINT ( 'NONE',  ( 88.51915833333254113, 113.3003955792409556, 0.000000000000000000 ) ) ;
#804 = VERTEX_POINT ( 'NONE', #1166 ) ;
#805 = CARTESIAN_POINT ( 'NONE',  ( -38.08396946626078972, 116.0792057783433364, -6.281978256578343078 ) ) ;
#806 = DIRECTION ( 'NONE',  ( -1.000000000000000000, -1.364044408080838895E-16, -0.000000000000000000 ) ) ;
#807 = FACE_OUTER_BOUND ( 'NONE', #343, .T. ) ;
#808 = DIRECTION ( 'NONE',  ( -1.000000000000000000, -1.364044408080838895E-16, -0.000000000000000000 ) ) ;
#809 = AXIS2_PLACEMENT_3D ( 'NONE', #1194, #1504, #106 ) ;
#810 = ADVANCED_FACE ( 'NONE', ( #849, #1600, #991, #1791 ), #1946, .T. ) ;
#811 = AXIS2_PLACEMENT_3D ( 'NONE', #704, #552, #1019 ) ;
#812 = ORIENTED_EDGE ( 'NONE', *, *, #1815, .F. ) ;
#813 = DIRECTION ( 'NONE',  ( -1.000000000000000000, -1.364044408080838895E-16, -0.000000000000000000 ) ) ;
#814 = AXIS2_PLACEMENT_3D ( 'NONE', #498, #1120, #1603 ) ;
#815 = PRODUCT_RELATED_PRODUCT_CATEGORY ( 'detail', '', ( #107 ) ) ;
#816 = ORIENTED_EDGE ( 'NONE', *, *, #1370, .T. ) ;
#817 = PRODUCT_DEFINITION_FORMATION_WITH_SPECIFIED_SOURCE ( 'ANY', '', #107, .NOT_KNOWN. ) ;
#818 = CARTESIAN_POINT ( 'NONE',  ( 82.34049166666666508, 39.90355162252597410, 10.00000000000000000 ) ) ;
#819 = CIRCLE ( 'NONE', #457, 3.250000000000002665 ) ;
#820 = CARTESIAN_POINT ( 'NONE',  ( 82.34049166666666508, 39.90355162252597410, 6.000000000000000000 ) ) ;
#821 = CARTESIAN_POINT ( 'NONE',  ( 184.5191583333332801, 4.688778333016715649, 10.00000000000000000 ) ) ;
#822 = ORIENTED_EDGE ( 'NONE', *, *, #363, .F. ) ;
#823 = DIRECTION ( 'NONE',  ( -1.000000000000000000, 0.000000000000000000, 0.000000000000000000 ) ) ;
#824 = CARTESIAN_POINT ( 'NONE',  ( 184.5191583333332801, 17.30039557924095561, 4.000000000000000000 ) ) ;
#825 = CARTESIAN_POINT ( 'NONE',  ( -33.50682655186825087, 17.30039557924093785, 6.000000000000000000 ) ) ;
#826 = ADVANCED_FACE ( 'NONE', ( #1467 ), #1585, .F. ) ;
#827 = EDGE_LOOP ( 'NONE', ( #96, #198, #72, #1289 ) ) ;
#828 = ADVANCED_BREP_SHAPE_REPRESENTATION ( 'EDM V1-Spool Mount (RIGHT)', ( #1295, #1239, #189 ), #551 ) ;
#829 = CARTESIAN_POINT ( 'NONE',  ( 188.5191583333332801, 17.30039557924024862, 4.000000000000000000 ) ) ;
#830 = LINE ( 'NONE', #662, #1962 ) ;
#831 = ORIENTED_EDGE ( 'NONE', *, *, #1644, .F. ) ;
#832 = CARTESIAN_POINT ( 'NONE',  ( -41.50682655186823666, -35.31122166698327902, 10.00000000000000000 ) ) ;
#833 = DIRECTION ( 'NONE',  ( 0.000000000000000000, 0.000000000000000000, 1.000000000000000000 ) ) ;
#834 = CARTESIAN_POINT ( 'NONE',  ( -37.50682655186825798, 117.3003955792409556, 2.928203230275511437 ) ) ;
#835 = ORIENTED_EDGE ( 'NONE', *, *, #403, .F. ) ;
#836 = CARTESIAN_POINT ( 'NONE',  ( 150.0000000000000000, 0.000000000000000000, 4.000000000000000000 ) ) ;
#837 = EDGE_CURVE ( 'NONE', #559, #1074, #981, .T. ) ;
#838 = CIRCLE ( 'NONE', #935, 13.99999999999999822 ) ;
#839 = ORIENTED_EDGE ( 'NONE', *, *, #1661, .F. ) ;
#840 = AXIS2_PLACEMENT_3D ( 'NONE', #1756, #1149, #1780 ) ;
#841 = EDGE_CURVE ( 'NONE', #1675, #872, #707, .T. ) ;
#842 = CARTESIAN_POINT ( 'NONE',  ( -43.76857444710187650, 114.3457699139487431, 9.895890688657086542 ) ) ;
#843 = VERTEX_POINT ( 'NONE', #543 ) ;
#844 = CARTESIAN_POINT ( 'NONE',  ( 150.0000000000000000, 0.000000000000000000, 6.000000000000000000 ) ) ;
#845 = CARTESIAN_POINT ( 'NONE',  ( -37.50682655186823666, -35.31122166698327902, 4.000000000000000000 ) ) ;
#846 = AXIS2_PLACEMENT_3D ( 'NONE', #820, #1436, #1909 ) ;
#847 = AXIS2_PLACEMENT_3D ( 'NONE', #23, #771, #796 ) ;
#848 = EDGE_LOOP ( 'NONE', ( #1751, #1553 ) ) ;
#849 = FACE_BOUND ( 'NONE', #1797, .T. ) ;
#850 = AXIS2_PLACEMENT_3D ( 'NONE', #1284, #178, #657 ) ;
#851 = CIRCLE ( 'NONE', #392, 35.99999999999997868 ) ;
#852 = DIRECTION ( 'NONE',  ( 0.000000000000000000, 0.000000000000000000, 1.000000000000000000 ) ) ;
#853 = CIRCLE ( 'NONE', #1692, 13.99999999999999822 ) ;
#854 = ORIENTED_EDGE ( 'NONE', *, *, #1505, .T. ) ;
#855 = ADVANCED_FACE ( 'NONE', ( #339 ), #1276, .F. ) ;
#856 = CARTESIAN_POINT ( 'NONE',  ( 99.79382499999999823, 99.65776232622010866, 10.00000000000000000 ) ) ;
#857 = DIRECTION ( 'NONE',  ( -1.000000000000000000, -1.364044408080838895E-16, -0.000000000000000000 ) ) ;
#858 = CARTESIAN_POINT ( 'NONE',  ( -37.50682655186825798, 117.3003955792409556, 2.884318065881445126 ) ) ;
#859 = VERTEX_POINT ( 'NONE', #1915 ) ;
#860 = CARTESIAN_POINT ( 'NONE',  ( -47.50682655186824377, -35.31122166698327902, 10.00000000000000000 ) ) ;
#861 = ORIENTED_EDGE ( 'NONE', *, *, #1351, .F. ) ;
#862 = APPLICATION_CONTEXT ( 'configuration controlled 3d designs of mechanical parts and assemblies' ) ;
#863 = CARTESIAN_POINT ( 'NONE',  ( -47.44158932081813163, 117.2335411019670630, 6.909715844965145237 ) ) ;
#864 = ORIENTED_EDGE ( 'NONE', *, *, #1668, .F. ) ;
#865 = LINE ( 'NONE', #740, #1328 ) ;
#866 = LINE ( 'NONE', #1053, #1590 ) ;
#867 = ORIENTED_EDGE ( 'NONE', *, *, #1806, .F. ) ;
#868 = EDGE_CURVE ( 'NONE', #262, #659, #199, .T. ) ;
#869 = ORIENTED_EDGE ( 'NONE', *, *, #1781, .T. ) ;
#870 = DIRECTION ( 'NONE',  ( -1.000000000000000000, 1.224646799147353454E-16, 0.000000000000000000 ) ) ;
#871 = CARTESIAN_POINT ( 'NONE',  ( 127.4499999999999744, 2.761578532077282640E-15, 10.00000000000000000 ) ) ;
#872 = VERTEX_POINT ( 'NONE', #414 ) ;
#873 = CIRCLE ( 'NONE', #2022, 4.000000000000003553 ) ;
#874 = AXIS2_PLACEMENT_3D ( 'NONE', #605, #941, #1557 ) ;
#875 = FACE_OUTER_BOUND ( 'NONE', #243, .T. ) ;
#876 = DIRECTION ( 'NONE',  ( -1.364029953115296624E-16, 1.000000000000000000, 0.000000000000000000 ) ) ;
#877 = ADVANCED_FACE ( 'NONE', ( #98 ), #1420, .T. ) ;
#878 = ORIENTED_EDGE ( 'NONE', *, *, #275, .T. ) ;
#879 = DIRECTION ( 'NONE',  ( -0.000000000000000000, -0.000000000000000000, -1.000000000000000000 ) ) ;
#880 = EDGE_CURVE ( 'NONE', #1555, #1950, #245, .T. ) ;
#881 = CIRCLE ( 'NONE', #1132, 9.999999999999994671 ) ;
#882 = CARTESIAN_POINT ( 'NONE',  ( 0.000000000000000000, 0.000000000000000000, 0.000000000000000000 ) ) ;
#883 = ORIENTED_EDGE ( 'NONE', *, *, #1230, .T. ) ;
#884 = AXIS2_PLACEMENT_3D ( 'NONE', #1606, #1133, #1122 ) ;
#885 = TOROIDAL_SURFACE ( 'NONE', #1695, 13.99999999999999289, 4.000000000000000000 ) ;
#886 = AXIS2_PLACEMENT_3D ( 'NONE', #801, #1417, #20 ) ;
#887 = APPROVAL_PERSON_ORGANIZATION ( #473, #1794, #1714 ) ;
#888 = DIRECTION ( 'NONE',  ( -1.364044408080838895E-16, 1.000000000000000000, 0.000000000000000000 ) ) ;
#889 = DIRECTION ( 'NONE',  ( 1.000000000000000000, 0.000000000000000000, 0.000000000000000000 ) ) ;
#890 = VERTEX_POINT ( 'NONE', #1038 ) ;
#891 = EDGE_CURVE ( 'NONE', #1382, #201, #1425, .T. ) ;
#892 = DIRECTION ( 'NONE',  ( 0.000000000000000000, 0.000000000000000000, 1.000000000000000000 ) ) ;
#893 = CARTESIAN_POINT ( 'NONE',  ( 85.79382499999999823, 99.65776232622010866, 6.000000000000000000 ) ) ;
#894 = ORIENTED_EDGE ( 'NONE', *, *, #1405, .T. ) ;
#895 = DIRECTION ( 'NONE',  ( 0.000000000000000000, 0.000000000000000000, 1.000000000000000000 ) ) ;
#896 = CARTESIAN_POINT ( 'NONE',  ( 0.000000000000000000, 0.000000000000000000, 6.000000000000000000 ) ) ;
#897 = ORIENTED_EDGE ( 'NONE', *, *, #230, .T. ) ;
#898 = DIRECTION ( 'NONE',  ( -1.000000000000000000, -1.364044408080838895E-16, -0.000000000000000000 ) ) ;
#899 = DIRECTION ( 'NONE',  ( 1.000000000000000000, 0.000000000000000000, 0.000000000000000000 ) ) ;
#900 = ORIENTED_EDGE ( 'NONE', *, *, #694, .F. ) ;
#901 = CARTESIAN_POINT ( 'NONE',  ( -44.26021335851842764, 116.3123255596171219, 8.643307022891992375 ) ) ;
#902 = EDGE_CURVE ( 'NONE', #872, #1465, #728, .T. ) ;
#903 = AXIS2_PLACEMENT_3D ( 'NONE', #1445, #36, #1770 ) ;
#904 = CARTESIAN_POINT ( 'NONE',  ( 72.34049166666667929, 39.90355162252597410, 0.000000000000000000 ) ) ;
#905 = PLANE ( 'NONE',  #1728 ) ;
#906 = ORIENTED_EDGE ( 'NONE', *, *, #1517, .F. ) ;
#907 = DIRECTION ( 'NONE',  ( 1.000000000000000000, 0.000000000000000000, 0.000000000000000000 ) ) ;
#908 = APPROVAL_STATUS ( 'not_yet_approved' ) ;
#909 = ORIENTED_EDGE ( 'NONE', *, *, #1778, .T. ) ;
#910 = CARTESIAN_POINT ( 'NONE',  ( -46.97815292943861465, 114.1666099274095956, 8.004602724326819185 ) ) ;
#911 = AXIS2_PLACEMENT_3D ( 'NONE', #1787, #225, #668 ) ;
#912 = ADVANCED_FACE ( 'NONE', ( #1022 ), #1812, .T. ) ;
#913 = CIRCLE ( 'NONE', #422, 9.999999999999994671 ) ;
#914 = AXIS2_PLACEMENT_3D ( 'NONE', #1719, #587, #280 ) ;
#915 = CARTESIAN_POINT ( 'NONE',  ( 88.51915833333325168, 17.30039557924095561, 4.000000000000000000 ) ) ;
#916 = DIRECTION ( 'NONE',  ( 6.938893903907221278E-15, 1.000000000000000000, -0.000000000000000000 ) ) ;
#917 = ORIENTED_EDGE ( 'NONE', *, *, #324, .F. ) ;
#918 = EDGE_LOOP ( 'NONE', ( #364, #289, #242, #864 ) ) ;
#919 = DIRECTION ( 'NONE',  ( 0.000000000000000000, 0.000000000000000000, 1.000000000000000000 ) ) ;
#920 = ORIENTED_EDGE ( 'NONE', *, *, #720, .F. ) ;
#921 = CYLINDRICAL_SURFACE ( 'NONE', #874, 4.000000000000003553 ) ;
#922 = CARTESIAN_POINT ( 'NONE',  ( 88.51915833333256955, 113.3447313724947918, 9.999754284632563994 ) ) ;
#923 = CARTESIAN_POINT ( 'NONE',  ( 148.5191583333329959, -31.31122166698327547, 4.000000000000000000 ) ) ;
#924 = EDGE_LOOP ( 'NONE', ( #104, #1599, #53, #49 ) ) ;
#925 = EDGE_CURVE ( 'NONE', #523, #206, #1260, .T. ) ;
#926 = EDGE_LOOP ( 'NONE', ( #920, #1804, #1878, #990 ) ) ;
#927 = DIRECTION ( 'NONE',  ( -1.000000000000000000, 0.000000000000000000, 0.000000000000000000 ) ) ;
#928 = DATE_AND_TIME ( #797, #1333 ) ;
#929 = ORIENTED_EDGE ( 'NONE', *, *, #1128, .T. ) ;
#930 = CARTESIAN_POINT ( 'NONE',  ( -47.50682655186824377, -35.31122166698327902, 6.000000000000000000 ) ) ;
#931 = DIRECTION ( 'NONE',  ( -0.000000000000000000, -0.000000000000000000, -1.000000000000000000 ) ) ;
#932 = CARTESIAN_POINT ( 'NONE',  ( 166.9999999999999716, 0.000000000000000000, 4.000000000000000000 ) ) ;
#933 = LINE ( 'NONE', #1060, #785 ) ;
#934 = ORIENTED_EDGE ( 'NONE', *, *, #1848, .T. ) ;
#935 = AXIS2_PLACEMENT_3D ( 'NONE', #63, #393, #709 ) ;
#936 = VERTEX_POINT ( 'NONE', #1983 ) ;
#937 = FACE_OUTER_BOUND ( 'NONE', #827, .T. ) ;
#938 = EDGE_CURVE ( 'NONE', #12, #131, #544, .T. ) ;
#939 = SHAPE_DEFINITION_REPRESENTATION ( #1357, #828 ) ;
#940 = VERTEX_POINT ( 'NONE', #1047 ) ;
#941 = DIRECTION ( 'NONE',  ( -1.000000000000000000, -1.364029953115296624E-16, 0.000000000000000000 ) ) ;
#942 = DIRECTION ( 'NONE',  ( 0.000000000000000000, 0.000000000000000000, 1.000000000000000000 ) ) ;
#943 = CIRCLE ( 'NONE', #59, 9.999999999999994671 ) ;
#944 = AXIS2_PLACEMENT_3D ( 'NONE', #1348, #1640, #1676 ) ;
#945 = CARTESIAN_POINT ( 'NONE',  ( 88.51915833333325168, -31.31122166698327547, 6.000000000000000000 ) ) ;
#946 = AXIS2_PLACEMENT_3D ( 'NONE', #844, #678, #492 ) ;
#947 = DIRECTION ( 'NONE',  ( -1.000000000000000000, -1.364044408080838895E-16, -0.000000000000000000 ) ) ;
#948 = CIRCLE ( 'NONE', #1965, 22.55000000000004334 ) ;
#949 = ORIENTED_EDGE ( 'NONE', *, *, #938, .T. ) ;
#950 = LINE ( 'NONE', #1063, #1523 ) ;
#951 = EDGE_CURVE ( 'NONE', #1225, #1533, #881, .T. ) ;
#952 = ORIENTED_EDGE ( 'NONE', *, *, #1181, .F. ) ;
#953 = CARTESIAN_POINT ( 'NONE',  ( -38.21046764836631127, 116.2396040588398876, -6.393478416367835315 ) ) ;
#954 = CARTESIAN_POINT ( 'NONE',  ( -47.50682655186825798, 114.2987783330167417, 6.000000000000000000 ) ) ;
#955 = EDGE_CURVE ( 'NONE', #358, #282, #755, .T. ) ;
#956 = DIRECTION ( 'NONE',  ( -1.000000000000000000, 0.000000000000000000, 0.000000000000000000 ) ) ;
#957 = DIRECTION ( 'NONE',  ( -0.000000000000000000, -0.000000000000000000, -1.000000000000000000 ) ) ;
#958 = EDGE_LOOP ( 'NONE', ( #1062, #1918, #226, #1061, #1387, #329, #1272 ) ) ;
#959 = DIRECTION ( 'NONE',  ( 0.000000000000000000, 0.000000000000000000, 1.000000000000000000 ) ) ;
#960 = EDGE_LOOP ( 'NONE', ( #1075, #407 ) ) ;
#961 = DIRECTION ( 'NONE',  ( -0.000000000000000000, -0.000000000000000000, -1.000000000000000000 ) ) ;
#962 = DIRECTION ( 'NONE',  ( 1.000000000000000000, 0.000000000000000000, 0.000000000000000000 ) ) ;
#963 = EDGE_CURVE ( 'NONE', #614, #1684, #2008, .T. ) ;
#964 = DIRECTION ( 'NONE',  ( 0.000000000000000000, 0.000000000000000000, 1.000000000000000000 ) ) ;
#965 = CC_DESIGN_PERSON_AND_ORGANIZATION_ASSIGNMENT ( #788, #309, ( #1733 ) ) ;
#966 = ORIENTED_EDGE ( 'NONE', *, *, #264, .T. ) ;
#967 = DIRECTION ( 'NONE',  ( 0.000000000000000000, -1.000000000000000000, 0.000000000000000000 ) ) ;
#968 = ORIENTED_EDGE ( 'NONE', *, *, #720, .T. ) ;
#969 = CARTESIAN_POINT ( 'NONE',  ( -37.50682655186825798, 117.2987783330167417, 6.000000000000000000 ) ) ;
#970 = FACE_OUTER_BOUND ( 'NONE', #735, .T. ) ;
#971 = ORIENTED_EDGE ( 'NONE', *, *, #902, .T. ) ;
#972 = EDGE_CURVE ( 'NONE', #163, #443, #92, .T. ) ;
#973 = DIRECTION ( 'NONE',  ( -1.000000000000000000, 0.000000000000000000, 0.000000000000000000 ) ) ;
#974 = CARTESIAN_POINT ( 'NONE',  ( 150.0000000000000000, 0.000000000000000000, 10.00000000000000000 ) ) ;
#975 = CIRCLE ( 'NONE', #1760, 3.250000000000002665 ) ;
#976 = DIRECTION ( 'NONE',  ( -0.000000000000000000, -0.000000000000000000, -1.000000000000000000 ) ) ;
#977 = DIRECTION ( 'NONE',  ( -1.000000000000000000, 0.000000000000000000, 0.000000000000000000 ) ) ;
#978 = AXIS2_PLACEMENT_3D ( 'NONE', #1427, #19, #973 ) ;
#979 = VERTEX_POINT ( 'NONE', #88 ) ;
#980 = ORGANIZATION ( 'UNSPECIFIED', 'UNSPECIFIED', '' ) ;
#981 = LINE ( 'NONE', #860, #1985 ) ;
#982 = FACE_OUTER_BOUND ( 'NONE', #78, .T. ) ;
#983 = ORIENTED_EDGE ( 'NONE', *, *, #24, .T. ) ;
#984 = DIRECTION ( 'NONE',  ( 1.000000000000000000, 0.000000000000000000, 0.000000000000000000 ) ) ;
#985 = ORIENTED_EDGE ( 'NONE', *, *, #1817, .T. ) ;
#986 = CARTESIAN_POINT ( 'NONE',  ( -35.84997230237588184, 115.6435413297485724, 10.00000000000000000 ) ) ;
#987 = ORIENTED_EDGE ( 'NONE', *, *, #972, .F. ) ;
#988 = CARTESIAN_POINT ( 'NONE',  ( 172.5500000000000398, 0.000000000000000000, 4.000000000000000000 ) ) ;
#989 = ADVANCED_FACE ( 'NONE', ( #1802 ), #563, .F. ) ;
#990 = ORIENTED_EDGE ( 'NONE', *, *, #868, .F. ) ;
#991 = FACE_BOUND ( 'NONE', #689, .T. ) ;
#992 = DIRECTION ( 'NONE',  ( 0.000000000000000000, -1.000000000000000000, 0.000000000000000000 ) ) ;
#993 = VERTEX_POINT ( 'NONE', #399 ) ;
#994 = CARTESIAN_POINT ( 'NONE',  ( -43.63774983845943467, 113.8224714793814769, 10.00000000000000000 ) ) ;
#995 = ORIENTED_EDGE ( 'NONE', *, *, #1389, .F. ) ;
#996 = CARTESIAN_POINT ( 'NONE',  ( 150.0000000000000000, 0.000000000000000000, 10.00000000000000000 ) ) ;
#997 = CARTESIAN_POINT ( 'NONE',  ( 150.0000000000000000, 0.000000000000000000, 10.00000000000000000 ) ) ;
#998 = FACE_OUTER_BOUND ( 'NONE', #1810, .T. ) ;
#999 = ORIENTED_EDGE ( 'NONE', *, *, #1644, .T. ) ;
#1000 = EDGE_CURVE ( 'NONE', #51, #138, #1294, .T. ) ;
#1001 = DIRECTION ( 'NONE',  ( 0.000000000000000000, 0.000000000000000000, 1.000000000000000000 ) ) ;
#1002 = DIRECTION ( 'NONE',  ( 0.000000000000000000, 0.000000000000000000, 1.000000000000000000 ) ) ;
#1003 = TOROIDAL_SURFACE ( 'NONE', #114, 22.55000000000001492, 4.000000000000000000 ) ;
#1004 = ORIENTED_EDGE ( 'NONE', *, *, #1000, .F. ) ;
#1005 = ADVANCED_FACE ( 'NONE', ( #1511, #116, #1968, #1178, #408 ), #744, .F. ) ;
#1006 = FACE_OUTER_BOUND ( 'NONE', #1030, .T. ) ;
#1007 = EDGE_LOOP ( 'NONE', ( #1845, #1801, #878, #883 ) ) ;
#1008 = DIRECTION ( 'NONE',  ( -1.000000000000000000, -1.364044408080838895E-16, -0.000000000000000000 ) ) ;
#1009 = DIRECTION ( 'NONE',  ( -1.364029953115296624E-16, 1.000000000000000000, 0.000000000000000000 ) ) ;
#1010 = ORIENTED_EDGE ( 'NONE', *, *, #1330, .F. ) ;
#1011 = VERTEX_POINT ( 'NONE', #1820 ) ;
#1012 = LINE ( 'NONE', #1924, #148 ) ;
#1013 = CIRCLE ( 'NONE', #129, 3.249999999999999556 ) ;
#1014 = CARTESIAN_POINT ( 'NONE',  ( -47.50682655186825798, 79.14627833301673832, -32.44999999999999574 ) ) ;
#1015 = ORIENTED_EDGE ( 'NONE', *, *, #1979, .T. ) ;
#1016 = CARTESIAN_POINT ( 'NONE',  ( -47.30253095566263966, 114.2477044339655379, 7.288862668611321816 ) ) ;
#1017 = VERTEX_POINT ( 'NONE', #1997 ) ;
#1018 = EDGE_CURVE ( 'NONE', #1212, #713, #1827, .T. ) ;
#1019 = DIRECTION ( 'NONE',  ( 0.000000000000000000, 0.000000000000000000, 1.000000000000000000 ) ) ;
#1020 = CARTESIAN_POINT ( 'NONE',  ( 88.51915833333256955, 113.3447313724947918, 9.999754284632563994 ) ) ;
#1021 = ORIENTED_EDGE ( 'NONE', *, *, #1907, .F. ) ;
#1022 = FACE_OUTER_BOUND ( 'NONE', #918, .T. ) ;
#1023 = APPLICATION_PROTOCOL_DEFINITION ( 'international standard', 'config_control_design', 1994, #862 ) ;
#1024 = ORIENTED_EDGE ( 'NONE', *, *, #750, .T. ) ;
#1025 = CARTESIAN_POINT ( 'NONE',  ( -45.23739879939918040, 115.0293505805470318, 9.720098249192080431 ) ) ;
#1026 = EDGE_CURVE ( 'NONE', #1552, #756, #472, .T. ) ;
#1027 = LINE ( 'NONE', #1317, #1042 ) ;
#1028 = CARTESIAN_POINT ( 'NONE',  ( 85.09476572982609355, 113.4745655929808237, 9.996208032489766637 ) ) ;
#1029 = VERTEX_POINT ( 'NONE', #454 ) ;
#1030 = EDGE_LOOP ( 'NONE', ( #985, #430, #466, #1938 ) ) ;
#1031 = DIRECTION ( 'NONE',  ( 0.000000000000000000, 0.000000000000000000, 1.000000000000000000 ) ) ;
#1032 = CARTESIAN_POINT ( 'NONE',  ( 82.34049166666666508, 39.90355162252597410, 6.000000000000000000 ) ) ;
#1033 = ORIENTED_EDGE ( 'NONE', *, *, #9, .F. ) ;
#1034 = EDGE_CURVE ( 'NONE', #2005, #1641, #349, .T. ) ;
#1035 = CARTESIAN_POINT ( 'NONE',  ( -4.099999999999999645, 0.000000000000000000, 0.000000000000000000 ) ) ;
#1036 = DIRECTION ( 'NONE',  ( -1.000000000000000000, -1.364044408080838895E-16, -0.000000000000000000 ) ) ;
#1037 = EDGE_LOOP ( 'NONE', ( #570, #1329 ) ) ;
#1038 = CARTESIAN_POINT ( 'NONE',  ( -37.50682655186825798, 117.3003955792409556, 6.000000000000000000 ) ) ;
#1039 = CALENDAR_DATE ( 2026, 29, 4 ) ;
#1040 = AXIS2_PLACEMENT_3D ( 'NONE', #741, #1036, #1327 ) ;
#1041 = ORIENTED_EDGE ( 'NONE', *, *, #732, .F. ) ;
#1042 = VECTOR ( 'NONE', #888, 1000.000000000000000 ) ;
#1043 = AXIS2_PLACEMENT_3D ( 'NONE', #1572, #808, #491 ) ;
#1044 = CARTESIAN_POINT ( 'NONE',  ( -47.50682655186825798, 75.89627833301675253, -7.549999999999990941 ) ) ;
#1045 = CARTESIAN_POINT ( 'NONE',  ( 150.0000000000000000, 0.000000000000000000, 4.000000000000000000 ) ) ;
#1046 = ORIENTED_EDGE ( 'NONE', *, *, #73, .F. ) ;
#1047 = CARTESIAN_POINT ( 'NONE',  ( 133.0000000000000000, 2.081899558550500280E-15, 10.00000000000000000 ) ) ;
#1048 = EDGE_CURVE ( 'NONE', #770, #1474, #950, .T. ) ;
#1049 = FACE_OUTER_BOUND ( 'NONE', #109, .T. ) ;
#1050 = EDGE_LOOP ( 'NONE', ( #618, #1956, #1360, #1543 ) ) ;
#1051 = ADVANCED_FACE ( 'NONE', ( #1703 ), #298, .F. ) ;
#1052 = FACE_OUTER_BOUND ( 'NONE', #433, .T. ) ;
#1053 = CARTESIAN_POINT ( 'NONE',  ( -43.50682655186822956, 17.30039557924093785, 10.00000000000000000 ) ) ;
#1054 = ORIENTED_EDGE ( 'NONE', *, *, #1218, .T. ) ;
#1055 = DIRECTION ( 'NONE',  ( 1.000000000000000000, 1.096334072605612984E-16, -0.000000000000000000 ) ) ;
#1056 = ADVANCED_FACE ( 'NONE', ( #1534, #1737, #1687, #1093, #1106 ), #1400, .T. ) ;
#1057 = ORIENTED_EDGE ( 'NONE', *, *, #1582, .F. ) ;
#1058 = CARTESIAN_POINT ( 'NONE',  ( -37.50682655186823666, 82.39627833301673832, -32.44999999999999574 ) ) ;
#1059 = CARTESIAN_POINT ( 'NONE',  ( 82.34049166666666508, 39.90355162252597410, 0.000000000000000000 ) ) ;
#1060 = CARTESIAN_POINT ( 'NONE',  ( -4.099999999999999645, 0.000000000000000000, 10.00000000000000000 ) ) ;
#1061 = ORIENTED_EDGE ( 'NONE', *, *, #1806, .T. ) ;
#1062 = ORIENTED_EDGE ( 'NONE', *, *, #703, .F. ) ;
#1063 = CARTESIAN_POINT ( 'NONE',  ( 4.099999999999999645, 5.021051876504147385E-16, 10.00000000000000000 ) ) ;
#1064 = CALENDAR_DATE ( 2026, 29, 4 ) ;
#1065 = ORIENTED_EDGE ( 'NONE', *, *, #1238, .T. ) ;
#1066 = LINE ( 'NONE', #1796, #1785 ) ;
#1067 = DIRECTION ( 'NONE',  ( 1.000000000000000000, 0.000000000000000000, 0.000000000000000000 ) ) ;
#1068 = CIRCLE ( 'NONE', #185, 22.55000000000004334 ) ;
#1069 = CIRCLE ( 'NONE', #355, 4.000000000000000000 ) ;
#1070 = CIRCLE ( 'NONE', #1831, 8.099999999999999645 ) ;
#1071 = DIRECTION ( 'NONE',  ( 1.000000000000000000, 1.364044408080838895E-16, 0.000000000000000000 ) ) ;
#1072 = CARTESIAN_POINT ( 'NONE',  ( -37.50682655186823666, 75.89627833301673832, -32.44999999999999574 ) ) ;
#1073 = EDGE_CURVE ( 'NONE', #523, #1671, #1392, .T. ) ;
#1074 = VERTEX_POINT ( 'NONE', #286 ) ;
#1075 = ORIENTED_EDGE ( 'NONE', *, *, #1227, .F. ) ;
#1076 = DIRECTION ( 'NONE',  ( -0.000000000000000000, -0.000000000000000000, -1.000000000000000000 ) ) ;
#1077 = EDGE_LOOP ( 'NONE', ( #285, #1057 ) ) ;
#1078 = CARTESIAN_POINT ( 'NONE',  ( 0.000000000000000000, 0.000000000000000000, 0.000000000000000000 ) ) ;
#1079 = DIRECTION ( 'NONE',  ( 0.000000000000000000, 0.000000000000000000, -1.000000000000000000 ) ) ;
#1080 = B_SPLINE_CURVE_WITH_KNOTS ( 'NONE', 3,
 ( #1083, #1516, #1700, #11, #294, #1709 ),
 .UNSPECIFIED., .F., .F.,
 ( 4, 2, 4 ),
 ( 0.006644912875089781235, 0.007352941754075753220, 0.008060970633061725205 ),
 .UNSPECIFIED. ) ;
#1081 = EDGE_CURVE ( 'NONE', #769, #266, #1888, .T. ) ;
#1082 = CARTESIAN_POINT ( 'NONE',  ( -33.50682655186826508, 113.3003955792409556, 4.000000000000000000 ) ) ;
#1083 = CARTESIAN_POINT ( 'NONE',  ( -37.50682655186825798, 114.2987783330167417, -5.014309105175697390 ) ) ;
#1084 = EDGE_LOOP ( 'NONE', ( #1891, #1485, #237, #1314 ) ) ;
#1085 = FACE_OUTER_BOUND ( 'NONE', #223, .T. ) ;
#1086 = ORIENTED_EDGE ( 'NONE', *, *, #761, .T. ) ;
#1087 = CARTESIAN_POINT ( 'NONE',  ( -40.00224022655974210, 117.2577576508661963, -7.558528194007845258 ) ) ;
#1088 = FACE_OUTER_BOUND ( 'NONE', #1870, .T. ) ;
#1089 = DIRECTION ( 'NONE',  ( 1.000000000000000000, 0.000000000000000000, 0.000000000000000000 ) ) ;
#1090 = CARTESIAN_POINT ( 'NONE',  ( 88.51915833333325168, -31.31122166698327547, 0.000000000000000000 ) ) ;
#1091 = ADVANCED_FACE ( 'NONE', ( #1085 ), #1721, .T. ) ;
#1092 = ORIENTED_EDGE ( 'NONE', *, *, #1415, .T. ) ;
#1093 = FACE_OUTER_BOUND ( 'NONE', #1305, .T. ) ;
#1094 = AXIS2_PLACEMENT_3D ( 'NONE', #534, #1158, #383 ) ;
#1095 = CALENDAR_DATE ( 2026, 29, 4 ) ;
#1096 = EDGE_LOOP ( 'NONE', ( #1004, #480, #1819, #2001 ) ) ;
#1097 = DIRECTION ( 'NONE',  ( 1.000000000000000000, 0.000000000000000000, 0.000000000000000000 ) ) ;
#1098 = ADVANCED_FACE ( 'NONE', ( #481 ), #2031, .F. ) ;
#1099 = CARTESIAN_POINT ( 'NONE',  ( 85.79382499999999823, 99.65776232622010866, 10.00000000000000000 ) ) ;
#1100 = CARTESIAN_POINT ( 'NONE',  ( -44.55381813280266812, 113.5605262282497279, 9.895890688656097112 ) ) ;
#1101 = AXIS2_PLACEMENT_3D ( 'NONE', #121, #1406, #1550 ) ;
#1102 = DIRECTION ( 'NONE',  ( 1.000000000000000000, 0.000000000000000000, 0.000000000000000000 ) ) ;
#1103 = TOROIDAL_SURFACE ( 'NONE', #574, 35.99999999999999289, 4.000000000000000000 ) ;
#1104 = CIRCLE ( 'NONE', #1560, 16.99999999999998579 ) ;
#1105 = ORIENTED_EDGE ( 'NONE', *, *, #1251, .T. ) ;
#1106 = FACE_BOUND ( 'NONE', #165, .T. ) ;
#1107 = ORIENTED_EDGE ( 'NONE', *, *, #891, .T. ) ;
#1108 = ADVANCED_FACE ( 'NONE', ( #308 ), #1253, .F. ) ;
#1109 = DIRECTION ( 'NONE',  ( 0.000000000000000000, 0.000000000000000000, 1.000000000000000000 ) ) ;
#1110 = DIRECTION ( 'NONE',  ( 0.000000000000000000, 0.000000000000000000, 1.000000000000000000 ) ) ;
#1111 = CARTESIAN_POINT ( 'NONE',  ( 85.79382499999999823, 99.65776232622010866, 10.00000000000000000 ) ) ;
#1112 = DIRECTION ( 'NONE',  ( 0.000000000000000000, -1.000000000000000000, 0.000000000000000000 ) ) ;
#1113 = CARTESIAN_POINT ( 'NONE',  ( -43.50682655186823666, -31.31122166698327547, 10.00000000000000000 ) ) ;
#1114 = CARTESIAN_POINT ( 'NONE',  ( -37.50682655186825798, 117.2987783330167417, 2.796557670533839968 ) ) ;
#1115 = VERTEX_POINT ( 'NONE', #1847 ) ;
#1116 = CARTESIAN_POINT ( 'NONE',  ( 85.79382499999999823, 99.65776232622010866, 10.00000000000000000 ) ) ;
#1117 = EDGE_CURVE ( 'NONE', #136, #1555, #171, .T. ) ;
#1118 = DIRECTION ( 'NONE',  ( -1.000000000000000000, 0.000000000000000000, -0.000000000000000000 ) ) ;
#1119 = ORIENTED_EDGE ( 'NONE', *, *, #1130, .T. ) ;
#1120 = DIRECTION ( 'NONE',  ( 0.000000000000000000, 0.000000000000000000, -1.000000000000000000 ) ) ;
#1121 = DIRECTION ( 'NONE',  ( 0.000000000000000000, -1.000000000000000000, 0.000000000000000000 ) ) ;
#1122 = DIRECTION ( 'NONE',  ( 0.000000000000000000, 0.000000000000000000, 1.000000000000000000 ) ) ;
#1123 = DIRECTION ( 'NONE',  ( 1.000000000000000000, 0.000000000000000000, 0.000000000000000000 ) ) ;
#1124 = EDGE_LOOP ( 'NONE', ( #1350, #1686, #1518, #753 ) ) ;
#1125 = CARTESIAN_POINT ( 'NONE',  ( 88.51915833333325168, 17.30039557924095561, 10.00000000000000000 ) ) ;
#1126 = CARTESIAN_POINT ( 'NONE',  ( 82.34049166666666508, 39.90355162252597410, 6.000000000000000000 ) ) ;
#1127 = ORIENTED_EDGE ( 'NONE', *, *, #331, .F. ) ;
#1128 = EDGE_CURVE ( 'NONE', #541, #559, #6, .T. ) ;
#1129 = FACE_OUTER_BOUND ( 'NONE', #1311, .T. ) ;
#1130 = EDGE_CURVE ( 'NONE', #979, #1691, #250, .T. ) ;
#1131 = DIRECTION ( 'NONE',  ( -1.000000000000000000, -1.364044408080838895E-16, -0.000000000000000000 ) ) ;
#1132 = AXIS2_PLACEMENT_3D ( 'NONE', #1669, #128, #714 ) ;
#1133 = DIRECTION ( 'NONE',  ( -0.000000000000000000, -1.000000000000000000, -0.000000000000000000 ) ) ;
#1134 = CARTESIAN_POINT ( 'NONE',  ( 88.51915833333254113, 117.3003955792409556, 4.000000000000000000 ) ) ;
#1135 = AXIS2_PLACEMENT_3D ( 'NONE', #602, #1554, #625 ) ;
#1136 = CIRCLE ( 'NONE', #62, 4.000000000000000000 ) ;
#1137 = EDGE_LOOP ( 'NONE', ( #861, #1715, #1033, #1046 ) ) ;
#1138 = DIRECTION ( 'NONE',  ( 0.000000000000000000, 0.000000000000000000, 1.000000000000000000 ) ) ;
#1139 = CIRCLE ( 'NONE', #255, 39.99999999999997868 ) ;
#1140 = FACE_OUTER_BOUND ( 'NONE', #1477, .T. ) ;
#1141 = VERTEX_POINT ( 'NONE', #1244 ) ;
#1142 = FACE_OUTER_BOUND ( 'NONE', #926, .T. ) ;
#1143 = CARTESIAN_POINT ( 'NONE',  ( 184.5191583333332801, 4.688778333016715649, 4.000000000000000000 ) ) ;
#1144 = ADVANCED_FACE ( 'NONE', ( #937 ), #2017, .F. ) ;
#1145 = ORIENTED_EDGE ( 'NONE', *, *, #1230, .F. ) ;
#1146 = DIRECTION ( 'NONE',  ( 0.000000000000000000, 0.000000000000000000, 1.000000000000000000 ) ) ;
#1147 = CC_DESIGN_PERSON_AND_ORGANIZATION_ASSIGNMENT ( #772, #592, ( #817 ) ) ;
#1148 = ORIENTED_EDGE ( 'NONE', *, *, #868, .T. ) ;
#1149 = DIRECTION ( 'NONE',  ( -1.000000000000000000, -1.364044408080838895E-16, 0.000000000000000000 ) ) ;
#1150 = CARTESIAN_POINT ( 'NONE',  ( 85.79382499999999823, 99.65776232622010866, 6.000000000000000000 ) ) ;
#1151 = ORIENTED_EDGE ( 'NONE', *, *, #1081, .F. ) ;
#1152 = CARTESIAN_POINT ( 'NONE',  ( -44.40565951594227556, 116.8941101893124852, 7.772604790309788569 ) ) ;
#1153 = ORIENTED_EDGE ( 'NONE', *, *, #1661, .T. ) ;
#1154 = CARTESIAN_POINT ( 'NONE',  ( -44.50682655186825798, 117.2987783330167417, 6.000000000000000000 ) ) ;
#1155 = CARTESIAN_POINT ( 'NONE',  ( -37.50682655186825798, 117.2998538310965415, 2.840429654279443383 ) ) ;
#1156 = EDGE_CURVE ( 'NONE', #1868, #1584, #1451, .T. ) ;
#1157 = ORIENTED_EDGE ( 'NONE', *, *, #1370, .F. ) ;
#1158 = DIRECTION ( 'NONE',  ( -0.000000000000000000, -0.000000000000000000, -1.000000000000000000 ) ) ;
#1159 = ORIENTED_EDGE ( 'NONE', *, *, #1266, .F. ) ;
#1160 = CARTESIAN_POINT ( 'NONE',  ( -47.50682655186825798, 114.2987783330003992, 6.261802326635522498 ) ) ;
#1161 = CARTESIAN_POINT ( 'NONE',  ( 188.5191583333333085, 2.841278333016753699, -32.44999999999998153 ) ) ;
#1162 = AXIS2_PLACEMENT_3D ( 'NONE', #1304, #28, #209 ) ;
#1163 = TOROIDAL_SURFACE ( 'NONE', #1993, 22.55000000000001492, 4.000000000000000000 ) ;
#1164 = AXIS2_PLACEMENT_3D ( 'NONE', #1331, #571, #590 ) ;
#1165 = ORIENTED_EDGE ( 'NONE', *, *, #1865, .F. ) ;
#1166 = CARTESIAN_POINT ( 'NONE',  ( -37.50682655186823666, -31.31122166698327547, -46.00000000000000000 ) ) ;
#1167 = CIRCLE ( 'NONE', #390, 4.000000000000000000 ) ;
#1168 = AXIS2_PLACEMENT_3D ( 'NONE', #1143, #1920, #677 ) ;
#1169 = EDGE_CURVE ( 'NONE', #1141, #1115, #1309, .T. ) ;
#1170 = DIRECTION ( 'NONE',  ( 0.000000000000000000, 0.000000000000000000, 1.000000000000000000 ) ) ;
#1171 = ORIENTED_EDGE ( 'NONE', *, *, #1542, .F. ) ;
#1172 = VECTOR ( 'NONE', #1882, 1000.000000000000000 ) ;
#1173 = EDGE_CURVE ( 'NONE', #206, #536, #1943, .T. ) ;
#1174 = DIRECTION ( 'NONE',  ( 0.000000000000000000, -1.000000000000000000, 0.000000000000000000 ) ) ;
#1175 = FACE_OUTER_BOUND ( 'NONE', #1769, .T. ) ;
#1176 = CARTESIAN_POINT ( 'NONE',  ( 83.87252903622517408, 113.4133899749640335, 9.998431236132766742 ) ) ;
#1177 = ORIENTED_EDGE ( 'NONE', *, *, #145, .T. ) ;
#1178 = FACE_BOUND ( 'NONE', #1720, .T. ) ;
#1179 = PERSON_AND_ORGANIZATION ( #276, #980 ) ;
#1180 = ORIENTED_EDGE ( 'NONE', *, *, #1873, .T. ) ;
#1181 = EDGE_CURVE ( 'NONE', #783, #890, #1298, .T. ) ;
#1182 = DIRECTION ( 'NONE',  ( 6.938893903907228378E-15, 1.000000000000000000, 0.000000000000000000 ) ) ;
#1183 = LINE ( 'NONE', #705, #1961 ) ;
#1184 = ORIENTED_EDGE ( 'NONE', *, *, #65, .F. ) ;
#1185 = DIRECTION ( 'NONE',  ( 0.000000000000000000, 0.000000000000000000, 1.000000000000000000 ) ) ;
#1186 = COORDINATED_UNIVERSAL_TIME_OFFSET ( 8, 0, .BEHIND. ) ;
#1187 = VERTEX_POINT ( 'NONE', #179 ) ;
#1188 = AXIS2_PLACEMENT_3D ( 'NONE', #836, #1138, #1303 ) ;
#1189 = ADVANCED_FACE ( 'NONE', ( #1473 ), #196, .F. ) ;
#1190 = DIRECTION ( 'NONE',  ( 1.000000000000000000, 0.000000000000000000, 0.000000000000000000 ) ) ;
#1191 = DIRECTION ( 'NONE',  ( 0.000000000000000000, 0.000000000000000000, 1.000000000000000000 ) ) ;
#1192 = ADVANCED_FACE ( 'NONE', ( #1627 ), #1463, .T. ) ;
#1193 = ORIENTED_EDGE ( 'NONE', *, *, #880, .T. ) ;
#1194 = CARTESIAN_POINT ( 'NONE',  ( 88.51915833333254113, 113.3003955792409556, 6.000000000000000000 ) ) ;
#1195 = AXIS2_PLACEMENT_3D ( 'NONE', #1564, #1544, #1388 ) ;
#1196 = DIRECTION ( 'NONE',  ( 1.000000000000000000, 0.000000000000000000, 0.000000000000000000 ) ) ;
#1197 = ORIENTED_EDGE ( 'NONE', *, *, #1916, .F. ) ;
#1198 = CIRCLE ( 'NONE', #1162, 3.250000000000002665 ) ;
#1199 = VECTOR ( 'NONE', #1973, 1000.000000000000000 ) ;
#1200 = AXIS2_PLACEMENT_3D ( 'NONE', #153, #919, #328 ) ;
#1201 = AXIS2_PLACEMENT_3D ( 'NONE', #923, #1377, #1221 ) ;
#1202 = CARTESIAN_POINT ( 'NONE',  ( 99.79382499999999823, 99.65776232622010866, 6.000000000000000000 ) ) ;
#1203 = CYLINDRICAL_SURFACE ( 'NONE', #188, 9.999999999999994671 ) ;
#1204 = EDGE_CURVE ( 'NONE', #1691, #201, #1607, .T. ) ;
#1205 = ORIENTED_EDGE ( 'NONE', *, *, #1726, .F. ) ;
#1206 = DIRECTION ( 'NONE',  ( 0.000000000000000000, 0.000000000000000000, -1.000000000000000000 ) ) ;
#1207 = EDGE_CURVE ( 'NONE', #1704, #2015, #1685, .T. ) ;
#1208 = VERTEX_POINT ( 'NONE', #1134 ) ;
#1209 = DIRECTION ( 'NONE',  ( 0.000000000000000000, -1.000000000000000000, 0.000000000000000000 ) ) ;
#1210 = DIRECTION ( 'NONE',  ( 1.000000000000000000, 0.000000000000000000, 0.000000000000000000 ) ) ;
#1211 = CARTESIAN_POINT ( 'NONE',  ( -37.50682655186825798, 117.3003955792409556, 6.000000000000000000 ) ) ;
#1212 = VERTEX_POINT ( 'NONE', #337 ) ;
#1213 = ORIENTED_EDGE ( 'NONE', *, *, #891, .F. ) ;
#1214 = DIRECTION ( 'NONE',  ( 1.000000000000000000, 1.364044408080838895E-16, 0.000000000000000000 ) ) ;
#1215 = ORIENTED_EDGE ( 'NONE', *, *, #2020, .F. ) ;
#1216 = DIRECTION ( 'NONE',  ( 0.000000000000000000, 0.000000000000000000, -1.000000000000000000 ) ) ;
#1217 = DIRECTION ( 'NONE',  ( 1.000000000000000000, 0.000000000000000000, 0.000000000000000000 ) ) ;
#1218 = EDGE_CURVE ( 'NONE', #398, #1011, #943, .T. ) ;
#1219 = AXIS2_PLACEMENT_3D ( 'NONE', #119, #1109, #26 ) ;
#1220 = CARTESIAN_POINT ( 'NONE',  ( 88.94085996430601426, 113.2994693650563818, 10.00000000000000000 ) ) ;
#1221 = DIRECTION ( 'NONE',  ( 0.000000000000000000, 0.000000000000000000, 1.000000000000000000 ) ) ;
#1222 = VERTEX_POINT ( 'NONE', #697 ) ;
#1223 = DIRECTION ( 'NONE',  ( 0.000000000000000000, -1.000000000000000000, 0.000000000000000000 ) ) ;
#1224 = VECTOR ( 'NONE', #967, 1000.000000000000000 ) ;
#1225 = VERTEX_POINT ( 'NONE', #1934 ) ;
#1226 = AXIS2_PLACEMENT_3D ( 'NONE', #263, #898, #235 ) ;
#1227 = EDGE_CURVE ( 'NONE', #1443, #614, #1519, .T. ) ;
#1228 = CARTESIAN_POINT ( 'NONE',  ( 148.5191583333332801, 4.688778333016715649, 6.000000000000000000 ) ) ;
#1229 = CLOSED_SHELL ( 'NONE', ( #257, #1319, #1957, #1988, #1528, #989, #641, #1280, #1381, #1595, #855, #1051, #777, #791, #1056, #1310, #810, #1005, #207, #1344, #1, #86, #44, #1098, #461, #826, #532, #742, #1698, #1144, #120, #1189, #110, #1761, #1091, #296, #60, #542, #1953, #1570, #912, #1655, #425, #729, #1353, #1192, #595, #281, #1710, #1944, #877, #603, #671, #1341, #591, #557 ) ) ;
#1230 = EDGE_CURVE ( 'NONE', #1789, #1252, #599, .T. ) ;
#1231 = VECTOR ( 'NONE', #3, 1000.000000000000000 ) ;
#1232 = DIRECTION ( 'NONE',  ( -1.000000000000000000, 0.000000000000000000, -0.000000000000000000 ) ) ;
#1233 = EDGE_LOOP ( 'NONE', ( #1479, #1157 ) ) ;
#1234 = DIRECTION ( 'NONE',  ( -0.000000000000000000, -0.000000000000000000, -1.000000000000000000 ) ) ;
#1235 = ORIENTED_EDGE ( 'NONE', *, *, #344, .T. ) ;
#1236 = CARTESIAN_POINT ( 'NONE',  ( -38.48867512006332703, 116.5274850230083814, -6.613750799946629400 ) ) ;
#1237 = LINE ( 'NONE', #1384, #787 ) ;
#1238 = EDGE_CURVE ( 'NONE', #1011, #398, #1795, .T. ) ;
#1239 = MANIFOLD_SOLID_BREP ( 'Boss-Extrude3', #1624 ) ;
#1240 = CARTESIAN_POINT ( 'NONE',  ( -33.50682655186826508, 113.2987783330167417, 10.00000000000000000 ) ) ;
#1241 = LINE ( 'NONE', #1551, #1394 ) ;
#1242 = VERTEX_POINT ( 'NONE', #645 ) ;
#1243 = ORIENTED_EDGE ( 'NONE', *, *, #1156, .F. ) ;
#1244 = CARTESIAN_POINT ( 'NONE',  ( 188.5191583333332801, 17.30039557924024862, 6.000000000000000000 ) ) ;
#1245 = DATE_TIME_ROLE ( 'creation_date' ) ;
#1246 = ORIENTED_EDGE ( 'NONE', *, *, #1972, .T. ) ;
#1247 = CARTESIAN_POINT ( 'NONE',  ( -40.25986232276034826, 117.2890583144600498, -7.686139337745327538 ) ) ;
#1248 = DIRECTION ( 'NONE',  ( 1.000000000000000000, 0.000000000000000000, 0.000000000000000000 ) ) ;
#1249 = CARTESIAN_POINT ( 'NONE',  ( 82.34049166666666508, 39.90355162252597410, 10.00000000000000000 ) ) ;
#1250 = DIRECTION ( 'NONE',  ( -1.000000000000000000, -1.364044408080838895E-16, -0.000000000000000000 ) ) ;
#1251 = EDGE_CURVE ( 'NONE', #1566, #172, #1424, .T. ) ;
#1252 = VERTEX_POINT ( 'NONE', #1114 ) ;
#1253 = CYLINDRICAL_SURFACE ( 'NONE', #1200, 16.99999999999998579 ) ;
#1254 = ORIENTED_EDGE ( 'NONE', *, *, #1672, .F. ) ;
#1255 = FACE_OUTER_BOUND ( 'NONE', #271, .T. ) ;
#1256 = CARTESIAN_POINT ( 'NONE',  ( 150.0000000000000000, 0.000000000000000000, 4.000000000000000000 ) ) ;
#1257 = B_SPLINE_CURVE_WITH_KNOTS ( 'NONE', 3,
 ( #1020, #1654, #553, #1028, #268, #1176, #1637, #1346, #94, #1836 ),
 .UNSPECIFIED., .F., .F.,
 ( 4, 2, 2, 2, 4 ),
 ( 1.998555475913005558E-07, 0.002934533039521909636, 0.004401699631509068365, 0.005135282927502667245, 0.005868866223496266993 ),
 .UNSPECIFIED. ) ;
#1258 = TOROIDAL_SURFACE ( 'NONE', #182, 13.99999999999999467, 4.000000000000000000 ) ;
#1259 = AXIS2_PLACEMENT_3D ( 'NONE', #997, #1615, #530 ) ;
#1260 = CIRCLE ( 'NONE', #944, 4.000000000000000000 ) ;
#1261 = DIRECTION ( 'NONE',  ( -0.000000000000000000, -0.000000000000000000, -1.000000000000000000 ) ) ;
#1262 = FACE_OUTER_BOUND ( 'NONE', #1856, .T. ) ;
#1263 = FACE_OUTER_BOUND ( 'NONE', #1841, .T. ) ;
#1264 = CARTESIAN_POINT ( 'NONE',  ( 88.51915833333325168, 17.30039557924095561, 10.00000000000000000 ) ) ;
#1265 = AXIS2_PLACEMENT_3D ( 'NONE', #1404, #468, #1248 ) ;
#1266 = EDGE_CURVE ( 'NONE', #979, #1382, #1583, .T. ) ;
#1267 = ORIENTED_EDGE ( 'NONE', *, *, #1293, .T. ) ;
#1268 = CARTESIAN_POINT ( 'NONE',  ( -40.50682655186826508, 117.2987783330167417, -7.632243957788677591 ) ) ;
#1269 = DIRECTION ( 'NONE',  ( 1.000000000000000000, 0.000000000000000000, 0.000000000000000000 ) ) ;
#1270 = CARTESIAN_POINT ( 'NONE',  ( 148.5191583333332801, 4.688778333016715649, 4.000000000000000000 ) ) ;
#1271 = DIRECTION ( 'NONE',  ( -0.000000000000000000, -1.000000000000000000, -0.000000000000000000 ) ) ;
#1272 = ORIENTED_EDGE ( 'NONE', *, *, #1173, .T. ) ;
#1273 = DIRECTION ( 'NONE',  ( -0.000000000000000000, 0.000000000000000000, 1.000000000000000000 ) ) ;
#1274 = EDGE_CURVE ( 'NONE', #180, #1465, #1697, .T. ) ;
#1275 = ORIENTED_EDGE ( 'NONE', *, *, #1505, .F. ) ;
#1276 = CYLINDRICAL_SURFACE ( 'NONE', #1889, 9.999999999999994671 ) ;
#1277 = EDGE_CURVE ( 'NONE', #12, #1141, #1903, .T. ) ;
#1278 = CARTESIAN_POINT ( 'NONE',  ( 184.5191583333332801, 17.30039557924024862, 0.000000000000000000 ) ) ;
#1279 = ORIENTED_EDGE ( 'NONE', *, *, #1969, .F. ) ;
#1280 = ADVANCED_FACE ( 'NONE', ( #998 ), #1616, .F. ) ;
#1281 = DIRECTION ( 'NONE',  ( 0.000000000000000000, 0.000000000000000000, -1.000000000000000000 ) ) ;
#1282 = EDGE_LOOP ( 'NONE', ( #773, #726, #1335, #1829 ) ) ;
#1283 = CARTESIAN_POINT ( 'NONE',  ( 172.5500000000000398, 0.000000000000000000, 10.00000000000000000 ) ) ;
#1284 = CARTESIAN_POINT ( 'NONE',  ( 150.0000000000000000, 0.000000000000000000, 4.000000000000000000 ) ) ;
#1285 = DIRECTION ( 'NONE',  ( -0.000000000000000000, -0.000000000000000000, -1.000000000000000000 ) ) ;
#1286 = ORIENTED_EDGE ( 'NONE', *, *, #1941, .T. ) ;
#1287 = CARTESIAN_POINT ( 'NONE',  ( -47.50682655186825798, 117.2987783330167417, 10.00000000000000000 ) ) ;
#1288 = DIRECTION ( 'NONE',  ( 0.000000000000000000, 1.000000000000000000, 0.000000000000000000 ) ) ;
#1289 = ORIENTED_EDGE ( 'NONE', *, *, #1207, .T. ) ;
#1290 = EDGE_CURVE ( 'NONE', #783, #1252, #1509, .T. ) ;
#1291 = DIRECTION ( 'NONE',  ( 1.000000000000000000, 0.000000000000000000, 0.000000000000000000 ) ) ;
#1292 = CARTESIAN_POINT ( 'NONE',  ( -43.50682655186824377, -5.934509892176342092E-15, 6.000000000000000000 ) ) ;
#1293 = EDGE_CURVE ( 'NONE', #536, #1552, #418, .T. ) ;
#1294 = CIRCLE ( 'NONE', #680, 4.000000000000000000 ) ;
#1295 = MANIFOLD_SOLID_BREP ( 'Fillet6', #1229 ) ;
#1296 = CIRCLE ( 'NONE', #220, 3.250000000000002665 ) ;
#1297 = CARTESIAN_POINT ( 'NONE',  ( -47.50682655186825798, 79.14627833301675253, -7.549999999999990941 ) ) ;
#1298 = LINE ( 'NONE', #679, #347 ) ;
#1299 = VECTOR ( 'NONE', #1775, 1000.000000000000000 ) ;
#1300 = CIRCLE ( 'NONE', #575, 3.000000000000002665 ) ;
#1301 = ORIENTED_EDGE ( 'NONE', *, *, #1790, .T. ) ;
#1302 = AXIS2_PLACEMENT_3D ( 'NONE', #1970, #400, #558 ) ;
#1303 = DIRECTION ( 'NONE',  ( 1.000000000000000000, 0.000000000000000000, 0.000000000000000000 ) ) ;
#1304 = CARTESIAN_POINT ( 'NONE',  ( -47.50682655186825798, 79.14627833301673832, -32.44999999999999574 ) ) ;
#1305 = EDGE_LOOP ( 'NONE', ( #100, #698, #929, #527 ) ) ;
#1306 = EDGE_CURVE ( 'NONE', #131, #1242, #1257, .T. ) ;
#1307 = CARTESIAN_POINT ( 'NONE',  ( -44.16765330759117347, 115.9420853559087163, 9.013547226600406859 ) ) ;
#1308 = PLANE ( 'NONE',  #2032 ) ;
#1309 = LINE ( 'NONE', #68, #1224 ) ;
#1310 = ADVANCED_FACE ( 'NONE', ( #1799 ), #905, .F. ) ;
#1311 = EDGE_LOOP ( 'NONE', ( #1215, #1379, #1439, #1127 ) ) ;
#1312 = FACE_BOUND ( 'NONE', #533, .T. ) ;
#1313 = CARTESIAN_POINT ( 'NONE',  ( 150.0000000000000000, 0.000000000000000000, 6.000000000000000000 ) ) ;
#1314 = ORIENTED_EDGE ( 'NONE', *, *, #1707, .F. ) ;
#1315 = CARTESIAN_POINT ( 'NONE',  ( -46.68725707271825343, 114.0938859632289706, 8.439959139830014223 ) ) ;
#1316 = EDGE_LOOP ( 'NONE', ( #219, #812, #1811, #795 ) ) ;
#1317 = CARTESIAN_POINT ( 'NONE',  ( -33.50682655186825087, 17.30039557924093785, 0.000000000000000000 ) ) ;
#1318 = FACE_OUTER_BOUND ( 'NONE', #958, .T. ) ;
#1319 = ADVANCED_FACE ( 'NONE', ( #1354 ), #1495, .T. ) ;
#1320 = VERTEX_POINT ( 'NONE', #1809 ) ;
#1321 = CARTESIAN_POINT ( 'NONE',  ( -33.50682655186826508, 117.2987783330167417, 10.00000000000000000 ) ) ;
#1322 = EDGE_CURVE ( 'NONE', #1465, #81, #866, .T. ) ;
#1323 = ORIENTED_EDGE ( 'NONE', *, *, #175, .F. ) ;
#1324 = CYLINDRICAL_SURFACE ( 'NONE', #1396, 4.000000000000000000 ) ;
#1325 = ORIENTED_EDGE ( 'NONE', *, *, #629, .F. ) ;
#1326 = PLANE ( 'NONE',  #1589 ) ;
#1327 = DIRECTION ( 'NONE',  ( 0.000000000000000000, -1.000000000000000000, 0.000000000000000000 ) ) ;
#1328 = VECTOR ( 'NONE', #240, 1000.000000000000000 ) ;
#1329 = ORIENTED_EDGE ( 'NONE', *, *, #1672, .T. ) ;
#1330 = EDGE_CURVE ( 'NONE', #2015, #1704, #721, .T. ) ;
#1331 = CARTESIAN_POINT ( 'NONE',  ( 172.5500000000000114, 0.000000000000000000, 6.000000000000000000 ) ) ;
#1332 = VECTOR ( 'NONE', #597, 1000.000000000000000 ) ;
#1333 = LOCAL_TIME ( 6, 24, 6.000000000000000000, #299 ) ;
#1334 = COORDINATED_UNIVERSAL_TIME_OFFSET ( 8, 0, .BEHIND. ) ;
#1335 = ORIENTED_EDGE ( 'NONE', *, *, #1839, .F. ) ;
#1336 = AXIS2_PLACEMENT_3D ( 'NONE', #758, #942, #962 ) ;
#1337 = LINE ( 'NONE', #1490, #1199 ) ;
#1338 = CARTESIAN_POINT ( 'NONE',  ( -44.50682655186825798, 114.2987783330167417, 0.000000000000000000 ) ) ;
#1339 = ORIENTED_EDGE ( 'NONE', *, *, #1444, .F. ) ;
#1340 = DIRECTION ( 'NONE',  ( -1.000000000000000000, -1.364044408080838895E-16, -0.000000000000000000 ) ) ;
#1341 = ADVANCED_FACE ( 'NONE', ( #725 ), #1482, .T. ) ;
#1342 = ORIENTED_EDGE ( 'NONE', *, *, #1738, .T. ) ;
#1343 = EDGE_CURVE ( 'NONE', #297, #541, #1183, .T. ) ;
#1344 = ADVANCED_FACE ( 'NONE', ( #1318 ), #711, .F. ) ;
#1345 = CARTESIAN_POINT ( 'NONE',  ( 127.4499999999999460, 2.761578532077285006E-15, 10.00000000000000000 ) ) ;
#1346 = CARTESIAN_POINT ( 'NONE',  ( 83.13935657527754586, 113.3527074994087371, 9.999714690986550636 ) ) ;
#1347 = ORIENTED_EDGE ( 'NONE', *, *, #360, .F. ) ;
#1348 = CARTESIAN_POINT ( 'NONE',  ( -33.50682655186824377, -31.31122166698327547, 4.000000000000000000 ) ) ;
#1349 = APPLICATION_PROTOCOL_DEFINITION ( 'international standard', 'config_control_design', 1994, #1484 ) ;
#1350 = ORIENTED_EDGE ( 'NONE', *, *, #1713, .F. ) ;
#1351 = EDGE_CURVE ( 'NONE', #51, #1017, #1070, .T. ) ;
#1352 = DIRECTION ( 'NONE',  ( -0.000000000000000000, -0.000000000000000000, -1.000000000000000000 ) ) ;
#1353 = ADVANCED_FACE ( 'NONE', ( #1502 ), #1103, .T. ) ;
#1354 = FACE_OUTER_BOUND ( 'NONE', #1137, .T. ) ;
#1355 = ORIENTED_EDGE ( 'NONE', *, *, #1608, .F. ) ;
#1356 = CARTESIAN_POINT ( 'NONE',  ( 88.51915833333325168, 17.30039557924095561, 0.000000000000000000 ) ) ;
#1357 = PRODUCT_DEFINITION_SHAPE ( 'NONE', 'NONE',  #89 ) ;
#1358 = AXIS2_PLACEMENT_3D ( 'NONE', #1059, #1365, #1843 ) ;
#1359 = AXIS2_PLACEMENT_3D ( 'NONE', #1879, #465, #959 ) ;
#1360 = ORIENTED_EDGE ( 'NONE', *, *, #1680, .F. ) ;
#1361 = VECTOR ( 'NONE', #1917, 1000.000000000000000 ) ;
#1362 = CARTESIAN_POINT ( 'NONE',  ( -46.52037377846892241, 114.0521651396669114, 8.643307022891715263 ) ) ;
#1363 = TOROIDAL_SURFACE ( 'NONE', #455, 8.000000000000000000, 4.000000000000000000 ) ;
#1364 = VECTOR ( 'NONE', #140, 1000.000000000000000 ) ;
#1365 = DIRECTION ( 'NONE',  ( -0.000000000000000000, 0.000000000000000000, 1.000000000000000000 ) ) ;
#1366 = CARTESIAN_POINT ( 'NONE',  ( 88.51915833333254113, 117.3003955792409556, 10.00000000000000000 ) ) ;
#1367 = ORIENTED_EDGE ( 'NONE', *, *, #324, .T. ) ;
#1368 = EDGE_LOOP ( 'NONE', ( #1151, #816, #1652, #234 ) ) ;
#1369 = DIRECTION ( 'NONE',  ( -0.000000000000000000, -0.000000000000000000, -1.000000000000000000 ) ) ;
#1370 = EDGE_CURVE ( 'NONE', #769, #1868, #948, .T. ) ;
#1371 = B_SPLINE_CURVE_WITH_KNOTS ( 'NONE', 3,
 ( #1220, #1699, #293, #922 ),
 .UNSPECIFIED., .F., .F.,
 ( 4, 4 ),
 ( -2.693705477866545963E-05, 0.0003960873093961838481 ),
 .UNSPECIFIED. ) ;
#1372 = VECTOR ( 'NONE', #654, 1000.000000000000000 ) ;
#1373 = ORIENTED_EDGE ( 'NONE', *, *, #582, .T. ) ;
#1374 = CARTESIAN_POINT ( 'NONE',  ( -44.45575265281681254, 117.0944827368112868, 7.288862668610939899 ) ) ;
#1375 = DIRECTION ( 'NONE',  ( 0.000000000000000000, 0.000000000000000000, 1.000000000000000000 ) ) ;
#1376 = DIRECTION ( 'NONE',  ( -0.000000000000000000, 0.000000000000000000, 1.000000000000000000 ) ) ;
#1377 = DIRECTION ( 'NONE',  ( -1.000000000000000000, -0.000000000000000000, -0.000000000000000000 ) ) ;
#1378 = EDGE_LOOP ( 'NONE', ( #1633, #669, #1536, #505 ) ) ;
#1379 = ORIENTED_EDGE ( 'NONE', *, *, #1916, .T. ) ;
#1380 = DIRECTION ( 'NONE',  ( 1.000000000000000000, -0.000000000000000000, 0.000000000000000000 ) ) ;
#1381 = ADVANCED_FACE ( 'NONE', ( #1991 ), #1203, .F. ) ;
#1382 = VERTEX_POINT ( 'NONE', #304 ) ;
#1383 = DIRECTION ( 'NONE',  ( -0.000000000000000000, -0.000000000000000000, -1.000000000000000000 ) ) ;
#1384 = CARTESIAN_POINT ( 'NONE',  ( -37.50682655186823666, -35.31122166698328613, -46.00000000000000000 ) ) ;
#1385 = DIRECTION ( 'NONE',  ( 0.000000000000000000, -1.000000000000000000, 0.000000000000000000 ) ) ;
#1386 = CARTESIAN_POINT ( 'NONE',  ( 188.5191583333333085, 79.14627833301678095, -7.549999999999990941 ) ) ;
#1387 = ORIENTED_EDGE ( 'NONE', *, *, #1668, .T. ) ;
#1388 = DIRECTION ( 'NONE',  ( 1.364044408080838895E-16, -1.000000000000000000, 0.000000000000000000 ) ) ;
#1389 = EDGE_CURVE ( 'NONE', #138, #143, #933, .T. ) ;
#1390 = EDGE_LOOP ( 'NONE', ( #1575, #2010, #1355, #458 ) ) ;
#1391 = CARTESIAN_POINT ( 'NONE',  ( 148.5191583333329959, -35.31122166698327902, 10.00000000000000000 ) ) ;
#1392 = CIRCLE ( 'NONE', #1359, 4.000000000000000000 ) ;
#1393 = CIRCLE ( 'NONE', #1426, 4.000000000000000000 ) ;
#1394 = VECTOR ( 'NONE', #794, 1000.000000000000000 ) ;
#1395 = CIRCLE ( 'NONE', #786, 3.000000000000002665 ) ;
#1396 = AXIS2_PLACEMENT_3D ( 'NONE', #1643, #1209, #1216 ) ;
#1397 = CARTESIAN_POINT ( 'NONE',  ( 71.79382500000001244, 99.65776232622010866, 6.000000000000000000 ) ) ;
#1398 = LINE ( 'NONE', #622, #1730 ) ;
#1399 = ORIENTED_EDGE ( 'NONE', *, *, #1722, .F. ) ;
#1400 = PLANE ( 'NONE',  #1195 ) ;
#1401 = DATE_AND_TIME ( #1095, #649 ) ;
#1402 = ORIENTED_EDGE ( 'NONE', *, *, #1722, .T. ) ;
#1403 = CARTESIAN_POINT ( 'NONE',  ( -37.58499232093615916, 115.0041209372768378, -5.589644972949520785 ) ) ;
#1404 = CARTESIAN_POINT ( 'NONE',  ( 150.0000000000000000, 0.000000000000000000, 4.000000000000000000 ) ) ;
#1405 = EDGE_CURVE ( 'NONE', #152, #2015, #1398, .T. ) ;
#1406 = DIRECTION ( 'NONE',  ( 1.000000000000000000, 0.000000000000000000, 0.000000000000000000 ) ) ;
#1407 = DIRECTION ( 'NONE',  ( 0.000000000000000000, -1.000000000000000000, 0.000000000000000000 ) ) ;
#1408 = ORIENTED_EDGE ( 'NONE', *, *, #1169, .T. ) ;
#1409 = DIRECTION ( 'NONE',  ( -1.000000000000000000, 0.000000000000000000, 0.000000000000000000 ) ) ;
#1410 = APPROVAL_DATE_TIME ( #1890, #428 ) ;
#1411 = EDGE_LOOP ( 'NONE', ( #320, #676 ) ) ;
#1412 = CARTESIAN_POINT ( 'NONE',  ( -40.31356829348038673, 117.2930937368506648, -7.710917954102316507 ) ) ;
#1413 = CARTESIAN_POINT ( 'NONE',  ( -33.50682655186826508, 113.3003955792409556, -4.000000000000000000 ) ) ;
#1414 =( BOUNDED_CURVE ( )  B_SPLINE_CURVE ( 3, ( #1765, #359, #986, #203 ),
 .UNSPECIFIED., .F., .F. ) 
 B_SPLINE_CURVE_WITH_KNOTS ( ( 4, 4 ),
 ( 3.141592653589793116, 4.712388980384689674 ),
 .UNSPECIFIED. ) 
 CURVE ( )  GEOMETRIC_REPRESENTATION_ITEM ( )  RATIONAL_B_SPLINE_CURVE ( ( 1.000000000000000000, 0.8047378541243649375, 0.8047378541243649375, 1.000000000000000000 ) ) 
 REPRESENTATION_ITEM ( '' )  );
#1415 = EDGE_CURVE ( 'NONE', #890, #12, #1683, .T. ) ;
#1416 = DIRECTION ( 'NONE',  ( 1.000000000000000000, 0.000000000000000000, 0.000000000000000000 ) ) ;
#1417 = DIRECTION ( 'NONE',  ( -0.000000000000000000, 0.000000000000000000, 1.000000000000000000 ) ) ;
#1418 = FACE_OUTER_BOUND ( 'NONE', #1390, .T. ) ;
#1419 = DIRECTION ( 'NONE',  ( -0.000000000000000000, -0.000000000000000000, -1.000000000000000000 ) ) ;
#1420 = TOROIDAL_SURFACE ( 'NONE', #2025, 13.99999999999999467, 4.000000000000000000 ) ;
#1421 = ORIENTED_EDGE ( 'NONE', *, *, #34, .F. ) ;
#1422 = CARTESIAN_POINT ( 'NONE',  ( -39.51617978408167886, 117.1374934904861362, -7.282278652289119414 ) ) ;
#1423 = FACE_BOUND ( 'NONE', #378, .T. ) ;
#1424 = CIRCLE ( 'NONE', #683, 96.00000000000001421 ) ;
#1425 = CIRCLE ( 'NONE', #151, 3.250000000000002665 ) ;
#1426 = AXIS2_PLACEMENT_3D ( 'NONE', #567, #102, #1182 ) ;
#1427 = CARTESIAN_POINT ( 'NONE',  ( 82.34049166666666508, 39.90355162252597410, 10.00000000000000000 ) ) ;
#1428 = CARTESIAN_POINT ( 'NONE',  ( -33.50682655186824377, -31.31122166698327547, -4.000000000000000000 ) ) ;
#1429 = CIRCLE ( 'NONE', #914, 3.250000000000002665 ) ;
#1430 = CARTESIAN_POINT ( 'NONE',  ( 88.51915833333325168, 17.30039557924095561, 10.00000000000000000 ) ) ;
#1431 = CARTESIAN_POINT ( 'NONE',  ( -44.50682655186825798, 117.2987783330167417, 6.000000000000000000 ) ) ;
#1432 = TOROIDAL_SURFACE ( 'NONE', #66, 8.000000000000000000, 4.000000000000000000 ) ;
#1433 = ORIENTED_EDGE ( 'NONE', *, *, #1781, .F. ) ;
#1434 = DIRECTION ( 'NONE',  ( -0.000000000000000000, -0.000000000000000000, -1.000000000000000000 ) ) ;
#1435 = EDGE_CURVE ( 'NONE', #1641, #295, #1241, .T. ) ;
#1436 = DIRECTION ( 'NONE',  ( 0.000000000000000000, 0.000000000000000000, 1.000000000000000000 ) ) ;
#1437 = ORIENTED_EDGE ( 'NONE', *, *, #1931, .T. ) ;
#1438 = CYLINDRICAL_SURFACE ( 'NONE', #548, 22.55000000000004334 ) ;
#1439 = ORIENTED_EDGE ( 'NONE', *, *, #955, .T. ) ;
#1440 = CARTESIAN_POINT ( 'NONE',  ( 131.4499999999999886, 0.000000000000000000, 6.000000000000000000 ) ) ;
#1441 = CARTESIAN_POINT ( 'NONE',  ( 8.099999999999999645, 0.000000000000000000, 6.000000000000000000 ) ) ;
#1442 = DIRECTION ( 'NONE',  ( -1.000000000000000000, -1.364044408080838895E-16, -0.000000000000000000 ) ) ;
#1443 = VERTEX_POINT ( 'NONE', #1072 ) ;
#1444 = EDGE_CURVE ( 'NONE', #993, #565, #851, .T. ) ;
#1445 = CARTESIAN_POINT ( 'NONE',  ( -33.50682655186825087, 17.30039557924093785, -4.000000000000000000 ) ) ;
#1446 = DIRECTION ( 'NONE',  ( -0.000000000000000000, -0.000000000000000000, -1.000000000000000000 ) ) ;
#1447 = CARTESIAN_POINT ( 'NONE',  ( -47.50682655186824377, -35.31122166698328613, -46.00000000000000000 ) ) ;
#1448 = ORIENTED_EDGE ( 'NONE', *, *, #1496, .T. ) ;
#1449 = CYLINDRICAL_SURFACE ( 'NONE', #1898, 18.55000000000001137 ) ;
#1450 = DIRECTION ( 'NONE',  ( 0.000000000000000000, -1.000000000000000000, 0.000000000000000000 ) ) ;
#1451 = LINE ( 'NONE', #988, #1689 ) ;
#1452 = EDGE_LOOP ( 'NONE', ( #1823, #1399, #588, #1339 ) ) ;
#1453 = FACE_BOUND ( 'NONE', #1411, .T. ) ;
#1454 = DIRECTION ( 'NONE',  ( 1.000000000000000000, 1.096334072605612984E-16, -0.000000000000000000 ) ) ;
#1455 = ORIENTED_EDGE ( 'NONE', *, *, #9, .T. ) ;
#1456 = AXIS2_PLACEMENT_3D ( 'NONE', #244, #879, #1976 ) ;
#1457 = CARTESIAN_POINT ( 'NONE',  ( -46.15013357475994837, 113.9596050887396643, 9.013547226600685747 ) ) ;
#1458 = VERTEX_POINT ( 'NONE', #1530 ) ;
#1459 = AXIS2_PLACEMENT_3D ( 'NONE', #1313, #1002, #1937 ) ;
#1460 = EDGE_CURVE ( 'NONE', #604, #512, #1080, .T. ) ;
#1461 = AXIS2_PLACEMENT_3D ( 'NONE', #370, #336, #22 ) ;
#1462 = DIRECTION ( 'NONE',  ( -1.000000000000000000, 0.000000000000000000, 0.000000000000000000 ) ) ;
#1463 = CYLINDRICAL_SURFACE ( 'NONE', #384, 4.000000000000003553 ) ;
#1464 = CIRCLE ( 'NONE', #356, 4.000000000000003553 ) ;
#1465 = VERTEX_POINT ( 'NONE', #760 ) ;
#1466 = CIRCLE ( 'NONE', #1302, 18.55000000000001137 ) ;
#1467 = FACE_OUTER_BOUND ( 'NONE', #1124, .T. ) ;
#1468 = CYLINDRICAL_SURFACE ( 'NONE', #1893, 4.000000000000000000 ) ;
#1469 = EDGE_LOOP ( 'NONE', ( #517, #1402, #1623, #1267 ) ) ;
#1470 = DIRECTION ( 'NONE',  ( -0.000000000000000000, -0.000000000000000000, 1.000000000000000000 ) ) ;
#1471 = EDGE_CURVE ( 'NONE', #1691, #979, #1429, .T. ) ;
#1472 = CARTESIAN_POINT ( 'NONE',  ( 88.51915833333256955, 113.3447313724947918, 9.999754284632563994 ) ) ;
#1473 = FACE_OUTER_BOUND ( 'NONE', #924, .T. ) ;
#1474 = VERTEX_POINT ( 'NONE', #162 ) ;
#1475 = CYLINDRICAL_SURFACE ( 'NONE', #903, 4.000000000000000000 ) ;
#1476 = DIRECTION ( 'NONE',  ( -0.000000000000000000, -0.000000000000000000, -1.000000000000000000 ) ) ;
#1477 = EDGE_LOOP ( 'NONE', ( #91, #1367, #1205, #1347, #1325, #1500, #440 ) ) ;
#1478 = CARTESIAN_POINT ( 'NONE',  ( -47.50682655186827930, 117.2987783330167133, 5.999999999999987566 ) ) ;
#1479 = ORIENTED_EDGE ( 'NONE', *, *, #1979, .F. ) ;
#1480 = EDGE_CURVE ( 'NONE', #1950, #756, #1136, .T. ) ;
#1481 = DIRECTION ( 'NONE',  ( -1.000000000000000000, -0.000000000000000000, 0.000000000000000000 ) ) ;
#1482 = CYLINDRICAL_SURFACE ( 'NONE', #184, 3.000000000000002665 ) ;
#1483 = ORIENTED_EDGE ( 'NONE', *, *, #1496, .F. ) ;
#1484 = APPLICATION_CONTEXT ( 'configuration controlled 3d designs of mechanical parts and assemblies' ) ;
#1485 = ORIENTED_EDGE ( 'NONE', *, *, #660, .T. ) ;
#1486 = DIRECTION ( 'NONE',  ( -1.000000000000000000, -1.364029953115296624E-16, 0.000000000000000000 ) ) ;
#1487 = VECTOR ( 'NONE', #961, 1000.000000000000000 ) ;
#1488 = PERSON_AND_ORGANIZATION ( #276, #980 ) ;
#1489 = EDGE_LOOP ( 'NONE', ( #983, #706, #1638, #995 ) ) ;
#1490 = CARTESIAN_POINT ( 'NONE',  ( -44.50682655186825798, 117.2987783330167417, 6.000000000000000000 ) ) ;
#1491 = DIRECTION ( 'NONE',  ( 0.000000000000000000, 0.000000000000000000, 1.000000000000000000 ) ) ;
#1492 = CIRCLE ( 'NONE', #884, 7.886266300911500160 ) ;
#1493 = ORIENTED_EDGE ( 'NONE', *, *, #2006, .T. ) ;
#1494 = CARTESIAN_POINT ( 'NONE',  ( -47.50682655186825798, 113.2987783330167417, 10.00000000000000000 ) ) ;
#1495 = TOROIDAL_SURFACE ( 'NONE', #317, 8.099999999999999645, 4.000000000000000000 ) ;
#1496 = EDGE_CURVE ( 'NONE', #1029, #523, #1867, .T. ) ;
#1497 = AXIS2_PLACEMENT_3D ( 'NONE', #1762, #1591, #1291 ) ;
#1498 = CC_DESIGN_APPROVAL ( #428, ( #1733 ) ) ;
#1499 = APPROVAL_DATE_TIME ( #1813, #632 ) ;
#1500 = ORIENTED_EDGE ( 'NONE', *, *, #403, .T. ) ;
#1501 = LINE ( 'NONE', #1636, #183 ) ;
#1502 = FACE_OUTER_BOUND ( 'NONE', #1452, .T. ) ;
#1503 = ORIENTED_EDGE ( 'NONE', *, *, #902, .F. ) ;
#1504 = DIRECTION ( 'NONE',  ( 1.000000000000000000, 0.000000000000000000, -6.938893903907227589E-15 ) ) ;
#1505 = EDGE_CURVE ( 'NONE', #1029, #536, #2036, .T. ) ;
#1506 = DIRECTION ( 'NONE',  ( 0.000000000000000000, 0.000000000000000000, 1.000000000000000000 ) ) ;
#1507 = ORIENTED_EDGE ( 'NONE', *, *, #1839, .T. ) ;
#1508 = LINE ( 'NONE', #93, #1960 ) ;
#1509 = LINE ( 'NONE', #85, #154 ) ;
#1510 = ORIENTED_EDGE ( 'NONE', *, *, #1621, .F. ) ;
#1511 = FACE_OUTER_BOUND ( 'NONE', #453, .T. ) ;
#1512 = CARTESIAN_POINT ( 'NONE',  ( 150.0000000000000000, 0.000000000000000000, 10.00000000000000000 ) ) ;
#1513 = EDGE_LOOP ( 'NONE', ( #1015, #310, #1421, #1243 ) ) ;
#1514 = CARTESIAN_POINT ( 'NONE',  ( 188.5191583333333085, 2.841278333016753699, -32.44999999999998153 ) ) ;
#1515 = AXIS2_PLACEMENT_3D ( 'NONE', #619, #1705, #650 ) ;
#1516 = CARTESIAN_POINT ( 'NONE',  ( -37.50682655186825798, 114.1351312410610461, -4.842702127359432396 ) ) ;
#1517 = EDGE_CURVE ( 'NONE', #81, #993, #463, .T. ) ;
#1518 = ORIENTED_EDGE ( 'NONE', *, *, #1435, .T. ) ;
#1519 = CIRCLE ( 'NONE', #1855, 3.250000000000002665 ) ;
#1520 = ORIENTED_EDGE ( 'NONE', *, *, #1343, .F. ) ;
#1521 = CARTESIAN_POINT ( 'NONE',  ( 72.34049166666667929, 39.90355162252597410, 10.00000000000000000 ) ) ;
#1522 = AXIS2_PLACEMENT_3D ( 'NONE', #1776, #204, #195 ) ;
#1523 = VECTOR ( 'NONE', #1076, 1000.000000000000000 ) ;
#1524 = VERTEX_POINT ( 'NONE', #314 ) ;
#1525 = CARTESIAN_POINT ( 'NONE',  ( -46.66383820834953866, 116.4557899894977737, 8.675703477645249961 ) ) ;
#1526 = VECTOR ( 'NONE', #631, 1000.000000000000000 ) ;
#1527 = CIRCLE ( 'NONE', #652, 4.000000000000000000 ) ;
#1528 = ADVANCED_FACE ( 'NONE', ( #1844 ), #326, .F. ) ;
#1529 = DIRECTION ( 'NONE',  ( 0.000000000000000000, 0.000000000000000000, -1.000000000000000000 ) ) ;
#1530 = CARTESIAN_POINT ( 'NONE',  ( 148.5191583333329959, -35.31122166698327902, 6.000000000000000000 ) ) ;
#1531 = EDGE_LOOP ( 'NONE', ( #601, #949, #835, #35, #1667 ) ) ;
#1532 = CC_DESIGN_DATE_AND_TIME_ASSIGNMENT ( #1401, #1677, ( #1733 ) ) ;
#1533 = VERTEX_POINT ( 'NONE', #478 ) ;
#1534 = FACE_BOUND ( 'NONE', #1647, .T. ) ;
#1535 = COORDINATED_UNIVERSAL_TIME_OFFSET ( 8, 0, .BEHIND. ) ;
#1536 = ORIENTED_EDGE ( 'NONE', *, *, #197, .F. ) ;
#1537 = CARTESIAN_POINT ( 'NONE',  ( -47.50682655186825087, -0.4087216669832788307, -32.44999999999998153 ) ) ;
#1538 = DIRECTION ( 'NONE',  ( -1.000000000000000000, 0.000000000000000000, 0.000000000000000000 ) ) ;
#1539 = DIRECTION ( 'NONE',  ( 1.000000000000000000, 0.000000000000000000, 0.000000000000000000 ) ) ;
#1540 = DIRECTION ( 'NONE',  ( -0.000000000000000000, -0.000000000000000000, -1.000000000000000000 ) ) ;
#1541 = ORIENTED_EDGE ( 'NONE', *, *, #230, .F. ) ;
#1542 = EDGE_CURVE ( 'NONE', #146, #1649, #221, .T. ) ;
#1543 = ORIENTED_EDGE ( 'NONE', *, *, #1073, .F. ) ;
#1544 = DIRECTION ( 'NONE',  ( -1.000000000000000000, -1.364044408080838895E-16, 0.000000000000000000 ) ) ;
#1545 = APPROVAL_ROLE ( '' ) ;
#1546 = ORIENTED_EDGE ( 'NONE', *, *, #360, .T. ) ;
#1547 = DIRECTION ( 'NONE',  ( -0.000000000000000000, 0.000000000000000000, 1.000000000000000000 ) ) ;
#1548 = DIRECTION ( 'NONE',  ( 1.000000000000000000, 0.000000000000000000, -0.000000000000000000 ) ) ;
#1549 =( BOUNDED_CURVE ( )  B_SPLINE_CURVE ( 3, ( #1725, #636, #147, #930 ),
 .UNSPECIFIED., .F., .T. ) 
 B_SPLINE_CURVE_WITH_KNOTS ( ( 4, 4 ),
 ( 1.570796326794898334, 3.141592653589793116 ),
 .UNSPECIFIED. ) 
 CURVE ( )  GEOMETRIC_REPRESENTATION_ITEM ( )  RATIONAL_B_SPLINE_CURVE ( ( 1.000000000000000000, 0.8047378541243654926, 0.8047378541243654926, 1.000000000000000000 ) ) 
 REPRESENTATION_ITEM ( '' )  );
#1550 = DIRECTION ( 'NONE',  ( 0.000000000000000000, 0.000000000000000000, -1.000000000000000000 ) ) ;
#1551 = CARTESIAN_POINT ( 'NONE',  ( 131.4499999999999886, 0.000000000000000000, 10.00000000000000000 ) ) ;
#1552 = VERTEX_POINT ( 'NONE', #1735 ) ;
#1553 = ORIENTED_EDGE ( 'NONE', *, *, #1130, .F. ) ;
#1554 = DIRECTION ( 'NONE',  ( -1.000000000000000000, -1.364044408080838895E-16, -0.000000000000000000 ) ) ;
#1555 = VERTEX_POINT ( 'NONE', #2014 ) ;
#1556 = EDGE_CURVE ( 'NONE', #12, #1208, #123, .T. ) ;
#1557 = DIRECTION ( 'NONE',  ( 0.000000000000000000, -1.000000000000000000, 0.000000000000000000 ) ) ;
#1558 = CARTESIAN_POINT ( 'NONE',  ( -43.50682655186825798, 113.2987783330167417, 10.00000000000000000 ) ) ;
#1559 = VECTOR ( 'NONE', #931, 1000.000000000000000 ) ;
#1560 = AXIS2_PLACEMENT_3D ( 'NONE', #576, #303, #1089 ) ;
#1561 = DIRECTION ( 'NONE',  ( -1.000000000000000000, 0.000000000000000000, 0.000000000000000000 ) ) ;
#1562 = DIRECTION ( 'NONE',  ( 0.000000000000000000, 0.000000000000000000, 1.000000000000000000 ) ) ;
#1563 = VERTEX_POINT ( 'NONE', #2004 ) ;
#1564 = CARTESIAN_POINT ( 'NONE',  ( -47.50682655186825087, -6.480127655408677552E-15, 0.000000000000000000 ) ) ;
#1565 = COORDINATED_UNIVERSAL_TIME_OFFSET ( 8, 0, .BEHIND. ) ;
#1566 = VERTEX_POINT ( 'NONE', #142 ) ;
#1567 = CARTESIAN_POINT ( 'NONE',  ( -40.10287970598426455, 117.2733185894626615, -7.614075968615051870 ) ) ;
#1568 = EDGE_CURVE ( 'NONE', #1566, #1141, #1464, .T. ) ;
#1569 = DIRECTION ( 'NONE',  ( 1.000000000000000000, 1.364029953115296624E-16, -0.000000000000000000 ) ) ;
#1570 = ADVANCED_FACE ( 'NONE', ( #610 ), #1363, .T. ) ;
#1571 = CARTESIAN_POINT ( 'NONE',  ( -47.50682655186825798, 114.2987783330167417, -46.00000000000000000 ) ) ;
#1572 = CARTESIAN_POINT ( 'NONE',  ( -37.50682655186823666, 2.841278333016722613, -7.549999999999976730 ) ) ;
#1573 = CYLINDRICAL_SURFACE ( 'NONE', #420, 39.99999999999997868 ) ;
#1574 = DIRECTION ( 'NONE',  ( -1.000000000000000000, 0.000000000000000000, 0.000000000000000000 ) ) ;
#1575 = ORIENTED_EDGE ( 'NONE', *, *, #1480, .T. ) ;
#1576 = DIRECTION ( 'NONE',  ( 0.000000000000000000, 0.000000000000000000, 1.000000000000000000 ) ) ;
#1577 = PLANE ( 'NONE',  #421 ) ;
#1578 = DIRECTION ( 'NONE',  ( 1.000000000000000000, 0.000000000000000000, 0.000000000000000000 ) ) ;
#1579 = CARTESIAN_POINT ( 'NONE',  ( 133.0000000000000000, 2.081899558550499885E-15, 4.000000000000000000 ) ) ;
#1580 = DESIGN_CONTEXT ( 'detailed design', #1484, 'design' ) ;
#1581 = DIRECTION ( 'NONE',  ( 1.000000000000000000, 0.000000000000000000, 0.000000000000000000 ) ) ;
#1582 = EDGE_CURVE ( 'NONE', #940, #1763, #749, .T. ) ;
#1583 = LINE ( 'NONE', #371, #353 ) ;
#1584 = VERTEX_POINT ( 'NONE', #1283 ) ;
#1585 = CYLINDRICAL_SURFACE ( 'NONE', #1094, 18.55000000000001137 ) ;
#1586 = CARTESIAN_POINT ( 'NONE',  ( 71.79382500000001244, 99.65776232622010866, 10.00000000000000000 ) ) ;
#1587 = VERTEX_POINT ( 'NONE', #1743 ) ;
#1588 = VECTOR ( 'NONE', #1857, 1000.000000000000000 ) ;
#1589 = AXIS2_PLACEMENT_3D ( 'NONE', #112, #1786, #539 ) ;
#1590 = VECTOR ( 'NONE', #406, 1000.000000000000000 ) ;
#1591 = DIRECTION ( 'NONE',  ( -0.000000000000000000, -0.000000000000000000, -1.000000000000000000 ) ) ;
#1592 = ORIENTED_EDGE ( 'NONE', *, *, #1749, .T. ) ;
#1593 = CARTESIAN_POINT ( 'NONE',  ( 96.34049166666666508, 39.90355162252597410, 6.000000000000000000 ) ) ;
#1594 = AXIS2_PLACEMENT_3D ( 'NONE', #31, #1271, #656 ) ;
#1595 = ADVANCED_FACE ( 'NONE', ( #1262 ), #1449, .F. ) ;
#1596 = ORIENTED_EDGE ( 'NONE', *, *, #2020, .T. ) ;
#1597 = CARTESIAN_POINT ( 'NONE',  ( -44.50682655186825798, 117.2987783330167275, 8.343145750507618530 ) ) ;
#1598 = EDGE_CURVE ( 'NONE', #152, #681, #1013, .T. ) ;
#1599 = ORIENTED_EDGE ( 'NONE', *, *, #292, .T. ) ;
#1600 = FACE_OUTER_BOUND ( 'NONE', #1926, .T. ) ;
#1601 = DIRECTION ( 'NONE',  ( 0.000000000000000000, 0.000000000000000000, -1.000000000000000000 ) ) ;
#1602 = ORIENTED_EDGE ( 'NONE', *, *, #841, .F. ) ;
#1603 = DIRECTION ( 'NONE',  ( -1.000000000000000000, 0.000000000000000000, 0.000000000000000000 ) ) ;
#1604 = ORIENTED_EDGE ( 'NONE', *, *, #1738, .F. ) ;
#1605 = DIRECTION ( 'NONE',  ( -1.000000000000000000, -1.364044408080837909E-16, 0.000000000000000000 ) ) ;
#1606 = CARTESIAN_POINT ( 'NONE',  ( -33.50682655186826508, 117.2987783330167417, -4.000000000000000000 ) ) ;
#1607 = LINE ( 'NONE', #1905, #1825 ) ;
#1608 = EDGE_CURVE ( 'NONE', #368, #1552, #647, .T. ) ;
#1609 = ORIENTED_EDGE ( 'NONE', *, *, #275, .F. ) ;
#1610 = DIRECTION ( 'NONE',  ( 1.000000000000000000, 0.000000000000000000, -0.000000000000000000 ) ) ;
#1611 = DIRECTION ( 'NONE',  ( 0.000000000000000000, 0.000000000000000000, 1.000000000000000000 ) ) ;
#1612 = EDGE_LOOP ( 'NONE', ( #1774, #1520, #529, #1854 ) ) ;
#1613 = CARTESIAN_POINT ( 'NONE',  ( -43.83403223962353223, 113.6259840207752205, 10.00000002758881479 ) ) ;
#1614 = EDGE_LOOP ( 'NONE', ( #494, #1602, #839, #952 ) ) ;
#1615 = DIRECTION ( 'NONE',  ( -0.000000000000000000, -0.000000000000000000, -1.000000000000000000 ) ) ;
#1616 = CYLINDRICAL_SURFACE ( 'NONE', #1040, 3.249999999999999556 ) ;
#1617 = ORIENTED_EDGE ( 'NONE', *, *, #1542, .T. ) ;
#1618 = CARTESIAN_POINT ( 'NONE',  ( 127.4499999999999460, 2.761578532077285006E-15, 4.000000000000000000 ) ) ;
#1619 = FACE_OUTER_BOUND ( 'NONE', #1233, .T. ) ;
#1620 = ORIENTED_EDGE ( 'NONE', *, *, #1995, .T. ) ;
#1621 = EDGE_CURVE ( 'NONE', #146, #1320, #616, .T. ) ;
#1622 = CARTESIAN_POINT ( 'NONE',  ( 0.000000000000000000, 0.000000000000000000, 6.000000000000000000 ) ) ;
#1623 = ORIENTED_EDGE ( 'NONE', *, *, #703, .T. ) ;
#1624 = CLOSED_SHELL ( 'NONE', ( #774, #437, #21, #1896, #2024, #1108 ) ) ;
#1625 = VECTOR ( 'NONE', #1380, 1000.000000000000000 ) ;
#1626 = CARTESIAN_POINT ( 'NONE',  ( -4.099999999999999645, 0.000000000000000000, 6.000000000000000000 ) ) ;
#1627 = FACE_OUTER_BOUND ( 'NONE', #1614, .T. ) ;
#1628 = VECTOR ( 'NONE', #768, 1000.000000000000000 ) ;
#1629 = AXIS2_PLACEMENT_3D ( 'NONE', #1032, #1506, #1663 ) ;
#1630 = CIRCLE ( 'NONE', #1832, 13.99999999999999822 ) ;
#1631 = ORIENTED_EDGE ( 'NONE', *, *, #2006, .F. ) ;
#1632 = PLANE ( 'NONE',  #1788 ) ;
#1633 = ORIENTED_EDGE ( 'NONE', *, *, #217, .F. ) ;
#1634 = EDGE_CURVE ( 'NONE', #256, #940, #52, .T. ) ;
#1635 = CARTESIAN_POINT ( 'NONE',  ( -45.83316650930227354, 115.6251182904501889, 9.425138628945477492 ) ) ;
#1636 = CARTESIAN_POINT ( 'NONE',  ( 88.51915833333325168, 113.3003955792409556, 10.00000000000000000 ) ) ;
#1637 = CARTESIAN_POINT ( 'NONE',  ( 83.62812294971891447, 113.3953216965745696, 9.998930254272162088 ) ) ;
#1638 = ORIENTED_EDGE ( 'NONE', *, *, #664, .F. ) ;
#1639 = ORIENTED_EDGE ( 'NONE', *, *, #715, .F. ) ;
#1640 = DIRECTION ( 'NONE',  ( -1.000000000000000000, -0.000000000000000000, -0.000000000000000000 ) ) ;
#1641 = VERTEX_POINT ( 'NONE', #1440 ) ;
#1642 = EDGE_CURVE ( 'NONE', #681, #152, #549, .T. ) ;
#1643 = CARTESIAN_POINT ( 'NONE',  ( 184.5191583333332801, 17.30039557924024862, 6.000000000000000000 ) ) ;
#1644 = EDGE_CURVE ( 'NONE', #859, #1789, #1694, .T. ) ;
#1645 = CARTESIAN_POINT ( 'NONE',  ( -37.50682655186823666, 6.091278333016721724, -7.549999999999976730 ) ) ;
#1646 = CARTESIAN_POINT ( 'NONE',  ( -37.50682655186825798, 117.3003955792409556, 10.00000000000000000 ) ) ;
#1647 = EDGE_LOOP ( 'NONE', ( #1507, #1437 ) ) ;
#1648 = EDGE_CURVE ( 'NONE', #464, #1187, #722, .T. ) ;
#1649 = VERTEX_POINT ( 'NONE', #345 ) ;
#1650 = DIRECTION ( 'NONE',  ( 1.000000000000000000, 0.000000000000000000, 0.000000000000000000 ) ) ;
#1651 = CARTESIAN_POINT ( 'NONE',  ( 92.34049166666666508, 39.90355162252597410, 10.00000000000000000 ) ) ;
#1652 = ORIENTED_EDGE ( 'NONE', *, *, #1156, .T. ) ;
#1653 = DIRECTION ( 'NONE',  ( -1.000000000000000000, -1.364044408080838895E-16, -0.000000000000000000 ) ) ;
#1654 = CARTESIAN_POINT ( 'NONE',  ( 87.54034033394121650, 113.4412346721836258, 9.998684581336101829 ) ) ;
#1655 = ADVANCED_FACE ( 'NONE', ( #1752 ), #1932, .T. ) ;
#1656 = CIRCLE ( 'NONE', #318, 22.55000000000004334 ) ;
#1657 = EDGE_LOOP ( 'NONE', ( #25, #1620, #1024, #1755, #869, #64, #867 ) ) ;
#1658 = DIRECTION ( 'NONE',  ( 1.000000000000000000, 0.000000000000000000, -0.000000000000000000 ) ) ;
#1659 = AXIS2_PLACEMENT_3D ( 'NONE', #1853, #439, #1102 ) ;
#1660 = AXIS2_PLACEMENT_3D ( 'NONE', #1270, #1773, #30 ) ;
#1661 = EDGE_CURVE ( 'NONE', #890, #1675, #1414, .T. ) ;
#1662 = CIRCLE ( 'NONE', #157, 4.000000000000003553 ) ;
#1663 = DIRECTION ( 'NONE',  ( 1.000000000000000000, 0.000000000000000000, 0.000000000000000000 ) ) ;
#1664 = ORIENTED_EDGE ( 'NONE', *, *, #1634, .T. ) ;
#1665 = CARTESIAN_POINT ( 'NONE',  ( -33.50682655186826508, 113.3003955792409556, 0.000000000000000000 ) ) ;
#1666 = DIRECTION ( 'NONE',  ( 1.000000000000000000, 1.364029953115296624E-16, -0.000000000000000000 ) ) ;
#1667 = ORIENTED_EDGE ( 'NONE', *, *, #1568, .T. ) ;
#1668 = EDGE_CURVE ( 'NONE', #1222, #1563, #520, .T. ) ;
#1669 = CARTESIAN_POINT ( 'NONE',  ( 85.79382499999999823, 99.65776232622010866, 6.000000000000000000 ) ) ;
#1670 = DIRECTION ( 'NONE',  ( 0.000000000000000000, 0.000000000000000000, 1.000000000000000000 ) ) ;
#1671 = VERTEX_POINT ( 'NONE', #169 ) ;
#1672 = EDGE_CURVE ( 'NONE', #1474, #143, #518, .T. ) ;
#1673 = CARTESIAN_POINT ( 'NONE',  ( -33.50682655186825087, 117.3003955792409556, 4.000000000000000000 ) ) ;
#1674 = DIRECTION ( 'NONE',  ( -0.000000000000000000, -0.000000000000000000, -1.000000000000000000 ) ) ;
#1675 = VERTEX_POINT ( 'NONE', #596 ) ;
#1676 = DIRECTION ( 'NONE',  ( 0.000000000000000000, 0.000000000000000000, 1.000000000000000000 ) ) ;
#1677 = DATE_TIME_ROLE ( 'classification_date' ) ;
#1678 = ORIENTED_EDGE ( 'NONE', *, *, #1306, .F. ) ;
#1679 = CARTESIAN_POINT ( 'NONE',  ( -44.86492694767409972, 114.6568787288231306, 9.839941441726470117 ) ) ;
#1680 = EDGE_CURVE ( 'NONE', #1671, #1563, #1662, .T. ) ;
#1681 = AXIS2_PLACEMENT_3D ( 'NONE', #1125, #1001, #1610 ) ;
#1682 = DIRECTION ( 'NONE',  ( 1.000000000000000000, 0.000000000000000000, 0.000000000000000000 ) ) ;
#1683 = LINE ( 'NONE', #1211, #1628 ) ;
#1684 = VERTEX_POINT ( 'NONE', #2038 ) ;
#1685 = CIRCLE ( 'NONE', #716, 3.249999999999999556 ) ;
#1686 = ORIENTED_EDGE ( 'NONE', *, *, #65, .T. ) ;
#1687 = FACE_BOUND ( 'NONE', #416, .T. ) ;
#1688 = CIRCLE ( 'NONE', #249, 100.0000000000000142 ) ;
#1689 = VECTOR ( 'NONE', #1745, 1000.000000000000000 ) ;
#1690 = SECURITY_CLASSIFICATION_LEVEL ( 'unclassified' ) ;
#1691 = VERTEX_POINT ( 'NONE', #149 ) ;
#1692 = AXIS2_PLACEMENT_3D ( 'NONE', #1249, #639, #1578 ) ;
#1693 = FACE_OUTER_BOUND ( 'NONE', #731, .T. ) ;
#1694 = CIRCLE ( 'NONE', #1594, 8.000000000000000000 ) ;
#1695 = AXIS2_PLACEMENT_3D ( 'NONE', #893, #2000, #545 ) ;
#1696 = DIRECTION ( 'NONE',  ( 1.000000000000000000, 0.000000000000000000, 0.000000000000000000 ) ) ;
#1697 =( BOUNDED_CURVE ( )  B_SPLINE_CURVE ( 3, ( #1431, #1597, #33, #1922 ),
 .UNSPECIFIED., .F., .F. ) 
 B_SPLINE_CURVE_WITH_KNOTS ( ( 4, 4 ),
 ( 0.000000000000000000, 1.570796326794896558 ),
 .UNSPECIFIED. ) 
 CURVE ( )  GEOMETRIC_REPRESENTATION_ITEM ( )  RATIONAL_B_SPLINE_CURVE ( ( 1.000000000000000000, 0.8047378541243649375, 0.8047378541243649375, 1.000000000000000000 ) ) 
 REPRESENTATION_ITEM ( '' )  );
#1698 = ADVANCED_FACE ( 'NONE', ( #445 ), #1577, .F. ) ;
#1699 = CARTESIAN_POINT ( 'NONE',  ( 88.80078341622629523, 113.3156511761452805, 10.00000000000000000 ) ) ;
#1700 = CARTESIAN_POINT ( 'NONE',  ( -37.50682655186826508, 113.9694168553353535, -4.673004536897478189 ) ) ;
#1701 = ORIENTED_EDGE ( 'NONE', *, *, #1117, .T. ) ;
#1702 = ORIENTED_EDGE ( 'NONE', *, *, #482, .F. ) ;
#1703 = FACE_OUTER_BOUND ( 'NONE', #1489, .T. ) ;
#1704 = VERTEX_POINT ( 'NONE', #8 ) ;
#1705 = DIRECTION ( 'NONE',  ( -0.000000000000000000, -0.000000000000000000, -1.000000000000000000 ) ) ;
#1706 = DIRECTION ( 'NONE',  ( 0.000000000000000000, 0.000000000000000000, 1.000000000000000000 ) ) ;
#1707 = EDGE_CURVE ( 'NONE', #1225, #1011, #312, .T. ) ;
#1708 = CARTESIAN_POINT ( 'NONE',  ( 131.4499999999999886, 0.000000000000000000, 0.000000000000000000 ) ) ;
#1709 = CARTESIAN_POINT ( 'NONE',  ( -37.50682655186825798, 113.3003955792409556, -4.000000000000000000 ) ) ;
#1710 = ADVANCED_FACE ( 'NONE', ( #606 ), #686, .T. ) ;
#1711 = ORIENTED_EDGE ( 'NONE', *, *, #1790, .F. ) ;
#1712 = CARTESIAN_POINT ( 'NONE',  ( 88.51915833333325168, 113.3003955792409556, 4.000000000000000000 ) ) ;
#1713 = EDGE_CURVE ( 'NONE', #443, #1587, #1729, .T. ) ;
#1714 = APPROVAL_ROLE ( '' ) ;
#1715 = ORIENTED_EDGE ( 'NONE', *, *, #1000, .T. ) ;
#1716 = LINE ( 'NONE', #1391, #1753 ) ;
#1717 = CARTESIAN_POINT ( 'NONE',  ( 188.5191583333332801, 4.688778333016715649, 10.00000000000000000 ) ) ;
#1718 = FACE_OUTER_BOUND ( 'NONE', #210, .T. ) ;
#1719 = CARTESIAN_POINT ( 'NONE',  ( -37.50682655186823666, 79.14627833301675253, -7.549999999999990941 ) ) ;
#1720 = EDGE_LOOP ( 'NONE', ( #1373, #273 ) ) ;
#1721 = CYLINDRICAL_SURFACE ( 'NONE', #1727, 4.000000000000000000 ) ;
#1722 = EDGE_CURVE ( 'NONE', #1115, #1458, #1139, .T. ) ;
#1723 = PERSON_AND_ORGANIZATION ( #276, #980 ) ;
#1724 = ORIENTED_EDGE ( 'NONE', *, *, #1389, .T. ) ;
#1725 = CARTESIAN_POINT ( 'NONE',  ( -43.50682655186823666, -31.31122166698327547, 10.00000000000000000 ) ) ;
#1726 = EDGE_CURVE ( 'NONE', #1533, #1225, #487, .T. ) ;
#1727 = AXIS2_PLACEMENT_3D ( 'NONE', #1712, #1574, #763 ) ;
#1728 = AXIS2_PLACEMENT_3D ( 'NONE', #1646, #1666, #876 ) ;
#1729 = LINE ( 'NONE', #1897, #1364 ) ;
#1730 = VECTOR ( 'NONE', #947, 1000.000000000000000 ) ;
#1731 = AXIS2_PLACEMENT_3D ( 'NONE', #630, #490, #1416 ) ;
#1732 = VECTOR ( 'NONE', #2012, 1000.000000000000000 ) ;
#1733 = SECURITY_CLASSIFICATION ( '', '', #1690 ) ;
#1734 = CYLINDRICAL_SURFACE ( 'NONE', #978, 9.999999999999994671 ) ;
#1735 = CARTESIAN_POINT ( 'NONE',  ( 188.5191583333332801, 4.688778333016715649, 4.000000000000000000 ) ) ;
#1736 = DIRECTION ( 'NONE',  ( -1.000000000000000000, 0.000000000000000000, 0.000000000000000000 ) ) ;
#1737 = FACE_BOUND ( 'NONE', #1880, .T. ) ;
#1738 = EDGE_CURVE ( 'NONE', #611, #1837, #1630, .T. ) ;
#1739 = EDGE_LOOP ( 'NONE', ( #1235, #118 ) ) ;
#1740 = CARTESIAN_POINT ( 'NONE',  ( -40.47721387332970977, 117.2987247900987597, -7.683307098202390328 ) ) ;
#1741 = CARTESIAN_POINT ( 'NONE',  ( -45.84997230237587473, 113.8845647706436353, 9.999999999999998224 ) ) ;
#1742 = FACE_OUTER_BOUND ( 'NONE', #366, .T. ) ;
#1743 = CARTESIAN_POINT ( 'NONE',  ( 168.5500000000000114, 2.271719812418342047E-15, 0.000000000000000000 ) ) ;
#1744 = DIRECTION ( 'NONE',  ( -0.000000000000000000, 0.000000000000000000, -1.000000000000000000 ) ) ;
#1745 = DIRECTION ( 'NONE',  ( 0.000000000000000000, 0.000000000000000000, 1.000000000000000000 ) ) ;
#1746 = ORIENTED_EDGE ( 'NONE', *, *, #1048, .F. ) ;
#1747 = DIRECTION ( 'NONE',  ( -1.000000000000000000, 0.000000000000000000, 0.000000000000000000 ) ) ;
#1748 = LINE ( 'NONE', #37, #1361 ) ;
#1749 = EDGE_CURVE ( 'NONE', #565, #1566, #167, .T. ) ;
#1750 = CARTESIAN_POINT ( 'NONE',  ( 150.0000000000000000, 0.000000000000000000, 4.000000000000000000 ) ) ;
#1751 = ORIENTED_EDGE ( 'NONE', *, *, #1471, .F. ) ;
#1752 = FACE_OUTER_BOUND ( 'NONE', #727, .T. ) ;
#1753 = VECTOR ( 'NONE', #1383, 1000.000000000000000 ) ;
#1754 = CARTESIAN_POINT ( 'NONE',  ( 150.0000000000000000, 0.000000000000000000, 10.00000000000000000 ) ) ;
#1755 = ORIENTED_EDGE ( 'NONE', *, *, #446, .T. ) ;
#1756 = CARTESIAN_POINT ( 'NONE',  ( -37.50682655186824377, -5.116097702293381223E-15, 0.000000000000000000 ) ) ;
#1757 = CARTESIAN_POINT ( 'NONE',  ( 150.0000000000000000, 0.000000000000000000, 4.000000000000000000 ) ) ;
#1758 = ORIENTED_EDGE ( 'NONE', *, *, #34, .T. ) ;
#1759 = VECTOR ( 'NONE', #1486, 1000.000000000000000 ) ;
#1760 = AXIS2_PLACEMENT_3D ( 'NONE', #1297, #1933, #1942 ) ;
#1761 = ADVANCED_FACE ( 'NONE', ( #1088 ), #1432, .T. ) ;
#1762 = CARTESIAN_POINT ( 'NONE',  ( 0.000000000000000000, 0.000000000000000000, 10.00000000000000000 ) ) ;
#1763 = VERTEX_POINT ( 'NONE', #628 ) ;
#1764 = CIRCLE ( 'NONE', #251, 4.000000000000000000 ) ;
#1765 = CARTESIAN_POINT ( 'NONE',  ( -37.50682655186825798, 117.3003955792409556, 6.000000000000000000 ) ) ;
#1766 = AXIS2_PLACEMENT_3D ( 'NONE', #1593, #1112, #193 ) ;
#1767 = DIRECTION ( 'NONE',  ( -0.000000000000000000, 1.000000000000000000, 0.000000000000000000 ) ) ;
#1768 = DIRECTION ( 'NONE',  ( 1.000000000000000000, 0.000000000000000000, 0.000000000000000000 ) ) ;
#1769 = EDGE_LOOP ( 'NONE', ( #738, #1165, #1180, #1967 ) ) ;
#1770 = DIRECTION ( 'NONE',  ( 1.000000000000000000, 0.000000000000000000, 0.000000000000000000 ) ) ;
#1771 = DIRECTION ( 'NONE',  ( -1.364044408080838895E-16, 1.000000000000000000, 0.000000000000000000 ) ) ;
#1772 = ORIENTED_EDGE ( 'NONE', *, *, #566, .F. ) ;
#1773 = DIRECTION ( 'NONE',  ( 0.000000000000000000, 0.000000000000000000, 1.000000000000000000 ) ) ;
#1774 = ORIENTED_EDGE ( 'NONE', *, *, #1995, .F. ) ;
#1775 = DIRECTION ( 'NONE',  ( 0.000000000000000000, -0.000000000000000000, 1.000000000000000000 ) ) ;
#1776 = CARTESIAN_POINT ( 'NONE',  ( 0.000000000000000000, 0.000000000000000000, 6.000000000000000000 ) ) ;
#1777 = CARTESIAN_POINT ( 'NONE',  ( 85.79382499999999823, 99.65776232622010866, 0.000000000000000000 ) ) ;
#1778 = EDGE_CURVE ( 'NONE', #1465, #297, #101, .T. ) ;
#1779 = ORIENTED_EDGE ( 'NONE', *, *, #715, .T. ) ;
#1780 = DIRECTION ( 'NONE',  ( 1.364044408080838895E-16, -1.000000000000000000, 0.000000000000000000 ) ) ;
#1781 = EDGE_CURVE ( 'NONE', #843, #804, #1237, .T. ) ;
#1782 = CARTESIAN_POINT ( 'NONE',  ( -47.50682655186823666, -35.31122166698327902, 6.000000000000000000 ) ) ;
#1783 = ORIENTED_EDGE ( 'NONE', *, *, #1648, .F. ) ;
#1784 = CARTESIAN_POINT ( 'NONE',  ( -44.37465814626085603, 116.7701047105874324, 8.004602724326307595 ) ) ;
#1785 = VECTOR ( 'NONE', #1470, 1000.000000000000000 ) ;
#1786 = DIRECTION ( 'NONE',  ( 0.000000000000000000, 1.000000000000000000, 0.000000000000000000 ) ) ;
#1787 = CARTESIAN_POINT ( 'NONE',  ( 85.79382499999999823, 99.65776232622010866, 0.000000000000000000 ) ) ;
#1788 = AXIS2_PLACEMENT_3D ( 'NONE', #1287, #1955, #699 ) ;
#1789 = VERTEX_POINT ( 'NONE', #476 ) ;
#1790 = EDGE_CURVE ( 'NONE', #256, #327, #1900, .T. ) ;
#1791 = FACE_BOUND ( 'NONE', #452, .T. ) ;
#1792 = DIRECTION ( 'NONE',  ( 0.000000000000000000, 0.000000000000000000, 1.000000000000000000 ) ) ;
#1793 = ORIENTED_EDGE ( 'NONE', *, *, #1480, .F. ) ;
#1794 = APPROVAL ( #908, 'UNSPECIFIED' ) ;
#1795 = CIRCLE ( 'NONE', #911, 9.999999999999994671 ) ;
#1796 = CARTESIAN_POINT ( 'NONE',  ( -37.50682655186825798, 114.2987783330167417, 0.000000000000000000 ) ) ;
#1797 = EDGE_LOOP ( 'NONE', ( #1617, #187 ) ) ;
#1798 = CYLINDRICAL_SURFACE ( 'NONE', #61, 3.250000000000000444 ) ;
#1799 = FACE_OUTER_BOUND ( 'NONE', #1007, .T. ) ;
#1800 = LOCAL_TIME ( 6, 24, 6.000000000000000000, #1334 ) ;
#1801 = ORIENTED_EDGE ( 'NONE', *, *, #1181, .T. ) ;
#1802 = FACE_OUTER_BOUND ( 'NONE', #1282, .T. ) ;
#1803 = EDGE_CURVE ( 'NONE', #1115, #1552, #1872, .T. ) ;
#1804 = ORIENTED_EDGE ( 'NONE', *, *, #623, .F. ) ;
#1805 = CARTESIAN_POINT ( 'NONE',  ( -46.45708265093998079, 116.2490344320892888, 8.912142291619225887 ) ) ;
#1806 = EDGE_CURVE ( 'NONE', #559, #1222, #332, .T. ) ;
#1807 = CIRCLE ( 'NONE', #525, 3.250000000000000444 ) ;
#1808 = DIRECTION ( 'NONE',  ( 0.000000000000000000, -1.000000000000000000, 0.000000000000000000 ) ) ;
#1809 = CARTESIAN_POINT ( 'NONE',  ( 92.34049166666666508, 39.90355162252597410, 6.000000000000000000 ) ) ;
#1810 = EDGE_LOOP ( 'NONE', ( #315, #894, #1923, #1772 ) ) ;
#1811 = ORIENTED_EDGE ( 'NONE', *, *, #410, .T. ) ;
#1812 = CYLINDRICAL_SURFACE ( 'NONE', #1895, 3.999999999999996447 ) ;
#1813 = DATE_AND_TIME ( #1977, #1800 ) ;
#1814 = EDGE_LOOP ( 'NONE', ( #554, #1171, #127, #1631 ) ) ;
#1815 = EDGE_CURVE ( 'NONE', #327, #256, #1864, .T. ) ;
#1816 = CARTESIAN_POINT ( 'NONE',  ( -33.50682655186824377, -35.31122166698327902, 4.000000000000000000 ) ) ;
#1817 = EDGE_CURVE ( 'NONE', #565, #1115, #1527, .T. ) ;
#1818 = DIRECTION ( 'NONE',  ( 0.000000000000000000, 1.000000000000000000, 0.000000000000000000 ) ) ;
#1819 = ORIENTED_EDGE ( 'NONE', *, *, #73, .T. ) ;
#1820 = CARTESIAN_POINT ( 'NONE',  ( 75.79382500000001244, 99.65776232622010866, 0.000000000000000000 ) ) ;
#1821 = LINE ( 'NONE', #1651, #288 ) ;
#1822 = AXIS2_PLACEMENT_3D ( 'NONE', #70, #208, #227 ) ;
#1823 = ORIENTED_EDGE ( 'NONE', *, *, #133, .T. ) ;
#1824 = CARTESIAN_POINT ( 'NONE',  ( 88.94085996430601426, 113.2994693650563818, 10.00000000000000000 ) ) ;
#1825 = VECTOR ( 'NONE', #54, 1000.000000000000000 ) ;
#1826 = CARTESIAN_POINT ( 'NONE',  ( -37.50682655186823666, -35.31122166698327902, 10.00000000000000000 ) ) ;
#1827 = CIRCLE ( 'NONE', #248, 3.250000000000000444 ) ;
#1828 = AXIS2_PLACEMENT_3D ( 'NONE', #1397, #267, #751 ) ;
#1829 = ORIENTED_EDGE ( 'NONE', *, *, #111, .F. ) ;
#1830 = CARTESIAN_POINT ( 'NONE',  ( -8.099999999999999645, 9.919639073093559228E-16, 6.000000000000000000 ) ) ;
#1831 = AXIS2_PLACEMENT_3D ( 'NONE', #113, #1981, #889 ) ;
#1832 = AXIS2_PLACEMENT_3D ( 'NONE', #1099, #776, #1067 ) ;
#1833 = AXIS2_PLACEMENT_3D ( 'NONE', #1512, #1670, #583 ) ;
#1834 = EDGE_LOOP ( 'NONE', ( #1433, #7, #115, #40, #934 ) ) ;
#1835 = LINE ( 'NONE', #1673, #1858 ) ;
#1836 = CARTESIAN_POINT ( 'NONE',  ( 82.65080767208573320, 113.3003955792409556, 10.00000000000000000 ) ) ;
#1837 = VERTEX_POINT ( 'NONE', #1586 ) ;
#1838 = DIRECTION ( 'NONE',  ( 0.000000000000000000, -1.000000000000000000, 0.000000000000000000 ) ) ;
#1839 = EDGE_CURVE ( 'NONE', #936, #1684, #819, .T. ) ;
#1840 =( NAMED_UNIT ( * ) PLANE_ANGLE_UNIT ( ) SI_UNIT ( $, .RADIAN. ) );
#1841 = EDGE_LOOP ( 'NONE', ( #1912, #259, #633, #1177 ) ) ;
#1842 = CARTESIAN_POINT ( 'NONE',  ( -44.50682655186825798, 117.2987783330167417, 5.999999999999992895 ) ) ;
#1843 = DIRECTION ( 'NONE',  ( 1.000000000000000000, 0.000000000000000000, 0.000000000000000000 ) ) ;
#1844 = FACE_OUTER_BOUND ( 'NONE', #1859, .T. ) ;
#1845 = ORIENTED_EDGE ( 'NONE', *, *, #1290, .F. ) ;
#1846 = EDGE_LOOP ( 'NONE', ( #917, #1604, #1546, #105 ) ) ;
#1847 = CARTESIAN_POINT ( 'NONE',  ( 188.5191583333332801, 4.688778333016715649, 6.000000000000000000 ) ) ;
#1848 = EDGE_CURVE ( 'NONE', #1671, #804, #687, .T. ) ;
#1849 = ORIENTED_EDGE ( 'NONE', *, *, #750, .F. ) ;
#1850 = DIRECTION ( 'NONE',  ( 1.000000000000000000, 0.000000000000000000, 0.000000000000000000 ) ) ;
#1851 = DIRECTION ( 'NONE',  ( 0.000000000000000000, 1.000000000000000000, 0.000000000000000000 ) ) ;
#1852 = DIRECTION ( 'NONE',  ( 0.000000000000000000, -1.000000000000000000, 0.000000000000000000 ) ) ;
#1853 = CARTESIAN_POINT ( 'NONE',  ( 82.34049166666666508, 39.90355162252597410, 10.00000000000000000 ) ) ;
#1854 = ORIENTED_EDGE ( 'NONE', *, *, #264, .F. ) ;
#1855 = AXIS2_PLACEMENT_3D ( 'NONE', #493, #522, #362 ) ;
#1856 = EDGE_LOOP ( 'NONE', ( #1286, #83, #45, #718 ) ) ;
#1857 = DIRECTION ( 'NONE',  ( -0.000000000000000000, 1.000000000000000000, -0.000000000000000000 ) ) ;
#1858 = VECTOR ( 'NONE', #1232, 1000.000000000000000 ) ;
#1859 = EDGE_LOOP ( 'NONE', ( #762, #1906, #2030, #1948 ) ) ;
#1860 = DIRECTION ( 'NONE',  ( 1.000000000000000000, 9.912705577010326536E-16, 0.000000000000000000 ) ) ;
#1861 = AXIS2_PLACEMENT_3D ( 'NONE', #508, #1131, #1911 ) ;
#1862 = LOCAL_TIME ( 6, 24, 6.000000000000000000, #1565 ) ;
#1863 = DIRECTION ( 'NONE',  ( 1.000000000000000000, 0.000000000000000000, 0.000000000000000000 ) ) ;
#1864 = CIRCLE ( 'NONE', #395, 16.99999999999998579 ) ;
#1865 = EDGE_CURVE ( 'NONE', #1187, #464, #1807, .T. ) ;
#1866 = CARTESIAN_POINT ( 'NONE',  ( -37.50682655186825798, 117.3003955792409556, 10.00000000000000000 ) ) ;
#1867 = LINE ( 'NONE', #1090, #1526 ) ;
#1868 = VERTEX_POINT ( 'NONE', #1947 ) ;
#1869 = DIRECTION ( 'NONE',  ( 1.364044408080838895E-16, -1.000000000000000000, -0.000000000000000000 ) ) ;
#1870 = EDGE_LOOP ( 'NONE', ( #589, #968, #338, #1145, #831, #822, #754 ) ) ;
#1871 = DIRECTION ( 'NONE',  ( 1.224646799147353207E-16, 1.000000000000000000, -0.000000000000000000 ) ) ;
#1872 = LINE ( 'NONE', #1717, #1732 ) ;
#1873 = EDGE_CURVE ( 'NONE', #1187, #713, #174, .T. ) ;
#1874 = CARTESIAN_POINT ( 'NONE',  ( 166.9999999999999716, 0.000000000000000000, 4.000000000000000000 ) ) ;
#1875 = CARTESIAN_POINT ( 'NONE',  ( 148.5191583333332801, 4.688778333016715649, 10.00000000000000000 ) ) ;
#1876 = EDGE_LOOP ( 'NONE', ( #1323, #1408, #56, #663 ) ) ;
#1877 = CC_DESIGN_PERSON_AND_ORGANIZATION_ASSIGNMENT ( #1488, #90, ( #107 ) ) ;
#1878 = ORIENTED_EDGE ( 'NONE', *, *, #446, .F. ) ;
#1879 = CARTESIAN_POINT ( 'NONE',  ( -33.50682655186824377, -31.31122166698327547, -4.000000000000000000 ) ) ;
#1880 = EDGE_LOOP ( 'NONE', ( #1041, #502 ) ) ;
#1881 = CARTESIAN_POINT ( 'NONE',  ( -37.86869207219716316, 115.7411391798650158, -6.059010041825604986 ) ) ;
#1882 = DIRECTION ( 'NONE',  ( -0.000000000000000000, 1.000000000000000000, -0.000000000000000000 ) ) ;
#1883 = AXIS2_PLACEMENT_3D ( 'NONE', #1078, #1547, #459 ) ;
#1884 = CARTESIAN_POINT ( 'NONE',  ( -41.50682655186823666, -31.31122166698327547, -46.00000000000000000 ) ) ;
#1885 = DIRECTION ( 'NONE',  ( 0.000000000000000000, -1.000000000000000000, 0.000000000000000000 ) ) ;
#1886 = EDGE_CURVE ( 'NONE', #1563, #206, #449, .T. ) ;
#1887 = ORIENTED_EDGE ( 'NONE', *, *, #344, .F. ) ;
#1888 = LINE ( 'NONE', #634, #511 ) ;
#1889 = AXIS2_PLACEMENT_3D ( 'NONE', #818, #1434, #351 ) ;
#1890 = DATE_AND_TIME ( #1064, #1862 ) ;
#1891 = ORIENTED_EDGE ( 'NONE', *, *, #951, .T. ) ;
#1892 = CARTESIAN_POINT ( 'NONE',  ( -39.14953187868015760, 116.9815820779648732, -7.059106437564715897 ) ) ;
#1893 = AXIS2_PLACEMENT_3D ( 'NONE', #71, #700, #1601 ) ;
#1894 = AXIS2_PLACEMENT_3D ( 'NONE', #1430, #1921, #1736 ) ;
#1895 = AXIS2_PLACEMENT_3D ( 'NONE', #434, #892, #907 ) ;
#1896 = ADVANCED_FACE ( 'NONE', ( #1423, #1619 ), #354, .F. ) ;
#1897 = CARTESIAN_POINT ( 'NONE',  ( 168.5500000000000114, 2.271719812418341653E-15, 10.00000000000000000 ) ) ;
#1898 = AXIS2_PLACEMENT_3D ( 'NONE', #974, #957, #823 ) ;
#1899 = CIRCLE ( 'NONE', #394, 18.55000000000001137 ) ;
#1900 = CIRCLE ( 'NONE', #1265, 16.99999999999998579 ) ;
#1901 = DIRECTION ( 'NONE',  ( 1.000000000000000000, 0.000000000000000000, 0.000000000000000000 ) ) ;
#1902 = DIRECTION ( 'NONE',  ( -1.000000000000000000, -1.364044408080838895E-16, -0.000000000000000000 ) ) ;
#1903 = CIRCLE ( 'NONE', #125, 100.0000000000000142 ) ;
#1904 = CYLINDRICAL_SURFACE ( 'NONE', #547, 4.000000000000000000 ) ;
#1905 = CARTESIAN_POINT ( 'NONE',  ( 188.5191583333333085, 75.89627833301678095, -7.549999999999990941 ) ) ;
#1906 = ORIENTED_EDGE ( 'NONE', *, *, #1266, .T. ) ;
#1907 = EDGE_CURVE ( 'NONE', #1458, #1074, #58, .T. ) ;
#1908 = CARTESIAN_POINT ( 'NONE',  ( -37.77901356699639734, 115.5629283873499418, -5.947147162449822666 ) ) ;
#1909 = DIRECTION ( 'NONE',  ( 1.000000000000000000, 0.000000000000000000, 0.000000000000000000 ) ) ;
#1910 = CARTESIAN_POINT ( 'NONE',  ( -33.50682655186824377, -31.31122166698327547, 0.000000000000000000 ) ) ;
#1911 = DIRECTION ( 'NONE',  ( 0.000000000000000000, -1.000000000000000000, 0.000000000000000000 ) ) ;
#1912 = ORIENTED_EDGE ( 'NONE', *, *, #1556, .F. ) ;
#1913 = DIRECTION ( 'NONE',  ( 1.000000000000000000, 0.000000000000000000, 0.000000000000000000 ) ) ;
#1914 = EDGE_LOOP ( 'NONE', ( #1746, #1455, #1724, #1254 ) ) ;
#1915 = CARTESIAN_POINT ( 'NONE',  ( -33.50682655186826508, 117.3003955792409556, 4.000000000000000000 ) ) ;
#1916 = EDGE_CURVE ( 'NONE', #1320, #358, #684, .T. ) ;
#1917 = DIRECTION ( 'NONE',  ( -1.000000000000000000, -1.364044408080838895E-16, -0.000000000000000000 ) ) ;
#1918 = ORIENTED_EDGE ( 'NONE', *, *, #1907, .T. ) ;
#1919 = LINE ( 'NONE', #665, #613 ) ;
#1920 = DIRECTION ( 'NONE',  ( 0.000000000000000000, -1.000000000000000000, 0.000000000000000000 ) ) ;
#1921 = DIRECTION ( 'NONE',  ( -0.000000000000000000, -0.000000000000000000, -1.000000000000000000 ) ) ;
#1922 = CARTESIAN_POINT ( 'NONE',  ( -43.50682655186825798, 113.2987783330167417, 10.00000000000000000 ) ) ;
#1923 = ORIENTED_EDGE ( 'NONE', *, *, #1330, .T. ) ;
#1924 = CARTESIAN_POINT ( 'NONE',  ( -47.50682655186825798, 117.2987783330167417, -46.00000000000000000 ) ) ;
#1925 = DIRECTION ( 'NONE',  ( 0.000000000000000000, 0.000000000000000000, 1.000000000000000000 ) ) ;
#1926 = EDGE_LOOP ( 'NONE', ( #1105, #158, #1342, #435, #897, #75, #971, #572, #1940, #305, #1592 ) ) ;
#1927 = AXIS2_PLACEMENT_3D ( 'NONE', #1980, #1653, #231 ) ;
#1928 = AXIS2_PLACEMENT_3D ( 'NONE', #996, #964, #640 ) ;
#1929 = CYLINDRICAL_SURFACE ( 'NONE', #516, 9.999999999999994671 ) ;
#1930 = ORIENTED_EDGE ( 'NONE', *, *, #1274, .F. ) ;
#1931 = EDGE_CURVE ( 'NONE', #1684, #936, #1198, .T. ) ;
#1932 = CYLINDRICAL_SURFACE ( 'NONE', #254, 4.000000000000003553 ) ;
#1933 = DIRECTION ( 'NONE',  ( 1.000000000000000000, 1.096334072605612984E-16, -0.000000000000000000 ) ) ;
#1934 = CARTESIAN_POINT ( 'NONE',  ( 75.79382500000001244, 99.65776232622010866, 6.000000000000000000 ) ) ;
#1935 = ORIENTED_EDGE ( 'NONE', *, *, #1415, .F. ) ;
#1936 = CARTESIAN_POINT ( 'NONE',  ( 4.099999999999999645, 5.021051876504147385E-16, 6.000000000000000000 ) ) ;
#1937 = DIRECTION ( 'NONE',  ( 1.000000000000000000, 0.000000000000000000, 0.000000000000000000 ) ) ;
#1938 = ORIENTED_EDGE ( 'NONE', *, *, #1749, .F. ) ;
#1939 = CARTESIAN_POINT ( 'NONE',  ( -44.30193418208074974, 116.4792088538663961, 8.439959139830522261 ) ) ;
#1940 = ORIENTED_EDGE ( 'NONE', *, *, #1517, .T. ) ;
#1941 = EDGE_CURVE ( 'NONE', #1641, #443, #748, .T. ) ;
#1942 = DIRECTION ( 'NONE',  ( 0.000000000000000000, -1.000000000000000000, 0.000000000000000000 ) ) ;
#1943 = LINE ( 'NONE', #845, #1987 ) ;
#1944 = ADVANCED_FACE ( 'NONE', ( #374 ), #278, .T. ) ;
#1945 = ORIENTED_EDGE ( 'NONE', *, *, #1034, .F. ) ;
#1946 = PLANE ( 'NONE',  #1681 ) ;
#1947 = CARTESIAN_POINT ( 'NONE',  ( 172.5500000000000398, 0.000000000000000000, 4.000000000000000000 ) ) ;
#1948 = ORIENTED_EDGE ( 'NONE', *, *, #1204, .F. ) ;
#1949 = CARTESIAN_POINT ( 'NONE',  ( -47.48104219215021260, 114.2923322430872162, 6.523592343318384223 ) ) ;
#1950 = VERTEX_POINT ( 'NONE', #1278 ) ;
#1951 = CARTESIAN_POINT ( 'NONE',  ( 88.51915833333325168, 17.30039557924095561, 4.000000000000000000 ) ) ;
#1952 = DIRECTION ( 'NONE',  ( 0.000000000000000000, -0.000000000000000000, 1.000000000000000000 ) ) ;
#1953 = ADVANCED_FACE ( 'NONE', ( #982 ), #1468, .T. ) ;
#1954 = ORIENTED_EDGE ( 'NONE', *, *, #1173, .F. ) ;
#1955 = DIRECTION ( 'NONE',  ( 1.364029953115296624E-16, -1.000000000000000000, 0.000000000000000000 ) ) ;
#1956 = ORIENTED_EDGE ( 'NONE', *, *, #1886, .F. ) ;
#1957 = ADVANCED_FACE ( 'NONE', ( #970 ), #1258, .T. ) ;
#1958 = CYLINDRICAL_SURFACE ( 'NONE', #739, 3.250000000000000444 ) ;
#1959 = VECTOR ( 'NONE', #1118, 1000.000000000000000 ) ;
#1960 = VECTOR ( 'NONE', #252, 1000.000000000000000 ) ;
#1961 = VECTOR ( 'NONE', #397, 1000.000000000000000 ) ;
#1962 = VECTOR ( 'NONE', #1771, 1000.000000000000000 ) ;
#1963 = CARTESIAN_POINT ( 'NONE',  ( 150.0000000000000000, 0.000000000000000000, 6.000000000000000000 ) ) ;
#1964 = DIRECTION ( 'NONE',  ( 1.000000000000000000, 0.000000000000000000, 0.000000000000000000 ) ) ;
#1965 = AXIS2_PLACEMENT_3D ( 'NONE', #1045, #261, #540 ) ;
#1966 = APPROVAL_PERSON_ORGANIZATION ( #1179, #632, #717 ) ;
#1967 = ORIENTED_EDGE ( 'NONE', *, *, #732, .T. ) ;
#1968 = FACE_BOUND ( 'NONE', #1739, .T. ) ;
#1969 = EDGE_CURVE ( 'NONE', #1074, #297, #830, .T. ) ;
#1970 = CARTESIAN_POINT ( 'NONE',  ( 150.0000000000000000, 0.000000000000000000, 0.000000000000000000 ) ) ;
#1971 = ORIENTED_EDGE ( 'NONE', *, *, #660, .F. ) ;
#1972 = EDGE_CURVE ( 'NONE', #464, #1212, #1748, .T. ) ;
#1973 = DIRECTION ( 'NONE',  ( -0.000000000000000000, -0.000000000000000000, 1.000000000000000000 ) ) ;
#1974 = DIRECTION ( 'NONE',  ( -1.000000000000000000, -1.096334072605612984E-16, 0.000000000000000000 ) ) ;
#1975 = VERTEX_POINT ( 'NONE', #504 ) ;
#1976 = DIRECTION ( 'NONE',  ( 1.000000000000000000, 2.219000446353665321E-14, 0.000000000000000000 ) ) ;
#1977 = CALENDAR_DATE ( 2026, 29, 4 ) ;
#1978 = ORIENTED_EDGE ( 'NONE', *, *, #694, .T. ) ;
#1979 = EDGE_CURVE ( 'NONE', #1868, #769, #1068, .T. ) ;
#1980 = CARTESIAN_POINT ( 'NONE',  ( 188.5191583333333085, 79.14627833301678095, -7.549999999999990941 ) ) ;
#1981 = DIRECTION ( 'NONE',  ( -0.000000000000000000, -0.000000000000000000, -1.000000000000000000 ) ) ;
#1982 = ORIENTED_EDGE ( 'NONE', *, *, #1207, .F. ) ;
#1983 = CARTESIAN_POINT ( 'NONE',  ( -47.50682655186825798, 75.89627833301673832, -32.44999999999999574 ) ) ;
#1984 = CARTESIAN_POINT ( 'NONE',  ( -37.50682655186825798, 117.2987783330167417, 6.000000000000000000 ) ) ;
#1985 = VECTOR ( 'NONE', #79, 1000.000000000000000 ) ;
#1986 = ORIENTED_EDGE ( 'NONE', *, *, #306, .F. ) ;
#1987 = VECTOR ( 'NONE', #1913, 1000.000000000000000 ) ;
#1988 = ADVANCED_FACE ( 'NONE', ( #1140 ), #885, .T. ) ;
#1989 = DIRECTION ( 'NONE',  ( 1.000000000000000000, 0.000000000000000000, 0.000000000000000000 ) ) ;
#1990 = AXIS2_PLACEMENT_3D ( 'NONE', #1150, #852, #1269 ) ;
#1991 = FACE_OUTER_BOUND ( 'NONE', #1084, .T. ) ;
#1992 = AXIS2_PLACEMENT_3D ( 'NONE', #144, #1419, #927 ) ;
#1993 = AXIS2_PLACEMENT_3D ( 'NONE', #1963, #724, #1989 ) ;
#1994 = AXIS2_PLACEMENT_3D ( 'NONE', #14, #1214, #442 ) ;
#1995 = EDGE_CURVE ( 'NONE', #541, #1524, #1395, .T. ) ;
#1996 = ORIENTED_EDGE ( 'NONE', *, *, #13, .T. ) ;
#1997 = CARTESIAN_POINT ( 'NONE',  ( 8.099999999999999645, 0.000000000000000000, 10.00000000000000000 ) ) ;
#1998 = AXIS2_PLACEMENT_3D ( 'NONE', #1386, #1250, #1885 ) ;
#1999 = CIRCLE ( 'NONE', #688, 3.999999999999996447 ) ;
#2000 = DIRECTION ( 'NONE',  ( 0.000000000000000000, 0.000000000000000000, 1.000000000000000000 ) ) ;
#2001 = ORIENTED_EDGE ( 'NONE', *, *, #24, .F. ) ;
#2002 = CARTESIAN_POINT ( 'NONE',  ( -44.50682655185190839, 117.2987783330167417, 6.261802326635590887 ) ) ;
#2003 = CARTESIAN_POINT ( 'NONE',  ( -37.50682655186823666, 79.14627833301673832, -32.44999999999999574 ) ) ;
#2004 = CARTESIAN_POINT ( 'NONE',  ( -41.50682655186824377, -35.31122166698327902, -4.000000000000000000 ) ) ;
#2005 = VERTEX_POINT ( 'NONE', #871 ) ;
#2006 = EDGE_CURVE ( 'NONE', #358, #1320, #322, .T. ) ;
#2007 = ORIENTED_EDGE ( 'NONE', *, *, #1293, .F. ) ;
#2008 = LINE ( 'NONE', #556, #2029 ) ;
#2009 = APPROVAL_DATE_TIME ( #928, #1794 ) ;
#2010 = ORIENTED_EDGE ( 'NONE', *, *, #1026, .F. ) ;
#2011 = CARTESIAN_POINT ( 'NONE',  ( -47.37889315481215391, 114.2667949837527175, 7.037130232810648423 ) ) ;
#2012 = DIRECTION ( 'NONE',  ( -0.000000000000000000, -0.000000000000000000, -1.000000000000000000 ) ) ;
#2013 = CARTESIAN_POINT ( 'NONE',  ( 184.5191583333332801, 4.688778333016715649, 0.000000000000000000 ) ) ;
#2014 = CARTESIAN_POINT ( 'NONE',  ( 88.51915833333254113, 113.3003955792409556, 0.000000000000000000 ) ) ;
#2015 = VERTEX_POINT ( 'NONE', #80 ) ;
#2016 = EDGE_CURVE ( 'NONE', #180, #783, #265, .T. ) ;
#2017 = CYLINDRICAL_SURFACE ( 'NONE', #1135, 3.249999999999999556 ) ;
#2018 = PERSON_AND_ORGANIZATION_ROLE ( 'creator' ) ;
#2019 = EDGE_LOOP ( 'NONE', ( #409, #1935, #1153, #1541, #1678 ) ) ;
#2020 = EDGE_CURVE ( 'NONE', #1320, #1975, #1821, .T. ) ;
#2021 = CARTESIAN_POINT ( 'NONE',  ( -38.97133917348624976, 116.8838183730097313, -6.946009002083950890 ) ) ;
#2022 = AXIS2_PLACEMENT_3D ( 'NONE', #2035, #1871, #1747 ) ;
#2023 = CARTESIAN_POINT ( 'NONE',  ( 75.79382500000001244, 99.65776232622010866, 10.00000000000000000 ) ) ;
#2024 = ADVANCED_FACE ( 'NONE', ( #246, #1049 ), #117, .T. ) ;
#2025 = AXIS2_PLACEMENT_3D ( 'NONE', #736, #1031, #1650 ) ;
#2026 = DIRECTION ( 'NONE',  ( 1.000000000000000000, -0.000000000000000000, 0.000000000000000000 ) ) ;
#2027 = DIRECTION ( 'NONE',  ( -1.000000000000000000, 6.938893903907222067E-15, 0.000000000000000000 ) ) ;
#2028 = ORIENTED_EDGE ( 'NONE', *, *, #1218, .F. ) ;
#2029 = VECTOR ( 'NONE', #1340, 1000.000000000000000 ) ;
#2030 = ORIENTED_EDGE ( 'NONE', *, *, #97, .F. ) ;
#2031 = CYLINDRICAL_SURFACE ( 'NONE', #643, 4.099999999999999645 ) ;
#2032 = AXIS2_PLACEMENT_3D ( 'NONE', #32, #42, #1744 ) ;
#2033 = ORIENTED_EDGE ( 'NONE', *, *, #1274, .T. ) ;
#2034 = CIRCLE ( 'NONE', #1731, 3.000000000000002665 ) ;
#2035 = CARTESIAN_POINT ( 'NONE',  ( 68.34049166666666508, 39.90355162252597410, 6.000000000000000000 ) ) ;
#2036 = CIRCLE ( 'NONE', #1201, 4.000000000000000000 ) ;
#2037 = EDGE_CURVE ( 'NONE', #1587, #295, #1466, .T. ) ;
#2038 = CARTESIAN_POINT ( 'NONE',  ( -47.50682655186825798, 82.39627833301673832, -32.44999999999999574 ) ) ;
ENDSEC;
END-ISO-10303-21;
