ISO-10303-21;
HEADER;
FILE_DESCRIPTION (( 'STEP AP203' ),
    '1' );
FILE_NAME ('EDM housing V3.STEP',
    '2026-04-21T00:16:27',
    ( '' ),
    ( '' ),
    'SwSTEP 2.0',
    'SolidWorks 2024',
    '' );
FILE_SCHEMA (( 'CONFIG_CONTROL_DESIGN' ));
ENDSEC;

DATA;
#1 = EDGE_CURVE ( 'NONE', #4885, #2185, #1015, .T. ) ;
#2 = CARTESIAN_POINT ( 'NONE',  ( -91.88000000000002387, 12.00000000000000000, 3.307903504090713926E-14 ) ) ;
#3 = AXIS2_PLACEMENT_3D ( 'NONE', #146, #567, #1419 ) ;
#4 = ORIENTED_EDGE ( 'NONE', *, *, #5030, .T. ) ;
#5 = CARTESIAN_POINT ( 'NONE',  ( -427.9162712043346346, -44.00000000000000711, 127.1526468289987690 ) ) ;
#6 = ORIENTED_EDGE ( 'NONE', *, *, #2644, .T. ) ;
#7 = DIRECTION ( 'NONE',  ( -1.000000000000000000, 0.000000000000000000, -0.000000000000000000 ) ) ;
#8 = VECTOR ( 'NONE', #4600, 1000.000000000000000 ) ;
#9 = VERTEX_POINT ( 'NONE', #118 ) ;
#10 = CARTESIAN_POINT ( 'NONE',  ( -123.5288743400210763, 4.638048689717169992, 45.85232401070531694 ) ) ;
#11 = LINE ( 'NONE', #5415, #5633 ) ;
#12 = ORIENTED_EDGE ( 'NONE', *, *, #4853, .T. ) ;
#13 = AXIS2_PLACEMENT_3D ( 'NONE', #2043, #3426, #2541 ) ;
#14 = LINE ( 'NONE', #3222, #3376 ) ;
#15 = DIRECTION ( 'NONE',  ( 0.000000000000000000, 0.000000000000000000, 1.000000000000000000 ) ) ;
#16 = ORIENTED_EDGE ( 'NONE', *, *, #3230, .F. ) ;
#17 = EDGE_CURVE ( 'NONE', #291, #4235, #607, .T. ) ;
#18 = EDGE_LOOP ( 'NONE', ( #276, #5352, #3179, #226 ) ) ;
#19 = CARTESIAN_POINT ( 'NONE',  ( -85.68000000000002103, 34.82500000000000284, 132.1026468289988145 ) ) ;
#20 = PLANE ( 'NONE',  #4898 ) ;
#21 = EDGE_CURVE ( 'NONE', #5579, #1138, #5004, .T. ) ;
#22 = PLANE ( 'NONE',  #2562 ) ;
#23 = AXIS2_PLACEMENT_3D ( 'NONE', #2831, #5092, #3723 ) ;
#24 = ORIENTED_EDGE ( 'NONE', *, *, #3330, .F. ) ;
#25 = PLANE ( 'NONE',  #4255 ) ;
#26 = CARTESIAN_POINT ( 'NONE',  ( 87.44047549843038780, 71.88982963552567185, 84.48015174927624571 ) ) ;
#27 = ORIENTED_EDGE ( 'NONE', *, *, #293, .T. ) ;
#28 = ORIENTED_EDGE ( 'NONE', *, *, #4902, .T. ) ;
#29 = CARTESIAN_POINT ( 'NONE',  ( 125.0000000000000000, -41.00000000000000000, 50.00000000000000000 ) ) ;
#30 = ORIENTED_EDGE ( 'NONE', *, *, #5597, .F. ) ;
#31 = EDGE_LOOP ( 'NONE', ( #1643, #1441 ) ) ;
#32 = ADVANCED_FACE ( 'NONE', ( #2835 ), #1067, .T. ) ;
#33 = ADVANCED_FACE ( 'NONE', ( #4602 ), #3727, .F. ) ;
#34 = DIRECTION ( 'NONE',  ( 0.000000000000000000, 1.000000000000000000, -0.000000000000000000 ) ) ;
#35 = DIRECTION ( 'NONE',  ( -0.000000000000000000, -0.000000000000000000, 1.000000000000000000 ) ) ;
#36 = CARTESIAN_POINT ( 'NONE',  ( 125.0000000000000000, 15.00000000000000000, 35.00000000000000000 ) ) ;
#37 = VERTEX_POINT ( 'NONE', #4495 ) ;
#38 = DIRECTION ( 'NONE',  ( -0.000000000000000000, 1.000000000000000000, -0.000000000000000000 ) ) ;
#39 = CARTESIAN_POINT ( 'NONE',  ( 0.000000000000000000, 0.000000000000000000, 0.000000000000000000 ) ) ;
#40 = ORIENTED_EDGE ( 'NONE', *, *, #3369, .T. ) ;
#41 = LINE ( 'NONE', #3659, #5199 ) ;
#42 = CARTESIAN_POINT ( 'NONE',  ( -125.0000000000000000, 21.19999999999999574, 76.34000000000004604 ) ) ;
#43 = ORIENTED_EDGE ( 'NONE', *, *, #467, .T. ) ;
#44 = ORIENTED_EDGE ( 'NONE', *, *, #2486, .F. ) ;
#45 = LINE ( 'NONE', #1849, #1894 ) ;
#46 = DIRECTION ( 'NONE',  ( 0.000000000000000000, 1.000000000000000000, -0.000000000000000000 ) ) ;
#47 = CARTESIAN_POINT ( 'NONE',  ( -120.0000000000000000, -10.00000000000000178, 30.00000000000000355 ) ) ;
#48 = AXIS2_PLACEMENT_3D ( 'NONE', #3752, #1469, #2916 ) ;
#49 = CARTESIAN_POINT ( 'NONE',  ( 95.00000000000002842, -56.00000000000002132, 76.34000000000000341 ) ) ;
#50 = CARTESIAN_POINT ( 'NONE',  ( -96.25341087455964839, 47.36499999999998067, 92.00000000000000000 ) ) ;
#51 = CARTESIAN_POINT ( 'NONE',  ( 0.000000000000000000, 65.20000000000000284, 50.46060798583054918 ) ) ;
#52 = EDGE_CURVE ( 'NONE', #4341, #117, #5095, .T. ) ;
#53 = ORIENTED_EDGE ( 'NONE', *, *, #3471, .T. ) ;
#54 = AXIS2_PLACEMENT_3D ( 'NONE', #4372, #2701, #4893 ) ;
#55 = AXIS2_PLACEMENT_3D ( 'NONE', #197, #1489, #4687 ) ;
#56 = CARTESIAN_POINT ( 'NONE',  ( 122.1710239991125064, 65.20000000000001705, 51.08305170246357108 ) ) ;
#57 = ORIENTED_EDGE ( 'NONE', *, *, #903, .T. ) ;
#58 = ORIENTED_EDGE ( 'NONE', *, *, #5789, .F. ) ;
#59 = CIRCLE ( 'NONE', #3379, 11.81752562247286420 ) ;
#60 = LINE ( 'NONE', #4635, #4127 ) ;
#61 = CARTESIAN_POINT ( 'NONE',  ( 95.00000000000002842, -56.00000000000002132, 79.58999999999998920 ) ) ;
#62 = CIRCLE ( 'NONE', #4518, 5.049999999999998934 ) ;
#64 = EDGE_LOOP ( 'NONE', ( #5679, #1334, #2221, #5066 ) ) ;
#63 = EDGE_CURVE ( 'NONE', #2605, #1417, #1300, .T. ) ;
#65 = CARTESIAN_POINT ( 'NONE',  ( -151.1134264996598517, -0.1189990620367805674, 31.65948979877351732 ) ) ;
#66 = LINE ( 'NONE', #993, #200 ) ;
#67 = VERTEX_POINT ( 'NONE', #4244 ) ;
#68 = AXIS2_PLACEMENT_3D ( 'NONE', #2899, #4705, #1978 ) ;
#69 = DIRECTION ( 'NONE',  ( 0.000000000000000000, 0.000000000000000000, 1.000000000000000000 ) ) ;
#70 = DIRECTION ( 'NONE',  ( 0.000000000000000000, 0.000000000000000000, 1.000000000000000000 ) ) ;
#71 = ORIENTED_EDGE ( 'NONE', *, *, #1439, .T. ) ;
#72 = FACE_OUTER_BOUND ( 'NONE', #3864, .T. ) ;
#73 = VERTEX_POINT ( 'NONE', #222 ) ;
#74 = CYLINDRICAL_SURFACE ( 'NONE', #4267, 2.400000000000003020 ) ;
#75 = CIRCLE ( 'NONE', #5125, 10.00000000000000888 ) ;
#76 = VERTEX_POINT ( 'NONE', #4745 ) ;
#77 = LINE ( 'NONE', #4623, #5913 ) ;
#78 = DIRECTION ( 'NONE',  ( -0.000000000000000000, -0.000000000000000000, 1.000000000000000000 ) ) ;
#79 = CYLINDRICAL_SURFACE ( 'NONE', #3237, 1.499999999999997335 ) ;
#80 = CARTESIAN_POINT ( 'NONE',  ( 86.32867368852956247, 72.20000000000001705, 82.00000000000000000 ) ) ;
#81 = CARTESIAN_POINT ( 'NONE',  ( -145.0000000000000000, 0.000000000000000000, 82.00000000000000000 ) ) ;
#82 = EDGE_CURVE ( 'NONE', #1370, #3760, #3366, .T. ) ;
#83 = CARTESIAN_POINT ( 'NONE',  ( 119.7696960070847325, 65.20000000000000284, 50.46060798583054918 ) ) ;
#84 = EDGE_CURVE ( 'NONE', #3357, #397, #4897, .T. ) ;
#85 = ORIENTED_EDGE ( 'NONE', *, *, #1465, .T. ) ;
#86 = CARTESIAN_POINT ( 'NONE',  ( -129.5775698461737875, 5.579233922548252345, 46.98525482815416865 ) ) ;
#87 = AXIS2_PLACEMENT_3D ( 'NONE', #3348, #5205, #4835 ) ;
#88 = CARTESIAN_POINT ( 'NONE',  ( 95.00000000000002842, -41.00000000000000000, 82.83999999999998920 ) ) ;
#89 = DIRECTION ( 'NONE',  ( 0.000000000000000000, 0.000000000000000000, 1.000000000000000000 ) ) ;
#90 = VECTOR ( 'NONE', #3861, 1000.000000000000000 ) ;
#91 = CIRCLE ( 'NONE', #4549, 5.169999999999987494 ) ;
#92 = DIRECTION ( 'NONE',  ( 0.000000000000000000, 1.000000000000000000, -0.000000000000000000 ) ) ;
#93 = LINE ( 'NONE', #2811, #2374 ) ;
#94 = EDGE_LOOP ( 'NONE', ( #2309, #4634, #2577, #4913 ) ) ;
#95 = CARTESIAN_POINT ( 'NONE',  ( -96.25341087455964839, 47.36499999999998067, 50.00000000000000000 ) ) ;
#96 = AXIS2_PLACEMENT_3D ( 'NONE', #2362, #4140, #4163 ) ;
#97 = CARTESIAN_POINT ( 'NONE',  ( 0.000000000000000000, 12.00000000000000000, 22.87999999999999901 ) ) ;
#98 = ORIENTED_EDGE ( 'NONE', *, *, #5637, .T. ) ;
#99 = ORIENTED_EDGE ( 'NONE', *, *, #5353, .F. ) ;
#100 = CARTESIAN_POINT ( 'NONE',  ( 0.000000000000000000, 15.00000000000000000, 50.00000000000000000 ) ) ;
#101 = ORIENTED_EDGE ( 'NONE', *, *, #4591, .T. ) ;
#102 = AXIS2_PLACEMENT_3D ( 'NONE', #5503, #5474, #1392 ) ;
#103 = APPLICATION_CONTEXT ( 'configuration controlled 3d designs of mechanical parts and assemblies' ) ;
#104 = DIRECTION ( 'NONE',  ( -0.000000000000000000, 1.000000000000000000, -0.000000000000000000 ) ) ;
#105 = EDGE_CURVE ( 'NONE', #628, #1177, #5571, .T. ) ;
#106 = EDGE_CURVE ( 'NONE', #3026, #3816, #1459, .T. ) ;
#107 = CARTESIAN_POINT ( 'NONE',  ( -131.8394290387159629, 71.58998477070200295, 85.45955060492414646 ) ) ;
#108 = AXIS2_PLACEMENT_3D ( 'NONE', #3275, #3250, #5587 ) ;
#109 = CARTESIAN_POINT ( 'NONE',  ( -116.6363715046965268, 72.16506615998719099, 82.95114020932214771 ) ) ;
#110 = DIRECTION ( 'NONE',  ( -0.000000000000000000, 1.000000000000000000, -0.000000000000000000 ) ) ;
#111 = AXIS2_PLACEMENT_3D ( 'NONE', #4578, #2839, #2315 ) ;
#112 = CARTESIAN_POINT ( 'NONE',  ( 90.33896155556107033, 70.68192088104959225, 87.30373377692097847 ) ) ;
#113 = AXIS2_PLACEMENT_3D ( 'NONE', #2161, #443, #5005 ) ;
#114 = LINE ( 'NONE', #1910, #396 ) ;
#115 = AXIS2_PLACEMENT_3D ( 'NONE', #288, #3868, #4721 ) ;
#116 = LINE ( 'NONE', #3213, #4945 ) ;
#117 = VERTEX_POINT ( 'NONE', #1143 ) ;
#118 = CARTESIAN_POINT ( 'NONE',  ( 95.00000000000002842, 47.20000000000001705, 76.34000000000000341 ) ) ;
#119 = CARTESIAN_POINT ( 'NONE',  ( -427.9162712043346346, -44.00000000000000711, 122.1026468289988145 ) ) ;
#120 = PLANE ( 'NONE',  #166 ) ;
#121 = EDGE_CURVE ( 'NONE', #5491, #4145, #3656, .T. ) ;
#122 = FACE_BOUND ( 'NONE', #5420, .T. ) ;
#123 = DIRECTION ( 'NONE',  ( 0.000000000000000000, 0.000000000000000000, -1.000000000000000000 ) ) ;
#124 = EDGE_LOOP ( 'NONE', ( #3927, #4431, #4338, #1895 ) ) ;
#125 = DIRECTION ( 'NONE',  ( -1.000000000000000000, 0.000000000000000000, 0.000000000000000000 ) ) ;
#126 = CARTESIAN_POINT ( 'NONE',  ( -101.3034108745596455, 47.36499999999998067, -49.99999999999998579 ) ) ;
#127 = ADVANCED_FACE ( 'NONE', ( #584 ), #2483, .F. ) ;
#128 = FACE_OUTER_BOUND ( 'NONE', #2020, .T. ) ;
#129 = CARTESIAN_POINT ( 'NONE',  ( -130.5000000000000000, 24.69999999999999929, 25.50000000000000355 ) ) ;
#130 = EDGE_CURVE ( 'NONE', #3085, #2704, #2518, .T. ) ;
#131 = DIRECTION ( 'NONE',  ( 0.000000000000000000, 1.000000000000000000, 0.000000000000000000 ) ) ;
#132 = ORIENTED_EDGE ( 'NONE', *, *, #2616, .T. ) ;
#133 = DIRECTION ( 'NONE',  ( -0.000000000000000000, 1.000000000000000000, -0.000000000000000000 ) ) ;
#134 = CARTESIAN_POINT ( 'NONE',  ( -125.0000000000000000, -29.00000000000000355, 79.59000000000004604 ) ) ;
#135 = FACE_OUTER_BOUND ( 'NONE', #3716, .T. ) ;
#136 = DIRECTION ( 'NONE',  ( 0.000000000000000000, 0.000000000000000000, 1.000000000000000000 ) ) ;
#137 = ORIENTED_EDGE ( 'NONE', *, *, #3305, .F. ) ;
#138 = ADVANCED_FACE ( 'NONE', ( #5602 ), #1487, .T. ) ;
#139 = CARTESIAN_POINT ( 'NONE',  ( -130.5000000000000000, 0.000000000000000000, 3.999999999999989786 ) ) ;
#140 = FACE_OUTER_BOUND ( 'NONE', #4746, .T. ) ;
#141 = CARTESIAN_POINT ( 'NONE',  ( -128.6477340583764146, 5.648008046180892805, 46.92512924817282283 ) ) ;
#142 = VECTOR ( 'NONE', #2982, 1000.000000000000000 ) ;
#143 = AXIS2_PLACEMENT_3D ( 'NONE', #5629, #1087, #3743 ) ;
#144 = DIRECTION ( 'NONE',  ( 0.000000000000000000, 0.000000000000000000, -1.000000000000000000 ) ) ;
#145 = DIRECTION ( 'NONE',  ( 0.000000000000000000, 0.000000000000000000, 1.000000000000000000 ) ) ;
#146 = CARTESIAN_POINT ( 'NONE',  ( -662.9162712043346346, -44.00000000000000711, 82.10264682899880029 ) ) ;
#147 = AXIS2_PLACEMENT_3D ( 'NONE', #2437, #2409, #1562 ) ;
#148 = DIRECTION ( 'NONE',  ( -0.000000000000000000, 1.000000000000000000, -0.000000000000000000 ) ) ;
#149 = ORIENTED_EDGE ( 'NONE', *, *, #4595, .T. ) ;
#150 = CARTESIAN_POINT ( 'NONE',  ( -512.9162712043346346, -41.00000000000000000, 82.10264682899880029 ) ) ;
#151 = VERTEX_POINT ( 'NONE', #1059 ) ;
#152 = CARTESIAN_POINT ( 'NONE',  ( -125.0000000000000000, -41.00000000000000000, 79.59000000000004604 ) ) ;
#153 = ADVANCED_FACE ( 'NONE', ( #1960 ), #1518, .T. ) ;
#154 = CARTESIAN_POINT ( 'NONE',  ( -85.68000000000002103, 34.82500000000000284, -49.99999999999998579 ) ) ;
#155 = CIRCLE ( 'NONE', #3106, 4.999999999999997335 ) ;
#156 = DIRECTION ( 'NONE',  ( 0.000000000000000000, 0.000000000000000000, 1.000000000000000000 ) ) ;
#157 = VERTEX_POINT ( 'NONE', #4840 ) ;
#158 = AXIS2_PLACEMENT_3D ( 'NONE', #2964, #2509, #1169 ) ;
#159 = ADVANCED_FACE ( 'NONE', ( #3986 ), #802, .T. ) ;
#160 = CYLINDRICAL_SURFACE ( 'NONE', #5341, 21.50000000000001066 ) ;
#161 = PLANE ( 'NONE',  #5596 ) ;
#162 = EDGE_LOOP ( 'NONE', ( #2627, #1153, #2118, #1567 ) ) ;
#163 = CIRCLE ( 'NONE', #4427, 21.50000000000001066 ) ;
#164 = DIRECTION ( 'NONE',  ( 1.000000000000000000, -0.000000000000000000, 0.000000000000000000 ) ) ;
#165 = ADVANCED_FACE ( 'NONE', ( #2580 ), #4377, .F. ) ;
#166 = AXIS2_PLACEMENT_3D ( 'NONE', #5556, #1444, #7 ) ;
#167 = DIRECTION ( 'NONE',  ( 0.000000000000000000, -1.000000000000000000, 0.000000000000000000 ) ) ;
#168 = ADVANCED_FACE ( 'NONE', ( #4778 ), #701, .F. ) ;
#169 =( BOUNDED_CURVE ( )  B_SPLINE_CURVE ( 3, ( #3475, #1183, #1211, #3761 ),
 .UNSPECIFIED., .F., .F. ) 
 B_SPLINE_CURVE_WITH_KNOTS ( ( 4, 4 ),
 ( 0.000000000000000000, 0.3046926540153966356 ),
 .UNSPECIFIED. ) 
 CURVE ( )  GEOMETRIC_REPRESENTATION_ITEM ( )  RATIONAL_B_SPLINE_CURVE ( ( 1.000000000000000000, 0.9922784838777378713, 0.9922784838777378713, 1.000000000000000000 ) ) 
 REPRESENTATION_ITEM ( '' )  );
#170 = CARTESIAN_POINT ( 'NONE',  ( -5.254798149870912205, 12.00000000000000000, 1.366239024893920240 ) ) ;
#171 = DIRECTION ( 'NONE',  ( -1.010328182681356408E-16, 0.000000000000000000, -1.000000000000000000 ) ) ;
#172 = CARTESIAN_POINT ( 'NONE',  ( -125.0000000000000000, 5.117814810189809549, 46.28460969082654231 ) ) ;
#173 = CARTESIAN_POINT ( 'NONE',  ( -77.59000000000001762, 34.82500000000000284, 50.00000000000000000 ) ) ;
#174 = EDGE_CURVE ( 'NONE', #3224, #5175, #2051, .T. ) ;
#175 = CARTESIAN_POINT ( 'NONE',  ( -687.9162712043346346, -44.00000000000000711, 122.1026468289988145 ) ) ;
#176 = ORIENTED_EDGE ( 'NONE', *, *, #3581, .T. ) ;
#177 = FACE_OUTER_BOUND ( 'NONE', #2547, .T. ) ;
#178 = DIRECTION ( 'NONE',  ( -0.000000000000000000, 1.000000000000000000, -0.000000000000000000 ) ) ;
#179 = ORIENTED_EDGE ( 'NONE', *, *, #4708, .F. ) ;
#180 = CARTESIAN_POINT ( 'NONE',  ( -79.25479814987090776, 0.000000000000000000, -18.13376097510607821 ) ) ;
#181 = LINE ( 'NONE', #4201, #2911 ) ;
#182 = DIRECTION ( 'NONE',  ( -1.000000000000000000, 0.000000000000000000, -0.000000000000000000 ) ) ;
#183 = CIRCLE ( 'NONE', #5713, 5.049999999999998934 ) ;
#184 = DIRECTION ( 'NONE',  ( 0.000000000000000000, 0.000000000000000000, -1.000000000000000000 ) ) ;
#185 = ORIENTED_EDGE ( 'NONE', *, *, #791, .F. ) ;
#186 = CARTESIAN_POINT ( 'NONE',  ( -402.3928805127287092, -4.000000000000000000, -258.6678609108982982 ) ) ;
#187 = DIRECTION ( 'NONE',  ( 0.000000000000000000, 1.000000000000000000, -0.000000000000000000 ) ) ;
#188 = ORIENTED_EDGE ( 'NONE', *, *, #1488, .T. ) ;
#189 = ADVANCED_FACE ( 'NONE', ( #4586, #3578 ), #518, .T. ) ;
#190 = CARTESIAN_POINT ( 'NONE',  ( -325.7799143269008937, 6.000000000000000000, -285.2036113549480092 ) ) ;
#191 = VECTOR ( 'NONE', #1734, 1000.000000000000000 ) ;
#192 = CARTESIAN_POINT ( 'NONE',  ( -124.0077120216579232, 69.75787412904584528, 88.54906157446288262 ) ) ;
#193 = EDGE_CURVE ( 'NONE', #5314, #2717, #4130, .T. ) ;
#194 = ORIENTED_EDGE ( 'NONE', *, *, #1747, .F. ) ;
#195 = ORIENTED_EDGE ( 'NONE', *, *, #4735, .F. ) ;
#196 = LINE ( 'NONE', #2515, #1513 ) ;
#197 = CARTESIAN_POINT ( 'NONE',  ( -101.3034108745596455, 47.36499999999998067, 132.1026468289988145 ) ) ;
#198 = DIRECTION ( 'NONE',  ( -0.000000000000000000, 1.000000000000000000, -0.000000000000000000 ) ) ;
#199 = AXIS2_PLACEMENT_3D ( 'NONE', #3657, #1780, #4482 ) ;
#200 = VECTOR ( 'NONE', #4611, 1000.000000000000000 ) ;
#201 = DIRECTION ( 'NONE',  ( -0.000000000000000000, -1.000000000000000000, -0.000000000000000000 ) ) ;
#202 = DIRECTION ( 'NONE',  ( 0.000000000000000000, 1.000000000000000000, -0.000000000000000000 ) ) ;
#203 = CARTESIAN_POINT ( 'NONE',  ( -91.88000000000000966, 12.00000000000000000, 18.71368848543034247 ) ) ;
#204 = DIRECTION ( 'NONE',  ( 0.000000000000000000, 0.000000000000000000, 1.000000000000000000 ) ) ;
#205 = CARTESIAN_POINT ( 'NONE',  ( -125.0000000000000000, -56.00000000000002132, 76.34000000000004604 ) ) ;
#206 = DIRECTION ( 'NONE',  ( 0.000000000000000000, 8.673617379884035472E-16, 1.000000000000000000 ) ) ;
#207 = EDGE_CURVE ( 'NONE', #5515, #5757, #4113, .T. ) ;
#208 = DIRECTION ( 'NONE',  ( -0.000000000000000000, -1.000000000000000000, -0.000000000000000000 ) ) ;
#209 = EDGE_CURVE ( 'NONE', #2120, #860, #4931, .T. ) ;
#210 = ORIENTED_EDGE ( 'NONE', *, *, #4684, .F. ) ;
#211 = ORIENTED_EDGE ( 'NONE', *, *, #2369, .T. ) ;
#212 = CARTESIAN_POINT ( 'NONE',  ( 0.000000000000000000, -44.00000000000000711, 0.000000000000000000 ) ) ;
#213 = CARTESIAN_POINT ( 'NONE',  ( -27.65792282279827674, -10.00000000000000888, 18.18247437752713935 ) ) ;
#214 = CARTESIAN_POINT ( 'NONE',  ( -5.254798149870912205, 0.000000000000000000, -16.63376097510607821 ) ) ;
#215 = ORIENTED_EDGE ( 'NONE', *, *, #52, .F. ) ;
#216 = CARTESIAN_POINT ( 'NONE',  ( -151.0005711894322928, 0.7382464722099335575, 49.15638453138218722 ) ) ;
#217 = CARTESIAN_POINT ( 'NONE',  ( 61.08999999999998920, 31.85000000000000497, -80.00000000000000000 ) ) ;
#218 = ORIENTED_EDGE ( 'NONE', *, *, #4438, .F. ) ;
#219 = CARTESIAN_POINT ( 'NONE',  ( -402.3928805127287092, -4.000000000000000000, -221.5678609108982471 ) ) ;
#220 = CYLINDRICAL_SURFACE ( 'NONE', #448, 5.049999999999998934 ) ;
#221 = ORIENTED_EDGE ( 'NONE', *, *, #1242, .F. ) ;
#222 = CARTESIAN_POINT ( 'NONE',  ( 30.00000000000000000, -41.00000000000000000, 30.00000000000000355 ) ) ;
#223 = EDGE_LOOP ( 'NONE', ( #5893, #1146 ) ) ;
#224 = ORIENTED_EDGE ( 'NONE', *, *, #3156, .T. ) ;
#225 = DIRECTION ( 'NONE',  ( 0.000000000000000000, 1.000000000000000000, 0.000000000000000000 ) ) ;
#226 = ORIENTED_EDGE ( 'NONE', *, *, #1747, .T. ) ;
#227 = DIRECTION ( 'NONE',  ( 0.000000000000000000, 0.000000000000000000, -1.000000000000000000 ) ) ;
#228 = AXIS2_PLACEMENT_3D ( 'NONE', #3964, #3153, #1735 ) ;
#229 = EDGE_CURVE ( 'NONE', #2397, #4872, #3827, .T. ) ;
#230 = EDGE_CURVE ( 'NONE', #4946, #1957, #3647, .T. ) ;
#231 = DIRECTION ( 'NONE',  ( 0.000000000000000000, -1.000000000000000000, -0.000000000000000000 ) ) ;
#232 =( NAMED_UNIT ( * ) SI_UNIT ( $, .STERADIAN. ) SOLID_ANGLE_UNIT ( ) );
#233 = DIRECTION ( 'NONE',  ( -0.000000000000000000, 1.000000000000000000, -0.000000000000000000 ) ) ;
#234 = ADVANCED_FACE ( 'NONE', ( #4618, #5111 ), #3364, .T. ) ;
#235 = DIRECTION ( 'NONE',  ( 0.000000000000000000, 0.000000000000000000, 1.000000000000000000 ) ) ;
#236 = ORIENTED_EDGE ( 'NONE', *, *, #1176, .T. ) ;
#237 = AXIS2_PLACEMENT_3D ( 'NONE', #2395, #806, #742 ) ;
#238 = DIRECTION ( 'NONE',  ( 0.000000000000000000, 0.000000000000000000, -1.000000000000000000 ) ) ;
#239 = CARTESIAN_POINT ( 'NONE',  ( 115.0000000000000284, 62.20000000000000995, 56.50000000000000711 ) ) ;
#240 = EDGE_CURVE ( 'NONE', #1595, #5539, #3232, .T. ) ;
#241 = CIRCLE ( 'NONE', #3740, 11.81752562247285709 ) ;
#242 = ORIENTED_EDGE ( 'NONE', *, *, #3321, .F. ) ;
#243 = CARTESIAN_POINT ( 'NONE',  ( -152.4046861747428068, 3.254481430429361222, 57.24681610314931390 ) ) ;
#244 = DIRECTION ( 'NONE',  ( -0.000000000000000000, 1.000000000000000000, 0.000000000000000000 ) ) ;
#245 = VERTEX_POINT ( 'NONE', #3482 ) ;
#246 = AXIS2_PLACEMENT_3D ( 'NONE', #2253, #5888, #988 ) ;
#247 = DIRECTION ( 'NONE',  ( 0.000000000000000000, 0.000000000000000000, -1.000000000000000000 ) ) ;
#248 = FACE_OUTER_BOUND ( 'NONE', #3863, .T. ) ;
#249 = ORIENTED_EDGE ( 'NONE', *, *, #5630, .T. ) ;
#250 = DIRECTION ( 'NONE',  ( 0.000000000000000000, 0.000000000000000000, -1.000000000000000000 ) ) ;
#251 = CIRCLE ( 'NONE', #1474, 9.999999999999994671 ) ;
#252 = VERTEX_POINT ( 'NONE', #3971 ) ;
#253 = ORIENTED_EDGE ( 'NONE', *, *, #2769, .F. ) ;
#254 = CARTESIAN_POINT ( 'NONE',  ( -119.8980561989715596, 62.20000000000000995, 56.50000000000003553 ) ) ;
#255 = VERTEX_POINT ( 'NONE', #4914 ) ;
#256 = DIRECTION ( 'NONE',  ( 0.000000000000000000, 1.000000000000000000, 0.000000000000000000 ) ) ;
#257 = AXIS2_PLACEMENT_3D ( 'NONE', #5704, #4736, #1591 ) ;
#258 = EDGE_LOOP ( 'NONE', ( #3592, #304, #1952, #5616, #425, #819 ) ) ;
#259 = LINE ( 'NONE', #2057, #2861 ) ;
#260 = AXIS2_PLACEMENT_3D ( 'NONE', #4694, #1495, #204 ) ;
#261 = EDGE_CURVE ( 'NONE', #5683, #2877, #924, .T. ) ;
#262 = FACE_OUTER_BOUND ( 'NONE', #585, .T. ) ;
#263 = DIRECTION ( 'NONE',  ( 0.000000000000000000, 1.000000000000000000, -0.000000000000000000 ) ) ;
#264 = ADVANCED_FACE ( 'NONE', ( #327 ), #2599, .F. ) ;
#265 = LINE ( 'NONE', #2496, #4827 ) ;
#266 = CARTESIAN_POINT ( 'NONE',  ( -417.9162712043346346, -41.00000000000000000, 132.1026468289988145 ) ) ;
#267 = ADVANCED_FACE ( 'NONE', ( #4326 ), #2661, .F. ) ;
#268 = DIRECTION ( 'NONE',  ( -0.000000000000000000, 1.000000000000000000, -0.000000000000000000 ) ) ;
#269 = VERTEX_POINT ( 'NONE', #1162 ) ;
#270 = CARTESIAN_POINT ( 'NONE',  ( -16.95026613060821319, 0.000000000000000000, 35.00000000000000000 ) ) ;
#271 = DIRECTION ( 'NONE',  ( 0.000000000000000000, 0.000000000000000000, 1.000000000000000000 ) ) ;
#272 = DIRECTION ( 'NONE',  ( 0.000000000000000000, 0.000000000000000000, 1.000000000000000000 ) ) ;
#273 = VERTEX_POINT ( 'NONE', #3044 ) ;
#274 = CARTESIAN_POINT ( 'NONE',  ( -155.0000000001362537, 5.674489516354878305, 65.86123949554927037 ) ) ;
#275 = CARTESIAN_POINT ( 'NONE',  ( -155.0000000000000000, 21.20000000000000284, 67.00000000000000000 ) ) ;
#276 = ORIENTED_EDGE ( 'NONE', *, *, #4684, .T. ) ;
#277 = CARTESIAN_POINT ( 'NONE',  ( 45.75706587302855155, 72.20000000000001705, -63.00000000000000000 ) ) ;
#278 = CIRCLE ( 'NONE', #3225, 21.50000000000001066 ) ;
#279 = CARTESIAN_POINT ( 'NONE',  ( -79.25479814987089355, 0.000000000000000000, -0.1337609751060793439 ) ) ;
#280 = EDGE_LOOP ( 'NONE', ( #1786, #4451, #2225, #4731 ) ) ;
#281 = FACE_OUTER_BOUND ( 'NONE', #94, .T. ) ;
#282 = ORIENTED_EDGE ( 'NONE', *, *, #3931, .T. ) ;
#283 = AXIS2_PLACEMENT_3D ( 'NONE', #5101, #1021, #3417 ) ;
#284 = ORIENTED_EDGE ( 'NONE', *, *, #3694, .F. ) ;
#285 = CARTESIAN_POINT ( 'NONE',  ( -581.2799143269010074, 0.000000000000000000, -209.8036113549479751 ) ) ;
#286 = EDGE_CURVE ( 'NONE', #606, #1595, #1096, .T. ) ;
#287 = ORIENTED_EDGE ( 'NONE', *, *, #2974, .F. ) ;
#288 = CARTESIAN_POINT ( 'NONE',  ( -155.0000000000000000, 0.000000000000000000, 0.000000000000000000 ) ) ;
#289 = DIRECTION ( 'NONE',  ( 0.000000000000000000, -1.000000000000000000, -0.000000000000000000 ) ) ;
#290 = CIRCLE ( 'NONE', #3233, 5.170000000000000817 ) ;
#291 = VERTEX_POINT ( 'NONE', #4135 ) ;
#293 = EDGE_CURVE ( 'NONE', #4476, #5523, #925, .T. ) ;
#292 = FACE_BOUND ( 'NONE', #389, .T. ) ;
#294 = CARTESIAN_POINT ( 'NONE',  ( 124.5393920141694650, 65.20000000000000284, -63.00000000000001421 ) ) ;
#295 = FACE_OUTER_BOUND ( 'NONE', #3067, .T. ) ;
#296 = DIRECTION ( 'NONE',  ( 0.000000000000000000, 0.000000000000000000, 1.000000000000000000 ) ) ;
#297 = CALENDAR_DATE ( 2026, 20, 4 ) ;
#298 = VECTOR ( 'NONE', #1484, 1000.000000000000000 ) ;
#299 = CARTESIAN_POINT ( 'NONE',  ( 30.00000000000000000, -10.00000000000000178, -19.50000000000000355 ) ) ;
#300 = EDGE_LOOP ( 'NONE', ( #3867, #653 ) ) ;
#301 = AXIS2_PLACEMENT_3D ( 'NONE', #2280, #1294, #2653 ) ;
#302 = DIRECTION ( 'NONE',  ( 1.000000000000000000, 0.000000000000000000, 0.000000000000000000 ) ) ;
#303 = DIRECTION ( 'NONE',  ( 0.000000000000000000, 0.000000000000000000, 1.000000000000000000 ) ) ;
#304 = ORIENTED_EDGE ( 'NONE', *, *, #3938, .F. ) ;
#305 = ORIENTED_EDGE ( 'NONE', *, *, #4076, .F. ) ;
#306 = CARTESIAN_POINT ( 'NONE',  ( -155.0000000000000000, -0.3159685551072511922, 46.62221083498332774 ) ) ;
#307 = CARTESIAN_POINT ( 'NONE',  ( -77.59000000000001762, 34.82500000000000284, 92.00000000000000000 ) ) ;
#308 = EDGE_LOOP ( 'NONE', ( #3029, #3453, #2307, #3824 ) ) ;
#309 = EDGE_CURVE ( 'NONE', #2592, #3962, #3470, .T. ) ;
#310 = DIRECTION ( 'NONE',  ( 0.000000000000000000, 0.000000000000000000, 1.000000000000000000 ) ) ;
#311 = CARTESIAN_POINT ( 'NONE',  ( -91.88000000000002387, 12.00000000000000000, 3.307903504090713926E-14 ) ) ;
#312 = ORIENTED_EDGE ( 'NONE', *, *, #5637, .F. ) ;
#313 = EDGE_CURVE ( 'NONE', #1774, #4513, #5873, .T. ) ;
#314 = VERTEX_POINT ( 'NONE', #4334 ) ;
#315 = DIRECTION ( 'NONE',  ( 0.000000000000000000, -1.000000000000000000, 0.000000000000000000 ) ) ;
#316 = VERTEX_POINT ( 'NONE', #5146 ) ;
#317 = ORIENTED_EDGE ( 'NONE', *, *, #3945, .T. ) ;
#318 = DIRECTION ( 'NONE',  ( 0.000000000000000000, 0.000000000000000000, -1.000000000000000000 ) ) ;
#319 = EDGE_CURVE ( 'NONE', #4577, #1788, #4892, .T. ) ;
#320 = ORIENTED_EDGE ( 'NONE', *, *, #5171, .F. ) ;
#321 = CARTESIAN_POINT ( 'NONE',  ( 48.38703381417222005, 28.69999999999999929, -4.814249555950268267 ) ) ;
#322 = LINE ( 'NONE', #1800, #1283 ) ;
#323 = CARTESIAN_POINT ( 'NONE',  ( 48.38703381417222005, 4.699999999999999289, -4.814249555950268267 ) ) ;
#324 = CARTESIAN_POINT ( 'NONE',  ( -145.0000000000000284, 72.20000000000001705, -62.99999999999998579 ) ) ;
#325 = CARTESIAN_POINT ( 'NONE',  ( 48.38703381417222005, 28.69999999999999929, 16.68575044404972374 ) ) ;
#326 = EDGE_LOOP ( 'NONE', ( #5720, #5271, #779, #5680, #3481, #211, #3304 ) ) ;
#327 = FACE_OUTER_BOUND ( 'NONE', #1167, .T. ) ;
#328 = DIRECTION ( 'NONE',  ( 1.000000000000000000, 0.000000000000000000, 0.000000000000000000 ) ) ;
#329 = CARTESIAN_POINT ( 'NONE',  ( 48.38703381417222005, 28.69999999999999929, -4.814249555950268267 ) ) ;
#330 = ORIENTED_EDGE ( 'NONE', *, *, #193, .F. ) ;
#331 = ORIENTED_EDGE ( 'NONE', *, *, #5582, .T. ) ;
#332 = CARTESIAN_POINT ( 'NONE',  ( -152.6958725810879969, 3.932099048148411935, 58.85188462364956763 ) ) ;
#333 = CARTESIAN_POINT ( 'NONE',  ( -154.5885201307270904, 6.728129088398595137, 66.99999999999997158 ) ) ;
#334 = EDGE_LOOP ( 'NONE', ( #5479, #1304, #3243, #4410, #24, #4246, #2507 ) ) ;
#335 = ADVANCED_FACE ( 'NONE', ( #3724 ), #590, .T. ) ;
#336 = DIRECTION ( 'NONE',  ( -0.000000000000000000, -1.000000000000000000, -0.000000000000000000 ) ) ;
#337 = DIRECTION ( 'NONE',  ( 1.000000000000000000, 1.239088197126290694E-17, 0.000000000000000000 ) ) ;
#338 = AXIS2_PLACEMENT_3D ( 'NONE', #3361, #602, #5701 ) ;
#339 = AXIS2_PLACEMENT_3D ( 'NONE', #4565, #1856, #2854 ) ;
#340 = VERTEX_POINT ( 'NONE', #428 ) ;
#341 = ORIENTED_EDGE ( 'NONE', *, *, #2537, .T. ) ;
#342 = VERTEX_POINT ( 'NONE', #3901 ) ;
#343 = EDGE_CURVE ( 'NONE', #922, #1447, #2973, .T. ) ;
#344 = CIRCLE ( 'NONE', #4415, 11.81752562247286420 ) ;
#345 = EDGE_LOOP ( 'NONE', ( #1775, #4258, #4124, #3389 ) ) ;
#346 = LINE ( 'NONE', #466, #1157 ) ;
#347 = VECTOR ( 'NONE', #1142, 1000.000000000000000 ) ;
#348 = ORIENTED_EDGE ( 'NONE', *, *, #4685, .F. ) ;
#349 = PLANE ( 'NONE',  #1969 ) ;
#350 = CARTESIAN_POINT ( 'NONE',  ( -512.9162712043346346, -44.00000000000000711, 82.10264682899880029 ) ) ;
#351 = LINE ( 'NONE', #5489, #4170 ) ;
#352 = ADVANCED_FACE ( 'NONE', ( #5445, #2552 ), #1149, .T. ) ;
#353 = CARTESIAN_POINT ( 'NONE',  ( -130.5000000000000000, 28.69999999999999929, 44.05000000000001847 ) ) ;
#354 = PERSON_AND_ORGANIZATION ( #3763, #1772 ) ;
#355 = LINE ( 'NONE', #844, #5487 ) ;
#356 = CC_DESIGN_APPROVAL ( #3385, ( #4227 ) ) ;
#357 = DIRECTION ( 'NONE',  ( 0.000000000000000000, 0.000000000000000000, 1.000000000000000000 ) ) ;
#358 = ORIENTED_EDGE ( 'NONE', *, *, #1403, .F. ) ;
#359 = EDGE_CURVE ( 'NONE', #3899, #5055, #1463, .T. ) ;
#360 = CARTESIAN_POINT ( 'NONE',  ( -23.27602186806734963, 1.245314182136990411, 40.98923527917698095 ) ) ;
#361 = FACE_OUTER_BOUND ( 'NONE', #4208, .T. ) ;
#362 = FACE_BOUND ( 'NONE', #998, .T. ) ;
#363 = AXIS2_PLACEMENT_3D ( 'NONE', #5894, #5439, #1335 ) ;
#364 = DIRECTION ( 'NONE',  ( 0.000000000000000000, 1.000000000000000000, 0.000000000000000000 ) ) ;
#365 = VERTEX_POINT ( 'NONE', #1612 ) ;
#366 = CARTESIAN_POINT ( 'NONE',  ( -115.8392707922533162, 1.343604714117673016, 41.29799924086873375 ) ) ;
#367 = FACE_OUTER_BOUND ( 'NONE', #1847, .T. ) ;
#368 = DIRECTION ( 'NONE',  ( -1.000000000000000000, 0.000000000000000000, 0.000000000000000000 ) ) ;
#369 = LINE ( 'NONE', #2203, #2457 ) ;
#370 = CARTESIAN_POINT ( 'NONE',  ( 98.81970147989009945, 70.38371855879240968, 87.75325601491877592 ) ) ;
#371 = ORIENTED_EDGE ( 'NONE', *, *, #4172, .F. ) ;
#372 = VERTEX_POINT ( 'NONE', #3439 ) ;
#373 = DIRECTION ( 'NONE',  ( -0.000000000000000000, -1.000000000000000000, -0.000000000000000000 ) ) ;
#374 = LINE ( 'NONE', #1234, #4018 ) ;
#375 = AXIS2_PLACEMENT_3D ( 'NONE', #2609, #2641, #1723 ) ;
#376 = CARTESIAN_POINT ( 'NONE',  ( 115.0000000000000000, -41.00000000000000000, -80.00000000000000000 ) ) ;
#377 = ADVANCED_FACE ( 'NONE', ( #3031 ), #2590, .F. ) ;
#378 = AXIS2_PLACEMENT_3D ( 'NONE', #2951, #4288, #206 ) ;
#379 = EDGE_CURVE ( 'NONE', #2745, #4306, #1342, .T. ) ;
#380 = EDGE_LOOP ( 'NONE', ( #1299, #2322, #5646, #4206 ) ) ;
#381 = LINE ( 'NONE', #3935, #191 ) ;
#382 = CARTESIAN_POINT ( 'NONE',  ( -79.25479814987089355, 0.000000000000000000, -1.633760975106076874 ) ) ;
#383 = DIRECTION ( 'NONE',  ( 0.000000000000000000, 0.000000000000000000, -1.000000000000000000 ) ) ;
#384 = DIRECTION ( 'NONE',  ( -0.000000000000000000, 1.000000000000000000, -0.000000000000000000 ) ) ;
#385 = ORIENTED_EDGE ( 'NONE', *, *, #3754, .F. ) ;
#386 = AXIS2_PLACEMENT_3D ( 'NONE', #4833, #5708, #5808 ) ;
#387 = DIRECTION ( 'NONE',  ( -1.000000000000000000, 0.000000000000000000, 0.000000000000000000 ) ) ;
#388 = ORIENTED_EDGE ( 'NONE', *, *, #5844, .T. ) ;
#389 = EDGE_LOOP ( 'NONE', ( #3456, #218 ) ) ;
#390 = DIRECTION ( 'NONE',  ( 0.000000000000000000, 0.000000000000000000, -1.000000000000000000 ) ) ;
#391 = LINE ( 'NONE', #5890, #550 ) ;
#393 = ORIENTED_EDGE ( 'NONE', *, *, #319, .T. ) ;
#392 = EDGE_CURVE ( 'NONE', #1417, #3394, #5692, .T. ) ;
#394 = DIRECTION ( 'NONE',  ( 1.000000000000000000, 0.000000000000000000, 0.000000000000000000 ) ) ;
#395 = DIRECTION ( 'NONE',  ( -0.000000000000000000, -1.000000000000000000, -0.000000000000000000 ) ) ;
#396 = VECTOR ( 'NONE', #2798, 1000.000000000000000 ) ;
#397 = VERTEX_POINT ( 'NONE', #4520 ) ;
#398 = PLANE ( 'NONE',  #4204 ) ;
#399 = CARTESIAN_POINT ( 'NONE',  ( -697.9162712043346346, -44.00000000000000711, 132.1026468289988145 ) ) ;
#400 = ORIENTED_EDGE ( 'NONE', *, *, #4536, .T. ) ;
#401 = AXIS2_PLACEMENT_3D ( 'NONE', #2551, #1089, #3438 ) ;
#402 = ADVANCED_FACE ( 'NONE', ( #128 ), #4765, .F. ) ;
#403 = ORIENTED_EDGE ( 'NONE', *, *, #4312, .F. ) ;
#404 = CYLINDRICAL_SURFACE ( 'NONE', #1423, 8.999999999999994671 ) ;
#405 = CARTESIAN_POINT ( 'NONE',  ( 115.0000000000000284, 62.20000000000000995, 61.67499999999999716 ) ) ;
#406 = CARTESIAN_POINT ( 'NONE',  ( -142.0506799653383894, 0.7981529120347455875, 43.63748020073207812 ) ) ;
#407 = VERTEX_POINT ( 'NONE', #1532 ) ;
#408 = LINE ( 'NONE', #4440, #2950 ) ;
#409 = CARTESIAN_POINT ( 'NONE',  ( -150.0000000000000000, 0.000000000000000000, 34.55538513813746704 ) ) ;
#410 = DIRECTION ( 'NONE',  ( -1.000000000000000000, 0.000000000000000000, 0.000000000000000000 ) ) ;
#411 = CARTESIAN_POINT ( 'NONE',  ( -130.8176106039408353, 71.14959291647981843, 86.47343834245754124 ) ) ;
#412 = ORIENTED_EDGE ( 'NONE', *, *, #4316, .T. ) ;
#413 = COORDINATED_UNIVERSAL_TIME_OFFSET ( 8, 0, .BEHIND. ) ;
#414 = FACE_BOUND ( 'NONE', #5234, .T. ) ;
#415 = EDGE_CURVE ( 'NONE', #2717, #1477, #3098, .T. ) ;
#416 = VERTEX_POINT ( 'NONE', #5703 ) ;
#417 = FACE_BOUND ( 'NONE', #2413, .T. ) ;
#418 = PLANE ( 'NONE',  #2649 ) ;
#419 = CARTESIAN_POINT ( 'NONE',  ( 8.130000000000007887, 12.00000000000000000, -22.87999999999999901 ) ) ;
#420 = CARTESIAN_POINT ( 'NONE',  ( 125.0000000000000284, 0.000000000000000000, 92.00000000000000000 ) ) ;
#421 = ADVANCED_FACE ( 'NONE', ( #5197 ), #1104, .F. ) ;
#422 = EDGE_LOOP ( 'NONE', ( #412, #1257, #971, #5336 ) ) ;
#423 = FACE_OUTER_BOUND ( 'NONE', #3143, .T. ) ;
#424 = CARTESIAN_POINT ( 'NONE',  ( -72.79000000000002046, 0.000000000000000000, 0.000000000000000000 ) ) ;
#425 = ORIENTED_EDGE ( 'NONE', *, *, #746, .F. ) ;
#426 = CARTESIAN_POINT ( 'NONE',  ( -325.7799143269008937, 6.000000000000000000, -285.3036113549479751 ) ) ;
#427 = EDGE_CURVE ( 'NONE', #4858, #454, #691, .T. ) ;
#428 = CARTESIAN_POINT ( 'NONE',  ( -79.25479814987090776, 12.00000000000000000, -19.63376097510607465 ) ) ;
#429 = CARTESIAN_POINT ( 'NONE',  ( -155.0000000000000000, -29.00000000000000355, 67.00000000000000000 ) ) ;
#430 = ORIENTED_EDGE ( 'NONE', *, *, #4504, .T. ) ;
#431 = ORIENTED_EDGE ( 'NONE', *, *, #4550, .F. ) ;
#432 = ORIENTED_EDGE ( 'NONE', *, *, #1724, .T. ) ;
#433 = DIRECTION ( 'NONE',  ( 0.000000000000000000, 0.000000000000000000, -1.000000000000000000 ) ) ;
#434 = ORIENTED_EDGE ( 'NONE', *, *, #5791, .T. ) ;
#435 = CARTESIAN_POINT ( 'NONE',  ( 124.8086416775211518, 64.21145946095653301, -53.58387213707756302 ) ) ;
#436 = AXIS2_PLACEMENT_3D ( 'NONE', #2231, #4345, #1641 ) ;
#437 = DIRECTION ( 'NONE',  ( 0.000000000000000000, 0.000000000000000000, 1.000000000000000000 ) ) ;
#438 = AXIS2_PLACEMENT_3D ( 'NONE', #2844, #2381, #914 ) ;
#439 = AXIS2_PLACEMENT_3D ( 'NONE', #1706, #3530, #5372 ) ;
#440 = ORIENTED_EDGE ( 'NONE', *, *, #1933, .F. ) ;
#441 = DIRECTION ( 'NONE',  ( -0.000000000000000000, -1.000000000000000000, -0.000000000000000000 ) ) ;
#442 = CARTESIAN_POINT ( 'NONE',  ( 124.9999999999734115, 62.96668079638176607, 50.00000000002394529 ) ) ;
#443 = DIRECTION ( 'NONE',  ( 0.000000000000000000, 1.000000000000000000, 0.000000000000000000 ) ) ;
#444 = AXIS2_PLACEMENT_3D ( 'NONE', #1386, #508, #4114 ) ;
#445 = CARTESIAN_POINT ( 'NONE',  ( 48.38703381417222005, 24.59999999999999787, -4.814249555950268267 ) ) ;
#446 = ORIENTED_EDGE ( 'NONE', *, *, #4382, .F. ) ;
#447 = FACE_OUTER_BOUND ( 'NONE', #1778, .T. ) ;
#448 = AXIS2_PLACEMENT_3D ( 'NONE', #4337, #3801, #5687 ) ;
#449 = ORIENTED_EDGE ( 'NONE', *, *, #17, .F. ) ;
#450 = CYLINDRICAL_SURFACE ( 'NONE', #1197, 3.250000000000002665 ) ;
#451 = DIRECTION ( 'NONE',  ( 0.000000000000000000, 1.000000000000000000, 0.000000000000000000 ) ) ;
#452 = AXIS2_PLACEMENT_3D ( 'NONE', #329, #4861, #1686 ) ;
#453 = EDGE_CURVE ( 'NONE', #948, #1788, #5301, .T. ) ;
#454 = VERTEX_POINT ( 'NONE', #4291 ) ;
#455 = CARTESIAN_POINT ( 'NONE',  ( -124.2509214762398102, 4.891464175695808159, 46.08638937579703310 ) ) ;
#456 = FACE_OUTER_BOUND ( 'NONE', #2194, .T. ) ;
#457 = ORIENTED_EDGE ( 'NONE', *, *, #1763, .T. ) ;
#458 = PRODUCT_DEFINITION_FORMATION_WITH_SPECIFIED_SOURCE ( 'ANY', '', #2446, .NOT_KNOWN. ) ;
#459 = CARTESIAN_POINT ( 'NONE',  ( 95.00000000000002842, 72.20001200000000097, 79.58999999999998920 ) ) ;
#460 = CYLINDRICAL_SURFACE ( 'NONE', #938, 5.169999999999993712 ) ;
#461 = ORIENTED_EDGE ( 'NONE', *, *, #4438, .T. ) ;
#462 = EDGE_LOOP ( 'NONE', ( #562, #3663 ) ) ;
#463 = ORIENTED_EDGE ( 'NONE', *, *, #4468, .T. ) ;
#464 = CARTESIAN_POINT ( 'NONE',  ( -427.9162712043346346, -44.00000000000000711, 122.1026468289988145 ) ) ;
#465 = VERTEX_POINT ( 'NONE', #213 ) ;
#466 = CARTESIAN_POINT ( 'NONE',  ( 45.75706587302855155, 72.20000000000001705, -50.00000000000000000 ) ) ;
#467 = EDGE_CURVE ( 'NONE', #245, #2173, #3562, .T. ) ;
#468 = ORIENTED_EDGE ( 'NONE', *, *, #2942, .T. ) ;
#469 = EDGE_CURVE ( 'NONE', #2714, #1370, #5676, .T. ) ;
#470 = DIRECTION ( 'NONE',  ( 0.000000000000000000, 0.000000000000000000, 1.000000000000000000 ) ) ;
#471 = DIRECTION ( 'NONE',  ( -0.000000000000000000, 1.000000000000000000, -0.000000000000000000 ) ) ;
#472 = CARTESIAN_POINT ( 'NONE',  ( 86.95089193128929139, 72.06983958697085768, 83.62394132277933068 ) ) ;
#473 = CARTESIAN_POINT ( 'NONE',  ( 45.75706587302855155, 72.20000000000001705, -70.00000000000000000 ) ) ;
#474 = ORIENTED_EDGE ( 'NONE', *, *, #3392, .F. ) ;
#475 = VECTOR ( 'NONE', #5874, 1000.000000000000000 ) ;
#476 = EDGE_CURVE ( 'NONE', #5787, #3791, #1182, .T. ) ;
#477 = CIRCLE ( 'NONE', #2856, 5.175000000000020250 ) ;
#478 = AXIS2_PLACEMENT_3D ( 'NONE', #1526, #1555, #1159 ) ;
#479 = DIRECTION ( 'NONE',  ( 0.000000000000000000, 0.000000000000000000, 1.000000000000000000 ) ) ;
#480 = AXIS2_PLACEMENT_3D ( 'NONE', #1622, #784, #2561 ) ;
#481 = ORIENTED_EDGE ( 'NONE', *, *, #5747, .F. ) ;
#482 = DIRECTION ( 'NONE',  ( 0.000000000000000000, -1.000000000000000000, 0.000000000000000000 ) ) ;
#483 = CARTESIAN_POINT ( 'NONE',  ( -150.0000000000000000, 0.000000000000000000, 42.58342613226058404 ) ) ;
#484 = ORIENTED_EDGE ( 'NONE', *, *, #5473, .F. ) ;
#485 = CARTESIAN_POINT ( 'NONE',  ( -427.9162712043346346, -41.00000000000000000, 127.1526468289987690 ) ) ;
#486 = FACE_BOUND ( 'NONE', #1560, .T. ) ;
#487 = VERTEX_POINT ( 'NONE', #1582 ) ;
#488 = CARTESIAN_POINT ( 'NONE',  ( -662.9162712043346346, -41.00000000000000000, 32.60264682899880029 ) ) ;
#489 = AXIS2_PLACEMENT_3D ( 'NONE', #39, #4040, #4516 ) ;
#490 = APPROVAL ( #1296, 'UNSPECIFIED' ) ;
#491 = DIRECTION ( 'NONE',  ( 0.000000000000000000, 0.000000000000000000, 1.000000000000000000 ) ) ;
#492 = CARTESIAN_POINT ( 'NONE',  ( 95.00000000000002842, 47.20000000000000995, 88.58999999999998920 ) ) ;
#493 = ORIENTED_EDGE ( 'NONE', *, *, #1259, .T. ) ;
#494 = VERTEX_POINT ( 'NONE', #5727 ) ;
#495 = VECTOR ( 'NONE', #4182, 1000.000000000000000 ) ;
#496 = DIRECTION ( 'NONE',  ( 0.000000000000000000, 0.000000000000000000, -1.000000000000000000 ) ) ;
#497 = EDGE_LOOP ( 'NONE', ( #3630, #5112, #5222, #312, #4376 ) ) ;
#498 = EDGE_CURVE ( 'NONE', #3992, #5735, #1995, .T. ) ;
#499 = CARTESIAN_POINT ( 'NONE',  ( -417.9162712043346346, -41.00000000000000000, -27.89735317100119971 ) ) ;
#500 = CARTESIAN_POINT ( 'NONE',  ( -124.5026432380868755, 69.72142938542933166, 88.59000000000007446 ) ) ;
#501 = ORIENTED_EDGE ( 'NONE', *, *, #540, .F. ) ;
#502 = CARTESIAN_POINT ( 'NONE',  ( -145.0000000000000000, -41.00001200000000523, -45.17000000000000881 ) ) ;
#503 = PLANE ( 'NONE',  #23 ) ;
#504 = ADVANCED_FACE ( 'NONE', ( #711 ), #3442, .F. ) ;
#505 = CARTESIAN_POINT ( 'NONE',  ( 95.00000000000002842, -29.00000000000000000, 82.83999999999998920 ) ) ;
#506 = ORIENTED_EDGE ( 'NONE', *, *, #2612, .T. ) ;
#507 = ORIENTED_EDGE ( 'NONE', *, *, #1524, .T. ) ;
#508 = DIRECTION ( 'NONE',  ( 0.000000000000000000, 0.000000000000000000, 1.000000000000000000 ) ) ;
#509 = DIRECTION ( 'NONE',  ( -0.000000000000000000, -0.000000000000000000, 1.000000000000000000 ) ) ;
#510 = VERTEX_POINT ( 'NONE', #294 ) ;
#511 = DIRECTION ( 'NONE',  ( 0.000000000000000000, -0.000000000000000000, -1.000000000000000000 ) ) ;
#512 = CARTESIAN_POINT ( 'NONE',  ( -119.8980561989715596, 65.20000000000000284, 51.32500000000004547 ) ) ;
#513 = ORIENTED_EDGE ( 'NONE', *, *, #4688, .T. ) ;
#514 = CARTESIAN_POINT ( 'NONE',  ( 115.0000000000000000, 72.20000000000001705, 82.00000000000000000 ) ) ;
#515 = CARTESIAN_POINT ( 'NONE',  ( 61.08999999999998920, 31.85000000000000497, -50.00000000000000000 ) ) ;
#516 = ORIENTED_EDGE ( 'NONE', *, *, #379, .T. ) ;
#517 = EDGE_LOOP ( 'NONE', ( #5310, #1267 ) ) ;
#518 = PLANE ( 'NONE',  #4707 ) ;
#519 = DIRECTION ( 'NONE',  ( -0.000000000000000000, -0.000000000000000000, 1.000000000000000000 ) ) ;
#520 = ORIENTED_EDGE ( 'NONE', *, *, #4595, .F. ) ;
#521 = ADVANCED_FACE ( 'NONE', ( #2096 ), #5184, .F. ) ;
#522 = CARTESIAN_POINT ( 'NONE',  ( -145.0000000000000000, -38.00000000000000000, 70.00000000000000000 ) ) ;
#523 = DIRECTION ( 'NONE',  ( 0.000000000000000000, 1.000000000000000000, 0.000000000000000000 ) ) ;
#524 = EDGE_CURVE ( 'NONE', #5735, #5659, #4815, .T. ) ;
#525 = DIRECTION ( 'NONE',  ( 0.000000000000000000, 1.000000000000000000, 0.000000000000000000 ) ) ;
#526 = VECTOR ( 'NONE', #1759, 1000.000000000000000 ) ;
#527 = CARTESIAN_POINT ( 'NONE',  ( -155.0000000000000000, 62.20000000000000995, 80.00000000000000000 ) ) ;
#528 = CIRCLE ( 'NONE', #5394, 1.500000000000001332 ) ;
#529 = AXIS2_PLACEMENT_3D ( 'NONE', #36, #4117, #1867 ) ;
#530 = B_SPLINE_CURVE_WITH_KNOTS ( 'NONE', 3,
 ( #4188, #1930, #3747, #5520, #1490, #5153, #1062, #3211, #2885, #1406, #5065, #984 ),
 .UNSPECIFIED., .F., .F.,
 ( 4, 2, 2, 2, 2, 4 ),
 ( 0.000000000000000000, 0.006654738169687219457, 0.01330947633937443891, 0.01663684542421804691, 0.01996421450906165837, 0.02661895267874887783 ),
 .UNSPECIFIED. ) ;
#531 = CARTESIAN_POINT ( 'NONE',  ( -697.9162712043346346, -56.00000000000000711, 132.1026468289988145 ) ) ;
#532 = VERTEX_POINT ( 'NONE', #1645 ) ;
#533 = VECTOR ( 'NONE', #1443, 1000.000000000000000 ) ;
#534 = DIRECTION ( 'NONE',  ( 0.000000000000000000, -1.000000000000000000, 0.000000000000000000 ) ) ;
#535 = DIRECTION ( 'NONE',  ( 1.541976423090496028E-15, 0.000000000000000000, -1.000000000000000000 ) ) ;
#536 = VECTOR ( 'NONE', #3477, 1000.000000000000000 ) ;
#537 = ORIENTED_EDGE ( 'NONE', *, *, #3945, .F. ) ;
#538 = DIRECTION ( 'NONE',  ( 0.000000000000000000, -1.000000000000000000, 0.000000000000000000 ) ) ;
#539 = VERTEX_POINT ( 'NONE', #4724 ) ;
#540 = EDGE_CURVE ( 'NONE', #2252, #1245, #2521, .T. ) ;
#541 = ADVANCED_FACE ( 'NONE', ( #618 ), #1550, .T. ) ;
#542 = FACE_OUTER_BOUND ( 'NONE', #5127, .T. ) ;
#543 = ORIENTED_EDGE ( 'NONE', *, *, #4818, .T. ) ;
#544 = VECTOR ( 'NONE', #546, 1000.000000000000000 ) ;
#545 = LINE ( 'NONE', #2353, #3190 ) ;
#546 = DIRECTION ( 'NONE',  ( -0.000000000000000000, 0.000000000000000000, 1.000000000000000000 ) ) ;
#547 = ORIENTED_EDGE ( 'NONE', *, *, #2660, .F. ) ;
#548 = ORIENTED_EDGE ( 'NONE', *, *, #3297, .F. ) ;
#549 = CARTESIAN_POINT ( 'NONE',  ( -662.9162712043346346, -41.00000000000000000, 82.10264682899880029 ) ) ;
#550 = VECTOR ( 'NONE', #5357, 1000.000000000000000 ) ;
#551 = ORIENTED_EDGE ( 'NONE', *, *, #2716, .T. ) ;
#552 = DIRECTION ( 'NONE',  ( 0.000000000000000000, 0.000000000000000000, -1.000000000000000000 ) ) ;
#553 = FACE_BOUND ( 'NONE', #4507, .T. ) ;
#554 = CARTESIAN_POINT ( 'NONE',  ( -116.4632275470597307, 72.20000000000001705, 82.48413295177718396 ) ) ;
#555 = FACE_OUTER_BOUND ( 'NONE', #4962, .T. ) ;
#556 = CARTESIAN_POINT ( 'NONE',  ( 89.18238939605922155, 71.14959291647983264, 86.47343834245751282 ) ) ;
#557 = EDGE_CURVE ( 'NONE', #487, #3117, #3377, .T. ) ;
#558 = DIRECTION ( 'NONE',  ( 0.000000000000000000, 1.000000000000000000, 0.000000000000000000 ) ) ;
#559 = ADVANCED_FACE ( 'NONE', ( #5664 ), #3382, .F. ) ;
#560 = CARTESIAN_POINT ( 'NONE',  ( 120.0851009030297831, 65.19999999999998863, 50.46060798583056339 ) ) ;
#561 = ORIENTED_EDGE ( 'NONE', *, *, #2369, .F. ) ;
#562 = ORIENTED_EDGE ( 'NONE', *, *, #3708, .T. ) ;
#563 = CIRCLE ( 'NONE', #4346, 3.250000000000002665 ) ;
#564 = LINE ( 'NONE', #3186, #5402 ) ;
#565 = CARTESIAN_POINT ( 'NONE',  ( 124.5393920141694650, 65.20000000000000284, -80.00000000000000000 ) ) ;
#566 = DIRECTION ( 'NONE',  ( 1.239088197126290848E-17, -1.000000000000000000, 0.000000000000000000 ) ) ;
#567 = DIRECTION ( 'NONE',  ( 0.000000000000000000, 0.000000000000000000, -1.000000000000000000 ) ) ;
#568 = CARTESIAN_POINT ( 'NONE',  ( -130.5000000000000000, 4.699999999999999289, 25.50000000000000355 ) ) ;
#569 = ORIENTED_EDGE ( 'NONE', *, *, #3708, .F. ) ;
#570 = VECTOR ( 'NONE', #4695, 1000.000000000000000 ) ;
#571 = CARTESIAN_POINT ( 'NONE',  ( 0.000000000000000000, 0.000000000000000000, -27.89735317100119971 ) ) ;
#572 = DIRECTION ( 'NONE',  ( 0.000000000000000000, -0.000000000000000000, -1.000000000000000000 ) ) ;
#573 = CIRCLE ( 'NONE', #5246, 9.999999999999994671 ) ;
#574 = LINE ( 'NONE', #97, #3846 ) ;
#575 = EDGE_CURVE ( 'NONE', #1628, #703, #5865, .T. ) ;
#576 = LINE ( 'NONE', #549, #298 ) ;
#577 = VERTEX_POINT ( 'NONE', #409 ) ;
#578 = CIRCLE ( 'NONE', #1889, 8.089999999999999858 ) ;
#579 = CARTESIAN_POINT ( 'NONE',  ( -28.21773946504148611, 1.638812014385620852, 41.81752562247286420 ) ) ;
#580 = DIRECTION ( 'NONE',  ( 0.000000000000000000, 0.000000000000000000, -1.000000000000000000 ) ) ;
#581 = ADVANCED_FACE ( 'NONE', ( #4385 ), #5400, .T. ) ;
#582 = DIRECTION ( 'NONE',  ( 0.000000000000000000, 0.000000000000000000, 1.000000000000000000 ) ) ;
#583 = DIRECTION ( 'NONE',  ( 1.000000000000000000, 0.000000000000000000, 0.000000000000000000 ) ) ;
#584 = FACE_OUTER_BOUND ( 'NONE', #2072, .T. ) ;
#585 = EDGE_LOOP ( 'NONE', ( #4403, #4380, #5211, #4744 ) ) ;
#586 = CARTESIAN_POINT ( 'NONE',  ( -125.0000000000000000, 47.20000000000000995, 88.59000000000004604 ) ) ;
#587 = DIRECTION ( 'NONE',  ( 0.000000000000000000, 0.000000000000000000, -1.000000000000000000 ) ) ;
#588 = AXIS2_PLACEMENT_3D ( 'NONE', #5759, #5589, #5617 ) ;
#589 = DIRECTION ( 'NONE',  ( 0.000000000000000000, 1.000000000000000000, 0.000000000000000000 ) ) ;
#590 = CYLINDRICAL_SURFACE ( 'NONE', #237, 10.00000000000000888 ) ;
#591 = AXIS2_PLACEMENT_3D ( 'NONE', #2181, #5423, #2648 ) ;
#592 = CARTESIAN_POINT ( 'NONE',  ( -427.9162712043346346, -44.00000000000000711, 122.1026468289988145 ) ) ;
#593 = DIRECTION ( 'NONE',  ( -1.000000000000000000, -0.000000000000000000, -0.000000000000000000 ) ) ;
#594 = DIRECTION ( 'NONE',  ( 0.000000000000000000, -1.000000000000000000, 0.000000000000000000 ) ) ;
#595 = DIRECTION ( 'NONE',  ( 0.000000000000000000, 0.000000000000000000, 1.000000000000000000 ) ) ;
#596 = PERSON_AND_ORGANIZATION ( #3763, #1772 ) ;
#597 = EDGE_CURVE ( 'NONE', #5757, #4804, #322, .T. ) ;
#598 = CARTESIAN_POINT ( 'NONE',  ( -150.3321826541325379, -5.717472393966525748E-18, 17.15994189177573759 ) ) ;
#599 = LINE ( 'NONE', #3359, #4866 ) ;
#600 = ORIENTED_EDGE ( 'NONE', *, *, #3576, .T. ) ;
#601 = CARTESIAN_POINT ( 'NONE',  ( -145.0000000000000000, -41.00001200000000523, 70.00000000000000000 ) ) ;
#602 = DIRECTION ( 'NONE',  ( -0.000000000000000000, 1.000000000000000000, -0.000000000000000000 ) ) ;
#603 = ADVANCED_FACE ( 'NONE', ( #780 ), #4022, .T. ) ;
#604 = DIRECTION ( 'NONE',  ( -0.000000000000000000, 1.000000000000000000, -0.000000000000000000 ) ) ;
#605 = DIRECTION ( 'NONE',  ( 0.000000000000000000, 0.000000000000000000, 1.000000000000000000 ) ) ;
#606 = VERTEX_POINT ( 'NONE', #3936 ) ;
#607 = B_SPLINE_CURVE_WITH_KNOTS ( 'NONE', 3,
 ( #2343, #5130, #86, #141, #5638, #4691, #1935, #172 ),
 .UNSPECIFIED., .F., .F.,
 ( 4, 2, 2, 4 ),
 ( 0.01833238712703925619, 0.01972792153380557162, 0.02112345594057188705, 0.02391452475410451792 ),
 .UNSPECIFIED. ) ;
#608 = CYLINDRICAL_SURFACE ( 'NONE', #3990, 5.174999999999991829 ) ;
#609 = ORIENTED_EDGE ( 'NONE', *, *, #4202, .F. ) ;
#610 = EDGE_CURVE ( 'NONE', #5469, #3760, #4881, .T. ) ;
#611 = LINE ( 'NONE', #1878, #4543 ) ;
#612 = DIRECTION ( 'NONE',  ( -0.000000000000000000, 1.000000000000000000, -0.000000000000000000 ) ) ;
#613 = ORIENTED_EDGE ( 'NONE', *, *, #1711, .F. ) ;
#614 = CARTESIAN_POINT ( 'NONE',  ( 120.0000000000000000, 63.21959078187726533, 50.00000000000000000 ) ) ;
#615 = ADVANCED_FACE ( 'NONE', ( #5461 ), #3125, .T. ) ;
#616 = DIRECTION ( 'NONE',  ( 0.000000000000000000, -1.000000000000000000, 0.000000000000000000 ) ) ;
#617 = CARTESIAN_POINT ( 'NONE',  ( 123.9203559949516773, 65.20000000000000284, 52.83521442872800122 ) ) ;
#618 = FACE_OUTER_BOUND ( 'NONE', #4374, .T. ) ;
#619 = AXIS2_PLACEMENT_3D ( 'NONE', #3342, #4795, #1589 ) ;
#620 = VECTOR ( 'NONE', #3200, 1000.000000000000000 ) ;
#621 = LINE ( 'NONE', #1494, #4512 ) ;
#622 = DIRECTION ( 'NONE',  ( 0.000000000000000000, 0.000000000000000000, -1.000000000000000000 ) ) ;
#623 = DIRECTION ( 'NONE',  ( 1.000000000000000000, -0.000000000000000000, 0.000000000000000000 ) ) ;
#624 = DIRECTION ( 'NONE',  ( 0.000000000000000000, 0.000000000000000000, 1.000000000000000000 ) ) ;
#625 = AXIS2_PLACEMENT_3D ( 'NONE', #5639, #3383, #5131 ) ;
#626 = EDGE_CURVE ( 'NONE', #37, #4797, #3035, .T. ) ;
#627 = CARTESIAN_POINT ( 'NONE',  ( -79.25479814987089355, 0.000000000000000000, -0.1337609751060793439 ) ) ;
#628 = VERTEX_POINT ( 'NONE', #2621 ) ;
#629 = PLANE ( 'NONE',  #1715 ) ;
#630 = LINE ( 'NONE', #1976, #3469 ) ;
#631 = EDGE_CURVE ( 'NONE', #2714, #5469, #3102, .T. ) ;
#632 = CARTESIAN_POINT ( 'NONE',  ( 0.000000000000000000, 12.00000000000000000, 22.87999999999999901 ) ) ;
#633 = VECTOR ( 'NONE', #2114, 1000.000000000000000 ) ;
#634 = VERTEX_POINT ( 'NONE', #4849 ) ;
#635 = DIRECTION ( 'NONE',  ( 0.000000000000000000, -1.000000000000000000, 0.000000000000000000 ) ) ;
#636 = VERTEX_POINT ( 'NONE', #4413 ) ;
#637 = CARTESIAN_POINT ( 'NONE',  ( 45.75706587302855155, 72.20000000000001705, -50.00000000000000000 ) ) ;
#638 = CARTESIAN_POINT ( 'NONE',  ( -27.65792282279827674, 0.000000000000000000, 18.18247437752713935 ) ) ;
#639 = ORIENTED_EDGE ( 'NONE', *, *, #2451, .F. ) ;
#640 = CARTESIAN_POINT ( 'NONE',  ( -123.0225612224069209, 69.89758316875253286, 88.38426833840375707 ) ) ;
#641 = EDGE_LOOP ( 'NONE', ( #1988, #2166, #1631, #5202 ) ) ;
#642 = LINE ( 'NONE', #2884, #3654 ) ;
#643 = LOCAL_TIME ( 17, 16, 27.00000000000000000, #2558 ) ;
#644 = CARTESIAN_POINT ( 'NONE',  ( 30.00000000000000000, -10.00000000000000178, 30.00000000000000355 ) ) ;
#645 = EDGE_CURVE ( 'NONE', #668, #1170, #5586, .T. ) ;
#646 = EDGE_CURVE ( 'NONE', #577, #5781, #1553, .T. ) ;
#647 = DIRECTION ( 'NONE',  ( -0.000000000000000000, -1.000000000000000000, -0.000000000000000000 ) ) ;
#648 = DIRECTION ( 'NONE',  ( -1.000000000000000000, 0.000000000000000000, 1.010328182681356408E-16 ) ) ;
#649 = DIRECTION ( 'NONE',  ( 0.000000000000000000, 0.000000000000000000, -1.000000000000000000 ) ) ;
#650 = ADVANCED_FACE ( 'NONE', ( #872 ), #3028, .T. ) ;
#651 = COORDINATED_UNIVERSAL_TIME_OFFSET ( 8, 0, .BEHIND. ) ;
#652 = CARTESIAN_POINT ( 'NONE',  ( -155.0000000000000000, 62.20000000000000995, -55.00000000000000000 ) ) ;
#653 = ORIENTED_EDGE ( 'NONE', *, *, #5856, .F. ) ;
#654 = DIRECTION ( 'NONE',  ( 0.000000000000000000, 1.000000000000000000, 0.000000000000000000 ) ) ;
#655 = DIRECTION ( 'NONE',  ( 0.000000000000000000, -1.000000000000000000, 0.000000000000000000 ) ) ;
#656 = AXIS2_PLACEMENT_3D ( 'NONE', #5393, #3525, #2708 ) ;
#657 = ORIENTED_EDGE ( 'NONE', *, *, #21, .F. ) ;
#658 = CARTESIAN_POINT ( 'NONE',  ( 115.0000000000000142, -41.00000000000000000, -40.00000000000000711 ) ) ;
#659 = CARTESIAN_POINT ( 'NONE',  ( 95.00000000000002842, -29.00000000000000000, 79.58999999999998920 ) ) ;
#660 = CARTESIAN_POINT ( 'NONE',  ( 0.000000000000000000, 12.00000000000000000, -22.87999999999999901 ) ) ;
#661 = VECTOR ( 'NONE', #4357, 1000.000000000000000 ) ;
#662 = CARTESIAN_POINT ( 'NONE',  ( -155.0000000000000000, 0.009314982092037535008, 49.88741807089408553 ) ) ;
#663 = ORIENTED_EDGE ( 'NONE', *, *, #3267, .T. ) ;
#664 = ORIENTED_EDGE ( 'NONE', *, *, #4970, .T. ) ;
#665 = AXIS2_PLACEMENT_3D ( 'NONE', #2651, #778, #1320 ) ;
#666 = CARTESIAN_POINT ( 'NONE',  ( -427.9162712043346346, -44.00000000000000711, 7.052646828998834216 ) ) ;
#667 = LINE ( 'NONE', #5206, #2740 ) ;
#668 = VERTEX_POINT ( 'NONE', #50 ) ;
#669 = EDGE_CURVE ( 'NONE', #3394, #1366, #3617, .T. ) ;
#670 = AXIS2_PLACEMENT_3D ( 'NONE', #4865, #5838, #4367 ) ;
#671 = CARTESIAN_POINT ( 'NONE',  ( 119.7696960070847325, 65.20000000000000284, 50.46060798583054918 ) ) ;
#672 = EDGE_LOOP ( 'NONE', ( #348, #4873 ) ) ;
#673 = DIRECTION ( 'NONE',  ( 0.000000000000000000, 1.000000000000000000, -0.000000000000000000 ) ) ;
#674 = CARTESIAN_POINT ( 'NONE',  ( 125.0000000000000000, 62.20000000000000995, -55.00000000000000711 ) ) ;
#675 = EDGE_LOOP ( 'NONE', ( #2672, #2962, #4115, #905, #5820, #3214, #4112, #5358, #2816, #284 ) ) ;
#676 = FACE_OUTER_BOUND ( 'NONE', #1627, .T. ) ;
#677 = VECTOR ( 'NONE', #4990, 1000.000000000000000 ) ;
#678 = EDGE_CURVE ( 'NONE', #5622, #4577, #1264, .T. ) ;
#679 = EDGE_LOOP ( 'NONE', ( #5501, #3459, #4936, #2016 ) ) ;
#680 = DIRECTION ( 'NONE',  ( 0.000000000000000000, -1.000000000000000000, 0.000000000000000000 ) ) ;
#681 = DIRECTION ( 'NONE',  ( -0.000000000000000000, 1.000000000000000000, -0.000000000000000000 ) ) ;
#682 = EDGE_CURVE ( 'NONE', #703, #2404, #3554, .T. ) ;
#683 = DIRECTION ( 'NONE',  ( -1.000000000000000000, 0.000000000000000000, 0.000000000000000000 ) ) ;
#684 = AXIS2_PLACEMENT_3D ( 'NONE', #3698, #558, #3299 ) ;
#685 = CALENDAR_DATE ( 2026, 20, 4 ) ;
#686 = DIRECTION ( 'NONE',  ( 0.000000000000000000, 0.000000000000000000, -1.000000000000000000 ) ) ;
#687 = CARTESIAN_POINT ( 'NONE',  ( -133.6713263114704660, 72.20000000000001705, 82.00000000000000000 ) ) ;
#688 = CARTESIAN_POINT ( 'NONE',  ( -687.9162712043346346, -41.00000000000000000, 17.15264682899886139 ) ) ;
#689 = EDGE_LOOP ( 'NONE', ( #4839, #5896, #2849, #5331, #4121, #16 ) ) ;
#690 = DIRECTION ( 'NONE',  ( 0.000000000000000000, -1.000000000000000000, 0.000000000000000000 ) ) ;
#691 = LINE ( 'NONE', #4734, #2818 ) ;
#692 = DIRECTION ( 'NONE',  ( -0.000000000000000000, 1.000000000000000000, -0.000000000000000000 ) ) ;
#693 = VERTEX_POINT ( 'NONE', #1354 ) ;
#694 = ORIENTED_EDGE ( 'NONE', *, *, #927, .T. ) ;
#695 = CARTESIAN_POINT ( 'NONE',  ( -125.0000000000000000, 47.20000000000001705, 82.84000000000004604 ) ) ;
#696 = LINE ( 'NONE', #823, #1804 ) ;
#697 = ORIENTED_EDGE ( 'NONE', *, *, #5328, .F. ) ;
#698 = LINE ( 'NONE', #666, #1880 ) ;
#699 = DIRECTION ( 'NONE',  ( 0.000000000000000000, -1.000000000000000000, 0.000000000000000000 ) ) ;
#700 = ORIENTED_EDGE ( 'NONE', *, *, #3398, .T. ) ;
#701 = CYLINDRICAL_SURFACE ( 'NONE', #1929, 11.81752562247285709 ) ;
#702 = ADVANCED_FACE ( 'NONE', ( #3181 ), #5631, .F. ) ;
#703 = VERTEX_POINT ( 'NONE', #1520 ) ;
#704 = EDGE_CURVE ( 'NONE', #3992, #1508, #2014, .T. ) ;
#705 = ORIENTED_EDGE ( 'NONE', *, *, #5247, .F. ) ;
#706 = DIRECTION ( 'NONE',  ( 0.000000000000000000, 0.000000000000000000, 1.000000000000000000 ) ) ;
#707 = DIRECTION ( 'NONE',  ( 1.000000000000000000, 0.000000000000000000, -2.312964634635742895E-17 ) ) ;
#708 = EDGE_CURVE ( 'NONE', #67, #2617, #5152, .T. ) ;
#709 = ORIENTED_EDGE ( 'NONE', *, *, #1, .F. ) ;
#710 = CARTESIAN_POINT ( 'NONE',  ( 115.0000000000000000, 31.85000000000000497, -80.00000000000000000 ) ) ;
#711 = FACE_OUTER_BOUND ( 'NONE', #3057, .T. ) ;
#712 = CYLINDRICAL_SURFACE ( 'NONE', #1565, 8.999999999999994671 ) ;
#713 = DIRECTION ( 'NONE',  ( 1.000000000000000000, -0.000000000000000000, 0.000000000000000000 ) ) ;
#714 = DIRECTION ( 'NONE',  ( 0.000000000000000000, 0.000000000000000000, 1.000000000000000000 ) ) ;
#715 = CARTESIAN_POINT ( 'NONE',  ( -5.254798149870912205, 0.000000000000000000, -19.63376097510607821 ) ) ;
#716 = ORIENTED_EDGE ( 'NONE', *, *, #476, .F. ) ;
#717 = PLANE ( 'NONE',  #4508 ) ;
#718 = CARTESIAN_POINT ( 'NONE',  ( 0.000000000000000000, -38.00000000000000000, 0.000000000000000000 ) ) ;
#719 = VECTOR ( 'NONE', #5169, 1000.000000000000000 ) ;
#720 = ADVANCED_FACE ( 'NONE', ( #4809 ), #4215, .F. ) ;
#721 = EDGE_CURVE ( 'NONE', #5137, #465, #642, .T. ) ;
#722 = ORIENTED_EDGE ( 'NONE', *, *, #1933, .T. ) ;
#723 = ORIENTED_EDGE ( 'NONE', *, *, #597, .F. ) ;
#724 = CARTESIAN_POINT ( 'NONE',  ( -151.3279144843863833, 1.203861208025384766, 51.11924884512846745 ) ) ;
#725 = CARTESIAN_POINT ( 'NONE',  ( -154.9792173149971006, 4.830190117259017590, 67.00000000000000000 ) ) ;
#726 = ORIENTED_EDGE ( 'NONE', *, *, #5490, .T. ) ;
#727 = CIRCLE ( 'NONE', #1558, 8.089999999999999858 ) ;
#728 = CYLINDRICAL_SURFACE ( 'NONE', #4062, 9.999999999999994671 ) ;
#729 = DIRECTION ( 'NONE',  ( 1.000000000000000000, 0.000000000000000000, 0.000000000000000000 ) ) ;
#730 = VERTEX_POINT ( 'NONE', #1060 ) ;
#731 = ADVANCED_FACE ( 'NONE', ( #738 ), #5604, .F. ) ;
#732 = CARTESIAN_POINT ( 'NONE',  ( 115.0000000000000142, 62.20000000000000995, -56.50000000000000711 ) ) ;
#733 = ORIENTED_EDGE ( 'NONE', *, *, #3643, .T. ) ;
#734 = DIRECTION ( 'NONE',  ( 0.000000000000000000, 0.000000000000000000, -1.000000000000000000 ) ) ;
#735 = AXIS2_PLACEMENT_3D ( 'NONE', #1681, #263, #296 ) ;
#736 = ORIENTED_EDGE ( 'NONE', *, *, #4448, .F. ) ;
#737 = CARTESIAN_POINT ( 'NONE',  ( -15.84039720032541432, -41.00000000000000000, 30.00000000000000355 ) ) ;
#738 = FACE_OUTER_BOUND ( 'NONE', #2415, .T. ) ;
#739 = VERTEX_POINT ( 'NONE', #2937 ) ;
#740 = LINE ( 'NONE', #4344, #5741 ) ;
#741 = AXIS2_PLACEMENT_3D ( 'NONE', #660, #2473, #3393 ) ;
#742 = DIRECTION ( 'NONE',  ( -1.000000000000000000, 0.000000000000000000, 0.000000000000000000 ) ) ;
#743 = EDGE_LOOP ( 'NONE', ( #2634, #2781, #3014, #3633 ) ) ;
#744 = CYLINDRICAL_SURFACE ( 'NONE', #1505, 5.169999999999987494 ) ;
#745 = ORIENTED_EDGE ( 'NONE', *, *, #803, .F. ) ;
#746 = EDGE_CURVE ( 'NONE', #4885, #815, #1546, .T. ) ;
#747 = DIRECTION ( 'NONE',  ( -0.000000000000000000, -0.000000000000000000, 1.000000000000000000 ) ) ;
#748 = ADVANCED_FACE ( 'NONE', ( #4899 ), #2180, .F. ) ;
#749 = DIRECTION ( 'NONE',  ( 0.000000000000000000, 0.000000000000000000, -1.000000000000000000 ) ) ;
#750 = SECURITY_CLASSIFICATION_LEVEL ( 'unclassified' ) ;
#751 = CARTESIAN_POINT ( 'NONE',  ( -120.0000000000000000, -10.00000000000000178, -19.50000000000000000 ) ) ;
#752 = EDGE_CURVE ( 'NONE', #668, #4262, #374, .T. ) ;
#753 = DIRECTION ( 'NONE',  ( -0.000000000000000000, -1.000000000000000000, -0.000000000000000000 ) ) ;
#754 = ORIENTED_EDGE ( 'NONE', *, *, #1, .T. ) ;
#755 = CARTESIAN_POINT ( 'NONE',  ( -21.53545450728064736, 0.8969604556294609177, 40.11166372383202372 ) ) ;
#756 = FACE_OUTER_BOUND ( 'NONE', #5142, .T. ) ;
#757 = ORIENTED_EDGE ( 'NONE', *, *, #2398, .F. ) ;
#758 = PLANE ( 'NONE',  #2045 ) ;
#759 = ORIENTED_EDGE ( 'NONE', *, *, #4874, .F. ) ;
#760 = EDGE_LOOP ( 'NONE', ( #2135, #5478, #2843, #1344 ) ) ;
#761 = CARTESIAN_POINT ( 'NONE',  ( -151.7866742753840299, 2.001515525155940445, 53.76468839168028779 ) ) ;
#762 = CARTESIAN_POINT ( 'NONE',  ( -154.9999999999994600, 4.507353814488696209, 67.00000000000000000 ) ) ;
#763 = ORIENTED_EDGE ( 'NONE', *, *, #3771, .F. ) ;
#764 = CARTESIAN_POINT ( 'NONE',  ( 115.0000000000000000, 62.20000000000000995, -80.00000000000000000 ) ) ;
#765 = EDGE_CURVE ( 'NONE', #2790, #365, #1730, .T. ) ;
#766 = LINE ( 'NONE', #3021, #1106 ) ;
#767 = ORIENTED_EDGE ( 'NONE', *, *, #2184, .F. ) ;
#768 = CARTESIAN_POINT ( 'NONE',  ( 0.000000000000000000, 0.000000000000000000, 92.00000000000000000 ) ) ;
#769 = AXIS2_PLACEMENT_3D ( 'NONE', #4229, #3787, #4148 ) ;
#770 = ORIENTED_EDGE ( 'NONE', *, *, #610, .F. ) ;
#771 = DIRECTION ( 'NONE',  ( 0.000000000000000000, 1.000000000000000000, 0.000000000000000000 ) ) ;
#772 = DIRECTION ( 'NONE',  ( 0.000000000000000000, 0.000000000000000000, 1.000000000000000000 ) ) ;
#773 = ORIENTED_EDGE ( 'NONE', *, *, #4967, .F. ) ;
#774 = CARTESIAN_POINT ( 'NONE',  ( 0.000000000000000000, 62.20000000000000995, 60.00000000000000711 ) ) ;
#775 = AXIS2_PLACEMENT_3D ( 'NONE', #2331, #3829, #583 ) ;
#776 = VECTOR ( 'NONE', #1292, 1000.000000000000000 ) ;
#777 = EDGE_LOOP ( 'NONE', ( #4843, #132, #2054 ) ) ;
#778 = DIRECTION ( 'NONE',  ( -0.000000000000000000, -1.000000000000000000, -0.000000000000000000 ) ) ;
#779 = ORIENTED_EDGE ( 'NONE', *, *, #4253, .T. ) ;
#780 = FACE_OUTER_BOUND ( 'NONE', #326, .T. ) ;
#781 = DIRECTION ( 'NONE',  ( 0.000000000000000000, 0.000000000000000000, 1.000000000000000000 ) ) ;
#782 = DIRECTION ( 'NONE',  ( -1.000000000000000000, 0.000000000000000000, -0.000000000000000000 ) ) ;
#783 = TOROIDAL_SURFACE ( 'NONE', #1810, 45.00000000000000000, 15.00000000000000000 ) ;
#784 = DIRECTION ( 'NONE',  ( 0.000000000000000000, -1.000000000000000000, 0.000000000000000000 ) ) ;
#785 = EDGE_CURVE ( 'NONE', #2377, #2992, #1756, .T. ) ;
#786 = ORIENTED_EDGE ( 'NONE', *, *, #682, .T. ) ;
#787 = EDGE_LOOP ( 'NONE', ( #1116, #3646 ) ) ;
#788 = CIRCLE ( 'NONE', #1521, 5.049999999999957190 ) ;
#789 = DIRECTION ( 'NONE',  ( 0.000000000000000000, 1.000000000000000000, 0.000000000000000000 ) ) ;
#790 = CARTESIAN_POINT ( 'NONE',  ( -145.0000000000000000, 62.20000000000000995, -70.00000000000000000 ) ) ;
#791 = EDGE_CURVE ( 'NONE', #2697, #2704, #1422, .T. ) ;
#792 = EDGE_LOOP ( 'NONE', ( #1837, #4768, #2317, #224 ) ) ;
#793 = EDGE_LOOP ( 'NONE', ( #3049, #3449 ) ) ;
#794 = CARTESIAN_POINT ( 'NONE',  ( -155.0000000000000000, -8.673617379884035472E-16, 42.58342613226059115 ) ) ;
#795 = DIRECTION ( 'NONE',  ( -1.000000000000000000, -0.000000000000000000, -0.000000000000000000 ) ) ;
#796 = ORIENTED_EDGE ( 'NONE', *, *, #4012, .T. ) ;
#797 = EDGE_CURVE ( 'NONE', #5521, #3802, #945, .T. ) ;
#798 = CARTESIAN_POINT ( 'NONE',  ( -427.9162712043346346, -44.00000000000000711, 117.0526468289988458 ) ) ;
#799 = CARTESIAN_POINT ( 'NONE',  ( -427.9162712043346346, -44.00000000000000711, 17.15264682899875481 ) ) ;
#800 = ORIENTED_EDGE ( 'NONE', *, *, #5762, .F. ) ;
#801 = ORIENTED_EDGE ( 'NONE', *, *, #1084, .T. ) ;
#802 = PLANE ( 'NONE',  #1750 ) ;
#803 = EDGE_CURVE ( 'NONE', #3828, #634, #829, .T. ) ;
#804 = VERTEX_POINT ( 'NONE', #1473 ) ;
#805 = CARTESIAN_POINT ( 'NONE',  ( -132.3634318458257724, 4.925049958407071493, 46.92215413003086155 ) ) ;
#806 = DIRECTION ( 'NONE',  ( 0.000000000000000000, 0.000000000000000000, -1.000000000000000000 ) ) ;
#807 = EDGE_CURVE ( 'NONE', #5849, #2733, #5103, .T. ) ;
#808 = ORIENTED_EDGE ( 'NONE', *, *, #2608, .F. ) ;
#809 = FACE_OUTER_BOUND ( 'NONE', #3270, .T. ) ;
#810 = FACE_OUTER_BOUND ( 'NONE', #3218, .T. ) ;
#811 = CARTESIAN_POINT ( 'NONE',  ( 6.365067550892544399E-15, 65.20000000000000284, 63.00000000000000000 ) ) ;
#812 = CARTESIAN_POINT ( 'NONE',  ( -27.65792282279827674, -41.00000000000000000, 30.00000000000000355 ) ) ;
#813 = CARTESIAN_POINT ( 'NONE',  ( 120.0000000000000000, 15.00000000000000000, 55.00000000000000000 ) ) ;
#814 = DIRECTION ( 'NONE',  ( 0.000000000000000000, -0.000000000000000000, 1.000000000000000000 ) ) ;
#815 = VERTEX_POINT ( 'NONE', #4228 ) ;
#816 = LINE ( 'NONE', #5859, #4214 ) ;
#817 = ORIENTED_EDGE ( 'NONE', *, *, #1840, .T. ) ;
#818 = CARTESIAN_POINT ( 'NONE',  ( -145.0000000000000000, 62.20000000000001705, 92.00000000000000000 ) ) ;
#819 = ORIENTED_EDGE ( 'NONE', *, *, #2392, .F. ) ;
#820 = ORIENTED_EDGE ( 'NONE', *, *, #3292, .T. ) ;
#821 = CARTESIAN_POINT ( 'NONE',  ( -697.9162712043346346, -41.00000000000000000, -27.89735317100119971 ) ) ;
#822 = AXIS2_PLACEMENT_3D ( 'NONE', #5229, #2004, #3362 ) ;
#823 = CARTESIAN_POINT ( 'NONE',  ( 0.000000000000000000, 0.000000000000000000, 35.00000000000000000 ) ) ;
#824 = ORIENTED_EDGE ( 'NONE', *, *, #3975, .T. ) ;
#825 = EDGE_CURVE ( 'NONE', #3339, #4176, #4904, .T. ) ;
#826 = CARTESIAN_POINT ( 'NONE',  ( 48.38703381417222005, 4.699999999999999289, -4.814249555950268267 ) ) ;
#827 = CARTESIAN_POINT ( 'NONE',  ( -130.5000000000000000, 28.69999999999999929, 25.50000000000000355 ) ) ;
#828 = VECTOR ( 'NONE', #2897, 1000.000000000000000 ) ;
#829 = CIRCLE ( 'NONE', #4305, 5.050000000000068212 ) ;
#830 = ORIENTED_EDGE ( 'NONE', *, *, #1687, .F. ) ;
#831 = VERTEX_POINT ( 'NONE', #266 ) ;
#832 = AXIS2_PLACEMENT_3D ( 'NONE', #908, #2312, #3704 ) ;
#833 = DIRECTION ( 'NONE',  ( -0.000000000000000000, 1.000000000000000000, -0.000000000000000000 ) ) ;
#834 = CARTESIAN_POINT ( 'NONE',  ( -152.7147049043424261, 10.71389130643718168, 67.00000000000000000 ) ) ;
#835 = AXIS2_PLACEMENT_3D ( 'NONE', #445, #4977, #2713 ) ;
#836 = CARTESIAN_POINT ( 'NONE',  ( -125.0000000000000000, 62.20000000000000995, 80.00000000000000000 ) ) ;
#837 = CARTESIAN_POINT ( 'NONE',  ( 124.6880439423626825, 64.73037447018033674, 55.15597802881855216 ) ) ;
#838 = AXIS2_PLACEMENT_3D ( 'NONE', #2731, #4458, #15 ) ;
#839 = CARTESIAN_POINT ( 'NONE',  ( -77.59000000000001762, 34.82500000000000284, -49.99999999999998579 ) ) ;
#840 = LINE ( 'NONE', #3038, #2832 ) ;
#841 = ORIENTED_EDGE ( 'NONE', *, *, #2639, .F. ) ;
#842 = EDGE_CURVE ( 'NONE', #3621, #4066, #3834, .T. ) ;
#843 = PERSON_AND_ORGANIZATION ( #3763, #1772 ) ;
#844 = CARTESIAN_POINT ( 'NONE',  ( 0.000000000000000000, 62.20000000000000995, 50.00000000000000000 ) ) ;
#845 = LOCAL_TIME ( 17, 16, 27.00000000000000000, #651 ) ;
#846 = CARTESIAN_POINT ( 'NONE',  ( -96.48499999999999943, 0.000000000000000000, 28.14999999999999858 ) ) ;
#847 = ORIENTED_EDGE ( 'NONE', *, *, #4708, .T. ) ;
#848 = DIRECTION ( 'NONE',  ( 0.000000000000000000, 1.000000000000000000, 0.000000000000000000 ) ) ;
#849 = FACE_BOUND ( 'NONE', #4038, .T. ) ;
#850 = ORIENTED_EDGE ( 'NONE', *, *, #918, .F. ) ;
#851 = DIRECTION ( 'NONE',  ( -0.000000000000000000, 1.000000000000000000, -0.000000000000000000 ) ) ;
#852 = CARTESIAN_POINT ( 'NONE',  ( 48.38703381417222005, 28.69999999999999929, -26.31424955595025850 ) ) ;
#853 = ORIENTED_EDGE ( 'NONE', *, *, #721, .F. ) ;
#854 = CARTESIAN_POINT ( 'NONE',  ( 0.000000000000000000, 0.000000000000000000, 92.00000000000000000 ) ) ;
#855 = FACE_BOUND ( 'NONE', #2519, .T. ) ;
#856 = VERTEX_POINT ( 'NONE', #652 ) ;
#857 = LINE ( 'NONE', #426, #2524 ) ;
#858 = CARTESIAN_POINT ( 'NONE',  ( 100.8213274741835050, 71.15116533894000383, 86.47032280770824286 ) ) ;
#859 = ORIENTED_EDGE ( 'NONE', *, *, #1171, .F. ) ;
#860 = VERTEX_POINT ( 'NONE', #2528 ) ;
#861 = CARTESIAN_POINT ( 'NONE',  ( -512.9162712043346346, -53.00000000000000711, 82.10264682899880029 ) ) ;
#862 = DIRECTION ( 'NONE',  ( 0.000000000000000000, 0.000000000000000000, -1.000000000000000000 ) ) ;
#863 = DIRECTION ( 'NONE',  ( 0.000000000000000000, 0.000000000000000000, -1.000000000000000000 ) ) ;
#864 = TOROIDAL_SURFACE ( 'NONE', #3322, 20.00000000000000000, 5.000000000000000000 ) ;
#865 = CARTESIAN_POINT ( 'NONE',  ( -143.9047144493195276, 0.2212119123044870295, 42.37593695597313825 ) ) ;
#866 = ADVANCED_FACE ( 'NONE', ( #5612 ), #1939, .T. ) ;
#867 = LINE ( 'NONE', #2681, #2572 ) ;
#868 = CIRCLE ( 'NONE', #3780, 18.55000000000001137 ) ;
#869 = EDGE_CURVE ( 'NONE', #3962, #2592, #3460, .T. ) ;
#870 = SPHERICAL_SURFACE ( 'NONE', #4252, 10.00000000000000000 ) ;
#871 = AXIS2_PLACEMENT_3D ( 'NONE', #1070, #1998, #3812 ) ;
#872 = FACE_OUTER_BOUND ( 'NONE', #5182, .T. ) ;
#873 = FACE_OUTER_BOUND ( 'NONE', #2105, .T. ) ;
#874 = CIRCLE ( 'NONE', #2368, 5.175000000000020250 ) ;
#875 = EDGE_CURVE ( 'NONE', #961, #2252, #3384, .T. ) ;
#876 = CARTESIAN_POINT ( 'NONE',  ( -129.0307281690116952, 70.45852941018291915, 87.64046411506653556 ) ) ;
#877 = ORIENTED_EDGE ( 'NONE', *, *, #4370, .F. ) ;
#878 = PERSON_AND_ORGANIZATION_ROLE ( 'creator' ) ;
#879 = AXIS2_PLACEMENT_3D ( 'NONE', #4009, #2699, #5864 ) ;
#880 = DIRECTION ( 'NONE',  ( 1.000000000000000000, 0.000000000000000000, -2.312964634635742895E-17 ) ) ;
#881 = ADVANCED_FACE ( 'NONE', ( #3845 ), #2891, .F. ) ;
#882 = ORIENTED_EDGE ( 'NONE', *, *, #1435, .T. ) ;
#883 = ORIENTED_EDGE ( 'NONE', *, *, #1993, .F. ) ;
#884 = CARTESIAN_POINT ( 'NONE',  ( -77.59000000000001762, 34.82500000000000284, -61.35000000000000142 ) ) ;
#885 = VECTOR ( 'NONE', #3146, 1000.000000000000000 ) ;
#886 = DIRECTION ( 'NONE',  ( 0.000000000000000000, -1.000000000000000000, 0.000000000000000000 ) ) ;
#887 = ORIENTED_EDGE ( 'NONE', *, *, #4394, .T. ) ;
#888 = CARTESIAN_POINT ( 'NONE',  ( -118.2127824820592963, 2.402614655321913428, 43.14698098974390206 ) ) ;
#889 = CARTESIAN_POINT ( 'NONE',  ( -155.0000000000000000, 15.00000000000000000, -55.00000000000000000 ) ) ;
#890 = AXIS2_PLACEMENT_3D ( 'NONE', #2393, #3671, #3266 ) ;
#891 = ORIENTED_EDGE ( 'NONE', *, *, #3624, .F. ) ;
#892 = CARTESIAN_POINT ( 'NONE',  ( -155.0000000000000000, 0.000000000000000000, -70.00000000000000000 ) ) ;
#893 = DIRECTION ( 'NONE',  ( 0.000000000000000000, 1.000000000000000000, 0.000000000000000000 ) ) ;
#894 = ORIENTED_EDGE ( 'NONE', *, *, #4980, .T. ) ;
#895 = AXIS2_PLACEMENT_3D ( 'NONE', #2995, #3351, #318 ) ;
#896 = ORIENTED_EDGE ( 'NONE', *, *, #2821, .T. ) ;
#897 = CARTESIAN_POINT ( 'NONE',  ( -145.0000000000000000, -41.00000000000000000, 70.00000000000000000 ) ) ;
#898 = CARTESIAN_POINT ( 'NONE',  ( 48.38703381417222005, 28.69999999999999929, -4.814249555950268267 ) ) ;
#899 = CYLINDRICAL_SURFACE ( 'NONE', #656, 5.049999999999960743 ) ;
#900 = CARTESIAN_POINT ( 'NONE',  ( 115.0000000000000000, 62.20000000000000995, 82.00000000000000000 ) ) ;
#901 = CARTESIAN_POINT ( 'NONE',  ( 124.9212282665932747, 63.72631101759932193, 50.07877173340672528 ) ) ;
#902 = CYLINDRICAL_SURFACE ( 'NONE', #1991, 3.250000000000002665 ) ;
#903 = EDGE_CURVE ( 'NONE', #273, #5521, #2920, .T. ) ;
#904 = DIRECTION ( 'NONE',  ( -0.000000000000000000, 1.000000000000000000, -0.000000000000000000 ) ) ;
#905 = ORIENTED_EDGE ( 'NONE', *, *, #5275, .F. ) ;
#906 = LINE ( 'NONE', #4944, #3229 ) ;
#907 = ORIENTED_EDGE ( 'NONE', *, *, #2086, .F. ) ;
#908 = CARTESIAN_POINT ( 'NONE',  ( -150.0000000000000000, -5.000000000000000000, 42.58342613226059115 ) ) ;
#909 = CARTESIAN_POINT ( 'NONE',  ( -145.5810971870317303, 69.63498192775169571, 63.00000000000004263 ) ) ;
#910 = EDGE_LOOP ( 'NONE', ( #3132, #935, #4607, #1819 ) ) ;
#911 = CARTESIAN_POINT ( 'NONE',  ( -122.1261613695863275, 4.104431953055312832, 45.31647073007049897 ) ) ;
#912 = FACE_BOUND ( 'NONE', #4785, .T. ) ;
#913 = ORIENTED_EDGE ( 'NONE', *, *, #1052, .F. ) ;
#914 = DIRECTION ( 'NONE',  ( 0.000000000000000000, 0.000000000000000000, -1.000000000000000000 ) ) ;
#915 = LINE ( 'NONE', #1725, #4047 ) ;
#916 = ORIENTED_EDGE ( 'NONE', *, *, #5224, .T. ) ;
#917 = EDGE_CURVE ( 'NONE', #4787, #340, #2674, .T. ) ;
#918 = EDGE_CURVE ( 'NONE', #5467, #5735, #2765, .T. ) ;
#919 = ORIENTED_EDGE ( 'NONE', *, *, #4584, .T. ) ;
#920 = DIRECTION ( 'NONE',  ( 0.000000000000000000, -0.000000000000000000, 1.000000000000000000 ) ) ;
#921 = DIRECTION ( 'NONE',  ( 0.000000000000000000, 0.000000000000000000, -1.000000000000000000 ) ) ;
#922 = VERTEX_POINT ( 'NONE', #751 ) ;
#923 = CIRCLE ( 'NONE', #4808, 1.500000000000001332 ) ;
#924 = CIRCLE ( 'NONE', #2323, 9.999999999999994671 ) ;
#925 = LINE ( 'NONE', #2272, #2908 ) ;
#926 = CARTESIAN_POINT ( 'NONE',  ( -134.1447273361740997, 4.252352977987132299, 46.70054533114784334 ) ) ;
#927 = EDGE_CURVE ( 'NONE', #5025, #2943, #4759, .T. ) ;
#928 = VECTOR ( 'NONE', #5012, 1000.000000000000000 ) ;
#929 = ORIENTED_EDGE ( 'NONE', *, *, #4225, .T. ) ;
#930 = CYLINDRICAL_SURFACE ( 'NONE', #3980, 5.049999999999960743 ) ;
#931 = CARTESIAN_POINT ( 'NONE',  ( 120.0000000000000000, 65.20000000000000284, -55.00000000000000711 ) ) ;
#932 = EDGE_LOOP ( 'NONE', ( #3769, #4910, #2785, #4568 ) ) ;
#933 = LINE ( 'NONE', #5828, #5051 ) ;
#934 = AXIS2_PLACEMENT_3D ( 'NONE', #3532, #3559, #2526 ) ;
#935 = ORIENTED_EDGE ( 'NONE', *, *, #1133, .F. ) ;
#936 = CARTESIAN_POINT ( 'NONE',  ( 95.00000000000002842, -41.00000000000000000, 79.58999999999998920 ) ) ;
#937 = FACE_OUTER_BOUND ( 'NONE', #4803, .T. ) ;
#938 = AXIS2_PLACEMENT_3D ( 'NONE', #4959, #893, #4869 ) ;
#939 = EDGE_CURVE ( 'NONE', #4793, #3726, #1621, .T. ) ;
#940 = ORIENTED_EDGE ( 'NONE', *, *, #2311, .T. ) ;
#941 = CARTESIAN_POINT ( 'NONE',  ( -118.5249030220897737, 2.543356921206553434, 43.36024204120152348 ) ) ;
#942 = CARTESIAN_POINT ( 'NONE',  ( 48.38703381417222005, 24.59999999999999787, -4.814249555950268267 ) ) ;
#943 = ORIENTED_EDGE ( 'NONE', *, *, #1551, .T. ) ;
#944 = CC_DESIGN_APPROVAL ( #490, ( #458 ) ) ;
#945 = LINE ( 'NONE', #488, #2525 ) ;
#946 = DIRECTION ( 'NONE',  ( 0.007011825813099753502, -0.9999754168472176907, 0.000000000000000000 ) ) ;
#947 = CARTESIAN_POINT ( 'NONE',  ( -5.254798149870912205, 0.000000000000000000, -0.1337609751060793439 ) ) ;
#948 = VERTEX_POINT ( 'NONE', #3447 ) ;
#949 = EDGE_LOOP ( 'NONE', ( #501, #1683, #801, #2007 ) ) ;
#950 = DIRECTION ( 'NONE',  ( -0.000000000000000000, -1.000000000000000000, -0.000000000000000000 ) ) ;
#951 = ORIENTED_EDGE ( 'NONE', *, *, #2036, .T. ) ;
#952 = EDGE_CURVE ( 'NONE', #5370, #5448, #4854, .T. ) ;
#953 = EDGE_LOOP ( 'NONE', ( #3538, #543 ) ) ;
#954 = DIRECTION ( 'NONE',  ( 0.000000000000000000, 0.000000000000000000, -1.000000000000000000 ) ) ;
#955 = CARTESIAN_POINT ( 'NONE',  ( 94.50198466664595287, 69.73048366183509472, 88.57970958066248102 ) ) ;
#956 = VECTOR ( 'NONE', #5502, 1000.000000000000000 ) ;
#957 = FACE_OUTER_BOUND ( 'NONE', #1151, .T. ) ;
#958 = ORIENTED_EDGE ( 'NONE', *, *, #4542, .T. ) ;
#959 = CARTESIAN_POINT ( 'NONE',  ( -145.0000000000000000, -38.00000000000000000, 64.82999999999999829 ) ) ;
#960 = AXIS2_PLACEMENT_3D ( 'NONE', #2, #3563, #2657 ) ;
#961 = VERTEX_POINT ( 'NONE', #2559 ) ;
#962 = CARTESIAN_POINT ( 'NONE',  ( -37.27019363393296203, 0.1046633686624469234, 36.96507632244345842 ) ) ;
#963 = DIRECTION ( 'NONE',  ( 0.000000000000000000, 0.000000000000000000, -1.000000000000000000 ) ) ;
#964 = ORIENTED_EDGE ( 'NONE', *, *, #309, .T. ) ;
#965 = LINE ( 'NONE', #2345, #3122 ) ;
#966 = AXIS2_PLACEMENT_3D ( 'NONE', #321, #441, #3556 ) ;
#967 = EDGE_CURVE ( 'NONE', #5683, #4341, #4287, .T. ) ;
#968 = ORIENTED_EDGE ( 'NONE', *, *, #4037, .T. ) ;
#969 = DIRECTION ( 'NONE',  ( 0.000000000000000000, -0.000000000000000000, -1.000000000000000000 ) ) ;
#970 = DIRECTION ( 'NONE',  ( 0.000000000000000000, 1.000000000000000000, -0.000000000000000000 ) ) ;
#971 = ORIENTED_EDGE ( 'NONE', *, *, #5652, .F. ) ;
#972 = CIRCLE ( 'NONE', #670, 10.00000000000000888 ) ;
#973 = DIRECTION ( 'NONE',  ( 0.000000000000000000, 1.000000000000000000, 0.000000000000000000 ) ) ;
#974 = ADVANCED_FACE ( 'NONE', ( #2431 ), #3416, .F. ) ;
#975 = CYLINDRICAL_SURFACE ( 'NONE', #4918, 30.00000000000000000 ) ;
#976 = ORIENTED_EDGE ( 'NONE', *, *, #5563, .F. ) ;
#977 = DIRECTION ( 'NONE',  ( 0.000000000000000000, 0.000000000000000000, 1.000000000000000000 ) ) ;
#978 = AXIS2_PLACEMENT_3D ( 'NONE', #4411, #4053, #2186 ) ;
#979 = CARTESIAN_POINT ( 'NONE',  ( -33.53977953735144979, 0.9507253010771181678, 40.26473945593762238 ) ) ;
#980 = CARTESIAN_POINT ( 'NONE',  ( -153.7009405444586889, 8.417947520814033524, 67.00000000000001421 ) ) ;
#981 = AXIS2_PLACEMENT_3D ( 'NONE', #3558, #2212, #4975 ) ;
#982 = SPHERICAL_SURFACE ( 'NONE', #775, 10.00000000000000000 ) ;
#983 = DIRECTION ( 'NONE',  ( 0.000000000000000000, 0.000000000000000000, 1.000000000000000000 ) ) ;
#984 = CARTESIAN_POINT ( 'NONE',  ( -155.0000000000000000, -5.000000000000000000, 42.58342613226059115 ) ) ;
#985 = EDGE_CURVE ( 'NONE', #454, #9, #4848, .T. ) ;
#986 = CARTESIAN_POINT ( 'NONE',  ( 120.3972425963487751, 65.20000000000001705, 50.49030552508944680 ) ) ;
#987 = ORIENTED_EDGE ( 'NONE', *, *, #1826, .F. ) ;
#988 = DIRECTION ( 'NONE',  ( 0.000000000000000000, -0.000000000000000000, -1.000000000000000000 ) ) ;
#989 = DIRECTION ( 'NONE',  ( 0.000000000000000000, 0.000000000000000000, 1.000000000000000000 ) ) ;
#990 = EDGE_LOOP ( 'NONE', ( #5829, #3853 ) ) ;
#991 = CARTESIAN_POINT ( 'NONE',  ( -150.6214893234101453, -0.03235386889214347111, 17.88555439305704908 ) ) ;
#992 = ORIENTED_EDGE ( 'NONE', *, *, #3866, .T. ) ;
#993 = CARTESIAN_POINT ( 'NONE',  ( 0.000000000000000000, 12.00000000000000000, 22.87999999999999901 ) ) ;
#994 = EDGE_LOOP ( 'NONE', ( #253, #5765, #331, #2143 ) ) ;
#995 = DIRECTION ( 'NONE',  ( -0.000000000000000000, 1.000000000000000000, -0.000000000000000000 ) ) ;
#996 = FACE_OUTER_BOUND ( 'NONE', #1594, .T. ) ;
#997 = EDGE_LOOP ( 'NONE', ( #964, #1119, #3402, #1144 ) ) ;
#998 = EDGE_LOOP ( 'NONE', ( #759, #609 ) ) ;
#999 = ORIENTED_EDGE ( 'NONE', *, *, #293, .F. ) ;
#1000 = DIRECTION ( 'NONE',  ( 0.000000000000000000, 0.000000000000000000, 1.000000000000000000 ) ) ;
#1001 = VECTOR ( 'NONE', #2993, 1000.000000000000000 ) ;
#1002 = EDGE_CURVE ( 'NONE', #2002, #1109, #1799, .T. ) ;
#1003 = EDGE_CURVE ( 'NONE', #1298, #5416, #3160, .T. ) ;
#1004 = CARTESIAN_POINT ( 'NONE',  ( -29.61874747812827380, 1.558113334667150740, 41.65715464861018802 ) ) ;
#1005 = DIRECTION ( 'NONE',  ( 1.239088197126290848E-17, -1.000000000000000000, 0.000000000000000000 ) ) ;
#1006 = DIRECTION ( 'NONE',  ( -0.000000000000000000, 1.000000000000000000, -0.000000000000000000 ) ) ;
#1007 = FACE_OUTER_BOUND ( 'NONE', #4002, .T. ) ;
#1008 = EDGE_CURVE ( 'NONE', #5858, #2991, #867, .T. ) ;
#1009 = DIRECTION ( 'NONE',  ( 0.000000000000000000, 0.000000000000000000, 1.000000000000000000 ) ) ;
#1010 = CIRCLE ( 'NONE', #3745, 5.049999999999960743 ) ;
#1011 = AXIS2_PLACEMENT_3D ( 'NONE', #4248, #2454, #2913 ) ;
#1012 = CYLINDRICAL_SURFACE ( 'NONE', #4019, 5.049999999999957190 ) ;
#1013 = CARTESIAN_POINT ( 'NONE',  ( 124.3017959932011252, 65.20000000000000284, 53.68993460721456756 ) ) ;
#1014 = ORIENTED_EDGE ( 'NONE', *, *, #1897, .F. ) ;
#1015 = LINE ( 'NONE', #1914, #1843 ) ;
#1016 = AXIS2_PLACEMENT_3D ( 'NONE', #936, #4725, #4285 ) ;
#1017 = ADVANCED_FACE ( 'NONE', ( #3638 ), #5518, .T. ) ;
#1018 = DIRECTION ( 'NONE',  ( 0.000000000000000000, 1.000000000000000000, 0.000000000000000000 ) ) ;
#1019 = CARTESIAN_POINT ( 'NONE',  ( -136.8988201188655012, 72.20000000000000284, 63.00000000000001421 ) ) ;
#1020 = VECTOR ( 'NONE', #904, 1000.000000000000000 ) ;
#1021 = DIRECTION ( 'NONE',  ( -0.000000000000000000, 1.000000000000000000, -0.000000000000000000 ) ) ;
#1022 = DIRECTION ( 'NONE',  ( 0.000000000000000000, 0.000000000000000000, 1.000000000000000000 ) ) ;
#1023 = ORIENTED_EDGE ( 'NONE', *, *, #4417, .T. ) ;
#1024 = CIRCLE ( 'NONE', #5797, 9.999999999999994671 ) ;
#1025 = DIRECTION ( 'NONE',  ( 0.000000000000000000, 0.000000000000000000, 1.000000000000000000 ) ) ;
#1026 = DIRECTION ( 'NONE',  ( 0.000000000000000000, 1.000000000000000000, 0.000000000000000000 ) ) ;
#1027 = ORIENTED_EDGE ( 'NONE', *, *, #2283, .F. ) ;
#1028 = FACE_OUTER_BOUND ( 'NONE', #3854, .T. ) ;
#1029 = VECTOR ( 'NONE', #4193, 1000.000000000000000 ) ;
#1030 = EDGE_LOOP ( 'NONE', ( #1913, #1661, #5753, #2998 ) ) ;
#1031 = CARTESIAN_POINT ( 'NONE',  ( -687.9162712043346346, -41.00000000000000000, 122.1026468289988145 ) ) ;
#1032 = CARTESIAN_POINT ( 'NONE',  ( -125.2487043518684402, 69.72142938542930324, 88.59000000000007446 ) ) ;
#1033 = DIRECTION ( 'NONE',  ( 0.000000000000000000, 1.000000000000000000, 0.000000000000000000 ) ) ;
#1034 = FACE_OUTER_BOUND ( 'NONE', #5166, .T. ) ;
#1035 = CARTESIAN_POINT ( 'NONE',  ( 94.75129564813160243, 69.72142938542936008, 88.58999999999997499 ) ) ;
#1036 = DIRECTION ( 'NONE',  ( 0.000000000000000000, 0.000000000000000000, 1.000000000000000000 ) ) ;
#1037 = ADVANCED_FACE ( 'NONE', ( #5001 ), #982, .T. ) ;
#1038 = CARTESIAN_POINT ( 'NONE',  ( 122.9344496952768964, 65.20000000000001705, 51.62787963002129743 ) ) ;
#1039 = EDGE_CURVE ( 'NONE', #3428, #3224, #3263, .T. ) ;
#1040 = VECTOR ( 'NONE', #4273, 1000.000000000000000 ) ;
#1041 = DIRECTION ( 'NONE',  ( -0.000000000000000000, 1.000000000000000000, -0.000000000000000000 ) ) ;
#1042 = CARTESIAN_POINT ( 'NONE',  ( -150.0000000000000000, -5.000000000000000000, -35.00000000000000000 ) ) ;
#1043 = AXIS2_PLACEMENT_3D ( 'NONE', #1918, #538, #511 ) ;
#1044 = ADVANCED_FACE ( 'NONE', ( #72 ), #3765, .T. ) ;
#1045 = CARTESIAN_POINT ( 'NONE',  ( -150.0000000000000000, 0.000000000000000000, 16.44461486186253296 ) ) ;
#1046 = DIRECTION ( 'NONE',  ( 0.000000000000000000, 1.000000000000000000, 0.000000000000000000 ) ) ;
#1047 = ORIENTED_EDGE ( 'NONE', *, *, #1993, .T. ) ;
#1048 = DIRECTION ( 'NONE',  ( 0.000000000000000000, -0.000000000000000000, -1.000000000000000000 ) ) ;
#1049 = CARTESIAN_POINT ( 'NONE',  ( -119.8980561989715596, 62.20000000000000995, 51.32500000000004547 ) ) ;
#1050 = AXIS2_PLACEMENT_3D ( 'NONE', #900, #3093, #2619 ) ;
#1051 = CARTESIAN_POINT ( 'NONE',  ( 125.0000000000000000, 62.20000000000000995, 50.00000000000000000 ) ) ;
#1052 = EDGE_CURVE ( 'NONE', #3849, #1245, #1303, .T. ) ;
#1053 = LINE ( 'NONE', #100, #5732 ) ;
#1054 = ORIENTED_EDGE ( 'NONE', *, *, #3931, .F. ) ;
#1055 = VECTOR ( 'NONE', #1692, 1000.000000000000000 ) ;
#1056 = DIRECTION ( 'NONE',  ( 1.000000000000000000, -0.000000000000000000, 0.000000000000000000 ) ) ;
#1057 = CARTESIAN_POINT ( 'NONE',  ( -125.0000000000000000, -41.00000000000000000, 76.34000000000004604 ) ) ;
#1058 = VECTOR ( 'NONE', #2894, 1000.000000000000000 ) ;
#1059 = CARTESIAN_POINT ( 'NONE',  ( -125.0000000000000000, 21.19999999999999574, 82.84000000000004604 ) ) ;
#1060 = CARTESIAN_POINT ( 'NONE',  ( 125.0000000000000000, -5.000000000000000000, -35.00000000000000000 ) ) ;
#1061 = CIRCLE ( 'NONE', #2197, 8.089999999999999858 ) ;
#1062 = CARTESIAN_POINT ( 'NONE',  ( -155.0000000000000000, -3.105712817910987411, 53.44979330526670225 ) ) ;
#1063 = CARTESIAN_POINT ( 'NONE',  ( 95.00000000000002842, -56.00000000000002132, 82.83999999999998920 ) ) ;
#1064 = CARTESIAN_POINT ( 'NONE',  ( 76.14000000000000057, 72.20000000000001705, -80.00000000000000000 ) ) ;
#1065 = EDGE_CURVE ( 'NONE', #4862, #1808, #4720, .T. ) ;
#1066 = EDGE_CURVE ( 'NONE', #5273, #3080, #196, .T. ) ;
#1067 = PLANE ( 'NONE',  #3928 ) ;
#1068 = CARTESIAN_POINT ( 'NONE',  ( -150.0000000000000000, 0.000000000000000000, -55.00000000000000000 ) ) ;
#1069 = CARTESIAN_POINT ( 'NONE',  ( -10.95999999999999197, 12.00000000000000000, 22.87999999999999901 ) ) ;
#1070 = CARTESIAN_POINT ( 'NONE',  ( 95.00000000000002842, 47.20000000000000995, 79.58999999999998920 ) ) ;
#1071 = ORIENTED_EDGE ( 'NONE', *, *, #2268, .T. ) ;
#1072 = DIRECTION ( 'NONE',  ( -0.000000000000000000, -0.000000000000000000, 1.000000000000000000 ) ) ;
#1073 = LINE ( 'NONE', #1942, #4758 ) ;
#1074 = VERTEX_POINT ( 'NONE', #1990 ) ;
#1075 = CARTESIAN_POINT ( 'NONE',  ( 46.03999999999999915, 31.85000000000000497, -80.00000000000000000 ) ) ;
#1076 = LINE ( 'NONE', #5139, #1466 ) ;
#1077 = DIRECTION ( 'NONE',  ( 3.600243256520149765E-16, 0.000000000000000000, 1.000000000000000000 ) ) ;
#1078 = VERTEX_POINT ( 'NONE', #4304 ) ;
#1079 = DIRECTION ( 'NONE',  ( -0.000000000000000000, 1.000000000000000000, -0.000000000000000000 ) ) ;
#1080 = ORIENTED_EDGE ( 'NONE', *, *, #4838, .T. ) ;
#1081 = EDGE_LOOP ( 'NONE', ( #2324, #2910 ) ) ;
#1082 = CARTESIAN_POINT ( 'NONE',  ( 115.0000000000000000, 62.20000000000000995, 82.00000000000000000 ) ) ;
#1083 = EDGE_CURVE ( 'NONE', #4395, #1830, #3805, .T. ) ;
#1084 = EDGE_CURVE ( 'NONE', #3840, #3849, #4278, .T. ) ;
#1085 = CARTESIAN_POINT ( 'NONE',  ( 115.0000000000000142, -41.00000000000000000, 70.00000000000000000 ) ) ;
#1086 = ORIENTED_EDGE ( 'NONE', *, *, #1854, .T. ) ;
#1087 = DIRECTION ( 'NONE',  ( 0.000000000000000000, 0.000000000000000000, 1.000000000000000000 ) ) ;
#1088 = VERTEX_POINT ( 'NONE', #737 ) ;
#1089 = DIRECTION ( 'NONE',  ( 1.000000000000000000, -0.000000000000000000, 0.000000000000000000 ) ) ;
#1090 = ORIENTED_EDGE ( 'NONE', *, *, #5595, .T. ) ;
#1091 = AXIS2_PLACEMENT_3D ( 'NONE', #5250, #3905, #3000 ) ;
#1092 = DIRECTION ( 'NONE',  ( 0.000000000000000000, 0.000000000000000000, -1.000000000000000000 ) ) ;
#1093 = CARTESIAN_POINT ( 'NONE',  ( 120.0000000000000000, -41.00000000000000000, -50.00000000000000000 ) ) ;
#1094 = AXIS2_PLACEMENT_3D ( 'NONE', #2926, #3882, #4263 ) ;
#1095 = PLANE ( 'NONE',  #625 ) ;
#1096 = B_SPLINE_CURVE_WITH_KNOTS ( 'NONE', 3,
 ( #5736, #1624, #962, #5039, #5071, #1743, #5481, #4999, #3260, #979, #2824, #5087, #5516, #4622, #3203, #4651, #1004, #2794, #579, #4529 ),
 .UNSPECIFIED., .F., .F.,
 ( 4, 2, 2, 2, 2, 2, 2, 2, 2, 4 ),
 ( 3.356459364740177149E-19, 0.003362520191154875701, 0.004203150238943595060, 0.005043780286732314419, 0.006725040382309736657, 0.008406300477887160630, 0.01008756057346458374, 0.01092819062125330309, 0.01176882066904202072, 0.01345008076461944729 ),
 .UNSPECIFIED. ) ;
#1097 = DIRECTION ( 'NONE',  ( -1.000000000000000000, 0.000000000000000000, 0.000000000000000000 ) ) ;
#1098 = CARTESIAN_POINT ( 'NONE',  ( 0.000000000000000000, 0.000000000000000000, -35.00000000000000000 ) ) ;
#1099 = AXIS2_PLACEMENT_3D ( 'NONE', #1996, #1041, #649 ) ;
#1100 = DIRECTION ( 'NONE',  ( 0.000000000000000000, 1.000000000000000000, -0.000000000000000000 ) ) ;
#1101 = ORIENTED_EDGE ( 'NONE', *, *, #5456, .T. ) ;
#1102 = CARTESIAN_POINT ( 'NONE',  ( -417.9162712043346346, -56.00000000000000711, -27.89735317100119971 ) ) ;
#1103 = ADVANCED_FACE ( 'NONE', ( #2549 ), #5307, .F. ) ;
#1104 = PLANE ( 'NONE',  #3737 ) ;
#1105 = FACE_OUTER_BOUND ( 'NONE', #3185, .T. ) ;
#1106 = VECTOR ( 'NONE', #1601, 1000.000000000000000 ) ;
#1107 = CARTESIAN_POINT ( 'NONE',  ( 76.13999999999998636, 31.85000000000000497, -80.00000000000000000 ) ) ;
#1108 = ORIENTED_EDGE ( 'NONE', *, *, #631, .F. ) ;
#1109 = VERTEX_POINT ( 'NONE', #1542 ) ;
#1110 = AXIS2_PLACEMENT_3D ( 'NONE', #239, #2039, #5740 ) ;
#1111 = CARTESIAN_POINT ( 'NONE',  ( -145.0000000000000000, -38.00000000000000000, -34.83000000000000540 ) ) ;
#1112 = CARTESIAN_POINT ( 'NONE',  ( -325.7799143269008937, -4.000000000000000000, -285.2036113549480092 ) ) ;
#1113 = ORIENTED_EDGE ( 'NONE', *, *, #4086, .F. ) ;
#1114 = VECTOR ( 'NONE', #509, 1000.000000000000000 ) ;
#1115 = CARTESIAN_POINT ( 'NONE',  ( -118.1586359208658052, 71.59081876166861491, 85.45720078029923172 ) ) ;
#1116 = ORIENTED_EDGE ( 'NONE', *, *, #2840, .F. ) ;
#1117 = EDGE_LOOP ( 'NONE', ( #484, #358, #4436, #4073 ) ) ;
#1118 = EDGE_CURVE ( 'NONE', #5440, #2994, #5156, .T. ) ;
#1119 = ORIENTED_EDGE ( 'NONE', *, *, #2722, .T. ) ;
#1120 = FACE_OUTER_BOUND ( 'NONE', #4995, .T. ) ;
#1121 = ORIENTED_EDGE ( 'NONE', *, *, #2276, .F. ) ;
#1122 = ORIENTED_EDGE ( 'NONE', *, *, #5595, .F. ) ;
#1123 = DIRECTION ( 'NONE',  ( -0.000000000000000000, 1.000000000000000000, -0.000000000000000000 ) ) ;
#1124 = CARTESIAN_POINT ( 'NONE',  ( 45.75706587302855155, 65.20000000000000284, -50.00000000000000000 ) ) ;
#1125 = DIRECTION ( 'NONE',  ( -1.000000000000000000, 0.000000000000000000, 0.000000000000000000 ) ) ;
#1126 = DIRECTION ( 'NONE',  ( -0.000000000000000000, 1.000000000000000000, -0.000000000000000000 ) ) ;
#1127 = DIRECTION ( 'NONE',  ( 0.000000000000000000, 0.000000000000000000, -1.000000000000000000 ) ) ;
#1128 = LINE ( 'NONE', #5670, #2090 ) ;
#1129 = VECTOR ( 'NONE', #3741, 1000.000000000000000 ) ;
#1130 = ORIENTED_EDGE ( 'NONE', *, *, #5673, .F. ) ;
#1131 = FACE_OUTER_BOUND ( 'NONE', #223, .T. ) ;
#1132 = CARTESIAN_POINT ( 'NONE',  ( -325.7799143269008937, -4.000000000000000000, 0.000000000000000000 ) ) ;
#1133 = EDGE_CURVE ( 'NONE', #1217, #4168, #3619, .T. ) ;
#1134 = CARTESIAN_POINT ( 'NONE',  ( -154.5393920141694366, 65.20000000000000284, -52.90383203399760959 ) ) ;
#1135 = VECTOR ( 'NONE', #2886, 1000.000000000000000 ) ;
#1136 = CARTESIAN_POINT ( 'NONE',  ( -154.0377338348294245, 7.961688216737764279, 67.15037033833355906 ) ) ;
#1137 = DIRECTION ( 'NONE',  ( 0.000000000000000000, 1.000000000000000000, -0.000000000000000000 ) ) ;
#1138 = VERTEX_POINT ( 'NONE', #3586 ) ;
#1139 = AXIS2_PLACEMENT_3D ( 'NONE', #3722, #4594, #4082 ) ;
#1140 = ADVANCED_FACE ( 'NONE', ( #809 ), #5424, .T. ) ;
#1141 = CYLINDRICAL_SURFACE ( 'NONE', #4742, 9.999999999999994671 ) ;
#1142 = DIRECTION ( 'NONE',  ( -0.000000000000000000, -1.000000000000000000, -0.000000000000000000 ) ) ;
#1143 = CARTESIAN_POINT ( 'NONE',  ( -155.0000000000000000, 21.20000000000000284, 81.99999999999998579 ) ) ;
#1144 = ORIENTED_EDGE ( 'NONE', *, *, #5094, .F. ) ;
#1145 = DIRECTION ( 'NONE',  ( -1.000000000000000000, -0.000000000000000000, -0.000000000000000000 ) ) ;
#1146 = ORIENTED_EDGE ( 'NONE', *, *, #3926, .F. ) ;
#1147 = CYLINDRICAL_SURFACE ( 'NONE', #5263, 10.00000000000000178 ) ;
#1148 = AXIS2_PLACEMENT_3D ( 'NONE', #1789, #2207, #921 ) ;
#1149 = PLANE ( 'NONE',  #436 ) ;
#1150 = VECTOR ( 'NONE', #2772, 1000.000000000000000 ) ;
#1151 = EDGE_LOOP ( 'NONE', ( #4956, #4010, #4660, #5475 ) ) ;
#1152 = DIRECTION ( 'NONE',  ( 1.541976423090496028E-15, 0.000000000000000000, -1.000000000000000000 ) ) ;
#1153 = ORIENTED_EDGE ( 'NONE', *, *, #1647, .T. ) ;
#1154 = DIRECTION ( 'NONE',  ( -0.000000000000000000, -1.000000000000000000, -0.000000000000000000 ) ) ;
#1155 = ADVANCED_FACE ( 'NONE', ( #3207 ), #3993, .T. ) ;
#1156 = ADVANCED_FACE ( 'NONE', ( #1704 ), #349, .T. ) ;
#1157 = VECTOR ( 'NONE', #4437, 1000.000000000000114 ) ;
#1158 = CARTESIAN_POINT ( 'NONE',  ( -427.9162712043346346, -41.00000000000000000, 7.052646828998834216 ) ) ;
#1159 = DIRECTION ( 'NONE',  ( 0.000000000000000000, 0.000000000000000000, -1.000000000000000000 ) ) ;
#1160 = LINE ( 'NONE', #5223, #1497 ) ;
#1161 = EDGE_LOOP ( 'NONE', ( #5784, #1235, #5739, #2553 ) ) ;
#1162 = CARTESIAN_POINT ( 'NONE',  ( -119.8980561989715596, 62.20000000000000995, 61.67500000000002558 ) ) ;
#1163 = DIRECTION ( 'NONE',  ( -1.000000000000000000, 0.000000000000000000, 0.000000000000000000 ) ) ;
#1164 = CARTESIAN_POINT ( 'NONE',  ( -79.25479814987090776, 0.000000000000000000, -19.63376097510607465 ) ) ;
#1165 = PLANE ( 'NONE',  #588 ) ;
#1166 = DIRECTION ( 'NONE',  ( 1.000000000000000000, 0.000000000000000000, 0.000000000000000000 ) ) ;
#1167 = EDGE_LOOP ( 'NONE', ( #3510, #841, #5779, #3528 ) ) ;
#1168 = DIRECTION ( 'NONE',  ( 0.000000000000000000, 1.000000000000000000, 0.000000000000000000 ) ) ;
#1169 = DIRECTION ( 'NONE',  ( 0.000000000000000000, 0.000000000000000000, 1.000000000000000000 ) ) ;
#1170 = VERTEX_POINT ( 'NONE', #5850 ) ;
#1171 = EDGE_CURVE ( 'NONE', #2252, #3840, #1733, .T. ) ;
#1172 = EDGE_CURVE ( 'NONE', #5912, #3164, #477, .T. ) ;
#1173 = ORIENTED_EDGE ( 'NONE', *, *, #1654, .T. ) ;
#1174 = ORIENTED_EDGE ( 'NONE', *, *, #5326, .T. ) ;
#1175 = CARTESIAN_POINT ( 'NONE',  ( -130.5000000000000000, 28.69999999999999929, 44.05000000000001847 ) ) ;
#1176 = EDGE_CURVE ( 'NONE', #2404, #4895, #3540, .T. ) ;
#1177 = VERTEX_POINT ( 'NONE', #419 ) ;
#1178 = DIRECTION ( 'NONE',  ( 0.000000000000000000, 1.000000000000000000, 0.000000000000000000 ) ) ;
#1179 = ADVANCED_FACE ( 'NONE', ( #281 ), #2081, .F. ) ;
#1180 = ORIENTED_EDGE ( 'NONE', *, *, #3267, .F. ) ;
#1181 = CARTESIAN_POINT ( 'NONE',  ( 61.08999999999998920, 31.85000000000000497, -50.00000000000000000 ) ) ;
#1182 = LINE ( 'NONE', #1617, #2725 ) ;
#1183 = CARTESIAN_POINT ( 'NONE',  ( 125.0000000000000000, 63.21959078187726533, 55.00000000000000711 ) ) ;
#1184 = CARTESIAN_POINT ( 'NONE',  ( -402.3928805127287092, -4.000000000000000000, -258.6678609108982982 ) ) ;
#1185 = CARTESIAN_POINT ( 'NONE',  ( -145.0000000000000000, 0.000000000000000000, 92.00000000000000000 ) ) ;
#1186 = DIRECTION ( 'NONE',  ( -1.000000000000000000, 0.000000000000000000, -0.000000000000000000 ) ) ;
#1187 = EDGE_CURVE ( 'NONE', #636, #5471, #4036, .T. ) ;
#1188 = EDGE_LOOP ( 'NONE', ( #3832, #2394, #2406, #5217 ) ) ;
#1189 = AXIS2_PLACEMENT_3D ( 'NONE', #5208, #1928, #2419 ) ;
#1190 = FACE_BOUND ( 'NONE', #462, .T. ) ;
#1191 = ORIENTED_EDGE ( 'NONE', *, *, #3429, .F. ) ;
#1192 = PLANE ( 'NONE',  #1110 ) ;
#1193 = CIRCLE ( 'NONE', #5308, 5.049999999999998934 ) ;
#1194 = CARTESIAN_POINT ( 'NONE',  ( -155.0000000000000000, -3.531854866849250207, 52.09466933512544529 ) ) ;
#1195 = CARTESIAN_POINT ( 'NONE',  ( -155.0000000000000000, 4.182398387398127859, 67.00000000000000000 ) ) ;
#1196 = ORIENTED_EDGE ( 'NONE', *, *, #5466, .T. ) ;
#1197 = AXIS2_PLACEMENT_3D ( 'NONE', #2372, #3594, #5099 ) ;
#1198 = LINE ( 'NONE', #4741, #1040 ) ;
#1199 = CARTESIAN_POINT ( 'NONE',  ( 0.000000000000000000, -44.00000000000000711, 0.000000000000000000 ) ) ;
#1200 = ORIENTED_EDGE ( 'NONE', *, *, #3107, .T. ) ;
#1201 = ORIENTED_EDGE ( 'NONE', *, *, #5484, .T. ) ;
#1202 = VECTOR ( 'NONE', #5269, 1000.000000000000000 ) ;
#1203 = EDGE_LOOP ( 'NONE', ( #1846, #3465, #808, #820 ) ) ;
#1204 = CARTESIAN_POINT ( 'NONE',  ( 124.5393920141694650, 65.20000000000000284, -52.90383203399766643 ) ) ;
#1205 = VERTEX_POINT ( 'NONE', #1414 ) ;
#1206 = PLANE ( 'NONE',  #5457 ) ;
#1207 = CIRCLE ( 'NONE', #2245, 21.50000000000001066 ) ;
#1208 = EDGE_CURVE ( 'NONE', #2943, #5813, #4198, .T. ) ;
#1209 = ORIENTED_EDGE ( 'NONE', *, *, #3115, .T. ) ;
#1210 = DIRECTION ( 'NONE',  ( 0.000000000000000000, -1.000000000000000000, 0.000000000000000000 ) ) ;
#1211 = CARTESIAN_POINT ( 'NONE',  ( 124.8452692487326203, 64.22737238376393520, 55.07736537563369694 ) ) ;
#1212 = EDGE_CURVE ( 'NONE', #693, #4145, #355, .T. ) ;
#1213 = FACE_BOUND ( 'NONE', #4212, .T. ) ;
#1214 = EDGE_CURVE ( 'NONE', #3541, #2075, #4474, .T. ) ;
#1215 = EDGE_CURVE ( 'NONE', #628, #636, #4961, .T. ) ;
#1216 = CARTESIAN_POINT ( 'NONE',  ( -15.84039720032541076, -10.00000000000000888, 30.00000000000000355 ) ) ;
#1217 = VERTEX_POINT ( 'NONE', #405 ) ;
#1218 = CARTESIAN_POINT ( 'NONE',  ( -145.0000000000000000, 62.20000000000000995, 82.00000000000000000 ) ) ;
#1219 = PLANE ( 'NONE',  #3565 ) ;
#1220 = CARTESIAN_POINT ( 'NONE',  ( -142.8718258685230467, 71.04908324860069513, 63.00000000000004263 ) ) ;
#1221 = ADVANCED_FACE ( 'NONE', ( #4557 ), #20, .F. ) ;
#1222 = ORIENTED_EDGE ( 'NONE', *, *, #524, .T. ) ;
#1223 = CARTESIAN_POINT ( 'NONE',  ( -155.0000000000000284, 0.1691206622785803304, 50.96814643624590246 ) ) ;
#1224 = DIRECTION ( 'NONE',  ( 0.000000000000000000, 0.000000000000000000, 1.000000000000000000 ) ) ;
#1225 = ORIENTED_EDGE ( 'NONE', *, *, #917, .T. ) ;
#1226 = DIRECTION ( 'NONE',  ( 0.000000000000000000, 0.000000000000000000, 1.000000000000000000 ) ) ;
#1227 = AXIS2_PLACEMENT_3D ( 'NONE', #4683, #523, #4136 ) ;
#1228 = PLANE ( 'NONE',  #4221 ) ;
#1229 = ORIENTED_EDGE ( 'NONE', *, *, #1187, .F. ) ;
#1230 = ADVANCED_FACE ( 'NONE', ( #2801 ), #1012, .F. ) ;
#1231 = ORIENTED_EDGE ( 'NONE', *, *, #2310, .T. ) ;
#1232 = AXIS2_PLACEMENT_3D ( 'NONE', #1891, #1475, #3709 ) ;
#1233 = VERTEX_POINT ( 'NONE', #2728 ) ;
#1234 = CARTESIAN_POINT ( 'NONE',  ( -96.25341087455964839, 47.36499999999998067, 132.1026468289988145 ) ) ;
#1235 = ORIENTED_EDGE ( 'NONE', *, *, #2420, .F. ) ;
#1236 = CARTESIAN_POINT ( 'NONE',  ( -139.5095214332092155, 1.799184125895658237, 45.03398631486647474 ) ) ;
#1237 = AXIS2_PLACEMENT_3D ( 'NONE', #836, #3529, #4937 ) ;
#1238 = ORIENTED_EDGE ( 'NONE', *, *, #84, .F. ) ;
#1239 = CIRCLE ( 'NONE', #2579, 3.250000000000002665 ) ;
#1240 = DIRECTION ( 'NONE',  ( 0.000000000000000000, -0.000000000000000000, -1.000000000000000000 ) ) ;
#1241 = AXIS2_PLACEMENT_3D ( 'NONE', #3738, #5594, #184 ) ;
#1242 = EDGE_CURVE ( 'NONE', #2991, #4310, #5763, .T. ) ;
#1243 = ADVANCED_FACE ( 'NONE', ( #2380 ), #1947, .F. ) ;
#1244 = DIRECTION ( 'NONE',  ( 0.000000000000000000, 0.000000000000000000, 1.000000000000000000 ) ) ;
#1245 = VERTEX_POINT ( 'NONE', #2677 ) ;
#1246 = AXIS2_PLACEMENT_3D ( 'NONE', #3236, #5550, #1036 ) ;
#1247 = DIRECTION ( 'NONE',  ( -0.000000000000000000, 1.000000000000000000, -0.000000000000000000 ) ) ;
#1248 = LINE ( 'NONE', #3077, #5505 ) ;
#1249 = ORIENTED_EDGE ( 'NONE', *, *, #1315, .T. ) ;
#1250 = EDGE_LOOP ( 'NONE', ( #2107, #71, #613, #3536 ) ) ;
#1251 = CARTESIAN_POINT ( 'NONE',  ( -154.9999999999999716, 4.548683511465916318, 63.75766838093077382 ) ) ;
#1252 = CARTESIAN_POINT ( 'NONE',  ( -402.3928805127287092, -4.000000000000000000, -240.1178609108982585 ) ) ;
#1253 = CARTESIAN_POINT ( 'NONE',  ( 45.75706587302855155, 72.20000000000001705, -70.00000000000000000 ) ) ;
#1254 = FACE_BOUND ( 'NONE', #300, .T. ) ;
#1255 = ORIENTED_EDGE ( 'NONE', *, *, #1987, .T. ) ;
#1256 = ORIENTED_EDGE ( 'NONE', *, *, #3151, .T. ) ;
#1257 = ORIENTED_EDGE ( 'NONE', *, *, #1008, .F. ) ;
#1258 = EDGE_CURVE ( 'NONE', #3860, #4895, #5384, .T. ) ;
#1259 = EDGE_CURVE ( 'NONE', #3164, #5912, #3498, .T. ) ;
#1260 = LINE ( 'NONE', #3090, #475 ) ;
#1261 = CARTESIAN_POINT ( 'NONE',  ( 125.0000000000000000, 62.20000000000000995, 82.00000000000000000 ) ) ;
#1262 = LINE ( 'NONE', #3095, #3433 ) ;
#1263 = DIRECTION ( 'NONE',  ( -1.000000000000000000, 0.000000000000000000, 0.000000000000000000 ) ) ;
#1264 = CIRCLE ( 'NONE', #339, 3.249999999999988898 ) ;
#1265 = DIRECTION ( 'NONE',  ( 0.000000000000000000, 0.000000000000000000, 1.000000000000000000 ) ) ;
#1266 = VERTEX_POINT ( 'NONE', #485 ) ;
#1267 = ORIENTED_EDGE ( 'NONE', *, *, #4779, .T. ) ;
#1268 = DIRECTION ( 'NONE',  ( -0.000000000000000000, 0.000000000000000000, 1.000000000000000000 ) ) ;
#1269 = DIRECTION ( 'NONE',  ( 0.000000000000000000, 0.000000000000000000, 1.000000000000000000 ) ) ;
#1270 = EDGE_LOOP ( 'NONE', ( #5106, #2469 ) ) ;
#1271 = CC_DESIGN_PERSON_AND_ORGANIZATION_ASSIGNMENT ( #354, #1738, ( #458 ) ) ;
#1272 = LINE ( 'NONE', #3912, #3489 ) ;
#1273 = DIRECTION ( 'NONE',  ( 0.000000000000000000, 0.000000000000000000, 1.000000000000000000 ) ) ;
#1274 = CARTESIAN_POINT ( 'NONE',  ( 0.000000000000000000, 72.20000000000001705, 82.00000000000000000 ) ) ;
#1275 = AXIS2_PLACEMENT_3D ( 'NONE', #4794, #2138, #1268 ) ;
#1276 = FACE_OUTER_BOUND ( 'NONE', #280, .T. ) ;
#1277 = EDGE_LOOP ( 'NONE', ( #4826, #2453, #4643, #2474 ) ) ;
#1278 = EDGE_CURVE ( 'NONE', #2813, #4153, #2291, .T. ) ;
#1279 = ADVANCED_FACE ( 'NONE', ( #1749 ), #3628, .F. ) ;
#1280 = CARTESIAN_POINT ( 'NONE',  ( 76.14000000000000057, 65.20000000000000284, -63.00000000000001421 ) ) ;
#1281 = DIRECTION ( 'NONE',  ( 0.000000000000000000, 0.000000000000000000, 1.000000000000000000 ) ) ;
#1282 = CIRCLE ( 'NONE', #1552, 3.250000000000002665 ) ;
#1283 = VECTOR ( 'NONE', #3503, 1000.000000000000000 ) ;
#1284 = ORIENTED_EDGE ( 'NONE', *, *, #319, .F. ) ;
#1285 = DIRECTION ( 'NONE',  ( 0.000000000000000000, 0.000000000000000000, 1.000000000000000000 ) ) ;
#1286 = EDGE_CURVE ( 'NONE', #1138, #5579, #5414, .T. ) ;
#1287 = ADVANCED_FACE ( 'NONE', ( #4989 ), #3571, .F. ) ;
#1288 = AXIS2_PLACEMENT_3D ( 'NONE', #4828, #3133, #4949 ) ;
#1289 = LINE ( 'NONE', #3178, #1791 ) ;
#1290 = EDGE_CURVE ( 'NONE', #5622, #948, #4954, .T. ) ;
#1291 = VERTEX_POINT ( 'NONE', #1364 ) ;
#1292 = DIRECTION ( 'NONE',  ( -0.000000000000000000, 1.000000000000000000, -0.000000000000000000 ) ) ;
#1293 = CIRCLE ( 'NONE', #838, 18.55000000000001847 ) ;
#1294 = DIRECTION ( 'NONE',  ( -0.000000000000000000, 1.000000000000000000, -0.000000000000000000 ) ) ;
#1295 = CARTESIAN_POINT ( 'NONE',  ( 125.0000000000000000, -41.00000000000000000, 82.00000000000000000 ) ) ;
#1296 = APPROVAL_STATUS ( 'not_yet_approved' ) ;
#1297 = DIRECTION ( 'NONE',  ( 1.000000000000000000, 0.000000000000000000, -0.000000000000000000 ) ) ;
#1298 = VERTEX_POINT ( 'NONE', #821 ) ;
#1299 = ORIENTED_EDGE ( 'NONE', *, *, #2800, .F. ) ;
#1300 = B_SPLINE_CURVE_WITH_KNOTS ( 'NONE', 3,
 ( #1825, #500, #192, #640, #1986, #2390, #3803, #2015, #3293, #4213, #4162, #1115, #2450, #1907, #3403, #3373, #3774, #109, #554, #2934 ),
 .UNSPECIFIED., .F., .F.,
 ( 4, 2, 2, 2, 2, 2, 2, 2, 2, 4 ),
 ( 0.01193187299579965589, 0.01342320137228515155, 0.01491452974877064894, 0.01640585812525614459, 0.01789718650174164025, 0.01938851487822713590, 0.02087984325471263503, 0.02162550744295538632, 0.02237117163119813762, 0.02386250000768360899 ),
 .UNSPECIFIED. ) ;
#1301 = CARTESIAN_POINT ( 'NONE',  ( -427.9162712043346346, -41.00000000000000000, 117.0526468289988458 ) ) ;
#1302 = CYLINDRICAL_SURFACE ( 'NONE', #3308, 4.999999999999997335 ) ;
#1303 = LINE ( 'NONE', #420, #5255 ) ;
#1304 = ORIENTED_EDGE ( 'NONE', *, *, #765, .F. ) ;
#1305 = CARTESIAN_POINT ( 'NONE',  ( -121.4455749253745438, 3.824093005104362231, 45.01462860252998865 ) ) ;
#1306 = CARTESIAN_POINT ( 'NONE',  ( 115.0000000000000000, -41.00000000000000000, 82.00000000000000000 ) ) ;
#1307 = ORIENTED_EDGE ( 'NONE', *, *, #3247, .F. ) ;
#1308 = EDGE_CURVE ( 'NONE', #4235, #372, #2587, .T. ) ;
#1309 = FACE_OUTER_BOUND ( 'NONE', #2803, .T. ) ;
#1310 = CARTESIAN_POINT ( 'NONE',  ( 95.99228797834211946, 69.75787412904588791, 88.54906157446286841 ) ) ;
#1311 = ORIENTED_EDGE ( 'NONE', *, *, #4394, .F. ) ;
#1312 = ADVANCED_FACE ( 'NONE', ( #423 ), #4064, .T. ) ;
#1313 = ORIENTED_EDGE ( 'NONE', *, *, #5466, .F. ) ;
#1314 = DIRECTION ( 'NONE',  ( 0.000000000000000000, 0.000000000000000000, 1.000000000000000000 ) ) ;
#1315 = EDGE_CURVE ( 'NONE', #1138, #4787, #3977, .T. ) ;
#1316 = CARTESIAN_POINT ( 'NONE',  ( 124.9879378575033826, 62.70709519368854501, -54.64152694988806047 ) ) ;
#1317 = AXIS2_PLACEMENT_3D ( 'NONE', #1031, #4184, #552 ) ;
#1318 = DIRECTION ( 'NONE',  ( -0.000000000000000000, 1.000000000000000000, -0.000000000000000000 ) ) ;
#1319 = ORIENTED_EDGE ( 'NONE', *, *, #427, .T. ) ;
#1320 = DIRECTION ( 'NONE',  ( 0.000000000000000000, 0.000000000000000000, -1.000000000000000000 ) ) ;
#1321 = CARTESIAN_POINT ( 'NONE',  ( 119.9023981294573673, 64.23149118829319093, 50.19520374108474670 ) ) ;
#1322 = CARTESIAN_POINT ( 'NONE',  ( -106.3534108745596427, 47.36499999999998067, 50.00000000000000000 ) ) ;
#1323 = AXIS2_PLACEMENT_3D ( 'NONE', #3701, #3725, #5578 ) ;
#1324 = CARTESIAN_POINT ( 'NONE',  ( -126.2481478443233698, 69.79398474692867183, 88.50648165228849962 ) ) ;
#1325 = VERTEX_POINT ( 'NONE', #2226 ) ;
#1326 = AXIS2_PLACEMENT_3D ( 'NONE', #1919, #1100, #1869 ) ;
#1327 = CARTESIAN_POINT ( 'NONE',  ( 0.000000000000000000, 65.20000000000000284, 0.000000000000000000 ) ) ;
#1328 = VERTEX_POINT ( 'NONE', #1720 ) ;
#1329 = ADVANCED_FACE ( 'NONE', ( #4039, #4888, #3542 ), #4921, .T. ) ;
#1330 = DIRECTION ( 'NONE',  ( 0.000000000000000000, -1.000000000000000000, 0.000000000000000000 ) ) ;
#1331 = VECTOR ( 'NONE', #3731, 1000.000000000000114 ) ;
#1332 = CARTESIAN_POINT ( 'NONE',  ( 120.0000000000000142, 65.20000000000000284, -50.00000000000000000 ) ) ;
#1333 = VECTOR ( 'NONE', #5212, 1000.000000000000000 ) ;
#1334 = ORIENTED_EDGE ( 'NONE', *, *, #2047, .F. ) ;
#1335 = DIRECTION ( 'NONE',  ( 0.000000000000000000, 0.000000000000000000, 1.000000000000000000 ) ) ;
#1336 = ORIENTED_EDGE ( 'NONE', *, *, #5061, .F. ) ;
#1337 = LINE ( 'NONE', #2259, #3239 ) ;
#1338 = CIRCLE ( 'NONE', #5845, 18.55000000000001137 ) ;
#1339 = ORIENTED_EDGE ( 'NONE', *, *, #63, .T. ) ;
#1340 = AXIS2_PLACEMENT_3D ( 'NONE', #285, #673, #2485 ) ;
#1341 = CYLINDRICAL_SURFACE ( 'NONE', #5585, 9.999999999999994671 ) ;
#1342 = LINE ( 'NONE', #2122, #1848 ) ;
#1343 = CARTESIAN_POINT ( 'NONE',  ( 95.00000000000002842, 69.72142938542936008, 88.58999999999998920 ) ) ;
#1344 = ORIENTED_EDGE ( 'NONE', *, *, #5009, .F. ) ;
#1345 = AXIS2_PLACEMENT_3D ( 'NONE', #4844, #4017, #5369 ) ;
#1346 = VERTEX_POINT ( 'NONE', #2200 ) ;
#1347 = DIRECTION ( 'NONE',  ( 0.000000000000000000, 0.000000000000000000, -1.000000000000000000 ) ) ;
#1348 = ADVANCED_FACE ( 'NONE', ( #5644, #122 ), #4672, .T. ) ;
#1349 = CARTESIAN_POINT ( 'NONE',  ( 115.0000000000000142, 62.20000000000000995, -56.50000000000000711 ) ) ;
#1350 = CC_DESIGN_PERSON_AND_ORGANIZATION_ASSIGNMENT ( #4419, #3005, ( #4227 ) ) ;
#1351 = EDGE_CURVE ( 'NONE', #340, #4787, #4353, .T. ) ;
#1352 = ORIENTED_EDGE ( 'NONE', *, *, #3344, .F. ) ;
#1353 = CARTESIAN_POINT ( 'NONE',  ( -155.0000000000000000, 62.20000000000000995, -80.00000000000000000 ) ) ;
#1354 = CARTESIAN_POINT ( 'NONE',  ( -125.0000000000000000, 62.20000000000001705, 50.00000000000000000 ) ) ;
#1355 = DIRECTION ( 'NONE',  ( -0.000000000000000000, -1.000000000000000000, -0.000000000000000000 ) ) ;
#1356 = ADVANCED_FACE ( 'NONE', ( #2809 ), #5133, .T. ) ;
#1357 = FACE_OUTER_BOUND ( 'NONE', #4128, .T. ) ;
#1358 = VERTEX_POINT ( 'NONE', #2403 ) ;
#1359 = ORIENTED_EDGE ( 'NONE', *, *, #1003, .F. ) ;
#1360 = CARTESIAN_POINT ( 'NONE',  ( -697.9162712043346346, -56.00000000000000711, 132.1026468289988145 ) ) ;
#1361 = DIRECTION ( 'NONE',  ( 0.000000000000000000, 0.000000000000000000, -1.000000000000000000 ) ) ;
#1363 = ORIENTED_EDGE ( 'NONE', *, *, #2340, .F. ) ;
#1362 = EDGE_CURVE ( 'NONE', #397, #577, #4324, .T. ) ;
#1364 = CARTESIAN_POINT ( 'NONE',  ( 115.0000000000000142, -41.00000000000000000, 75.17000000000000171 ) ) ;
#1365 = CARTESIAN_POINT ( 'NONE',  ( 46.03999999999999915, 31.85000000000000497, -80.00000000000000000 ) ) ;
#1366 = VERTEX_POINT ( 'NONE', #3682 ) ;
#1367 = DIRECTION ( 'NONE',  ( -0.000000000000000000, 1.000000000000000000, -0.000000000000000000 ) ) ;
#1368 = PLANE ( 'NONE',  #3833 ) ;
#1369 = CARTESIAN_POINT ( 'NONE',  ( -417.9162712043346346, -41.00000000000000000, -27.89735317100119971 ) ) ;
#1370 = VERTEX_POINT ( 'NONE', #5531 ) ;
#1371 = EDGE_LOOP ( 'NONE', ( #2427, #2709 ) ) ;
#1372 = CARTESIAN_POINT ( 'NONE',  ( -125.0000000000000000, 15.00000000000000000, 80.00000000000000000 ) ) ;
#1373 = DIRECTION ( 'NONE',  ( -0.000000000000000000, -1.000000000000000000, -0.000000000000000000 ) ) ;
#1374 = AXIS2_PLACEMENT_3D ( 'NONE', #4146, #482, #963 ) ;
#1375 = ORIENTED_EDGE ( 'NONE', *, *, #3330, .T. ) ;
#1376 = FACE_OUTER_BOUND ( 'NONE', #792, .T. ) ;
#1377 = CARTESIAN_POINT ( 'NONE',  ( 91.62808270313416870, 70.24702753488668350, 87.93797003445907023 ) ) ;
#1378 = CARTESIAN_POINT ( 'NONE',  ( 95.00000000000002842, 72.20000000000001705, 70.59000000000000341 ) ) ;
#1379 = EDGE_CURVE ( 'NONE', #4262, #3248, #2766, .T. ) ;
#1380 = VECTOR ( 'NONE', #1709, 1000.000000000000000 ) ;
#1381 = ORIENTED_EDGE ( 'NONE', *, *, #1403, .T. ) ;
#1382 = CARTESIAN_POINT ( 'NONE',  ( 121.3161697623655328, 65.20000000000001705, 50.70037223828349227 ) ) ;
#1383 = ADVANCED_FACE ( 'NONE', ( #3730 ), #4608, .T. ) ;
#1384 = ORIENTED_EDGE ( 'NONE', *, *, #1689, .T. ) ;
#1385 = ORIENTED_EDGE ( 'NONE', *, *, #2420, .T. ) ;
#1386 = CARTESIAN_POINT ( 'NONE',  ( -101.3034108745596455, 47.36499999999998067, -61.35000000000000142 ) ) ;
#1387 = CARTESIAN_POINT ( 'NONE',  ( -150.0000000000000000, 65.20000000000000284, -50.00000000000000000 ) ) ;
#1388 = CIRCLE ( 'NONE', #2548, 8.089999999999999858 ) ;
#1389 = ADVANCED_FACE ( 'NONE', ( #177 ), #4698, .F. ) ;
#1390 = ADVANCED_FACE ( 'NONE', ( #5075 ), #2348, .T. ) ;
#1391 = CARTESIAN_POINT ( 'NONE',  ( -112.8174477000719946, 0.2398188374029431302, 37.75608279691599023 ) ) ;
#1392 = DIRECTION ( 'NONE',  ( 0.000000000000000000, 0.000000000000000000, -1.000000000000000000 ) ) ;
#1393 = EDGE_LOOP ( 'NONE', ( #3352, #5690, #951, #5451 ) ) ;
#1394 = DIRECTION ( 'NONE',  ( 0.000000000000000000, 0.000000000000000000, 1.000000000000000000 ) ) ;
#1395 = EDGE_CURVE ( 'NONE', #252, #4793, #5145, .T. ) ;
#1396 = CARTESIAN_POINT ( 'NONE',  ( -130.5000000000000000, 28.69999999999999929, 25.50000000000000355 ) ) ;
#1397 = EDGE_LOOP ( 'NONE', ( #3820, #2296, #4896, #3488 ) ) ;
#1398 = EDGE_LOOP ( 'NONE', ( #537, #3169, #2349, #2723 ) ) ;
#1399 = VERTEX_POINT ( 'NONE', #5584 ) ;
#1400 = CARTESIAN_POINT ( 'NONE',  ( -145.0000000000000000, -41.00001200000000523, 64.82999999999999829 ) ) ;
#1401 = ORIENTED_EDGE ( 'NONE', *, *, #4313, .T. ) ;
#1402 = DIRECTION ( 'NONE',  ( 0.000000000000000000, 0.000000000000000000, 1.000000000000000000 ) ) ;
#1403 = EDGE_CURVE ( 'NONE', #151, #5508, #2670, .T. ) ;
#1404 = VECTOR ( 'NONE', #2011, 1000.000000000000000 ) ;
#1405 = CARTESIAN_POINT ( 'NONE',  ( 120.0000000000000000, -5.000000000000000000, 35.00000000000000000 ) ) ;
#1406 = CARTESIAN_POINT ( 'NONE',  ( -155.0000000000000284, -4.744430468325107064, 47.01156559425967174 ) ) ;
#1407 = ORIENTED_EDGE ( 'NONE', *, *, #5115, .T. ) ;
#1408 = AXIS2_PLACEMENT_3D ( 'NONE', #3968, #2250, #5008 ) ;
#1409 = CARTESIAN_POINT ( 'NONE',  ( 124.5393920141694935, 65.19999999999998863, 54.91495684648126030 ) ) ;
#1410 = CIRCLE ( 'NONE', #2179, 18.55000000000000782 ) ;
#1411 = ORIENTED_EDGE ( 'NONE', *, *, #2070, .F. ) ;
#1412 = LINE ( 'NONE', #5041, #1658 ) ;
#1413 = CARTESIAN_POINT ( 'NONE',  ( 76.13999999999998636, 31.85000000000000497, -80.00000000000000000 ) ) ;
#1414 = CARTESIAN_POINT ( 'NONE',  ( -130.5000000000000000, 28.69999999999999929, 3.999999999999989786 ) ) ;
#1415 = VECTOR ( 'NONE', #3455, 1000.000000000000000 ) ;
#1416 = ADVANCED_FACE ( 'NONE', ( #2867 ), #1445, .F. ) ;
#1417 = VERTEX_POINT ( 'NONE', #1999 ) ;
#1418 = ADVANCED_FACE ( 'NONE', ( #3942 ), #2063, .F. ) ;
#1419 = DIRECTION ( 'NONE',  ( -1.000000000000000000, 0.000000000000000000, -0.000000000000000000 ) ) ;
#1420 = DIRECTION ( 'NONE',  ( -0.000000000000000000, 1.000000000000000000, -0.000000000000000000 ) ) ;
#1421 = ORIENTED_EDGE ( 'NONE', *, *, #4281, .T. ) ;
#1422 = LINE ( 'NONE', #4484, #2629 ) ;
#1423 = AXIS2_PLACEMENT_3D ( 'NONE', #3177, #2706, #1347 ) ;
#1424 = CARTESIAN_POINT ( 'NONE',  ( -119.8980561989715596, 62.20000000000000995, 56.50000000000003553 ) ) ;
#1425 = CARTESIAN_POINT ( 'NONE',  ( -581.2799143269010074, 0.000000000000000000, -228.3536113549479865 ) ) ;
#1426 = ORIENTED_EDGE ( 'NONE', *, *, #1362, .F. ) ;
#1427 = VERTEX_POINT ( 'NONE', #1216 ) ;
#1428 = ADVANCED_FACE ( 'NONE', ( #2133, #1557, #5256 ), #3879, .F. ) ;
#1429 = CIRCLE ( 'NONE', #3615, 9.999999999999994671 ) ;
#1430 = DIRECTION ( 'NONE',  ( -1.000000000000000000, 0.000000000000000000, 0.000000000000000000 ) ) ;
#1431 = ORIENTED_EDGE ( 'NONE', *, *, #5719, .T. ) ;
#1432 = FACE_OUTER_BOUND ( 'NONE', #4390, .T. ) ;
#1433 = VECTOR ( 'NONE', #4817, 1000.000000000000000 ) ;
#1434 = LINE ( 'NONE', #5882, #1020 ) ;
#1435 = EDGE_CURVE ( 'NONE', #1785, #5390, #91, .T. ) ;
#1436 = CYLINDRICAL_SURFACE ( 'NONE', #1139, 5.170000000000007923 ) ;
#1437 = CARTESIAN_POINT ( 'NONE',  ( 87.06421028046433719, 72.03121903578720264, 83.84251613408900994 ) ) ;
#1438 = CARTESIAN_POINT ( 'NONE',  ( 76.14000000000000057, 62.20000000000000995, -70.00000000000000000 ) ) ;
#1439 = EDGE_CURVE ( 'NONE', #5390, #3325, #1160, .T. ) ;
#1440 = CARTESIAN_POINT ( 'NONE',  ( 124.5097012129677978, 65.20000000000001705, 54.60457856450855019 ) ) ;
#1441 = ORIENTED_EDGE ( 'NONE', *, *, #313, .T. ) ;
#1442 = ORIENTED_EDGE ( 'NONE', *, *, #2184, .T. ) ;
#1443 = DIRECTION ( 'NONE',  ( 0.000000000000000000, 1.000000000000000000, 0.000000000000000000 ) ) ;
#1444 = DIRECTION ( 'NONE',  ( 0.000000000000000000, 0.000000000000000000, -1.000000000000000000 ) ) ;
#1445 = CYLINDRICAL_SURFACE ( 'NONE', #283, 5.175000000000020250 ) ;
#1446 = CARTESIAN_POINT ( 'NONE',  ( -101.3034108745596455, 47.36499999999998067, 132.1026468289988145 ) ) ;
#1447 = VERTEX_POINT ( 'NONE', #299 ) ;
#1448 = VERTEX_POINT ( 'NONE', #687 ) ;
#1449 = PLANE ( 'NONE',  #438 ) ;
#1450 = CARTESIAN_POINT ( 'NONE',  ( -125.0000000000000000, -56.00000000000002132, 76.34000000000004604 ) ) ;
#1451 = ORIENTED_EDGE ( 'NONE', *, *, #5747, .T. ) ;
#1452 = CARTESIAN_POINT ( 'NONE',  ( -151.1502793079690150, 0.9342748659501610708, 50.06833346123177364 ) ) ;
#1453 = AXIS2_PLACEMENT_3D ( 'NONE', #5086, #4157, #368 ) ;
#1454 = ORIENTED_EDGE ( 'NONE', *, *, #5326, .F. ) ;
#1455 = ADVANCED_FACE ( 'NONE', ( #4791 ), #2498, .F. ) ;
#1456 = CARTESIAN_POINT ( 'NONE',  ( -155.0000000000000000, -41.00000000000000000, 92.00000000000000000 ) ) ;
#1457 = CARTESIAN_POINT ( 'NONE',  ( -133.0491080687107512, 72.06983958697088610, 83.62394132277933068 ) ) ;
#1458 = EDGE_CURVE ( 'NONE', #5016, #3295, #5734, .T. ) ;
#1459 = LINE ( 'NONE', #3830, #5195 ) ;
#1460 = EDGE_CURVE ( 'NONE', #1177, #5471, #1527, .T. ) ;
#1461 = CARTESIAN_POINT ( 'NONE',  ( 0.000000000000000000, 0.000000000000000000, 0.000000000000000000 ) ) ;
#1462 = DIRECTION ( 'NONE',  ( -1.000000000000000000, 0.000000000000000000, 0.000000000000000000 ) ) ;
#1463 = CIRCLE ( 'NONE', #2023, 30.00000000000000000 ) ;
#1464 = DIRECTION ( 'NONE',  ( -1.000000000000000000, 3.439352616558724254E-16, -0.000000000000000000 ) ) ;
#1465 = EDGE_CURVE ( 'NONE', #465, #1427, #5624, .T. ) ;
#1466 = VECTOR ( 'NONE', #4290, 1000.000000000000000 ) ;
#1467 = CARTESIAN_POINT ( 'NONE',  ( -145.0000000000000000, -38.00000000000000000, -40.00000000000000711 ) ) ;
#1468 = ORIENTED_EDGE ( 'NONE', *, *, #207, .T. ) ;
#1469 = DIRECTION ( 'NONE',  ( 0.000000000000000000, 1.000000000000000000, 0.000000000000000000 ) ) ;
#1470 = AXIS2_PLACEMENT_3D ( 'NONE', #884, #1625, #302 ) ;
#1471 = FACE_OUTER_BOUND ( 'NONE', #4522, .T. ) ;
#1472 = DIRECTION ( 'NONE',  ( 0.000000000000000000, 1.000000000000000000, 0.000000000000000000 ) ) ;
#1473 = CARTESIAN_POINT ( 'NONE',  ( 125.0000000000000000, -41.00000000000000000, -69.99999999999998579 ) ) ;
#1474 = AXIS2_PLACEMENT_3D ( 'NONE', #5545, #3772, #5626 ) ;
#1475 = DIRECTION ( 'NONE',  ( -0.000000000000000000, 1.000000000000000000, 0.000000000000000000 ) ) ;
#1476 = LINE ( 'NONE', #3311, #2961 ) ;
#1477 = VERTEX_POINT ( 'NONE', #5699 ) ;
#1478 = LINE ( 'NONE', #150, #3527 ) ;
#1479 = AXIS2_PLACEMENT_3D ( 'NONE', #5868, #2149, #1754 ) ;
#1480 = DIRECTION ( 'NONE',  ( 0.000000000000000000, 0.000000000000000000, -1.000000000000000000 ) ) ;
#1481 = CARTESIAN_POINT ( 'NONE',  ( 115.0000000000000142, -41.00001200000000523, -34.83000000000001961 ) ) ;
#1482 = CARTESIAN_POINT ( 'NONE',  ( -27.65792282279827674, 1.638812014385617966, 41.81752562247285709 ) ) ;
#1483 = EDGE_LOOP ( 'NONE', ( #4223, #733 ) ) ;
#1484 = DIRECTION ( 'NONE',  ( 0.000000000000000000, 0.000000000000000000, -1.000000000000000000 ) ) ;
#1485 = CARTESIAN_POINT ( 'NONE',  ( -605.7799143269008937, -4.000000000000000000, -185.4036113549479978 ) ) ;
#1486 = CARTESIAN_POINT ( 'NONE',  ( 114.9999999999999858, 72.20000000000001705, -63.00000000000001421 ) ) ;
#1487 = CYLINDRICAL_SURFACE ( 'NONE', #4503, 5.000000000000004441 ) ;
#1488 = EDGE_CURVE ( 'NONE', #4145, #1346, #1650, .T. ) ;
#1489 = DIRECTION ( 'NONE',  ( 0.000000000000000000, 0.000000000000000000, -1.000000000000000000 ) ) ;
#1490 = CARTESIAN_POINT ( 'NONE',  ( -155.0000000000000000, -1.488115714017008928, 57.56336585772824321 ) ) ;
#1491 = CARTESIAN_POINT ( 'NONE',  ( -605.7799143269008937, -4.000000000000000000, -285.2036113549480092 ) ) ;
#1492 = ORIENTED_EDGE ( 'NONE', *, *, #1308, .F. ) ;
#1493 = CIRCLE ( 'NONE', #4446, 5.049999999999960743 ) ;
#1494 = CARTESIAN_POINT ( 'NONE',  ( -130.5000000000000000, 4.699999999999999289, 27.90000000000000568 ) ) ;
#1495 = DIRECTION ( 'NONE',  ( 0.000000000000000000, 1.000000000000000000, 0.000000000000000000 ) ) ;
#1496 = CARTESIAN_POINT ( 'NONE',  ( -145.0000000000000000, 62.20000000000000995, 80.00000000000000000 ) ) ;
#1497 = VECTOR ( 'NONE', #654, 1000.000000000000000 ) ;
#1498 = CARTESIAN_POINT ( 'NONE',  ( -79.25479814987090776, 12.00000000000000000, -18.13376097510607821 ) ) ;
#1499 = EDGE_CURVE ( 'NONE', #3339, #3899, #2597, .T. ) ;
#1500 = CARTESIAN_POINT ( 'NONE',  ( 48.38703381417222005, 24.59999999999999787, -2.414249555950267467 ) ) ;
#1501 = ADVANCED_FACE ( 'NONE', ( #2531 ), #5192, .F. ) ;
#1502 = ORIENTED_EDGE ( 'NONE', *, *, #4336, .T. ) ;
#1503 = DIRECTION ( 'NONE',  ( 0.000000000000000000, 0.000000000000000000, 1.000000000000000000 ) ) ;
#1504 = CYLINDRICAL_SURFACE ( 'NONE', #338, 3.249999999999988898 ) ;
#1505 = AXIS2_PLACEMENT_3D ( 'NONE', #3410, #5218, #5758 ) ;
#1506 = DIRECTION ( 'NONE',  ( -0.000000000000000000, 1.000000000000000000, -0.000000000000000000 ) ) ;
#1507 = CARTESIAN_POINT ( 'NONE',  ( -125.0000000000000000, 47.20000000000000995, 79.59000000000004604 ) ) ;
#1508 = VERTEX_POINT ( 'NONE', #5321 ) ;
#1509 = CARTESIAN_POINT ( 'NONE',  ( -697.9162712043346346, -44.00000000000000711, 132.1026468289988145 ) ) ;
#1510 = ORIENTED_EDGE ( 'NONE', *, *, #427, .F. ) ;
#1511 = VECTOR ( 'NONE', #2606, 1000.000000000000000 ) ;
#1512 = ORIENTED_EDGE ( 'NONE', *, *, #1395, .F. ) ;
#1513 = VECTOR ( 'NONE', #4842, 1000.000000000000000 ) ;
#1514 = CARTESIAN_POINT ( 'NONE',  ( -427.9162712043346346, -44.00000000000000711, 12.10264682899879496 ) ) ;
#1515 = DIRECTION ( 'NONE',  ( 0.000000000000000000, 0.000000000000000000, 1.000000000000000000 ) ) ;
#1516 = ORIENTED_EDGE ( 'NONE', *, *, #5380, .F. ) ;
#1517 = AXIS2_PLACEMENT_3D ( 'NONE', #464, #4555, #1314 ) ;
#1518 = CYLINDRICAL_SURFACE ( 'NONE', #4900, 9.999999999999994671 ) ;
#1519 = DIRECTION ( 'NONE',  ( 0.000000000000000000, 1.000000000000000000, 0.000000000000000000 ) ) ;
#1520 = CARTESIAN_POINT ( 'NONE',  ( -145.0000000000000000, 62.20000000000000995, -80.00000000000000000 ) ) ;
#1521 = AXIS2_PLACEMENT_3D ( 'NONE', #5126, #167, #4689 ) ;
#1522 = CARTESIAN_POINT ( 'NONE',  ( -145.0000000000000000, 72.20000000000001705, 0.000000000000000000 ) ) ;
#1523 = DIRECTION ( 'NONE',  ( 0.000000000000000000, 0.000000000000000000, -1.000000000000000000 ) ) ;
#1524 = EDGE_CURVE ( 'NONE', #5467, #1508, #3041, .T. ) ;
#1525 = DIRECTION ( 'NONE',  ( 0.000000000000000000, -1.000000000000000000, 0.000000000000000000 ) ) ;
#1526 = CARTESIAN_POINT ( 'NONE',  ( 114.9999999999999858, 62.20000000000000995, 82.00000000000000000 ) ) ;
#1527 = LINE ( 'NONE', #3358, #5045 ) ;
#1528 = PRODUCT_DEFINITION_SHAPE ( 'NONE', 'NONE',  #3734 ) ;
#1529 = CARTESIAN_POINT ( 'NONE',  ( 48.38703381417222005, 28.69999999999999929, -23.36424955595027697 ) ) ;
#1530 = ORIENTED_EDGE ( 'NONE', *, *, #4154, .F. ) ;
#1531 = CARTESIAN_POINT ( 'NONE',  ( 48.38703381417222005, 24.59999999999999787, 13.73575044404973866 ) ) ;
#1532 = CARTESIAN_POINT ( 'NONE',  ( 125.0000000000000284, 21.20000000000000284, 82.00000000000000000 ) ) ;
#1533 = CYLINDRICAL_SURFACE ( 'NONE', #2543, 5.050000000000068212 ) ;
#1534 = ADVANCED_FACE ( 'NONE', ( #4857 ), #5669, .T. ) ;
#1535 = DIRECTION ( 'NONE',  ( 0.000000000000000000, 1.000000000000000000, 0.000000000000000000 ) ) ;
#1536 = ORIENTED_EDGE ( 'NONE', *, *, #3694, .T. ) ;
#1537 = DIRECTION ( 'NONE',  ( 0.000000000000000000, 1.000000000000000000, 0.000000000000000000 ) ) ;
#1538 = LINE ( 'NONE', #5776, #2428 ) ;
#1539 = ORIENTED_EDGE ( 'NONE', *, *, #985, .T. ) ;
#1540 = DIRECTION ( 'NONE',  ( -0.000000000000000000, 1.000000000000000000, -0.000000000000000000 ) ) ;
#1541 = ORIENTED_EDGE ( 'NONE', *, *, #3788, .T. ) ;
#1542 = CARTESIAN_POINT ( 'NONE',  ( 114.9999999999999858, 62.20000000000000995, 92.00000000000000000 ) ) ;
#1543 = AXIS2_PLACEMENT_3D ( 'NONE', #4186, #1033, #136 ) ;
#1544 = PLANE ( 'NONE',  #2692 ) ;
#1545 = VECTOR ( 'NONE', #3680, 1000.000000000000000 ) ;
#1546 = B_SPLINE_CURVE_WITH_KNOTS ( 'NONE', 3,
 ( #674, #2487, #2019, #1316, #2584, #5368, #5309, #435, #3988, #1204 ),
 .UNSPECIFIED., .F., .F.,
 ( 4, 2, 2, 2, 4 ),
 ( -2.000000444444861530E-05, 0.0004405977277313889132, 0.0009011954599072094637, 0.001822390924258829098, 0.003664781852962079641 ),
 .UNSPECIFIED. ) ;
#1547 = VECTOR ( 'NONE', #2675, 1000.000000000000000 ) ;
#1548 = VERTEX_POINT ( 'NONE', #325 ) ;
#1549 = DIRECTION ( 'NONE',  ( -0.000000000000000000, 1.000000000000000000, -0.000000000000000000 ) ) ;
#1550 = PLANE ( 'NONE',  #1851 ) ;
#1551 = EDGE_CURVE ( 'NONE', #4306, #2448, #2460, .T. ) ;
#1552 = AXIS2_PLACEMENT_3D ( 'NONE', #152, #3762, #3391 ) ;
#1553 = CIRCLE ( 'NONE', #439, 21.50000000000001066 ) ;
#1554 = CARTESIAN_POINT ( 'NONE',  ( -149.1573111203788358, 65.20000000000000284, 63.00000000000001421 ) ) ;
#1555 = DIRECTION ( 'NONE',  ( 0.000000000000000000, -1.000000000000000000, 0.000000000000000000 ) ) ;
#1556 = EDGE_CURVE ( 'NONE', #3862, #2115, #868, .T. ) ;
#1557 = FACE_BOUND ( 'NONE', #1483, .T. ) ;
#1558 = AXIS2_PLACEMENT_3D ( 'NONE', #173, #1967, #683 ) ;
#1559 = LINE ( 'NONE', #4259, #2779 ) ;
#1560 = EDGE_LOOP ( 'NONE', ( #976, #137 ) ) ;
#1561 = ORIENTED_EDGE ( 'NONE', *, *, #2753, .F. ) ;
#1562 = DIRECTION ( 'NONE',  ( 0.000000000000000000, 0.000000000000000000, -1.000000000000000000 ) ) ;
#1563 = DIRECTION ( 'NONE',  ( 0.000000000000000000, 1.000000000000000000, 0.000000000000000000 ) ) ;
#1564 = CARTESIAN_POINT ( 'NONE',  ( -96.48499999999999943, 12.00000000000000000, 28.14999999999999858 ) ) ;
#1565 = AXIS2_PLACEMENT_3D ( 'NONE', #3728, #4789, #4169 ) ;
#1566 = VERTEX_POINT ( 'NONE', #4475 ) ;
#1567 = ORIENTED_EDGE ( 'NONE', *, *, #967, .T. ) ;
#1568 = FACE_BOUND ( 'NONE', #4399, .T. ) ;
#1569 = FACE_OUTER_BOUND ( 'NONE', #2351, .T. ) ;
#1570 = ORIENTED_EDGE ( 'NONE', *, *, #3639, .F. ) ;
#1571 = AXIS2_PLACEMENT_3D ( 'NONE', #3315, #2787, #4152 ) ;
#1572 = DIRECTION ( 'NONE',  ( 0.000000000000000000, 0.000000000000000000, -1.000000000000000000 ) ) ;
#1573 = CARTESIAN_POINT ( 'NONE',  ( -605.7799143269008937, -4.000000000000000000, 0.000000000000000000 ) ) ;
#1574 = AXIS2_PLACEMENT_3D ( 'NONE', #4318, #2031, #3875 ) ;
#1575 = ORIENTED_EDGE ( 'NONE', *, *, #1932, .F. ) ;
#1576 = ADVANCED_FACE ( 'NONE', ( #414, #5404 ), #3534, .T. ) ;
#1577 = CARTESIAN_POINT ( 'NONE',  ( -150.0000000000000000, 15.00000000000000000, -35.00000000000000000 ) ) ;
#1578 = ORIENTED_EDGE ( 'NONE', *, *, #174, .F. ) ;
#1579 = LINE ( 'NONE', #2971, #2388 ) ;
#1580 = ORIENTED_EDGE ( 'NONE', *, *, #5710, .T. ) ;
#1581 = PLANE ( 'NONE',  #5628 ) ;
#1582 = CARTESIAN_POINT ( 'NONE',  ( -91.88000000000003809, 12.00000000000000000, -18.71368848543033181 ) ) ;
#1583 = FACE_OUTER_BOUND ( 'NONE', #3206, .T. ) ;
#1584 = CARTESIAN_POINT ( 'NONE',  ( 0.000000000000000000, 12.00000000000000000, 22.87999999999999901 ) ) ;
#1585 = CIRCLE ( 'NONE', #5236, 9.999999999999994671 ) ;
#1586 = EDGE_LOOP ( 'NONE', ( #3461, #4544, #4197, #1834 ) ) ;
#1587 = CARTESIAN_POINT ( 'NONE',  ( -21.77431406290464011, 0.9489839057864382088, 40.25254588878571838 ) ) ;
#1588 = ADVANCED_FACE ( 'NONE', ( #447 ), #1712, .T. ) ;
#1589 = DIRECTION ( 'NONE',  ( 0.000000000000000000, 0.000000000000000000, 1.000000000000000000 ) ) ;
#1590 = ADVANCED_FACE ( 'NONE', ( #2748 ), #4911, .T. ) ;
#1591 = DIRECTION ( 'NONE',  ( 0.000000000000000000, 0.000000000000000000, -1.000000000000000000 ) ) ;
#1592 = AXIS2_PLACEMENT_3D ( 'NONE', #3274, #1072, #4173 ) ;
#1593 = EDGE_CURVE ( 'NONE', #532, #3726, #1700, .T. ) ;
#1594 = EDGE_LOOP ( 'NONE', ( #4477, #3283, #1530, #2718, #4094, #4718 ) ) ;
#1595 = VERTEX_POINT ( 'NONE', #1740 ) ;
#1596 = CARTESIAN_POINT ( 'NONE',  ( -155.0000000000000000, 0.8523232307057377888, 54.21254657256163512 ) ) ;
#1597 = VECTOR ( 'NONE', #4256, 1000.000000000000000 ) ;
#1598 = LINE ( 'NONE', #5266, #2083 ) ;
#1599 = ORIENTED_EDGE ( 'NONE', *, *, #1208, .F. ) ;
#1600 = DIRECTION ( 'NONE',  ( -0.000000000000000000, -1.000000000000000000, -0.000000000000000000 ) ) ;
#1601 = DIRECTION ( 'NONE',  ( -0.000000000000000000, -1.000000000000000000, -0.000000000000000000 ) ) ;
#1602 = EDGE_LOOP ( 'NONE', ( #2635, #2024, #2110, #520 ) ) ;
#1603 = EDGE_CURVE ( 'NONE', #5876, #3732, #5857, .T. ) ;
#1604 = ORIENTED_EDGE ( 'NONE', *, *, #2767, .T. ) ;
#1605 = CIRCLE ( 'NONE', #4957, 1.499999999999997335 ) ;
#1606 = ORIENTED_EDGE ( 'NONE', *, *, #3643, .F. ) ;
#1607 = ORIENTED_EDGE ( 'NONE', *, *, #4154, .T. ) ;
#1608 = DIRECTION ( 'NONE',  ( 0.000000000000000000, 0.000000000000000000, 1.000000000000000000 ) ) ;
#1609 = ORIENTED_EDGE ( 'NONE', *, *, #752, .T. ) ;
#1610 = CARTESIAN_POINT ( 'NONE',  ( -581.2799143269010074, -4.000000000000000000, -228.3536113549479865 ) ) ;
#1611 = VECTOR ( 'NONE', #2762, 1000.000000000000000 ) ;
#1612 = CARTESIAN_POINT ( 'NONE',  ( -39.47544844527113383, -10.00000000000000178, 30.00000000000000711 ) ) ;
#1613 = ADVANCED_FACE ( 'NONE', ( #2164 ), #3130, .T. ) ;
#1614 = CIRCLE ( 'NONE', #4969, 5.174999999999991829 ) ;
#1615 = ORIENTED_EDGE ( 'NONE', *, *, #4856, .F. ) ;
#1616 = CARTESIAN_POINT ( 'NONE',  ( -125.0000000000000000, 72.20000000000001705, 80.00000000000000000 ) ) ;
#1617 = CARTESIAN_POINT ( 'NONE',  ( 76.14000000000000057, 72.20000000000001705, -80.00000000000000000 ) ) ;
#1618 = CARTESIAN_POINT ( 'NONE',  ( 0.000000000000000000, -38.00000000000000000, 0.000000000000000000 ) ) ;
#1619 = LINE ( 'NONE', #3096, #2640 ) ;
#1620 = AXIS2_PLACEMENT_3D ( 'NONE', #1349, #1318, #3497 ) ;
#1621 = LINE ( 'NONE', #2497, #2274 ) ;
#1622 = CARTESIAN_POINT ( 'NONE',  ( -27.65792282279827674, -10.00000000000000888, 30.00000000000000355 ) ) ;
#1623 = ORIENTED_EDGE ( 'NONE', *, *, #5872, .F. ) ;
#1624 = CARTESIAN_POINT ( 'NONE',  ( -37.88342676936267139, 1.524659305057739994E-17, 36.03254521467129479 ) ) ;
#1625 = DIRECTION ( 'NONE',  ( 0.000000000000000000, 0.000000000000000000, 1.000000000000000000 ) ) ;
#1626 = CYLINDRICAL_SURFACE ( 'NONE', #3205, 10.49999999999999112 ) ;
#1627 = EDGE_LOOP ( 'NONE', ( #3922, #1071, #1820, #5530 ) ) ;
#1628 = VERTEX_POINT ( 'NONE', #1773 ) ;
#1629 = CARTESIAN_POINT ( 'NONE',  ( -155.0000000000000000, -0.2737710351854046320, 44.54433890301176291 ) ) ;
#1630 = DIRECTION ( 'NONE',  ( -0.000000000000000000, 0.000000000000000000, 1.000000000000000000 ) ) ;
#1631 = ORIENTED_EDGE ( 'NONE', *, *, #5908, .T. ) ;
#1632 = DIRECTION ( 'NONE',  ( -1.000000000000000000, 0.000000000000000000, 0.000000000000000000 ) ) ;
#1633 = CARTESIAN_POINT ( 'NONE',  ( 125.0000000000000284, -29.00000000000000000, 67.00000000000000000 ) ) ;
#1634 = ORIENTED_EDGE ( 'NONE', *, *, #1556, .F. ) ;
#1635 = EDGE_LOOP ( 'NONE', ( #4831, #548 ) ) ;
#1636 = ORIENTED_EDGE ( 'NONE', *, *, #1172, .F. ) ;
#1637 = ADVANCED_FACE ( 'NONE', ( #2690 ), #1805, .F. ) ;
#1638 = DIRECTION ( 'NONE',  ( 1.000000000000000000, 0.000000000000000000, 4.308557930428944396E-17 ) ) ;
#1639 = EDGE_LOOP ( 'NONE', ( #1975, #4275, #5843, #763 ) ) ;
#1640 = CARTESIAN_POINT ( 'NONE',  ( -154.8095445286474501, 64.20703759527349064, -53.58695318480233283 ) ) ;
#1641 = DIRECTION ( 'NONE',  ( 0.000000000000000000, 0.000000000000000000, 1.000000000000000000 ) ) ;
#1642 = EDGE_CURVE ( 'NONE', #1366, #5448, #906, .T. ) ;
#1643 = ORIENTED_EDGE ( 'NONE', *, *, #3884, .T. ) ;
#1644 = FACE_BOUND ( 'NONE', #2053, .T. ) ;
#1645 = CARTESIAN_POINT ( 'NONE',  ( -87.40330962870898190, 0.000000000000000000, 22.87999999999999901 ) ) ;
#1646 = FACE_OUTER_BOUND ( 'NONE', #3677, .T. ) ;
#1647 = EDGE_CURVE ( 'NONE', #5453, #1109, #2193, .T. ) ;
#1648 = CARTESIAN_POINT ( 'NONE',  ( 0.000000000000000000, -56.00000000000000711, 0.000000000000000000 ) ) ;
#1649 = AXIS2_PLACEMENT_3D ( 'NONE', #4637, #566, #3072 ) ;
#1650 = LINE ( 'NONE', #3813, #2465 ) ;
#1651 = VERTEX_POINT ( 'NONE', #4420 ) ;
#1652 = AXIS2_PLACEMENT_3D ( 'NONE', #1424, #1896, #69 ) ;
#1653 = AXIS2_PLACEMENT_3D ( 'NONE', #5283, #3782, #3411 ) ;
#1654 = EDGE_CURVE ( 'NONE', #5508, #151, #4851, .T. ) ;
#1655 = CARTESIAN_POINT ( 'NONE',  ( -17.43203680395171062, -6.674619624363886672E-16, 36.03172699490546904 ) ) ;
#1656 = CARTESIAN_POINT ( 'NONE',  ( -5.254798149870912205, 12.00000000000000000, -18.13376097510607821 ) ) ;
#1657 = FACE_OUTER_BOUND ( 'NONE', #2968, .T. ) ;
#1658 = VECTOR ( 'NONE', #1018, 1000.000000000000000 ) ;
#1659 = ORIENTED_EDGE ( 'NONE', *, *, #229, .F. ) ;
#1660 = CARTESIAN_POINT ( 'NONE',  ( -155.0000000000000284, 6.913533515322195733, 67.94862914430589740 ) ) ;
#1661 = ORIENTED_EDGE ( 'NONE', *, *, #3749, .F. ) ;
#1662 = VECTOR ( 'NONE', #2596, 1000.000000000000000 ) ;
#1663 = CARTESIAN_POINT ( 'NONE',  ( -605.7799143269008937, 6.000000000000000000, -185.4036113549479978 ) ) ;
#1664 = DIRECTION ( 'NONE',  ( 0.000000000000000000, 0.000000000000000000, -1.000000000000000000 ) ) ;
#1665 = VERTEX_POINT ( 'NONE', #4981 ) ;
#1666 = ORIENTED_EDGE ( 'NONE', *, *, #3287, .T. ) ;
#1667 = CARTESIAN_POINT ( 'NONE',  ( -325.7799143269008937, 6.000000000000000000, -285.2036113549480092 ) ) ;
#1668 = CIRCLE ( 'NONE', #5209, 5.169999999999993712 ) ;
#1669 = ORIENTED_EDGE ( 'NONE', *, *, #130, .T. ) ;
#1670 = ORIENTED_EDGE ( 'NONE', *, *, #82, .T. ) ;
#1671 = EDGE_CURVE ( 'NONE', #5337, #4916, #2275, .T. ) ;
#1672 = CARTESIAN_POINT ( 'NONE',  ( -5.254798149870912205, 0.000000000000000000, -18.13376097510607821 ) ) ;
#1673 = ORIENTED_EDGE ( 'NONE', *, *, #3739, .T. ) ;
#1674 = CYLINDRICAL_SURFACE ( 'NONE', #1620, 5.175000000000020250 ) ;
#1675 = DIRECTION ( 'NONE',  ( -1.000000000000000000, 0.000000000000000000, 0.000000000000000000 ) ) ;
#1676 = ADVANCED_FACE ( 'NONE', ( #1357 ), #2626, .F. ) ;
#1677 = EDGE_CURVE ( 'NONE', #1808, #3816, #4250, .T. ) ;
#1678 = ORIENTED_EDGE ( 'NONE', *, *, #5906, .T. ) ;
#1679 = DIRECTION ( 'NONE',  ( 0.000000000000000000, 0.000000000000000000, -1.000000000000000000 ) ) ;
#1680 = DIRECTION ( 'NONE',  ( 0.000000000000000000, 0.000000000000000000, 1.000000000000000000 ) ) ;
#1681 = CARTESIAN_POINT ( 'NONE',  ( 115.0000000000000284, 65.20000000000000284, 56.50000000000000711 ) ) ;
#1682 = DIRECTION ( 'NONE',  ( -0.000000000000000000, -0.000000000000000000, 1.000000000000000000 ) ) ;
#1683 = ORIENTED_EDGE ( 'NONE', *, *, #1171, .T. ) ;
#1684 = DIRECTION ( 'NONE',  ( 0.000000000000000000, -1.000000000000000000, 0.000000000000000000 ) ) ;
#1685 = ORIENTED_EDGE ( 'NONE', *, *, #5826, .F. ) ;
#1686 = DIRECTION ( 'NONE',  ( 0.000000000000000000, 0.000000000000000000, 1.000000000000000000 ) ) ;
#1687 = EDGE_CURVE ( 'NONE', #5416, #831, #933, .T. ) ;
#1688 = AXIS2_PLACEMENT_3D ( 'NONE', #5898, #3981, #4457 ) ;
#1690 = ORIENTED_EDGE ( 'NONE', *, *, #5378, .T. ) ;
#1689 = EDGE_CURVE ( 'NONE', #3636, #2266, #3099, .T. ) ;
#1691 = CARTESIAN_POINT ( 'NONE',  ( -154.0167195204814448, 7.883265925099260052, 67.00000000000000000 ) ) ;
#1692 = DIRECTION ( 'NONE',  ( -0.000000000000000000, -0.000000000000000000, 1.000000000000000000 ) ) ;
#1693 = ORIENTED_EDGE ( 'NONE', *, *, #4443, .T. ) ;
#1694 = DIRECTION ( 'NONE',  ( 0.000000000000000000, 0.000000000000000000, -1.000000000000000000 ) ) ;
#1695 = AXIS2_PLACEMENT_3D ( 'NONE', #2113, #4485, #1694 ) ;
#1696 = CARTESIAN_POINT ( 'NONE',  ( 95.00000000000002842, 47.20000000000000995, 70.59000000000000341 ) ) ;
#1697 = EDGE_LOOP ( 'NONE', ( #1669, #5028 ) ) ;
#1698 = EDGE_LOOP ( 'NONE', ( #493, #3634 ) ) ;
#1699 = CARTESIAN_POINT ( 'NONE',  ( 0.000000000000000000, 62.20000000000000995, 82.00000000000000000 ) ) ;
#1700 = CIRCLE ( 'NONE', #2569, 10.49999999999999112 ) ;
#1701 = CARTESIAN_POINT ( 'NONE',  ( -146.1261429458374721, 0.000000000000000000, 40.26731717802033472 ) ) ;
#1702 = AXIS2_PLACEMENT_3D ( 'NONE', #3328, #2776, #3675 ) ;
#1703 = ORIENTED_EDGE ( 'NONE', *, *, #4688, .F. ) ;
#1704 = FACE_OUTER_BOUND ( 'NONE', #3409, .T. ) ;
#1705 = DIRECTION ( 'NONE',  ( 0.000000000000000000, 0.000000000000000000, 1.000000000000000000 ) ) ;
#1706 = CARTESIAN_POINT ( 'NONE',  ( -130.5000000000000000, 0.000000000000000000, 25.50000000000000355 ) ) ;
#1707 = AXIS2_PLACEMENT_3D ( 'NONE', #4123, #5441, #1721 ) ;
#1708 = DIRECTION ( 'NONE',  ( -0.000000000000000000, 1.000000000000000000, -0.000000000000000000 ) ) ;
#1709 = DIRECTION ( 'NONE',  ( -1.000000000000000000, 0.000000000000000000, 9.912705577010325549E-17 ) ) ;
#1710 = AXIS2_PLACEMENT_3D ( 'NONE', #5144, #635, #3346 ) ;
#1711 = EDGE_CURVE ( 'NONE', #3627, #3325, #2946, .T. ) ;
#1712 = PLANE ( 'NONE',  #5346 ) ;
#1713 = ORIENTED_EDGE ( 'NONE', *, *, #2311, .F. ) ;
#1714 = DIRECTION ( 'NONE',  ( 0.000000000000000000, 0.000000000000000000, -1.000000000000000000 ) ) ;
#1715 = AXIS2_PLACEMENT_3D ( 'NONE', #571, #4177, #125 ) ;
#1716 = DIRECTION ( 'NONE',  ( 0.000000000000000000, 0.000000000000000000, 1.000000000000000000 ) ) ;
#1717 = CARTESIAN_POINT ( 'NONE',  ( -149.0358901396508315, 65.51574771627073801, 63.00000000000002842 ) ) ;
#1718 = EDGE_CURVE ( 'NONE', #2229, #494, #3750, .T. ) ;
#1719 = ORIENTED_EDGE ( 'NONE', *, *, #1551, .F. ) ;
#1720 = CARTESIAN_POINT ( 'NONE',  ( -155.0000000000000000, 4.182398387398127859, 67.00000000000000000 ) ) ;
#1721 = DIRECTION ( 'NONE',  ( 1.000000000000000000, 0.000000000000000000, 0.000000000000000000 ) ) ;
#1722 = ORIENTED_EDGE ( 'NONE', *, *, #4371, .F. ) ;
#1723 = DIRECTION ( 'NONE',  ( 0.000000000000000000, 0.000000000000000000, 1.000000000000000000 ) ) ;
#1724 = EDGE_CURVE ( 'NONE', #4323, #2774, #2396, .T. ) ;
#1725 = CARTESIAN_POINT ( 'NONE',  ( -106.3534108745596427, 47.36499999999998067, 132.1026468289988145 ) ) ;
#1726 = ORIENTED_EDGE ( 'NONE', *, *, #2335, .F. ) ;
#1727 = ORIENTED_EDGE ( 'NONE', *, *, #4735, .T. ) ;
#1728 = CARTESIAN_POINT ( 'NONE',  ( 0.000000000000000000, -44.00000000000000711, 0.000000000000000000 ) ) ;
#1729 = LINE ( 'NONE', #4997, #5361 ) ;
#1730 = LINE ( 'NONE', #3551, #4610 ) ;
#1731 = FACE_OUTER_BOUND ( 'NONE', #4133, .T. ) ;
#1732 = ORIENTED_EDGE ( 'NONE', *, *, #875, .T. ) ;
#1733 = LINE ( 'NONE', #5459, #4349 ) ;
#1734 = DIRECTION ( 'NONE',  ( -0.000000000000000000, 1.000000000000000000, -0.000000000000000000 ) ) ;
#1735 = DIRECTION ( 'NONE',  ( 0.000000000000000000, 0.000000000000000000, 1.000000000000000000 ) ) ;
#1736 = DIRECTION ( 'NONE',  ( 0.000000000000000000, 0.000000000000000000, -1.000000000000000000 ) ) ;
#1737 = DIRECTION ( 'NONE',  ( -0.000000000000000000, -1.000000000000000000, 0.000000000000000000 ) ) ;
#1738 = PERSON_AND_ORGANIZATION_ROLE ( 'creator' ) ;
#1739 = VECTOR ( 'NONE', #5316, 1000.000000000000000 ) ;
#1740 = CARTESIAN_POINT ( 'NONE',  ( -27.65792282279827674, 1.638812014385617966, 41.81752562247285709 ) ) ;
#1741 = EDGE_CURVE ( 'NONE', #3849, #804, #3269, .T. ) ;
#1742 = ORIENTED_EDGE ( 'NONE', *, *, #2616, .F. ) ;
#1743 = CARTESIAN_POINT ( 'NONE',  ( -35.75419135108462854, 0.4402143612975162323, 38.61291500694659362 ) ) ;
#1744 = FACE_BOUND ( 'NONE', #4573, .T. ) ;
#1745 = ORIENTED_EDGE ( 'NONE', *, *, #1439, .F. ) ;
#1746 = CARTESIAN_POINT ( 'NONE',  ( -143.1885084929480456, 70.92392454221341325, 63.00000000000001421 ) ) ;
#1747 = EDGE_CURVE ( 'NONE', #5173, #1807, #116, .T. ) ;
#1748 = ORIENTED_EDGE ( 'NONE', *, *, #3999, .T. ) ;
#1749 = FACE_OUTER_BOUND ( 'NONE', #3022, .T. ) ;
#1750 = AXIS2_PLACEMENT_3D ( 'NONE', #768, #3087, #5272 ) ;
#1751 = FACE_OUTER_BOUND ( 'NONE', #3984, .T. ) ;
#1752 = EDGE_LOOP ( 'NONE', ( #5178, #3909 ) ) ;
#1753 = CARTESIAN_POINT ( 'NONE',  ( -130.5000000000000000, 28.69999999999999929, 47.00000000000001421 ) ) ;
#1754 = DIRECTION ( 'NONE',  ( 0.000000000000000000, 0.000000000000000000, 1.000000000000000000 ) ) ;
#1755 = VECTOR ( 'NONE', #3253, 1000.000000000000000 ) ;
#1756 = CIRCLE ( 'NONE', #1453, 8.089999999999999858 ) ;
#1757 = ORIENTED_EDGE ( 'NONE', *, *, #2860, .F. ) ;
#1758 = VERTEX_POINT ( 'NONE', #2833 ) ;
#1759 = DIRECTION ( 'NONE',  ( 0.000000000000000000, -1.000000000000000000, 0.000000000000000000 ) ) ;
#1760 = ORIENTED_EDGE ( 'NONE', *, *, #2256, .T. ) ;
#1761 = CARTESIAN_POINT ( 'NONE',  ( -141.1046931257209849, 1.142579892866986357, 44.20618791803535430 ) ) ;
#1762 = VECTOR ( 'NONE', #1737, 1000.000000000000000 ) ;
#1763 = EDGE_CURVE ( 'NONE', #4965, #2958, #2365, .T. ) ;
#1764 = EDGE_CURVE ( 'NONE', #3221, #5491, #4067, .T. ) ;
#1765 = VERTEX_POINT ( 'NONE', #3644 ) ;
#1766 = CYLINDRICAL_SURFACE ( 'NONE', #665, 18.55000000000000782 ) ;
#1767 = CARTESIAN_POINT ( 'NONE',  ( 124.4049491151855023, 65.85093861838839757, 50.59505088479858159 ) ) ;
#1768 = DIRECTION ( 'NONE',  ( 0.000000000000000000, -1.000000000000000000, 0.000000000000000000 ) ) ;
#1769 = CARTESIAN_POINT ( 'NONE',  ( -128.8151540495617553, 70.38595239174331653, 87.74493896551305738 ) ) ;
#1770 = VERTEX_POINT ( 'NONE', #1491 ) ;
#1771 = COORDINATED_UNIVERSAL_TIME_OFFSET ( 8, 0, .BEHIND. ) ;
#1772 = ORGANIZATION ( 'UNSPECIFIED', 'UNSPECIFIED', '' ) ;
#1773 = CARTESIAN_POINT ( 'NONE',  ( -155.0000000000000000, 62.20000000000001705, -70.00000000000000000 ) ) ;
#1774 = VERTEX_POINT ( 'NONE', #959 ) ;
#1775 = ORIENTED_EDGE ( 'NONE', *, *, #1065, .F. ) ;
#1776 = CARTESIAN_POINT ( 'NONE',  ( -125.0000000000000000, 15.00000000000000000, 50.00000000000000000 ) ) ;
#1777 = DIRECTION ( 'NONE',  ( 0.000000000000000000, 1.000000000000000000, -0.000000000000000000 ) ) ;
#1778 = EDGE_LOOP ( 'NONE', ( #4301, #4617 ) ) ;
#1779 = CARTESIAN_POINT ( 'NONE',  ( -6.245004513516504751E-15, 72.20000000000001705, -63.00000000000000000 ) ) ;
#1780 = DIRECTION ( 'NONE',  ( -0.000000000000000000, 0.000000000000000000, 1.000000000000000000 ) ) ;
#1781 = ORIENTED_EDGE ( 'NONE', *, *, #4667, .T. ) ;
#1782 = ADVANCED_FACE ( 'NONE', ( #140 ), #1934, .F. ) ;
#1783 = CARTESIAN_POINT ( 'NONE',  ( -27.65792282279827674, -41.00000000000000000, 30.00000000000000355 ) ) ;
#1784 = DIRECTION ( 'NONE',  ( 0.000000000000000000, 0.000000000000000000, -1.000000000000000000 ) ) ;
#1785 = VERTEX_POINT ( 'NONE', #5068 ) ;
#1786 = ORIENTED_EDGE ( 'NONE', *, *, #4902, .F. ) ;
#1787 = CARTESIAN_POINT ( 'NONE',  ( 115.0000000000000142, -38.00000000000000000, 70.00000000000000000 ) ) ;
#1788 = VERTEX_POINT ( 'NONE', #505 ) ;
#1789 = CARTESIAN_POINT ( 'NONE',  ( -27.65792282279827674, -10.00000000000000178, 30.00000000000000355 ) ) ;
#1790 = ADVANCED_FACE ( 'NONE', ( #2308 ), #2367, .F. ) ;
#1791 = VECTOR ( 'NONE', #2738, 1000.000000000000000 ) ;
#1792 = PLANE ( 'NONE',  #3898 ) ;
#1793 = AXIS2_PLACEMENT_3D ( 'NONE', #4257, #4389, #4322 ) ;
#1794 = DIRECTION ( 'NONE',  ( 0.000000000000000000, -1.000000000000000000, -0.000000000000000000 ) ) ;
#1795 =( BOUNDED_SURFACE ( )  B_SPLINE_SURFACE ( 3, 2, ( 
 ( #3855, #794, #2985 ),
 ( #2540, #1629, #3454 ),
 ( #2108, #306, #4864 ),
 ( #5744, #2475, #216 ),
 ( #3517, #662, #5359 ),
 ( #1194, #1223, #3081 ),
 ( #3915, #2604, #3486 ),
 ( #4397, #5707, #3016 ),
 ( #4832, #1596, #761 ),
 ( #2008, #2959, #2042 ),
 ( #2073, #3822, #332 ),
 ( #2144, #1251, #4331 ),
 ( #3425, #274, #3951 ),
 ( #5772, #1660, #1136 ) ),
 .UNSPECIFIED., .F., .F., .F. ) 
 B_SPLINE_SURFACE_WITH_KNOTS ( ( 4, 2, 2, 2, 2, 2, 4 ),
 ( 3, 3 ),
 ( 0.000000000000000000, 0.007217688160878256778, 0.009022110201097822274, 0.01082653224131738603, 0.01443537632175651356, 0.02165306448263477207, 0.02887075264351302711 ),
 ( 0.000000000000000000, 1.000000000000000000 ),
 .UNSPECIFIED. ) 
 GEOMETRIC_REPRESENTATION_ITEM ( )  RATIONAL_B_SPLINE_SURFACE ( (
 ( 1.000000000000000000, 0.7071067811865475727, 1.000000000000000000),
 ( 1.000000000000000000, 0.7269998599612591539, 1.000000000000000000),
 ( 1.000000000000000000, 0.7477821641725251878, 1.000000000000000000),
 ( 1.000000000000000000, 0.7746521792716107857, 1.000000000000000000),
 ( 1.000000000000000000, 0.7800696945180375375, 1.000000000000000000),
 ( 1.000000000000000000, 0.7909791487569738377, 1.000000000000000000),
 ( 1.000000000000000000, 0.7964844201461115381, 1.000000000000000000),
 ( 1.000000000000000000, 0.8129515379179257373, 1.000000000000000000),
 ( 1.000000000000000000, 0.8238836705549208439, 1.000000000000000000),
 ( 1.000000000000000000, 0.8563163017624695339, 1.000000000000000000),
 ( 1.000000000000000000, 0.8774832580095299761, 1.000000000000000000),
 ( 1.000000000000000000, 0.9169603381018487376, 1.000000000000000000),
 ( 1.000000000000000000, 0.9352818473899825458, 1.000000000000000000),
 ( 1.000000000000000000, 0.9506699655942355554, 1.000000000000000000) ) ) 
 REPRESENTATION_ITEM ( '' )  SURFACE ( )  );
#1796 = ORIENTED_EDGE ( 'NONE', *, *, #4591, .F. ) ;
#1797 = DIRECTION ( 'NONE',  ( 1.000000000000000000, 0.000000000000000000, 0.000000000000000000 ) ) ;
#1798 = CARTESIAN_POINT ( 'NONE',  ( -512.9162712043346346, -53.00000000000000711, 32.60264682899880029 ) ) ;
#1799 = CIRCLE ( 'NONE', #478, 9.999999999999994671 ) ;
#1800 = CARTESIAN_POINT ( 'NONE',  ( 0.000000000000000000, 65.20000000000000284, -50.00000000000000000 ) ) ;
#1801 = LINE ( 'NONE', #4023, #3159 ) ;
#1802 = VECTOR ( 'NONE', #4384, 1000.000000000000000 ) ;
#1803 = EDGE_CURVE ( 'NONE', #860, #5397, #2802, .T. ) ;
#1804 = VECTOR ( 'NONE', #4332, 1000.000000000000000 ) ;
#1805 = CYLINDRICAL_SURFACE ( 'NONE', #3047, 8.089999999999999858 ) ;
#1806 = VECTOR ( 'NONE', #3375, 1000.000000000000000 ) ;
#1807 = VERTEX_POINT ( 'NONE', #531 ) ;
#1808 = VERTEX_POINT ( 'NONE', #1912 ) ;
#1809 = DIRECTION ( 'NONE',  ( -0.000000000000000000, 1.000000000000000000, -0.000000000000000000 ) ) ;
#1810 = AXIS2_PLACEMENT_3D ( 'NONE', #1372, #3201, #496 ) ;
#1811 = CARTESIAN_POINT ( 'NONE',  ( -135.5356537528527667, 72.20000000000001705, 63.00000000000001421 ) ) ;
#1812 = ORIENTED_EDGE ( 'NONE', *, *, #5577, .F. ) ;
#1813 = CARTESIAN_POINT ( 'NONE',  ( 61.08999999999998920, 31.85000000000000497, -80.00000000000000000 ) ) ;
#1814 = CARTESIAN_POINT ( 'NONE',  ( -119.8980561989715596, 65.20000000000000284, 56.50000000000003553 ) ) ;
#1815 = AXIS2_PLACEMENT_3D ( 'NONE', #812, #1768, #1736 ) ;
#1816 = ORIENTED_EDGE ( 'NONE', *, *, #4559, .F. ) ;
#1817 = CARTESIAN_POINT ( 'NONE',  ( -130.5000000000000000, 28.69999999999999929, 47.00000000000001421 ) ) ;
#1818 = LINE ( 'NONE', #3632, #2834 ) ;
#1819 = ORIENTED_EDGE ( 'NONE', *, *, #4874, .T. ) ;
#1820 = ORIENTED_EDGE ( 'NONE', *, *, #1499, .T. ) ;
#1821 = CARTESIAN_POINT ( 'NONE',  ( -155.0000000000000000, -5.000000000000000000, 42.58342613226059115 ) ) ;
#1822 = ADVANCED_FACE ( 'NONE', ( #2338 ), #4143, .T. ) ;
#1823 = DIRECTION ( 'NONE',  ( -0.000000000000000000, 1.000000000000000000, 0.000000000000000000 ) ) ;
#1824 = DIRECTION ( 'NONE',  ( -0.000000000000000000, -1.000000000000000000, -0.000000000000000000 ) ) ;
#1825 = CARTESIAN_POINT ( 'NONE',  ( -125.0000000000000000, 69.72142938542931745, 88.59000000000004604 ) ) ;
#1826 = EDGE_CURVE ( 'NONE', #416, #3921, #290, .T. ) ;
#1827 = DIRECTION ( 'NONE',  ( -0.000000000000000000, 0.000000000000000000, -1.000000000000000000 ) ) ;
#1828 = CARTESIAN_POINT ( 'NONE',  ( -5.254798149870912205, 12.00000000000000000, -19.63376097510607821 ) ) ;
#1829 = ADVANCED_FACE ( 'NONE', ( #2095 ), #1581, .T. ) ;
#1830 = VERTEX_POINT ( 'NONE', #170 ) ;
#1831 = DIRECTION ( 'NONE',  ( 0.000000000000000000, 0.000000000000000000, 1.000000000000000000 ) ) ;
#1832 = EDGE_CURVE ( 'NONE', #5442, #4476, #1885, .T. ) ;
#1833 = ORIENTED_EDGE ( 'NONE', *, *, #2969, .T. ) ;
#1834 = ORIENTED_EDGE ( 'NONE', *, *, #1897, .T. ) ;
#1835 = CARTESIAN_POINT ( 'NONE',  ( 125.0000000000000000, 62.20000000000000995, -70.00000000000000000 ) ) ;
#1836 = CARTESIAN_POINT ( 'NONE',  ( 95.00000000000002842, 72.20000000000001705, 79.58999999999998920 ) ) ;
#1837 = ORIENTED_EDGE ( 'NONE', *, *, #1832, .T. ) ;
#1838 = DIRECTION ( 'NONE',  ( -1.000000000000000000, 0.000000000000000000, -0.000000000000000000 ) ) ;
#1839 = ORIENTED_EDGE ( 'NONE', *, *, #3464, .T. ) ;
#1840 = EDGE_CURVE ( 'NONE', #314, #2082, #5282, .T. ) ;
#1841 = DIRECTION ( 'NONE',  ( -0.000000000000000000, 1.000000000000000000, -0.000000000000000000 ) ) ;
#1842 = EDGE_LOOP ( 'NONE', ( #3075, #2761, #664, #1599 ) ) ;
#1843 = VECTOR ( 'NONE', #594, 1000.000000000000000 ) ;
#1844 = CARTESIAN_POINT ( 'NONE',  ( -145.0000000000000000, 72.20000000000001705, 80.00000000000000000 ) ) ;
#1845 = LINE ( 'NONE', #3660, #4626 ) ;
#1846 = ORIENTED_EDGE ( 'NONE', *, *, #1258, .T. ) ;
#1847 = EDGE_LOOP ( 'NONE', ( #5270, #1719, #4599, #3032 ) ) ;
#1848 = VECTOR ( 'NONE', #5340, 1000.000000000000000 ) ;
#1849 = CARTESIAN_POINT ( 'NONE',  ( 45.75706587302855155, 72.20000000000001705, -80.00000000000000000 ) ) ;
#1850 = VECTOR ( 'NONE', #2319, 1000.000000000000000 ) ;
#1851 = AXIS2_PLACEMENT_3D ( 'NONE', #2426, #171, #648 ) ;
#1852 = CARTESIAN_POINT ( 'NONE',  ( -154.0167195204814448, 7.883265925099260052, 67.00000000000000000 ) ) ;
#1853 = AXIS2_PLACEMENT_3D ( 'NONE', #2461, #231, #4254 ) ;
#1854 = EDGE_CURVE ( 'NONE', #1417, #2935, #4077, .T. ) ;
#1855 = CARTESIAN_POINT ( 'NONE',  ( -130.5000000000000000, 4.699999999999999289, 23.09999999999999787 ) ) ;
#1856 = DIRECTION ( 'NONE',  ( 0.000000000000000000, -1.000000000000000000, 0.000000000000000000 ) ) ;
#1857 = CARTESIAN_POINT ( 'NONE',  ( -605.7799143269008937, 6.000000000000000000, -285.2036113549480092 ) ) ;
#1858 = EDGE_CURVE ( 'NONE', #5105, #2614, #874, .T. ) ;
#1859 = AXIS2_PLACEMENT_3D ( 'NONE', #1879, #3291, #582 ) ;
#1860 = DIRECTION ( 'NONE',  ( 0.000000000000000000, 0.000000000000000000, -1.000000000000000000 ) ) ;
#1861 = VECTOR ( 'NONE', #692, 1000.000000000000000 ) ;
#1862 = ORIENTED_EDGE ( 'NONE', *, *, #209, .T. ) ;
#1863 = DIRECTION ( 'NONE',  ( -1.000000000000000000, 0.000000000000000000, 1.010328182681356285E-16 ) ) ;
#1864 = ORIENTED_EDGE ( 'NONE', *, *, #3715, .T. ) ;
#1865 = CYLINDRICAL_SURFACE ( 'NONE', #2050, 21.49999999999999289 ) ;
#1866 = AXIS2_PLACEMENT_3D ( 'NONE', #61, #2373, #5132 ) ;
#1867 = DIRECTION ( 'NONE',  ( 0.000000000000000000, 8.673617379884035472E-16, -1.000000000000000000 ) ) ;
#1868 = CARTESIAN_POINT ( 'NONE',  ( -151.6618166740178140, -0.2809762387201319989, 21.62298568586558645 ) ) ;
#1869 = DIRECTION ( 'NONE',  ( 0.000000000000000000, 0.000000000000000000, 1.000000000000000000 ) ) ;
#1870 = FACE_OUTER_BOUND ( 'NONE', #5408, .T. ) ;
#1871 = CARTESIAN_POINT ( 'NONE',  ( -325.7799143269008937, 6.000000000000000000, -185.4036113549479978 ) ) ;
#1872 = ORIENTED_EDGE ( 'NONE', *, *, #4294, .T. ) ;
#1873 = EDGE_CURVE ( 'NONE', #4091, #3048, #4847, .T. ) ;
#1874 = EDGE_LOOP ( 'NONE', ( #4749, #722, #600, #547 ) ) ;
#1875 = CARTESIAN_POINT ( 'NONE',  ( -687.9162712043346346, -44.00000000000000711, 17.15264682899886139 ) ) ;
#1876 = CYLINDRICAL_SURFACE ( 'NONE', #3154, 5.169999999999987494 ) ;
#1877 = ORIENTED_EDGE ( 'NONE', *, *, #1008, .T. ) ;
#1878 = CARTESIAN_POINT ( 'NONE',  ( 115.0000000000000284, 62.20000000000000995, 61.67499999999999716 ) ) ;
#1879 = CARTESIAN_POINT ( 'NONE',  ( -125.0000000000000000, 47.20000000000000995, 79.59000000000004604 ) ) ;
#1880 = VECTOR ( 'NONE', #2932, 1000.000000000000000 ) ;
#1881 = CYLINDRICAL_SURFACE ( 'NONE', #3985, 15.04999999999999361 ) ;
#1882 = CARTESIAN_POINT ( 'NONE',  ( -325.7799143269008937, -4.000000000000000000, -185.4036113549479978 ) ) ;
#1883 = AXIS2_PLACEMENT_3D ( 'NONE', #3161, #1244, #1297 ) ;
#1884 = CARTESIAN_POINT ( 'NONE',  ( 124.3916010405520041, 65.20000000000000284, 53.99364876858359708 ) ) ;
#1885 = CIRCLE ( 'NONE', #4952, 15.04999999999999361 ) ;
#1886 = ORIENTED_EDGE ( 'NONE', *, *, #5705, .F. ) ;
#1887 = DIRECTION ( 'NONE',  ( 0.000000000000000000, 0.000000000000000000, -1.000000000000000000 ) ) ;
#1888 = FACE_OUTER_BOUND ( 'NONE', #4712, .T. ) ;
#1889 = AXIS2_PLACEMENT_3D ( 'NONE', #307, #5745, #5330 ) ;
#1890 = EDGE_CURVE ( 'NONE', #2185, #5735, #2076, .T. ) ;
#1891 = CARTESIAN_POINT ( 'NONE',  ( -125.0000000000000000, 21.19999999999999574, 79.59000000000004604 ) ) ;
#1892 = CARTESIAN_POINT ( 'NONE',  ( -6.245004513516504751E-15, 65.20000000000000284, -63.00000000000000000 ) ) ;
#1893 = ORIENTED_EDGE ( 'NONE', *, *, #4218, .T. ) ;
#1894 = VECTOR ( 'NONE', #3227, 1000.000000000000000 ) ;
#1895 = ORIENTED_EDGE ( 'NONE', *, *, #1488, .F. ) ;
#1896 = DIRECTION ( 'NONE',  ( 0.000000000000000000, 1.000000000000000000, 0.000000000000000000 ) ) ;
#1897 = EDGE_CURVE ( 'NONE', #3092, #73, #4722, .T. ) ;
#1898 = DIRECTION ( 'NONE',  ( 0.000000000000000000, 1.000000000000000000, 0.000000000000000000 ) ) ;
#1899 = ORIENTED_EDGE ( 'NONE', *, *, #1832, .F. ) ;
#1900 = CIRCLE ( 'NONE', #5259, 10.00000000000000178 ) ;
#1901 = PLANE ( 'NONE',  #4368 ) ;
#1902 = EDGE_CURVE ( 'NONE', #3492, #4176, #3329, .T. ) ;
#1903 = CARTESIAN_POINT ( 'NONE',  ( -512.9162712043346346, -41.00000000000000000, 32.60264682899880029 ) ) ;
#1904 = VECTOR ( 'NONE', #2455, 1000.000000000000000 ) ;
#1905 = CARTESIAN_POINT ( 'NONE',  ( -133.5358315387490507, 72.20000000000005969, 82.48751841816023500 ) ) ;
#1906 = DIRECTION ( 'NONE',  ( 0.000000000000000000, 0.000000000000000000, 1.000000000000000000 ) ) ;
#1907 = CARTESIAN_POINT ( 'NONE',  ( -117.4443771783849115, 71.88827031740760276, 84.48605642141858141 ) ) ;
#1908 = DIRECTION ( 'NONE',  ( 0.000000000000000000, 0.000000000000000000, 1.000000000000000000 ) ) ;
#1909 = CARTESIAN_POINT ( 'NONE',  ( 86.46416846125102040, 72.20000000000003126, 82.48751841816024921 ) ) ;
#1910 = CARTESIAN_POINT ( 'NONE',  ( 48.38703381417222005, 28.69999999999999929, 16.68575044404972374 ) ) ;
#1911 = ADVANCED_FACE ( 'NONE', ( #1963 ), #744, .F. ) ;
#1912 = CARTESIAN_POINT ( 'NONE',  ( -130.5000000000000000, 24.69999999999999929, 44.05000000000001847 ) ) ;
#1913 = ORIENTED_EDGE ( 'NONE', *, *, #2750, .T. ) ;
#1914 = CARTESIAN_POINT ( 'NONE',  ( 125.0000000000000000, -41.00000000000000000, -55.00000000000000711 ) ) ;
#1915 = CYLINDRICAL_SURFACE ( 'NONE', #5786, 4.999999999999997335 ) ;
#1916 = DIRECTION ( 'NONE',  ( 1.000000000000000000, 0.000000000000000000, 4.308557930428944396E-17 ) ) ;
#1917 = EDGE_LOOP ( 'NONE', ( #1580, #3998, #4085, #3088, #3406, #2904, #561 ) ) ;
#1918 = CARTESIAN_POINT ( 'NONE',  ( -27.65792282279827674, -10.00000000000000178, 30.00000000000000355 ) ) ;
#1919 = CARTESIAN_POINT ( 'NONE',  ( -402.3928805127287092, 0.000000000000000000, -240.1178609108982585 ) ) ;
#1920 = ORIENTED_EDGE ( 'NONE', *, *, #1890, .F. ) ;
#1921 = FACE_OUTER_BOUND ( 'NONE', #380, .T. ) ;
#1922 = DIRECTION ( 'NONE',  ( 0.000000000000000000, 1.000000000000000000, -0.000000000000000000 ) ) ;
#1923 = EDGE_CURVE ( 'NONE', #4489, #3636, #2458, .T. ) ;
#1924 = DIRECTION ( 'NONE',  ( 0.000000000000000000, 0.000000000000000000, 1.000000000000000000 ) ) ;
#1925 = VECTOR ( 'NONE', #3877, 1000.000000000000000 ) ;
#1926 = CARTESIAN_POINT ( 'NONE',  ( -120.0000000000000000, -41.00000000000000000, 30.00000000000000355 ) ) ;
#1927 = CARTESIAN_POINT ( 'NONE',  ( -154.5393920141694366, 65.20000000000000284, -62.99999999999998579 ) ) ;
#1928 = DIRECTION ( 'NONE',  ( 0.000000000000000000, -1.000000000000000000, 0.000000000000000000 ) ) ;
#1929 = AXIS2_PLACEMENT_3D ( 'NONE', #4302, #3923, #250 ) ;
#1930 = CARTESIAN_POINT ( 'NONE',  ( -154.9999999999999716, 2.889309660978191197, 65.19761018846712375 ) ) ;
#1931 = CIRCLE ( 'NONE', #4706, 5.174999999999991829 ) ;
#1932 = EDGE_CURVE ( 'NONE', #5397, #2123, #2976, .T. ) ;
#1933 = EDGE_CURVE ( 'NONE', #634, #3828, #5438, .T. ) ;
#1934 = CYLINDRICAL_SURFACE ( 'NONE', #1702, 18.55000000000001137 ) ;
#1935 = CARTESIAN_POINT ( 'NONE',  ( -125.8729526920755717, 5.381596762905099141, 46.51560944871637560 ) ) ;
#1936 = CIRCLE ( 'NONE', #5109, 15.04999999999999361 ) ;
#1937 = DIRECTION ( 'NONE',  ( 0.000000000000000000, 0.000000000000000000, -1.000000000000000000 ) ) ;
#1938 = EDGE_CURVE ( 'NONE', #3636, #804, #573, .T. ) ;
#1939 = CYLINDRICAL_SURFACE ( 'NONE', #4493, 9.999999999999994671 ) ;
#1940 = VECTOR ( 'NONE', #1006, 1000.000000000000000 ) ;
#1941 = CARTESIAN_POINT ( 'NONE',  ( -151.6623117152276166, -0.2810736331185208492, 29.37593212789498054 ) ) ;
#1942 = CARTESIAN_POINT ( 'NONE',  ( 30.00000000000000000, -10.00000000000000178, -19.50000000000000355 ) ) ;
#1943 = ORIENTED_EDGE ( 'NONE', *, *, #1902, .T. ) ;
#1944 = CYLINDRICAL_SURFACE ( 'NONE', #5737, 2.400000000000000799 ) ;
#1945 = EDGE_LOOP ( 'NONE', ( #3645, #5327, #3188, #4014 ) ) ;
#1946 = VECTOR ( 'NONE', #272, 1000.000000000000000 ) ;
#1947 = CYLINDRICAL_SURFACE ( 'NONE', #4728, 1.499999999999997780 ) ;
#1948 = CARTESIAN_POINT ( 'NONE',  ( -145.0000000000000000, 21.20000000000000284, 92.00000000000000000 ) ) ;
#1949 = DIRECTION ( 'NONE',  ( 0.000000000000000000, -1.000000000000000000, 0.000000000000000000 ) ) ;
#1950 = CARTESIAN_POINT ( 'NONE',  ( -10.95999999999999197, 0.000000000000000000, 22.87999999999999901 ) ) ;
#1951 =( GEOMETRIC_REPRESENTATION_CONTEXT ( 3 ) GLOBAL_UNCERTAINTY_ASSIGNED_CONTEXT ( ( #2337 ) ) GLOBAL_UNIT_ASSIGNED_CONTEXT ( ( #4757, #5667, #232 ) ) REPRESENTATION_CONTEXT ( 'NONE', 'WORKASPACE' ) );
#1952 = ORIENTED_EDGE ( 'NONE', *, *, #5484, .F. ) ;
#1953 = ORIENTED_EDGE ( 'NONE', *, *, #4947, .F. ) ;
#1954 = ADVANCED_FACE ( 'NONE', ( #5183 ), #1994, .T. ) ;
#1955 = LINE ( 'NONE', #3457, #1965 ) ;
#1956 = CARTESIAN_POINT ( 'NONE',  ( -129.6610384444389581, 70.68192088104956383, 87.30373377692100689 ) ) ;
#1957 = VERTEX_POINT ( 'NONE', #2425 ) ;
#1958 = EDGE_LOOP ( 'NONE', ( #2570, #5792, #5303, #4456 ) ) ;
#1959 = EDGE_CURVE ( 'NONE', #3164, #5105, #259, .T. ) ;
#1960 = FACE_OUTER_BOUND ( 'NONE', #675, .T. ) ;
#1961 = EDGE_CURVE ( 'NONE', #316, #5077, #3783, .T. ) ;
#1962 = FACE_OUTER_BOUND ( 'NONE', #3142, .T. ) ;
#1963 = FACE_OUTER_BOUND ( 'NONE', #5495, .T. ) ;
#1964 = DIRECTION ( 'NONE',  ( 3.439352616558724254E-16, 1.000000000000000000, -0.000000000000000000 ) ) ;
#1965 = VECTOR ( 'NONE', #5299, 1000.000000000000000 ) ;
#1966 = ADVANCED_FACE ( 'NONE', ( #292, #1644, #3473 ), #5315, .T. ) ;
#1967 = DIRECTION ( 'NONE',  ( -0.000000000000000000, -0.000000000000000000, 1.000000000000000000 ) ) ;
#1968 = CYLINDRICAL_SURFACE ( 'NONE', #2346, 5.049999999999998934 ) ;
#1969 = AXIS2_PLACEMENT_3D ( 'NONE', #5398, #1797, #3613 ) ;
#1970 = AXIS2_PLACEMENT_3D ( 'NONE', #5483, #1906, #4494 ) ;
#1971 = DIRECTION ( 'NONE',  ( 0.000000000000000000, 0.000000000000000000, 1.000000000000000000 ) ) ;
#1972 = VECTOR ( 'NONE', #2466, 1000.000000000000000 ) ;
#1973 = CARTESIAN_POINT ( 'NONE',  ( -151.7885175409640226, -0.3299389633189951376, 28.60666436331784723 ) ) ;
#1974 = FACE_OUTER_BOUND ( 'NONE', #2071, .T. ) ;
#1975 = ORIENTED_EDGE ( 'NONE', *, *, #5364, .F. ) ;
#1976 = CARTESIAN_POINT ( 'NONE',  ( -69.50000000000001421, 34.82500000000000284, 132.1026468289988145 ) ) ;
#1977 = AXIS2_PLACEMENT_3D ( 'NONE', #4109, #4167, #1860 ) ;
#1978 = DIRECTION ( 'NONE',  ( 0.000000000000000000, 0.000000000000000000, -1.000000000000000000 ) ) ;
#1979 = PLANE ( 'NONE',  #5253 ) ;
#1980 = CIRCLE ( 'NONE', #4362, 5.000000000000004441 ) ;
#1981 = ORIENTED_EDGE ( 'NONE', *, *, #4638, .T. ) ;
#1982 = LINE ( 'NONE', #2078, #4245 ) ;
#1983 = DIRECTION ( 'NONE',  ( -0.000000000000000000, 1.000000000000000000, -0.000000000000000000 ) ) ;
#1984 = ORIENTED_EDGE ( 'NONE', *, *, #229, .T. ) ;
#1985 = AXIS2_PLACEMENT_3D ( 'NONE', #2000, #4462, #4525 ) ;
#1986 = CARTESIAN_POINT ( 'NONE',  ( -122.5452082046648457, 69.99886761128955470, 88.26235248346516471 ) ) ;
#1987 = EDGE_CURVE ( 'NONE', #804, #4587, #3180, .T. ) ;
#1988 = ORIENTED_EDGE ( 'NONE', *, *, #4417, .F. ) ;
#1989 = EDGE_LOOP ( 'NONE', ( #2260, #5338, #3256, #1713 ) ) ;
#1990 = CARTESIAN_POINT ( 'NONE',  ( -72.79000000000002046, 12.00000000000000000, -22.87999999999999901 ) ) ;
#1991 = AXIS2_PLACEMENT_3D ( 'NONE', #3155, #4442, #2622 ) ;
#1992 = CARTESIAN_POINT ( 'NONE',  ( -135.5356537528527667, 72.20000000000001705, 63.00000000000001421 ) ) ;
#1993 = EDGE_CURVE ( 'NONE', #3024, #1358, #2281, .T. ) ;
#1994 = PLANE ( 'NONE',  #4453 ) ;
#1995 = LINE ( 'NONE', #2058, #4205 ) ;
#1996 = CARTESIAN_POINT ( 'NONE',  ( -145.0000000000000000, -38.00000000000000000, -40.00000000000000711 ) ) ;
#1997 = CARTESIAN_POINT ( 'NONE',  ( 120.0000000000000000, -5.000000000000000000, -35.00000000000000000 ) ) ;
#1998 = DIRECTION ( 'NONE',  ( 0.000000000000000000, 1.000000000000000000, 0.000000000000000000 ) ) ;
#1999 = CARTESIAN_POINT ( 'NONE',  ( -116.3286736885295340, 72.20000000000001705, 82.00000000000000000 ) ) ;
#2000 = CARTESIAN_POINT ( 'NONE',  ( -5.254798149870912205, 0.000000000000000000, -0.1337609751060793439 ) ) ;
#2001 = EDGE_LOOP ( 'NONE', ( #1454, #3651, #4072 ) ) ;
#2002 = VERTEX_POINT ( 'NONE', #1261 ) ;
#2003 = CARTESIAN_POINT ( 'NONE',  ( -87.40330962870898190, 12.00000000000000000, -22.87999999999999901 ) ) ;
#2004 = DIRECTION ( 'NONE',  ( 0.000000000000000000, -1.000000000000000000, 0.000000000000000000 ) ) ;
#2005 = CARTESIAN_POINT ( 'NONE',  ( -16.95026613060821319, 0.000000000000000000, 35.00000000000000000 ) ) ;
#2006 = ADVANCED_FACE ( 'NONE', ( #4905 ), #2773, .T. ) ;
#2007 = ORIENTED_EDGE ( 'NONE', *, *, #1052, .T. ) ;
#2008 = CARTESIAN_POINT ( 'NONE',  ( -155.0000000000000000, -0.8895285838216703267, 58.82391608343351663 ) ) ;
#2009 = CARTESIAN_POINT ( 'NONE',  ( -605.7799143269008937, 6.000000000000000000, -185.4036113549479978 ) ) ;
#2010 = EDGE_LOOP ( 'NONE', ( #3545, #3196, #5541, #3607 ) ) ;
#2011 = DIRECTION ( 'NONE',  ( 0.000000000000000000, 0.000000000000000000, -1.000000000000000000 ) ) ;
#2012 = DIRECTION ( 'NONE',  ( 0.000000000000000000, -0.000000000000000000, -1.000000000000000000 ) ) ;
#2013 = EDGE_LOOP ( 'NONE', ( #5725, #2352 ) ) ;
#2014 = CIRCLE ( 'NONE', #3272, 15.00000000000000000 ) ;
#2015 = CARTESIAN_POINT ( 'NONE',  ( -120.3364204574180434, 70.68284133166797290, 87.30232092243274167 ) ) ;
#2016 = ORIENTED_EDGE ( 'NONE', *, *, #5417, .T. ) ;
#2017 = ORIENTED_EDGE ( 'NONE', *, *, #2217, .F. ) ;
#2018 = CARTESIAN_POINT ( 'NONE',  ( 115.0000000000000284, 62.20000000000000995, 56.50000000000000711 ) ) ;
#2019 = CARTESIAN_POINT ( 'NONE',  ( 124.9975784530067529, 62.45391584587321887, -54.82045445142189521 ) ) ;
#2020 = EDGE_LOOP ( 'NONE', ( #4075, #4108, #3880, #2539 ) ) ;
#2021 = DIRECTION ( 'NONE',  ( 0.000000000000000000, 0.000000000000000000, 1.000000000000000000 ) ) ;
#2022 = ADVANCED_FACE ( 'NONE', ( #4412 ), #5822, .T. ) ;
#2023 = AXIS2_PLACEMENT_3D ( 'NONE', #5722, #289, #5245 ) ;
#2024 = ORIENTED_EDGE ( 'NONE', *, *, #2841, .T. ) ;
#2025 = CARTESIAN_POINT ( 'NONE',  ( 115.0000000000000000, -41.00000000000000000, -70.00000000000000000 ) ) ;
#2026 = ADVANCED_FACE ( 'NONE', ( #5460 ), #1766, .F. ) ;
#2027 = EDGE_CURVE ( 'NONE', #3662, #2992, #408, .T. ) ;
#2028 = CIRCLE ( 'NONE', #1094, 2.400000000000003020 ) ;
#2029 = AXIS2_PLACEMENT_3D ( 'NONE', #5189, #4727, #3335 ) ;
#2030 = CARTESIAN_POINT ( 'NONE',  ( -27.65792282279827674, 0.000000000000000000, 30.00000000000000355 ) ) ;
#2031 = DIRECTION ( 'NONE',  ( 0.000000000000000000, 0.000000000000000000, 1.000000000000000000 ) ) ;
#2032 = DIRECTION ( 'NONE',  ( -1.000000000000000000, 0.000000000000000000, 0.000000000000000000 ) ) ;
#2033 = CARTESIAN_POINT ( 'NONE',  ( -402.3928805127287092, -4.000000000000000000, -240.1178609108982585 ) ) ;
#2034 = AXIS2_PLACEMENT_3D ( 'NONE', #3166, #1887, #5498 ) ;
#2035 = ORIENTED_EDGE ( 'NONE', *, *, #2111, .T. ) ;
#2036 = EDGE_CURVE ( 'NONE', #3380, #5436, #381, .T. ) ;
#2037 = CARTESIAN_POINT ( 'NONE',  ( -5.254798149870912205, 0.000000000000000000, 1.366239024893920240 ) ) ;
#2038 = CARTESIAN_POINT ( 'NONE',  ( -145.0000000000000000, 62.20000000000000995, -56.49999999999997868 ) ) ;
#2039 = DIRECTION ( 'NONE',  ( 0.000000000000000000, 1.000000000000000000, 0.000000000000000000 ) ) ;
#2040 = AXIS2_PLACEMENT_3D ( 'NONE', #813, #4444, #2623 ) ;
#2041 = ORIENTED_EDGE ( 'NONE', *, *, #1308, .T. ) ;
#2042 = CARTESIAN_POINT ( 'NONE',  ( -152.3281010842341630, 3.082853562401131953, 56.82013139913829747 ) ) ;
#2043 = CARTESIAN_POINT ( 'NONE',  ( -427.9162712043346346, -44.00000000000000711, 12.10264682899879496 ) ) ;
#2044 = ORIENTED_EDGE ( 'NONE', *, *, #5791, .F. ) ;
#2045 = AXIS2_PLACEMENT_3D ( 'NONE', #718, #5230, #5619 ) ;
#2046 = DIRECTION ( 'NONE',  ( -0.000000000000000000, -1.000000000000000000, -0.000000000000000000 ) ) ;
#2047 = EDGE_CURVE ( 'NONE', #860, #1078, #2710, .T. ) ;
#2048 = CYLINDRICAL_SURFACE ( 'NONE', #5411, 1.499999999999997335 ) ;
#2049 = ORIENTED_EDGE ( 'NONE', *, *, #807, .F. ) ;
#2050 = AXIS2_PLACEMENT_3D ( 'NONE', #2255, #4510, #4636 ) ;
#2051 = LINE ( 'NONE', #1667, #526 ) ;
#2052 = VERTEX_POINT ( 'NONE', #3614 ) ;
#2053 = EDGE_LOOP ( 'NONE', ( #4435, #385 ) ) ;
#2054 = ORIENTED_EDGE ( 'NONE', *, *, #4559, .T. ) ;
#2055 = CARTESIAN_POINT ( 'NONE',  ( -581.2799143269010074, -4.000000000000000000, -209.8036113549479751 ) ) ;
#2056 = ORIENTED_EDGE ( 'NONE', *, *, #469, .T. ) ;
#2057 = CARTESIAN_POINT ( 'NONE',  ( 115.0000000000000142, 62.20000000000000995, -51.32499999999998863 ) ) ;
#2058 = CARTESIAN_POINT ( 'NONE',  ( 0.000000000000000000, 15.00000000000000000, -50.00000000000000000 ) ) ;
#2059 = CYLINDRICAL_SURFACE ( 'NONE', #2784, 5.170000000000007923 ) ;
#2060 = LINE ( 'NONE', #4317, #5790 ) ;
#2061 = CARTESIAN_POINT ( 'NONE',  ( -145.0000000000000000, 62.20000000000000995, -51.32499999999998863 ) ) ;
#2062 = CARTESIAN_POINT ( 'NONE',  ( 115.0000000000000000, 62.20000000000000995, 50.00000000000000000 ) ) ;
#2063 = CYLINDRICAL_SURFACE ( 'NONE', #5433, 5.170000000000000817 ) ;
#2064 = CIRCLE ( 'NONE', #3688, 10.00000000000000888 ) ;
#2065 = ORIENTED_EDGE ( 'NONE', *, *, #2602, .T. ) ;
#2066 = DIRECTION ( 'NONE',  ( 0.000000000000000000, 0.000000000000000000, -1.000000000000000000 ) ) ;
#2067 = CARTESIAN_POINT ( 'NONE',  ( -91.88000000000002387, 0.000000000000000000, 3.307903504090713926E-14 ) ) ;
#2068 = B_SPLINE_CURVE_WITH_KNOTS ( 'NONE', 3,
 ( #2826, #1905, #3719, #1457, #2389, #2851, #3319, #2213, #107, #2687, #411, #4024, #1956, #876, #1769, #5428, #3589, #5148, #3349, #1324, #4185, #3695, #1032, #3157 ),
 .UNSPECIFIED., .F., .F.,
 ( 4, 2, 2, 2, 2, 2, 2, 2, 2, 2, 2, 4 ),
 ( 0.000000000000000000, 0.001491484124475033748, 0.002237226186712533166, 0.002982968248950032368, 0.004474452373424952709, 0.005965936497899873049, 0.007457420622374792522, 0.008203162684612288688, 0.008948904746849783987, 0.01044038887132472081, 0.01118613093356219008, 0.01193187299579965589 ),
 .UNSPECIFIED. ) ;
#2069 = AXIS2_PLACEMENT_3D ( 'NONE', #2101, #268, #235 ) ;
#2070 = EDGE_CURVE ( 'NONE', #151, #3024, #2243, .T. ) ;
#2071 = EDGE_LOOP ( 'NONE', ( #3570, #4589, #2035, #1502 ) ) ;
#2072 = EDGE_LOOP ( 'NONE', ( #3097, #4805, #5054, #5190, #4295 ) ) ;
#2073 = CARTESIAN_POINT ( 'NONE',  ( -155.0000000000000000, 0.2427987311363830059, 60.93658651468629017 ) ) ;
#2074 = DIRECTION ( 'NONE',  ( 1.000000000000000000, 0.000000000000000000, 0.000000000000000000 ) ) ;
#2075 = VERTEX_POINT ( 'NONE', #2593 ) ;
#2076 = CIRCLE ( 'NONE', #3878, 4.999999999999997335 ) ;
#2077 = EDGE_CURVE ( 'NONE', #3117, #1074, #3124, .T. ) ;
#2078 = CARTESIAN_POINT ( 'NONE',  ( 115.0000000000000142, 62.20000000000000995, -61.67500000000002558 ) ) ;
#2079 = FACE_OUTER_BOUND ( 'NONE', #1945, .T. ) ;
#2080 = ORIENTED_EDGE ( 'NONE', *, *, #2077, .F. ) ;
#2081 = CYLINDRICAL_SURFACE ( 'NONE', #3642, 8.089999999999999858 ) ;
#2082 = VERTEX_POINT ( 'NONE', #4498 ) ;
#2083 = VECTOR ( 'NONE', #2506, 1000.000000000000000 ) ;
#2084 = EDGE_LOOP ( 'NONE', ( #1893, #2435, #5179, #101, #3658 ) ) ;
#2085 = ORIENTED_EDGE ( 'NONE', *, *, #4294, .F. ) ;
#2086 = EDGE_CURVE ( 'NONE', #856, #1628, #3068, .T. ) ;
#2087 = DIRECTION ( 'NONE',  ( -0.000000000000000000, -1.000000000000000000, -0.000000000000000000 ) ) ;
#2088 = EDGE_LOOP ( 'NONE', ( #3673, #4834, #3519, #2970, #1886, #1796 ) ) ;
#2089 = DIRECTION ( 'NONE',  ( 0.000000000000000000, -0.000000000000000000, 1.000000000000000000 ) ) ;
#2090 = VECTOR ( 'NONE', #2952, 1000.000000000000000 ) ;
#2091 = CARTESIAN_POINT ( 'NONE',  ( 0.000000000000000000, 15.00000000000000000, 35.00000000000000000 ) ) ;
#2092 = ADVANCED_FACE ( 'NONE', ( #810 ), #5793, .T. ) ;
#2093 = CIRCLE ( 'NONE', #301, 21.49999999999999289 ) ;
#2094 = ORIENTED_EDGE ( 'NONE', *, *, #5630, .F. ) ;
#2095 = FACE_OUTER_BOUND ( 'NONE', #2371, .T. ) ;
#2096 = FACE_OUTER_BOUND ( 'NONE', #3009, .T. ) ;
#2097 = DIRECTION ( 'NONE',  ( 1.000000000000000000, 0.000000000000000000, 0.000000000000000000 ) ) ;
#2098 = LINE ( 'NONE', #1184, #1662 ) ;
#2099 = CIRCLE ( 'NONE', #895, 5.169999999999987494 ) ;
#2100 = SHAPE_DEFINITION_REPRESENTATION ( #1528, #5649 ) ;
#2101 = CARTESIAN_POINT ( 'NONE',  ( -125.0000000000000000, -56.00000000000002132, 79.59000000000004604 ) ) ;
#2102 = ORIENTED_EDGE ( 'NONE', *, *, #392, .T. ) ;
#2103 = CARTESIAN_POINT ( 'NONE',  ( -19.14892402268197813, 0.3433950839542248556, 38.21962282206889228 ) ) ;
#2104 = DIRECTION ( 'NONE',  ( 0.000000000000000000, 0.000000000000000000, -1.000000000000000000 ) ) ;
#2105 = EDGE_LOOP ( 'NONE', ( #3496, #4556, #1981, #1943, #3512, #2879, #2153, #2516, #2102, #639, #3894 ) ) ;
#2106 = CARTESIAN_POINT ( 'NONE',  ( -141.9000171787406259, 71.38156203206193595, 63.00000000000002842 ) ) ;
#2107 = ORIENTED_EDGE ( 'NONE', *, *, #4313, .F. ) ;
#2108 = CARTESIAN_POINT ( 'NONE',  ( -155.0000000000000000, -4.696584842202569554, 47.40902439524406020 ) ) ;
#2109 = CARTESIAN_POINT ( 'NONE',  ( -154.0167195204814448, 7.883265925099260052, 67.00000000000000000 ) ) ;
#2110 = ORIENTED_EDGE ( 'NONE', *, *, #3884, .F. ) ;
#2111 = EDGE_CURVE ( 'NONE', #1074, #1765, #2187, .T. ) ;
#2112 = ADVANCED_FACE ( 'NONE', ( #4054 ), #870, .T. ) ;
#2113 = CARTESIAN_POINT ( 'NONE',  ( 125.0000000000000000, -41.00000000000000000, 50.00000000000000000 ) ) ;
#2114 = DIRECTION ( 'NONE',  ( -0.000000000000000000, -0.000000000000000000, -1.000000000000000000 ) ) ;
#2115 = VERTEX_POINT ( 'NONE', #5909 ) ;
#2116 = EDGE_LOOP ( 'NONE', ( #1047, #4681 ) ) ;
#2117 = DIRECTION ( 'NONE',  ( 0.000000000000000000, -0.000000000000000000, -1.000000000000000000 ) ) ;
#2118 = ORIENTED_EDGE ( 'NONE', *, *, #3918, .T. ) ;
#2119 = ORIENTED_EDGE ( 'NONE', *, *, #4104, .F. ) ;
#2120 = VERTEX_POINT ( 'NONE', #1798 ) ;
#2121 = CARTESIAN_POINT ( 'NONE',  ( -145.0000000000000000, 62.20000000000000995, -56.49999999999997868 ) ) ;
#2122 = CARTESIAN_POINT ( 'NONE',  ( -155.0000000000000000, -5.000000000000000000, 0.000000000000000000 ) ) ;
#2123 = VERTEX_POINT ( 'NONE', #2158 ) ;
#2124 = CARTESIAN_POINT ( 'NONE',  ( -72.79000000000002046, 12.00000000000000000, 0.000000000000000000 ) ) ;
#2125 = DIRECTION ( 'NONE',  ( 1.000000000000000000, 0.000000000000000000, 0.000000000000000000 ) ) ;
#2126 = VECTOR ( 'NONE', #373, 1000.000000000000000 ) ;
#2127 = CARTESIAN_POINT ( 'NONE',  ( 8.130000000000007887, 0.000000000000000000, -0.000000000000000000 ) ) ;
#2128 = CARTESIAN_POINT ( 'NONE',  ( -6.245004513516504751E-15, 65.20000000000000284, -63.00000000000000000 ) ) ;
#2129 = ADVANCED_FACE ( 'NONE', ( #555 ), #79, .F. ) ;
#2130 = ADVANCED_FACE ( 'NONE', ( #1007 ), #5486, .F. ) ;
#2131 = COORDINATED_UNIVERSAL_TIME_OFFSET ( 8, 0, .BEHIND. ) ;
#2132 = AXIS2_PLACEMENT_3D ( 'NONE', #1787, #5450, #4964 ) ;
#2133 = FACE_BOUND ( 'NONE', #3043, .T. ) ;
#2134 = ORIENTED_EDGE ( 'NONE', *, *, #807, .T. ) ;
#2135 = ORIENTED_EDGE ( 'NONE', *, *, #4050, .F. ) ;
#2136 = CIRCLE ( 'NONE', #147, 5.049999999999960743 ) ;
#2137 = AXIS2_PLACEMENT_3D ( 'NONE', #897, #2705, #3282 ) ;
#2138 = DIRECTION ( 'NONE',  ( -1.000000000000000000, 0.000000000000000000, -0.000000000000000000 ) ) ;
#2139 = EDGE_CURVE ( 'NONE', #5436, #4091, #4657, .T. ) ;
#2140 = DIRECTION ( 'NONE',  ( 0.000000000000000000, 0.000000000000000000, -1.000000000000000000 ) ) ;
#2141 = CARTESIAN_POINT ( 'NONE',  ( -96.48499999999999943, 12.00000000000000000, -28.14999999999999858 ) ) ;
#2142 = AXIS2_PLACEMENT_3D ( 'NONE', #5220, #4191, #5696 ) ;
#2143 = ORIENTED_EDGE ( 'NONE', *, *, #4448, .T. ) ;
#2144 = CARTESIAN_POINT ( 'NONE',  ( -155.0000000000000000, 2.761434464699359825, 65.03043049145918530 ) ) ;
#2145 = CYLINDRICAL_SURFACE ( 'NONE', #386, 3.249999999999988898 ) ;
#2146 = EDGE_LOOP ( 'NONE', ( #388, #4268, #5264, #1561 ) ) ;
#2147 = VECTOR ( 'NONE', #5237, 1000.000000000000000 ) ;
#2148 = DIRECTION ( 'NONE',  ( 0.000000000000000000, 1.000000000000000000, 0.000000000000000000 ) ) ;
#2149 = DIRECTION ( 'NONE',  ( 0.000000000000000000, 1.000000000000000000, 0.000000000000000000 ) ) ;
#2150 = ORIENTED_EDGE ( 'NONE', *, *, #1677, .T. ) ;
#2151 = EDGE_LOOP ( 'NONE', ( #4340, #1431, #242, #3432, #4991, #3605, #3437 ) ) ;
#2152 = CIRCLE ( 'NONE', #257, 21.49999999999999289 ) ;
#2153 = ORIENTED_EDGE ( 'NONE', *, *, #4219, .F. ) ;
#2154 = CARTESIAN_POINT ( 'NONE',  ( -155.0000000000000000, 21.20000000000000284, 67.00000000000000000 ) ) ;
#2155 = CIRCLE ( 'NONE', #5897, 5.000000000000004441 ) ;
#2156 = EDGE_CURVE ( 'NONE', #2638, #4303, #1410, .T. ) ;
#2157 = EDGE_LOOP ( 'NONE', ( #3934, #796, #2326, #2041, #2236, #2581 ) ) ;
#2158 = CARTESIAN_POINT ( 'NONE',  ( -662.9162712043346346, -41.00000000000000000, 82.10264682899880029 ) ) ;
#2159 = CARTESIAN_POINT ( 'NONE',  ( -101.3034108745596455, 47.36499999999998067, 92.00000000000000000 ) ) ;
#2160 = VECTOR ( 'NONE', #5862, 1000.000000000000000 ) ;
#2161 = CARTESIAN_POINT ( 'NONE',  ( -5.254798149870912205, 0.000000000000000000, -18.13376097510607821 ) ) ;
#2162 = LINE ( 'NONE', #5374, #3748 ) ;
#2163 = APPROVAL_ROLE ( '' ) ;
#2164 = FACE_OUTER_BOUND ( 'NONE', #953, .T. ) ;
#2165 = ADVANCED_FACE ( 'NONE', ( #2829 ), #5547, .T. ) ;
#2166 = ORIENTED_EDGE ( 'NONE', *, *, #4179, .F. ) ;
#2167 = CARTESIAN_POINT ( 'NONE',  ( -22.51514985516588396, 1.101552196713046383, 40.64346781276132958 ) ) ;
#2168 = CARTESIAN_POINT ( 'NONE',  ( -427.9162712043346346, -41.00000000000000000, 12.10264682899879496 ) ) ;
#2169 = FACE_OUTER_BOUND ( 'NONE', #2084, .T. ) ;
#2170 = EDGE_LOOP ( 'NONE', ( #1816, #4552, #4613, #2391, #2817, #449, #1570 ) ) ;
#2171 = CARTESIAN_POINT ( 'NONE',  ( -111.9591936719356937, 0.05146846394369007649, 36.41433562200464280 ) ) ;
#2172 = DIRECTION ( 'NONE',  ( 0.000000000000000000, 1.000000000000000000, 0.000000000000000000 ) ) ;
#2173 = VERTEX_POINT ( 'NONE', #586 ) ;
#2174 = PLANE ( 'NONE',  #1695 ) ;
#2175 = AXIS2_PLACEMENT_3D ( 'NONE', #1327, #4028, #5377 ) ;
#2176 = CARTESIAN_POINT ( 'NONE',  ( 96.97743877759309328, 69.89758316875254707, 88.38426833840371444 ) ) ;
#2177 = ORIENTED_EDGE ( 'NONE', *, *, #1741, .T. ) ;
#2178 = ORIENTED_EDGE ( 'NONE', *, *, #1689, .F. ) ;
#2179 = AXIS2_PLACEMENT_3D ( 'NONE', #5122, #525, #1908 ) ;
#2180 = CYLINDRICAL_SURFACE ( 'NONE', #2823, 1.500000000000001332 ) ;
#2181 = CARTESIAN_POINT ( 'NONE',  ( -581.2799143269010074, -4.000000000000000000, -209.8036113549479751 ) ) ;
#2182 = AXIS2_PLACEMENT_3D ( 'NONE', #4398, #1137, #1224 ) ;
#2183 = ADVANCED_FACE ( 'NONE', ( #4627 ), #1436, .F. ) ;
#2184 = EDGE_CURVE ( 'NONE', #4916, #3128, #2742, .T. ) ;
#2185 = VERTEX_POINT ( 'NONE', #2333 ) ;
#2186 = DIRECTION ( 'NONE',  ( 0.000000000000000000, 0.000000000000000000, 1.000000000000000000 ) ) ;
#2187 = LINE ( 'NONE', #2124, #5150 ) ;
#2188 = FACE_OUTER_BOUND ( 'NONE', #5706, .T. ) ;
#2189 = ADVANCED_FACE ( 'NONE', ( #5091 ), #4271, .T. ) ;
#2190 = DIRECTION ( 'NONE',  ( -4.163336342344339393E-15, 0.000000000000000000, 1.000000000000000000 ) ) ;
#2191 = PERSON_AND_ORGANIZATION ( #3763, #1772 ) ;
#2192 = AXIS2_PLACEMENT_3D ( 'NONE', #2305, #2363, #5034 ) ;
#2193 = LINE ( 'NONE', #3184, #4069 ) ;
#2194 = EDGE_LOOP ( 'NONE', ( #3687, #2314, #2903, #2442 ) ) ;
#2195 = ORIENTED_EDGE ( 'NONE', *, *, #240, .F. ) ;
#2196 = ORIENTED_EDGE ( 'NONE', *, *, #3285, .F. ) ;
#2197 = AXIS2_PLACEMENT_3D ( 'NONE', #839, #4535, #410 ) ;
#2198 = PLANE ( 'NONE',  #4209 ) ;
#2199 = CARTESIAN_POINT ( 'NONE',  ( -149.1573111203788358, 65.20000000000000284, 63.00000000000001421 ) ) ;
#2200 = CARTESIAN_POINT ( 'NONE',  ( 120.0000000000000000, 15.00000000000000000, 50.00000000000000000 ) ) ;
#2201 = DIRECTION ( 'NONE',  ( -1.000000000000000000, 0.000000000000000000, 0.000000000000000000 ) ) ;
#2202 = ORIENTED_EDGE ( 'NONE', *, *, #4980, .F. ) ;
#2203 = CARTESIAN_POINT ( 'NONE',  ( -79.25479814987090776, 0.000000000000000000, -19.63376097510607465 ) ) ;
#2204 = LINE ( 'NONE', #429, #4526 ) ;
#2205 = ADVANCED_FACE ( 'NONE', ( #1569 ), #930, .F. ) ;
#2206 = ADVANCED_FACE ( 'NONE', ( #1034 ), #25, .F. ) ;
#2207 = DIRECTION ( 'NONE',  ( -0.000000000000000000, -1.000000000000000000, -0.000000000000000000 ) ) ;
#2208 = FACE_BOUND ( 'NONE', #3397, .T. ) ;
#2209 = ORIENTED_EDGE ( 'NONE', *, *, #4468, .F. ) ;
#2210 = DIRECTION ( 'NONE',  ( 0.000000000000000000, 0.000000000000000000, -1.000000000000000000 ) ) ;
#2211 = CARTESIAN_POINT ( 'NONE',  ( 124.8047962589152746, 64.23149118829317672, 55.09760187054264691 ) ) ;
#2212 = DIRECTION ( 'NONE',  ( 0.000000000000000000, 0.000000000000000000, 1.000000000000000000 ) ) ;
#2213 = CARTESIAN_POINT ( 'NONE',  ( -132.1437729608186089, 71.72114193250153846, 85.08604286440736075 ) ) ;
#2214 = EDGE_LOOP ( 'NONE', ( #1685, #1014, #1375, #6 ) ) ;
#2215 = DATE_AND_TIME ( #2688, #3494 ) ;
#2216 = ADVANCED_FACE ( 'NONE', ( #1376 ), #1881, .F. ) ;
#2217 = EDGE_CURVE ( 'NONE', #5025, #2768, #1239, .T. ) ;
#2218 = CARTESIAN_POINT ( 'NONE',  ( -5.254798149870912205, 0.000000000000000000, -18.13376097510607821 ) ) ;
#2219 = ORIENTED_EDGE ( 'NONE', *, *, #286, .F. ) ;
#2220 = CYLINDRICAL_SURFACE ( 'NONE', #2532, 3.250000000000002665 ) ;
#2221 = ORIENTED_EDGE ( 'NONE', *, *, #1803, .T. ) ;
#2222 = FACE_BOUND ( 'NONE', #787, .T. ) ;
#2223 = EDGE_CURVE ( 'NONE', #316, #416, #4564, .T. ) ;
#2224 = DIRECTION ( 'NONE',  ( 0.000000000000000000, 0.000000000000000000, -1.000000000000000000 ) ) ;
#2225 = ORIENTED_EDGE ( 'NONE', *, *, #1647, .F. ) ;
#2226 = CARTESIAN_POINT ( 'NONE',  ( -119.8980561989715596, 65.20000000000000284, 61.67500000000002558 ) ) ;
#2227 = AXIS2_PLACEMENT_3D ( 'NONE', #1507, #131, #2900 ) ;
#2228 = DIRECTION ( 'NONE',  ( 0.000000000000000000, 1.000000000000000000, 0.000000000000000000 ) ) ;
#2229 = VERTEX_POINT ( 'NONE', #4105 ) ;
#2230 = DIRECTION ( 'NONE',  ( -0.000000000000000000, 1.000000000000000000, -0.000000000000000000 ) ) ;
#2231 = CARTESIAN_POINT ( 'NONE',  ( 0.000000000000000000, 28.69999999999999929, 0.000000000000000000 ) ) ;
#2232 = DIRECTION ( 'NONE',  ( -1.000000000000000000, 0.000000000000000000, 0.000000000000000000 ) ) ;
#2233 = CIRCLE ( 'NONE', #3002, 8.999999999999994671 ) ;
#2234 = ORIENTED_EDGE ( 'NONE', *, *, #3788, .F. ) ;
#2235 = ORIENTED_EDGE ( 'NONE', *, *, #5463, .T. ) ;
#2236 = ORIENTED_EDGE ( 'NONE', *, *, #5577, .T. ) ;
#2237 = DIRECTION ( 'NONE',  ( 0.000000000000000000, 0.000000000000000000, -1.000000000000000000 ) ) ;
#2238 = CIRCLE ( 'NONE', #3837, 3.249999999999988898 ) ;
#2239 = EDGE_CURVE ( 'NONE', #4330, #9, #3235, .T. ) ;
#2240 = CARTESIAN_POINT ( 'NONE',  ( -140.1512894392206192, 1.521275045835317696, 44.72567405899331305 ) ) ;
#2241 = CIRCLE ( 'NONE', #3202, 8.089999999999999858 ) ;
#2242 = ORIENTED_EDGE ( 'NONE', *, *, #3749, .T. ) ;
#2243 = LINE ( 'NONE', #4973, #776 ) ;
#2244 = CARTESIAN_POINT ( 'NONE',  ( 119.9999999999964757, 62.71087016709438444, 50.00000000000000711 ) ) ;
#2245 = AXIS2_PLACEMENT_3D ( 'NONE', #1396, #1898, #2874 ) ;
#2246 = FACE_OUTER_BOUND ( 'NONE', #5674, .T. ) ;
#2247 = CARTESIAN_POINT ( 'NONE',  ( 125.0000000000000284, -29.00000000000000000, 67.00000000000000000 ) ) ;
#2248 = ORIENTED_EDGE ( 'NONE', *, *, #2111, .F. ) ;
#2249 = CC_DESIGN_APPROVAL ( #2401, ( #3734 ) ) ;
#2250 = DIRECTION ( 'NONE',  ( 0.000000000000000000, 1.000000000000000000, 0.000000000000000000 ) ) ;
#2251 = ORIENTED_EDGE ( 'NONE', *, *, #4756, .F. ) ;
#2252 = VERTEX_POINT ( 'NONE', #5519 ) ;
#2253 = CARTESIAN_POINT ( 'NONE',  ( 0.000000000000000000, -38.00000000000000000, 0.000000000000000000 ) ) ;
#2254 = EDGE_LOOP ( 'NONE', ( #5306, #4982, #2504, #4780, #859, #3347, #2278, #4118, #516, #943 ) ) ;
#2255 = CARTESIAN_POINT ( 'NONE',  ( 48.38703381417222005, 28.69999999999999929, -4.814249555950268267 ) ) ;
#2256 = EDGE_CURVE ( 'NONE', #5849, #4378, #1980, .T. ) ;
#2257 = ORIENTED_EDGE ( 'NONE', *, *, #5634, .T. ) ;
#2258 = CARTESIAN_POINT ( 'NONE',  ( 95.00000000000002842, -56.00000000000002132, 76.34000000000000341 ) ) ;
#2259 = CARTESIAN_POINT ( 'NONE',  ( -155.0000000000000000, -41.00000000000000000, -50.00000000000000000 ) ) ;
#2260 = ORIENTED_EDGE ( 'NONE', *, *, #4925, .T. ) ;
#2261 = CARTESIAN_POINT ( 'NONE',  ( -5.254798149870912205, 0.000000000000000000, -18.13376097510607821 ) ) ;
#2262 = EDGE_CURVE ( 'NONE', #3684, #1328, #5276, .T. ) ;
#2263 = CARTESIAN_POINT ( 'NONE',  ( -687.9162712043346346, -44.00000000000000711, 17.15264682899886139 ) ) ;
#2264 = ORIENTED_EDGE ( 'NONE', *, *, #645, .F. ) ;
#2265 = ORIENTED_EDGE ( 'NONE', *, *, #3576, .F. ) ;
#2266 = VERTEX_POINT ( 'NONE', #3396 ) ;
#2267 = CARTESIAN_POINT ( 'NONE',  ( -155.0000000000000000, 62.20000000000001705, 82.00000000000000000 ) ) ;
#2268 = EDGE_CURVE ( 'NONE', #2877, #3339, #4430, .T. ) ;
#2269 = ORIENTED_EDGE ( 'NONE', *, *, #5899, .F. ) ;
#2270 = EDGE_CURVE ( 'NONE', #3899, #117, #3082, .T. ) ;
#2271 = CIRCLE ( 'NONE', #5620, 3.249999999999988898 ) ;
#2272 = CARTESIAN_POINT ( 'NONE',  ( 76.14000000000000057, 72.20000000000001705, -50.00000000000000000 ) ) ;
#2273 = CARTESIAN_POINT ( 'NONE',  ( -130.5000000000040643, 5.423077086159986848, 47.00000000000001421 ) ) ;
#2274 = VECTOR ( 'NONE', #5697, 1000.000000000000000 ) ;
#2275 = CIRCLE ( 'NONE', #3515, 2.400000000000003020 ) ;
#2276 = EDGE_CURVE ( 'NONE', #4277, #3662, #578, .T. ) ;
#2277 = DIRECTION ( 'NONE',  ( 0.000000000000000000, 0.000000000000000000, 1.000000000000000000 ) ) ;
#2278 = ORIENTED_EDGE ( 'NONE', *, *, #4253, .F. ) ;
#2279 = CARTESIAN_POINT ( 'NONE',  ( -427.9162712043346346, -44.00000000000000711, 122.1026468289988145 ) ) ;
#2280 = CARTESIAN_POINT ( 'NONE',  ( 48.38703381417222005, 0.000000000000000000, -4.814249555950268267 ) ) ;
#2281 = CIRCLE ( 'NONE', #5350, 3.250000000000002665 ) ;
#2282 = ORIENTED_EDGE ( 'NONE', *, *, #704, .T. ) ;
#2283 = EDGE_CURVE ( 'NONE', #4066, #3621, #5833, .T. ) ;
#2284 = VECTOR ( 'NONE', #3192, 1000.000000000000000 ) ;
#2285 = DIRECTION ( 'NONE',  ( 0.000000000000000000, 1.000000000000000000, -0.000000000000000000 ) ) ;
#2286 = ORIENTED_EDGE ( 'NONE', *, *, #4312, .T. ) ;
#2287 = CARTESIAN_POINT ( 'NONE',  ( -125.0000000000000000, 15.00000000000000000, 80.00000000000000000 ) ) ;
#2288 = CIRCLE ( 'NONE', #1985, 1.499999999999999556 ) ;
#2289 = CARTESIAN_POINT ( 'NONE',  ( -5.254798149870912205, 12.00000000000000000, -16.63376097510607821 ) ) ;
#2290 = ORIENTED_EDGE ( 'NONE', *, *, #2223, .F. ) ;
#2291 = LINE ( 'NONE', #1274, #2160 ) ;
#2292 = CARTESIAN_POINT ( 'NONE',  ( -145.0000000000000000, 72.20000000000001705, -70.00000000000000000 ) ) ;
#2293 = AXIS2_PLACEMENT_3D ( 'NONE', #2595, #5284, #1680 ) ;
#2294 = LINE ( 'NONE', #2729, #1850 ) ;
#2295 = DIRECTION ( 'NONE',  ( 9.912705577010325549E-17, 0.000000000000000000, 1.000000000000000000 ) ) ;
#2296 = ORIENTED_EDGE ( 'NONE', *, *, #2223, .T. ) ;
#2297 = VERTEX_POINT ( 'NONE', #5773 ) ;
#2298 = LINE ( 'NONE', #19, #3245 ) ;
#2299 = ADVANCED_FACE ( 'NONE', ( #3017 ), #2145, .F. ) ;
#2300 = EDGE_CURVE ( 'NONE', #5539, #4378, #696, .T. ) ;
#2301 = DIRECTION ( 'NONE',  ( 3.439352616558724254E-16, 1.000000000000000000, -0.000000000000000000 ) ) ;
#2302 = LINE ( 'NONE', #4593, #3135 ) ;
#2303 = DIRECTION ( 'NONE',  ( 0.000000000000000000, 1.000000000000000000, 0.000000000000000000 ) ) ;
#2304 = CARTESIAN_POINT ( 'NONE',  ( 125.0000000000000000, 62.20000000000005258, 55.00000000000000711 ) ) ;
#2305 = CARTESIAN_POINT ( 'NONE',  ( -5.254798149870912205, 0.000000000000000000, -0.1337609751060793439 ) ) ;
#2306 = ORIENTED_EDGE ( 'NONE', *, *, #3508, .F. ) ;
#2307 = ORIENTED_EDGE ( 'NONE', *, *, #5335, .F. ) ;
#2308 = FACE_OUTER_BOUND ( 'NONE', #308, .T. ) ;
#2309 = ORIENTED_EDGE ( 'NONE', *, *, #4400, .F. ) ;
#2310 = EDGE_CURVE ( 'NONE', #3711, #4145, #5155, .T. ) ;
#2311 = EDGE_CURVE ( 'NONE', #5291, #3085, #1598, .T. ) ;
#2312 = DIRECTION ( 'NONE',  ( 0.000000000000000000, 0.000000000000000000, -1.000000000000000000 ) ) ;
#2313 = DIRECTION ( 'NONE',  ( 1.000000000000000000, 0.000000000000000000, 0.000000000000000000 ) ) ;
#2314 = ORIENTED_EDGE ( 'NONE', *, *, #903, .F. ) ;
#2315 = DIRECTION ( 'NONE',  ( 0.000000000000000000, -0.000000000000000000, 1.000000000000000000 ) ) ;
#2316 = PLANE ( 'NONE',  #489 ) ;
#2317 = ORIENTED_EDGE ( 'NONE', *, *, #4719, .F. ) ;
#2318 = AXIS2_PLACEMENT_3D ( 'NONE', #2360, #1540, #3720 ) ;
#2319 = DIRECTION ( 'NONE',  ( 0.000000000000000000, 1.000000000000000000, 0.000000000000000000 ) ) ;
#2320 = DIRECTION ( 'NONE',  ( 0.000000000000000000, 1.000000000000000000, 0.000000000000000000 ) ) ;
#2321 = ORIENTED_EDGE ( 'NONE', *, *, #682, .F. ) ;
#2322 = ORIENTED_EDGE ( 'NONE', *, *, #3480, .F. ) ;
#2323 = AXIS2_PLACEMENT_3D ( 'NONE', #1218, #5830, #1714 ) ;
#2324 = ORIENTED_EDGE ( 'NONE', *, *, #309, .F. ) ;
#2325 = DIRECTION ( 'NONE',  ( 0.000000000000000000, 0.000000000000000000, 1.000000000000000000 ) ) ;
#2326 = ORIENTED_EDGE ( 'NONE', *, *, #17, .T. ) ;
#2327 = VECTOR ( 'NONE', #5418, 1000.000000000000000 ) ;
#2328 = AXIS2_PLACEMENT_3D ( 'NONE', #1496, #4319, #2032 ) ;
#2329 = DIRECTION ( 'NONE',  ( 0.000000000000000000, -1.000000000000000000, 0.000000000000000000 ) ) ;
#2330 = CARTESIAN_POINT ( 'NONE',  ( -153.4189399498953037, 8.971411841247304508, 67.00000000000001421 ) ) ;
#2331 = CARTESIAN_POINT ( 'NONE',  ( -145.0000000000000000, 62.20000000000000995, -70.00000000000000000 ) ) ;
#2332 = AXIS2_PLACEMENT_3D ( 'NONE', #3537, #328, #2140 ) ;
#2333 = CARTESIAN_POINT ( 'NONE',  ( 125.0000000000000000, 15.00000000000000000, -55.00000000000000000 ) ) ;
#2334 = CARTESIAN_POINT ( 'NONE',  ( -155.0000000000000000, 0.000000000000000000, 82.00000000000000000 ) ) ;
#2335 = EDGE_CURVE ( 'NONE', #273, #2120, #3051, .T. ) ;
#2336 = AXIS2_PLACEMENT_3D ( 'NONE', #4801, #729, #2545 ) ;
#2337 = UNCERTAINTY_MEASURE_WITH_UNIT (LENGTH_MEASURE( 1.000000000000000082E-05 ), #4757, 'distance_accuracy_value', 'NONE');
#2338 = FACE_OUTER_BOUND ( 'NONE', #1586, .T. ) ;
#2339 = AXIS2_PLACEMENT_3D ( 'NONE', #515, #4679, #3223 ) ;
#2340 = EDGE_CURVE ( 'NONE', #4895, #5070, #972, .T. ) ;
#2341 = ADVANCED_FACE ( 'NONE', ( #367 ), #3421, .T. ) ;
#2342 = ORIENTED_EDGE ( 'NONE', *, *, #4786, .T. ) ;
#2343 = CARTESIAN_POINT ( 'NONE',  ( -130.5000000000040643, 5.423077086159986848, 47.00000000000001421 ) ) ;
#2344 = DIRECTION ( 'NONE',  ( 0.000000000000000000, 0.000000000000000000, 1.000000000000000000 ) ) ;
#2345 = CARTESIAN_POINT ( 'NONE',  ( -605.7799143269008937, 6.000000000000000000, -285.2036113549480092 ) ) ;
#2346 = AXIS2_PLACEMENT_3D ( 'NONE', #3785, #2919, #3414 ) ;
#2347 = EDGE_CURVE ( 'NONE', #5273, #76, #2866, .T. ) ;
#2348 = PLANE ( 'NONE',  #769 ) ;
#2349 = ORIENTED_EDGE ( 'NONE', *, *, #1959, .T. ) ;
#2350 = PLANE ( 'NONE',  #2378 ) ;
#2351 = EDGE_LOOP ( 'NONE', ( #4776, #5693, #4983, #403 ) ) ;
#2352 = ORIENTED_EDGE ( 'NONE', *, *, #4281, .F. ) ;
#2353 = CARTESIAN_POINT ( 'NONE',  ( -155.0000000000000000, 21.20000000000000284, 67.00000000000000000 ) ) ;
#2354 = DIRECTION ( 'NONE',  ( 0.000000000000000000, 1.000000000000000000, 0.000000000000000000 ) ) ;
#2355 = ORIENTED_EDGE ( 'NONE', *, *, #3183, .T. ) ;
#2356 = CARTESIAN_POINT ( 'NONE',  ( -150.0000000000000000, 0.000000000000000000, 42.58342613226058404 ) ) ;
#2357 = ORIENTED_EDGE ( 'NONE', *, *, #3285, .T. ) ;
#2358 = CARTESIAN_POINT ( 'NONE',  ( 95.00000000000002842, 21.19999999999999574, 79.58999999999998920 ) ) ;
#2359 = FACE_OUTER_BOUND ( 'NONE', #4333, .T. ) ;
#2360 = CARTESIAN_POINT ( 'NONE',  ( -130.5000000000000000, 0.000000000000000000, 25.50000000000000355 ) ) ;
#2361 = VECTOR ( 'NONE', #5655, 1000.000000000000000 ) ;
#2362 = CARTESIAN_POINT ( 'NONE',  ( 0.000000000000000000, 6.000000000000000000, 0.000000000000000000 ) ) ;
#2363 = DIRECTION ( 'NONE',  ( 0.000000000000000000, 1.000000000000000000, 0.000000000000000000 ) ) ;
#2364 = ADVANCED_FACE ( 'NONE', ( #2960 ), #3487, .F. ) ;
#2365 = CIRCLE ( 'NONE', #5717, 8.089999999999999858 ) ;
#2366 = ADVANCED_FACE ( 'NONE', ( #3978 ), #3888, .T. ) ;
#2367 = CYLINDRICAL_SURFACE ( 'NONE', #1977, 18.55000000000001492 ) ;
#2368 = AXIS2_PLACEMENT_3D ( 'NONE', #2554, #4753, #4251 ) ;
#2369 = EDGE_CURVE ( 'NONE', #4057, #5055, #2986, .T. ) ;
#2370 = ORIENTED_EDGE ( 'NONE', *, *, #476, .T. ) ;
#2371 = EDGE_LOOP ( 'NONE', ( #5588, #320, #1862, #3462 ) ) ;
#2372 = CARTESIAN_POINT ( 'NONE',  ( -125.0000000000000000, -56.00000000000002132, 79.59000000000004604 ) ) ;
#2373 = DIRECTION ( 'NONE',  ( -0.000000000000000000, 1.000000000000000000, -0.000000000000000000 ) ) ;
#2374 = VECTOR ( 'NONE', #4230, 1000.000000000000000 ) ;
#2375 = CARTESIAN_POINT ( 'NONE',  ( -151.3232877055134509, -0.1750175188847466201, 30.90897181781527081 ) ) ;
#2376 = LINE ( 'NONE', #4149, #1331 ) ;
#2377 = VERTEX_POINT ( 'NONE', #3544 ) ;
#2378 = AXIS2_PLACEMENT_3D ( 'NONE', #3683, #4640, #123 ) ;
#2379 = CARTESIAN_POINT ( 'NONE',  ( 120.0000000000000000, 0.000000000000000000, 50.00000000000000000 ) ) ;
#2380 = FACE_OUTER_BOUND ( 'NONE', #3176, .T. ) ;
#2381 = DIRECTION ( 'NONE',  ( 1.000000000000000000, 0.000000000000000000, 0.000000000000000000 ) ) ;
#2382 = CYLINDRICAL_SURFACE ( 'NONE', #3751, 1.499999999999997780 ) ;
#2383 = AXIS2_PLACEMENT_3D ( 'NONE', #3906, #3443, #781 ) ;
#2384 = DIRECTION ( 'NONE',  ( 0.000000000000000000, -0.000000000000000000, 1.000000000000000000 ) ) ;
#2385 = ORIENTED_EDGE ( 'NONE', *, *, #3999, .F. ) ;
#2386 = CARTESIAN_POINT ( 'NONE',  ( 115.0000000000000000, 72.20000000000001705, -70.00000000000000000 ) ) ;
#2387 = EDGE_CURVE ( 'NONE', #2075, #1665, #2726, .T. ) ;
#2388 = VECTOR ( 'NONE', #198, 1000.000000000000000 ) ;
#2389 = CARTESIAN_POINT ( 'NONE',  ( -132.9357897195356770, 72.03121903578720264, 83.84251613408905257 ) ) ;
#2390 = CARTESIAN_POINT ( 'NONE',  ( -121.6265368964739224, 70.24121886709664864, 87.94795710954880974 ) ) ;
#2391 = ORIENTED_EDGE ( 'NONE', *, *, #4590, .F. ) ;
#2392 = EDGE_CURVE ( 'NONE', #4587, #4885, #3572, .T. ) ;
#2393 = CARTESIAN_POINT ( 'NONE',  ( -119.8980561989715596, 62.20000000000000995, 56.50000000000003553 ) ) ;
#2394 = ORIENTED_EDGE ( 'NONE', *, *, #4562, .T. ) ;
#2395 = CARTESIAN_POINT ( 'NONE',  ( -145.0000000000000000, 62.20000000000000995, -80.00000000000000000 ) ) ;
#2396 = LINE ( 'NONE', #5157, #5241 ) ;
#2397 = VERTEX_POINT ( 'NONE', #4955 ) ;
#2398 = EDGE_CURVE ( 'NONE', #255, #3840, #1337, .T. ) ;
#2399 = CARTESIAN_POINT ( 'NONE',  ( -125.0000000000000000, 62.20000000000001705, 60.00000000000000711 ) ) ;
#2400 = DATE_AND_TIME ( #685, #845 ) ;
#2401 = APPROVAL ( #4726, 'UNSPECIFIED' ) ;
#2402 = EDGE_CURVE ( 'NONE', #2479, #1325, #4561, .T. ) ;
#2403 = CARTESIAN_POINT ( 'NONE',  ( -125.0000000000000000, 47.20000000000001705, 76.34000000000004604 ) ) ;
#2404 = VERTEX_POINT ( 'NONE', #2292 ) ;
#2405 = LINE ( 'NONE', #4196, #4763 ) ;
#2406 = ORIENTED_EDGE ( 'NONE', *, *, #2443, .T. ) ;
#2407 = LINE ( 'NONE', #1075, #5067 ) ;
#2408 = VERTEX_POINT ( 'NONE', #1365 ) ;
#2409 = DIRECTION ( 'NONE',  ( 0.000000000000000000, -1.000000000000000000, 0.000000000000000000 ) ) ;
#2410 = EDGE_CURVE ( 'NONE', #3821, #2229, #11, .T. ) ;
#2411 = CARTESIAN_POINT ( 'NONE',  ( -79.25479814987089355, 0.000000000000000000, -1.633760975106076874 ) ) ;
#2412 = EDGE_CURVE ( 'NONE', #2617, #5159, #3059, .T. ) ;
#2413 = EDGE_LOOP ( 'NONE', ( #4771, #3913, #4575, #4583 ) ) ;
#2414 = CARTESIAN_POINT ( 'NONE',  ( -69.50000000000001421, 34.82500000000000284, -61.35000000000000142 ) ) ;
#2415 = EDGE_LOOP ( 'NONE', ( #2492, #2953, #2846, #5869 ) ) ;
#2416 = CARTESIAN_POINT ( 'NONE',  ( 115.0000000000000000, 72.20000000000001705, -80.00000000000000000 ) ) ;
#2417 = DIRECTION ( 'NONE',  ( 0.000000000000000000, 0.000000000000000000, 1.000000000000000000 ) ) ;
#2418 = ORIENTED_EDGE ( 'NONE', *, *, #5799, .T. ) ;
#2419 = DIRECTION ( 'NONE',  ( 0.000000000000000000, 0.000000000000000000, -1.000000000000000000 ) ) ;
#2420 = EDGE_CURVE ( 'NONE', #487, #3495, #5048, .T. ) ;
#2421 = CIRCLE ( 'NONE', #1652, 5.174999999999991829 ) ;
#2422 = CARTESIAN_POINT ( 'NONE',  ( 48.38703381417222005, 4.699999999999999289, -2.414249555950267467 ) ) ;
#2423 = CARTESIAN_POINT ( 'NONE',  ( -130.5000000000000000, 28.69999999999999929, 25.50000000000000355 ) ) ;
#2424 = CIRCLE ( 'NONE', #1016, 3.249999999999988898 ) ;
#2425 = CARTESIAN_POINT ( 'NONE',  ( -145.0000000000000000, -41.00000000000000000, 64.82999999999999829 ) ) ;
#2426 = CARTESIAN_POINT ( 'NONE',  ( 6.365067550892544399E-15, 65.20000000000000284, 63.00000000000000000 ) ) ;
#2427 = ORIENTED_EDGE ( 'NONE', *, *, #2767, .F. ) ;
#2428 = VECTOR ( 'NONE', #1983, 1000.000000000000000 ) ;
#2429 = DIRECTION ( 'NONE',  ( -1.000000000000000000, 0.000000000000000000, 0.000000000000000000 ) ) ;
#2430 = LINE ( 'NONE', #4226, #1029 ) ;
#2431 = FACE_OUTER_BOUND ( 'NONE', #1874, .T. ) ;
#2432 = AXIS2_PLACEMENT_3D ( 'NONE', #3818, #5170, #2502 ) ;
#2433 = CARTESIAN_POINT ( 'NONE',  ( -151.3267511579450399, -0.1760440215048407198, 20.10554348040718864 ) ) ;
#2434 = CARTESIAN_POINT ( 'NONE',  ( 48.38703381417222005, 24.59999999999999787, -23.36424955595027697 ) ) ;
#2435 = ORIENTED_EDGE ( 'NONE', *, *, #1764, .T. ) ;
#2436 = VECTOR ( 'NONE', #5052, 1000.000000000000000 ) ;
#2437 = CARTESIAN_POINT ( 'NONE',  ( -427.9162712043346346, -41.00000000000000000, 12.10264682899879496 ) ) ;
#2438 = ADVANCED_FACE ( 'NONE', ( #486, #855, #912, #4093 ), #2316, .F. ) ;
#2439 = DIRECTION ( 'NONE',  ( 0.000000000000000000, 0.000000000000000000, 1.000000000000000000 ) ) ;
#2440 = DIRECTION ( 'NONE',  ( -1.000000000000000000, 0.000000000000000000, -0.000000000000000000 ) ) ;
#2441 = AXIS2_PLACEMENT_3D ( 'NONE', #1836, #3626, #535 ) ;
#2442 = ORIENTED_EDGE ( 'NONE', *, *, #5171, .T. ) ;
#2443 = EDGE_CURVE ( 'NONE', #4872, #2397, #2775, .T. ) ;
#2444 = DIRECTION ( 'NONE',  ( 0.000000000000000000, 0.000000000000000000, -1.000000000000000000 ) ) ;
#2445 = DIRECTION ( 'NONE',  ( 0.000000000000000000, 0.000000000000000000, -1.000000000000000000 ) ) ;
#2446 = PRODUCT ( 'EDM housing V3', 'EDM housing V3', '', ( #3755 ) ) ;
#2447 = CARTESIAN_POINT ( 'NONE',  ( -687.9162712043346346, -44.00000000000000711, 12.10264682899879496 ) ) ;
#2448 = VERTEX_POINT ( 'NONE', #889 ) ;
#2449 = ADVANCED_FACE ( 'NONE', ( #456 ), #5385, .T. ) ;
#2450 = CARTESIAN_POINT ( 'NONE',  ( -117.8562932769674774, 71.72106685752815736, 85.08569586787683647 ) ) ;
#2451 = EDGE_CURVE ( 'NONE', #3259, #3394, #5542, .T. ) ;
#2452 = ORIENTED_EDGE ( 'NONE', *, *, #5378, .F. ) ;
#2453 = ORIENTED_EDGE ( 'NONE', *, *, #869, .T. ) ;
#2454 = DIRECTION ( 'NONE',  ( -9.912705577010325549E-17, 0.000000000000000000, -1.000000000000000000 ) ) ;
#2455 = DIRECTION ( 'NONE',  ( -0.000000000000000000, -0.000000000000000000, 1.000000000000000000 ) ) ;
#2456 = EDGE_CURVE ( 'NONE', #4323, #5173, #2783, .T. ) ;
#2457 = VECTOR ( 'NONE', #5388, 1000.000000000000000 ) ;
#2458 = LINE ( 'NONE', #710, #4161 ) ;
#2459 = CARTESIAN_POINT ( 'NONE',  ( -96.48499999999999943, 12.00000000000000000, -28.14999999999999858 ) ) ;
#2460 = CIRCLE ( 'NONE', #378, 20.00000000000000000 ) ;
#2461 = CARTESIAN_POINT ( 'NONE',  ( 45.75706587302855155, 72.20000000000001705, -80.00000000000000000 ) ) ;
#2462 = ADVANCED_FACE ( 'NONE', ( #1276 ), #3599, .T. ) ;
#2463 = APPROVAL_DATE_TIME ( #2400, #2401 ) ;
#2464 = CARTESIAN_POINT ( 'NONE',  ( -662.9162712043346346, -44.00000000000000711, 32.60264682899880029 ) ) ;
#2465 = VECTOR ( 'NONE', #4760, 1000.000000000000000 ) ;
#2466 = DIRECTION ( 'NONE',  ( -0.000000000000000000, 1.000000000000000000, -0.000000000000000000 ) ) ;
#2467 = DIRECTION ( 'NONE',  ( 0.000000000000000000, 0.000000000000000000, -1.000000000000000000 ) ) ;
#2468 = ORIENTED_EDGE ( 'NONE', *, *, #1214, .T. ) ;
#2469 = ORIENTED_EDGE ( 'NONE', *, *, #5228, .F. ) ;
#2470 = FACE_OUTER_BOUND ( 'NONE', #3549, .T. ) ;
#2471 = AXIS2_PLACEMENT_3D ( 'NONE', #3587, #5851, #1705 ) ;
#2472 = DIRECTION ( 'NONE',  ( 1.239088197126290848E-17, -1.000000000000000000, 0.000000000000000000 ) ) ;
#2473 = DIRECTION ( 'NONE',  ( 0.000000000000000000, 0.000000000000000000, -1.000000000000000000 ) ) ;
#2474 = ORIENTED_EDGE ( 'NONE', *, *, #4779, .F. ) ;
#2475 = CARTESIAN_POINT ( 'NONE',  ( -155.0000000000000000, -0.05597850450773188269, 49.35017645536612463 ) ) ;
#2476 = ORIENTED_EDGE ( 'NONE', *, *, #1286, .T. ) ;
#2477 = CARTESIAN_POINT ( 'NONE',  ( -427.9162712043346346, -44.00000000000000711, 12.10264682899879496 ) ) ;
#2478 = AXIS2_PLACEMENT_3D ( 'NONE', #942, #2228, #5895 ) ;
#2479 = VERTEX_POINT ( 'NONE', #512 ) ;
#2480 = DIRECTION ( 'NONE',  ( 0.000000000000000000, 0.000000000000000000, 1.000000000000000000 ) ) ;
#2481 = CARTESIAN_POINT ( 'NONE',  ( 115.0000000000000142, 65.20000000000000284, -56.50000000000000711 ) ) ;
#2482 = CIRCLE ( 'NONE', #5839, 5.170000000000000817 ) ;
#2483 = CYLINDRICAL_SURFACE ( 'NONE', #1189, 8.999999999999994671 ) ;
#2484 = ORIENTED_EDGE ( 'NONE', *, *, #2387, .T. ) ;
#2485 = DIRECTION ( 'NONE',  ( 0.000000000000000000, 0.000000000000000000, 1.000000000000000000 ) ) ;
#2486 = EDGE_CURVE ( 'NONE', #1788, #948, #4754, .T. ) ;
#2487 = CARTESIAN_POINT ( 'NONE',  ( 124.9999999999999716, 62.32535886630297739, -54.91135792513472325 ) ) ;
#2488 = CIRCLE ( 'NONE', #3705, 4.999999999999997335 ) ;
#2489 = ORIENTED_EDGE ( 'NONE', *, *, #5213, .F. ) ;
#2490 = DIRECTION ( 'NONE',  ( 0.000000000000000000, 0.000000000000000000, 1.000000000000000000 ) ) ;
#2491 = EDGE_CURVE ( 'NONE', #539, #4310, #2667, .T. ) ;
#2492 = ORIENTED_EDGE ( 'NONE', *, *, #752, .F. ) ;
#2493 = DIRECTION ( 'NONE',  ( -0.000000000000000000, 0.000000000000000000, 1.000000000000000000 ) ) ;
#2494 = DIRECTION ( 'NONE',  ( 0.000000000000000000, 0.000000000000000000, 1.000000000000000000 ) ) ;
#2495 = DIRECTION ( 'NONE',  ( 0.000000000000000000, 0.000000000000000000, 1.000000000000000000 ) ) ;
#2496 = CARTESIAN_POINT ( 'NONE',  ( -15.84039720032541432, -10.00000000000000178, 30.00000000000000355 ) ) ;
#2497 = CARTESIAN_POINT ( 'NONE',  ( -91.88000000000000966, 12.00000000000000000, 18.71368848543034247 ) ) ;
#2498 = PLANE ( 'NONE',  #4650 ) ;
#2499 = EDGE_CURVE ( 'NONE', #5159, #2617, #3699, .T. ) ;
#2500 = ORIENTED_EDGE ( 'NONE', *, *, #1671, .T. ) ;
#2501 = CARTESIAN_POINT ( 'NONE',  ( -605.7799143269008937, 6.000000000000000000, -285.3036113549479751 ) ) ;
#2502 = DIRECTION ( 'NONE',  ( 0.000000000000000000, 0.000000000000000000, 1.000000000000000000 ) ) ;
#2503 = ORIENTED_EDGE ( 'NONE', *, *, #5395, .T. ) ;
#2504 = ORIENTED_EDGE ( 'NONE', *, *, #4050, .T. ) ;
#2505 = CARTESIAN_POINT ( 'NONE',  ( -151.6857230315830520, 1.813444494126194240, 53.19177459206481018 ) ) ;
#2506 = DIRECTION ( 'NONE',  ( 0.000000000000000000, 0.000000000000000000, -1.000000000000000000 ) ) ;
#2507 = ORIENTED_EDGE ( 'NONE', *, *, #1465, .F. ) ;
#2508 = LINE ( 'NONE', #3892, #2361 ) ;
#2509 = DIRECTION ( 'NONE',  ( 0.000000000000000000, 1.000000000000000000, 0.000000000000000000 ) ) ;
#2510 = ORIENTED_EDGE ( 'NONE', *, *, #2608, .T. ) ;
#2511 = DIRECTION ( 'NONE',  ( 0.000000000000000000, 0.000000000000000000, 1.000000000000000000 ) ) ;
#2512 = AXIS2_PLACEMENT_3D ( 'NONE', #2945, #681, #2494 ) ;
#2513 = ORIENTED_EDGE ( 'NONE', *, *, #985, .F. ) ;
#2514 = ORIENTED_EDGE ( 'NONE', *, *, #3581, .F. ) ;
#2515 = CARTESIAN_POINT ( 'NONE',  ( -427.9162712043346346, -44.00000000000000711, 17.15264682899875481 ) ) ;
#2516 = ORIENTED_EDGE ( 'NONE', *, *, #1854, .F. ) ;
#2517 = CARTESIAN_POINT ( 'NONE',  ( -154.9999999999999716, 62.45099099958575550, -54.82252262130602105 ) ) ;
#2518 = CIRCLE ( 'NONE', #143, 5.049999999999998934 ) ;
#2519 = EDGE_LOOP ( 'NONE', ( #2938, #1200, #221, #2574 ) ) ;
#2520 = CARTESIAN_POINT ( 'NONE',  ( -5.254798149870912205, 0.000000000000000000, -1.633760975106078872 ) ) ;
#2521 = LINE ( 'NONE', #3474, #1739 ) ;
#2522 = CARTESIAN_POINT ( 'NONE',  ( -106.3534108745596427, 47.36499999999998067, -61.35000000000000142 ) ) ;
#2523 = ADVANCED_FACE ( 'NONE', ( #1751 ), #5615, .F. ) ;
#2524 = VECTOR ( 'NONE', #4011, 1000.000000000000000 ) ;
#2525 = VECTOR ( 'NONE', #4095, 1000.000000000000000 ) ;
#2526 = DIRECTION ( 'NONE',  ( 0.000000000000000000, 0.000000000000000000, 1.000000000000000000 ) ) ;
#2527 = DIRECTION ( 'NONE',  ( 1.000000000000000000, 0.000000000000000000, 0.000000000000000000 ) ) ;
#2528 = CARTESIAN_POINT ( 'NONE',  ( -512.9162712043346346, -53.00000000000000711, 82.10264682899880029 ) ) ;
#2529 = EDGE_CURVE ( 'NONE', #5469, #2714, #1605, .T. ) ;
#2530 = EDGE_CURVE ( 'NONE', #1595, #4674, #93, .T. ) ;
#2531 = FACE_OUTER_BOUND ( 'NONE', #1117, .T. ) ;
#2532 = AXIS2_PLACEMENT_3D ( 'NONE', #2600, #5355, #1269 ) ;
#2533 = ORIENTED_EDGE ( 'NONE', *, *, #240, .T. ) ;
#2534 = LINE ( 'NONE', #4764, #719 ) ;
#2535 = LINE ( 'NONE', #3343, #1946 ) ;
#2536 = CIRCLE ( 'NONE', #5317, 5.175000000000020250 ) ;
#2537 = EDGE_CURVE ( 'NONE', #342, #3451, #5728, .T. ) ;
#2538 = ORIENTED_EDGE ( 'NONE', *, *, #3639, .T. ) ;
#2539 = ORIENTED_EDGE ( 'NONE', *, *, #4987, .F. ) ;
#2540 = CARTESIAN_POINT ( 'NONE',  ( -155.0000000000000000, -4.999999998825710890, 45.02062258762979496 ) ) ;
#2541 = DIRECTION ( 'NONE',  ( 0.000000000000000000, 0.000000000000000000, -1.000000000000000000 ) ) ;
#2542 = ORIENTED_EDGE ( 'NONE', *, *, #1711, .T. ) ;
#2543 = AXIS2_PLACEMENT_3D ( 'NONE', #3363, #5860, #2695 ) ;
#2544 = CARTESIAN_POINT ( 'NONE',  ( 125.0000000000000284, -41.00000000000000000, 92.00000000000000000 ) ) ;
#2545 = DIRECTION ( 'NONE',  ( 0.000000000000000000, 0.000000000000000000, -1.000000000000000000 ) ) ;
#2546 = EDGE_LOOP ( 'NONE', ( #1727, #5716 ) ) ;
#2547 = EDGE_LOOP ( 'NONE', ( #1726, #3058, #3252, #3257 ) ) ;
#2548 = AXIS2_PLACEMENT_3D ( 'NONE', #4090, #35, #1125 ) ;
#2549 = FACE_OUTER_BOUND ( 'NONE', #3034, .T. ) ;
#2550 = VERTEX_POINT ( 'NONE', #2868 ) ;
#2551 = CARTESIAN_POINT ( 'NONE',  ( 120.0000000000000000, 15.00000000000000000, 35.00000000000000000 ) ) ;
#2552 = FACE_OUTER_BOUND ( 'NONE', #5362, .T. ) ;
#2553 = ORIENTED_EDGE ( 'NONE', *, *, #4371, .T. ) ;
#2554 = CARTESIAN_POINT ( 'NONE',  ( 115.0000000000000142, 65.20000000000000284, -56.50000000000000711 ) ) ;
#2555 = DIRECTION ( 'NONE',  ( -0.000000000000000000, 1.000000000000000000, -0.000000000000000000 ) ) ;
#2556 = CARTESIAN_POINT ( 'NONE',  ( 30.00000000000000000, -10.00000000000000178, 30.00000000000000355 ) ) ;
#2557 = CARTESIAN_POINT ( 'NONE',  ( -145.0000000000000000, -41.00000000000000000, 75.17000000000001592 ) ) ;
#2558 = COORDINATED_UNIVERSAL_TIME_OFFSET ( 8, 0, .BEHIND. ) ;
#2559 = CARTESIAN_POINT ( 'NONE',  ( -155.0000000000000000, -29.00000000000000355, 67.00000000000000000 ) ) ;
#2560 = EDGE_CURVE ( 'NONE', #5129, #4057, #1476, .T. ) ;
#2561 = DIRECTION ( 'NONE',  ( 0.000000000000000000, 0.000000000000000000, -1.000000000000000000 ) ) ;
#2562 = AXIS2_PLACEMENT_3D ( 'NONE', #47, #4159, #1402 ) ;
#2563 = ORIENTED_EDGE ( 'NONE', *, *, #557, .F. ) ;
#2564 = CARTESIAN_POINT ( 'NONE',  ( -20.83614236300362776, 0.7405510232676101312, 39.66555854560240135 ) ) ;
#2565 = DIRECTION ( 'NONE',  ( -0.000000000000000000, 1.000000000000000000, 0.000000000000000000 ) ) ;
#2566 = ORIENTED_EDGE ( 'NONE', *, *, #2300, .T. ) ;
#2567 = DIRECTION ( 'NONE',  ( 0.000000000000000000, 0.000000000000000000, 1.000000000000000000 ) ) ;
#2568 = DIRECTION ( 'NONE',  ( 0.000000000000000000, 0.000000000000000000, -1.000000000000000000 ) ) ;
#2569 = AXIS2_PLACEMENT_3D ( 'NONE', #846, #2285, #1265 ) ;
#2570 = ORIENTED_EDGE ( 'NONE', *, *, #2347, .T. ) ;
#2571 = CARTESIAN_POINT ( 'NONE',  ( -151.8659062127426864, 2.153180637292201993, 54.21373087888731845 ) ) ;
#2572 = VECTOR ( 'NONE', #1824, 1000.000000000000000 ) ;
#2573 = CARTESIAN_POINT ( 'NONE',  ( 120.0000000000000000, 62.20000000000000995, 55.00000000000000711 ) ) ;
#2574 = ORIENTED_EDGE ( 'NONE', *, *, #4316, .F. ) ;
#2575 = CARTESIAN_POINT ( 'NONE',  ( 125.0000000000000284, 21.20000000000000284, 67.00000000000000000 ) ) ;
#2576 = CARTESIAN_POINT ( 'NONE',  ( 48.38703381417222005, 24.59999999999999787, -7.214249555950269510 ) ) ;
#2577 = ORIENTED_EDGE ( 'NONE', *, *, #2753, .T. ) ;
#2578 = ORIENTED_EDGE ( 'NONE', *, *, #1654, .F. ) ;
#2579 = AXIS2_PLACEMENT_3D ( 'NONE', #5033, #2770, #954 ) ;
#2580 = FACE_OUTER_BOUND ( 'NONE', #3147, .T. ) ;
#2581 = ORIENTED_EDGE ( 'NONE', *, *, #5634, .F. ) ;
#2582 = DIRECTION ( 'NONE',  ( -0.000000000000000000, 1.000000000000000000, -0.000000000000000000 ) ) ;
#2583 = ADVANCED_FACE ( 'NONE', ( #1974 ), #2350, .T. ) ;
#2584 = CARTESIAN_POINT ( 'NONE',  ( 124.9807218727059848, 62.83336677034176176, -54.55233666120371794 ) ) ;
#2585 = EDGE_LOOP ( 'NONE', ( #5512, #4978 ) ) ;
#2586 = ADVANCED_FACE ( 'NONE', ( #3710 ), #2924, .F. ) ;
#2587 = B_SPLINE_CURVE_WITH_KNOTS ( 'NONE', 3,
 ( #3652, #455, #10, #911, #1305, #3189, #4429, #941, #888, #2698, #2724, #366, #5837, #4514, #1391, #2171, #4481, #2755 ),
 .UNSPECIFIED., .F., .F.,
 ( 4, 2, 2, 2, 2, 2, 2, 2, 4 ),
 ( 0.000000000000000000, 0.002386384508132954625, 0.004772769016265909249, 0.007159153524398864307, 0.008352345778465336198, 0.009545538032531808090, 0.01431830704879777372, 0.01670469155693075913, 0.01909107606506374455 ),
 .UNSPECIFIED. ) ;
#2588 = DIRECTION ( 'NONE',  ( 0.000000000000000000, 0.000000000000000000, 1.000000000000000000 ) ) ;
#2589 = AXIS2_PLACEMENT_3D ( 'NONE', #5392, #3608, #5056 ) ;
#2590 = CYLINDRICAL_SURFACE ( 'NONE', #4406, 15.00000000000000000 ) ;
#2591 = CIRCLE ( 'NONE', #981, 9.999999999999994671 ) ;
#2592 = VERTEX_POINT ( 'NONE', #1529 ) ;
#2593 = CARTESIAN_POINT ( 'NONE',  ( -72.79000000000002046, 0.000000000000000000, -22.87999999999999901 ) ) ;
#2594 = CARTESIAN_POINT ( 'NONE',  ( 0.000000000000000000, 0.000000000000000000, 67.00000000000000000 ) ) ;
#2595 = CARTESIAN_POINT ( 'NONE',  ( -581.2799143269010074, 0.000000000000000000, -209.8036113549479751 ) ) ;
#2596 = DIRECTION ( 'NONE',  ( 0.000000000000000000, 1.000000000000000000, 0.000000000000000000 ) ) ;
#2597 = LINE ( 'NONE', #3478, #661 ) ;
#2598 = ORIENTED_EDGE ( 'NONE', *, *, #4562, .F. ) ;
#2599 = PLANE ( 'NONE',  #1275 ) ;
#2600 = CARTESIAN_POINT ( 'NONE',  ( -125.0000000000000000, -56.00000000000002132, 79.59000000000004604 ) ) ;
#2601 = DIRECTION ( 'NONE',  ( -0.000000000000000000, -1.000000000000000000, -0.000000000000000000 ) ) ;
#2602 = EDGE_CURVE ( 'NONE', #2052, #2408, #2376, .T. ) ;
#2603 = ORIENTED_EDGE ( 'NONE', *, *, #1593, .F. ) ;
#2604 = CARTESIAN_POINT ( 'NONE',  ( -155.0000000000000000, 0.2635202246040020957, 51.51280826844659799 ) ) ;
#2605 = VERTEX_POINT ( 'NONE', #4673 ) ;
#2606 = DIRECTION ( 'NONE',  ( 0.000000000000000000, 0.000000000000000000, -1.000000000000000000 ) ) ;
#2607 = ORIENTED_EDGE ( 'NONE', *, *, #193, .T. ) ;
#2608 = EDGE_CURVE ( 'NONE', #1651, #5070, #3789, .T. ) ;
#2609 = CARTESIAN_POINT ( 'NONE',  ( 115.0000000000000142, -41.00001200000000523, 70.00000000000000000 ) ) ;
#2610 = CYLINDRICAL_SURFACE ( 'NONE', #5891, 21.50000000000001066 ) ;
#2611 = ORIENTED_EDGE ( 'NONE', *, *, #678, .T. ) ;
#2612 = EDGE_CURVE ( 'NONE', #1477, #2717, #5064, .T. ) ;
#2613 = ORIENTED_EDGE ( 'NONE', *, *, #2402, .T. ) ;
#2614 = VERTEX_POINT ( 'NONE', #4174 ) ;
#2615 = CARTESIAN_POINT ( 'NONE',  ( -131.2559030436168541, 5.255163484412721076, 46.98992443288872067 ) ) ;
#2616 = EDGE_CURVE ( 'NONE', #577, #5743, #599, .T. ) ;
#2617 = VERTEX_POINT ( 'NONE', #1500 ) ;
#2618 = DIRECTION ( 'NONE',  ( 0.000000000000000000, 1.000000000000000000, 0.000000000000000000 ) ) ;
#2619 = DIRECTION ( 'NONE',  ( 0.000000000000000000, 0.000000000000000000, -1.000000000000000000 ) ) ;
#2620 = AXIS2_PLACEMENT_3D ( 'NONE', #3234, #1794, #2277 ) ;
#2621 = CARTESIAN_POINT ( 'NONE',  ( -10.95999999999999197, 12.00000000000000000, -22.87999999999999901 ) ) ;
#2622 = DIRECTION ( 'NONE',  ( 0.000000000000000000, 0.000000000000000000, 1.000000000000000000 ) ) ;
#2623 = DIRECTION ( 'NONE',  ( 0.000000000000000000, 0.000000000000000000, 1.000000000000000000 ) ) ;
#2624 = CALENDAR_DATE ( 2026, 20, 4 ) ;
#2625 = AXIS2_PLACEMENT_3D ( 'NONE', #5354, #848, #5258 ) ;
#2626 = PLANE ( 'NONE',  #960 ) ;
#2627 = ORIENTED_EDGE ( 'NONE', *, *, #2887, .F. ) ;
#2628 = VECTOR ( 'NONE', #1394, 1000.000000000000000 ) ;
#2629 = VECTOR ( 'NONE', #3601, 1000.000000000000000 ) ;
#2630 = DIRECTION ( 'NONE',  ( 0.000000000000000000, 0.000000000000000000, -1.000000000000000000 ) ) ;
#2631 = ORIENTED_EDGE ( 'NONE', *, *, #4719, .T. ) ;
#2632 = DIRECTION ( 'NONE',  ( 0.000000000000000000, 0.000000000000000000, -1.000000000000000000 ) ) ;
#2633 = AXIS2_PLACEMENT_3D ( 'NONE', #4540, #34, #2344 ) ;
#2634 = ORIENTED_EDGE ( 'NONE', *, *, #825, .F. ) ;
#2635 = ORIENTED_EDGE ( 'NONE', *, *, #2892, .F. ) ;
#2636 = CARTESIAN_POINT ( 'NONE',  ( -581.2799143269010074, -4.000000000000000000, -209.8036113549479751 ) ) ;
#2637 = CARTESIAN_POINT ( 'NONE',  ( -662.9162712043346346, -53.00000000000000711, 32.60264682899880029 ) ) ;
#2638 = VERTEX_POINT ( 'NONE', #2434 ) ;
#2639 = EDGE_CURVE ( 'NONE', #5173, #831, #2405, .T. ) ;
#2640 = VECTOR ( 'NONE', #1263, 1000.000000000000000 ) ;
#2641 = DIRECTION ( 'NONE',  ( 0.000000000000000000, 1.000000000000000000, 0.000000000000000000 ) ) ;
#2642 = CARTESIAN_POINT ( 'NONE',  ( 95.49735676191311029, 69.72142938542937429, 88.59000000000000341 ) ) ;
#2643 = ORIENTED_EDGE ( 'NONE', *, *, #4183, .T. ) ;
#2644 = EDGE_CURVE ( 'NONE', #1447, #3732, #1073, .T. ) ;
#2645 = ORIENTED_EDGE ( 'NONE', *, *, #4076, .T. ) ;
#2646 = VECTOR ( 'NONE', #1077, 1000.000000000000000 ) ;
#2647 = EDGE_CURVE ( 'NONE', #3821, #4587, #1429, .T. ) ;
#2648 = DIRECTION ( 'NONE',  ( 0.000000000000000000, 0.000000000000000000, 1.000000000000000000 ) ) ;
#2649 = AXIS2_PLACEMENT_3D ( 'NONE', #5834, #3134, #3595 ) ;
#2650 = EDGE_LOOP ( 'NONE', ( #4231, #4425, #2972, #700 ) ) ;
#2651 = CARTESIAN_POINT ( 'NONE',  ( 48.38703381417222005, 28.69999999999999929, -4.814249555950268267 ) ) ;
#2652 = CARTESIAN_POINT ( 'NONE',  ( 119.8440219711762609, 64.73037447017959778, 50.31195605763709722 ) ) ;
#2653 = DIRECTION ( 'NONE',  ( 0.000000000000000000, 0.000000000000000000, -1.000000000000000000 ) ) ;
#2654 = CARTESIAN_POINT ( 'NONE',  ( -77.59000000000001762, 34.82500000000000284, 92.00000000000000000 ) ) ;
#2655 = ORIENTED_EDGE ( 'NONE', *, *, #3471, .F. ) ;
#2656 = APPROVAL_DATE_TIME ( #5884, #3385 ) ;
#2657 = DIRECTION ( 'NONE',  ( -3.600243256520149272E-16, 0.000000000000000000, -1.000000000000000000 ) ) ;
#2658 = ORIENTED_EDGE ( 'NONE', *, *, #1290, .T. ) ;
#2659 = EDGE_LOOP ( 'NONE', ( #1604, #4098, #5379, #4998 ) ) ;
#2660 = EDGE_CURVE ( 'NONE', #5783, #4129, #4663, .T. ) ;
#2661 = CYLINDRICAL_SURFACE ( 'NONE', #2625, 2.400000000000000799 ) ;
#2662 = FACE_BOUND ( 'NONE', #4988, .T. ) ;
#2663 = ORIENTED_EDGE ( 'NONE', *, *, #1923, .F. ) ;
#2664 = CARTESIAN_POINT ( 'NONE',  ( -147.8234308879076195, 67.57395249412884652, 63.00000000000000000 ) ) ;
#2665 = CIRCLE ( 'NONE', #1227, 1.499999999999999556 ) ;
#2666 = DIRECTION ( 'NONE',  ( 0.000000000000000000, 0.000000000000000000, 1.000000000000000000 ) ) ;
#2667 = LINE ( 'NONE', #4455, #5060 ) ;
#2668 = ORIENTED_EDGE ( 'NONE', *, *, #3286, .T. ) ;
#2669 = LINE ( 'NONE', #1753, #2941 ) ;
#2670 = CIRCLE ( 'NONE', #1232, 3.250000000000002665 ) ;
#2671 = CARTESIAN_POINT ( 'NONE',  ( 102.6859493399723817, 71.93930025476285550, 84.27907321209683289 ) ) ;
#2672 = ORIENTED_EDGE ( 'NONE', *, *, #3918, .F. ) ;
#2673 = VERTEX_POINT ( 'NONE', #5532 ) ;
#2674 = CIRCLE ( 'NONE', #3144, 1.499999999999997780 ) ;
#2675 = DIRECTION ( 'NONE',  ( -0.000000000000000000, -0.000000000000000000, 1.000000000000000000 ) ) ;
#2676 = CYLINDRICAL_SURFACE ( 'NONE', #1148, 11.81752562247285709 ) ;
#2677 = CARTESIAN_POINT ( 'NONE',  ( 125.0000000000000284, -29.00000000000000000, 92.00000000000000000 ) ) ;
#2678 = CARTESIAN_POINT ( 'NONE',  ( -142.3648189172749028, 0.6933511499187022808, 43.43364639890299372 ) ) ;
#2679 = AXIS2_PLACEMENT_3D ( 'NONE', #4297, #1630, #1166 ) ;
#2680 = EDGE_CURVE ( 'NONE', #252, #1765, #66, .T. ) ;
#2681 = CARTESIAN_POINT ( 'NONE',  ( -10.95999999999999197, 12.00000000000000000, 22.87999999999999901 ) ) ;
#2682 = ORIENTED_EDGE ( 'NONE', *, *, #2730, .F. ) ;
#2683 = CARTESIAN_POINT ( 'NONE',  ( -125.0000000000000000, 47.20000000000001705, 79.59000000000004604 ) ) ;
#2684 = CARTESIAN_POINT ( 'NONE',  ( 124.5338916083976386, 65.21743447307898123, 55.23305419580119491 ) ) ;
#2685 = AXIS2_PLACEMENT_3D ( 'NONE', #568, #5135, #5645 ) ;
#2686 = DIRECTION ( 'NONE',  ( 3.439352616558724254E-16, 1.000000000000000000, 0.000000000000000000 ) ) ;
#2687 = CARTESIAN_POINT ( 'NONE',  ( -131.1778165563186462, 71.30486534403085841, 86.15231639559334553 ) ) ;
#2688 = CALENDAR_DATE ( 2026, 20, 4 ) ;
#2689 = CIRCLE ( 'NONE', #890, 5.174999999999991829 ) ;
#2690 = FACE_OUTER_BOUND ( 'NONE', #2146, .T. ) ;
#2691 = EDGE_LOOP ( 'NONE', ( #2500, #3493 ) ) ;
#2692 = AXIS2_PLACEMENT_3D ( 'NONE', #4811, #256, #2089 ) ;
#2693 = DIRECTION ( 'NONE',  ( 1.000000000000000000, 1.239088197126290848E-17, 0.000000000000000000 ) ) ;
#2694 = ORIENTED_EDGE ( 'NONE', *, *, #4638, .F. ) ;
#2695 = DIRECTION ( 'NONE',  ( 0.000000000000000000, 0.000000000000000000, 1.000000000000000000 ) ) ;
#2697 = VERTEX_POINT ( 'NONE', #3388 ) ;
#2696 = ADVANCED_FACE ( 'NONE', ( #542 ), #5560, .F. ) ;
#2698 = CARTESIAN_POINT ( 'NONE',  ( -117.6026630824430015, 2.128200337651815044, 42.70611382098213227 ) ) ;
#2699 = DIRECTION ( 'NONE',  ( 0.000000000000000000, 1.000000000000000000, 0.000000000000000000 ) ) ;
#2700 = ORIENTED_EDGE ( 'NONE', *, *, #4037, .F. ) ;
#2701 = DIRECTION ( 'NONE',  ( -1.000000000000000000, 0.000000000000000000, -0.000000000000000000 ) ) ;
#2702 = DIRECTION ( 'NONE',  ( 0.000000000000000000, 0.000000000000000000, -1.000000000000000000 ) ) ;
#2703 = ORIENTED_EDGE ( 'NONE', *, *, #4550, .T. ) ;
#2704 = VERTEX_POINT ( 'NONE', #3814 ) ;
#2705 = DIRECTION ( 'NONE',  ( -0.000000000000000000, 1.000000000000000000, -0.000000000000000000 ) ) ;
#2706 = DIRECTION ( 'NONE',  ( 0.000000000000000000, -1.000000000000000000, 0.000000000000000000 ) ) ;
#2707 = EDGE_LOOP ( 'NONE', ( #2044, #4656, #2749, #3060 ) ) ;
#2708 = DIRECTION ( 'NONE',  ( 0.000000000000000000, 0.000000000000000000, 1.000000000000000000 ) ) ;
#2709 = ORIENTED_EDGE ( 'NONE', *, *, #4830, .F. ) ;
#2710 = LINE ( 'NONE', #350, #4356 ) ;
#2711 = CARTESIAN_POINT ( 'NONE',  ( 119.9803878159118966, 63.22173134405650785, 50.03922436817675390 ) ) ;
#2712 = PLANE ( 'NONE',  #4571 ) ;
#2713 = DIRECTION ( 'NONE',  ( 0.000000000000000000, -0.000000000000000000, 1.000000000000000000 ) ) ;
#2714 = VERTEX_POINT ( 'NONE', #5225 ) ;
#2715 = DIRECTION ( 'NONE',  ( 0.000000000000000000, 1.000000000000000000, 0.000000000000000000 ) ) ;
#2716 = EDGE_CURVE ( 'NONE', #1758, #1477, #1128, .T. ) ;
#2717 = VERTEX_POINT ( 'NONE', #688 ) ;
#2718 = ORIENTED_EDGE ( 'NONE', *, *, #4590, .T. ) ;
#2719 = CLOSED_SHELL ( 'NONE', ( #1230, #3672, #3841, #559, #4515, #4488, #264, #2996, #3089, #2449, #1829, #1383, #974, #5609, #2205, #2130, #5143, #165, #504, #4379, #1389, #4929, #3197 ) ) ;
#2720 = DIRECTION ( 'NONE',  ( 0.000000000000000000, 0.000000000000000000, 1.000000000000000000 ) ) ;
#2721 = CARTESIAN_POINT ( 'NONE',  ( 120.0000000000000000, 15.00000000000000000, -50.00000000000000000 ) ) ;
#2722 = EDGE_CURVE ( 'NONE', #3962, #4303, #1559, .T. ) ;
#2723 = ORIENTED_EDGE ( 'NONE', *, *, #1858, .T. ) ;
#2724 = CARTESIAN_POINT ( 'NONE',  ( -117.3037846813719653, 1.994131328914476864, 42.47796767348032176 ) ) ;
#2725 = VECTOR ( 'NONE', #1964, 1000.000000000000000 ) ;
#2726 = LINE ( 'NONE', #424, #2284 ) ;
#2727 = EDGE_LOOP ( 'NONE', ( #4841, #2533, #2700, #2990, #85, #4752, #5806 ) ) ;
#2728 = CARTESIAN_POINT ( 'NONE',  ( -145.0000000000000000, 72.20000000000001705, 82.00000000000000000 ) ) ;
#2729 = CARTESIAN_POINT ( 'NONE',  ( 48.38703381417222005, 4.699999999999999289, -7.214249555950269510 ) ) ;
#2730 = EDGE_CURVE ( 'NONE', #314, #4395, #2288, .T. ) ;
#2731 = CARTESIAN_POINT ( 'NONE',  ( -130.5000000000000000, 24.69999999999999929, 25.50000000000000355 ) ) ;
#2732 = AXIS2_PLACEMENT_3D ( 'NONE', #126, #5476, #3735 ) ;
#2733 = VERTEX_POINT ( 'NONE', #4074 ) ;
#2734 = ORIENTED_EDGE ( 'NONE', *, *, #3151, .F. ) ;
#2735 = CARTESIAN_POINT ( 'NONE',  ( -145.0000000000000000, 62.20000000000000995, -61.67499999999997584 ) ) ;
#2736 = ORIENTED_EDGE ( 'NONE', *, *, #3624, .T. ) ;
#2737 = CIRCLE ( 'NONE', #1470, 8.089999999999999858 ) ;
#2738 = DIRECTION ( 'NONE',  ( -1.000000000000000000, -0.000000000000000000, -0.000000000000000000 ) ) ;
#2739 = ADVANCED_FACE ( 'NONE', ( #2791 ), #404, .F. ) ;
#2740 = VECTOR ( 'NONE', #1664, 1000.000000000000000 ) ;
#2741 = EDGE_LOOP ( 'NONE', ( #4773, #1575, #3600, #57 ) ) ;
#2742 = LINE ( 'NONE', #1855, #3696 ) ;
#2743 = CIRCLE ( 'NONE', #68, 5.169999999999993712 ) ;
#2744 = DIRECTION ( 'NONE',  ( 1.000000000000000000, -3.439352616558724254E-16, 0.000000000000000000 ) ) ;
#2745 = VERTEX_POINT ( 'NONE', #1821 ) ;
#2746 = MANIFOLD_SOLID_BREP ( 'Cut-Extrude15', #4404 ) ;
#2747 = APPROVAL_PERSON_ORGANIZATION ( #2865, #2401, #4286 ) ;
#2748 = FACE_OUTER_BOUND ( 'NONE', #4111, .T. ) ;
#2749 = ORIENTED_EDGE ( 'NONE', *, *, #2499, .T. ) ;
#2750 = EDGE_CURVE ( 'NONE', #3773, #5876, #1729, .T. ) ;
#2751 = CARTESIAN_POINT ( 'NONE',  ( -27.65792282279827674, -10.00000000000000888, 30.00000000000000355 ) ) ;
#2752 = CARTESIAN_POINT ( 'NONE',  ( -120.0000000000000000, -41.00000000000000000, 30.00000000000000355 ) ) ;
#2753 = EDGE_CURVE ( 'NONE', #5511, #4965, #2298, .T. ) ;
#2754 = EDGE_LOOP ( 'NONE', ( #4539, #1839 ) ) ;
#2755 = CARTESIAN_POINT ( 'NONE',  ( -111.2126984780140901, 0.000000000000000000, 35.00000000000000000 ) ) ;
#2756 = CARTESIAN_POINT ( 'NONE',  ( -417.9162712043346346, -56.00000000000000711, 132.1026468289988145 ) ) ;
#2757 = EDGE_LOOP ( 'NONE', ( #2578, #5342, #883, #1411 ) ) ;
#2758 = DIRECTION ( 'NONE',  ( 0.000000000000000000, 1.000000000000000000, 0.000000000000000000 ) ) ;
#2759 = CARTESIAN_POINT ( 'NONE',  ( 115.0000000000000142, -41.00000000000000000, -45.16999999999999460 ) ) ;
#2760 = EDGE_LOOP ( 'NONE', ( #4806, #1313, #2257, #5114, #3857, #4260, #2538 ) ) ;
#2761 = ORIENTED_EDGE ( 'NONE', *, *, #2217, .T. ) ;
#2762 = DIRECTION ( 'NONE',  ( 0.000000000000000000, 0.000000000000000000, 1.000000000000000000 ) ) ;
#2763 = VECTOR ( 'NONE', #1168, 1000.000000000000000 ) ;
#2764 = CARTESIAN_POINT ( 'NONE',  ( 120.0000000000000000, 15.00000000000000000, -35.00000000000000000 ) ) ;
#2765 = CIRCLE ( 'NONE', #3415, 15.00000000000000000 ) ;
#2766 = CIRCLE ( 'NONE', #1592, 5.049999999999998934 ) ;
#2767 = EDGE_CURVE ( 'NONE', #4676, #4030, #4566, .T. ) ;
#2768 = VERTEX_POINT ( 'NONE', #5480 ) ;
#2769 = EDGE_CURVE ( 'NONE', #3860, #3914, #4046, .T. ) ;
#2770 = DIRECTION ( 'NONE',  ( 0.000000000000000000, -1.000000000000000000, 0.000000000000000000 ) ) ;
#2771 = CARTESIAN_POINT ( 'NONE',  ( 95.00000000000002842, 69.72142938542936008, 88.58999999999998920 ) ) ;
#2772 = DIRECTION ( 'NONE',  ( -1.000000000000000000, 0.000000000000000000, 0.000000000000000000 ) ) ;
#2773 = TOROIDAL_SURFACE ( 'NONE', #1237, 19.99999999999999645, 10.00000000000000000 ) ;
#2774 = VERTEX_POINT ( 'NONE', #5871 ) ;
#2775 = CIRCLE ( 'NONE', #3150, 5.169999999999993712 ) ;
#2776 = DIRECTION ( 'NONE',  ( 0.000000000000000000, 1.000000000000000000, 0.000000000000000000 ) ) ;
#2777 = EDGE_LOOP ( 'NONE', ( #5042, #3316 ) ) ;
#2778 = LINE ( 'NONE', #5435, #533 ) ;
#2779 = VECTOR ( 'NONE', #208, 1000.000000000000000 ) ;
#2780 = CARTESIAN_POINT ( 'NONE',  ( -146.1261429458374721, 0.000000000000000000, 40.26731717802033472 ) ) ;
#2781 = ORIENTED_EDGE ( 'NONE', *, *, #2268, .F. ) ;
#2782 = CARTESIAN_POINT ( 'NONE',  ( -151.9590106885926843, -0.3988393347934538480, 23.95760842128816037 ) ) ;
#2783 = LINE ( 'NONE', #2756, #3883 ) ;
#2784 = AXIS2_PLACEMENT_3D ( 'NONE', #601, #4386, #5167 ) ;
#2785 = ORIENTED_EDGE ( 'NONE', *, *, #4382, .T. ) ;
#2786 = LINE ( 'NONE', #5534, #1755 ) ;
#2787 = DIRECTION ( 'NONE',  ( 0.000000000000000000, 1.000000000000000000, 0.000000000000000000 ) ) ;
#2788 = ORIENTED_EDGE ( 'NONE', *, *, #2841, .F. ) ;
#2789 = ORIENTED_EDGE ( 'NONE', *, *, #1987, .F. ) ;
#2790 = VERTEX_POINT ( 'NONE', #4491 ) ;
#2791 = FACE_OUTER_BOUND ( 'NONE', #497, .T. ) ;
#2792 = ORIENTED_EDGE ( 'NONE', *, *, #3078, .F. ) ;
#2793 = ADVANCED_FACE ( 'NONE', ( #3550 ), #783, .F. ) ;
#2794 = CARTESIAN_POINT ( 'NONE',  ( -28.77791977651455468, 1.618392198571598106, 41.77795494271038024 ) ) ;
#2795 = LINE ( 'NONE', #499, #1129 ) ;
#2796 = CARTESIAN_POINT ( 'NONE',  ( 0.000000000000000000, 0.000000000000000000, -285.2036113549480092 ) ) ;
#2797 = CARTESIAN_POINT ( 'NONE',  ( 88.16057096128405135, 71.58998477070200295, 85.45955060492410382 ) ) ;
#2798 = DIRECTION ( 'NONE',  ( -0.000000000000000000, -1.000000000000000000, -0.000000000000000000 ) ) ;
#2799 = ORIENTED_EDGE ( 'NONE', *, *, #1923, .T. ) ;
#2800 = EDGE_CURVE ( 'NONE', #5387, #3621, #4100, .T. ) ;
#2801 = FACE_OUTER_BOUND ( 'NONE', #2659, .T. ) ;
#2802 = LINE ( 'NONE', #2859, #8 ) ;
#2803 = EDGE_LOOP ( 'NONE', ( #4502, #5375, #1319, #5002 ) ) ;
#2804 = DIRECTION ( 'NONE',  ( 0.000000000000000000, 1.000000000000000000, 0.000000000000000000 ) ) ;
#2805 = CARTESIAN_POINT ( 'NONE',  ( 95.00000000000002842, 72.20001200000000097, 70.59000000000000341 ) ) ;
#2806 = VECTOR ( 'NONE', #5794, 1000.000000000000000 ) ;
#2807 = DIRECTION ( 'NONE',  ( 0.000000000000000000, 0.000000000000000000, -1.000000000000000000 ) ) ;
#2808 = ORIENTED_EDGE ( 'NONE', *, *, #3674, .F. ) ;
#2809 = FACE_OUTER_BOUND ( 'NONE', #334, .T. ) ;
#2810 = ORIENTED_EDGE ( 'NONE', *, *, #4358, .T. ) ;
#2811 = CARTESIAN_POINT ( 'NONE',  ( -27.65792282279827674, -10.00000000000000178, 41.81752562247285709 ) ) ;
#2812 = ORIENTED_EDGE ( 'NONE', *, *, #3975, .F. ) ;
#2813 = VERTEX_POINT ( 'NONE', #5904 ) ;
#2814 = CARTESIAN_POINT ( 'NONE',  ( -101.3034108745596455, 47.36499999999998067, 92.00000000000000000 ) ) ;
#2815 = DIRECTION ( 'NONE',  ( 0.000000000000000000, 0.000000000000000000, 1.000000000000000000 ) ) ;
#2816 = ORIENTED_EDGE ( 'NONE', *, *, #4110, .F. ) ;
#2817 = ORIENTED_EDGE ( 'NONE', *, *, #3405, .T. ) ;
#2818 = VECTOR ( 'NONE', #5261, 1000.000000000000000 ) ;
#2819 = ORIENTED_EDGE ( 'NONE', *, *, #5906, .F. ) ;
#2820 = CARTESIAN_POINT ( 'NONE',  ( 115.0000000000000284, 62.20000000000000995, 56.50000000000000711 ) ) ;
#2821 = EDGE_CURVE ( 'NONE', #4099, #3860, #45, .T. ) ;
#2822 = VECTOR ( 'NONE', #1247, 1000.000000000000000 ) ;
#2823 = AXIS2_PLACEMENT_3D ( 'NONE', #1672, #833, #772 ) ;
#2824 = CARTESIAN_POINT ( 'NONE',  ( -33.04555581361311312, 1.055385115594916323, 40.53257016040741689 ) ) ;
#2825 = DIRECTION ( 'NONE',  ( -0.000000000000000000, 1.000000000000000000, -0.000000000000000000 ) ) ;
#2826 = CARTESIAN_POINT ( 'NONE',  ( -133.6713263114704660, 72.20000000000001705, 82.00000000000000000 ) ) ;
#2827 = ADVANCED_FACE ( 'NONE', ( #3119 ), #3579, .T. ) ;
#2828 = CIRCLE ( 'NONE', #2633, 29.53939201416945437 ) ;
#2829 = FACE_OUTER_BOUND ( 'NONE', #2010, .T. ) ;
#2830 = CARTESIAN_POINT ( 'NONE',  ( 125.0000000000000000, 62.20000000000007390, 50.00000000000001421 ) ) ;
#2831 = CARTESIAN_POINT ( 'NONE',  ( -6.245004513516504751E-15, 65.20000000000000284, -63.00000000000000000 ) ) ;
#2832 = VECTOR ( 'NONE', #3874, 1000.000000000000000 ) ;
#2833 = CARTESIAN_POINT ( 'NONE',  ( -687.9162712043346346, -44.00000000000000711, 7.052646828998728523 ) ) ;
#2834 = VECTOR ( 'NONE', #5477, 1000.000000000000000 ) ;
#2835 = FACE_OUTER_BOUND ( 'NONE', #2754, .T. ) ;
#2836 = LINE ( 'NONE', #5072, #3008 ) ;
#2837 = CARTESIAN_POINT ( 'NONE',  ( 125.0000000000000284, 62.20000000000000995, -70.00000000000000000 ) ) ;
#2838 = AXIS2_PLACEMENT_3D ( 'NONE', #4147, #1472, #89 ) ;
#2839 = DIRECTION ( 'NONE',  ( 0.000000000000000000, 1.000000000000000000, 0.000000000000000000 ) ) ;
#2840 = EDGE_CURVE ( 'NONE', #1325, #2479, #3064, .T. ) ;
#2841 = EDGE_CURVE ( 'NONE', #1957, #1774, #5513, .T. ) ;
#2842 = CARTESIAN_POINT ( 'NONE',  ( -119.8980561989715596, 62.20000000000000995, 56.50000000000003553 ) ) ;
#2843 = ORIENTED_EDGE ( 'NONE', *, *, #4633, .F. ) ;
#2844 = CARTESIAN_POINT ( 'NONE',  ( -10.95999999999999197, 12.00000000000000000, 0.000000000000000000 ) ) ;
#2845 = FACE_OUTER_BOUND ( 'NONE', #3242, .T. ) ;
#2846 = ORIENTED_EDGE ( 'NONE', *, *, #5247, .T. ) ;
#2847 = CARTESIAN_POINT ( 'NONE',  ( -26.53887433201141022, 1.618401288673319671, 41.77796772412925463 ) ) ;
#2848 = CARTESIAN_POINT ( 'NONE',  ( -125.0000000000000000, 72.20000000000001705, 70.59000000000006025 ) ) ;
#2849 = ORIENTED_EDGE ( 'NONE', *, *, #4218, .F. ) ;
#2850 = DIRECTION ( 'NONE',  ( 0.000000000000000000, 0.000000000000000000, 1.000000000000000000 ) ) ;
#2851 = CARTESIAN_POINT ( 'NONE',  ( -132.6913564305015143, 71.94136584833219672, 84.27013762643359485 ) ) ;
#2852 = ORIENTED_EDGE ( 'NONE', *, *, #4325, .F. ) ;
#2853 = DIRECTION ( 'NONE',  ( 0.000000000000000000, 0.000000000000000000, 1.000000000000000000 ) ) ;
#2854 = DIRECTION ( 'NONE',  ( 0.000000000000000000, 0.000000000000000000, -1.000000000000000000 ) ) ;
#2855 = DIRECTION ( 'NONE',  ( 1.000000000000000000, 0.000000000000000000, -0.000000000000000000 ) ) ;
#2856 = AXIS2_PLACEMENT_3D ( 'NONE', #732, #4339, #2511 ) ;
#2857 = EDGE_CURVE ( 'NONE', #67, #3564, #4963, .T. ) ;
#2858 = AXIS2_PLACEMENT_3D ( 'NONE', #4825, #5289, #5764 ) ;
#2859 = CARTESIAN_POINT ( 'NONE',  ( -662.9162712043346346, -53.00000000000000711, 82.10264682899880029 ) ) ;
#2860 = EDGE_CURVE ( 'NONE', #5070, #5515, #4588, .T. ) ;
#2861 = VECTOR ( 'NONE', #1549, 1000.000000000000000 ) ;
#2862 = CARTESIAN_POINT ( 'NONE',  ( 0.000000000000000000, 0.000000000000000000, 0.000000000000000000 ) ) ;
#2863 = DIRECTION ( 'NONE',  ( 0.000000000000000000, -1.000000000000000000, 0.000000000000000000 ) ) ;
#2864 = ADVANCED_FACE ( 'NONE', ( #3987 ), #4016, .F. ) ;
#2865 = PERSON_AND_ORGANIZATION ( #3763, #1772 ) ;
#2866 = CIRCLE ( 'NONE', #13, 5.049999999999960743 ) ;
#2867 = FACE_OUTER_BOUND ( 'NONE', #1398, .T. ) ;
#2868 = CARTESIAN_POINT ( 'NONE',  ( 115.0000000000000284, 65.20000000000000284, 61.67499999999999716 ) ) ;
#2869 = ORIENTED_EDGE ( 'NONE', *, *, #2499, .F. ) ;
#2870 = CIRCLE ( 'NONE', #4166, 5.170000000000007923 ) ;
#2871 = CARTESIAN_POINT ( 'NONE',  ( -427.9162712043346346, -41.00000000000000000, 17.15264682899875481 ) ) ;
#2872 = DIRECTION ( 'NONE',  ( 0.000000000000000000, 0.000000000000000000, -1.000000000000000000 ) ) ;
#2873 = DIRECTION ( 'NONE',  ( 0.000000000000000000, 0.000000000000000000, 1.000000000000000000 ) ) ;
#2874 = DIRECTION ( 'NONE',  ( 0.000000000000000000, 0.000000000000000000, 1.000000000000000000 ) ) ;
#2875 = ADVANCED_FACE ( 'NONE', ( #5847 ), #2676, .F. ) ;
#2876 = AXIS2_PLACEMENT_3D ( 'NONE', #1618, #3313, #1048 ) ;
#2877 = VERTEX_POINT ( 'NONE', #2267 ) ;
#2878 = LINE ( 'NONE', #1107, #5546 ) ;
#2879 = ORIENTED_EDGE ( 'NONE', *, *, #4110, .T. ) ;
#2880 = CARTESIAN_POINT ( 'NONE',  ( 30.00000000000000000, -41.00000000000000000, -19.50000000000000355 ) ) ;
#2881 = CIRCLE ( 'NONE', #401, 15.00000000000000000 ) ;
#2882 = CARTESIAN_POINT ( 'NONE',  ( 114.9999999999999858, 72.20000000000001705, 62.99999999999998579 ) ) ;
#2883 = CARTESIAN_POINT ( 'NONE',  ( 0.000000000000000000, 12.00000000000000000, -22.87999999999999901 ) ) ;
#2884 = CARTESIAN_POINT ( 'NONE',  ( -27.65792282279827674, -10.00000000000000178, 18.18247437752714646 ) ) ;
#2885 = CARTESIAN_POINT ( 'NONE',  ( -154.9999999999999716, -4.051678598241850615, 50.25125156083914391 ) ) ;
#2886 = DIRECTION ( 'NONE',  ( -0.000000000000000000, -0.000000000000000000, 1.000000000000000000 ) ) ;
#2887 = EDGE_CURVE ( 'NONE', #5453, #4341, #3691, .T. ) ;
#2888 = CARTESIAN_POINT ( 'NONE',  ( -119.8980561989715596, 62.20000000000000995, 56.50000000000003553 ) ) ;
#2889 = LINE ( 'NONE', #3306, #4713 ) ;
#2890 = DIRECTION ( 'NONE',  ( -0.000000000000000000, -1.000000000000000000, -0.000000000000000000 ) ) ;
#2891 = CYLINDRICAL_SURFACE ( 'NONE', #3778, 18.55000000000001492 ) ;
#2892 = EDGE_CURVE ( 'NONE', #1957, #4946, #2870, .T. ) ;
#2893 = DIRECTION ( 'NONE',  ( 0.000000000000000000, 1.000000000000000000, 0.000000000000000000 ) ) ;
#2894 = DIRECTION ( 'NONE',  ( -1.000000000000000000, 0.000000000000000000, 9.912705577010325549E-17 ) ) ;
#2895 = ORIENTED_EDGE ( 'NONE', *, *, #5417, .F. ) ;
#2896 = CARTESIAN_POINT ( 'NONE',  ( -69.50000000000001421, 34.82500000000000284, -49.99999999999998579 ) ) ;
#2897 = DIRECTION ( 'NONE',  ( 1.000000000000000000, -0.000000000000000000, -0.000000000000000000 ) ) ;
#2898 = ADVANCED_FACE ( 'NONE', ( #3798 ), #1876, .F. ) ;
#2899 = CARTESIAN_POINT ( 'NONE',  ( 115.0000000000000142, -41.00000000000000000, 70.00000000000000000 ) ) ;
#2900 = DIRECTION ( 'NONE',  ( 0.000000000000000000, -0.000000000000000000, 1.000000000000000000 ) ) ;
#2901 = ORIENTED_EDGE ( 'NONE', *, *, #1642, .F. ) ;
#2902 = DIRECTION ( 'NONE',  ( -0.000000000000000000, 0.000000000000000000, 1.000000000000000000 ) ) ;
#2903 = ORIENTED_EDGE ( 'NONE', *, *, #2335, .T. ) ;
#2904 = ORIENTED_EDGE ( 'NONE', *, *, #359, .T. ) ;
#2905 = EDGE_CURVE ( 'NONE', #5077, #316, #2482, .T. ) ;
#2906 = CARTESIAN_POINT ( 'NONE',  ( -145.0000000000000000, -38.00000000000000000, 70.00000000000000000 ) ) ;
#2907 = PLANE ( 'NONE',  #5886 ) ;
#2908 = VECTOR ( 'NONE', #2301, 1000.000000000000000 ) ;
#2909 = DIRECTION ( 'NONE',  ( -1.000000000000000000, 0.000000000000000000, 0.000000000000000000 ) ) ;
#2910 = ORIENTED_EDGE ( 'NONE', *, *, #869, .F. ) ;
#2911 = VECTOR ( 'NONE', #271, 1000.000000000000000 ) ;
#2912 = ADVANCED_FACE ( 'NONE', ( #5201 ), #3793, .T. ) ;
#2913 = DIRECTION ( 'NONE',  ( -1.000000000000000000, 0.000000000000000000, 9.912705577010325549E-17 ) ) ;
#2914 = FACE_OUTER_BOUND ( 'NONE', #4459, .T. ) ;
#2915 = CARTESIAN_POINT ( 'NONE',  ( -125.0000000000000000, 72.20000000000001705, 79.59000000000004604 ) ) ;
#2916 = DIRECTION ( 'NONE',  ( 0.000000000000000000, 0.000000000000000000, 1.000000000000000000 ) ) ;
#2917 = CIRCLE ( 'NONE', #934, 2.400000000000003020 ) ;
#2918 = CARTESIAN_POINT ( 'NONE',  ( -79.25479814987090776, 12.00000000000000000, -16.63376097510608176 ) ) ;
#2919 = DIRECTION ( 'NONE',  ( 0.000000000000000000, 0.000000000000000000, -1.000000000000000000 ) ) ;
#2920 = LINE ( 'NONE', #2464, #1597 ) ;
#2921 = AXIS2_PLACEMENT_3D ( 'NONE', #129, #2320, #2815 ) ;
#2922 = DIRECTION ( 'NONE',  ( 0.000000000000000000, 0.000000000000000000, -1.000000000000000000 ) ) ;
#2923 = EDGE_CURVE ( 'NONE', #2123, #5521, #576, .T. ) ;
#2924 = CYLINDRICAL_SURFACE ( 'NONE', #2685, 2.400000000000003020 ) ;
#2925 = ORIENTED_EDGE ( 'NONE', *, *, #4934, .F. ) ;
#2926 = CARTESIAN_POINT ( 'NONE',  ( -130.5000000000000000, 4.699999999999999289, 25.50000000000000355 ) ) ;
#2927 = EDGE_CURVE ( 'NONE', #1346, #4665, #1053, .T. ) ;
#2928 = DIRECTION ( 'NONE',  ( 0.000000000000000000, 0.000000000000000000, 1.000000000000000000 ) ) ;
#2929 = DIRECTION ( 'NONE',  ( 0.000000000000000000, 0.000000000000000000, -1.000000000000000000 ) ) ;
#2930 = EDGE_LOOP ( 'NONE', ( #3590, #3804 ) ) ;
#2931 = DIRECTION ( 'NONE',  ( 0.000000000000000000, -1.000000000000000000, 0.000000000000000000 ) ) ;
#2932 = DIRECTION ( 'NONE',  ( -0.000000000000000000, 1.000000000000000000, -0.000000000000000000 ) ) ;
#2933 = DIRECTION ( 'NONE',  ( -0.000000000000000000, -1.000000000000000000, -0.000000000000000000 ) ) ;
#2934 = CARTESIAN_POINT ( 'NONE',  ( -116.3286736885295340, 72.20000000000001705, 82.00000000000000000 ) ) ;
#2935 = VERTEX_POINT ( 'NONE', #2848 ) ;
#2936 = ORIENTED_EDGE ( 'NONE', *, *, #3156, .F. ) ;
#2937 = CARTESIAN_POINT ( 'NONE',  ( -130.5000000000000000, 24.69999999999999929, 27.90000000000000568 ) ) ;
#2938 = ORIENTED_EDGE ( 'NONE', *, *, #1187, .T. ) ;
#2939 = FACE_OUTER_BOUND ( 'NONE', #4156, .T. ) ;
#2940 = DIRECTION ( 'NONE',  ( -0.000000000000000000, 1.000000000000000000, -0.000000000000000000 ) ) ;
#2941 = VECTOR ( 'NONE', #336, 1000.000000000000000 ) ;
#2942 = EDGE_CURVE ( 'NONE', #1266, #4527, #4261, .T. ) ;
#2943 = VERTEX_POINT ( 'NONE', #5113 ) ;
#2944 = DIRECTION ( 'NONE',  ( 0.000000000000000000, 0.000000000000000000, -1.000000000000000000 ) ) ;
#2945 = CARTESIAN_POINT ( 'NONE',  ( -687.9162712043346346, -44.00000000000000711, 122.1026468289988145 ) ) ;
#2946 = CIRCLE ( 'NONE', #3692, 5.169999999999987494 ) ;
#2947 = CARTESIAN_POINT ( 'NONE',  ( -145.0000000000000000, 62.20000000000000995, -56.49999999999997868 ) ) ;
#2948 = DIRECTION ( 'NONE',  ( -1.000000000000000000, 0.000000000000000000, 0.000000000000000000 ) ) ;
#2949 = CARTESIAN_POINT ( 'NONE',  ( -130.5000000000000000, 28.69999999999999929, 25.50000000000000355 ) ) ;
#2950 = VECTOR ( 'NONE', #2210, 1000.000000000000000 ) ;
#2951 = CARTESIAN_POINT ( 'NONE',  ( -155.0000000000000000, 15.00000000000000000, -35.00000000000000000 ) ) ;
#2952 = DIRECTION ( 'NONE',  ( -0.000000000000000000, 1.000000000000000000, -0.000000000000000000 ) ) ;
#2953 = ORIENTED_EDGE ( 'NONE', *, *, #4243, .F. ) ;
#2954 = CARTESIAN_POINT ( 'NONE',  ( 125.0000000000000284, 62.20000000000000995, -80.00000000000000000 ) ) ;
#2955 = VECTOR ( 'NONE', #3668, 1000.000000000000000 ) ;
#2956 = FACE_OUTER_BOUND ( 'NONE', #5657, .T. ) ;
#2957 = EDGE_LOOP ( 'NONE', ( #5566, #287, #3925, #5836 ) ) ;
#2958 = VERTEX_POINT ( 'NONE', #2414 ) ;
#2959 = CARTESIAN_POINT ( 'NONE',  ( -154.9999999999999432, 1.788678000809937663, 57.39995316183890139 ) ) ;
#2960 = FACE_OUTER_BOUND ( 'NONE', #5210, .T. ) ;
#2961 = VECTOR ( 'NONE', #178, 1000.000000000000000 ) ;
#2962 = ORIENTED_EDGE ( 'NONE', *, *, #4000, .T. ) ;
#2963 = LINE ( 'NONE', #2416, #3408 ) ;
#2964 = CARTESIAN_POINT ( 'NONE',  ( -130.5000000000000000, 28.69999999999999929, 25.50000000000000355 ) ) ;
#2965 = ORIENTED_EDGE ( 'NONE', *, *, #3023, .F. ) ;
#2966 = AXIS2_PLACEMENT_3D ( 'NONE', #4165, #2855, #4107 ) ;
#2967 = DIRECTION ( 'NONE',  ( 1.000000000000000000, -0.000000000000000000, -0.000000000000000000 ) ) ;
#2968 = EDGE_LOOP ( 'NONE', ( #3606, #2150 ) ) ;
#2969 = EDGE_CURVE ( 'NONE', #5787, #4476, #2878, .T. ) ;
#2970 = ORIENTED_EDGE ( 'NONE', *, *, #1902, .F. ) ;
#2971 = CARTESIAN_POINT ( 'NONE',  ( -687.9162712043346346, -44.00000000000000711, 127.1526468289988827 ) ) ;
#2972 = ORIENTED_EDGE ( 'NONE', *, *, #1083, .T. ) ;
#2973 = LINE ( 'NONE', #5755, #2997 ) ;
#2974 = EDGE_CURVE ( 'NONE', #730, #5849, #5174, .T. ) ;
#2975 = ORIENTED_EDGE ( 'NONE', *, *, #1084, .F. ) ;
#2976 = LINE ( 'NONE', #5249, #3148 ) ;
#2977 = ADVANCED_FACE ( 'NONE', ( #4680 ), #608, .F. ) ;
#2978 = LINE ( 'NONE', #3332, #4308 ) ;
#2979 = CARTESIAN_POINT ( 'NONE',  ( -120.0000000000000000, -41.00000000000000000, -19.50000000000000000 ) ) ;
#2980 = DIRECTION ( 'NONE',  ( -0.000000000000000000, 1.000000000000000000, -0.000000000000000000 ) ) ;
#2981 = ORIENTED_EDGE ( 'NONE', *, *, #3674, .T. ) ;
#2982 = DIRECTION ( 'NONE',  ( 0.000000000000000000, 0.000000000000000000, 1.000000000000000000 ) ) ;
#2983 = CARTESIAN_POINT ( 'NONE',  ( -125.0000000000000000, 47.20000000000000995, 79.59000000000004604 ) ) ;
#2984 = LINE ( 'NONE', #3011, #3580 ) ;
#2985 = CARTESIAN_POINT ( 'NONE',  ( -150.0000000000000000, -8.673617379884035472E-16, 42.58342613226059115 ) ) ;
#2986 = LINE ( 'NONE', #275, #1415 ) ;
#2987 = ORIENTED_EDGE ( 'NONE', *, *, #5536, .F. ) ;
#2988 = CARTESIAN_POINT ( 'NONE',  ( -130.5000000000000000, 28.69999999999999929, 25.50000000000000355 ) ) ;
#2989 = DIRECTION ( 'NONE',  ( 0.000000000000000000, 0.000000000000000000, 1.000000000000000000 ) ) ;
#2990 = ORIENTED_EDGE ( 'NONE', *, *, #721, .T. ) ;
#2991 = VERTEX_POINT ( 'NONE', #1950 ) ;
#2992 = VERTEX_POINT ( 'NONE', #4738 ) ;
#2993 = DIRECTION ( 'NONE',  ( 0.000000000000000000, 1.000000000000000000, 0.000000000000000000 ) ) ;
#2994 = VERTEX_POINT ( 'NONE', #4619 ) ;
#2995 = CARTESIAN_POINT ( 'NONE',  ( 115.0000000000000142, -38.00000000000000000, -40.00000000000000711 ) ) ;
#2996 = ADVANCED_FACE ( 'NONE', ( #5621 ), #1901, .F. ) ;
#2997 = VECTOR ( 'NONE', #707, 1000.000000000000000 ) ;
#2998 = ORIENTED_EDGE ( 'NONE', *, *, #3676, .T. ) ;
#2999 = DIRECTION ( 'NONE',  ( -0.000000000000000000, 1.000000000000000000, -0.000000000000000000 ) ) ;
#3000 = DIRECTION ( 'NONE',  ( -1.000000000000000000, 0.000000000000000000, 0.000000000000000000 ) ) ;
#3001 = DIRECTION ( 'NONE',  ( 0.000000000000000000, 1.000000000000000000, 0.000000000000000000 ) ) ;
#3002 = AXIS2_PLACEMENT_3D ( 'NONE', #5078, #995, #3712 ) ;
#3003 = AXIS2_PLACEMENT_3D ( 'NONE', #2159, #5823, #3557 ) ;
#3004 = DIRECTION ( 'NONE',  ( 0.000000000000000000, -1.000000000000000000, 0.000000000000000000 ) ) ;
#3005 = PERSON_AND_ORGANIZATION_ROLE ( 'classification_officer' ) ;
#3006 = CARTESIAN_POINT ( 'NONE',  ( -79.25479814987090776, 12.00000000000000000, -18.13376097510607821 ) ) ;
#3007 = CARTESIAN_POINT ( 'NONE',  ( -145.0000000000000000, -41.00001200000000523, -40.00000000000000711 ) ) ;
#3008 = VECTOR ( 'NONE', #1809, 1000.000000000000000 ) ;
#3009 = EDGE_LOOP ( 'NONE', ( #1121, #463, #195, #5019 ) ) ;
#3010 = CARTESIAN_POINT ( 'NONE',  ( -155.0000000000000000, -29.00000000000000355, 67.00000000000000000 ) ) ;
#3011 = CARTESIAN_POINT ( 'NONE',  ( 45.75706587302855155, 65.20000000000000284, 0.000000000000000000 ) ) ;
#3012 = CIRCLE ( 'NONE', #158, 18.55000000000001847 ) ;
#3013 = ADVANCED_FACE ( 'NONE', ( #4132 ), #1979, .T. ) ;
#3014 = ORIENTED_EDGE ( 'NONE', *, *, #3847, .T. ) ;
#3015 = ADVANCED_FACE ( 'NONE', ( #1028 ), #74, .F. ) ;
#3016 = CARTESIAN_POINT ( 'NONE',  ( -151.6076968480037408, 1.673239293123008009, 52.74472996694918692 ) ) ;
#3017 = FACE_OUTER_BOUND ( 'NONE', #4025, .T. ) ;
#3018 = ORIENTED_EDGE ( 'NONE', *, *, #842, .F. ) ;
#3019 = AXIS2_PLACEMENT_3D ( 'NONE', #3764, #1506, #3796 ) ;
#3020 = DIRECTION ( 'NONE',  ( 0.000000000000000000, 0.000000000000000000, -1.000000000000000000 ) ) ;
#3021 = CARTESIAN_POINT ( 'NONE',  ( -87.40330962870898190, 12.00000000000000000, 22.87999999999999901 ) ) ;
#3022 = EDGE_LOOP ( 'NONE', ( #1606, #176, #5709, #2734 ) ) ;
#3023 = EDGE_CURVE ( 'NONE', #5743, #3684, #4783, .T. ) ;
#3024 = VERTEX_POINT ( 'NONE', #695 ) ;
#3025 = AXIS2_PLACEMENT_3D ( 'NONE', #4606, #451, #4061 ) ;
#3026 = VERTEX_POINT ( 'NONE', #4366 ) ;
#3027 = ORIENTED_EDGE ( 'NONE', *, *, #1118, .F. ) ;
#3028 =( BOUNDED_SURFACE ( )  B_SPLINE_SURFACE ( 3, 2, ( 
 ( #2684, #3094, #4055 ),
 ( #837, #1767, #2652 ),
 ( #2211, #5426, #1321 ),
 ( #4974, #901, #2711 ),
 ( #4499, #442, #2244 ),
 ( #2304, #2830, #4534 ) ),
 .UNSPECIFIED., .F., .F., .F. ) 
 B_SPLINE_SURFACE_WITH_KNOTS ( ( 4, 2, 4 ),
 ( 3, 3 ),
 ( 5.976664497240097518, 6.129924902209841875, 6.283185307179586232 ),
 ( 0.000000000000000000, 1.000000000000000000 ),
 .UNSPECIFIED. ) 
 GEOMETRIC_REPRESENTATION_ITEM ( )  RATIONAL_B_SPLINE_SURFACE ( (
 ( 1.000000000000000000, 0.7385963403623301282, 1.000000000000000000),
 ( 1.000000000000000000, 0.7286386140991510940, 1.000000000000000000),
 ( 1.000000000000000000, 0.7206866794833728385, 1.000000000000000000),
 ( 1.000000000000000000, 0.7099113909613758988, 1.000000000000000000),
 ( 1.000000000000000000, 0.7070933041253174567, 1.000000000000000000),
 ( 1.000000000000000000, 0.7071067811865480168, 1.000000000000000000) ) ) 
 REPRESENTATION_ITEM ( '' )  SURFACE ( )  );
#3029 = ORIENTED_EDGE ( 'NONE', *, *, #5213, .T. ) ;
#3030 = LINE ( 'NONE', #1610, #3436 ) ;
#3031 = FACE_OUTER_BOUND ( 'NONE', #3303, .T. ) ;
#3032 = ORIENTED_EDGE ( 'NONE', *, *, #704, .F. ) ;
#3033 = CARTESIAN_POINT ( 'NONE',  ( 30.00000000000000000, -10.00000000000000178, 30.00000000000000355 ) ) ;
#3034 = EDGE_LOOP ( 'NONE', ( #4601, #3027 ) ) ;
#3035 = LINE ( 'NONE', #811, #5493 ) ;
#3036 = CC_DESIGN_DATE_AND_TIME_ASSIGNMENT ( #4388, #5287, ( #4227 ) ) ;
#3037 = CARTESIAN_POINT ( 'NONE',  ( -152.0370116691915712, 15.00000000000000000, 67.00000000000000000 ) ) ;
#3038 = CARTESIAN_POINT ( 'NONE',  ( -150.0000000000000000, 0.000000000000000000, -50.00000000000000000 ) ) ;
#3039 = DATE_AND_TIME ( #2624, #5605 ) ;
#3040 = ADVANCED_FACE ( 'NONE', ( #3887 ), #1795, .T. ) ;
#3041 = LINE ( 'NONE', #1098, #3873 ) ;
#3042 = CIRCLE ( 'NONE', #3511, 9.999999999999994671 ) ;
#3043 = EDGE_LOOP ( 'NONE', ( #1666, #5561 ) ) ;
#3044 = CARTESIAN_POINT ( 'NONE',  ( -662.9162712043346346, -53.00000000000000711, 32.60264682899880029 ) ) ;
#3045 = FACE_OUTER_BOUND ( 'NONE', #5524, .T. ) ;
#3046 = CARTESIAN_POINT ( 'NONE',  ( -138.2515150233693362, 72.12256515640669363, 63.00000000000000000 ) ) ;
#3047 = AXIS2_PLACEMENT_3D ( 'NONE', #5798, #5465, #3591 ) ;
#3048 = VERTEX_POINT ( 'NONE', #5807 ) ;
#3049 = ORIENTED_EDGE ( 'NONE', *, *, #2905, .F. ) ;
#3050 = CARTESIAN_POINT ( 'NONE',  ( -152.7617732611247163, 4.097130939834031871, 59.22552255867563531 ) ) ;
#3051 = LINE ( 'NONE', #2637, #4661 ) ;
#3052 = EDGE_LOOP ( 'NONE', ( #4523, #4711, #3061 ) ) ;
#3053 = AXIS2_PLACEMENT_3D ( 'NONE', #3353, #3441, #2944 ) ;
#3054 = CARTESIAN_POINT ( 'NONE',  ( 115.0000000000000284, 65.20000000000000284, 51.32500000000001705 ) ) ;
#3055 = ADVANCED_FACE ( 'NONE', ( #5681, #4269, #1568, #4296, #3395, #4798, #4770, #5265 ), #1165, .T. ) ;
#3056 = CARTESIAN_POINT ( 'NONE',  ( 103.0475377971753517, 72.06934687431522946, 83.62720468660910456 ) ) ;
#3057 = EDGE_LOOP ( 'NONE', ( #745, #440 ) ) ;
#3058 = ORIENTED_EDGE ( 'NONE', *, *, #5185, .F. ) ;
#3059 = CIRCLE ( 'NONE', #2478, 2.400000000000000799 ) ;
#3060 = ORIENTED_EDGE ( 'NONE', *, *, #708, .F. ) ;
#3061 = ORIENTED_EDGE ( 'NONE', *, *, #4000, .F. ) ;
#3062 = ORIENTED_EDGE ( 'NONE', *, *, #3775, .T. ) ;
#3063 = CARTESIAN_POINT ( 'NONE',  ( -136.2084987677016557, 3.325305191573001196, 46.24021930240853351 ) ) ;
#3064 = CIRCLE ( 'NONE', #5449, 5.174999999999991829 ) ;
#3065 = CARTESIAN_POINT ( 'NONE',  ( 0.000000000000000000, 72.20000000000001705, 82.00000000000000000 ) ) ;
#3066 = VECTOR ( 'NONE', #5318, 1000.000000000000000 ) ;
#3067 = EDGE_LOOP ( 'NONE', ( #4668, #432, #2703, #3131 ) ) ;
#3068 = LINE ( 'NONE', #1353, #3520 ) ;
#3069 = DIRECTION ( 'NONE',  ( 0.000000000000000000, -1.000000000000000000, 0.000000000000000000 ) ) ;
#3070 = DIRECTION ( 'NONE',  ( 0.000000000000000000, 0.000000000000000000, -1.000000000000000000 ) ) ;
#3071 = DIRECTION ( 'NONE',  ( 0.000000000000000000, -0.000000000000000000, -1.000000000000000000 ) ) ;
#3072 = DIRECTION ( 'NONE',  ( 1.000000000000000000, 0.000000000000000000, 0.000000000000000000 ) ) ;
#3073 = DIRECTION ( 'NONE',  ( -0.000000000000000000, 1.000000000000000000, 0.000000000000000000 ) ) ;
#3074 = EDGE_CURVE ( 'NONE', #3802, #1078, #1478, .T. ) ;
#3075 = ORIENTED_EDGE ( 'NONE', *, *, #927, .F. ) ;
#3076 = DIRECTION ( 'NONE',  ( 1.239088197126290848E-17, -1.000000000000000000, 0.000000000000000000 ) ) ;
#3077 = CARTESIAN_POINT ( 'NONE',  ( -125.0000000000000000, 72.20001200000000097, 70.59000000000006025 ) ) ;
#3078 = EDGE_CURVE ( 'NONE', #3711, #3221, #169, .T. ) ;
#3079 = ORIENTED_EDGE ( 'NONE', *, *, #2769, .T. ) ;
#3080 = VERTEX_POINT ( 'NONE', #2871 ) ;
#3081 = CARTESIAN_POINT ( 'NONE',  ( -151.2561825972194072, 1.101108849913689181, 50.69050544962259153 ) ) ;
#3082 = LINE ( 'NONE', #3856, #1055 ) ;
#3083 = CYLINDRICAL_SURFACE ( 'NONE', #375, 5.169999999999993712 ) ;
#3084 = CARTESIAN_POINT ( 'NONE',  ( 102.9319772464073566, 72.02989266463268336, 83.84969034173875002 ) ) ;
#3085 = VERTEX_POINT ( 'NONE', #2522 ) ;
#3086 = VERTEX_POINT ( 'NONE', #3037 ) ;
#3087 = DIRECTION ( 'NONE',  ( -0.000000000000000000, 0.000000000000000000, 1.000000000000000000 ) ) ;
#3088 = ORIENTED_EDGE ( 'NONE', *, *, #52, .T. ) ;
#3089 = ADVANCED_FACE ( 'NONE', ( #4199 ), #3341, .T. ) ;
#3090 = CARTESIAN_POINT ( 'NONE',  ( -120.0000000000000000, -10.00000000000000178, 30.00000000000000355 ) ) ;
#3091 = ADVANCED_FACE ( 'NONE', ( #1646 ), #4850, .T. ) ;
#3092 = VERTEX_POINT ( 'NONE', #2556 ) ;
#3093 = DIRECTION ( 'NONE',  ( 0.000000000000000000, 1.000000000000000000, 0.000000000000000000 ) ) ;
#3094 = CARTESIAN_POINT ( 'NONE',  ( 124.1360853500498251, 66.47434387146601864, 50.86391464995016065 ) ) ;
#3095 = CARTESIAN_POINT ( 'NONE',  ( -39.47544844527113383, -10.00000000000000178, 30.00000000000000711 ) ) ;
#3096 = CARTESIAN_POINT ( 'NONE',  ( -325.7799143269008937, -4.000000000000000000, -285.2036113549480092 ) ) ;
#3097 = ORIENTED_EDGE ( 'NONE', *, *, #669, .T. ) ;
#3098 = CIRCLE ( 'NONE', #822, 5.050000000000068212 ) ;
#3099 = LINE ( 'NONE', #4447, #5529 ) ;
#3100 = EDGE_LOOP ( 'NONE', ( #773, #2049, #1760, #2306 ) ) ;
#3101 = VECTOR ( 'NONE', #5738, 1000.000000000000000 ) ;
#3102 = CIRCLE ( 'NONE', #228, 1.499999999999997335 ) ;
#3103 = DIRECTION ( 'NONE',  ( 0.000000000000000000, 0.000000000000000000, -1.000000000000000000 ) ) ;
#3104 = ORIENTED_EDGE ( 'NONE', *, *, #939, .T. ) ;
#3105 = CARTESIAN_POINT ( 'NONE',  ( -146.3965346696594736, 69.01161521470270088, 63.00000000000004263 ) ) ;
#3106 = AXIS2_PLACEMENT_3D ( 'NONE', #5555, #4984, #2720 ) ;
#3107 = EDGE_CURVE ( 'NONE', #5471, #4310, #4350, .T. ) ;
#3108 = ORIENTED_EDGE ( 'NONE', *, *, #5509, .F. ) ;
#3109 = DIRECTION ( 'NONE',  ( 0.000000000000000000, 0.000000000000000000, 1.000000000000000000 ) ) ;
#3110 = DIRECTION ( 'NONE',  ( -0.000000000000000000, -0.000000000000000000, 1.000000000000000000 ) ) ;
#3111 = ORIENTED_EDGE ( 'NONE', *, *, #1435, .F. ) ;
#3112 = ADVANCED_FACE ( 'NONE', ( #1921 ), #4675, .F. ) ;
#3113 = VECTOR ( 'NONE', #4351, 1000.000000000000000 ) ;
#3114 = FACE_OUTER_BOUND ( 'NONE', #3331, .T. ) ;
#3115 = EDGE_CURVE ( 'NONE', #2994, #5440, #4375, .T. ) ;
#3116 = FACE_OUTER_BOUND ( 'NONE', #2760, .T. ) ;
#3117 = VERTEX_POINT ( 'NONE', #3733 ) ;
#3118 = ORIENTED_EDGE ( 'NONE', *, *, #2027, .T. ) ;
#3119 = FACE_OUTER_BOUND ( 'NONE', #1697, .T. ) ;
#3120 = CIRCLE ( 'NONE', #1571, 8.999999999999994671 ) ;
#3121 = CARTESIAN_POINT ( 'NONE',  ( -152.9259840980312504, 10.11784577972356303, 67.00000000000000000 ) ) ;
#3122 = VECTOR ( 'NONE', #5043, 1000.000000000000000 ) ;
#3123 = DIRECTION ( 'NONE',  ( 1.000000000000000000, -0.000000000000000000, -0.000000000000000000 ) ) ;
#3124 = LINE ( 'NONE', #5399, #1802 ) ;
#3125 = PLANE ( 'NONE',  #3289 ) ;
#3126 = CARTESIAN_POINT ( 'NONE',  ( 45.75706587302855155, 72.20000000000001705, -75.85786437626904899 ) ) ;
#3127 = CARTESIAN_POINT ( 'NONE',  ( -101.3034108745596455, 47.36499999999998067, -49.99999999999998579 ) ) ;
#3128 = VERTEX_POINT ( 'NONE', #5138 ) ;
#3129 = ADVANCED_FACE ( 'NONE', ( #5729 ), #2059, .F. ) ;
#3130 = PLANE ( 'NONE',  #3326 ) ;
#3131 = ORIENTED_EDGE ( 'NONE', *, *, #1003, .T. ) ;
#3132 = ORIENTED_EDGE ( 'NONE', *, *, #3198, .F. ) ;
#3133 = DIRECTION ( 'NONE',  ( 0.000000000000000000, 1.000000000000000000, 0.000000000000000000 ) ) ;
#3134 = DIRECTION ( 'NONE',  ( 0.000000000000000000, 1.000000000000000000, 0.000000000000000000 ) ) ;
#3135 = VECTOR ( 'NONE', #1373, 1000.000000000000000 ) ;
#3136 = ORIENTED_EDGE ( 'NONE', *, *, #4970, .F. ) ;
#3137 = DIRECTION ( 'NONE',  ( 0.000000000000000000, 0.000000000000000000, 1.000000000000000000 ) ) ;
#3138 = DIRECTION ( 'NONE',  ( 0.000000000000000000, 0.000000000000000000, -1.000000000000000000 ) ) ;
#3139 = EDGE_LOOP ( 'NONE', ( #2251, #987 ) ) ;
#3140 = CYLINDRICAL_SURFACE ( 'NONE', #5492, 3.249999999999988898 ) ;
#3141 = DIRECTION ( 'NONE',  ( -0.000000000000000000, -1.000000000000000000, -0.000000000000000000 ) ) ;
#3142 = EDGE_LOOP ( 'NONE', ( #2503, #5049 ) ) ;
#3143 = EDGE_LOOP ( 'NONE', ( #1872, #2799, #1384, #5293, #1407, #2065, #2631, #2370 ) ) ;
#3144 = AXIS2_PLACEMENT_3D ( 'NONE', #3006, #4821, #714 ) ;
#3145 = DIRECTION ( 'NONE',  ( 0.000000000000000000, 1.000000000000000000, -0.000000000000000000 ) ) ;
#3146 = DIRECTION ( 'NONE',  ( 0.000000000000000000, 1.000000000000000000, 0.000000000000000000 ) ) ;
#3147 = EDGE_LOOP ( 'NONE', ( #3944, #58 ) ) ;
#3148 = VECTOR ( 'NONE', #4311, 1000.000000000000000 ) ;
#3149 = CARTESIAN_POINT ( 'NONE',  ( -141.4209334106179767, 1.022700600391303505, 44.02348803909417541 ) ) ;
#3150 = AXIS2_PLACEMENT_3D ( 'NONE', #3629, #1841, #4922 ) ;
#3151 = EDGE_CURVE ( 'NONE', #1566, #2994, #3504, .T. ) ;
#3152 = DIRECTION ( 'NONE',  ( -0.000000000000000000, 1.000000000000000000, -0.000000000000000000 ) ) ;
#3153 = DIRECTION ( 'NONE',  ( 0.000000000000000000, 1.000000000000000000, 0.000000000000000000 ) ) ;
#3154 = AXIS2_PLACEMENT_3D ( 'NONE', #5540, #3365, #2325 ) ;
#3155 = CARTESIAN_POINT ( 'NONE',  ( -125.0000000000000000, -56.00000000000002132, 79.59000000000004604 ) ) ;
#3156 = EDGE_CURVE ( 'NONE', #2408, #5442, #2407, .T. ) ;
#3157 = CARTESIAN_POINT ( 'NONE',  ( -125.0000000000000000, 69.72142938542931745, 88.59000000000004604 ) ) ;
#3158 = EDGE_LOOP ( 'NONE', ( #2209, #1953, #3118, #4846 ) ) ;
#3159 = VECTOR ( 'NONE', #1708, 1000.000000000000000 ) ;
#3160 = LINE ( 'NONE', #4467, #5149 ) ;
#3161 = CARTESIAN_POINT ( 'NONE',  ( -77.59000000000001762, 34.82500000000000284, -61.35000000000000142 ) ) ;
#3162 = ADVANCED_FACE ( 'NONE', ( #262 ), #1944, .F. ) ;
#3163 = VERTEX_POINT ( 'NONE', #2896 ) ;
#3164 = VERTEX_POINT ( 'NONE', #3872 ) ;
#3165 = CIRCLE ( 'NONE', #591, 18.55000000000001137 ) ;
#3166 = CARTESIAN_POINT ( 'NONE',  ( -77.59000000000001762, 34.82500000000000284, 132.1026468289988145 ) ) ;
#3167 = EDGE_LOOP ( 'NONE', ( #2925, #1201, #5226, #1113 ) ) ;
#3168 = FACE_OUTER_BOUND ( 'NONE', #1161, .T. ) ;
#3169 = ORIENTED_EDGE ( 'NONE', *, *, #1259, .F. ) ;
#3170 = CARTESIAN_POINT ( 'NONE',  ( -79.25479814987090776, 0.000000000000000000, -18.13376097510607821 ) ) ;
#3171 = CARTESIAN_POINT ( 'NONE',  ( 125.0000000000000000, 62.20000000000000995, -80.00000000000000000 ) ) ;
#3172 = ORIENTED_EDGE ( 'NONE', *, *, #2300, .F. ) ;
#3173 = CARTESIAN_POINT ( 'NONE',  ( 45.75706587302855155, 62.20000000000000995, -70.00000000000000000 ) ) ;
#3174 = DIRECTION ( 'NONE',  ( -0.000000000000000000, 1.000000000000000000, -0.000000000000000000 ) ) ;
#3175 = ORIENTED_EDGE ( 'NONE', *, *, #4891, .F. ) ;
#3176 = EDGE_LOOP ( 'NONE', ( #5751, #3870, #1249, #1225 ) ) ;
#3177 = CARTESIAN_POINT ( 'NONE',  ( -125.0000000000000000, 72.20001200000000097, 79.59000000000004604 ) ) ;
#3178 = CARTESIAN_POINT ( 'NONE',  ( -697.9162712043346346, -41.00000000000000000, 132.1026468289988145 ) ) ;
#3179 = ORIENTED_EDGE ( 'NONE', *, *, #2456, .T. ) ;
#3180 = LINE ( 'NONE', #3963, #3609 ) ;
#3181 = FACE_OUTER_BOUND ( 'NONE', #641, .T. ) ;
#3182 = DIRECTION ( 'NONE',  ( -0.000000000000000000, 1.000000000000000000, -0.000000000000000000 ) ) ;
#3183 = EDGE_CURVE ( 'NONE', #4378, #5467, #4702, .T. ) ;
#3184 = CARTESIAN_POINT ( 'NONE',  ( 115.0000000000000000, 0.000000000000000000, 92.00000000000000000 ) ) ;
#3185 = EDGE_LOOP ( 'NONE', ( #2603, #5814, #5421, #3104 ) ) ;
#3186 = CARTESIAN_POINT ( 'NONE',  ( 6.365067550892544399E-15, 72.20000000000001705, 63.00000000000000000 ) ) ;
#3187 = FACE_OUTER_BOUND ( 'NONE', #1397, .T. ) ;
#3188 = ORIENTED_EDGE ( 'NONE', *, *, #5856, .T. ) ;
#3189 = CARTESIAN_POINT ( 'NONE',  ( -120.1184827294887612, 3.256171522584120126, 44.34217190476630321 ) ) ;
#3190 = VECTOR ( 'NONE', #4151, 1000.000000000000000 ) ;
#3191 = AXIS2_PLACEMENT_3D ( 'NONE', #1728, #315, #2117 ) ;
#3192 = DIRECTION ( 'NONE',  ( 0.000000000000000000, 0.000000000000000000, 1.000000000000000000 ) ) ;
#3193 = ORIENTED_EDGE ( 'NONE', *, *, #3423, .F. ) ;
#3194 = CARTESIAN_POINT ( 'NONE',  ( 45.75706587302855155, 72.20000000000001705, -80.00000000000000000 ) ) ;
#3195 = CARTESIAN_POINT ( 'NONE',  ( 120.0000000000000000, 0.000000000000000000, -35.00000000000000000 ) ) ;
#3196 = ORIENTED_EDGE ( 'NONE', *, *, #4890, .T. ) ;
#3197 = ADVANCED_FACE ( 'NONE', ( #295 ), #629, .T. ) ;
#3198 = EDGE_CURVE ( 'NONE', #4168, #4020, #351, .T. ) ;
#3199 = ORIENTED_EDGE ( 'NONE', *, *, #4685, .T. ) ;
#3200 = DIRECTION ( 'NONE',  ( -0.000000000000000000, 1.000000000000000000, -0.000000000000000000 ) ) ;
#3201 = DIRECTION ( 'NONE',  ( 0.000000000000000000, -1.000000000000000000, 0.000000000000000000 ) ) ;
#3202 = AXIS2_PLACEMENT_3D ( 'NONE', #2654, #3071, #4387 ) ;
#3203 = CARTESIAN_POINT ( 'NONE',  ( -30.44605306691528668, 1.475250739037971215, 41.48733822362415680 ) ) ;
#3204 = DIRECTION ( 'NONE',  ( 1.000000000000000000, 0.000000000000000000, 0.000000000000000000 ) ) ;
#3205 = AXIS2_PLACEMENT_3D ( 'NONE', #1564, #3452, #2929 ) ;
#3206 = EDGE_LOOP ( 'NONE', ( #3108, #1339, #1086, #98, #3714 ) ) ;
#3207 = FACE_OUTER_BOUND ( 'NONE', #5593, .T. ) ;
#3208 = DIRECTION ( 'NONE',  ( 1.000000000000000000, 0.000000000000000000, 0.000000000000000000 ) ) ;
#3209 = CARTESIAN_POINT ( 'NONE',  ( 91.85543357022821453, 70.18084554185655577, 88.02627334237806167 ) ) ;
#3210 = APPROVAL_PERSON_ORGANIZATION ( #2191, #3385, #3561 ) ;
#3211 = CARTESIAN_POINT ( 'NONE',  ( -155.0000000000000000, -3.768597704282222516, 51.32267092329409053 ) ) ;
#3212 = CIRCLE ( 'NONE', #3583, 5.050000000000068212 ) ;
#3213 = CARTESIAN_POINT ( 'NONE',  ( -697.9162712043346346, -56.00000000000000711, 132.1026468289988145 ) ) ;
#3214 = ORIENTED_EDGE ( 'NONE', *, *, #392, .F. ) ;
#3215 = DIRECTION ( 'NONE',  ( 0.000000000000000000, 0.000000000000000000, -1.000000000000000000 ) ) ;
#3216 = CYLINDRICAL_SURFACE ( 'NONE', #1866, 3.249999999999988898 ) ;
#3217 = ADVANCED_FACE ( 'NONE', ( #873 ), #2712, .F. ) ;
#3218 = EDGE_LOOP ( 'NONE', ( #3193, #2094, #847, #3983 ) ) ;
#3219 = CARTESIAN_POINT ( 'NONE',  ( -96.48499999999999943, 12.00000000000000000, 28.14999999999999858 ) ) ;
#3220 = DIRECTION ( 'NONE',  ( -0.000000000000000000, -0.000000000000000000, 1.000000000000000000 ) ) ;
#3221 = VERTEX_POINT ( 'NONE', #5880 ) ;
#3222 = CARTESIAN_POINT ( 'NONE',  ( -125.0000000000000000, 0.000000000000000000, 50.00000000000000000 ) ) ;
#3223 = DIRECTION ( 'NONE',  ( -1.000000000000000000, 0.000000000000000000, -0.000000000000000000 ) ) ;
#3224 = VERTEX_POINT ( 'NONE', #5853 ) ;
#3225 = AXIS2_PLACEMENT_3D ( 'NONE', #2988, #1537, #5685 ) ;
#3226 = ORIENTED_EDGE ( 'NONE', *, *, #575, .F. ) ;
#3227 = DIRECTION ( 'NONE',  ( -0.000000000000000000, -0.000000000000000000, 1.000000000000000000 ) ) ;
#3228 = ORIENTED_EDGE ( 'NONE', *, *, #5719, .F. ) ;
#3229 = VECTOR ( 'NONE', #5432, 1000.000000000000000 ) ;
#3230 = EDGE_CURVE ( 'NONE', #2002, #4153, #2591, .T. ) ;
#3231 = FACE_OUTER_BOUND ( 'NONE', #1030, .T. ) ;
#3232 = B_SPLINE_CURVE_WITH_KNOTS ( 'NONE', 3,
 ( #1482, #5172, #2847, #5141, #4234, #5200, #3419, #3910, #360, #2167, #5766, #1587, #755, #2564, #4423, #3946, #2103, #3881, #1655, #270 ),
 .UNSPECIFIED., .F., .F.,
 ( 4, 2, 2, 2, 2, 2, 2, 2, 2, 4 ),
 ( 0.01345008076461944729, 0.01513100862602130038, 0.01597147255672222432, 0.01681193648742314653, 0.01849286434882499441, 0.01933332827952592703, 0.02017379221022685964, 0.02185472007162872141, 0.02353564793303058317, 0.02689750365583432751 ),
 .UNSPECIFIED. ) ;
#3233 = AXIS2_PLACEMENT_3D ( 'NONE', #1467, #3301, #5694 ) ;
#3234 = CARTESIAN_POINT ( 'NONE',  ( -145.0000000000000000, 21.20000000000000284, 82.00000000000000000 ) ) ;
#3235 = LINE ( 'NONE', #49, #2955 ) ;
#3236 = CARTESIAN_POINT ( 'NONE',  ( -5.254798149870912205, 0.000000000000000000, -18.13376097510607821 ) ) ;
#3237 = AXIS2_PLACEMENT_3D ( 'NONE', #5003, #471, #2853 ) ;
#3238 = ORIENTED_EDGE ( 'NONE', *, *, #3715, .F. ) ;
#3239 = VECTOR ( 'NONE', #4546, 1000.000000000000000 ) ;
#3240 = CARTESIAN_POINT ( 'NONE',  ( 124.0655062095562897, 65.20000000000001705, 53.11015145188302711 ) ) ;
#3241 = VECTOR ( 'NONE', #2582, 1000.000000000000000 ) ;
#3242 = EDGE_LOOP ( 'NONE', ( #4490, #1222, #2819, #999, #1899, #891, #736, #723, #4941 ) ) ;
#3243 = ORIENTED_EDGE ( 'NONE', *, *, #4466, .T. ) ;
#3244 = PLANE ( 'NONE',  #246 ) ;
#3245 = VECTOR ( 'NONE', #433, 1000.000000000000000 ) ;
#3246 = DIRECTION ( 'NONE',  ( 0.000000000000000000, -1.000000000000000000, 0.000000000000000000 ) ) ;
#3247 = EDGE_CURVE ( 'NONE', #5016, #4682, #5551, .T. ) ;
#3248 = VERTEX_POINT ( 'NONE', #1322 ) ;
#3249 = CARTESIAN_POINT ( 'NONE',  ( 0.000000000000000000, -53.00000000000000711, 0.000000000000000000 ) ) ;
#3250 = DIRECTION ( 'NONE',  ( 0.000000000000000000, -1.000000000000000000, 0.000000000000000000 ) ) ;
#3251 = CIRCLE ( 'NONE', #1815, 11.81752562247285709 ) ;
#3252 = ORIENTED_EDGE ( 'NONE', *, *, #1803, .F. ) ;
#3253 = DIRECTION ( 'NONE',  ( 0.000000000000000000, 0.000000000000000000, -1.000000000000000000 ) ) ;
#3254 = ADVANCED_FACE ( 'NONE', ( #2246 ), #902, .F. ) ;
#3255 = DIRECTION ( 'NONE',  ( -0.000000000000000000, 1.000000000000000000, -0.000000000000000000 ) ) ;
#3256 = ORIENTED_EDGE ( 'NONE', *, *, #130, .F. ) ;
#3257 = ORIENTED_EDGE ( 'NONE', *, *, #209, .F. ) ;
#3258 = CARTESIAN_POINT ( 'NONE',  ( -130.5000000000000000, 4.699999999999999289, 25.50000000000000355 ) ) ;
#3259 = VERTEX_POINT ( 'NONE', #1378 ) ;
#3260 = CARTESIAN_POINT ( 'NONE',  ( -34.47470739464766609, 0.7417185234487475576, 39.66915521696768110 ) ) ;
#3261 = CYLINDRICAL_SURFACE ( 'NONE', #3776, 5.050000000000068212 ) ;
#3262 = CYLINDRICAL_SURFACE ( 'NONE', #3665, 1.499999999999999556 ) ;
#3263 = LINE ( 'NONE', #190, #5724 ) ;
#3264 = DIRECTION ( 'NONE',  ( 0.000000000000000000, 1.000000000000000000, 0.000000000000000000 ) ) ;
#3265 = CARTESIAN_POINT ( 'NONE',  ( 93.75185215567664443, 69.79398474692871446, 88.50648165228842856 ) ) ;
#3266 = DIRECTION ( 'NONE',  ( 0.000000000000000000, 0.000000000000000000, 1.000000000000000000 ) ) ;
#3267 = EDGE_CURVE ( 'NONE', #5659, #815, #2488, .T. ) ;
#3268 = ADVANCED_FACE ( 'NONE', ( #5824 ), #5373, .F. ) ;
#3269 = LINE ( 'NONE', #29, #4158 ) ;
#3270 = EDGE_LOOP ( 'NONE', ( #2269, #5504, #3360, #1742, #1426, #5846 ) ) ;
#3271 = FACE_OUTER_BOUND ( 'NONE', #3158, .T. ) ;
#3272 = AXIS2_PLACEMENT_3D ( 'NONE', #1577, #1145, #3350 ) ;
#3273 = LINE ( 'NONE', #5100, #5801 ) ;
#3274 = CARTESIAN_POINT ( 'NONE',  ( -101.3034108745596455, 47.36499999999998067, 50.00000000000000000 ) ) ;
#3275 = CARTESIAN_POINT ( 'NONE',  ( -687.9162712043346346, -41.00000000000000000, 12.10264682899879496 ) ) ;
#3276 = ORIENTED_EDGE ( 'NONE', *, *, #5275, .T. ) ;
#3277 = ORIENTED_EDGE ( 'NONE', *, *, #4325, .T. ) ;
#3278 = DIRECTION ( 'NONE',  ( 0.000000000000000000, -1.000000000000000000, 0.000000000000000000 ) ) ;
#3279 = FACE_BOUND ( 'NONE', #2013, .T. ) ;
#3280 = ORIENTED_EDGE ( 'NONE', *, *, #21, .T. ) ;
#3281 = AXIS2_PLACEMENT_3D ( 'NONE', #522, #2329, #2444 ) ;
#3282 = DIRECTION ( 'NONE',  ( 0.000000000000000000, 0.000000000000000000, -1.000000000000000000 ) ) ;
#3283 = ORIENTED_EDGE ( 'NONE', *, *, #4364, .T. ) ;
#3284 = DIRECTION ( 'NONE',  ( 0.000000000000000000, 0.000000000000000000, -1.000000000000000000 ) ) ;
#3285 = EDGE_CURVE ( 'NONE', #2052, #4099, #4247, .T. ) ;
#3286 = EDGE_CURVE ( 'NONE', #634, #5783, #1801, .T. ) ;
#3287 = EDGE_CURVE ( 'NONE', #2115, #3862, #1338, .T. ) ;
#3288 = AXIS2_PLACEMENT_3D ( 'NONE', #459, #3278, #1480 ) ;
#3289 = AXIS2_PLACEMENT_3D ( 'NONE', #5344, #3069, #3995 ) ;
#3290 = DIRECTION ( 'NONE',  ( -0.000000000000000000, -0.000000000000000000, 1.000000000000000000 ) ) ;
#3291 = DIRECTION ( 'NONE',  ( 0.000000000000000000, 1.000000000000000000, 0.000000000000000000 ) ) ;
#3292 = EDGE_CURVE ( 'NONE', #1651, #3860, #5462, .T. ) ;
#3293 = CARTESIAN_POINT ( 'NONE',  ( -119.9371114434361800, 70.83966042312739830, 87.04612868476452547 ) ) ;
#3294 = CIRCLE ( 'NONE', #444, 5.049999999999998934 ) ;
#3295 = VERTEX_POINT ( 'NONE', #1828 ) ;
#3296 = CARTESIAN_POINT ( 'NONE',  ( 125.0000000000000284, 72.20000000000001705, -80.00000000000000000 ) ) ;
#3297 = EDGE_CURVE ( 'NONE', #3163, #5511, #1061, .T. ) ;
#3298 = CARTESIAN_POINT ( 'NONE',  ( 94.00213180035328264, 69.76670255752269156, 88.53802529461363235 ) ) ;
#3299 = DIRECTION ( 'NONE',  ( 0.000000000000000000, 0.000000000000000000, 1.000000000000000000 ) ) ;
#3300 = DESIGN_CONTEXT ( 'detailed design', #103, 'design' ) ;
#3301 = DIRECTION ( 'NONE',  ( -0.000000000000000000, 1.000000000000000000, -0.000000000000000000 ) ) ;
#3302 = CIRCLE ( 'NONE', #4823, 1.499999999999999556 ) ;
#3303 = EDGE_LOOP ( 'NONE', ( #5334, #4537, #3172, #2195, #2219, #1311, #1492, #3374 ) ) ;
#3304 = ORIENTED_EDGE ( 'NONE', *, *, #3584, .F. ) ;
#3305 = EDGE_CURVE ( 'NONE', #4960, #5429, #2093, .T. ) ;
#3306 = CARTESIAN_POINT ( 'NONE',  ( 48.38703381417222005, 28.69999999999999929, -26.31424955595025850 ) ) ;
#3307 = CARTESIAN_POINT ( 'NONE',  ( 48.38703381417222005, 28.69999999999999929, -4.814249555950268267 ) ) ;
#3308 = AXIS2_PLACEMENT_3D ( 'NONE', #4917, #4951, #3514 ) ;
#3309 = B_SPLINE_CURVE_WITH_KNOTS ( 'NONE', 3,
 ( #1701, #3553, #865, #2678, #406, #3149, #1761, #2240, #1236, #4935, #5339, #3063, #4877, #926, #5788, #805, #4407, #2615, #4048, #2273 ),
 .UNSPECIFIED., .F., .F.,
 ( 4, 2, 2, 2, 2, 2, 2, 2, 2, 4 ),
 ( 6.446342618503883675E-19, 0.004583096781759760270, 0.005728870977199721805, 0.006874645172639684207, 0.009166193563519596868, 0.01145774195439951126, 0.01374929034527942566, 0.01604083873615934006, 0.01718661293159929812, 0.01833238712703925619 ),
 .UNSPECIFIED. ) ;
#3310 = CARTESIAN_POINT ( 'NONE',  ( -151.9995208652740359, -0.4172151940048983709, 26.28966076535278518 ) ) ;
#3311 = CARTESIAN_POINT ( 'NONE',  ( 125.0000000000000284, 21.20000000000000284, 67.00000000000000000 ) ) ;
#3312 = ORIENTED_EDGE ( 'NONE', *, *, #3500, .F. ) ;
#3313 = DIRECTION ( 'NONE',  ( 0.000000000000000000, -1.000000000000000000, 0.000000000000000000 ) ) ;
#3314 = LINE ( 'NONE', #2501, #142 ) ;
#3315 = CARTESIAN_POINT ( 'NONE',  ( 95.00000000000002842, 47.20000000000000995, 79.58999999999998920 ) ) ;
#3316 = ORIENTED_EDGE ( 'NONE', *, *, #5364, .T. ) ;
#3317 = DIRECTION ( 'NONE',  ( 0.000000000000000000, 0.000000000000000000, -1.000000000000000000 ) ) ;
#3318 = FACE_OUTER_BOUND ( 'NONE', #4343, .T. ) ;
#3319 = CARTESIAN_POINT ( 'NONE',  ( -132.5595245015696548, 71.88982963552570027, 84.48015174927624571 ) ) ;
#3320 = CARTESIAN_POINT ( 'NONE',  ( 120.0000000000000000, -4.999999999999997335, 50.00000000000000000 ) ) ;
#3321 = EDGE_CURVE ( 'NONE', #4674, #2297, #3251, .T. ) ;
#3322 = AXIS2_PLACEMENT_3D ( 'NONE', #2764, #4560, #5117 ) ;
#3323 = DIRECTION ( 'NONE',  ( -0.000000000000000000, 1.000000000000000000, -0.000000000000000000 ) ) ;
#3324 = CARTESIAN_POINT ( 'NONE',  ( -402.3928805127287092, 0.000000000000000000, -258.6678609108982982 ) ) ;
#3325 = VERTEX_POINT ( 'NONE', #3588 ) ;
#3326 = AXIS2_PLACEMENT_3D ( 'NONE', #5885, #4538, #3509 ) ;
#3327 = EDGE_CURVE ( 'NONE', #365, #2297, #1262, .T. ) ;
#3328 = CARTESIAN_POINT ( 'NONE',  ( -402.3928805127287092, -4.000000000000000000, -240.1178609108982585 ) ) ;
#3329 = CIRCLE ( 'NONE', #5058, 19.99999999999999645 ) ;
#3330 = EDGE_CURVE ( 'NONE', #3092, #1447, #4084, .T. ) ;
#3331 = EDGE_LOOP ( 'NONE', ( #5803, #434 ) ) ;
#3332 = CARTESIAN_POINT ( 'NONE',  ( -15.84039720032541787, -41.00000000000000000, 30.00000000000000355 ) ) ;
#3333 = DIRECTION ( 'NONE',  ( 1.000000000000000000, 0.000000000000000000, 0.000000000000000000 ) ) ;
#3334 = VECTOR ( 'NONE', #2303, 1000.000000000000000 ) ;
#3335 = DIRECTION ( 'NONE',  ( 0.000000000000000000, 0.000000000000000000, 1.000000000000000000 ) ) ;
#3336 = ADVANCED_FACE ( 'NONE', ( #2188 ), #3996, .T. ) ;
#3337 = CARTESIAN_POINT ( 'NONE',  ( -150.3274613757374709, 1.592421940838084637E-16, 33.85022497879882053 ) ) ;
#3338 = CARTESIAN_POINT ( 'NONE',  ( 115.0000000000000000, 62.20000000000000995, -70.00000000000000000 ) ) ;
#3339 = VERTEX_POINT ( 'NONE', #527 ) ;
#3340 = AXIS2_PLACEMENT_3D ( 'NONE', #5193, #655, #2467 ) ;
#3341 = PLANE ( 'NONE',  #3618 ) ;
#3342 = CARTESIAN_POINT ( 'NONE',  ( 45.75706587302855155, 65.20000000000000284, 0.000000000000000000 ) ) ;
#3343 = CARTESIAN_POINT ( 'NONE',  ( 76.14000000000000057, 65.20000000000000284, 0.000000000000000000 ) ) ;
#3344 = EDGE_CURVE ( 'NONE', #117, #2877, #4216, .T. ) ;
#3345 = AXIS2_PLACEMENT_3D ( 'NONE', #81, #616, #4659 ) ;
#3346 = DIRECTION ( 'NONE',  ( 0.000000000000000000, 0.000000000000000000, 1.000000000000000000 ) ) ;
#3347 = ORIENTED_EDGE ( 'NONE', *, *, #875, .F. ) ;
#3348 = CARTESIAN_POINT ( 'NONE',  ( -402.3928805127287092, 0.000000000000000000, -240.1178609108982585 ) ) ;
#3349 = CARTESIAN_POINT ( 'NONE',  ( -126.9819269957087045, 69.89857645026124544, 88.38306759733049489 ) ) ;
#3350 = DIRECTION ( 'NONE',  ( 0.000000000000000000, 0.000000000000000000, 1.000000000000000000 ) ) ;
#3351 = DIRECTION ( 'NONE',  ( 0.000000000000000000, -1.000000000000000000, 0.000000000000000000 ) ) ;
#3352 = ORIENTED_EDGE ( 'NONE', *, *, #1873, .T. ) ;
#3353 = CARTESIAN_POINT ( 'NONE',  ( -687.9162712043346346, -44.00000000000000711, 122.1026468289988145 ) ) ;
#3354 = ADVANCED_FACE ( 'NONE', ( #4629 ), #503, .F. ) ;
#3355 = DIRECTION ( 'NONE',  ( 1.000000000000000000, 0.000000000000000000, 0.000000000000000000 ) ) ;
#3356 = DIRECTION ( 'NONE',  ( 0.000000000000000000, 0.000000000000000000, 1.000000000000000000 ) ) ;
#3357 = VERTEX_POINT ( 'NONE', #139 ) ;
#3358 = CARTESIAN_POINT ( 'NONE',  ( 8.130000000000007887, 12.00000000000000000, -22.87999999999999901 ) ) ;
#3359 = CARTESIAN_POINT ( 'NONE',  ( -150.0000000000000000, 0.000000000000000000, 0.000000000000000000 ) ) ;
#3360 = ORIENTED_EDGE ( 'NONE', *, *, #4570, .T. ) ;
#3361 = CARTESIAN_POINT ( 'NONE',  ( 95.00000000000002842, -56.00000000000002132, 79.58999999999998920 ) ) ;
#3362 = DIRECTION ( 'NONE',  ( 0.000000000000000000, 0.000000000000000000, 1.000000000000000000 ) ) ;
#3363 = CARTESIAN_POINT ( 'NONE',  ( -687.9162712043346346, -44.00000000000000711, 12.10264682899879496 ) ) ;
#3364 = PLANE ( 'NONE',  #2227 ) ;
#3365 = DIRECTION ( 'NONE',  ( 0.000000000000000000, 1.000000000000000000, 0.000000000000000000 ) ) ;
#3366 = CIRCLE ( 'NONE', #1543, 1.499999999999997335 ) ;
#3367 = EDGE_LOOP ( 'NONE', ( #5296, #5110, #716, #1833, #27, #1122, #4923 ) ) ;
#3368 = DIRECTION ( 'NONE',  ( 0.000000000000000000, -1.000000000000000000, 0.000000000000000000 ) ) ;
#3369 = EDGE_CURVE ( 'NONE', #4527, #1266, #788, .T. ) ;
#3370 = ADVANCED_FACE ( 'NONE', ( #1962 ), #5606, .T. ) ;
#3371 = AXIS2_PLACEMENT_3D ( 'NONE', #2038, #3795, #5650 ) ;
#3372 = EDGE_LOOP ( 'NONE', ( #5866, #5238, #907, #2655, #1757, #1363 ) ) ;
#3373 = CARTESIAN_POINT ( 'NONE',  ( -117.0680227535926718, 72.02989266463269757, 83.84969034173870739 ) ) ;
#3374 = ORIENTED_EDGE ( 'NONE', *, *, #3405, .F. ) ;
#3375 = DIRECTION ( 'NONE',  ( -0.000000000000000000, -1.000000000000000000, -0.000000000000000000 ) ) ;
#3376 = VECTOR ( 'NONE', #4068, 1000.000000000000000 ) ;
#3377 = CIRCLE ( 'NONE', #4032, 10.49999999999999112 ) ;
#3378 = CARTESIAN_POINT ( 'NONE',  ( -154.9523281303619910, 63.20728983870981210, -54.28850463522626058 ) ) ;
#3379 = AXIS2_PLACEMENT_3D ( 'NONE', #2751, #534, #3215 ) ;
#3380 = VERTEX_POINT ( 'NONE', #1882 ) ;
#3381 = CARTESIAN_POINT ( 'NONE',  ( -512.9162712043346346, -44.00000000000000711, 82.10264682899880029 ) ) ;
#3382 = CYLINDRICAL_SURFACE ( 'NONE', #2512, 5.050000000000068212 ) ;
#3383 = DIRECTION ( 'NONE',  ( -2.312964634635742895E-17, 0.000000000000000000, -1.000000000000000000 ) ) ;
#3384 = LINE ( 'NONE', #5221, #1925 ) ;
#3385 = APPROVAL ( #4820, 'UNSPECIFIED' ) ;
#3386 = VECTOR ( 'NONE', #2232, 1000.000000000000000 ) ;
#3387 = CARTESIAN_POINT ( 'NONE',  ( 115.0000000000000142, -41.00000000000000000, -40.00000000000000711 ) ) ;
#3388 = CARTESIAN_POINT ( 'NONE',  ( -96.25341087455964839, 47.36499999999998067, -49.99999999999998579 ) ) ;
#3389 = ORIENTED_EDGE ( 'NONE', *, *, #1677, .F. ) ;
#3390 = VECTOR ( 'NONE', #713, 1000.000000000000000 ) ;
#3391 = DIRECTION ( 'NONE',  ( 0.000000000000000000, 0.000000000000000000, -1.000000000000000000 ) ) ;
#3392 = EDGE_CURVE ( 'NONE', #4862, #3026, #4871, .T. ) ;
#3393 = DIRECTION ( 'NONE',  ( -1.000000000000000000, 0.000000000000000000, -0.000000000000000000 ) ) ;
#3394 = VERTEX_POINT ( 'NONE', #4141 ) ;
#3395 = FACE_BOUND ( 'NONE', #793, .T. ) ;
#3396 = CARTESIAN_POINT ( 'NONE',  ( -145.0000000000000000, -41.00000000000000000, -80.00000000000000000 ) ) ;
#3397 = EDGE_LOOP ( 'NONE', ( #4445, #3957 ) ) ;
#3398 = EDGE_CURVE ( 'NONE', #1830, #2082, #5640, .T. ) ;
#3399 = ADVANCED_FACE ( 'NONE', ( #957 ), #3777, .F. ) ;
#3400 = DIRECTION ( 'NONE',  ( -0.000000000000000000, 1.000000000000000000, -0.000000000000000000 ) ) ;
#3401 = DIRECTION ( 'NONE',  ( 0.000000000000000000, -1.000000000000000000, 0.000000000000000000 ) ) ;
#3402 = ORIENTED_EDGE ( 'NONE', *, *, #2156, .F. ) ;
#3403 = CARTESIAN_POINT ( 'NONE',  ( -117.3140506600276325, 71.93930025476285550, 84.27907321209684710 ) ) ;
#3404 = EDGE_LOOP ( 'NONE', ( #1130, #2321, #3226 ) ) ;
#3405 = EDGE_CURVE ( 'NONE', #4665, #4235, #5549, .T. ) ;
#3406 = ORIENTED_EDGE ( 'NONE', *, *, #2270, .F. ) ;
#3407 = CARTESIAN_POINT ( 'NONE',  ( -154.9904238872136375, 62.70487482344876184, -54.64300001289063857 ) ) ;
#3408 = VECTOR ( 'NONE', #247, 1000.000000000000000 ) ;
#3409 = EDGE_LOOP ( 'NONE', ( #3681, #4298, #12, #5038 ) ) ;
#3410 = CARTESIAN_POINT ( 'NONE',  ( 115.0000000000000142, -41.00001200000000523, -40.00000000000000711 ) ) ;
#3411 = DIRECTION ( 'NONE',  ( 0.000000000000000000, -0.000000000000000000, -1.000000000000000000 ) ) ;
#3412 = AXIS2_PLACEMENT_3D ( 'NONE', #3219, #92, #5558 ) ;
#3413 = CARTESIAN_POINT ( 'NONE',  ( -15.84039720032541787, -10.00000000000000178, 30.00000000000000355 ) ) ;
#3414 = DIRECTION ( 'NONE',  ( -1.000000000000000000, 0.000000000000000000, 0.000000000000000000 ) ) ;
#3415 = AXIS2_PLACEMENT_3D ( 'NONE', #5733, #623, #5288 ) ;
#3416 = CYLINDRICAL_SURFACE ( 'NONE', #4354, 5.050000000000068212 ) ;
#3417 = DIRECTION ( 'NONE',  ( 0.000000000000000000, 0.000000000000000000, 1.000000000000000000 ) ) ;
#3418 = ORIENTED_EDGE ( 'NONE', *, *, #3445, .F. ) ;
#3419 = CARTESIAN_POINT ( 'NONE',  ( -24.59954536034545924, 1.442246118121093046, 41.41831812873427054 ) ) ;
#3420 = FACE_OUTER_BOUND ( 'NONE', #994, .T. ) ;
#3421 = TOROIDAL_SURFACE ( 'NONE', #5251, 20.00000000000000000, 5.000000000000000000 ) ;
#3422 = DIRECTION ( 'NONE',  ( -1.000000000000000000, 0.000000000000000000, 0.000000000000000000 ) ) ;
#3423 = EDGE_CURVE ( 'NONE', #1548, #4960, #114, .T. ) ;
#3424 = FACE_OUTER_BOUND ( 'NONE', #2777, .T. ) ;
#3425 = CARTESIAN_POINT ( 'NONE',  ( -155.0000000000000000, 4.152192923822883408, 67.01561987094871142 ) ) ;
#3426 = DIRECTION ( 'NONE',  ( 0.000000000000000000, -1.000000000000000000, 0.000000000000000000 ) ) ;
#3427 = VECTOR ( 'NONE', #5422, 1000.000000000000000 ) ;
#3428 = VERTEX_POINT ( 'NONE', #1857 ) ;
#3429 = EDGE_CURVE ( 'NONE', #5491, #157, #5632, .T. ) ;
#3430 = CARTESIAN_POINT ( 'NONE',  ( -145.0000000000000000, 0.000000000000000000, -70.00000000000000000 ) ) ;
#3431 = FACE_OUTER_BOUND ( 'NONE', #1371, .T. ) ;
#3432 = ORIENTED_EDGE ( 'NONE', *, *, #4079, .F. ) ;
#3433 = VECTOR ( 'NONE', #1355, 1000.000000000000000 ) ;
#3434 = ORIENTED_EDGE ( 'NONE', *, *, #5136, .T. ) ;
#3435 = ORIENTED_EDGE ( 'NONE', *, *, #4070, .F. ) ;
#3436 = VECTOR ( 'NONE', #1178, 1000.000000000000000 ) ;
#3437 = ORIENTED_EDGE ( 'NONE', *, *, #1603, .F. ) ;
#3438 = DIRECTION ( 'NONE',  ( 0.000000000000000000, 0.000000000000000000, -1.000000000000000000 ) ) ;
#3439 = CARTESIAN_POINT ( 'NONE',  ( -111.2126984780140901, 0.000000000000000000, 35.00000000000000000 ) ) ;
#3440 = ORIENTED_EDGE ( 'NONE', *, *, #1858, .F. ) ;
#3441 = DIRECTION ( 'NONE',  ( 0.000000000000000000, -1.000000000000000000, 0.000000000000000000 ) ) ;
#3442 = PLANE ( 'NONE',  #1653 ) ;
#3443 = DIRECTION ( 'NONE',  ( -0.000000000000000000, 1.000000000000000000, -0.000000000000000000 ) ) ;
#3444 = FACE_OUTER_BOUND ( 'NONE', #18, .T. ) ;
#3445 = EDGE_CURVE ( 'NONE', #2229, #3791, #1900, .T. ) ;
#3446 = APPLICATION_PROTOCOL_DEFINITION ( 'international standard', 'config_control_design', 1994, #103 ) ;
#3447 = CARTESIAN_POINT ( 'NONE',  ( 95.00000000000002842, -29.00000000000000000, 76.34000000000000341 ) ) ;
#3448 = DIRECTION ( 'NONE',  ( 0.000000000000000000, 1.000000000000000000, 0.000000000000000000 ) ) ;
#3449 = ORIENTED_EDGE ( 'NONE', *, *, #1961, .F. ) ;
#3450 = FACE_OUTER_BOUND ( 'NONE', #2757, .T. ) ;
#3451 = VERTEX_POINT ( 'NONE', #3324 ) ;
#3452 = DIRECTION ( 'NONE',  ( -0.000000000000000000, -1.000000000000000000, -0.000000000000000000 ) ) ;
#3453 = ORIENTED_EDGE ( 'NONE', *, *, #1065, .T. ) ;
#3454 = CARTESIAN_POINT ( 'NONE',  ( -150.2814826426750585, -2.655288161453883801E-16, 44.59957406945682834 ) ) ;
#3455 = DIRECTION ( 'NONE',  ( -1.000000000000000000, -0.000000000000000000, -0.000000000000000000 ) ) ;
#3456 = ORIENTED_EDGE ( 'NONE', *, *, #4528, .F. ) ;
#3457 = CARTESIAN_POINT ( 'NONE',  ( -662.9162712043346346, -41.00000000000000000, 82.10264682899880029 ) ) ;
#3458 = DIRECTION ( 'NONE',  ( -0.000000000000000000, 1.000000000000000000, -0.000000000000000000 ) ) ;
#3459 = ORIENTED_EDGE ( 'NONE', *, *, #105, .F. ) ;
#3460 = CIRCLE ( 'NONE', #4192, 18.55000000000000782 ) ;
#3461 = ORIENTED_EDGE ( 'NONE', *, *, #4697, .F. ) ;
#3462 = ORIENTED_EDGE ( 'NONE', *, *, #2047, .T. ) ;
#3463 = DIRECTION ( 'NONE',  ( 0.000000000000000000, 1.000000000000000000, -0.000000000000000000 ) ) ;
#3464 = EDGE_CURVE ( 'NONE', #4051, #269, #2689, .T. ) ;
#3465 = ORIENTED_EDGE ( 'NONE', *, *, #2340, .T. ) ;
#3466 = CLOSED_SHELL ( 'NONE', ( #267, #3015, #2739, #127, #5767, #3254, #1637, #5863, #521, #2696, #3623, #402, #1287, #2523, #2183, #2898, #4029, #5810, #1790, #3961, #2875, #5239, #5431, #748, #5022, #5761, #2026, #4321, #4506, #4006, #2112, #1044, #5711, #1037, #335, #4139, #3902, #5636, #2912, #138, #3819, #1534, #650, #2341, #1140, #3040, #4704, #2438, #2022, #866, #2462, #2006, #1017, #5231, #153, #3516, #3336, #4472, #1501, #4122, #377, #2793, #33, #3543, #1329, #5383, #4033, #4876, #3217, #5396, #3055, #5543, #1455, #2583, #5818, #5686, #1676, #5279, #1156, #5528, #4276, #5559, #1966, #2864, #2092, #352, #5014, #5601, #3370, #3399, #1588, #1243, #3535, #2129, #3610, #3721, #581, #168, #1822, #3505, #4740, #1356, #1390, #1348, #5312, #881, #5665, #1418, #4662, #5285, #5557, #1911, #3091, #3129, #615, #4792, #4293, #2216, #3268, #2206, #1312, #720, #1576, #4309, #3354, #5084, #541, #5643, #702, #32, #2977, #5576, #3112, #1613, #1416, #3013, #731, #4603, #5191, #2827, #1179, #1590, #159, #3650, #4418, #603, #4649, #2299, #4142, #189, #4824, #234, #2586, #1954, #3162, #4101 ) ) ;
#3467 = FACE_OUTER_BOUND ( 'NONE', #1752, .T. ) ;
#3468 = EDGE_CURVE ( 'NONE', #1328, #2745, #530, .T. ) ;
#3469 = VECTOR ( 'NONE', #238, 1000.000000000000000 ) ;
#3470 = CIRCLE ( 'NONE', #3933, 18.55000000000000782 ) ;
#3471 = EDGE_CURVE ( 'NONE', #5515, #856, #3779, .T. ) ;
#3472 = ORIENTED_EDGE ( 'NONE', *, *, #3808, .F. ) ;
#3473 = FACE_OUTER_BOUND ( 'NONE', #679, .T. ) ;
#3474 = CARTESIAN_POINT ( 'NONE',  ( -155.0000000000000000, -29.00000000000000355, 92.00000000000000000 ) ) ;
#3475 = CARTESIAN_POINT ( 'NONE',  ( 125.0000000000000000, 62.20000000000000995, 55.00000000000000711 ) ) ;
#3476 = CIRCLE ( 'NONE', #54, 20.00000000000000355 ) ;
#3477 = DIRECTION ( 'NONE',  ( -0.000000000000000000, -1.000000000000000000, -0.000000000000000000 ) ) ;
#3478 = CARTESIAN_POINT ( 'NONE',  ( -155.0000000000000000, -41.00000000000000000, 80.00000000000000000 ) ) ;
#3479 = VECTOR ( 'NONE', #4450, 1000.000000000000000 ) ;
#3480 = EDGE_CURVE ( 'NONE', #5887, #5387, #1614, .T. ) ;
#3481 = ORIENTED_EDGE ( 'NONE', *, *, #2560, .T. ) ;
#3482 = CARTESIAN_POINT ( 'NONE',  ( -125.0000000000000000, 47.20000000000000995, 70.59000000000006025 ) ) ;
#3483 = LINE ( 'NONE', #5831, #5313 ) ;
#3484 = FACE_OUTER_BOUND ( 'NONE', #124, .T. ) ;
#3485 = CIRCLE ( 'NONE', #3842, 5.049999999999957190 ) ;
#3486 = CARTESIAN_POINT ( 'NONE',  ( -151.3435730198095825, 1.237119225928287269, 51.20553439841130228 ) ) ;
#3487 = CYLINDRICAL_SURFACE ( 'NONE', #4860, 18.55000000000001137 ) ;
#3488 = ORIENTED_EDGE ( 'NONE', *, *, #4183, .F. ) ;
#3489 = VECTOR ( 'NONE', #4035, 1000.000000000000000 ) ;
#3490 = CARTESIAN_POINT ( 'NONE',  ( 95.00000000000002842, -56.00000000000002132, 79.58999999999998920 ) ) ;
#3491 = CARTESIAN_POINT ( 'NONE',  ( 103.3636284953035158, 72.16506615998717677, 82.95114020932211929 ) ) ;
#3492 = VERTEX_POINT ( 'NONE', #1992 ) ;
#3493 = ORIENTED_EDGE ( 'NONE', *, *, #4370, .T. ) ;
#3494 = LOCAL_TIME ( 17, 16, 27.00000000000000000, #413 ) ;
#3495 = VERTEX_POINT ( 'NONE', #5181 ) ;
#3496 = ORIENTED_EDGE ( 'NONE', *, *, #1278, .T. ) ;
#3497 = DIRECTION ( 'NONE',  ( 0.000000000000000000, 0.000000000000000000, 1.000000000000000000 ) ) ;
#3498 = CIRCLE ( 'NONE', #363, 5.175000000000020250 ) ;
#3499 = DIRECTION ( 'NONE',  ( 0.000000000000000000, 0.000000000000000000, 1.000000000000000000 ) ) ;
#3500 = EDGE_CURVE ( 'NONE', #1566, #3548, #4469, .T. ) ;
#3501 = ORIENTED_EDGE ( 'NONE', *, *, #1959, .F. ) ;
#3502 = CARTESIAN_POINT ( 'NONE',  ( 115.0000000000000000, 62.20000000000000995, -70.00000000000000000 ) ) ;
#3503 = DIRECTION ( 'NONE',  ( 1.000000000000000000, -0.000000000000000000, 0.000000000000000000 ) ) ;
#3504 = LINE ( 'NONE', #4315, #3066 ) ;
#3505 = ADVANCED_FACE ( 'NONE', ( #4280 ), #1206, .T. ) ;
#3506 = FACE_OUTER_BOUND ( 'NONE', #5447, .T. ) ;
#3507 = AXIS2_PLACEMENT_3D ( 'NONE', #1813, #4092, #1838 ) ;
#3508 = EDGE_CURVE ( 'NONE', #1346, #4378, #2881, .T. ) ;
#3509 = DIRECTION ( 'NONE',  ( 0.000000000000000000, -0.000000000000000000, 1.000000000000000000 ) ) ;
#3510 = ORIENTED_EDGE ( 'NONE', *, *, #1687, .T. ) ;
#3511 = AXIS2_PLACEMENT_3D ( 'NONE', #1082, #3800, #3825 ) ;
#3512 = ORIENTED_EDGE ( 'NONE', *, *, #3552, .T. ) ;
#3513 = DIRECTION ( 'NONE',  ( 1.000000000000000000, 0.000000000000000000, 0.000000000000000000 ) ) ;
#3514 = DIRECTION ( 'NONE',  ( 0.000000000000000000, 0.000000000000000000, 1.000000000000000000 ) ) ;
#3515 = AXIS2_PLACEMENT_3D ( 'NONE', #5351, #2715, #4884 ) ;
#3516 = ADVANCED_FACE ( 'NONE', ( #1120 ), #1147, .T. ) ;
#3517 = CARTESIAN_POINT ( 'NONE',  ( -155.0000000000000000, -3.864186231481011369, 50.92994429792286581 ) ) ;
#3518 = DIRECTION ( 'NONE',  ( 0.000000000000000000, 0.000000000000000000, 1.000000000000000000 ) ) ;
#3519 = ORIENTED_EDGE ( 'NONE', *, *, #825, .T. ) ;
#3520 = VECTOR ( 'NONE', #4880, 1000.000000000000000 ) ;
#3521 = DIRECTION ( 'NONE',  ( 1.000000000000000000, 0.000000000000000000, 0.000000000000000000 ) ) ;
#3522 = CARTESIAN_POINT ( 'NONE',  ( 115.0000000000000000, 62.20000000000000995, -70.00000000000000000 ) ) ;
#3523 = EDGE_CURVE ( 'NONE', #3325, #3627, #2099, .T. ) ;
#3524 = ORIENTED_EDGE ( 'NONE', *, *, #1258, .F. ) ;
#3525 = DIRECTION ( 'NONE',  ( -0.000000000000000000, 1.000000000000000000, -0.000000000000000000 ) ) ;
#3526 = AXIS2_PLACEMENT_3D ( 'NONE', #898, #950, #862 ) ;
#3527 = VECTOR ( 'NONE', #747, 1000.000000000000000 ) ;
#3528 = ORIENTED_EDGE ( 'NONE', *, *, #3744, .F. ) ;
#3529 = DIRECTION ( 'NONE',  ( 0.000000000000000000, -1.000000000000000000, 0.000000000000000000 ) ) ;
#3530 = DIRECTION ( 'NONE',  ( -0.000000000000000000, 1.000000000000000000, -0.000000000000000000 ) ) ;
#3531 = DIRECTION ( 'NONE',  ( 0.000000000000000000, 0.000000000000000000, 1.000000000000000000 ) ) ;
#3532 = CARTESIAN_POINT ( 'NONE',  ( -130.5000000000000000, 24.69999999999999929, 25.50000000000000355 ) ) ;
#3533 = ADVANCED_FACE ( 'NONE', ( #2914 ), #5661, .F. ) ;
#3534 = PLANE ( 'NONE',  #2175 ) ;
#3535 = ADVANCED_FACE ( 'NONE', ( #2939 ), #1544, .T. ) ;
#3536 = ORIENTED_EDGE ( 'NONE', *, *, #5456, .F. ) ;
#3537 = CARTESIAN_POINT ( 'NONE',  ( -697.9162712043346346, -44.00000000000000711, 132.1026468289988145 ) ) ;
#3538 = ORIENTED_EDGE ( 'NONE', *, *, #3480, .T. ) ;
#3539 = CARTESIAN_POINT ( 'NONE',  ( -148.5790541191481680, 66.42781346275000942, 63.00000000000000000 ) ) ;
#3540 = LINE ( 'NONE', #4480, #90 ) ;
#3541 = VERTEX_POINT ( 'NONE', #5278 ) ;
#3542 = FACE_BOUND ( 'NONE', #4483, .T. ) ;
#3543 = ADVANCED_FACE ( 'NONE', ( #676 ), #3929, .T. ) ;
#3544 = CARTESIAN_POINT ( 'NONE',  ( -69.50000000000001421, 34.82500000000000284, 50.00000000000000000 ) ) ;
#3545 = ORIENTED_EDGE ( 'NONE', *, *, #174, .T. ) ;
#3546 = CARTESIAN_POINT ( 'NONE',  ( -119.8980561989715596, 62.20000000000000995, 51.32500000000004547 ) ) ;
#3547 = CARTESIAN_POINT ( 'NONE',  ( 101.8413640791342232, 71.59081876166864333, 85.45720078029921751 ) ) ;
#3548 = VERTEX_POINT ( 'NONE', #5691 ) ;
#3549 = EDGE_LOOP ( 'NONE', ( #4405, #4428, #2513, #1510 ) ) ;
#3550 = FACE_OUTER_BOUND ( 'NONE', #2170, .T. ) ;
#3551 = CARTESIAN_POINT ( 'NONE',  ( -120.0000000000000000, -10.00000000000000178, 30.00000000000000355 ) ) ;
#3552 = EDGE_CURVE ( 'NONE', #4176, #1233, #5721, .T. ) ;
#3553 = CARTESIAN_POINT ( 'NONE',  ( -145.0575307903577595, 3.110304982317789662E-15, 41.39807682067494454 ) ) ;
#3554 = CIRCLE ( 'NONE', #4597, 9.999999999999994671 ) ;
#3555 = EDGE_LOOP ( 'NONE', ( #1539, #4200 ) ) ;
#3556 = DIRECTION ( 'NONE',  ( 0.000000000000000000, 0.000000000000000000, -1.000000000000000000 ) ) ;
#3557 = DIRECTION ( 'NONE',  ( 1.000000000000000000, 0.000000000000000000, 0.000000000000000000 ) ) ;
#3558 = CARTESIAN_POINT ( 'NONE',  ( 115.0000000000000000, 62.20000000000000995, 82.00000000000000000 ) ) ;
#3559 = DIRECTION ( 'NONE',  ( 0.000000000000000000, 1.000000000000000000, 0.000000000000000000 ) ) ;
#3560 = EDGE_LOOP ( 'NONE', ( #4716, #1174, #2085, #3418 ) ) ;
#3561 = APPROVAL_ROLE ( '' ) ;
#3562 = CIRCLE ( 'NONE', #4027, 8.999999999999994671 ) ;
#3563 = DIRECTION ( 'NONE',  ( 1.000000000000000000, 0.000000000000000000, -3.600243256520149272E-16 ) ) ;
#3564 = VERTEX_POINT ( 'NONE', #5754 ) ;
#3565 = AXIS2_PLACEMENT_3D ( 'NONE', #3010, #3076, #2693 ) ;
#3566 = AXIS2_PLACEMENT_3D ( 'NONE', #254, #3323, #1608 ) ;
#3567 = FACE_BOUND ( 'NONE', #4045, .T. ) ;
#3568 = CARTESIAN_POINT ( 'NONE',  ( -140.9151410260034538, 71.65885855933544235, 63.00000000000000000 ) ) ;
#3569 = VECTOR ( 'NONE', #1330, 1000.000000000000000 ) ;
#3570 = ORIENTED_EDGE ( 'NONE', *, *, #2387, .F. ) ;
#3571 = CYLINDRICAL_SURFACE ( 'NONE', #5280, 5.174999999999991829 ) ;
#3572 = LINE ( 'NONE', #3171, #3786 ) ;
#3573 = EDGE_LOOP ( 'NONE', ( #1864, #4920, #4487, #5553 ) ) ;
#3574 = VECTOR ( 'NONE', #78, 1000.000000000000000 ) ;
#3575 = CARTESIAN_POINT ( 'NONE',  ( 0.000000000000000000, 72.20000000000001705, 82.00000000000000000 ) ) ;
#3576 = EDGE_CURVE ( 'NONE', #3828, #4129, #1579, .T. ) ;
#3577 = CARTESIAN_POINT ( 'NONE',  ( 103.6713263114704944, 72.20000000000001705, 82.00000000000000000 ) ) ;
#3578 = FACE_BOUND ( 'NONE', #3555, .T. ) ;
#3579 = PLANE ( 'NONE',  #2589 ) ;
#3580 = VECTOR ( 'NONE', #2439, 1000.000000000000000 ) ;
#3581 = EDGE_CURVE ( 'NONE', #3548, #5440, #3030, .T. ) ;
#3582 = CARTESIAN_POINT ( 'NONE',  ( -145.0000000000000000, 62.20000000000001705, 82.00000000000000000 ) ) ;
#3583 = AXIS2_PLACEMENT_3D ( 'NONE', #4171, #3246, #989 ) ;
#3584 = EDGE_CURVE ( 'NONE', #3086, #5055, #740, .T. ) ;
#3585 = EDGE_LOOP ( 'NONE', ( #2981, #5366, #194, #4361 ) ) ;
#3586 = CARTESIAN_POINT ( 'NONE',  ( -79.25479814987090776, 0.000000000000000000, -16.63376097510608176 ) ) ;
#3587 = CARTESIAN_POINT ( 'NONE',  ( 0.000000000000000000, 12.00000000000000000, 0.000000000000000000 ) ) ;
#3588 = CARTESIAN_POINT ( 'NONE',  ( 115.0000000000000142, -38.00000000000000000, -45.16999999999999460 ) ) ;
#3589 = CARTESIAN_POINT ( 'NONE',  ( -128.1445664297718565, 70.18084554185651314, 88.02627334237817536 ) ) ;
#3590 = ORIENTED_EDGE ( 'NONE', *, *, #2486, .T. ) ;
#3591 = DIRECTION ( 'NONE',  ( -1.000000000000000000, 0.000000000000000000, 0.000000000000000000 ) ) ;
#3592 = ORIENTED_EDGE ( 'NONE', *, *, #2647, .F. ) ;
#3593 = EDGE_LOOP ( 'NONE', ( #767, #5391, #513, #1690 ) ) ;
#3594 = DIRECTION ( 'NONE',  ( -0.000000000000000000, 1.000000000000000000, -0.000000000000000000 ) ) ;
#3595 = DIRECTION ( 'NONE',  ( 0.000000000000000000, -0.000000000000000000, 1.000000000000000000 ) ) ;
#3596 = AXIS2_PLACEMENT_3D ( 'NONE', #2906, #5268, #1572 ) ;
#3597 = ORIENTED_EDGE ( 'NONE', *, *, #5582, .F. ) ;
#3598 = DIRECTION ( 'NONE',  ( -1.000000000000000000, 0.000000000000000000, 9.912705577010325549E-17 ) ) ;
#3599 = CYLINDRICAL_SURFACE ( 'NONE', #5443, 9.999999999999994671 ) ;
#3600 = ORIENTED_EDGE ( 'NONE', *, *, #5185, .T. ) ;
#3601 = DIRECTION ( 'NONE',  ( 0.000000000000000000, 0.000000000000000000, -1.000000000000000000 ) ) ;
#3602 = DIRECTION ( 'NONE',  ( -1.000000000000000000, 0.000000000000000000, 9.912705577010325549E-17 ) ) ;
#3603 = AXIS2_PLACEMENT_3D ( 'NONE', #3249, #3758, #969 ) ;
#3604 = FACE_BOUND ( 'NONE', #2585, .T. ) ;
#3605 = ORIENTED_EDGE ( 'NONE', *, *, #5826, .T. ) ;
#3606 = ORIENTED_EDGE ( 'NONE', *, *, #5335, .T. ) ;
#3607 = ORIENTED_EDGE ( 'NONE', *, *, #1039, .T. ) ;
#3608 = DIRECTION ( 'NONE',  ( 0.000000000000000000, 0.000000000000000000, 1.000000000000000000 ) ) ;
#3609 = VECTOR ( 'NONE', #5425, 1000.000000000000000 ) ;
#3610 = ADVANCED_FACE ( 'NONE', ( #3467 ), #5311, .T. ) ;
#3611 = DIRECTION ( 'NONE',  ( -0.000000000000000000, 1.000000000000000000, 0.000000000000000000 ) ) ;
#3612 = AXIS2_PLACEMENT_3D ( 'NONE', #2842, #1420, #1022 ) ;
#3613 = DIRECTION ( 'NONE',  ( 0.000000000000000000, 0.000000000000000000, -1.000000000000000000 ) ) ;
#3614 = CARTESIAN_POINT ( 'NONE',  ( 45.82718585492978036, 62.20000000000000995, -80.00000000000000000 ) ) ;
#3615 = AXIS2_PLACEMENT_3D ( 'NONE', #3338, #5165, #4699 ) ;
#3616 = CARTESIAN_POINT ( 'NONE',  ( -402.3928805127287092, -4.000000000000000000, -240.1178609108982585 ) ) ;
#3617 = B_SPLINE_CURVE_WITH_KNOTS ( 'NONE', 3,
 ( #80, #1909, #5548, #472, #1437, #5124, #26, #4187, #2797, #4106, #556, #4164, #112, #5488, #4596, #1377, #3209, #5573, #3669, #3265, #3298, #955, #1035, #2771 ),
 .UNSPECIFIED., .F., .F.,
 ( 4, 2, 2, 2, 2, 2, 2, 2, 2, 2, 2, 4 ),
 ( 0.000000000000000000, 0.001491484124474936170, 0.002237226186712404363, 0.002982968248949872340, 0.004474452373424831278, 0.005965936497899789782, 0.007457420622374747420, 0.008203162684612210626, 0.008948904746849671230, 0.01044038887132460978, 0.01118613093356209988, 0.01193187299579958997 ),
 .UNSPECIFIED. ) ;
#3618 = AXIS2_PLACEMENT_3D ( 'NONE', #3937, #2097, #3070 ) ;
#3619 = CIRCLE ( 'NONE', #3991, 5.174999999999991829 ) ;
#3620 = CARTESIAN_POINT ( 'NONE',  ( -125.0000000000000000, 21.19999999999999574, 79.59000000000004604 ) ) ;
#3621 = VERTEX_POINT ( 'NONE', #5907 ) ;
#3622 = EDGE_LOOP ( 'NONE', ( #663, #5689, #4810, #1090, #1678 ) ) ;
#3623 = ADVANCED_FACE ( 'NONE', ( #1731 ), #1674, .F. ) ;
#3624 = EDGE_CURVE ( 'NONE', #3914, #5442, #346, .T. ) ;
#3625 = CARTESIAN_POINT ( 'NONE',  ( -5.254798149870912205, 0.000000000000000000, -16.63376097510607821 ) ) ;
#3626 = DIRECTION ( 'NONE',  ( -0.000000000000000000, 1.000000000000000000, -0.000000000000000000 ) ) ;
#3627 = VERTEX_POINT ( 'NONE', #4464 ) ;
#3628 = CYLINDRICAL_SURFACE ( 'NONE', #5216, 18.55000000000001137 ) ;
#3629 = CARTESIAN_POINT ( 'NONE',  ( 115.0000000000000142, -38.00000000000000000, 70.00000000000000000 ) ) ;
#3630 = ORIENTED_EDGE ( 'NONE', *, *, #5006, .T. ) ;
#3631 = CYLINDRICAL_SURFACE ( 'NONE', #3288, 8.999999999999994671 ) ;
#3632 = CARTESIAN_POINT ( 'NONE',  ( 125.0000000000000000, -41.00000000000000000, 55.00000000000000000 ) ) ;
#3633 = ORIENTED_EDGE ( 'NONE', *, *, #3552, .F. ) ;
#3634 = ORIENTED_EDGE ( 'NONE', *, *, #1172, .T. ) ;
#3635 = CARTESIAN_POINT ( 'NONE',  ( 45.75706587302855155, 72.20000000000001705, -0.000000000000000000 ) ) ;
#3636 = VERTEX_POINT ( 'NONE', #376 ) ;
#3637 = LINE ( 'NONE', #5059, #5525 ) ;
#3638 = FACE_OUTER_BOUND ( 'NONE', #743, .T. ) ;
#3639 = EDGE_CURVE ( 'NONE', #5781, #291, #3309, .T. ) ;
#3640 = DIRECTION ( 'NONE',  ( 0.000000000000000000, 0.000000000000000000, -1.000000000000000000 ) ) ;
#3641 = DIRECTION ( 'NONE',  ( 0.000000000000000000, -0.000000000000000000, -1.000000000000000000 ) ) ;
#3642 = AXIS2_PLACEMENT_3D ( 'NONE', #5835, #2224, #4919 ) ;
#3643 = EDGE_CURVE ( 'NONE', #3548, #1566, #3165, .T. ) ;
#3644 = CARTESIAN_POINT ( 'NONE',  ( -72.79000000000002046, 12.00000000000000000, 22.87999999999999901 ) ) ;
#3645 = ORIENTED_EDGE ( 'NONE', *, *, #2529, .F. ) ;
#3646 = ORIENTED_EDGE ( 'NONE', *, *, #2402, .F. ) ;
#3647 = CIRCLE ( 'NONE', #2137, 5.170000000000007923 ) ;
#3648 = CYLINDRICAL_SURFACE ( 'NONE', #2034, 8.089999999999999858 ) ;
#3649 = LINE ( 'NONE', #2752, #5031 ) ;
#3651 = ORIENTED_EDGE ( 'NONE', *, *, #2647, .T. ) ;
#3650 = ADVANCED_FACE ( 'NONE', ( #2208, #4968, #3989 ), #1792, .F. ) ;
#3652 = CARTESIAN_POINT ( 'NONE',  ( -125.0000000000000000, 5.117814810189809549, 46.28460969082654231 ) ) ;
#3653 = CIRCLE ( 'NONE', #5678, 9.999999999999994671 ) ;
#3654 = VECTOR ( 'NONE', #2087, 1000.000000000000000 ) ;
#3655 = ORIENTED_EDGE ( 'NONE', *, *, #2530, .T. ) ;
#3656 =( BOUNDED_CURVE ( )  B_SPLINE_CURVE ( 3, ( #671, #4655, #614, #5240 ),
 .UNSPECIFIED., .F., .F. ) 
 B_SPLINE_CURVE_WITH_KNOTS ( ( 4, 4 ),
 ( 5.978492653164189541, 6.283185307179586232 ),
 .UNSPECIFIED. ) 
 CURVE ( )  GEOMETRIC_REPRESENTATION_ITEM ( )  RATIONAL_B_SPLINE_CURVE ( ( 1.000000000000000000, 0.9922784838777378713, 0.9922784838777378713, 1.000000000000000000 ) ) 
 REPRESENTATION_ITEM ( '' )  );
#3657 = CARTESIAN_POINT ( 'NONE',  ( -662.9162712043346346, -44.00000000000000711, 32.60264682899880029 ) ) ;
#3658 = ORIENTED_EDGE ( 'NONE', *, *, #626, .F. ) ;
#3659 = CARTESIAN_POINT ( 'NONE',  ( -145.0000000000000000, -41.00001200000000523, -34.83000000000000540 ) ) ;
#3660 = CARTESIAN_POINT ( 'NONE',  ( -125.0000000000000000, 72.20001200000000097, 88.59000000000004604 ) ) ;
#3661 = CIRCLE ( 'NONE', #1374, 45.00000000000000000 ) ;
#3662 = VERTEX_POINT ( 'NONE', #5454 ) ;
#3663 = ORIENTED_EDGE ( 'NONE', *, *, #1208, .T. ) ;
#3664 = DIRECTION ( 'NONE',  ( 0.000000000000000000, 1.000000000000000000, -0.000000000000000000 ) ) ;
#3665 = AXIS2_PLACEMENT_3D ( 'NONE', #5570, #612, #1515 ) ;
#3666 = CARTESIAN_POINT ( 'NONE',  ( -91.88000000000000966, 0.000000000000000000, 18.71368848543034247 ) ) ;
#3667 = VECTOR ( 'NONE', #4615, 1000.000000000000000 ) ;
#3668 = DIRECTION ( 'NONE',  ( -0.000000000000000000, 1.000000000000000000, -0.000000000000000000 ) ) ;
#3669 = CARTESIAN_POINT ( 'NONE',  ( 93.01807300429129555, 69.89857645026130228, 88.38306759733043805 ) ) ;
#3670 = CC_DESIGN_SECURITY_CLASSIFICATION ( #4227, ( #458 ) ) ;
#3671 = DIRECTION ( 'NONE',  ( 0.000000000000000000, 1.000000000000000000, 0.000000000000000000 ) ) ;
#3672 = ADVANCED_FACE ( 'NONE', ( #5817 ), #899, .F. ) ;
#3673 = ORIENTED_EDGE ( 'NONE', *, *, #4838, .F. ) ;
#3674 = EDGE_CURVE ( 'NONE', #831, #2673, #1289, .T. ) ;
#3675 = DIRECTION ( 'NONE',  ( 0.000000000000000000, 0.000000000000000000, 1.000000000000000000 ) ) ;
#3676 = EDGE_CURVE ( 'NONE', #2790, #3773, #1260, .T. ) ;
#3677 = EDGE_LOOP ( 'NONE', ( #2542, #4044 ) ) ;
#3678 = FACE_OUTER_BOUND ( 'NONE', #1842, .T. ) ;
#3679 = FACE_OUTER_BOUND ( 'NONE', #3560, .T. ) ;
#3680 = DIRECTION ( 'NONE',  ( 1.000000000000000000, -0.000000000000000000, 0.000000000000000000 ) ) ;
#3681 = ORIENTED_EDGE ( 'NONE', *, *, #3107, .F. ) ;
#3682 = CARTESIAN_POINT ( 'NONE',  ( 95.00000000000002842, 69.72142938542936008, 88.58999999999998920 ) ) ;
#3683 = CARTESIAN_POINT ( 'NONE',  ( -72.79000000000002046, 12.00000000000000000, 0.000000000000000000 ) ) ;
#3684 = VERTEX_POINT ( 'NONE', #5848 ) ;
#3685 = DIRECTION ( 'NONE',  ( 0.000000000000000000, 1.000000000000000000, -0.000000000000000000 ) ) ;
#3686 = CARTESIAN_POINT ( 'NONE',  ( 48.38703381417222005, 0.000000000000000000, -26.31424955595025850 ) ) ;
#3687 = ORIENTED_EDGE ( 'NONE', *, *, #797, .F. ) ;
#3688 = AXIS2_PLACEMENT_3D ( 'NONE', #4652, #580, #1632 ) ;
#3689 = ORIENTED_EDGE ( 'NONE', *, *, #2660, .T. ) ;
#3690 = DIRECTION ( 'NONE',  ( 0.000000000000000000, 0.000000000000000000, 1.000000000000000000 ) ) ;
#3691 = LINE ( 'NONE', #4647, #495 ) ;
#3692 = AXIS2_PLACEMENT_3D ( 'NONE', #5494, #5036, #5096 ) ;
#3693 = DIRECTION ( 'NONE',  ( -1.000000000000000000, 0.000000000000000000, 0.000000000000000000 ) ) ;
#3694 = EDGE_CURVE ( 'NONE', #5683, #1233, #1585, .T. ) ;
#3695 = CARTESIAN_POINT ( 'NONE',  ( -125.4980153333540898, 69.73048366183505209, 88.57970958066258049 ) ) ;
#3696 = VECTOR ( 'NONE', #3264, 1000.000000000000000 ) ;
#3697 = DIRECTION ( 'NONE',  ( -0.000000000000000000, 1.000000000000000000, -0.000000000000000000 ) ) ;
#3698 = CARTESIAN_POINT ( 'NONE',  ( -5.254798149870912205, 12.00000000000000000, -0.1337609751060793439 ) ) ;
#3699 = CIRCLE ( 'NONE', #879, 2.400000000000000799 ) ;
#3700 = VECTOR ( 'NONE', #519, 1000.000000000000000 ) ;
#3701 = CARTESIAN_POINT ( 'NONE',  ( -15.84039720032541787, -10.00000000000000178, 30.00000000000000355 ) ) ;
#3702 = ORIENTED_EDGE ( 'NONE', *, *, #1764, .F. ) ;
#3703 = DIRECTION ( 'NONE',  ( 0.000000000000000000, -0.000000000000000000, 1.000000000000000000 ) ) ;
#3704 = DIRECTION ( 'NONE',  ( -1.000000000000000000, 0.000000000000000000, 0.000000000000000000 ) ) ;
#3705 = AXIS2_PLACEMENT_3D ( 'NONE', #931, #4500, #4939 ) ;
#3706 = CARTESIAN_POINT ( 'NONE',  ( -125.0000000000000000, -29.00000000000000355, 82.84000000000004604 ) ) ;
#3707 = EDGE_CURVE ( 'NONE', #3086, #3684, #5662, .T. ) ;
#3708 = EDGE_CURVE ( 'NONE', #5813, #2943, #563, .T. ) ;
#3709 = DIRECTION ( 'NONE',  ( 0.000000000000000000, 0.000000000000000000, 1.000000000000000000 ) ) ;
#3710 = FACE_OUTER_BOUND ( 'NONE', #3593, .T. ) ;
#3711 = VERTEX_POINT ( 'NONE', #4078 ) ;
#3712 = DIRECTION ( 'NONE',  ( 0.000000000000000000, 0.000000000000000000, -1.000000000000000000 ) ) ;
#3713 = CARTESIAN_POINT ( 'NONE',  ( 8.130000000000007887, 0.000000000000000000, -22.87999999999999901 ) ) ;
#3714 = ORIENTED_EDGE ( 'NONE', *, *, #5044, .F. ) ;
#3715 = EDGE_CURVE ( 'NONE', #532, #1665, #3637, .T. ) ;
#3716 = EDGE_LOOP ( 'NONE', ( #2682, #817, #5046, #5248 ) ) ;
#3717 = CARTESIAN_POINT ( 'NONE',  ( -150.3044152935140687, -1.445602896647337684E-16, 44.76383150422628177 ) ) ;
#3718 = LINE ( 'NONE', #1485, #4942 ) ;
#3719 = CARTESIAN_POINT ( 'NONE',  ( -133.3623624759646020, 72.16464822729426487, 82.95365679138343751 ) ) ;
#3720 = DIRECTION ( 'NONE',  ( 0.000000000000000000, 0.000000000000000000, -1.000000000000000000 ) ) ;
#3721 = ADVANCED_FACE ( 'NONE', ( #3231 ), #22, .F. ) ;
#3722 = CARTESIAN_POINT ( 'NONE',  ( -145.0000000000000000, -41.00001200000000523, 70.00000000000000000 ) ) ;
#3723 = DIRECTION ( 'NONE',  ( -1.000000000000000000, 0.000000000000000000, 9.912705577010325549E-17 ) ) ;
#3724 = FACE_OUTER_BOUND ( 'NONE', #3372, .T. ) ;
#3725 = DIRECTION ( 'NONE',  ( 0.000000000000000000, 0.000000000000000000, -1.000000000000000000 ) ) ;
#3726 = VERTEX_POINT ( 'NONE', #3666 ) ;
#3727 = PLANE ( 'NONE',  #5188 ) ;
#3728 = CARTESIAN_POINT ( 'NONE',  ( -125.0000000000000000, 72.20001200000000097, 79.59000000000004604 ) ) ;
#3729 = LINE ( 'NONE', #565, #4049 ) ;
#3730 = FACE_OUTER_BOUND ( 'NONE', #64, .T. ) ;
#3731 = DIRECTION ( 'NONE',  ( 0.007011825813099753502, -0.9999754168472175797, 0.000000000000000000 ) ) ;
#3732 = VERTEX_POINT ( 'NONE', #2880 ) ;
#3733 = CARTESIAN_POINT ( 'NONE',  ( -87.40330962870898190, 12.00000000000000000, -22.87999999999999901 ) ) ;
#3734 = PRODUCT_DEFINITION ( 'UNKNOWN', '', #458, #3300 ) ;
#3735 = DIRECTION ( 'NONE',  ( -1.000000000000000000, 0.000000000000000000, 0.000000000000000000 ) ) ;
#3736 = CARTESIAN_POINT ( 'NONE',  ( 115.0000000000000142, 21.20000000000000284, 92.00000000000000000 ) ) ;
#3737 = AXIS2_PLACEMENT_3D ( 'NONE', #1132, #3422, #2928 ) ;
#3738 = CARTESIAN_POINT ( 'NONE',  ( 120.0000000000000000, 15.00000000000000000, 35.00000000000000000 ) ) ;
#3739 = EDGE_CURVE ( 'NONE', #3248, #4262, #183, .T. ) ;
#3740 = AXIS2_PLACEMENT_3D ( 'NONE', #1783, #3955, #5841 ) ;
#3741 = DIRECTION ( 'NONE',  ( 0.000000000000000000, -1.000000000000000000, 0.000000000000000000 ) ) ;
#3742 = CARTESIAN_POINT ( 'NONE',  ( 0.000000000000000000, 65.20000000000000284, 0.000000000000000000 ) ) ;
#3743 = DIRECTION ( 'NONE',  ( 1.000000000000000000, 0.000000000000000000, 0.000000000000000000 ) ) ;
#3744 = EDGE_CURVE ( 'NONE', #5416, #4323, #2795, .T. ) ;
#3745 = AXIS2_PLACEMENT_3D ( 'NONE', #2168, #1684, #390 ) ;
#3746 = DIRECTION ( 'NONE',  ( 0.000000000000000000, -1.000000000000000000, 0.000000000000000000 ) ) ;
#3747 = CARTESIAN_POINT ( 'NONE',  ( -155.0000000000000284, 1.678336007633474791, 63.34767634248557044 ) ) ;
#3748 = VECTOR ( 'NONE', #384, 1000.000000000000000 ) ;
#3749 = EDGE_CURVE ( 'NONE', #922, #5876, #2302, .T. ) ;
#3750 = LINE ( 'NONE', #1064, #1135 ) ;
#3751 = AXIS2_PLACEMENT_3D ( 'NONE', #5079, #3255, #70 ) ;
#3752 = CARTESIAN_POINT ( 'NONE',  ( -79.25479814987090776, 0.000000000000000000, -18.13376097510607821 ) ) ;
#3753 = LINE ( 'NONE', #5610, #3113 ) ;
#3754 = EDGE_CURVE ( 'NONE', #2082, #1830, #2665, .T. ) ;
#3755 = MECHANICAL_CONTEXT ( 'NONE', #5406, 'mechanical' ) ;
#3756 = CIRCLE ( 'NONE', #5695, 21.49999999999999289 ) ;
#3757 = DIRECTION ( 'NONE',  ( -0.000000000000000000, -1.000000000000000000, -0.000000000000000000 ) ) ;
#3758 = DIRECTION ( 'NONE',  ( 0.000000000000000000, -1.000000000000000000, 0.000000000000000000 ) ) ;
#3759 = DIRECTION ( 'NONE',  ( -0.000000000000000000, -1.000000000000000000, -0.000000000000000000 ) ) ;
#3760 = VERTEX_POINT ( 'NONE', #5482 ) ;
#3761 = CARTESIAN_POINT ( 'NONE',  ( 124.5393920141694650, 65.20000000000000284, 55.23030399291527459 ) ) ;
#3762 = DIRECTION ( 'NONE',  ( 0.000000000000000000, -1.000000000000000000, 0.000000000000000000 ) ) ;
#3763 = PERSON ( 'UNSPECIFIED', 'UNSPECIFIED', 'UNSPECIFIED', ('UNSPECIFIED'), ('UNSPECIFIED'), ('UNSPECIFIED') ) ;
#3764 = CARTESIAN_POINT ( 'NONE',  ( -5.254798149870912205, 0.000000000000000000, -0.1337609751060793439 ) ) ;
#3765 = CYLINDRICAL_SURFACE ( 'NONE', #4463, 10.00000000000000178 ) ;
#3766 = ORIENTED_EDGE ( 'NONE', *, *, #105, .T. ) ;
#3767 = CARTESIAN_POINT ( 'NONE',  ( -145.0000000000000000, -41.00000000000000000, -40.00000000000000711 ) ) ;
#3768 = EDGE_LOOP ( 'NONE', ( #2852, #2017 ) ) ;
#3769 = ORIENTED_EDGE ( 'NONE', *, *, #4104, .T. ) ;
#3770 = CARTESIAN_POINT ( 'NONE',  ( 48.38703381417222005, 28.69999999999999929, 13.73575044404973866 ) ) ;
#3771 = EDGE_CURVE ( 'NONE', #1217, #2550, #611, .T. ) ;
#3772 = DIRECTION ( 'NONE',  ( 0.000000000000000000, -1.000000000000000000, 0.000000000000000000 ) ) ;
#3773 = VERTEX_POINT ( 'NONE', #1926 ) ;
#3774 = CARTESIAN_POINT ( 'NONE',  ( -116.9524622028246625, 72.06934687431520103, 83.62720468660910456 ) ) ;
#3775 = EDGE_CURVE ( 'NONE', #1508, #397, #77, .T. ) ;
#3776 = AXIS2_PLACEMENT_3D ( 'NONE', #5088, #2825, #2850 ) ;
#3777 = CYLINDRICAL_SURFACE ( 'NONE', #1246, 1.500000000000001332 ) ;
#3778 = AXIS2_PLACEMENT_3D ( 'NONE', #2949, #3757, #5163 ) ;
#3779 = B_SPLINE_CURVE_WITH_KNOTS ( 'NONE', 3,
 ( #4598, #4750, #1640, #3836, #3378, #3407, #2517, #4307 ),
 .UNSPECIFIED., .F., .F.,
 ( 4, 2, 2, 4 ),
 ( 1.551583845779545699E-17, 0.001844399022349447852, 0.002766598533524174813, 0.003688798044698902209 ),
 .UNSPECIFIED. ) ;
#3780 = AXIS2_PLACEMENT_3D ( 'NONE', #2033, #3848, #357 ) ;
#3781 = DIRECTION ( 'NONE',  ( -0.000000000000000000, 1.000000000000000000, -0.000000000000000000 ) ) ;
#3782 = DIRECTION ( 'NONE',  ( 0.000000000000000000, -1.000000000000000000, 0.000000000000000000 ) ) ;
#3783 = CIRCLE ( 'NONE', #4855, 5.170000000000000817 ) ;
#3784 = FACE_OUTER_BOUND ( 'NONE', #5434, .T. ) ;
#3785 = CARTESIAN_POINT ( 'NONE',  ( -101.3034108745596455, 47.36499999999998067, 132.1026468289988145 ) ) ;
#3786 = VECTOR ( 'NONE', #3110, 1000.000000000000000 ) ;
#3787 = DIRECTION ( 'NONE',  ( -1.000000000000000000, 0.000000000000000000, -0.000000000000000000 ) ) ;
#3788 = EDGE_CURVE ( 'NONE', #4129, #5783, #3869, .T. ) ;
#3789 = LINE ( 'NONE', #1892, #1058 ) ;
#3790 = EDGE_CURVE ( 'NONE', #4330, #4858, #3967, .T. ) ;
#3791 = VERTEX_POINT ( 'NONE', #5598 ) ;
#3792 = DIRECTION ( 'NONE',  ( 0.000000000000000000, -1.000000000000000000, 0.000000000000000000 ) ) ;
#3793 = TOROIDAL_SURFACE ( 'NONE', #1241, 20.00000000000000000, 5.000000000000000000 ) ;
#3794 = CARTESIAN_POINT ( 'NONE',  ( 8.130000000000007887, 0.000000000000000000, 22.87999999999999901 ) ) ;
#3795 = DIRECTION ( 'NONE',  ( -0.000000000000000000, 1.000000000000000000, -0.000000000000000000 ) ) ;
#3796 = DIRECTION ( 'NONE',  ( 0.000000000000000000, 0.000000000000000000, 1.000000000000000000 ) ) ;
#3797 = AXIS2_PLACEMENT_3D ( 'NONE', #2423, #5575, #1009 ) ;
#3798 = FACE_OUTER_BOUND ( 'NONE', #1250, .T. ) ;
#3799 = ORIENTED_EDGE ( 'NONE', *, *, #2560, .F. ) ;
#3800 = DIRECTION ( 'NONE',  ( -1.000000000000000000, -0.000000000000000000, -0.000000000000000000 ) ) ;
#3801 = DIRECTION ( 'NONE',  ( 0.000000000000000000, 0.000000000000000000, -1.000000000000000000 ) ) ;
#3802 = VERTEX_POINT ( 'NONE', #1903 ) ;
#3803 = CARTESIAN_POINT ( 'NONE',  ( -121.1802985201099148, 70.38371855879239547, 87.75325601491881855 ) ) ;
#3804 = ORIENTED_EDGE ( 'NONE', *, *, #453, .T. ) ;
#3805 = LINE ( 'NONE', #5274, #3241 ) ;
#3806 = DIRECTION ( 'NONE',  ( 0.000000000000000000, 1.000000000000000000, -0.000000000000000000 ) ) ;
#3807 = CARTESIAN_POINT ( 'NONE',  ( -130.5000000000000000, 4.699999999999999289, 25.50000000000000355 ) ) ;
#3808 = EDGE_CURVE ( 'NONE', #3048, #3380, #3718, .T. ) ;
#3809 = DIRECTION ( 'NONE',  ( 0.000000000000000000, 0.000000000000000000, 1.000000000000000000 ) ) ;
#3810 = DIRECTION ( 'NONE',  ( 0.000000000000000000, 0.000000000000000000, -1.000000000000000000 ) ) ;
#3811 = CARTESIAN_POINT ( 'NONE',  ( 115.0000000000000142, 62.20000000000000995, -61.67500000000002558 ) ) ;
#3812 = DIRECTION ( 'NONE',  ( 0.000000000000000000, 0.000000000000000000, 1.000000000000000000 ) ) ;
#3813 = CARTESIAN_POINT ( 'NONE',  ( 120.0000000000000000, -0.000000000000000000, 50.00000000000000000 ) ) ;
#3814 = CARTESIAN_POINT ( 'NONE',  ( -96.25341087455964839, 47.36499999999998067, -61.35000000000000142 ) ) ;
#3815 = EDGE_LOOP ( 'NONE', ( #5623, #53, #5750, #958, #1615 ) ) ;
#3816 = VERTEX_POINT ( 'NONE', #5029 ) ;
#3817 = DIRECTION ( 'NONE',  ( 0.000000000000000000, -0.000000000000000000, -1.000000000000000000 ) ) ;
#3818 = CARTESIAN_POINT ( 'NONE',  ( -125.0000000000000000, 47.20000000000001705, 79.59000000000004604 ) ) ;
#3819 = ADVANCED_FACE ( 'NONE', ( #3318 ), #864, .T. ) ;
#3820 = ORIENTED_EDGE ( 'NONE', *, *, #2905, .T. ) ;
#3821 = VERTEX_POINT ( 'NONE', #2386 ) ;
#3822 = CARTESIAN_POINT ( 'NONE',  ( -154.9999999999999716, 2.604634378297577157, 59.53757478965168559 ) ) ;
#3823 = DIRECTION ( 'NONE',  ( -1.000000000000000000, -0.000000000000000000, -0.000000000000000000 ) ) ;
#3824 = ORIENTED_EDGE ( 'NONE', *, *, #106, .F. ) ;
#3825 = DIRECTION ( 'NONE',  ( 0.000000000000000000, 0.000000000000000000, -1.000000000000000000 ) ) ;
#3826 = CARTESIAN_POINT ( 'NONE',  ( 48.38703381417222005, 28.69999999999999929, -23.36424955595027697 ) ) ;
#3827 = CIRCLE ( 'NONE', #2132, 5.169999999999993712 ) ;
#3828 = VERTEX_POINT ( 'NONE', #4103 ) ;
#3829 = DIRECTION ( 'NONE',  ( 0.000000000000000000, 1.000000000000000000, 0.000000000000000000 ) ) ;
#3830 = CARTESIAN_POINT ( 'NONE',  ( -130.5000000000000000, 28.69999999999999929, 6.949999999999987743 ) ) ;
#3831 = ORIENTED_EDGE ( 'NONE', *, *, #3369, .F. ) ;
#3832 = ORIENTED_EDGE ( 'NONE', *, *, #5603, .T. ) ;
#3833 = AXIS2_PLACEMENT_3D ( 'NONE', #3194, #5021, #946 ) ;
#3834 = CIRCLE ( 'NONE', #2029, 5.174999999999991829 ) ;
#3835 = ORIENTED_EDGE ( 'NONE', *, *, #4052, .T. ) ;
#3836 = CARTESIAN_POINT ( 'NONE',  ( -154.9238117404103434, 63.45769689630871824, -54.11220333761410473 ) ) ;
#3837 = AXIS2_PLACEMENT_3D ( 'NONE', #4424, #2565, #4915 ) ;
#3838 = ORIENTED_EDGE ( 'NONE', *, *, #121, .T. ) ;
#3839 = DIRECTION ( 'NONE',  ( 0.000000000000000000, 1.000000000000000000, 0.000000000000000000 ) ) ;
#3840 = VERTEX_POINT ( 'NONE', #1456 ) ;
#3841 = ADVANCED_FACE ( 'NONE', ( #1432 ), #3261, .F. ) ;
#3842 = AXIS2_PLACEMENT_3D ( 'NONE', #119, #2863, #595 ) ;
#3843 = DIRECTION ( 'NONE',  ( 0.000000000000000000, 1.000000000000000000, 0.000000000000000000 ) ) ;
#3844 = FACE_OUTER_BOUND ( 'NONE', #1989, .T. ) ;
#3845 = FACE_OUTER_BOUND ( 'NONE', #345, .T. ) ;
#3846 = VECTOR ( 'NONE', #5507, 1000.000000000000000 ) ;
#3847 = EDGE_CURVE ( 'NONE', #2877, #1233, #2064, .T. ) ;
#3848 = DIRECTION ( 'NONE',  ( 0.000000000000000000, 1.000000000000000000, -0.000000000000000000 ) ) ;
#3849 = VERTEX_POINT ( 'NONE', #2544 ) ;
#3850 = AXIS2_PLACEMENT_3D ( 'NONE', #1997, #145, #3333 ) ;
#3851 = LINE ( 'NONE', #1049, #2822 ) ;
#3852 = CARTESIAN_POINT ( 'NONE',  ( -130.5000000000000000, 0.000000000000000000, 25.50000000000000355 ) ) ;
#3853 = ORIENTED_EDGE ( 'NONE', *, *, #5380, .T. ) ;
#3854 = EDGE_LOOP ( 'NONE', ( #877, #1442, #894, #1703 ) ) ;
#3855 = CARTESIAN_POINT ( 'NONE',  ( -155.0000000000000000, -5.000000000000000000, 42.58342613226059115 ) ) ;
#3856 = CARTESIAN_POINT ( 'NONE',  ( -155.0000000000000000, 21.20000000000000284, 67.00000000000000000 ) ) ;
#3857 = ORIENTED_EDGE ( 'NONE', *, *, #1362, .T. ) ;
#3858 = CARTESIAN_POINT ( 'NONE',  ( -155.0000000000000000, 21.20000000000000284, 80.00000000000000000 ) ) ;
#3859 = SPHERICAL_SURFACE ( 'NONE', #2336, 10.00000000000000000 ) ;
#3860 = VERTEX_POINT ( 'NONE', #277 ) ;
#3861 = DIRECTION ( 'NONE',  ( 0.000000000000000000, 0.000000000000000000, 1.000000000000000000 ) ) ;
#3862 = VERTEX_POINT ( 'NONE', #186 ) ;
#3863 = EDGE_LOOP ( 'NONE', ( #185, #1421, #940, #5613 ) ) ;
#3864 = EDGE_LOOP ( 'NONE', ( #2663, #916, #2789, #4867 ) ) ;
#3865 = EDGE_CURVE ( 'NONE', #2448, #856, #2508, .T. ) ;
#3866 = EDGE_CURVE ( 'NONE', #4237, #1205, #278, .T. ) ;
#3867 = ORIENTED_EDGE ( 'NONE', *, *, #82, .F. ) ;
#3868 = DIRECTION ( 'NONE',  ( -1.000000000000000000, 0.000000000000000000, -0.000000000000000000 ) ) ;
#3869 = CIRCLE ( 'NONE', #1317, 5.050000000000068212 ) ;
#3870 = ORIENTED_EDGE ( 'NONE', *, *, #1286, .F. ) ;
#3871 = CARTESIAN_POINT ( 'NONE',  ( -145.0000000000000000, -41.00000000000000000, -40.00000000000000711 ) ) ;
#3872 = CARTESIAN_POINT ( 'NONE',  ( 115.0000000000000142, 62.20000000000000995, -51.32499999999998863 ) ) ;
#3873 = VECTOR ( 'NONE', #4729, 1000.000000000000000 ) ;
#3874 = DIRECTION ( 'NONE',  ( 0.000000000000000000, -1.000000000000000000, -0.000000000000000000 ) ) ;
#3875 = DIRECTION ( 'NONE',  ( 1.000000000000000000, 0.000000000000000000, 0.000000000000000000 ) ) ;
#3876 = AXIS2_PLACEMENT_3D ( 'NONE', #5642, #5254, #5668 ) ;
#3877 = DIRECTION ( 'NONE',  ( -0.000000000000000000, -0.000000000000000000, 1.000000000000000000 ) ) ;
#3878 = AXIS2_PLACEMENT_3D ( 'NONE', #4283, #680, #1523 ) ;
#3879 = PLANE ( 'NONE',  #2858 ) ;
#3880 = ORIENTED_EDGE ( 'NONE', *, *, #842, .T. ) ;
#3881 = CARTESIAN_POINT ( 'NONE',  ( -18.04398511435014285, 0.1044258238880054201, 36.96214808047756861 ) ) ;
#3882 = DIRECTION ( 'NONE',  ( 0.000000000000000000, 1.000000000000000000, 0.000000000000000000 ) ) ;
#3883 = VECTOR ( 'NONE', #3220, 1000.000000000000000 ) ;
#3884 = EDGE_CURVE ( 'NONE', #4513, #1774, #5430, .T. ) ;
#3885 = FACE_OUTER_BOUND ( 'NONE', #2650, .T. ) ;
#3886 = ORIENTED_EDGE ( 'NONE', *, *, #1214, .F. ) ;
#3887 = FACE_OUTER_BOUND ( 'NONE', #5671, .T. ) ;
#3888 = PLANE ( 'NONE',  #2679 ) ;
#3889 = AXIS2_PLACEMENT_3D ( 'NONE', #1446, #5104, #4761 ) ;
#3890 = ORIENTED_EDGE ( 'NONE', *, *, #2974, .T. ) ;
#3891 = EDGE_CURVE ( 'NONE', #1078, #2123, #1955, .T. ) ;
#3892 = CARTESIAN_POINT ( 'NONE',  ( -155.0000000000000000, 0.000000000000000000, -55.00000000000000000 ) ) ;
#3893 = LINE ( 'NONE', #3826, #347 ) ;
#3894 = ORIENTED_EDGE ( 'NONE', *, *, #5799, .F. ) ;
#3895 = DIRECTION ( 'NONE',  ( 1.000000000000000000, -0.000000000000000000, 0.000000000000000000 ) ) ;
#3896 = ORIENTED_EDGE ( 'NONE', *, *, #2491, .F. ) ;
#3897 = EDGE_LOOP ( 'NONE', ( #2290, #5290, #2643, #5883 ) ) ;
#3898 = AXIS2_PLACEMENT_3D ( 'NONE', #2154, #3611, #3959 ) ;
#3899 = VERTEX_POINT ( 'NONE', #3858 ) ;
#3900 = DIRECTION ( 'NONE',  ( 0.000000000000000000, 1.000000000000000000, 0.000000000000000000 ) ) ;
#3901 = CARTESIAN_POINT ( 'NONE',  ( -402.3928805127287092, 0.000000000000000000, -221.5678609108982471 ) ) ;
#3902 = ADVANCED_FACE ( 'NONE', ( #4299 ), #728, .T. ) ;
#3903 = ORIENTED_EDGE ( 'NONE', *, *, #765, .T. ) ;
#3904 = DIRECTION ( 'NONE',  ( -1.000000000000000000, 0.000000000000000000, -0.000000000000000000 ) ) ;
#3905 = DIRECTION ( 'NONE',  ( 0.000000000000000000, 0.000000000000000000, -1.000000000000000000 ) ) ;
#3906 = CARTESIAN_POINT ( 'NONE',  ( -145.0000000000000000, 62.20000000000000995, -56.49999999999997868 ) ) ;
#3907 = DIRECTION ( 'NONE',  ( -0.000000000000000000, -0.000000000000000000, 1.000000000000000000 ) ) ;
#3908 = DIRECTION ( 'NONE',  ( 0.000000000000000000, 0.000000000000000000, 1.000000000000000000 ) ) ;
#3909 = ORIENTED_EDGE ( 'NONE', *, *, #2529, .T. ) ;
#3910 = CARTESIAN_POINT ( 'NONE',  ( -23.79684914324101541, 1.332452038312905929, 41.18288964869576319 ) ) ;
#3911 = FACE_OUTER_BOUND ( 'NONE', #3950, .T. ) ;
#3912 = CARTESIAN_POINT ( 'NONE',  ( -130.5000000000000000, 28.69999999999999929, 3.999999999999989786 ) ) ;
#3913 = ORIENTED_EDGE ( 'NONE', *, *, #797, .T. ) ;
#3914 = VERTEX_POINT ( 'NONE', #637 ) ;
#3915 = CARTESIAN_POINT ( 'NONE',  ( -155.0000000000000000, -3.350507698647690713, 52.67602725499987315 ) ) ;
#3916 = CARTESIAN_POINT ( 'NONE',  ( -154.8345871362973014, 5.792054727315042228, 67.00000000000000000 ) ) ;
#3917 = ORIENTED_EDGE ( 'NONE', *, *, #2821, .F. ) ;
#3918 = EDGE_CURVE ( 'NONE', #1109, #5683, #1198, .T. ) ;
#3919 = DIRECTION ( 'NONE',  ( -0.000000000000000000, 1.000000000000000000, -0.000000000000000000 ) ) ;
#3920 = DIRECTION ( 'NONE',  ( 0.000000000000000000, -1.000000000000000000, 0.000000000000000000 ) ) ;
#3921 = VERTEX_POINT ( 'NONE', #1111 ) ;
#3922 = ORIENTED_EDGE ( 'NONE', *, *, #3344, .T. ) ;
#3923 = DIRECTION ( 'NONE',  ( -0.000000000000000000, -1.000000000000000000, -0.000000000000000000 ) ) ;
#3924 = ORIENTED_EDGE ( 'NONE', *, *, #5090, .T. ) ;
#3925 = ORIENTED_EDGE ( 'NONE', *, *, #5872, .T. ) ;
#3926 = EDGE_CURVE ( 'NONE', #76, #5273, #1493, .T. ) ;
#3927 = ORIENTED_EDGE ( 'NONE', *, *, #2310, .F. ) ;
#3928 = AXIS2_PLACEMENT_3D ( 'NONE', #2888, #2804, #3703 ) ;
#3929 = PLANE ( 'NONE',  #115 ) ;
#3930 = EDGE_CURVE ( 'NONE', #76, #5901, #698, .T. ) ;
#3931 = EDGE_CURVE ( 'NONE', #3451, #342, #4845, .T. ) ;
#3932 = VECTOR ( 'NONE', #3919, 1000.000000000000000 ) ;
#3933 = AXIS2_PLACEMENT_3D ( 'NONE', #4102, #46, #4592 ) ;
#3934 = ORIENTED_EDGE ( 'NONE', *, *, #3866, .F. ) ;
#3935 = CARTESIAN_POINT ( 'NONE',  ( -325.7799143269008937, 6.000000000000000000, -185.4036113549479978 ) ) ;
#3936 = CARTESIAN_POINT ( 'NONE',  ( -38.36557951498834029, 0.000000000000000000, 35.00000000000000000 ) ) ;
#3937 = CARTESIAN_POINT ( 'NONE',  ( -662.9162712043346346, -44.00000000000000711, 82.10264682899880029 ) ) ;
#3938 = EDGE_CURVE ( 'NONE', #5053, #3821, #2963, .T. ) ;
#3939 = VECTOR ( 'NONE', #5666, 1000.000000000000000 ) ;
#3940 = CARTESIAN_POINT ( 'NONE',  ( 48.38703381417222005, 0.000000000000000000, 16.68575044404972374 ) ) ;
#3941 = PERSON_AND_ORGANIZATION_ROLE ( 'design_supplier' ) ;
#3942 = FACE_OUTER_BOUND ( 'NONE', #3897, .T. ) ;
#3943 = AXIS2_PLACEMENT_3D ( 'NONE', #2947, #3843, #2495 ) ;
#3944 = ORIENTED_EDGE ( 'NONE', *, *, #5134, .F. ) ;
#3945 = EDGE_CURVE ( 'NONE', #5912, #2614, #1982, .T. ) ;
#3946 = CARTESIAN_POINT ( 'NONE',  ( -19.55067284675424588, 0.4375448720659191326, 38.61589991963104751 ) ) ;
#3947 = CYLINDRICAL_SURFACE ( 'NONE', #5497, 15.00000000000000000 ) ;
#3948 = CARTESIAN_POINT ( 'NONE',  ( -145.8616495587436646, 69.43406258529770980, 63.00000000000001421 ) ) ;
#3949 = AXIS2_PLACEMENT_3D ( 'NONE', #632, #2568, #182 ) ;
#3950 = EDGE_LOOP ( 'NONE', ( #4496, #5861, #5554, #2282 ) ) ;
#3951 = CARTESIAN_POINT ( 'NONE',  ( -153.7450430015996687, 6.863828829162724965, 65.04739877644963997 ) ) ;
#3952 = CARTESIAN_POINT ( 'NONE',  ( -154.8967902325069872, 5.471696223202157761, 67.00000000000000000 ) ) ;
#3953 = ORIENTED_EDGE ( 'NONE', *, *, #3468, .F. ) ;
#3954 = LOCAL_TIME ( 17, 16, 27.00000000000000000, #1771 ) ;
#3955 = DIRECTION ( 'NONE',  ( 0.000000000000000000, -1.000000000000000000, 0.000000000000000000 ) ) ;
#3956 = CARTESIAN_POINT ( 'NONE',  ( 97.45479179533521119, 69.99886761128956891, 88.26235248346512208 ) ) ;
#3957 = ORIENTED_EDGE ( 'NONE', *, *, #3790, .T. ) ;
#3958 = ORIENTED_EDGE ( 'NONE', *, *, #3327, .T. ) ;
#3959 = DIRECTION ( 'NONE',  ( 0.000000000000000000, -0.000000000000000000, 1.000000000000000000 ) ) ;
#3960 = EDGE_CURVE ( 'NONE', #9, #454, #2271, .T. ) ;
#3961 = ADVANCED_FACE ( 'NONE', ( #4210 ), #160, .T. ) ;
#3962 = VERTEX_POINT ( 'NONE', #3770 ) ;
#3963 = CARTESIAN_POINT ( 'NONE',  ( 125.0000000000000000, -41.00000000000000000, -70.00000000000000000 ) ) ;
#3964 = CARTESIAN_POINT ( 'NONE',  ( -79.25479814987089355, 0.000000000000000000, -0.1337609751060793439 ) ) ;
#3965 = CARTESIAN_POINT ( 'NONE',  ( -155.0000000000000000, 72.20000000000001705, 80.00000000000000000 ) ) ;
#3966 = CARTESIAN_POINT ( 'NONE',  ( 115.0000000000000000, 21.20000000000000284, 82.00000000000000000 ) ) ;
#3967 = CIRCLE ( 'NONE', #4646, 3.249999999999988898 ) ;
#3968 = CARTESIAN_POINT ( 'NONE',  ( -130.5000000000000000, 24.69999999999999929, 25.50000000000000355 ) ) ;
#3969 = AXIS2_PLACEMENT_3D ( 'NONE', #3620, #3073, #479 ) ;
#3970 = ORIENTED_EDGE ( 'NONE', *, *, #4891, .T. ) ;
#3971 = CARTESIAN_POINT ( 'NONE',  ( -87.40330962870898190, 12.00000000000000000, 22.87999999999999901 ) ) ;
#3972 = CARTESIAN_POINT ( 'NONE',  ( 45.75706587302855155, 65.20000000000000284, -50.00000000000000000 ) ) ;
#3973 = PLANE ( 'NONE',  #5323 ) ;
#3974 = AXIS2_PLACEMENT_3D ( 'NONE', #2279, #3697, #983 ) ;
#3976 = VERTEX_POINT ( 'NONE', #4774 ) ;
#3975 = EDGE_CURVE ( 'NONE', #2115, #342, #4239, .T. ) ;
#3977 = LINE ( 'NONE', #4008, #956 ) ;
#3978 = FACE_OUTER_BOUND ( 'NONE', #1393, .T. ) ;
#3979 = ORIENTED_EDGE ( 'NONE', *, *, #313, .F. ) ;
#3980 = AXIS2_PLACEMENT_3D ( 'NONE', #2477, #110, #4533 ) ;
#3981 = DIRECTION ( 'NONE',  ( 0.000000000000000000, -1.000000000000000000, 0.000000000000000000 ) ) ;
#3982 = CARTESIAN_POINT ( 'NONE',  ( 99.66357954258195662, 70.68284133166798711, 87.30232092243272746 ) ) ;
#3983 = ORIENTED_EDGE ( 'NONE', *, *, #5563, .T. ) ;
#3984 = EDGE_LOOP ( 'NONE', ( #5718, #1023, #2613, #5083 ) ) ;
#3985 = AXIS2_PLACEMENT_3D ( 'NONE', #217, #5682, #3208 ) ;
#3986 = FACE_OUTER_BOUND ( 'NONE', #949, .T. ) ;
#3987 = FACE_OUTER_BOUND ( 'NONE', #1277, .T. ) ;
#3988 = CARTESIAN_POINT ( 'NONE',  ( 124.6944125303823938, 64.70706617520200155, -53.23953933643840486 ) ) ;
#3989 = FACE_OUTER_BOUND ( 'NONE', #1917, .T. ) ;
#3990 = AXIS2_PLACEMENT_3D ( 'NONE', #2820, #1079, #156 ) ;
#3991 = AXIS2_PLACEMENT_3D ( 'NONE', #2018, #2618, #470 ) ;
#3992 = VERTEX_POINT ( 'NONE', #4800 ) ;
#3993 = PLANE ( 'NONE',  #978 ) ;
#3994 = DIRECTION ( 'NONE',  ( 0.000000000000000000, 0.000000000000000000, 1.000000000000000000 ) ) ;
#3995 = DIRECTION ( 'NONE',  ( 0.000000000000000000, -0.000000000000000000, -1.000000000000000000 ) ) ;
#3996 = CYLINDRICAL_SURFACE ( 'NONE', #3345, 9.999999999999994671 ) ;
#3997 = PLANE ( 'NONE',  #5500 ) ;
#3998 = ORIENTED_EDGE ( 'NONE', *, *, #4976, .T. ) ;
#3999 = EDGE_CURVE ( 'NONE', #2673, #1298, #4335, .T. ) ;
#4000 = EDGE_CURVE ( 'NONE', #1109, #4153, #3042, .T. ) ;
#4001 = DIRECTION ( 'NONE',  ( 0.000000000000000000, 1.000000000000000000, 0.000000000000000000 ) ) ;
#4002 = EDGE_LOOP ( 'NONE', ( #1336, #4875, #5074, #3831 ) ) ;
#4003 = ORIENTED_EDGE ( 'NONE', *, *, #1458, .T. ) ;
#4004 = CARTESIAN_POINT ( 'NONE',  ( 0.000000000000000000, -41.00000000000000000, 0.000000000000000000 ) ) ;
#4005 = CARTESIAN_POINT ( 'NONE',  ( -144.1216443267942395, 70.51391263103580798, 63.00000000000001421 ) ) ;
#4006 = ADVANCED_FACE ( 'NONE', ( #5235 ), #1141, .T. ) ;
#4007 = ORIENTED_EDGE ( 'NONE', *, *, #5228, .T. ) ;
#4008 = CARTESIAN_POINT ( 'NONE',  ( -79.25479814987090776, 0.000000000000000000, -16.63376097510608176 ) ) ;
#4009 = CARTESIAN_POINT ( 'NONE',  ( 48.38703381417222005, 24.59999999999999787, -4.814249555950268267 ) ) ;
#4010 = ORIENTED_EDGE ( 'NONE', *, *, #4238, .F. ) ;
#4011 = DIRECTION ( 'NONE',  ( -0.000000000000000000, -0.000000000000000000, -1.000000000000000000 ) ) ;
#4012 = EDGE_CURVE ( 'NONE', #4237, #291, #2669, .T. ) ;
#4013 = CARTESIAN_POINT ( 'NONE',  ( 98.37346310352612022, 70.24121886709669127, 87.94795710954873869 ) ) ;
#4014 = ORIENTED_EDGE ( 'NONE', *, *, #469, .F. ) ;
#4015 = EDGE_LOOP ( 'NONE', ( #4282, #5298 ) ) ;
#4016 = CYLINDRICAL_SURFACE ( 'NONE', #3526, 18.55000000000000782 ) ;
#4017 = DIRECTION ( 'NONE',  ( 0.000000000000000000, 1.000000000000000000, 0.000000000000000000 ) ) ;
#4018 = VECTOR ( 'NONE', #863, 1000.000000000000000 ) ;
#4019 = AXIS2_PLACEMENT_3D ( 'NONE', #592, #1367, #4992 ) ;
#4020 = VERTEX_POINT ( 'NONE', #3054 ) ;
#4021 = DIRECTION ( 'NONE',  ( 1.000000000000000000, 0.000000000000000000, 0.000000000000000000 ) ) ;
#4022 = PLANE ( 'NONE',  #5875 ) ;
#4023 = CARTESIAN_POINT ( 'NONE',  ( -687.9162712043346346, -44.00000000000000711, 117.0526468289987463 ) ) ;
#4024 = CARTESIAN_POINT ( 'NONE',  ( -130.0595217343742718, 70.83832387198020797, 87.04838832274737115 ) ) ;
#4025 = EDGE_LOOP ( 'NONE', ( #4612, #2611, #393, #4131 ) ) ;
#4026 = CALENDAR_DATE ( 2026, 20, 4 ) ;
#4027 = AXIS2_PLACEMENT_3D ( 'NONE', #2983, #1563, #2873 ) ;
#4028 = DIRECTION ( 'NONE',  ( 0.000000000000000000, 1.000000000000000000, -0.000000000000000000 ) ) ;
#4029 = ADVANCED_FACE ( 'NONE', ( #4868 ), #3083, .F. ) ;
#4030 = VERTEX_POINT ( 'NONE', #798 ) ;
#4031 = AXIS2_PLACEMENT_3D ( 'NONE', #5227, #5618, #2066 ) ;
#4032 = AXIS2_PLACEMENT_3D ( 'NONE', #2459, #202, #3809 ) ;
#4033 = ADVANCED_FACE ( 'NONE', ( #5811 ), #2174, .T. ) ;
#4034 = LINE ( 'NONE', #5802, #4616 ) ;
#4035 = DIRECTION ( 'NONE',  ( -0.000000000000000000, -1.000000000000000000, -0.000000000000000000 ) ) ;
#4036 = LINE ( 'NONE', #5892, #1545 ) ;
#4037 = EDGE_CURVE ( 'NONE', #5137, #5539, #4240, .T. ) ;
#4038 = EDGE_LOOP ( 'NONE', ( #1541, #3689 ) ) ;
#4039 = FACE_OUTER_BOUND ( 'NONE', #162, .T. ) ;
#4040 = DIRECTION ( 'NONE',  ( 0.000000000000000000, -1.000000000000000000, 0.000000000000000000 ) ) ;
#4041 = CIRCLE ( 'NONE', #4717, 9.999999999999994671 ) ;
#4042 = DIRECTION ( 'NONE',  ( 0.000000000000000000, -1.000000000000000000, 0.000000000000000000 ) ) ;
#4043 = CARTESIAN_POINT ( 'NONE',  ( 100.0628885565639052, 70.83966042312744094, 87.04612868476449705 ) ) ;
#4044 = ORIENTED_EDGE ( 'NONE', *, *, #3523, .T. ) ;
#4045 = EDGE_LOOP ( 'NONE', ( #468, #40 ) ) ;
#4046 = LINE ( 'NONE', #3635, #1611 ) ;
#4047 = VECTOR ( 'NONE', #1784, 1000.000000000000000 ) ;
#4048 = CARTESIAN_POINT ( 'NONE',  ( -130.8777799524216334, 5.348208661277321418, 46.99999999999992184 ) ) ;
#4049 = VECTOR ( 'NONE', #5583, 1000.000000000000000 ) ;
#4050 = EDGE_CURVE ( 'NONE', #1628, #255, #4433, .T. ) ;
#4051 = VERTEX_POINT ( 'NONE', #3546 ) ;
#4052 = EDGE_CURVE ( 'NONE', #5579, #340, #369, .T. ) ;
#4053 = DIRECTION ( 'NONE',  ( -1.000000000000000000, 0.000000000000000000, 0.000000000000000000 ) ) ;
#4054 = FACE_OUTER_BOUND ( 'NONE', #2001, .T. ) ;
#4055 = CARTESIAN_POINT ( 'NONE',  ( 119.7669458041988122, 65.21743447307898123, 50.46610839160237560 ) ) ;
#4056 = CARTESIAN_POINT ( 'NONE',  ( 76.14000000000000057, 72.20000000000001705, -80.00000000000000000 ) ) ;
#4057 = VERTEX_POINT ( 'NONE', #2575 ) ;
#4058 = DIRECTION ( 'NONE',  ( -0.000000000000000000, 1.000000000000000000, -0.000000000000000000 ) ) ;
#4059 = ORIENTED_EDGE ( 'NONE', *, *, #1212, .F. ) ;
#4060 = CARTESIAN_POINT ( 'NONE',  ( -27.65792282279827674, -41.00000000000000000, 41.81752562247285709 ) ) ;
#4061 = DIRECTION ( 'NONE',  ( 0.000000000000000000, 0.000000000000000000, 1.000000000000000000 ) ) ;
#4062 = AXIS2_PLACEMENT_3D ( 'NONE', #3430, #4714, #5712 ) ;
#4063 = ORIENTED_EDGE ( 'NONE', *, *, #3327, .F. ) ;
#4064 = PLANE ( 'NONE',  #3507 ) ;
#4065 = DIRECTION ( 'NONE',  ( 0.000000000000000000, 0.000000000000000000, 1.000000000000000000 ) ) ;
#4066 = VERTEX_POINT ( 'NONE', #4401 ) ;
#4067 = B_SPLINE_CURVE_WITH_KNOTS ( 'NONE', 3,
 ( #4190, #1409, #1440, #1884, #1013, #3240, #617, #4631, #4572, #1038, #5522, #56, #5552, #1382, #5128, #986, #560, #83 ),
 .UNSPECIFIED., .F., .F.,
 ( 4, 2, 2, 2, 2, 2, 2, 2, 4 ),
 ( 0.000000000000000000, 0.0009330653703994507605, 0.001866130740798901521, 0.002799196111198352065, 0.003732261481597803042, 0.004665326851997254019, 0.005598392222396704129, 0.006531457592796155107, 0.007464522963195606084 ),
 .UNSPECIFIED. ) ;
#4068 = DIRECTION ( 'NONE',  ( 0.000000000000000000, 1.000000000000000000, 0.000000000000000000 ) ) ;
#4069 = VECTOR ( 'NONE', #4058, 1000.000000000000000 ) ;
#4070 = EDGE_CURVE ( 'NONE', #5053, #494, #5775, .T. ) ;
#4071 = DIRECTION ( 'NONE',  ( -1.000000000000000000, -0.000000000000000000, -0.000000000000000000 ) ) ;
#4072 = ORIENTED_EDGE ( 'NONE', *, *, #5224, .F. ) ;
#4073 = ORIENTED_EDGE ( 'NONE', *, *, #5510, .F. ) ;
#4074 = CARTESIAN_POINT ( 'NONE',  ( 125.0000000000000000, 15.00000000000000000, 55.00000000000000000 ) ) ;
#4075 = ORIENTED_EDGE ( 'NONE', *, *, #4818, .F. ) ;
#4076 = EDGE_CURVE ( 'NONE', #2185, #730, #3476, .T. ) ;
#4077 = CIRCLE ( 'NONE', #5723, 8.999999999999994671 ) ;
#4078 = CARTESIAN_POINT ( 'NONE',  ( 125.0000000000000000, 62.20000000000000995, 55.00000000000000711 ) ) ;
#4079 = EDGE_CURVE ( 'NONE', #1088, #4674, #241, .T. ) ;
#4080 = AXIS2_PLACEMENT_3D ( 'NONE', #2573, #244, #3518 ) ;
#4081 = DIRECTION ( 'NONE',  ( 1.000000000000000000, 0.000000000000000000, 0.000000000000000000 ) ) ;
#4082 = DIRECTION ( 'NONE',  ( 0.000000000000000000, 0.000000000000000000, 1.000000000000000000 ) ) ;
#4083 = AXIS2_PLACEMENT_3D ( 'NONE', #4932, #5452, #977 ) ;
#4084 = LINE ( 'NONE', #4907, #5161 ) ;
#4085 = ORIENTED_EDGE ( 'NONE', *, *, #2887, .T. ) ;
#4086 = EDGE_CURVE ( 'NONE', #3976, #494, #4958, .T. ) ;
#4087 = DIRECTION ( 'NONE',  ( 1.000000000000000000, 0.000000000000000000, 0.000000000000000000 ) ) ;
#4088 = EDGE_LOOP ( 'NONE', ( #1196, #992 ) ) ;
#4089 = DIRECTION ( 'NONE',  ( 0.000000000000000000, 0.000000000000000000, -1.000000000000000000 ) ) ;
#4090 = CARTESIAN_POINT ( 'NONE',  ( -77.59000000000001762, 34.82500000000000284, -49.99999999999998579 ) ) ;
#4091 = VERTEX_POINT ( 'NONE', #1663 ) ;
#4092 = DIRECTION ( 'NONE',  ( 0.000000000000000000, 0.000000000000000000, -1.000000000000000000 ) ) ;
#4093 = FACE_OUTER_BOUND ( 'NONE', #4648, .T. ) ;
#4094 = ORIENTED_EDGE ( 'NONE', *, *, #3584, .T. ) ;
#4095 = DIRECTION ( 'NONE',  ( 1.000000000000000000, 0.000000000000000000, 0.000000000000000000 ) ) ;
#4096 = CARTESIAN_POINT ( 'NONE',  ( -96.48499999999999943, 0.000000000000000000, -28.14999999999999858 ) ) ;
#4097 = CARTESIAN_POINT ( 'NONE',  ( 119.7696960070847325, 65.20000000000000284, 50.46060798583054918 ) ) ;
#4098 = ORIENTED_EDGE ( 'NONE', *, *, #5061, .T. ) ;
#4099 = VERTEX_POINT ( 'NONE', #1253 ) ;
#4100 = LINE ( 'NONE', #2735, #3427 ) ;
#4101 = ADVANCED_FACE ( 'NONE', ( #3114 ), #398, .T. ) ;
#4102 = CARTESIAN_POINT ( 'NONE',  ( 48.38703381417222005, 28.69999999999999929, -4.814249555950268267 ) ) ;
#4103 = CARTESIAN_POINT ( 'NONE',  ( -687.9162712043346346, -44.00000000000000711, 127.1526468289988827 ) ) ;
#4104 = EDGE_CURVE ( 'NONE', #5436, #3224, #857, .T. ) ;
#4105 = CARTESIAN_POINT ( 'NONE',  ( 76.14000000000000057, 72.20000000000001705, -70.00000000000000000 ) ) ;
#4106 = CARTESIAN_POINT ( 'NONE',  ( 88.82218344368146745, 71.30486534403085841, 86.15231639559328869 ) ) ;
#4107 = DIRECTION ( 'NONE',  ( 0.000000000000000000, 0.000000000000000000, -1.000000000000000000 ) ) ;
#4108 = ORIENTED_EDGE ( 'NONE', *, *, #2800, .T. ) ;
#4109 = CARTESIAN_POINT ( 'NONE',  ( -130.5000000000000000, 28.69999999999999929, 25.50000000000000355 ) ) ;
#4110 = EDGE_CURVE ( 'NONE', #1233, #1448, #5867, .T. ) ;
#4111 = EDGE_LOOP ( 'NONE', ( #457, #400 ) ) ;
#4112 = ORIENTED_EDGE ( 'NONE', *, *, #63, .F. ) ;
#4113 = CIRCLE ( 'NONE', #5007, 4.999999999999997335 ) ;
#4114 = DIRECTION ( 'NONE',  ( 1.000000000000000000, 0.000000000000000000, 0.000000000000000000 ) ) ;
#4115 = ORIENTED_EDGE ( 'NONE', *, *, #1278, .F. ) ;
#4116 = DIRECTION ( 'NONE',  ( 0.000000000000000000, 1.000000000000000000, -0.000000000000000000 ) ) ;
#4117 = DIRECTION ( 'NONE',  ( -1.000000000000000000, 0.000000000000000000, -0.000000000000000000 ) ) ;
#4118 = ORIENTED_EDGE ( 'NONE', *, *, #3468, .T. ) ;
#4119 = CARTESIAN_POINT ( 'NONE',  ( -151.9571059748543860, -0.3980437546787421454, 27.06363222725497053 ) ) ;
#4120 = CIRCLE ( 'NONE', #5102, 5.169999999999987494 ) ;
#4121 = ORIENTED_EDGE ( 'NONE', *, *, #5158, .F. ) ;
#4122 = ADVANCED_FACE ( 'NONE', ( #1309 ), #3140, .F. ) ;
#4123 = CARTESIAN_POINT ( 'NONE',  ( 95.00000000000002842, -29.00000000000000000, 79.58999999999998920 ) ) ;
#4124 = ORIENTED_EDGE ( 'NONE', *, *, #106, .T. ) ;
#4125 = CARTESIAN_POINT ( 'NONE',  ( -325.7799143269008937, -4.000000000000000000, 0.000000000000000000 ) ) ;
#4126 = CARTESIAN_POINT ( 'NONE',  ( -662.9162712043346346, -53.00000000000000711, 82.10264682899880029 ) ) ;
#4127 = VECTOR ( 'NONE', #4509, 1000.000000000000000 ) ;
#4128 = EDGE_LOOP ( 'NONE', ( #5800, #4732, #4996, #1385 ) ) ;
#4129 = VERTEX_POINT ( 'NONE', #5444 ) ;
#4130 = LINE ( 'NONE', #1875, #620 ) ;
#4131 = ORIENTED_EDGE ( 'NONE', *, *, #453, .F. ) ;
#4132 = FACE_OUTER_BOUND ( 'NONE', #1698, .T. ) ;
#4133 = EDGE_LOOP ( 'NONE', ( #1636, #317, #3434, #3501 ) ) ;
#4134 = CIRCLE ( 'NONE', #1859, 8.999999999999994671 ) ;
#4135 = CARTESIAN_POINT ( 'NONE',  ( -130.5000000000040643, 5.423077086159986848, 47.00000000000001421 ) ) ;
#4136 = DIRECTION ( 'NONE',  ( 0.000000000000000000, 0.000000000000000000, 1.000000000000000000 ) ) ;
#4137 = FACE_BOUND ( 'NONE', #4700, .T. ) ;
#4138 = AXIS2_PLACEMENT_3D ( 'NONE', #3522, #4071, #2702 ) ;
#4139 = ADVANCED_FACE ( 'NONE', ( #5332 ), #1341, .T. ) ;
#4140 = DIRECTION ( 'NONE',  ( 0.000000000000000000, 1.000000000000000000, 0.000000000000000000 ) ) ;
#4141 = CARTESIAN_POINT ( 'NONE',  ( 86.32867368852956247, 72.20000000000001705, 82.00000000000000000 ) ) ;
#4142 = ADVANCED_FACE ( 'NONE', ( #1870 ), #3631, .F. ) ;
#4143 = PLANE ( 'NONE',  #1323 ) ;
#4144 = ORIENTED_EDGE ( 'NONE', *, *, #5044, .T. ) ;
#4145 = VERTEX_POINT ( 'NONE', #5107 ) ;
#4146 = CARTESIAN_POINT ( 'NONE',  ( -125.0000000000000000, 0.000000000000000000, 80.00000000000000000 ) ) ;
#4147 = CARTESIAN_POINT ( 'NONE',  ( -145.0000000000000000, -41.00001200000000523, -40.00000000000000711 ) ) ;
#4148 = DIRECTION ( 'NONE',  ( -0.000000000000000000, 0.000000000000000000, 1.000000000000000000 ) ) ;
#4149 = CARTESIAN_POINT ( 'NONE',  ( 45.75706587302855155, 72.20000000000001705, -80.00000000000000000 ) ) ;
#4150 = ORIENTED_EDGE ( 'NONE', *, *, #1460, .T. ) ;
#4151 = DIRECTION ( 'NONE',  ( 0.000000000000000000, -1.000000000000000000, 0.000000000000000000 ) ) ;
#4152 = DIRECTION ( 'NONE',  ( 0.000000000000000000, 0.000000000000000000, 1.000000000000000000 ) ) ;
#4153 = VERTEX_POINT ( 'NONE', #514 ) ;
#4154 = EDGE_CURVE ( 'NONE', #4665, #693, #14, .T. ) ;
#4155 = CARTESIAN_POINT ( 'NONE',  ( -145.0000000000000000, -41.00000000000000000, 70.00000000000000000 ) ) ;
#4156 = EDGE_LOOP ( 'NONE', ( #2476, #3280 ) ) ;
#4157 = DIRECTION ( 'NONE',  ( -0.000000000000000000, -0.000000000000000000, 1.000000000000000000 ) ) ;
#4158 = VECTOR ( 'NONE', #4690, 1000.000000000000000 ) ;
#4159 = DIRECTION ( 'NONE',  ( -1.000000000000000000, 0.000000000000000000, 0.000000000000000000 ) ) ;
#4160 = PLANE ( 'NONE',  #835 ) ;
#4161 = VECTOR ( 'NONE', #201, 1000.000000000000000 ) ;
#4162 = CARTESIAN_POINT ( 'NONE',  ( -118.8183290728742492, 71.30652627918286157, 86.14860137592916089 ) ) ;
#4163 = DIRECTION ( 'NONE',  ( 0.000000000000000000, -0.000000000000000000, 1.000000000000000000 ) ) ;
#4164 = CARTESIAN_POINT ( 'NONE',  ( 89.94047826562579928, 70.83832387198022218, 87.04838832274728588 ) ) ;
#4165 = CARTESIAN_POINT ( 'NONE',  ( -125.0000000000000000, 15.00000000000000000, 35.00000000000000000 ) ) ;
#4166 = AXIS2_PLACEMENT_3D ( 'NONE', #4155, #133, #3317 ) ;
#4167 = DIRECTION ( 'NONE',  ( -0.000000000000000000, -1.000000000000000000, -0.000000000000000000 ) ) ;
#4168 = VERTEX_POINT ( 'NONE', #5050 ) ;
#4169 = DIRECTION ( 'NONE',  ( 0.000000000000000000, 0.000000000000000000, -1.000000000000000000 ) ) ;
#4170 = VECTOR ( 'NONE', #3182, 1000.000000000000000 ) ;
#4171 = CARTESIAN_POINT ( 'NONE',  ( -687.9162712043346346, -44.00000000000000711, 12.10264682899879496 ) ) ;
#4172 = EDGE_CURVE ( 'NONE', #5175, #3380, #5590, .T. ) ;
#4173 = DIRECTION ( 'NONE',  ( -1.000000000000000000, 0.000000000000000000, 0.000000000000000000 ) ) ;
#4174 = CARTESIAN_POINT ( 'NONE',  ( 115.0000000000000142, 65.20000000000000284, -61.67500000000002558 ) ) ;
#4175 = AXIS2_PLACEMENT_3D ( 'NONE', #5214, #3806, #706 ) ;
#4176 = VERTEX_POINT ( 'NONE', #1844 ) ;
#4177 = DIRECTION ( 'NONE',  ( -0.000000000000000000, 0.000000000000000000, -1.000000000000000000 ) ) ;
#4178 = CARTESIAN_POINT ( 'NONE',  ( -69.50000000000001421, 34.82500000000000284, 92.00000000000000000 ) ) ;
#4179 = EDGE_CURVE ( 'NONE', #269, #4051, #2421, .T. ) ;
#4180 = CARTESIAN_POINT ( 'NONE',  ( 46.03999999999999915, 31.85000000000000497, -50.00000000000000000 ) ) ;
#4181 = EDGE_LOOP ( 'NONE', ( #43, #4144 ) ) ;
#4182 = DIRECTION ( 'NONE',  ( -1.000000000000000000, -0.000000000000000000, -0.000000000000000000 ) ) ;
#4183 = EDGE_CURVE ( 'NONE', #5077, #3921, #41, .T. ) ;
#4184 = DIRECTION ( 'NONE',  ( 0.000000000000000000, -1.000000000000000000, 0.000000000000000000 ) ) ;
#4185 = CARTESIAN_POINT ( 'NONE',  ( -125.9978681996467600, 69.76670255752264893, 88.53802529461364657 ) ) ;
#4186 = CARTESIAN_POINT ( 'NONE',  ( -79.25479814987089355, 12.00000000000000000, -0.1337609751060793439 ) ) ;
#4187 = CARTESIAN_POINT ( 'NONE',  ( 87.85622703918146215, 71.72114193250151004, 85.08604286440730391 ) ) ;
#4188 = CARTESIAN_POINT ( 'NONE',  ( -155.0000000000000000, 4.182398387398127859, 67.00000000000000000 ) ) ;
#4189 = CARTESIAN_POINT ( 'NONE',  ( 0.000000000000000000, 0.000000000000000000, -22.87999999999999901 ) ) ;
#4190 = CARTESIAN_POINT ( 'NONE',  ( 124.5393920141694650, 65.20000000000000284, 55.23030399291527459 ) ) ;
#4191 = DIRECTION ( 'NONE',  ( 0.000000000000000000, 1.000000000000000000, 0.000000000000000000 ) ) ;
#4192 = AXIS2_PLACEMENT_3D ( 'NONE', #4355, #4790, #3356 ) ;
#4193 = DIRECTION ( 'NONE',  ( -0.000000000000000000, 1.000000000000000000, -0.000000000000000000 ) ) ;
#4194 = CARTESIAN_POINT ( 'NONE',  ( -151.1187865864674222, -0.1202383626898240743, 19.35835899820665773 ) ) ;
#4195 = EDGE_CURVE ( 'NONE', #3564, #5159, #2294, .T. ) ;
#4196 = CARTESIAN_POINT ( 'NONE',  ( -417.9162712043346346, -44.00000000000000711, 132.1026468289988145 ) ) ;
#4197 = ORIENTED_EDGE ( 'NONE', *, *, #4777, .T. ) ;
#4198 = CIRCLE ( 'NONE', #1649, 3.250000000000002665 ) ;
#4199 = FACE_OUTER_BOUND ( 'NONE', #2741, .T. ) ;
#4200 = ORIENTED_EDGE ( 'NONE', *, *, #3960, .T. ) ;
#4201 = CARTESIAN_POINT ( 'NONE',  ( -10.95999999999999197, 0.000000000000000000, 0.000000000000000000 ) ) ;
#4202 = EDGE_CURVE ( 'NONE', #4020, #2550, #1931, .T. ) ;
#4203 = DIRECTION ( 'NONE',  ( -1.000000000000000000, -2.081668171172169697E-15, 0.000000000000000000 ) ) ;
#4204 = AXIS2_PLACEMENT_3D ( 'NONE', #826, #2148, #4926 ) ;
#4205 = VECTOR ( 'NONE', #4222, 1000.000000000000000 ) ;
#4206 = ORIENTED_EDGE ( 'NONE', *, *, #2283, .T. ) ;
#4207 = CARTESIAN_POINT ( 'NONE',  ( 125.0000000000000000, -4.999999999999997335, 50.00000000000000000 ) ) ;
#4208 = EDGE_LOOP ( 'NONE', ( #2385, #2808, #830, #1359 ) ) ;
#4209 = AXIS2_PLACEMENT_3D ( 'NONE', #4004, #5409, #4360 ) ;
#4210 = FACE_OUTER_BOUND ( 'NONE', #2157, .T. ) ;
#4211 = LINE ( 'NONE', #311, #5015 ) ;
#4212 = EDGE_LOOP ( 'NONE', ( #1673, #5774 ) ) ;
#4213 = CARTESIAN_POINT ( 'NONE',  ( -119.1786725258164950, 71.15116533893998962, 86.47032280770824286 ) ) ;
#4214 = VECTOR ( 'NONE', #2104, 1000.000000000000000 ) ;
#4215 = PLANE ( 'NONE',  #1011 ) ;
#4216 = LINE ( 'NONE', #2334, #4465 ) ;
#4217 = AXIS2_PLACEMENT_3D ( 'NONE', #5177, #2933, #2989 ) ;
#4218 = EDGE_CURVE ( 'NONE', #37, #3221, #2786, .T. ) ;
#4219 = EDGE_CURVE ( 'NONE', #2935, #1448, #2233, .T. ) ;
#4220 = DIRECTION ( 'NONE',  ( 0.000000000000000000, -1.000000000000000000, 0.000000000000000000 ) ) ;
#4221 = AXIS2_PLACEMENT_3D ( 'NONE', #4894, #5446, #1281 ) ;
#4222 = DIRECTION ( 'NONE',  ( 1.000000000000000000, -0.000000000000000000, -0.000000000000000000 ) ) ;
#4223 = ORIENTED_EDGE ( 'NONE', *, *, #3500, .T. ) ;
#4224 = DIRECTION ( 'NONE',  ( 0.000000000000000000, -1.000000000000000000, 0.000000000000000000 ) ) ;
#4225 = EDGE_CURVE ( 'NONE', #3495, #3541, #5777, .T. ) ;
#4226 = CARTESIAN_POINT ( 'NONE',  ( -119.8980561989715596, 62.20000000000000995, 61.67500000000002558 ) ) ;
#4227 = SECURITY_CLASSIFICATION ( '', '', #750 ) ;
#4228 = CARTESIAN_POINT ( 'NONE',  ( 124.5393920141694650, 65.20000000000000284, -52.90383203399766643 ) ) ;
#4229 = CARTESIAN_POINT ( 'NONE',  ( -155.0000000000000000, 0.000000000000000000, 0.000000000000000000 ) ) ;
#4230 = DIRECTION ( 'NONE',  ( -0.000000000000000000, -1.000000000000000000, -0.000000000000000000 ) ) ;
#4231 = ORIENTED_EDGE ( 'NONE', *, *, #1840, .F. ) ;
#4232 = CARTESIAN_POINT ( 'NONE',  ( 120.0000000000000000, 0.000000000000000000, 35.00000000000000000 ) ) ;
#4233 = DIRECTION ( 'NONE',  ( -0.000000000000000000, 1.000000000000000000, -0.000000000000000000 ) ) ;
#4234 = CARTESIAN_POINT ( 'NONE',  ( -25.42052352251240066, 1.533399943966124779, 41.60720079451647990 ) ) ;
#4235 = VERTEX_POINT ( 'NONE', #4548 ) ;
#4236 = DIRECTION ( 'NONE',  ( -0.000000000000000000, -0.000000000000000000, 1.000000000000000000 ) ) ;
#4237 = VERTEX_POINT ( 'NONE', #1817 ) ;
#4238 = EDGE_CURVE ( 'NONE', #4682, #5016, #528, .T. ) ;
#4239 = LINE ( 'NONE', #219, #2763 ) ;
#4240 = CIRCLE ( 'NONE', #1688, 11.81752562247286420 ) ;
#4241 = DIRECTION ( 'NONE',  ( 3.600243256520149765E-16, 0.000000000000000000, 1.000000000000000000 ) ) ;
#4242 = ORIENTED_EDGE ( 'NONE', *, *, #3523, .F. ) ;
#4243 = EDGE_CURVE ( 'NONE', #1170, #668, #1193, .T. ) ;
#4244 = CARTESIAN_POINT ( 'NONE',  ( 48.38703381417222005, 4.699999999999999289, -2.414249555950267467 ) ) ;
#4245 = VECTOR ( 'NONE', #3400, 1000.000000000000000 ) ;
#4246 = ORIENTED_EDGE ( 'NONE', *, *, #4777, .F. ) ;
#4247 =( BOUNDED_CURVE ( )  B_SPLINE_CURVE ( 3, ( #5911, #5401, #3126, #473 ),
 .UNSPECIFIED., .F., .F. ) 
 B_SPLINE_CURVE_WITH_KNOTS ( ( 4, 4 ),
 ( 1.570796326794896558, 3.141592653589793116 ),
 .UNSPECIFIED. ) 
 CURVE ( )  GEOMETRIC_REPRESENTATION_ITEM ( )  RATIONAL_B_SPLINE_CURVE ( ( 1.000000000000000000, 0.8047378541243649375, 0.8047378541243649375, 1.000000000000000000 ) ) 
 REPRESENTATION_ITEM ( '' )  );
#4248 = CARTESIAN_POINT ( 'NONE',  ( -6.245004513516504751E-15, 65.20000000000000284, -63.00000000000000000 ) ) ;
#4249 = DIRECTION ( 'NONE',  ( -1.000000000000000000, 0.000000000000000000, 0.000000000000000000 ) ) ;
#4250 = CIRCLE ( 'NONE', #1408, 18.55000000000001847 ) ;
#4251 = DIRECTION ( 'NONE',  ( 0.000000000000000000, 0.000000000000000000, 1.000000000000000000 ) ) ;
#4252 = AXIS2_PLACEMENT_3D ( 'NONE', #3502, #5343, #4021 ) ;
#4253 = EDGE_CURVE ( 'NONE', #1328, #961, #545, .T. ) ;
#4254 = DIRECTION ( 'NONE',  ( 0.000000000000000000, 0.000000000000000000, -1.000000000000000000 ) ) ;
#4255 = AXIS2_PLACEMENT_3D ( 'NONE', #3296, #5572, #3640 ) ;
#4256 = DIRECTION ( 'NONE',  ( -0.000000000000000000, 1.000000000000000000, -0.000000000000000000 ) ) ;
#4257 = CARTESIAN_POINT ( 'NONE',  ( 120.0000000000000000, -41.00000000000000000, -55.00000000000000711 ) ) ;
#4258 = ORIENTED_EDGE ( 'NONE', *, *, #3392, .T. ) ;
#4259 = CARTESIAN_POINT ( 'NONE',  ( 48.38703381417222005, 28.69999999999999929, 13.73575044404973866 ) ) ;
#4260 = ORIENTED_EDGE ( 'NONE', *, *, #646, .T. ) ;
#4261 = CIRCLE ( 'NONE', #1710, 5.049999999999957190 ) ;
#4262 = VERTEX_POINT ( 'NONE', #95 ) ;
#4263 = DIRECTION ( 'NONE',  ( 0.000000000000000000, 0.000000000000000000, 1.000000000000000000 ) ) ;
#4264 = AXIS2_PLACEMENT_3D ( 'NONE', #5821, #4497, #4081 ) ;
#4265 = DIRECTION ( 'NONE',  ( 1.000000000000000000, 0.000000000000000000, 0.000000000000000000 ) ) ;
#4266 = PLANE ( 'NONE',  #741 ) ;
#4267 = AXIS2_PLACEMENT_3D ( 'NONE', #3258, #5082, #1000 ) ;
#4268 = ORIENTED_EDGE ( 'NONE', *, *, #4400, .T. ) ;
#4269 = FACE_BOUND ( 'NONE', #3768, .T. ) ;
#4270 = EDGE_LOOP ( 'NONE', ( #2178, #4369, #5407, #2975, #757, #5154 ) ) ;
#4271 = PLANE ( 'NONE',  #96 ) ;
#4272 = ORIENTED_EDGE ( 'NONE', *, *, #4172, .T. ) ;
#4273 = DIRECTION ( 'NONE',  ( -1.000000000000000000, 0.000000000000000000, 0.000000000000000000 ) ) ;
#4274 = CARTESIAN_POINT ( 'NONE',  ( -417.9162712043346346, -56.00000000000000711, 132.1026468289988145 ) ) ;
#4275 = ORIENTED_EDGE ( 'NONE', *, *, #3198, .T. ) ;
#4276 = ADVANCED_FACE ( 'NONE', ( #5562 ), #1449, .F. ) ;
#4277 = VERTEX_POINT ( 'NONE', #4178 ) ;
#4278 = LINE ( 'NONE', #4807, #1333 ) ;
#4279 = ORIENTED_EDGE ( 'NONE', *, *, #1890, .T. ) ;
#4280 = FACE_OUTER_BOUND ( 'NONE', #2214, .T. ) ;
#4281 = EDGE_CURVE ( 'NONE', #2697, #5291, #4609, .T. ) ;
#4282 = ORIENTED_EDGE ( 'NONE', *, *, #230, .T. ) ;
#4283 = CARTESIAN_POINT ( 'NONE',  ( 120.0000000000000000, 15.00000000000000000, -55.00000000000000000 ) ) ;
#4284 = CARTESIAN_POINT ( 'NONE',  ( -145.0000000000000000, 62.20000000000000995, -70.00000000000000000 ) ) ;
#4285 = DIRECTION ( 'NONE',  ( 0.000000000000000000, 0.000000000000000000, -1.000000000000000000 ) ) ;
#4286 = APPROVAL_ROLE ( '' ) ;
#4287 = LINE ( 'NONE', #1185, #570 ) ;
#4288 = DIRECTION ( 'NONE',  ( 1.000000000000000000, 0.000000000000000000, 0.000000000000000000 ) ) ;
#4289 = ORIENTED_EDGE ( 'NONE', *, *, #2716, .F. ) ;
#4290 = DIRECTION ( 'NONE',  ( 1.000000000000000000, -0.000000000000000000, -0.000000000000000000 ) ) ;
#4291 = CARTESIAN_POINT ( 'NONE',  ( 95.00000000000002842, 47.20000000000001705, 82.83999999999998920 ) ) ;
#4292 = PLANE ( 'NONE',  #3949 ) ;
#4293 = ADVANCED_FACE ( 'NONE', ( #4993 ), #1368, .F. ) ;
#4294 = EDGE_CURVE ( 'NONE', #3791, #4489, #5648, .T. ) ;
#4295 = ORIENTED_EDGE ( 'NONE', *, *, #2451, .T. ) ;
#4296 = FACE_BOUND ( 'NONE', #1270, .T. ) ;
#4297 = CARTESIAN_POINT ( 'NONE',  ( 0.000000000000000000, 0.000000000000000000, -185.4036113549479978 ) ) ;
#4298 = ORIENTED_EDGE ( 'NONE', *, *, #1460, .F. ) ;
#4299 = FACE_OUTER_BOUND ( 'NONE', #760, .T. ) ;
#4300 = DIRECTION ( 'NONE',  ( 0.000000000000000000, 0.000000000000000000, -1.000000000000000000 ) ) ;
#4301 = ORIENTED_EDGE ( 'NONE', *, *, #4238, .T. ) ;
#4302 = CARTESIAN_POINT ( 'NONE',  ( -27.65792282279827674, -10.00000000000000178, 30.00000000000000355 ) ) ;
#4303 = VERTEX_POINT ( 'NONE', #1531 ) ;
#4304 = CARTESIAN_POINT ( 'NONE',  ( -512.9162712043346346, -41.00000000000000000, 82.10264682899880029 ) ) ;
#4305 = AXIS2_PLACEMENT_3D ( 'NONE', #4642, #3792, #5647 ) ;
#4306 = VERTEX_POINT ( 'NONE', #5675 ) ;
#4307 = CARTESIAN_POINT ( 'NONE',  ( -155.0000000000000000, 62.20000000000000995, -55.00000000000000000 ) ) ;
#4308 = VECTOR ( 'NONE', #3355, 1000.000000000000000 ) ;
#4309 = ADVANCED_FACE ( 'NONE', ( #3420 ), #4327, .T. ) ;
#4310 = VERTEX_POINT ( 'NONE', #3794 ) ;
#4311 = DIRECTION ( 'NONE',  ( -0.000000000000000000, 1.000000000000000000, -0.000000000000000000 ) ) ;
#4312 = EDGE_CURVE ( 'NONE', #5901, #3080, #2136, .T. ) ;
#4313 = EDGE_CURVE ( 'NONE', #5390, #1785, #4120, .T. ) ;
#4314 = AXIS2_PLACEMENT_3D ( 'NONE', #2447, #3920, #5749 ) ;
#4315 = CARTESIAN_POINT ( 'NONE',  ( -581.2799143269010074, -4.000000000000000000, -191.2536113549479637 ) ) ;
#4316 = EDGE_CURVE ( 'NONE', #636, #2991, #181, .T. ) ;
#4317 = CARTESIAN_POINT ( 'NONE',  ( -125.0000000000000000, -56.00000000000002132, 82.84000000000004604 ) ) ;
#4318 = CARTESIAN_POINT ( 'NONE',  ( 0.000000000000000000, 0.000000000000000000, 0.000000000000000000 ) ) ;
#4319 = DIRECTION ( 'NONE',  ( 0.000000000000000000, 0.000000000000000000, -1.000000000000000000 ) ) ;
#4320 = CIRCLE ( 'NONE', #2432, 3.250000000000002665 ) ;
#4321 = ADVANCED_FACE ( 'NONE', ( #2470 ), #1504, .F. ) ;
#4322 = DIRECTION ( 'NONE',  ( 0.000000000000000000, 0.000000000000000000, 1.000000000000000000 ) ) ;
#4323 = VERTEX_POINT ( 'NONE', #1102 ) ;
#4324 = B_SPLINE_CURVE_WITH_KNOTS ( 'NONE', 3,
 ( #1045, #598, #991, #4194, #2433, #1868, #4639, #2782, #5614, #3310, #4119, #1973, #1941, #2375, #65, #5047, #3337, #5164 ),
 .UNSPECIFIED., .F., .F.,
 ( 4, 2, 2, 2, 2, 2, 2, 2, 4 ),
 ( 0.000000000000000000, 0.002332318750816860398, 0.004664637501633720797, 0.006996956252450581629, 0.009329275003267441593, 0.01166159375408430156, 0.01399391250490116326, 0.01632623125571802322, 0.01865855000653488319 ),
 .UNSPECIFIED. ) ;
#4325 = EDGE_CURVE ( 'NONE', #2768, #5025, #1282, .T. ) ;
#4326 = FACE_OUTER_BOUND ( 'NONE', #2707, .T. ) ;
#4327 = PLANE ( 'NONE',  #619 ) ;
#4328 = ORIENTED_EDGE ( 'NONE', *, *, #5328, .T. ) ;
#4329 = CARTESIAN_POINT ( 'NONE',  ( -662.9162712043346346, -41.00000000000000000, 32.60264682899880029 ) ) ;
#4330 = VERTEX_POINT ( 'NONE', #5260 ) ;
#4331 = CARTESIAN_POINT ( 'NONE',  ( -153.4042665170376836, 5.821075848728396451, 62.96301377876270777 ) ) ;
#4332 = DIRECTION ( 'NONE',  ( 1.000000000000000000, -0.000000000000000000, -0.000000000000000000 ) ) ;
#4333 = EDGE_LOOP ( 'NONE', ( #2510, #4781, #1468, #5654, #3597 ) ) ;
#4334 = CARTESIAN_POINT ( 'NONE',  ( -5.254798149870912205, 0.000000000000000000, -1.633760975106078872 ) ) ;
#4335 = LINE ( 'NONE', #5625, #1404 ) ;
#4336 = EDGE_CURVE ( 'NONE', #1765, #1665, #2534, .T. ) ;
#4337 = CARTESIAN_POINT ( 'NONE',  ( -101.3034108745596455, 47.36499999999998067, 132.1026468289988145 ) ) ;
#4338 = ORIENTED_EDGE ( 'NONE', *, *, #4967, .T. ) ;
#4339 = DIRECTION ( 'NONE',  ( 0.000000000000000000, 1.000000000000000000, 0.000000000000000000 ) ) ;
#4340 = ORIENTED_EDGE ( 'NONE', *, *, #2750, .F. ) ;
#4341 = VERTEX_POINT ( 'NONE', #1948 ) ;
#4342 = DIRECTION ( 'NONE',  ( 0.000000000000000000, -0.000000000000000000, 1.000000000000000000 ) ) ;
#4343 = EDGE_LOOP ( 'NONE', ( #1623, #305, #4279, #850 ) ) ;
#4344 = CARTESIAN_POINT ( 'NONE',  ( -152.0370116691915712, 0.000000000000000000, 67.00000000000000000 ) ) ;
#4345 = DIRECTION ( 'NONE',  ( 0.000000000000000000, 1.000000000000000000, -0.000000000000000000 ) ) ;
#4346 = AXIS2_PLACEMENT_3D ( 'NONE', #134, #1005, #5147 ) ;
#4347 = ORIENTED_EDGE ( 'NONE', *, *, #3321, .T. ) ;
#4348 = DIRECTION ( 'NONE',  ( 0.000000000000000000, 0.000000000000000000, -1.000000000000000000 ) ) ;
#4349 = VECTOR ( 'NONE', #3746, 1000.000000000000000 ) ;
#4350 = LINE ( 'NONE', #2127, #5455 ) ;
#4351 = DIRECTION ( 'NONE',  ( 0.000000000000000000, 0.000000000000000000, 1.000000000000000000 ) ) ;
#4352 = APPROVAL_DATE_TIME ( #2215, #490 ) ;
#4353 = CIRCLE ( 'NONE', #4747, 1.499999999999997780 ) ;
#4354 = AXIS2_PLACEMENT_3D ( 'NONE', #175, #233, #1971 ) ;
#4355 = CARTESIAN_POINT ( 'NONE',  ( 48.38703381417222005, 28.69999999999999929, -4.814249555950268267 ) ) ;
#4356 = VECTOR ( 'NONE', #3152, 1000.000000000000000 ) ;
#4357 = DIRECTION ( 'NONE',  ( -0.000000000000000000, -1.000000000000000000, -0.000000000000000000 ) ) ;
#4358 = EDGE_CURVE ( 'NONE', #5035, #37, #3653, .T. ) ;
#4359 = ORIENTED_EDGE ( 'NONE', *, *, #5134, .T. ) ;
#4360 = DIRECTION ( 'NONE',  ( 0.000000000000000000, -0.000000000000000000, -1.000000000000000000 ) ) ;
#4361 = ORIENTED_EDGE ( 'NONE', *, *, #2639, .T. ) ;
#4362 = AXIS2_PLACEMENT_3D ( 'NONE', #1405, #5062, #2074 ) ;
#4363 = CARTESIAN_POINT ( 'NONE',  ( -142.2279073397063485, 71.27784998538849948, 63.00000000000002842 ) ) ;
#4364 = EDGE_CURVE ( 'NONE', #3339, #693, #4903, .T. ) ;
#4365 = ORIENTED_EDGE ( 'NONE', *, *, #2077, .T. ) ;
#4366 = CARTESIAN_POINT ( 'NONE',  ( -130.5000000000000000, 28.69999999999999929, 6.949999999999987743 ) ) ;
#4367 = DIRECTION ( 'NONE',  ( -1.000000000000000000, 2.081668171172166541E-15, 0.000000000000000000 ) ) ;
#4368 = AXIS2_PLACEMENT_3D ( 'NONE', #1509, #4710, #2440 ) ;
#4369 = ORIENTED_EDGE ( 'NONE', *, *, #1938, .T. ) ;
#4370 = EDGE_CURVE ( 'NONE', #4916, #5337, #2028, .T. ) ;
#4371 = EDGE_CURVE ( 'NONE', #3117, #3541, #5196, .T. ) ;
#4372 = CARTESIAN_POINT ( 'NONE',  ( 125.0000000000000000, 15.00000000000000000, -35.00000000000000000 ) ) ;
#4373 = LINE ( 'NONE', #1573, #2147 ) ;
#4374 = EDGE_LOOP ( 'NONE', ( #2694, #2810, #5485, #5496 ) ) ;
#4375 = CIRCLE ( 'NONE', #2293, 18.55000000000001137 ) ;
#4376 = ORIENTED_EDGE ( 'NONE', *, *, #4219, .T. ) ;
#4377 = PLANE ( 'NONE',  #3191 ) ;
#4378 = VERTEX_POINT ( 'NONE', #4232 ) ;
#4379 = ADVANCED_FACE ( 'NONE', ( #1131 ), #717, .F. ) ;
#4380 = ORIENTED_EDGE ( 'NONE', *, *, #2857, .F. ) ;
#4381 = DIRECTION ( 'NONE',  ( 0.000000000000000000, 0.000000000000000000, 1.000000000000000000 ) ) ;
#4382 = EDGE_CURVE ( 'NONE', #3428, #4091, #3314, .T. ) ;
#4383 = ORIENTED_EDGE ( 'NONE', *, *, #746, .T. ) ;
#4384 = DIRECTION ( 'NONE',  ( 1.000000000000000000, -0.000000000000000000, 0.000000000000000000 ) ) ;
#4385 = FACE_OUTER_BOUND ( 'NONE', #5770, .T. ) ;
#4386 = DIRECTION ( 'NONE',  ( 0.000000000000000000, 1.000000000000000000, 0.000000000000000000 ) ) ;
#4387 = DIRECTION ( 'NONE',  ( 1.000000000000000000, 0.000000000000000000, 0.000000000000000000 ) ) ;
#4388 = DATE_AND_TIME ( #4026, #643 ) ;
#4389 = DIRECTION ( 'NONE',  ( 0.000000000000000000, 1.000000000000000000, 0.000000000000000000 ) ) ;
#4390 = EDGE_LOOP ( 'NONE', ( #4359, #551, #4762, #330 ) ) ;
#4391 = DIRECTION ( 'NONE',  ( 0.000000000000000000, 1.000000000000000000, 0.000000000000000000 ) ) ;
#4392 = ORIENTED_EDGE ( 'NONE', *, *, #286, .T. ) ;
#4393 = CARTESIAN_POINT ( 'NONE',  ( -148.8958749547207390, 65.82442970874615185, 63.00000000000001421 ) ) ;
#4394 = EDGE_CURVE ( 'NONE', #372, #606, #1076, .T. ) ;
#4395 = VERTEX_POINT ( 'NONE', #2037 ) ;
#4396 = ORIENTED_EDGE ( 'NONE', *, *, #3676, .F. ) ;
#4397 = CARTESIAN_POINT ( 'NONE',  ( -155.0000000000000000, -2.769014276065171476, 54.39915677955102780 ) ) ;
#4398 = CARTESIAN_POINT ( 'NONE',  ( -145.0000000000000000, 65.20000000000000284, -56.49999999999997868 ) ) ;
#4399 = EDGE_LOOP ( 'NONE', ( #882, #1401 ) ) ;
#4400 = EDGE_CURVE ( 'NONE', #3163, #2958, #630, .T. ) ;
#4401 = CARTESIAN_POINT ( 'NONE',  ( -145.0000000000000000, 65.20000000000000284, -51.32499999999998863 ) ) ;
#4402 = LINE ( 'NONE', #5900, #3386 ) ;
#4403 = ORIENTED_EDGE ( 'NONE', *, *, #4195, .F. ) ;
#4404 = CLOSED_SHELL ( 'NONE', ( #1279, #2364, #1155, #421, #1428, #2189, #1782, #3533, #1103, #1221, #2366, #2165 ) ) ;
#4405 = ORIENTED_EDGE ( 'NONE', *, *, #3790, .F. ) ;
#4406 = AXIS2_PLACEMENT_3D ( 'NONE', #2091, #1675, #3499 ) ;
#4407 = CARTESIAN_POINT ( 'NONE',  ( -131.9984973069501848, 5.043508374221194579, 46.95093814646996577 ) ) ;
#4408 = VECTOR ( 'NONE', #3895, 1000.000000000000000 ) ;
#4409 = AXIS2_PLACEMENT_3D ( 'NONE', #4096, #1922, #491 ) ;
#4410 = ORIENTED_EDGE ( 'NONE', *, *, #343, .T. ) ;
#4411 = CARTESIAN_POINT ( 'NONE',  ( -605.7799143269008937, -4.000000000000000000, 0.000000000000000000 ) ) ;
#4412 = FACE_OUTER_BOUND ( 'NONE', #3052, .T. ) ;
#4413 = CARTESIAN_POINT ( 'NONE',  ( -10.95999999999999197, 0.000000000000000000, -22.87999999999999901 ) ) ;
#4414 = DIRECTION ( 'NONE',  ( -0.000000000000000000, 1.000000000000000000, -0.000000000000000000 ) ) ;
#4415 = AXIS2_PLACEMENT_3D ( 'NONE', #2030, #1525, #3810 ) ;
#4416 = DIRECTION ( 'NONE',  ( -0.000000000000000000, 1.000000000000000000, -0.000000000000000000 ) ) ;
#4417 = EDGE_CURVE ( 'NONE', #4051, #2479, #3851, .T. ) ;
#4418 = ADVANCED_FACE ( 'NONE', ( #5292, #1190, #756 ), #1219, .F. ) ;
#4419 = PERSON_AND_ORGANIZATION ( #3763, #1772 ) ;
#4420 = CARTESIAN_POINT ( 'NONE',  ( 45.75706587302855155, 65.20000000000000284, -63.00000000000000000 ) ) ;
#4421 = CIRCLE ( 'NONE', #4217, 10.00000000000000178 ) ;
#4422 = EDGE_LOOP ( 'NONE', ( #4392, #3655, #4347, #4063, #919, #853, #5809 ) ) ;
#4423 = CARTESIAN_POINT ( 'NONE',  ( -20.39285352744081337, 0.6358062677054040490, 39.33702317298283191 ) ) ;
#4424 = CARTESIAN_POINT ( 'NONE',  ( 95.00000000000002842, 21.19999999999999574, 79.58999999999998920 ) ) ;
#4425 = ORIENTED_EDGE ( 'NONE', *, *, #5395, .F. ) ;
#4426 = CYLINDRICAL_SURFACE ( 'NONE', #4628, 10.49999999999999112 ) ;
#4427 = AXIS2_PLACEMENT_3D ( 'NONE', #3852, #4233, #5262 ) ;
#4428 = ORIENTED_EDGE ( 'NONE', *, *, #2239, .T. ) ;
#4429 = CARTESIAN_POINT ( 'NONE',  ( -119.4720213856932531, 2.968476443352248140, 43.97155817155163504 ) ) ;
#4430 = LINE ( 'NONE', #5297, #1511 ) ;
#4431 = ORIENTED_EDGE ( 'NONE', *, *, #5490, .F. ) ;
#4432 = CIRCLE ( 'NONE', #2441, 8.999999999999994671 ) ;
#4433 = LINE ( 'NONE', #892, #5040 ) ;
#4434 = DIRECTION ( 'NONE',  ( 0.000000000000000000, 0.000000000000000000, -1.000000000000000000 ) ) ;
#4435 = ORIENTED_EDGE ( 'NONE', *, *, #3398, .F. ) ;
#4436 = ORIENTED_EDGE ( 'NONE', *, *, #2070, .T. ) ;
#4437 = DIRECTION ( 'NONE',  ( 0.007011825813099753502, -0.9999754168472175797, 0.000000000000000000 ) ) ;
#4438 = EDGE_CURVE ( 'NONE', #3295, #5832, #923, .T. ) ;
#4439 = ORIENTED_EDGE ( 'NONE', *, *, #1873, .F. ) ;
#4440 = CARTESIAN_POINT ( 'NONE',  ( -85.68000000000002103, 34.82500000000000284, 132.1026468289988145 ) ) ;
#4441 = DIRECTION ( 'NONE',  ( -1.000000000000000000, 0.000000000000000000, -4.308557930428944396E-17 ) ) ;
#4442 = DIRECTION ( 'NONE',  ( -0.000000000000000000, 1.000000000000000000, -0.000000000000000000 ) ) ;
#4443 = EDGE_CURVE ( 'NONE', #3080, #5901, #1010, .T. ) ;
#4444 = DIRECTION ( 'NONE',  ( -0.000000000000000000, 1.000000000000000000, 0.000000000000000000 ) ) ;
#4445 = ORIENTED_EDGE ( 'NONE', *, *, #4511, .T. ) ;
#4446 = AXIS2_PLACEMENT_3D ( 'NONE', #1514, #3368, #3020 ) ;
#4447 = CARTESIAN_POINT ( 'NONE',  ( 125.0000000000000284, -41.00000000000000000, -80.00000000000000000 ) ) ;
#4448 = EDGE_CURVE ( 'NONE', #4804, #3914, #4886, .T. ) ;
#4449 = ORIENTED_EDGE ( 'NONE', *, *, #540, .T. ) ;
#4450 = DIRECTION ( 'NONE',  ( -0.000000000000000000, 1.000000000000000000, -0.000000000000000000 ) ) ;
#4451 = ORIENTED_EDGE ( 'NONE', *, *, #1002, .T. ) ;
#4452 = CARTESIAN_POINT ( 'NONE',  ( 0.000000000000000000, 65.20000000000000284, 0.000000000000000000 ) ) ;
#4453 = AXIS2_PLACEMENT_3D ( 'NONE', #3807, #3839, #5663 ) ;
#4454 = DIRECTION ( 'NONE',  ( -0.000000000000000000, 0.000000000000000000, 1.000000000000000000 ) ) ;
#4455 = CARTESIAN_POINT ( 'NONE',  ( 8.130000000000007887, 12.00000000000000000, 22.87999999999999901 ) ) ;
#4456 = ORIENTED_EDGE ( 'NONE', *, *, #1066, .F. ) ;
#4457 = DIRECTION ( 'NONE',  ( 0.000000000000000000, 0.000000000000000000, -1.000000000000000000 ) ) ;
#4458 = DIRECTION ( 'NONE',  ( 0.000000000000000000, 1.000000000000000000, 0.000000000000000000 ) ) ;
#4459 = EDGE_LOOP ( 'NONE', ( #2514, #3312, #1256, #1209 ) ) ;
#4460 = ORIENTED_EDGE ( 'NONE', *, *, #2602, .F. ) ;
#4461 = VECTOR ( 'NONE', #2902, 1000.000000000000000 ) ;
#4462 = DIRECTION ( 'NONE',  ( 0.000000000000000000, 1.000000000000000000, 0.000000000000000000 ) ) ;
#4463 = AXIS2_PLACEMENT_3D ( 'NONE', #5805, #364, #1273 ) ;
#4464 = CARTESIAN_POINT ( 'NONE',  ( 115.0000000000000142, -38.00000000000000000, -34.83000000000001961 ) ) ;
#4465 = VECTOR ( 'NONE', #4567, 1000.000000000000000 ) ;
#4466 = EDGE_CURVE ( 'NONE', #2790, #922, #3483, .T. ) ;
#4467 = CARTESIAN_POINT ( 'NONE',  ( -417.9162712043346346, -41.00000000000000000, -27.89735317100119971 ) ) ;
#4468 = EDGE_CURVE ( 'NONE', #4277, #2377, #816, .T. ) ;
#4469 = CIRCLE ( 'NONE', #4175, 18.55000000000001137 ) ;
#4470 = ORIENTED_EDGE ( 'NONE', *, *, #2612, .F. ) ;
#4471 = CARTESIAN_POINT ( 'NONE',  ( 45.75706587302855155, 65.20000000000000284, -63.00000000000000000 ) ) ;
#4472 = ADVANCED_FACE ( 'NONE', ( #3911 ), #3947, .F. ) ;
#4473 = FACE_OUTER_BOUND ( 'NONE', #517, .T. ) ;
#4474 = LINE ( 'NONE', #4189, #4408 ) ;
#4475 = CARTESIAN_POINT ( 'NONE',  ( -581.2799143269010074, -4.000000000000000000, -191.2536113549479637 ) ) ;
#4476 = VERTEX_POINT ( 'NONE', #5768 ) ;
#4477 = ORIENTED_EDGE ( 'NONE', *, *, #1499, .F. ) ;
#4478 = CARTESIAN_POINT ( 'NONE',  ( -145.0000000000000000, -38.00000000000000000, 75.17000000000001592 ) ) ;
#4479 = CARTESIAN_POINT ( 'NONE',  ( 95.00000000000002842, -41.00000000000000000, 76.34000000000000341 ) ) ;
#4480 = CARTESIAN_POINT ( 'NONE',  ( -145.0000000000000000, 72.20000000000001705, -80.00000000000000000 ) ) ;
#4481 = CARTESIAN_POINT ( 'NONE',  ( -111.5671267786986220, -4.573977915173230706E-16, 35.71957531612919468 ) ) ;
#4482 = DIRECTION ( 'NONE',  ( 1.000000000000000000, 0.000000000000000000, 0.000000000000000000 ) ) ;
#4483 = EDGE_LOOP ( 'NONE', ( #4739, #4517 ) ) ;
#4484 = CARTESIAN_POINT ( 'NONE',  ( -96.25341087455964839, 47.36499999999998067, 132.1026468289988145 ) ) ;
#4485 = DIRECTION ( 'NONE',  ( 1.000000000000000000, -0.000000000000000000, 0.000000000000000000 ) ) ;
#4486 = LINE ( 'NONE', #399, #5027 ) ;
#4487 = ORIENTED_EDGE ( 'NONE', *, *, #2680, .F. ) ;
#4488 = ADVANCED_FACE ( 'NONE', ( #3045 ), #4859, .F. ) ;
#4489 = VERTEX_POINT ( 'NONE', #5381 ) ;
#4490 = ORIENTED_EDGE ( 'NONE', *, *, #498, .T. ) ;
#4491 = CARTESIAN_POINT ( 'NONE',  ( -120.0000000000000000, -10.00000000000000178, 30.00000000000000355 ) ) ;
#4492 = DIRECTION ( 'NONE',  ( -1.000000000000000000, 0.000000000000000000, 0.000000000000000000 ) ) ;
#4493 = AXIS2_PLACEMENT_3D ( 'NONE', #2062, #686, #1097 ) ;
#4494 = DIRECTION ( 'NONE',  ( 1.000000000000000000, 0.000000000000000000, 0.000000000000000000 ) ) ;
#4495 = CARTESIAN_POINT ( 'NONE',  ( 124.5393920141694650, 65.20000000000000284, 62.99999999999998579 ) ) ;
#4496 = ORIENTED_EDGE ( 'NONE', *, *, #1524, .F. ) ;
#4497 = DIRECTION ( 'NONE',  ( 0.000000000000000000, 0.000000000000000000, 1.000000000000000000 ) ) ;
#4498 = CARTESIAN_POINT ( 'NONE',  ( -5.254798149870912205, 12.00000000000000000, -1.633760975106078872 ) ) ;
#4499 = CARTESIAN_POINT ( 'NONE',  ( 125.0000000000000000, 62.71087016709441286, 55.00000000000177636 ) ) ;
#4500 = DIRECTION ( 'NONE',  ( 0.000000000000000000, 1.000000000000000000, -0.000000000000000000 ) ) ;
#4501 = LINE ( 'NONE', #2247, #3574 ) ;
#4502 = ORIENTED_EDGE ( 'NONE', *, *, #2239, .F. ) ;
#4503 = AXIS2_PLACEMENT_3D ( 'NONE', #3320, #5151, #2909 ) ;
#4504 = EDGE_CURVE ( 'NONE', #1291, #2397, #4034, .T. ) ;
#4505 = CARTESIAN_POINT ( 'NONE',  ( -120.0000000000000000, -41.00000000000000000, -19.50000000000000000 ) ) ;
#4506 = ADVANCED_FACE ( 'NONE', ( #3450 ), #2220, .F. ) ;
#4507 = EDGE_LOOP ( 'NONE', ( #1027, #3018 ) ) ;
#4508 = AXIS2_PLACEMENT_3D ( 'NONE', #212, #690, #3817 ) ;
#4509 = DIRECTION ( 'NONE',  ( -0.000000000000000000, 1.000000000000000000, -0.000000000000000000 ) ) ;
#4510 = DIRECTION ( 'NONE',  ( -0.000000000000000000, -1.000000000000000000, -0.000000000000000000 ) ) ;
#4511 = EDGE_CURVE ( 'NONE', #4858, #4330, #2238, .T. ) ;
#4512 = VECTOR ( 'NONE', #5160, 1000.000000000000000 ) ;
#4513 = VERTEX_POINT ( 'NONE', #4478 ) ;
#4514 = CARTESIAN_POINT ( 'NONE',  ( -113.2873201534377756, 0.3783687643042286664, 38.40677500423273472 ) ) ;
#4515 = ADVANCED_FACE ( 'NONE', ( #361, #417, #849, #1744, #2662, #3567 ), #2198, .F. ) ;
#4516 = DIRECTION ( 'NONE',  ( 0.000000000000000000, -0.000000000000000000, -1.000000000000000000 ) ) ;
#4517 = ORIENTED_EDGE ( 'NONE', *, *, #2276, .T. ) ;
#4518 = AXIS2_PLACEMENT_3D ( 'NONE', #3127, #3907, #5760 ) ;
#4519 = DIRECTION ( 'NONE',  ( 1.000000000000000000, 0.000000000000000000, 0.000000000000000000 ) ) ;
#4520 = CARTESIAN_POINT ( 'NONE',  ( -150.0000000000000000, 0.000000000000000000, 16.44461486186253296 ) ) ;
#4521 = DIRECTION ( 'NONE',  ( 0.000000000000000000, 0.000000000000000000, 1.000000000000000000 ) ) ;
#4522 = EDGE_LOOP ( 'NONE', ( #4328, #236, #3524, #3917 ) ) ;
#4523 = ORIENTED_EDGE ( 'NONE', *, *, #1002, .F. ) ;
#4524 = DIRECTION ( 'NONE',  ( 0.000000000000000000, 1.000000000000000000, 0.000000000000000000 ) ) ;
#4525 = DIRECTION ( 'NONE',  ( 0.000000000000000000, 0.000000000000000000, 1.000000000000000000 ) ) ;
#4526 = VECTOR ( 'NONE', #337, 1000.000000000000000 ) ;
#4527 = VERTEX_POINT ( 'NONE', #1301 ) ;
#4528 = EDGE_CURVE ( 'NONE', #5832, #3295, #5011, .T. ) ;
#4529 = CARTESIAN_POINT ( 'NONE',  ( -27.65792282279827674, 1.638812014385617966, 41.81752562247285709 ) ) ;
#4530 = CARTESIAN_POINT ( 'NONE',  ( -152.0370116691915428, 13.74136622902790350, 67.00000000000001421 ) ) ;
#4531 = CIRCLE ( 'NONE', #3850, 5.000000000000004441 ) ;
#4532 = EDGE_LOOP ( 'NONE', ( #4460, #2357, #896, #3079, #2736, #2936 ) ) ;
#4533 = DIRECTION ( 'NONE',  ( 0.000000000000000000, 0.000000000000000000, 1.000000000000000000 ) ) ;
#4534 = CARTESIAN_POINT ( 'NONE',  ( 120.0000000000000142, 62.20000000000005258, 50.00000000000000711 ) ) ;
#4535 = DIRECTION ( 'NONE',  ( -0.000000000000000000, -0.000000000000000000, 1.000000000000000000 ) ) ;
#4536 = EDGE_CURVE ( 'NONE', #2958, #4965, #2737, .T. ) ;
#4537 = ORIENTED_EDGE ( 'NONE', *, *, #3508, .T. ) ;
#4538 = DIRECTION ( 'NONE',  ( 0.000000000000000000, 1.000000000000000000, 0.000000000000000000 ) ) ;
#4539 = ORIENTED_EDGE ( 'NONE', *, *, #4179, .T. ) ;
#4540 = CARTESIAN_POINT ( 'NONE',  ( -125.0000000000000000, 65.20000000000000284, 80.00000000000000000 ) ) ;
#4541 = CARTESIAN_POINT ( 'NONE',  ( 125.0000000000000284, 21.20000000000000284, 67.00000000000000000 ) ) ;
#4542 = EDGE_CURVE ( 'NONE', #2448, #3992, #155, .T. ) ;
#4543 = VECTOR ( 'NONE', #104, 1000.000000000000000 ) ;
#4544 = ORIENTED_EDGE ( 'NONE', *, *, #5878, .F. ) ;
#4545 = DIRECTION ( 'NONE',  ( 0.000000000000000000, 1.000000000000000000, 0.000000000000000000 ) ) ;
#4546 = DIRECTION ( 'NONE',  ( 0.000000000000000000, 0.000000000000000000, 1.000000000000000000 ) ) ;
#4547 = EDGE_LOOP ( 'NONE', ( #1307, #4003, #461, #2987 ) ) ;
#4548 = CARTESIAN_POINT ( 'NONE',  ( -125.0000000000000000, 5.117814810189809549, 46.28460969082654231 ) ) ;
#4549 = AXIS2_PLACEMENT_3D ( 'NONE', #3387, #2980, #2922 ) ;
#4550 = EDGE_CURVE ( 'NONE', #2774, #1298, #2836, .T. ) ;
#4551 = PLANE ( 'NONE',  #2339 ) ;
#4552 = ORIENTED_EDGE ( 'NONE', *, *, #3023, .T. ) ;
#4553 = ORIENTED_EDGE ( 'NONE', *, *, #4243, .T. ) ;
#4554 = CARTESIAN_POINT ( 'NONE',  ( -150.0000000000000000, 65.20000000000000284, -55.00000000000000000 ) ) ;
#4555 = DIRECTION ( 'NONE',  ( 0.000000000000000000, -1.000000000000000000, 0.000000000000000000 ) ) ;
#4556 = ORIENTED_EDGE ( 'NONE', *, *, #5158, .T. ) ;
#4557 = FACE_OUTER_BOUND ( 'NONE', #4569, .T. ) ;
#4558 = VECTOR ( 'NONE', #647, 1000.000000000000000 ) ;
#4559 = EDGE_CURVE ( 'NONE', #5743, #5781, #3661, .T. ) ;
#4560 = DIRECTION ( 'NONE',  ( 1.000000000000000000, -0.000000000000000000, 0.000000000000000000 ) ) ;
#4561 = CIRCLE ( 'NONE', #5356, 5.174999999999991829 ) ;
#4562 = EDGE_CURVE ( 'NONE', #1399, #4872, #2778, .T. ) ;
#4563 = ORIENTED_EDGE ( 'NONE', *, *, #5115, .F. ) ;
#4564 = LINE ( 'NONE', #502, #3334 ) ;
#4565 = CARTESIAN_POINT ( 'NONE',  ( 95.00000000000002842, -41.00000000000000000, 79.58999999999998920 ) ) ;
#4566 = CIRCLE ( 'NONE', #1517, 5.049999999999957190 ) ;
#4567 = DIRECTION ( 'NONE',  ( -0.000000000000000000, 1.000000000000000000, -0.000000000000000000 ) ) ;
#4568 = ORIENTED_EDGE ( 'NONE', *, *, #2139, .F. ) ;
#4569 = EDGE_LOOP ( 'NONE', ( #5277, #1054 ) ) ;
#4570 = EDGE_CURVE ( 'NONE', #2745, #5743, #5684, .T. ) ;
#4571 = AXIS2_PLACEMENT_3D ( 'NONE', #3965, #5427, #3641 ) ;
#4572 = CARTESIAN_POINT ( 'NONE',  ( 123.3749302730564636, 65.20000000000000284, 52.06876021877163652 ) ) ;
#4573 = EDGE_LOOP ( 'NONE', ( #4709, #506 ) ) ;
#4574 = DIRECTION ( 'NONE',  ( -0.000000000000000000, 1.000000000000000000, -0.000000000000000000 ) ) ;
#4575 = ORIENTED_EDGE ( 'NONE', *, *, #3074, .T. ) ;
#4576 = LINE ( 'NONE', #4541, #1114 ) ;
#4577 = VERTEX_POINT ( 'NONE', #88 ) ;
#4578 = CARTESIAN_POINT ( 'NONE',  ( -130.5000000000000000, 28.69999999999999929, 25.50000000000000355 ) ) ;
#4579 = DIRECTION ( 'NONE',  ( 0.000000000000000000, -1.000000000000000000, 0.000000000000000000 ) ) ;
#4580 = ORIENTED_EDGE ( 'NONE', *, *, #524, .F. ) ;
#4581 = DIRECTION ( 'NONE',  ( 0.000000000000000000, 0.000000000000000000, -1.000000000000000000 ) ) ;
#4582 = CARTESIAN_POINT ( 'NONE',  ( -145.0000000000000000, 62.20000000000000995, -61.67499999999997584 ) ) ;
#4583 = ORIENTED_EDGE ( 'NONE', *, *, #3891, .T. ) ;
#4584 = EDGE_CURVE ( 'NONE', #365, #465, #59, .T. ) ;
#4585 = ORIENTED_EDGE ( 'NONE', *, *, #3305, .T. ) ;
#4586 = FACE_OUTER_BOUND ( 'NONE', #990, .T. ) ;
#4587 = VERTEX_POINT ( 'NONE', #1835 ) ;
#4588 = LINE ( 'NONE', #4966, #3700 ) ;
#4589 = ORIENTED_EDGE ( 'NONE', *, *, #4948, .F. ) ;
#4590 = EDGE_CURVE ( 'NONE', #4665, #3086, #5881, .T. ) ;
#4591 = EDGE_CURVE ( 'NONE', #157, #4797, #2828, .T. ) ;
#4592 = DIRECTION ( 'NONE',  ( 0.000000000000000000, 0.000000000000000000, 1.000000000000000000 ) ) ;
#4593 = CARTESIAN_POINT ( 'NONE',  ( -120.0000000000000000, -10.00000000000000178, -19.50000000000000000 ) ) ;
#4594 = DIRECTION ( 'NONE',  ( 0.000000000000000000, 1.000000000000000000, 0.000000000000000000 ) ) ;
#4595 = EDGE_CURVE ( 'NONE', #4946, #4513, #1412, .T. ) ;
#4596 = CARTESIAN_POINT ( 'NONE',  ( 91.18484595043831575, 70.38595239174334495, 87.74493896551300054 ) ) ;
#4597 = AXIS2_PLACEMENT_3D ( 'NONE', #5063, #4658, #587 ) ;
#4598 = CARTESIAN_POINT ( 'NONE',  ( -154.5393920141694366, 65.20000000000000284, -52.90383203399760959 ) ) ;
#4599 = ORIENTED_EDGE ( 'NONE', *, *, #5899, .T. ) ;
#4600 = DIRECTION ( 'NONE',  ( -1.000000000000000000, -0.000000000000000000, -0.000000000000000000 ) ) ;
#4601 = ORIENTED_EDGE ( 'NONE', *, *, #3115, .F. ) ;
#4602 = FACE_OUTER_BOUND ( 'NONE', #777, .T. ) ;
#4603 = ADVANCED_FACE ( 'NONE', ( #3271 ), #3648, .F. ) ;
#4604 = AXIS2_PLACEMENT_3D ( 'NONE', #659, #2472, #4265 ) ;
#4605 = LINE ( 'NONE', #2805, #3569 ) ;
#4606 = CARTESIAN_POINT ( 'NONE',  ( 48.38703381417222005, 4.699999999999999289, -4.814249555950268267 ) ) ;
#4607 = ORIENTED_EDGE ( 'NONE', *, *, #3771, .T. ) ;
#4608 = PLANE ( 'NONE',  #3 ) ;
#4609 = CIRCLE ( 'NONE', #2732, 5.049999999999998934 ) ;
#4610 = VECTOR ( 'NONE', #1638, 1000.000000000000000 ) ;
#4611 = DIRECTION ( 'NONE',  ( 1.000000000000000000, -0.000000000000000000, 0.000000000000000000 ) ) ;
#4612 = ORIENTED_EDGE ( 'NONE', *, *, #1290, .F. ) ;
#4613 = ORIENTED_EDGE ( 'NONE', *, *, #3707, .F. ) ;
#4614 = DIRECTION ( 'NONE',  ( 1.000000000000000000, 0.000000000000000000, 0.000000000000000000 ) ) ;
#4615 = DIRECTION ( 'NONE',  ( 0.000000000000000000, 1.000000000000000000, 0.000000000000000000 ) ) ;
#4616 = VECTOR ( 'NONE', #789, 1000.000000000000000 ) ;
#4617 = ORIENTED_EDGE ( 'NONE', *, *, #3247, .T. ) ;
#4618 = FACE_OUTER_BOUND ( 'NONE', #4181, .T. ) ;
#4619 = CARTESIAN_POINT ( 'NONE',  ( -581.2799143269010074, 0.000000000000000000, -191.2536113549479637 ) ) ;
#4620 = EDGE_LOOP ( 'NONE', ( #4985, #3896, #2895, #1877 ) ) ;
#4621 = AXIS2_PLACEMENT_3D ( 'NONE', #1648, #3004, #1240 ) ;
#4622 = CARTESIAN_POINT ( 'NONE',  ( -30.71635548338478472, 1.442230284718745592, 41.41828047683716107 ) ) ;
#4623 = CARTESIAN_POINT ( 'NONE',  ( -150.0000000000000000, 0.000000000000000000, 0.000000000000000000 ) ) ;
#4624 = CARTESIAN_POINT ( 'NONE',  ( -145.0000000000000000, -41.00000000000000000, -34.83000000000000540 ) ) ;
#4625 = PRODUCT_RELATED_PRODUCT_CATEGORY ( 'detail', '', ( #2446 ) ) ;
#4626 = VECTOR ( 'NONE', #1949, 1000.000000000000000 ) ;
#4627 = FACE_OUTER_BOUND ( 'NONE', #1602, .T. ) ;
#4628 = AXIS2_PLACEMENT_3D ( 'NONE', #2141, #2601, #2632 ) ;
#4629 = FACE_OUTER_BOUND ( 'NONE', #1203, .T. ) ;
#4630 = EDGE_CURVE ( 'NONE', #2704, #3085, #3294, .T. ) ;
#4631 = CARTESIAN_POINT ( 'NONE',  ( 123.5761464565312906, 65.20000000000001705, 52.31519326434136019 ) ) ;
#4632 = VECTOR ( 'NONE', #3598, 1000.000000000000000 ) ;
#4633 = EDGE_CURVE ( 'NONE', #2266, #703, #60, .T. ) ;
#4634 = ORIENTED_EDGE ( 'NONE', *, *, #3297, .T. ) ;
#4635 = CARTESIAN_POINT ( 'NONE',  ( -145.0000000000000284, 31.85000000000000497, -80.00000000000000000 ) ) ;
#4636 = DIRECTION ( 'NONE',  ( 0.000000000000000000, 0.000000000000000000, -1.000000000000000000 ) ) ;
#4637 = CARTESIAN_POINT ( 'NONE',  ( -125.0000000000000000, -29.00000000000000355, 79.59000000000004604 ) ) ;
#4638 = EDGE_CURVE ( 'NONE', #5035, #3492, #564, .T. ) ;
#4639 = CARTESIAN_POINT ( 'NONE',  ( -151.7890461095624914, -0.3301267294579087741, 22.39441998007833590 ) ) ;
#4640 = DIRECTION ( 'NONE',  ( 1.000000000000000000, 0.000000000000000000, 0.000000000000000000 ) ) ;
#4641 = ORIENTED_EDGE ( 'NONE', *, *, #261, .T. ) ;
#4642 = CARTESIAN_POINT ( 'NONE',  ( -687.9162712043346346, -44.00000000000000711, 122.1026468289988145 ) ) ;
#4643 = ORIENTED_EDGE ( 'NONE', *, *, #5094, .T. ) ;
#4644 = DIRECTION ( 'NONE',  ( 0.000000000000000000, 0.000000000000000000, 1.000000000000000000 ) ) ;
#4645 = CARTESIAN_POINT ( 'NONE',  ( 115.0000000000000000, 62.20000000000000995, -63.00000000000001421 ) ) ;
#4646 = AXIS2_PLACEMENT_3D ( 'NONE', #2358, #1823, #5569 ) ;
#4647 = CARTESIAN_POINT ( 'NONE',  ( -155.0000000000000000, 21.20000000000000284, 92.00000000000000000 ) ) ;
#4648 = EDGE_LOOP ( 'NONE', ( #2566, #2355, #507, #3062, #1238, #1812, #887, #2342, #968 ) ) ;
#4649 = ADVANCED_FACE ( 'NONE', ( #3678 ), #450, .F. ) ;
#4650 = AXIS2_PLACEMENT_3D ( 'NONE', #1584, #1127, #1186 ) ;
#4651 = CARTESIAN_POINT ( 'NONE',  ( -29.89783316621831588, 1.533153422011894751, 41.60669683310186429 ) ) ;
#4652 = CARTESIAN_POINT ( 'NONE',  ( -145.0000000000000000, 62.20000000000001705, 82.00000000000000000 ) ) ;
#4653 = CARTESIAN_POINT ( 'NONE',  ( -5.254798149870912205, 0.000000000000000000, -19.63376097510607821 ) ) ;
#4654 = VECTOR ( 'NONE', #1210, 1000.000000000000000 ) ;
#4655 = CARTESIAN_POINT ( 'NONE',  ( 119.9226346243663386, 64.22737238376393520, 50.15473075126737967 ) ) ;
#4656 = ORIENTED_EDGE ( 'NONE', *, *, #4195, .T. ) ;
#4657 = LINE ( 'NONE', #2009, #5825 ) ;
#4658 = DIRECTION ( 'NONE',  ( 1.000000000000000000, 0.000000000000000000, 0.000000000000000000 ) ) ;
#4659 = DIRECTION ( 'NONE',  ( 0.000000000000000000, 0.000000000000000000, -1.000000000000000000 ) ) ;
#4660 = ORIENTED_EDGE ( 'NONE', *, *, #5536, .T. ) ;
#4661 = VECTOR ( 'NONE', #5360, 1000.000000000000000 ) ;
#4662 = ADVANCED_FACE ( 'NONE', ( #5526 ), #3244, .T. ) ;
#4663 = CIRCLE ( 'NONE', #3340, 5.050000000000068212 ) ;
#4664 = CARTESIAN_POINT ( 'NONE',  ( -77.59000000000001762, 34.82500000000000284, -61.35000000000000142 ) ) ;
#4665 = VERTEX_POINT ( 'NONE', #1776 ) ;
#4666 = AXIS2_PLACEMENT_3D ( 'NONE', #5660, #771, #4342 ) ;
#4667 = EDGE_CURVE ( 'NONE', #3259, #5370, #4605, .T. ) ;
#4668 = ORIENTED_EDGE ( 'NONE', *, *, #3744, .T. ) ;
#4669 = PLANE ( 'NONE',  #1853 ) ;
#4670 = VECTOR ( 'NONE', #4414, 1000.000000000000000 ) ;
#4671 = CARTESIAN_POINT ( 'NONE',  ( 125.0000000000000000, -5.000000000000000000, 35.00000000000000000 ) ) ;
#4672 = PLANE ( 'NONE',  #111 ) ;
#4673 = CARTESIAN_POINT ( 'NONE',  ( -125.0000000000000000, 69.72142938542931745, 88.59000000000004604 ) ) ;
#4674 = VERTEX_POINT ( 'NONE', #4060 ) ;
#4675 = CYLINDRICAL_SURFACE ( 'NONE', #2383, 5.174999999999991829 ) ;
#4676 = VERTEX_POINT ( 'NONE', #5 ) ;
#4677 = DIRECTION ( 'NONE',  ( -1.010328182681356408E-16, -0.000000000000000000, -1.000000000000000000 ) ) ;
#4678 = CARTESIAN_POINT ( 'NONE',  ( -79.25479814987089355, 0.000000000000000000, 1.366239024893918019 ) ) ;
#4679 = DIRECTION ( 'NONE',  ( 0.000000000000000000, 0.000000000000000000, -1.000000000000000000 ) ) ;
#4680 = FACE_OUTER_BOUND ( 'NONE', #910, .T. ) ;
#4681 = ORIENTED_EDGE ( 'NONE', *, *, #5510, .T. ) ;
#4682 = VERTEX_POINT ( 'NONE', #3625 ) ;
#4683 = CARTESIAN_POINT ( 'NONE',  ( -5.254798149870912205, 12.00000000000000000, -0.1337609751060793439 ) ) ;
#4684 = EDGE_CURVE ( 'NONE', #1807, #2774, #5468, .T. ) ;
#4685 = EDGE_CURVE ( 'NONE', #4577, #5622, #2424, .T. ) ;
#4686 = CARTESIAN_POINT ( 'NONE',  ( -152.0370116691915712, 21.20000000000000284, 67.00000000000000000 ) ) ;
#4687 = DIRECTION ( 'NONE',  ( -1.000000000000000000, 0.000000000000000000, 0.000000000000000000 ) ) ;
#4688 = EDGE_CURVE ( 'NONE', #5337, #739, #621, .T. ) ;
#4689 = DIRECTION ( 'NONE',  ( 0.000000000000000000, 0.000000000000000000, 1.000000000000000000 ) ) ;
#4690 = DIRECTION ( 'NONE',  ( 0.000000000000000000, 0.000000000000000000, -1.000000000000000000 ) ) ;
#4691 = CARTESIAN_POINT ( 'NONE',  ( -126.7727025969125094, 5.565557956103347692, 46.69553922351030906 ) ) ;
#4692 = CARTESIAN_POINT ( 'NONE',  ( 61.08999999999998920, 31.85000000000000497, -80.00000000000000000 ) ) ;
#4693 = MANIFOLD_SOLID_BREP ( 'Fillet19', #3466 ) ;
#4694 = CARTESIAN_POINT ( 'NONE',  ( -79.25479814987089355, 12.00000000000000000, -0.1337609751060793439 ) ) ;
#4695 = DIRECTION ( 'NONE',  ( 0.000000000000000000, -1.000000000000000000, 0.000000000000000000 ) ) ;
#4696 = CC_DESIGN_DATE_AND_TIME_ASSIGNMENT ( #3039, #4943, ( #3734 ) ) ;
#4697 = EDGE_CURVE ( 'NONE', #1088, #73, #2978, .T. ) ;
#4698 = PLANE ( 'NONE',  #3603 ) ;
#4699 = DIRECTION ( 'NONE',  ( -1.000000000000000000, 0.000000000000000000, 0.000000000000000000 ) ) ;
#4700 = EDGE_LOOP ( 'NONE', ( #4748, #2869 ) ) ;
#4701 = VECTOR ( 'NONE', #164, 1000.000000000000000 ) ;
#4702 = LINE ( 'NONE', #2379, #1433 ) ;
#4703 = DIRECTION ( 'NONE',  ( -0.000000000000000000, 1.000000000000000000, -0.000000000000000000 ) ) ;
#4704 = ADVANCED_FACE ( 'NONE', ( #4755 ), #1915, .T. ) ;
#4705 = DIRECTION ( 'NONE',  ( 0.000000000000000000, -1.000000000000000000, 0.000000000000000000 ) ) ;
#4706 = AXIS2_PLACEMENT_3D ( 'NONE', #5506, #3685, #4644 ) ;
#4707 = AXIS2_PLACEMENT_3D ( 'NONE', #5903, #4524, #920 ) ;
#4708 = EDGE_CURVE ( 'NONE', #5688, #5429, #2889, .T. ) ;
#4709 = ORIENTED_EDGE ( 'NONE', *, *, #415, .T. ) ;
#4710 = DIRECTION ( 'NONE',  ( 0.000000000000000000, 0.000000000000000000, -1.000000000000000000 ) ) ;
#4711 = ORIENTED_EDGE ( 'NONE', *, *, #3230, .T. ) ;
#4712 = EDGE_LOOP ( 'NONE', ( #3199, #2658, #44, #1284 ) ) ;
#4713 = VECTOR ( 'NONE', #1154, 1000.000000000000000 ) ;
#4714 = DIRECTION ( 'NONE',  ( 0.000000000000000000, -1.000000000000000000, 0.000000000000000000 ) ) ;
#4715 = FACE_OUTER_BOUND ( 'NONE', #5243, .T. ) ;
#4716 = ORIENTED_EDGE ( 'NONE', *, *, #2410, .F. ) ;
#4717 = AXIS2_PLACEMENT_3D ( 'NONE', #3966, #5827, #2190 ) ;
#4718 = ORIENTED_EDGE ( 'NONE', *, *, #359, .F. ) ;
#4719 = EDGE_CURVE ( 'NONE', #2408, #5787, #1936, .T. ) ;
#4720 = LINE ( 'NONE', #1175, #1806 ) ;
#4721 = DIRECTION ( 'NONE',  ( -0.000000000000000000, 0.000000000000000000, 1.000000000000000000 ) ) ;
#4722 = LINE ( 'NONE', #3033, #4558 ) ;
#4723 = CIRCLE ( 'NONE', #3025, 2.400000000000000799 ) ;
#4724 = CARTESIAN_POINT ( 'NONE',  ( 8.130000000000007887, 12.00000000000000000, 22.87999999999999901 ) ) ;
#4725 = DIRECTION ( 'NONE',  ( 0.000000000000000000, -1.000000000000000000, 0.000000000000000000 ) ) ;
#4726 = APPROVAL_STATUS ( 'not_yet_approved' ) ;
#4727 = DIRECTION ( 'NONE',  ( 0.000000000000000000, 1.000000000000000000, -0.000000000000000000 ) ) ;
#4728 = AXIS2_PLACEMENT_3D ( 'NONE', #180, #851, #2567 ) ;
#4729 = DIRECTION ( 'NONE',  ( -1.000000000000000000, 0.000000000000000000, 0.000000000000000000 ) ) ;
#4730 = DIRECTION ( 'NONE',  ( -0.000000000000000000, -0.000000000000000000, 1.000000000000000000 ) ) ;
#4731 = ORIENTED_EDGE ( 'NONE', *, *, #4976, .F. ) ;
#4732 = ORIENTED_EDGE ( 'NONE', *, *, #939, .F. ) ;
#4733 = CARTESIAN_POINT ( 'NONE',  ( 115.0000000000000000, 62.20000000000000995, 62.99999999999998579 ) ) ;
#4734 = CARTESIAN_POINT ( 'NONE',  ( 95.00000000000002842, -56.00000000000002132, 82.83999999999998920 ) ) ;
#4735 = EDGE_CURVE ( 'NONE', #2992, #2377, #727, .T. ) ;
#4736 = DIRECTION ( 'NONE',  ( -0.000000000000000000, 1.000000000000000000, -0.000000000000000000 ) ) ;
#4737 = ORIENTED_EDGE ( 'NONE', *, *, #2036, .F. ) ;
#4738 = CARTESIAN_POINT ( 'NONE',  ( -85.68000000000002103, 34.82500000000000284, 50.00000000000000000 ) ) ;
#4739 = ORIENTED_EDGE ( 'NONE', *, *, #4947, .T. ) ;
#4740 = ADVANCED_FACE ( 'NONE', ( #3784 ), #1095, .F. ) ;
#4741 = CARTESIAN_POINT ( 'NONE',  ( 0.000000000000000000, 62.20000000000000995, 92.00000000000000000 ) ) ;
#4742 = AXIS2_PLACEMENT_3D ( 'NONE', #764, #1226, #3521 ) ;
#4743 = CARTESIAN_POINT ( 'NONE',  ( 115.0000000000000000, 72.20000000000001705, 50.00000000000000000 ) ) ;
#4744 = ORIENTED_EDGE ( 'NONE', *, *, #2412, .T. ) ;
#4745 = CARTESIAN_POINT ( 'NONE',  ( -427.9162712043346346, -44.00000000000000711, 7.052646828998834216 ) ) ;
#4746 = EDGE_LOOP ( 'NONE', ( #3175, #5840, #824, #341 ) ) ;
#4747 = AXIS2_PLACEMENT_3D ( 'NONE', #1498, #2893, #624 ) ;
#4748 = ORIENTED_EDGE ( 'NONE', *, *, #2412, .F. ) ;
#4749 = ORIENTED_EDGE ( 'NONE', *, *, #3286, .F. ) ;
#4750 = CARTESIAN_POINT ( 'NONE',  ( -154.6953528858248887, 64.70407603546892972, -53.24157573908149743 ) ) ;
#4751 = VECTOR ( 'NONE', #2999, 1000.000000000000000 ) ;
#4752 = ORIENTED_EDGE ( 'NONE', *, *, #5878, .T. ) ;
#4753 = DIRECTION ( 'NONE',  ( 0.000000000000000000, 1.000000000000000000, -0.000000000000000000 ) ) ;
#4754 = CIRCLE ( 'NONE', #1707, 3.249999999999988898 ) ;
#4755 = FACE_OUTER_BOUND ( 'NONE', #3815, .T. ) ;
#4756 = EDGE_CURVE ( 'NONE', #3921, #416, #4812, .T. ) ;
#4757 =( LENGTH_UNIT ( ) NAMED_UNIT ( * ) SI_UNIT ( .MILLI., .METRE. ) );
#4758 = VECTOR ( 'NONE', #3759, 1000.000000000000000 ) ;
#4759 = LINE ( 'NONE', #205, #4950 ) ;
#4760 = DIRECTION ( 'NONE',  ( -0.000000000000000000, -1.000000000000000000, -0.000000000000000000 ) ) ;
#4761 = DIRECTION ( 'NONE',  ( -1.000000000000000000, 0.000000000000000000, 0.000000000000000000 ) ) ;
#4762 = ORIENTED_EDGE ( 'NONE', *, *, #415, .F. ) ;
#4763 = VECTOR ( 'NONE', #148, 1000.000000000000000 ) ;
#4764 = CARTESIAN_POINT ( 'NONE',  ( -72.79000000000002046, 12.00000000000000000, 22.87999999999999901 ) ) ;
#4765 = CYLINDRICAL_SURFACE ( 'NONE', #3371, 5.174999999999991829 ) ;
#4766 = FACE_OUTER_BOUND ( 'NONE', #4620, .T. ) ;
#4767 = AXIS2_PLACEMENT_3D ( 'NONE', #4056, #2744, #2686 ) ;
#4768 = ORIENTED_EDGE ( 'NONE', *, *, #2969, .F. ) ;
#4769 = ORIENTED_EDGE ( 'NONE', *, *, #5030, .F. ) ;
#4770 = FACE_OUTER_BOUND ( 'NONE', #4270, .T. ) ;
#4771 = ORIENTED_EDGE ( 'NONE', *, *, #2923, .T. ) ;
#4772 = DIRECTION ( 'NONE',  ( 0.000000000000000000, 0.000000000000000000, 1.000000000000000000 ) ) ;
#4773 = ORIENTED_EDGE ( 'NONE', *, *, #2923, .F. ) ;
#4774 = CARTESIAN_POINT ( 'NONE',  ( 76.14000000000000057, 65.20000000000000284, -63.00000000000001421 ) ) ;
#4775 = DIRECTION ( 'NONE',  ( 0.000000000000000000, 0.000000000000000000, 1.000000000000000000 ) ) ;
#4776 = ORIENTED_EDGE ( 'NONE', *, *, #3930, .F. ) ;
#4777 = EDGE_CURVE ( 'NONE', #1427, #3092, #5252, .T. ) ;
#4778 = FACE_OUTER_BOUND ( 'NONE', #2727, .T. ) ;
#4779 = EDGE_CURVE ( 'NONE', #4303, #2638, #4908, .T. ) ;
#4780 = ORIENTED_EDGE ( 'NONE', *, *, #2398, .T. ) ;
#4781 = ORIENTED_EDGE ( 'NONE', *, *, #2860, .T. ) ;
#4782 = ORIENTED_EDGE ( 'NONE', *, *, #1215, .F. ) ;
#4783 = B_SPLINE_CURVE_WITH_KNOTS ( 'NONE', 3,
 ( #2356, #3717, #5567, #1452, #724, #2505, #2571, #243, #3050, #5232, #5329, #1691 ),
 .UNSPECIFIED., .F., .F.,
 ( 4, 2, 2, 2, 2, 4 ),
 ( 7.003319803516916536E-18, 0.006539173625300770919, 0.009808760437951152475, 0.01307834725060153490, 0.01961752087590230495, 0.02615669450120307327 ),
 .UNSPECIFIED. ) ;
#4784 = DIRECTION ( 'NONE',  ( -1.000000000000000000, 0.000000000000000000, 0.000000000000000000 ) ) ;
#4785 = EDGE_LOOP ( 'NONE', ( #3238, #5752, #30, #929, #2468, #2484 ) ) ;
#4786 = EDGE_CURVE ( 'NONE', #606, #5137, #344, .T. ) ;
#4787 = VERTEX_POINT ( 'NONE', #2918 ) ;
#4788 = CARTESIAN_POINT ( 'NONE',  ( -605.7799143269008937, 6.000000000000000000, -185.4036113549479978 ) ) ;
#4789 = DIRECTION ( 'NONE',  ( 0.000000000000000000, -1.000000000000000000, 0.000000000000000000 ) ) ;
#4790 = DIRECTION ( 'NONE',  ( 0.000000000000000000, 1.000000000000000000, -0.000000000000000000 ) ) ;
#4791 = FACE_OUTER_BOUND ( 'NONE', #3573, .T. ) ;
#4792 = ADVANCED_FACE ( 'NONE', ( #1471 ), #4669, .F. ) ;
#4793 = VERTEX_POINT ( 'NONE', #203 ) ;
#4794 = CARTESIAN_POINT ( 'NONE',  ( -417.9162712043346346, -44.00000000000000711, 132.1026468289988145 ) ) ;
#4795 = DIRECTION ( 'NONE',  ( -1.000000000000000000, 0.000000000000000000, 0.000000000000000000 ) ) ;
#4796 = FACE_OUTER_BOUND ( 'NONE', #4930, .T. ) ;
#4797 = VERTEX_POINT ( 'NONE', #1554 ) ;
#4798 = FACE_BOUND ( 'NONE', #2151, .T. ) ;
#4799 = CARTESIAN_POINT ( 'NONE',  ( -150.0000000000000000, 15.00000000000000000, -35.00000000000000000 ) ) ;
#4800 = CARTESIAN_POINT ( 'NONE',  ( -150.0000000000000000, 15.00000000000000000, -50.00000000000000000 ) ) ;
#4801 = CARTESIAN_POINT ( 'NONE',  ( -145.0000000000000000, 62.20000000000000995, 82.00000000000000000 ) ) ;
#4802 = VECTOR ( 'NONE', #4878, 1000.000000000000000 ) ;
#4803 = EDGE_LOOP ( 'NONE', ( #481, #5458, #4585, #179 ) ) ;
#4804 = VERTEX_POINT ( 'NONE', #1124 ) ;
#4805 = ORIENTED_EDGE ( 'NONE', *, *, #1642, .T. ) ;
#4806 = ORIENTED_EDGE ( 'NONE', *, *, #4012, .F. ) ;
#4807 = CARTESIAN_POINT ( 'NONE',  ( 0.000000000000000000, -41.00000000000000000, 92.00000000000000000 ) ) ;
#4808 = AXIS2_PLACEMENT_3D ( 'NONE', #1656, #4391, #1716 ) ;
#4809 = FACE_OUTER_BOUND ( 'NONE', #3167, .T. ) ;
#4810 = ORIENTED_EDGE ( 'NONE', *, *, #4934, .T. ) ;
#4811 = CARTESIAN_POINT ( 'NONE',  ( -79.25479814987090776, 0.000000000000000000, -18.13376097510607821 ) ) ;
#4812 = CIRCLE ( 'NONE', #1099, 5.170000000000000817 ) ;
#4813 = EDGE_LOOP ( 'NONE', ( #657, #3835, #5267, #5855 ) ) ;
#4814 = DIRECTION ( 'NONE',  ( -1.000000000000000000, 0.000000000000000000, 0.000000000000000000 ) ) ;
#4815 = LINE ( 'NONE', #1093, #5778 ) ;
#4816 = CIRCLE ( 'NONE', #735, 5.174999999999991829 ) ;
#4817 = DIRECTION ( 'NONE',  ( -0.000000000000000000, -0.000000000000000000, -1.000000000000000000 ) ) ;
#4818 = EDGE_CURVE ( 'NONE', #5387, #5887, #5204, .T. ) ;
#4819 = PLANE ( 'NONE',  #4621 ) ;
#4820 = APPROVAL_STATUS ( 'not_yet_approved' ) ;
#4821 = DIRECTION ( 'NONE',  ( 0.000000000000000000, 1.000000000000000000, 0.000000000000000000 ) ) ;
#4822 = CARTESIAN_POINT ( 'NONE',  ( 0.000000000000000000, 0.000000000000000000, 22.87999999999999901 ) ) ;
#4823 = AXIS2_PLACEMENT_3D ( 'NONE', #947, #2354, #605 ) ;
#4824 = ADVANCED_FACE ( 'NONE', ( #1583 ), #712, .F. ) ;
#4825 = CARTESIAN_POINT ( 'NONE',  ( 0.000000000000000000, -4.000000000000000000, 0.000000000000000000 ) ) ;
#4826 = ORIENTED_EDGE ( 'NONE', *, *, #2722, .F. ) ;
#4827 = VECTOR ( 'NONE', #2890, 1000.000000000000000 ) ;
#4828 = CARTESIAN_POINT ( 'NONE',  ( -5.254798149870912205, 12.00000000000000000, -18.13376097510607821 ) ) ;
#4829 = CARTESIAN_POINT ( 'NONE',  ( 76.14000000000000057, 65.20000000000000284, -50.00000000000000000 ) ) ;
#4830 = EDGE_CURVE ( 'NONE', #4030, #4676, #3485, .T. ) ;
#4831 = ORIENTED_EDGE ( 'NONE', *, *, #5844, .F. ) ;
#4832 = CARTESIAN_POINT ( 'NONE',  ( -155.0000000000000000, -2.331312632947156516, 55.52200227722288872 ) ) ;
#4833 = CARTESIAN_POINT ( 'NONE',  ( 95.00000000000002842, -56.00000000000002132, 79.58999999999998920 ) ) ;
#4834 = ORIENTED_EDGE ( 'NONE', *, *, #4364, .F. ) ;
#4835 = DIRECTION ( 'NONE',  ( 0.000000000000000000, 0.000000000000000000, 1.000000000000000000 ) ) ;
#4836 = LINE ( 'NONE', #4743, #633 ) ;
#4837 = ORIENTED_EDGE ( 'NONE', *, *, #5203, .F. ) ;
#4838 = EDGE_CURVE ( 'NONE', #693, #157, #5405, .T. ) ;
#4839 = ORIENTED_EDGE ( 'NONE', *, *, #5463, .F. ) ;
#4840 = CARTESIAN_POINT ( 'NONE',  ( -125.0000000000000000, 65.20000000000000284, 50.46060798583054918 ) ) ;
#4841 = ORIENTED_EDGE ( 'NONE', *, *, #2530, .F. ) ;
#4842 = DIRECTION ( 'NONE',  ( -0.000000000000000000, 1.000000000000000000, -0.000000000000000000 ) ) ;
#4843 = ORIENTED_EDGE ( 'NONE', *, *, #646, .F. ) ;
#4844 = CARTESIAN_POINT ( 'NONE',  ( -79.25479814987089355, 0.000000000000000000, -0.1337609751060793439 ) ) ;
#4845 = CIRCLE ( 'NONE', #87, 18.55000000000001137 ) ;
#4846 = ORIENTED_EDGE ( 'NONE', *, *, #785, .F. ) ;
#4847 = LINE ( 'NONE', #4788, #4654 ) ;
#4848 = CIRCLE ( 'NONE', #3876, 3.249999999999988898 ) ;
#4849 = CARTESIAN_POINT ( 'NONE',  ( -687.9162712043346346, -44.00000000000000711, 117.0526468289987463 ) ) ;
#4850 = PLANE ( 'NONE',  #2876 ) ;
#4851 = CIRCLE ( 'NONE', #3969, 3.250000000000002665 ) ;
#4852 = CARTESIAN_POINT ( 'NONE',  ( 0.000000000000000000, 0.000000000000000000, 50.00000000000000000 ) ) ;
#4853 = EDGE_CURVE ( 'NONE', #1177, #539, #3753, .T. ) ;
#4854 = CIRCLE ( 'NONE', #871, 8.999999999999994671 ) ;
#4855 = AXIS2_PLACEMENT_3D ( 'NONE', #3871, #5726, #4348 ) ;
#4856 = EDGE_CURVE ( 'NONE', #5757, #3992, #840, .T. ) ;
#4857 = FACE_OUTER_BOUND ( 'NONE', #5242, .T. ) ;
#4858 = VERTEX_POINT ( 'NONE', #5286 ) ;
#4859 = PLANE ( 'NONE',  #2332 ) ;
#4860 = AXIS2_PLACEMENT_3D ( 'NONE', #1252, #2172, #4772 ) ;
#4861 = DIRECTION ( 'NONE',  ( 0.000000000000000000, 1.000000000000000000, -0.000000000000000000 ) ) ;
#4862 = VERTEX_POINT ( 'NONE', #353 ) ;
#4863 = ORIENTED_EDGE ( 'NONE', *, *, #121, .F. ) ;
#4864 = CARTESIAN_POINT ( 'NONE',  ( -150.5871608651350471, 0.2275613681269027522, 46.61250417641191746 ) ) ;
#4865 = CARTESIAN_POINT ( 'NONE',  ( -145.0000000000000000, 62.20000000000000995, -62.99999999999998579 ) ) ;
#4866 = VECTOR ( 'NONE', #4730, 1000.000000000000000 ) ;
#4867 = ORIENTED_EDGE ( 'NONE', *, *, #1938, .F. ) ;
#4868 = FACE_OUTER_BOUND ( 'NONE', #1188, .T. ) ;
#4869 = DIRECTION ( 'NONE',  ( 0.000000000000000000, 0.000000000000000000, 1.000000000000000000 ) ) ;
#4870 = ORIENTED_EDGE ( 'NONE', *, *, #2392, .T. ) ;
#4871 = CIRCLE ( 'NONE', #3797, 18.55000000000001847 ) ;
#4872 = VERTEX_POINT ( 'NONE', #5319 ) ;
#4873 = ORIENTED_EDGE ( 'NONE', *, *, #678, .F. ) ;
#4874 = EDGE_CURVE ( 'NONE', #2550, #4020, #4816, .T. ) ;
#4875 = ORIENTED_EDGE ( 'NONE', *, *, #4830, .T. ) ;
#4876 = ADVANCED_FACE ( 'NONE', ( #5403, #1213, #3506 ), #3997, .T. ) ;
#4877 = CARTESIAN_POINT ( 'NONE',  ( -135.5259515620957984, 3.644359597489630787, 46.41618919852695058 ) ) ;
#4878 = DIRECTION ( 'NONE',  ( 1.000000000000000000, -0.000000000000000000, -0.000000000000000000 ) ) ;
#4879 = ORIENTED_EDGE ( 'NONE', *, *, #1212, .T. ) ;
#4880 = DIRECTION ( 'NONE',  ( -0.000000000000000000, -0.000000000000000000, -1.000000000000000000 ) ) ;
#4881 = LINE ( 'NONE', #382, #2806 ) ;
#4882 = DIRECTION ( 'NONE',  ( 0.000000000000000000, 1.000000000000000000, -0.000000000000000000 ) ) ;
#4883 = CARTESIAN_POINT ( 'NONE',  ( -72.79000000000002046, 12.00000000000000000, -22.87999999999999901 ) ) ;
#4884 = DIRECTION ( 'NONE',  ( 0.000000000000000000, 0.000000000000000000, 1.000000000000000000 ) ) ;
#4885 = VERTEX_POINT ( 'NONE', #5730 ) ;
#4886 = LINE ( 'NONE', #3972, #3479 ) ;
#4887 = DIRECTION ( 'NONE',  ( 0.000000000000000000, -0.000000000000000000, 1.000000000000000000 ) ) ;
#4888 = FACE_BOUND ( 'NONE', #5024, .T. ) ;
#4889 = CARTESIAN_POINT ( 'NONE',  ( -154.3476767824430738, 7.322884232917617808, 67.00000000000000000 ) ) ;
#4890 = EDGE_CURVE ( 'NONE', #5175, #1770, #1619, .T. ) ;
#4891 = EDGE_CURVE ( 'NONE', #3862, #3451, #2098, .T. ) ;
#4892 = LINE ( 'NONE', #1063, #5672 ) ;
#4893 = DIRECTION ( 'NONE',  ( 0.000000000000000000, 0.000000000000000000, -1.000000000000000000 ) ) ;
#4894 = CARTESIAN_POINT ( 'NONE',  ( 0.000000000000000000, 12.00000000000000000, 0.000000000000000000 ) ) ;
#4895 = VERTEX_POINT ( 'NONE', #324 ) ;
#4896 = ORIENTED_EDGE ( 'NONE', *, *, #1826, .T. ) ;
#4897 = CIRCLE ( 'NONE', #2318, 21.50000000000001066 ) ;
#4898 = AXIS2_PLACEMENT_3D ( 'NONE', #1461, #1519, #5180 ) ;
#4899 = FACE_OUTER_BOUND ( 'NONE', #4547, .T. ) ;
#4900 = AXIS2_PLACEMENT_3D ( 'NONE', #1699, #5304, #734 ) ;
#4901 = CARTESIAN_POINT ( 'NONE',  ( -152.2102791940428688, 12.51318548314054624, 66.99999999999998579 ) ) ;
#4902 = EDGE_CURVE ( 'NONE', #2002, #407, #5854, .T. ) ;
#4903 = CIRCLE ( 'NONE', #4031, 30.00000000000000000 ) ;
#4904 = CIRCLE ( 'NONE', #2328, 10.00000000000000888 ) ;
#4905 = FACE_OUTER_BOUND ( 'NONE', #2088, .T. ) ;
#4906 = CARTESIAN_POINT ( 'NONE',  ( -120.0000000000000000, -10.00000000000000178, 30.00000000000000355 ) ) ;
#4907 = CARTESIAN_POINT ( 'NONE',  ( 30.00000000000000000, -10.00000000000000178, 30.00000000000000355 ) ) ;
#4908 = CIRCLE ( 'NONE', #2142, 18.55000000000000782 ) ;
#4909 = LINE ( 'NONE', #4883, #536 ) ;
#4910 = ORIENTED_EDGE ( 'NONE', *, *, #1039, .F. ) ;
#4911 = PLANE ( 'NONE',  #1883 ) ;
#4912 = CIRCLE ( 'NONE', #2040, 4.999999999999997335 ) ;
#4913 = ORIENTED_EDGE ( 'NONE', *, *, #4536, .F. ) ;
#4914 = CARTESIAN_POINT ( 'NONE',  ( -155.0000000000000000, -41.00000000000000000, -70.00000000000000000 ) ) ;
#4915 = DIRECTION ( 'NONE',  ( 0.000000000000000000, 0.000000000000000000, 1.000000000000000000 ) ) ;
#4916 = VERTEX_POINT ( 'NONE', #5347 ) ;
#4917 = CARTESIAN_POINT ( 'NONE',  ( 120.0000000000000000, -41.00000000000000000, 55.00000000000000000 ) ) ;
#4918 = AXIS2_PLACEMENT_3D ( 'NONE', #5591, #1026, #1924 ) ;
#4919 = DIRECTION ( 'NONE',  ( -1.000000000000000000, 0.000000000000000000, 0.000000000000000000 ) ) ;
#4920 = ORIENTED_EDGE ( 'NONE', *, *, #4336, .F. ) ;
#4921 = PLANE ( 'NONE',  #4979 ) ;
#4922 = DIRECTION ( 'NONE',  ( 0.000000000000000000, 0.000000000000000000, -1.000000000000000000 ) ) ;
#4923 = ORIENTED_EDGE ( 'NONE', *, *, #4086, .T. ) ;
#4924 = AXIS2_PLACEMENT_3D ( 'NONE', #2837, #2313, #2807 ) ;
#4925 = EDGE_CURVE ( 'NONE', #5291, #2697, #62, .T. ) ;
#4926 = DIRECTION ( 'NONE',  ( 0.000000000000000000, -0.000000000000000000, 1.000000000000000000 ) ) ;
#4927 = CARTESIAN_POINT ( 'NONE',  ( 101.1816709271257935, 71.30652627918287578, 86.14860137592913247 ) ) ;
#4928 = ORIENTED_EDGE ( 'NONE', *, *, #5710, .F. ) ;
#4929 = ADVANCED_FACE ( 'NONE', ( #3444 ), #4819, .T. ) ;
#4930 = EDGE_LOOP ( 'NONE', ( #1229, #4782, #3766, #4150 ) ) ;
#4931 = LINE ( 'NONE', #861, #1547 ) ;
#4932 = CARTESIAN_POINT ( 'NONE',  ( 48.38703381417222005, 4.699999999999999289, -4.814249555950268267 ) ) ;
#4933 = B_SPLINE_CURVE_WITH_KNOTS ( 'NONE', 3,
 ( #1343, #2642, #1310, #2176, #3956, #4013, #370, #3982, #4043, #858, #4927, #3547, #5842, #5389, #2671, #3084, #3056, #3491, #5365, #3577 ),
 .UNSPECIFIED., .F., .F.,
 ( 4, 2, 2, 2, 2, 2, 2, 2, 2, 4 ),
 ( 0.01193187299579958997, 0.01342320137228507002, 0.01491452974877054832, 0.01640585812525602663, 0.01789718650174150841, 0.01938851487822698672, 0.02087984325471246502, 0.02162550744295520591, 0.02237117163119794333, 0.02386250000768346674 ),
 .UNSPECIFIED. ) ;
#4934 = EDGE_CURVE ( 'NONE', #510, #3976, #4940, .T. ) ;
#4935 = CARTESIAN_POINT ( 'NONE',  ( -138.2090584218677520, 2.386617102586733097, 45.58279154034806879 ) ) ;
#4936 = ORIENTED_EDGE ( 'NONE', *, *, #5652, .T. ) ;
#4937 = DIRECTION ( 'NONE',  ( 0.000000000000000000, 0.000000000000000000, -1.000000000000000000 ) ) ;
#4938 = DIRECTION ( 'NONE',  ( -0.000000000000000000, 0.000000000000000000, 1.000000000000000000 ) ) ;
#4939 = DIRECTION ( 'NONE',  ( 0.000000000000000000, 0.000000000000000000, 1.000000000000000000 ) ) ;
#4940 = LINE ( 'NONE', #2128, #1380 ) ;
#4941 = ORIENTED_EDGE ( 'NONE', *, *, #4856, .T. ) ;
#4942 = VECTOR ( 'NONE', #3204, 1000.000000000000000 ) ;
#4943 = DATE_TIME_ROLE ( 'creation_date' ) ;
#4944 = CARTESIAN_POINT ( 'NONE',  ( 95.00000000000002842, 72.20001200000000097, 88.58999999999998920 ) ) ;
#4945 = VECTOR ( 'NONE', #593, 1000.000000000000000 ) ;
#4946 = VERTEX_POINT ( 'NONE', #2557 ) ;
#4947 = EDGE_CURVE ( 'NONE', #3662, #4277, #2241, .T. ) ;
#4948 = EDGE_CURVE ( 'NONE', #1074, #2075, #4909, .T. ) ;
#4949 = DIRECTION ( 'NONE',  ( 0.000000000000000000, 0.000000000000000000, 1.000000000000000000 ) ) ;
#4950 = VECTOR ( 'NONE', #1126, 1000.000000000000000 ) ;
#4951 = DIRECTION ( 'NONE',  ( 0.000000000000000000, 1.000000000000000000, 0.000000000000000000 ) ) ;
#4952 = AXIS2_PLACEMENT_3D ( 'NONE', #1181, #5635, #4814 ) ;
#4953 = EDGE_LOOP ( 'NONE', ( #2598, #4007, #430, #1984 ) ) ;
#4954 = LINE ( 'NONE', #2258, #5085 ) ;
#4955 = CARTESIAN_POINT ( 'NONE',  ( 115.0000000000000142, -38.00000000000000000, 75.17000000000000171 ) ) ;
#4956 = ORIENTED_EDGE ( 'NONE', *, *, #1458, .F. ) ;
#4957 = AXIS2_PLACEMENT_3D ( 'NONE', #627, #1046, #5076 ) ;
#4958 = LINE ( 'NONE', #1280, #3932 ) ;
#4959 = CARTESIAN_POINT ( 'NONE',  ( 115.0000000000000142, -41.00001200000000523, 70.00000000000000000 ) ) ;
#4960 = VERTEX_POINT ( 'NONE', #3940 ) ;
#4961 = LINE ( 'NONE', #5780, #2126 ) ;
#4962 = EDGE_LOOP ( 'NONE', ( #770, #1108, #2056, #1670 ) ) ;
#4963 = CIRCLE ( 'NONE', #4083, 2.400000000000000799 ) ;
#4964 = DIRECTION ( 'NONE',  ( 0.000000000000000000, 0.000000000000000000, -1.000000000000000000 ) ) ;
#4965 = VERTEX_POINT ( 'NONE', #5796 ) ;
#4966 = CARTESIAN_POINT ( 'NONE',  ( -154.5393920141694366, 65.20000000000000284, -80.00000000000000000 ) ) ;
#4967 = EDGE_CURVE ( 'NONE', #2733, #1346, #4912, .T. ) ;
#4968 = FACE_BOUND ( 'NONE', #5464, .T. ) ;
#4969 = AXIS2_PLACEMENT_3D ( 'NONE', #2121, #5244, #2490 ) ;
#4970 = EDGE_CURVE ( 'NONE', #2768, #5813, #2060, .T. ) ;
#4971 = EDGE_CURVE ( 'NONE', #4676, #1266, #2162, .T. ) ;
#4972 = AXIS2_PLACEMENT_3D ( 'NONE', #2055, #225, #2021 ) ;
#4973 = CARTESIAN_POINT ( 'NONE',  ( -125.0000000000000000, -56.00000000000002132, 82.84000000000004604 ) ) ;
#4974 = CARTESIAN_POINT ( 'NONE',  ( 124.9607756318232532, 63.22173134405649364, 55.01961218408811760 ) ) ;
#4975 = DIRECTION ( 'NONE',  ( 1.000000000000000000, 0.000000000000000000, 0.000000000000000000 ) ) ;
#4976 = EDGE_CURVE ( 'NONE', #407, #5453, #4041, .T. ) ;
#4977 = DIRECTION ( 'NONE',  ( 0.000000000000000000, 1.000000000000000000, 0.000000000000000000 ) ) ;
#4978 = ORIENTED_EDGE ( 'NONE', *, *, #1351, .F. ) ;
#4979 = AXIS2_PLACEMENT_3D ( 'NONE', #854, #4454, #394 ) ;
#4980 = EDGE_CURVE ( 'NONE', #3128, #739, #2917, .T. ) ;
#4981 = CARTESIAN_POINT ( 'NONE',  ( -72.79000000000002046, 0.000000000000000000, 22.87999999999999901 ) ) ;
#4982 = ORIENTED_EDGE ( 'NONE', *, *, #2086, .T. ) ;
#4983 = ORIENTED_EDGE ( 'NONE', *, *, #1066, .T. ) ;
#4984 = DIRECTION ( 'NONE',  ( 0.000000000000000000, 1.000000000000000000, -0.000000000000000000 ) ) ;
#4985 = ORIENTED_EDGE ( 'NONE', *, *, #1242, .T. ) ;
#4986 = CARTESIAN_POINT ( 'NONE',  ( -147.3836302466922348, 68.08750543087930396, 63.00000000000001421 ) ) ;
#4988 = EDGE_LOOP ( 'NONE', ( #1693, #2286 ) ) ;
#4987 = EDGE_CURVE ( 'NONE', #5887, #4066, #1434, .T. ) ;
#4989 = FACE_OUTER_BOUND ( 'NONE', #1639, .T. ) ;
#4990 = DIRECTION ( 'NONE',  ( -0.000000000000000000, -1.000000000000000000, -0.000000000000000000 ) ) ;
#4991 = ORIENTED_EDGE ( 'NONE', *, *, #4697, .T. ) ;
#4992 = DIRECTION ( 'NONE',  ( 0.000000000000000000, 0.000000000000000000, 1.000000000000000000 ) ) ;
#4993 = FACE_OUTER_BOUND ( 'NONE', #4532, .T. ) ;
#4994 = CARTESIAN_POINT ( 'NONE',  ( -130.5000000000000000, 4.699999999999999289, 27.90000000000000568 ) ) ;
#4995 = EDGE_LOOP ( 'NONE', ( #1191, #3838, #4059, #1080 ) ) ;
#4996 = ORIENTED_EDGE ( 'NONE', *, *, #5090, .F. ) ;
#4997 = CARTESIAN_POINT ( 'NONE',  ( -120.0000000000000000, -41.00000000000000000, 30.00000000000000355 ) ) ;
#4998 = ORIENTED_EDGE ( 'NONE', *, *, #4971, .F. ) ;
#4999 = CARTESIAN_POINT ( 'NONE',  ( -34.91835732130100922, 0.6369002753781077830, 39.34058858581380491 ) ) ;
#5000 = CARTESIAN_POINT ( 'NONE',  ( -152.0370116691915712, 15.00000000000000000, 67.00000000000000000 ) ) ;
#5001 = FACE_OUTER_BOUND ( 'NONE', #3404, .T. ) ;
#5002 = ORIENTED_EDGE ( 'NONE', *, *, #3960, .F. ) ;
#5003 = CARTESIAN_POINT ( 'NONE',  ( -79.25479814987089355, 0.000000000000000000, -0.1337609751060793439 ) ) ;
#5004 = CIRCLE ( 'NONE', #48, 1.499999999999997780 ) ;
#5005 = DIRECTION ( 'NONE',  ( 0.000000000000000000, 0.000000000000000000, 1.000000000000000000 ) ) ;
#5006 = EDGE_CURVE ( 'NONE', #1448, #2605, #2068, .T. ) ;
#5007 = AXIS2_PLACEMENT_3D ( 'NONE', #4554, #3145, #3690 ) ;
#5008 = DIRECTION ( 'NONE',  ( 0.000000000000000000, 0.000000000000000000, 1.000000000000000000 ) ) ;
#5009 = EDGE_CURVE ( 'NONE', #255, #2266, #251, .T. ) ;
#5010 = ORIENTED_EDGE ( 'NONE', *, *, #803, .T. ) ;
#5011 = CIRCLE ( 'NONE', #1288, 1.500000000000001332 ) ;
#5012 = DIRECTION ( 'NONE',  ( 0.000000000000000000, 0.000000000000000000, -1.000000000000000000 ) ) ;
#5013 = FACE_OUTER_BOUND ( 'NONE', #5702, .T. ) ;
#5014 = ADVANCED_FACE ( 'NONE', ( #4137, #4473 ), #4160, .T. ) ;
#5015 = VECTOR ( 'NONE', #4241, 1000.000000000000000 ) ;
#5016 = VERTEX_POINT ( 'NONE', #4653 ) ;
#5017 = DIRECTION ( 'NONE',  ( 0.000000000000000000, 1.000000000000000000, 0.000000000000000000 ) ) ;
#5018 = CARTESIAN_POINT ( 'NONE',  ( -91.88000000000003809, 12.00000000000000000, -18.71368848543033181 ) ) ;
#5019 = ORIENTED_EDGE ( 'NONE', *, *, #2027, .F. ) ;
#5020 = AXIS2_PLACEMENT_3D ( 'NONE', #2399, #5581, #1937 ) ;
#5021 = DIRECTION ( 'NONE',  ( -0.9999754168472176907, -0.007011825813099753502, 0.000000000000000000 ) ) ;
#5022 = ADVANCED_FACE ( 'NONE', ( #135 ), #3262, .F. ) ;
#5023 = FACE_BOUND ( 'NONE', #1635, .T. ) ;
#5024 = EDGE_LOOP ( 'NONE', ( #4553, #5032 ) ) ;
#5025 = VERTEX_POINT ( 'NONE', #1057 ) ;
#5026 = CARTESIAN_POINT ( 'NONE',  ( -119.8980561989715596, 65.20000000000000284, 56.50000000000003553 ) ) ;
#5027 = VECTOR ( 'NONE', #3174, 1000.000000000000000 ) ;
#5028 = ORIENTED_EDGE ( 'NONE', *, *, #4630, .T. ) ;
#5029 = CARTESIAN_POINT ( 'NONE',  ( -130.5000000000000000, 24.69999999999999929, 6.949999999999987743 ) ) ;
#5030 = EDGE_CURVE ( 'NONE', #5129, #1245, #4501, .T. ) ;
#5031 = VECTOR ( 'NONE', #1916, 1000.000000000000000 ) ;
#5032 = ORIENTED_EDGE ( 'NONE', *, *, #645, .T. ) ;
#5033 = CARTESIAN_POINT ( 'NONE',  ( -125.0000000000000000, -41.00000000000000000, 79.59000000000004604 ) ) ;
#5034 = DIRECTION ( 'NONE',  ( 0.000000000000000000, -0.000000000000000000, 1.000000000000000000 ) ) ;
#5035 = VERTEX_POINT ( 'NONE', #2882 ) ;
#5036 = DIRECTION ( 'NONE',  ( 0.000000000000000000, -1.000000000000000000, 0.000000000000000000 ) ) ;
#5037 = EDGE_LOOP ( 'NONE', ( #5367, #4272, #3472, #4837 ) ) ;
#5038 = ORIENTED_EDGE ( 'NONE', *, *, #2491, .T. ) ;
#5039 = CARTESIAN_POINT ( 'NONE',  ( -36.34554698357938207, 0.3047943475269782043, 38.01607642080625027 ) ) ;
#5040 = VECTOR ( 'NONE', #4042, 1000.000000000000000 ) ;
#5041 = CARTESIAN_POINT ( 'NONE',  ( -145.0000000000000000, -41.00001200000000523, 75.17000000000001592 ) ) ;
#5042 = ORIENTED_EDGE ( 'NONE', *, *, #1133, .T. ) ;
#5043 = DIRECTION ( 'NONE',  ( -0.000000000000000000, 1.000000000000000000, -0.000000000000000000 ) ) ;
#5044 = EDGE_CURVE ( 'NONE', #2173, #245, #4134, .T. ) ;
#5045 = VECTOR ( 'NONE', #753, 1000.000000000000000 ) ;
#5046 = ORIENTED_EDGE ( 'NONE', *, *, #3754, .T. ) ;
#5047 = CARTESIAN_POINT ( 'NONE',  ( -150.6155151028399359, -0.03159684760600419556, 33.13011918553656443 ) ) ;
#5048 = LINE ( 'NONE', #5018, #677 ) ;
#5049 = ORIENTED_EDGE ( 'NONE', *, *, #2730, .T. ) ;
#5050 = CARTESIAN_POINT ( 'NONE',  ( 115.0000000000000284, 62.20000000000000995, 51.32500000000001705 ) ) ;
#5051 = VECTOR ( 'NONE', #1682, 1000.000000000000000 ) ;
#5052 = DIRECTION ( 'NONE',  ( -0.000000000000000000, 1.000000000000000000, -0.000000000000000000 ) ) ;
#5053 = VERTEX_POINT ( 'NONE', #1486 ) ;
#5054 = ORIENTED_EDGE ( 'NONE', *, *, #952, .F. ) ;
#5055 = VERTEX_POINT ( 'NONE', #4686 ) ;
#5056 = DIRECTION ( 'NONE',  ( 1.000000000000000000, 0.000000000000000000, -0.000000000000000000 ) ) ;
#5057 = EDGE_LOOP ( 'NONE', ( #1512, #5097, #2248, #2080, #2563, #3924 ) ) ;
#5058 = AXIS2_PLACEMENT_3D ( 'NONE', #1616, #1123, #227 ) ;
#5059 = CARTESIAN_POINT ( 'NONE',  ( 0.000000000000000000, 0.000000000000000000, 22.87999999999999901 ) ) ;
#5060 = VECTOR ( 'NONE', #395, 1000.000000000000000 ) ;
#5061 = EDGE_CURVE ( 'NONE', #4030, #4527, #5089, .T. ) ;
#5062 = DIRECTION ( 'NONE',  ( 0.000000000000000000, 0.000000000000000000, 1.000000000000000000 ) ) ;
#5063 = CARTESIAN_POINT ( 'NONE',  ( -145.0000000000000000, 62.20000000000000995, -70.00000000000000000 ) ) ;
#5064 = CIRCLE ( 'NONE', #108, 5.050000000000068212 ) ;
#5065 = CARTESIAN_POINT ( 'NONE',  ( -155.0000000000000000, -5.000000000000000888, 44.81825935444475562 ) ) ;
#5066 = ORIENTED_EDGE ( 'NONE', *, *, #1932, .T. ) ;
#5067 = VECTOR ( 'NONE', #5345, 1000.000000000000000 ) ;
#5068 = CARTESIAN_POINT ( 'NONE',  ( 115.0000000000000142, -41.00000000000000000, -34.83000000000001961 ) ) ;
#5069 = ORIENTED_EDGE ( 'NONE', *, *, #343, .F. ) ;
#5070 = VERTEX_POINT ( 'NONE', #1927 ) ;
#5071 = CARTESIAN_POINT ( 'NONE',  ( -36.15191839459508572, 0.3485141656915748398, 38.22094326858555036 ) ) ;
#5072 = CARTESIAN_POINT ( 'NONE',  ( -697.9162712043346346, -41.00000000000000000, -27.89735317100119971 ) ) ;
#5073 = CYLINDRICAL_SURFACE ( 'NONE', #4924, 9.999999999999994671 ) ;
#5074 = ORIENTED_EDGE ( 'NONE', *, *, #4971, .T. ) ;
#5075 = FACE_OUTER_BOUND ( 'NONE', #2254, .T. ) ;
#5076 = DIRECTION ( 'NONE',  ( 0.000000000000000000, 0.000000000000000000, 1.000000000000000000 ) ) ;
#5077 = VERTEX_POINT ( 'NONE', #4624 ) ;
#5078 = CARTESIAN_POINT ( 'NONE',  ( -125.0000000000000000, 72.20000000000001705, 79.59000000000004604 ) ) ;
#5079 = CARTESIAN_POINT ( 'NONE',  ( -79.25479814987090776, 0.000000000000000000, -18.13376097510607821 ) ) ;
#5080 = EDGE_LOOP ( 'NONE', ( #4563, #786, #697, #2196 ) ) ;
#5081 = ORIENTED_EDGE ( 'NONE', *, *, #5789, .T. ) ;
#5082 = DIRECTION ( 'NONE',  ( 0.000000000000000000, 1.000000000000000000, 0.000000000000000000 ) ) ;
#5083 = ORIENTED_EDGE ( 'NONE', *, *, #5908, .F. ) ;
#5084 = ADVANCED_FACE ( 'NONE', ( #553, #2359 ), #161, .T. ) ;
#5085 = VECTOR ( 'NONE', #5413, 1000.000000000000000 ) ;
#5086 = CARTESIAN_POINT ( 'NONE',  ( -77.59000000000001762, 34.82500000000000284, 50.00000000000000000 ) ) ;
#5087 = CARTESIAN_POINT ( 'NONE',  ( -32.03523695911386682, 1.246081852043832816, 40.99093919461082436 ) ) ;
#5088 = CARTESIAN_POINT ( 'NONE',  ( -687.9162712043346346, -44.00000000000000711, 12.10264682899879496 ) ) ;
#5089 = LINE ( 'NONE', #5118, #1940 ) ;
#5090 = EDGE_CURVE ( 'NONE', #487, #4793, #4211, .T. ) ;
#5091 = FACE_OUTER_BOUND ( 'NONE', #932, .T. ) ;
#5092 = DIRECTION ( 'NONE',  ( -9.912705577010325549E-17, 0.000000000000000000, -1.000000000000000000 ) ) ;
#5093 = VECTOR ( 'NONE', #5348, 1000.000000000000000 ) ;
#5094 = EDGE_CURVE ( 'NONE', #2592, #2638, #3893, .T. ) ;
#5095 = CIRCLE ( 'NONE', #2620, 9.999999999999994671 ) ;
#5096 = DIRECTION ( 'NONE',  ( 0.000000000000000000, 0.000000000000000000, -1.000000000000000000 ) ) ;
#5097 = ORIENTED_EDGE ( 'NONE', *, *, #2680, .T. ) ;
#5098 = DIRECTION ( 'NONE',  ( 0.000000000000000000, -1.000000000000000000, 0.000000000000000000 ) ) ;
#5099 = DIRECTION ( 'NONE',  ( 0.000000000000000000, 0.000000000000000000, 1.000000000000000000 ) ) ;
#5100 = CARTESIAN_POINT ( 'NONE',  ( 30.00000000000000000, -41.00000000000000000, 30.00000000000000355 ) ) ;
#5101 = CARTESIAN_POINT ( 'NONE',  ( 115.0000000000000142, 62.20000000000000995, -56.50000000000000711 ) ) ;
#5102 = AXIS2_PLACEMENT_3D ( 'NONE', #658, #4703, #2872 ) ;
#5103 = CIRCLE ( 'NONE', #529, 20.00000000000000000 ) ;
#5104 = DIRECTION ( 'NONE',  ( 0.000000000000000000, 0.000000000000000000, -1.000000000000000000 ) ) ;
#5105 = VERTEX_POINT ( 'NONE', #5656 ) ;
#5106 = ORIENTED_EDGE ( 'NONE', *, *, #5603, .F. ) ;
#5107 = CARTESIAN_POINT ( 'NONE',  ( 120.0000000000000142, 62.20000000000000995, 50.00000000000000000 ) ) ;
#5108 = LINE ( 'NONE', #1481, #3667 ) ;
#5109 = AXIS2_PLACEMENT_3D ( 'NONE', #4692, #5186, #2429 ) ;
#5110 = ORIENTED_EDGE ( 'NONE', *, *, #3445, .T. ) ;
#5111 = FACE_BOUND ( 'NONE', #2116, .T. ) ;
#5112 = ORIENTED_EDGE ( 'NONE', *, *, #5509, .T. ) ;
#5113 = CARTESIAN_POINT ( 'NONE',  ( -125.0000000000000000, -29.00000000000000355, 76.34000000000004604 ) ) ;
#5114 = ORIENTED_EDGE ( 'NONE', *, *, #84, .T. ) ;
#5115 = EDGE_CURVE ( 'NONE', #703, #2052, #5300, .T. ) ;
#5116 = CIRCLE ( 'NONE', #4314, 5.050000000000068212 ) ;
#5117 = DIRECTION ( 'NONE',  ( 0.000000000000000000, 0.000000000000000000, -1.000000000000000000 ) ) ;
#5118 = CARTESIAN_POINT ( 'NONE',  ( -427.9162712043346346, -44.00000000000000711, 117.0526468289988458 ) ) ;
#5119 = CIRCLE ( 'NONE', #452, 21.49999999999999289 ) ;
#5120 = DIRECTION ( 'NONE',  ( -0.000000000000000000, -1.000000000000000000, -0.000000000000000000 ) ) ;
#5121 = EDGE_CURVE ( 'NONE', #252, #532, #766, .T. ) ;
#5122 = CARTESIAN_POINT ( 'NONE',  ( 48.38703381417222005, 24.59999999999999787, -4.814249555950268267 ) ) ;
#5123 = AXIS2_PLACEMENT_3D ( 'NONE', #3170, #4545, #3109 ) ;
#5124 = CARTESIAN_POINT ( 'NONE',  ( 87.30864356949854255, 71.94136584833218251, 84.27013762643356642 ) ) ;
#5125 = AXIS2_PLACEMENT_3D ( 'NONE', #790, #4887, #5437 ) ;
#5126 = CARTESIAN_POINT ( 'NONE',  ( -427.9162712043346346, -41.00000000000000000, 122.1026468289988145 ) ) ;
#5127 = EDGE_LOOP ( 'NONE', ( #2264, #1609, #5207, #705 ) ) ;
#5128 = CARTESIAN_POINT ( 'NONE',  ( 121.0148568794658956, 65.20000000000000284, 50.61039434111933843 ) ) ;
#5129 = VERTEX_POINT ( 'NONE', #1633 ) ;
#5130 = CARTESIAN_POINT ( 'NONE',  ( -130.0398701385674656, 5.514265614685065486, 47.00000000000009237 ) ) ;
#5131 = DIRECTION ( 'NONE',  ( -1.000000000000000000, 0.000000000000000000, 2.312964634635742895E-17 ) ) ;
#5132 = DIRECTION ( 'NONE',  ( 0.000000000000000000, 0.000000000000000000, 1.000000000000000000 ) ) ;
#5133 = PLANE ( 'NONE',  #1043 ) ;
#5134 = EDGE_CURVE ( 'NONE', #5314, #1758, #5116, .T. ) ;
#5135 = DIRECTION ( 'NONE',  ( 0.000000000000000000, 1.000000000000000000, 0.000000000000000000 ) ) ;
#5136 = EDGE_CURVE ( 'NONE', #2614, #5105, #2536, .T. ) ;
#5137 = VERTEX_POINT ( 'NONE', #638 ) ;
#5138 = CARTESIAN_POINT ( 'NONE',  ( -130.5000000000000000, 24.69999999999999929, 23.09999999999999787 ) ) ;
#5139 = CARTESIAN_POINT ( 'NONE',  ( 0.000000000000000000, 0.000000000000000000, 35.00000000000000000 ) ) ;
#5140 = LINE ( 'NONE', #1051, #544 ) ;
#5141 = CARTESIAN_POINT ( 'NONE',  ( -25.70041326899407252, 1.558380247357241011, 41.65769224735144149 ) ) ;
#5142 = EDGE_LOOP ( 'NONE', ( #4449, #4769, #99, #1732 ) ) ;
#5143 = ADVANCED_FACE ( 'NONE', ( #3431 ), #2907, .F. ) ;
#5144 = CARTESIAN_POINT ( 'NONE',  ( -427.9162712043346346, -41.00000000000000000, 122.1026468289988145 ) ) ;
#5145 = CIRCLE ( 'NONE', #3412, 10.49999999999999112 ) ;
#5146 = CARTESIAN_POINT ( 'NONE',  ( -145.0000000000000000, -41.00000000000000000, -45.17000000000000881 ) ) ;
#5147 = DIRECTION ( 'NONE',  ( 1.000000000000000000, 0.000000000000000000, 0.000000000000000000 ) ) ;
#5148 = CARTESIAN_POINT ( 'NONE',  ( -127.4551075937057618, 69.99892885823896904, 88.26228173306178348 ) ) ;
#5149 = VECTOR ( 'NONE', #3123, 1000.000000000000000 ) ;
#5150 = VECTOR ( 'NONE', #3994, 1000.000000000000000 ) ;
#5151 = DIRECTION ( 'NONE',  ( 0.000000000000000000, 0.000000000000000000, -1.000000000000000000 ) ) ;
#5152 = LINE ( 'NONE', #2422, #1001 ) ;
#5153 = CARTESIAN_POINT ( 'NONE',  ( -155.0000000000000284, -2.729355633447373197, 54.49414985908980924 ) ) ;
#5154 = ORIENTED_EDGE ( 'NONE', *, *, #5009, .T. ) ;
#5155 = CIRCLE ( 'NONE', #4080, 4.999999999999997335 ) ;
#5156 = CIRCLE ( 'NONE', #1340, 18.55000000000001137 ) ;
#5157 = CARTESIAN_POINT ( 'NONE',  ( -417.9162712043346346, -56.00000000000000711, -27.89735317100119971 ) ) ;
#5158 = EDGE_CURVE ( 'NONE', #4153, #5035, #4836, .T. ) ;
#5159 = VERTEX_POINT ( 'NONE', #2576 ) ;
#5160 = DIRECTION ( 'NONE',  ( 0.000000000000000000, 1.000000000000000000, 0.000000000000000000 ) ) ;
#5161 = VECTOR ( 'NONE', #383, 1000.000000000000000 ) ;
#5162 = CARTESIAN_POINT ( 'NONE',  ( 0.000000000000000000, 65.20000000000000284, -50.00000000000000000 ) ) ;
#5163 = DIRECTION ( 'NONE',  ( 0.000000000000000000, 0.000000000000000000, -1.000000000000000000 ) ) ;
#5164 = CARTESIAN_POINT ( 'NONE',  ( -150.0000000000000000, 0.000000000000000000, 34.55538513813746704 ) ) ;
#5165 = DIRECTION ( 'NONE',  ( 0.000000000000000000, 0.000000000000000000, -1.000000000000000000 ) ) ;
#5166 = EDGE_LOOP ( 'NONE', ( #3435, #5412, #5627, #5742 ) ) ;
#5167 = DIRECTION ( 'NONE',  ( 0.000000000000000000, 0.000000000000000000, 1.000000000000000000 ) ) ;
#5168 = ORIENTED_EDGE ( 'NONE', *, *, #4570, .F. ) ;
#5169 = DIRECTION ( 'NONE',  ( -0.000000000000000000, -1.000000000000000000, -0.000000000000000000 ) ) ;
#5170 = DIRECTION ( 'NONE',  ( -0.000000000000000000, -1.000000000000000000, -0.000000000000000000 ) ) ;
#5171 = EDGE_CURVE ( 'NONE', #2120, #3802, #1538, .T. ) ;
#5172 = CARTESIAN_POINT ( 'NONE',  ( -27.09821680604430938, 1.638812014385620630, 41.81752562247285709 ) ) ;
#5173 = VERTEX_POINT ( 'NONE', #4274 ) ;
#5174 = LINE ( 'NONE', #4207, #4461 ) ;
#5175 = VERTEX_POINT ( 'NONE', #1112 ) ;
#5176 = CARTESIAN_POINT ( 'NONE',  ( 95.00000000000002842, 47.20000000000001705, 79.58999999999998920 ) ) ;
#5177 = CARTESIAN_POINT ( 'NONE',  ( 115.0000000000000000, 62.20000000000000995, -70.00000000000000000 ) ) ;
#5178 = ORIENTED_EDGE ( 'NONE', *, *, #631, .T. ) ;
#5179 = ORIENTED_EDGE ( 'NONE', *, *, #3429, .T. ) ;
#5180 = DIRECTION ( 'NONE',  ( 0.000000000000000000, -0.000000000000000000, 1.000000000000000000 ) ) ;
#5181 = CARTESIAN_POINT ( 'NONE',  ( -91.88000000000002387, 0.000000000000000000, -18.71368848543033181 ) ) ;
#5182 = EDGE_LOOP ( 'NONE', ( #2792, #1231, #4863, #3702 ) ) ;
#5183 = FACE_OUTER_BOUND ( 'NONE', #2691, .T. ) ;
#5184 = CYLINDRICAL_SURFACE ( 'NONE', #1091, 8.089999999999999858 ) ;
#5185 = EDGE_CURVE ( 'NONE', #5397, #273, #667, .T. ) ;
#5186 = DIRECTION ( 'NONE',  ( -0.000000000000000000, -0.000000000000000000, 1.000000000000000000 ) ) ;
#5187 = PERSON_AND_ORGANIZATION_ROLE ( 'design_owner' ) ;
#5188 = AXIS2_PLACEMENT_3D ( 'NONE', #2862, #5098, #5608 ) ;
#5189 = CARTESIAN_POINT ( 'NONE',  ( -145.0000000000000000, 65.20000000000000284, -56.49999999999997868 ) ) ;
#5190 = ORIENTED_EDGE ( 'NONE', *, *, #4667, .F. ) ;
#5191 = ADVANCED_FACE ( 'NONE', ( #248 ), #220, .F. ) ;
#5192 = CYLINDRICAL_SURFACE ( 'NONE', #2069, 3.250000000000002665 ) ;
#5193 = CARTESIAN_POINT ( 'NONE',  ( -687.9162712043346346, -41.00000000000000000, 122.1026468289988145 ) ) ;
#5194 = ORIENTED_EDGE ( 'NONE', *, *, #1603, .T. ) ;
#5195 = VECTOR ( 'NONE', #5120, 1000.000000000000000 ) ;
#5196 = LINE ( 'NONE', #2003, #3101 ) ;
#5197 = FACE_OUTER_BOUND ( 'NONE', #5322, .T. ) ;
#5198 = LINE ( 'NONE', #2067, #2646 ) ;
#5199 = VECTOR ( 'NONE', #973, 1000.000000000000000 ) ;
#5200 = CARTESIAN_POINT ( 'NONE',  ( -24.87069926524424446, 1.475365079971487026, 41.48757810651834887 ) ) ;
#5201 = FACE_OUTER_BOUND ( 'NONE', #3100, .T. ) ;
#5202 = ORIENTED_EDGE ( 'NONE', *, *, #2840, .T. ) ;
#5203 = EDGE_CURVE ( 'NONE', #1770, #3048, #4373, .T. ) ;
#5204 = CIRCLE ( 'NONE', #3943, 5.174999999999991829 ) ;
#5205 = DIRECTION ( 'NONE',  ( 0.000000000000000000, 1.000000000000000000, -0.000000000000000000 ) ) ;
#5206 = CARTESIAN_POINT ( 'NONE',  ( -662.9162712043346346, -53.00000000000000711, 82.10264682899880029 ) ) ;
#5207 = ORIENTED_EDGE ( 'NONE', *, *, #3739, .F. ) ;
#5208 = CARTESIAN_POINT ( 'NONE',  ( 95.00000000000002842, 72.20001200000000097, 79.58999999999998920 ) ) ;
#5209 = AXIS2_PLACEMENT_3D ( 'NONE', #1085, #699, #4300 ) ;
#5210 = EDGE_LOOP ( 'NONE', ( #1634, #3970, #282, #2812 ) ) ;
#5211 = ORIENTED_EDGE ( 'NONE', *, *, #708, .T. ) ;
#5212 = DIRECTION ( 'NONE',  ( 1.000000000000000000, 0.000000000000000000, 0.000000000000000000 ) ) ;
#5213 = EDGE_CURVE ( 'NONE', #3026, #4862, #3012, .T. ) ;
#5214 = CARTESIAN_POINT ( 'NONE',  ( -581.2799143269010074, -4.000000000000000000, -209.8036113549479751 ) ) ;
#5215 = CIRCLE ( 'NONE', #2921, 2.400000000000003020 ) ;
#5216 = AXIS2_PLACEMENT_3D ( 'NONE', #2636, #5017, #3137 ) ;
#5217 = ORIENTED_EDGE ( 'NONE', *, *, #4504, .F. ) ;
#5218 = DIRECTION ( 'NONE',  ( 0.000000000000000000, 1.000000000000000000, 0.000000000000000000 ) ) ;
#5219 = CIRCLE ( 'NONE', #260, 1.499999999999997335 ) ;
#5220 = CARTESIAN_POINT ( 'NONE',  ( 48.38703381417222005, 24.59999999999999787, -4.814249555950268267 ) ) ;
#5221 = CARTESIAN_POINT ( 'NONE',  ( -155.0000000000000000, -29.00000000000000355, 67.00000000000000000 ) ) ;
#5222 = ORIENTED_EDGE ( 'NONE', *, *, #467, .F. ) ;
#5223 = CARTESIAN_POINT ( 'NONE',  ( 115.0000000000000142, -41.00001200000000523, -45.16999999999999460 ) ) ;
#5224 = EDGE_CURVE ( 'NONE', #4489, #4587, #4421, .T. ) ;
#5225 = CARTESIAN_POINT ( 'NONE',  ( -79.25479814987089355, 0.000000000000000000, 1.366239024893918019 ) ) ;
#5226 = ORIENTED_EDGE ( 'NONE', *, *, #4070, .T. ) ;
#5227 = CARTESIAN_POINT ( 'NONE',  ( -125.0000000000000000, 62.20000000000000995, 80.00000000000000000 ) ) ;
#5228 = EDGE_CURVE ( 'NONE', #1399, #1291, #1668, .T. ) ;
#5229 = CARTESIAN_POINT ( 'NONE',  ( -687.9162712043346346, -41.00000000000000000, 12.10264682899879496 ) ) ;
#5230 = DIRECTION ( 'NONE',  ( 0.000000000000000000, -1.000000000000000000, 0.000000000000000000 ) ) ;
#5231 = ADVANCED_FACE ( 'NONE', ( #4715 ), #3859, .T. ) ;
#5232 = CARTESIAN_POINT ( 'NONE',  ( -153.4328645766716193, 5.909643680500678897, 63.13910980290506103 ) ) ;
#5233 = DIRECTION ( 'NONE',  ( 0.000000000000000000, 0.000000000000000000, 1.000000000000000000 ) ) ;
#5234 = EDGE_LOOP ( 'NONE', ( #3440, #5905 ) ) ;
#5235 = FACE_OUTER_BOUND ( 'NONE', #258, .T. ) ;
#5236 = AXIS2_PLACEMENT_3D ( 'NONE', #3582, #4492, #437 ) ;
#5237 = DIRECTION ( 'NONE',  ( 0.000000000000000000, 0.000000000000000000, 1.000000000000000000 ) ) ;
#5238 = ORIENTED_EDGE ( 'NONE', *, *, #5673, .T. ) ;
#5239 = ADVANCED_FACE ( 'NONE', ( #2079 ), #2048, .F. ) ;
#5240 = CARTESIAN_POINT ( 'NONE',  ( 120.0000000000000142, 62.20000000000000995, 50.00000000000000000 ) ) ;
#5241 = VECTOR ( 'NONE', #5607, 1000.000000000000000 ) ;
#5242 = EDGE_LOOP ( 'NONE', ( #709, #4383, #1180, #4580, #1920 ) ) ;
#5243 = EDGE_LOOP ( 'NONE', ( #5870, #5257, #1536 ) ) ;
#5244 = DIRECTION ( 'NONE',  ( 0.000000000000000000, 1.000000000000000000, 0.000000000000000000 ) ) ;
#5245 = DIRECTION ( 'NONE',  ( 0.000000000000000000, 0.000000000000000000, 1.000000000000000000 ) ) ;
#5246 = AXIS2_PLACEMENT_3D ( 'NONE', #2025, #4220, #1092 ) ;
#5247 = EDGE_CURVE ( 'NONE', #1170, #3248, #915, .T. ) ;
#5248 = ORIENTED_EDGE ( 'NONE', *, *, #1083, .F. ) ;
#5249 = CARTESIAN_POINT ( 'NONE',  ( -662.9162712043346346, -44.00000000000000711, 82.10264682899880029 ) ) ;
#5250 = CARTESIAN_POINT ( 'NONE',  ( -77.59000000000001762, 34.82500000000000284, 132.1026468289988145 ) ) ;
#5251 = AXIS2_PLACEMENT_3D ( 'NONE', #4799, #795, #5233 ) ;
#5252 = LINE ( 'NONE', #3413, #3939 ) ;
#5253 = AXIS2_PLACEMENT_3D ( 'NONE', #5653, #1535, #2384 ) ;
#5254 = DIRECTION ( 'NONE',  ( -0.000000000000000000, -1.000000000000000000, -0.000000000000000000 ) ) ;
#5255 = VECTOR ( 'NONE', #3463, 1000.000000000000000 ) ;
#5256 = FACE_OUTER_BOUND ( 'NONE', #5037, .T. ) ;
#5257 = ORIENTED_EDGE ( 'NONE', *, *, #261, .F. ) ;
#5258 = DIRECTION ( 'NONE',  ( 0.000000000000000000, 0.000000000000000000, 1.000000000000000000 ) ) ;
#5259 = AXIS2_PLACEMENT_3D ( 'NONE', #1438, #1464, #589 ) ;
#5260 = CARTESIAN_POINT ( 'NONE',  ( 95.00000000000002842, 21.19999999999999574, 76.34000000000000341 ) ) ;
#5261 = DIRECTION ( 'NONE',  ( -0.000000000000000000, 1.000000000000000000, -0.000000000000000000 ) ) ;
#5262 = DIRECTION ( 'NONE',  ( 0.000000000000000000, 0.000000000000000000, -1.000000000000000000 ) ) ;
#5263 = AXIS2_PLACEMENT_3D ( 'NONE', #774, #4784, #2588 ) ;
#5264 = ORIENTED_EDGE ( 'NONE', *, *, #1763, .F. ) ;
#5265 = FACE_BOUND ( 'NONE', #4015, .T. ) ;
#5266 = CARTESIAN_POINT ( 'NONE',  ( -106.3534108745596427, 47.36499999999998067, 132.1026468289988145 ) ) ;
#5267 = ORIENTED_EDGE ( 'NONE', *, *, #1351, .T. ) ;
#5268 = DIRECTION ( 'NONE',  ( 0.000000000000000000, -1.000000000000000000, 0.000000000000000000 ) ) ;
#5269 = DIRECTION ( 'NONE',  ( 1.000000000000000000, -0.000000000000000000, -0.000000000000000000 ) ) ;
#5270 = ORIENTED_EDGE ( 'NONE', *, *, #4542, .F. ) ;
#5271 = ORIENTED_EDGE ( 'NONE', *, *, #2262, .T. ) ;
#5272 = DIRECTION ( 'NONE',  ( 1.000000000000000000, 0.000000000000000000, 0.000000000000000000 ) ) ;
#5273 = VERTEX_POINT ( 'NONE', #799 ) ;
#5274 = CARTESIAN_POINT ( 'NONE',  ( -5.254798149870912205, 0.000000000000000000, 1.366239024893920240 ) ) ;
#5275 = EDGE_CURVE ( 'NONE', #1366, #2813, #4933, .T. ) ;
#5276 = B_SPLINE_CURVE_WITH_KNOTS ( 'NONE', 3,
 ( #2109, #4889, #333, #3916, #3952, #725, #762, #1195 ),
 .UNSPECIFIED., .F., .F.,
 ( 4, 2, 2, 4 ),
 ( 0.000000000000000000, 0.001924608493715656860, 0.002886912740573485507, 0.003849216987431313720 ),
 .UNSPECIFIED. ) ;
#5277 = ORIENTED_EDGE ( 'NONE', *, *, #2537, .F. ) ;
#5278 = CARTESIAN_POINT ( 'NONE',  ( -87.40330962870898190, 0.000000000000000000, -22.88000000000000611 ) ) ;
#5279 = ADVANCED_FACE ( 'NONE', ( #1254, #3604, #5812 ), #1228, .T. ) ;
#5280 = AXIS2_PLACEMENT_3D ( 'NONE', #5472, #38, #2666 ) ;
#5281 = ORIENTED_EDGE ( 'NONE', *, *, #2927, .T. ) ;
#5282 = LINE ( 'NONE', #2520, #4751 ) ;
#5283 = CARTESIAN_POINT ( 'NONE',  ( 0.000000000000000000, -44.00000000000000711, 0.000000000000000000 ) ) ;
#5284 = DIRECTION ( 'NONE',  ( 0.000000000000000000, 1.000000000000000000, -0.000000000000000000 ) ) ;
#5285 = ADVANCED_FACE ( 'NONE', ( #5333 ), #460, .F. ) ;
#5286 = CARTESIAN_POINT ( 'NONE',  ( 95.00000000000002842, 21.19999999999999574, 82.83999999999998920 ) ) ;
#5287 = DATE_TIME_ROLE ( 'classification_date' ) ;
#5288 = DIRECTION ( 'NONE',  ( 0.000000000000000000, 0.000000000000000000, -1.000000000000000000 ) ) ;
#5289 = DIRECTION ( 'NONE',  ( 0.000000000000000000, 1.000000000000000000, -0.000000000000000000 ) ) ;
#5290 = ORIENTED_EDGE ( 'NONE', *, *, #1961, .T. ) ;
#5291 = VERTEX_POINT ( 'NONE', #5419 ) ;
#5292 = FACE_BOUND ( 'NONE', #2930, .T. ) ;
#5293 = ORIENTED_EDGE ( 'NONE', *, *, #4633, .T. ) ;
#5294 = CYLINDRICAL_SURFACE ( 'NONE', #3019, 1.499999999999999556 ) ;
#5295 = EDGE_LOOP ( 'NONE', ( #2452, #2202 ) ) ;
#5296 = ORIENTED_EDGE ( 'NONE', *, *, #1718, .F. ) ;
#5297 = CARTESIAN_POINT ( 'NONE',  ( -155.0000000000000000, 62.20000000000000995, 0.000000000000000000 ) ) ;
#5298 = ORIENTED_EDGE ( 'NONE', *, *, #2892, .T. ) ;
#5299 = DIRECTION ( 'NONE',  ( -1.000000000000000000, -0.000000000000000000, -0.000000000000000000 ) ) ;
#5300 = LINE ( 'NONE', #5714, #1202 ) ;
#5301 = CIRCLE ( 'NONE', #4604, 3.249999999999988898 ) ;
#5302 = ORIENTED_EDGE ( 'NONE', *, *, #5203, .T. ) ;
#5303 = ORIENTED_EDGE ( 'NONE', *, *, #4443, .F. ) ;
#5304 = DIRECTION ( 'NONE',  ( 1.000000000000000000, 0.000000000000000000, 0.000000000000000000 ) ) ;
#5305 = B_SPLINE_CURVE_WITH_KNOTS ( 'NONE', 3,
 ( #2199, #1717, #4393, #3539, #5325, #2664, #4986, #5382, #3105, #3948, #909, #5804, #4005, #1746, #1220, #4363, #2106, #3568, #5769, #3046, #1019, #1811 ),
 .UNSPECIFIED., .F., .F.,
 ( 4, 2, 2, 2, 2, 2, 2, 2, 2, 2, 4 ),
 ( 0.001720055263815342900, 0.002734915258769298613, 0.003749775253723254542, 0.005779495243631132574, 0.006794355238585101514, 0.007809215233539070454, 0.009838935223447078590, 0.01085379521840111085, 0.01186865521335514484, 0.01389837520326329089, 0.01795781518307966798 ),
 .UNSPECIFIED. ) ;
#5306 = ORIENTED_EDGE ( 'NONE', *, *, #3865, .T. ) ;
#5307 = PLANE ( 'NONE',  #4666 ) ;
#5308 = AXIS2_PLACEMENT_3D ( 'NONE', #2814, #572, #4614 ) ;
#5309 = CARTESIAN_POINT ( 'NONE',  ( 124.9232551986247017, 63.46208614731210673, -54.10911758578951236 ) ) ;
#5310 = ORIENTED_EDGE ( 'NONE', *, *, #2156, .T. ) ;
#5311 = PLANE ( 'NONE',  #1345 ) ;
#5312 = ADVANCED_FACE ( 'NONE', ( #3116 ), #2610, .T. ) ;
#5313 = VECTOR ( 'NONE', #3103, 1000.000000000000000 ) ;
#5314 = VERTEX_POINT ( 'NONE', #2263 ) ;
#5315 = PLANE ( 'NONE',  #2471 ) ;
#5316 = DIRECTION ( 'NONE',  ( 1.000000000000000000, 1.239088197126290694E-17, 0.000000000000000000 ) ) ;
#5317 = AXIS2_PLACEMENT_3D ( 'NONE', #2481, #187, #4775 ) ;
#5318 = DIRECTION ( 'NONE',  ( 0.000000000000000000, 1.000000000000000000, 0.000000000000000000 ) ) ;
#5319 = CARTESIAN_POINT ( 'NONE',  ( 115.0000000000000142, -38.00000000000000000, 64.83000000000001251 ) ) ;
#5320 = CIRCLE ( 'NONE', #4138, 9.999999999999994671 ) ;
#5321 = CARTESIAN_POINT ( 'NONE',  ( -150.0000000000000000, 0.000000000000000000, -35.00000000000000000 ) ) ;
#5322 = EDGE_LOOP ( 'NONE', ( #1578, #2119, #4737, #371 ) ) ;
#5323 = AXIS2_PLACEMENT_3D ( 'NONE', #4452, #1777, #303 ) ;
#5324 = CARTESIAN_POINT ( 'NONE',  ( 0.000000000000000000, 15.00000000000000000, -35.00000000000000000 ) ) ;
#5325 = CARTESIAN_POINT ( 'NONE',  ( -148.4006841455301071, 66.72462549041451041, 63.00000000000001421 ) ) ;
#5326 = EDGE_CURVE ( 'NONE', #3821, #4489, #5320, .T. ) ;
#5327 = ORIENTED_EDGE ( 'NONE', *, *, #610, .T. ) ;
#5328 = EDGE_CURVE ( 'NONE', #4099, #2404, #4402, .T. ) ;
#5329 = CARTESIAN_POINT ( 'NONE',  ( -153.7466295489849699, 6.880425790105660688, 65.07516497154755086 ) ) ;
#5330 = DIRECTION ( 'NONE',  ( 1.000000000000000000, 0.000000000000000000, 0.000000000000000000 ) ) ;
#5331 = ORIENTED_EDGE ( 'NONE', *, *, #4358, .F. ) ;
#5332 = FACE_OUTER_BOUND ( 'NONE', #5080, .T. ) ;
#5333 = FACE_OUTER_BOUND ( 'NONE', #4953, .T. ) ;
#5334 = ORIENTED_EDGE ( 'NONE', *, *, #2927, .F. ) ;
#5335 = EDGE_CURVE ( 'NONE', #3816, #1808, #1293, .T. ) ;
#5336 = ORIENTED_EDGE ( 'NONE', *, *, #1215, .T. ) ;
#5337 = VERTEX_POINT ( 'NONE', #4994 ) ;
#5338 = ORIENTED_EDGE ( 'NONE', *, *, #791, .T. ) ;
#5339 = CARTESIAN_POINT ( 'NONE',  ( -137.5504263249214603, 2.696306618900778940, 45.82326606453072060 ) ) ;
#5340 = DIRECTION ( 'NONE',  ( 0.000000000000000000, 0.000000000000000000, -1.000000000000000000 ) ) ;
#5341 = AXIS2_PLACEMENT_3D ( 'NONE', #5748, #1600, #2445 ) ;
#5342 = ORIENTED_EDGE ( 'NONE', *, *, #5473, .T. ) ;
#5343 = DIRECTION ( 'NONE',  ( 0.000000000000000000, 1.000000000000000000, 0.000000000000000000 ) ) ;
#5344 = CARTESIAN_POINT ( 'NONE',  ( 0.000000000000000000, -38.00000000000000000, 0.000000000000000000 ) ) ;
#5345 = DIRECTION ( 'NONE',  ( -0.000000000000000000, -0.000000000000000000, 1.000000000000000000 ) ) ;
#5346 = AXIS2_PLACEMENT_3D ( 'NONE', #2218, #4001, #814 ) ;
#5347 = CARTESIAN_POINT ( 'NONE',  ( -130.5000000000000000, 4.699999999999999289, 23.09999999999999787 ) ) ;
#5348 = DIRECTION ( 'NONE',  ( 1.000000000000000000, -0.000000000000000000, 0.000000000000000000 ) ) ;
#5349 = EDGE_CURVE ( 'NONE', #1807, #2673, #4486, .T. ) ;
#5350 = AXIS2_PLACEMENT_3D ( 'NONE', #2683, #5877, #5371 ) ;
#5351 = CARTESIAN_POINT ( 'NONE',  ( -130.5000000000000000, 4.699999999999999289, 25.50000000000000355 ) ) ;
#5352 = ORIENTED_EDGE ( 'NONE', *, *, #1724, .F. ) ;
#5353 = EDGE_CURVE ( 'NONE', #961, #5129, #2204, .T. ) ;
#5354 = CARTESIAN_POINT ( 'NONE',  ( 48.38703381417222005, 4.699999999999999289, -4.814249555950268267 ) ) ;
#5355 = DIRECTION ( 'NONE',  ( -0.000000000000000000, 1.000000000000000000, -0.000000000000000000 ) ) ;
#5356 = AXIS2_PLACEMENT_3D ( 'NONE', #1814, #970, #4065 ) ;
#5357 = DIRECTION ( 'NONE',  ( 0.000000000000000000, 0.000000000000000000, 1.000000000000000000 ) ) ;
#5358 = ORIENTED_EDGE ( 'NONE', *, *, #5006, .F. ) ;
#5359 = CARTESIAN_POINT ( 'NONE',  ( -151.0847897425593374, 0.8518603263386053115, 49.66655211276090398 ) ) ;
#5360 = DIRECTION ( 'NONE',  ( 1.000000000000000000, 0.000000000000000000, 0.000000000000000000 ) ) ;
#5361 = VECTOR ( 'NONE', #2237, 1000.000000000000000 ) ;
#5362 = EDGE_LOOP ( 'NONE', ( #249, #1451 ) ) ;
#5363 = CARTESIAN_POINT ( 'NONE',  ( -6.245004513516504751E-15, 72.20000000000001705, -63.00000000000000000 ) ) ;
#5364 = EDGE_CURVE ( 'NONE', #4168, #1217, #5600, .T. ) ;
#5365 = CARTESIAN_POINT ( 'NONE',  ( 103.5367724529402409, 72.20000000000001705, 82.48413295177715554 ) ) ;
#5366 = ORIENTED_EDGE ( 'NONE', *, *, #5349, .F. ) ;
#5367 = ORIENTED_EDGE ( 'NONE', *, *, #4890, .F. ) ;
#5368 = CARTESIAN_POINT ( 'NONE',  ( 124.9519404822698903, 63.21130158790412423, -54.28567737493948897 ) ) ;
#5369 = DIRECTION ( 'NONE',  ( 0.000000000000000000, -0.000000000000000000, 1.000000000000000000 ) ) ;
#5370 = VERTEX_POINT ( 'NONE', #1696 ) ;
#5371 = DIRECTION ( 'NONE',  ( 0.000000000000000000, 0.000000000000000000, 1.000000000000000000 ) ) ;
#5372 = DIRECTION ( 'NONE',  ( 0.000000000000000000, 0.000000000000000000, -1.000000000000000000 ) ) ;
#5373 = PLANE ( 'NONE',  #4767 ) ;
#5374 = CARTESIAN_POINT ( 'NONE',  ( -427.9162712043346346, -44.00000000000000711, 127.1526468289987690 ) ) ;
#5375 = ORIENTED_EDGE ( 'NONE', *, *, #4511, .F. ) ;
#5376 = PERSON_AND_ORGANIZATION ( #3763, #1772 ) ;
#5377 = DIRECTION ( 'NONE',  ( 0.000000000000000000, 0.000000000000000000, 1.000000000000000000 ) ) ;
#5378 = EDGE_CURVE ( 'NONE', #739, #3128, #5215, .T. ) ;
#5379 = ORIENTED_EDGE ( 'NONE', *, *, #2942, .F. ) ;
#5380 = EDGE_CURVE ( 'NONE', #5448, #5370, #3120, .T. ) ;
#5381 = CARTESIAN_POINT ( 'NONE',  ( 115.0000000000000000, 62.20000000000000995, -80.00000000000000000 ) ) ;
#5382 = CARTESIAN_POINT ( 'NONE',  ( -146.6523391172749768, 68.78924042967994978, 63.00000000000001421 ) ) ;
#5383 = ADVANCED_FACE ( 'NONE', ( #996 ), #975, .T. ) ;
#5384 = LINE ( 'NONE', #1779, #4632 ) ;
#5385 = PLANE ( 'NONE',  #199 ) ;
#5386 = AXIS2_PLACEMENT_3D ( 'NONE', #4906, #5879, #4441 ) ;
#5387 = VERTEX_POINT ( 'NONE', #4582 ) ;
#5388 = DIRECTION ( 'NONE',  ( -0.000000000000000000, 1.000000000000000000, -0.000000000000000000 ) ) ;
#5389 = CARTESIAN_POINT ( 'NONE',  ( 102.5556228216151169, 71.88827031740765960, 84.48605642141859562 ) ) ;
#5390 = VERTEX_POINT ( 'NONE', #2759 ) ;
#5391 = ORIENTED_EDGE ( 'NONE', *, *, #1671, .F. ) ;
#5392 = CARTESIAN_POINT ( 'NONE',  ( -101.3034108745596455, 47.36499999999998067, -61.35000000000000142 ) ) ;
#5393 = CARTESIAN_POINT ( 'NONE',  ( -427.9162712043346346, -44.00000000000000711, 12.10264682899879496 ) ) ;
#5394 = AXIS2_PLACEMENT_3D ( 'NONE', #2261, #2758, #1025 ) ;
#5395 = EDGE_CURVE ( 'NONE', #4395, #314, #3302, .T. ) ;
#5396 = ADVANCED_FACE ( 'NONE', ( #5023, #3279, #2845 ), #4551, .F. ) ;
#5397 = VERTEX_POINT ( 'NONE', #4126 ) ;
#5398 = CARTESIAN_POINT ( 'NONE',  ( 8.130000000000007887, 12.00000000000000000, 0.000000000000000000 ) ) ;
#5399 = CARTESIAN_POINT ( 'NONE',  ( 0.000000000000000000, 12.00000000000000000, -22.87999999999999901 ) ) ;
#5400 = PLANE ( 'NONE',  #5386 ) ;
#5401 = CARTESIAN_POINT ( 'NONE',  ( 45.78611052052539065, 68.05786437626906604, -80.00000000000000000 ) ) ;
#5402 = VECTOR ( 'NONE', #1863, 1000.000000000000000 ) ;
#5403 = FACE_BOUND ( 'NONE', #2546, .T. ) ;
#5404 = FACE_OUTER_BOUND ( 'NONE', #3622, .T. ) ;
#5405 = CIRCLE ( 'NONE', #5020, 10.00000000000000178 ) ;
#5406 = APPLICATION_CONTEXT ( 'configuration controlled 3d designs of mechanical parts and assemblies' ) ;
#5407 = ORIENTED_EDGE ( 'NONE', *, *, #1741, .F. ) ;
#5408 = EDGE_LOOP ( 'NONE', ( #2901, #3276, #2418, #1781, #1516 ) ) ;
#5409 = DIRECTION ( 'NONE',  ( 0.000000000000000000, -1.000000000000000000, 0.000000000000000000 ) ) ;
#5410 = FACE_BOUND ( 'NONE', #5295, .T. ) ;
#5411 = AXIS2_PLACEMENT_3D ( 'NONE', #279, #3458, #4521 ) ;
#5412 = ORIENTED_EDGE ( 'NONE', *, *, #3938, .T. ) ;
#5413 = DIRECTION ( 'NONE',  ( -0.000000000000000000, 1.000000000000000000, -0.000000000000000000 ) ) ;
#5414 = CIRCLE ( 'NONE', #5123, 1.499999999999997780 ) ;
#5415 = CARTESIAN_POINT ( 'NONE',  ( 125.0000000000000284, 72.20000000000001705, -70.00000000000000000 ) ) ;
#5416 = VERTEX_POINT ( 'NONE', #1369 ) ;
#5417 = EDGE_CURVE ( 'NONE', #5858, #539, #574, .T. ) ;
#5418 = DIRECTION ( 'NONE',  ( 1.000000000000000000, -0.000000000000000000, -0.000000000000000000 ) ) ;
#5419 = CARTESIAN_POINT ( 'NONE',  ( -106.3534108745596427, 47.36499999999998067, -49.99999999999998579 ) ) ;
#5420 = EDGE_LOOP ( 'NONE', ( #2489, #474 ) ) ;
#5421 = ORIENTED_EDGE ( 'NONE', *, *, #1395, .T. ) ;
#5422 = DIRECTION ( 'NONE',  ( -0.000000000000000000, 1.000000000000000000, -0.000000000000000000 ) ) ;
#5423 = DIRECTION ( 'NONE',  ( 0.000000000000000000, 1.000000000000000000, -0.000000000000000000 ) ) ;
#5424 = CYLINDRICAL_SURFACE ( 'NONE', #4264, 5.000000000000004441 ) ;
#5425 = DIRECTION ( 'NONE',  ( 0.000000000000000000, 1.000000000000000000, 0.000000000000000000 ) ) ;
#5426 = CARTESIAN_POINT ( 'NONE',  ( 124.6215240412831378, 65.17308955583328611, 50.37847595871686934 ) ) ;
#5427 = DIRECTION ( 'NONE',  ( 0.000000000000000000, -1.000000000000000000, 0.000000000000000000 ) ) ;
#5428 = CARTESIAN_POINT ( 'NONE',  ( -128.3719172968659166, 70.24702753488664086, 87.93797003445914129 ) ) ;
#5429 = VERTEX_POINT ( 'NONE', #3686 ) ;
#5430 = CIRCLE ( 'NONE', #3596, 5.170000000000007923 ) ;
#5431 = ADVANCED_FACE ( 'NONE', ( #5537 ), #2382, .F. ) ;
#5432 = DIRECTION ( 'NONE',  ( 0.000000000000000000, -1.000000000000000000, 0.000000000000000000 ) ) ;
#5433 = AXIS2_PLACEMENT_3D ( 'NONE', #3007, #3448, #3908 ) ;
#5434 = EDGE_LOOP ( 'NONE', ( #5194, #5538, #5069, #2242 ) ) ;
#5435 = CARTESIAN_POINT ( 'NONE',  ( 115.0000000000000142, -41.00001200000000523, 64.83000000000001251 ) ) ;
#5436 = VERTEX_POINT ( 'NONE', #1871 ) ;
#5437 = DIRECTION ( 'NONE',  ( 1.000000000000000000, 0.000000000000000000, 0.000000000000000000 ) ) ;
#5438 = CIRCLE ( 'NONE', #3053, 5.050000000000068212 ) ;
#5439 = DIRECTION ( 'NONE',  ( 0.000000000000000000, 1.000000000000000000, 0.000000000000000000 ) ) ;
#5440 = VERTEX_POINT ( 'NONE', #1425 ) ;
#5441 = DIRECTION ( 'NONE',  ( 1.239088197126290848E-17, -1.000000000000000000, 0.000000000000000000 ) ) ;
#5442 = VERTEX_POINT ( 'NONE', #4180 ) ;
#5443 = AXIS2_PLACEMENT_3D ( 'NONE', #1306, #4579, #3138 ) ;
#5444 = CARTESIAN_POINT ( 'NONE',  ( -687.9162712043346346, -41.00000000000000000, 127.1526468289988827 ) ) ;
#5445 = FACE_BOUND ( 'NONE', #1081, .T. ) ;
#5446 = DIRECTION ( 'NONE',  ( 0.000000000000000000, 1.000000000000000000, -0.000000000000000000 ) ) ;
#5447 = EDGE_LOOP ( 'NONE', ( #4879, #188, #5281, #1607 ) ) ;
#5448 = VERTEX_POINT ( 'NONE', #492 ) ;
#5449 = AXIS2_PLACEMENT_3D ( 'NONE', #5026, #3664, #1285 ) ;
#5450 = DIRECTION ( 'NONE',  ( -0.000000000000000000, 1.000000000000000000, -0.000000000000000000 ) ) ;
#5451 = ORIENTED_EDGE ( 'NONE', *, *, #2139, .T. ) ;
#5452 = DIRECTION ( 'NONE',  ( 0.000000000000000000, 1.000000000000000000, 0.000000000000000000 ) ) ;
#5453 = VERTEX_POINT ( 'NONE', #3736 ) ;
#5454 = CARTESIAN_POINT ( 'NONE',  ( -85.68000000000002103, 34.82500000000000284, 92.00000000000000000 ) ) ;
#5455 = VECTOR ( 'NONE', #1503, 1000.000000000000000 ) ;
#5456 = EDGE_CURVE ( 'NONE', #1785, #3627, #5108, .T. ) ;
#5457 = AXIS2_PLACEMENT_3D ( 'NONE', #644, #4249, #4381 ) ;
#5458 = ORIENTED_EDGE ( 'NONE', *, *, #3423, .T. ) ;
#5459 = CARTESIAN_POINT ( 'NONE',  ( -155.0000000000000000, 0.000000000000000000, 92.00000000000000000 ) ) ;
#5460 = FACE_OUTER_BOUND ( 'NONE', #997, .T. ) ;
#5461 = FACE_OUTER_BOUND ( 'NONE', #31, .T. ) ;
#5462 = LINE ( 'NONE', #4471, #4670 ) ;
#5463 = EDGE_CURVE ( 'NONE', #3711, #2002, #5140, .T. ) ;
#5464 = EDGE_LOOP ( 'NONE', ( #1381, #1173 ) ) ;
#5465 = DIRECTION ( 'NONE',  ( 0.000000000000000000, 0.000000000000000000, -1.000000000000000000 ) ) ;
#5466 = EDGE_CURVE ( 'NONE', #1205, #4237, #1207, .T. ) ;
#5467 = VERTEX_POINT ( 'NONE', #3195 ) ;
#5468 = LINE ( 'NONE', #1360, #928 ) ;
#5469 = VERTEX_POINT ( 'NONE', #2411 ) ;
#5470 = CYLINDRICAL_SURFACE ( 'NONE', #2838, 5.170000000000000817 ) ;
#5471 = VERTEX_POINT ( 'NONE', #3713 ) ;
#5472 = CARTESIAN_POINT ( 'NONE',  ( 115.0000000000000284, 62.20000000000000995, 56.50000000000000711 ) ) ;
#5473 = EDGE_CURVE ( 'NONE', #5508, #1358, #5564, .T. ) ;
#5474 = DIRECTION ( 'NONE',  ( -0.000000000000000000, 1.000000000000000000, -0.000000000000000000 ) ) ;
#5475 = ORIENTED_EDGE ( 'NONE', *, *, #4528, .T. ) ;
#5476 = DIRECTION ( 'NONE',  ( -0.000000000000000000, -0.000000000000000000, 1.000000000000000000 ) ) ;
#5477 = DIRECTION ( 'NONE',  ( 0.000000000000000000, 1.000000000000000000, 0.000000000000000000 ) ) ;
#5478 = ORIENTED_EDGE ( 'NONE', *, *, #575, .T. ) ;
#5479 = ORIENTED_EDGE ( 'NONE', *, *, #4584, .F. ) ;
#5480 = CARTESIAN_POINT ( 'NONE',  ( -125.0000000000000000, -41.00000000000000000, 82.84000000000004604 ) ) ;
#5481 = CARTESIAN_POINT ( 'NONE',  ( -35.54953979147885690, 0.4883065414184265540, 38.80073528502624214 ) ) ;
#5482 = CARTESIAN_POINT ( 'NONE',  ( -79.25479814987089355, 12.00000000000000000, -1.633760975106076874 ) ) ;
#5483 = CARTESIAN_POINT ( 'NONE',  ( -145.0000000000000000, 62.20000000000000995, 0.000000000000000000 ) ) ;
#5484 = EDGE_CURVE ( 'NONE', #510, #5053, #1024, .T. ) ;
#5485 = ORIENTED_EDGE ( 'NONE', *, *, #626, .T. ) ;
#5486 = CYLINDRICAL_SURFACE ( 'NONE', #3974, 5.049999999999957190 ) ;
#5487 = VECTOR ( 'NONE', #2527, 1000.000000000000000 ) ;
#5488 = CARTESIAN_POINT ( 'NONE',  ( 90.96927183098834746, 70.45852941018294757, 87.64046411506649292 ) ) ;
#5489 = CARTESIAN_POINT ( 'NONE',  ( 115.0000000000000284, 62.20000000000000995, 51.32500000000001705 ) ) ;
#5490 = EDGE_CURVE ( 'NONE', #2733, #3711, #1818, .T. ) ;
#5491 = VERTEX_POINT ( 'NONE', #4097 ) ;
#5492 = AXIS2_PLACEMENT_3D ( 'NONE', #3490, #2230, #310 ) ;
#5493 = VECTOR ( 'NONE', #5852, 1000.000000000000000 ) ;
#5494 = CARTESIAN_POINT ( 'NONE',  ( 115.0000000000000142, -38.00000000000000000, -40.00000000000000711 ) ) ;
#5495 = EDGE_LOOP ( 'NONE', ( #1745, #3111, #1101, #4242 ) ) ;
#5496 = ORIENTED_EDGE ( 'NONE', *, *, #5705, .T. ) ;
#5497 = AXIS2_PLACEMENT_3D ( 'NONE', #5324, #3513, #2630 ) ;
#5498 = DIRECTION ( 'NONE',  ( -1.000000000000000000, 0.000000000000000000, 0.000000000000000000 ) ) ;
#5499 = DIRECTION ( 'NONE',  ( 0.000000000000000000, 0.000000000000000000, 1.000000000000000000 ) ) ;
#5500 = AXIS2_PLACEMENT_3D ( 'NONE', #4852, #749, #782 ) ;
#5501 = ORIENTED_EDGE ( 'NONE', *, *, #4853, .F. ) ;
#5502 = DIRECTION ( 'NONE',  ( -0.000000000000000000, 1.000000000000000000, -0.000000000000000000 ) ) ;
#5503 = CARTESIAN_POINT ( 'NONE',  ( 95.00000000000002842, 72.20000000000001705, 79.58999999999998920 ) ) ;
#5504 = ORIENTED_EDGE ( 'NONE', *, *, #379, .F. ) ;
#5505 = VECTOR ( 'NONE', #886, 1000.000000000000000 ) ;
#5506 = CARTESIAN_POINT ( 'NONE',  ( 115.0000000000000284, 65.20000000000000284, 56.50000000000000711 ) ) ;
#5507 = DIRECTION ( 'NONE',  ( 1.000000000000000000, -0.000000000000000000, 0.000000000000000000 ) ) ;
#5508 = VERTEX_POINT ( 'NONE', #42 ) ;
#5509 = EDGE_CURVE ( 'NONE', #2605, #2173, #1845, .T. ) ;
#5510 = EDGE_CURVE ( 'NONE', #1358, #3024, #4320, .T. ) ;
#5511 = VERTEX_POINT ( 'NONE', #154 ) ;
#5512 = ORIENTED_EDGE ( 'NONE', *, *, #917, .F. ) ;
#5513 = LINE ( 'NONE', #1400, #885 ) ;
#5514 = APPROVAL_PERSON_ORGANIZATION ( #5376, #490, #2163 ) ;
#5515 = VERTEX_POINT ( 'NONE', #1134 ) ;
#5516 = CARTESIAN_POINT ( 'NONE',  ( -31.51636887117553698, 1.332827977525141705, 41.18370314907394913 ) ) ;
#5517 = CARTESIAN_POINT ( 'NONE',  ( -101.3034108745596455, 47.36499999999998067, 50.00000000000000000 ) ) ;
#5518 = CYLINDRICAL_SURFACE ( 'NONE', #1970, 10.00000000000000888 ) ;
#5519 = CARTESIAN_POINT ( 'NONE',  ( -155.0000000000000000, -29.00000000000000355, 92.00000000000000000 ) ) ;
#5520 = CARTESIAN_POINT ( 'NONE',  ( -155.0000000000000000, -0.5094741464173948575, 59.53125392013541273 ) ) ;
#5521 = VERTEX_POINT ( 'NONE', #4329 ) ;
#5522 = CARTESIAN_POINT ( 'NONE',  ( 122.6938219522875215, 65.20000000000000284, 51.43056380599715283 ) ) ;
#5523 = VERTEX_POINT ( 'NONE', #4829 ) ;
#5524 = EDGE_LOOP ( 'NONE', ( #1748, #431, #210, #5746 ) ) ;
#5525 = VECTOR ( 'NONE', #1056, 1000.000000000000000 ) ;
#5526 = FACE_OUTER_BOUND ( 'NONE', #3139, .T. ) ;
#5527 = CARTESIAN_POINT ( 'NONE',  ( -687.9162712043346346, -41.00000000000000000, 117.0526468289987463 ) ) ;
#5528 = ADVANCED_FACE ( 'NONE', ( #4796 ), #4266, .T. ) ;
#5529 = VECTOR ( 'NONE', #387, 1000.000000000000000 ) ;
#5530 = ORIENTED_EDGE ( 'NONE', *, *, #2270, .T. ) ;
#5531 = CARTESIAN_POINT ( 'NONE',  ( -79.25479814987089355, 12.00000000000000000, 1.366239024893918019 ) ) ;
#5532 = CARTESIAN_POINT ( 'NONE',  ( -697.9162712043346346, -41.00000000000000000, 132.1026468289988145 ) ) ;
#5533 = EDGE_LOOP ( 'NONE', ( #4289, #5081, #2607, #4470 ) ) ;
#5534 = CARTESIAN_POINT ( 'NONE',  ( 124.5393920141694650, 65.20000000000000284, 50.00000000000000000 ) ) ;
#5535 = AXIS2_PLACEMENT_3D ( 'NONE', #2796, #1827, #1462 ) ;
#5536 = EDGE_CURVE ( 'NONE', #4682, #5832, #5677, .T. ) ;
#5537 = FACE_OUTER_BOUND ( 'NONE', #4813, .T. ) ;
#5538 = ORIENTED_EDGE ( 'NONE', *, *, #2644, .F. ) ;
#5539 = VERTEX_POINT ( 'NONE', #2005 ) ;
#5540 = CARTESIAN_POINT ( 'NONE',  ( 115.0000000000000142, -41.00001200000000523, -40.00000000000000711 ) ) ;
#5541 = ORIENTED_EDGE ( 'NONE', *, *, #5762, .T. ) ;
#5542 = CIRCLE ( 'NONE', #102, 8.999999999999994671 ) ;
#5543 = ADVANCED_FACE ( 'NONE', ( #1105 ), #1626, .F. ) ;
#5544 = DIRECTION ( 'NONE',  ( -0.000000000000000000, -0.000000000000000000, 1.000000000000000000 ) ) ;
#5545 = CARTESIAN_POINT ( 'NONE',  ( -145.0000000000000000, -41.00000000000000000, -70.00000000000000000 ) ) ;
#5546 = VECTOR ( 'NONE', #4236, 1000.000000000000000 ) ;
#5547 = PLANE ( 'NONE',  #5535 ) ;
#5548 = CARTESIAN_POINT ( 'NONE',  ( 86.63763752403538376, 72.16464822729427908, 82.95365679138342330 ) ) ;
#5549 = CIRCLE ( 'NONE', #2966, 15.00000000000000000 ) ;
#5550 = DIRECTION ( 'NONE',  ( -0.000000000000000000, 1.000000000000000000, -0.000000000000000000 ) ) ;
#5551 = CIRCLE ( 'NONE', #113, 1.500000000000001332 ) ;
#5552 = CARTESIAN_POINT ( 'NONE',  ( 121.8921758690988213, 65.20000000000000284, 50.93576659402609863 ) ) ;
#5553 = ORIENTED_EDGE ( 'NONE', *, *, #5121, .T. ) ;
#5554 = ORIENTED_EDGE ( 'NONE', *, *, #498, .F. ) ;
#5555 = CARTESIAN_POINT ( 'NONE',  ( -150.0000000000000000, 15.00000000000000000, -55.00000000000000000 ) ) ;
#5556 = CARTESIAN_POINT ( 'NONE',  ( 0.000000000000000000, 12.00000000000000000, -22.87999999999999901 ) ) ;
#5557 = ADVANCED_FACE ( 'NONE', ( #2956 ), #758, .T. ) ;
#5558 = DIRECTION ( 'NONE',  ( 0.000000000000000000, 0.000000000000000000, 1.000000000000000000 ) ) ;
#5559 = ADVANCED_FACE ( 'NONE', ( #4766 ), #4292, .F. ) ;
#5560 = CYLINDRICAL_SURFACE ( 'NONE', #3889, 5.049999999999998934 ) ;
#5561 = ORIENTED_EDGE ( 'NONE', *, *, #1556, .T. ) ;
#5562 = FACE_OUTER_BOUND ( 'NONE', #422, .T. ) ;
#5563 = EDGE_CURVE ( 'NONE', #5429, #4960, #2152, .T. ) ;
#5564 = LINE ( 'NONE', #1450, #2436 ) ;
#5565 = EDGE_LOOP ( 'NONE', ( #1255, #4870, #754, #2645, #3890, #2134, #726, #2235, #28, #4928, #3799, #4, #913, #2177 ) ) ;
#5566 = ORIENTED_EDGE ( 'NONE', *, *, #2256, .F. ) ;
#5567 = CARTESIAN_POINT ( 'NONE',  ( -150.6319830951608765, 0.2656658595549983293, 46.90272635620277697 ) ) ;
#5568 = ORIENTED_EDGE ( 'NONE', *, *, #230, .F. ) ;
#5569 = DIRECTION ( 'NONE',  ( 0.000000000000000000, 0.000000000000000000, 1.000000000000000000 ) ) ;
#5570 = CARTESIAN_POINT ( 'NONE',  ( -5.254798149870912205, 0.000000000000000000, -0.1337609751060793439 ) ) ;
#5571 = LINE ( 'NONE', #2883, #4701 ) ;
#5572 = DIRECTION ( 'NONE',  ( 0.000000000000000000, -1.000000000000000000, -0.000000000000000000 ) ) ;
#5573 = CARTESIAN_POINT ( 'NONE',  ( 92.54489240629429503, 69.99892885823902589, 88.26228173306171243 ) ) ;
#5574 = AXIS2_PLACEMENT_3D ( 'NONE', #4284, #5910, #1679 ) ;
#5575 = DIRECTION ( 'NONE',  ( 0.000000000000000000, 1.000000000000000000, 0.000000000000000000 ) ) ;
#5576 = ADVANCED_FACE ( 'NONE', ( #3424 ), #1192, .T. ) ;
#5577 = EDGE_CURVE ( 'NONE', #372, #3357, #163, .T. ) ;
#5578 = DIRECTION ( 'NONE',  ( -1.000000000000000000, 0.000000000000000000, -0.000000000000000000 ) ) ;
#5579 = VERTEX_POINT ( 'NONE', #1164 ) ;
#5580 = VECTOR ( 'NONE', #604, 1000.000000000000000 ) ;
#5581 = DIRECTION ( 'NONE',  ( 1.000000000000000000, -0.000000000000000000, 0.000000000000000000 ) ) ;
#5582 = EDGE_CURVE ( 'NONE', #1651, #4804, #2984, .T. ) ;
#5583 = DIRECTION ( 'NONE',  ( -0.000000000000000000, -0.000000000000000000, -1.000000000000000000 ) ) ;
#5584 = CARTESIAN_POINT ( 'NONE',  ( 115.0000000000000142, -41.00000000000000000, 64.83000000000001251 ) ) ;
#5585 = AXIS2_PLACEMENT_3D ( 'NONE', #3173, #4519, #4581 ) ;
#5586 = CIRCLE ( 'NONE', #3003, 5.049999999999998934 ) ;
#5587 = DIRECTION ( 'NONE',  ( 0.000000000000000000, 0.000000000000000000, 1.000000000000000000 ) ) ;
#5588 = ORIENTED_EDGE ( 'NONE', *, *, #3074, .F. ) ;
#5589 = DIRECTION ( 'NONE',  ( 0.000000000000000000, -1.000000000000000000, 0.000000000000000000 ) ) ;
#5590 = LINE ( 'NONE', #4125, #2628 ) ;
#5591 = CARTESIAN_POINT ( 'NONE',  ( -125.0000000000000000, 0.000000000000000000, 80.00000000000000000 ) ) ;
#5592 = AXIS2_PLACEMENT_3D ( 'NONE', #2287, #4574, #4089 ) ;
#5593 = EDGE_LOOP ( 'NONE', ( #446, #800, #5302, #4439 ) ) ;
#5594 = DIRECTION ( 'NONE',  ( 1.000000000000000000, -0.000000000000000000, 0.000000000000000000 ) ) ;
#5595 = EDGE_CURVE ( 'NONE', #3976, #5523, #2535, .T. ) ;
#5596 = AXIS2_PLACEMENT_3D ( 'NONE', #3742, #5599, #2417 ) ;
#5597 = EDGE_CURVE ( 'NONE', #3495, #3726, #5198, .T. ) ;
#5598 = CARTESIAN_POINT ( 'NONE',  ( 76.14000000000000057, 62.20000000000001705, -80.00000000000000000 ) ) ;
#5599 = DIRECTION ( 'NONE',  ( 0.000000000000000000, 1.000000000000000000, -0.000000000000000000 ) ) ;
#5600 = CIRCLE ( 'NONE', #1479, 5.174999999999991829 ) ;
#5601 = ADVANCED_FACE ( 'NONE', ( #3885 ), #5294, .F. ) ;
#5602 = FACE_OUTER_BOUND ( 'NONE', #2957, .T. ) ;
#5603 = EDGE_CURVE ( 'NONE', #1291, #1399, #2743, .T. ) ;
#5604 = CYLINDRICAL_SURFACE ( 'NONE', #55, 5.049999999999998934 ) ;
#5605 = LOCAL_TIME ( 17, 16, 27.00000000000000000, #2131 ) ;
#5606 = PLANE ( 'NONE',  #2192 ) ;
#5607 = DIRECTION ( 'NONE',  ( -1.000000000000000000, 0.000000000000000000, 0.000000000000000000 ) ) ;
#5608 = DIRECTION ( 'NONE',  ( 0.000000000000000000, -0.000000000000000000, -1.000000000000000000 ) ) ;
#5609 = ADVANCED_FACE ( 'NONE', ( #5651 ), #1533, .F. ) ;
#5610 = CARTESIAN_POINT ( 'NONE',  ( 8.130000000000007887, 12.00000000000000000, 0.000000000000000000 ) ) ;
#5611 = PERSON_AND_ORGANIZATION ( #3763, #1772 ) ;
#5612 = FACE_OUTER_BOUND ( 'NONE', #689, .T. ) ;
#5613 = ORIENTED_EDGE ( 'NONE', *, *, #4630, .F. ) ;
#5614 = CARTESIAN_POINT ( 'NONE',  ( -152.0004710858042927, -0.4176299032501756270, 24.73664906550984099 ) ) ;
#5615 = CYLINDRICAL_SURFACE ( 'NONE', #3612, 5.174999999999991829 ) ;
#5616 = ORIENTED_EDGE ( 'NONE', *, *, #5785, .F. ) ;
#5617 = DIRECTION ( 'NONE',  ( 0.000000000000000000, -0.000000000000000000, -1.000000000000000000 ) ) ;
#5618 = DIRECTION ( 'NONE',  ( 0.000000000000000000, -1.000000000000000000, 0.000000000000000000 ) ) ;
#5619 = DIRECTION ( 'NONE',  ( 0.000000000000000000, -0.000000000000000000, -1.000000000000000000 ) ) ;
#5620 = AXIS2_PLACEMENT_3D ( 'NONE', #5176, #2046, #2480 ) ;
#5621 = FACE_OUTER_BOUND ( 'NONE', #3585, .T. ) ;
#5622 = VERTEX_POINT ( 'NONE', #4479 ) ;
#5623 = ORIENTED_EDGE ( 'NONE', *, *, #207, .F. ) ;
#5624 = CIRCLE ( 'NONE', #480, 11.81752562247286420 ) ;
#5625 = CARTESIAN_POINT ( 'NONE',  ( -697.9162712043346346, -41.00000000000000000, 132.1026468289988145 ) ) ;
#5626 = DIRECTION ( 'NONE',  ( 0.000000000000000000, 0.000000000000000000, -1.000000000000000000 ) ) ;
#5627 = ORIENTED_EDGE ( 'NONE', *, *, #2410, .T. ) ;
#5628 = AXIS2_PLACEMENT_3D ( 'NONE', #3381, #3904, #2493 ) ;
#5629 = CARTESIAN_POINT ( 'NONE',  ( -101.3034108745596455, 47.36499999999998067, -61.35000000000000142 ) ) ;
#5630 = EDGE_CURVE ( 'NONE', #5688, #1548, #5119, .T. ) ;
#5631 = CYLINDRICAL_SURFACE ( 'NONE', #3566, 5.174999999999991829 ) ;
#5632 = LINE ( 'NONE', #51, #1150 ) ;
#5633 = VECTOR ( 'NONE', #2201, 1000.000000000000000 ) ;
#5634 = EDGE_CURVE ( 'NONE', #1205, #3357, #1272, .T. ) ;
#5635 = DIRECTION ( 'NONE',  ( -0.000000000000000000, -0.000000000000000000, 1.000000000000000000 ) ) ;
#5636 = ADVANCED_FACE ( 'NONE', ( #3484 ), #1302, .T. ) ;
#5637 = EDGE_CURVE ( 'NONE', #2935, #245, #1248, .T. ) ;
#5638 = CARTESIAN_POINT ( 'NONE',  ( -128.1786922738607188, 5.651640300907400771, 46.87954484237616981 ) ) ;
#5639 = CARTESIAN_POINT ( 'NONE',  ( -120.0000000000000000, -10.00000000000000178, -19.50000000000000000 ) ) ;
#5640 = CIRCLE ( 'NONE', #684, 1.499999999999999556 ) ;
#5641 = LINE ( 'NONE', #5162, #3390 ) ;
#5642 = CARTESIAN_POINT ( 'NONE',  ( 95.00000000000002842, 47.20000000000001705, 79.58999999999998920 ) ) ;
#5643 = ADVANCED_FACE ( 'NONE', ( #362, #2222, #2169 ), #3973, .T. ) ;
#5644 = FACE_OUTER_BOUND ( 'NONE', #4088, .T. ) ;
#5645 = DIRECTION ( 'NONE',  ( 0.000000000000000000, 0.000000000000000000, 1.000000000000000000 ) ) ;
#5646 = ORIENTED_EDGE ( 'NONE', *, *, #4987, .T. ) ;
#5647 = DIRECTION ( 'NONE',  ( 0.000000000000000000, 0.000000000000000000, -1.000000000000000000 ) ) ;
#5648 = LINE ( 'NONE', #2954, #828 ) ;
#5649 = ADVANCED_BREP_SHAPE_REPRESENTATION ( 'EDM housing V3', ( #2746, #5756, #4693, #1574 ), #1951 ) ;
#5650 = DIRECTION ( 'NONE',  ( 0.000000000000000000, 0.000000000000000000, 1.000000000000000000 ) ) ;
#5651 = FACE_OUTER_BOUND ( 'NONE', #5533, .T. ) ;
#5652 = EDGE_CURVE ( 'NONE', #628, #5858, #391, .T. ) ;
#5653 = CARTESIAN_POINT ( 'NONE',  ( 115.0000000000000142, 62.20000000000000995, -56.50000000000000711 ) ) ;
#5654 = ORIENTED_EDGE ( 'NONE', *, *, #597, .T. ) ;
#5655 = DIRECTION ( 'NONE',  ( 0.000000000000000000, 1.000000000000000000, 0.000000000000000000 ) ) ;
#5656 = CARTESIAN_POINT ( 'NONE',  ( 115.0000000000000142, 65.20000000000000284, -51.32499999999998863 ) ) ;
#5657 = EDGE_LOOP ( 'NONE', ( #1659, #5902 ) ) ;
#5658 = EDGE_LOOP ( 'NONE', ( #5010, #2668, #2234, #2265 ) ) ;
#5659 = VERTEX_POINT ( 'NONE', #1332 ) ;
#5660 = CARTESIAN_POINT ( 'NONE',  ( 0.000000000000000000, 0.000000000000000000, 0.000000000000000000 ) ) ;
#5661 = CYLINDRICAL_SURFACE ( 'NONE', #4972, 18.55000000000001137 ) ;
#5662 = B_SPLINE_CURVE_WITH_KNOTS ( 'NONE', 3,
 ( #5000, #4530, #4901, #834, #3121, #2330, #980, #1852 ),
 .UNSPECIFIED., .F., .F.,
 ( 4, 2, 2, 4 ),
 ( 0.000000000000000000, 0.003718898645807473032, 0.005578347968711221475, 0.007437797291614969483 ),
 .UNSPECIFIED. ) ;
#5663 = DIRECTION ( 'NONE',  ( 0.000000000000000000, -0.000000000000000000, 1.000000000000000000 ) ) ;
#5664 = FACE_OUTER_BOUND ( 'NONE', #5658, .T. ) ;
#5665 = ADVANCED_FACE ( 'NONE', ( #5410, #1657 ), #418, .T. ) ;
#5666 = DIRECTION ( 'NONE',  ( 1.000000000000000000, 0.000000000000000000, 0.000000000000000000 ) ) ;
#5667 =( NAMED_UNIT ( * ) PLANE_ANGLE_UNIT ( ) SI_UNIT ( $, .RADIAN. ) );
#5668 = DIRECTION ( 'NONE',  ( 0.000000000000000000, 0.000000000000000000, 1.000000000000000000 ) ) ;
#5669 = CYLINDRICAL_SURFACE ( 'NONE', #1793, 4.999999999999997335 ) ;
#5670 = CARTESIAN_POINT ( 'NONE',  ( -687.9162712043346346, -44.00000000000000711, 7.052646828998728523 ) ) ;
#5671 = EDGE_LOOP ( 'NONE', ( #5168, #3953, #5771, #2965 ) ) ;
#5672 = VECTOR ( 'NONE', #2940, 1000.000000000000000 ) ;
#5673 = EDGE_CURVE ( 'NONE', #2404, #1628, #75, .T. ) ;
#5674 = EDGE_LOOP ( 'NONE', ( #3277, #694, #569, #3136 ) ) ;
#5675 = CARTESIAN_POINT ( 'NONE',  ( -155.0000000000000000, -5.000000000000000000, -35.00000000000000000 ) ) ;
#5676 = LINE ( 'NONE', #4678, #5580 ) ;
#5677 = LINE ( 'NONE', #214, #1861 ) ;
#5678 = AXIS2_PLACEMENT_3D ( 'NONE', #4733, #4677, #1163 ) ;
#5679 = ORIENTED_EDGE ( 'NONE', *, *, #3891, .F. ) ;
#5680 = ORIENTED_EDGE ( 'NONE', *, *, #5353, .T. ) ;
#5681 = FACE_BOUND ( 'NONE', #672, .T. ) ;
#5682 = DIRECTION ( 'NONE',  ( -0.000000000000000000, -0.000000000000000000, 1.000000000000000000 ) ) ;
#5683 = VERTEX_POINT ( 'NONE', #818 ) ;
#5684 = CIRCLE ( 'NONE', #832, 5.000000000000004441 ) ;
#5685 = DIRECTION ( 'NONE',  ( 0.000000000000000000, 0.000000000000000000, 1.000000000000000000 ) ) ;
#5686 = ADVANCED_FACE ( 'NONE', ( #3168 ), #4426, .F. ) ;
#5687 = DIRECTION ( 'NONE',  ( -1.000000000000000000, 0.000000000000000000, 0.000000000000000000 ) ) ;
#5688 = VERTEX_POINT ( 'NONE', #852 ) ;
#5689 = ORIENTED_EDGE ( 'NONE', *, *, #5785, .T. ) ;
#5690 = ORIENTED_EDGE ( 'NONE', *, *, #3808, .T. ) ;
#5691 = CARTESIAN_POINT ( 'NONE',  ( -581.2799143269010074, -4.000000000000000000, -228.3536113549479865 ) ) ;
#5692 = LINE ( 'NONE', #3065, #4802 ) ;
#5693 = ORIENTED_EDGE ( 'NONE', *, *, #3926, .T. ) ;
#5694 = DIRECTION ( 'NONE',  ( 0.000000000000000000, 0.000000000000000000, -1.000000000000000000 ) ) ;
#5695 = AXIS2_PLACEMENT_3D ( 'NONE', #3307, #4116, #5499 ) ;
#5696 = DIRECTION ( 'NONE',  ( 0.000000000000000000, 0.000000000000000000, 1.000000000000000000 ) ) ;
#5697 = DIRECTION ( 'NONE',  ( -0.000000000000000000, -1.000000000000000000, -0.000000000000000000 ) ) ;
#5698 = CC_DESIGN_PERSON_AND_ORGANIZATION_ASSIGNMENT ( #843, #3941, ( #458 ) ) ;
#5699 = CARTESIAN_POINT ( 'NONE',  ( -687.9162712043346346, -41.00000000000000000, 7.052646828998728523 ) ) ;
#5700 = EDGE_LOOP ( 'NONE', ( #2788, #5568, #149, #3979 ) ) ;
#5701 = DIRECTION ( 'NONE',  ( 0.000000000000000000, 0.000000000000000000, 1.000000000000000000 ) ) ;
#5702 = EDGE_LOOP ( 'NONE', ( #3886, #1722, #4365, #5715 ) ) ;
#5703 = CARTESIAN_POINT ( 'NONE',  ( -145.0000000000000000, -38.00000000000000000, -45.17000000000000881 ) ) ;
#5704 = CARTESIAN_POINT ( 'NONE',  ( 48.38703381417222005, 0.000000000000000000, -4.814249555950268267 ) ) ;
#5705 = EDGE_CURVE ( 'NONE', #4797, #3492, #5305, .T. ) ;
#5706 = EDGE_LOOP ( 'NONE', ( #5815, #4641, #1352, #215 ) ) ;
#5707 = CARTESIAN_POINT ( 'NONE',  ( -155.0000000000000000, 0.5849141245736105832, 53.13092587112243592 ) ) ;
#5708 = DIRECTION ( 'NONE',  ( -0.000000000000000000, 1.000000000000000000, -0.000000000000000000 ) ) ;
#5709 = ORIENTED_EDGE ( 'NONE', *, *, #1118, .T. ) ;
#5710 = EDGE_CURVE ( 'NONE', #4057, #407, #4576, .T. ) ;
#5711 = ADVANCED_FACE ( 'NONE', ( #3679 ), #5073, .T. ) ;
#5712 = DIRECTION ( 'NONE',  ( 0.000000000000000000, 0.000000000000000000, -1.000000000000000000 ) ) ;
#5713 = AXIS2_PLACEMENT_3D ( 'NONE', #5517, #3290, #3693 ) ;
#5714 = CARTESIAN_POINT ( 'NONE',  ( 45.75706587302855155, 62.20000000000000995, -80.00000000000000000 ) ) ;
#5715 = ORIENTED_EDGE ( 'NONE', *, *, #4948, .T. ) ;
#5716 = ORIENTED_EDGE ( 'NONE', *, *, #785, .T. ) ;
#5717 = AXIS2_PLACEMENT_3D ( 'NONE', #4664, #1831, #4087 ) ;
#5718 = ORIENTED_EDGE ( 'NONE', *, *, #3464, .F. ) ;
#5719 = EDGE_CURVE ( 'NONE', #3773, #2297, #3649, .T. ) ;
#5720 = ORIENTED_EDGE ( 'NONE', *, *, #3707, .T. ) ;
#5721 = LINE ( 'NONE', #1522, #1904 ) ;
#5722 = CARTESIAN_POINT ( 'NONE',  ( -125.0000000000000000, 21.20000000000000284, 80.00000000000000000 ) ) ;
#5723 = AXIS2_PLACEMENT_3D ( 'NONE', #2915, #3781, #1152 ) ;
#5724 = VECTOR ( 'NONE', #2967, 1000.000000000000000 ) ;
#5725 = ORIENTED_EDGE ( 'NONE', *, *, #4925, .F. ) ;
#5726 = DIRECTION ( 'NONE',  ( 0.000000000000000000, -1.000000000000000000, 0.000000000000000000 ) ) ;
#5727 = CARTESIAN_POINT ( 'NONE',  ( 76.14000000000000057, 72.20000000000001705, -63.00000000000001421 ) ) ;
#5728 = CIRCLE ( 'NONE', #1326, 18.55000000000001137 ) ;
#5729 = FACE_OUTER_BOUND ( 'NONE', #5700, .T. ) ;
#5730 = CARTESIAN_POINT ( 'NONE',  ( 125.0000000000000000, 62.20000000000000995, -55.00000000000000711 ) ) ;
#5731 = APPLICATION_PROTOCOL_DEFINITION ( 'international standard', 'config_control_design', 1994, #5406 ) ;
#5732 = VECTOR ( 'NONE', #1430, 1000.000000000000000 ) ;
#5733 = CARTESIAN_POINT ( 'NONE',  ( 120.0000000000000000, 15.00000000000000000, -35.00000000000000000 ) ) ;
#5734 = LINE ( 'NONE', #715, #1972 ) ;
#5735 = VERTEX_POINT ( 'NONE', #2721 ) ;
#5736 = CARTESIAN_POINT ( 'NONE',  ( -38.36557951498834029, 0.000000000000000000, 35.00000000000000000 ) ) ;
#5737 = AXIS2_PLACEMENT_3D ( 'NONE', #323, #3001, #5795 ) ;
#5738 = DIRECTION ( 'NONE',  ( -0.000000000000000000, -1.000000000000000000, -0.000000000000000000 ) ) ;
#5739 = ORIENTED_EDGE ( 'NONE', *, *, #557, .T. ) ;
#5740 = DIRECTION ( 'NONE',  ( 0.000000000000000000, -0.000000000000000000, 1.000000000000000000 ) ) ;
#5741 = VECTOR ( 'NONE', #3900, 1000.000000000000000 ) ;
#5742 = ORIENTED_EDGE ( 'NONE', *, *, #1718, .T. ) ;
#5743 = VERTEX_POINT ( 'NONE', #483 ) ;
#5744 = CARTESIAN_POINT ( 'NONE',  ( -155.0000000000000000, -4.015671370460478506, 50.34519636717881497 ) ) ;
#5745 = DIRECTION ( 'NONE',  ( 0.000000000000000000, -0.000000000000000000, -1.000000000000000000 ) ) ;
#5746 = ORIENTED_EDGE ( 'NONE', *, *, #5349, .T. ) ;
#5747 = EDGE_CURVE ( 'NONE', #1548, #5688, #3756, .T. ) ;
#5748 = CARTESIAN_POINT ( 'NONE',  ( -130.5000000000000000, 28.69999999999999929, 25.50000000000000355 ) ) ;
#5749 = DIRECTION ( 'NONE',  ( 0.000000000000000000, 0.000000000000000000, 1.000000000000000000 ) ) ;
#5750 = ORIENTED_EDGE ( 'NONE', *, *, #3865, .F. ) ;
#5751 = ORIENTED_EDGE ( 'NONE', *, *, #4052, .F. ) ;
#5752 = ORIENTED_EDGE ( 'NONE', *, *, #1593, .T. ) ;
#5753 = ORIENTED_EDGE ( 'NONE', *, *, #4466, .F. ) ;
#5754 = CARTESIAN_POINT ( 'NONE',  ( 48.38703381417222005, 4.699999999999999289, -7.214249555950269510 ) ) ;
#5755 = CARTESIAN_POINT ( 'NONE',  ( -120.0000000000000000, -10.00000000000000178, -19.50000000000000000 ) ) ;
#5756 = MANIFOLD_SOLID_BREP ( 'Move Face3', #2719 ) ;
#5757 = VERTEX_POINT ( 'NONE', #1387 ) ;
#5758 = DIRECTION ( 'NONE',  ( 0.000000000000000000, 0.000000000000000000, 1.000000000000000000 ) ) ;
#5759 = CARTESIAN_POINT ( 'NONE',  ( 0.000000000000000000, -41.00000000000000000, 0.000000000000000000 ) ) ;
#5760 = DIRECTION ( 'NONE',  ( -1.000000000000000000, 0.000000000000000000, 0.000000000000000000 ) ) ;
#5761 = ADVANCED_FACE ( 'NONE', ( #937 ), #1865, .T. ) ;
#5762 = EDGE_CURVE ( 'NONE', #1770, #3428, #965, .T. ) ;
#5763 = LINE ( 'NONE', #4822, #5093 ) ;
#5764 = DIRECTION ( 'NONE',  ( 0.000000000000000000, 0.000000000000000000, 1.000000000000000000 ) ) ;
#5765 = ORIENTED_EDGE ( 'NONE', *, *, #3292, .F. ) ;
#5766 = CARTESIAN_POINT ( 'NONE',  ( -22.26405478213493794, 1.051271408731942136, 40.51844745202754439 ) ) ;
#5767 = ADVANCED_FACE ( 'NONE', ( #1888 ), #3216, .F. ) ;
#5768 = CARTESIAN_POINT ( 'NONE',  ( 76.13999999999998636, 31.85000000000000497, -50.00000000000000000 ) ) ;
#5769 = CARTESIAN_POINT ( 'NONE',  ( -140.2527075994392476, 71.80046805612670369, 63.00000000000002842 ) ) ;
#5770 = EDGE_LOOP ( 'NONE', ( #3228, #4396, #3903, #3958 ) ) ;
#5771 = ORIENTED_EDGE ( 'NONE', *, *, #2262, .F. ) ;
#5772 = CARTESIAN_POINT ( 'NONE',  ( -155.0000000000000000, 5.615584288983686889, 68.93712769154363684 ) ) ;
#5773 = CARTESIAN_POINT ( 'NONE',  ( -39.47544844527113383, -41.00000000000000000, 30.00000000000000711 ) ) ;
#5774 = ORIENTED_EDGE ( 'NONE', *, *, #1379, .T. ) ;
#5775 = LINE ( 'NONE', #5363, #5816 ) ;
#5776 = CARTESIAN_POINT ( 'NONE',  ( -512.9162712043346346, -44.00000000000000711, 32.60264682899880029 ) ) ;
#5777 = CIRCLE ( 'NONE', #4409, 10.49999999999999112 ) ;
#5778 = VECTOR ( 'NONE', #2555, 1000.000000000000000 ) ;
#5779 = ORIENTED_EDGE ( 'NONE', *, *, #2456, .F. ) ;
#5780 = CARTESIAN_POINT ( 'NONE',  ( -10.95999999999999197, 12.00000000000000000, -22.87999999999999901 ) ) ;
#5781 = VERTEX_POINT ( 'NONE', #2780 ) ;
#5782 = CC_DESIGN_PERSON_AND_ORGANIZATION_ASSIGNMENT ( #5611, #5187, ( #2446 ) ) ;
#5783 = VERTEX_POINT ( 'NONE', #5527 ) ;
#5784 = ORIENTED_EDGE ( 'NONE', *, *, #4225, .F. ) ;
#5785 = EDGE_CURVE ( 'NONE', #815, #510, #3729, .T. ) ;
#5786 = AXIS2_PLACEMENT_3D ( 'NONE', #1068, #4224, #144 ) ;
#5787 = VERTEX_POINT ( 'NONE', #1413 ) ;
#5788 = CARTESIAN_POINT ( 'NONE',  ( -133.4436984228897813, 4.542702720646309977, 46.80983113153212116 ) ) ;
#5789 = EDGE_CURVE ( 'NONE', #1758, #5314, #3212, .T. ) ;
#5790 = VECTOR ( 'NONE', #4416, 1000.000000000000000 ) ;
#5791 = EDGE_CURVE ( 'NONE', #3564, #67, #4723, .T. ) ;
#5792 = ORIENTED_EDGE ( 'NONE', *, *, #3930, .T. ) ;
#5793 = CYLINDRICAL_SURFACE ( 'NONE', #966, 21.49999999999999289 ) ;
#5794 = DIRECTION ( 'NONE',  ( -0.000000000000000000, 1.000000000000000000, -0.000000000000000000 ) ) ;
#5795 = DIRECTION ( 'NONE',  ( 0.000000000000000000, 0.000000000000000000, 1.000000000000000000 ) ) ;
#5796 = CARTESIAN_POINT ( 'NONE',  ( -85.68000000000002103, 34.82500000000000284, -61.35000000000000142 ) ) ;
#5797 = AXIS2_PLACEMENT_3D ( 'NONE', #4645, #2295, #4203 ) ;
#5798 = CARTESIAN_POINT ( 'NONE',  ( -77.59000000000001762, 34.82500000000000284, 132.1026468289988145 ) ) ;
#5799 = EDGE_CURVE ( 'NONE', #2813, #3259, #4432, .T. ) ;
#5800 = ORIENTED_EDGE ( 'NONE', *, *, #5597, .T. ) ;
#5801 = VECTOR ( 'NONE', #1361, 1000.000000000000000 ) ;
#5802 = CARTESIAN_POINT ( 'NONE',  ( 115.0000000000000142, -41.00001200000000523, 75.17000000000000171 ) ) ;
#5803 = ORIENTED_EDGE ( 'NONE', *, *, #2857, .T. ) ;
#5804 = CARTESIAN_POINT ( 'NONE',  ( -144.7213299487346205, 70.19481861713016713, 62.99999999999998579 ) ) ;
#5805 = CARTESIAN_POINT ( 'NONE',  ( 115.0000000000000000, -41.00000000000000000, -70.00000000000000000 ) ) ;
#5806 = ORIENTED_EDGE ( 'NONE', *, *, #4079, .T. ) ;
#5807 = CARTESIAN_POINT ( 'NONE',  ( -605.7799143269008937, -4.000000000000000000, -185.4036113549479978 ) ) ;
#5808 = DIRECTION ( 'NONE',  ( 0.000000000000000000, 0.000000000000000000, 1.000000000000000000 ) ) ;
#5809 = ORIENTED_EDGE ( 'NONE', *, *, #4786, .F. ) ;
#5810 = ADVANCED_FACE ( 'NONE', ( #3187 ), #5470, .F. ) ;
#5811 = FACE_OUTER_BOUND ( 'NONE', #5565, .T. ) ;
#5812 = FACE_OUTER_BOUND ( 'NONE', #5057, .T. ) ;
#5813 = VERTEX_POINT ( 'NONE', #3706 ) ;
#5814 = ORIENTED_EDGE ( 'NONE', *, *, #5121, .F. ) ;
#5815 = ORIENTED_EDGE ( 'NONE', *, *, #967, .F. ) ;
#5816 = VECTOR ( 'NONE', #3602, 1000.000000000000000 ) ;
#5817 = FACE_OUTER_BOUND ( 'NONE', #1958, .T. ) ;
#5818 = ADVANCED_FACE ( 'NONE', ( #5013 ), #120, .T. ) ;
#5819 = VECTOR ( 'NONE', #880, 1000.000000000000000 ) ;
#5820 = ORIENTED_EDGE ( 'NONE', *, *, #669, .F. ) ;
#5821 = CARTESIAN_POINT ( 'NONE',  ( -150.0000000000000000, -5.000000000000000000, 0.000000000000000000 ) ) ;
#5822 = SPHERICAL_SURFACE ( 'NONE', #1050, 10.00000000000000000 ) ;
#5823 = DIRECTION ( 'NONE',  ( 0.000000000000000000, -0.000000000000000000, -1.000000000000000000 ) ) ;
#5824 = FACE_OUTER_BOUND ( 'NONE', #3367, .T. ) ;
#5825 = VECTOR ( 'NONE', #3823, 1000.000000000000000 ) ;
#5826 = EDGE_CURVE ( 'NONE', #73, #3732, #3273, .T. ) ;
#5827 = DIRECTION ( 'NONE',  ( 0.000000000000000000, -1.000000000000000000, -0.000000000000000000 ) ) ;
#5828 = CARTESIAN_POINT ( 'NONE',  ( -417.9162712043346346, -41.00000000000000000, 132.1026468289988145 ) ) ;
#5829 = ORIENTED_EDGE ( 'NONE', *, *, #952, .T. ) ;
#5830 = DIRECTION ( 'NONE',  ( 0.000000000000000000, -1.000000000000000000, 0.000000000000000000 ) ) ;
#5831 = CARTESIAN_POINT ( 'NONE',  ( -120.0000000000000000, -10.00000000000000178, 30.00000000000000355 ) ) ;
#5832 = VERTEX_POINT ( 'NONE', #2289 ) ;
#5833 = CIRCLE ( 'NONE', #2182, 5.174999999999991829 ) ;
#5834 = CARTESIAN_POINT ( 'NONE',  ( -130.5000000000000000, 24.69999999999999929, 25.50000000000000355 ) ) ;
#5835 = CARTESIAN_POINT ( 'NONE',  ( -77.59000000000001762, 34.82500000000000284, 132.1026468289988145 ) ) ;
#5836 = ORIENTED_EDGE ( 'NONE', *, *, #3183, .F. ) ;
#5837 = CARTESIAN_POINT ( 'NONE',  ( -114.7615997399720271, 0.8850708535860024595, 40.23083539028602473 ) ) ;
#5838 = DIRECTION ( 'NONE',  ( 9.912705577010325549E-17, 0.000000000000000000, 1.000000000000000000 ) ) ;
#5839 = AXIS2_PLACEMENT_3D ( 'NONE', #3767, #2931, #3284 ) ;
#5840 = ORIENTED_EDGE ( 'NONE', *, *, #3287, .F. ) ;
#5841 = DIRECTION ( 'NONE',  ( 0.000000000000000000, 0.000000000000000000, -1.000000000000000000 ) ) ;
#5842 = CARTESIAN_POINT ( 'NONE',  ( 102.1437067230325226, 71.72106685752817157, 85.08569586787679384 ) ) ;
#5843 = ORIENTED_EDGE ( 'NONE', *, *, #4202, .T. ) ;
#5844 = EDGE_CURVE ( 'NONE', #5511, #3163, #1388, .T. ) ;
#5845 = AXIS2_PLACEMENT_3D ( 'NONE', #3616, #4882, #3531 ) ;
#5846 = ORIENTED_EDGE ( 'NONE', *, *, #3775, .F. ) ;
#5847 = FACE_OUTER_BOUND ( 'NONE', #4422, .T. ) ;
#5848 = CARTESIAN_POINT ( 'NONE',  ( -154.0167195204814448, 7.883265925099260052, 67.00000000000000000 ) ) ;
#5849 = VERTEX_POINT ( 'NONE', #4671 ) ;
#5850 = CARTESIAN_POINT ( 'NONE',  ( -106.3534108745596427, 47.36499999999998067, 92.00000000000000000 ) ) ;
#5851 = DIRECTION ( 'NONE',  ( 0.000000000000000000, 1.000000000000000000, -0.000000000000000000 ) ) ;
#5852 = DIRECTION ( 'NONE',  ( -1.000000000000000000, 0.000000000000000000, 1.010328182681356285E-16 ) ) ;
#5853 = CARTESIAN_POINT ( 'NONE',  ( -325.7799143269008937, 6.000000000000000000, -285.2036113549480092 ) ) ;
#5854 = LINE ( 'NONE', #1295, #1762 ) ;
#5855 = ORIENTED_EDGE ( 'NONE', *, *, #1315, .F. ) ;
#5856 = EDGE_CURVE ( 'NONE', #3760, #1370, #5219, .T. ) ;
#5857 = LINE ( 'NONE', #4505, #5819 ) ;
#5858 = VERTEX_POINT ( 'NONE', #1069 ) ;
#5859 = CARTESIAN_POINT ( 'NONE',  ( -69.50000000000001421, 34.82500000000000284, 132.1026468289988145 ) ) ;
#5860 = DIRECTION ( 'NONE',  ( -0.000000000000000000, 1.000000000000000000, -0.000000000000000000 ) ) ;
#5861 = ORIENTED_EDGE ( 'NONE', *, *, #918, .T. ) ;
#5862 = DIRECTION ( 'NONE',  ( 1.000000000000000000, -0.000000000000000000, -0.000000000000000000 ) ) ;
#5863 = ADVANCED_FACE ( 'NONE', ( #3844 ), #1968, .F. ) ;
#5864 = DIRECTION ( 'NONE',  ( 0.000000000000000000, 0.000000000000000000, 1.000000000000000000 ) ) ;
#5865 = CIRCLE ( 'NONE', #5574, 9.999999999999994671 ) ;
#5866 = ORIENTED_EDGE ( 'NONE', *, *, #1176, .F. ) ;
#5867 = LINE ( 'NONE', #3575, #2327 ) ;
#5868 = CARTESIAN_POINT ( 'NONE',  ( 115.0000000000000284, 62.20000000000000995, 56.50000000000000711 ) ) ;
#5869 = ORIENTED_EDGE ( 'NONE', *, *, #1379, .F. ) ;
#5870 = ORIENTED_EDGE ( 'NONE', *, *, #3847, .F. ) ;
#5871 = CARTESIAN_POINT ( 'NONE',  ( -697.9162712043346346, -56.00000000000000711, -27.89735317100119971 ) ) ;
#5872 = EDGE_CURVE ( 'NONE', #730, #5467, #4531, .T. ) ;
#5873 = CIRCLE ( 'NONE', #3281, 5.170000000000007923 ) ;
#5874 = DIRECTION ( 'NONE',  ( -0.000000000000000000, -1.000000000000000000, -0.000000000000000000 ) ) ;
#5875 = AXIS2_PLACEMENT_3D ( 'NONE', #2594, #4938, #2125 ) ;
#5876 = VERTEX_POINT ( 'NONE', #2979 ) ;
#5878 = EDGE_CURVE ( 'NONE', #1427, #1088, #265, .T. ) ;
#5877 = DIRECTION ( 'NONE',  ( -0.000000000000000000, -1.000000000000000000, -0.000000000000000000 ) ) ;
#5879 = DIRECTION ( 'NONE',  ( 4.308557930428944396E-17, 0.000000000000000000, -1.000000000000000000 ) ) ;
#5880 = CARTESIAN_POINT ( 'NONE',  ( 124.5393920141694650, 65.20000000000000284, 55.23030399291527459 ) ) ;
#5881 = CIRCLE ( 'NONE', #5592, 30.00000000000000000 ) ;
#5882 = CARTESIAN_POINT ( 'NONE',  ( -145.0000000000000000, 62.20000000000000995, -51.32499999999998863 ) ) ;
#5883 = ORIENTED_EDGE ( 'NONE', *, *, #4756, .T. ) ;
#5884 = DATE_AND_TIME ( #297, #3954 ) ;
#5885 = CARTESIAN_POINT ( 'NONE',  ( -145.0000000000000000, 62.20000000000000995, -56.49999999999997868 ) ) ;
#5886 = AXIS2_PLACEMENT_3D ( 'NONE', #1199, #3401, #2012 ) ;
#5887 = VERTEX_POINT ( 'NONE', #2061 ) ;
#5888 = DIRECTION ( 'NONE',  ( 0.000000000000000000, -1.000000000000000000, 0.000000000000000000 ) ) ;
#5889 = CC_DESIGN_PERSON_AND_ORGANIZATION_ASSIGNMENT ( #596, #878, ( #3734 ) ) ;
#5890 = CARTESIAN_POINT ( 'NONE',  ( -10.95999999999999197, 12.00000000000000000, 0.000000000000000000 ) ) ;
#5891 = AXIS2_PLACEMENT_3D ( 'NONE', #827, #3141, #4434 ) ;
#5892 = CARTESIAN_POINT ( 'NONE',  ( 0.000000000000000000, 0.000000000000000000, -22.87999999999999901 ) ) ;
#5893 = ORIENTED_EDGE ( 'NONE', *, *, #2347, .F. ) ;
#5894 = CARTESIAN_POINT ( 'NONE',  ( 115.0000000000000142, 62.20000000000000995, -56.50000000000000711 ) ) ;
#5895 = DIRECTION ( 'NONE',  ( 0.000000000000000000, 0.000000000000000000, 1.000000000000000000 ) ) ;
#5896 = ORIENTED_EDGE ( 'NONE', *, *, #3078, .T. ) ;
#5897 = AXIS2_PLACEMENT_3D ( 'NONE', #1042, #622, #2948 ) ;
#5898 = CARTESIAN_POINT ( 'NONE',  ( -27.65792282279827674, 0.000000000000000000, 30.00000000000000355 ) ) ;
#5899 = EDGE_CURVE ( 'NONE', #4306, #1508, #2155, .T. ) ;
#5900 = CARTESIAN_POINT ( 'NONE',  ( 45.75706587302855155, 72.20000000000001705, -70.00000000000000000 ) ) ;
#5901 = VERTEX_POINT ( 'NONE', #1158 ) ;
#5902 = ORIENTED_EDGE ( 'NONE', *, *, #2443, .F. ) ;
#5903 = CARTESIAN_POINT ( 'NONE',  ( 95.00000000000002842, 47.20000000000000995, 79.58999999999998920 ) ) ;
#5904 = CARTESIAN_POINT ( 'NONE',  ( 103.6713263114704944, 72.20000000000001705, 82.00000000000000000 ) ) ;
#5905 = ORIENTED_EDGE ( 'NONE', *, *, #5136, .F. ) ;
#5906 = EDGE_CURVE ( 'NONE', #5523, #5659, #5641, .T. ) ;
#5907 = CARTESIAN_POINT ( 'NONE',  ( -145.0000000000000000, 65.20000000000000284, -61.67499999999997584 ) ) ;
#5908 = EDGE_CURVE ( 'NONE', #269, #1325, #2430, .T. ) ;
#5909 = CARTESIAN_POINT ( 'NONE',  ( -402.3928805127287092, -4.000000000000000000, -221.5678609108982471 ) ) ;
#5910 = DIRECTION ( 'NONE',  ( 0.000000000000000000, -1.000000000000000000, 0.000000000000000000 ) ) ;
#5911 = CARTESIAN_POINT ( 'NONE',  ( 45.82718585492978036, 62.20000000000000995, -80.00000000000000000 ) ) ;
#5912 = VERTEX_POINT ( 'NONE', #3811 ) ;
#5913 = VECTOR ( 'NONE', #5544, 1000.000000000000000 ) ;
ENDSEC;
END-ISO-10303-21;
