ISO-10303-21;
HEADER;
FILE_DESCRIPTION (( 'STEP AP203' ),
    '1' );
FILE_NAME ('EDM V1-Spool Mount (Left).STEP',
    '2026-04-29T13:19:30',
    ( '' ),
    ( '' ),
    'SwSTEP 2.0',
    'SolidWorks 2024',
    '' );
FILE_SCHEMA (( 'CONFIG_CONTROL_DESIGN' ));
ENDSEC;

DATA;
#1 = CARTESIAN_POINT ( 'NONE',  ( 88.51915833333325168, 17.30039557924095561, 4.000000000000000000 ) ) ;
#2 = ORIENTED_EDGE ( 'NONE', *, *, #1048, .T. ) ;
#3 = VECTOR ( 'NONE', #1076, 1000.000000000000000 ) ;
#4 = CARTESIAN_POINT ( 'NONE',  ( 87.75722117658929733, 109.4631366869445372, 0.08591772945045535181 ) ) ;
#5 = VECTOR ( 'NONE', #486, 1000.000000000000000 ) ;
#6 = EDGE_CURVE ( 'NONE', #13, #435, #567, .T. ) ;
#7 = DIRECTION ( 'NONE',  ( -1.000000000000000000, 0.000000000000000000, 0.000000000000000000 ) ) ;
#8 = DIRECTION ( 'NONE',  ( 0.000000000000000000, 1.000000000000000000, 0.000000000000000000 ) ) ;
#9 = DIRECTION ( 'NONE',  ( 0.000000000000000000, 1.000000000000000000, 0.000000000000000000 ) ) ;
#10 = ORIENTED_EDGE ( 'NONE', *, *, #409, .T. ) ;
#11 = CARTESIAN_POINT ( 'NONE',  ( -40.10287970598424323, -35.28414467720495651, 17.61407596861517533 ) ) ;
#12 = FACE_OUTER_BOUND ( 'NONE', #829, .T. ) ;
#13 = VERTEX_POINT ( 'NONE', #780 ) ;
#14 = FACE_BOUND ( 'NONE', #297, .T. ) ;
#15 = CIRCLE ( 'NONE', #1626, 8.099999999999999645 ) ;
#16 = ORIENTED_EDGE ( 'NONE', *, *, #1461, .T. ) ;
#17 = AXIS2_PLACEMENT_3D ( 'NONE', #162, #1606, #1749 ) ;
#18 = AXIS2_PLACEMENT_3D ( 'NONE', #1518, #922, #477 ) ;
#19 = ORIENTED_EDGE ( 'NONE', *, *, #1825, .T. ) ;
#20 = CARTESIAN_POINT ( 'NONE',  ( -40.47721387332968845, -35.30955087784108315, 17.68330709820287439 ) ) ;
#21 = DIRECTION ( 'NONE',  ( -1.000000000000000000, -1.364029953115296624E-16, 0.000000000000000000 ) ) ;
#22 = ORIENTED_EDGE ( 'NONE', *, *, #849, .F. ) ;
#23 = DIRECTION ( 'NONE',  ( 0.000000000000000000, 0.000000000000000000, 1.000000000000000000 ) ) ;
#24 = EDGE_CURVE ( 'NONE', #1013, #1671, #782, .T. ) ;
#25 = VERTEX_POINT ( 'NONE', #236 ) ;
#26 = EDGE_CURVE ( 'NONE', #275, #1332, #245, .T. ) ;
#27 = DIRECTION ( 'NONE',  ( 0.000000000000000000, -0.000000000000000000, 1.000000000000000000 ) ) ;
#28 = ORIENTED_EDGE ( 'NONE', *, *, #1354, .T. ) ;
#29 = DESIGN_CONTEXT ( 'detailed design', #1463, 'design' ) ;
#30 = DIRECTION ( 'NONE',  ( 0.000000000000000000, -1.000000000000000000, 0.000000000000000000 ) ) ;
#31 = CARTESIAN_POINT ( 'NONE',  ( 88.51915833333254113, 113.3003955792409556, 4.000000000000000000 ) ) ;
#32 = ORIENTED_EDGE ( 'NONE', *, *, #609, .T. ) ;
#33 = CARTESIAN_POINT ( 'NONE',  ( -37.50682655186823666, -31.31122166698327547, 4.000000000000000000 ) ) ;
#34 = DIRECTION ( 'NONE',  ( 1.000000000000000000, 0.000000000000000000, -0.000000000000000000 ) ) ;
#35 = AXIS2_PLACEMENT_3D ( 'NONE', #240, #216, #784 ) ;
#36 = EDGE_CURVE ( 'NONE', #1448, #295, #1328, .T. ) ;
#37 = FACE_OUTER_BOUND ( 'NONE', #1240, .T. ) ;
#38 = ORIENTED_EDGE ( 'NONE', *, *, #1094, .T. ) ;
#39 = EDGE_CURVE ( 'NONE', #1671, #665, #1073, .T. ) ;
#40 = DIRECTION ( 'NONE',  ( 0.000000000000000000, 0.000000000000000000, 1.000000000000000000 ) ) ;
#41 = LINE ( 'NONE', #195, #1185 ) ;
#42 = ORIENTED_EDGE ( 'NONE', *, *, #1480, .F. ) ;
#43 = CYLINDRICAL_SURFACE ( 'NONE', #684, 39.99999999999997868 ) ;
#44 = AXIS2_PLACEMENT_3D ( 'NONE', #1196, #1232, #1660 ) ;
#45 = AXIS2_PLACEMENT_3D ( 'NONE', #58, #1057, #915 ) ;
#46 = CYLINDRICAL_SURFACE ( 'NONE', #719, 9.999999999999994671 ) ;
#47 = VERTEX_POINT ( 'NONE', #227 ) ;
#48 = EDGE_LOOP ( 'NONE', ( #1004, #1851, #1166, #1187 ) ) ;
#49 = EDGE_CURVE ( 'NONE', #1115, #899, #254, .T. ) ;
#50 = AXIS2_PLACEMENT_3D ( 'NONE', #1179, #1758, #473 ) ;
#51 = CARTESIAN_POINT ( 'NONE',  ( -47.50682655186825087, -6.480127655408677552E-15, 0.000000000000000000 ) ) ;
#52 = VECTOR ( 'NONE', #664, 1000.000000000000000 ) ;
#53 = CARTESIAN_POINT ( 'NONE',  ( 88.51915833333256955, 113.3003955792409556, 10.00000000000000000 ) ) ;
#54 = VERTEX_POINT ( 'NONE', #655 ) ;
#55 = FACE_BOUND ( 'NONE', #802, .T. ) ;
#56 = VERTEX_POINT ( 'NONE', #1532 ) ;
#57 = ORIENTED_EDGE ( 'NONE', *, *, #1159, .T. ) ;
#58 = CARTESIAN_POINT ( 'NONE',  ( 88.51915833333325168, 17.30039557924095561, 10.00000000000000000 ) ) ;
#59 = DIRECTION ( 'NONE',  ( 0.000000000000000000, 0.000000000000000000, 1.000000000000000000 ) ) ;
#60 = APPROVAL_STATUS ( 'not_yet_approved' ) ;
#61 = AXIS2_PLACEMENT_3D ( 'NONE', #929, #1233, #1080 ) ;
#62 = EDGE_LOOP ( 'NONE', ( #1101, #204, #512, #756 ) ) ;
#63 = ADVANCED_FACE ( 'NONE', ( #618, #1197, #1054, #1632, #912 ), #1573, .T. ) ;
#64 = CARTESIAN_POINT ( 'NONE',  ( 87.94895315199913455, 109.4232363963875514, 0.03075627147550201446 ) ) ;
#65 = ADVANCED_FACE ( 'NONE', ( #269 ), #721, .T. ) ;
#66 = EDGE_LOOP ( 'NONE', ( #344, #1586, #1063, #1307 ) ) ;
#67 = AXIS2_PLACEMENT_3D ( 'NONE', #257, #135, #1685 ) ;
#68 = ORIENTED_EDGE ( 'NONE', *, *, #907, .T. ) ;
#69 = CARTESIAN_POINT ( 'NONE',  ( -41.50682655186825798, 113.3003955792409556, 14.00000000000000000 ) ) ;
#70 = CARTESIAN_POINT ( 'NONE',  ( 72.34049166666667929, 39.90355162252597410, 10.00000000000000000 ) ) ;
#71 = CARTESIAN_POINT ( 'NONE',  ( -37.50682655186823666, -32.30960442075905803, 56.00000000000002132 ) ) ;
#72 = COORDINATED_UNIVERSAL_TIME_OFFSET ( 8, 0, .BEHIND. ) ;
#73 = ORIENTED_EDGE ( 'NONE', *, *, #517, .F. ) ;
#74 = CARTESIAN_POINT ( 'NONE',  ( -33.50682655186826508, 117.3003955792409556, 14.00000000000000000 ) ) ;
#75 = DIRECTION ( 'NONE',  ( 1.000000000000000000, 0.000000000000000000, 0.000000000000000000 ) ) ;
#76 = VERTEX_POINT ( 'NONE', #262 ) ;
#77 = AXIS2_PLACEMENT_3D ( 'NONE', #1018, #40, #291 ) ;
#78 = DIRECTION ( 'NONE',  ( 1.000000000000000000, 0.000000000000000000, 0.000000000000000000 ) ) ;
#79 = CARTESIAN_POINT ( 'NONE',  ( 184.5191583333332801, 17.30039557924024862, 0.000000000000000000 ) ) ;
#80 = FACE_OUTER_BOUND ( 'NONE', #1125, .T. ) ;
#81 = APPROVAL_DATE_TIME ( #1537, #894 ) ;
#82 = ORIENTED_EDGE ( 'NONE', *, *, #985, .T. ) ;
#83 = AXIS2_PLACEMENT_3D ( 'NONE', #1352, #84, #634 ) ;
#84 = DIRECTION ( 'NONE',  ( -0.000000000000000000, -0.000000000000000000, -1.000000000000000000 ) ) ;
#85 = DIRECTION ( 'NONE',  ( 1.000000000000000000, 1.364029953115296624E-16, -0.000000000000000000 ) ) ;
#86 = ORIENTED_EDGE ( 'NONE', *, *, #1404, .T. ) ;
#87 = EDGE_CURVE ( 'NONE', #1164, #1332, #692, .T. ) ;
#88 = PRODUCT ( 'EDM V1-Spool Mount (Left)', 'EDM V1-Spool Mount (Left)', '', ( #328 ) ) ;
#89 = CARTESIAN_POINT ( 'NONE',  ( 0.000000000000000000, 0.000000000000000000, 10.00000000000000000 ) ) ;
#90 = CARTESIAN_POINT ( 'NONE',  ( 148.5191583333329959, -31.31122166698327547, 10.00000000000000000 ) ) ;
#91 = EDGE_LOOP ( 'NONE', ( #220, #1634, #591, #1467 ) ) ;
#92 = CARTESIAN_POINT ( 'NONE',  ( 87.74049166666610233, 109.4664568820155353, 3.998997717563442578 ) ) ;
#93 = CIRCLE ( 'NONE', #637, 4.000000000000001776 ) ;
#94 = CARTESIAN_POINT ( 'NONE',  ( -33.50682655186824377, -35.31122166698327902, 6.000000000000000000 ) ) ;
#95 = VERTEX_POINT ( 'NONE', #1386 ) ;
#96 = AXIS2_PLACEMENT_3D ( 'NONE', #923, #1088, #471 ) ;
#97 = EDGE_CURVE ( 'NONE', #1025, #1562, #1682, .T. ) ;
#98 = VECTOR ( 'NONE', #1379, 1000.000000000000000 ) ;
#99 = DIRECTION ( 'NONE',  ( -1.000000000000000000, 0.000000000000000000, 0.000000000000000000 ) ) ;
#100 = CARTESIAN_POINT ( 'NONE',  ( 88.51915833333254113, 113.3899347043337116, 3.998997717563443466 ) ) ;
#101 = EDGE_CURVE ( 'NONE', #1258, #54, #1429, .T. ) ;
#102 = VERTEX_POINT ( 'NONE', #1410 ) ;
#103 = CARTESIAN_POINT ( 'NONE',  ( -47.50682655186824377, -35.30960442075906514, 56.00000000000002132 ) ) ;
#104 = CARTESIAN_POINT ( 'NONE',  ( 85.79382499999999823, 99.65776232622010866, 4.000000000000000000 ) ) ;
#105 = VERTEX_POINT ( 'NONE', #1541 ) ;
#106 = EDGE_CURVE ( 'NONE', #840, #1671, #115, .T. ) ;
#107 = CARTESIAN_POINT ( 'NONE',  ( 85.79382499999999823, 99.65776232622010866, 10.00000000000000000 ) ) ;
#108 = CARTESIAN_POINT ( 'NONE',  ( -37.50682655186822956, -31.98024294307765558, 14.67300453689746931 ) ) ;
#109 = AXIS2_PLACEMENT_3D ( 'NONE', #1852, #842, #546 ) ;
#110 = B_SPLINE_CURVE_WITH_KNOTS ( 'NONE', 3,
 ( #330, #777, #205, #919, #1496, #218, #616 ),
 .UNSPECIFIED., .F., .F.,
 ( 4, 3, 4 ),
 ( 0.000000000000000000, 0.0001637367989182189805, 0.0003080785896605872176 ),
 .UNSPECIFIED. ) ;
#111 = EDGE_LOOP ( 'NONE', ( #1304, #146, #1570, #370 ) ) ;
#112 = CIRCLE ( 'NONE', #1412, 4.000000000000000000 ) ;
#113 = CARTESIAN_POINT ( 'NONE',  ( 83.12938227329874508, 113.3003955792409556, 0.000000000000000000 ) ) ;
#114 = DIRECTION ( 'NONE',  ( 1.000000000000000000, 0.000000000000000000, 0.000000000000000000 ) ) ;
#115 = LINE ( 'NONE', #1130, #1024 ) ;
#116 = LINE ( 'NONE', #1551, #98 ) ;
#117 = CARTESIAN_POINT ( 'NONE',  ( -37.50682655186823666, -31.31122166698327547, 14.00000000000000000 ) ) ;
#118 = EDGE_LOOP ( 'NONE', ( #140, #1154, #691, #687, #1489, #1673 ) ) ;
#119 = DIRECTION ( 'NONE',  ( 1.000000000000000000, 0.000000000000000000, 0.000000000000000000 ) ) ;
#120 = DIRECTION ( 'NONE',  ( -1.000000000000000000, -1.096334072605612984E-16, 0.000000000000000000 ) ) ;
#121 = ORIENTED_EDGE ( 'NONE', *, *, #124, .F. ) ;
#122 = AXIS2_PLACEMENT_3D ( 'NONE', #672, #1641, #376 ) ;
#123 = CARTESIAN_POINT ( 'NONE',  ( 88.51915833333325168, 17.30039557924095561, 10.00000000000000000 ) ) ;
#124 = EDGE_CURVE ( 'NONE', #722, #608, #986, .T. ) ;
#125 = PRODUCT_DEFINITION_FORMATION_WITH_SPECIFIED_SOURCE ( 'ANY', '', #88, .NOT_KNOWN. ) ;
#126 = EDGE_LOOP ( 'NONE', ( #1044, #1683, #1040, #403 ) ) ;
#127 = DIRECTION ( 'NONE',  ( -0.000000000000000000, -0.000000000000000000, -1.000000000000000000 ) ) ;
#128 = ADVANCED_FACE ( 'NONE', ( #1556 ), #1116, .F. ) ;
#129 = AXIS2_PLACEMENT_3D ( 'NONE', #1111, #1789, #350 ) ;
#130 = ORIENTED_EDGE ( 'NONE', *, *, #517, .T. ) ;
#131 = CARTESIAN_POINT ( 'NONE',  ( 86.34843792711360777, 109.6485218776946198, 3.985391556224614718 ) ) ;
#132 = CARTESIAN_POINT ( 'NONE',  ( 82.65080767208573320, 113.3003955792409556, 0.000000000000000000 ) ) ;
#133 = DIRECTION ( 'NONE',  ( 0.000000000000000000, 0.000000000000000000, 1.000000000000000000 ) ) ;
#134 = EDGE_LOOP ( 'NONE', ( #19, #998, #1507, #1729, #1559 ) ) ;
#135 = DIRECTION ( 'NONE',  ( -0.000000000000000000, -0.000000000000000000, -1.000000000000000000 ) ) ;
#136 = ORIENTED_EDGE ( 'NONE', *, *, #1576, .T. ) ;
#137 = CARTESIAN_POINT ( 'NONE',  ( 188.5191583333332801, 4.688778333016715649, 6.000000000000000000 ) ) ;
#138 = VECTOR ( 'NONE', #495, 1000.000000000000000 ) ;
#139 = CARTESIAN_POINT ( 'NONE',  ( -37.50682655186823666, 82.39789557924096641, 17.55000000000003624 ) ) ;
#140 = ORIENTED_EDGE ( 'NONE', *, *, #411, .T. ) ;
#141 = CIRCLE ( 'NONE', #597, 3.249999999999988898 ) ;
#142 = CARTESIAN_POINT ( 'NONE',  ( -37.50682655186823666, -35.31122166698327902, 7.071796769724488563 ) ) ;
#143 = TOROIDAL_SURFACE ( 'NONE', #1330, 8.099999999999999645, 4.000000000000000000 ) ;
#144 = DIRECTION ( 'NONE',  ( -0.000000000000000000, -0.000000000000000000, -1.000000000000000000 ) ) ;
#145 = PRODUCT_DEFINITION ( 'UNKNOWN', '', #125, #29 ) ;
#146 = ORIENTED_EDGE ( 'NONE', *, *, #454, .F. ) ;
#147 = CARTESIAN_POINT ( 'NONE',  ( 88.03447546765129061, 113.3003955792409556, 0.000000000000000000 ) ) ;
#148 = DIRECTION ( 'NONE',  ( 0.000000000000000000, -1.000000000000000000, 0.000000000000000000 ) ) ;
#149 = DIRECTION ( 'NONE',  ( -0.000000000000000000, 0.000000000000000000, 1.000000000000000000 ) ) ;
#150 = CARTESIAN_POINT ( 'NONE',  ( -37.50682655186823666, -35.31122166698327902, 10.00000000000000000 ) ) ;
#151 = AXIS2_PLACEMENT_3D ( 'NONE', #1582, #1688, #292 ) ;
#152 = FACE_BOUND ( 'NONE', #461, .T. ) ;
#153 = ORIENTED_EDGE ( 'NONE', *, *, #1684, .F. ) ;
#154 = CIRCLE ( 'NONE', #35, 96.00000000000001421 ) ;
#155 = CARTESIAN_POINT ( 'NONE',  ( 82.34049166666666508, 39.90355162252597410, 0.000000000000000000 ) ) ;
#156 = CARTESIAN_POINT ( 'NONE',  ( -47.50682655186825798, 117.3003955792409556, 0.000000000000000000 ) ) ;
#157 = CIRCLE ( 'NONE', #467, 3.250000000000016875 ) ;
#158 = CARTESIAN_POINT ( 'NONE',  ( 88.51915833333325168, 17.30039557924095561, 0.000000000000000000 ) ) ;
#159 = EDGE_CURVE ( 'NONE', #295, #1052, #846, .T. ) ;
#160 = CARTESIAN_POINT ( 'NONE',  ( 87.74049166666610233, 109.4664568820155353, 3.998997717563442578 ) ) ;
#161 = ORIENTED_EDGE ( 'NONE', *, *, #886, .T. ) ;
#162 = CARTESIAN_POINT ( 'NONE',  ( 150.0000000000000000, 0.000000000000000000, 6.000000000000000000 ) ) ;
#163 = CARTESIAN_POINT ( 'NONE',  ( 85.79382499999999823, 99.65776232622010866, 0.000000000000000000 ) ) ;
#164 = EDGE_CURVE ( 'NONE', #1484, #909, #1256, .T. ) ;
#165 = VERTEX_POINT ( 'NONE', #1709 ) ;
#166 = CYLINDRICAL_SURFACE ( 'NONE', #1748, 3.249999999999988898 ) ;
#167 = VERTEX_POINT ( 'NONE', #1261 ) ;
#168 = DIRECTION ( 'NONE',  ( 0.000000000000000000, 0.000000000000000000, 1.000000000000000000 ) ) ;
#169 = ORIENTED_EDGE ( 'NONE', *, *, #1501, .F. ) ;
#170 = CARTESIAN_POINT ( 'NONE',  ( -39.14953187868018603, -34.99240816570720369, 17.05910643756476475 ) ) ;
#171 = DIRECTION ( 'NONE',  ( 1.000000000000000000, -0.000000000000000000, 0.000000000000000000 ) ) ;
#172 = EDGE_LOOP ( 'NONE', ( #1438, #1266, #1029, #311, #544, #1235 ) ) ;
#173 = EDGE_CURVE ( 'NONE', #1332, #1164, #1848, .T. ) ;
#174 = PLANE ( 'NONE',  #513 ) ;
#175 = ADVANCED_FACE ( 'NONE', ( #974 ), #693, .T. ) ;
#176 = VERTEX_POINT ( 'NONE', #1419 ) ;
#177 = EDGE_CURVE ( 'NONE', #1148, #432, #1087, .T. ) ;
#178 = CARTESIAN_POINT ( 'NONE',  ( -47.50682655186828640, 113.3003955792409556, 4.000000000000000000 ) ) ;
#179 = CIRCLE ( 'NONE', #1454, 9.999999999999994671 ) ;
#180 = LOCAL_TIME ( 6, 19, 30.00000000000000000, #1782 ) ;
#181 = FACE_OUTER_BOUND ( 'NONE', #464, .T. ) ;
#182 = DIRECTION ( 'NONE',  ( 1.000000000000000000, 0.000000000000000000, 0.000000000000000000 ) ) ;
#183 = DIRECTION ( 'NONE',  ( -1.000000000000000000, 0.000000000000000000, 0.000000000000000000 ) ) ;
#184 = VERTEX_POINT ( 'NONE', #1548 ) ;
#185 = AXIS2_PLACEMENT_3D ( 'NONE', #1257, #127, #962 ) ;
#186 = FACE_BOUND ( 'NONE', #399, .T. ) ;
#187 = TOROIDAL_SURFACE ( 'NONE', #382, 35.99999999999999289, 4.000000000000000000 ) ;
#188 = ORIENTED_EDGE ( 'NONE', *, *, #6, .T. ) ;
#189 = CC_DESIGN_DATE_AND_TIME_ASSIGNMENT ( #1100, #775, ( #641 ) ) ;
#190 = DIRECTION ( 'NONE',  ( -0.000000000000000000, 0.000000000000000000, 1.000000000000000000 ) ) ;
#191 = ORIENTED_EDGE ( 'NONE', *, *, #1048, .F. ) ;
#192 = ORIENTED_EDGE ( 'NONE', *, *, #683, .F. ) ;
#193 = FACE_BOUND ( 'NONE', #1335, .T. ) ;
#194 = DIRECTION ( 'NONE',  ( 0.000000000000000000, 0.000000000000000000, -1.000000000000000000 ) ) ;
#195 = CARTESIAN_POINT ( 'NONE',  ( -47.50682655186825798, 117.3003955792409556, 0.000000000000000000 ) ) ;
#196 = VERTEX_POINT ( 'NONE', #1717 ) ;
#197 = CYLINDRICAL_SURFACE ( 'NONE', #1175, 18.55000000000001137 ) ;
#198 = AXIS2_PLACEMENT_3D ( 'NONE', #1345, #1224, #234 ) ;
#199 = CIRCLE ( 'NONE', #333, 4.000000000000000000 ) ;
#200 = VERTEX_POINT ( 'NONE', #826 ) ;
#201 = DIRECTION ( 'NONE',  ( -1.000000000000000000, -1.364044408080838895E-16, -0.000000000000000000 ) ) ;
#202 = EDGE_CURVE ( 'NONE', #485, #1668, #805, .T. ) ;
#203 = EDGE_CURVE ( 'NONE', #1178, #844, #420, .T. ) ;
#204 = ORIENTED_EDGE ( 'NONE', *, *, #1773, .F. ) ;
#205 = CARTESIAN_POINT ( 'NONE',  ( 87.84747459477962650, 109.4447691297331602, 3.999592656517458877 ) ) ;
#206 = EDGE_CURVE ( 'NONE', #1295, #1484, #278, .T. ) ;
#207 = ORIENTED_EDGE ( 'NONE', *, *, #771, .F. ) ;
#208 = AXIS2_PLACEMENT_3D ( 'NONE', #474, #1620, #183 ) ;
#209 = CARTESIAN_POINT ( 'NONE',  ( -37.50682655186823666, -35.31122166698327902, 7.071796769724488563 ) ) ;
#210 = LOCAL_TIME ( 6, 19, 30.00000000000000000, #1350 ) ;
#211 = VERTEX_POINT ( 'NONE', #1155 ) ;
#212 = CARTESIAN_POINT ( 'NONE',  ( -4.099999999999999645, 0.000000000000000000, 10.00000000000000000 ) ) ;
#213 = VERTEX_POINT ( 'NONE', #286 ) ;
#214 = AXIS2_PLACEMENT_3D ( 'NONE', #1199, #371, #792 ) ;
#215 = ADVANCED_FACE ( 'NONE', ( #891 ), #166, .F. ) ;
#216 = DIRECTION ( 'NONE',  ( -0.000000000000000000, -0.000000000000000000, -1.000000000000000000 ) ) ;
#217 = ORIENTED_EDGE ( 'NONE', *, *, #487, .T. ) ;
#218 = CARTESIAN_POINT ( 'NONE',  ( 87.99482418639949799, 109.4126543074910529, 4.000000000000000000 ) ) ;
#219 = FACE_OUTER_BOUND ( 'NONE', #377, .T. ) ;
#220 = ORIENTED_EDGE ( 'NONE', *, *, #1108, .F. ) ;
#221 = AXIS2_PLACEMENT_3D ( 'NONE', #1482, #735, #1051 ) ;
#222 = DIRECTION ( 'NONE',  ( 1.000000000000000000, 0.000000000000000000, 0.000000000000000000 ) ) ;
#223 = CARTESIAN_POINT ( 'NONE',  ( 168.5500000000000114, 2.271719812418342047E-15, 10.00000000000000000 ) ) ;
#224 = VERTEX_POINT ( 'NONE', #1296 ) ;
#225 = CARTESIAN_POINT ( 'NONE',  ( 188.5191583333332801, 17.30039557924024862, 6.000000000000000000 ) ) ;
#226 = CARTESIAN_POINT ( 'NONE',  ( -47.50682655186825087, 6.092895579240928505, 17.55000000000003624 ) ) ;
#227 = CARTESIAN_POINT ( 'NONE',  ( 188.5191583333332801, 4.688778333016715649, 4.000000000000000000 ) ) ;
#228 = ADVANCED_FACE ( 'NONE', ( #428 ), #197, .F. ) ;
#229 = DIRECTION ( 'NONE',  ( -0.2247882117361492682, -0.9744076456311621115, 0.000000000000000000 ) ) ;
#230 = DIRECTION ( 'NONE',  ( 0.9808601384616183472, -0.1946648175599024200, 0.004358621505109159383 ) ) ;
#231 = DIRECTION ( 'NONE',  ( 0.000000000000000000, 0.000000000000000000, 1.000000000000000000 ) ) ;
#232 = EDGE_LOOP ( 'NONE', ( #669, #237 ) ) ;
#233 = ADVANCED_FACE ( 'NONE', ( #727 ), #303, .F. ) ;
#234 = DIRECTION ( 'NONE',  ( 0.000000000000000000, 6.938893903907228378E-15, -1.000000000000000000 ) ) ;
#235 = DIRECTION ( 'NONE',  ( -0.000000000000000000, -0.000000000000000000, -1.000000000000000000 ) ) ;
#236 = CARTESIAN_POINT ( 'NONE',  ( -41.50682655186825798, 117.3003955792409556, 14.00000000000000000 ) ) ;
#237 = ORIENTED_EDGE ( 'NONE', *, *, #824, .F. ) ;
#238 = AXIS2_PLACEMENT_3D ( 'NONE', #587, #489, #1768 ) ;
#239 = AXIS2_PLACEMENT_3D ( 'NONE', #1, #1271, #978 ) ;
#240 = CARTESIAN_POINT ( 'NONE',  ( 88.51915833333325168, 17.30039557924095561, 0.000000000000000000 ) ) ;
#241 = CARTESIAN_POINT ( 'NONE',  ( 88.51915833333325168, 113.3003955792409556, 10.00000000000000000 ) ) ;
#242 = ORIENTED_EDGE ( 'NONE', *, *, #1227, .T. ) ;
#243 = CARTESIAN_POINT ( 'NONE',  ( -37.77901356699637603, -33.57375447509225808, 15.94714716244983599 ) ) ;
#244 = DIRECTION ( 'NONE',  ( -0.000000000000000000, -0.000000000000000000, -1.000000000000000000 ) ) ;
#245 = LINE ( 'NONE', #1338, #1085 ) ;
#246 = ADVANCED_FACE ( 'NONE', ( #720 ), #934, .T. ) ;
#247 = FACE_OUTER_BOUND ( 'NONE', #1500, .T. ) ;
#248 = CARTESIAN_POINT ( 'NONE',  ( -33.50682655186825087, 17.30039557924093785, 14.00000000000000000 ) ) ;
#249 = VERTEX_POINT ( 'NONE', #1584 ) ;
#250 = ADVANCED_FACE ( 'NONE', ( #575 ), #143, .T. ) ;
#251 = AXIS2_PLACEMENT_3D ( 'NONE', #1493, #351, #764 ) ;
#252 = DIRECTION ( 'NONE',  ( 0.000000000000000000, 0.000000000000000000, 1.000000000000000000 ) ) ;
#253 = CARTESIAN_POINT ( 'NONE',  ( 184.5191583333332801, 4.688778333016715649, 0.000000000000000000 ) ) ;
#254 = CIRCLE ( 'NONE', #1292, 16.99999999999998579 ) ;
#255 = DIRECTION ( 'NONE',  ( 1.000000000000000000, 0.000000000000000000, -0.000000000000000000 ) ) ;
#256 = ORIENTED_EDGE ( 'NONE', *, *, #1817, .F. ) ;
#257 = CARTESIAN_POINT ( 'NONE',  ( 88.51915833333325168, 17.30039557924095561, 0.000000000000000000 ) ) ;
#258 = EDGE_LOOP ( 'NONE', ( #483, #1150, #282, #68, #414, #601, #468, #1008, #1767 ) ) ;
#259 = CARTESIAN_POINT ( 'NONE',  ( 0.000000000000000000, 0.000000000000000000, 0.000000000000000000 ) ) ;
#260 = DIRECTION ( 'NONE',  ( 1.000000000000000000, 0.000000000000000000, 0.000000000000000000 ) ) ;
#261 = CIRCLE ( 'NONE', #1549, 4.000000000000000000 ) ;
#262 = CARTESIAN_POINT ( 'NONE',  ( -47.50682655186825798, 82.39789557924095220, 42.45000000000001705 ) ) ;
#263 = CIRCLE ( 'NONE', #1370, 18.55000000000001137 ) ;
#264 = FACE_OUTER_BOUND ( 'NONE', #66, .T. ) ;
#265 = ORIENTED_EDGE ( 'NONE', *, *, #627, .T. ) ;
#266 = DIRECTION ( 'NONE',  ( 0.000000000000000000, 0.000000000000000000, 1.000000000000000000 ) ) ;
#267 = DIRECTION ( 'NONE',  ( -0.000000000000000000, -0.000000000000000000, -1.000000000000000000 ) ) ;
#268 = ORIENTED_EDGE ( 'NONE', *, *, #1775, .T. ) ;
#269 = FACE_OUTER_BOUND ( 'NONE', #1785, .T. ) ;
#270 = EDGE_LOOP ( 'NONE', ( #902, #740, #1629, #818 ) ) ;
#271 = FACE_OUTER_BOUND ( 'NONE', #680, .T. ) ;
#272 = EDGE_LOOP ( 'NONE', ( #1002, #479, #242, #1372 ) ) ;
#273 = CARTESIAN_POINT ( 'NONE',  ( 85.27737098597715715, 109.6510463169582579, 0.3192080836384018072 ) ) ;
#274 = CYLINDRICAL_SURFACE ( 'NONE', #880, 9.999999999999994671 ) ;
#275 = VERTEX_POINT ( 'NONE', #436 ) ;
#276 = CIRCLE ( 'NONE', #77, 39.99999999999997868 ) ;
#277 = CARTESIAN_POINT ( 'NONE',  ( -37.50682655186823666, -35.31122166698327902, 7.115681934118466501 ) ) ;
#278 = CIRCLE ( 'NONE', #365, 3.249999999999994227 ) ;
#279 = CARTESIAN_POINT ( 'NONE',  ( 188.5191583333333085, 2.842895579240970694, 42.45000000000001705 ) ) ;
#280 = CC_DESIGN_PERSON_AND_ORGANIZATION_ASSIGNMENT ( #925, #640, ( #641 ) ) ;
#281 = DIRECTION ( 'NONE',  ( -0.000000000000000000, -0.000000000000000000, -1.000000000000000000 ) ) ;
#282 = ORIENTED_EDGE ( 'NONE', *, *, #545, .T. ) ;
#283 = CARTESIAN_POINT ( 'NONE',  ( 82.34049166666666508, 39.90355162252597410, 4.000000000000000000 ) ) ;
#284 = DIRECTION ( 'NONE',  ( 0.000000000000000000, 0.000000000000000000, 1.000000000000000000 ) ) ;
#285 = EDGE_CURVE ( 'NONE', #224, #1431, #1663, .T. ) ;
#286 = CARTESIAN_POINT ( 'NONE',  ( -37.50682655186823666, -31.31122166698327547, 14.00000000000000000 ) ) ;
#287 = FACE_OUTER_BOUND ( 'NONE', #682, .T. ) ;
#288 = CIRCLE ( 'NONE', #1062, 3.250000000000016875 ) ;
#289 = DIRECTION ( 'NONE',  ( 0.000000000000000000, 0.000000000000000000, 1.000000000000000000 ) ) ;
#290 = ORIENTED_EDGE ( 'NONE', *, *, #568, .T. ) ;
#291 = DIRECTION ( 'NONE',  ( 1.000000000000000000, 0.000000000000000000, 0.000000000000000000 ) ) ;
#292 = DIRECTION ( 'NONE',  ( 0.000000000000000000, 0.000000000000000000, 1.000000000000000000 ) ) ;
#293 = ORIENTED_EDGE ( 'NONE', *, *, #206, .T. ) ;
#294 = DIRECTION ( 'NONE',  ( -0.000000000000000000, -0.000000000000000000, -1.000000000000000000 ) ) ;
#295 = VERTEX_POINT ( 'NONE', #1146 ) ;
#296 = DIRECTION ( 'NONE',  ( -0.000000000000000000, -0.000000000000000000, -1.000000000000000000 ) ) ;
#297 = EDGE_LOOP ( 'NONE', ( #130, #642 ) ) ;
#298 = ADVANCED_FACE ( 'NONE', ( #739 ), #1457, .T. ) ;
#299 = CARTESIAN_POINT ( 'NONE',  ( -37.50682655186823666, 6.092895579240929393, 17.55000000000003624 ) ) ;
#300 = DIRECTION ( 'NONE',  ( 0.000000000000000000, -1.000000000000000000, 0.000000000000000000 ) ) ;
#301 = ORIENTED_EDGE ( 'NONE', *, *, #629, .T. ) ;
#302 = ADVANCED_FACE ( 'NONE', ( #14, #186, #1446, #55 ), #174, .F. ) ;
#303 = CYLINDRICAL_SURFACE ( 'NONE', #837, 18.55000000000001137 ) ;
#304 = AXIS2_PLACEMENT_3D ( 'NONE', #318, #1162, #1713 ) ;
#305 = ORIENTED_EDGE ( 'NONE', *, *, #97, .F. ) ;
#306 = AXIS2_PLACEMENT_3D ( 'NONE', #1211, #1650, #504 ) ;
#307 = DIRECTION ( 'NONE',  ( -1.000000000000000000, -1.364044408080838895E-16, -0.000000000000000000 ) ) ;
#308 = ORIENTED_EDGE ( 'NONE', *, *, #1633, .T. ) ;
#309 = DIRECTION ( 'NONE',  ( 1.000000000000000000, 0.000000000000000000, 0.000000000000000000 ) ) ;
#310 = DIRECTION ( 'NONE',  ( 1.000000000000000000, 0.000000000000000000, 0.000000000000000000 ) ) ;
#311 = ORIENTED_EDGE ( 'NONE', *, *, #579, .F. ) ;
#312 = DIRECTION ( 'NONE',  ( -1.000000000000000000, 0.000000000000000000, 0.000000000000000000 ) ) ;
#313 = EDGE_CURVE ( 'NONE', #1431, #1115, #588, .T. ) ;
#314 = EDGE_LOOP ( 'NONE', ( #497, #1591, #982, #1839 ) ) ;
#315 = CARTESIAN_POINT ( 'NONE',  ( 184.5191583333332801, 4.688778333016715649, 6.000000000000000000 ) ) ;
#316 = AXIS2_PLACEMENT_3D ( 'NONE', #967, #556, #860 ) ;
#317 = EDGE_LOOP ( 'NONE', ( #443, #937, #1021, #661, #153, #469 ) ) ;
#318 = CARTESIAN_POINT ( 'NONE',  ( 0.000000000000000000, 0.000000000000000000, 4.000000000000000000 ) ) ;
#319 = ORIENTED_EDGE ( 'NONE', *, *, #1735, .F. ) ;
#320 = AXIS2_PLACEMENT_3D ( 'NONE', #955, #1504, #521 ) ;
#321 = DIRECTION ( 'NONE',  ( -1.000000000000000000, 0.000000000000000000, 0.000000000000000000 ) ) ;
#322 = TOROIDAL_SURFACE ( 'NONE', #1373, 13.99999999999999467, 4.000000000000000000 ) ;
#323 = ORIENTED_EDGE ( 'NONE', *, *, #1547, .F. ) ;
#324 = EDGE_CURVE ( 'NONE', #211, #1623, #1016, .T. ) ;
#325 = ADVANCED_FACE ( 'NONE', ( #1316 ), #43, .T. ) ;
#326 = VERTEX_POINT ( 'NONE', #1174 ) ;
#327 = CARTESIAN_POINT ( 'NONE',  ( -37.50682655186823666, 2.842895579240932946, 17.55000000000003624 ) ) ;
#328 = MECHANICAL_CONTEXT ( 'NONE', #714, 'mechanical' ) ;
#329 = EDGE_LOOP ( 'NONE', ( #1538, #387, #57, #776 ) ) ;
#330 = CARTESIAN_POINT ( 'NONE',  ( 87.74049166666610233, 109.4664568820155353, 3.998997717563442578 ) ) ;
#331 = ORIENTED_EDGE ( 'NONE', *, *, #965, .F. ) ;
#332 = VECTOR ( 'NONE', #1134, 1000.000000000000000 ) ;
#333 = AXIS2_PLACEMENT_3D ( 'NONE', #1301, #30, #194 ) ;
#334 = ORIENTED_EDGE ( 'NONE', *, *, #1843, .F. ) ;
#335 = CARTESIAN_POINT ( 'NONE',  ( 150.0000000000000000, 0.000000000000000000, 6.000000000000000000 ) ) ;
#336 = DIRECTION ( 'NONE',  ( -0.000000000000000000, -0.000000000000000000, -1.000000000000000000 ) ) ;
#337 = APPROVAL_ROLE ( '' ) ;
#338 = ORIENTED_EDGE ( 'NONE', *, *, #1147, .F. ) ;
#339 = DIRECTION ( 'NONE',  ( 1.000000000000000000, 1.364029953115296624E-16, -0.000000000000000000 ) ) ;
#340 = ORIENTED_EDGE ( 'NONE', *, *, #454, .T. ) ;
#341 = EDGE_LOOP ( 'NONE', ( #1145, #1381 ) ) ;
#342 = VECTOR ( 'NONE', #1020, 1000.000000000000000 ) ;
#343 = FACE_OUTER_BOUND ( 'NONE', #917, .T. ) ;
#344 = ORIENTED_EDGE ( 'NONE', *, *, #1695, .F. ) ;
#345 = EDGE_CURVE ( 'NONE', #899, #1115, #1411, .T. ) ;
#346 = DIRECTION ( 'NONE',  ( 0.000000000000000000, -1.000000000000000000, 0.000000000000000000 ) ) ;
#347 = FACE_OUTER_BOUND ( 'NONE', #379, .T. ) ;
#348 = ORIENTED_EDGE ( 'NONE', *, *, #173, .F. ) ;
#349 = DIRECTION ( 'NONE',  ( 1.000000000000000000, 0.000000000000000000, 0.000000000000000000 ) ) ;
#350 = DIRECTION ( 'NONE',  ( 1.000000000000000000, 0.000000000000000000, 0.000000000000000000 ) ) ;
#351 = DIRECTION ( 'NONE',  ( -1.860597430001689202E-32, 1.364044408080838895E-16, 1.000000000000000000 ) ) ;
#352 = APPROVAL_ROLE ( '' ) ;
#353 = ORIENTED_EDGE ( 'NONE', *, *, #564, .F. ) ;
#354 = EDGE_CURVE ( 'NONE', #1731, #418, #1742, .T. ) ;
#355 = CARTESIAN_POINT ( 'NONE',  ( 188.5191583333332801, 17.30039557924024862, 10.00000000000000000 ) ) ;
#356 = CARTESIAN_POINT ( 'NONE',  ( 188.5191583333333085, 75.89789557924096641, 17.55000000000003624 ) ) ;
#357 = EDGE_CURVE ( 'NONE', #47, #1649, #476, .T. ) ;
#358 = ORIENTED_EDGE ( 'NONE', *, *, #357, .F. ) ;
#359 = EDGE_CURVE ( 'NONE', #25, #1811, #1169, .T. ) ;
#360 = AXIS2_PLACEMENT_3D ( 'NONE', #74, #938, #911 ) ;
#361 = AXIS2_PLACEMENT_3D ( 'NONE', #415, #1738, #1465 ) ;
#362 = DIRECTION ( 'NONE',  ( -0.000000000000000000, 0.000000000000000000, -1.000000000000000000 ) ) ;
#363 = CYLINDRICAL_SURFACE ( 'NONE', #1459, 3.249999999999993783 ) ;
#364 = ORIENTED_EDGE ( 'NONE', *, *, #1118, .F. ) ;
#365 = AXIS2_PLACEMENT_3D ( 'NONE', #681, #1288, #1437 ) ;
#366 = CARTESIAN_POINT ( 'NONE',  ( -37.50682655186823666, -35.31122166698327902, 4.000000000000000000 ) ) ;
#367 = FACE_OUTER_BOUND ( 'NONE', #62, .T. ) ;
#368 = EDGE_CURVE ( 'NONE', #1736, #435, #768, .T. ) ;
#369 = ORIENTED_EDGE ( 'NONE', *, *, #24, .F. ) ;
#370 = ORIENTED_EDGE ( 'NONE', *, *, #1279, .T. ) ;
#371 = DIRECTION ( 'NONE',  ( -1.364029953115296624E-16, 1.000000000000000000, 0.000000000000000000 ) ) ;
#372 = CARTESIAN_POINT ( 'NONE',  ( 133.0000000000000000, 0.000000000000000000, 0.000000000000000000 ) ) ;
#373 = PERSON_AND_ORGANIZATION_ROLE ( 'creator' ) ;
#374 = ORIENTED_EDGE ( 'NONE', *, *, #164, .T. ) ;
#375 = CARTESIAN_POINT ( 'NONE',  ( -37.52022518619797609, -32.64847865260254878, 15.32503988823560093 ) ) ;
#376 = DIRECTION ( 'NONE',  ( 0.000000000000000000, 0.000000000000000000, -1.000000000000000000 ) ) ;
#377 = EDGE_LOOP ( 'NONE', ( #598, #1776, #429, #1068 ) ) ;
#378 = CARTESIAN_POINT ( 'NONE',  ( 148.5191583333330243, -31.31122166698327547, 6.000000000000000000 ) ) ;
#379 = EDGE_LOOP ( 'NONE', ( #452, #319, #1156, #1712 ) ) ;
#380 = EDGE_CURVE ( 'NONE', #1731, #1331, #901, .T. ) ;
#381 = AXIS2_PLACEMENT_3D ( 'NONE', #1341, #1050, #78 ) ;
#382 = AXIS2_PLACEMENT_3D ( 'NONE', #1692, #1124, #676 ) ;
#383 = EDGE_CURVE ( 'NONE', #397, #694, #507, .T. ) ;
#384 = CARTESIAN_POINT ( 'NONE',  ( -47.50682655186825087, 2.842895579240938275, 42.45000000000001705 ) ) ;
#385 = CARTESIAN_POINT ( 'NONE',  ( 83.54881262291839050, 109.4025003640921483, 4.000000000000000000 ) ) ;
#386 = PERSON_AND_ORGANIZATION_ROLE ( 'design_supplier' ) ;
#387 = ORIENTED_EDGE ( 'NONE', *, *, #831, .T. ) ;
#388 = CARTESIAN_POINT ( 'NONE',  ( 87.39429289683279478, 109.5351646597367932, 3.996843964176899799 ) ) ;
#389 = CYLINDRICAL_SURFACE ( 'NONE', #122, 4.000000000000000000 ) ;
#390 = CARTESIAN_POINT ( 'NONE',  ( -37.50682655186823666, -35.30960442075906514, 7.203442329465893579 ) ) ;
#391 = VECTOR ( 'NONE', #281, 1000.000000000000000 ) ;
#392 = ORIENTED_EDGE ( 'NONE', *, *, #39, .F. ) ;
#393 = CARTESIAN_POINT ( 'NONE',  ( 86.57028309795786924, 113.3003955792409556, 0.000000000000000000 ) ) ;
#394 = LINE ( 'NONE', #1268, #1519 ) ;
#395 = CIRCLE ( 'NONE', #1442, 4.000000000000000000 ) ;
#396 = CARTESIAN_POINT ( 'NONE',  ( 150.0000000000000000, 0.000000000000000000, 6.000000000000000000 ) ) ;
#397 = VERTEX_POINT ( 'NONE', #514 ) ;
#398 = CARTESIAN_POINT ( 'NONE',  ( 95.79382499999999823, 99.65776232622010866, 10.00000000000000000 ) ) ;
#399 = EDGE_LOOP ( 'NONE', ( #1084, #1715 ) ) ;
#400 = FACE_OUTER_BOUND ( 'NONE', #1856, .T. ) ;
#401 = DIRECTION ( 'NONE',  ( 0.000000000000000000, 1.000000000000000000, 4.878909776184769953E-14 ) ) ;
#402 = DIRECTION ( 'NONE',  ( -0.000000000000000000, -0.000000000000000000, -1.000000000000000000 ) ) ;
#403 = ORIENTED_EDGE ( 'NONE', *, *, #576, .T. ) ;
#404 = DIRECTION ( 'NONE',  ( 1.000000000000000000, 0.000000000000000000, 0.000000000000000000 ) ) ;
#405 = TOROIDAL_SURFACE ( 'NONE', #1460, 13.99999999999999289, 4.000000000000000000 ) ;
#406 = ORIENTED_EDGE ( 'NONE', *, *, #1287, .T. ) ;
#407 = CARTESIAN_POINT ( 'NONE',  ( -37.50682655186823666, -32.30960442075906514, 15.01430910517570183 ) ) ;
#408 = CARTESIAN_POINT ( 'NONE',  ( 88.51915833333325168, 17.30039557924095561, 10.00000000000000000 ) ) ;
#409 = EDGE_CURVE ( 'NONE', #909, #832, #1234, .T. ) ;
#410 = CARTESIAN_POINT ( 'NONE',  ( 150.0000000000000000, 0.000000000000000000, 6.000000000000000000 ) ) ;
#411 = EDGE_CURVE ( 'NONE', #1479, #176, #484, .T. ) ;
#412 = DIRECTION ( 'NONE',  ( 0.000000000000000000, 0.000000000000000000, -1.000000000000000000 ) ) ;
#413 = DIRECTION ( 'NONE',  ( -0.000000000000000000, -0.000000000000000000, -1.000000000000000000 ) ) ;
#414 = ORIENTED_EDGE ( 'NONE', *, *, #1366, .T. ) ;
#415 = CARTESIAN_POINT ( 'NONE',  ( 188.5191583333333085, 79.14789557924098062, 17.55000000000003624 ) ) ;
#416 = AXIS2_PLACEMENT_3D ( 'NONE', #1060, #1772, #623 ) ;
#417 = CARTESIAN_POINT ( 'NONE',  ( 188.5191583333332801, 17.30039557924024862, 4.000000000000000000 ) ) ;
#418 = VERTEX_POINT ( 'NONE', #1485 ) ;
#419 = TOROIDAL_SURFACE ( 'NONE', #1474, 13.99999999999999467, 4.000000000000000000 ) ;
#420 = LINE ( 'NONE', #1244, #1512 ) ;
#421 = DIRECTION ( 'NONE',  ( -0.000000000000000000, 0.000000000000000000, 1.000000000000000000 ) ) ;
#422 = DIRECTION ( 'NONE',  ( 1.000000000000000000, 0.000000000000000000, 0.000000000000000000 ) ) ;
#423 =( BOUNDED_SURFACE ( )  B_SPLINE_SURFACE ( 3, 2, ( 
 ( #1363, #1516, #92 ),
 ( #1374, #757, #1622 ),
 ( #1476, #64, #1252 ),
 ( #1680, #524, #698 ) ),
 .UNSPECIFIED., .F., .F., .T. ) 
 B_SPLINE_SURFACE_WITH_KNOTS ( ( 4, 4 ),
 ( 3, 3 ),
 ( 0.01739133948018509526, 0.01782197043658710622 ),
 ( 0.000000000000000000, 1.000000000000000000 ),
 .UNSPECIFIED. ) 
 GEOMETRIC_REPRESENTATION_ITEM ( )  RATIONAL_B_SPLINE_SURFACE ( (
 ( 1.000000000000000000, 0.7148274435906537549, 1.000000000000000000),
 ( 1.000000000000000000, 0.7124183998027748821, 1.000000000000000000),
 ( 1.000000000000000000, 0.7098359842945175524, 1.000000000000000000),
 ( 1.000000000000000000, 0.7071067811865449082, 1.000000000000000000) ) ) 
 REPRESENTATION_ITEM ( '' )  SURFACE ( )  );
#424 = ORIENTED_EDGE ( 'NONE', *, *, #1836, .F. ) ;
#425 = CARTESIAN_POINT ( 'NONE',  ( -38.21046764836628995, -34.25043014658223228, 16.39347841636785574 ) ) ;
#426 = CARTESIAN_POINT ( 'NONE',  ( 184.5191583333332801, 4.688778333016715649, 10.00000000000000000 ) ) ;
#427 = ORIENTED_EDGE ( 'NONE', *, *, #26, .F. ) ;
#428 = FACE_OUTER_BOUND ( 'NONE', #1588, .T. ) ;
#429 = ORIENTED_EDGE ( 'NONE', *, *, #743, .F. ) ;
#430 = DIRECTION ( 'NONE',  ( -1.000000000000000000, -1.364044408080838895E-16, 0.000000000000000000 ) ) ;
#431 = EDGE_CURVE ( 'NONE', #167, #1831, #395, .T. ) ;
#432 = VERTEX_POINT ( 'NONE', #212 ) ;
#433 = AXIS2_PLACEMENT_3D ( 'NONE', #335, #1216, #99 ) ;
#434 = CARTESIAN_POINT ( 'NONE',  ( -40.25986232276030563, -35.29988440220233059, 17.68613933774552294 ) ) ;
#435 = VERTEX_POINT ( 'NONE', #1071 ) ;
#436 = CARTESIAN_POINT ( 'NONE',  ( 131.4499999999999886, 0.000000000000000000, 10.00000000000000000 ) ) ;
#437 = EDGE_CURVE ( 'NONE', #397, #548, #1203, .T. ) ;
#438 = EDGE_LOOP ( 'NONE', ( #798, #475, #1593, #1112 ) ) ;
#439 = CARTESIAN_POINT ( 'NONE',  ( -37.50682655186823666, -32.30960442075906514, 20.79655767053410642 ) ) ;
#440 = CARTESIAN_POINT ( 'NONE',  ( -40.50682655186824377, -32.30960442075906514, 56.00000000000002132 ) ) ;
#441 = CARTESIAN_POINT ( 'NONE',  ( -39.51617978408168597, -35.14831957822844544, 17.28227865228918247 ) ) ;
#442 = CARTESIAN_POINT ( 'NONE',  ( 82.34049166666666508, 39.90355162252597410, 10.00000000000000000 ) ) ;
#443 = ORIENTED_EDGE ( 'NONE', *, *, #1838, .T. ) ;
#444 = AXIS2_PLACEMENT_3D ( 'NONE', #534, #1394, #701 ) ;
#445 = CARTESIAN_POINT ( 'NONE',  ( 85.79382499999999823, 99.65776232622010866, 4.000000000000000000 ) ) ;
#446 = CIRCLE ( 'NONE', #1439, 13.99999999999999822 ) ;
#447 = AXIS2_PLACEMENT_3D ( 'NONE', #1269, #1137, #133 ) ;
#448 = DIRECTION ( 'NONE',  ( -1.000000000000000000, 0.000000000000000000, 0.000000000000000000 ) ) ;
#449 = ORIENTED_EDGE ( 'NONE', *, *, #1499, .T. ) ;
#450 = CARTESIAN_POINT ( 'NONE',  ( -40.00224022655972789, -35.26858373860852680, 17.55852819400795894 ) ) ;
#451 = CARTESIAN_POINT ( 'NONE',  ( 0.000000000000000000, 0.000000000000000000, 0.000000000000000000 ) ) ;
#452 = ORIENTED_EDGE ( 'NONE', *, *, #380, .F. ) ;
#453 = DIRECTION ( 'NONE',  ( 0.000000000000000000, 0.000000000000000000, -1.000000000000000000 ) ) ;
#454 = EDGE_CURVE ( 'NONE', #770, #211, #110, .T. ) ;
#455 = CC_DESIGN_PERSON_AND_ORGANIZATION_ASSIGNMENT ( #1043, #755, ( #88 ) ) ;
#456 = ORIENTED_EDGE ( 'NONE', *, *, #1557, .F. ) ;
#457 = MANIFOLD_SOLID_BREP ( 'Boss-Extrude6', #841 ) ;
#458 = LINE ( 'NONE', #439, #391 ) ;
#459 = CIRCLE ( 'NONE', #1001, 4.000000000000000000 ) ;
#460 = ORIENTED_EDGE ( 'NONE', *, *, #1498, .T. ) ;
#461 = EDGE_LOOP ( 'NONE', ( #265, #594 ) ) ;
#462 = LINE ( 'NONE', #1042, #1104 ) ;
#463 =( LENGTH_UNIT ( ) NAMED_UNIT ( * ) SI_UNIT ( .MILLI., .METRE. ) );
#464 = EDGE_LOOP ( 'NONE', ( #290, #161, #956, #870, #82 ) ) ;
#465 = VECTOR ( 'NONE', #1535, 1000.000000000000000 ) ;
#466 = CARTESIAN_POINT ( 'NONE',  ( 133.0000000000000000, 0.000000000000000000, 6.000000000000000000 ) ) ;
#467 = AXIS2_PLACEMENT_3D ( 'NONE', #526, #1093, #663 ) ;
#468 = ORIENTED_EDGE ( 'NONE', *, *, #1520, .T. ) ;
#469 = ORIENTED_EDGE ( 'NONE', *, *, #771, .T. ) ;
#470 = ORIENTED_EDGE ( 'NONE', *, *, #36, .T. ) ;
#471 = DIRECTION ( 'NONE',  ( 0.000000000000000000, 0.000000000000000000, -1.000000000000000000 ) ) ;
#472 = EDGE_CURVE ( 'NONE', #548, #102, #1691, .T. ) ;
#473 = DIRECTION ( 'NONE',  ( 1.000000000000000000, 0.000000000000000000, 0.000000000000000000 ) ) ;
#474 = CARTESIAN_POINT ( 'NONE',  ( 68.34049166666666508, 39.90355162252597410, 4.000000000000000000 ) ) ;
#475 = ORIENTED_EDGE ( 'NONE', *, *, #1746, .T. ) ;
#476 = LINE ( 'NONE', #643, #138 ) ;
#477 = DIRECTION ( 'NONE',  ( 0.000000000000000000, 0.000000000000000000, 1.000000000000000000 ) ) ;
#478 = AXIS2_PLACEMENT_3D ( 'NONE', #906, #1483, #59 ) ;
#479 = ORIENTED_EDGE ( 'NONE', *, *, #437, .T. ) ;
#480 = AXIS2_PLACEMENT_3D ( 'NONE', #123, #1123, #255 ) ;
#481 = FACE_OUTER_BOUND ( 'NONE', #1854, .T. ) ;
#482 = PLANE ( 'NONE',  #221 ) ;
#483 = ORIENTED_EDGE ( 'NONE', *, *, #106, .T. ) ;
#484 = LINE ( 'NONE', #103, #1472 ) ;
#485 = VERTEX_POINT ( 'NONE', #1336 ) ;
#486 = DIRECTION ( 'NONE',  ( -0.000000000000000000, -0.000000000000000000, -1.000000000000000000 ) ) ;
#487 = EDGE_CURVE ( 'NONE', #1528, #844, #1119, .T. ) ;
#488 = VECTOR ( 'NONE', #284, 1000.000000000000000 ) ;
#489 = DIRECTION ( 'NONE',  ( 0.000000000000000000, 1.000000000000000000, 0.000000000000000000 ) ) ;
#490 = CARTESIAN_POINT ( 'NONE',  ( -37.50682655186825798, 117.3003955792409556, 14.00000000000000000 ) ) ;
#491 = EDGE_CURVE ( 'NONE', #397, #1649, #653, .T. ) ;
#492 = EDGE_CURVE ( 'NONE', #1816, #1479, #795, .T. ) ;
#493 = APPROVAL_PERSON_ORGANIZATION ( #916, #894, #1371 ) ;
#494 = ORIENTED_EDGE ( 'NONE', *, *, #1415, .F. ) ;
#495 = DIRECTION ( 'NONE',  ( -0.000000000000000000, 1.000000000000000000, -0.000000000000000000 ) ) ;
#496 = AXIS2_PLACEMENT_3D ( 'NONE', #69, #1635, #630 ) ;
#497 = ORIENTED_EDGE ( 'NONE', *, *, #1147, .T. ) ;
#498 = ADVANCED_FACE ( 'NONE', ( #787 ), #423, .T. ) ;
#499 = CIRCLE ( 'NONE', #1191, 9.999999999999994671 ) ;
#500 = DIRECTION ( 'NONE',  ( 0.000000000000000000, 0.000000000000000000, -1.000000000000000000 ) ) ;
#501 = DIRECTION ( 'NONE',  ( 1.000000000000000000, -0.000000000000000000, 0.000000000000000000 ) ) ;
#502 = ORIENTED_EDGE ( 'NONE', *, *, #629, .F. ) ;
#503 = ADVANCED_FACE ( 'NONE', ( #1267 ), #1075, .T. ) ;
#504 = DIRECTION ( 'NONE',  ( 0.000000000000000000, 0.000000000000000000, 1.000000000000000000 ) ) ;
#505 = CARTESIAN_POINT ( 'NONE',  ( -33.50682655186826508, 113.3003955792409556, 14.00000000000000000 ) ) ;
#506 = CARTESIAN_POINT ( 'NONE',  ( 85.79382499999999823, 99.65776232622010866, 10.00000000000000000 ) ) ;
#507 = CIRCLE ( 'NONE', #198, 4.000000000000000000 ) ;
#508 = VECTOR ( 'NONE', #1769, 1000.000000000000000 ) ;
#509 = CARTESIAN_POINT ( 'NONE',  ( 188.5191583333332801, 17.30039557924024862, 10.00000000000000000 ) ) ;
#510 = FACE_OUTER_BOUND ( 'NONE', #91, .T. ) ;
#511 = DATE_AND_TIME ( #660, #180 ) ;
#512 = ORIENTED_EDGE ( 'NONE', *, *, #766, .F. ) ;
#513 = AXIS2_PLACEMENT_3D ( 'NONE', #158, #1183, #34 ) ;
#514 = CARTESIAN_POINT ( 'NONE',  ( 188.5191583333332801, 17.30039557924024862, 6.000000000000000000 ) ) ;
#515 = DIRECTION ( 'NONE',  ( -0.000000000000000000, -0.000000000000000000, -1.000000000000000000 ) ) ;
#516 = ORIENTED_EDGE ( 'NONE', *, *, #1461, .F. ) ;
#517 = EDGE_CURVE ( 'NONE', #608, #1831, #15, .T. ) ;
#518 = CARTESIAN_POINT ( 'NONE',  ( -47.50682655186824377, -35.30960442075906514, 56.00000000000002132 ) ) ;
#519 = ORIENTED_EDGE ( 'NONE', *, *, #1502, .F. ) ;
#520 = DIRECTION ( 'NONE',  ( 1.000000000000000000, 0.000000000000000000, 0.000000000000000000 ) ) ;
#521 = DIRECTION ( 'NONE',  ( 1.000000000000000000, 0.000000000000000000, 0.000000000000000000 ) ) ;
#522 = PERSON_AND_ORGANIZATION ( #910, #1487 ) ;
#523 = ORIENTED_EDGE ( 'NONE', *, *, #1576, .F. ) ;
#524 = CARTESIAN_POINT ( 'NONE',  ( 88.04170711736153976, 109.4018387825316978, -3.035766082959412415E-14 ) ) ;
#525 = VECTOR ( 'NONE', #1823, 1000.000000000000000 ) ;
#526 = CARTESIAN_POINT ( 'NONE',  ( -47.50682655186825798, 79.14789557924095220, 17.55000000000003624 ) ) ;
#527 = DIRECTION ( 'NONE',  ( 1.364044408080838895E-16, -1.000000000000000000, 0.000000000000000000 ) ) ;
#528 = AXIS2_PLACEMENT_3D ( 'NONE', #649, #500, #619 ) ;
#529 = CARTESIAN_POINT ( 'NONE',  ( 82.34049166666666508, 39.90355162252597410, 10.00000000000000000 ) ) ;
#530 = CARTESIAN_POINT ( 'NONE',  ( 4.099999999999999645, 5.021051876504147385E-16, 10.00000000000000000 ) ) ;
#531 = ORIENTED_EDGE ( 'NONE', *, *, #652, .T. ) ;
#532 = CARTESIAN_POINT ( 'NONE',  ( 83.54881262291839050, 109.4025003640921483, -1.387778780781445518E-14 ) ) ;
#533 = DIRECTION ( 'NONE',  ( -0.000000000000000000, -0.000000000000000000, -1.000000000000000000 ) ) ;
#534 = CARTESIAN_POINT ( 'NONE',  ( -37.50682655186823666, -35.31122166698327902, 10.00000000000000000 ) ) ;
#535 = ADVANCED_FACE ( 'NONE', ( #670 ), #820, .T. ) ;
#536 = CARTESIAN_POINT ( 'NONE',  ( 133.0000000000000000, 0.000000000000000000, 6.000000000000000000 ) ) ;
#537 = ADVANCED_FACE ( 'NONE', ( #400 ), #1407, .F. ) ;
#538 = AXIS2_PLACEMENT_3D ( 'NONE', #1317, #723, #873 ) ;
#539 = VERTEX_POINT ( 'NONE', #1669 ) ;
#540 = DIRECTION ( 'NONE',  ( -1.860597430001689202E-32, 1.364044408080838895E-16, 1.000000000000000000 ) ) ;
#541 = DIRECTION ( 'NONE',  ( -0.000000000000000000, -0.000000000000000000, -1.000000000000000000 ) ) ;
#542 = AXIS2_PLACEMENT_3D ( 'NONE', #1753, #453, #1035 ) ;
#543 = CARTESIAN_POINT ( 'NONE',  ( -47.50682655186824377, -35.30960442075906514, 3.886266300911727090 ) ) ;
#544 = ORIENTED_EDGE ( 'NONE', *, *, #202, .T. ) ;
#545 = EDGE_CURVE ( 'NONE', #196, #1049, #656, .T. ) ;
#546 = DIRECTION ( 'NONE',  ( 1.000000000000000000, 0.000000000000000000, 0.000000000000000000 ) ) ;
#547 = CARTESIAN_POINT ( 'NONE',  ( -47.50682655186825798, 79.14789557924095220, 17.55000000000003624 ) ) ;
#548 = VERTEX_POINT ( 'NONE', #137 ) ;
#549 = AXIS2_PLACEMENT_3D ( 'NONE', #1725, #21, #401 ) ;
#550 = DIRECTION ( 'NONE',  ( -1.000000000000000000, 0.000000000000000000, 0.000000000000000000 ) ) ;
#551 = AXIS2_PLACEMENT_3D ( 'NONE', #1675, #1369, #1099 ) ;
#552 = FACE_OUTER_BOUND ( 'NONE', #134, .T. ) ;
#553 = AXIS2_PLACEMENT_3D ( 'NONE', #1837, #1238, #817 ) ;
#554 = VERTEX_POINT ( 'NONE', #689 ) ;
#555 = FACE_OUTER_BOUND ( 'NONE', #636, .T. ) ;
#556 = DIRECTION ( 'NONE',  ( -1.000000000000000000, -1.364044408080838895E-16, 0.000000000000000000 ) ) ;
#557 = DIRECTION ( 'NONE',  ( 1.000000000000000000, 0.000000000000000000, 0.000000000000000000 ) ) ;
#558 = CARTESIAN_POINT ( 'NONE',  ( -33.50682655186826508, 113.3003955792409556, 10.00000000000000000 ) ) ;
#559 = FACE_BOUND ( 'NONE', #1604, .T. ) ;
#560 = ORIENTED_EDGE ( 'NONE', *, *, #1413, .F. ) ;
#561 = CARTESIAN_POINT ( 'NONE',  ( -39.70594154442406420, -35.20774987215518337, 17.39395496258954665 ) ) ;
#562 = VECTOR ( 'NONE', #1803, 1000.000000000000000 ) ;
#563 = AXIS2_PLACEMENT_3D ( 'NONE', #1014, #448, #168 ) ;
#564 = EDGE_CURVE ( 'NONE', #165, #1617, #900, .T. ) ;
#565 = DIRECTION ( 'NONE',  ( 1.000000000000000000, 0.000000000000000000, 0.000000000000000000 ) ) ;
#566 = EDGE_CURVE ( 'NONE', #816, #95, #1136, .T. ) ;
#567 = CIRCLE ( 'NONE', #18, 4.000000000000000000 ) ;
#568 = EDGE_CURVE ( 'NONE', #105, #712, #1009, .T. ) ;
#569 = EDGE_CURVE ( 'NONE', #539, #76, #990, .T. ) ;
#570 = CARTESIAN_POINT ( 'NONE',  ( -37.50682655186823666, -35.30960442075906514, 0.000000000000000000 ) ) ;
#571 = EDGE_LOOP ( 'NONE', ( #1574, #293, #374, #10 ) ) ;
#572 = CARTESIAN_POINT ( 'NONE',  ( -38.08396946626075419, -34.09003186608561009, 16.28197825657836617 ) ) ;
#573 = CARTESIAN_POINT ( 'NONE',  ( -33.50682655186826508, 117.3003955792409556, 6.000000000000000000 ) ) ;
#574 = EDGE_LOOP ( 'NONE', ( #1393, #979, #188, #1230, #1254, #892 ) ) ;
#575 = FACE_OUTER_BOUND ( 'NONE', #1723, .T. ) ;
#576 = EDGE_CURVE ( 'NONE', #435, #47, #276, .T. ) ;
#577 = VECTOR ( 'NONE', #310, 1000.000000000000000 ) ;
#578 = ORIENTED_EDGE ( 'NONE', *, *, #177, .T. ) ;
#579 = EDGE_CURVE ( 'NONE', #485, #1479, #851, .T. ) ;
#580 = CARTESIAN_POINT ( 'NONE',  ( -37.50682655186825798, 117.3003955792409556, 10.00000000000000000 ) ) ;
#581 = ORIENTED_EDGE ( 'NONE', *, *, #903, .F. ) ;
#582 = AXIS2_PLACEMENT_3D ( 'NONE', #793, #650, #1229 ) ;
#583 = FACE_BOUND ( 'NONE', #1011, .T. ) ;
#584 = DIRECTION ( 'NONE',  ( -1.000000000000000000, -1.364044408080838895E-16, 0.000000000000000000 ) ) ;
#585 = CYLINDRICAL_SURFACE ( 'NONE', #759, 3.249999999999996891 ) ;
#586 = VERTEX_POINT ( 'NONE', #299 ) ;
#587 = CARTESIAN_POINT ( 'NONE',  ( -33.50682655186824377, -35.31122166698327902, 14.00000000000000000 ) ) ;
#588 = LINE ( 'NONE', #466, #1841 ) ;
#589 = EDGE_LOOP ( 'NONE', ( #1046, #1662 ) ) ;
#590 = FACE_OUTER_BOUND ( 'NONE', #738, .T. ) ;
#591 = ORIENTED_EDGE ( 'NONE', *, *, #203, .F. ) ;
#592 = CARTESIAN_POINT ( 'NONE',  ( -47.50682655186825798, 79.14789557924095220, 42.45000000000001705 ) ) ;
#593 = CARTESIAN_POINT ( 'NONE',  ( -40.31356829348034410, -35.30391982459295264, 17.71091795410248437 ) ) ;
#594 = ORIENTED_EDGE ( 'NONE', *, *, #1523, .T. ) ;
#595 = VECTOR ( 'NONE', #1053, 1000.000000000000000 ) ;
#596 = DIRECTION ( 'NONE',  ( -1.000000000000000000, 0.000000000000000000, 0.000000000000000000 ) ) ;
#597 = AXIS2_PLACEMENT_3D ( 'NONE', #1031, #584, #1424 ) ;
#598 = ORIENTED_EDGE ( 'NONE', *, *, #1165, .F. ) ;
#599 = AXIS2_PLACEMENT_3D ( 'NONE', #410, #1277, #550 ) ;
#600 = CARTESIAN_POINT ( 'NONE',  ( 150.0000000000000000, 0.000000000000000000, 10.00000000000000000 ) ) ;
#601 = ORIENTED_EDGE ( 'NONE', *, *, #97, .T. ) ;
#602 = ORIENTED_EDGE ( 'NONE', *, *, #431, .T. ) ;
#603 = DIRECTION ( 'NONE',  ( 1.000000000000000000, 0.000000000000000000, 0.000000000000000000 ) ) ;
#604 = CARTESIAN_POINT ( 'NONE',  ( 188.5191583333333085, 2.842895579240963588, 17.55000000000003624 ) ) ;
#605 = DIRECTION ( 'NONE',  ( -0.000000000000000000, 1.000000000000000000, -0.000000000000000000 ) ) ;
#606 = ORIENTED_EDGE ( 'NONE', *, *, #1502, .T. ) ;
#607 = DIRECTION ( 'NONE',  ( 0.000000000000000000, 0.000000000000000000, 1.000000000000000000 ) ) ;
#608 = VERTEX_POINT ( 'NONE', #1322 ) ;
#609 = EDGE_CURVE ( 'NONE', #1562, #47, #199, .T. ) ;
#610 = CIRCLE ( 'NONE', #1273, 3.249999999999996891 ) ;
#611 = ORIENTED_EDGE ( 'NONE', *, *, #101, .F. ) ;
#612 = CARTESIAN_POINT ( 'NONE',  ( 166.9999999999999716, 2.081899558550500280E-15, 0.000000000000000000 ) ) ;
#613 = FACE_OUTER_BOUND ( 'NONE', #878, .T. ) ;
#614 = ORIENTED_EDGE ( 'NONE', *, *, #345, .F. ) ;
#615 = CIRCLE ( 'NONE', #433, 16.99999999999998579 ) ;
#616 = CARTESIAN_POINT ( 'NONE',  ( 88.04170711736151134, 109.4018387825317120, 4.000000000000000000 ) ) ;
#617 = AXIS2_PLACEMENT_3D ( 'NONE', #107, #658, #520 ) ;
#618 = FACE_BOUND ( 'NONE', #232, .T. ) ;
#619 = DIRECTION ( 'NONE',  ( -1.000000000000000000, 0.000000000000000000, 0.000000000000000000 ) ) ;
#620 = CARTESIAN_POINT ( 'NONE',  ( 4.099999999999999645, 5.021051876504147385E-16, 4.000000000000000000 ) ) ;
#621 = PERSON_AND_ORGANIZATION ( #910, #1487 ) ;
#622 = ORIENTED_EDGE ( 'NONE', *, *, #1633, .F. ) ;
#623 = DIRECTION ( 'NONE',  ( 0.000000000000000000, -1.000000000000000000, 0.000000000000000000 ) ) ;
#624 = ORIENTED_EDGE ( 'NONE', *, *, #791, .T. ) ;
#625 = VECTOR ( 'NONE', #773, 1000.000000000000000 ) ;
#626 = ADVANCED_FACE ( 'NONE', ( #1432, #555 ), #1171, .F. ) ;
#627 = EDGE_CURVE ( 'NONE', #1455, #539, #141, .T. ) ;
#628 = VECTOR ( 'NONE', #346, 1000.000000000000000 ) ;
#629 = EDGE_CURVE ( 'NONE', #167, #722, #1628, .T. ) ;
#630 = DIRECTION ( 'NONE',  ( -1.000000000000000000, 0.000000000000000000, 0.000000000000000000 ) ) ;
#631 = CARTESIAN_POINT ( 'NONE',  ( 88.51915833333325168, -31.31122166698327547, 0.000000000000000000 ) ) ;
#632 = CYLINDRICAL_SURFACE ( 'NONE', #1778, 3.249999999999993783 ) ;
#633 = EDGE_LOOP ( 'NONE', ( #865, #606, #1327, #369 ) ) ;
#634 = DIRECTION ( 'NONE',  ( 1.000000000000000000, 0.000000000000000000, 0.000000000000000000 ) ) ;
#635 = DIRECTION ( 'NONE',  ( 1.000000000000000000, 0.000000000000000000, 0.000000000000000000 ) ) ;
#636 = EDGE_LOOP ( 'NONE', ( #348, #1195 ) ) ;
#637 = AXIS2_PLACEMENT_3D ( 'NONE', #505, #1364, #1253 ) ;
#638 = CARTESIAN_POINT ( 'NONE',  ( 184.5191583333332801, 17.30039557924024862, 4.000000000000000000 ) ) ;
#639 = LINE ( 'NONE', #1710, #465 ) ;
#640 = PERSON_AND_ORGANIZATION_ROLE ( 'classification_officer' ) ;
#641 = SECURITY_CLASSIFICATION ( '', '', #1067 ) ;
#642 = ORIENTED_EDGE ( 'NONE', *, *, #882, .T. ) ;
#643 = CARTESIAN_POINT ( 'NONE',  ( 188.5191583333332801, 17.30039557924024862, 4.000000000000000000 ) ) ;
#644 = CARTESIAN_POINT ( 'NONE',  ( -47.50682655186825798, 75.89789557924093799, 17.55000000000003624 ) ) ;
#645 = VECTOR ( 'NONE', #1089, 1000.000000000000000 ) ;
#646 = ORIENTED_EDGE ( 'NONE', *, *, #1775, .F. ) ;
#647 = CIRCLE ( 'NONE', #952, 3.249999999999993783 ) ;
#648 = ADVANCED_FACE ( 'NONE', ( #999 ), #716, .F. ) ;
#649 = CARTESIAN_POINT ( 'NONE',  ( -40.50682655186824377, -32.30960442075906514, 0.000000000000000000 ) ) ;
#650 = DIRECTION ( 'NONE',  ( 0.000000000000000000, 1.000000000000000000, 0.000000000000000000 ) ) ;
#651 = EDGE_LOOP ( 'NONE', ( #1160, #516 ) ) ;
#652 = EDGE_CURVE ( 'NONE', #1816, #1441, #1314, .T. ) ;
#653 = LINE ( 'NONE', #355, #1356 ) ;
#654 = FACE_OUTER_BOUND ( 'NONE', #329, .T. ) ;
#655 = CARTESIAN_POINT ( 'NONE',  ( -37.50682655186823666, -35.30960442075906514, 7.203442329465893579 ) ) ;
#656 = CIRCLE ( 'NONE', #1718, 13.99999999999999822 ) ;
#657 = CIRCLE ( 'NONE', #1721, 4.000000000000000000 ) ;
#658 = DIRECTION ( 'NONE',  ( -0.000000000000000000, 0.000000000000000000, 1.000000000000000000 ) ) ;
#659 = CARTESIAN_POINT ( 'NONE',  ( -37.50682655186823666, -31.64674346314847497, 14.33552189720941250 ) ) ;
#660 = CALENDAR_DATE ( 2026, 29, 4 ) ;
#661 = ORIENTED_EDGE ( 'NONE', *, *, #492, .F. ) ;
#662 = CARTESIAN_POINT ( 'NONE',  ( 84.59632017029727535, 113.3003955792409556, 0.000000000000000000 ) ) ;
#663 = DIRECTION ( 'NONE',  ( 0.000000000000000000, -1.000000000000000000, 0.000000000000000000 ) ) ;
#664 = DIRECTION ( 'NONE',  ( 1.000000000000000000, 0.000000000000000000, 0.000000000000000000 ) ) ;
#665 = VERTEX_POINT ( 'NONE', #1571 ) ;
#666 = ADVANCED_FACE ( 'NONE', ( #859 ), #419, .T. ) ;
#667 = DIRECTION ( 'NONE',  ( -1.000000000000000000, 0.000000000000000000, 0.000000000000000000 ) ) ;
#668 = FACE_OUTER_BOUND ( 'NONE', #438, .T. ) ;
#669 = ORIENTED_EDGE ( 'NONE', *, *, #1184, .F. ) ;
#670 = FACE_OUTER_BOUND ( 'NONE', #118, .T. ) ;
#671 = AXIS2_PLACEMENT_3D ( 'NONE', #451, #1466, #1759 ) ;
#672 = CARTESIAN_POINT ( 'NONE',  ( 184.5191583333332801, 17.30039557924024862, 6.000000000000000000 ) ) ;
#673 = ORIENTED_EDGE ( 'NONE', *, *, #1404, .F. ) ;
#674 = DIRECTION ( 'NONE',  ( 0.000000000000000000, 0.000000000000000000, 1.000000000000000000 ) ) ;
#675 = TOROIDAL_SURFACE ( 'NONE', #239, 96.00000000000000000, 4.000000000000000000 ) ;
#676 = DIRECTION ( 'NONE',  ( 1.000000000000000000, 0.000000000000000000, 0.000000000000000000 ) ) ;
#677 = ORIENTED_EDGE ( 'NONE', *, *, #1382, .T. ) ;
#678 = CARTESIAN_POINT ( 'NONE',  ( 82.65080767208573320, 113.3003955792409556, 0.000000000000000000 ) ) ;
#679 = CARTESIAN_POINT ( 'NONE',  ( 99.79382499999999823, 99.65776232622010866, 4.000000000000000000 ) ) ;
#680 = EDGE_LOOP ( 'NONE', ( #364, #1471, #1247, #611, #1351, #217, #1083 ) ) ;
#681 = CARTESIAN_POINT ( 'NONE',  ( -37.50682655186823666, 2.842895579240939608, 42.45000000000001705 ) ) ;
#682 = EDGE_LOOP ( 'NONE', ( #976, #1129, #338, #424 ) ) ;
#683 = EDGE_CURVE ( 'NONE', #1617, #165, #1172, .T. ) ;
#684 = AXIS2_PLACEMENT_3D ( 'NONE', #1601, #879, #596 ) ;
#685 = DIRECTION ( 'NONE',  ( 0.000000000000000000, -1.000000000000000000, 0.000000000000000000 ) ) ;
#686 = AXIS2_PLACEMENT_3D ( 'NONE', #592, #763, #1464 ) ;
#687 = ORIENTED_EDGE ( 'NONE', *, *, #707, .T. ) ;
#688 = UNCERTAINTY_MEASURE_WITH_UNIT (LENGTH_MEASURE( 1.000000000000000082E-05 ), #463, 'distance_accuracy_value', 'NONE');
#689 = CARTESIAN_POINT ( 'NONE',  ( 88.51915833333254113, 117.3003955792409556, 4.000000000000000000 ) ) ;
#690 = CARTESIAN_POINT ( 'NONE',  ( -37.50682655186823666, -35.31122166698327902, 4.000000000000000000 ) ) ;
#691 = ORIENTED_EDGE ( 'NONE', *, *, #568, .F. ) ;
#692 = CIRCLE ( 'NONE', #599, 18.55000000000001137 ) ;
#693 = CYLINDRICAL_SURFACE ( 'NONE', #447, 4.000000000000000000 ) ;
#694 = VERTEX_POINT ( 'NONE', #1333 ) ;
#695 = CARTESIAN_POINT ( 'NONE',  ( -41.50682655186825798, 117.3003955792409556, 56.00000000000000000 ) ) ;
#696 = ADVANCED_FACE ( 'NONE', ( #1473 ), #1780, .F. ) ;
#697 = ORIENTED_EDGE ( 'NONE', *, *, #1007, .T. ) ;
#698 = CARTESIAN_POINT ( 'NONE',  ( 88.04170711736152555, 109.4018387825317120, 4.000000000000000000 ) ) ;
#699 = DIRECTION ( 'NONE',  ( 0.000000000000000000, 0.000000000000000000, 1.000000000000000000 ) ) ;
#700 = AXIS2_PLACEMENT_3D ( 'NONE', #1554, #1408, #1572 ) ;
#701 = DIRECTION ( 'NONE',  ( 0.000000000000000000, -0.000000000000000000, 1.000000000000000000 ) ) ;
#702 = CARTESIAN_POINT ( 'NONE',  ( -47.50682655186825087, -31.31122166698327547, 4.000000000000000000 ) ) ;
#703 = CARTESIAN_POINT ( 'NONE',  ( 86.34865883896256378, 109.6670219941800326, 3.982846583152650943 ) ) ;
#704 = AXIS2_PLACEMENT_3D ( 'NONE', #838, #1414, #1711 ) ;
#705 = ORIENTED_EDGE ( 'NONE', *, *, #961, .T. ) ;
#706 = EDGE_CURVE ( 'NONE', #213, #844, #932, .T. ) ;
#707 = EDGE_CURVE ( 'NONE', #105, #1441, #1781, .T. ) ;
#708 = DIRECTION ( 'NONE',  ( 0.000000000000000000, 0.000000000000000000, 1.000000000000000000 ) ) ;
#709 = LINE ( 'NONE', #1276, #1126 ) ;
#710 = ADVANCED_FACE ( 'NONE', ( #1790 ), #808, .T. ) ;
#711 = DIRECTION ( 'NONE',  ( 0.000000000000000000, -1.000000000000000000, 0.000000000000000000 ) ) ;
#712 = VERTEX_POINT ( 'NONE', #71 ) ;
#713 = CARTESIAN_POINT ( 'NONE',  ( 84.24108256608840861, 109.5427818767298902, 3.995619421292660345 ) ) ;
#714 = APPLICATION_CONTEXT ( 'configuration controlled 3d designs of mechanical parts and assemblies' ) ;
#715 = ORIENTED_EDGE ( 'NONE', *, *, #985, .F. ) ;
#716 = CYLINDRICAL_SURFACE ( 'NONE', #361, 3.250000000000016875 ) ;
#717 = DIRECTION ( 'NONE',  ( -1.000000000000000000, 0.000000000000000000, 0.000000000000000000 ) ) ;
#718 = ORIENTED_EDGE ( 'NONE', *, *, #1086, .F. ) ;
#719 = AXIS2_PLACEMENT_3D ( 'NONE', #1283, #296, #864 ) ;
#720 = FACE_OUTER_BOUND ( 'NONE', #314, .T. ) ;
#721 = TOROIDAL_SURFACE ( 'NONE', #872, 35.99999999999999289, 4.000000000000000000 ) ;
#722 = VERTEX_POINT ( 'NONE', #620 ) ;
#723 = DIRECTION ( 'NONE',  ( 0.000000000000000000, -0.000000000000000000, 1.000000000000000000 ) ) ;
#724 = CARTESIAN_POINT ( 'NONE',  ( -38.48867512006334124, -34.53831111075071192, 16.61375079994666848 ) ) ;
#725 = DIRECTION ( 'NONE',  ( 0.000000000000000000, 0.000000000000000000, -1.000000000000000000 ) ) ;
#726 = VERTEX_POINT ( 'NONE', #774 ) ;
#727 = FACE_OUTER_BOUND ( 'NONE', #48, .T. ) ;
#728 = CIRCLE ( 'NONE', #316, 3.250000000000016875 ) ;
#729 = EDGE_LOOP ( 'NONE', ( #1210, #1237, #169, #456 ) ) ;
#730 = ADVANCED_FACE ( 'NONE', ( #80 ), #632, .F. ) ;
#731 = DIRECTION ( 'NONE',  ( -0.000000000000000000, -0.000000000000000000, -1.000000000000000000 ) ) ;
#732 = AXIS2_PLACEMENT_3D ( 'NONE', #1701, #1110, #800 ) ;
#733 = VERTEX_POINT ( 'NONE', #53 ) ;
#734 = CIRCLE ( 'NONE', #1529, 4.000000000000003553 ) ;
#735 = DIRECTION ( 'NONE',  ( 1.000000000000000000, 1.364044408080838895E-16, -0.000000000000000000 ) ) ;
#736 = CARTESIAN_POINT ( 'NONE',  ( -38.97133917348626397, -34.89464446075205473, 16.94600900208399352 ) ) ;
#737 = CARTESIAN_POINT ( 'NONE',  ( 72.34049166666667929, 39.90355162252597410, 4.000000000000000000 ) ) ;
#738 = EDGE_LOOP ( 'NONE', ( #460, #1362, #1638, #1469 ) ) ;
#739 = FACE_OUTER_BOUND ( 'NONE', #789, .T. ) ;
#740 = ORIENTED_EDGE ( 'NONE', *, *, #569, .T. ) ;
#741 = ADVANCED_FACE ( 'NONE', ( #590 ), #856, .T. ) ;
#742 = ORIENTED_EDGE ( 'NONE', *, *, #707, .F. ) ;
#743 = EDGE_CURVE ( 'NONE', #1668, #54, #1595, .T. ) ;
#744 = DIRECTION ( 'NONE',  ( 0.000000000000000000, 0.000000000000000000, -1.000000000000000000 ) ) ;
#745 = CARTESIAN_POINT ( 'NONE',  ( -40.49343419828051083, -35.30960442075908645, 17.65805347835075523 ) ) ;
#746 = DIRECTION ( 'NONE',  ( 0.000000000000000000, -1.000000000000000000, 0.000000000000000000 ) ) ;
#747 = ORIENTED_EDGE ( 'NONE', *, *, #164, .F. ) ;
#748 = DIRECTION ( 'NONE',  ( 0.000000000000000000, 0.000000000000000000, 1.000000000000000000 ) ) ;
#749 = CIRCLE ( 'NONE', #1812, 3.000000000000002665 ) ;
#750 = AXIS2_PLACEMENT_3D ( 'NONE', #951, #1376, #1095 ) ;
#751 = B_SPLINE_CURVE_WITH_KNOTS ( 'NONE', 3,
 ( #1038, #1440, #713, #848, #1299, #703, #1006, #997 ),
 .UNSPECIFIED., .F., .F.,
 ( 4, 2, 2, 4 ),
 ( 0.000000000000000000, 0.001058469854899684497, 0.002116939709799368994, 0.004233879419598696354 ),
 .UNSPECIFIED. ) ;
#752 = EDGE_LOOP ( 'NONE', ( #858, #1751, #331, #22 ) ) ;
#753 = CARTESIAN_POINT ( 'NONE',  ( 168.5500000000000114, 2.271719812418341653E-15, 10.00000000000000000 ) ) ;
#754 = DIRECTION ( 'NONE',  ( 1.000000000000000000, 0.000000000000000000, 0.000000000000000000 ) ) ;
#755 = PERSON_AND_ORGANIZATION_ROLE ( 'design_owner' ) ;
#756 = ORIENTED_EDGE ( 'NONE', *, *, #437, .F. ) ;
#757 = CARTESIAN_POINT ( 'NONE',  ( 87.85369398916414241, 109.4438115159634322, 0.05946411759492568200 ) ) ;
#758 = ORIENTED_EDGE ( 'NONE', *, *, #1735, .T. ) ;
#759 = AXIS2_PLACEMENT_3D ( 'NONE', #1180, #1194, #746 ) ;
#760 = VECTOR ( 'NONE', #1286, 1000.000000000000000 ) ;
#761 = ORIENTED_EDGE ( 'NONE', *, *, #159, .F. ) ;
#762 = CYLINDRICAL_SURFACE ( 'NONE', #96, 4.000000000000000000 ) ;
#763 = DIRECTION ( 'NONE',  ( 1.000000000000000000, 1.096334072605612984E-16, -0.000000000000000000 ) ) ;
#764 = DIRECTION ( 'NONE',  ( 0.000000000000000000, -1.000000000000000000, 0.000000000000000000 ) ) ;
#765 = ORIENTED_EDGE ( 'NONE', *, *, #1447, .T. ) ;
#766 = EDGE_CURVE ( 'NONE', #548, #1757, #657, .T. ) ;
#767 = CIRCLE ( 'NONE', #1732, 4.000000000000004441 ) ;
#768 = LINE ( 'NONE', #366, #595 ) ;
#769 = ADVANCED_FACE ( 'NONE', ( #1728 ), #883, .T. ) ;
#770 = VERTEX_POINT ( 'NONE', #160 ) ;
#771 = EDGE_CURVE ( 'NONE', #1694, #840, #1290, .T. ) ;
#772 = DIRECTION ( 'NONE',  ( 0.000000000000000000, 0.000000000000000000, -1.000000000000000000 ) ) ;
#773 = DIRECTION ( 'NONE',  ( -0.000000000000000000, -0.000000000000000000, -1.000000000000000000 ) ) ;
#774 = CARTESIAN_POINT ( 'NONE',  ( 88.51915833333254113, 117.3003955792409556, 6.000000000000000000 ) ) ;
#775 = DATE_TIME_ROLE ( 'classification_date' ) ;
#776 = ORIENTED_EDGE ( 'NONE', *, *, #1070, .F. ) ;
#777 = CARTESIAN_POINT ( 'NONE',  ( 87.79402547825483794, 109.4558323808684577, 3.999330759001878288 ) ) ;
#778 = PLANE ( 'NONE',  #1337 ) ;
#779 = AXIS2_PLACEMENT_3D ( 'NONE', #1592, #871, #748 ) ;
#780 = CARTESIAN_POINT ( 'NONE',  ( 148.5191583333329959, -31.31122166698327547, 0.000000000000000000 ) ) ;
#781 = VECTOR ( 'NONE', #731, 1000.000000000000000 ) ;
#782 = CIRCLE ( 'NONE', #750, 3.999999999999994227 ) ;
#783 = AXIS2_PLACEMENT_3D ( 'NONE', #1403, #1835, #815 ) ;
#784 = DIRECTION ( 'NONE',  ( 1.000000000000000000, 0.000000000000000000, 0.000000000000000000 ) ) ;
#785 = DIRECTION ( 'NONE',  ( 1.000000000000000000, 1.364044408080838895E-16, -0.000000000000000000 ) ) ;
#786 = ORIENTED_EDGE ( 'NONE', *, *, #1810, .T. ) ;
#787 = FACE_OUTER_BOUND ( 'NONE', #111, .T. ) ;
#788 = DIRECTION ( 'NONE',  ( 1.000000000000000000, 0.000000000000000000, 0.000000000000000000 ) ) ;
#789 = EDGE_LOOP ( 'NONE', ( #207, #1801, #946, #392, #1771 ) ) ;
#790 = DIRECTION ( 'NONE',  ( 1.000000000000000000, 0.000000000000000000, 0.000000000000000000 ) ) ;
#791 = EDGE_CURVE ( 'NONE', #1013, #770, #751, .T. ) ;
#792 = DIRECTION ( 'NONE',  ( -1.000000000000000000, -1.364029953115296624E-16, 0.000000000000000000 ) ) ;
#793 = CARTESIAN_POINT ( 'NONE',  ( -33.50682655186824377, -35.30960442075906514, 14.00000000000000000 ) ) ;
#794 = ORIENTED_EDGE ( 'NONE', *, *, #545, .F. ) ;
#795 = LINE ( 'NONE', #1509, #562 ) ;
#796 = CARTESIAN_POINT ( 'NONE',  ( -37.50682655186823666, 79.14789557924095220, 42.45000000000001705 ) ) ;
#797 = AXIS2_PLACEMENT_3D ( 'NONE', #702, #1282, #8 ) ;
#798 = ORIENTED_EDGE ( 'NONE', *, *, #285, .F. ) ;
#799 = TOROIDAL_SURFACE ( 'NONE', #704, 13.99999999999999289, 4.000000000000000000 ) ;
#800 = DIRECTION ( 'NONE',  ( -1.000000000000000000, 0.000000000000000000, 0.000000000000000000 ) ) ;
#801 = DIRECTION ( 'NONE',  ( -0.1946666666666101719, -0.9808694555795439696, 0.000000000000000000 ) ) ;
#802 = EDGE_LOOP ( 'NONE', ( #1643, #614 ) ) ;
#803 = CARTESIAN_POINT ( 'NONE',  ( 86.00416779357595942, 109.6621379518124400, 0.3316577242408774717 ) ) ;
#804 = CARTESIAN_POINT ( 'NONE',  ( 71.79382500000001244, 99.65776232622010866, 4.000000000000000000 ) ) ;
#805 = LINE ( 'NONE', #543, #52 ) ;
#806 = LINE ( 'NONE', #1786, #5 ) ;
#807 = AXIS2_PLACEMENT_3D ( 'NONE', #1840, #540, #1121 ) ;
#808 = TOROIDAL_SURFACE ( 'NONE', #988, 8.099999999999999645, 4.000000000000000000 ) ;
#809 = DIRECTION ( 'NONE',  ( -1.000000000000000000, -0.000000000000000000, 0.000000000000000000 ) ) ;
#810 = PERSON_AND_ORGANIZATION_ROLE ( 'creator' ) ;
#811 = ORIENTED_EDGE ( 'NONE', *, *, #285, .T. ) ;
#812 = CARTESIAN_POINT ( 'NONE',  ( 83.61416134150547919, 113.3003955792409556, 0.000000000000000000 ) ) ;
#813 = CARTESIAN_POINT ( 'NONE',  ( 82.34049166666666508, 39.90355162252597410, 4.000000000000000000 ) ) ;
#814 = ORIENTED_EDGE ( 'NONE', *, *, #827, .T. ) ;
#815 = DIRECTION ( 'NONE',  ( 0.000000000000000000, 0.000000000000000000, -1.000000000000000000 ) ) ;
#816 = VERTEX_POINT ( 'NONE', #1587 ) ;
#817 = DIRECTION ( 'NONE',  ( 0.000000000000000000, 0.000000000000000000, 1.000000000000000000 ) ) ;
#818 = ORIENTED_EDGE ( 'NONE', *, *, #1499, .F. ) ;
#819 = CIRCLE ( 'NONE', #208, 4.000000000000003553 ) ;
#820 = PLANE ( 'NONE',  #807 ) ;
#821 = CC_DESIGN_SECURITY_CLASSIFICATION ( #641, ( #125 ) ) ;
#822 = ADVANCED_FACE ( 'NONE', ( #1462 ), #46, .F. ) ;
#823 = LINE ( 'NONE', #1400, #1367 ) ;
#824 = EDGE_CURVE ( 'NONE', #1028, #275, #1844, .T. ) ;
#825 = ORIENTED_EDGE ( 'NONE', *, *, #1810, .F. ) ;
#826 = CARTESIAN_POINT ( 'NONE',  ( -47.50682655186825087, -0.4071044207590653330, 17.55000000000003624 ) ) ;
#827 = EDGE_CURVE ( 'NONE', #1295, #832, #1430, .T. ) ;
#828 = CARTESIAN_POINT ( 'NONE',  ( -37.50682655186823666, -0.4071044207590540642, 42.45000000000001705 ) ) ;
#829 = EDGE_LOOP ( 'NONE', ( #1015, #323, #1764, #1434 ) ) ;
#830 = VECTOR ( 'NONE', #1667, 1000.000000000000000 ) ;
#831 = EDGE_CURVE ( 'NONE', #1148, #722, #1289, .T. ) ;
#832 = VERTEX_POINT ( 'NONE', #1421 ) ;
#833 = CARTESIAN_POINT ( 'NONE',  ( 83.86239088523886664, 109.4747431576666088, 0.1060405271688604351 ) ) ;
#834 = DIRECTION ( 'NONE',  ( -0.000000000000000000, -0.000000000000000000, -1.000000000000000000 ) ) ;
#835 = EDGE_LOOP ( 'NONE', ( #519, #191, #895, #794 ) ) ;
#836 = DIRECTION ( 'NONE',  ( -1.000000000000000000, -1.364044408080838895E-16, -0.000000000000000000 ) ) ;
#837 = AXIS2_PLACEMENT_3D ( 'NONE', #1726, #1762, #321 ) ;
#838 = CARTESIAN_POINT ( 'NONE',  ( 85.79382499999999823, 99.65776232622010866, 4.000000000000000000 ) ) ;
#839 = CIRCLE ( 'NONE', #45, 96.00000000000001421 ) ;
#840 = VERTEX_POINT ( 'NONE', #1577 ) ;
#841 = CLOSED_SHELL ( 'NONE', ( #1026, #666, #1522, #1720, #710, #648, #215, #730, #696, #822, #1357, #1563, #228, #233, #893, #963, #1624, #63, #302, #869, #128, #325, #1223, #1693, #1346, #1578, #1707, #1243, #535, #1787, #1047, #537, #1544, #1033, #298, #1358, #175, #65, #1218, #250, #1435, #503, #498, #1477, #769, #1752, #1206, #246, #1614, #1383, #741, #1378, #1339, #626, #1323 ) ) ;
#842 = DIRECTION ( 'NONE',  ( 0.000000000000000000, 0.000000000000000000, 1.000000000000000000 ) ) ;
#843 = DIRECTION ( 'NONE',  ( -0.000000000000000000, 0.000000000000000000, -1.000000000000000000 ) ) ;
#844 = VERTEX_POINT ( 'NONE', #1722 ) ;
#845 = AXIS2_PLACEMENT_3D ( 'NONE', #1329, #1468, #1012 ) ;
#846 = LINE ( 'NONE', #968, #1082 ) ;
#847 = CARTESIAN_POINT ( 'NONE',  ( 88.51915833333254113, 113.3003955792409556, 6.000000000000000000 ) ) ;
#848 = CARTESIAN_POINT ( 'NONE',  ( 84.94199396643358568, 109.6276672640960470, 3.988003629496216007 ) ) ;
#849 = EDGE_CURVE ( 'NONE', #95, #176, #1449, .T. ) ;
#850 = EDGE_LOOP ( 'NONE', ( #1511, #1583 ) ) ;
#851 = LINE ( 'NONE', #1724, #1387 ) ;
#852 = DIRECTION ( 'NONE',  ( 1.000000000000000000, 0.000000000000000000, 0.000000000000000000 ) ) ;
#853 = AXIS2_PLACEMENT_3D ( 'NONE', #1670, #1681, #1814 ) ;
#854 = CARTESIAN_POINT ( 'NONE',  ( 188.5191583333333085, 79.14789557924098062, 42.45000000000001705 ) ) ;
#855 = CIRCLE ( 'NONE', #496, 4.000000000000003553 ) ;
#856 = CYLINDRICAL_SURFACE ( 'NONE', #563, 4.000000000000000000 ) ;
#857 = CIRCLE ( 'NONE', #1106, 4.000000000000003553 ) ;
#858 = ORIENTED_EDGE ( 'NONE', *, *, #566, .F. ) ;
#859 = FACE_OUTER_BOUND ( 'NONE', #1390, .T. ) ;
#860 = DIRECTION ( 'NONE',  ( 0.000000000000000000, 1.000000000000000000, 0.000000000000000000 ) ) ;
#861 = ORIENTED_EDGE ( 'NONE', *, *, #1618, .T. ) ;
#862 = DIRECTION ( 'NONE',  ( 1.000000000000000000, 0.000000000000000000, 0.000000000000000000 ) ) ;
#863 = EDGE_LOOP ( 'NONE', ( #502, #602, #73, #121 ) ) ;
#864 = DIRECTION ( 'NONE',  ( -1.000000000000000000, 0.000000000000000000, 0.000000000000000000 ) ) ;
#865 = ORIENTED_EDGE ( 'NONE', *, *, #1644, .F. ) ;
#866 = CARTESIAN_POINT ( 'NONE',  ( -37.50682655186825798, 117.3003955792409556, 56.00000000000000000 ) ) ;
#867 = VECTOR ( 'NONE', #1603, 1000.000000000000000 ) ;
#868 =( NAMED_UNIT ( * ) PLANE_ANGLE_UNIT ( ) SI_UNIT ( $, .RADIAN. ) );
#869 = ADVANCED_FACE ( 'NONE', ( #37 ), #1176, .T. ) ;
#870 = ORIENTED_EDGE ( 'NONE', *, *, #1108, .T. ) ;
#871 = DIRECTION ( 'NONE',  ( -1.000000000000000000, 0.000000000000000000, 0.000000000000000000 ) ) ;
#872 = AXIS2_PLACEMENT_3D ( 'NONE', #1826, #674, #993 ) ;
#873 = DIRECTION ( 'NONE',  ( 1.000000000000000000, 0.000000000000000000, 0.000000000000000000 ) ) ;
#874 = ORIENTED_EDGE ( 'NONE', *, *, #1094, .F. ) ;
#875 = FACE_OUTER_BOUND ( 'NONE', #317, .T. ) ;
#876 = DIRECTION ( 'NONE',  ( 0.000000000000000000, 0.000000000000000000, 1.000000000000000000 ) ) ;
#877 = DIRECTION ( 'NONE',  ( 1.000000000000000000, 0.000000000000000000, 0.000000000000000000 ) ) ;
#878 = EDGE_LOOP ( 'NONE', ( #622, #1300, #786, #268 ) ) ;
#879 = DIRECTION ( 'NONE',  ( -0.000000000000000000, -0.000000000000000000, -1.000000000000000000 ) ) ;
#880 = AXIS2_PLACEMENT_3D ( 'NONE', #1697, #541, #1714 ) ;
#881 = ORIENTED_EDGE ( 'NONE', *, *, #24, .T. ) ;
#882 = EDGE_CURVE ( 'NONE', #1831, #608, #1019, .T. ) ;
#883 = CYLINDRICAL_SURFACE ( 'NONE', #538, 4.000000000000003553 ) ;
#884 = AXIS2_PLACEMENT_3D ( 'NONE', #33, #349, #1666 ) ;
#885 = ORIENTED_EDGE ( 'NONE', *, *, #903, .T. ) ;
#886 = EDGE_CURVE ( 'NONE', #712, #816, #458, .T. ) ;
#887 = CIRCLE ( 'NONE', #1222, 4.000000000000000000 ) ;
#888 = FACE_BOUND ( 'NONE', #1533, .T. ) ;
#889 = CARTESIAN_POINT ( 'NONE',  ( -38.64118062788926977, -34.66746760251455584, 16.72343708611464308 ) ) ;
#890 = ORIENTED_EDGE ( 'NONE', *, *, #940, .T. ) ;
#891 = FACE_OUTER_BOUND ( 'NONE', #270, .T. ) ;
#892 = ORIENTED_EDGE ( 'NONE', *, *, #202, .F. ) ;
#893 = ADVANCED_FACE ( 'NONE', ( #152, #559, #1451, #181, #888 ), #482, .T. ) ;
#894 = APPROVAL ( #1657, 'UNSPECIFIED' ) ;
#895 = ORIENTED_EDGE ( 'NONE', *, *, #1695, .T. ) ;
#896 = EDGE_LOOP ( 'NONE', ( #881, #1182, #718, #1834 ) ) ;
#897 = CARTESIAN_POINT ( 'NONE',  ( 85.79382499999999823, 99.65776232622010866, 0.000000000000000000 ) ) ;
#898 = DIRECTION ( 'NONE',  ( -1.000000000000000000, -1.096334072605612984E-16, 0.000000000000000000 ) ) ;
#899 = VERTEX_POINT ( 'NONE', #612 ) ;
#900 = CIRCLE ( 'NONE', #109, 13.99999999999999822 ) ;
#901 = LINE ( 'NONE', #1784, #1320 ) ;
#902 = ORIENTED_EDGE ( 'NONE', *, *, #1523, .F. ) ;
#903 = EDGE_CURVE ( 'NONE', #249, #1847, #1313, .T. ) ;
#904 = CARTESIAN_POINT ( 'NONE',  ( 150.0000000000000000, 0.000000000000000000, 6.000000000000000000 ) ) ;
#905 = DIRECTION ( 'NONE',  ( 0.000000000000000000, 0.000000000000000000, 1.000000000000000000 ) ) ;
#906 = CARTESIAN_POINT ( 'NONE',  ( -33.50682655186824377, -31.31122166698327547, 14.00000000000000000 ) ) ;
#907 = EDGE_CURVE ( 'NONE', #1049, #326, #446, .T. ) ;
#908 = COORDINATED_UNIVERSAL_TIME_OFFSET ( 8, 0, .BEHIND. ) ;
#909 = VERTEX_POINT ( 'NONE', #1747 ) ;
#910 = PERSON ( 'UNSPECIFIED', 'UNSPECIFIED', 'UNSPECIFIED', ('UNSPECIFIED'), ('UNSPECIFIED'), ('UNSPECIFIED') ) ;
#911 = DIRECTION ( 'NONE',  ( 0.000000000000000000, 0.000000000000000000, 1.000000000000000000 ) ) ;
#912 = FACE_BOUND ( 'NONE', #850, .T. ) ;
#913 = CIRCLE ( 'NONE', #1580, 9.999999999999994671 ) ;
#914 = DIRECTION ( 'NONE',  ( -1.000000000000000000, 0.000000000000000000, 0.000000000000000000 ) ) ;
#915 = DIRECTION ( 'NONE',  ( 1.000000000000000000, 0.000000000000000000, 0.000000000000000000 ) ) ;
#916 = PERSON_AND_ORGANIZATION ( #910, #1487 ) ;
#917 = EDGE_LOOP ( 'NONE', ( #1727, #1733, #1297, #1621 ) ) ;
#918 = CIRCLE ( 'NONE', #975, 3.249999999999996891 ) ;
#919 = CARTESIAN_POINT ( 'NONE',  ( 87.90082800261382090, 109.4332693896401878, 3.999765210026180906 ) ) ;
#920 = CARTESIAN_POINT ( 'NONE',  ( 82.34049166666666508, 39.90355162252597410, 10.00000000000000000 ) ) ;
#921 = CARTESIAN_POINT ( 'NONE',  ( 188.5191583333333085, 75.89789557924099483, 42.45000000000001705 ) ) ;
#922 = DIRECTION ( 'NONE',  ( -1.000000000000000000, -0.000000000000000000, -0.000000000000000000 ) ) ;
#923 = CARTESIAN_POINT ( 'NONE',  ( -37.50682655186825798, 113.3003955792409556, 6.000000000000000000 ) ) ;
#924 = CARTESIAN_POINT ( 'NONE',  ( 168.5500000000000114, 2.271719812418342047E-15, 6.000000000000000000 ) ) ;
#925 = PERSON_AND_ORGANIZATION ( #910, #1487 ) ;
#926 = ORIENTED_EDGE ( 'NONE', *, *, #627, .F. ) ;
#927 = DIRECTION ( 'NONE',  ( -0.000000000000000000, -0.000000000000000000, -1.000000000000000000 ) ) ;
#928 = EDGE_CURVE ( 'NONE', #76, #1678, #1508, .T. ) ;
#929 = CARTESIAN_POINT ( 'NONE',  ( 0.000000000000000000, 0.000000000000000000, 10.00000000000000000 ) ) ;
#930 = AXIS2_PLACEMENT_3D ( 'NONE', #1003, #23, #1611 ) ;
#931 = DIRECTION ( 'NONE',  ( 1.000000000000000000, -0.000000000000000000, 0.000000000000000000 ) ) ;
#932 = CIRCLE ( 'NONE', #478, 4.000000000000001776 ) ;
#933 = ADVANCED_BREP_SHAPE_REPRESENTATION ( 'EDM V1-Spool Mount (Left)', ( #457, #671 ), #1456 ) ;
#934 = TOROIDAL_SURFACE ( 'NONE', #930, 96.00000000000000000, 4.000000000000000000 ) ;
#935 = CARTESIAN_POINT ( 'NONE',  ( -37.50682655186823666, -0.4071044207590640007, 17.55000000000003624 ) ) ;
#936 = DIRECTION ( 'NONE',  ( 0.000000000000000000, -1.000000000000000000, 0.000000000000000000 ) ) ;
#937 = ORIENTED_EDGE ( 'NONE', *, *, #1181, .T. ) ;
#938 = DIRECTION ( 'NONE',  ( -0.000000000000000000, -1.000000000000000000, -0.000000000000000000 ) ) ;
#939 = LINE ( 'NONE', #1833, #1097 ) ;
#940 = EDGE_CURVE ( 'NONE', #1028, #1164, #1170, .T. ) ;
#941 = ORIENTED_EDGE ( 'NONE', *, *, #1599, .F. ) ;
#942 = TOROIDAL_SURFACE ( 'NONE', #151, 8.000000000000000000, 4.000000000000000000 ) ;
#943 = FACE_OUTER_BOUND ( 'NONE', #574, .T. ) ;
#944 = CARTESIAN_POINT ( 'NONE',  ( -37.50682655186823666, -32.30960442075906514, 15.01430910517570183 ) ) ;
#945 = DATE_TIME_ROLE ( 'creation_date' ) ;
#946 = ORIENTED_EDGE ( 'NONE', *, *, #1825, .F. ) ;
#947 = EDGE_CURVE ( 'NONE', #1811, #1178, #112, .T. ) ;
#948 = CARTESIAN_POINT ( 'NONE',  ( -37.58499232093615916, -33.01494702501918965, 15.58964497294953233 ) ) ;
#949 = DIRECTION ( 'NONE',  ( 1.224646799147353207E-16, 1.000000000000000000, -0.000000000000000000 ) ) ;
#950 = AXIS2_PLACEMENT_3D ( 'NONE', #638, #1503, #772 ) ;
#951 = CARTESIAN_POINT ( 'NONE',  ( 82.65080767208574741, 113.3003955792409556, 4.000000000000000000 ) ) ;
#952 = AXIS2_PLACEMENT_3D ( 'NONE', #384, #954, #1534 ) ;
#953 = EDGE_CURVE ( 'NONE', #694, #733, #839, .T. ) ;
#954 = DIRECTION ( 'NONE',  ( -1.000000000000000000, -1.096334072605612984E-16, 0.000000000000000000 ) ) ;
#955 = CARTESIAN_POINT ( 'NONE',  ( 85.79382499999999823, 99.65776232622010866, 4.000000000000000000 ) ) ;
#956 = ORIENTED_EDGE ( 'NONE', *, *, #1118, .T. ) ;
#957 = CARTESIAN_POINT ( 'NONE',  ( 88.51915833333254113, 113.3003955792409556, 0.000000000000000000 ) ) ;
#958 = FACE_OUTER_BOUND ( 'NONE', #633, .T. ) ;
#959 = DIRECTION ( 'NONE',  ( 1.000000000000000000, -0.000000000000000000, 0.000000000000000000 ) ) ;
#960 = AXIS2_PLACEMENT_3D ( 'NONE', #178, #430, #1167 ) ;
#961 = EDGE_CURVE ( 'NONE', #102, #1528, #1605, .T. ) ;
#962 = DIRECTION ( 'NONE',  ( 1.000000000000000000, 2.130240428499518796E-14, 0.000000000000000000 ) ) ;
#963 = ADVANCED_FACE ( 'NONE', ( #1349, #583, #875, #1161, #193 ), #1321, .F. ) ;
#964 = ORIENTED_EDGE ( 'NONE', *, *, #1159, .F. ) ;
#965 = EDGE_CURVE ( 'NONE', #176, #712, #749, .T. ) ;
#966 = CARTESIAN_POINT ( 'NONE',  ( 87.42948021201698339, 109.5287880842813877, 0.1757547444837553041 ) ) ;
#967 = CARTESIAN_POINT ( 'NONE',  ( -37.50682655186823666, 79.14789557924095220, 17.55000000000003624 ) ) ;
#968 = CARTESIAN_POINT ( 'NONE',  ( 75.79382500000001244, 99.65776232622010866, 10.00000000000000000 ) ) ;
#969 = DIRECTION ( 'NONE',  ( -1.000000000000000000, 0.000000000000000000, -0.000000000000000000 ) ) ;
#970 = ORIENTED_EDGE ( 'NONE', *, *, #1007, .F. ) ;
#971 = DIRECTION ( 'NONE',  ( 0.000000000000000000, -1.000000000000000000, 0.000000000000000000 ) ) ;
#972 = CC_DESIGN_APPROVAL ( #894, ( #125 ) ) ;
#973 = FACE_OUTER_BOUND ( 'NONE', #835, .T. ) ;
#974 = FACE_OUTER_BOUND ( 'NONE', #1740, .T. ) ;
#975 = AXIS2_PLACEMENT_3D ( 'NONE', #327, #785, #1077 ) ;
#976 = ORIENTED_EDGE ( 'NONE', *, *, #947, .T. ) ;
#977 = AXIS2_PLACEMENT_3D ( 'NONE', #1384, #244, #114 ) ;
#978 = DIRECTION ( 'NONE',  ( 1.000000000000000000, 0.000000000000000000, 0.000000000000000000 ) ) ;
#979 = ORIENTED_EDGE ( 'NONE', *, *, #1081, .F. ) ;
#980 = CARTESIAN_POINT ( 'NONE',  ( 83.54881262291839050, 109.4025003640921483, 4.000000000000000000 ) ) ;
#981 = CARTESIAN_POINT ( 'NONE',  ( -37.50682655186823666, -35.30960442075906514, 3.886266300911727090 ) ) ;
#982 = ORIENTED_EDGE ( 'NONE', *, *, #383, .F. ) ;
#983 = EDGE_CURVE ( 'NONE', #1745, #1847, #1236, .T. ) ;
#984 = CYLINDRICAL_SURFACE ( 'NONE', #1526, 4.000000000000003553 ) ;
#985 = EDGE_CURVE ( 'NONE', #1226, #105, #462, .T. ) ;
#986 = CIRCLE ( 'NONE', #783, 4.000000000000000000 ) ;
#987 = FACE_OUTER_BOUND ( 'NONE', #1034, .T. ) ;
#988 = AXIS2_PLACEMENT_3D ( 'NONE', #1342, #231, #754 ) ;
#989 = ORIENTED_EDGE ( 'NONE', *, *, #1382, .F. ) ;
#990 = LINE ( 'NONE', #1589, #1385 ) ;
#991 = CARTESIAN_POINT ( 'NONE',  ( 166.9999999999999716, 2.081899558550499885E-15, 6.000000000000000000 ) ) ;
#992 = ORIENTED_EDGE ( 'NONE', *, *, #431, .F. ) ;
#993 = DIRECTION ( 'NONE',  ( 1.000000000000000000, 0.000000000000000000, 0.000000000000000000 ) ) ;
#994 = ORIENTED_EDGE ( 'NONE', *, *, #491, .T. ) ;
#995 = LINE ( 'NONE', #150, #1069 ) ;
#996 = CC_DESIGN_PERSON_AND_ORGANIZATION_ASSIGNMENT ( #1820, #386, ( #125 ) ) ;
#997 = CARTESIAN_POINT ( 'NONE',  ( 87.74049166666610233, 109.4664568820155353, 3.998997717563442578 ) ) ;
#998 = ORIENTED_EDGE ( 'NONE', *, *, #1763, .F. ) ;
#999 = FACE_OUTER_BOUND ( 'NONE', #729, .T. ) ;
#1000 = FACE_OUTER_BOUND ( 'NONE', #1120, .T. ) ;
#1001 = AXIS2_PLACEMENT_3D ( 'NONE', #31, #171, #725 ) ;
#1002 = ORIENTED_EDGE ( 'NONE', *, *, #491, .F. ) ;
#1003 = CARTESIAN_POINT ( 'NONE',  ( 88.51915833333325168, 17.30039557924095561, 6.000000000000000000 ) ) ;
#1004 = ORIENTED_EDGE ( 'NONE', *, *, #940, .F. ) ;
#1005 = CIRCLE ( 'NONE', #950, 4.000000000000000000 ) ;
#1006 = CARTESIAN_POINT ( 'NONE',  ( 87.04665618424905915, 109.6041578164353609, 3.994681268570848598 ) ) ;
#1007 = EDGE_CURVE ( 'NONE', #1291, #586, #918, .T. ) ;
#1008 = ORIENTED_EDGE ( 'NONE', *, *, #1081, .T. ) ;
#1009 = LINE ( 'NONE', #866, #332 ) ;
#1010 = CARTESIAN_POINT ( 'NONE',  ( 188.5191583333333085, -0.4071044207590332475, 17.55000000000003624 ) ) ;
#1011 = EDGE_LOOP ( 'NONE', ( #646, #941 ) ) ;
#1012 = DIRECTION ( 'NONE',  ( -1.000000000000000000, 0.000000000000000000, 0.000000000000000000 ) ) ;
#1013 = VERTEX_POINT ( 'NONE', #385 ) ;
#1014 = CARTESIAN_POINT ( 'NONE',  ( 88.51915833333325168, -31.31122166698327547, 6.000000000000000000 ) ) ;
#1015 = ORIENTED_EDGE ( 'NONE', *, *, #1318, .T. ) ;
#1016 = CIRCLE ( 'NONE', #1506, 9.999999999999994671 ) ;
#1017 = DIRECTION ( 'NONE',  ( -1.860597430001689202E-32, 1.364044408080838895E-16, 1.000000000000000000 ) ) ;
#1018 = CARTESIAN_POINT ( 'NONE',  ( 148.5191583333332801, 4.688778333016715649, 4.000000000000000000 ) ) ;
#1019 = CIRCLE ( 'NONE', #1202, 8.099999999999999645 ) ;
#1020 = DIRECTION ( 'NONE',  ( -1.000000000000000000, -1.364044408080838895E-16, -0.000000000000000000 ) ) ;
#1021 = ORIENTED_EDGE ( 'NONE', *, *, #579, .T. ) ;
#1022 = EDGE_CURVE ( 'NONE', #844, #56, #1567, .T. ) ;
#1023 = CARTESIAN_POINT ( 'NONE',  ( 150.0000000000000000, 0.000000000000000000, 10.00000000000000000 ) ) ;
#1024 = VECTOR ( 'NONE', #959, 1000.000000000000000 ) ;
#1025 = VERTEX_POINT ( 'NONE', #79 ) ;
#1026 = ADVANCED_FACE ( 'NONE', ( #668 ), #1656, .F. ) ;
#1027 = DIRECTION ( 'NONE',  ( 0.000000000000000000, 0.000000000000000000, -1.000000000000000000 ) ) ;
#1028 = VERTEX_POINT ( 'NONE', #223 ) ;
#1029 = ORIENTED_EDGE ( 'NONE', *, *, #411, .F. ) ;
#1030 = CARTESIAN_POINT ( 'NONE',  ( -33.50682655186826508, 113.3003955792409556, 6.000000000000000000 ) ) ;
#1031 = CARTESIAN_POINT ( 'NONE',  ( -37.50682655186823666, 79.14789557924095220, 42.45000000000001705 ) ) ;
#1032 = CARTESIAN_POINT ( 'NONE',  ( -47.50682655186825087, 2.842895579240931614, 17.55000000000003624 ) ) ;
#1033 = ADVANCED_FACE ( 'NONE', ( #510 ), #984, .F. ) ;
#1034 = EDGE_LOOP ( 'NONE', ( #1177, #1133, #1777, #1521 ) ) ;
#1035 = DIRECTION ( 'NONE',  ( -1.000000000000000000, 0.000000000000000000, 0.000000000000000000 ) ) ;
#1036 = CIRCLE ( 'NONE', #1793, 100.0000000000000142 ) ;
#1037 = ORIENTED_EDGE ( 'NONE', *, *, #1309, .T. ) ;
#1038 = CARTESIAN_POINT ( 'NONE',  ( 83.54881262291839050, 109.4025003640921483, 4.000000000000000000 ) ) ;
#1039 = CIRCLE ( 'NONE', #238, 7.999999999999998224 ) ;
#1040 = ORIENTED_EDGE ( 'NONE', *, *, #1413, .T. ) ;
#1041 = VECTOR ( 'NONE', #1510, 1000.000000000000000 ) ;
#1042 = CARTESIAN_POINT ( 'NONE',  ( -37.50682655186825798, 113.3003955792409556, 0.000000000000000000 ) ) ;
#1043 = PERSON_AND_ORGANIZATION ( #910, #1487 ) ;
#1044 = ORIENTED_EDGE ( 'NONE', *, *, #1227, .F. ) ;
#1045 = DIRECTION ( 'NONE',  ( -0.000000000000000000, -0.000000000000000000, -1.000000000000000000 ) ) ;
#1046 = ORIENTED_EDGE ( 'NONE', *, *, #1436, .T. ) ;
#1047 = ADVANCED_FACE ( 'NONE', ( #1800 ), #363, .F. ) ;
#1048 = EDGE_CURVE ( 'NONE', #1623, #1052, #1157, .T. ) ;
#1049 = VERTEX_POINT ( 'NONE', #1514 ) ;
#1050 = DIRECTION ( 'NONE',  ( 0.000000000000000000, 0.000000000000000000, 1.000000000000000000 ) ) ;
#1051 = DIRECTION ( 'NONE',  ( -1.364044408080838895E-16, 1.000000000000000000, 0.000000000000000000 ) ) ;
#1052 = VERTEX_POINT ( 'NONE', #1065 ) ;
#1053 = DIRECTION ( 'NONE',  ( 1.000000000000000000, 0.000000000000000000, 0.000000000000000000 ) ) ;
#1054 = FACE_OUTER_BOUND ( 'NONE', #1805, .T. ) ;
#1055 = VECTOR ( 'NONE', #931, 1000.000000000000000 ) ;
#1056 = FACE_OUTER_BOUND ( 'NONE', #172, .T. ) ;
#1057 = DIRECTION ( 'NONE',  ( 0.000000000000000000, 0.000000000000000000, 1.000000000000000000 ) ) ;
#1058 = CALENDAR_DATE ( 2026, 29, 4 ) ;
#1059 = ORIENTED_EDGE ( 'NONE', *, *, #1763, .T. ) ;
#1060 = CARTESIAN_POINT ( 'NONE',  ( -47.50682655186825087, 2.842895579240938275, 42.45000000000001705 ) ) ;
#1061 = ORIENTED_EDGE ( 'NONE', *, *, #609, .F. ) ;
#1062 = AXIS2_PLACEMENT_3D ( 'NONE', #547, #1294, #148 ) ;
#1063 = ORIENTED_EDGE ( 'NONE', *, *, #1298, .F. ) ;
#1064 = CARTESIAN_POINT ( 'NONE',  ( 131.4499999999999886, 0.000000000000000000, 6.000000000000000000 ) ) ;
#1065 = CARTESIAN_POINT ( 'NONE',  ( 75.79382500000001244, 99.65776232622010866, 4.000000000000000000 ) ) ;
#1066 = DIRECTION ( 'NONE',  ( -1.000000000000000000, -1.364044408080838895E-16, -0.000000000000000000 ) ) ;
#1067 = SECURITY_CLASSIFICATION_LEVEL ( 'unclassified' ) ;
#1068 = ORIENTED_EDGE ( 'NONE', *, *, #1702, .T. ) ;
#1069 = VECTOR ( 'NONE', #1719, 1000.000000000000000 ) ;
#1070 = EDGE_CURVE ( 'NONE', #432, #167, #639, .T. ) ;
#1071 = CARTESIAN_POINT ( 'NONE',  ( 148.5191583333329959, -35.31122166698327902, 4.000000000000000000 ) ) ;
#1072 = CARTESIAN_POINT ( 'NONE',  ( -37.50682655186825798, 117.3003955792409556, 10.00000000000000000 ) ) ;
#1073 = LINE ( 'NONE', #1815, #1055 ) ;
#1074 = LINE ( 'NONE', #921, #1041 ) ;
#1075 =( BOUNDED_SURFACE ( )  B_SPLINE_SURFACE ( 3, 2, ( 
 ( #678, #532, #980 ),
 ( #113, #833, #1113 ),
 ( #812, #1399, #1391 ),
 ( #662, #1687, #1241 ),
 ( #1127, #273, #1545 ),
 ( #1539, #803, #1705 ),
 ( #393, #1275, #131 ),
 ( #1102, #1822, #1832 ),
 ( #147, #966, #388 ),
 ( #957, #4, #1259 ) ),
 .UNSPECIFIED., .F., .F., .T. ) 
 B_SPLINE_SURFACE_WITH_KNOTS ( ( 4, 2, 2, 2, 4 ),
 ( 3, 3 ),
 ( 0.01010385641861514042, 0.01159060000389132081, 0.01307734358916750120, 0.01456408717444368159, 0.01605083075971986198 ),
 ( 0.000000000000000000, 1.000000000000000000 ),
 .UNSPECIFIED. ) 
 GEOMETRIC_REPRESENTATION_ITEM ( )  RATIONAL_B_SPLINE_SURFACE ( (
 ( 1.000000000000000000, 0.7071067811865463515, 1.000000000000000000),
 ( 1.000000000000000000, 0.7166018133040847893, 1.000000000000000000),
 ( 1.000000000000000000, 0.7239815173167858386, 1.000000000000000000),
 ( 1.000000000000000000, 0.7343219752249645627, 1.000000000000000000),
 ( 1.000000000000000000, 0.7372521075490879872, 1.000000000000000000),
 ( 1.000000000000000000, 0.7385182503858894743, 1.000000000000000000),
 ( 1.000000000000000000, 0.7368929489001179167, 1.000000000000000000),
 ( 1.000000000000000000, 0.7291993577206214994, 1.000000000000000000),
 ( 1.000000000000000000, 0.7231292400776599960, 1.000000000000000000),
 ( 1.000000000000000000, 0.7148274435906539770, 1.000000000000000000) ) ) 
 REPRESENTATION_ITEM ( '' )  SURFACE ( )  );
#1076 = DIRECTION ( 'NONE',  ( -0.000000000000000000, -0.000000000000000000, -1.000000000000000000 ) ) ;
#1077 = DIRECTION ( 'NONE',  ( 0.000000000000000000, 1.000000000000000000, 0.000000000000000000 ) ) ;
#1078 = DATE_AND_TIME ( #1220, #210 ) ;
#1079 = ORIENTED_EDGE ( 'NONE', *, *, #983, .F. ) ;
#1080 = DIRECTION ( 'NONE',  ( -1.000000000000000000, 0.000000000000000000, 0.000000000000000000 ) ) ;
#1081 = EDGE_CURVE ( 'NONE', #13, #1186, #1217, .T. ) ;
#1082 = VECTOR ( 'NONE', #402, 1000.000000000000000 ) ;
#1083 = ORIENTED_EDGE ( 'NONE', *, *, #706, .F. ) ;
#1084 = ORIENTED_EDGE ( 'NONE', *, *, #564, .T. ) ;
#1085 = VECTOR ( 'NONE', #1653, 1000.000000000000000 ) ;
#1086 = EDGE_CURVE ( 'NONE', #770, #665, #767, .T. ) ;
#1087 = CIRCLE ( 'NONE', #1265, 4.099999999999999645 ) ;
#1088 = DIRECTION ( 'NONE',  ( 1.000000000000000000, 0.000000000000000000, 0.000000000000000000 ) ) ;
#1089 = DIRECTION ( 'NONE',  ( -1.364044408080838895E-16, 1.000000000000000000, -0.000000000000000000 ) ) ;
#1090 = SHAPE_DEFINITION_REPRESENTATION ( #1652, #933 ) ;
#1091 = EDGE_LOOP ( 'NONE', ( #560, #705, #1213, #1168, #1791 ) ) ;
#1092 = DIRECTION ( 'NONE',  ( -1.000000000000000000, -1.364044408080838895E-16, -0.000000000000000000 ) ) ;
#1093 = DIRECTION ( 'NONE',  ( 1.000000000000000000, 1.096334072605612984E-16, -0.000000000000000000 ) ) ;
#1094 = EDGE_CURVE ( 'NONE', #1484, #1295, #1219, .T. ) ;
#1095 = DIRECTION ( 'NONE',  ( -0.2245012377081609944, 0.9744738037872049397, 0.000000000000000000 ) ) ;
#1096 = ORIENTED_EDGE ( 'NONE', *, *, #1716, .T. ) ;
#1097 = VECTOR ( 'NONE', #533, 1000.000000000000000 ) ;
#1098 = CARTESIAN_POINT ( 'NONE',  ( 95.79382499999999823, 99.65776232622010866, 10.00000000000000000 ) ) ;
#1099 = DIRECTION ( 'NONE',  ( 0.000000000000000000, 1.000000000000000000, 0.000000000000000000 ) ) ;
#1100 = DATE_AND_TIME ( #1058, #1610 ) ;
#1101 = ORIENTED_EDGE ( 'NONE', *, *, #383, .T. ) ;
#1102 = CARTESIAN_POINT ( 'NONE',  ( 87.54775355563450034, 113.3003955792409556, 0.000000000000000000 ) ) ;
#1103 = DIRECTION ( 'NONE',  ( 0.000000000000000000, -1.000000000000000000, 0.000000000000000000 ) ) ;
#1104 = VECTOR ( 'NONE', #1619, 1000.000000000000000 ) ;
#1105 = CARTESIAN_POINT ( 'NONE',  ( -37.50682655186823666, -35.31067991883886492, 7.159570345720378981 ) ) ;
#1106 = AXIS2_PLACEMENT_3D ( 'NONE', #378, #1654, #1846 ) ;
#1107 = EDGE_CURVE ( 'NONE', #54, #95, #1797, .T. ) ;
#1108 = EDGE_CURVE ( 'NONE', #213, #1226, #1807, .T. ) ;
#1109 = EDGE_CURVE ( 'NONE', #733, #1178, #1380, .T. ) ;
#1110 = DIRECTION ( 'NONE',  ( -0.000000000000000000, -0.000000000000000000, -1.000000000000000000 ) ) ;
#1111 = CARTESIAN_POINT ( 'NONE',  ( 0.000000000000000000, 0.000000000000000000, 4.000000000000000000 ) ) ;
#1112 = ORIENTED_EDGE ( 'NONE', *, *, #313, .F. ) ;
#1113 = CARTESIAN_POINT ( 'NONE',  ( 83.89064728375788604, 109.4812529217820156, 3.999999998089333264 ) ) ;
#1114 = LINE ( 'NONE', #156, #488 ) ;
#1115 = VERTEX_POINT ( 'NONE', #372 ) ;
#1116 = PLANE ( 'NONE',  #444 ) ;
#1117 = FACE_OUTER_BOUND ( 'NONE', #1189, .T. ) ;
#1118 = EDGE_CURVE ( 'NONE', #816, #213, #1612, .T. ) ;
#1119 = CIRCLE ( 'NONE', #306, 4.000000000000000000 ) ;
#1120 = EDGE_LOOP ( 'NONE', ( #989, #470, #1609, #1416, #624, #340, #1201 ) ) ;
#1121 = DIRECTION ( 'NONE',  ( 0.000000000000000000, -1.000000000000000000, 1.364044408080838895E-16 ) ) ;
#1122 = CARTESIAN_POINT ( 'NONE',  ( 85.79382499999999823, 99.65776232622010866, 4.000000000000000000 ) ) ;
#1123 = DIRECTION ( 'NONE',  ( 0.000000000000000000, 0.000000000000000000, 1.000000000000000000 ) ) ;
#1124 = DIRECTION ( 'NONE',  ( 0.000000000000000000, 0.000000000000000000, 1.000000000000000000 ) ) ;
#1125 = EDGE_LOOP ( 'NONE', ( #38, #814, #16, #747 ) ) ;
#1126 = VECTOR ( 'NONE', #843, 1000.000000000000000 ) ;
#1127 = CARTESIAN_POINT ( 'NONE',  ( 85.09396258430111004, 113.3003955792409414, 1.691434590171777141E-15 ) ) ;
#1128 = CARTESIAN_POINT ( 'NONE',  ( -47.50682655186825798, 75.89789557924096641, 42.45000000000001705 ) ) ;
#1129 = ORIENTED_EDGE ( 'NONE', *, *, #1109, .F. ) ;
#1130 = CARTESIAN_POINT ( 'NONE',  ( 88.51915833333254113, 113.3003955792409556, 0.000000000000000000 ) ) ;
#1131 = AXIS2_PLACEMENT_3D ( 'NONE', #529, #144, #667 ) ;
#1132 = LINE ( 'NONE', #1397, #1708 ) ;
#1133 = ORIENTED_EDGE ( 'NONE', *, *, #1287, .F. ) ;
#1134 = DIRECTION ( 'NONE',  ( 1.364044408080838895E-16, -1.000000000000000000, 1.364044408080838895E-16 ) ) ;
#1135 = CARTESIAN_POINT ( 'NONE',  ( 92.34049166666666508, 39.90355162252597410, 4.000000000000000000 ) ) ;
#1136 = B_SPLINE_CURVE_WITH_KNOTS ( 'NONE', 3,
 ( #407, #1560, #375, #948, #1530, #243, #1151, #572, #425, #724, #889, #736, #170, #441, #561, #450, #11, #434, #593, #1730, #1285, #20, #745, #1443 ),
 .UNSPECIFIED., .F., .F.,
 ( 4, 2, 2, 2, 2, 2, 2, 2, 2, 2, 2, 4 ),
 ( 0.000000000000000000, 0.0006844554646347086836, 0.001368910929269417367, 0.002053366393904125942, 0.002737821858538834734, 0.003422277323173543960, 0.004106732787808251885, 0.004791188252442960677, 0.005133415984760315506, 0.005304529850918985115, 0.005390086783998320787, 0.005475643717077656458 ),
 .UNSPECIFIED. ) ;
#1137 = DIRECTION ( 'NONE',  ( -0.000000000000000000, 1.000000000000000000, 0.000000000000000000 ) ) ;
#1138 = CARTESIAN_POINT ( 'NONE',  ( 150.0000000000000000, 0.000000000000000000, 10.00000000000000000 ) ) ;
#1139 = AXIS2_PLACEMENT_3D ( 'NONE', #1696, #1092, #971 ) ;
#1140 = CARTESIAN_POINT ( 'NONE',  ( 188.5191583333333085, 6.092895579240964032, 42.45000000000001705 ) ) ;
#1141 = VECTOR ( 'NONE', #1293, 1000.000000000000000 ) ;
#1142 = ORIENTED_EDGE ( 'NONE', *, *, #359, .T. ) ;
#1143 = DIRECTION ( 'NONE',  ( -1.000000000000000000, -1.364044408080838895E-16, -0.000000000000000000 ) ) ;
#1144 = CARTESIAN_POINT ( 'NONE',  ( -47.50682655186825798, 117.3003955792409556, 4.000000000000000000 ) ) ;
#1145 = ORIENTED_EDGE ( 'NONE', *, *, #1274, .F. ) ;
#1146 = CARTESIAN_POINT ( 'NONE',  ( 75.79382500000001244, 99.65776232622010866, 10.00000000000000000 ) ) ;
#1147 = EDGE_CURVE ( 'NONE', #726, #733, #1676, .T. ) ;
#1148 = VERTEX_POINT ( 'NONE', #530 ) ;
#1149 = DIRECTION ( 'NONE',  ( 0.000000000000000000, -1.000000000000000000, 0.000000000000000000 ) ) ;
#1150 = ORIENTED_EDGE ( 'NONE', *, *, #1664, .T. ) ;
#1151 = CARTESIAN_POINT ( 'NONE',  ( -37.86869207219718447, -33.75196526760737470, 16.05901004182562986 ) ) ;
#1152 = LINE ( 'NONE', #1163, #577 ) ;
#1153 = AXIS2_PLACEMENT_3D ( 'NONE', #163, #699, #852 ) ;
#1154 = ORIENTED_EDGE ( 'NONE', *, *, #965, .T. ) ;
#1155 = CARTESIAN_POINT ( 'NONE',  ( 88.04170711736151134, 109.4018387825317120, 4.000000000000000000 ) ) ;
#1156 = ORIENTED_EDGE ( 'NONE', *, *, #1557, .T. ) ;
#1157 = CIRCLE ( 'NONE', #320, 9.999999999999994671 ) ;
#1158 = DIRECTION ( 'NONE',  ( 0.000000000000000000, -0.000000000000000000, 1.000000000000000000 ) ) ;
#1159 = EDGE_CURVE ( 'NONE', #722, #167, #1490, .T. ) ;
#1160 = ORIENTED_EDGE ( 'NONE', *, *, #409, .F. ) ;
#1161 = FACE_BOUND ( 'NONE', #589, .T. ) ;
#1162 = DIRECTION ( 'NONE',  ( -0.000000000000000000, -0.000000000000000000, -1.000000000000000000 ) ) ;
#1163 = CARTESIAN_POINT ( 'NONE',  ( -37.50682655186825798, 117.3003955792409556, 6.000000000000000000 ) ) ;
#1164 = VERTEX_POINT ( 'NONE', #924 ) ;
#1165 = EDGE_CURVE ( 'NONE', #1258, #1736, #995, .T. ) ;
#1166 = ORIENTED_EDGE ( 'NONE', *, *, #26, .T. ) ;
#1167 = DIRECTION ( 'NONE',  ( 0.000000000000000000, 1.000000000000000000, 0.000000000000000000 ) ) ;
#1168 = ORIENTED_EDGE ( 'NONE', *, *, #1165, .T. ) ;
#1169 = CIRCLE ( 'NONE', #360, 7.999999999999998224 ) ;
#1170 = LINE ( 'NONE', #753, #625 ) ;
#1171 = PLANE ( 'NONE',  #17 ) ;
#1172 = CIRCLE ( 'NONE', #1659, 13.99999999999999822 ) ;
#1173 = ORIENTED_EDGE ( 'NONE', *, *, #1520, .F. ) ;
#1174 = CARTESIAN_POINT ( 'NONE',  ( 88.94085996430611374, 113.2994693650563818, 0.000000000000000000 ) ) ;
#1175 = AXIS2_PLACEMENT_3D ( 'NONE', #1023, #294, #312 ) ;
#1176 = PLANE ( 'NONE',  #1325 ) ;
#1177 = ORIENTED_EDGE ( 'NONE', *, *, #766, .T. ) ;
#1178 = VERTEX_POINT ( 'NONE', #558 ) ;
#1179 = CARTESIAN_POINT ( 'NONE',  ( 82.34049166666666508, 39.90355162252597410, 4.000000000000000000 ) ) ;
#1180 = CARTESIAN_POINT ( 'NONE',  ( 188.5191583333333085, 2.842895579240963588, 17.55000000000003624 ) ) ;
#1181 = EDGE_CURVE ( 'NONE', #1186, #485, #1310, .T. ) ;
#1182 = ORIENTED_EDGE ( 'NONE', *, *, #39, .T. ) ;
#1183 = DIRECTION ( 'NONE',  ( 0.000000000000000000, 0.000000000000000000, 1.000000000000000000 ) ) ;
#1184 = EDGE_CURVE ( 'NONE', #275, #1028, #263, .T. ) ;
#1185 = VECTOR ( 'NONE', #1453, 1000.000000000000000 ) ;
#1186 = VERTEX_POINT ( 'NONE', #1575 ) ;
#1187 = ORIENTED_EDGE ( 'NONE', *, *, #173, .T. ) ;
#1188 = VECTOR ( 'NONE', #809, 1000.000000000000000 ) ;
#1189 = EDGE_LOOP ( 'NONE', ( #1828, #861, #1821, #581 ) ) ;
#1190 = CARTESIAN_POINT ( 'NONE',  ( -37.50682655186823666, 6.092895579240933834, 42.45000000000001705 ) ) ;
#1191 = AXIS2_PLACEMENT_3D ( 'NONE', #1264, #1849, #404 ) ;
#1192 = DIRECTION ( 'NONE',  ( -1.364044408080838895E-16, 1.000000000000000000, 0.000000000000000000 ) ) ;
#1193 = DIRECTION ( 'NONE',  ( 0.000000000000000000, -1.000000000000000000, 0.000000000000000000 ) ) ;
#1194 = DIRECTION ( 'NONE',  ( -1.000000000000000000, -1.364044408080838895E-16, -0.000000000000000000 ) ) ;
#1195 = ORIENTED_EDGE ( 'NONE', *, *, #87, .F. ) ;
#1196 = CARTESIAN_POINT ( 'NONE',  ( -37.50682655186823666, 79.14789557924095220, 17.55000000000003624 ) ) ;
#1197 = FACE_BOUND ( 'NONE', #341, .T. ) ;
#1198 = ORIENTED_EDGE ( 'NONE', *, *, #1184, .T. ) ;
#1199 = CARTESIAN_POINT ( 'NONE',  ( -47.50682655186824377, -35.30960442075906514, 0.000000000000000000 ) ) ;
#1200 = APPROVAL_DATE_TIME ( #1808, #1665 ) ;
#1201 = ORIENTED_EDGE ( 'NONE', *, *, #324, .T. ) ;
#1202 = AXIS2_PLACEMENT_3D ( 'NONE', #1755, #289, #1734 ) ;
#1203 = LINE ( 'NONE', #225, #628 ) ;
#1204 = ORIENTED_EDGE ( 'NONE', *, *, #953, .T. ) ;
#1205 = CARTESIAN_POINT ( 'NONE',  ( 82.34049166666666508, 39.90355162252597410, 4.000000000000000000 ) ) ;
#1206 = ADVANCED_FACE ( 'NONE', ( #287 ), #762, .T. ) ;
#1207 = CARTESIAN_POINT ( 'NONE',  ( -47.50682655186825798, 82.39789557924096641, 17.55000000000003624 ) ) ;
#1208 = CARTESIAN_POINT ( 'NONE',  ( 150.0000000000000000, 0.000000000000000000, 6.000000000000000000 ) ) ;
#1209 = CARTESIAN_POINT ( 'NONE',  ( 188.5191583333333085, 2.842895579240970694, 42.45000000000001705 ) ) ;
#1210 = ORIENTED_EDGE ( 'NONE', *, *, #354, .F. ) ;
#1211 = CARTESIAN_POINT ( 'NONE',  ( -33.50682655186824377, -31.31122166698327547, 6.000000000000000000 ) ) ;
#1212 = CARTESIAN_POINT ( 'NONE',  ( 68.34049166666666508, 39.90355162252597410, 0.000000000000000000 ) ) ;
#1213 = ORIENTED_EDGE ( 'NONE', *, *, #1245, .T. ) ;
#1214 = CIRCLE ( 'NONE', #1303, 3.249999999999996891 ) ;
#1215 = APPROVAL_PERSON_ORGANIZATION ( #621, #1850, #352 ) ;
#1216 = DIRECTION ( 'NONE',  ( 0.000000000000000000, 0.000000000000000000, -1.000000000000000000 ) ) ;
#1217 = LINE ( 'NONE', #631, #1188 ) ;
#1218 = ADVANCED_FACE ( 'NONE', ( #943 ), #1348, .T. ) ;
#1219 = CIRCLE ( 'NONE', #551, 3.249999999999994227 ) ;
#1220 = CALENDAR_DATE ( 2026, 29, 4 ) ;
#1221 = ORIENTED_EDGE ( 'NONE', *, *, #1231, .T. ) ;
#1222 = AXIS2_PLACEMENT_3D ( 'NONE', #1569, #685, #1829 ) ;
#1223 = ADVANCED_FACE ( 'NONE', ( #1305 ), #1513, .T. ) ;
#1224 = DIRECTION ( 'NONE',  ( -6.938893903907221278E-15, -1.000000000000000000, -6.938893903907227589E-15 ) ) ;
#1225 = LINE ( 'NONE', #356, #525 ) ;
#1226 = VERTEX_POINT ( 'NONE', #1524 ) ;
#1227 = EDGE_CURVE ( 'NONE', #548, #47, #1788, .T. ) ;
#1228 = CYLINDRICAL_SURFACE ( 'NONE', #732, 4.099999999999999645 ) ;
#1229 = DIRECTION ( 'NONE',  ( 0.000000000000000000, 0.000000000000000000, 1.000000000000000000 ) ) ;
#1230 = ORIENTED_EDGE ( 'NONE', *, *, #368, .F. ) ;
#1231 = EDGE_CURVE ( 'NONE', #1025, #1649, #1005, .T. ) ;
#1232 = DIRECTION ( 'NONE',  ( -1.000000000000000000, -1.364044408080838895E-16, 0.000000000000000000 ) ) ;
#1233 = DIRECTION ( 'NONE',  ( -0.000000000000000000, -0.000000000000000000, -1.000000000000000000 ) ) ;
#1234 = CIRCLE ( 'NONE', #416, 3.249999999999993783 ) ;
#1235 = ORIENTED_EDGE ( 'NONE', *, *, #743, .T. ) ;
#1236 = CIRCLE ( 'NONE', #50, 9.999999999999994671 ) ;
#1237 = ORIENTED_EDGE ( 'NONE', *, *, #380, .T. ) ;
#1238 = DIRECTION ( 'NONE',  ( 0.000000000000000000, 1.000000000000000000, 0.000000000000000000 ) ) ;
#1239 = DIRECTION ( 'NONE',  ( -1.000000000000000000, -1.364044408080838895E-16, -0.000000000000000000 ) ) ;
#1240 = EDGE_LOOP ( 'NONE', ( #1142, #1409, #1613, #1445, #1754, #531, #1096 ) ) ;
#1241 = CARTESIAN_POINT ( 'NONE',  ( 84.93846440734101577, 109.6273769082741723, 3.988039426456160719 ) ) ;
#1242 = DIRECTION ( 'NONE',  ( 0.000000000000000000, 1.000000000000000000, 0.000000000000000000 ) ) ;
#1243 = ADVANCED_FACE ( 'NONE', ( #1056 ), #1655, .F. ) ;
#1244 = CARTESIAN_POINT ( 'NONE',  ( -33.50682655186824377, -35.30960442075905803, 10.00000000000000000 ) ) ;
#1245 = EDGE_CURVE ( 'NONE', #1528, #1258, #1039, .T. ) ;
#1246 = DIRECTION ( 'NONE',  ( 0.000000000000000000, 0.000000000000000000, 1.000000000000000000 ) ) ;
#1247 = ORIENTED_EDGE ( 'NONE', *, *, #1107, .F. ) ;
#1248 = AXIS2_PLACEMENT_3D ( 'NONE', #442, #1607, #877 ) ;
#1249 = CYLINDRICAL_SURFACE ( 'NONE', #1131, 9.999999999999994671 ) ;
#1250 = DIRECTION ( 'NONE',  ( -6.938893903907228378E-15, 0.000000000000000000, -1.000000000000000000 ) ) ;
#1251 = ORIENTED_EDGE ( 'NONE', *, *, #831, .F. ) ;
#1252 = CARTESIAN_POINT ( 'NONE',  ( 87.94179396903473389, 109.4248879632745002, 3.999999999548022434 ) ) ;
#1253 = DIRECTION ( 'NONE',  ( 0.000000000000000000, 0.000000000000000000, 1.000000000000000000 ) ) ;
#1254 = ORIENTED_EDGE ( 'NONE', *, *, #1702, .F. ) ;
#1255 = CIRCLE ( 'NONE', #381, 35.99999999999997868 ) ;
#1256 = LINE ( 'NONE', #1690, #1565 ) ;
#1257 = CARTESIAN_POINT ( 'NONE',  ( 88.51915833333325168, 17.30039557924095561, 6.000000000000000000 ) ) ;
#1258 = VERTEX_POINT ( 'NONE', #209 ) ;
#1259 = CARTESIAN_POINT ( 'NONE',  ( 87.74049166666610233, 109.4664568820155353, 3.998997717563442578 ) ) ;
#1260 = DIRECTION ( 'NONE',  ( 0.000000000000000000, 0.000000000000000000, -1.000000000000000000 ) ) ;
#1261 = CARTESIAN_POINT ( 'NONE',  ( -4.099999999999999645, 0.000000000000000000, 4.000000000000000000 ) ) ;
#1262 = VECTOR ( 'NONE', #1698, 1000.000000000000000 ) ;
#1263 = VECTOR ( 'NONE', #27, 1000.000000000000000 ) ;
#1264 = CARTESIAN_POINT ( 'NONE',  ( 82.34049166666666508, 39.90355162252597410, 10.00000000000000000 ) ) ;
#1265 = AXIS2_PLACEMENT_3D ( 'NONE', #1855, #149, #557 ) ;
#1266 = ORIENTED_EDGE ( 'NONE', *, *, #849, .T. ) ;
#1267 = FACE_OUTER_BOUND ( 'NONE', #896, .T. ) ;
#1268 = CARTESIAN_POINT ( 'NONE',  ( 188.5191583333333085, 6.092895579240959592, 17.55000000000003624 ) ) ;
#1269 = CARTESIAN_POINT ( 'NONE',  ( 184.5191583333332801, 17.30039557924095561, 4.000000000000000000 ) ) ;
#1270 = EDGE_LOOP ( 'NONE', ( #42, #28, #994, #1059 ) ) ;
#1271 = DIRECTION ( 'NONE',  ( 0.000000000000000000, 0.000000000000000000, 1.000000000000000000 ) ) ;
#1272 = ORIENTED_EDGE ( 'NONE', *, *, #882, .F. ) ;
#1273 = AXIS2_PLACEMENT_3D ( 'NONE', #1032, #898, #300 ) ;
#1274 = EDGE_CURVE ( 'NONE', #432, #1148, #1278, .T. ) ;
#1275 = CARTESIAN_POINT ( 'NONE',  ( 86.36924524141609538, 109.6475172796273938, 0.3158124059946468831 ) ) ;
#1276 = CARTESIAN_POINT ( 'NONE',  ( -41.50682655186825798, 117.3003955792409556, 10.00000000000000000 ) ) ;
#1277 = DIRECTION ( 'NONE',  ( 0.000000000000000000, 0.000000000000000000, -1.000000000000000000 ) ) ;
#1278 = CIRCLE ( 'NONE', #1645, 4.099999999999999645 ) ;
#1279 = EDGE_CURVE ( 'NONE', #665, #326, #154, .T. ) ;
#1280 = AXIS2_PLACEMENT_3D ( 'NONE', #1405, #1818, #1558 ) ;
#1281 = EDGE_LOOP ( 'NONE', ( #1037, #811 ) ) ;
#1282 = DIRECTION ( 'NONE',  ( -1.000000000000000000, -1.364044408080838895E-16, 0.000000000000000000 ) ) ;
#1283 = CARTESIAN_POINT ( 'NONE',  ( 85.79382499999999823, 99.65776232622010866, 10.00000000000000000 ) ) ;
#1284 = ORIENTED_EDGE ( 'NONE', *, *, #124, .T. ) ;
#1285 = CARTESIAN_POINT ( 'NONE',  ( -40.43007656437534791, -35.30871513820664376, 17.71681607787070689 ) ) ;
#1286 = DIRECTION ( 'NONE',  ( 0.000000000000000000, 0.000000000000000000, -1.000000000000000000 ) ) ;
#1287 = EDGE_CURVE ( 'NONE', #56, #1757, #1255, .T. ) ;
#1288 = DIRECTION ( 'NONE',  ( 1.000000000000000000, 1.364044408080838895E-16, -0.000000000000000000 ) ) ;
#1289 = LINE ( 'NONE', #1744, #781 ) ;
#1290 = CIRCLE ( 'NONE', #960, 4.000000000000003553 ) ;
#1291 = VERTEX_POINT ( 'NONE', #935 ) ;
#1292 = AXIS2_PLACEMENT_3D ( 'NONE', #1774, #1347, #1365 ) ;
#1293 = DIRECTION ( 'NONE',  ( 1.000000000000000000, 1.364029953115296624E-16, -0.000000000000000000 ) ) ;
#1294 = DIRECTION ( 'NONE',  ( 1.000000000000000000, 1.096334072605612984E-16, -0.000000000000000000 ) ) ;
#1295 = VERTEX_POINT ( 'NONE', #1190 ) ;
#1296 = CARTESIAN_POINT ( 'NONE',  ( 166.9999999999999716, 2.081899558550500280E-15, 6.000000000000000000 ) ) ;
#1297 = ORIENTED_EDGE ( 'NONE', *, *, #313, .T. ) ;
#1298 = EDGE_CURVE ( 'NONE', #326, #211, #1308, .T. ) ;
#1299 = CARTESIAN_POINT ( 'NONE',  ( 85.29543591978618622, 109.6515047807313721, 3.984786893256101692 ) ) ;
#1300 = ORIENTED_EDGE ( 'NONE', *, *, #1817, .T. ) ;
#1301 = CARTESIAN_POINT ( 'NONE',  ( 184.5191583333332801, 4.688778333016715649, 4.000000000000000000 ) ) ;
#1302 = DIRECTION ( 'NONE',  ( 1.000000000000000000, 1.364044408080838895E-16, -0.000000000000000000 ) ) ;
#1303 = AXIS2_PLACEMENT_3D ( 'NONE', #1392, #120, #1103 ) ;
#1304 = ORIENTED_EDGE ( 'NONE', *, *, #1298, .T. ) ;
#1305 = FACE_OUTER_BOUND ( 'NONE', #272, .T. ) ;
#1306 = DIRECTION ( 'NONE',  ( -1.000000000000000000, -1.364044408080838895E-16, -0.000000000000000000 ) ) ;
#1307 = ORIENTED_EDGE ( 'NONE', *, *, #907, .F. ) ;
#1308 = CIRCLE ( 'NONE', #1427, 4.000000000000004441 ) ;
#1309 = EDGE_CURVE ( 'NONE', #1431, #224, #615, .T. ) ;
#1310 = CIRCLE ( 'NONE', #797, 4.000000000000000000 ) ;
#1311 = CARTESIAN_POINT ( 'NONE',  ( -40.50682655186824377, -35.30960442075906514, 56.00000000000002132 ) ) ;
#1312 = ORIENTED_EDGE ( 'NONE', *, *, #6, .F. ) ;
#1313 = LINE ( 'NONE', #70, #1689 ) ;
#1314 = LINE ( 'NONE', #1597, #1141 ) ;
#1315 = ORIENTED_EDGE ( 'NONE', *, *, #1618, .F. ) ;
#1316 = FACE_OUTER_BOUND ( 'NONE', #126, .T. ) ;
#1317 = CARTESIAN_POINT ( 'NONE',  ( -41.50682655186825798, 113.3003955792409556, 0.000000000000000000 ) ) ;
#1318 = EDGE_CURVE ( 'NONE', #25, #1226, #855, .T. ) ;
#1319 = ORIENTED_EDGE ( 'NONE', *, *, #1599, .T. ) ;
#1320 = VECTOR ( 'NONE', #1631, 1000.000000000000000 ) ;
#1321 = PLANE ( 'NONE',  #1568 ) ;
#1322 = CARTESIAN_POINT ( 'NONE',  ( 8.099999999999999645, 0.000000000000000000, 0.000000000000000000 ) ) ;
#1323 = ADVANCED_FACE ( 'NONE', ( #343 ), #1799, .F. ) ;
#1324 = CC_DESIGN_PERSON_AND_ORGANIZATION_ASSIGNMENT ( #522, #810, ( #145 ) ) ;
#1325 = AXIS2_PLACEMENT_3D ( 'NONE', #580, #9, #1158 ) ;
#1326 = APPLICATION_PROTOCOL_DEFINITION ( 'international standard', 'config_control_design', 1994, #714 ) ;
#1327 = ORIENTED_EDGE ( 'NONE', *, *, #1664, .F. ) ;
#1328 = CIRCLE ( 'NONE', #1630, 9.999999999999994671 ) ;
#1329 = CARTESIAN_POINT ( 'NONE',  ( 150.0000000000000000, 0.000000000000000000, 6.000000000000000000 ) ) ;
#1330 = AXIS2_PLACEMENT_3D ( 'NONE', #1426, #607, #862 ) ;
#1331 = VERTEX_POINT ( 'NONE', #1207 ) ;
#1332 = VERTEX_POINT ( 'NONE', #1064 ) ;
#1333 = CARTESIAN_POINT ( 'NONE',  ( 184.5191583333332801, 17.30039557924024862, 10.00000000000000000 ) ) ;
#1334 = PERSON_AND_ORGANIZATION ( #910, #1487 ) ;
#1335 = EDGE_LOOP ( 'NONE', ( #1761, #1406 ) ) ;
#1336 = CARTESIAN_POINT ( 'NONE',  ( -47.50682655186824377, -35.30960442075906514, 3.886266300911727090 ) ) ;
#1337 = AXIS2_PLACEMENT_3D ( 'NONE', #1072, #85, #1794 ) ;
#1338 = CARTESIAN_POINT ( 'NONE',  ( 131.4499999999999886, 0.000000000000000000, 10.00000000000000000 ) ) ;
#1339 = ADVANCED_FACE ( 'NONE', ( #1779 ), #1646, .T. ) ;
#1340 = AXIS2_PLACEMENT_3D ( 'NONE', #904, #1481, #914 ) ;
#1341 = CARTESIAN_POINT ( 'NONE',  ( 148.5191583333332801, 4.688778333016715649, 10.00000000000000000 ) ) ;
#1342 = CARTESIAN_POINT ( 'NONE',  ( 0.000000000000000000, 0.000000000000000000, 4.000000000000000000 ) ) ;
#1343 =( NAMED_UNIT ( * ) SI_UNIT ( $, .STERADIAN. ) SOLID_ANGLE_UNIT ( ) );
#1344 = ORIENTED_EDGE ( 'NONE', *, *, #1318, .F. ) ;
#1345 = CARTESIAN_POINT ( 'NONE',  ( 184.5191583333332801, 17.30039557924027704, 6.000000000000000000 ) ) ;
#1346 = ADVANCED_FACE ( 'NONE', ( #481 ), #1228, .F. ) ;
#1347 = DIRECTION ( 'NONE',  ( 0.000000000000000000, 0.000000000000000000, -1.000000000000000000 ) ) ;
#1348 = CYLINDRICAL_SURFACE ( 'NONE', #884, 4.000000000000000000 ) ;
#1349 = FACE_BOUND ( 'NONE', #651, .T. ) ;
#1350 = COORDINATED_UNIVERSAL_TIME_OFFSET ( 8, 0, .BEHIND. ) ;
#1351 = ORIENTED_EDGE ( 'NONE', *, *, #1245, .F. ) ;
#1352 = CARTESIAN_POINT ( 'NONE',  ( 148.5191583333332801, 4.688778333016715649, 6.000000000000000000 ) ) ;
#1353 = CYLINDRICAL_SURFACE ( 'NONE', #1760, 9.999999999999994671 ) ;
#1354 = EDGE_CURVE ( 'NONE', #726, #397, #1585, .T. ) ;
#1355 = EDGE_LOOP ( 'NONE', ( #494, #1658 ) ) ;
#1356 = VECTOR ( 'NONE', #927, 1000.000000000000000 ) ;
#1357 = ADVANCED_FACE ( 'NONE', ( #1117 ), #1249, .F. ) ;
#1358 = ADVANCED_FACE ( 'NONE', ( #552 ), #675, .T. ) ;
#1359 = DIRECTION ( 'NONE',  ( 1.000000000000000000, 0.000000000000000000, -0.000000000000000000 ) ) ;
#1360 = DIRECTION ( 'NONE',  ( -1.000000000000000000, 0.000000000000000000, 0.000000000000000000 ) ) ;
#1361 = APPROVAL_DATE_TIME ( #511, #1850 ) ;
#1362 = ORIENTED_EDGE ( 'NONE', *, *, #1022, .F. ) ;
#1363 = CARTESIAN_POINT ( 'NONE',  ( 88.51915833333255534, 113.3003955792409556, 0.000000000000000000 ) ) ;
#1364 = DIRECTION ( 'NONE',  ( 0.000000000000000000, 1.000000000000000000, 0.000000000000000000 ) ) ;
#1365 = DIRECTION ( 'NONE',  ( -1.000000000000000000, 0.000000000000000000, 0.000000000000000000 ) ) ;
#1366 = EDGE_CURVE ( 'NONE', #326, #1025, #1766, .T. ) ;
#1367 = VECTOR ( 'NONE', #605, 1000.000000000000000 ) ;
#1368 = DIRECTION ( 'NONE',  ( -0.000000000000000000, 0.000000000000000000, 1.000000000000000000 ) ) ;
#1369 = DIRECTION ( 'NONE',  ( 1.000000000000000000, 1.364044408080838895E-16, -0.000000000000000000 ) ) ;
#1370 = AXIS2_PLACEMENT_3D ( 'NONE', #1138, #421, #1420 ) ;
#1371 = APPROVAL_ROLE ( '' ) ;
#1372 = ORIENTED_EDGE ( 'NONE', *, *, #357, .T. ) ;
#1373 = AXIS2_PLACEMENT_3D ( 'NONE', #1205, #1246, #790 ) ;
#1374 = CARTESIAN_POINT ( 'NONE',  ( 88.65979334889833297, 113.3003955792409556, 4.878034608069748542E-16 ) ) ;
#1375 = DIRECTION ( 'NONE',  ( -1.000000000000000000, -1.364044408080838895E-16, 0.000000000000000000 ) ) ;
#1376 = DIRECTION ( 'NONE',  ( 0.9744738037872049397, 0.2245012377081610222, -3.380885168308162440E-15 ) ) ;
#1377 = ORIENTED_EDGE ( 'NONE', *, *, #1022, .T. ) ;
#1378 = ADVANCED_FACE ( 'NONE', ( #271 ), #1555, .T. ) ;
#1379 = DIRECTION ( 'NONE',  ( -0.000000000000000000, -0.000000000000000000, -1.000000000000000000 ) ) ;
#1380 = LINE ( 'NONE', #241, #830 ) ;
#1381 = ORIENTED_EDGE ( 'NONE', *, *, #177, .F. ) ;
#1382 = EDGE_CURVE ( 'NONE', #1448, #1623, #1388, .T. ) ;
#1383 = ADVANCED_FACE ( 'NONE', ( #987 ), #187, .T. ) ;
#1384 = CARTESIAN_POINT ( 'NONE',  ( 148.5191583333332801, 4.688778333016715649, 0.000000000000000000 ) ) ;
#1385 = VECTOR ( 'NONE', #1143, 1000.000000000000000 ) ;
#1386 = CARTESIAN_POINT ( 'NONE',  ( -40.50682655186824377, -35.30960442075906514, 17.63224395778917497 ) ) ;
#1387 = VECTOR ( 'NONE', #708, 1000.000000000000000 ) ;
#1388 = LINE ( 'NONE', #398, #1679 ) ;
#1389 = CARTESIAN_POINT ( 'NONE',  ( -37.50682655186823666, -31.47810557004884657, 14.16688411133895187 ) ) ;
#1390 = EDGE_LOOP ( 'NONE', ( #523, #1579, #353, #673 ) ) ;
#1391 = CARTESIAN_POINT ( 'NONE',  ( 84.23692238680382616, 109.5421394391798202, 3.995667205934867905 ) ) ;
#1392 = CARTESIAN_POINT ( 'NONE',  ( -47.50682655186825087, 2.842895579240931614, 17.55000000000003624 ) ) ;
#1393 = ORIENTED_EDGE ( 'NONE', *, *, #1181, .F. ) ;
#1394 = DIRECTION ( 'NONE',  ( 0.000000000000000000, 1.000000000000000000, 0.000000000000000000 ) ) ;
#1395 = CIRCLE ( 'NONE', #1153, 13.99999999999999822 ) ;
#1396 = LOCAL_TIME ( 6, 19, 30.00000000000000000, #72 ) ;
#1397 = CARTESIAN_POINT ( 'NONE',  ( -47.50682655186825798, 117.3003955792409556, 4.000000000000000000 ) ) ;
#1398 = ORIENTED_EDGE ( 'NONE', *, *, #354, .T. ) ;
#1399 = CARTESIAN_POINT ( 'NONE',  ( 84.20375060948003920, 109.5370714836291341, 0.1843377016677198998 ) ) ;
#1400 = CARTESIAN_POINT ( 'NONE',  ( 184.5191583333332801, 17.30039557924095561, 10.00000000000000000 ) ) ;
#1401 = EDGE_LOOP ( 'NONE', ( #697, #308, #1319, #825 ) ) ;
#1402 = AXIS2_PLACEMENT_3D ( 'NONE', #509, #1359, #362 ) ;
#1403 = CARTESIAN_POINT ( 'NONE',  ( 8.099999999999999645, 0.000000000000000000, 4.000000000000000000 ) ) ;
#1404 = EDGE_CURVE ( 'NONE', #1745, #165, #887, .T. ) ;
#1405 = CARTESIAN_POINT ( 'NONE',  ( -47.50682655186825798, 79.14789557924095220, 42.45000000000001705 ) ) ;
#1406 = ORIENTED_EDGE ( 'NONE', *, *, #1636, .T. ) ;
#1407 = CYLINDRICAL_SURFACE ( 'NONE', #1139, 3.249999999999988898 ) ;
#1408 = DIRECTION ( 'NONE',  ( 0.000000000000000000, 0.000000000000000000, 1.000000000000000000 ) ) ;
#1409 = ORIENTED_EDGE ( 'NONE', *, *, #1836, .T. ) ;
#1410 = CARTESIAN_POINT ( 'NONE',  ( 148.5191583333329959, -35.31122166698327902, 6.000000000000000000 ) ) ;
#1411 = CIRCLE ( 'NONE', #542, 16.99999999999998579 ) ;
#1412 = AXIS2_PLACEMENT_3D ( 'NONE', #1030, #309, #744 ) ;
#1413 = EDGE_CURVE ( 'NONE', #102, #435, #116, .T. ) ;
#1414 = DIRECTION ( 'NONE',  ( 0.000000000000000000, 0.000000000000000000, 1.000000000000000000 ) ) ;
#1415 = EDGE_CURVE ( 'NONE', #249, #184, #499, .T. ) ;
#1416 = ORIENTED_EDGE ( 'NONE', *, *, #1644, .T. ) ;
#1417 = DIRECTION ( 'NONE',  ( 1.000000000000000000, 0.000000000000000000, 0.000000000000000000 ) ) ;
#1418 = CYLINDRICAL_SURFACE ( 'NONE', #1699, 100.0000000000000000 ) ;
#1419 = CARTESIAN_POINT ( 'NONE',  ( -40.50682655186824377, -35.30960442075906514, 56.00000000000002132 ) ) ;
#1420 = DIRECTION ( 'NONE',  ( 1.000000000000000000, 0.000000000000000000, 0.000000000000000000 ) ) ;
#1421 = CARTESIAN_POINT ( 'NONE',  ( -47.50682655186825087, 6.092895579240932058, 42.45000000000001705 ) ) ;
#1422 = EDGE_CURVE ( 'NONE', #554, #1694, #1132, .T. ) ;
#1423 = ORIENTED_EDGE ( 'NONE', *, *, #576, .F. ) ;
#1424 = DIRECTION ( 'NONE',  ( 0.000000000000000000, 1.000000000000000000, 0.000000000000000000 ) ) ;
#1425 = FACE_OUTER_BOUND ( 'NONE', #1270, .T. ) ;
#1426 = CARTESIAN_POINT ( 'NONE',  ( 0.000000000000000000, 0.000000000000000000, 4.000000000000000000 ) ) ;
#1427 = AXIS2_PLACEMENT_3D ( 'NONE', #1627, #1806, #229 ) ;
#1428 = CIRCLE ( 'NONE', #1280, 3.249999999999988898 ) ;
#1429 = B_SPLINE_CURVE_WITH_KNOTS ( 'NONE', 3,
 ( #142, #277, #1105, #390 ),
 .UNSPECIFIED., .F., .F.,
 ( 4, 4 ),
 ( 0.000000000000000000, 0.0001316554931819311110 ),
 .UNSPECIFIED. ) ;
#1430 = LINE ( 'NONE', #1140, #1542 ) ;
#1431 = VERTEX_POINT ( 'NONE', #536 ) ;
#1432 = FACE_BOUND ( 'NONE', #1281, .T. ) ;
#1433 = CARTESIAN_POINT ( 'NONE',  ( 88.51915833333325168, 17.30039557924095561, 4.000000000000000000 ) ) ;
#1434 = ORIENTED_EDGE ( 'NONE', *, *, #359, .F. ) ;
#1435 = ADVANCED_FACE ( 'NONE', ( #264 ), #799, .T. ) ;
#1436 = EDGE_CURVE ( 'NONE', #1678, #76, #1428, .T. ) ;
#1437 = DIRECTION ( 'NONE',  ( 0.000000000000000000, 1.000000000000000000, 0.000000000000000000 ) ) ;
#1438 = ORIENTED_EDGE ( 'NONE', *, *, #1107, .T. ) ;
#1439 = AXIS2_PLACEMENT_3D ( 'NONE', #897, #905, #603 ) ;
#1440 = CARTESIAN_POINT ( 'NONE',  ( 83.89351506932536040, 109.4819136079973845, 4.000000000000000000 ) ) ;
#1441 = VERTEX_POINT ( 'NONE', #695 ) ;
#1442 = AXIS2_PLACEMENT_3D ( 'NONE', #1792, #1639, #1813 ) ;
#1443 = CARTESIAN_POINT ( 'NONE',  ( -40.50682655186824377, -35.30960442075906514, 17.63224395778917497 ) ) ;
#1444 = CARTESIAN_POINT ( 'NONE',  ( -47.50682655186825798, 117.3003955792409556, 56.00000000000000000 ) ) ;
#1445 = ORIENTED_EDGE ( 'NONE', *, *, #1422, .T. ) ;
#1446 = FACE_OUTER_BOUND ( 'NONE', #258, .T. ) ;
#1447 = EDGE_CURVE ( 'NONE', #295, #1448, #1616, .T. ) ;
#1448 = VERTEX_POINT ( 'NONE', #1098 ) ;
#1449 = LINE ( 'NONE', #1311, #1263 ) ;
#1450 = EDGE_LOOP ( 'NONE', ( #742, #715, #1344, #1495 ) ) ;
#1451 = FACE_BOUND ( 'NONE', #1625, .T. ) ;
#1452 = DIRECTION ( 'NONE',  ( 0.000000000000000000, 0.000000000000000000, 1.000000000000000000 ) ) ;
#1453 = DIRECTION ( 'NONE',  ( 1.364044408080838895E-16, -1.000000000000000000, 0.000000000000000000 ) ) ;
#1454 = AXIS2_PLACEMENT_3D ( 'NONE', #813, #235, #635 ) ;
#1455 = VERTEX_POINT ( 'NONE', #1674 ) ;
#1456 =( GEOMETRIC_REPRESENTATION_CONTEXT ( 3 ) GLOBAL_UNCERTAINTY_ASSIGNED_CONTEXT ( ( #688 ) ) GLOBAL_UNIT_ASSIGNED_CONTEXT ( ( #463, #868, #1343 ) ) REPRESENTATION_CONTEXT ( 'NONE', 'WORKASPACE' ) );
#1457 = CYLINDRICAL_SURFACE ( 'NONE', #779, 4.000000000000000000 ) ;
#1458 = EDGE_LOOP ( 'NONE', ( #1315, #1783, #885, #136 ) ) ;
#1459 = AXIS2_PLACEMENT_3D ( 'NONE', #279, #1239, #936 ) ;
#1460 = AXIS2_PLACEMENT_3D ( 'NONE', #104, #1804, #788 ) ;
#1461 = EDGE_CURVE ( 'NONE', #832, #909, #647, .T. ) ;
#1462 = FACE_OUTER_BOUND ( 'NONE', #1543, .T. ) ;
#1463 = APPLICATION_CONTEXT ( 'configuration controlled 3d designs of mechanical parts and assemblies' ) ;
#1464 = DIRECTION ( 'NONE',  ( 0.000000000000000000, -1.000000000000000000, 0.000000000000000000 ) ) ;
#1465 = DIRECTION ( 'NONE',  ( 0.000000000000000000, -1.000000000000000000, 0.000000000000000000 ) ) ;
#1466 = DIRECTION ( 'NONE',  ( 0.000000000000000000, 0.000000000000000000, 1.000000000000000000 ) ) ;
#1467 = ORIENTED_EDGE ( 'NONE', *, *, #1547, .T. ) ;
#1468 = DIRECTION ( 'NONE',  ( 0.000000000000000000, 0.000000000000000000, -1.000000000000000000 ) ) ;
#1469 = ORIENTED_EDGE ( 'NONE', *, *, #961, .F. ) ;
#1470 = CC_DESIGN_DATE_AND_TIME_ASSIGNMENT ( #1078, #945, ( #145 ) ) ;
#1471 = ORIENTED_EDGE ( 'NONE', *, *, #566, .T. ) ;
#1472 = VECTOR ( 'NONE', #339, 1000.000000000000000 ) ;
#1473 = FACE_OUTER_BOUND ( 'NONE', #1401, .T. ) ;
#1474 = AXIS2_PLACEMENT_3D ( 'NONE', #283, #876, #1581 ) ;
#1475 = ORIENTED_EDGE ( 'NONE', *, *, #206, .F. ) ;
#1476 = CARTESIAN_POINT ( 'NONE',  ( 88.80084329091484108, 113.3000844258111641, -4.815125793982715325E-16 ) ) ;
#1477 = ADVANCED_FACE ( 'NONE', ( #247 ), #322, .T. ) ;
#1478 = ORIENTED_EDGE ( 'NONE', *, *, #928, .F. ) ;
#1479 = VERTEX_POINT ( 'NONE', #518 ) ;
#1480 = EDGE_CURVE ( 'NONE', #726, #554, #806, .T. ) ;
#1481 = DIRECTION ( 'NONE',  ( 0.000000000000000000, 0.000000000000000000, -1.000000000000000000 ) ) ;
#1482 = CARTESIAN_POINT ( 'NONE',  ( -37.50682655186824377, -5.116097702293381223E-15, 0.000000000000000000 ) ) ;
#1483 = DIRECTION ( 'NONE',  ( -0.000000000000000000, -1.000000000000000000, -0.000000000000000000 ) ) ;
#1484 = VERTEX_POINT ( 'NONE', #828 ) ;
#1485 = CARTESIAN_POINT ( 'NONE',  ( -37.50682655186823666, 75.89789557924093799, 17.55000000000003624 ) ) ;
#1486 = AXIS2_PLACEMENT_3D ( 'NONE', #1750, #1302, #1598 ) ;
#1487 = ORGANIZATION ( 'UNSPECIFIED', 'UNSPECIFIED', '' ) ;
#1488 = ORIENTED_EDGE ( 'NONE', *, *, #569, .F. ) ;
#1489 = ORIENTED_EDGE ( 'NONE', *, *, #652, .F. ) ;
#1490 = CIRCLE ( 'NONE', #129, 4.099999999999999645 ) ;
#1491 = CARTESIAN_POINT ( 'NONE',  ( 188.5191583333332801, 4.688778333016715649, 10.00000000000000000 ) ) ;
#1492 = CARTESIAN_POINT ( 'NONE',  ( -37.50682655186825087, -35.31122166698327902, 6.000000000000000000 ) ) ;
#1493 = CARTESIAN_POINT ( 'NONE',  ( -41.50682655186825798, 113.3003955792409556, 56.00000000000000000 ) ) ;
#1494 = CALENDAR_DATE ( 2026, 29, 4 ) ;
#1495 = ORIENTED_EDGE ( 'NONE', *, *, #1716, .F. ) ;
#1496 = CARTESIAN_POINT ( 'NONE',  ( 87.94786192464516716, 109.4231317451884138, 3.999917325300629933 ) ) ;
#1497 = CARTESIAN_POINT ( 'NONE',  ( 95.79382499999999823, 99.65776232622010866, 4.000000000000000000 ) ) ;
#1498 = EDGE_CURVE ( 'NONE', #102, #56, #857, .T. ) ;
#1499 = EDGE_CURVE ( 'NONE', #1455, #1678, #1074, .T. ) ;
#1500 = EDGE_LOOP ( 'NONE', ( #334, #1079, #86, #192 ) ) ;
#1501 = EDGE_CURVE ( 'NONE', #1552, #1331, #157, .T. ) ;
#1502 = EDGE_CURVE ( 'NONE', #1052, #196, #734, .T. ) ;
#1503 = DIRECTION ( 'NONE',  ( 0.000000000000000000, -1.000000000000000000, 0.000000000000000000 ) ) ;
#1504 = DIRECTION ( 'NONE',  ( -0.000000000000000000, -0.000000000000000000, -1.000000000000000000 ) ) ;
#1505 = DIRECTION ( 'NONE',  ( 0.000000000000000000, -1.000000000000000000, 0.000000000000000000 ) ) ;
#1506 = AXIS2_PLACEMENT_3D ( 'NONE', #445, #1045, #565 ) ;
#1507 = ORIENTED_EDGE ( 'NONE', *, *, #1231, .F. ) ;
#1508 = CIRCLE ( 'NONE', #686, 3.249999999999988898 ) ;
#1509 = CARTESIAN_POINT ( 'NONE',  ( -47.50682655186825798, 117.3003955792409556, 56.00000000000000000 ) ) ;
#1510 = DIRECTION ( 'NONE',  ( -1.000000000000000000, -1.364044408080838895E-16, -0.000000000000000000 ) ) ;
#1511 = ORIENTED_EDGE ( 'NONE', *, *, #1447, .F. ) ;
#1512 = VECTOR ( 'NONE', #527, 1000.000000000000000 ) ;
#1513 = PLANE ( 'NONE',  #1402 ) ;
#1514 = CARTESIAN_POINT ( 'NONE',  ( 99.79382499999999823, 99.65776232622010866, 0.000000000000000000 ) ) ;
#1515 = VERTEX_POINT ( 'NONE', #226 ) ;
#1516 = CARTESIAN_POINT ( 'NONE',  ( 87.75722117658932575, 109.4631366869445372, 0.08591772945045277055 ) ) ;
#1517 = FACE_OUTER_BOUND ( 'NONE', #1458, .T. ) ;
#1518 = CARTESIAN_POINT ( 'NONE',  ( 148.5191583333329959, -31.31122166698327547, 4.000000000000000000 ) ) ;
#1519 = VECTOR ( 'NONE', #1706, 1000.000000000000000 ) ;
#1520 = EDGE_CURVE ( 'NONE', #1562, #13, #1798, .T. ) ;
#1521 = ORIENTED_EDGE ( 'NONE', *, *, #472, .F. ) ;
#1522 = ADVANCED_FACE ( 'NONE', ( #958 ), #405, .T. ) ;
#1523 = EDGE_CURVE ( 'NONE', #539, #1455, #1672, .T. ) ;
#1524 = CARTESIAN_POINT ( 'NONE',  ( -37.50682655186825798, 113.3003955792409556, 14.00000000000000000 ) ) ;
#1525 = DIRECTION ( 'NONE',  ( -1.364044408080838895E-16, 1.000000000000000000, 0.000000000000000000 ) ) ;
#1526 = AXIS2_PLACEMENT_3D ( 'NONE', #248, #1525, #1819 ) ;
#1527 = APPROVAL_STATUS ( 'not_yet_approved' ) ;
#1528 = VERTEX_POINT ( 'NONE', #94 ) ;
#1529 = AXIS2_PLACEMENT_3D ( 'NONE', #804, #949, #1531 ) ;
#1530 = CARTESIAN_POINT ( 'NONE',  ( -37.63677887557960133, -33.20507378156175093, 15.71230265474097720 ) ) ;
#1531 = DIRECTION ( 'NONE',  ( -1.000000000000000000, 0.000000000000000000, 0.000000000000000000 ) ) ;
#1532 = CARTESIAN_POINT ( 'NONE',  ( 148.5191583333329959, -31.31122166698327547, 10.00000000000000000 ) ) ;
#1533 = EDGE_LOOP ( 'NONE', ( #758, #1398 ) ) ;
#1534 = DIRECTION ( 'NONE',  ( 0.000000000000000000, -1.000000000000000000, 0.000000000000000000 ) ) ;
#1535 = DIRECTION ( 'NONE',  ( -0.000000000000000000, -0.000000000000000000, -1.000000000000000000 ) ) ;
#1536 = PRODUCT_RELATED_PRODUCT_CATEGORY ( 'detail', '', ( #88 ) ) ;
#1537 = DATE_AND_TIME ( #1494, #1396 ) ;
#1538 = ORIENTED_EDGE ( 'NONE', *, *, #1274, .T. ) ;
#1539 = CARTESIAN_POINT ( 'NONE',  ( 86.07953639559819692, 113.3003955792409698, -1.691434590171777141E-15 ) ) ;
#1540 = CYLINDRICAL_SURFACE ( 'NONE', #61, 4.099999999999999645 ) ;
#1541 = CARTESIAN_POINT ( 'NONE',  ( -37.50682655186825798, 113.3003955792409556, 56.00000000000000000 ) ) ;
#1542 = VECTOR ( 'NONE', #307, 1000.000000000000000 ) ;
#1543 = EDGE_LOOP ( 'NONE', ( #765, #677, #2, #761 ) ) ;
#1544 = ADVANCED_FACE ( 'NONE', ( #347 ), #1651, .F. ) ;
#1545 = CARTESIAN_POINT ( 'NONE',  ( 85.29392327449662048, 109.6514614807955184, 3.984792284781200511 ) ) ;
#1546 = DIRECTION ( 'NONE',  ( 0.000000000000000000, 0.000000000000000000, 1.000000000000000000 ) ) ;
#1547 = EDGE_CURVE ( 'NONE', #1178, #1226, #93, .T. ) ;
#1548 = CARTESIAN_POINT ( 'NONE',  ( 92.34049166666666508, 39.90355162252597410, 10.00000000000000000 ) ) ;
#1549 = AXIS2_PLACEMENT_3D ( 'NONE', #679, #1561, #1260 ) ;
#1550 = CC_DESIGN_APPROVAL ( #1850, ( #641 ) ) ;
#1551 = CARTESIAN_POINT ( 'NONE',  ( 148.5191583333329959, -35.31122166698327902, 10.00000000000000000 ) ) ;
#1552 = VERTEX_POINT ( 'NONE', #644 ) ;
#1553 = CARTESIAN_POINT ( 'NONE',  ( 85.79382499999999823, 99.65776232622010866, 0.000000000000000000 ) ) ;
#1554 = CARTESIAN_POINT ( 'NONE',  ( 85.79382499999999823, 99.65776232622010866, 4.000000000000000000 ) ) ;
#1555 = TOROIDAL_SURFACE ( 'NONE', #553, 8.000000000000000000, 4.000000000000000000 ) ;
#1556 = FACE_OUTER_BOUND ( 'NONE', #1091, .T. ) ;
#1557 = EDGE_CURVE ( 'NONE', #418, #1552, #1225, .T. ) ;
#1558 = DIRECTION ( 'NONE',  ( 0.000000000000000000, -1.000000000000000000, 0.000000000000000000 ) ) ;
#1559 = ORIENTED_EDGE ( 'NONE', *, *, #1279, .F. ) ;
#1560 = CARTESIAN_POINT ( 'NONE',  ( -37.50682655186823666, -32.47009140262304072, 15.18260226338219532 ) ) ;
#1561 = DIRECTION ( 'NONE',  ( 0.000000000000000000, -1.000000000000000000, 0.000000000000000000 ) ) ;
#1562 = VERTEX_POINT ( 'NONE', #253 ) ;
#1563 = ADVANCED_FACE ( 'NONE', ( #654 ), #1540, .F. ) ;
#1564 = DIRECTION ( 'NONE',  ( 0.000000000000000000, 0.000000000000000000, -1.000000000000000000 ) ) ;
#1565 = VECTOR ( 'NONE', #836, 1000.000000000000000 ) ;
#1566 = CC_DESIGN_PERSON_AND_ORGANIZATION_ASSIGNMENT ( #1648, #373, ( #125 ) ) ;
#1567 = LINE ( 'NONE', #90, #1615 ) ;
#1568 = AXIS2_PLACEMENT_3D ( 'NONE', #51, #1737, #1192 ) ;
#1569 = CARTESIAN_POINT ( 'NONE',  ( 96.34049166666666508, 39.90355162252597410, 4.000000000000000000 ) ) ;
#1570 = ORIENTED_EDGE ( 'NONE', *, *, #1086, .T. ) ;
#1571 = CARTESIAN_POINT ( 'NONE',  ( 88.51915833333254113, 113.3003955792409556, 0.000000000000000000 ) ) ;
#1572 = DIRECTION ( 'NONE',  ( 1.000000000000000000, 0.000000000000000000, 0.000000000000000000 ) ) ;
#1573 = PLANE ( 'NONE',  #480 ) ;
#1574 = ORIENTED_EDGE ( 'NONE', *, *, #827, .F. ) ;
#1575 = CARTESIAN_POINT ( 'NONE',  ( -47.50682655186824377, -31.31122166698327547, 0.000000000000000000 ) ) ;
#1576 = EDGE_CURVE ( 'NONE', #1847, #1745, #179, .T. ) ;
#1577 = CARTESIAN_POINT ( 'NONE',  ( -47.50682655186825798, 113.3003955792409556, 0.000000000000000000 ) ) ;
#1578 = ADVANCED_FACE ( 'NONE', ( #1517 ), #1353, .F. ) ;
#1579 = ORIENTED_EDGE ( 'NONE', *, *, #1843, .T. ) ;
#1580 = AXIS2_PLACEMENT_3D ( 'NONE', #1122, #834, #1853 ) ;
#1581 = DIRECTION ( 'NONE',  ( 1.000000000000000000, 0.000000000000000000, 0.000000000000000000 ) ) ;
#1582 = CARTESIAN_POINT ( 'NONE',  ( -33.50682655186826508, 113.3003955792409556, 14.00000000000000000 ) ) ;
#1583 = ORIENTED_EDGE ( 'NONE', *, *, #36, .F. ) ;
#1584 = CARTESIAN_POINT ( 'NONE',  ( 72.34049166666667929, 39.90355162252597410, 10.00000000000000000 ) ) ;
#1585 = CIRCLE ( 'NONE', #185, 100.0000000000000142 ) ;
#1586 = ORIENTED_EDGE ( 'NONE', *, *, #324, .F. ) ;
#1587 = CARTESIAN_POINT ( 'NONE',  ( -37.50682655186823666, -32.30960442075906514, 15.01430910517570183 ) ) ;
#1588 = EDGE_LOOP ( 'NONE', ( #1198, #890, #1756, #427 ) ) ;
#1589 = CARTESIAN_POINT ( 'NONE',  ( 188.5191583333333085, 82.39789557924096641, 42.45000000000001705 ) ) ;
#1590 = APPLICATION_PROTOCOL_DEFINITION ( 'international standard', 'config_control_design', 1994, #1463 ) ;
#1591 = ORIENTED_EDGE ( 'NONE', *, *, #953, .F. ) ;
#1592 = CARTESIAN_POINT ( 'NONE',  ( 88.51915833333325168, 113.3003955792409556, 4.000000000000000000 ) ) ;
#1593 = ORIENTED_EDGE ( 'NONE', *, *, #345, .T. ) ;
#1594 = AXIS2_PLACEMENT_3D ( 'NONE', #600, #190, #422 ) ;
#1595 = LINE ( 'NONE', #570, #867 ) ;
#1596 = DIRECTION ( 'NONE',  ( 0.000000000000000000, -1.000000000000000000, 0.000000000000000000 ) ) ;
#1597 = CARTESIAN_POINT ( 'NONE',  ( -47.50682655186825798, 117.3003955792409556, 56.00000000000000000 ) ) ;
#1598 = DIRECTION ( 'NONE',  ( 0.000000000000000000, 1.000000000000000000, 0.000000000000000000 ) ) ;
#1599 = EDGE_CURVE ( 'NONE', #1515, #200, #1214, .T. ) ;
#1600 = ORIENTED_EDGE ( 'NONE', *, *, #203, .T. ) ;
#1601 = CARTESIAN_POINT ( 'NONE',  ( 148.5191583333332801, 4.688778333016715649, 10.00000000000000000 ) ) ;
#1602 = ORIENTED_EDGE ( 'NONE', *, *, #1070, .T. ) ;
#1603 = DIRECTION ( 'NONE',  ( 0.000000000000000000, 0.000000000000000000, 1.000000000000000000 ) ) ;
#1604 = EDGE_LOOP ( 'NONE', ( #874, #1475 ) ) ;
#1605 = LINE ( 'NONE', #1492, #508 ) ;
#1606 = DIRECTION ( 'NONE',  ( 0.000000000000000000, 0.000000000000000000, -1.000000000000000000 ) ) ;
#1607 = DIRECTION ( 'NONE',  ( -0.000000000000000000, 0.000000000000000000, 1.000000000000000000 ) ) ;
#1608 = AXIS2_PLACEMENT_3D ( 'NONE', #796, #1375, #1242 ) ;
#1609 = ORIENTED_EDGE ( 'NONE', *, *, #159, .T. ) ;
#1610 = LOCAL_TIME ( 6, 19, 30.00000000000000000, #1677 ) ;
#1611 = DIRECTION ( 'NONE',  ( 1.000000000000000000, 0.000000000000000000, 0.000000000000000000 ) ) ;
#1612 = B_SPLINE_CURVE_WITH_KNOTS ( 'NONE', 3,
 ( #944, #1830, #108, #659, #1389, #117 ),
 .UNSPECIFIED., .F., .F.,
 ( 4, 2, 4 ),
 ( 0.006644912875090017157, 0.007352941754075990009, 0.008060970633061962862 ),
 .UNSPECIFIED. ) ;
#1613 = ORIENTED_EDGE ( 'NONE', *, *, #1480, .T. ) ;
#1614 = ADVANCED_FACE ( 'NONE', ( #367 ), #389, .T. ) ;
#1615 = VECTOR ( 'NONE', #501, 1000.000000000000000 ) ;
#1616 = CIRCLE ( 'NONE', #617, 9.999999999999994671 ) ;
#1617 = VERTEX_POINT ( 'NONE', #1212 ) ;
#1618 = EDGE_CURVE ( 'NONE', #184, #1745, #939, .T. ) ;
#1619 = DIRECTION ( 'NONE',  ( 0.000000000000000000, 0.000000000000000000, 1.000000000000000000 ) ) ;
#1620 = DIRECTION ( 'NONE',  ( 1.224646799147353207E-16, 1.000000000000000000, -0.000000000000000000 ) ) ;
#1621 = ORIENTED_EDGE ( 'NONE', *, *, #49, .T. ) ;
#1622 = CARTESIAN_POINT ( 'NONE',  ( 87.84103883428521442, 109.4465019513651356, 3.999623236191631293 ) ) ;
#1623 = VERTEX_POINT ( 'NONE', #1497 ) ;
#1624 = ADVANCED_FACE ( 'NONE', ( #219 ), #778, .F. ) ;
#1625 = EDGE_LOOP ( 'NONE', ( #970, #256 ) ) ;
#1626 = AXIS2_PLACEMENT_3D ( 'NONE', #259, #252, #119 ) ;
#1627 = CARTESIAN_POINT ( 'NONE',  ( 88.94085996430611374, 113.2994693650563818, 4.000000000000000000 ) ) ;
#1628 = CIRCLE ( 'NONE', #304, 4.099999999999999645 ) ;
#1629 = ORIENTED_EDGE ( 'NONE', *, *, #1436, .F. ) ;
#1630 = AXIS2_PLACEMENT_3D ( 'NONE', #506, #1796, #75 ) ;
#1631 = DIRECTION ( 'NONE',  ( -1.000000000000000000, -1.364044408080838895E-16, -0.000000000000000000 ) ) ;
#1632 = FACE_BOUND ( 'NONE', #1355, .T. ) ;
#1633 = EDGE_CURVE ( 'NONE', #586, #1515, #394, .T. ) ;
#1634 = ORIENTED_EDGE ( 'NONE', *, *, #706, .T. ) ;
#1635 = DIRECTION ( 'NONE',  ( 0.000000000000000000, 0.000000000000000000, -1.000000000000000000 ) ) ;
#1636 = EDGE_CURVE ( 'NONE', #1331, #1552, #288, .T. ) ;
#1637 = CALENDAR_DATE ( 2026, 29, 4 ) ;
#1638 = ORIENTED_EDGE ( 'NONE', *, *, #487, .F. ) ;
#1639 = DIRECTION ( 'NONE',  ( 1.224646799147353207E-16, 1.000000000000000000, -0.000000000000000000 ) ) ;
#1640 = CIRCLE ( 'NONE', #549, 4.000000000000000000 ) ;
#1641 = DIRECTION ( 'NONE',  ( 0.000000000000000000, -1.000000000000000000, 0.000000000000000000 ) ) ;
#1642 = CC_DESIGN_APPROVAL ( #1665, ( #145 ) ) ;
#1643 = ORIENTED_EDGE ( 'NONE', *, *, #49, .F. ) ;
#1644 = EDGE_CURVE ( 'NONE', #1052, #1013, #913, .T. ) ;
#1645 = AXIS2_PLACEMENT_3D ( 'NONE', #89, #1368, #222 ) ;
#1646 = CYLINDRICAL_SURFACE ( 'NONE', #528, 3.000000000000002665 ) ;
#1647 = DIRECTION ( 'NONE',  ( 1.000000000000000000, 0.000000000000000000, -6.938893903907227589E-15 ) ) ;
#1648 = PERSON_AND_ORGANIZATION ( #910, #1487 ) ;
#1649 = VERTEX_POINT ( 'NONE', #417 ) ;
#1650 = DIRECTION ( 'NONE',  ( -1.000000000000000000, 0.000000000000000000, 0.000000000000000000 ) ) ;
#1651 = CYLINDRICAL_SURFACE ( 'NONE', #853, 3.250000000000016875 ) ;
#1652 = PRODUCT_DEFINITION_SHAPE ( 'NONE', 'NONE',  #145 ) ;
#1653 = DIRECTION ( 'NONE',  ( -0.000000000000000000, -0.000000000000000000, -1.000000000000000000 ) ) ;
#1654 = DIRECTION ( 'NONE',  ( -1.000000000000000000, 6.938893903907234689E-15, -6.938893903907229167E-15 ) ) ;
#1655 = PLANE ( 'NONE',  #214 ) ;
#1656 = CYLINDRICAL_SURFACE ( 'NONE', #1765, 16.99999999999998579 ) ;
#1657 = APPROVAL_STATUS ( 'not_yet_approved' ) ;
#1658 = ORIENTED_EDGE ( 'NONE', *, *, #1802, .F. ) ;
#1659 = AXIS2_PLACEMENT_3D ( 'NONE', #155, #1452, #182 ) ;
#1660 = DIRECTION ( 'NONE',  ( 0.000000000000000000, 1.000000000000000000, 0.000000000000000000 ) ) ;
#1661 = DIRECTION ( 'NONE',  ( -1.000000000000000000, 0.000000000000000000, 0.000000000000000000 ) ) ;
#1662 = ORIENTED_EDGE ( 'NONE', *, *, #928, .T. ) ;
#1663 = CIRCLE ( 'NONE', #845, 16.99999999999998579 ) ;
#1664 = EDGE_CURVE ( 'NONE', #1671, #196, #1395, .T. ) ;
#1665 = APPROVAL ( #60, 'UNSPECIFIED' ) ;
#1666 = DIRECTION ( 'NONE',  ( 0.000000000000000000, 0.000000000000000000, -1.000000000000000000 ) ) ;
#1667 = DIRECTION ( 'NONE',  ( -1.000000000000000000, -0.000000000000000000, 0.000000000000000000 ) ) ;
#1668 = VERTEX_POINT ( 'NONE', #981 ) ;
#1669 = CARTESIAN_POINT ( 'NONE',  ( -37.50682655186823666, 82.39789557924095220, 42.45000000000001705 ) ) ;
#1670 = CARTESIAN_POINT ( 'NONE',  ( 188.5191583333333085, 79.14789557924098062, 17.55000000000003624 ) ) ;
#1671 = VERTEX_POINT ( 'NONE', #132 ) ;
#1672 = CIRCLE ( 'NONE', #1608, 3.249999999999988898 ) ;
#1673 = ORIENTED_EDGE ( 'NONE', *, *, #492, .T. ) ;
#1674 = CARTESIAN_POINT ( 'NONE',  ( -37.50682655186823666, 75.89789557924096641, 42.45000000000001705 ) ) ;
#1675 = CARTESIAN_POINT ( 'NONE',  ( -37.50682655186823666, 2.842895579240939608, 42.45000000000001705 ) ) ;
#1676 = CIRCLE ( 'NONE', #1704, 4.000000000000000000 ) ;
#1677 = COORDINATED_UNIVERSAL_TIME_OFFSET ( 8, 0, .BEHIND. ) ;
#1678 = VERTEX_POINT ( 'NONE', #1128 ) ;
#1679 = VECTOR ( 'NONE', #413, 1000.000000000000000 ) ;
#1680 = CARTESIAN_POINT ( 'NONE',  ( 88.94085996430612795, 113.2994693650563818, 0.000000000000000000 ) ) ;
#1681 = DIRECTION ( 'NONE',  ( -1.000000000000000000, -1.364044408080838895E-16, -0.000000000000000000 ) ) ;
#1682 = LINE ( 'NONE', #1845, #1262 ) ;
#1683 = ORIENTED_EDGE ( 'NONE', *, *, #472, .T. ) ;
#1684 = EDGE_CURVE ( 'NONE', #1694, #1816, #1114, .T. ) ;
#1685 = DIRECTION ( 'NONE',  ( 1.000000000000000000, 2.219000446353665321E-14, 0.000000000000000000 ) ) ;
#1686 = ORIENTED_EDGE ( 'NONE', *, *, #1773, .T. ) ;
#1687 = CARTESIAN_POINT ( 'NONE',  ( 84.90917088768533461, 109.6248407093094386, 0.2903669458491972555 ) ) ;
#1688 = DIRECTION ( 'NONE',  ( 0.000000000000000000, 1.000000000000000000, 0.000000000000000000 ) ) ;
#1689 = VECTOR ( 'NONE', #336, 1000.000000000000000 ) ;
#1690 = CARTESIAN_POINT ( 'NONE',  ( 188.5191583333333085, -0.4071044207590232555, 42.45000000000001705 ) ) ;
#1691 = CIRCLE ( 'NONE', #83, 39.99999999999997868 ) ;
#1692 = CARTESIAN_POINT ( 'NONE',  ( 148.5191583333332801, 4.688778333016715649, 6.000000000000000000 ) ) ;
#1693 = ADVANCED_FACE ( 'NONE', ( #1425 ), #1418, .T. ) ;
#1694 = VERTEX_POINT ( 'NONE', #1144 ) ;
#1695 = EDGE_CURVE ( 'NONE', #1623, #1049, #261, .T. ) ;
#1696 = CARTESIAN_POINT ( 'NONE',  ( 188.5191583333333085, 79.14789557924098062, 42.45000000000001705 ) ) ;
#1697 = CARTESIAN_POINT ( 'NONE',  ( 85.79382499999999823, 99.65776232622010866, 10.00000000000000000 ) ) ;
#1698 = DIRECTION ( 'NONE',  ( 0.000000000000000000, -1.000000000000000000, 0.000000000000000000 ) ) ;
#1699 = AXIS2_PLACEMENT_3D ( 'NONE', #408, #267, #717 ) ;
#1700 = APPROVAL_PERSON_ORGANIZATION ( #1334, #1665, #337 ) ;
#1701 = CARTESIAN_POINT ( 'NONE',  ( 0.000000000000000000, 0.000000000000000000, 10.00000000000000000 ) ) ;
#1702 = EDGE_CURVE ( 'NONE', #1668, #1736, #1640, .T. ) ;
#1703 = ORIENTED_EDGE ( 'NONE', *, *, #1109, .T. ) ;
#1704 = AXIS2_PLACEMENT_3D ( 'NONE', #847, #1647, #1250 ) ;
#1705 = CARTESIAN_POINT ( 'NONE',  ( 85.99790456828858964, 109.6618752832557959, 3.983490163167818121 ) ) ;
#1706 = DIRECTION ( 'NONE',  ( -1.000000000000000000, -1.364044408080838895E-16, -0.000000000000000000 ) ) ;
#1707 = ADVANCED_FACE ( 'NONE', ( #1000 ), #274, .F. ) ;
#1708 = VECTOR ( 'NONE', #969, 1000.000000000000000 ) ;
#1709 = CARTESIAN_POINT ( 'NONE',  ( 96.34049166666666508, 39.90355162252597410, 0.000000000000000000 ) ) ;
#1710 = CARTESIAN_POINT ( 'NONE',  ( -4.099999999999999645, 0.000000000000000000, 10.00000000000000000 ) ) ;
#1711 = DIRECTION ( 'NONE',  ( 1.000000000000000000, 0.000000000000000000, 0.000000000000000000 ) ) ;
#1712 = ORIENTED_EDGE ( 'NONE', *, *, #1636, .F. ) ;
#1713 = DIRECTION ( 'NONE',  ( 1.000000000000000000, 0.000000000000000000, 0.000000000000000000 ) ) ;
#1714 = DIRECTION ( 'NONE',  ( -1.000000000000000000, 0.000000000000000000, 0.000000000000000000 ) ) ;
#1715 = ORIENTED_EDGE ( 'NONE', *, *, #683, .T. ) ;
#1716 = EDGE_CURVE ( 'NONE', #1441, #25, #709, .T. ) ;
#1717 = CARTESIAN_POINT ( 'NONE',  ( 71.79382500000001244, 99.65776232622010866, 0.000000000000000000 ) ) ;
#1718 = AXIS2_PLACEMENT_3D ( 'NONE', #1553, #266, #1417 ) ;
#1719 = DIRECTION ( 'NONE',  ( -0.000000000000000000, -0.000000000000000000, -1.000000000000000000 ) ) ;
#1720 = ADVANCED_FACE ( 'NONE', ( #973 ), #1824, .T. ) ;
#1721 = AXIS2_PLACEMENT_3D ( 'NONE', #315, #1149, #1027 ) ;
#1722 = CARTESIAN_POINT ( 'NONE',  ( -33.50682655186824377, -31.31122166698327547, 10.00000000000000000 ) ) ;
#1723 = EDGE_LOOP ( 'NONE', ( #992, #964, #1284, #1272 ) ) ;
#1724 = CARTESIAN_POINT ( 'NONE',  ( -47.50682655186824377, -35.30960442075906514, 0.000000000000000000 ) ) ;
#1725 = CARTESIAN_POINT ( 'NONE',  ( -37.50682655186823666, -31.31122166698327547, 4.000000000000000000 ) ) ;
#1726 = CARTESIAN_POINT ( 'NONE',  ( 150.0000000000000000, 0.000000000000000000, 10.00000000000000000 ) ) ;
#1727 = ORIENTED_EDGE ( 'NONE', *, *, #1746, .F. ) ;
#1728 = FACE_OUTER_BOUND ( 'NONE', #1450, .T. ) ;
#1729 = ORIENTED_EDGE ( 'NONE', *, *, #1366, .F. ) ;
#1730 = CARTESIAN_POINT ( 'NONE',  ( -40.39930158723336717, -35.30781334526694337, 17.72101298703708139 ) ) ;
#1731 = VERTEX_POINT ( 'NONE', #139 ) ;
#1732 = AXIS2_PLACEMENT_3D ( 'NONE', #100, #230, #801 ) ;
#1733 = ORIENTED_EDGE ( 'NONE', *, *, #1309, .F. ) ;
#1734 = DIRECTION ( 'NONE',  ( 1.000000000000000000, 0.000000000000000000, 0.000000000000000000 ) ) ;
#1735 = EDGE_CURVE ( 'NONE', #418, #1731, #728, .T. ) ;
#1736 = VERTEX_POINT ( 'NONE', #690 ) ;
#1737 = DIRECTION ( 'NONE',  ( 1.000000000000000000, 1.364044408080838895E-16, -0.000000000000000000 ) ) ;
#1738 = DIRECTION ( 'NONE',  ( -1.000000000000000000, -1.364044408080838895E-16, -0.000000000000000000 ) ) ;
#1739 = LINE ( 'NONE', #1010, #342 ) ;
#1740 = EDGE_LOOP ( 'NONE', ( #1221, #358, #1061, #305 ) ) ;
#1741 = DIRECTION ( 'NONE',  ( 0.000000000000000000, 0.000000000000000000, -1.000000000000000000 ) ) ;
#1742 = CIRCLE ( 'NONE', #44, 3.250000000000016875 ) ;
#1743 = AXIS2_PLACEMENT_3D ( 'NONE', #604, #201, #1193 ) ;
#1744 = CARTESIAN_POINT ( 'NONE',  ( 4.099999999999999645, 5.021051876504147385E-16, 10.00000000000000000 ) ) ;
#1745 = VERTEX_POINT ( 'NONE', #1135 ) ;
#1746 = EDGE_CURVE ( 'NONE', #224, #899, #1842, .T. ) ;
#1747 = CARTESIAN_POINT ( 'NONE',  ( -47.50682655186825087, -0.4071044207590553410, 42.45000000000001705 ) ) ;
#1748 = AXIS2_PLACEMENT_3D ( 'NONE', #854, #1306, #711 ) ;
#1749 = DIRECTION ( 'NONE',  ( -1.000000000000000000, 0.000000000000000000, -0.000000000000000000 ) ) ;
#1750 = CARTESIAN_POINT ( 'NONE',  ( -37.50682655186823666, 2.842895579240932946, 17.55000000000003624 ) ) ;
#1751 = ORIENTED_EDGE ( 'NONE', *, *, #886, .F. ) ;
#1752 = ADVANCED_FACE ( 'NONE', ( #12 ), #942, .T. ) ;
#1753 = CARTESIAN_POINT ( 'NONE',  ( 150.0000000000000000, 0.000000000000000000, 0.000000000000000000 ) ) ;
#1754 = ORIENTED_EDGE ( 'NONE', *, *, #1684, .T. ) ;
#1755 = CARTESIAN_POINT ( 'NONE',  ( 0.000000000000000000, 0.000000000000000000, 0.000000000000000000 ) ) ;
#1756 = ORIENTED_EDGE ( 'NONE', *, *, #87, .T. ) ;
#1757 = VERTEX_POINT ( 'NONE', #426 ) ;
#1758 = DIRECTION ( 'NONE',  ( -0.000000000000000000, -0.000000000000000000, -1.000000000000000000 ) ) ;
#1759 = DIRECTION ( 'NONE',  ( 1.000000000000000000, 0.000000000000000000, 0.000000000000000000 ) ) ;
#1760 = AXIS2_PLACEMENT_3D ( 'NONE', #920, #515, #1661 ) ;
#1761 = ORIENTED_EDGE ( 'NONE', *, *, #1501, .T. ) ;
#1762 = DIRECTION ( 'NONE',  ( -0.000000000000000000, -0.000000000000000000, -1.000000000000000000 ) ) ;
#1763 = EDGE_CURVE ( 'NONE', #1649, #554, #1036, .T. ) ;
#1764 = ORIENTED_EDGE ( 'NONE', *, *, #947, .F. ) ;
#1765 = AXIS2_PLACEMENT_3D ( 'NONE', #1208, #412, #1360 ) ;
#1766 = CIRCLE ( 'NONE', #67, 96.00000000000001421 ) ;
#1767 = ORIENTED_EDGE ( 'NONE', *, *, #1838, .F. ) ;
#1768 = DIRECTION ( 'NONE',  ( 0.000000000000000000, 0.000000000000000000, 1.000000000000000000 ) ) ;
#1769 = DIRECTION ( 'NONE',  ( -1.000000000000000000, 0.000000000000000000, -0.000000000000000000 ) ) ;
#1770 = CARTESIAN_POINT ( 'NONE',  ( -8.099999999999999645, 9.919639073093559228E-16, 0.000000000000000000 ) ) ;
#1771 = ORIENTED_EDGE ( 'NONE', *, *, #106, .F. ) ;
#1772 = DIRECTION ( 'NONE',  ( -1.000000000000000000, -1.096334072605612984E-16, 0.000000000000000000 ) ) ;
#1773 = EDGE_CURVE ( 'NONE', #1757, #694, #823, .T. ) ;
#1774 = CARTESIAN_POINT ( 'NONE',  ( 150.0000000000000000, 0.000000000000000000, 0.000000000000000000 ) ) ;
#1775 = EDGE_CURVE ( 'NONE', #200, #1515, #610, .T. ) ;
#1776 = ORIENTED_EDGE ( 'NONE', *, *, #101, .T. ) ;
#1777 = ORIENTED_EDGE ( 'NONE', *, *, #1498, .F. ) ;
#1778 = AXIS2_PLACEMENT_3D ( 'NONE', #1209, #1066, #1505 ) ;
#1779 = FACE_OUTER_BOUND ( 'NONE', #752, .T. ) ;
#1780 = CYLINDRICAL_SURFACE ( 'NONE', #1743, 3.249999999999996891 ) ;
#1781 = CIRCLE ( 'NONE', #251, 4.000000000000003553 ) ;
#1782 = COORDINATED_UNIVERSAL_TIME_OFFSET ( 8, 0, .BEHIND. ) ;
#1783 = ORIENTED_EDGE ( 'NONE', *, *, #1802, .T. ) ;
#1784 = CARTESIAN_POINT ( 'NONE',  ( 188.5191583333333085, 82.39789557924099483, 17.55000000000003624 ) ) ;
#1785 = EDGE_LOOP ( 'NONE', ( #32, #1423, #1312, #1173 ) ) ;
#1786 = CARTESIAN_POINT ( 'NONE',  ( 88.51915833333254113, 117.3003955792409556, 10.00000000000000000 ) ) ;
#1787 = ADVANCED_FACE ( 'NONE', ( #613 ), #585, .F. ) ;
#1788 = LINE ( 'NONE', #1491, #3 ) ;
#1789 = DIRECTION ( 'NONE',  ( -0.000000000000000000, -0.000000000000000000, -1.000000000000000000 ) ) ;
#1790 = FACE_OUTER_BOUND ( 'NONE', #863, .T. ) ;
#1791 = ORIENTED_EDGE ( 'NONE', *, *, #368, .T. ) ;
#1792 = CARTESIAN_POINT ( 'NONE',  ( -8.099999999999999645, 9.919639073093559228E-16, 4.000000000000000000 ) ) ;
#1793 = AXIS2_PLACEMENT_3D ( 'NONE', #1433, #1546, #260 ) ;
#1794 = DIRECTION ( 'NONE',  ( -1.364029953115296624E-16, 1.000000000000000000, 0.000000000000000000 ) ) ;
#1795 = LOCAL_TIME ( 6, 19, 30.00000000000000000, #908 ) ;
#1796 = DIRECTION ( 'NONE',  ( -0.000000000000000000, 0.000000000000000000, 1.000000000000000000 ) ) ;
#1797 = CIRCLE ( 'NONE', #582, 7.886266300911727534 ) ;
#1798 = CIRCLE ( 'NONE', #977, 35.99999999999997868 ) ;
#1799 = CYLINDRICAL_SURFACE ( 'NONE', #1340, 16.99999999999998579 ) ;
#1800 = FACE_OUTER_BOUND ( 'NONE', #571, .T. ) ;
#1801 = ORIENTED_EDGE ( 'NONE', *, *, #1422, .F. ) ;
#1802 = EDGE_CURVE ( 'NONE', #184, #249, #1857, .T. ) ;
#1803 = DIRECTION ( 'NONE',  ( 1.364044408080838895E-16, -1.000000000000000000, 1.364044408080838895E-16 ) ) ;
#1804 = DIRECTION ( 'NONE',  ( 0.000000000000000000, 0.000000000000000000, 1.000000000000000000 ) ) ;
#1805 = EDGE_LOOP ( 'NONE', ( #1600, #1377, #406, #1686, #1204, #1703 ) ) ;
#1806 = DIRECTION ( 'NONE',  ( -0.9744076456311616674, 0.2247882117361510446, 0.000000000000000000 ) ) ;
#1807 = LINE ( 'NONE', #490, #645 ) ;
#1808 = DATE_AND_TIME ( #1637, #1795 ) ;
#1809 = AXIS2_PLACEMENT_3D ( 'NONE', #396, #1564, #7 ) ;
#1810 = EDGE_CURVE ( 'NONE', #1291, #200, #1739, .T. ) ;
#1811 = VERTEX_POINT ( 'NONE', #573 ) ;
#1812 = AXIS2_PLACEMENT_3D ( 'NONE', #440, #1017, #1596 ) ;
#1813 = DIRECTION ( 'NONE',  ( -1.000000000000000000, 1.224646799147353454E-16, 0.000000000000000000 ) ) ;
#1814 = DIRECTION ( 'NONE',  ( 0.000000000000000000, -1.000000000000000000, 0.000000000000000000 ) ) ;
#1815 = CARTESIAN_POINT ( 'NONE',  ( 88.51915833333254113, 113.3003955792409556, 0.000000000000000000 ) ) ;
#1816 = VERTEX_POINT ( 'NONE', #1444 ) ;
#1817 = EDGE_CURVE ( 'NONE', #586, #1291, #1827, .T. ) ;
#1818 = DIRECTION ( 'NONE',  ( 1.000000000000000000, 1.096334072605612984E-16, -0.000000000000000000 ) ) ;
#1819 = DIRECTION ( 'NONE',  ( -1.000000000000000000, 0.000000000000000000, 0.000000000000000000 ) ) ;
#1820 = PERSON_AND_ORGANIZATION ( #910, #1487 ) ;
#1821 = ORIENTED_EDGE ( 'NONE', *, *, #983, .T. ) ;
#1822 = CARTESIAN_POINT ( 'NONE',  ( 87.07981283976039322, 109.5812624438774634, 0.2383684099580948568 ) ) ;
#1823 = DIRECTION ( 'NONE',  ( -1.000000000000000000, -1.364044408080838895E-16, -0.000000000000000000 ) ) ;
#1824 = TOROIDAL_SURFACE ( 'NONE', #700, 13.99999999999999289, 4.000000000000000000 ) ;
#1825 = EDGE_CURVE ( 'NONE', #665, #554, #459, .T. ) ;
#1826 = CARTESIAN_POINT ( 'NONE',  ( 148.5191583333332801, 4.688778333016715649, 4.000000000000000000 ) ) ;
#1827 = CIRCLE ( 'NONE', #1486, 3.249999999999996891 ) ;
#1828 = ORIENTED_EDGE ( 'NONE', *, *, #1415, .T. ) ;
#1829 = DIRECTION ( 'NONE',  ( 0.000000000000000000, 0.000000000000000000, -1.000000000000000000 ) ) ;
#1830 = CARTESIAN_POINT ( 'NONE',  ( -37.50682655186823666, -32.14595732880337664, 14.84270212735943062 ) ) ;
#1831 = VERTEX_POINT ( 'NONE', #1770 ) ;
#1832 = CARTESIAN_POINT ( 'NONE',  ( 87.04663111116667551, 109.5851662548473939, 3.992064500333531551 ) ) ;
#1833 = CARTESIAN_POINT ( 'NONE',  ( 92.34049166666666508, 39.90355162252597410, 10.00000000000000000 ) ) ;
#1834 = ORIENTED_EDGE ( 'NONE', *, *, #791, .F. ) ;
#1835 = DIRECTION ( 'NONE',  ( 0.000000000000000000, -1.000000000000000000, 0.000000000000000000 ) ) ;
#1836 = EDGE_CURVE ( 'NONE', #1811, #726, #1152, .T. ) ;
#1837 = CARTESIAN_POINT ( 'NONE',  ( -33.50682655186824377, -31.31122166698327547, 14.00000000000000000 ) ) ;
#1838 = EDGE_CURVE ( 'NONE', #840, #1186, #41, .T. ) ;
#1839 = ORIENTED_EDGE ( 'NONE', *, *, #1354, .F. ) ;
#1840 = CARTESIAN_POINT ( 'NONE',  ( -47.50682655186825798, 117.3003955792409556, 56.00000000000000000 ) ) ;
#1841 = VECTOR ( 'NONE', #1741, 1000.000000000000000 ) ;
#1842 = LINE ( 'NONE', #991, #760 ) ;
#1843 = EDGE_CURVE ( 'NONE', #1847, #1617, #819, .T. ) ;
#1844 = CIRCLE ( 'NONE', #1594, 18.55000000000001137 ) ;
#1845 = CARTESIAN_POINT ( 'NONE',  ( 184.5191583333332801, 4.688778333016715649, 0.000000000000000000 ) ) ;
#1846 = DIRECTION ( 'NONE',  ( -6.938893903907222067E-15, -1.000000000000000000, 0.000000000000000000 ) ) ;
#1847 = VERTEX_POINT ( 'NONE', #737 ) ;
#1848 = CIRCLE ( 'NONE', #1809, 18.55000000000001137 ) ;
#1849 = DIRECTION ( 'NONE',  ( -0.000000000000000000, 0.000000000000000000, 1.000000000000000000 ) ) ;
#1850 = APPROVAL ( #1527, 'UNSPECIFIED' ) ;
#1851 = ORIENTED_EDGE ( 'NONE', *, *, #824, .T. ) ;
#1852 = CARTESIAN_POINT ( 'NONE',  ( 82.34049166666666508, 39.90355162252597410, 0.000000000000000000 ) ) ;
#1853 = DIRECTION ( 'NONE',  ( 1.000000000000000000, 1.387778780781446464E-15, 0.000000000000000000 ) ) ;
#1854 = EDGE_LOOP ( 'NONE', ( #1251, #578, #1602, #301 ) ) ;
#1855 = CARTESIAN_POINT ( 'NONE',  ( 0.000000000000000000, 0.000000000000000000, 10.00000000000000000 ) ) ;
#1856 = EDGE_LOOP ( 'NONE', ( #1488, #926, #449, #1478 ) ) ;
#1857 = CIRCLE ( 'NONE', #1248, 9.999999999999994671 ) ;
ENDSEC;
END-ISO-10303-21;
