ISO-10303-21;
HEADER;
FILE_DESCRIPTION (( 'STEP AP203' ),
    '1' );
FILE_NAME ('Nozzel 4.STEP',
    '2026-04-24T23:37:58',
    ( '' ),
    ( '' ),
    'SwSTEP 2.0',
    'SolidWorks 2024',
    '' );
FILE_SCHEMA (( 'CONFIG_CONTROL_DESIGN' ));
ENDSEC;

DATA;
#1 = CARTESIAN_POINT ( 'NONE',  ( -5.974272815895298905, 1.071379574391824852, 10.57038442952899793 ) ) ;
#2 = EDGE_LOOP ( 'NONE', ( #725, #39, #1782, #266 ) ) ;
#3 = DIRECTION ( 'NONE',  ( -1.000000000000000000, 0.000000000000000000, 0.000000000000000000 ) ) ;
#4 = ORIENTED_EDGE ( 'NONE', *, *, #2112, .T. ) ;
#5 = CARTESIAN_POINT ( 'NONE',  ( -5.974272815895298905, 11.07137957439182507, 23.39228178666977698 ) ) ;
#6 = EDGE_CURVE ( 'NONE', #453, #1071, #607, .T. ) ;
#7 = DIRECTION ( 'NONE',  ( 0.000000000000000000, 0.000000000000000000, -1.000000000000000000 ) ) ;
#8 = DIRECTION ( 'NONE',  ( -0.000000000000000000, 1.000000000000000000, -0.000000000000000000 ) ) ;
#9 = EDGE_LOOP ( 'NONE', ( #642, #1146, #1525, #1773 ) ) ;
#10 = CARTESIAN_POINT ( 'NONE',  ( -5.974272815895298905, -7.823246995021265526, 10.57038442952899793 ) ) ;
#11 = CARTESIAN_POINT ( 'NONE',  ( -5.768361617253106033, 0.2315377819204980925, 25.57038442952900326 ) ) ;
#12 = ORIENTED_EDGE ( 'NONE', *, *, #92, .T. ) ;
#13 = DIRECTION ( 'NONE',  ( -0.000000000000000000, 1.000000000000000000, -0.000000000000000000 ) ) ;
#14 = FACE_OUTER_BOUND ( 'NONE', #1426, .T. ) ;
#15 = DIRECTION ( 'NONE',  ( -0.000000000000000000, 1.000000000000000000, 0.000000000000000000 ) ) ;
#16 = ADVANCED_FACE ( 'NONE', ( #606 ), #431, .T. ) ;
#17 = ORIENTED_EDGE ( 'NONE', *, *, #1175, .F. ) ;
#18 = DIRECTION ( 'NONE',  ( -0.3930743710128391522, 0.000000000000000000, -0.9195066823318146509 ) ) ;
#19 = AXIS2_PLACEMENT_3D ( 'NONE', #1986, #1460, #1831 ) ;
#20 = CARTESIAN_POINT ( 'NONE',  ( -4.393733399986588850, -0.1858981513262746299, 25.48787963760367958 ) ) ;
#21 = ORIENTED_EDGE ( 'NONE', *, *, #1149, .T. ) ;
#22 = CARTESIAN_POINT ( 'NONE',  ( -5.974272815895298905, 1.071379574391823075, 13.82038442952899970 ) ) ;
#23 = CARTESIAN_POINT ( 'NONE',  ( -8.477724200764573226, -1.000289803176813264, 21.66575550561213248 ) ) ;
#24 = VECTOR ( 'NONE', #834, 999.9999999999998863 ) ;
#25 = EDGE_CURVE ( 'NONE', #611, #98, #1967, .T. ) ;
#26 = PLANE ( 'NONE',  #560 ) ;
#27 = DIRECTION ( 'NONE',  ( 0.3840842657375878599, 0.000000000000000000, -0.9232980433277317989 ) ) ;
#28 = CARTESIAN_POINT ( 'NONE',  ( -6.411405570421393918, 0.2088507799256201225, 21.33537938576576209 ) ) ;
#29 = ORIENTED_EDGE ( 'NONE', *, *, #2091, .F. ) ;
#30 = LINE ( 'NONE', #2084, #905 ) ;
#31 = DIRECTION ( 'NONE',  ( 1.000000000000000000, 0.000000000000000000, 0.000000000000000000 ) ) ;
#32 = CARTESIAN_POINT ( 'NONE',  ( -2.906367079966065248, -2.092614578453132701, 25.25419144994709697 ) ) ;
#33 = ORIENTED_EDGE ( 'NONE', *, *, #439, .F. ) ;
#34 = CYLINDRICAL_SURFACE ( 'NONE', #1495, 3.149999999999999911 ) ;
#35 = DIRECTION ( 'NONE',  ( 0.000000000000000000, 0.000000000000000000, 1.000000000000000000 ) ) ;
#36 = DIRECTION ( 'NONE',  ( -0.000000000000000000, 1.000000000000000000, -0.000000000000000000 ) ) ;
#37 = CARTESIAN_POINT ( 'NONE',  ( -5.974272815895298905, -7.823246995021265526, 10.57038442952899793 ) ) ;
#38 = EDGE_CURVE ( 'NONE', #1566, #1954, #1283, .T. ) ;
#39 = ORIENTED_EDGE ( 'NONE', *, *, #747, .F. ) ;
#40 = FACE_OUTER_BOUND ( 'NONE', #1076, .T. ) ;
#41 = AXIS2_PLACEMENT_3D ( 'NONE', #1458, #1955, #758 ) ;
#42 = VECTOR ( 'NONE', #784, 1000.000000000000000 ) ;
#43 =( BOUNDED_SURFACE ( )  B_SPLINE_SURFACE ( 2, 3, ( 
 ( #1038, #325, #1867, #1677 ),
 ( #146, #684, #336, #1550 ),
 ( #1364, #1704, #1006, #170 ) ),
 .UNSPECIFIED., .F., .F., .F. ) 
 B_SPLINE_SURFACE_WITH_KNOTS ( ( 3, 3 ),
 ( 4, 4 ),
 ( 0.0002916866682808612441, 1.000000000000000000 ),
 ( 0.000000000000000000, 1.000000000000000000 ),
 .UNSPECIFIED. ) 
 GEOMETRIC_REPRESENTATION_ITEM ( )  RATIONAL_B_SPLINE_SURFACE ( (
 ( 1.000000000000000000, 0.3333333333333334259, 0.3333333333333334259, 1.000000000000000000),
 ( 1.000000000000000000, 0.3333333333333334259, 0.3333333333333334259, 1.000000000000000000),
 ( 1.000000000000000000, 0.3333333333333334259, 0.3333333333333334259, 1.000000000000000000) ) ) 
 REPRESENTATION_ITEM ( '' )  SURFACE ( )  );
#44 = EDGE_CURVE ( 'NONE', #183, #247, #2113, .T. ) ;
#45 = PLANE ( 'NONE',  #1117 ) ;
#46 = ORIENTED_EDGE ( 'NONE', *, *, #724, .T. ) ;
#47 = CARTESIAN_POINT ( 'NONE',  ( -3.217953554674942040, 4.176753004978734474, 5.644843099345886905 ) ) ;
#48 = CARTESIAN_POINT ( 'NONE',  ( -5.076249117425699175, -5.947182856196589817, 23.79615480728864441 ) ) ;
#49 = EDGE_CURVE ( 'NONE', #367, #250, #1087, .T. ) ;
#50 = TOROIDAL_SURFACE ( 'NONE', #80, 1.200000000000002620, 0.3000000000000000444 ) ;
#51 = ORIENTED_EDGE ( 'NONE', *, *, #2205, .F. ) ;
#52 = CARTESIAN_POINT ( 'NONE',  ( -5.974272815895298905, 4.176753004978734474, 10.57038442952899793 ) ) ;
#53 = ORIENTED_EDGE ( 'NONE', *, *, #388, .F. ) ;
#54 = DIRECTION ( 'NONE',  ( 0.000000000000000000, 0.000000000000000000, -1.000000000000000000 ) ) ;
#55 = CIRCLE ( 'NONE', #1699, 8.502148855809341654 ) ;
#56 = CARTESIAN_POINT ( 'NONE',  ( 0.8500151953250582038, 3.676753004978734030, 8.087150791653579418 ) ) ;
#57 = CARTESIAN_POINT ( 'NONE',  ( -4.636076990863339020, -5.770081395646352362, 23.75681640721890275 ) ) ;
#58 = ORIENTED_EDGE ( 'NONE', *, *, #502, .F. ) ;
#59 = CARTESIAN_POINT ( 'NONE',  ( -5.974272815895298905, -2.897585624075404098, 5.482529982416838976 ) ) ;
#60 = AXIS2_PLACEMENT_3D ( 'NONE', #2201, #2058, #7 ) ;
#61 = APPLICATION_PROTOCOL_DEFINITION ( 'international standard', 'config_control_design', 1994, #1928 ) ;
#62 = ORIENTED_EDGE ( 'NONE', *, *, #1073, .T. ) ;
#63 = CARTESIAN_POINT ( 'NONE',  ( -7.312468640927257901, -5.770081395646352362, 23.75681640721890275 ) ) ;
#64 = CIRCLE ( 'NONE', #743, 0.2999999999999999334 ) ;
#65 = CARTESIAN_POINT ( 'NONE',  ( -5.974272815895298905, -1.776728305938279906, 10.57038442952899793 ) ) ;
#66 = EDGE_CURVE ( 'NONE', #2197, #250, #1310, .T. ) ;
#67 = VERTEX_POINT ( 'NONE', #1832 ) ;
#68 = CARTESIAN_POINT ( 'NONE',  ( 1.257066477376340030, 3.676753004978734030, 7.720804637807424875 ) ) ;
#69 = VERTEX_POINT ( 'NONE', #2029 ) ;
#70 = AXIS2_PLACEMENT_3D ( 'NONE', #1436, #781, #2119 ) ;
#71 = FACE_OUTER_BOUND ( 'NONE', #278, .T. ) ;
#72 = ORIENTED_EDGE ( 'NONE', *, *, #695, .F. ) ;
#73 = CARTESIAN_POINT ( 'NONE',  ( -5.974272815895298905, -7.523246995021263928, 12.07038442952900148 ) ) ;
#74 = ORIENTED_EDGE ( 'NONE', *, *, #196, .F. ) ;
#75 = TOROIDAL_SURFACE ( 'NONE', #2181, 1.050000000000002709, 0.2999999999999999889 ) ;
#76 = ORIENTED_EDGE ( 'NONE', *, *, #2170, .T. ) ;
#77 = DIRECTION ( 'NONE',  ( 0.000000000000000000, -1.000000000000000000, 0.000000000000000000 ) ) ;
#78 = EDGE_CURVE ( 'NONE', #953, #1102, #221, .T. ) ;
#79 = ORIENTED_EDGE ( 'NONE', *, *, #436, .T. ) ;
#80 = AXIS2_PLACEMENT_3D ( 'NONE', #1768, #427, #239 ) ;
#81 = ADVANCED_FACE ( 'NONE', ( #641 ), #1134, .T. ) ;
#82 = TOROIDAL_SURFACE ( 'NONE', #1905, 7.311528653769307162, 4.000000000000000000 ) ;
#83 = CARTESIAN_POINT ( 'NONE',  ( -5.974272815895298905, -4.012504870066893936, 10.57038442952899793 ) ) ;
#84 = VERTEX_POINT ( 'NONE', #1669 ) ;
#85 = DIRECTION ( 'NONE',  ( -0.000000000000000000, 1.000000000000000000, -0.000000000000000000 ) ) ;
#86 = ORIENTED_EDGE ( 'NONE', *, *, #1500, .T. ) ;
#87 = CARTESIAN_POINT ( 'NONE',  ( -2.924941315454342661, -3.734815043275801383, 25.25722413978823866 ) ) ;
#88 = ORIENTED_EDGE ( 'NONE', *, *, #361, .F. ) ;
#89 = CIRCLE ( 'NONE', #1441, 10.18785444711215682 ) ;
#90 = DIRECTION ( 'NONE',  ( -0.000000000000000000, 1.000000000000000000, -0.000000000000000000 ) ) ;
#91 = EDGE_LOOP ( 'NONE', ( #1803, #2143, #76, #283 ) ) ;
#92 = EDGE_CURVE ( 'NONE', #1607, #1041, #638, .T. ) ;
#93 = CONICAL_SURFACE ( 'NONE', #668, 5.212547534731934107, 0.2215847939247947429 ) ;
#94 = CARTESIAN_POINT ( 'NONE',  ( -8.478222931794794803, -0.9963053067397730223, 25.36036815832251534 ) ) ;
#95 = CARTESIAN_POINT ( 'NONE',  ( -5.974272815895298905, -0.8825939403743765510, 15.98436618021781896 ) ) ;
#96 = VECTOR ( 'NONE', #110, 1000.000000000000000 ) ;
#97 = ORIENTED_EDGE ( 'NONE', *, *, #1912, .T. ) ;
#98 = VERTEX_POINT ( 'NONE', #677 ) ;
#99 = CARTESIAN_POINT ( 'NONE',  ( -5.974272815895298017, -7.997585624075403743, 0.3825299824168401086 ) ) ;
#100 = DATE_AND_TIME ( #759, #261 ) ;
#101 = VERTEX_POINT ( 'NONE', #818 ) ;
#102 = EDGE_CURVE ( 'NONE', #825, #2077, #920, .T. ) ;
#103 = CARTESIAN_POINT ( 'NONE',  ( -5.974272815895298905, -2.897585624075404098, 10.57038442952899793 ) ) ;
#104 = VERTEX_POINT ( 'NONE', #1186 ) ;
#105 = CARTESIAN_POINT ( 'NONE',  ( -8.706057902190707409, -1.336753137047794970, 25.31998561475377585 ) ) ;
#106 = DIRECTION ( 'NONE',  ( -0.000000000000000000, 1.000000000000000000, -0.000000000000000000 ) ) ;
#107 = EDGE_CURVE ( 'NONE', #289, #1165, #1812, .T. ) ;
#108 = ORIENTED_EDGE ( 'NONE', *, *, #1293, .F. ) ;
#109 = VERTEX_POINT ( 'NONE', #1498 ) ;
#110 = DIRECTION ( 'NONE',  ( -0.000000000000000000, 1.000000000000000000, -0.000000000000000000 ) ) ;
#111 = CALENDAR_DATE ( 2026, 24, 4 ) ;
#112 = ORIENTED_EDGE ( 'NONE', *, *, #1748, .F. ) ;
#113 = DIRECTION ( 'NONE',  ( 0.000000000000000000, 0.000000000000000000, 1.000000000000000000 ) ) ;
#114 = EDGE_LOOP ( 'NONE', ( #74, #2102, #1853, #1466, #1961 ) ) ;
#115 = AXIS2_PLACEMENT_3D ( 'NONE', #1914, #988, #307 ) ;
#116 = EDGE_CURVE ( 'NONE', #1156, #2051, #1486, .T. ) ;
#117 = CARTESIAN_POINT ( 'NONE',  ( -5.974272815895298017, 2.991924746658767731, 6.300829837305682801 ) ) ;
#118 = CYLINDRICAL_SURFACE ( 'NONE', #2123, 0.7500000000000006661 ) ;
#119 = ORIENTED_EDGE ( 'NONE', *, *, #563, .T. ) ;
#120 = EDGE_LOOP ( 'NONE', ( #801, #167, #1862, #457 ) ) ;
#121 = DIRECTION ( 'NONE',  ( 0.000000000000000000, 0.000000000000000000, 1.000000000000000000 ) ) ;
#122 = DIRECTION ( 'NONE',  ( 0.000000000000000000, 0.000000000000000000, 1.000000000000000000 ) ) ;
#123 = VECTOR ( 'NONE', #142, 1000.000000000000000 ) ;
#124 = EDGE_CURVE ( 'NONE', #1711, #1833, #462, .T. ) ;
#125 = DIRECTION ( 'NONE',  ( 0.000000000000000000, 0.000000000000000000, -1.000000000000000000 ) ) ;
#126 = ORIENTED_EDGE ( 'NONE', *, *, #230, .F. ) ;
#127 = VECTOR ( 'NONE', #1022, 1000.000000000000000 ) ;
#128 = AXIS2_PLACEMENT_3D ( 'NONE', #329, #139, #1145 ) ;
#129 = CARTESIAN_POINT ( 'NONE',  ( 1.257066477376340030, 4.176753004978734474, 5.563432842935630340 ) ) ;
#130 = DIRECTION ( 'NONE',  ( 0.3840842657375881375, 0.000000000000000000, 0.9232980433277316878 ) ) ;
#131 = VERTEX_POINT ( 'NONE', #328 ) ;
#132 = EDGE_LOOP ( 'NONE', ( #1936, #1684, #1465, #1731, #2162 ) ) ;
#133 = DIRECTION ( 'NONE',  ( -0.9190402494829054136, 0.000000000000000000, -0.3941636967433695959 ) ) ;
#134 = FACE_OUTER_BOUND ( 'NONE', #944, .T. ) ;
#135 = EDGE_CURVE ( 'NONE', #1926, #2124, #1234, .T. ) ;
#136 = DIRECTION ( 'NONE',  ( -0.000000000000000000, 1.000000000000000000, -0.000000000000000000 ) ) ;
#137 = ORIENTED_EDGE ( 'NONE', *, *, #1587, .T. ) ;
#138 = CARTESIAN_POINT ( 'NONE',  ( -5.974272815895298905, -2.897585624075404098, 10.57038442952899793 ) ) ;
#139 = DIRECTION ( 'NONE',  ( -0.000000000000000000, 1.000000000000000000, -0.000000000000000000 ) ) ;
#140 = ORIENTED_EDGE ( 'NONE', *, *, #1185, .T. ) ;
#141 = AXIS2_PLACEMENT_3D ( 'NONE', #2108, #1080, #401 ) ;
#142 = DIRECTION ( 'NONE',  ( -0.000000000000000000, 1.000000000000000000, -0.000000000000000000 ) ) ;
#143 = ORIENTED_EDGE ( 'NONE', *, *, #1647, .T. ) ;
#144 = LINE ( 'NONE', #2055, #952 ) ;
#145 = VECTOR ( 'NONE', #1608, 1000.000000000000000 ) ;
#146 = CARTESIAN_POINT ( 'NONE',  ( -9.223415376090677853, -10.41135687575563828, 10.57038442952899793 ) ) ;
#147 = CARTESIAN_POINT ( 'NONE',  ( -2.139903674867249972, 3.676753004978734030, 8.819843099345886728 ) ) ;
#148 = DIRECTION ( 'NONE',  ( -1.000000000000000000, 0.000000000000000000, 0.000000000000000000 ) ) ;
#149 = AXIS2_PLACEMENT_3D ( 'NONE', #617, #2126, #1119 ) ;
#150 = CARTESIAN_POINT ( 'NONE',  ( -5.974272815895298905, -7.523246995021264816, 10.57038442952899793 ) ) ;
#151 = EDGE_CURVE ( 'NONE', #154, #1984, #1489, .T. ) ;
#152 = DIRECTION ( 'NONE',  ( 0.000000000000000000, 0.000000000000000000, 1.000000000000000000 ) ) ;
#153 = VECTOR ( 'NONE', #1208, 1000.000000000000000 ) ;
#154 = VERTEX_POINT ( 'NONE', #2204 ) ;
#155 = CARTESIAN_POINT ( 'NONE',  ( -4.692584045279597049, -0.04100259277121411083, 21.39950677777734001 ) ) ;
#156 = ORIENTED_EDGE ( 'NONE', *, *, #1429, .T. ) ;
#157 = CARTESIAN_POINT ( 'NONE',  ( -0.7781899328800703231, 3.676753004978734030, 5.644843099345886905 ) ) ;
#158 = DIRECTION ( 'NONE',  ( -1.000000000000000000, 0.000000000000000000, 0.000000000000000000 ) ) ;
#159 = CARTESIAN_POINT ( 'NONE',  ( -7.312468640927257901, -5.770081395646352362, 23.75681640721890275 ) ) ;
#160 = EDGE_CURVE ( 'NONE', #260, #1698, #64, .T. ) ;
#161 = CARTESIAN_POINT ( 'NONE',  ( -9.104230436388290215, -3.329465469259822452, 25.24025411653441608 ) ) ;
#162 = CIRCLE ( 'NONE', #1835, 5.087854447112158951 ) ;
#163 = LINE ( 'NONE', #466, #127 ) ;
#164 = EDGE_CURVE ( 'NONE', #521, #2121, #460, .T. ) ;
#165 = VERTEX_POINT ( 'NONE', #1247 ) ;
#166 = CARTESIAN_POINT ( 'NONE',  ( 0.04227280750454531777, 4.176753004978734474, 7.720804637807424875 ) ) ;
#167 = ORIENTED_EDGE ( 'NONE', *, *, #1581, .F. ) ;
#168 = AXIS2_PLACEMENT_3D ( 'NONE', #1192, #1027, #481 ) ;
#169 = CARTESIAN_POINT ( 'NONE',  ( -5.974272815895298905, 1.071379574391824852, 13.82038442952899970 ) ) ;
#170 = CARTESIAN_POINT ( 'NONE',  ( -2.874272815895294819, -10.82324699502126464, 10.57038442952899970 ) ) ;
#171 = DIRECTION ( 'NONE',  ( -0.000000000000000000, 1.000000000000000000, -0.000000000000000000 ) ) ;
#172 = EDGE_CURVE ( 'NONE', #1698, #67, #853, .T. ) ;
#173 = ORIENTED_EDGE ( 'NONE', *, *, #827, .T. ) ;
#174 = AXIS2_PLACEMENT_3D ( 'NONE', #1474, #136, #974 ) ;
#175 = DIRECTION ( 'NONE',  ( 0.000000000000000000, 0.000000000000000000, 1.000000000000000000 ) ) ;
#176 = DIRECTION ( 'NONE',  ( 0.000000000000000000, 0.000000000000000000, 1.000000000000000000 ) ) ;
#177 = VERTEX_POINT ( 'NONE', #1226 ) ;
#178 = EDGE_CURVE ( 'NONE', #2043, #1926, #2135, .T. ) ;
#179 = CARTESIAN_POINT ( 'NONE',  ( -5.974272815895298905, -7.823246995021265526, 10.57038442952899793 ) ) ;
#180 = FACE_OUTER_BOUND ( 'NONE', #132, .T. ) ;
#181 = CARTESIAN_POINT ( 'NONE',  ( -2.724273303340648322, -9.973502504325223228, 10.57038442952899793 ) ) ;
#182 = CARTESIAN_POINT ( 'NONE',  ( -5.974272815895298905, 2.991924746658767731, 10.57038442952899793 ) ) ;
#183 = VERTEX_POINT ( 'NONE', #47 ) ;
#184 = LINE ( 'NONE', #1057, #1381 ) ;
#185 = ADVANCED_FACE ( 'NONE', ( #2078 ), #1722, .F. ) ;
#186 = CARTESIAN_POINT ( 'NONE',  ( -2.862944981415415757, -2.346296499452888984, 22.19357375100380381 ) ) ;
#187 = ORIENTED_EDGE ( 'NONE', *, *, #1415, .T. ) ;
#188 = DIRECTION ( 'NONE',  ( -0.000000000000000000, 1.000000000000000000, -0.000000000000000000 ) ) ;
#189 = CARTESIAN_POINT ( 'NONE',  ( -8.797246776148876179, -1.512867153638678408, 21.84715380445607025 ) ) ;
#190 = AXIS2_PLACEMENT_3D ( 'NONE', #1927, #397, #1077 ) ;
#191 = FACE_OUTER_BOUND ( 'NONE', #437, .T. ) ;
#192 = CARTESIAN_POINT ( 'NONE',  ( -9.074272815895302102, -10.82324699502126464, 4.370384429528991532 ) ) ;
#193 = LINE ( 'NONE', #1901, #384 ) ;
#194 = VERTEX_POINT ( 'NONE', #1942 ) ;
#195 = DIRECTION ( 'NONE',  ( -0.000000000000000000, 1.000000000000000000, -0.000000000000000000 ) ) ;
#196 = EDGE_CURVE ( 'NONE', #1798, #2043, #1635, .T. ) ;
#197 = LINE ( 'NONE', #2075, #1197 ) ;
#198 = AXIS2_PLACEMENT_3D ( 'NONE', #1193, #1705, #1725 ) ;
#199 = ADVANCED_FACE ( 'NONE', ( #1398 ), #34, .F. ) ;
#200 =( NAMED_UNIT ( * ) PLANE_ANGLE_UNIT ( ) SI_UNIT ( $, .RADIAN. ) );
#201 = ORIENTED_EDGE ( 'NONE', *, *, #1858, .T. ) ;
#202 = CARTESIAN_POINT ( 'NONE',  ( -8.779144414124750995, -4.365837043500374826, 23.26869471169480974 ) ) ;
#203 = AXIS2_PLACEMENT_3D ( 'NONE', #933, #1267, #456 ) ;
#204 = DIRECTION ( 'NONE',  ( 0.5612769739698451055, 0.000000000000000000, -0.8276280314798755144 ) ) ;
#205 = CARTESIAN_POINT ( 'NONE',  ( -0.6153694200595576369, 4.176753004978734474, 8.087150791653579418 ) ) ;
#206 = FACE_OUTER_BOUND ( 'NONE', #1408, .T. ) ;
#207 = AXIS2_PLACEMENT_3D ( 'NONE', #37, #383, #1574 ) ;
#208 = ORIENTED_EDGE ( 'NONE', *, *, #954, .F. ) ;
#209 = LINE ( 'NONE', #555, #153 ) ;
#210 = ADVANCED_FACE ( 'NONE', ( #1409 ), #1783, .T. ) ;
#211 = AXIS2_PLACEMENT_3D ( 'NONE', #1985, #1005, #300 ) ;
#212 = EDGE_CURVE ( 'NONE', #1824, #177, #1037, .T. ) ;
#213 = PERSON ( 'UNSPECIFIED', 'UNSPECIFIED', 'UNSPECIFIED', ('UNSPECIFIED'), ('UNSPECIFIED'), ('UNSPECIFIED') ) ;
#214 = ORIENTED_EDGE ( 'NONE', *, *, #1543, .T. ) ;
#215 = CARTESIAN_POINT ( 'NONE',  ( -8.574419869842017761, -4.707717332832158874, 23.42525898352342750 ) ) ;
#216 = DIRECTION ( 'NONE',  ( -0.000000000000000000, 1.000000000000000000, -0.000000000000000000 ) ) ;
#217 = LINE ( 'NONE', #226, #773 ) ;
#218 = B_SPLINE_CURVE_WITH_KNOTS ( 'NONE', 3,
 ( #155, #857, #1863, #1013, #1884, #1700 ),
 .UNSPECIFIED., .F., .F.,
 ( 4, 2, 4 ),
 ( 4.867722201976985124E-07, 0.0006581879109470205802, 0.001315889049673843588 ),
 .UNSPECIFIED. ) ;
#219 = VERTEX_POINT ( 'NONE', #1049 ) ;
#220 = DIRECTION ( 'NONE',  ( -1.000000000000000000, 0.000000000000000000, 0.000000000000000000 ) ) ;
#221 = B_SPLINE_CURVE_WITH_KNOTS ( 'NONE', 3,
 ( #1008, #629, #1859, #1307, #796, #1319, #2038, #1998, #1989, #1176, #1707, #1164, #338, #1345, #1142, #161, #303, #986 ),
 .UNSPECIFIED., .F., .F.,
 ( 4, 2, 2, 2, 2, 2, 2, 2, 4 ),
 ( 0.000000000000000000, 0.0006173983257626748785, 0.001234796651525349757, 0.001852194977288024744, 0.002469593303050701683, 0.003086991628813378838, 0.003704389954576055993, 0.004321788280338733149, 0.004939186606101410304 ),
 .UNSPECIFIED. ) ;
#222 = PERSON_AND_ORGANIZATION ( #213, #1694 ) ;
#223 = ORIENTED_EDGE ( 'NONE', *, *, #351, .F. ) ;
#224 = CARTESIAN_POINT ( 'NONE',  ( -5.974272815895298905, 17.86190247149750121, 10.57038442952899793 ) ) ;
#225 = DIRECTION ( 'NONE',  ( -0.000000000000000000, 1.000000000000000000, -0.000000000000000000 ) ) ;
#226 = CARTESIAN_POINT ( 'NONE',  ( -0.7781899328800703231, 3.676753004978734030, 5.644843099345886905 ) ) ;
#227 = AXIS2_PLACEMENT_3D ( 'NONE', #1836, #2015, #832 ) ;
#228 = ORIENTED_EDGE ( 'NONE', *, *, #1450, .T. ) ;
#229 = DIRECTION ( 'NONE',  ( 0.000000000000000000, 0.000000000000000000, 1.000000000000000000 ) ) ;
#230 = EDGE_CURVE ( 'NONE', #84, #1745, #2098, .T. ) ;
#231 = CARTESIAN_POINT ( 'NONE',  ( -5.974272815895298905, -1.798579118350907002, 10.57038442952899793 ) ) ;
#232 = ADVANCED_FACE ( 'NONE', ( #1923 ), #391, .F. ) ;
#233 = EDGE_LOOP ( 'NONE', ( #1372, #958, #350, #780 ) ) ;
#234 = CARTESIAN_POINT ( 'NONE',  ( -9.124272815895302813, -2.634370961681187673, 22.32906050600432479 ) ) ;
#235 = CIRCLE ( 'NONE', #19, 1.457809102190855688 ) ;
#236 = CARTESIAN_POINT ( 'NONE',  ( -5.974272815895298905, -6.068462218079502257, 25.57038442952899970 ) ) ;
#237 = CIRCLE ( 'NONE', #416, 5.100000000000000533 ) ;
#238 = ORIENTED_EDGE ( 'NONE', *, *, #1209, .T. ) ;
#239 = DIRECTION ( 'NONE',  ( 0.000000000000000000, 0.000000000000000000, 1.000000000000000000 ) ) ;
#240 = ORIENTED_EDGE ( 'NONE', *, *, #1587, .F. ) ;
#241 = ORIENTED_EDGE ( 'NONE', *, *, #894, .F. ) ;
#242 = CARTESIAN_POINT ( 'NONE',  ( -4.692584045279597049, -0.04100259277121411083, 21.39950677777734001 ) ) ;
#243 = VECTOR ( 'NONE', #1522, 1000.000000000000000 ) ;
#244 = EDGE_CURVE ( 'NONE', #2124, #1750, #392, .T. ) ;
#245 = FACE_OUTER_BOUND ( 'NONE', #1753, .T. ) ;
#246 = CALENDAR_DATE ( 2026, 24, 4 ) ;
#247 = VERTEX_POINT ( 'NONE', #1094 ) ;
#248 = CARTESIAN_POINT ( 'NONE',  ( -5.974272815895298905, -1.798579118350907002, 10.57038442952899793 ) ) ;
#249 = VECTOR ( 'NONE', #1239, 1000.000000000000000 ) ;
#250 = VERTEX_POINT ( 'NONE', #1312 ) ;
#251 = CONICAL_SURFACE ( 'NONE', #538, 10.90470618302278716, 0.4549240965120655011 ) ;
#252 = DIRECTION ( 'NONE',  ( 0.000000000000000000, 0.000000000000000000, 1.000000000000000000 ) ) ;
#253 = ORIENTED_EDGE ( 'NONE', *, *, #1185, .F. ) ;
#254 = DIRECTION ( 'NONE',  ( 0.000000000000000000, 0.000000000000000000, 1.000000000000000000 ) ) ;
#255 = ORIENTED_EDGE ( 'NONE', *, *, #2045, .F. ) ;
#256 = DIRECTION ( 'NONE',  ( -0.000000000000000000, 1.000000000000000000, -0.000000000000000000 ) ) ;
#257 = AXIS2_PLACEMENT_3D ( 'NONE', #83, #1309, #1477 ) ;
#258 = CARTESIAN_POINT ( 'NONE',  ( -5.974272815895298905, 0.2315377819204979815, 21.32845125532431751 ) ) ;
#259 = ADVANCED_FACE ( 'NONE', ( #799 ), #2071, .F. ) ;
#260 = VERTEX_POINT ( 'NONE', #423 ) ;
#261 = LOCAL_TIME ( 16, 37, 58.00000000000000000, #1602 ) ;
#262 = DIRECTION ( 'NONE',  ( -0.000000000000000000, 1.000000000000000000, -0.000000000000000000 ) ) ;
#263 = CARTESIAN_POINT ( 'NONE',  ( -5.974272815895298905, -2.897585624075403654, 10.57038442952899793 ) ) ;
#264 = ADVANCED_FACE ( 'NONE', ( #1649 ), #1554, .F. ) ;
#265 = ORIENTED_EDGE ( 'NONE', *, *, #740, .F. ) ;
#266 = ORIENTED_EDGE ( 'NONE', *, *, #805, .T. ) ;
#267 = LINE ( 'NONE', #1631, #1395 ) ;
#268 = B_SPLINE_CURVE_WITH_KNOTS ( 'NONE', 3,
 ( #865, #353, #1893, #1199 ),
 .UNSPECIFIED., .F., .F.,
 ( 4, 4 ),
 ( 0.0006682780735858167079, 0.001331671707237675525 ),
 .UNSPECIFIED. ) ;
#269 = CARTESIAN_POINT ( 'NONE',  ( 0.8500151953250582038, 4.176753004978734474, 8.819843099345886728 ) ) ;
#270 = B_SPLINE_CURVE_WITH_KNOTS ( 'NONE', 3,
 ( #562, #718, #28, #1242, #1925, #707 ),
 .UNSPECIFIED., .F., .F.,
 ( 4, 2, 4 ),
 ( 0.001315889049673843588, 0.001972701165492520611, 0.002629513281311197416 ),
 .UNSPECIFIED. ) ;
#271 = ORIENTED_EDGE ( 'NONE', *, *, #38, .F. ) ;
#272 = VECTOR ( 'NONE', #1400, 1000.000000000000000 ) ;
#273 = ADVANCED_FACE ( 'NONE', ( #1135 ), #415, .F. ) ;
#274 = CIRCLE ( 'NONE', #207, 1.199999999999999734 ) ;
#275 = DIRECTION ( 'NONE',  ( 1.109540447322950670E-16, -0.4232594263586148542, 0.9060085308641283586 ) ) ;
#276 = CARTESIAN_POINT ( 'NONE',  ( -3.627548907239044773, 3.676753004978734030, 5.644843099345886905 ) ) ;
#277 = CIRCLE ( 'NONE', #566, 4.000000000000000000 ) ;
#278 = EDGE_LOOP ( 'NONE', ( #126, #1123, #713, #1232 ) ) ;
#279 = ORIENTED_EDGE ( 'NONE', *, *, #1278, .F. ) ;
#280 = EDGE_CURVE ( 'NONE', #367, #1165, #1265, .T. ) ;
#281 = CARTESIAN_POINT ( 'NONE',  ( -3.217953554674942040, 3.676753004978734030, 5.644843099345886905 ) ) ;
#282 = APPROVAL_ROLE ( '' ) ;
#283 = ORIENTED_EDGE ( 'NONE', *, *, #1666, .T. ) ;
#284 = FACE_BOUND ( 'NONE', #1475, .T. ) ;
#285 = EDGE_LOOP ( 'NONE', ( #1828, #2151, #1079, #1012 ) ) ;
#286 = CARTESIAN_POINT ( 'NONE',  ( -6.794136468162152553, 0.1299731792151141707, 25.54933266213382836 ) ) ;
#287 = CARTESIAN_POINT ( 'NONE',  ( 1.257066477376340030, 4.176753004978734474, 7.720804637807424875 ) ) ;
#288 = EDGE_LOOP ( 'NONE', ( #1360, #1895, #1641, #836 ) ) ;
#289 = VERTEX_POINT ( 'NONE', #1960 ) ;
#290 = PLANE ( 'NONE',  #1166 ) ;
#291 = ADVANCED_FACE ( 'NONE', ( #943 ), #118, .F. ) ;
#292 = DIRECTION ( 'NONE',  ( 0.000000000000000000, 0.000000000000000000, 1.000000000000000000 ) ) ;
#293 = EDGE_CURVE ( 'NONE', #1085, #749, #1407, .T. ) ;
#294 = VERTEX_POINT ( 'NONE', #766 ) ;
#295 = CARTESIAN_POINT ( 'NONE',  ( -5.974272815895298905, 17.86190247149750121, 13.82038418580632566 ) ) ;
#296 = CARTESIAN_POINT ( 'NONE',  ( 1.096154017440442496, 4.176753004978734474, 5.563432842935630340 ) ) ;
#297 = ORIENTED_EDGE ( 'NONE', *, *, #2045, .T. ) ;
#298 = ADVANCED_FACE ( 'NONE', ( #777 ), #1276, .T. ) ;
#299 = VERTEX_POINT ( 'NONE', #1639 ) ;
#300 = DIRECTION ( 'NONE',  ( 0.000000000000000000, 0.000000000000000000, 1.000000000000000000 ) ) ;
#301 = LINE ( 'NONE', #147, #1552 ) ;
#302 = VECTOR ( 'NONE', #2081, 1000.000000000000000 ) ;
#303 = CARTESIAN_POINT ( 'NONE',  ( -9.124272815895301036, -3.124617535625985543, 25.23590521809972387 ) ) ;
#304 = VERTEX_POINT ( 'NONE', #95 ) ;
#305 = AXIS2_PLACEMENT_3D ( 'NONE', #609, #1444, #2127 ) ;
#306 = VECTOR ( 'NONE', #522, 1000.000000000000000 ) ;
#307 = DIRECTION ( 'NONE',  ( 0.000000000000000000, 0.000000000000000000, 1.000000000000000000 ) ) ;
#308 = LINE ( 'NONE', #489, #487 ) ;
#309 = AXIS2_PLACEMENT_3D ( 'NONE', #2059, #1757, #888 ) ;
#310 = VERTEX_POINT ( 'NONE', #1953 ) ;
#311 = CARTESIAN_POINT ( 'NONE',  ( -5.974272815895298905, -10.82324699502126464, 10.57038442952899793 ) ) ;
#312 = ORIENTED_EDGE ( 'NONE', *, *, #1778, .T. ) ;
#313 = DIRECTION ( 'NONE',  ( -0.000000000000000000, 0.000000000000000000, 1.000000000000000000 ) ) ;
#314 = DIRECTION ( 'NONE',  ( 0.000000000000000000, 0.000000000000000000, -1.000000000000000000 ) ) ;
#315 = DIRECTION ( 'NONE',  ( -0.000000000000000000, 1.000000000000000000, -0.000000000000000000 ) ) ;
#316 = ADVANCED_FACE ( 'NONE', ( #2138 ), #433, .T. ) ;
#317 = DIRECTION ( 'NONE',  ( 0.5612769739698451055, 0.000000000000000000, -0.8276280314798755144 ) ) ;
#318 = ORIENTED_EDGE ( 'NONE', *, *, #627, .F. ) ;
#319 = LINE ( 'NONE', #473, #1151 ) ;
#320 = CARTESIAN_POINT ( 'NONE',  ( -5.974272815895298905, 4.176753004978734474, 25.57038442952899615 ) ) ;
#321 = ORIENTED_EDGE ( 'NONE', *, *, #785, .F. ) ;
#322 = CARTESIAN_POINT ( 'NONE',  ( -3.673629505782976423, -0.7612884979786735951, 21.59017603924043982 ) ) ;
#323 = ORIENTED_EDGE ( 'NONE', *, *, #475, .T. ) ;
#324 = DIRECTION ( 'NONE',  ( 0.000000000000000000, -0.000000000000000000, -1.000000000000000000 ) ) ;
#325 = CARTESIAN_POINT ( 'NONE',  ( -9.224272328449947267, -9.973502504325225004, 17.07038345463829287 ) ) ;
#326 = DIRECTION ( 'NONE',  ( -0.000000000000000000, 1.000000000000000000, -0.000000000000000000 ) ) ;
#327 = EDGE_CURVE ( 'NONE', #194, #1470, #1443, .T. ) ;
#328 = CARTESIAN_POINT ( 'NONE',  ( -5.974272815895298905, 2.991924746658767731, 14.83993902175231128 ) ) ;
#329 = CARTESIAN_POINT ( 'NONE',  ( -5.974272815895298905, -7.997585624075403743, 10.57038442952899793 ) ) ;
#330 = TOROIDAL_SURFACE ( 'NONE', #795, 11.25415996464415436, 1.999999999999999112 ) ;
#331 = ORIENTED_EDGE ( 'NONE', *, *, #49, .T. ) ;
#332 = EDGE_CURVE ( 'NONE', #790, #1984, #755, .T. ) ;
#333 = DIRECTION ( 'NONE',  ( 0.000000000000000000, 0.000000000000000000, 1.000000000000000000 ) ) ;
#334 = ORIENTED_EDGE ( 'NONE', *, *, #1970, .F. ) ;
#335 = DIRECTION ( 'NONE',  ( 0.000000000000000000, 0.000000000000000000, -1.000000000000000000 ) ) ;
#336 = CARTESIAN_POINT ( 'NONE',  ( -2.725130255699922177, -10.41135687575564006, 17.06866954991975405 ) ) ;
#337 = DIRECTION ( 'NONE',  ( 0.5612769739698451055, 0.000000000000000000, -0.8276280314798755144 ) ) ;
#338 = CARTESIAN_POINT ( 'NONE',  ( -8.805355434604223319, -4.314725709142301469, 25.30101200614367229 ) ) ;
#339 = AXIS2_PLACEMENT_3D ( 'NONE', #650, #1678, #2190 ) ;
#340 = APPROVAL ( #1974, 'UNSPECIFIED' ) ;
#341 = PLANE ( 'NONE',  #2160 ) ;
#342 = VECTOR ( 'NONE', #31, 1000.000000000000000 ) ;
#343 = DIRECTION ( 'NONE',  ( -0.000000000000000000, 1.000000000000000000, -0.000000000000000000 ) ) ;
#344 = ORIENTED_EDGE ( 'NONE', *, *, #398, .F. ) ;
#345 = VECTOR ( 'NONE', #728, 1000.000000000000000 ) ;
#346 = CARTESIAN_POINT ( 'NONE',  ( 0.8500151953250582038, 3.676753004978734030, 8.819843099345886728 ) ) ;
#347 = CARTESIAN_POINT ( 'NONE',  ( -9.074272815895300326, -10.82324699502126464, 10.57038442952899793 ) ) ;
#348 = CARTESIAN_POINT ( 'NONE',  ( -3.492508003321294296, -4.869265719417309235, 23.48948684232636808 ) ) ;
#349 = DIRECTION ( 'NONE',  ( 0.000000000000000000, 0.000000000000000000, 1.000000000000000000 ) ) ;
#350 = ORIENTED_EDGE ( 'NONE', *, *, #1977, .T. ) ;
#351 = EDGE_CURVE ( 'NONE', #109, #299, #1801, .T. ) ;
#352 = AXIS2_PLACEMENT_3D ( 'NONE', #2167, #470, #1152 ) ;
#353 = CARTESIAN_POINT ( 'NONE',  ( -5.752837182761862955, -6.068462218079503145, 23.82328812672677287 ) ) ;
#354 = DIRECTION ( 'NONE',  ( -0.000000000000000000, 1.000000000000000000, -0.000000000000000000 ) ) ;
#355 = VERTEX_POINT ( 'NONE', #787 ) ;
#356 = DIRECTION ( 'NONE',  ( -0.000000000000000000, 1.000000000000000000, -0.000000000000000000 ) ) ;
#357 = AXIS2_PLACEMENT_3D ( 'NONE', #863, #2082, #551 ) ;
#358 = CARTESIAN_POINT ( 'NONE',  ( 1.257066477376340030, 4.176753004978734474, 5.563432842935630340 ) ) ;
#359 = CARTESIAN_POINT ( 'NONE',  ( -2.874272815895295707, -10.82324699502126464, 10.57038442952899793 ) ) ;
#360 = DIRECTION ( 'NONE',  ( 1.000000000000000000, 0.000000000000000000, 0.000000000000000000 ) ) ;
#361 = EDGE_CURVE ( 'NONE', #1207, #304, #2149, .T. ) ;
#362 = VERTEX_POINT ( 'NONE', #242 ) ;
#363 = DIRECTION ( 'NONE',  ( 0.000000000000000000, 0.000000000000000000, 1.000000000000000000 ) ) ;
#364 = CARTESIAN_POINT ( 'NONE',  ( -2.725130255699919068, -10.41135687575563828, 10.57038442952899793 ) ) ;
#365 = VECTOR ( 'NONE', #1968, 1000.000000000000000 ) ;
#366 = DIRECTION ( 'NONE',  ( -0.000000000000000000, 0.000000000000000000, -1.000000000000000000 ) ) ;
#367 = VERTEX_POINT ( 'NONE', #73 ) ;
#368 = CARTESIAN_POINT ( 'NONE',  ( -5.974272815895298905, -2.918462218079502346, 25.57038442952899970 ) ) ;
#369 = AXIS2_PLACEMENT_3D ( 'NONE', #248, #929, #122 ) ;
#370 = FACE_OUTER_BOUND ( 'NONE', #1963, .T. ) ;
#371 = CARTESIAN_POINT ( 'NONE',  ( -5.974272815895298905, 1.071379574391824852, 7.320384429528997039 ) ) ;
#372 = DIRECTION ( 'NONE',  ( -1.000000000000000000, 0.000000000000000000, 0.000000000000000000 ) ) ;
#373 = AXIS2_PLACEMENT_3D ( 'NONE', #670, #343, #333 ) ;
#374 = VERTEX_POINT ( 'NONE', #287 ) ;
#375 = DIRECTION ( 'NONE',  ( -0.000000000000000000, 1.000000000000000000, -0.000000000000000000 ) ) ;
#376 = LINE ( 'NONE', #1044, #1663 ) ;
#377 = AXIS2_PLACEMENT_3D ( 'NONE', #887, #36, #498 ) ;
#378 = CARTESIAN_POINT ( 'NONE',  ( -3.241655261643707320, -1.338159664196842735, 25.31983191713448633 ) ) ;
#379 = ORIENTED_EDGE ( 'NONE', *, *, #1292, .T. ) ;
#380 = DIRECTION ( 'NONE',  ( -0.000000000000000000, 1.000000000000000000, -0.000000000000000000 ) ) ;
#381 = CARTESIAN_POINT ( 'NONE',  ( -3.217953554674942040, 3.676753004978734030, 5.644843099345886905 ) ) ;
#382 = DIRECTION ( 'NONE',  ( 0.000000000000000000, 0.000000000000000000, -1.000000000000000000 ) ) ;
#383 = DIRECTION ( 'NONE',  ( -0.000000000000000000, 1.000000000000000000, -0.000000000000000000 ) ) ;
#384 = VECTOR ( 'NONE', #694, 1000.000000000000000 ) ;
#385 = EDGE_LOOP ( 'NONE', ( #1738, #875, #1794, #584, #558, #1873, #1644, #112, #1225, #570 ) ) ;
#386 = LINE ( 'NONE', #644, #1542 ) ;
#387 = AXIS2_PLACEMENT_3D ( 'NONE', #1015, #971, #324 ) ;
#388 = EDGE_CURVE ( 'NONE', #260, #1280, #923, .T. ) ;
#389 = CARTESIAN_POINT ( 'NONE',  ( -5.974272815895298017, -7.008075253341234045, 6.300829837305649050 ) ) ;
#390 = ORIENTED_EDGE ( 'NONE', *, *, #2140, .T. ) ;
#391 = CYLINDRICAL_SURFACE ( 'NONE', #2173, 13.25415996464415080 ) ;
#392 = B_SPLINE_CURVE_WITH_KNOTS ( 'NONE', 3,
 ( #1763, #234, #914, #1594, #1427, #189, #870, #1549, #23, #704, #1387, #2067, #537, #1215, #1464, #1110 ),
 .UNSPECIFIED., .F., .F.,
 ( 4, 2, 2, 2, 2, 2, 2, 4 ),
 ( 0.001753511167642712344, 0.002695582552382263814, 0.003166618244752037598, 0.003637653937121810947, 0.004108689629491584297, 0.004579725321861358514, 0.005050761014231132731, 0.005521796706600906081 ),
 .UNSPECIFIED. ) ;
#393 = CARTESIAN_POINT ( 'NONE',  ( 1.257066477376340030, 3.676753004978734030, 8.087150791653579418 ) ) ;
#394 = EDGE_CURVE ( 'NONE', #1983, #611, #1177, .T. ) ;
#395 = FACE_OUTER_BOUND ( 'NONE', #1060, .T. ) ;
#396 = ORIENTED_EDGE ( 'NONE', *, *, #496, .T. ) ;
#397 = DIRECTION ( 'NONE',  ( -0.000000000000000000, 1.000000000000000000, -0.000000000000000000 ) ) ;
#398 = EDGE_CURVE ( 'NONE', #790, #194, #770, .T. ) ;
#399 = PERSON_AND_ORGANIZATION_ROLE ( 'design_owner' ) ;
#400 = EDGE_LOOP ( 'NONE', ( #51, #486, #1459, #1603 ) ) ;
#401 = DIRECTION ( 'NONE',  ( -1.000000000000000000, 0.000000000000000000, 0.000000000000000000 ) ) ;
#402 = LINE ( 'NONE', #56, #454 ) ;
#403 = CARTESIAN_POINT ( 'NONE',  ( -3.469323292473163622, -4.839458623364032874, 25.36020359081632236 ) ) ;
#404 = CONICAL_SURFACE ( 'NONE', #1009, 8.502148855809341654, 1.133756450127838988 ) ;
#405 = ORIENTED_EDGE ( 'NONE', *, *, #860, .T. ) ;
#406 = CYLINDRICAL_SURFACE ( 'NONE', #190, 1.500000000000001332 ) ;
#407 = DIRECTION ( 'NONE',  ( 0.3840842657375881375, 0.000000000000000000, 0.9232980433277316878 ) ) ;
#408 = EDGE_CURVE ( 'NONE', #2092, #69, #308, .T. ) ;
#409 = PERSON_AND_ORGANIZATION_ROLE ( 'creator' ) ;
#410 = ORIENTED_EDGE ( 'NONE', *, *, #640, .F. ) ;
#411 = CARTESIAN_POINT ( 'NONE',  ( -5.974272815895298905, 1.878551936718444892, 10.57038442952899793 ) ) ;
#412 = CIRCLE ( 'NONE', #373, 3.249999512554649694 ) ;
#413 = CARTESIAN_POINT ( 'NONE',  ( -5.765635195453661765, -6.068462218079501369, 25.57038442952899615 ) ) ;
#414 = APPROVAL_STATUS ( 'not_yet_approved' ) ;
#415 = TOROIDAL_SURFACE ( 'NONE', #1737, 10.18785444711215860, 5.099999999999998757 ) ;
#416 = AXIS2_PLACEMENT_3D ( 'NONE', #1394, #1906, #1718 ) ;
#417 = ORIENTED_EDGE ( 'NONE', *, *, #1625, .F. ) ;
#418 = FACE_OUTER_BOUND ( 'NONE', #1536, .T. ) ;
#419 = DIRECTION ( 'NONE',  ( -0.000000000000000000, 1.000000000000000000, -0.000000000000000000 ) ) ;
#420 = EDGE_CURVE ( 'NONE', #1041, #2121, #1323, .T. ) ;
#421 = DIRECTION ( 'NONE',  ( 0.3840842657375878599, 0.000000000000000000, -0.9232980433277317989 ) ) ;
#422 = ORIENTED_EDGE ( 'NONE', *, *, #894, .T. ) ;
#423 = CARTESIAN_POINT ( 'NONE',  ( -5.974272815895298905, -7.523246995021263928, 11.32038442952899970 ) ) ;
#424 = EDGE_LOOP ( 'NONE', ( #998, #813 ) ) ;
#425 = DIRECTION ( 'NONE',  ( 0.000000000000000000, 0.000000000000000000, -1.000000000000000000 ) ) ;
#426 = SECURITY_CLASSIFICATION_LEVEL ( 'unclassified' ) ;
#427 = DIRECTION ( 'NONE',  ( -0.000000000000000000, 1.000000000000000000, -0.000000000000000000 ) ) ;
#428 = ORIENTED_EDGE ( 'NONE', *, *, #1668, .F. ) ;
#429 = AXIS2_PLACEMENT_3D ( 'NONE', #65, #936, #1619 ) ;
#430 = EDGE_CURVE ( 'NONE', #219, #84, #163, .T. ) ;
#431 = TOROIDAL_SURFACE ( 'NONE', #719, 12.82189735714077727, 10.00000000000000000 ) ;
#432 = DIRECTION ( 'NONE',  ( -0.000000000000000000, 1.000000000000000000, -0.000000000000000000 ) ) ;
#433 = PLANE ( 'NONE',  #1163 ) ;
#434 = ORIENTED_EDGE ( 'NONE', *, *, #1437, .F. ) ;
#435 = CARTESIAN_POINT ( 'NONE',  ( 1.257066477376340030, 3.676753004978734030, 5.563432842935630340 ) ) ;
#436 = EDGE_CURVE ( 'NONE', #294, #825, #1379, .T. ) ;
#437 = EDGE_LOOP ( 'NONE', ( #669, #318, #1903, #1640 ) ) ;
#438 = AXIS2_PLACEMENT_3D ( 'NONE', #942, #1800, #931 ) ;
#439 = EDGE_CURVE ( 'NONE', #289, #1623, #1947, .T. ) ;
#440 = DIRECTION ( 'NONE',  ( 0.000000000000000000, 0.000000000000000000, 1.000000000000000000 ) ) ;
#441 = TOROIDAL_SURFACE ( 'NONE', #369, 7.311528653769307162, 4.000000000000000000 ) ;
#442 = CARTESIAN_POINT ( 'NONE',  ( -5.974272815895298905, 11.07137957439182507, 10.57038442952899793 ) ) ;
#443 =( GEOMETRIC_REPRESENTATION_CONTEXT ( 3 ) GLOBAL_UNCERTAINTY_ASSIGNED_CONTEXT ( ( #452 ) ) GLOBAL_UNIT_ASSIGNED_CONTEXT ( ( #1744, #200, #881 ) ) REPRESENTATION_CONTEXT ( 'NONE', 'WORKASPACE' ) );
#444 = FACE_OUTER_BOUND ( 'NONE', #2195, .T. ) ;
#445 = CARTESIAN_POINT ( 'NONE',  ( -5.974272815895298905, -0.04100259277147258463, -0.3343217534937884539 ) ) ;
#446 = ORIENTED_EDGE ( 'NONE', *, *, #1023, .F. ) ;
#447 = ORIENTED_EDGE ( 'NONE', *, *, #652, .T. ) ;
#448 = DIRECTION ( 'NONE',  ( 0.000000000000000000, 0.000000000000000000, 1.000000000000000000 ) ) ;
#449 = PERSON_AND_ORGANIZATION ( #213, #1694 ) ;
#450 = AXIS2_PLACEMENT_3D ( 'NONE', #1028, #171, #1551 ) ;
#451 = CARTESIAN_POINT ( 'NONE',  ( -2.139903674867249972, 3.676753004978734030, 8.819843099345886728 ) ) ;
#452 = UNCERTAINTY_MEASURE_WITH_UNIT (LENGTH_MEASURE( 1.000000000000000082E-05 ), #1744, 'distance_accuracy_value', 'NONE');
#453 = VERTEX_POINT ( 'NONE', #1533 ) ;
#454 = VECTOR ( 'NONE', #895, 1000.000000000000000 ) ;
#455 = CARTESIAN_POINT ( 'NONE',  ( -6.389182181032324159, 0.2109123198287872480, 25.56601435234602349 ) ) ;
#456 = DIRECTION ( 'NONE',  ( 0.000000000000000000, 0.000000000000000000, -1.000000000000000000 ) ) ;
#457 = ORIENTED_EDGE ( 'NONE', *, *, #502, .T. ) ;
#458 = ORIENTED_EDGE ( 'NONE', *, *, #968, .F. ) ;
#459 = PLANE ( 'NONE',  #2128 ) ;
#460 = CIRCLE ( 'NONE', #569, 15.00000000000000000 ) ;
#461 = DIRECTION ( 'NONE',  ( -0.000000000000000000, 1.000000000000000000, -0.000000000000000000 ) ) ;
#462 = LINE ( 'NONE', #2192, #1776 ) ;
#463 = ORIENTED_EDGE ( 'NONE', *, *, #408, .T. ) ;
#464 = ADVANCED_FACE ( 'NONE', ( #656 ), #341, .T. ) ;
#465 = LINE ( 'NONE', #2161, #1611 ) ;
#466 = CARTESIAN_POINT ( 'NONE',  ( 0.8500151953250582038, 3.676753004978734030, 7.720804637807424875 ) ) ;
#467 = ORIENTED_EDGE ( 'NONE', *, *, #408, .F. ) ;
#468 = ORIENTED_EDGE ( 'NONE', *, *, #2063, .F. ) ;
#469 = PLANE ( 'NONE',  #494 ) ;
#470 = DIRECTION ( 'NONE',  ( -0.000000000000000000, 1.000000000000000000, -0.000000000000000000 ) ) ;
#471 = ORIENTED_EDGE ( 'NONE', *, *, #1069, .F. ) ;
#472 = CIRCLE ( 'NONE', #615, 15.00000000000000000 ) ;
#473 = CARTESIAN_POINT ( 'NONE',  ( 0.8500151953250582038, 3.676753004978734030, 6.459581681076655535 ) ) ;
#474 = DIRECTION ( 'NONE',  ( 0.000000000000000000, 0.000000000000000000, 1.000000000000000000 ) ) ;
#475 = EDGE_CURVE ( 'NONE', #579, #355, #856, .T. ) ;
#476 = EDGE_LOOP ( 'NONE', ( #1180, #1097, #1196, #297, #1885, #1628, #1717, #1941 ) ) ;
#477 = LINE ( 'NONE', #1338, #123 ) ;
#478 = EDGE_LOOP ( 'NONE', ( #396, #79 ) ) ;
#479 = DIRECTION ( 'NONE',  ( 0.000000000000000000, 0.000000000000000000, 1.000000000000000000 ) ) ;
#480 = EDGE_CURVE ( 'NONE', #1745, #2134, #1992, .T. ) ;
#481 = DIRECTION ( 'NONE',  ( -0.3930743710128391522, 0.000000000000000000, -0.9195066823318146509 ) ) ;
#482 = CARTESIAN_POINT ( 'NONE',  ( -5.974272815895298905, -7.523246995021264816, 10.57038442952899793 ) ) ;
#483 = B_SPLINE_CURVE_WITH_KNOTS ( 'NONE', 3,
 ( #533, #544, #1742, #879 ),
 .UNSPECIFIED., .F., .F.,
 ( 4, 4 ),
 ( 9.356273888634809727E-07, 0.0006682780735858167079 ),
 .UNSPECIFIED. ) ;
#484 = CIRCLE ( 'NONE', #877, 0.7500000000000006661 ) ;
#485 = CARTESIAN_POINT ( 'NONE',  ( -9.040808727555168289, -3.662225244423144677, 22.87000114631603509 ) ) ;
#486 = ORIENTED_EDGE ( 'NONE', *, *, #1912, .F. ) ;
#487 = VECTOR ( 'NONE', #130, 1000.000000000000000 ) ;
#488 = DIRECTION ( 'NONE',  ( -0.000000000000000000, 1.000000000000000000, -0.000000000000000000 ) ) ;
#489 = CARTESIAN_POINT ( 'NONE',  ( -3.217953554674942040, 3.676753004978734030, 5.644843099345886905 ) ) ;
#490 = AXIS2_PLACEMENT_3D ( 'NONE', #5, #1874, #1712 ) ;
#491 = EDGE_LOOP ( 'NONE', ( #1633, #1301, #463, #1841 ) ) ;
#492 = CARTESIAN_POINT ( 'NONE',  ( -3.473619352569429442, -0.9967207278122593994, 21.66459367008947723 ) ) ;
#493 = ORIENTED_EDGE ( 'NONE', *, *, #1578, .T. ) ;
#494 = AXIS2_PLACEMENT_3D ( 'NONE', #2007, #1354, #479 ) ;
#495 = DIRECTION ( 'NONE',  ( -1.000000000000000000, 0.000000000000000000, 0.000000000000000000 ) ) ;
#496 = EDGE_CURVE ( 'NONE', #825, #294, #1590, .T. ) ;
#497 = LINE ( 'NONE', #1375, #628 ) ;
#498 = DIRECTION ( 'NONE',  ( 0.000000000000000000, 0.000000000000000000, 1.000000000000000000 ) ) ;
#499 = CARTESIAN_POINT ( 'NONE',  ( -5.974272815895298905, -4.012504870066893936, 10.57038442952899793 ) ) ;
#500 = EDGE_CURVE ( 'NONE', #823, #1547, #2016, .T. ) ;
#501 = DIRECTION ( 'NONE',  ( -1.000000000000000000, 0.000000000000000000, 0.000000000000000000 ) ) ;
#502 = EDGE_CURVE ( 'NONE', #1971, #2134, #1512, .T. ) ;
#503 = CARTESIAN_POINT ( 'NONE',  ( 1.257066477376340030, 3.676753004978734030, 8.087150791653579418 ) ) ;
#504 = ORIENTED_EDGE ( 'NONE', *, *, #2040, .F. ) ;
#505 = CARTESIAN_POINT ( 'NONE',  ( -2.824272815895298105, -2.918462218079502346, 22.47280578293312558 ) ) ;
#506 = ORIENTED_EDGE ( 'NONE', *, *, #1058, .T. ) ;
#507 = DIRECTION ( 'NONE',  ( -0.5393187812436203155, 0.000000000000000000, 0.8421016875638570598 ) ) ;
#508 = DIRECTION ( 'NONE',  ( -0.000000000000000000, 1.000000000000000000, -0.000000000000000000 ) ) ;
#509 = CARTESIAN_POINT ( 'NONE',  ( -4.636076990863339020, -5.770081395646352362, 23.75681640721890275 ) ) ;
#510 = PRODUCT_DEFINITION ( 'UNKNOWN', '', #1510, #1472 ) ;
#511 = ADVANCED_FACE ( 'NONE', ( #1336, #1660 ), #1490, .F. ) ;
#512 = DIRECTION ( 'NONE',  ( -0.000000000000000000, 1.000000000000000000, -0.000000000000000000 ) ) ;
#513 = VECTOR ( 'NONE', #1067, 1000.000000000000000 ) ;
#514 = ORIENTED_EDGE ( 'NONE', *, *, #583, .T. ) ;
#515 = DIRECTION ( 'NONE',  ( 0.000000000000000000, 0.000000000000000000, 1.000000000000000000 ) ) ;
#516 = EDGE_LOOP ( 'NONE', ( #1777, #1428 ) ) ;
#517 = CARTESIAN_POINT ( 'NONE',  ( -9.124272815895299260, -2.918462218079502346, 25.23590521809972032 ) ) ;
#518 = CARTESIAN_POINT ( 'NONE',  ( 0.8500151953250582038, 4.176753004978734474, 8.087150791653579418 ) ) ;
#519 = DIRECTION ( 'NONE',  ( 1.000000000000000000, 0.000000000000000000, 1.224646799147353207E-16 ) ) ;
#520 = DIRECTION ( 'NONE',  ( 2.691479072465708745E-17, 0.9755503749765150889, -0.2197759447327687354 ) ) ;
#521 = VERTEX_POINT ( 'NONE', #320 ) ;
#522 = DIRECTION ( 'NONE',  ( -0.000000000000000000, 1.000000000000000000, -0.000000000000000000 ) ) ;
#523 = TOROIDAL_SURFACE ( 'NONE', #1300, 3.250000000000000888, 1.920545172266942879 ) ;
#524 = ADVANCED_FACE ( 'NONE', ( #1001 ), #1683, .T. ) ;
#525 = CARTESIAN_POINT ( 'NONE',  ( -3.784124577797591815, -0.6491100280689495738, 21.55690475425025454 ) ) ;
#526 = EDGE_LOOP ( 'NONE', ( #2172, #1264, #917, #1333 ) ) ;
#527 = LINE ( 'NONE', #1537, #2203 ) ;
#528 = PLANE ( 'NONE',  #915 ) ;
#529 = CARTESIAN_POINT ( 'NONE',  ( -9.223415376090679629, -10.41135687575564006, 4.072099309138240031 ) ) ;
#530 = CARTESIAN_POINT ( 'NONE',  ( -5.974272815895297128, 2.052010055300124591, 2.068235573719657605 ) ) ;
#531 = ORIENTED_EDGE ( 'NONE', *, *, #1861, .T. ) ;
#532 = AXIS2_PLACEMENT_3D ( 'NONE', #499, #512, #1681 ) ;
#533 = CARTESIAN_POINT ( 'NONE',  ( -6.638726765125954721, -5.997585624075401078, 23.80787880413508617 ) ) ;
#534 = APPROVAL ( #1236, 'UNSPECIFIED' ) ;
#535 = DIRECTION ( 'NONE',  ( 0.000000000000000000, 0.000000000000000000, 1.000000000000000000 ) ) ;
#536 = ORIENTED_EDGE ( 'NONE', *, *, #576, .F. ) ;
#537 = CARTESIAN_POINT ( 'NONE',  ( -7.807388121225652178, -0.3519405078620643779, 21.47491685538646422 ) ) ;
#538 = AXIS2_PLACEMENT_3D ( 'NONE', #1973, #748, #1258 ) ;
#539 = DIRECTION ( 'NONE',  ( -0.000000000000000000, 1.000000000000000000, -0.000000000000000000 ) ) ;
#540 = CARTESIAN_POINT ( 'NONE',  ( -4.258570899775039997, -5.568643957612843920, 23.71107125583329989 ) ) ;
#541 = CARTESIAN_POINT ( 'NONE',  ( -2.824272815895298105, -2.918462218079501902, 25.23590521809972032 ) ) ;
#542 = ORIENTED_EDGE ( 'NONE', *, *, #1666, .F. ) ;
#543 = DIRECTION ( 'NONE',  ( 0.000000000000000000, 0.000000000000000000, 1.000000000000000000 ) ) ;
#544 = CARTESIAN_POINT ( 'NONE',  ( -6.418533621526222532, -6.045101811173799078, 23.81893136436423219 ) ) ;
#545 = VECTOR ( 'NONE', #765, 1000.000000000000000 ) ;
#546 = CARTESIAN_POINT ( 'NONE',  ( -4.636076990863339020, -5.770081395646352362, 23.75681640721890275 ) ) ;
#547 = VERTEX_POINT ( 'NONE', #1350 ) ;
#548 = CARTESIAN_POINT ( 'NONE',  ( -5.974272815895298905, 0.09439281700871632319, 10.57038442952899793 ) ) ;
#549 = DIRECTION ( 'NONE',  ( 0.000000000000000000, -1.000000000000000000, 0.000000000000000000 ) ) ;
#550 = CARTESIAN_POINT ( 'NONE',  ( -5.974272815895298905, 2.052010055300125480, 10.57038442952899793 ) ) ;
#551 = DIRECTION ( 'NONE',  ( 0.000000000000000000, 0.000000000000000000, 1.000000000000000000 ) ) ;
#552 = ADVANCED_FACE ( 'NONE', ( #2031 ), #523, .F. ) ;
#553 = APPROVAL_PERSON_ORGANIZATION ( #557, #534, #1920 ) ;
#554 = EDGE_LOOP ( 'NONE', ( #468, #446, #208 ) ) ;
#555 = CARTESIAN_POINT ( 'NONE',  ( 1.623412631222493907, 4.176753004978734474, 8.087150791653579418 ) ) ;
#556 = EDGE_CURVE ( 'NONE', #611, #1599, #1188, .T. ) ;
#557 = PERSON_AND_ORGANIZATION ( #213, #1694 ) ;
#558 = ORIENTED_EDGE ( 'NONE', *, *, #556, .F. ) ;
#559 = CARTESIAN_POINT ( 'NONE',  ( 0.8500151953250582038, 4.176753004978734474, 7.720804637807424875 ) ) ;
#560 = AXIS2_PLACEMENT_3D ( 'NONE', #393, #1241, #35 ) ;
#561 = LINE ( 'NONE', #1064, #272 ) ;
#562 = CARTESIAN_POINT ( 'NONE',  ( -5.974272815895298905, 0.2315377819204979815, 21.32845125532431751 ) ) ;
#563 = EDGE_CURVE ( 'NONE', #2077, #800, #268, .T. ) ;
#564 = ORIENTED_EDGE ( 'NONE', *, *, #135, .F. ) ;
#565 = CARTESIAN_POINT ( 'NONE',  ( 1.096154017440442496, 3.676753004978734030, 5.563432842935630340 ) ) ;
#566 = AXIS2_PLACEMENT_3D ( 'NONE', #622, #1854, #981 ) ;
#567 = CC_DESIGN_SECURITY_CLASSIFICATION ( #2028, ( #1510 ) ) ;
#568 = EDGE_CURVE ( 'NONE', #1954, #1308, #1393, .T. ) ;
#569 = AXIS2_PLACEMENT_3D ( 'NONE', #1509, #1562, #893 ) ;
#570 = ORIENTED_EDGE ( 'NONE', *, *, #1778, .F. ) ;
#571 = DIRECTION ( 'NONE',  ( 0.8276280314798755144, 0.000000000000000000, 0.5612769739698451055 ) ) ;
#572 = CARTESIAN_POINT ( 'NONE',  ( -3.240320693416685494, -4.496595639563112812, 25.31958877181367740 ) ) ;
#573 = EDGE_LOOP ( 'NONE', ( #1380, #2041 ) ) ;
#574 = DIRECTION ( 'NONE',  ( 1.000000000000000000, 0.000000000000000000, 1.224646799147353207E-16 ) ) ;
#575 = EDGE_CURVE ( 'NONE', #889, #310, #237, .T. ) ;
#576 = EDGE_CURVE ( 'NONE', #1798, #2077, #483, .T. ) ;
#577 = ORIENTED_EDGE ( 'NONE', *, *, #1696, .F. ) ;
#578 = DATE_AND_TIME ( #744, #939 ) ;
#579 = VERTEX_POINT ( 'NONE', #1032 ) ;
#580 = CARTESIAN_POINT ( 'NONE',  ( -6.872296514364897746, -5.947182856196589817, 23.79615480728864085 ) ) ;
#581 = FACE_OUTER_BOUND ( 'NONE', #491, .T. ) ;
#582 = VECTOR ( 'NONE', #1957, 1000.000000000000000 ) ;
#583 = EDGE_CURVE ( 'NONE', #1004, #299, #376, .T. ) ;
#584 = ORIENTED_EDGE ( 'NONE', *, *, #878, .F. ) ;
#585 = CARTESIAN_POINT ( 'NONE',  ( -5.974272815895298905, -10.82324699502126464, 10.57038442952899793 ) ) ;
#586 = ORIENTED_EDGE ( 'NONE', *, *, #1858, .F. ) ;
#587 = CARTESIAN_POINT ( 'NONE',  ( -8.962980131646645532, -1.902152602495741807, 25.26984546879206661 ) ) ;
#588 = ORIENTED_EDGE ( 'NONE', *, *, #1116, .F. ) ;
#589 = CARTESIAN_POINT ( 'NONE',  ( -5.974272815895298905, -2.897585624075403654, 10.57038442952899793 ) ) ;
#590 = AXIS2_PLACEMENT_3D ( 'NONE', #681, #2053, #1189 ) ;
#591 = EDGE_CURVE ( 'NONE', #1516, #131, #1769, .T. ) ;
#592 = ORIENTED_EDGE ( 'NONE', *, *, #619, .T. ) ;
#593 = CARTESIAN_POINT ( 'NONE',  ( -5.974272815895298017, 0.09439281700871632319, 6.238393554184587408 ) ) ;
#594 = VECTOR ( 'NONE', #1120, 1000.000000000000227 ) ;
#595 = VERTEX_POINT ( 'NONE', #1370 ) ;
#596 = LINE ( 'NONE', #605, #2046 ) ;
#597 = VECTOR ( 'NONE', #356, 1000.000000000000000 ) ;
#598 = ORIENTED_EDGE ( 'NONE', *, *, #2063, .T. ) ;
#599 = LINE ( 'NONE', #753, #2079 ) ;
#600 = DIRECTION ( 'NONE',  ( 0.000000000000000000, 0.000000000000000000, 1.000000000000000000 ) ) ;
#601 = ORIENTED_EDGE ( 'NONE', *, *, #107, .T. ) ;
#602 = CARTESIAN_POINT ( 'NONE',  ( -4.953511773487812242, -5.905537300413521429, 25.53681832167645993 ) ) ;
#603 = COORDINATED_UNIVERSAL_TIME_OFFSET ( 8, 0, .BEHIND. ) ;
#604 = ORIENTED_EDGE ( 'NONE', *, *, #1647, .F. ) ;
#605 = CARTESIAN_POINT ( 'NONE',  ( -2.139903674867249972, 4.176753004978734474, 8.819843099345886728 ) ) ;
#606 = FACE_OUTER_BOUND ( 'NONE', #1452, .T. ) ;
#607 = CIRCLE ( 'NONE', #1399, 3.250000000000001332 ) ;
#608 = CARTESIAN_POINT ( 'NONE',  ( -6.180125074446966238, 0.2315377819204982313, 25.57038442952900681 ) ) ;
#609 = CARTESIAN_POINT ( 'NONE',  ( 1.623412631222493907, 3.676753004978734030, 8.087150791653579418 ) ) ;
#610 = ORIENTED_EDGE ( 'NONE', *, *, #1107, .F. ) ;
#611 = VERTEX_POINT ( 'NONE', #1210 ) ;
#612 = DIRECTION ( 'NONE',  ( -0.000000000000000000, 1.000000000000000000, -0.000000000000000000 ) ) ;
#613 = DIRECTION ( 'NONE',  ( -0.000000000000000000, 1.000000000000000000, -0.000000000000000000 ) ) ;
#614 = PRODUCT_DEFINITION_SHAPE ( 'NONE', 'NONE',  #510 ) ;
#615 = AXIS2_PLACEMENT_3D ( 'NONE', #52, #1779, #1098 ) ;
#616 = ORIENTED_EDGE ( 'NONE', *, *, #1965, .F. ) ;
#617 = CARTESIAN_POINT ( 'NONE',  ( 0.8500151953250582038, 3.676753004978734030, 7.720804637807424875 ) ) ;
#618 = CARTESIAN_POINT ( 'NONE',  ( -9.224272328449949043, -9.973502504325223228, 10.57038442952899793 ) ) ;
#619 = EDGE_CURVE ( 'NONE', #1655, #882, #197, .T. ) ;
#620 = EDGE_LOOP ( 'NONE', ( #1101, #1949, #1445, #1299 ) ) ;
#621 = ORIENTED_EDGE ( 'NONE', *, *, #1253, .T. ) ;
#622 = CARTESIAN_POINT ( 'NONE',  ( -5.974272815895298905, -1.798579118350907002, 17.88191308329830420 ) ) ;
#623 = DATE_AND_TIME ( #1139, #835 ) ;
#624 = CIRCLE ( 'NONE', #697, 1.920545172266942879 ) ;
#625 = ORIENTED_EDGE ( 'NONE', *, *, #135, .T. ) ;
#626 = CARTESIAN_POINT ( 'NONE',  ( 1.096154017440442496, 3.676753004978734030, 5.563432842935630340 ) ) ;
#627 = EDGE_CURVE ( 'NONE', #1034, #1004, #1223, .T. ) ;
#628 = VECTOR ( 'NONE', #851, 1000.000000000000000 ) ;
#629 = CARTESIAN_POINT ( 'NONE',  ( -6.183079138566781374, -6.068462218079503145, 25.57038442952899970 ) ) ;
#630 = AXIS2_PLACEMENT_3D ( 'NONE', #1343, #225, #1228 ) ;
#631 = ORIENTED_EDGE ( 'NONE', *, *, #878, .T. ) ;
#632 = DIRECTION ( 'NONE',  ( -0.000000000000000000, 1.000000000000000000, -0.000000000000000000 ) ) ;
#633 = DIRECTION ( 'NONE',  ( -0.000000000000000000, 1.000000000000000000, -0.000000000000000000 ) ) ;
#634 = EDGE_LOOP ( 'NONE', ( #1658, #1251, #979, #88 ) ) ;
#635 = LOCAL_TIME ( 16, 37, 58.00000000000000000, #1096 ) ;
#636 = ORIENTED_EDGE ( 'NONE', *, *, #1141, .F. ) ;
#637 = FACE_BOUND ( 'NONE', #554, .T. ) ;
#638 = CIRCLE ( 'NONE', #174, 15.00000000000000355 ) ;
#639 = DIRECTION ( 'NONE',  ( -0.000000000000000000, 0.000000000000000000, -1.000000000000000000 ) ) ;
#640 = EDGE_CURVE ( 'NONE', #864, #453, #184, .T. ) ;
#641 = FACE_OUTER_BOUND ( 'NONE', #620, .T. ) ;
#642 = ORIENTED_EDGE ( 'NONE', *, *, #1980, .F. ) ;
#643 = CIRCLE ( 'NONE', #429, 5.212547534731934107 ) ;
#644 = CARTESIAN_POINT ( 'NONE',  ( -0.7781899328800703231, 3.676753004978734030, 5.644843099345886905 ) ) ;
#645 = CARTESIAN_POINT ( 'NONE',  ( -0.7781899328800703231, 4.176753004978734474, 5.644843099345886905 ) ) ;
#646 = ORIENTED_EDGE ( 'NONE', *, *, #1485, .F. ) ;
#647 = ORIENTED_EDGE ( 'NONE', *, *, #1342, .T. ) ;
#648 = CARTESIAN_POINT ( 'NONE',  ( -5.974272815895298905, -1.776728305938279906, 5.357836894797064708 ) ) ;
#649 = PLANE ( 'NONE',  #168 ) ;
#650 = CARTESIAN_POINT ( 'NONE',  ( -5.974272815895298017, -2.897585624075403654, 0.3825299824168401086 ) ) ;
#651 = VECTOR ( 'NONE', #421, 1000.000000000000000 ) ;
#652 = EDGE_CURVE ( 'NONE', #374, #1136, #710, .T. ) ;
#653 = DIRECTION ( 'NONE',  ( 0.000000000000000000, -0.4232594263586148542, -0.9060085308641283586 ) ) ;
#654 = EDGE_LOOP ( 'NONE', ( #1025, #223, #1304, #1412 ) ) ;
#655 = LINE ( 'NONE', #890, #1829 ) ;
#656 = FACE_OUTER_BOUND ( 'NONE', #2, .T. ) ;
#657 = EDGE_CURVE ( 'NONE', #987, #2107, #497, .T. ) ;
#658 = ORIENTED_EDGE ( 'NONE', *, *, #1292, .F. ) ;
#659 = DIRECTION ( 'NONE',  ( -0.000000000000000000, 1.000000000000000000, -0.000000000000000000 ) ) ;
#660 = VERTEX_POINT ( 'NONE', #841 ) ;
#661 = CARTESIAN_POINT ( 'NONE',  ( 0.8500151953250582038, 3.676753004978734030, 7.720804637807424875 ) ) ;
#662 = FACE_OUTER_BOUND ( 'NONE', #634, .T. ) ;
#663 = CARTESIAN_POINT ( 'NONE',  ( -5.974272815895298905, -5.997585624075401967, 10.57038442952899793 ) ) ;
#664 = EDGE_CURVE ( 'NONE', #165, #67, #700, .T. ) ;
#665 = CARTESIAN_POINT ( 'NONE',  ( -5.974272815895298905, -7.523246995021264816, 11.62038442952900041 ) ) ;
#666 = CARTESIAN_POINT ( 'NONE',  ( -5.974272815895298905, -7.823246995021265526, 11.77038442952899722 ) ) ;
#667 = DIRECTION ( 'NONE',  ( 0.3840842657375879154, 0.000000000000000000, -0.9232980433277316878 ) ) ;
#668 = AXIS2_PLACEMENT_3D ( 'NONE', #1721, #188, #869 ) ;
#669 = ORIENTED_EDGE ( 'NONE', *, *, #583, .F. ) ;
#670 = CARTESIAN_POINT ( 'NONE',  ( -5.974272815895298905, -9.973502504325223228, 10.57038442952899793 ) ) ;
#671 = ORIENTED_EDGE ( 'NONE', *, *, #1374, .T. ) ;
#672 = AXIS2_PLACEMENT_3D ( 'NONE', #1468, #313, #2152 ) ;
#673 = FACE_OUTER_BOUND ( 'NONE', #385, .T. ) ;
#674 = EDGE_CURVE ( 'NONE', #1313, #131, #1266, .T. ) ;
#675 = LINE ( 'NONE', #358, #1915 ) ;
#676 = CARTESIAN_POINT ( 'NONE',  ( -3.370629207129237859, -4.702436697643786800, 23.42299186062076899 ) ) ;
#677 = CARTESIAN_POINT ( 'NONE',  ( 1.257066477376340030, 4.176753004978734474, 8.087150791653579418 ) ) ;
#678 = EDGE_CURVE ( 'NONE', #1938, #1288, #2025, .T. ) ;
#679 = DIRECTION ( 'NONE',  ( 0.000000000000000000, 0.000000000000000000, 1.000000000000000000 ) ) ;
#680 = EDGE_LOOP ( 'NONE', ( #658, #1171, #1786, #140 ) ) ;
#681 = CARTESIAN_POINT ( 'NONE',  ( -5.974272815895298905, 17.86190247149750121, 10.57038442952899793 ) ) ;
#682 = ORIENTED_EDGE ( 'NONE', *, *, #66, .T. ) ;
#683 = CARTESIAN_POINT ( 'NONE',  ( -9.224272328449949043, -9.973502504325223228, 10.57038442952899793 ) ) ;
#684 = CARTESIAN_POINT ( 'NONE',  ( -9.223415376090679629, -10.41135687575564006, 17.06866954991975405 ) ) ;
#685 = CARTESIAN_POINT ( 'NONE',  ( -5.974272815895298017, -0.8825939403743765510, 5.156402678840177778 ) ) ;
#686 = EDGE_LOOP ( 'NONE', ( #732, #253, #1575, #1108 ) ) ;
#687 = DIRECTION ( 'NONE',  ( -0.3941636967433695404, 0.000000000000000000, 0.9190402494829053026 ) ) ;
#688 = CIRCLE ( 'NONE', #973, 15.00000000000000355 ) ;
#689 = CARTESIAN_POINT ( 'NONE',  ( -5.154871764858558691, 0.1302156288028081255, 25.54938150041353495 ) ) ;
#690 = ORIENTED_EDGE ( 'NONE', *, *, #1988, .T. ) ;
#691 = FACE_BOUND ( 'NONE', #1601, .T. ) ;
#692 = CARTESIAN_POINT ( 'NONE',  ( -5.974272815895298905, -0.04100259277147258463, 10.57038442952899793 ) ) ;
#693 = CARTESIAN_POINT ( 'NONE',  ( -2.725130255699919068, -10.41135687575563828, 10.57038442952899793 ) ) ;
#694 = DIRECTION ( 'NONE',  ( 1.000000000000000000, 0.000000000000000000, 0.000000000000000000 ) ) ;
#695 = EDGE_CURVE ( 'NONE', #790, #1750, #1235, .T. ) ;
#696 = ORIENTED_EDGE ( 'NONE', *, *, #6, .F. ) ;
#697 = AXIS2_PLACEMENT_3D ( 'NONE', #371, #519, #1174 ) ;
#698 = DIRECTION ( 'NONE',  ( -0.000000000000000000, 1.000000000000000000, -0.000000000000000000 ) ) ;
#699 = AXIS2_PLACEMENT_3D ( 'NONE', #2171, #2039, #152 ) ;
#700 = CIRCLE ( 'NONE', #1948, 0.2999999999999999334 ) ;
#701 = CARTESIAN_POINT ( 'NONE',  ( -2.824272815895298105, -2.918462218079501902, 25.23590521809972032 ) ) ;
#702 = EDGE_LOOP ( 'NONE', ( #1422, #909, #1091, #434, #504 ) ) ;
#703 = DIRECTION ( 'NONE',  ( -0.000000000000000000, 1.000000000000000000, -0.000000000000000000 ) ) ;
#704 = CARTESIAN_POINT ( 'NONE',  ( -8.276745562750944529, -0.7631725624451298762, 21.59073864936409137 ) ) ;
#705 = CARTESIAN_POINT ( 'NONE',  ( 1.257066477376340030, 3.676753004978734030, 8.819843099345886728 ) ) ;
#706 = CARTESIAN_POINT ( 'NONE',  ( -5.974272815895298905, 17.86190247149750121, 10.57038442952899793 ) ) ;
#707 = CARTESIAN_POINT ( 'NONE',  ( -7.255961586510918160, -0.04100259277147258463, 21.39950677777740751 ) ) ;
#708 = EDGE_LOOP ( 'NONE', ( #2110, #2154, #2003, #119, #1260 ) ) ;
#709 = DIRECTION ( 'NONE',  ( -0.000000000000000000, 1.000000000000000000, -0.000000000000000000 ) ) ;
#710 = LINE ( 'NONE', #1881, #342 ) ;
#711 = ADVANCED_FACE ( 'NONE', ( #1530 ), #528, .T. ) ;
#712 = CARTESIAN_POINT ( 'NONE',  ( -2.824272815895298105, -2.502509305496278813, 25.23590521809972742 ) ) ;
#713 = ORIENTED_EDGE ( 'NONE', *, *, #954, .T. ) ;
#714 = CARTESIAN_POINT ( 'NONE',  ( -5.974272815895298905, -7.823246995021265526, 10.57038442952899793 ) ) ;
#715 = AXIS2_PLACEMENT_3D ( 'NONE', #1279, #612, #448 ) ;
#716 = DIRECTION ( 'NONE',  ( -0.000000000000000000, 1.000000000000000000, -0.000000000000000000 ) ) ;
#717 = CARTESIAN_POINT ( 'NONE',  ( -2.725130255699919068, -10.41135687575564006, 4.072099309138240919 ) ) ;
#718 = CARTESIAN_POINT ( 'NONE',  ( -6.193752290295912566, 0.2315377819204980092, 21.32845125532432107 ) ) ;
#719 = AXIS2_PLACEMENT_3D ( 'NONE', #442, #1118, #1646 ) ;
#720 = ORIENTED_EDGE ( 'NONE', *, *, #1073, .F. ) ;
#721 = PLANE ( 'NONE',  #722 ) ;
#722 = AXIS2_PLACEMENT_3D ( 'NONE', #821, #1671, #1556 ) ;
#723 = DIRECTION ( 'NONE',  ( -0.000000000000000000, 1.000000000000000000, -0.000000000000000000 ) ) ;
#724 = EDGE_CURVE ( 'NONE', #1071, #453, #1021, .T. ) ;
#725 = ORIENTED_EDGE ( 'NONE', *, *, #1342, .F. ) ;
#726 = DIRECTION ( 'NONE',  ( -0.000000000000000000, 1.000000000000000000, -0.000000000000000000 ) ) ;
#727 = CIRCLE ( 'NONE', #227, 8.589303093554777391 ) ;
#728 = DIRECTION ( 'NONE',  ( -0.000000000000000000, 1.000000000000000000, -0.000000000000000000 ) ) ;
#729 = CARTESIAN_POINT ( 'NONE',  ( -5.974272815895298905, 4.176753004978734474, 10.57038442952899793 ) ) ;
#730 = CC_DESIGN_APPROVAL ( #340, ( #1510 ) ) ;
#731 = ADVANCED_FACE ( 'NONE', ( #2047 ), #1183, .T. ) ;
#732 = ORIENTED_EDGE ( 'NONE', *, *, #475, .F. ) ;
#733 = LINE ( 'NONE', #750, #1045 ) ;
#734 = EDGE_CURVE ( 'NONE', #1547, #374, #675, .T. ) ;
#735 = CIRCLE ( 'NONE', #1160, 13.25415996464415080 ) ;
#736 = ORIENTED_EDGE ( 'NONE', *, *, #1970, .T. ) ;
#737 = DIRECTION ( 'NONE',  ( -1.000000000000000000, 0.000000000000000000, 0.000000000000000000 ) ) ;
#738 = DIRECTION ( 'NONE',  ( 0.000000000000000000, 0.000000000000000000, 1.000000000000000000 ) ) ;
#739 = CARTESIAN_POINT ( 'NONE',  ( -2.985921969675204846, -3.935626542969152375, 25.26991589507396441 ) ) ;
#740 = EDGE_CURVE ( 'NONE', #1288, #1326, #1724, .T. ) ;
#741 = ORIENTED_EDGE ( 'NONE', *, *, #25, .T. ) ;
#742 = CARTESIAN_POINT ( 'NONE',  ( -5.974272815895298905, -7.823246995021265526, 11.62038442952900219 ) ) ;
#743 = AXIS2_PLACEMENT_3D ( 'NONE', #665, #148, #830 ) ;
#744 = CALENDAR_DATE ( 2026, 24, 4 ) ;
#745 = ORIENTED_EDGE ( 'NONE', *, *, #1131, .F. ) ;
#746 = CARTESIAN_POINT ( 'NONE',  ( -8.454960871307463322, -4.870634279166342395, 23.49001228183353618 ) ) ;
#747 = EDGE_CURVE ( 'NONE', #660, #1136, #1538, .T. ) ;
#748 = DIRECTION ( 'NONE',  ( 0.000000000000000000, -1.000000000000000000, 0.000000000000000000 ) ) ;
#749 = VERTEX_POINT ( 'NONE', #347 ) ;
#750 = CARTESIAN_POINT ( 'NONE',  ( -2.270287288649300628, 3.676753004978734030, 8.819843099345886728 ) ) ;
#751 = ORIENTED_EDGE ( 'NONE', *, *, #1513, .F. ) ;
#752 = ADVANCED_FACE ( 'NONE', ( #180 ), #43, .F. ) ;
#753 = CARTESIAN_POINT ( 'NONE',  ( -5.974272815895298017, 2.052010055300125480, 19.07253328533833781 ) ) ;
#754 = ORIENTED_EDGE ( 'NONE', *, *, #1415, .F. ) ;
#755 = LINE ( 'NONE', #445, #594 ) ;
#756 = TOROIDAL_SURFACE ( 'NONE', #2000, 4.269554592223348877, 10.00000000000000178 ) ;
#757 = EDGE_LOOP ( 'NONE', ( #1582, #797, #682, #610 ) ) ;
#758 = DIRECTION ( 'NONE',  ( 0.000000000000000000, 0.000000000000000000, 1.000000000000000000 ) ) ;
#759 = CALENDAR_DATE ( 2026, 24, 4 ) ;
#760 = B_SPLINE_CURVE_WITH_KNOTS ( 'NONE', 3,
 ( #1431, #1109, #1815, #1626, #587, #786, #105, #94, #776, #1453, #2115, #1286, #2137, #1979, #286, #455, #608, #955 ),
 .UNSPECIFIED., .F., .F.,
 ( 4, 2, 2, 2, 2, 2, 2, 2, 4 ),
 ( 0.004939186606101410304, 0.005556272786522263238, 0.006173358966943117039, 0.006790445147363970840, 0.007407531327784823774, 0.008024617508205676708, 0.008641703688626531377, 0.009258789869047384311, 0.009875876049468237244 ),
 .UNSPECIFIED. ) ;
#761 = CIRCLE ( 'NONE', #2114, 5.099999999999998757 ) ;
#762 = ORIENTED_EDGE ( 'NONE', *, *, #2145, .F. ) ;
#763 = CARTESIAN_POINT ( 'NONE',  ( -0.6153694200595576369, 3.676753004978734030, 8.087150791653579418 ) ) ;
#764 = ORIENTED_EDGE ( 'NONE', *, *, #1437, .T. ) ;
#765 = DIRECTION ( 'NONE',  ( -0.000000000000000000, 1.000000000000000000, -0.000000000000000000 ) ) ;
#766 = CARTESIAN_POINT ( 'NONE',  ( -5.974272815895297128, -7.997585624075403743, -0.6837755351151546535 ) ) ;
#767 = AXIS2_PLACEMENT_3D ( 'NONE', #2155, #1330, #1306 ) ;
#768 = ORIENTED_EDGE ( 'NONE', *, *, #1651, .F. ) ;
#769 = DIRECTION ( 'NONE',  ( -0.000000000000000000, 1.000000000000000000, -0.000000000000000000 ) ) ;
#770 = CIRCLE ( 'NONE', #1092, 4.000000000000000000 ) ;
#771 = ORIENTED_EDGE ( 'NONE', *, *, #1485, .T. ) ;
#772 = FACE_OUTER_BOUND ( 'NONE', #285, .T. ) ;
#773 = VECTOR ( 'NONE', #1205, 1000.000000000000000 ) ;
#774 = AXIS2_PLACEMENT_3D ( 'NONE', #1830, #495, #1506 ) ;
#775 = ORIENTED_EDGE ( 'NONE', *, *, #1988, .F. ) ;
#776 = CARTESIAN_POINT ( 'NONE',  ( -8.347276557571143840, -0.8366028383092587450, 25.38222906309419358 ) ) ;
#777 = FACE_OUTER_BOUND ( 'NONE', #1246, .T. ) ;
#778 = ORIENTED_EDGE ( 'NONE', *, *, #420, .F. ) ;
#779 = ADVANCED_FACE ( 'NONE', ( #191 ), #649, .T. ) ;
#780 = ORIENTED_EDGE ( 'NONE', *, *, #575, .F. ) ;
#781 = DIRECTION ( 'NONE',  ( -0.000000000000000000, 1.000000000000000000, -0.000000000000000000 ) ) ;
#782 = APPROVAL_ROLE ( '' ) ;
#783 = CARTESIAN_POINT ( 'NONE',  ( -5.974272815895298905, 2.052010055300125480, 10.57038442952899793 ) ) ;
#784 = DIRECTION ( 'NONE',  ( -0.000000000000000000, 1.000000000000000000, -0.000000000000000000 ) ) ;
#785 = EDGE_CURVE ( 'NONE', #1470, #194, #1305, .T. ) ;
#786 = CARTESIAN_POINT ( 'NONE',  ( -8.804477975818723934, -1.520179197122570658, 25.30118430654794892 ) ) ;
#787 = CARTESIAN_POINT ( 'NONE',  ( -2.139903674867249972, 4.176753004978734474, 8.819843099345886728 ) ) ;
#788 = VERTEX_POINT ( 'NONE', #2188 ) ;
#789 = ADVANCED_FACE ( 'NONE', ( #662 ), #1414, .T. ) ;
#790 = VERTEX_POINT ( 'NONE', #2089 ) ;
#791 = CARTESIAN_POINT ( 'NONE',  ( -2.824272815895298105, -2.918462218079502346, 22.47280578293312558 ) ) ;
#792 = DATE_AND_TIME ( #111, #1132 ) ;
#793 = ORIENTED_EDGE ( 'NONE', *, *, #1622, .F. ) ;
#794 = CARTESIAN_POINT ( 'NONE',  ( -5.974272815895298905, 4.176753004978734474, 10.57038442952899793 ) ) ;
#795 = AXIS2_PLACEMENT_3D ( 'NONE', #1751, #2133, #1252 ) ;
#796 = CARTESIAN_POINT ( 'NONE',  ( -6.992256535320336752, -5.906577676577739133, 25.53702387281447628 ) ) ;
#797 = ORIENTED_EDGE ( 'NONE', *, *, #1980, .T. ) ;
#798 = FACE_OUTER_BOUND ( 'NONE', #120, .T. ) ;
#799 = FACE_OUTER_BOUND ( 'NONE', #1864, .T. ) ;
#800 = VERTEX_POINT ( 'NONE', #1216 ) ;
#801 = ORIENTED_EDGE ( 'NONE', *, *, #480, .F. ) ;
#802 = CARTESIAN_POINT ( 'NONE',  ( -3.020365120040128470, -4.012504870066893936, 23.07352443540253617 ) ) ;
#803 = PERSON_AND_ORGANIZATION_ROLE ( 'creator' ) ;
#804 = CIRCLE ( 'NONE', #1088, 0.7500000000000024425 ) ;
#805 = EDGE_CURVE ( 'NONE', #1983, #1487, #1747, .T. ) ;
#806 = FACE_OUTER_BOUND ( 'NONE', #233, .T. ) ;
#807 = AXIS2_PLACEMENT_3D ( 'NONE', #1478, #1615, #600 ) ;
#808 = VECTOR ( 'NONE', #1168, 1000.000000000000000 ) ;
#809 = CARTESIAN_POINT ( 'NONE',  ( -5.974272815895298905, 1.862577247996759278, 10.57038442952899793 ) ) ;
#810 = ORIENTED_EDGE ( 'NONE', *, *, #925, .F. ) ;
#811 = CARTESIAN_POINT ( 'NONE',  ( -5.974272815895298905, -9.973502504325223228, 13.82038394208364807 ) ) ;
#812 = DIRECTION ( 'NONE',  ( -0.000000000000000000, 1.000000000000000000, -0.000000000000000000 ) ) ;
#813 = ORIENTED_EDGE ( 'NONE', *, *, #1977, .F. ) ;
#814 = ORIENTED_EDGE ( 'NONE', *, *, #388, .T. ) ;
#815 = ADVANCED_FACE ( 'NONE', ( #1899 ), #1909, .F. ) ;
#816 = DIRECTION ( 'NONE',  ( 0.000000000000000000, -1.000000000000000000, 0.000000000000000000 ) ) ;
#817 = DIRECTION ( 'NONE',  ( -0.000000000000000000, 1.000000000000000000, -0.000000000000000000 ) ) ;
#818 = CARTESIAN_POINT ( 'NONE',  ( -1.192873426469813980, 4.176753004978734474, 5.644843099345886905 ) ) ;
#819 = ORIENTED_EDGE ( 'NONE', *, *, #1311, .T. ) ;
#820 = VECTOR ( 'NONE', #1417, 1000.000000000000000 ) ;
#821 = CARTESIAN_POINT ( 'NONE',  ( 0.8500151953250582038, 3.676753004978734030, 6.459581681076655535 ) ) ;
#822 = CARTESIAN_POINT ( 'NONE',  ( -5.974272815895298017, -1.798579118350907002, 3.258855775759690765 ) ) ;
#823 = VERTEX_POINT ( 'NONE', #1248 ) ;
#824 = CARTESIAN_POINT ( 'NONE',  ( 0.04227280750454531777, 3.676753004978734030, 7.720804637807424875 ) ) ;
#825 = VERTEX_POINT ( 'NONE', #907 ) ;
#826 = LINE ( 'NONE', #661, #1347 ) ;
#827 = EDGE_CURVE ( 'NONE', #2017, #304, #1879, .T. ) ;
#828 = CARTESIAN_POINT ( 'NONE',  ( -5.974272815895298905, 1.071379574391823075, 10.57038442952899793 ) ) ;
#829 = DIRECTION ( 'NONE',  ( -0.000000000000000000, 1.000000000000000000, 0.000000000000000000 ) ) ;
#830 = DIRECTION ( 'NONE',  ( 0.000000000000000000, 0.000000000000000000, 1.000000000000000000 ) ) ;
#831 = CC_DESIGN_DATE_AND_TIME_ASSIGNMENT ( #792, #1956, ( #2028 ) ) ;
#832 = DIRECTION ( 'NONE',  ( 0.000000000000000000, 0.000000000000000000, 1.000000000000000000 ) ) ;
#833 = EDGE_CURVE ( 'NONE', #109, #2092, #561, .T. ) ;
#834 = DIRECTION ( 'NONE',  ( -0.5393187812436203155, 0.000000000000000000, 0.8421016875638570598 ) ) ;
#835 = LOCAL_TIME ( 16, 37, 58.00000000000000000, #1469 ) ;
#836 = ORIENTED_EDGE ( 'NONE', *, *, #827, .F. ) ;
#837 = CARTESIAN_POINT ( 'NONE',  ( -5.974272815895298905, -7.523246995021263928, 10.57038442952899793 ) ) ;
#838 = EDGE_LOOP ( 'NONE', ( #1214, #173, #201, #696 ) ) ;
#839 = CARTESIAN_POINT ( 'NONE',  ( -5.974272815895300681, -7.997585624075401967, 10.57038442952899793 ) ) ;
#840 = EDGE_CURVE ( 'NONE', #2092, #183, #1563, .T. ) ;
#841 = CARTESIAN_POINT ( 'NONE',  ( 1.623412631222493907, 3.676753004978734030, 7.720804637807424875 ) ) ;
#842 = LINE ( 'NONE', #1229, #302 ) ;
#843 = CARTESIAN_POINT ( 'NONE',  ( -9.124272815895329458, -2.918462218079505899, 22.47280578293311848 ) ) ;
#844 = AXIS2_PLACEMENT_3D ( 'NONE', #828, #1173, #1855 ) ;
#845 = DIRECTION ( 'NONE',  ( 1.000000000000000000, 0.000000000000000000, 1.224646799147353207E-16 ) ) ;
#846 = ORIENTED_EDGE ( 'NONE', *, *, #918, .F. ) ;
#847 = CARTESIAN_POINT ( 'NONE',  ( -5.974272815895298905, -7.523246995021263928, 10.57038442952899793 ) ) ;
#848 = ORIENTED_EDGE ( 'NONE', *, *, #1716, .T. ) ;
#849 = CIRCLE ( 'NONE', #2096, 5.212547534731934107 ) ;
#850 = DIRECTION ( 'NONE',  ( -1.000000000000000000, 0.000000000000000000, 0.000000000000000000 ) ) ;
#851 = DIRECTION ( 'NONE',  ( 0.000000000000000000, 0.000000000000000000, -1.000000000000000000 ) ) ;
#852 = CYLINDRICAL_SURFACE ( 'NONE', #911, 3.249999756277327290 ) ;
#853 = CIRCLE ( 'NONE', #1421, 1.050000000000005818 ) ;
#854 = ORIENTED_EDGE ( 'NONE', *, *, #116, .F. ) ;
#855 = ADVANCED_FACE ( 'NONE', ( #370 ), #26, .T. ) ;
#856 = LINE ( 'NONE', #645, #1875 ) ;
#857 = CARTESIAN_POINT ( 'NONE',  ( -4.894772692545282133, 0.04905702664666078405, 21.37907749081329101 ) ) ;
#858 = ORIENTED_EDGE ( 'NONE', *, *, #897, .T. ) ;
#859 = FACE_OUTER_BOUND ( 'NONE', #935, .T. ) ;
#860 = EDGE_CURVE ( 'NONE', #882, #1711, #402, .T. ) ;
#861 = DIRECTION ( 'NONE',  ( -0.000000000000000000, 0.000000000000000000, 1.000000000000000000 ) ) ;
#862 = CARTESIAN_POINT ( 'NONE',  ( -9.224272328449949043, -9.973502504325226781, 10.57038442952899793 ) ) ;
#863 = CARTESIAN_POINT ( 'NONE',  ( -5.974272815895298905, 17.86190247149750121, 10.57038442952899793 ) ) ;
#864 = VERTEX_POINT ( 'NONE', #1573 ) ;
#865 = CARTESIAN_POINT ( 'NONE',  ( -5.974272815895298905, -6.068462218079503145, 23.82328812672677287 ) ) ;
#866 = VECTOR ( 'NONE', #488, 1000.000000000000000 ) ;
#867 = CARTESIAN_POINT ( 'NONE',  ( -5.974272815895297128, 4.176753004978734474, -4.429615570471002961 ) ) ;
#868 = EDGE_LOOP ( 'NONE', ( #1178, #542, #2021, #2054 ) ) ;
#869 = DIRECTION ( 'NONE',  ( 0.000000000000000000, 0.000000000000000000, 1.000000000000000000 ) ) ;
#870 = CARTESIAN_POINT ( 'NONE',  ( -8.727286147630344715, -1.380210136767025420, 21.79774848604087722 ) ) ;
#871 = DIRECTION ( 'NONE',  ( 0.000000000000000000, 0.000000000000000000, 1.000000000000000000 ) ) ;
#872 = CARTESIAN_POINT ( 'NONE',  ( -2.205413490572377455, 4.176753004978734474, 8.078882562486912278 ) ) ;
#873 = FACE_OUTER_BOUND ( 'NONE', #1367, .T. ) ;
#874 = ADVANCED_FACE ( 'NONE', ( #1083 ), #2027, .F. ) ;
#875 = ORIENTED_EDGE ( 'NONE', *, *, #860, .F. ) ;
#876 = CARTESIAN_POINT ( 'NONE',  ( -5.974272815895298905, 2.991924746658767731, 13.82038442952900148 ) ) ;
#877 = AXIS2_PLACEMENT_3D ( 'NONE', #1645, #461, #440 ) ;
#878 = EDGE_CURVE ( 'NONE', #1599, #1655, #1410, .T. ) ;
#879 = CARTESIAN_POINT ( 'NONE',  ( -5.974272815895298905, -6.068462218079503145, 23.82328812672677287 ) ) ;
#880 = VECTOR ( 'NONE', #106, 1000.000000000000000 ) ;
#881 =( NAMED_UNIT ( * ) SI_UNIT ( $, .STERADIAN. ) SOLID_ANGLE_UNIT ( ) );
#882 = VERTEX_POINT ( 'NONE', #1764 ) ;
#883 = AXIS2_PLACEMENT_3D ( 'NONE', #1402, #1390, #1889 ) ;
#884 = CARTESIAN_POINT ( 'NONE',  ( -8.928180511750468895, -4.012504870066893936, 23.07352443540253617 ) ) ;
#885 = VECTOR ( 'NONE', #886, 1000.000000000000000 ) ;
#886 = DIRECTION ( 'NONE',  ( -1.000000000000000000, 0.000000000000000000, 0.000000000000000000 ) ) ;
#887 = CARTESIAN_POINT ( 'NONE',  ( -5.974272815895298905, -5.997585624075401967, 10.57038442952899793 ) ) ;
#888 = DIRECTION ( 'NONE',  ( 0.000000000000000000, 0.000000000000000000, 1.000000000000000000 ) ) ;
#889 = VERTEX_POINT ( 'NONE', #1074 ) ;
#890 = CARTESIAN_POINT ( 'NONE',  ( 1.257066477376340030, 4.176753004978734474, 8.087150791653579418 ) ) ;
#891 = ADVANCED_FACE ( 'NONE', ( #1051 ), #2100, .T. ) ;
#892 = ORIENTED_EDGE ( 'NONE', *, *, #436, .F. ) ;
#893 = DIRECTION ( 'NONE',  ( 0.000000000000000000, 0.000000000000000000, 1.000000000000000000 ) ) ;
#894 = EDGE_CURVE ( 'NONE', #1711, #1326, #1756, .T. ) ;
#895 = DIRECTION ( 'NONE',  ( -1.000000000000000000, 0.000000000000000000, 0.000000000000000000 ) ) ;
#896 = DIRECTION ( 'NONE',  ( -0.000000000000000000, 0.000000000000000000, -1.000000000000000000 ) ) ;
#897 = EDGE_CURVE ( 'NONE', #362, #790, #1240, .T. ) ;
#898 = ORIENTED_EDGE ( 'NONE', *, *, #2131, .T. ) ;
#899 = DIRECTION ( 'NONE',  ( 1.700709290173340656E-16, 0.000000000000000000, -1.000000000000000000 ) ) ;
#900 = CC_DESIGN_PERSON_AND_ORGANIZATION_ASSIGNMENT ( #222, #399, ( #1369 ) ) ;
#901 = EDGE_CURVE ( 'NONE', #1609, #1280, #1808, .T. ) ;
#902 = LINE ( 'NONE', #1396, #1334 ) ;
#903 = ORIENTED_EDGE ( 'NONE', *, *, #172, .T. ) ;
#904 = DIRECTION ( 'NONE',  ( -0.000000000000000000, 1.000000000000000000, -0.000000000000000000 ) ) ;
#905 = VECTOR ( 'NONE', #2169, 1000.000000000000000 ) ;
#906 = MANIFOLD_SOLID_BREP ( '<Nozzel BASE PART>-<Cut-Extrude3>', #1572 ) ;
#907 = CARTESIAN_POINT ( 'NONE',  ( -5.974272815895298905, -7.997585624075403743, 21.82454439417314873 ) ) ;
#908 = CARTESIAN_POINT ( 'NONE',  ( 0.8500151953250582038, 3.676753004978734030, 8.087150791653579418 ) ) ;
#909 = ORIENTED_EDGE ( 'NONE', *, *, #640, .T. ) ;
#910 = DIRECTION ( 'NONE',  ( -0.000000000000000000, 1.000000000000000000, -0.000000000000000000 ) ) ;
#911 = AXIS2_PLACEMENT_3D ( 'NONE', #706, #8, #1389 ) ;
#912 = EDGE_LOOP ( 'NONE', ( #1767, #417, #768, #2065, #1397, #467, #1673 ) ) ;
#913 = VECTOR ( 'NONE', #978, 1000.000000000000000 ) ;
#914 = CARTESIAN_POINT ( 'NONE',  ( -9.086590711201488091, -2.351323406670227989, 22.19585294322050828 ) ) ;
#915 = AXIS2_PLACEMENT_3D ( 'NONE', #1887, #861, #1203 ) ;
#916 = LINE ( 'NONE', #1095, #1606 ) ;
#917 = ORIENTED_EDGE ( 'NONE', *, *, #1821, .T. ) ;
#918 = EDGE_CURVE ( 'NONE', #1623, #367, #1523, .T. ) ;
#919 = DIRECTION ( 'NONE',  ( -0.000000000000000000, 1.000000000000000000, -0.000000000000000000 ) ) ;
#920 = CIRCLE ( 'NONE', #2166, 1.999999999999998224 ) ;
#921 = PERSON_AND_ORGANIZATION ( #213, #1694 ) ;
#922 = ORIENTED_EDGE ( 'NONE', *, *, #394, .T. ) ;
#923 = LINE ( 'NONE', #1604, #1662 ) ;
#924 = CARTESIAN_POINT ( 'NONE',  ( -0.6153694200595576369, 4.176753004978734474, 8.087150791653579418 ) ) ;
#925 = EDGE_CURVE ( 'NONE', #2107, #154, #2191, .T. ) ;
#926 = ADVANCED_FACE ( 'NONE', ( #1302 ), #459, .T. ) ;
#927 = AXIS2_PLACEMENT_3D ( 'NONE', #182, #1878, #349 ) ;
#928 = ORIENTED_EDGE ( 'NONE', *, *, #568, .F. ) ;
#929 = DIRECTION ( 'NONE',  ( -0.000000000000000000, 1.000000000000000000, -0.000000000000000000 ) ) ;
#930 = ORIENTED_EDGE ( 'NONE', *, *, #332, .T. ) ;
#931 = DIRECTION ( 'NONE',  ( 0.000000000000000000, 0.000000000000000000, 1.000000000000000000 ) ) ;
#932 = ORIENTED_EDGE ( 'NONE', *, *, #1625, .T. ) ;
#933 = CARTESIAN_POINT ( 'NONE',  ( -5.974272815895298905, -0.04100259277147258463, 10.57038442952899793 ) ) ;
#934 = AXIS2_PLACEMENT_3D ( 'NONE', #1144, #1275, #1442 ) ;
#935 = EDGE_LOOP ( 'NONE', ( #1972, #21, #1555 ) ) ;
#936 = DIRECTION ( 'NONE',  ( -0.000000000000000000, 1.000000000000000000, -0.000000000000000000 ) ) ;
#937 = EDGE_LOOP ( 'NONE', ( #992, #428 ) ) ;
#938 = FACE_OUTER_BOUND ( 'NONE', #708, .T. ) ;
#939 = LOCAL_TIME ( 16, 37, 58.00000000000000000, #1078 ) ;
#940 = CARTESIAN_POINT ( 'NONE',  ( -5.974272815895298905, 1.071379574391823075, 10.57038442952899793 ) ) ;
#941 = EDGE_CURVE ( 'NONE', #1686, #1470, #277, .T. ) ;
#942 = CARTESIAN_POINT ( 'NONE',  ( -5.974272815895298905, -0.8825939403743765510, 10.57038442952899793 ) ) ;
#943 = FACE_OUTER_BOUND ( 'NONE', #1014, .T. ) ;
#944 = EDGE_LOOP ( 'NONE', ( #1122, #601, #1758, #846 ) ) ;
#945 = ORIENTED_EDGE ( 'NONE', *, *, #563, .F. ) ;
#946 = PLANE ( 'NONE',  #1105 ) ;
#947 = ORIENTED_EDGE ( 'NONE', *, *, #941, .T. ) ;
#948 = AXIS2_PLACEMENT_3D ( 'NONE', #1161, #1844, #1507 ) ;
#949 = ADVANCED_FACE ( 'NONE', ( #1138, #1819 ), #290, .F. ) ;
#950 = DIRECTION ( 'NONE',  ( -0.000000000000000000, 1.000000000000000000, -0.000000000000000000 ) ) ;
#951 = CIRCLE ( 'NONE', #1446, 1.920545172266941325 ) ;
#952 = VECTOR ( 'NONE', #1202, 1000.000000000000000 ) ;
#953 = VERTEX_POINT ( 'NONE', #2175 ) ;
#954 = EDGE_CURVE ( 'NONE', #219, #104, #826, .T. ) ;
#955 = CARTESIAN_POINT ( 'NONE',  ( -5.974272815895298905, 0.2315377819204980647, 25.57038442952899970 ) ) ;
#956 = CARTESIAN_POINT ( 'NONE',  ( -5.974272815895298905, 17.86190247149750121, 10.57038442952899793 ) ) ;
#957 = EDGE_LOOP ( 'NONE', ( #1661, #58, #598, #1492 ) ) ;
#958 = ORIENTED_EDGE ( 'NONE', *, *, #1929, .T. ) ;
#959 = CARTESIAN_POINT ( 'NONE',  ( -5.153456625719484485, -5.966688325375572255, 25.54928967052738642 ) ) ;
#960 = PERSON_AND_ORGANIZATION_ROLE ( 'classification_officer' ) ;
#961 = ORIENTED_EDGE ( 'NONE', *, *, #44, .T. ) ;
#962 = DIRECTION ( 'NONE',  ( 0.000000000000000000, 0.000000000000000000, 1.000000000000000000 ) ) ;
#963 = VERTEX_POINT ( 'NONE', #648 ) ;
#964 =( BOUNDED_SURFACE ( )  B_SPLINE_SURFACE ( 2, 3, ( 
 ( #2048, #1539, #1877, #862 ),
 ( #693, #717, #529, #1204 ),
 ( #359, #1039, #192, #2026 ) ),
 .UNSPECIFIED., .F., .F., .F. ) 
 B_SPLINE_SURFACE_WITH_KNOTS ( ( 3, 3 ),
 ( 4, 4 ),
 ( 0.0002916866682808612441, 1.000000000000000000 ),
 ( 0.000000000000000000, 1.000000000000000000 ),
 .UNSPECIFIED. ) 
 GEOMETRIC_REPRESENTATION_ITEM ( )  RATIONAL_B_SPLINE_SURFACE ( (
 ( 1.000000000000000000, 0.3333333333333334259, 0.3333333333333334259, 1.000000000000000000),
 ( 1.000000000000000000, 0.3333333333333334259, 0.3333333333333334259, 1.000000000000000000),
 ( 1.000000000000000000, 0.3333333333333334259, 0.3333333333333334259, 1.000000000000000000) ) ) 
 REPRESENTATION_ITEM ( '' )  SURFACE ( )  );
#965 = DIRECTION ( 'NONE',  ( -0.000000000000000000, 1.000000000000000000, -0.000000000000000000 ) ) ;
#966 = ADVANCED_FACE ( 'NONE', ( #637, #673 ), #1517, .F. ) ;
#967 = CARTESIAN_POINT ( 'NONE',  ( -9.223415376090677853, -10.41135687575563828, 10.57038442952899793 ) ) ;
#968 = EDGE_CURVE ( 'NONE', #1207, #963, #849, .T. ) ;
#969 = EDGE_LOOP ( 'NONE', ( #892, #214, #1541, #1353, #1817 ) ) ;
#970 = EDGE_LOOP ( 'NONE', ( #1993, #2141, #1847, #564, #1416 ) ) ;
#971 = DIRECTION ( 'NONE',  ( 0.000000000000000000, -1.000000000000000000, 0.000000000000000000 ) ) ;
#972 = CARTESIAN_POINT ( 'NONE',  ( -5.974272815895298905, 2.052010055300125480, 10.57038442952899793 ) ) ;
#973 = AXIS2_PLACEMENT_3D ( 'NONE', #585, #90, #229 ) ;
#974 = DIRECTION ( 'NONE',  ( 0.000000000000000000, 0.000000000000000000, 1.000000000000000000 ) ) ;
#975 = EDGE_LOOP ( 'NONE', ( #1990, #1274 ) ) ;
#976 = EDGE_CURVE ( 'NONE', #660, #1983, #2165, .T. ) ;
#977 = CARTESIAN_POINT ( 'NONE',  ( 1.623412631222493907, 4.176753004978734474, 8.087150791653579418 ) ) ;
#978 = DIRECTION ( 'NONE',  ( -0.000000000000000000, 1.000000000000000000, -0.000000000000000000 ) ) ;
#979 = ORIENTED_EDGE ( 'NONE', *, *, #1497, .F. ) ;
#980 = EDGE_LOOP ( 'NONE', ( #646, #97, #2034, #240 ) ) ;
#981 = DIRECTION ( 'NONE',  ( 0.000000000000000000, 0.000000000000000000, 1.000000000000000000 ) ) ;
#982 = CIRCLE ( 'NONE', #198, 3.100000000000001865 ) ;
#983 = DIRECTION ( 'NONE',  ( -0.000000000000000000, 1.000000000000000000, -0.000000000000000000 ) ) ;
#984 = AXIS2_PLACEMENT_3D ( 'NONE', #411, #1287, #1969 ) ;
#985 = VECTOR ( 'NONE', #679, 1000.000000000000000 ) ;
#986 = CARTESIAN_POINT ( 'NONE',  ( -9.124272815895299260, -2.918462218079502346, 25.23590521809972032 ) ) ;
#987 = VERTEX_POINT ( 'NONE', #1315 ) ;
#988 = DIRECTION ( 'NONE',  ( -0.000000000000000000, 1.000000000000000000, -0.000000000000000000 ) ) ;
#989 = DIRECTION ( 'NONE',  ( -1.000000000000000000, 0.000000000000000000, 0.000000000000000000 ) ) ;
#990 = ORIENTED_EDGE ( 'NONE', *, *, #1882, .F. ) ;
#991 = DIRECTION ( 'NONE',  ( -0.000000000000000000, 1.000000000000000000, -0.000000000000000000 ) ) ;
#992 = ORIENTED_EDGE ( 'NONE', *, *, #92, .F. ) ;
#993 = CARTESIAN_POINT ( 'NONE',  ( -2.892025325235435762, -3.665988299739958212, 22.86904165472012451 ) ) ;
#994 = CARTESIAN_POINT ( 'NONE',  ( 0.8500151953250582038, 4.176753004978734474, 8.819843099345886728 ) ) ;
#995 = CARTESIAN_POINT ( 'NONE',  ( -8.928180511750468895, -4.012504870066893936, 23.07352443540253617 ) ) ;
#996 = CC_DESIGN_PERSON_AND_ORGANIZATION_ASSIGNMENT ( #449, #1272, ( #1510 ) ) ;
#997 = CARTESIAN_POINT ( 'NONE',  ( -9.124272815895299260, -3.108523712130207173, 22.56897362154311537 ) ) ;
#998 = ORIENTED_EDGE ( 'NONE', *, *, #1821, .F. ) ;
#999 = TOROIDAL_SURFACE ( 'NONE', #41, 3.250000000000000888, 1.920545172266942879 ) ;
#1000 = DIRECTION ( 'NONE',  ( -0.000000000000000000, 0.000000000000000000, 1.000000000000000000 ) ) ;
#1001 = FACE_OUTER_BOUND ( 'NONE', #1999, .T. ) ;
#1002 = ORIENTED_EDGE ( 'NONE', *, *, #151, .F. ) ;
#1003 = CARTESIAN_POINT ( 'NONE',  ( 1.257066477376340030, 3.676753004978734030, 5.563432842935630340 ) ) ;
#1004 = VERTEX_POINT ( 'NONE', #1328 ) ;
#1005 = DIRECTION ( 'NONE',  ( -0.000000000000000000, 1.000000000000000000, -0.000000000000000000 ) ) ;
#1006 = CARTESIAN_POINT ( 'NONE',  ( -2.874272815895297928, -10.82324699502126464, 16.77038442952900610 ) ) ;
#1007 = FACE_OUTER_BOUND ( 'NONE', #1637, .T. ) ;
#1008 = CARTESIAN_POINT ( 'NONE',  ( -5.974272815895298905, -6.068462218079502257, 25.57038442952899970 ) ) ;
#1009 = AXIS2_PLACEMENT_3D ( 'NONE', #1423, #77, #1946 ) ;
#1010 = APPLICATION_CONTEXT ( 'configuration controlled 3d designs of mechanical parts and assemblies' ) ;
#1011 = CARTESIAN_POINT ( 'NONE',  ( 0.04227280750454531777, 3.676753004978734030, 7.720804637807424875 ) ) ;
#1012 = ORIENTED_EDGE ( 'NONE', *, *, #2136, .F. ) ;
#1013 = CARTESIAN_POINT ( 'NONE',  ( -5.531547210603300790, 0.2079567547053141063, 21.33563803988715080 ) ) ;
#1014 = EDGE_LOOP ( 'NONE', ( #1237, #187, #1448, #53 ) ) ;
#1015 = CARTESIAN_POINT ( 'NONE',  ( -5.974272815895298905, 3.676753004978734030, 10.57038442952899793 ) ) ;
#1016 = DIRECTION ( 'NONE',  ( 0.000000000000000000, 0.000000000000000000, -1.000000000000000000 ) ) ;
#1017 = CARTESIAN_POINT ( 'NONE',  ( -5.974272815895298905, -7.997585624075403743, 10.57038442952899793 ) ) ;
#1018 = AXIS2_PLACEMENT_3D ( 'NONE', #1734, #326, #1692 ) ;
#1019 = ADVANCED_FACE ( 'NONE', ( #2022, #1995 ), #469, .F. ) ;
#1020 = CARTESIAN_POINT ( 'NONE',  ( -8.992209551994578831, -3.839626898269608901, 22.97150747165822438 ) ) ;
#1021 = CIRCLE ( 'NONE', #844, 3.250000000000001332 ) ;
#1022 = DIRECTION ( 'NONE',  ( -0.000000000000000000, 1.000000000000000000, -0.000000000000000000 ) ) ;
#1023 = EDGE_CURVE ( 'NONE', #104, #1971, #1159, .T. ) ;
#1024 = CARTESIAN_POINT ( 'NONE',  ( -5.974272815895298905, 0.2315377819204980647, 25.57038442952899970 ) ) ;
#1025 = ORIENTED_EDGE ( 'NONE', *, *, #1182, .F. ) ;
#1026 = LINE ( 'NONE', #1528, #1629 ) ;
#1027 = DIRECTION ( 'NONE',  ( 0.9195066823318147620, 0.000000000000000000, -0.3930743710128392077 ) ) ;
#1028 = CARTESIAN_POINT ( 'NONE',  ( -5.974272815895298905, -7.008075253341234045, 10.57038442952899793 ) ) ;
#1029 = PLANE ( 'NONE',  #1346 ) ;
#1030 = AXIS2_PLACEMENT_3D ( 'NONE', #10, #812, #1672 ) ;
#1031 = ORIENTED_EDGE ( 'NONE', *, *, #1383, .F. ) ;
#1032 = CARTESIAN_POINT ( 'NONE',  ( -0.7781899328800703231, 4.176753004978734474, 5.644843099345886905 ) ) ;
#1033 = CARTESIAN_POINT ( 'NONE',  ( -4.957104578163203712, 0.06985344589183847819, 25.53706663641250074 ) ) ;
#1034 = VERTEX_POINT ( 'NONE', #1181 ) ;
#1035 = ADVANCED_FACE ( 'NONE', ( #1865 ), #1842, .T. ) ;
#1036 = FACE_OUTER_BOUND ( 'NONE', #288, .T. ) ;
#1037 = LINE ( 'NONE', #1062, #820 ) ;
#1038 = CARTESIAN_POINT ( 'NONE',  ( -9.224272328449949043, -9.973502504325226781, 10.57038442952899793 ) ) ;
#1039 = CARTESIAN_POINT ( 'NONE',  ( -2.874272815895295263, -10.82324699502126464, 4.370384429528994197 ) ) ;
#1040 = CARTESIAN_POINT ( 'NONE',  ( -5.974272815895297128, 11.07137957439182507, -2.251512927611779791 ) ) ;
#1041 = VERTEX_POINT ( 'NONE', #1676 ) ;
#1042 = PLANE ( 'NONE',  #1579 ) ;
#1043 = AXIS2_PLACEMENT_3D ( 'NONE', #1792, #262, #1263 ) ;
#1044 = CARTESIAN_POINT ( 'NONE',  ( -2.270287288649300628, 4.176753004978734474, 8.819843099345886728 ) ) ;
#1045 = VECTOR ( 'NONE', #1413, 1000.000000000000227 ) ;
#1046 = EDGE_CURVE ( 'NONE', #1824, #101, #144, .T. ) ;
#1047 = DIRECTION ( 'NONE',  ( -1.000000000000000000, 0.000000000000000000, 0.000000000000000000 ) ) ;
#1048 = ORIENTED_EDGE ( 'NONE', *, *, #1053, .F. ) ;
#1049 = CARTESIAN_POINT ( 'NONE',  ( 0.8500151953250582038, 3.676753004978734030, 7.720804637807424875 ) ) ;
#1050 = APPROVAL_PERSON_ORGANIZATION ( #1806, #340, #282 ) ;
#1051 = FACE_OUTER_BOUND ( 'NONE', #1527, .T. ) ;
#1052 = DIRECTION ( 'NONE',  ( 1.000000000000000000, 0.000000000000000000, 0.000000000000000000 ) ) ;
#1053 = EDGE_CURVE ( 'NONE', #1833, #823, #527, .T. ) ;
#1054 = ORIENTED_EDGE ( 'NONE', *, *, #901, .F. ) ;
#1055 = CARTESIAN_POINT ( 'NONE',  ( -5.974272815895298905, 4.176753004978734474, 9.820384429528997927 ) ) ;
#1056 = CIRCLE ( 'NONE', #339, 5.099999999999998757 ) ;
#1057 = CARTESIAN_POINT ( 'NONE',  ( -5.974272815895298905, 17.86190247149750121, 7.320384673251671082 ) ) ;
#1058 = EDGE_CURVE ( 'NONE', #1655, #1938, #1886, .T. ) ;
#1059 = CARTESIAN_POINT ( 'NONE',  ( -5.974272815895298905, 1.862577247996759278, 9.070384429528996151 ) ) ;
#1060 = EDGE_LOOP ( 'NONE', ( #265, #1424, #405, #422 ) ) ;
#1061 = AXIS2_PLACEMENT_3D ( 'NONE', #1363, #2044, #1702 ) ;
#1062 = CARTESIAN_POINT ( 'NONE',  ( -1.192873426469813980, 3.676753004978734030, 5.644843099345886905 ) ) ;
#1063 = AXIS2_PLACEMENT_3D ( 'NONE', #1584, #539, #738 ) ;
#1064 = CARTESIAN_POINT ( 'NONE',  ( -3.627548907239044773, 3.676753004978734030, 5.644843099345886905 ) ) ;
#1065 = LINE ( 'NONE', #1230, #1843 ) ;
#1066 = ORIENTED_EDGE ( 'NONE', *, *, #591, .T. ) ;
#1067 = DIRECTION ( 'NONE',  ( -0.000000000000000000, 1.000000000000000000, -0.000000000000000000 ) ) ;
#1068 = CC_DESIGN_DATE_AND_TIME_ASSIGNMENT ( #100, #1125, ( #510 ) ) ;
#1069 = EDGE_CURVE ( 'NONE', #1165, #2197, #1026, .T. ) ;
#1070 = DIRECTION ( 'NONE',  ( 0.000000000000000000, 0.000000000000000000, 1.000000000000000000 ) ) ;
#1071 = VERTEX_POINT ( 'NONE', #22 ) ;
#1072 = CARTESIAN_POINT ( 'NONE',  ( -7.687169656641291482, -5.570327325117029993, 23.71146701126953360 ) ) ;
#1073 = EDGE_CURVE ( 'NONE', #1954, #864, #1238, .T. ) ;
#1074 = CARTESIAN_POINT ( 'NONE',  ( -5.974272815895298905, -2.897585624075404098, 15.65823887664115333 ) ) ;
#1075 = LINE ( 'NONE', #2049, #1496 ) ;
#1076 = EDGE_LOOP ( 'NONE', ( #1827, #1807, #1504, #1913 ) ) ;
#1077 = DIRECTION ( 'NONE',  ( 0.000000000000000000, 0.000000000000000000, 1.000000000000000000 ) ) ;
#1078 = COORDINATED_UNIVERSAL_TIME_OFFSET ( 8, 0, .BEHIND. ) ;
#1079 = ORIENTED_EDGE ( 'NONE', *, *, #918, .T. ) ;
#1080 = DIRECTION ( 'NONE',  ( 0.000000000000000000, 0.000000000000000000, -1.000000000000000000 ) ) ;
#1081 = CIRCLE ( 'NONE', #1368, 4.269554592223314238 ) ;
#1082 = ADVANCED_FACE ( 'NONE', ( #1036 ), #93, .T. ) ;
#1083 = FACE_OUTER_BOUND ( 'NONE', #526, .T. ) ;
#1084 = DIRECTION ( 'NONE',  ( -0.000000000000000000, 1.000000000000000000, -0.000000000000000000 ) ) ;
#1085 = VERTEX_POINT ( 'NONE', #683 ) ;
#1086 = CARTESIAN_POINT ( 'NONE',  ( 0.8500151953250582038, 4.176753004978734474, 6.459581681076655535 ) ) ;
#1087 = LINE ( 'NONE', #1770, #243 ) ;
#1088 = AXIS2_PLACEMENT_3D ( 'NONE', #837, #659, #176 ) ;
#1089 = FACE_OUTER_BOUND ( 'NONE', #1612, .T. ) ;
#1090 = ADVANCED_FACE ( 'NONE', ( #691, #2066 ), #1373, .T. ) ;
#1091 = ORIENTED_EDGE ( 'NONE', *, *, #6, .T. ) ;
#1092 = AXIS2_PLACEMENT_3D ( 'NONE', #822, #845, #1837 ) ;
#1093 = AXIS2_PLACEMENT_3D ( 'NONE', #1730, #698, #2062 ) ;
#1094 = CARTESIAN_POINT ( 'NONE',  ( -2.205413490572377455, 4.176753004978734474, 8.078882562486912278 ) ) ;
#1095 = CARTESIAN_POINT ( 'NONE',  ( -1.192873426469813980, 4.176753004978734474, 5.644843099345886905 ) ) ;
#1096 = COORDINATED_UNIVERSAL_TIME_OFFSET ( 8, 0, .BEHIND. ) ;
#1097 = ORIENTED_EDGE ( 'NONE', *, *, #2140, .F. ) ;
#1098 = DIRECTION ( 'NONE',  ( 0.000000000000000000, 0.000000000000000000, 1.000000000000000000 ) ) ;
#1099 = ORIENTED_EDGE ( 'NONE', *, *, #160, .T. ) ;
#1100 = CYLINDRICAL_SURFACE ( 'NONE', #934, 0.7500000000000006661 ) ;
#1101 = ORIENTED_EDGE ( 'NONE', *, *, #1222, .F. ) ;
#1102 = VERTEX_POINT ( 'NONE', #517 ) ;
#1103 = LINE ( 'NONE', #1787, #365 ) ;
#1104 = AXIS2_PLACEMENT_3D ( 'NONE', #589, #1784, #254 ) ;
#1105 = AXIS2_PLACEMENT_3D ( 'NONE', #281, #1642, #1447 ) ;
#1106 = CARTESIAN_POINT ( 'NONE',  ( -7.255961586510918160, -0.04100259277147258463, 21.39950677777740751 ) ) ;
#1107 = EDGE_CURVE ( 'NONE', #1532, #250, #951, .T. ) ;
#1108 = ORIENTED_EDGE ( 'NONE', *, *, #1882, .T. ) ;
#1109 = CARTESIAN_POINT ( 'NONE',  ( -9.124272815895299260, -2.712411128904524737, 25.23590521809972032 ) ) ;
#1110 = CARTESIAN_POINT ( 'NONE',  ( -7.255961586510918160, -0.04100259277147258463, 21.39950677777740751 ) ) ;
#1111 = CIRCLE ( 'NONE', #438, 5.413981750688821926 ) ;
#1112 = EDGE_LOOP ( 'NONE', ( #471, #1277, #331, #1126 ) ) ;
#1113 = CARTESIAN_POINT ( 'NONE',  ( -4.385396854440058334, -5.669145004570900426, 25.49083547478824130 ) ) ;
#1114 = ORIENTED_EDGE ( 'NONE', *, *, #678, .F. ) ;
#1115 = DIRECTION ( 'NONE',  ( -0.000000000000000000, 1.000000000000000000, -0.000000000000000000 ) ) ;
#1116 = EDGE_CURVE ( 'NONE', #1588, #1470, #1270, .T. ) ;
#1117 = AXIS2_PLACEMENT_3D ( 'NONE', #1224, #366, #1047 ) ;
#1118 = DIRECTION ( 'NONE',  ( -0.000000000000000000, 1.000000000000000000, -0.000000000000000000 ) ) ;
#1119 = DIRECTION ( 'NONE',  ( 0.000000000000000000, 0.000000000000000000, -1.000000000000000000 ) ) ;
#1120 = DIRECTION ( 'NONE',  ( 0.000000000000000000, -0.8982943823133693328, -0.4393941313948585004 ) ) ;
#1121 = ADVANCED_FACE ( 'NONE', ( #859 ), #1029, .T. ) ;
#1122 = ORIENTED_EDGE ( 'NONE', *, *, #1141, .T. ) ;
#1123 = ORIENTED_EDGE ( 'NONE', *, *, #430, .F. ) ;
#1124 = CARTESIAN_POINT ( 'NONE',  ( -5.974272815895298905, 2.052010055300124591, 19.07253328533833781 ) ) ;
#1125 = DATE_TIME_ROLE ( 'creation_date' ) ;
#1126 = ORIENTED_EDGE ( 'NONE', *, *, #66, .F. ) ;
#1127 = VECTOR ( 'NONE', #508, 1000.000000000000000 ) ;
#1128 = FACE_BOUND ( 'NONE', #1219, .T. ) ;
#1129 = PRODUCT_RELATED_PRODUCT_CATEGORY ( 'detail', '', ( #1369 ) ) ;
#1130 = ORIENTED_EDGE ( 'NONE', *, *, #925, .T. ) ;
#1131 = EDGE_CURVE ( 'NONE', #1207, #889, #2200, .T. ) ;
#1132 = LOCAL_TIME ( 16, 37, 58.00000000000000000, #603 ) ;
#1133 = FACE_OUTER_BOUND ( 'NONE', #1143, .T. ) ;
#1134 = TOROIDAL_SURFACE ( 'NONE', #352, 12.82189735714077727, 10.00000000000000000 ) ;
#1135 = FACE_OUTER_BOUND ( 'NONE', #2072, .T. ) ;
#1136 = VERTEX_POINT ( 'NONE', #1565 ) ;
#1137 = ORIENTED_EDGE ( 'NONE', *, *, #2145, .T. ) ;
#1138 = FACE_BOUND ( 'NONE', #424, .T. ) ;
#1139 = CALENDAR_DATE ( 2026, 24, 4 ) ;
#1140 = CARTESIAN_POINT ( 'NONE',  ( -5.974272815895298905, -7.523246995021264816, 10.57038442952899793 ) ) ;
#1141 = EDGE_CURVE ( 'NONE', #1623, #289, #274, .T. ) ;
#1142 = CARTESIAN_POINT ( 'NONE',  ( -9.023267679429874732, -3.736501765230299199, 25.25729498491613967 ) ) ;
#1143 = EDGE_LOOP ( 'NONE', ( #1720, #671, #1994, #586 ) ) ;
#1144 = CARTESIAN_POINT ( 'NONE',  ( -5.974272815895298905, 17.86190247149750121, 10.57038442952899793 ) ) ;
#1145 = DIRECTION ( 'NONE',  ( 0.000000000000000000, 0.000000000000000000, 1.000000000000000000 ) ) ;
#1146 = ORIENTED_EDGE ( 'NONE', *, *, #1231, .F. ) ;
#1147 = ORIENTED_EDGE ( 'NONE', *, *, #1902, .F. ) ;
#1148 = DIRECTION ( 'NONE',  ( -0.3941636967433695404, 0.000000000000000000, 0.9190402494829053026 ) ) ;
#1149 = EDGE_CURVE ( 'NONE', #2134, #84, #1065, .T. ) ;
#1150 = CARTESIAN_POINT ( 'NONE',  ( -5.974272815895298905, -2.897585624075403654, 10.57038442952899793 ) ) ;
#1151 = VECTOR ( 'NONE', #709, 1000.000000000000000 ) ;
#1152 = DIRECTION ( 'NONE',  ( 0.000000000000000000, 0.000000000000000000, 1.000000000000000000 ) ) ;
#1153 = ORIENTED_EDGE ( 'NONE', *, *, #196, .T. ) ;
#1154 = DIRECTION ( 'NONE',  ( 0.000000000000000000, 0.000000000000000000, -1.000000000000000000 ) ) ;
#1155 = DIRECTION ( 'NONE',  ( -1.000000000000000000, 0.000000000000000000, 0.000000000000000000 ) ) ;
#1156 = VERTEX_POINT ( 'NONE', #530 ) ;
#1157 = CARTESIAN_POINT ( 'NONE',  ( -3.021098551523934805, -1.784224029939357026, 21.95094065387572968 ) ) ;
#1158 = ORIENTED_EDGE ( 'NONE', *, *, #420, .T. ) ;
#1159 = LINE ( 'NONE', #2035, #1634 ) ;
#1160 = AXIS2_PLACEMENT_3D ( 'NONE', #663, #1115, #1797 ) ;
#1161 = CARTESIAN_POINT ( 'NONE',  ( -5.974272815895298905, 1.878551936718444892, 10.57038442952899793 ) ) ;
#1162 = DIRECTION ( 'NONE',  ( 0.000000000000000000, 0.000000000000000000, 1.000000000000000000 ) ) ;
#1163 = AXIS2_PLACEMENT_3D ( 'NONE', #1298, #1454, #1433 ) ;
#1164 = CARTESIAN_POINT ( 'NONE',  ( -8.707929912705575148, -4.497232203823062768, 25.31964844912510415 ) ) ;
#1165 = VERTEX_POINT ( 'NONE', #1726 ) ;
#1166 = AXIS2_PLACEMENT_3D ( 'NONE', #839, #816, #1493 ) ;
#1167 = FACE_OUTER_BOUND ( 'NONE', #400, .T. ) ;
#1168 = DIRECTION ( 'NONE',  ( 1.000000000000000000, 0.000000000000000000, 0.000000000000000000 ) ) ;
#1169 = ORIENTED_EDGE ( 'NONE', *, *, #556, .T. ) ;
#1170 = FACE_OUTER_BOUND ( 'NONE', #702, .T. ) ;
#1171 = ORIENTED_EDGE ( 'NONE', *, *, #1046, .F. ) ;
#1172 = DIRECTION ( 'NONE',  ( 0.000000000000000000, 0.000000000000000000, 1.000000000000000000 ) ) ;
#1173 = DIRECTION ( 'NONE',  ( -0.000000000000000000, 1.000000000000000000, -0.000000000000000000 ) ) ;
#1174 = DIRECTION ( 'NONE',  ( 0.000000000000000000, 0.000000000000000000, -1.000000000000000000 ) ) ;
#1175 = EDGE_CURVE ( 'NONE', #260, #165, #1741, .T. ) ;
#1176 = CARTESIAN_POINT ( 'NONE',  ( -8.347506917189159381, -4.999867776685006149, 25.38217732119436931 ) ) ;
#1177 = LINE ( 'NONE', #1501, #1839 ) ;
#1178 = ORIENTED_EDGE ( 'NONE', *, *, #652, .F. ) ;
#1179 = CARTESIAN_POINT ( 'NONE',  ( -2.824272815895297661, -2.636298085672585501, 22.33003559751304579 ) ) ;
#1180 = ORIENTED_EDGE ( 'NONE', *, *, #657, .F. ) ;
#1181 = CARTESIAN_POINT ( 'NONE',  ( -2.270287288649300628, 3.676753004978734030, 8.819843099345886728 ) ) ;
#1182 = EDGE_CURVE ( 'NONE', #299, #183, #193, .T. ) ;
#1183 = PLANE ( 'NONE',  #60 ) ;
#1184 = DIRECTION ( 'NONE',  ( -0.000000000000000000, 1.000000000000000000, -0.000000000000000000 ) ) ;
#1185 = EDGE_CURVE ( 'NONE', #177, #579, #217, .T. ) ;
#1186 = CARTESIAN_POINT ( 'NONE',  ( 0.8500151953250582038, 3.676753004978734030, 6.459581681076655535 ) ) ;
#1187 = AXIS2_PLACEMENT_3D ( 'NONE', #1150, #1636, #1344 ) ;
#1188 = LINE ( 'NONE', #503, #985 ) ;
#1189 = DIRECTION ( 'NONE',  ( 0.000000000000000000, 0.000000000000000000, 1.000000000000000000 ) ) ;
#1190 = ORIENTED_EDGE ( 'NONE', *, *, #1578, .F. ) ;
#1191 = DIRECTION ( 'NONE',  ( 0.000000000000000000, 0.000000000000000000, 1.000000000000000000 ) ) ;
#1192 = CARTESIAN_POINT ( 'NONE',  ( -2.270287288649300628, 3.676753004978734030, 8.819843099345886728 ) ) ;
#1193 = CARTESIAN_POINT ( 'NONE',  ( -5.974272815895298905, -10.82324699502126464, 10.57038442952899793 ) ) ;
#1194 = CIRCLE ( 'NONE', #1766, 3.100000000000001865 ) ;
#1195 = CARTESIAN_POINT ( 'NONE',  ( -5.974272815895298905, 2.991924746658767731, 7.320384429528995263 ) ) ;
#1196 = ORIENTED_EDGE ( 'NONE', *, *, #1500, .F. ) ;
#1197 = VECTOR ( 'NONE', #1559, 1000.000000000000000 ) ;
#1198 = ADVANCED_FACE ( 'NONE', ( #395 ), #2090, .T. ) ;
#1199 = CARTESIAN_POINT ( 'NONE',  ( -5.309818866664643089, -5.997585624075401967, 23.80787880413507906 ) ) ;
#1200 = CARTESIAN_POINT ( 'NONE',  ( -3.383716275787396199, -1.120005211952784574, 21.70570937769662834 ) ) ;
#1201 = ORIENTED_EDGE ( 'NONE', *, *, #1557, .T. ) ;
#1202 = DIRECTION ( 'NONE',  ( -0.000000000000000000, 1.000000000000000000, -0.000000000000000000 ) ) ;
#1203 = DIRECTION ( 'NONE',  ( 1.000000000000000000, 0.000000000000000000, 0.000000000000000000 ) ) ;
#1204 = CARTESIAN_POINT ( 'NONE',  ( -9.223415376090677853, -10.41135687575563828, 10.57038442952899793 ) ) ;
#1205 = DIRECTION ( 'NONE',  ( -0.000000000000000000, 1.000000000000000000, -0.000000000000000000 ) ) ;
#1206 = VECTOR ( 'NONE', #653, 1000.000000000000000 ) ;
#1207 = VERTEX_POINT ( 'NONE', #1411 ) ;
#1208 = DIRECTION ( 'NONE',  ( -1.000000000000000000, 0.000000000000000000, 0.000000000000000000 ) ) ;
#1209 = EDGE_CURVE ( 'NONE', #2150, #800, #1789, .T. ) ;
#1210 = CARTESIAN_POINT ( 'NONE',  ( 1.257066477376340030, 3.676753004978734030, 8.087150791653579418 ) ) ;
#1211 = AXIS2_PLACEMENT_3D ( 'NONE', #548, #380, #2088 ) ;
#1212 = CIRCLE ( 'NONE', #927, 3.250000000000002665 ) ;
#1213 = DIRECTION ( 'NONE',  ( 0.000000000000000000, 0.000000000000000000, 1.000000000000000000 ) ) ;
#1214 = ORIENTED_EDGE ( 'NONE', *, *, #1374, .F. ) ;
#1215 = CARTESIAN_POINT ( 'NONE',  ( -7.542017868317659079, -0.1817633193588097107, 21.43212863582159144 ) ) ;
#1216 = CARTESIAN_POINT ( 'NONE',  ( -5.309818866664643089, -5.997585624075401967, 23.80787880413507906 ) ) ;
#1217 = LINE ( 'NONE', #872, #1341 ) ;
#1218 = CARTESIAN_POINT ( 'NONE',  ( -2.844645187152137211, -3.331118782543136536, 25.24032356300315172 ) ) ;
#1219 = EDGE_LOOP ( 'NONE', ( #2168, #1054 ) ) ;
#1220 = DIRECTION ( 'NONE',  ( 1.000000000000000000, 0.000000000000000000, 1.224646799147353207E-16 ) ) ;
#1221 = CIRCLE ( 'NONE', #1760, 1.999999999999999112 ) ;
#1222 = EDGE_CURVE ( 'NONE', #2051, #194, #2125, .T. ) ;
#1223 = LINE ( 'NONE', #2052, #306 ) ;
#1224 = CARTESIAN_POINT ( 'NONE',  ( 1.257066477376340030, 3.676753004978734030, 8.819843099345886728 ) ) ;
#1225 = ORIENTED_EDGE ( 'NONE', *, *, #2170, .F. ) ;
#1226 = CARTESIAN_POINT ( 'NONE',  ( -0.7781899328800703231, 3.676753004978734030, 5.644843099345886905 ) ) ;
#1227 = CC_DESIGN_APPROVAL ( #534, ( #510 ) ) ;
#1228 = DIRECTION ( 'NONE',  ( 0.000000000000000000, 0.000000000000000000, 1.000000000000000000 ) ) ;
#1229 = CARTESIAN_POINT ( 'NONE',  ( -9.124272815895299260, -2.918462218079502346, 25.57038442952899970 ) ) ;
#1230 = CARTESIAN_POINT ( 'NONE',  ( 0.04227280750454531777, 4.176753004978734474, 7.720804637807424875 ) ) ;
#1231 = EDGE_CURVE ( 'NONE', #1532, #1268, #1212, .T. ) ;
#1232 = ORIENTED_EDGE ( 'NONE', *, *, #1581, .T. ) ;
#1233 = DIRECTION ( 'NONE',  ( 0.000000000000000000, 0.000000000000000000, 1.000000000000000000 ) ) ;
#1234 = B_SPLINE_CURVE_WITH_KNOTS ( 'NONE', 3,
 ( #2012, #1020, #485, #1846, #997, #843 ),
 .UNSPECIFIED., .F., .F.,
 ( 4, 2, 4 ),
 ( 0.0004929901846599531352, 0.001123250676151332740, 0.001753511167642712344 ),
 .UNSPECIFIED. ) ;
#1235 = CIRCLE ( 'NONE', #1802, 10.90470618302278538 ) ;
#1236 = APPROVAL_STATUS ( 'not_yet_approved' ) ;
#1237 = ORIENTED_EDGE ( 'NONE', *, *, #2085, .F. ) ;
#1238 = CIRCLE ( 'NONE', #1061, 3.249999512554649694 ) ;
#1239 = DIRECTION ( 'NONE',  ( 0.000000000000000000, 0.000000000000000000, -1.000000000000000000 ) ) ;
#1240 = CIRCLE ( 'NONE', #211, 10.90470618302278538 ) ;
#1241 = DIRECTION ( 'NONE',  ( -1.000000000000000000, 0.000000000000000000, 0.000000000000000000 ) ) ;
#1242 = CARTESIAN_POINT ( 'NONE',  ( -6.843054932862912665, 0.1173884478473688070, 21.36079281063062396 ) ) ;
#1243 = ORIENTED_EDGE ( 'NONE', *, *, #1902, .T. ) ;
#1244 = CARTESIAN_POINT ( 'NONE',  ( -6.638726765125954721, -5.997585624075401078, 23.80787880413508617 ) ) ;
#1245 = APPLICATION_PROTOCOL_DEFINITION ( 'international standard', 'config_control_design', 1994, #1010 ) ;
#1246 = EDGE_LOOP ( 'NONE', ( #1838, #2130, #922, #741 ) ) ;
#1247 = CARTESIAN_POINT ( 'NONE',  ( -5.974272815895298905, -7.523246995021263928, 9.820384429528996151 ) ) ;
#1248 = CARTESIAN_POINT ( 'NONE',  ( 1.096154017440442496, 4.176753004978734474, 5.563432842935630340 ) ) ;
#1249 = ADVANCED_FACE ( 'NONE', ( #873 ), #1736, .T. ) ;
#1250 = FACE_OUTER_BOUND ( 'NONE', #9, .T. ) ;
#1251 = ORIENTED_EDGE ( 'NONE', *, *, #1262, .T. ) ;
#1252 = DIRECTION ( 'NONE',  ( 0.000000000000000000, 0.000000000000000000, 1.000000000000000000 ) ) ;
#1253 = EDGE_CURVE ( 'NONE', #1686, #1750, #270, .T. ) ;
#1254 = ORIENTED_EDGE ( 'NONE', *, *, #398, .T. ) ;
#1255 = ORIENTED_EDGE ( 'NONE', *, *, #1069, .T. ) ;
#1256 = CARTESIAN_POINT ( 'NONE',  ( -6.638726765125954721, -5.997585624075401078, 23.80787880413508617 ) ) ;
#1257 = AXIS2_PLACEMENT_3D ( 'NONE', #1937, #1621, #1576 ) ;
#1258 = DIRECTION ( 'NONE',  ( 0.000000000000000000, 0.000000000000000000, -1.000000000000000000 ) ) ;
#1259 = ORIENTED_EDGE ( 'NONE', *, *, #941, .F. ) ;
#1260 = ORIENTED_EDGE ( 'NONE', *, *, #1935, .T. ) ;
#1261 = TOROIDAL_SURFACE ( 'NONE', #450, 4.269554592223348877, 10.00000000000000178 ) ;
#1262 = EDGE_CURVE ( 'NONE', #963, #2017, #1075, .T. ) ;
#1263 = DIRECTION ( 'NONE',  ( 0.000000000000000000, 0.000000000000000000, 1.000000000000000000 ) ) ;
#1264 = ORIENTED_EDGE ( 'NONE', *, *, #575, .T. ) ;
#1265 = CIRCLE ( 'NONE', #807, 1.500000000000003109 ) ;
#1266 = CIRCLE ( 'NONE', #2094, 10.00000000000000178 ) ;
#1267 = DIRECTION ( 'NONE',  ( 0.000000000000000000, -1.000000000000000000, 0.000000000000000000 ) ) ;
#1268 = VERTEX_POINT ( 'NONE', #1195 ) ;
#1269 = ADVANCED_FACE ( 'NONE', ( #206 ), #2070, .T. ) ;
#1270 = CIRCLE ( 'NONE', #490, 9.999999999999998224 ) ;
#1271 = DIRECTION ( 'NONE',  ( 1.000000000000000000, 0.000000000000000000, 1.224646799147353207E-16 ) ) ;
#1272 = PERSON_AND_ORGANIZATION_ROLE ( 'design_supplier' ) ;
#1273 = LINE ( 'NONE', #68, #582 ) ;
#1274 = ORIENTED_EDGE ( 'NONE', *, *, #1752, .T. ) ;
#1275 = DIRECTION ( 'NONE',  ( -0.000000000000000000, 1.000000000000000000, -0.000000000000000000 ) ) ;
#1276 = PLANE ( 'NONE',  #305 ) ;
#1277 = ORIENTED_EDGE ( 'NONE', *, *, #2136, .T. ) ;
#1278 = EDGE_CURVE ( 'NONE', #987, #953, #1577, .T. ) ;
#1279 = CARTESIAN_POINT ( 'NONE',  ( -5.974272815895298905, -5.997585624075401967, 10.57038442952899793 ) ) ;
#1280 = VERTEX_POINT ( 'NONE', #1775 ) ;
#1281 = CIRCLE ( 'NONE', #70, 3.250000000000002665 ) ;
#1282 = CYLINDRICAL_SURFACE ( 'NONE', #1257, 1.500000000000001332 ) ;
#1283 = CIRCLE ( 'NONE', #1883, 3.249999512554649694 ) ;
#1284 = ADVANCED_FACE ( 'NONE', ( #245 ), #251, .F. ) ;
#1285 = EDGE_CURVE ( 'NONE', #1385, #1798, #1785, .T. ) ;
#1286 = CARTESIAN_POINT ( 'NONE',  ( -7.555576273907187002, -0.1864344758189033779, 25.48778670795615398 ) ) ;
#1287 = DIRECTION ( 'NONE',  ( -0.000000000000000000, 1.000000000000000000, -0.000000000000000000 ) ) ;
#1288 = VERTEX_POINT ( 'NONE', #1805 ) ;
#1289 = EDGE_LOOP ( 'NONE', ( #279, #1456, #1130, #736, #238, #945, #536, #1153, #2163, #625, #255, #1650 ) ) ;
#1290 = AXIS2_PLACEMENT_3D ( 'NONE', #1996, #1471, #113 ) ;
#1291 = CARTESIAN_POINT ( 'NONE',  ( -2.874272815895295707, -10.82324699502126464, 10.57038442952899793 ) ) ;
#1292 = EDGE_CURVE ( 'NONE', #101, #579, #916, .T. ) ;
#1293 = EDGE_CURVE ( 'NONE', #963, #1207, #643, .T. ) ;
#1294 = DIRECTION ( 'NONE',  ( 0.000000000000000000, 0.000000000000000000, 1.000000000000000000 ) ) ;
#1295 = ADVANCED_FACE ( 'NONE', ( #2109 ), #1892, .F. ) ;
#1296 = TOROIDAL_SURFACE ( 'NONE', #377, 11.25415996464415436, 1.999999999999999112 ) ;
#1297 = LINE ( 'NONE', #295, #545 ) ;
#1298 = CARTESIAN_POINT ( 'NONE',  ( -3.627548907239044773, 3.676753004978734030, 5.644843099345886905 ) ) ;
#1299 = ORIENTED_EDGE ( 'NONE', *, *, #327, .F. ) ;
#1300 = AXIS2_PLACEMENT_3D ( 'NONE', #1, #1860, #1697 ) ;
#1301 = ORIENTED_EDGE ( 'NONE', *, *, #840, .F. ) ;
#1302 = FACE_OUTER_BOUND ( 'NONE', #686, .T. ) ;
#1303 = SHAPE_DEFINITION_REPRESENTATION ( #614, #1799 ) ;
#1304 = ORIENTED_EDGE ( 'NONE', *, *, #833, .T. ) ;
#1305 = CIRCLE ( 'NONE', #948, 8.885919711875443383 ) ;
#1306 = DIRECTION ( 'NONE',  ( 0.000000000000000000, 0.000000000000000000, 1.000000000000000000 ) ) ;
#1307 = CARTESIAN_POINT ( 'NONE',  ( -6.791803560847885279, -5.967473295428302293, 25.54945048467764934 ) ) ;
#1308 = VERTEX_POINT ( 'NONE', #1291 ) ;
#1309 = DIRECTION ( 'NONE',  ( -0.000000000000000000, 1.000000000000000000, -0.000000000000000000 ) ) ;
#1310 = CIRCLE ( 'NONE', #1598, 1.500000000000001332 ) ;
#1311 = EDGE_CURVE ( 'NONE', #788, #1547, #1419, .T. ) ;
#1312 = CARTESIAN_POINT ( 'NONE',  ( -5.974272815895298905, 1.862577247996759278, 12.07038442952899970 ) ) ;
#1313 = VERTEX_POINT ( 'NONE', #1124 ) ;
#1314 = ORIENTED_EDGE ( 'NONE', *, *, #785, .T. ) ;
#1315 = CARTESIAN_POINT ( 'NONE',  ( -2.824272815895298105, -2.918462218079501902, 25.23590521809972032 ) ) ;
#1316 = PERSON_AND_ORGANIZATION ( #213, #1694 ) ;
#1317 = DIRECTION ( 'NONE',  ( -1.000000000000000000, 0.000000000000000000, 0.000000000000000000 ) ) ;
#1318 = CIRCLE ( 'NONE', #1327, 1.457809102190855688 ) ;
#1319 = CARTESIAN_POINT ( 'NONE',  ( -7.373567627770361455, -5.748143980361279937, 25.50619914141473998 ) ) ;
#1320 = ORIENTED_EDGE ( 'NONE', *, *, #1383, .T. ) ;
#1321 = ADVANCED_FACE ( 'NONE', ( #581 ), #946, .T. ) ;
#1322 = DIRECTION ( 'NONE',  ( -0.3941636967433695404, 0.000000000000000000, 0.9190402494829053026 ) ) ;
#1323 = LINE ( 'NONE', #1708, #2018 ) ;
#1324 = ORIENTED_EDGE ( 'NONE', *, *, #327, .T. ) ;
#1325 = CARTESIAN_POINT ( 'NONE',  ( -4.051026097498410472, -0.4152376407937210523, 25.44757805562487718 ) ) ;
#1326 = VERTEX_POINT ( 'NONE', #924 ) ;
#1327 = AXIS2_PLACEMENT_3D ( 'NONE', #593, #1271, #425 ) ;
#1328 = CARTESIAN_POINT ( 'NONE',  ( -2.270287288649300628, 4.176753004978734474, 8.819843099345886728 ) ) ;
#1329 = CARTESIAN_POINT ( 'NONE',  ( -5.974272815895298905, -7.523246995021264816, 9.520384429528995440 ) ) ;
#1330 = DIRECTION ( 'NONE',  ( -0.000000000000000000, 1.000000000000000000, -0.000000000000000000 ) ) ;
#1331 = VECTOR ( 'NONE', #1451, 1000.000000000000000 ) ;
#1332 = DIRECTION ( 'NONE',  ( -0.000000000000000000, 1.000000000000000000, -0.000000000000000000 ) ) ;
#1333 = ORIENTED_EDGE ( 'NONE', *, *, #1929, .F. ) ;
#1334 = VECTOR ( 'NONE', #1569, 1000.000000000000000 ) ;
#1335 = CARTESIAN_POINT ( 'NONE',  ( 1.257066477376340030, 3.676753004978734030, 8.819843099345886728 ) ) ;
#1336 = FACE_OUTER_BOUND ( 'NONE', #937, .T. ) ;
#1337 = ORIENTED_EDGE ( 'NONE', *, *, #1222, .T. ) ;
#1338 = CARTESIAN_POINT ( 'NONE',  ( -5.974272815895298905, 17.86190247149750121, 25.57038442952899970 ) ) ;
#1339 = ORIENTED_EDGE ( 'NONE', *, *, #500, .F. ) ;
#1340 = DIRECTION ( 'NONE',  ( 0.000000000000000000, 0.000000000000000000, 1.000000000000000000 ) ) ;
#1341 = VECTOR ( 'NONE', #27, 1000.000000000000000 ) ;
#1342 = EDGE_CURVE ( 'NONE', #1136, #1487, #1795, .T. ) ;
#1343 = CARTESIAN_POINT ( 'NONE',  ( -5.974272815895298905, -1.776728305938279906, 10.57038442952899793 ) ) ;
#1344 = DIRECTION ( 'NONE',  ( 0.000000000000000000, 0.000000000000000000, 1.000000000000000000 ) ) ;
#1345 = CARTESIAN_POINT ( 'NONE',  ( -8.962531983806670155, -3.935756509729796182, 25.26993288314722719 ) ) ;
#1346 = AXIS2_PLACEMENT_3D ( 'NONE', #729, #15, #1378 ) ;
#1347 = VECTOR ( 'NONE', #335, 1000.000000000000000 ) ;
#1348 = EDGE_CURVE ( 'NONE', #69, #247, #267, .T. ) ;
#1349 = LINE ( 'NONE', #2030, #2006 ) ;
#1350 = CARTESIAN_POINT ( 'NONE',  ( -5.974272815895298905, 0.2315377819204980647, 25.57038442952899970 ) ) ;
#1351 = VERTEX_POINT ( 'NONE', #99 ) ;
#1352 = CARTESIAN_POINT ( 'NONE',  ( -9.124272815895329458, -2.918462218079505899, 22.47280578293311848 ) ) ;
#1353 = ORIENTED_EDGE ( 'NONE', *, *, #576, .T. ) ;
#1354 = DIRECTION ( 'NONE',  ( -0.000000000000000000, 1.000000000000000000, 0.000000000000000000 ) ) ;
#1355 = ADVANCED_FACE ( 'NONE', ( #1250 ), #999, .F. ) ;
#1356 = DIRECTION ( 'NONE',  ( 0.000000000000000000, 0.000000000000000000, 1.000000000000000000 ) ) ;
#1357 = CARTESIAN_POINT ( 'NONE',  ( -3.767208433976254156, -5.175375530510142319, 23.59832189906356703 ) ) ;
#1358 = DIRECTION ( 'NONE',  ( -1.000000000000000000, 0.000000000000000000, 0.000000000000000000 ) ) ;
#1359 = DIRECTION ( 'NONE',  ( 0.9232980433277317989, 0.000000000000000000, 0.3840842657375879710 ) ) ;
#1360 = ORIENTED_EDGE ( 'NONE', *, *, #1262, .F. ) ;
#1361 = DIRECTION ( 'NONE',  ( 0.000000000000000000, 0.000000000000000000, 1.000000000000000000 ) ) ;
#1362 = ORIENTED_EDGE ( 'NONE', *, *, #151, .T. ) ;
#1363 = CARTESIAN_POINT ( 'NONE',  ( -5.974272815895298905, -9.973502504325223228, 10.57038442952899793 ) ) ;
#1364 = CARTESIAN_POINT ( 'NONE',  ( -9.074272815895302102, -10.82324699502126464, 10.57038442952899793 ) ) ;
#1365 = DIRECTION ( 'NONE',  ( 1.000000000000000000, 0.000000000000000000, 1.224646799147353207E-16 ) ) ;
#1366 = EDGE_CURVE ( 'NONE', #1268, #1532, #1281, .T. ) ;
#1367 = EDGE_LOOP ( 'NONE', ( #1339, #1048, #312, #819 ) ) ;
#1368 = AXIS2_PLACEMENT_3D ( 'NONE', #1610, #910, #1788 ) ;
#1369 = PRODUCT ( 'Nozzel 4', 'Nozzel 4', '', ( #1592 ) ) ;
#1370 = CARTESIAN_POINT ( 'NONE',  ( 1.257066477376340030, 4.176753004978734474, 8.819843099345886728 ) ) ;
#1371 = CARTESIAN_POINT ( 'NONE',  ( -5.974272815895298905, 2.011294265750470434, 1.981081335974219870 ) ) ;
#1372 = ORIENTED_EDGE ( 'NONE', *, *, #1596, .F. ) ;
#1373 = PLANE ( 'NONE',  #1558 ) ;
#1374 = EDGE_CURVE ( 'NONE', #2017, #453, #1318, .T. ) ;
#1375 = CARTESIAN_POINT ( 'NONE',  ( -2.824272815895298105, -2.918462218079501902, 25.57038442952899970 ) ) ;
#1376 = CARTESIAN_POINT ( 'NONE',  ( -3.920173724492338252, -5.315913623266314225, 23.64140740746362113 ) ) ;
#1377 = AXIS2_PLACEMENT_3D ( 'NONE', #1003, #3, #1685 ) ;
#1378 = DIRECTION ( 'NONE',  ( 0.000000000000000000, 0.000000000000000000, 1.000000000000000000 ) ) ;
#1379 = CIRCLE ( 'NONE', #699, 11.25415996464415258 ) ;
#1380 = ORIENTED_EDGE ( 'NONE', *, *, #1987, .T. ) ;
#1381 = VECTOR ( 'NONE', #1545, 1000.000000000000000 ) ;
#1382 = CARTESIAN_POINT ( 'NONE',  ( -2.874272815895295707, -10.82324699502126464, 10.57038442952899793 ) ) ;
#1383 = EDGE_CURVE ( 'NONE', #595, #1938, #1103, .T. ) ;
#1384 = CARTESIAN_POINT ( 'NONE',  ( 0.000000000000000000, 0.000000000000000000, 0.000000000000000000 ) ) ;
#1385 = VERTEX_POINT ( 'NONE', #1991 ) ;
#1386 = DIRECTION ( 'NONE',  ( 0.000000000000000000, -0.000000000000000000, -1.000000000000000000 ) ) ;
#1387 = CARTESIAN_POINT ( 'NONE',  ( -8.166526126380729167, -0.6511349492313694975, 21.55749466126926350 ) ) ;
#1388 = CARTESIAN_POINT ( 'NONE',  ( -5.974272815895298905, 3.676753004978734030, 10.57038442952899793 ) ) ;
#1389 = DIRECTION ( 'NONE',  ( 0.000000000000000000, 0.000000000000000000, 1.000000000000000000 ) ) ;
#1390 = DIRECTION ( 'NONE',  ( -0.000000000000000000, 1.000000000000000000, -0.000000000000000000 ) ) ;
#1391 = EDGE_LOOP ( 'NONE', ( #778, #1440, #1403, #1851, #86, #1137, #2013 ) ) ;
#1392 = LINE ( 'NONE', #1891, #866 ) ;
#1393 = B_SPLINE_CURVE_WITH_KNOTS ( 'NONE', 2,
 ( #1870, #364, #1382 ),
 .UNSPECIFIED., .F., .F.,
 ( 3, 3 ),
 ( 0.0002916866682808612441, 1.000000000000000000 ),
 .UNSPECIFIED. ) ;
#1394 = CARTESIAN_POINT ( 'NONE',  ( -5.974272815895298905, -2.897585624075403654, 20.75823887664115475 ) ) ;
#1395 = VECTOR ( 'NONE', #256, 1000.000000000000000 ) ;
#1396 = CARTESIAN_POINT ( 'NONE',  ( -5.974272815895298905, 17.86190247149750121, 25.57038442952899970 ) ) ;
#1397 = ORIENTED_EDGE ( 'NONE', *, *, #1450, .F. ) ;
#1398 = FACE_OUTER_BOUND ( 'NONE', #1289, .T. ) ;
#1399 = AXIS2_PLACEMENT_3D ( 'NONE', #940, #419, #1978 ) ;
#1400 = DIRECTION ( 'NONE',  ( 1.000000000000000000, 0.000000000000000000, 0.000000000000000000 ) ) ;
#1401 = DIRECTION ( 'NONE',  ( 0.000000000000000000, -1.000000000000000000, 0.000000000000000000 ) ) ;
#1402 = CARTESIAN_POINT ( 'NONE',  ( -5.974272815895298905, -7.523246995021263928, 10.57038442952899793 ) ) ;
#1403 = ORIENTED_EDGE ( 'NONE', *, *, #2091, .T. ) ;
#1404 = DIRECTION ( 'NONE',  ( -0.000000000000000000, 1.000000000000000000, -0.000000000000000000 ) ) ;
#1405 = CIRCLE ( 'NONE', #1687, 8.589303093554777391 ) ;
#1406 = AXIS2_PLACEMENT_3D ( 'NONE', #1140, #950, #962 ) ;
#1407 = B_SPLINE_CURVE_WITH_KNOTS ( 'NONE', 2,
 ( #618, #967, #1627 ),
 .UNSPECIFIED., .F., .F.,
 ( 3, 3 ),
 ( 0.0002916866682808641714, 1.000000000000000000 ),
 .UNSPECIFIED. ) ;
#1408 = EDGE_LOOP ( 'NONE', ( #12, #1158, #2116, #762, #390, #2184, #29 ) ) ;
#1409 = FACE_OUTER_BOUND ( 'NONE', #838, .T. ) ;
#1410 = LINE ( 'NONE', #705, #885 ) ;
#1411 = CARTESIAN_POINT ( 'NONE',  ( -5.974272815895298905, -1.776728305938279906, 15.78293196426092848 ) ) ;
#1412 = ORIENTED_EDGE ( 'NONE', *, *, #840, .T. ) ;
#1413 = DIRECTION ( 'NONE',  ( -0.3930743710128391522, 0.000000000000000000, -0.9195066823318146509 ) ) ;
#1414 = CONICAL_SURFACE ( 'NONE', #630, 5.212547534731934107, 0.2215847939247947429 ) ;
#1415 = EDGE_CURVE ( 'NONE', #165, #1609, #465, .T. ) ;
#1416 = ORIENTED_EDGE ( 'NONE', *, *, #1429, .F. ) ;
#1417 = DIRECTION ( 'NONE',  ( 1.000000000000000000, 0.000000000000000000, 0.000000000000000000 ) ) ;
#1418 = CARTESIAN_POINT ( 'NONE',  ( -0.6153694200595576369, 3.676753004978734030, 8.087150791653579418 ) ) ;
#1419 = LINE ( 'NONE', #435, #2074 ) ;
#1420 = EDGE_CURVE ( 'NONE', #250, #2197, #1790, .T. ) ;
#1421 = AXIS2_PLACEMENT_3D ( 'NONE', #714, #726, #1897 ) ;
#1422 = ORIENTED_EDGE ( 'NONE', *, *, #2112, .F. ) ;
#1423 = CARTESIAN_POINT ( 'NONE',  ( -5.974272815895298905, 2.052010055300125480, 10.57038442952899793 ) ) ;
#1424 = ORIENTED_EDGE ( 'NONE', *, *, #1605, .F. ) ;
#1425 = DIRECTION ( 'NONE',  ( 1.000000000000000000, 0.000000000000000000, 0.000000000000000000 ) ) ;
#1426 = EDGE_LOOP ( 'NONE', ( #1147, #1727, #1066, #2005 ) ) ;
#1427 = CARTESIAN_POINT ( 'NONE',  ( -8.917748124378270802, -1.786723478881604210, 21.95471420547284325 ) ) ;
#1428 = ORIENTED_EDGE ( 'NONE', *, *, #1366, .T. ) ;
#1429 = EDGE_CURVE ( 'NONE', #1984, #1926, #1505, .T. ) ;
#1430 = ORIENTED_EDGE ( 'NONE', *, *, #1605, .T. ) ;
#1431 = CARTESIAN_POINT ( 'NONE',  ( -9.124272815895299260, -2.918462218079502346, 25.23590521809972032 ) ) ;
#1432 = EDGE_LOOP ( 'NONE', ( #4, #1890, #1481, #928, #62 ) ) ;
#1433 = DIRECTION ( 'NONE',  ( 1.000000000000000000, 0.000000000000000000, 0.000000000000000000 ) ) ;
#1434 = CIRCLE ( 'NONE', #1467, 5.087854447112158951 ) ;
#1435 = VERTEX_POINT ( 'NONE', #1613 ) ;
#1436 = CARTESIAN_POINT ( 'NONE',  ( -5.974272815895298905, 2.991924746658767731, 10.57038442952899793 ) ) ;
#1437 = EDGE_CURVE ( 'NONE', #1566, #1071, #1297, .T. ) ;
#1438 = ORIENTED_EDGE ( 'NONE', *, *, #178, .F. ) ;
#1439 = FACE_OUTER_BOUND ( 'NONE', #1112, .T. ) ;
#1440 = ORIENTED_EDGE ( 'NONE', *, *, #1668, .T. ) ;
#1441 = AXIS2_PLACEMENT_3D ( 'NONE', #1017, #1184, #1900 ) ;
#1442 = DIRECTION ( 'NONE',  ( 0.000000000000000000, 0.000000000000000000, 1.000000000000000000 ) ) ;
#1443 = CIRCLE ( 'NONE', #984, 8.885919711875443383 ) ;
#1444 = DIRECTION ( 'NONE',  ( -0.000000000000000000, 0.000000000000000000, -1.000000000000000000 ) ) ;
#1445 = ORIENTED_EDGE ( 'NONE', *, *, #1116, .T. ) ;
#1446 = AXIS2_PLACEMENT_3D ( 'NONE', #169, #850, #1191 ) ;
#1447 = DIRECTION ( 'NONE',  ( 0.3840842657375881375, 0.000000000000000000, 0.9232980433277316878 ) ) ;
#1448 = ORIENTED_EDGE ( 'NONE', *, *, #901, .T. ) ;
#1449 = VECTOR ( 'NONE', #1172, 1000.000000000000000 ) ;
#1450 = EDGE_CURVE ( 'NONE', #69, #1824, #2148, .T. ) ;
#1451 = DIRECTION ( 'NONE',  ( 1.000000000000000000, 0.000000000000000000, 0.000000000000000000 ) ) ;
#1452 = EDGE_LOOP ( 'NONE', ( #137, #1337, #321, #588 ) ) ;
#1453 = CARTESIAN_POINT ( 'NONE',  ( -8.054661650730066569, -0.5441691588638245536, 25.42615335957016143 ) ) ;
#1454 = DIRECTION ( 'NONE',  ( -0.000000000000000000, 0.000000000000000000, 1.000000000000000000 ) ) ;
#1455 = ADVANCED_FACE ( 'NONE', ( #444 ), #1100, .F. ) ;
#1456 = ORIENTED_EDGE ( 'NONE', *, *, #657, .T. ) ;
#1457 = ORIENTED_EDGE ( 'NONE', *, *, #897, .F. ) ;
#1458 = CARTESIAN_POINT ( 'NONE',  ( -5.974272815895298905, 1.071379574391824852, 10.57038442952899793 ) ) ;
#1459 = ORIENTED_EDGE ( 'NONE', *, *, #674, .T. ) ;
#1460 = DIRECTION ( 'NONE',  ( -1.000000000000000000, 0.000000000000000000, 0.000000000000000000 ) ) ;
#1461 = ADVANCED_FACE ( 'NONE', ( #1133 ), #1966, .T. ) ;
#1462 = ORIENTED_EDGE ( 'NONE', *, *, #627, .T. ) ;
#1463 = CARTESIAN_POINT ( 'NONE',  ( -5.974272815895298905, 2.011294265750470434, 10.57038442952899793 ) ) ;
#1464 = CARTESIAN_POINT ( 'NONE',  ( -7.400566674827731894, -0.1054131291485731342, 21.41411778035172730 ) ) ;
#1465 = ORIENTED_EDGE ( 'NONE', *, *, #38, .T. ) ;
#1466 = ORIENTED_EDGE ( 'NONE', *, *, #1209, .F. ) ;
#1467 = AXIS2_PLACEMENT_3D ( 'NONE', #138, #375, #363 ) ;
#1468 = CARTESIAN_POINT ( 'NONE',  ( -1.192873426469813980, 3.676753004978734030, 5.644843099345886905 ) ) ;
#1469 = COORDINATED_UNIVERSAL_TIME_OFFSET ( 8, 0, .BEHIND. ) ;
#1470 = VERTEX_POINT ( 'NONE', #1638 ) ;
#1471 = DIRECTION ( 'NONE',  ( -0.000000000000000000, 1.000000000000000000, -0.000000000000000000 ) ) ;
#1472 = DESIGN_CONTEXT ( 'detailed design', #1928, 'design' ) ;
#1473 = ADVANCED_FACE ( 'NONE', ( #71 ), #1950, .T. ) ;
#1474 = CARTESIAN_POINT ( 'NONE',  ( -5.974272815895298905, -10.82324699502126464, 10.57038442952899793 ) ) ;
#1475 = EDGE_LOOP ( 'NONE', ( #1880, #514, #1499, #961, #690, #379, #323 ) ) ;
#1476 = AXIS2_PLACEMENT_3D ( 'NONE', #783, #315, #1656 ) ;
#1477 = DIRECTION ( 'NONE',  ( 0.000000000000000000, 0.000000000000000000, 1.000000000000000000 ) ) ;
#1478 = CARTESIAN_POINT ( 'NONE',  ( -5.974272815895298905, -7.523246995021263928, 10.57038442952899793 ) ) ;
#1479 = ORIENTED_EDGE ( 'NONE', *, *, #1689, .F. ) ;
#1480 = AXIS2_PLACEMENT_3D ( 'NONE', #1850, #2002, #474 ) ;
#1481 = ORIENTED_EDGE ( 'NONE', *, *, #1987, .F. ) ;
#1482 = DIRECTION ( 'NONE',  ( -0.000000000000000000, 1.000000000000000000, -0.000000000000000000 ) ) ;
#1483 = PERSON_AND_ORGANIZATION ( #213, #1694 ) ;
#1484 = DIRECTION ( 'NONE',  ( -0.000000000000000000, 1.000000000000000000, -0.000000000000000000 ) ) ;
#1485 = EDGE_CURVE ( 'NONE', #1313, #1588, #599, .T. ) ;
#1486 = LINE ( 'NONE', #2178, #1206 ) ;
#1487 = VERTEX_POINT ( 'NONE', #977 ) ;
#1488 = CARTESIAN_POINT ( 'NONE',  ( -5.974272815895298017, 2.011294265750470434, 19.15968752308377532 ) ) ;
#1489 = CIRCLE ( 'NONE', #532, 12.84733749389762458 ) ;
#1490 = PLANE ( 'NONE',  #1480 ) ;
#1491 = ORIENTED_EDGE ( 'NONE', *, *, #124, .T. ) ;
#1492 = ORIENTED_EDGE ( 'NONE', *, *, #430, .T. ) ;
#1493 = DIRECTION ( 'NONE',  ( 0.000000000000000000, -0.000000000000000000, -1.000000000000000000 ) ) ;
#1494 = FACE_OUTER_BOUND ( 'NONE', #1958, .T. ) ;
#1495 = AXIS2_PLACEMENT_3D ( 'NONE', #368, #54, #737 ) ;
#1496 = VECTOR ( 'NONE', #520, 999.9999999999998863 ) ;
#1497 = EDGE_CURVE ( 'NONE', #304, #2017, #1111, .T. ) ;
#1498 = CARTESIAN_POINT ( 'NONE',  ( -3.627548907239044773, 3.676753004978734030, 5.644843099345886905 ) ) ;
#1499 = ORIENTED_EDGE ( 'NONE', *, *, #1182, .T. ) ;
#1500 = EDGE_CURVE ( 'NONE', #1102, #547, #760, .T. ) ;
#1501 = CARTESIAN_POINT ( 'NONE',  ( 1.623412631222493907, 3.676753004978734030, 8.087150791653579418 ) ) ;
#1502 = ORIENTED_EDGE ( 'NONE', *, *, #1348, .F. ) ;
#1503 = CARTESIAN_POINT ( 'NONE',  ( -4.018424994727388899, -0.4443223740971687930, 21.49928294305231447 ) ) ;
#1504 = ORIENTED_EDGE ( 'NONE', *, *, #172, .F. ) ;
#1505 = CIRCLE ( 'NONE', #257, 12.84733749389762458 ) ;
#1506 = DIRECTION ( 'NONE',  ( 0.000000000000000000, 0.000000000000000000, 1.000000000000000000 ) ) ;
#1507 = DIRECTION ( 'NONE',  ( 0.000000000000000000, 0.000000000000000000, 1.000000000000000000 ) ) ;
#1508 = DIRECTION ( 'NONE',  ( 0.000000000000000000, 0.000000000000000000, 1.000000000000000000 ) ) ;
#1509 = CARTESIAN_POINT ( 'NONE',  ( -5.974272815895298905, 4.176753004978734474, 10.57038442952899793 ) ) ;
#1510 = PRODUCT_DEFINITION_FORMATION_WITH_SPECIFIED_SOURCE ( 'ANY', '', #1369, .NOT_KNOWN. ) ;
#1511 = CARTESIAN_POINT ( 'NONE',  ( -5.974272815895298905, -10.82324699502126464, 25.57038442952899970 ) ) ;
#1512 = LINE ( 'NONE', #1011, #913 ) ;
#1513 = EDGE_CURVE ( 'NONE', #2051, #1588, #1405, .T. ) ;
#1514 = ORIENTED_EDGE ( 'NONE', *, *, #2095, .F. ) ;
#1515 = PLANE ( 'NONE',  #1377 ) ;
#1516 = VERTEX_POINT ( 'NONE', #117 ) ;
#1517 = PLANE ( 'NONE',  #387 ) ;
#1518 = DIRECTION ( 'NONE',  ( 0.000000000000000000, 0.000000000000000000, 1.000000000000000000 ) ) ;
#1519 = CARTESIAN_POINT ( 'NONE',  ( -3.020365120040128470, -4.012504870066893936, 23.07352443540253617 ) ) ;
#1520 = VECTOR ( 'NONE', #216, 1000.000000000000000 ) ;
#1521 = ADVANCED_FACE ( 'NONE', ( #798 ), #721, .T. ) ;
#1522 = DIRECTION ( 'NONE',  ( -0.000000000000000000, 1.000000000000000000, -0.000000000000000000 ) ) ;
#1523 = CIRCLE ( 'NONE', #774, 0.2999999999999999334 ) ;
#1524 = CARTESIAN_POINT ( 'NONE',  ( 0.8500151953250582038, 4.176753004978734474, 6.459581681076655535 ) ) ;
#1525 = ORIENTED_EDGE ( 'NONE', *, *, #1107, .T. ) ;
#1526 = CARTESIAN_POINT ( 'NONE',  ( -4.143037533190896404, -0.3506394619763215093, 21.47458177098413756 ) ) ;
#1527 = EDGE_LOOP ( 'NONE', ( #616, #241, #1491, #2139 ) ) ;
#1528 = CARTESIAN_POINT ( 'NONE',  ( -5.974272815895298905, 17.86190247149750121, 9.070384429528996151 ) ) ;
#1529 = ADVANCED_FACE ( 'NONE', ( #1167 ), #756, .F. ) ;
#1530 = FACE_OUTER_BOUND ( 'NONE', #957, .T. ) ;
#1531 = CARTESIAN_POINT ( 'NONE',  ( -5.974272815895298905, -4.012504870066893936, -2.276953064368626656 ) ) ;
#1532 = VERTEX_POINT ( 'NONE', #876 ) ;
#1533 = CARTESIAN_POINT ( 'NONE',  ( -5.974272815895298905, 1.071379574391823075, 7.320384429528997039 ) ) ;
#1534 = ADVANCED_FACE ( 'NONE', ( #40 ), #75, .T. ) ;
#1535 = CARTESIAN_POINT ( 'NONE',  ( -5.974272815895298905, -6.068462218079503145, 23.82328812672677287 ) ) ;
#1536 = EDGE_LOOP ( 'NONE', ( #1921, #1255, #2174, #1791 ) ) ;
#1537 = CARTESIAN_POINT ( 'NONE',  ( 1.096154017440442496, 3.676753004978734030, 5.563432842935630340 ) ) ;
#1538 = LINE ( 'NONE', #1691, #1127 ) ;
#1539 = CARTESIAN_POINT ( 'NONE',  ( -2.724273303340648322, -9.973502504325225004, 4.070385404419698538 ) ) ;
#1540 = CARTESIAN_POINT ( 'NONE',  ( -2.824272815895298550, -3.126316246676278610, 25.23590521809973453 ) ) ;
#1541 = ORIENTED_EDGE ( 'NONE', *, *, #1285, .T. ) ;
#1542 = VECTOR ( 'NONE', #1322, 1000.000000000000114 ) ;
#1543 = EDGE_CURVE ( 'NONE', #294, #1385, #1221, .T. ) ;
#1544 = B_SPLINE_CURVE_WITH_KNOTS ( 'NONE', 3,
 ( #1519, #2202, #1868, #676, #348, #1357, #1376, #540, #1888, #509 ),
 .UNSPECIFIED., .F., .F.,
 ( 4, 2, 2, 2, 4 ),
 ( 2.403925209297236717E-07, 0.0006365991580650358405, 0.001272957923609141983, 0.001909316689153248234, 0.002545675454697354269 ),
 .UNSPECIFIED. ) ;
#1545 = DIRECTION ( 'NONE',  ( -0.000000000000000000, 1.000000000000000000, -0.000000000000000000 ) ) ;
#1546 = CARTESIAN_POINT ( 'NONE',  ( -4.548304446318137018, -0.1052681484690848462, 21.41408489267216453 ) ) ;
#1547 = VERTEX_POINT ( 'NONE', #129 ) ;
#1548 = DIRECTION ( 'NONE',  ( 0.000000000000000000, -1.000000000000000000, 0.000000000000000000 ) ) ;
#1549 = CARTESIAN_POINT ( 'NONE',  ( -8.567520776868821741, -1.123924148469464646, 21.70704870439275069 ) ) ;
#1550 = CARTESIAN_POINT ( 'NONE',  ( -2.725130255699918624, -10.41135687575563828, 10.57038442952899970 ) ) ;
#1551 = DIRECTION ( 'NONE',  ( 0.000000000000000000, 0.000000000000000000, 1.000000000000000000 ) ) ;
#1552 = VECTOR ( 'NONE', #983, 1000.000000000000000 ) ;
#1553 = DIRECTION ( 'NONE',  ( -0.000000000000000000, 0.000000000000000000, 1.000000000000000000 ) ) ;
#1554 = CONICAL_SURFACE ( 'NONE', #203, 10.90470618302278716, 0.4549240965120655011 ) ;
#1555 = ORIENTED_EDGE ( 'NONE', *, *, #230, .T. ) ;
#1556 = DIRECTION ( 'NONE',  ( -0.5393187812436203155, 0.000000000000000000, 0.8421016875638570598 ) ) ;
#1557 = EDGE_CURVE ( 'NONE', #1599, #595, #30, .T. ) ;
#1558 = AXIS2_PLACEMENT_3D ( 'NONE', #179, #1548, #1386 ) ;
#1559 = DIRECTION ( 'NONE',  ( 0.000000000000000000, 0.000000000000000000, -1.000000000000000000 ) ) ;
#1560 = CARTESIAN_POINT ( 'NONE',  ( -3.144709185409101604, -1.518832930326578401, 25.30130864409838054 ) ) ;
#1561 = ORIENTED_EDGE ( 'NONE', *, *, #1557, .F. ) ;
#1562 = DIRECTION ( 'NONE',  ( -0.000000000000000000, 1.000000000000000000, -0.000000000000000000 ) ) ;
#1563 = LINE ( 'NONE', #381, #1520 ) ;
#1564 = LINE ( 'NONE', #205, #1659 ) ;
#1565 = CARTESIAN_POINT ( 'NONE',  ( 1.623412631222493907, 4.176753004978734474, 7.720804637807424875 ) ) ;
#1566 = VERTEX_POINT ( 'NONE', #811 ) ;
#1567 = CARTESIAN_POINT ( 'NONE',  ( -5.974272815895298905, -7.008075253341234045, 10.57038442952899793 ) ) ;
#1568 = EDGE_CURVE ( 'NONE', #1487, #98, #209, .T. ) ;
#1569 = DIRECTION ( 'NONE',  ( -0.000000000000000000, 1.000000000000000000, -0.000000000000000000 ) ) ;
#1570 = EDGE_LOOP ( 'NONE', ( #344, #1457, #898, #947, #1314 ) ) ;
#1571 = CARTESIAN_POINT ( 'NONE',  ( -8.862801844739390589, -4.189026824927990944, 23.17769174880852034 ) ) ;
#1572 = CLOSED_SHELL ( 'NONE', ( #2019, #259, #273, #199, #16, #2050, #1997, #552, #1723, #1919, #1534, #291, #2061, #1461, #789, #1834, #1284, #2180, #1269, #2023, #1896, #1680, #1849, #1809, #264, #1295, #232, #949, #874, #1082, #210, #2011, #752, #511, #1455, #1814, #1090, #1771, #1740, #1355, #1019, #1529, #1703, #81, #185, #891, #1249, #2105, #1617, #464, #298, #855, #2164, #731, #1198, #966, #711, #1521, #1473, #779, #316, #1321, #524, #1035, #926, #1826, #815, #1121 ) ) ;
#1573 = CARTESIAN_POINT ( 'NONE',  ( -5.974272815895298905, -9.973502504325223228, 7.320384916974347789 ) ) ;
#1574 = DIRECTION ( 'NONE',  ( 0.000000000000000000, 0.000000000000000000, 1.000000000000000000 ) ) ;
#1575 = ORIENTED_EDGE ( 'NONE', *, *, #1651, .T. ) ;
#1576 = DIRECTION ( 'NONE',  ( 0.000000000000000000, 0.000000000000000000, 1.000000000000000000 ) ) ;
#1577 = B_SPLINE_CURVE_WITH_KNOTS ( 'NONE', 3,
 ( #541, #1540, #1218, #87, #739, #1934, #572, #403, #1765, #2132, #1113, #602, #959, #1943, #413, #236 ),
 .UNSPECIFIED., .F., .F.,
 ( 4, 2, 2, 2, 2, 2, 2, 4 ),
 ( 0.01481397897707239890, 0.01543087848425080469, 0.01604777799142920874, 0.01666467749860761627, 0.01728157700578602379, 0.01851537602014283884, 0.01913227552732124637, 0.01974917503449965389 ),
 .UNSPECIFIED. ) ;
#1578 = EDGE_CURVE ( 'NONE', #98, #595, #655, .T. ) ;
#1579 = AXIS2_PLACEMENT_3D ( 'NONE', #2193, #1000, #1848 ) ;
#1580 = CARTESIAN_POINT ( 'NONE',  ( -3.602307223654689139, -0.8355656826954461769, 25.38238487229451223 ) ) ;
#1581 = EDGE_CURVE ( 'NONE', #104, #1745, #319, .T. ) ;
#1582 = ORIENTED_EDGE ( 'NONE', *, *, #1366, .F. ) ;
#1583 = CARTESIAN_POINT ( 'NONE',  ( -7.096821159247105548, -5.871279536665050536, 23.77870091397185348 ) ) ;
#1584 = CARTESIAN_POINT ( 'NONE',  ( -5.974272815895298905, -2.897585624075403654, 10.57038442952899793 ) ) ;
#1585 = CARTESIAN_POINT ( 'NONE',  ( 1.096154017440442496, 3.676753004978734030, 5.563432842935630340 ) ) ;
#1586 = CONICAL_SURFACE ( 'NONE', #1871, 8.502148855809341654, 1.133756450127838988 ) ;
#1587 = EDGE_CURVE ( 'NONE', #1588, #2051, #727, .T. ) ;
#1588 = VERTEX_POINT ( 'NONE', #1488 ) ;
#1589 = CARTESIAN_POINT ( 'NONE',  ( 0.8500151953250582038, 3.676753004978734030, 8.819843099345886728 ) ) ;
#1590 = CIRCLE ( 'NONE', #128, 11.25415996464415258 ) ;
#1591 = VECTOR ( 'NONE', #2036, 1000.000000000000000 ) ;
#1592 = MECHANICAL_CONTEXT ( 'NONE', #1010, 'mechanical' ) ;
#1593 = EDGE_LOOP ( 'NONE', ( #334, #1362, #156, #1438, #793 ) ) ;
#1594 = CARTESIAN_POINT ( 'NONE',  ( -8.968259139834158233, -1.928531326411025093, 22.01318123815814687 ) ) ;
#1595 = CC_DESIGN_PERSON_AND_ORGANIZATION_ASSIGNMENT ( #1316, #803, ( #1510 ) ) ;
#1596 = EDGE_CURVE ( 'NONE', #1701, #889, #1434, .T. ) ;
#1597 = DIRECTION ( 'NONE',  ( 1.000000000000000000, 0.000000000000000000, 0.000000000000000000 ) ) ;
#1598 = AXIS2_PLACEMENT_3D ( 'NONE', #809, #1332, #1823 ) ;
#1599 = VERTEX_POINT ( 'NONE', #1335 ) ;
#1600 = CARTESIAN_POINT ( 'NONE',  ( 1.257066477376340030, 3.676753004978734030, 7.720804637807424875 ) ) ;
#1601 = EDGE_LOOP ( 'NONE', ( #903, #143 ) ) ;
#1602 = COORDINATED_UNIVERSAL_TIME_OFFSET ( 8, 0, .BEHIND. ) ;
#1603 = ORIENTED_EDGE ( 'NONE', *, *, #1696, .T. ) ;
#1604 = CARTESIAN_POINT ( 'NONE',  ( -5.974272815895298905, 17.86190247149750121, 11.32038442952899793 ) ) ;
#1605 = EDGE_CURVE ( 'NONE', #882, #1288, #1392, .T. ) ;
#1606 = VECTOR ( 'NONE', #1597, 1000.000000000000000 ) ;
#1607 = VERTEX_POINT ( 'NONE', #1511 ) ;
#1608 = DIRECTION ( 'NONE',  ( 0.000000000000000000, 0.000000000000000000, 1.000000000000000000 ) ) ;
#1609 = VERTEX_POINT ( 'NONE', #1055 ) ;
#1610 = CARTESIAN_POINT ( 'NONE',  ( -5.974272815895298905, 2.991924746658767731, 10.57038442952899793 ) ) ;
#1611 = VECTOR ( 'NONE', #632, 1000.000000000000000 ) ;
#1612 = EDGE_LOOP ( 'NONE', ( #72, #1254, #1324, #1259, #621 ) ) ;
#1613 = CARTESIAN_POINT ( 'NONE',  ( -2.139903674867249972, 3.676753004978734030, 8.819843099345886728 ) ) ;
#1614 = EDGE_LOOP ( 'NONE', ( #1031, #1561, #631, #506 ) ) ;
#1615 = DIRECTION ( 'NONE',  ( -0.000000000000000000, 1.000000000000000000, -0.000000000000000000 ) ) ;
#1616 = TOROIDAL_SURFACE ( 'NONE', #1406, 1.050000000000002709, 0.2999999999999999889 ) ;
#1617 = ADVANCED_FACE ( 'NONE', ( #2073 ), #1042, .T. ) ;
#1618 = VERTEX_POINT ( 'NONE', #1682 ) ;
#1619 = DIRECTION ( 'NONE',  ( 0.000000000000000000, 0.000000000000000000, 1.000000000000000000 ) ) ;
#1620 = CIRCLE ( 'NONE', #2009, 10.00000000000000178 ) ;
#1621 = DIRECTION ( 'NONE',  ( -0.000000000000000000, 1.000000000000000000, -0.000000000000000000 ) ) ;
#1622 = EDGE_CURVE ( 'NONE', #2150, #2043, #1729, .T. ) ;
#1623 = VERTEX_POINT ( 'NONE', #666 ) ;
#1624 = CIRCLE ( 'NONE', #1018, 3.249999512554649694 ) ;
#1625 = EDGE_CURVE ( 'NONE', #1435, #1034, #1349, .T. ) ;
#1626 = CARTESIAN_POINT ( 'NONE',  ( -9.022722902960126135, -2.098733230073196232, 25.25740788923179281 ) ) ;
#1627 = CARTESIAN_POINT ( 'NONE',  ( -9.074272815895300326, -10.82324699502126464, 10.57038442952899793 ) ) ;
#1628 = ORIENTED_EDGE ( 'NONE', *, *, #1253, .F. ) ;
#1629 = VECTOR ( 'NONE', #13, 1000.000000000000000 ) ;
#1630 = EDGE_LOOP ( 'NONE', ( #1818, #1907, #2060, #1675, #447, #647, #1931, #493, #1320, #2097 ) ) ;
#1631 = CARTESIAN_POINT ( 'NONE',  ( -2.205413490572377455, 3.676753004978734030, 8.078882562486912278 ) ) ;
#1632 = PERSON_AND_ORGANIZATION ( #213, #1694 ) ;
#1633 = ORIENTED_EDGE ( 'NONE', *, *, #44, .F. ) ;
#1634 = VECTOR ( 'NONE', #507, 999.9999999999998863 ) ;
#1635 = B_SPLINE_CURVE_WITH_KNOTS ( 'NONE', 3,
 ( #1256, #580, #1583, #1908 ),
 .UNSPECIFIED., .F., .F.,
 ( 4, 4 ),
 ( 8.673617379884037398E-19, 0.0007129471632177120403 ),
 .UNSPECIFIED. ) ;
#1636 = DIRECTION ( 'NONE',  ( -0.000000000000000000, 1.000000000000000000, -0.000000000000000000 ) ) ;
#1637 = EDGE_LOOP ( 'NONE', ( #410, #720, #271, #764, #46 ) ) ;
#1638 = CARTESIAN_POINT ( 'NONE',  ( -5.974272815895298905, 1.878551936718444892, 19.45630414140444131 ) ) ;
#1639 = CARTESIAN_POINT ( 'NONE',  ( -3.627548907239044773, 4.176753004978734474, 5.644843099345886905 ) ) ;
#1640 = ORIENTED_EDGE ( 'NONE', *, *, #351, .T. ) ;
#1641 = ORIENTED_EDGE ( 'NONE', *, *, #361, .T. ) ;
#1642 = DIRECTION ( 'NONE',  ( -0.9232980433277316878, 0.000000000000000000, 0.3840842657375881375 ) ) ;
#1643 = APPROVAL_DATE_TIME ( #623, #340 ) ;
#1644 = ORIENTED_EDGE ( 'NONE', *, *, #976, .F. ) ;
#1645 = CARTESIAN_POINT ( 'NONE',  ( -5.974272815895298905, 4.176753004978734474, 10.57038442952899793 ) ) ;
#1646 = DIRECTION ( 'NONE',  ( 0.000000000000000000, 0.000000000000000000, 1.000000000000000000 ) ) ;
#1647 = EDGE_CURVE ( 'NONE', #67, #1698, #1653, .T. ) ;
#1648 = DIRECTION ( 'NONE',  ( 0.000000000000000000, 0.000000000000000000, 1.000000000000000000 ) ) ;
#1649 = FACE_OUTER_BOUND ( 'NONE', #970, .T. ) ;
#1650 = ORIENTED_EDGE ( 'NONE', *, *, #78, .F. ) ;
#1651 = EDGE_CURVE ( 'NONE', #177, #1435, #386, .T. ) ;
#1652 = EDGE_LOOP ( 'NONE', ( #1243, #771, #751, #854 ) ) ;
#1653 = CIRCLE ( 'NONE', #1939, 1.050000000000005818 ) ;
#1654 = CARTESIAN_POINT ( 'NONE',  ( -5.974272815895298905, -1.776728305938279906, 10.57038442952899793 ) ) ;
#1655 = VERTEX_POINT ( 'NONE', #1589 ) ;
#1656 = DIRECTION ( 'NONE',  ( 0.000000000000000000, 0.000000000000000000, 1.000000000000000000 ) ) ;
#1657 = DIRECTION ( 'NONE',  ( 1.000000000000000000, 0.000000000000000000, 1.224646799147353207E-16 ) ) ;
#1658 = ORIENTED_EDGE ( 'NONE', *, *, #968, .T. ) ;
#1659 = VECTOR ( 'NONE', #337, 1000.000000000000000 ) ;
#1660 = FACE_BOUND ( 'NONE', #573, .T. ) ;
#1661 = ORIENTED_EDGE ( 'NONE', *, *, #1149, .F. ) ;
#1662 = VECTOR ( 'NONE', #2117, 1000.000000000000000 ) ;
#1663 = VECTOR ( 'NONE', #18, 1000.000000000000227 ) ;
#1664 = ORIENTED_EDGE ( 'NONE', *, *, #591, .F. ) ;
#1665 = CARTESIAN_POINT ( 'NONE',  ( -5.974272815895298905, 4.176753004978734474, 10.57038442952899793 ) ) ;
#1666 = EDGE_CURVE ( 'NONE', #1618, #374, #1964, .T. ) ;
#1667 = DIRECTION ( 'NONE',  ( 0.000000000000000000, 0.000000000000000000, 1.000000000000000000 ) ) ;
#1668 = EDGE_CURVE ( 'NONE', #1041, #1607, #688, .T. ) ;
#1669 = CARTESIAN_POINT ( 'NONE',  ( 0.8500151953250582038, 4.176753004978734474, 7.720804637807424875 ) ) ;
#1670 = ORIENTED_EDGE ( 'NONE', *, *, #664, .F. ) ;
#1671 = DIRECTION ( 'NONE',  ( -0.8421016875638570598, 0.000000000000000000, -0.5393187812436203155 ) ) ;
#1672 = DIRECTION ( 'NONE',  ( 0.000000000000000000, 0.000000000000000000, 1.000000000000000000 ) ) ;
#1673 = ORIENTED_EDGE ( 'NONE', *, *, #833, .F. ) ;
#1674 = DIRECTION ( 'NONE',  ( 1.000000000000000000, 0.000000000000000000, 0.000000000000000000 ) ) ;
#1675 = ORIENTED_EDGE ( 'NONE', *, *, #734, .T. ) ;
#1676 = CARTESIAN_POINT ( 'NONE',  ( -5.974272815895297128, -10.82324699502126464, -4.429615570471004737 ) ) ;
#1677 = CARTESIAN_POINT ( 'NONE',  ( -2.724273303340648766, -9.973502504325226781, 10.57038442952899970 ) ) ;
#1678 = DIRECTION ( 'NONE',  ( 1.000000000000000000, 0.000000000000000000, 1.224646799147353207E-16 ) ) ;
#1679 = AXIS2_PLACEMENT_3D ( 'NONE', #2101, #769, #1962 ) ;
#1680 = ADVANCED_FACE ( 'NONE', ( #938 ), #330, .F. ) ;
#1681 = DIRECTION ( 'NONE',  ( 0.000000000000000000, 0.000000000000000000, 1.000000000000000000 ) ) ;
#1682 = CARTESIAN_POINT ( 'NONE',  ( 1.257066477376340030, 3.676753004978734030, 7.720804637807424875 ) ) ;
#1683 = PLANE ( 'NONE',  #2057 ) ;
#1684 = ORIENTED_EDGE ( 'NONE', *, *, #2040, .T. ) ;
#1685 = DIRECTION ( 'NONE',  ( 0.000000000000000000, 0.000000000000000000, 1.000000000000000000 ) ) ;
#1686 = VERTEX_POINT ( 'NONE', #258 ) ;
#1687 = AXIS2_PLACEMENT_3D ( 'NONE', #1463, #965, #1648 ) ;
#1688 = DIRECTION ( 'NONE',  ( -0.000000000000000000, 1.000000000000000000, -0.000000000000000000 ) ) ;
#1689 = EDGE_CURVE ( 'NONE', #355, #1004, #596, .T. ) ;
#1690 = CIRCLE ( 'NONE', #1290, 10.18785444711215682 ) ;
#1691 = CARTESIAN_POINT ( 'NONE',  ( 1.623412631222493907, 3.676753004978734030, 7.720804637807424875 ) ) ;
#1692 = DIRECTION ( 'NONE',  ( 0.000000000000000000, 0.000000000000000000, 1.000000000000000000 ) ) ;
#1693 = CARTESIAN_POINT ( 'NONE',  ( -5.974272815895298905, -5.997585624075401967, 21.82454439417315228 ) ) ;
#1694 = ORGANIZATION ( 'UNSPECIFIED', 'UNSPECIFIED', '' ) ;
#1695 = CC_DESIGN_PERSON_AND_ORGANIZATION_ASSIGNMENT ( #1483, #960, ( #2028 ) ) ;
#1696 = EDGE_CURVE ( 'NONE', #131, #1516, #1081, .T. ) ;
#1697 = DIRECTION ( 'NONE',  ( 0.000000000000000000, 0.000000000000000000, 1.000000000000000000 ) ) ;
#1698 = VERTEX_POINT ( 'NONE', #742 ) ;
#1699 = AXIS2_PLACEMENT_3D ( 'NONE', #972, #613, #1508 ) ;
#1700 = CARTESIAN_POINT ( 'NONE',  ( -5.974272815895298905, 0.2315377819204979815, 21.32845125532431751 ) ) ;
#1701 = VERTEX_POINT ( 'NONE', #59 ) ;
#1702 = DIRECTION ( 'NONE',  ( 0.000000000000000000, 0.000000000000000000, 1.000000000000000000 ) ) ;
#1703 = ADVANCED_FACE ( 'NONE', ( #2122 ), #404, .F. ) ;
#1704 = CARTESIAN_POINT ( 'NONE',  ( -9.074272815895302102, -10.82324699502126464, 16.77038442952899899 ) ) ;
#1705 = DIRECTION ( 'NONE',  ( -0.000000000000000000, 1.000000000000000000, -0.000000000000000000 ) ) ;
#1706 = AXIS2_PLACEMENT_3D ( 'NONE', #1388, #549, #2068 ) ;
#1707 = CARTESIAN_POINT ( 'NONE',  ( -8.477680900596896052, -4.841570054961408687, 25.36046956126993024 ) ) ;
#1708 = CARTESIAN_POINT ( 'NONE',  ( -5.974272815895297128, 17.86190247149750121, -4.429615570471004737 ) ) ;
#1709 = AXIS2_PLACEMENT_3D ( 'NONE', #2158, #1657, #125 ) ;
#1710 = CARTESIAN_POINT ( 'NONE',  ( -5.563288563728284508, 0.2115452325476996354, 25.56614593991848139 ) ) ;
#1711 = VERTEX_POINT ( 'NONE', #763 ) ;
#1712 = DIRECTION ( 'NONE',  ( 0.000000000000000000, 0.000000000000000000, 1.000000000000000000 ) ) ;
#1713 = CARTESIAN_POINT ( 'NONE',  ( -5.974272815895298905, -7.008075253341234045, 14.83993902175234680 ) ) ;
#1714 = FACE_OUTER_BOUND ( 'NONE', #1432, .T. ) ;
#1715 = CARTESIAN_POINT ( 'NONE',  ( -4.851724472543492261, -5.871279536665052312, 23.77870091397185348 ) ) ;
#1716 = EDGE_CURVE ( 'NONE', #963, #1701, #761, .T. ) ;
#1717 = ORIENTED_EDGE ( 'NONE', *, *, #2131, .F. ) ;
#1718 = DIRECTION ( 'NONE',  ( 0.000000000000000000, 0.000000000000000000, 1.000000000000000000 ) ) ;
#1719 = CARTESIAN_POINT ( 'NONE',  ( -4.577772898866548701, -0.08748187319432655651, 25.50644801694829056 ) ) ;
#1720 = ORIENTED_EDGE ( 'NONE', *, *, #1497, .T. ) ;
#1721 = CARTESIAN_POINT ( 'NONE',  ( -5.974272815895298905, -1.776728305938279906, 10.57038442952899793 ) ) ;
#1722 = CYLINDRICAL_SURFACE ( 'NONE', #141, 3.149999999999999911 ) ;
#1723 = ADVANCED_FACE ( 'NONE', ( #418 ), #1282, .T. ) ;
#1724 = LINE ( 'NONE', #518, #1591 ) ;
#1725 = DIRECTION ( 'NONE',  ( 0.000000000000000000, 0.000000000000000000, 1.000000000000000000 ) ) ;
#1726 = CARTESIAN_POINT ( 'NONE',  ( -5.974272815895298905, -7.523246995021263928, 9.070384429528994374 ) ) ;
#1727 = ORIENTED_EDGE ( 'NONE', *, *, #2205, .T. ) ;
#1728 = CARTESIAN_POINT ( 'NONE',  ( -5.974272815895298905, -7.823246995021265526, 10.57038442952899793 ) ) ;
#1729 = CIRCLE ( 'NONE', #115, 13.25415996464415080 ) ;
#1730 = CARTESIAN_POINT ( 'NONE',  ( -5.974272815895298905, 2.991924746658767731, 10.57038442952899793 ) ) ;
#1731 = ORIENTED_EDGE ( 'NONE', *, *, #568, .T. ) ;
#1732 = CARTESIAN_POINT ( 'NONE',  ( -8.023320100256364995, -5.320088616879550258, 23.64262490030882446 ) ) ;
#1733 = CARTESIAN_POINT ( 'NONE',  ( -0.6153694200595576369, 3.676753004978734030, 8.087150791653579418 ) ) ;
#1734 = CARTESIAN_POINT ( 'NONE',  ( -5.974272815895298905, -9.973502504325223228, 10.57038442952899793 ) ) ;
#1735 = AXIS2_PLACEMENT_3D ( 'NONE', #794, #829, #292 ) ;
#1736 = PLANE ( 'NONE',  #2176 ) ;
#1737 = AXIS2_PLACEMENT_3D ( 'NONE', #263, #85, #1793 ) ;
#1738 = ORIENTED_EDGE ( 'NONE', *, *, #124, .F. ) ;
#1739 = DIRECTION ( 'NONE',  ( 0.000000000000000000, 0.000000000000000000, 1.000000000000000000 ) ) ;
#1740 = ADVANCED_FACE ( 'NONE', ( #1439 ), #406, .T. ) ;
#1741 = CIRCLE ( 'NONE', #883, 0.7500000000000024425 ) ;
#1742 = CARTESIAN_POINT ( 'NONE',  ( -6.197026531931088655, -6.068462218079503145, 23.82328812672677287 ) ) ;
#1743 = AXIS2_PLACEMENT_3D ( 'NONE', #1665, #1688, #121 ) ;
#1744 =( LENGTH_UNIT ( ) NAMED_UNIT ( * ) SI_UNIT ( .MILLI., .METRE. ) );
#1745 = VERTEX_POINT ( 'NONE', #1086 ) ;
#1746 = CARTESIAN_POINT ( 'NONE',  ( -7.506390073162585885, -5.679078763512646510, 23.73713672044384637 ) ) ;
#1747 = LINE ( 'NONE', #1924, #345 ) ;
#1748 = EDGE_CURVE ( 'NONE', #1618, #660, #1273, .T. ) ;
#1749 = DIRECTION ( 'NONE',  ( 8.673617379884035472E-17, 0.000000000000000000, -1.000000000000000000 ) ) ;
#1750 = VERTEX_POINT ( 'NONE', #1106 ) ;
#1751 = CARTESIAN_POINT ( 'NONE',  ( -5.974272815895298905, -5.997585624075401967, 10.57038442952899793 ) ) ;
#1752 = EDGE_CURVE ( 'NONE', #2121, #521, #472, .T. ) ;
#1753 = EDGE_LOOP ( 'NONE', ( #858, #930, #1002, #810, #1514 ) ) ;
#1754 = CARTESIAN_POINT ( 'NONE',  ( -8.180098246062192047, -5.176586031332810478, 23.59871309631411762 ) ) ;
#1755 = EDGE_CURVE ( 'NONE', #1034, #109, #733, .T. ) ;
#1756 = LINE ( 'NONE', #1418, #96 ) ;
#1757 = DIRECTION ( 'NONE',  ( -1.000000000000000000, 0.000000000000000000, 0.000000000000000000 ) ) ;
#1758 = ORIENTED_EDGE ( 'NONE', *, *, #280, .F. ) ;
#1759 = FACE_OUTER_BOUND ( 'NONE', #1570, .T. ) ;
#1760 = AXIS2_PLACEMENT_3D ( 'NONE', #2001, #1220, #1154 ) ;
#1761 = LINE ( 'NONE', #1930, #2086 ) ;
#1762 = ORIENTED_EDGE ( 'NONE', *, *, #2085, .T. ) ;
#1763 = CARTESIAN_POINT ( 'NONE',  ( -9.124272815895329458, -2.918462218079505899, 22.47280578293311848 ) ) ;
#1764 = CARTESIAN_POINT ( 'NONE',  ( 0.8500151953250582038, 3.676753004978734030, 8.087150791653579418 ) ) ;
#1765 = CARTESIAN_POINT ( 'NONE',  ( -3.601380093018599737, -5.000224659716401732, 25.38222977041889550 ) ) ;
#1766 = AXIS2_PLACEMENT_3D ( 'NONE', #311, #991, #1361 ) ;
#1767 = ORIENTED_EDGE ( 'NONE', *, *, #1755, .F. ) ;
#1768 = CARTESIAN_POINT ( 'NONE',  ( -5.974272815895298905, -7.523246995021264816, 10.57038442952899793 ) ) ;
#1769 = CIRCLE ( 'NONE', #1093, 4.269554592223314238 ) ;
#1770 = CARTESIAN_POINT ( 'NONE',  ( -5.974272815895298905, 17.86190247149750121, 12.07038442952899970 ) ) ;
#1771 = ADVANCED_FACE ( 'NONE', ( #772 ), #50, .T. ) ;
#1772 = DIRECTION ( 'NONE',  ( 8.673617379884034239E-17, 0.000000000000000000, -1.000000000000000000 ) ) ;
#1773 = ORIENTED_EDGE ( 'NONE', *, *, #1420, .T. ) ;
#1774 = DIRECTION ( 'NONE',  ( 0.000000000000000000, 0.000000000000000000, 1.000000000000000000 ) ) ;
#1775 = CARTESIAN_POINT ( 'NONE',  ( -5.974272815895298905, 4.176753004978734474, 11.32038442952899793 ) ) ;
#1776 = VECTOR ( 'NONE', #317, 1000.000000000000000 ) ;
#1777 = ORIENTED_EDGE ( 'NONE', *, *, #1231, .T. ) ;
#1778 = EDGE_CURVE ( 'NONE', #1833, #788, #2093, .T. ) ;
#1779 = DIRECTION ( 'NONE',  ( -0.000000000000000000, 1.000000000000000000, -0.000000000000000000 ) ) ;
#1780 = ORIENTED_EDGE ( 'NONE', *, *, #1046, .T. ) ;
#1781 = CARTESIAN_POINT ( 'NONE',  ( -2.205413490572377455, 3.676753004978734030, 8.078882562486912278 ) ) ;
#1782 = ORIENTED_EDGE ( 'NONE', *, *, #976, .T. ) ;
#1783 = TOROIDAL_SURFACE ( 'NONE', #1211, 4.331990875344410519, 1.457809102190855688 ) ;
#1784 = DIRECTION ( 'NONE',  ( -0.000000000000000000, 1.000000000000000000, -0.000000000000000000 ) ) ;
#1785 = CIRCLE ( 'NONE', #715, 13.25415996464415080 ) ;
#1786 = ORIENTED_EDGE ( 'NONE', *, *, #212, .T. ) ;
#1787 = CARTESIAN_POINT ( 'NONE',  ( 1.257066477376340030, 4.176753004978734474, 8.819843099345886728 ) ) ;
#1788 = DIRECTION ( 'NONE',  ( 0.000000000000000000, 0.000000000000000000, 1.000000000000000000 ) ) ;
#1789 = B_SPLINE_CURVE_WITH_KNOTS ( 'NONE', 3,
 ( #57, #1715, #48, #1911 ),
 .UNSPECIFIED., .F., .F.,
 ( 4, 4 ),
 ( 0.000000000000000000, 0.0007129471632177118235 ),
 .UNSPECIFIED. ) ;
#1790 = CIRCLE ( 'NONE', #1043, 1.500000000000001332 ) ;
#1791 = ORIENTED_EDGE ( 'NONE', *, *, #49, .F. ) ;
#1792 = CARTESIAN_POINT ( 'NONE',  ( -5.974272815895298905, 1.862577247996759278, 10.57038442952899793 ) ) ;
#1793 = DIRECTION ( 'NONE',  ( 0.000000000000000000, 0.000000000000000000, 1.000000000000000000 ) ) ;
#1794 = ORIENTED_EDGE ( 'NONE', *, *, #619, .F. ) ;
#1795 = LINE ( 'NONE', #2142, #145 ) ;
#1796 = AXIS2_PLACEMENT_3D ( 'NONE', #847, #354, #515 ) ;
#1797 = DIRECTION ( 'NONE',  ( 0.000000000000000000, 0.000000000000000000, 1.000000000000000000 ) ) ;
#1798 = VERTEX_POINT ( 'NONE', #1244 ) ;
#1799 = ADVANCED_BREP_SHAPE_REPRESENTATION ( 'Nozzel 4', ( #906, #2189 ), #443 ) ;
#1800 = DIRECTION ( 'NONE',  ( -0.000000000000000000, 1.000000000000000000, -0.000000000000000000 ) ) ;
#1801 = LINE ( 'NONE', #276, #880 ) ;
#1802 = AXIS2_PLACEMENT_3D ( 'NONE', #692, #1876, #871 ) ;
#1803 = ORIENTED_EDGE ( 'NONE', *, *, #734, .F. ) ;
#1804 = ORIENTED_EDGE ( 'NONE', *, *, #1596, .T. ) ;
#1805 = CARTESIAN_POINT ( 'NONE',  ( 0.8500151953250582038, 4.176753004978734474, 8.087150791653579418 ) ) ;
#1806 = PERSON_AND_ORGANIZATION ( #213, #1694 ) ;
#1807 = ORIENTED_EDGE ( 'NONE', *, *, #664, .T. ) ;
#1808 = CIRCLE ( 'NONE', #1743, 0.7500000000000006661 ) ;
#1809 = ADVANCED_FACE ( 'NONE', ( #1759 ), #441, .F. ) ;
#1810 = CYLINDRICAL_SURFACE ( 'NONE', #767, 15.00000000000000355 ) ;
#1811 = CC_DESIGN_APPROVAL ( #1857, ( #2028 ) ) ;
#1812 = CIRCLE ( 'NONE', #1709, 0.2999999999999999334 ) ;
#1813 = CARTESIAN_POINT ( 'NONE',  ( -3.217953554674942040, 4.176753004978734474, 5.644843099345886905 ) ) ;
#1814 = ADVANCED_FACE ( 'NONE', ( #2111 ), #1616, .T. ) ;
#1815 = CARTESIAN_POINT ( 'NONE',  ( -9.103560881440754926, -2.503059100688466376, 25.24039677587760266 ) ) ;
#1816 = DIRECTION ( 'NONE',  ( 0.000000000000000000, 0.9755503749765150889, 0.2197759447327687354 ) ) ;
#1817 = ORIENTED_EDGE ( 'NONE', *, *, #102, .F. ) ;
#1818 = ORIENTED_EDGE ( 'NONE', *, *, #740, .T. ) ;
#1819 = FACE_OUTER_BOUND ( 'NONE', #478, .T. ) ;
#1820 = APPROVAL_DATE_TIME ( #2153, #1857 ) ;
#1821 = EDGE_CURVE ( 'NONE', #310, #1351, #1690, .T. ) ;
#1822 = FACE_BOUND ( 'NONE', #1630, .T. ) ;
#1823 = DIRECTION ( 'NONE',  ( 0.000000000000000000, 0.000000000000000000, 1.000000000000000000 ) ) ;
#1824 = VERTEX_POINT ( 'NONE', #2144 ) ;
#1825 = CARTESIAN_POINT ( 'NONE',  ( 1.623412631222493907, 3.676753004978734030, 7.720804637807424875 ) ) ;
#1826 = ADVANCED_FACE ( 'NONE', ( #1494 ), #1976, .T. ) ;
#1827 = ORIENTED_EDGE ( 'NONE', *, *, #1175, .T. ) ;
#1828 = ORIENTED_EDGE ( 'NONE', *, *, #107, .F. ) ;
#1829 = VECTOR ( 'NONE', #1233, 1000.000000000000000 ) ;
#1830 = CARTESIAN_POINT ( 'NONE',  ( -5.974272815895298905, -7.523246995021264816, 11.77038442952900077 ) ) ;
#1831 = DIRECTION ( 'NONE',  ( 0.000000000000000000, 0.000000000000000000, 1.000000000000000000 ) ) ;
#1832 = CARTESIAN_POINT ( 'NONE',  ( -5.974272815895298905, -7.823246995021265526, 9.520384429528993664 ) ) ;
#1833 = VERTEX_POINT ( 'NONE', #626 ) ;
#1834 = ADVANCED_FACE ( 'NONE', ( #806 ), #2147, .F. ) ;
#1835 = AXIS2_PLACEMENT_3D ( 'NONE', #103, #1484, #1667 ) ;
#1836 = CARTESIAN_POINT ( 'NONE',  ( -5.974272815895298905, 2.011294265750470434, 10.57038442952899793 ) ) ;
#1837 = DIRECTION ( 'NONE',  ( 2.168404344971008868E-16, 0.000000000000000000, -1.000000000000000000 ) ) ;
#1838 = ORIENTED_EDGE ( 'NONE', *, *, #1568, .F. ) ;
#1839 = VECTOR ( 'NONE', #1155, 1000.000000000000000 ) ;
#1840 = CARTESIAN_POINT ( 'NONE',  ( -3.217953554674942040, 3.676753004978734030, 5.644843099345886905 ) ) ;
#1841 = ORIENTED_EDGE ( 'NONE', *, *, #1348, .T. ) ;
#1842 = PLANE ( 'NONE',  #672 ) ;
#1843 = VECTOR ( 'NONE', #360, 1000.000000000000000 ) ;
#1844 = DIRECTION ( 'NONE',  ( -0.000000000000000000, 1.000000000000000000, -0.000000000000000000 ) ) ;
#1845 = FACE_OUTER_BOUND ( 'NONE', #1391, .T. ) ;
#1846 = CARTESIAN_POINT ( 'NONE',  ( -9.106854845652545549, -3.297613591144995304, 22.66920647161780877 ) ) ;
#1847 = ORIENTED_EDGE ( 'NONE', *, *, #244, .F. ) ;
#1848 = DIRECTION ( 'NONE',  ( 1.000000000000000000, 0.000000000000000000, 0.000000000000000000 ) ) ;
#1849 = ADVANCED_FACE ( 'NONE', ( #1845 ), #1810, .T. ) ;
#1850 = CARTESIAN_POINT ( 'NONE',  ( -5.974272815895298905, -10.82324699502126464, 10.57038442952899793 ) ) ;
#1851 = ORIENTED_EDGE ( 'NONE', *, *, #78, .T. ) ;
#1852 = FACE_OUTER_BOUND ( 'NONE', #91, .T. ) ;
#1853 = ORIENTED_EDGE ( 'NONE', *, *, #1935, .F. ) ;
#1854 = DIRECTION ( 'NONE',  ( -1.000000000000000000, 0.000000000000000000, 0.000000000000000000 ) ) ;
#1855 = DIRECTION ( 'NONE',  ( 0.000000000000000000, 0.000000000000000000, 1.000000000000000000 ) ) ;
#1856 = CARTESIAN_POINT ( 'NONE',  ( 1.623412631222493907, 3.676753004978734030, 8.087150791653579418 ) ) ;
#1857 = APPROVAL ( #414, 'UNSPECIFIED' ) ;
#1858 = EDGE_CURVE ( 'NONE', #304, #1071, #235, .T. ) ;
#1859 = CARTESIAN_POINT ( 'NONE',  ( -6.388280640925244391, -6.047906671900722841, 25.56602959485161364 ) ) ;
#1860 = DIRECTION ( 'NONE',  ( -0.000000000000000000, 1.000000000000000000, -0.000000000000000000 ) ) ;
#1861 = EDGE_CURVE ( 'NONE', #1280, #1609, #484, .T. ) ;
#1862 = ORIENTED_EDGE ( 'NONE', *, *, #1023, .T. ) ;
#1863 = CARTESIAN_POINT ( 'NONE',  ( -5.102999004583484322, 0.1165638939485663661, 21.36101148083019297 ) ) ;
#1864 = EDGE_LOOP ( 'NONE', ( #1945, #2179, #2118, #458 ) ) ;
#1865 = FACE_OUTER_BOUND ( 'NONE', #680, .T. ) ;
#1866 = AXIS2_PLACEMENT_3D ( 'NONE', #451, #639, #1317 ) ;
#1867 = CARTESIAN_POINT ( 'NONE',  ( -2.724273303340652319, -9.973502504325225004, 17.07038345463829643 ) ) ;
#1868 = CARTESIAN_POINT ( 'NONE',  ( -3.168147262215509130, -4.363171310661916102, 23.26731920953676536 ) ) ;
#1869 = DIRECTION ( 'NONE',  ( 0.000000000000000000, 0.000000000000000000, 1.000000000000000000 ) ) ;
#1870 = CARTESIAN_POINT ( 'NONE',  ( -2.724273303340648322, -9.973502504325223228, 10.57038442952899793 ) ) ;
#1871 = AXIS2_PLACEMENT_3D ( 'NONE', #550, #1401, #382 ) ;
#1872 = LINE ( 'NONE', #824, #2156 ) ;
#1873 = ORIENTED_EDGE ( 'NONE', *, *, #394, .F. ) ;
#1874 = DIRECTION ( 'NONE',  ( -1.000000000000000000, 0.000000000000000000, 0.000000000000000000 ) ) ;
#1875 = VECTOR ( 'NONE', #687, 1000.000000000000114 ) ;
#1876 = DIRECTION ( 'NONE',  ( -0.000000000000000000, 1.000000000000000000, -0.000000000000000000 ) ) ;
#1877 = CARTESIAN_POINT ( 'NONE',  ( -9.224272328449950820, -9.973502504325225004, 4.070385404419696762 ) ) ;
#1878 = DIRECTION ( 'NONE',  ( -0.000000000000000000, 1.000000000000000000, -0.000000000000000000 ) ) ;
#1879 = CIRCLE ( 'NONE', #2198, 5.413981750688821926 ) ;
#1880 = ORIENTED_EDGE ( 'NONE', *, *, #1689, .T. ) ;
#1881 = CARTESIAN_POINT ( 'NONE',  ( 1.257066477376340030, 4.176753004978734474, 7.720804637807424875 ) ) ;
#1882 = EDGE_CURVE ( 'NONE', #1435, #355, #301, .T. ) ;
#1883 = AXIS2_PLACEMENT_3D ( 'NONE', #2146, #919, #1294 ) ;
#1884 = CARTESIAN_POINT ( 'NONE',  ( -5.754496266766748747, 0.2315377819204980647, 21.32845125532431751 ) ) ;
#1885 = ORIENTED_EDGE ( 'NONE', *, *, #244, .T. ) ;
#1886 = LINE ( 'NONE', #346, #597 ) ;
#1887 = CARTESIAN_POINT ( 'NONE',  ( 0.04227280750454531777, 3.676753004978734030, 7.720804637807424875 ) ) ;
#1888 = CARTESIAN_POINT ( 'NONE',  ( -4.442122060041133302, -5.679063043439477099, 23.73713332091479700 ) ) ;
#1889 = DIRECTION ( 'NONE',  ( 0.000000000000000000, 0.000000000000000000, 1.000000000000000000 ) ) ;
#1890 = ORIENTED_EDGE ( 'NONE', *, *, #293, .T. ) ;
#1891 = CARTESIAN_POINT ( 'NONE',  ( 0.8500151953250582038, 3.676753004978734030, 8.087150791653579418 ) ) ;
#1892 = TOROIDAL_SURFACE ( 'NONE', #1679, 9.254159964644152581, 4.000000000000000000 ) ;
#1893 = CARTESIAN_POINT ( 'NONE',  ( -5.528696195382067025, -6.044817867246830012, 23.81886531724333267 ) ) ;
#1894 = CARTESIAN_POINT ( 'NONE',  ( -3.469615809682459417, -0.9972000962333070762, 25.36024897145988888 ) ) ;
#1895 = ORIENTED_EDGE ( 'NONE', *, *, #1293, .T. ) ;
#1896 = ADVANCED_FACE ( 'NONE', ( #1128, #2010, #1822, #284 ), #2177, .T. ) ;
#1897 = DIRECTION ( 'NONE',  ( 0.000000000000000000, 0.000000000000000000, 1.000000000000000000 ) ) ;
#1898 = AXIS2_PLACEMENT_3D ( 'NONE', #1959, #432, #252 ) ;
#1899 = FACE_OUTER_BOUND ( 'NONE', #912, .T. ) ;
#1900 = DIRECTION ( 'NONE',  ( 0.000000000000000000, 0.000000000000000000, 1.000000000000000000 ) ) ;
#1901 = CARTESIAN_POINT ( 'NONE',  ( -3.627548907239044773, 4.176753004978734474, 5.644843099345886905 ) ) ;
#1902 = EDGE_CURVE ( 'NONE', #1156, #1313, #55, .T. ) ;
#1903 = ORIENTED_EDGE ( 'NONE', *, *, #1755, .T. ) ;
#1904 = DIRECTION ( 'NONE',  ( 0.000000000000000000, 0.000000000000000000, 1.000000000000000000 ) ) ;
#1905 = AXIS2_PLACEMENT_3D ( 'NONE', #231, #723, #1213 ) ;
#1906 = DIRECTION ( 'NONE',  ( -1.000000000000000000, 0.000000000000000000, 0.000000000000000000 ) ) ;
#1907 = ORIENTED_EDGE ( 'NONE', *, *, #1965, .T. ) ;
#1908 = CARTESIAN_POINT ( 'NONE',  ( -7.312468640927257901, -5.770081395646352362, 23.75681640721890275 ) ) ;
#1909 = PLANE ( 'NONE',  #1706 ) ;
#1910 = FACE_OUTER_BOUND ( 'NONE', #1652, .T. ) ;
#1911 = CARTESIAN_POINT ( 'NONE',  ( -5.309818866664643089, -5.997585624075401967, 23.80787880413507906 ) ) ;
#1912 = EDGE_CURVE ( 'NONE', #1313, #1156, #1944, .T. ) ;
#1913 = ORIENTED_EDGE ( 'NONE', *, *, #160, .F. ) ;
#1914 = CARTESIAN_POINT ( 'NONE',  ( -5.974272815895298905, -5.770081395646352362, 10.57038442952899793 ) ) ;
#1915 = VECTOR ( 'NONE', #1518, 1000.000000000000000 ) ;
#1916 = AXIS2_PLACEMENT_3D ( 'NONE', #908, #896, #372 ) ;
#1917 = EDGE_CURVE ( 'NONE', #889, #1701, #162, .T. ) ;
#1918 = AXIS2_PLACEMENT_3D ( 'NONE', #1733, #571, #204 ) ;
#1919 = ADVANCED_FACE ( 'NONE', ( #134 ), #2120, .T. ) ;
#1920 = APPROVAL_ROLE ( '' ) ;
#1921 = ORIENTED_EDGE ( 'NONE', *, *, #280, .T. ) ;
#1922 = APPROVAL_PERSON_ORGANIZATION ( #1632, #1857, #782 ) ;
#1923 = FACE_OUTER_BOUND ( 'NONE', #114, .T. ) ;
#1924 = CARTESIAN_POINT ( 'NONE',  ( 1.623412631222493907, 3.676753004978734030, 8.087150791653579418 ) ) ;
#1925 = CARTESIAN_POINT ( 'NONE',  ( -7.054008789677150837, 0.04895197327273752286, 21.37910132131091601 ) ) ;
#1926 = VERTEX_POINT ( 'NONE', #995 ) ;
#1927 = CARTESIAN_POINT ( 'NONE',  ( -5.974272815895298905, 17.86190247149750121, 10.57038442952899793 ) ) ;
#1928 = APPLICATION_CONTEXT ( 'configuration controlled 3d designs of mechanical parts and assemblies' ) ;
#1929 = EDGE_CURVE ( 'NONE', #1701, #1351, #1056, .T. ) ;
#1930 = CARTESIAN_POINT ( 'NONE',  ( 1.257066477376340030, 3.676753004978734030, 5.563432842935630340 ) ) ;
#1931 = ORIENTED_EDGE ( 'NONE', *, *, #1568, .T. ) ;
#1932 = DIRECTION ( 'NONE',  ( 0.000000000000000000, 0.000000000000000000, 1.000000000000000000 ) ) ;
#1933 = DIRECTION ( 'NONE',  ( 0.000000000000000000, 0.000000000000000000, 1.000000000000000000 ) ) ;
#1934 = CARTESIAN_POINT ( 'NONE',  ( -3.143691653954367116, -4.315843457969926078, 25.30111001832183248 ) ) ;
#1935 = EDGE_CURVE ( 'NONE', #800, #1385, #735, .T. ) ;
#1936 = ORIENTED_EDGE ( 'NONE', *, *, #293, .F. ) ;
#1937 = CARTESIAN_POINT ( 'NONE',  ( -5.974272815895298905, 17.86190247149750121, 10.57038442952899793 ) ) ;
#1938 = VERTEX_POINT ( 'NONE', #269 ) ;
#1939 = AXIS2_PLACEMENT_3D ( 'NONE', #1728, #195, #1739 ) ;
#1940 = APPROVAL_DATE_TIME ( #578, #534 ) ;
#1941 = ORIENTED_EDGE ( 'NONE', *, *, #2095, .T. ) ;
#1942 = CARTESIAN_POINT ( 'NONE',  ( -5.974272815895297128, 1.878551936718444892, 1.684464717653554766 ) ) ;
#1943 = CARTESIAN_POINT ( 'NONE',  ( -5.559763597527280332, -6.047935612621150980, 25.56603458364875081 ) ) ;
#1944 = CIRCLE ( 'NONE', #1476, 8.502148855809341654 ) ;
#1945 = ORIENTED_EDGE ( 'NONE', *, *, #1131, .T. ) ;
#1946 = DIRECTION ( 'NONE',  ( 0.000000000000000000, 0.000000000000000000, -1.000000000000000000 ) ) ;
#1947 = CIRCLE ( 'NONE', #1030, 1.199999999999999734 ) ;
#1948 = AXIS2_PLACEMENT_3D ( 'NONE', #1329, #2008, #314 ) ;
#1949 = ORIENTED_EDGE ( 'NONE', *, *, #1513, .T. ) ;
#1950 = PLANE ( 'NONE',  #149 ) ;
#1951 = EDGE_LOOP ( 'NONE', ( #636, #33 ) ) ;
#1952 = CC_DESIGN_PERSON_AND_ORGANIZATION_ASSIGNMENT ( #921, #409, ( #510 ) ) ;
#1953 = CARTESIAN_POINT ( 'NONE',  ( -5.974272815895298905, -7.997585624075403743, 20.75823887664115475 ) ) ;
#1954 = VERTEX_POINT ( 'NONE', #181 ) ;
#1955 = DIRECTION ( 'NONE',  ( -0.000000000000000000, 1.000000000000000000, -0.000000000000000000 ) ) ;
#1956 = DATE_TIME_ROLE ( 'classification_date' ) ;
#1957 = DIRECTION ( 'NONE',  ( 1.000000000000000000, 0.000000000000000000, 0.000000000000000000 ) ) ;
#1958 = EDGE_LOOP ( 'NONE', ( #1479, #990, #932, #1462 ) ) ;
#1959 = CARTESIAN_POINT ( 'NONE',  ( -5.974272815895298905, 0.09439281700871632319, 10.57038442952899793 ) ) ;
#1960 = CARTESIAN_POINT ( 'NONE',  ( -5.974272815895298905, -7.823246995021265526, 9.370384429528998638 ) ) ;
#1961 = ORIENTED_EDGE ( 'NONE', *, *, #1622, .T. ) ;
#1962 = DIRECTION ( 'NONE',  ( 0.000000000000000000, 0.000000000000000000, 1.000000000000000000 ) ) ;
#1963 = EDGE_LOOP ( 'NONE', ( #1190, #2159, #1169, #1201 ) ) ;
#1964 = LINE ( 'NONE', #1600, #513 ) ;
#1965 = EDGE_CURVE ( 'NONE', #1326, #823, #1564, .T. ) ;
#1966 = TOROIDAL_SURFACE ( 'NONE', #1898, 4.331990875344410519, 1.457809102190855688 ) ;
#1967 = LINE ( 'NONE', #2104, #42 ) ;
#1968 = DIRECTION ( 'NONE',  ( -1.000000000000000000, 0.000000000000000000, 0.000000000000000000 ) ) ;
#1969 = DIRECTION ( 'NONE',  ( 0.000000000000000000, 0.000000000000000000, 1.000000000000000000 ) ) ;
#1970 = EDGE_CURVE ( 'NONE', #154, #2150, #1544, .T. ) ;
#1971 = VERTEX_POINT ( 'NONE', #2037 ) ;
#1972 = ORIENTED_EDGE ( 'NONE', *, *, #480, .T. ) ;
#1973 = CARTESIAN_POINT ( 'NONE',  ( -5.974272815895298905, -0.04100259277147258463, 10.57038442952899793 ) ) ;
#1974 = APPROVAL_STATUS ( 'not_yet_approved' ) ;
#1975 = CIRCLE ( 'NONE', #1796, 1.500000000000003109 ) ;
#1976 = PLANE ( 'NONE',  #1866 ) ;
#1977 = EDGE_CURVE ( 'NONE', #1351, #310, #89, .T. ) ;
#1978 = DIRECTION ( 'NONE',  ( 0.000000000000000000, 0.000000000000000000, 1.000000000000000000 ) ) ;
#1979 = CARTESIAN_POINT ( 'NONE',  ( -6.990490483459940840, 0.07022410258661419824, 25.53713941761002104 ) ) ;
#1980 = EDGE_CURVE ( 'NONE', #1268, #2197, #624, .T. ) ;
#1981 = CARTESIAN_POINT ( 'NONE',  ( -5.974272815895298905, -1.776728305938279906, 15.78293196426093203 ) ) ;
#1982 = VECTOR ( 'NONE', #1016, 1000.000000000000000 ) ;
#1983 = VERTEX_POINT ( 'NONE', #1856 ) ;
#1984 = VERTEX_POINT ( 'NONE', #1531 ) ;
#1985 = CARTESIAN_POINT ( 'NONE',  ( -5.974272815895298905, -0.04100259277147258463, 10.57038442952899793 ) ) ;
#1986 = CARTESIAN_POINT ( 'NONE',  ( -5.974272815895298905, 0.09439281700871632319, 14.90237530487340933 ) ) ;
#1987 = EDGE_CURVE ( 'NONE', #1308, #749, #982, .T. ) ;
#1988 = EDGE_CURVE ( 'NONE', #247, #101, #1217, .T. ) ;
#1989 = CARTESIAN_POINT ( 'NONE',  ( -8.057849277457021842, -5.289790606929077654, 25.42569182769342717 ) ) ;
#1990 = ORIENTED_EDGE ( 'NONE', *, *, #164, .T. ) ;
#1991 = CARTESIAN_POINT ( 'NONE',  ( -5.974272815895297128, -5.997585624075401967, -2.683775535115155098 ) ) ;
#1992 = LINE ( 'NONE', #1524, #24 ) ;
#1993 = ORIENTED_EDGE ( 'NONE', *, *, #332, .F. ) ;
#1994 = ORIENTED_EDGE ( 'NONE', *, *, #724, .F. ) ;
#1995 = FACE_BOUND ( 'NONE', #516, .T. ) ;
#1996 = CARTESIAN_POINT ( 'NONE',  ( -5.974272815895298905, -7.997585624075403743, 10.57038442952899793 ) ) ;
#1997 = ADVANCED_FACE ( 'NONE', ( #14 ), #1261, .F. ) ;
#1998 = CARTESIAN_POINT ( 'NONE',  ( -7.896377090650886998, -5.422528406945587243, 25.44772189324401523 ) ) ;
#1999 = EDGE_LOOP ( 'NONE', ( #775, #1502, #228, #1780 ) ) ;
#2000 = AXIS2_PLACEMENT_3D ( 'NONE', #1567, #1404, #1904 ) ;
#2001 = CARTESIAN_POINT ( 'NONE',  ( -5.974272815895297128, -5.997585624075401967, -0.6837755351151563188 ) ) ;
#2002 = DIRECTION ( 'NONE',  ( -0.000000000000000000, 1.000000000000000000, 0.000000000000000000 ) ) ;
#2003 = ORIENTED_EDGE ( 'NONE', *, *, #102, .T. ) ;
#2004 = CARTESIAN_POINT ( 'NONE',  ( -3.892840446969626278, -0.5452116958048909279, 25.42599674208103266 ) ) ;
#2005 = ORIENTED_EDGE ( 'NONE', *, *, #674, .F. ) ;
#2006 = VECTOR ( 'NONE', #501, 1000.000000000000000 ) ;
#2007 = CARTESIAN_POINT ( 'NONE',  ( -5.974272815895298905, 2.991924746658767731, 10.57038442952899793 ) ) ;
#2008 = DIRECTION ( 'NONE',  ( 1.000000000000000000, 0.000000000000000000, 1.224646799147353207E-16 ) ) ;
#2009 = AXIS2_PLACEMENT_3D ( 'NONE', #389, #2064, #1772 ) ;
#2010 = FACE_OUTER_BOUND ( 'NONE', #975, .T. ) ;
#2011 = ADVANCED_FACE ( 'NONE', ( #1007 ), #852, .F. ) ;
#2012 = CARTESIAN_POINT ( 'NONE',  ( -8.928180511750468895, -4.012504870066893936, 23.07352443540253617 ) ) ;
#2013 = ORIENTED_EDGE ( 'NONE', *, *, #1752, .F. ) ;
#2014 = AXIS2_PLACEMENT_3D ( 'NONE', #482, #817, #1162 ) ;
#2015 = DIRECTION ( 'NONE',  ( -0.000000000000000000, 1.000000000000000000, -0.000000000000000000 ) ) ;
#2016 = LINE ( 'NONE', #296, #808 ) ;
#2017 = VERTEX_POINT ( 'NONE', #685 ) ;
#2018 = VECTOR ( 'NONE', #2183, 1000.000000000000000 ) ;
#2019 = ADVANCED_FACE ( 'NONE', ( #1714 ), #964, .F. ) ;
#2020 = CARTESIAN_POINT ( 'NONE',  ( -4.407376177534746198, -0.1813156578680825970, 21.43202411949433284 ) ) ;
#2021 = ORIENTED_EDGE ( 'NONE', *, *, #1748, .T. ) ;
#2022 = FACE_OUTER_BOUND ( 'NONE', #2186, .T. ) ;
#2023 = ADVANCED_FACE ( 'NONE', ( #2069 ), #1296, .F. ) ;
#2024 = AXIS2_PLACEMENT_3D ( 'NONE', #1040, #1365, #1749 ) ;
#2025 = LINE ( 'NONE', #994, #1982 ) ;
#2026 = CARTESIAN_POINT ( 'NONE',  ( -9.074272815895302102, -10.82324699502126464, 10.57038442952899793 ) ) ;
#2027 = TOROIDAL_SURFACE ( 'NONE', #1063, 10.18785444711215860, 5.099999999999998757 ) ;
#2028 = SECURITY_CLASSIFICATION ( '', '', #426 ) ;
#2029 = CARTESIAN_POINT ( 'NONE',  ( -2.205413490572377455, 3.676753004978734030, 8.078882562486912278 ) ) ;
#2030 = CARTESIAN_POINT ( 'NONE',  ( -2.139903674867249972, 3.676753004978734030, 8.819843099345886728 ) ) ;
#2031 = FACE_OUTER_BOUND ( 'NONE', #757, .T. ) ;
#2032 = EDGE_LOOP ( 'NONE', ( #1114, #2083, #592, #1430 ) ) ;
#2033 = CARTESIAN_POINT ( 'NONE',  ( -3.142862812949128504, -1.505189223663776499, 21.84188550289966457 ) ) ;
#2034 = ORIENTED_EDGE ( 'NONE', *, *, #116, .T. ) ;
#2035 = CARTESIAN_POINT ( 'NONE',  ( 0.8500151953250582038, 3.676753004978734030, 6.459581681076655535 ) ) ;
#2036 = DIRECTION ( 'NONE',  ( -1.000000000000000000, 0.000000000000000000, 0.000000000000000000 ) ) ;
#2037 = CARTESIAN_POINT ( 'NONE',  ( 0.04227280750454531777, 3.676753004978734030, 7.720804637807424875 ) ) ;
#2038 = CARTESIAN_POINT ( 'NONE',  ( -7.554320251159931665, -5.651278059582490521, 25.48792795903163366 ) ) ;
#2039 = DIRECTION ( 'NONE',  ( -0.000000000000000000, 1.000000000000000000, -0.000000000000000000 ) ) ;
#2040 = EDGE_CURVE ( 'NONE', #1085, #1566, #1624, .T. ) ;
#2041 = ORIENTED_EDGE ( 'NONE', *, *, #2076, .T. ) ;
#2042 = CARTESIAN_POINT ( 'NONE',  ( -2.824272815895298105, -2.918462218079502346, 22.47280578293312558 ) ) ;
#2043 = VERTEX_POINT ( 'NONE', #159 ) ;
#2044 = DIRECTION ( 'NONE',  ( -0.000000000000000000, 1.000000000000000000, -0.000000000000000000 ) ) ;
#2045 = EDGE_CURVE ( 'NONE', #1102, #2124, #842, .T. ) ;
#2046 = VECTOR ( 'NONE', #220, 1000.000000000000000 ) ;
#2047 = FACE_OUTER_BOUND ( 'NONE', #2032, .T. ) ;
#2048 = CARTESIAN_POINT ( 'NONE',  ( -2.724273303340647878, -9.973502504325226781, 10.57038442952899793 ) ) ;
#2049 = CARTESIAN_POINT ( 'NONE',  ( -5.974272815895298017, -1.776728305938279906, 5.357836894797064708 ) ) ;
#2050 = ADVANCED_FACE ( 'NONE', ( #1910 ), #1586, .F. ) ;
#2051 = VERTEX_POINT ( 'NONE', #1371 ) ;
#2052 = CARTESIAN_POINT ( 'NONE',  ( -2.270287288649300628, 3.676753004978734030, 8.819843099345886728 ) ) ;
#2053 = DIRECTION ( 'NONE',  ( -0.000000000000000000, 1.000000000000000000, -0.000000000000000000 ) ) ;
#2054 = ORIENTED_EDGE ( 'NONE', *, *, #747, .T. ) ;
#2055 = CARTESIAN_POINT ( 'NONE',  ( -1.192873426469813980, 3.676753004978734030, 5.644843099345886905 ) ) ;
#2056 = VECTOR ( 'NONE', #1816, 999.9999999999998863 ) ;
#2057 = AXIS2_PLACEMENT_3D ( 'NONE', #2194, #1359, #667 ) ;
#2058 = DIRECTION ( 'NONE',  ( 1.000000000000000000, 0.000000000000000000, 0.000000000000000000 ) ) ;
#2059 = CARTESIAN_POINT ( 'NONE',  ( -5.974272815895298905, -2.897585624075403654, 20.75823887664115475 ) ) ;
#2060 = ORIENTED_EDGE ( 'NONE', *, *, #500, .T. ) ;
#2061 = ADVANCED_FACE ( 'NONE', ( #1170 ), #2185, .F. ) ;
#2062 = DIRECTION ( 'NONE',  ( 0.000000000000000000, 0.000000000000000000, 1.000000000000000000 ) ) ;
#2063 = EDGE_CURVE ( 'NONE', #1971, #219, #1872, .T. ) ;
#2064 = DIRECTION ( 'NONE',  ( 1.000000000000000000, 0.000000000000000000, 1.224646799147353207E-16 ) ) ;
#2065 = ORIENTED_EDGE ( 'NONE', *, *, #212, .F. ) ;
#2066 = FACE_OUTER_BOUND ( 'NONE', #1951, .T. ) ;
#2067 = CARTESIAN_POINT ( 'NONE',  ( -7.932219566723080817, -0.4459752024776819646, 21.49972821513235388 ) ) ;
#2068 = DIRECTION ( 'NONE',  ( 0.000000000000000000, 0.000000000000000000, -1.000000000000000000 ) ) ;
#2069 = FACE_OUTER_BOUND ( 'NONE', #969, .T. ) ;
#2070 = CYLINDRICAL_SURFACE ( 'NONE', #357, 15.00000000000000355 ) ;
#2071 = TOROIDAL_SURFACE ( 'NONE', #1104, 10.18785444711215860, 5.099999999999998757 ) ;
#2072 = EDGE_LOOP ( 'NONE', ( #848, #1804, #745, #108 ) ) ;
#2073 = FACE_OUTER_BOUND ( 'NONE', #868, .T. ) ;
#2074 = VECTOR ( 'NONE', #1084, 1000.000000000000000 ) ;
#2075 = CARTESIAN_POINT ( 'NONE',  ( 0.8500151953250582038, 3.676753004978734030, 8.819843099345886728 ) ) ;
#2076 = EDGE_CURVE ( 'NONE', #749, #1308, #1194, .T. ) ;
#2077 = VERTEX_POINT ( 'NONE', #1535 ) ;
#2078 = FACE_OUTER_BOUND ( 'NONE', #476, .T. ) ;
#2079 = VECTOR ( 'NONE', #275, 1000.000000000000000 ) ;
#2080 = CARTESIAN_POINT ( 'NONE',  ( -5.974272815895298905, -0.8825939403743765510, 10.57038442952899793 ) ) ;
#2081 = DIRECTION ( 'NONE',  ( 0.000000000000000000, 0.000000000000000000, -1.000000000000000000 ) ) ;
#2082 = DIRECTION ( 'NONE',  ( -0.000000000000000000, 1.000000000000000000, -0.000000000000000000 ) ) ;
#2083 = ORIENTED_EDGE ( 'NONE', *, *, #1058, .F. ) ;
#2084 = CARTESIAN_POINT ( 'NONE',  ( 1.257066477376340030, 3.676753004978734030, 8.819843099345886728 ) ) ;
#2085 = EDGE_CURVE ( 'NONE', #165, #260, #804, .T. ) ;
#2086 = VECTOR ( 'NONE', #1070, 1000.000000000000000 ) ;
#2087 = EDGE_LOOP ( 'NONE', ( #1670, #1762, #1099, #604 ) ) ;
#2088 = DIRECTION ( 'NONE',  ( 0.000000000000000000, 0.000000000000000000, 1.000000000000000000 ) ) ;
#2089 = CARTESIAN_POINT ( 'NONE',  ( -5.974272815895297128, -0.04100259277147258463, -0.3343217534937878432 ) ) ;
#2090 = PLANE ( 'NONE',  #1916 ) ;
#2091 = EDGE_CURVE ( 'NONE', #1607, #953, #477, .T. ) ;
#2092 = VERTEX_POINT ( 'NONE', #1840 ) ;
#2093 = LINE ( 'NONE', #565, #1331 ) ;
#2094 = AXIS2_PLACEMENT_3D ( 'NONE', #1713, #158, #1356 ) ;
#2095 = EDGE_CURVE ( 'NONE', #362, #2107, #2129, .T. ) ;
#2096 = AXIS2_PLACEMENT_3D ( 'NONE', #1654, #1482, #1340 ) ;
#2097 = ORIENTED_EDGE ( 'NONE', *, *, #678, .T. ) ;
#2098 = LINE ( 'NONE', #559, #249 ) ;
#2099 = VECTOR ( 'NONE', #407, 1000.000000000000000 ) ;
#2100 = PLANE ( 'NONE',  #1918 ) ;
#2101 = CARTESIAN_POINT ( 'NONE',  ( -5.974272815895298905, -5.770081395646339040, 10.57038442952899793 ) ) ;
#2102 = ORIENTED_EDGE ( 'NONE', *, *, #1285, .F. ) ;
#2103 = CARTESIAN_POINT ( 'NONE',  ( -5.974272815895298017, -2.897585624075403654, 0.3825299824168401086 ) ) ;
#2104 = CARTESIAN_POINT ( 'NONE',  ( 1.257066477376340030, 3.676753004978734030, 8.087150791653579418 ) ) ;
#2105 = ADVANCED_FACE ( 'NONE', ( #1852 ), #1515, .T. ) ;
#2106 = FACE_OUTER_BOUND ( 'NONE', #1614, .T. ) ;
#2107 = VERTEX_POINT ( 'NONE', #505 ) ;
#2108 = CARTESIAN_POINT ( 'NONE',  ( -5.974272815895298905, -2.918462218079502346, 25.57038442952899970 ) ) ;
#2109 = FACE_OUTER_BOUND ( 'NONE', #1593, .T. ) ;
#2110 = ORIENTED_EDGE ( 'NONE', *, *, #1543, .F. ) ;
#2111 = FACE_OUTER_BOUND ( 'NONE', #2087, .T. ) ;
#2112 = EDGE_CURVE ( 'NONE', #864, #1085, #412, .T. ) ;
#2113 = LINE ( 'NONE', #1813, #2099 ) ;
#2114 = AXIS2_PLACEMENT_3D ( 'NONE', #2103, #574, #899 ) ;
#2115 = CARTESIAN_POINT ( 'NONE',  ( -7.896224458699802717, -0.4143459880448462918, 25.44773342877832434 ) ) ;
#2116 = ORIENTED_EDGE ( 'NONE', *, *, #164, .F. ) ;
#2117 = DIRECTION ( 'NONE',  ( -0.000000000000000000, 1.000000000000000000, -0.000000000000000000 ) ) ;
#2118 = ORIENTED_EDGE ( 'NONE', *, *, #1716, .F. ) ;
#2119 = DIRECTION ( 'NONE',  ( 0.000000000000000000, 0.000000000000000000, 1.000000000000000000 ) ) ;
#2120 = TOROIDAL_SURFACE ( 'NONE', #2014, 1.200000000000002620, 0.3000000000000000444 ) ;
#2121 = VERTEX_POINT ( 'NONE', #867 ) ;
#2122 = FACE_OUTER_BOUND ( 'NONE', #980, .T. ) ;
#2123 = AXIS2_PLACEMENT_3D ( 'NONE', #956, #633, #1774 ) ;
#2124 = VERTEX_POINT ( 'NONE', #1352 ) ;
#2125 = CIRCLE ( 'NONE', #2024, 10.00000000000000000 ) ;
#2126 = DIRECTION ( 'NONE',  ( 1.000000000000000000, 0.000000000000000000, 0.000000000000000000 ) ) ;
#2127 = DIRECTION ( 'NONE',  ( -1.000000000000000000, 0.000000000000000000, 0.000000000000000000 ) ) ;
#2128 = AXIS2_PLACEMENT_3D ( 'NONE', #157, #133, #1148 ) ;
#2129 = B_SPLINE_CURVE_WITH_KNOTS ( 'NONE', 3,
 ( #2196, #1546, #2020, #1526, #1503, #525, #322, #492, #1200, #2033, #1157, #186, #1179, #2042 ),
 .UNSPECIFIED., .F., .F.,
 ( 4, 2, 2, 2, 2, 2, 4 ),
 ( 0.008131329465580313526, 0.008600699876620312642, 0.009070070287660311759, 0.009539440698700309140, 0.01000881110974030826, 0.01094755193182030475, 0.01188629275390030125 ),
 .UNSPECIFIED. ) ;
#2130 = ORIENTED_EDGE ( 'NONE', *, *, #805, .F. ) ;
#2131 = EDGE_CURVE ( 'NONE', #362, #1686, #218, .T. ) ;
#2132 = CARTESIAN_POINT ( 'NONE',  ( -4.035193117465536439, -5.434389258735172312, 25.44739686583585581 ) ) ;
#2133 = DIRECTION ( 'NONE',  ( -0.000000000000000000, 1.000000000000000000, -0.000000000000000000 ) ) ;
#2134 = VERTEX_POINT ( 'NONE', #166 ) ;
#2135 = B_SPLINE_CURVE_WITH_KNOTS ( 'NONE', 3,
 ( #63, #1746, #1072, #1732, #1754, #746, #215, #202, #1571, #884 ),
 .UNSPECIFIED., .F., .F.,
 ( 4, 2, 2, 2, 4 ),
 ( 4.662669434845552367E-07, 0.0006368472738941125325, 0.001273228280844740639, 0.001909609287795368529, 0.002545990294745996418 ),
 .UNSPECIFIED. ) ;
#2136 = EDGE_CURVE ( 'NONE', #1165, #367, #1975, .T. ) ;
#2137 = CARTESIAN_POINT ( 'NONE',  ( -7.371107750292094529, -0.08759725534179046980, 25.50642491511845478 ) ) ;
#2138 = FACE_OUTER_BOUND ( 'NONE', #654, .T. ) ;
#2139 = ORIENTED_EDGE ( 'NONE', *, *, #1053, .T. ) ;
#2140 = EDGE_CURVE ( 'NONE', #547, #987, #2157, .T. ) ;
#2141 = ORIENTED_EDGE ( 'NONE', *, *, #695, .T. ) ;
#2142 = CARTESIAN_POINT ( 'NONE',  ( 1.623412631222493907, 4.176753004978734474, 7.720804637807424875 ) ) ;
#2143 = ORIENTED_EDGE ( 'NONE', *, *, #1311, .F. ) ;
#2144 = CARTESIAN_POINT ( 'NONE',  ( -1.192873426469813980, 3.676753004978734030, 5.644843099345886905 ) ) ;
#2145 = EDGE_CURVE ( 'NONE', #547, #521, #902, .T. ) ;
#2146 = CARTESIAN_POINT ( 'NONE',  ( -5.974272815895298905, -9.973502504325223228, 10.57038442952899793 ) ) ;
#2147 = TOROIDAL_SURFACE ( 'NONE', #1187, 10.18785444711215860, 5.099999999999998757 ) ;
#2148 = LINE ( 'NONE', #1781, #651 ) ;
#2149 = LINE ( 'NONE', #1981, #2056 ) ;
#2150 = VERTEX_POINT ( 'NONE', #546 ) ;
#2151 = ORIENTED_EDGE ( 'NONE', *, *, #439, .T. ) ;
#2152 = DIRECTION ( 'NONE',  ( 1.000000000000000000, 0.000000000000000000, 0.000000000000000000 ) ) ;
#2153 = DATE_AND_TIME ( #246, #635 ) ;
#2154 = ORIENTED_EDGE ( 'NONE', *, *, #496, .F. ) ;
#2155 = CARTESIAN_POINT ( 'NONE',  ( -5.974272815895298905, 17.86190247149750121, 10.57038442952899793 ) ) ;
#2156 = VECTOR ( 'NONE', #1674, 1000.000000000000000 ) ;
#2157 = B_SPLINE_CURVE_WITH_KNOTS ( 'NONE', 3,
 ( #1024, #11, #1710, #689, #1033, #1719, #20, #1325, #2004, #1580, #1894, #378, #1560, #32, #712, #701 ),
 .UNSPECIFIED., .F., .F.,
 ( 4, 2, 2, 2, 2, 2, 2, 4 ),
 ( 0.009875876049468237244, 0.01049313891541875723, 0.01111040178136927722, 0.01172766464731979721, 0.01234492751327031720, 0.01296219037922083719, 0.01357945324517135718, 0.01481397897707239890 ),
 .UNSPECIFIED. ) ;
#2158 = CARTESIAN_POINT ( 'NONE',  ( -5.974272815895298905, -7.523246995021264816, 9.370384429528995085 ) ) ;
#2159 = ORIENTED_EDGE ( 'NONE', *, *, #25, .F. ) ;
#2160 = AXIS2_PLACEMENT_3D ( 'NONE', #1825, #989, #175 ) ;
#2161 = CARTESIAN_POINT ( 'NONE',  ( -5.974272815895298905, 17.86190247149750121, 9.820384429528997927 ) ) ;
#2162 = ORIENTED_EDGE ( 'NONE', *, *, #2076, .F. ) ;
#2163 = ORIENTED_EDGE ( 'NONE', *, *, #178, .T. ) ;
#2164 = ADVANCED_FACE ( 'NONE', ( #2106 ), #45, .T. ) ;
#2165 = LINE ( 'NONE', #2199, #1449 ) ;
#2166 = AXIS2_PLACEMENT_3D ( 'NONE', #1693, #1358, #1869 ) ;
#2167 = CARTESIAN_POINT ( 'NONE',  ( -5.974272815895298905, 11.07137957439182507, 10.57038442952899793 ) ) ;
#2168 = ORIENTED_EDGE ( 'NONE', *, *, #1861, .F. ) ;
#2169 = DIRECTION ( 'NONE',  ( -0.000000000000000000, 1.000000000000000000, -0.000000000000000000 ) ) ;
#2170 = EDGE_CURVE ( 'NONE', #788, #1618, #1761, .T. ) ;
#2171 = CARTESIAN_POINT ( 'NONE',  ( -5.974272815895298905, -7.997585624075403743, 10.57038442952899793 ) ) ;
#2172 = ORIENTED_EDGE ( 'NONE', *, *, #1917, .F. ) ;
#2173 = AXIS2_PLACEMENT_3D ( 'NONE', #224, #904, #1932 ) ;
#2174 = ORIENTED_EDGE ( 'NONE', *, *, #1420, .F. ) ;
#2175 = CARTESIAN_POINT ( 'NONE',  ( -5.974272815895298905, -6.068462218079502257, 25.57038442952899970 ) ) ;
#2176 = AXIS2_PLACEMENT_3D ( 'NONE', #1585, #1553, #1052 ) ;
#2177 = PLANE ( 'NONE',  #1735 ) ;
#2178 = CARTESIAN_POINT ( 'NONE',  ( -5.974272815895298905, 2.052010055300125480, 2.068235573719656717 ) ) ;
#2179 = ORIENTED_EDGE ( 'NONE', *, *, #1917, .T. ) ;
#2180 = ADVANCED_FACE ( 'NONE', ( #1089 ), #82, .F. ) ;
#2181 = AXIS2_PLACEMENT_3D ( 'NONE', #150, #2182, #543 ) ;
#2182 = DIRECTION ( 'NONE',  ( -0.000000000000000000, 1.000000000000000000, -0.000000000000000000 ) ) ;
#2183 = DIRECTION ( 'NONE',  ( -0.000000000000000000, 1.000000000000000000, -0.000000000000000000 ) ) ;
#2184 = ORIENTED_EDGE ( 'NONE', *, *, #1278, .T. ) ;
#2185 = CYLINDRICAL_SURFACE ( 'NONE', #590, 3.249999756277327290 ) ;
#2186 = EDGE_LOOP ( 'NONE', ( #577, #1664 ) ) ;
#2187 = CARTESIAN_POINT ( 'NONE',  ( -2.824272815895298105, -3.294487000107489738, 22.66306783854853890 ) ) ;
#2188 = CARTESIAN_POINT ( 'NONE',  ( 1.257066477376340030, 3.676753004978734030, 5.563432842935630340 ) ) ;
#2189 = AXIS2_PLACEMENT_3D ( 'NONE', #1384, #535, #1425 ) ;
#2190 = DIRECTION ( 'NONE',  ( 1.700709290173340656E-16, 0.000000000000000000, -1.000000000000000000 ) ) ;
#2191 = B_SPLINE_CURVE_WITH_KNOTS ( 'NONE', 3,
 ( #791, #2187, #993, #802 ),
 .UNSPECIFIED., .F., .F.,
 ( 4, 4 ),
 ( 0.01188629275390030125, 0.01313730155502725212 ),
 .UNSPECIFIED. ) ;
#2192 = CARTESIAN_POINT ( 'NONE',  ( -0.6153694200595576369, 3.676753004978734030, 8.087150791653579418 ) ) ;
#2193 = CARTESIAN_POINT ( 'NONE',  ( 1.257066477376340030, 3.676753004978734030, 7.720804637807424875 ) ) ;
#2194 = CARTESIAN_POINT ( 'NONE',  ( -2.205413490572377455, 3.676753004978734030, 8.078882562486912278 ) ) ;
#2195 = EDGE_LOOP ( 'NONE', ( #754, #17, #814, #531 ) ) ;
#2196 = CARTESIAN_POINT ( 'NONE',  ( -4.692584045279597049, -0.04100259277121411083, 21.39950677777734001 ) ) ;
#2197 = VERTEX_POINT ( 'NONE', #1059 ) ;
#2198 = AXIS2_PLACEMENT_3D ( 'NONE', #2080, #716, #1933 ) ;
#2199 = CARTESIAN_POINT ( 'NONE',  ( 1.623412631222493907, 3.676753004978734030, 7.720804637807424875 ) ) ;
#2200 = CIRCLE ( 'NONE', #309, 5.100000000000000533 ) ;
#2201 = CARTESIAN_POINT ( 'NONE',  ( 0.8500151953250582038, 3.676753004978734030, 8.819843099345886728 ) ) ;
#2202 = CARTESIAN_POINT ( 'NONE',  ( -3.085727074087162070, -4.188981700037767375, 23.17766512017387015 ) ) ;
#2203 = VECTOR ( 'NONE', #703, 1000.000000000000000 ) ;
#2204 = CARTESIAN_POINT ( 'NONE',  ( -3.020365120040128470, -4.012504870066893936, 23.07352443540253617 ) ) ;
#2205 = EDGE_CURVE ( 'NONE', #1156, #1516, #1620, .T. ) ;
ENDSEC;
END-ISO-10303-21;
