run_number,weight_group,nominal_weight_kg,replicate_number,sample_index,port_used,capture_timestamp,time_ms,elapsed_ms,elapsed_s,raw_g,filtered_g,raw_kg,filtered_kg
1,2kg,2,1,1,COM16,2026-03-12 20:40:39,63683,2,0.002,-1999.709,-1999.709,-1.999709,-1.999709
1,2kg,2,1,2,COM16,2026-03-12 20:40:39,63783,102,0.102,-2000.643,-1999.849,-2.000643,-1.999849
1,2kg,2,1,3,COM16,2026-03-12 20:40:39,63883,202,0.202,-2000.354,-1999.925,-2.000354,-1.999925
1,2kg,2,1,4,COM16,2026-03-12 20:40:39,63983,302,0.302,-1999.566,-1999.871,-1.999566,-1.999871
1,2kg,2,1,5,COM16,2026-03-12 20:40:39,64083,402,0.402,-2000.475,-1999.962,-2.000475,-1.999962
1,2kg,2,1,6,COM16,2026-03-12 20:40:39,64183,502,0.502,-2000.832,-2000.092,-2.000832,-2.000092
1,2kg,2,1,7,COM16,2026-03-12 20:40:39,64283,602,0.602,-1999.926,-2000.068,-1.999926,-2.000068
1,2kg,2,1,8,COM16,2026-03-12 20:40:39,64383,702,0.702,-2000.242,-2000.094,-2.000242,-2.000094
1,2kg,2,1,9,COM16,2026-03-12 20:40:39,64483,802,0.802,-2001.731,-2000.339,-2.001731,-2.000339
1,2kg,2,1,10,COM16,2026-03-12 20:40:39,64533,852,0.852,-2001.596,-2000.528,-2.001596,-2.000528
1,2kg,2,1,11,COM16,2026-03-12 20:40:39,64633,952,0.952,-1999.808,-2000.42,-1.999808,-2.00042
1,2kg,2,1,12,COM16,2026-03-12 20:40:39,64733,1052,1.052,-1999.563,-2000.291,-1.999563,-2.000291
1,2kg,2,1,13,COM16,2026-03-12 20:40:39,64833,1152,1.152,-1999.25,-2000.135,-1.99925,-2.000135
1,2kg,2,1,14,COM16,2026-03-12 20:40:39,64933,1252,1.252,-1999.654,-2000.063,-1.999654,-2.000063
1,2kg,2,1,15,COM16,2026-03-12 20:40:39,65033,1352,1.352,-1999.107,-1999.92,-1.999107,-1.99992
1,2kg,2,1,16,COM16,2026-03-12 20:40:39,65133,1452,1.452,-1999.096,-1999.796,-1.999096,-1.999796
1,2kg,2,1,17,COM16,2026-03-12 20:40:39,65233,1552,1.552,-1999.703,-1999.782,-1.999703,-1.999782
1,2kg,2,1,18,COM16,2026-03-12 20:40:39,65333,1652,1.652,-1999.593,-1999.754,-1.999593,-1.999754
1,2kg,2,1,19,COM16,2026-03-12 20:40:39,65433,1752,1.752,-1999.679,-1999.743,-1.999679,-1.999743
1,2kg,2,1,20,COM16,2026-03-12 20:40:39,65533,1852,1.852,-2000.676,-1999.883,-2.000676,-1.999883
1,2kg,2,1,21,COM16,2026-03-12 20:40:39,65633,1952,1.952,-1999.948,-1999.893,-1.999948,-1.999893
1,2kg,2,1,22,COM16,2026-03-12 20:40:39,65733,2052,2.052,-1999.407,-1999.82,-1.999407,-1.99982
1,2kg,2,1,23,COM16,2026-03-12 20:40:39,65833,2152,2.152,-1999.192,-1999.726,-1.999192,-1.999726
1,2kg,2,1,24,COM16,2026-03-12 20:40:39,65933,2252,2.252,-1999.283,-1999.659,-1.999283,-1.999659
1,2kg,2,1,25,COM16,2026-03-12 20:40:39,66033,2352,2.352,-1999.168,-1999.586,-1.999168,-1.999586
1,2kg,2,1,26,COM16,2026-03-12 20:40:39,66083,2402,2.402,-2000.78,-1999.765,-2.00078,-1.999765
1,2kg,2,1,27,COM16,2026-03-12 20:40:39,66183,2502,2.502,-2001.223,-1999.984,-2.001223,-1.999984
1,2kg,2,1,28,COM16,2026-03-12 20:40:39,66283,2602,2.602,-2000.651,-2000.084,-2.000651,-2.000084
1,2kg,2,1,29,COM16,2026-03-12 20:40:39,66383,2702,2.702,-1999.945,-2000.063,-1.999945,-2.000063
1,2kg,2,1,30,COM16,2026-03-12 20:40:39,66483,2802,2.802,-1998.92,-1999.892,-1.99892,-1.999892
1,2kg,2,1,31,COM16,2026-03-12 20:40:39,66583,2902,2.902,-1998.354,-1999.661,-1.998354,-1.999661
1,2kg,2,1,32,COM16,2026-03-12 20:40:39,66683,3002,3.002,-2000.195,-1999.741,-2.000195,-1.999741
1,2kg,2,1,33,COM16,2026-03-12 20:40:39,66783,3102,3.102,-2000.085,-1999.793,-2.000085,-1.999793
1,2kg,2,1,34,COM16,2026-03-12 20:40:39,66883,3202,3.202,-2000.071,-1999.835,-2.000071,-1.999835
1,2kg,2,1,35,COM16,2026-03-12 20:40:39,66983,3302,3.302,-2000.324,-1999.908,-2.000324,-1.999908
1,2kg,2,1,36,COM16,2026-03-12 20:40:39,67083,3402,3.402,-1999.931,-1999.912,-1.999931,-1.999912
1,2kg,2,1,37,COM16,2026-03-12 20:40:39,67183,3502,3.502,-2000.214,-1999.957,-2.000214,-1.999957
1,2kg,2,1,38,COM16,2026-03-12 20:40:39,67283,3602,3.602,-1999.643,-1999.91,-1.999643,-1.99991
1,2kg,2,1,39,COM16,2026-03-12 20:40:39,67383,3702,3.702,-2000.464,-1999.993,-2.000464,-1.999993
1,2kg,2,1,40,COM16,2026-03-12 20:40:39,67483,3802,3.802,-1999.887,-1999.978,-1.999887,-1.999978
1,2kg,2,1,41,COM16,2026-03-12 20:40:39,67583,3902,3.902,-2001.258,-2000.17,-2.001258,-2.00017
1,2kg,2,1,42,COM16,2026-03-12 20:40:39,67633,3952,3.952,-1999.036,-2000,-1.999036,-2
1,2kg,2,1,43,COM16,2026-03-12 20:40:39,67733,4052,4.052,-1999.357,-1999.903,-1.999357,-1.999903
1,2kg,2,1,44,COM16,2026-03-12 20:40:39,67833,4152,4.152,-1999.948,-1999.91,-1.999948,-1.99991
1,2kg,2,1,45,COM16,2026-03-12 20:40:39,67933,4252,4.252,-2000.286,-1999.966,-2.000286,-1.999966
1,2kg,2,1,46,COM16,2026-03-12 20:40:39,68033,4352,4.352,-2000.387,-2000.03,-2.000387,-2.00003
1,2kg,2,1,47,COM16,2026-03-12 20:40:39,68133,4452,4.452,-2000.549,-2000.108,-2.000549,-2.000108
1,2kg,2,1,48,COM16,2026-03-12 20:40:39,68233,4552,4.552,-2001.549,-2000.324,-2.001549,-2.000324
1,2kg,2,1,49,COM16,2026-03-12 20:40:39,68333,4652,4.652,-1999.03,-2000.13,-1.99903,-2.00013
1,2kg,2,1,50,COM16,2026-03-12 20:40:39,68433,4752,4.752,-1999.945,-2000.102,-1.999945,-2.000102
1,2kg,2,1,51,COM16,2026-03-12 20:40:39,68533,4852,4.852,-2000.734,-2000.197,-2.000734,-2.000197
1,2kg,2,1,52,COM16,2026-03-12 20:40:39,68633,4952,4.952,-1999.777,-2000.134,-1.999777,-2.000134
1,2kg,2,1,53,COM16,2026-03-12 20:40:39,68733,5052,5.052,-1998.588,-1999.902,-1.998588,-1.999902
1,2kg,2,1,54,COM16,2026-03-12 20:40:39,68833,5152,5.152,-1998.571,-1999.703,-1.998571,-1.999703
1,2kg,2,1,55,COM16,2026-03-12 20:40:39,68933,5252,5.252,-1999.527,-1999.677,-1.999527,-1.999677
1,2kg,2,1,56,COM16,2026-03-12 20:40:39,69033,5352,5.352,-1999.297,-1999.62,-1.999297,-1.99962
1,2kg,2,1,57,COM16,2026-03-12 20:40:39,69083,5402,5.402,-1999.624,-1999.62,-1.999624,-1.99962
1,2kg,2,1,58,COM16,2026-03-12 20:40:39,69183,5502,5.502,-1999.885,-1999.66,-1.999885,-1.99966
1,2kg,2,1,59,COM16,2026-03-12 20:40:39,69283,5602,5.602,-2000.549,-1999.793,-2.000549,-1.999793
1,2kg,2,1,60,COM16,2026-03-12 20:40:39,69383,5702,5.702,-2002.269,-2000.165,-2.002269,-2.000165
1,2kg,2,1,61,COM16,2026-03-12 20:40:39,69483,5802,5.802,-2001.063,-2000.3,-2.001063,-2.0003
1,2kg,2,1,62,COM16,2026-03-12 20:40:39,69583,5902,5.902,-1999.871,-2000.235,-1.999871,-2.000235
1,2kg,2,1,63,COM16,2026-03-12 20:40:39,69683,6002,6.002,-1998.832,-2000.025,-1.998832,-2.000025
1,2kg,2,1,64,COM16,2026-03-12 20:40:39,69783,6102,6.102,-1998.613,-1999.813,-1.998613,-1.999813
1,2kg,2,1,65,COM16,2026-03-12 20:40:39,69883,6202,6.202,-1999.585,-1999.779,-1.999585,-1.999779
1,2kg,2,1,66,COM16,2026-03-12 20:40:39,69983,6302,6.302,-2000.753,-1999.925,-2.000753,-1.999925
1,2kg,2,1,67,COM16,2026-03-12 20:40:39,70083,6402,6.402,-2000.637,-2000.032,-2.000637,-2.000032
1,2kg,2,1,68,COM16,2026-03-12 20:40:39,70183,6502,6.502,-2000.651,-2000.125,-2.000651,-2.000125
1,2kg,2,1,69,COM16,2026-03-12 20:40:39,70283,6602,6.602,-2000.151,-2000.129,-2.000151,-2.000129
1,2kg,2,1,70,COM16,2026-03-12 20:40:39,70383,6702,6.702,-2000.552,-2000.193,-2.000552,-2.000193
1,2kg,2,1,71,COM16,2026-03-12 20:40:39,70483,6802,6.802,-2000.525,-2000.242,-2.000525,-2.000242
1,2kg,2,1,72,COM16,2026-03-12 20:40:39,70583,6902,6.902,-1998.437,-1999.972,-1.998437,-1.999972
1,2kg,2,1,73,COM16,2026-03-12 20:40:39,70633,6952,6.952,-1998.986,-1999.824,-1.998986,-1.999824
1,2kg,2,1,74,COM16,2026-03-12 20:40:39,70733,7052,7.052,-2000.082,-1999.863,-2.000082,-1.999863
1,2kg,2,1,75,COM16,2026-03-12 20:40:39,70833,7152,7.152,-1999.989,-1999.882,-1.999989,-1.999882
1,2kg,2,1,76,COM16,2026-03-12 20:40:39,70933,7252,7.252,-2000.129,-1999.919,-2.000129,-1.999919
1,2kg,2,1,77,COM16,2026-03-12 20:40:39,71033,7352,7.352,-2000.522,-2000.009,-2.000522,-2.000009
1,2kg,2,1,78,COM16,2026-03-12 20:40:39,71133,7452,7.452,-1999.909,-1999.994,-1.999909,-1.999994
1,2kg,2,1,79,COM16,2026-03-12 20:40:39,71233,7552,7.552,-1999.824,-1999.969,-1.999824,-1.999969
1,2kg,2,1,80,COM16,2026-03-12 20:40:39,71333,7652,7.652,-1999.717,-1999.931,-1.999717,-1.999931
1,2kg,2,1,81,COM16,2026-03-12 20:40:39,71433,7752,7.752,-2000.19,-1999.97,-2.00019,-1.99997
1,2kg,2,1,82,COM16,2026-03-12 20:40:39,71533,7852,7.852,-1999.618,-1999.917,-1.999618,-1.999917
1,2kg,2,1,83,COM16,2026-03-12 20:40:39,71633,7952,7.952,-1998.709,-1999.736,-1.998709,-1.999736
1,2kg,2,1,84,COM16,2026-03-12 20:40:39,71733,8052,8.052,-1999.786,-1999.744,-1.999786,-1.999744
1,2kg,2,1,85,COM16,2026-03-12 20:40:39,71833,8152,8.152,-1998.607,-1999.573,-1.998607,-1.999573
1,2kg,2,1,86,COM16,2026-03-12 20:40:39,71933,8252,8.252,-2000.143,-1999.659,-2.000143,-1.999659
1,2kg,2,1,87,COM16,2026-03-12 20:40:39,72033,8352,8.352,-2001.069,-1999.87,-2.001069,-1.99987
1,2kg,2,1,88,COM16,2026-03-12 20:40:39,72133,8452,8.452,-2001.047,-2000.047,-2.001047,-2.000047
1,2kg,2,1,89,COM16,2026-03-12 20:40:39,72183,8502,8.502,-1999.637,-1999.985,-1.999637,-1.999985
1,2kg,2,1,90,COM16,2026-03-12 20:40:39,72283,8602,8.602,-2000.36,-2000.042,-2.00036,-2.000042
1,2kg,2,1,91,COM16,2026-03-12 20:40:39,72383,8702,8.702,-2000.758,-2000.149,-2.000758,-2.000149
1,2kg,2,1,92,COM16,2026-03-12 20:40:39,72483,8802,8.802,-2000.412,-2000.189,-2.000412,-2.000189
1,2kg,2,1,93,COM16,2026-03-12 20:40:39,72583,8902,8.902,-1999.632,-2000.105,-1.999632,-2.000105
1,2kg,2,1,94,COM16,2026-03-12 20:40:39,72683,9002,9.002,-2001.14,-2000.26,-2.00114,-2.00026
1,2kg,2,1,95,COM16,2026-03-12 20:40:39,72783,9102,9.102,-2001.225,-2000.405,-2.001225,-2.000405
1,2kg,2,1,96,COM16,2026-03-12 20:40:39,72883,9202,9.202,-1999.89,-2000.328,-1.99989,-2.000328
1,2kg,2,1,97,COM16,2026-03-12 20:40:39,72983,9302,9.302,-1998.332,-2000.029,-1.998332,-2.000029
1,2kg,2,1,98,COM16,2026-03-12 20:40:39,73083,9402,9.402,-2000.401,-2000.085,-2.000401,-2.000085
1,2kg,2,1,99,COM16,2026-03-12 20:40:39,73183,9502,9.502,-2001.126,-2000.241,-2.001126,-2.000241
1,2kg,2,1,100,COM16,2026-03-12 20:40:39,73283,9602,9.602,-1999.635,-2000.15,-1.999635,-2.00015
1,2kg,2,1,101,COM16,2026-03-12 20:40:39,73383,9702,9.702,-1999.264,-2000.017,-1.999264,-2.000017
1,2kg,2,1,102,COM16,2026-03-12 20:40:39,73483,9802,9.802,-2000.659,-2000.113,-2.000659,-2.000113
1,2kg,2,1,103,COM16,2026-03-12 20:40:39,73583,9902,9.902,-1998.687,-1999.899,-1.998687,-1.999899
1,2kg,2,1,104,COM16,2026-03-12 20:40:39,73683,10002,10.002,-1999.245,-1999.801,-1.999245,-1.999801
1,2kg,2,1,105,COM16,2026-03-12 20:40:39,73733,10052,10.052,-1999.89,-1999.815,-1.99989,-1.999815
1,2kg,2,1,106,COM16,2026-03-12 20:40:39,73833,10152,10.152,-1999.099,-1999.707,-1.999099,-1.999707
1,2kg,2,1,107,COM16,2026-03-12 20:40:39,73933,10252,10.252,-1997.931,-1999.441,-1.997931,-1.999441
1,2kg,2,1,108,COM16,2026-03-12 20:40:39,74033,10352,10.352,-1999.563,-1999.459,-1.999563,-1.999459
1,2kg,2,1,109,COM16,2026-03-12 20:40:39,74133,10452,10.452,-2000.154,-1999.564,-2.000154,-1.999564
1,2kg,2,1,110,COM16,2026-03-12 20:40:39,74233,10552,10.552,-2000.027,-1999.633,-2.000027,-1.999633
1,2kg,2,1,111,COM16,2026-03-12 20:40:39,74333,10652,10.652,-1999.124,-1999.557,-1.999124,-1.999557
1,2kg,2,1,112,COM16,2026-03-12 20:40:39,74433,10752,10.752,-1999.341,-1999.525,-1.999341,-1.999525
1,2kg,2,1,113,COM16,2026-03-12 20:40:39,74533,10852,10.852,-2000.407,-1999.657,-2.000407,-1.999657
1,2kg,2,1,114,COM16,2026-03-12 20:40:39,74633,10952,10.952,-1999.286,-1999.601,-1.999286,-1.999601
1,2kg,2,1,115,COM16,2026-03-12 20:40:39,74733,11052,11.052,-1999.324,-1999.56,-1.999324,-1.99956
1,2kg,2,1,116,COM16,2026-03-12 20:40:39,74833,11152,11.152,-1999.673,-1999.577,-1.999673,-1.999577
1,2kg,2,1,117,COM16,2026-03-12 20:40:39,74933,11252,11.252,-1998.775,-1999.457,-1.998775,-1.999457
1,2kg,2,1,118,COM16,2026-03-12 20:40:39,75033,11352,11.352,-1997.448,-1999.155,-1.997448,-1.999155
1,2kg,2,1,119,COM16,2026-03-12 20:40:39,75133,11452,11.452,-1998.049,-1998.989,-1.998049,-1.998989
1,2kg,2,1,120,COM16,2026-03-12 20:40:39,75183,11502,11.502,-1998.863,-1998.97,-1.998863,-1.99897
1,2kg,2,1,121,COM16,2026-03-12 20:40:39,75283,11602,11.602,-1999.835,-1999.1,-1.999835,-1.9991
1,2kg,2,1,122,COM16,2026-03-12 20:40:39,75383,11702,11.702,-2000.058,-1999.244,-2.000058,-1.999244
1,2kg,2,1,123,COM16,2026-03-12 20:40:39,75483,11802,11.802,-2001.346,-1999.559,-2.001346,-1.999559
1,2kg,2,1,124,COM16,2026-03-12 20:40:39,75583,11902,11.902,-2000.92,-1999.763,-2.00092,-1.999763
1,2kg,2,1,125,COM16,2026-03-12 20:40:39,75683,12002,12.002,-2001.868,-2000.079,-2.001868,-2.000079
1,2kg,2,1,126,COM16,2026-03-12 20:40:39,75783,12102,12.102,-2001.489,-2000.291,-2.001489,-2.000291
1,2kg,2,1,127,COM16,2026-03-12 20:40:39,75883,12202,12.202,-1999.563,-2000.182,-1.999563,-2.000182
1,2kg,2,1,128,COM16,2026-03-12 20:40:39,75983,12302,12.302,-1998.747,-1999.967,-1.998747,-1.999967
1,2kg,2,1,129,COM16,2026-03-12 20:40:39,76083,12402,12.402,-2000.038,-1999.977,-2.000038,-1.999977
1,2kg,2,1,130,COM16,2026-03-12 20:40:39,76183,12502,12.502,-2000.264,-2000.02,-2.000264,-2.00002
1,2kg,2,1,131,COM16,2026-03-12 20:40:39,76283,12602,12.602,-2000.566,-2000.102,-2.000566,-2.000102
1,2kg,2,1,132,COM16,2026-03-12 20:40:39,76383,12702,12.702,-2000,-2000.087,-2,-2.000087
1,2kg,2,1,133,COM16,2026-03-12 20:40:39,76483,12802,12.802,-1999.376,-1999.98,-1.999376,-1.99998
1,2kg,2,1,134,COM16,2026-03-12 20:40:39,76583,12902,12.902,-2000.201,-2000.014,-2.000201,-2.000014
1,2kg,2,1,135,COM16,2026-03-12 20:40:39,76683,13002,13.002,-1999.964,-2000.006,-1.999964,-2.000006
1,2kg,2,1,136,COM16,2026-03-12 20:40:39,76733,13052,13.052,-1999.758,-1999.969,-1.999758,-1.999969
1,2kg,2,1,137,COM16,2026-03-12 20:40:39,76833,13152,13.152,-1999.766,-1999.939,-1.999766,-1.999939
1,2kg,2,1,138,COM16,2026-03-12 20:40:39,76933,13252,13.252,-2000.093,-1999.962,-2.000093,-1.999962
1,2kg,2,1,139,COM16,2026-03-12 20:40:39,77033,13352,13.352,-1999.934,-1999.958,-1.999934,-1.999958
1,2kg,2,1,140,COM16,2026-03-12 20:40:39,77133,13452,13.452,-1999.739,-1999.925,-1.999739,-1.999925
1,2kg,2,1,141,COM16,2026-03-12 20:40:39,77233,13552,13.552,-2000.071,-1999.947,-2.000071,-1.999947
1,2kg,2,1,142,COM16,2026-03-12 20:40:39,77333,13652,13.652,-2000.931,-2000.095,-2.000931,-2.000095
1,2kg,2,1,143,COM16,2026-03-12 20:40:39,77433,13752,13.752,-1999.775,-2000.047,-1.999775,-2.000047
1,2kg,2,1,144,COM16,2026-03-12 20:40:39,77533,13852,13.852,-1999.085,-1999.902,-1.999085,-1.999902
1,2kg,2,1,145,COM16,2026-03-12 20:40:39,77633,13952,13.952,-1998.412,-1999.679,-1.998412,-1.999679
1,2kg,2,1,146,COM16,2026-03-12 20:40:39,77733,14052,14.052,-1997.802,-1999.397,-1.997802,-1.999397
1,2kg,2,1,147,COM16,2026-03-12 20:40:39,77833,14152,14.152,-1998.607,-1999.279,-1.998607,-1.999279
1,2kg,2,1,148,COM16,2026-03-12 20:40:39,77933,14252,14.252,-2000.651,-1999.485,-2.000651,-1.999485
1,2kg,2,1,149,COM16,2026-03-12 20:40:39,78033,14352,14.352,-2000.953,-1999.705,-2.000953,-1.999705
1,2kg,2,1,150,COM16,2026-03-12 20:40:39,78133,14452,14.452,-2000.69,-1999.853,-2.00069,-1.999853
1,2kg,2,1,151,COM16,2026-03-12 20:40:39,78233,14552,14.552,-1999.964,-1999.87,-1.999964,-1.99987
1,2kg,2,1,152,COM16,2026-03-12 20:40:39,78283,14602,14.602,-1999.481,-1999.811,-1.999481,-1.999811
1,2kg,2,1,153,COM16,2026-03-12 20:40:39,78383,14702,14.702,-2000.102,-1999.855,-2.000102,-1.999855
1,2kg,2,1,154,COM16,2026-03-12 20:40:39,78483,14802,14.802,-2001.085,-2000.04,-2.001085,-2.00004
1,2kg,2,1,155,COM16,2026-03-12 20:40:39,78583,14902,14.902,-1999.679,-1999.985,-1.999679,-1.999985
1,2kg,2,1,156,COM16,2026-03-12 20:40:39,78683,15002,15.002,-1999.228,-1999.872,-1.999228,-1.999872
1,2kg,2,1,157,COM16,2026-03-12 20:40:39,78783,15102,15.102,-1999.937,-1999.882,-1.999937,-1.999882
1,2kg,2,1,158,COM16,2026-03-12 20:40:39,78883,15202,15.202,-2000.06,-1999.908,-2.00006,-1.999908
1,2kg,2,1,159,COM16,2026-03-12 20:40:39,78983,15302,15.302,-2000.582,-2000.01,-2.000582,-2.00001
1,2kg,2,1,160,COM16,2026-03-12 20:40:39,79083,15402,15.402,-1999.637,-1999.954,-1.999637,-1.999954
1,2kg,2,1,161,COM16,2026-03-12 20:40:39,79183,15502,15.502,-1998.975,-1999.807,-1.998975,-1.999807
1,2kg,2,1,162,COM16,2026-03-12 20:40:39,79283,15602,15.602,-1999.44,-1999.752,-1.99944,-1.999752
2,2kg,2,2,1,COM16,2026-03-12 20:41:04,83693,1,0.001,-2000.341,-2000.341,-2.000341,-2.000341
2,2kg,2,2,2,COM16,2026-03-12 20:41:04,83743,51,0.051,-2000.335,-2000.34,-2.000335,-2.00034
2,2kg,2,2,3,COM16,2026-03-12 20:41:04,83843,151,0.151,-2000.209,-2000.32,-2.000209,-2.00032
2,2kg,2,2,4,COM16,2026-03-12 20:41:04,83943,251,0.251,-2000.297,-2000.317,-2.000297,-2.000317
2,2kg,2,2,5,COM16,2026-03-12 20:41:04,83993,301,0.301,-2000.363,-2000.324,-2.000363,-2.000324
2,2kg,2,2,6,COM16,2026-03-12 20:41:04,84093,401,0.401,-1999.802,-2000.246,-1.999802,-2.000246
2,2kg,2,2,7,COM16,2026-03-12 20:41:04,84193,501,0.501,-2000.132,-2000.229,-2.000132,-2.000229
2,2kg,2,2,8,COM16,2026-03-12 20:41:04,84293,601,0.601,-2001.61,-2000.436,-2.00161,-2.000436
2,2kg,2,2,9,COM16,2026-03-12 20:41:04,84393,701,0.701,-2000.659,-2000.469,-2.000659,-2.000469
2,2kg,2,2,10,COM16,2026-03-12 20:41:04,84493,801,0.801,-2000.687,-2000.502,-2.000687,-2.000502
2,2kg,2,2,11,COM16,2026-03-12 20:41:04,84593,901,0.901,-2000.736,-2000.537,-2.000736,-2.000537
2,2kg,2,2,12,COM16,2026-03-12 20:41:04,84693,1001,1.001,-2000.255,-2000.495,-2.000255,-2.000495
2,2kg,2,2,13,COM16,2026-03-12 20:41:04,84793,1101,1.101,-2000.294,-2000.465,-2.000294,-2.000465
2,2kg,2,2,14,COM16,2026-03-12 20:41:04,84893,1201,1.201,-2000.481,-2000.467,-2.000481,-2.000467
2,2kg,2,2,15,COM16,2026-03-12 20:41:04,84993,1301,1.301,-1999.555,-2000.33,-1.999555,-2.00033
2,2kg,2,2,16,COM16,2026-03-12 20:41:04,85093,1401,1.401,-2000.495,-2000.355,-2.000495,-2.000355
2,2kg,2,2,17,COM16,2026-03-12 20:41:04,85193,1501,1.501,-1999.945,-2000.294,-1.999945,-2.000294
2,2kg,2,2,18,COM16,2026-03-12 20:41:04,85293,1601,1.601,-1999.783,-2000.217,-1.999783,-2.000217
2,2kg,2,2,19,COM16,2026-03-12 20:41:04,85393,1701,1.701,-2000.83,-2000.309,-2.00083,-2.000309
2,2kg,2,2,20,COM16,2026-03-12 20:41:04,85493,1801,1.801,-2000.684,-2000.365,-2.000684,-2.000365
2,2kg,2,2,21,COM16,2026-03-12 20:41:04,85543,1851,1.851,-1999.299,-2000.206,-1.999299,-2.000206
2,2kg,2,2,22,COM16,2026-03-12 20:41:04,85643,1951,1.951,-1998.948,-2000.017,-1.998948,-2.000017
2,2kg,2,2,23,COM16,2026-03-12 20:41:04,85743,2051,2.051,-1999.907,-2000,-1.999907,-2
2,2kg,2,2,24,COM16,2026-03-12 20:41:04,85843,2151,2.151,-1998.657,-1999.799,-1.998657,-1.999799
2,2kg,2,2,25,COM16,2026-03-12 20:41:04,85943,2251,2.251,-1998.876,-1999.661,-1.998876,-1.999661
2,2kg,2,2,26,COM16,2026-03-12 20:41:04,86043,2351,2.351,-1999.799,-1999.682,-1.999799,-1.999682
2,2kg,2,2,27,COM16,2026-03-12 20:41:04,86143,2451,2.451,-2000.11,-1999.746,-2.00011,-1.999746
2,2kg,2,2,28,COM16,2026-03-12 20:41:04,86243,2551,2.551,-1999.78,-1999.751,-1.99978,-1.999751
2,2kg,2,2,29,COM16,2026-03-12 20:41:04,86343,2651,2.651,-1998.901,-1999.624,-1.998901,-1.999624
2,2kg,2,2,30,COM16,2026-03-12 20:41:04,86443,2751,2.751,-1999.058,-1999.539,-1.999058,-1.999539
2,2kg,2,2,31,COM16,2026-03-12 20:41:04,86543,2851,2.851,-1999.83,-1999.583,-1.99983,-1.999583
2,2kg,2,2,32,COM16,2026-03-12 20:41:04,86643,2951,2.951,-1999.758,-1999.609,-1.999758,-1.999609
2,2kg,2,2,33,COM16,2026-03-12 20:41:04,86743,3051,3.051,-1999.577,-1999.604,-1.999577,-1.999604
2,2kg,2,2,34,COM16,2026-03-12 20:41:04,86843,3151,3.151,-1998.217,-1999.396,-1.998217,-1.999396
2,2kg,2,2,35,COM16,2026-03-12 20:41:04,86943,3251,3.251,-1997.819,-1999.16,-1.997819,-1.99916
2,2kg,2,2,36,COM16,2026-03-12 20:41:04,87043,3351,3.351,-1997.805,-1998.956,-1.997805,-1.998956
2,2kg,2,2,37,COM16,2026-03-12 20:41:04,87093,3401,3.401,-1998.242,-1998.849,-1.998242,-1.998849
2,2kg,2,2,38,COM16,2026-03-12 20:41:04,87193,3501,3.501,-1998.94,-1998.863,-1.99894,-1.998863
2,2kg,2,2,39,COM16,2026-03-12 20:41:04,87293,3601,3.601,-1998.868,-1998.864,-1.998868,-1.998864
2,2kg,2,2,40,COM16,2026-03-12 20:41:04,87393,3701,3.701,-1999.835,-1999.01,-1.999835,-1.99901
2,2kg,2,2,41,COM16,2026-03-12 20:41:04,87493,3801,3.801,-2000.03,-1999.163,-2.00003,-1.999163
2,2kg,2,2,42,COM16,2026-03-12 20:41:04,87593,3901,3.901,-2000.11,-1999.305,-2.00011,-1.999305
2,2kg,2,2,43,COM16,2026-03-12 20:41:04,87693,4001,4.001,-2000.11,-1999.426,-2.00011,-1.999426
2,2kg,2,2,44,COM16,2026-03-12 20:41:04,87793,4101,4.101,-2000.027,-1999.516,-2.000027,-1.999516
2,2kg,2,2,45,COM16,2026-03-12 20:41:04,87893,4201,4.201,-1999.794,-1999.558,-1.999794,-1.999558
2,2kg,2,2,46,COM16,2026-03-12 20:41:04,87993,4301,4.301,-1999.571,-1999.56,-1.999571,-1.99956
2,2kg,2,2,47,COM16,2026-03-12 20:41:04,88093,4401,4.401,-1998.692,-1999.43,-1.998692,-1.99943
2,2kg,2,2,48,COM16,2026-03-12 20:41:04,88193,4501,4.501,-1998.404,-1999.276,-1.998404,-1.999276
2,2kg,2,2,49,COM16,2026-03-12 20:41:04,88293,4601,4.601,-1999.643,-1999.331,-1.999643,-1.999331
2,2kg,2,2,50,COM16,2026-03-12 20:41:04,88393,4701,4.701,-2000.563,-1999.516,-2.000563,-1.999516
2,2kg,2,2,51,COM16,2026-03-12 20:41:04,88493,4801,4.801,-1999.766,-1999.553,-1.999766,-1.999553
2,2kg,2,2,52,COM16,2026-03-12 20:41:04,88593,4901,4.901,-1998.874,-1999.451,-1.998874,-1.999451
2,2kg,2,2,53,COM16,2026-03-12 20:41:04,88643,4951,4.951,-1999.901,-1999.519,-1.999901,-1.999519
2,2kg,2,2,54,COM16,2026-03-12 20:41:04,88743,5051,5.051,-2000.393,-1999.65,-2.000393,-1.99965
2,2kg,2,2,55,COM16,2026-03-12 20:41:04,88843,5151,5.151,-2001.299,-1999.898,-2.001299,-1.999898
2,2kg,2,2,56,COM16,2026-03-12 20:41:04,88943,5251,5.251,-2001.014,-2000.065,-2.001014,-2.000065
2,2kg,2,2,57,COM16,2026-03-12 20:41:04,89043,5351,5.351,-1999.97,-2000.051,-1.99997,-2.000051
2,2kg,2,2,58,COM16,2026-03-12 20:41:04,89143,5451,5.451,-1999.08,-1999.905,-1.99908,-1.999905
2,2kg,2,2,59,COM16,2026-03-12 20:41:04,89243,5551,5.551,-1998.731,-1999.729,-1.998731,-1.999729
2,2kg,2,2,60,COM16,2026-03-12 20:41:04,89343,5651,5.651,-1999.354,-1999.673,-1.999354,-1.999673
2,2kg,2,2,61,COM16,2026-03-12 20:41:04,89443,5751,5.751,-2000.203,-1999.752,-2.000203,-1.999752
2,2kg,2,2,62,COM16,2026-03-12 20:41:04,89543,5851,5.851,-2000.86,-1999.919,-2.00086,-1.999919
2,2kg,2,2,63,COM16,2026-03-12 20:41:04,89643,5951,5.951,-1999.385,-1999.839,-1.999385,-1.999839
2,2kg,2,2,64,COM16,2026-03-12 20:41:04,89743,6051,6.051,-1998.808,-1999.684,-1.998808,-1.999684
2,2kg,2,2,65,COM16,2026-03-12 20:41:04,89843,6151,6.151,-1999.662,-1999.681,-1.999662,-1.999681
2,2kg,2,2,66,COM16,2026-03-12 20:41:04,89943,6251,6.251,-1999.942,-1999.72,-1.999942,-1.99972
2,2kg,2,2,67,COM16,2026-03-12 20:41:04,90043,6351,6.351,-1998.854,-1999.59,-1.998854,-1.99959
2,2kg,2,2,68,COM16,2026-03-12 20:41:04,90093,6401,6.401,-1999.624,-1999.595,-1.999624,-1.999595
2,2kg,2,2,69,COM16,2026-03-12 20:41:04,90193,6501,6.501,-1998.992,-1999.505,-1.998992,-1.999505
2,2kg,2,2,70,COM16,2026-03-12 20:41:04,90293,6601,6.601,-1998.269,-1999.32,-1.998269,-1.99932
2,2kg,2,2,71,COM16,2026-03-12 20:41:04,90393,6701,6.701,-1998.53,-1999.201,-1.99853,-1.999201
2,2kg,2,2,72,COM16,2026-03-12 20:41:04,90493,6801,6.801,-1998.574,-1999.107,-1.998574,-1.999107
2,2kg,2,2,73,COM16,2026-03-12 20:41:04,90593,6901,6.901,-1999.662,-1999.19,-1.999662,-1.99919
2,2kg,2,2,74,COM16,2026-03-12 20:41:04,90693,7001,7.001,-1999.253,-1999.2,-1.999253,-1.9992
2,2kg,2,2,75,COM16,2026-03-12 20:41:04,90793,7101,7.101,-1999.143,-1999.191,-1.999143,-1.999191
2,2kg,2,2,76,COM16,2026-03-12 20:41:04,90893,7201,7.201,-1999.571,-1999.248,-1.999571,-1.999248
2,2kg,2,2,77,COM16,2026-03-12 20:41:04,90993,7301,7.301,-2000.687,-1999.464,-2.000687,-1.999464
2,2kg,2,2,78,COM16,2026-03-12 20:41:04,91093,7401,7.401,-2000.093,-1999.559,-2.000093,-1.999559
2,2kg,2,2,79,COM16,2026-03-12 20:41:04,91193,7501,7.501,-1997.841,-1999.301,-1.997841,-1.999301
2,2kg,2,2,80,COM16,2026-03-12 20:41:04,91293,7601,7.601,-1999.209,-1999.287,-1.999209,-1.999287
2,2kg,2,2,81,COM16,2026-03-12 20:41:04,91393,7701,7.701,-2000.003,-1999.395,-2.000003,-1.999395
2,2kg,2,2,82,COM16,2026-03-12 20:41:04,91493,7801,7.801,-1998.975,-1999.332,-1.998975,-1.999332
2,2kg,2,2,83,COM16,2026-03-12 20:41:04,91593,7901,7.901,-1999.159,-1999.306,-1.999159,-1.999306
2,2kg,2,2,84,COM16,2026-03-12 20:41:04,91643,7951,7.951,-1999.772,-1999.376,-1.999772,-1.999376
2,2kg,2,2,85,COM16,2026-03-12 20:41:04,91743,8051,8.051,-2001.78,-1999.737,-2.00178,-1.999737
2,2kg,2,2,86,COM16,2026-03-12 20:41:04,91843,8151,8.151,-2000.558,-1999.86,-2.000558,-1.99986
2,2kg,2,2,87,COM16,2026-03-12 20:41:04,91943,8251,8.251,-1999.132,-1999.751,-1.999132,-1.999751
2,2kg,2,2,88,COM16,2026-03-12 20:41:04,92043,8351,8.351,-1998.929,-1999.628,-1.998929,-1.999628
2,2kg,2,2,89,COM16,2026-03-12 20:41:04,92143,8451,8.451,-2000.121,-1999.702,-2.000121,-1.999702
2,2kg,2,2,90,COM16,2026-03-12 20:41:04,92243,8551,8.551,-2001.071,-1999.907,-2.001071,-1.999907
2,2kg,2,2,91,COM16,2026-03-12 20:41:04,92343,8651,8.651,-2000.698,-2000.026,-2.000698,-2.000026
2,2kg,2,2,92,COM16,2026-03-12 20:41:04,92443,8751,8.751,-2000.591,-2000.111,-2.000591,-2.000111
2,2kg,2,2,93,COM16,2026-03-12 20:41:04,92543,8851,8.851,-2000.316,-2000.141,-2.000316,-2.000141
2,2kg,2,2,94,COM16,2026-03-12 20:41:04,92643,8951,8.951,-2000.025,-2000.124,-2.000025,-2.000124
2,2kg,2,2,95,COM16,2026-03-12 20:41:04,92743,9051,9.051,-1999.709,-2000.062,-1.999709,-2.000062
2,2kg,2,2,96,COM16,2026-03-12 20:41:04,92843,9151,9.151,-1999.923,-2000.041,-1.999923,-2.000041
2,2kg,2,2,97,COM16,2026-03-12 20:41:04,92943,9251,9.251,-2001.162,-2000.209,-2.001162,-2.000209
2,2kg,2,2,98,COM16,2026-03-12 20:41:04,93043,9351,9.351,-2000.937,-2000.318,-2.000937,-2.000318
2,2kg,2,2,99,COM16,2026-03-12 20:41:04,93093,9401,9.401,-1999.942,-2000.262,-1.999942,-2.000262
2,2kg,2,2,100,COM16,2026-03-12 20:41:04,93193,9501,9.501,-2000.176,-2000.249,-2.000176,-2.000249
2,2kg,2,2,101,COM16,2026-03-12 20:41:04,93293,9601,9.601,-2000.805,-2000.332,-2.000805,-2.000332
2,2kg,2,2,102,COM16,2026-03-12 20:41:04,93393,9701,9.701,-2001.409,-2000.494,-2.001409,-2.000494
2,2kg,2,2,103,COM16,2026-03-12 20:41:04,93493,9801,9.801,-2001.14,-2000.591,-2.00114,-2.000591
2,2kg,2,2,104,COM16,2026-03-12 20:41:04,93593,9901,9.901,-1999.898,-2000.487,-1.999898,-2.000487
2,2kg,2,2,105,COM16,2026-03-12 20:41:04,93693,10001,10.001,-1999.299,-2000.309,-1.999299,-2.000309
2,2kg,2,2,106,COM16,2026-03-12 20:41:04,93793,10101,10.101,-2000.451,-2000.33,-2.000451,-2.00033
2,2kg,2,2,107,COM16,2026-03-12 20:41:04,93893,10201,10.201,-2000.371,-2000.336,-2.000371,-2.000336
2,2kg,2,2,108,COM16,2026-03-12 20:41:04,93993,10301,10.301,-2000.06,-2000.295,-2.00006,-2.000295
2,2kg,2,2,109,COM16,2026-03-12 20:41:04,94093,10401,10.401,-2001.033,-2000.406,-2.001033,-2.000406
2,2kg,2,2,110,COM16,2026-03-12 20:41:04,94193,10501,10.501,-2000.536,-2000.425,-2.000536,-2.000425
2,2kg,2,2,111,COM16,2026-03-12 20:41:04,94293,10601,10.601,-1999.368,-2000.267,-1.999368,-2.000267
2,2kg,2,2,112,COM16,2026-03-12 20:41:04,94393,10701,10.701,-2000.327,-2000.276,-2.000327,-2.000276
2,2kg,2,2,113,COM16,2026-03-12 20:41:04,94493,10801,10.801,-2000.143,-2000.256,-2.000143,-2.000256
2,2kg,2,2,114,COM16,2026-03-12 20:41:04,94593,10901,10.901,-1999.335,-2000.118,-1.999335,-2.000118
2,2kg,2,2,115,COM16,2026-03-12 20:41:04,94643,10951,10.951,-1998.989,-1999.949,-1.998989,-1.999949
2,2kg,2,2,116,COM16,2026-03-12 20:41:04,94743,11051,11.051,-1999.047,-1999.813,-1.999047,-1.999813
2,2kg,2,2,117,COM16,2026-03-12 20:41:04,94843,11151,11.151,-1999.593,-1999.781,-1.999593,-1.999781
2,2kg,2,2,118,COM16,2026-03-12 20:41:04,94943,11251,11.251,-2000.11,-1999.83,-2.00011,-1.99983
2,2kg,2,2,119,COM16,2026-03-12 20:41:04,95043,11351,11.351,-2000.959,-1999.999,-2.000959,-1.999999
2,2kg,2,2,120,COM16,2026-03-12 20:41:04,95143,11451,11.451,-2000.049,-2000.007,-2.000049,-2.000007
2,2kg,2,2,121,COM16,2026-03-12 20:41:04,95243,11551,11.551,-2000.363,-2000.06,-2.000363,-2.00006
2,2kg,2,2,122,COM16,2026-03-12 20:41:04,95343,11651,11.651,-2001.102,-2000.217,-2.001102,-2.000217
2,2kg,2,2,123,COM16,2026-03-12 20:41:04,95443,11751,11.751,-2000.025,-2000.188,-2.000025,-2.000188
2,2kg,2,2,124,COM16,2026-03-12 20:41:04,95543,11851,11.851,-1998.168,-1999.885,-1.998168,-1.999885
2,2kg,2,2,125,COM16,2026-03-12 20:41:04,95643,11951,11.951,-1999.206,-1999.783,-1.999206,-1.999783
2,2kg,2,2,126,COM16,2026-03-12 20:41:04,95743,12051,12.051,-1999.791,-1999.784,-1.999791,-1.999784
2,2kg,2,2,127,COM16,2026-03-12 20:41:04,95843,12151,12.151,-1999.291,-1999.71,-1.999291,-1.99971
2,2kg,2,2,128,COM16,2026-03-12 20:41:04,95943,12251,12.251,-1999.159,-1999.628,-1.999159,-1.999628
2,2kg,2,2,129,COM16,2026-03-12 20:41:04,96043,12351,12.351,-1999.72,-1999.642,-1.99972,-1.999642
2,2kg,2,2,130,COM16,2026-03-12 20:41:04,96143,12451,12.451,-2001.387,-1999.904,-2.001387,-1.999904
2,2kg,2,2,131,COM16,2026-03-12 20:41:04,96193,12501,12.501,-2001.706,-2000.174,-2.001706,-2.000174
2,2kg,2,2,132,COM16,2026-03-12 20:41:04,96293,12601,12.601,-2001.104,-2000.314,-2.001104,-2.000314
2,2kg,2,2,133,COM16,2026-03-12 20:41:04,96393,12701,12.701,-1999.876,-2000.248,-1.999876,-2.000248
2,2kg,2,2,134,COM16,2026-03-12 20:41:04,96493,12801,12.801,-2000.195,-2000.24,-2.000195,-2.00024
2,2kg,2,2,135,COM16,2026-03-12 20:41:04,96593,12901,12.901,-1999.505,-2000.13,-1.999505,-2.00013
2,2kg,2,2,136,COM16,2026-03-12 20:41:04,96693,13001,13.001,-2000.19,-2000.139,-2.00019,-2.000139
2,2kg,2,2,137,COM16,2026-03-12 20:41:04,96793,13101,13.101,-2001.093,-2000.282,-2.001093,-2.000282
2,2kg,2,2,138,COM16,2026-03-12 20:41:04,96893,13201,13.201,-2000.349,-2000.292,-2.000349,-2.000292
2,2kg,2,2,139,COM16,2026-03-12 20:41:04,96993,13301,13.301,-2000.552,-2000.331,-2.000552,-2.000331
2,2kg,2,2,140,COM16,2026-03-12 20:41:04,97093,13401,13.401,-2000.201,-2000.312,-2.000201,-2.000312
2,2kg,2,2,141,COM16,2026-03-12 20:41:04,97193,13501,13.501,-1998.629,-2000.06,-1.998629,-2.00006
2,2kg,2,2,142,COM16,2026-03-12 20:41:04,97293,13601,13.601,-1999.47,-1999.971,-1.99947,-1.999971
2,2kg,2,2,143,COM16,2026-03-12 20:41:04,97393,13701,13.701,-2000.728,-2000.085,-2.000728,-2.000085
2,2kg,2,2,144,COM16,2026-03-12 20:41:04,97493,13801,13.801,-2001.236,-2000.257,-2.001236,-2.000257
2,2kg,2,2,145,COM16,2026-03-12 20:41:04,97593,13901,13.901,-2001.225,-2000.403,-2.001225,-2.000403
2,2kg,2,2,146,COM16,2026-03-12 20:41:04,97693,14001,14.001,-2000.56,-2000.427,-2.00056,-2.000427
2,2kg,2,2,147,COM16,2026-03-12 20:41:04,97743,14051,14.051,-1999.885,-2000.345,-1.999885,-2.000345
2,2kg,2,2,148,COM16,2026-03-12 20:41:04,97843,14151,14.151,-2000.434,-2000.359,-2.000434,-2.000359
2,2kg,2,2,149,COM16,2026-03-12 20:41:04,97943,14251,14.251,-2001.165,-2000.479,-2.001165,-2.000479
2,2kg,2,2,150,COM16,2026-03-12 20:41:04,98043,14351,14.351,-1999.876,-2000.389,-1.999876,-2.000389
2,2kg,2,2,151,COM16,2026-03-12 20:41:04,98143,14451,14.451,-1999.657,-2000.279,-1.999657,-2.000279
2,2kg,2,2,152,COM16,2026-03-12 20:41:04,98243,14551,14.551,-1999.86,-2000.216,-1.99986,-2.000216
2,2kg,2,2,153,COM16,2026-03-12 20:41:04,98343,14651,14.651,-1998.975,-2000.03,-1.998975,-2.00003
2,2kg,2,2,154,COM16,2026-03-12 20:41:04,98443,14751,14.751,-2000.294,-2000.07,-2.000294,-2.00007
2,2kg,2,2,155,COM16,2026-03-12 20:41:04,98543,14851,14.851,-2000.467,-2000.13,-2.000467,-2.00013
2,2kg,2,2,156,COM16,2026-03-12 20:41:04,98643,14951,14.951,-2000.357,-2000.164,-2.000357,-2.000164
2,2kg,2,2,157,COM16,2026-03-12 20:41:04,98743,15051,15.051,-2000.832,-2000.264,-2.000832,-2.000264
2,2kg,2,2,158,COM16,2026-03-12 20:41:04,98843,15151,15.151,-1999.953,-2000.218,-1.999953,-2.000218
2,2kg,2,2,159,COM16,2026-03-12 20:41:04,98943,15251,15.251,-2001.363,-2000.389,-2.001363,-2.000389
2,2kg,2,2,160,COM16,2026-03-12 20:41:04,99043,15351,15.351,-2001.071,-2000.492,-2.001071,-2.000492
2,2kg,2,2,161,COM16,2026-03-12 20:41:04,99143,15451,15.451,-2000.668,-2000.518,-2.000668,-2.000518
2,2kg,2,2,162,COM16,2026-03-12 20:41:04,99193,15501,15.501,-2000.764,-2000.555,-2.000764,-2.000555
2,2kg,2,2,163,COM16,2026-03-12 20:41:04,99293,15601,15.601,-2000.473,-2000.543,-2.000473,-2.000543
2,2kg,2,2,164,COM16,2026-03-12 20:41:04,99393,15701,15.701,-1999.714,-2000.419,-1.999714,-2.000419
2,2kg,2,2,165,COM16,2026-03-12 20:41:04,99493,15801,15.801,-1999.242,-2000.242,-1.999242,-2.000242
2,2kg,2,2,166,COM16,2026-03-12 20:41:04,99593,15901,15.901,-1999.981,-2000.203,-1.999981,-2.000203
2,2kg,2,2,167,COM16,2026-03-12 20:41:04,99693,16001,16.001,-1998.761,-1999.987,-1.998761,-1.999987
2,2kg,2,2,168,COM16,2026-03-12 20:41:04,99793,16101,16.101,-1999.332,-1999.889,-1.999332,-1.999889
2,2kg,2,2,169,COM16,2026-03-12 20:41:04,99893,16201,16.201,-2000.527,-1999.984,-2.000527,-1.999984
2,2kg,2,2,170,COM16,2026-03-12 20:41:04,99993,16301,16.301,-2000.005,-1999.988,-2.000005,-1.999988
2,2kg,2,2,171,COM16,2026-03-12 20:41:04,100093,16401,16.401,-1999.467,-1999.91,-1.999467,-1.99991
2,2kg,2,2,172,COM16,2026-03-12 20:41:04,100193,16501,16.501,-1998.495,-1999.697,-1.998495,-1.999697
2,2kg,2,2,173,COM16,2026-03-12 20:41:04,100293,16601,16.601,-1999.434,-1999.658,-1.999434,-1.999658
2,2kg,2,2,174,COM16,2026-03-12 20:41:04,100393,16701,16.701,-2000.646,-1999.806,-2.000646,-1.999806
2,2kg,2,2,175,COM16,2026-03-12 20:41:04,100493,16801,16.801,-2001.376,-2000.042,-2.001376,-2.000042
2,2kg,2,2,176,COM16,2026-03-12 20:41:04,100593,16901,16.901,-2000.602,-2000.126,-2.000602,-2.000126
2,2kg,2,2,177,COM16,2026-03-12 20:41:04,100693,17001,17.001,-1999.324,-2000.006,-1.999324,-2.000006
2,2kg,2,2,178,COM16,2026-03-12 20:41:04,100743,17051,17.051,-1999.275,-1999.896,-1.999275,-1.999896
2,2kg,2,2,179,COM16,2026-03-12 20:41:04,100843,17151,17.151,-1998.662,-1999.711,-1.998662,-1.999711
2,2kg,2,2,180,COM16,2026-03-12 20:41:04,100943,17251,17.251,-1998.519,-1999.532,-1.998519,-1.999532
2,2kg,2,2,181,COM16,2026-03-12 20:41:04,101043,17351,17.351,-1999.47,-1999.523,-1.99947,-1.999523
2,2kg,2,2,182,COM16,2026-03-12 20:41:04,101143,17451,17.451,-1999.409,-1999.506,-1.999409,-1.999506
2,2kg,2,2,183,COM16,2026-03-12 20:41:04,101243,17551,17.551,-1999.393,-1999.489,-1.999393,-1.999489
2,2kg,2,2,184,COM16,2026-03-12 20:41:04,101343,17651,17.651,-2000.316,-1999.613,-2.000316,-1.999613
2,2kg,2,2,185,COM16,2026-03-12 20:41:04,101443,17751,17.751,-2000.827,-1999.795,-2.000827,-1.999795
2,2kg,2,2,186,COM16,2026-03-12 20:41:04,101543,17851,17.851,-2000.374,-1999.882,-2.000374,-1.999882
2,2kg,2,2,187,COM16,2026-03-12 20:41:04,101643,17951,17.951,-1999.846,-1999.877,-1.999846,-1.999877
2,2kg,2,2,188,COM16,2026-03-12 20:41:04,101743,18051,18.051,-1999.39,-1999.804,-1.99939,-1.999804
2,2kg,2,2,189,COM16,2026-03-12 20:41:04,101843,18151,18.151,-1999.044,-1999.69,-1.999044,-1.99969
2,2kg,2,2,190,COM16,2026-03-12 20:41:04,101943,18251,18.251,-1999.456,-1999.655,-1.999456,-1.999655
2,2kg,2,2,191,COM16,2026-03-12 20:41:04,102043,18351,18.351,-1999.723,-1999.665,-1.999723,-1.999665
2,2kg,2,2,192,COM16,2026-03-12 20:41:04,102143,18451,18.451,-2000.423,-1999.779,-2.000423,-1.999779
2,2kg,2,2,193,COM16,2026-03-12 20:41:04,102243,18551,18.551,-2000.766,-1999.927,-2.000766,-1.999927
2,2kg,2,2,194,COM16,2026-03-12 20:41:04,102293,18601,18.601,-1998.874,-1999.769,-1.998874,-1.999769
2,2kg,2,2,195,COM16,2026-03-12 20:41:04,102393,18701,18.701,-1999.489,-1999.727,-1.999489,-1.999727
2,2kg,2,2,196,COM16,2026-03-12 20:41:04,102493,18801,18.801,-1999.349,-1999.67,-1.999349,-1.99967
2,2kg,2,2,197,COM16,2026-03-12 20:41:04,102593,18901,18.901,-1999.319,-1999.618,-1.999319,-1.999618
2,2kg,2,2,198,COM16,2026-03-12 20:41:04,102693,19001,19.001,-1998.332,-1999.425,-1.998332,-1.999425
2,2kg,2,2,199,COM16,2026-03-12 20:41:04,102793,19101,19.101,-1998.58,-1999.298,-1.99858,-1.999298
2,2kg,2,2,200,COM16,2026-03-12 20:41:04,102893,19201,19.201,-2000.511,-1999.48,-2.000511,-1.99948
2,2kg,2,2,201,COM16,2026-03-12 20:41:04,102993,19301,19.301,-2000.22,-1999.591,-2.00022,-1.999591
2,2kg,2,2,202,COM16,2026-03-12 20:41:04,103093,19401,19.401,-1999.445,-1999.569,-1.999445,-1.999569
2,2kg,2,2,203,COM16,2026-03-12 20:41:04,103193,19501,19.501,-1999.739,-1999.595,-1.999739,-1.999595
2,2kg,2,2,204,COM16,2026-03-12 20:41:04,103293,19601,19.601,-1999.698,-1999.61,-1.999698,-1.99961
2,2kg,2,2,205,COM16,2026-03-12 20:41:04,103393,19701,19.701,-1999.091,-1999.532,-1.999091,-1.999532
2,2kg,2,2,206,COM16,2026-03-12 20:41:04,103493,19801,19.801,-2000.288,-1999.646,-2.000288,-1.999646
2,2kg,2,2,207,COM16,2026-03-12 20:41:04,103593,19901,19.901,-1999.986,-1999.697,-1.999986,-1.999697
2,2kg,2,2,208,COM16,2026-03-12 20:41:04,103693,20001,20.001,-1999.462,-1999.662,-1.999462,-1.999662
2,2kg,2,2,209,COM16,2026-03-12 20:41:04,103743,20051,20.051,-1999.989,-1999.711,-1.999989,-1.999711
2,2kg,2,2,210,COM16,2026-03-12 20:41:04,103843,20151,20.151,-2000.129,-1999.774,-2.000129,-1.999774
3,2kg,2,3,1,COM16,2026-03-12 20:41:27,111820,2,0.002,-2000.566,-2000.566,-2.000566,-2.000566
3,2kg,2,3,2,COM16,2026-03-12 20:41:27,111920,102,0.102,-2001.717,-2000.739,-2.001717,-2.000739
3,2kg,2,3,3,COM16,2026-03-12 20:41:27,112020,202,0.202,-2000.404,-2000.688,-2.000404,-2.000688
3,2kg,2,3,4,COM16,2026-03-12 20:41:27,112070,252,0.252,-2000.758,-2000.699,-2.000758,-2.000699
3,2kg,2,3,5,COM16,2026-03-12 20:41:27,112170,352,0.352,-2001.385,-2000.802,-2.001385,-2.000802
3,2kg,2,3,6,COM16,2026-03-12 20:41:27,112270,452,0.452,-2000.407,-2000.743,-2.000407,-2.000743
3,2kg,2,3,7,COM16,2026-03-12 20:41:27,112370,552,0.552,-1999.929,-2000.621,-1.999929,-2.000621
3,2kg,2,3,8,COM16,2026-03-12 20:41:27,112470,652,0.652,-2000.442,-2000.594,-2.000442,-2.000594
3,2kg,2,3,9,COM16,2026-03-12 20:41:27,112570,752,0.752,-2000.665,-2000.605,-2.000665,-2.000605
3,2kg,2,3,10,COM16,2026-03-12 20:41:27,112670,852,0.852,-2001.011,-2000.666,-2.001011,-2.000666
3,2kg,2,3,11,COM16,2026-03-12 20:41:27,112770,952,0.952,-2000.11,-2000.582,-2.00011,-2.000582
3,2kg,2,3,12,COM16,2026-03-12 20:41:27,112870,1052,1.052,-1999.651,-2000.443,-1.999651,-2.000443
3,2kg,2,3,13,COM16,2026-03-12 20:41:27,112970,1152,1.152,-1999.874,-2000.357,-1.999874,-2.000357
3,2kg,2,3,14,COM16,2026-03-12 20:41:27,113070,1252,1.252,-1999.516,-2000.231,-1.999516,-2.000231
3,2kg,2,3,15,COM16,2026-03-12 20:41:27,113170,1352,1.352,-1998.695,-2000.001,-1.998695,-2.000001
3,2kg,2,3,16,COM16,2026-03-12 20:41:27,113270,1452,1.452,-1998.635,-1999.796,-1.998635,-1.999796
3,2kg,2,3,17,COM16,2026-03-12 20:41:27,113370,1552,1.552,-2000.239,-1999.862,-2.000239,-1.999862
3,2kg,2,3,18,COM16,2026-03-12 20:41:27,113470,1652,1.652,-2000.849,-2000.01,-2.000849,-2.00001
3,2kg,2,3,19,COM16,2026-03-12 20:41:27,113570,1752,1.752,-2000.324,-2000.057,-2.000324,-2.000057
3,2kg,2,3,20,COM16,2026-03-12 20:41:27,113620,1802,1.802,-1999.536,-1999.979,-1.999536,-1.999979
3,2kg,2,3,21,COM16,2026-03-12 20:41:27,113720,1902,1.902,-1999.783,-1999.95,-1.999783,-1.99995
3,2kg,2,3,22,COM16,2026-03-12 20:41:27,113820,2002,2.002,-2000.475,-2000.029,-2.000475,-2.000029
3,2kg,2,3,23,COM16,2026-03-12 20:41:27,113920,2102,2.102,-1999.887,-2000.008,-1.999887,-2.000008
3,2kg,2,3,24,COM16,2026-03-12 20:41:27,114020,2202,2.202,-2000.124,-2000.025,-2.000124,-2.000025
3,2kg,2,3,25,COM16,2026-03-12 20:41:27,114120,2302,2.302,-2000.143,-2000.043,-2.000143,-2.000043
3,2kg,2,3,26,COM16,2026-03-12 20:41:27,114220,2402,2.402,-1999.451,-1999.954,-1.999451,-1.999954
3,2kg,2,3,27,COM16,2026-03-12 20:41:27,114320,2502,2.502,-2000.052,-1999.969,-2.000052,-1.999969
3,2kg,2,3,28,COM16,2026-03-12 20:41:27,114420,2602,2.602,-2001.294,-2000.168,-2.001294,-2.000168
3,2kg,2,3,29,COM16,2026-03-12 20:41:27,114520,2702,2.702,-2000.739,-2000.253,-2.000739,-2.000253
3,2kg,2,3,30,COM16,2026-03-12 20:41:27,114620,2802,2.802,-1999.47,-2000.136,-1.99947,-2.000136
3,2kg,2,3,31,COM16,2026-03-12 20:41:27,114720,2902,2.902,-1999.088,-1999.979,-1.999088,-1.999979
3,2kg,2,3,32,COM16,2026-03-12 20:41:27,114820,3002,3.002,-1999.102,-1999.847,-1.999102,-1.999847
3,2kg,2,3,33,COM16,2026-03-12 20:41:27,114920,3102,3.102,-2001.071,-2000.031,-2.001071,-2.000031
3,2kg,2,3,34,COM16,2026-03-12 20:41:27,115020,3202,3.202,-1999.69,-1999.98,-1.99969,-1.99998
3,2kg,2,3,35,COM16,2026-03-12 20:41:27,115120,3302,3.302,-1999.673,-1999.934,-1.999673,-1.999934
3,2kg,2,3,36,COM16,2026-03-12 20:41:27,115170,3352,3.352,-1999.783,-1999.911,-1.999783,-1.999911
3,2kg,2,3,37,COM16,2026-03-12 20:41:27,115270,3452,3.452,-2000.297,-1999.969,-2.000297,-1.999969
3,2kg,2,3,38,COM16,2026-03-12 20:41:27,115370,3552,3.552,-2000.162,-1999.998,-2.000162,-1.999998
3,2kg,2,3,39,COM16,2026-03-12 20:41:27,115470,3652,3.652,-2000.857,-2000.127,-2.000857,-2.000127
3,2kg,2,3,40,COM16,2026-03-12 20:41:27,115570,3752,3.752,-2000.269,-2000.148,-2.000269,-2.000148
3,2kg,2,3,41,COM16,2026-03-12 20:41:27,115670,3852,3.852,-1998.882,-1999.958,-1.998882,-1.999958
3,2kg,2,3,42,COM16,2026-03-12 20:41:27,115770,3952,3.952,-1999.242,-1999.851,-1.999242,-1.999851
3,2kg,2,3,43,COM16,2026-03-12 20:41:27,115870,4052,4.052,-2000.404,-1999.934,-2.000404,-1.999934
3,2kg,2,3,44,COM16,2026-03-12 20:41:27,115970,4152,4.152,-1999.874,-1999.925,-1.999874,-1.999925
3,2kg,2,3,45,COM16,2026-03-12 20:41:27,116070,4252,4.252,-1999.874,-1999.917,-1.999874,-1.999917
3,2kg,2,3,46,COM16,2026-03-12 20:41:27,116170,4352,4.352,-2001.11,-2000.096,-2.00111,-2.000096
3,2kg,2,3,47,COM16,2026-03-12 20:41:27,116270,4452,4.452,-1999.764,-2000.047,-1.999764,-2.000047
3,2kg,2,3,48,COM16,2026-03-12 20:41:27,116370,4552,4.552,-1999.464,-1999.959,-1.999464,-1.999959
3,2kg,2,3,49,COM16,2026-03-12 20:41:27,116470,4652,4.652,-1999.769,-1999.931,-1.999769,-1.999931
3,2kg,2,3,50,COM16,2026-03-12 20:41:27,116570,4752,4.752,-2000.533,-2000.021,-2.000533,-2.000021
3,2kg,2,3,51,COM16,2026-03-12 20:41:27,116620,4802,4.802,-2000.231,-2000.053,-2.000231,-2.000053
3,2kg,2,3,52,COM16,2026-03-12 20:41:27,116720,4902,4.902,-2000.398,-2000.105,-2.000398,-2.000105
3,2kg,2,3,53,COM16,2026-03-12 20:41:27,116820,5002,5.002,-2000.86,-2000.218,-2.00086,-2.000218
3,2kg,2,3,54,COM16,2026-03-12 20:41:27,116920,5102,5.102,-2001.593,-2000.424,-2.001593,-2.000424
3,2kg,2,3,55,COM16,2026-03-12 20:41:27,117020,5202,5.202,-2000.92,-2000.499,-2.00092,-2.000499
3,2kg,2,3,56,COM16,2026-03-12 20:41:27,117120,5302,5.302,-1999.621,-2000.367,-1.999621,-2.000367
3,2kg,2,3,57,COM16,2026-03-12 20:41:27,117220,5402,5.402,-2001.118,-2000.48,-2.001118,-2.00048
3,2kg,2,3,58,COM16,2026-03-12 20:41:27,117320,5502,5.502,-2001.253,-2000.596,-2.001253,-2.000596
3,2kg,2,3,59,COM16,2026-03-12 20:41:27,117420,5602,5.602,-2000.475,-2000.578,-2.000475,-2.000578
3,2kg,2,3,60,COM16,2026-03-12 20:41:27,117520,5702,5.702,-2000.038,-2000.497,-2.000038,-2.000497
3,2kg,2,3,61,COM16,2026-03-12 20:41:27,117620,5802,5.802,-2001.445,-2000.639,-2.001445,-2.000639
3,2kg,2,3,62,COM16,2026-03-12 20:41:27,117720,5902,5.902,-2001.011,-2000.695,-2.001011,-2.000695
3,2kg,2,3,63,COM16,2026-03-12 20:41:27,117820,6002,6.002,-1999.731,-2000.55,-1.999731,-2.00055
3,2kg,2,3,64,COM16,2026-03-12 20:41:27,117920,6102,6.102,-1999.022,-2000.321,-1.999022,-2.000321
3,2kg,2,3,65,COM16,2026-03-12 20:41:27,118020,6202,6.202,-1998.819,-2000.096,-1.998819,-2.000096
3,2kg,2,3,66,COM16,2026-03-12 20:41:27,118120,6302,6.302,-2000.299,-2000.126,-2.000299,-2.000126
3,2kg,2,3,67,COM16,2026-03-12 20:41:27,118170,6352,6.352,-2000.571,-2000.193,-2.000571,-2.000193
3,2kg,2,3,68,COM16,2026-03-12 20:41:27,118270,6452,6.452,-2000.357,-2000.218,-2.000357,-2.000218
3,2kg,2,3,69,COM16,2026-03-12 20:41:27,118370,6552,6.552,-2000.962,-2000.33,-2.000962,-2.00033
3,2kg,2,3,70,COM16,2026-03-12 20:41:27,118470,6652,6.652,-2001.788,-2000.548,-2.001788,-2.000548
3,2kg,2,3,71,COM16,2026-03-12 20:41:27,118570,6752,6.752,-2000.547,-2000.548,-2.000547,-2.000548
3,2kg,2,3,72,COM16,2026-03-12 20:41:27,118670,6852,6.852,-1999.852,-2000.444,-1.999852,-2.000444
3,2kg,2,3,73,COM16,2026-03-12 20:41:27,118770,6952,6.952,-2000.124,-2000.396,-2.000124,-2.000396
3,2kg,2,3,74,COM16,2026-03-12 20:41:27,118870,7052,7.052,-1999.503,-2000.262,-1.999503,-2.000262
3,2kg,2,3,75,COM16,2026-03-12 20:41:27,118970,7152,7.152,-1999.527,-2000.152,-1.999527,-2.000152
3,2kg,2,3,76,COM16,2026-03-12 20:41:27,119070,7252,7.252,-1999.495,-2000.053,-1.999495,-2.000053
3,2kg,2,3,77,COM16,2026-03-12 20:41:27,119170,7352,7.352,-1999.272,-1999.936,-1.999272,-1.999936
3,2kg,2,3,78,COM16,2026-03-12 20:41:27,119270,7452,7.452,-1999.876,-1999.927,-1.999876,-1.999927
3,2kg,2,3,79,COM16,2026-03-12 20:41:27,119370,7552,7.552,-2000.739,-2000.049,-2.000739,-2.000049
3,2kg,2,3,80,COM16,2026-03-12 20:41:27,119470,7652,7.652,-2001.78,-2000.309,-2.00178,-2.000309
3,2kg,2,3,81,COM16,2026-03-12 20:41:27,119570,7752,7.752,-2001.473,-2000.483,-2.001473,-2.000483
3,2kg,2,3,82,COM16,2026-03-12 20:41:27,119670,7852,7.852,-2001.462,-2000.63,-2.001462,-2.00063
3,2kg,2,3,83,COM16,2026-03-12 20:41:27,119720,7902,7.902,-1999.44,-2000.452,-1.99944,-2.000452
3,2kg,2,3,84,COM16,2026-03-12 20:41:27,119820,8002,8.002,-1998.841,-2000.21,-1.998841,-2.00021
3,2kg,2,3,85,COM16,2026-03-12 20:41:27,119920,8102,8.102,-1999.099,-2000.043,-1.999099,-2.000043
3,2kg,2,3,86,COM16,2026-03-12 20:41:27,120020,8202,8.202,-1999.442,-1999.953,-1.999442,-1.999953
3,2kg,2,3,87,COM16,2026-03-12 20:41:27,120120,8302,8.302,-2000.497,-2000.035,-2.000497,-2.000035
3,2kg,2,3,88,COM16,2026-03-12 20:41:27,120220,8402,8.402,-2000.401,-2000.09,-2.000401,-2.00009
3,2kg,2,3,89,COM16,2026-03-12 20:41:27,120320,8502,8.502,-2001.536,-2000.307,-2.001536,-2.000307
3,2kg,2,3,90,COM16,2026-03-12 20:41:27,120420,8602,8.602,-1998.788,-2000.079,-1.998788,-2.000079
3,2kg,2,3,91,COM16,2026-03-12 20:41:27,120520,8702,8.702,-1998.151,-1999.79,-1.998151,-1.99979
3,2kg,2,3,92,COM16,2026-03-12 20:41:27,120620,8802,8.802,-1999.5,-1999.747,-1.9995,-1.999747
3,2kg,2,3,93,COM16,2026-03-12 20:41:27,120720,8902,8.902,-1999.596,-1999.724,-1.999596,-1.999724
3,2kg,2,3,94,COM16,2026-03-12 20:41:27,120820,9002,9.002,-1999.368,-1999.671,-1.999368,-1.999671
3,2kg,2,3,95,COM16,2026-03-12 20:41:27,120920,9102,9.102,-1999.398,-1999.63,-1.999398,-1.99963
3,2kg,2,3,96,COM16,2026-03-12 20:41:27,121020,9202,9.202,-1999.299,-1999.58,-1.999299,-1.99958
3,2kg,2,3,97,COM16,2026-03-12 20:41:27,121120,9302,9.302,-1999.558,-1999.577,-1.999558,-1.999577
3,2kg,2,3,98,COM16,2026-03-12 20:41:27,121170,9352,9.352,-2001.83,-1999.915,-2.00183,-1.999915
3,2kg,2,3,99,COM16,2026-03-12 20:41:27,121270,9452,9.452,-2001.94,-2000.219,-2.00194,-2.000219
3,2kg,2,3,100,COM16,2026-03-12 20:41:27,121370,9552,9.552,-1999.706,-2000.142,-1.999706,-2.000142
3,2kg,2,3,101,COM16,2026-03-12 20:41:27,121470,9652,9.652,-1999.511,-2000.047,-1.999511,-2.000047
3,2kg,2,3,102,COM16,2026-03-12 20:41:27,121570,9752,9.752,-2001.297,-2000.235,-2.001297,-2.000235
3,2kg,2,3,103,COM16,2026-03-12 20:41:27,121670,9852,9.852,-2001.297,-2000.394,-2.001297,-2.000394
3,2kg,2,3,104,COM16,2026-03-12 20:41:27,121770,9952,9.952,-2000.995,-2000.484,-2.000995,-2.000484
3,2kg,2,3,105,COM16,2026-03-12 20:41:27,121870,10052,10.052,-2000.137,-2000.432,-2.000137,-2.000432
3,2kg,2,3,106,COM16,2026-03-12 20:41:27,121970,10152,10.152,-2000.481,-2000.44,-2.000481,-2.00044
3,2kg,2,3,107,COM16,2026-03-12 20:41:27,122070,10252,10.252,-2000.865,-2000.504,-2.000865,-2.000504
3,2kg,2,3,108,COM16,2026-03-12 20:41:27,122170,10352,10.352,-1999.527,-2000.357,-1.999527,-2.000357
3,2kg,2,3,109,COM16,2026-03-12 20:41:27,122270,10452,10.452,-1998.635,-2000.099,-1.998635,-2.000099
3,2kg,2,3,110,COM16,2026-03-12 20:41:27,122370,10552,10.552,-1998.484,-1999.857,-1.998484,-1.999857
3,2kg,2,3,111,COM16,2026-03-12 20:41:27,122470,10652,10.652,-1998.143,-1999.6,-1.998143,-1.9996
3,2kg,2,3,112,COM16,2026-03-12 20:41:27,122570,10752,10.752,-1998.937,-1999.5,-1.998937,-1.9995
3,2kg,2,3,113,COM16,2026-03-12 20:41:27,122670,10852,10.852,-2000.871,-1999.706,-2.000871,-1.999706
3,2kg,2,3,114,COM16,2026-03-12 20:41:27,122720,10902,10.902,-2000.484,-1999.823,-2.000484,-1.999823
3,2kg,2,3,115,COM16,2026-03-12 20:41:27,122820,11002,11.002,-1999.527,-1999.778,-1.999527,-1.999778
3,2kg,2,3,116,COM16,2026-03-12 20:41:27,122920,11102,11.102,-1999.788,-1999.78,-1.999788,-1.99978
3,2kg,2,3,117,COM16,2026-03-12 20:41:27,123020,11202,11.202,-1999.742,-1999.774,-1.999742,-1.999774
3,2kg,2,3,118,COM16,2026-03-12 20:41:27,123120,11302,11.302,-2000.049,-1999.816,-2.000049,-1.999816
3,2kg,2,3,119,COM16,2026-03-12 20:41:27,123220,11402,11.402,-2000.613,-1999.935,-2.000613,-1.999935
3,2kg,2,3,120,COM16,2026-03-12 20:41:27,123320,11502,11.502,-2000.547,-2000.027,-2.000547,-2.000027
3,2kg,2,3,121,COM16,2026-03-12 20:41:27,123420,11602,11.602,-2000.379,-2000.08,-2.000379,-2.00008
3,2kg,2,3,122,COM16,2026-03-12 20:41:27,123520,11702,11.702,-2000.953,-2000.211,-2.000953,-2.000211
3,2kg,2,3,123,COM16,2026-03-12 20:41:27,123620,11802,11.802,-2001.484,-2000.402,-2.001484,-2.000402
3,2kg,2,3,124,COM16,2026-03-12 20:41:27,123720,11902,11.902,-2000.907,-2000.478,-2.000907,-2.000478
3,2kg,2,3,125,COM16,2026-03-12 20:41:27,123820,12002,12.002,-1999.569,-2000.341,-1.999569,-2.000341
3,2kg,2,3,126,COM16,2026-03-12 20:41:27,123920,12102,12.102,-2000.412,-2000.352,-2.000412,-2.000352
3,2kg,2,3,127,COM16,2026-03-12 20:41:27,124020,12202,12.202,-1999.723,-2000.258,-1.999723,-2.000258
3,2kg,2,3,128,COM16,2026-03-12 20:41:27,124120,12302,12.302,-2000.113,-2000.236,-2.000113,-2.000236
3,2kg,2,3,129,COM16,2026-03-12 20:41:27,124220,12402,12.402,-2000.467,-2000.271,-2.000467,-2.000271
3,2kg,2,3,130,COM16,2026-03-12 20:41:27,124270,12452,12.452,-1998.698,-2000.035,-1.998698,-2.000035
3,2kg,2,3,131,COM16,2026-03-12 20:41:27,124370,12552,12.552,-2000.821,-2000.153,-2.000821,-2.000153
3,2kg,2,3,132,COM16,2026-03-12 20:41:27,124470,12652,12.652,-2000.92,-2000.268,-2.00092,-2.000268
3,2kg,2,3,133,COM16,2026-03-12 20:41:27,124570,12752,12.752,-2000.31,-2000.275,-2.00031,-2.000275
3,2kg,2,3,134,COM16,2026-03-12 20:41:27,124670,12852,12.852,-2000.61,-2000.325,-2.00061,-2.000325
3,2kg,2,3,135,COM16,2026-03-12 20:41:27,124770,12952,12.952,-2002.055,-2000.584,-2.002055,-2.000584
3,2kg,2,3,136,COM16,2026-03-12 20:41:27,124870,13052,13.052,-1999.893,-2000.481,-1.999893,-2.000481
3,2kg,2,3,137,COM16,2026-03-12 20:41:27,124970,13152,13.152,-1999.165,-2000.283,-1.999165,-2.000283
3,2kg,2,3,138,COM16,2026-03-12 20:41:27,125070,13252,13.252,-2000.577,-2000.327,-2.000577,-2.000327
3,2kg,2,3,139,COM16,2026-03-12 20:41:27,125170,13352,13.352,-2000.684,-2000.381,-2.000684,-2.000381
3,2kg,2,3,140,COM16,2026-03-12 20:41:27,125270,13452,13.452,-2000.599,-2000.414,-2.000599,-2.000414
3,2kg,2,3,141,COM16,2026-03-12 20:41:27,125370,13552,13.552,-1999.849,-2000.329,-1.999849,-2.000329
3,2kg,2,3,142,COM16,2026-03-12 20:41:27,125470,13652,13.652,-1999.093,-2000.144,-1.999093,-2.000144
3,2kg,2,3,143,COM16,2026-03-12 20:41:27,125570,13752,13.752,-1998.893,-1999.956,-1.998893,-1.999956
3,2kg,2,3,144,COM16,2026-03-12 20:41:27,125670,13852,13.852,-1999.887,-1999.946,-1.999887,-1.999946
3,2kg,2,3,145,COM16,2026-03-12 20:41:27,125720,13902,13.902,-1998.901,-1999.789,-1.998901,-1.999789
3,2kg,2,3,146,COM16,2026-03-12 20:41:27,125820,14002,14.002,-1998.687,-1999.624,-1.998687,-1.999624
3,2kg,2,3,147,COM16,2026-03-12 20:41:27,125920,14102,14.102,-2000.236,-1999.716,-2.000236,-1.999716
3,2kg,2,3,148,COM16,2026-03-12 20:41:27,126020,14202,14.202,-1999.981,-1999.756,-1.999981,-1.999756
3,2kg,2,3,149,COM16,2026-03-12 20:41:27,126120,14302,14.302,-1998.582,-1999.58,-1.998582,-1.99958
3,2kg,2,3,150,COM16,2026-03-12 20:41:27,126220,14402,14.402,-1998.808,-1999.464,-1.998808,-1.999464
3,2kg,2,3,151,COM16,2026-03-12 20:41:27,126320,14502,14.502,-1998.94,-1999.385,-1.99894,-1.999385
3,2kg,2,3,152,COM16,2026-03-12 20:41:27,126420,14602,14.602,-1999.349,-1999.38,-1.999349,-1.99938
3,2kg,2,3,153,COM16,2026-03-12 20:41:27,126520,14702,14.702,-1999.505,-1999.399,-1.999505,-1.999399
3,2kg,2,3,154,COM16,2026-03-12 20:41:27,126620,14802,14.802,-1999.264,-1999.379,-1.999264,-1.999379
3,2kg,2,3,155,COM16,2026-03-12 20:41:27,126720,14902,14.902,-1999.571,-1999.407,-1.999571,-1.999407
3,2kg,2,3,156,COM16,2026-03-12 20:41:27,126820,15002,15.002,-1999.187,-1999.374,-1.999187,-1.999374
3,2kg,2,3,157,COM16,2026-03-12 20:41:27,126920,15102,15.102,-1999.723,-1999.427,-1.999723,-1.999427
3,2kg,2,3,158,COM16,2026-03-12 20:41:27,127020,15202,15.202,-1999.533,-1999.443,-1.999533,-1.999443
3,2kg,2,3,159,COM16,2026-03-12 20:41:27,127120,15302,15.302,-1999.225,-1999.41,-1.999225,-1.99941
3,2kg,2,3,160,COM16,2026-03-12 20:41:27,127220,15402,15.402,-2000.212,-1999.53,-2.000212,-1.99953
3,2kg,2,3,161,COM16,2026-03-12 20:41:27,127270,15452,15.452,-2001.027,-1999.755,-2.001027,-1.999755
3,2kg,2,3,162,COM16,2026-03-12 20:41:27,127370,15552,15.552,-2000.659,-1999.891,-2.000659,-1.999891
3,2kg,2,3,163,COM16,2026-03-12 20:41:27,127470,15652,15.652,-2000.063,-1999.917,-2.000063,-1.999917
3,2kg,2,3,164,COM16,2026-03-12 20:41:27,127570,15752,15.752,-2000.255,-1999.968,-2.000255,-1.999968
4,4kg,4,1,1,COM16,2026-03-12 20:43:21,221092,2,0.002,-3942.695,-3942.695,-3.942695,-3.942695
4,4kg,4,1,2,COM16,2026-03-12 20:43:21,221142,52,0.052,-3942.942,-3942.732,-3.942942,-3.942732
4,4kg,4,1,3,COM16,2026-03-12 20:43:21,221242,152,0.152,-3942.717,-3942.73,-3.942717,-3.94273
4,4kg,4,1,4,COM16,2026-03-12 20:43:21,221292,202,0.202,-3941.662,-3942.57,-3.941662,-3.94257
4,4kg,4,1,5,COM16,2026-03-12 20:43:21,221392,302,0.302,-3941.412,-3942.396,-3.941412,-3.942396
4,4kg,4,1,6,COM16,2026-03-12 20:43:21,221492,402,0.402,-3942.97,-3942.483,-3.94297,-3.942483
4,4kg,4,1,7,COM16,2026-03-12 20:43:21,221592,502,0.502,-3943.069,-3942.571,-3.943069,-3.942571
4,4kg,4,1,8,COM16,2026-03-12 20:43:21,221692,602,0.602,-3942.423,-3942.549,-3.942423,-3.942549
4,4kg,4,1,9,COM16,2026-03-12 20:43:21,221792,702,0.702,-3943.239,-3942.652,-3.943239,-3.942652
4,4kg,4,1,10,COM16,2026-03-12 20:43:21,221892,802,0.802,-3942.42,-3942.618,-3.94242,-3.942618
4,4kg,4,1,11,COM16,2026-03-12 20:43:21,221992,902,0.902,-3941.374,-3942.431,-3.941374,-3.942431
4,4kg,4,1,12,COM16,2026-03-12 20:43:21,222092,1002,1.002,-3943.311,-3942.563,-3.943311,-3.942563
4,4kg,4,1,13,COM16,2026-03-12 20:43:21,222192,1102,1.102,-3943.811,-3942.75,-3.943811,-3.94275
4,4kg,4,1,14,COM16,2026-03-12 20:43:21,222292,1202,1.202,-3943.917,-3942.926,-3.943917,-3.942926
4,4kg,4,1,15,COM16,2026-03-12 20:43:21,222392,1302,1.302,-3941.698,-3942.741,-3.941698,-3.942741
4,4kg,4,1,16,COM16,2026-03-12 20:43:21,222492,1402,1.402,-3941.264,-3942.52,-3.941264,-3.94252
4,4kg,4,1,17,COM16,2026-03-12 20:43:21,222592,1502,1.502,-3941.428,-3942.356,-3.941428,-3.942356
4,4kg,4,1,18,COM16,2026-03-12 20:43:21,222692,1602,1.602,-3941.506,-3942.229,-3.941506,-3.942229
4,4kg,4,1,19,COM16,2026-03-12 20:43:21,222792,1702,1.702,-3942.83,-3942.319,-3.94283,-3.942319
4,4kg,4,1,20,COM16,2026-03-12 20:43:21,222842,1752,1.752,-3942.428,-3942.336,-3.942428,-3.942336
4,4kg,4,1,21,COM16,2026-03-12 20:43:21,222942,1852,1.852,-3941.222,-3942.169,-3.941222,-3.942169
4,4kg,4,1,22,COM16,2026-03-12 20:43:21,223042,1952,1.952,-3941.278,-3942.035,-3.941278,-3.942035
4,4kg,4,1,23,COM16,2026-03-12 20:43:21,223142,2052,2.052,-3942.03,-3942.034,-3.94203,-3.942034
4,4kg,4,1,24,COM16,2026-03-12 20:43:21,223242,2152,2.152,-3941.489,-3941.953,-3.941489,-3.941953
4,4kg,4,1,25,COM16,2026-03-12 20:43:21,223342,2252,2.252,-3943.594,-3942.199,-3.943594,-3.942199
4,4kg,4,1,26,COM16,2026-03-12 20:43:21,223442,2352,2.352,-3944.074,-3942.48,-3.944074,-3.94248
4,4kg,4,1,27,COM16,2026-03-12 20:43:21,223542,2452,2.452,-3942.472,-3942.479,-3.942472,-3.942479
4,4kg,4,1,28,COM16,2026-03-12 20:43:21,223642,2552,2.552,-3941.393,-3942.316,-3.941393,-3.942316
4,4kg,4,1,29,COM16,2026-03-12 20:43:21,223742,2652,2.652,-3941.937,-3942.26,-3.941937,-3.94226
4,4kg,4,1,30,COM16,2026-03-12 20:43:21,223842,2752,2.752,-3943.604,-3942.461,-3.943604,-3.942461
4,4kg,4,1,31,COM16,2026-03-12 20:43:21,223942,2852,2.852,-3942.461,-3942.461,-3.942461,-3.942461
4,4kg,4,1,32,COM16,2026-03-12 20:43:21,224042,2952,2.952,-3941.835,-3942.368,-3.941835,-3.942368
4,4kg,4,1,33,COM16,2026-03-12 20:43:21,224142,3052,3.052,-3942.341,-3942.364,-3.942341,-3.942364
4,4kg,4,1,34,COM16,2026-03-12 20:43:21,224242,3152,3.152,-3942.519,-3942.387,-3.942519,-3.942387
4,4kg,4,1,35,COM16,2026-03-12 20:43:21,224342,3252,3.252,-3941.981,-3942.326,-3.941981,-3.942326
4,4kg,4,1,36,COM16,2026-03-12 20:43:21,224392,3302,3.302,-3942.118,-3942.295,-3.942118,-3.942295
4,4kg,4,1,37,COM16,2026-03-12 20:43:21,224492,3402,3.402,-3942.508,-3942.327,-3.942508,-3.942327
4,4kg,4,1,38,COM16,2026-03-12 20:43:21,224592,3502,3.502,-3942.406,-3942.339,-3.942406,-3.942339
4,4kg,4,1,39,COM16,2026-03-12 20:43:21,224692,3602,3.602,-3942.387,-3942.347,-3.942387,-3.942347
4,4kg,4,1,40,COM16,2026-03-12 20:43:21,224792,3702,3.702,-3942.816,-3942.417,-3.942816,-3.942417
4,4kg,4,1,41,COM16,2026-03-12 20:43:21,224892,3802,3.802,-3942.626,-3942.449,-3.942626,-3.942449
4,4kg,4,1,42,COM16,2026-03-12 20:43:21,224992,3902,3.902,-3941.275,-3942.273,-3.941275,-3.942273
4,4kg,4,1,43,COM16,2026-03-12 20:43:21,225092,4002,4.002,-3942.278,-3942.273,-3.942278,-3.942273
4,4kg,4,1,44,COM16,2026-03-12 20:43:21,225192,4102,4.102,-3943.341,-3942.434,-3.943341,-3.942434
4,4kg,4,1,45,COM16,2026-03-12 20:43:21,225292,4202,4.202,-3942.844,-3942.495,-3.942844,-3.942495
4,4kg,4,1,46,COM16,2026-03-12 20:43:21,225392,4302,4.302,-3941.909,-3942.407,-3.941909,-3.942407
4,4kg,4,1,47,COM16,2026-03-12 20:43:21,225492,4402,4.402,-3942.536,-3942.427,-3.942536,-3.942427
4,4kg,4,1,48,COM16,2026-03-12 20:43:21,225592,4502,4.502,-3942.385,-3942.42,-3.942385,-3.94242
4,4kg,4,1,49,COM16,2026-03-12 20:43:21,225692,4602,4.602,-3941.478,-3942.279,-3.941478,-3.942279
4,4kg,4,1,50,COM16,2026-03-12 20:43:21,225792,4702,4.702,-3943.11,-3942.404,-3.94311,-3.942404
4,4kg,4,1,51,COM16,2026-03-12 20:43:21,225892,4802,4.802,-3942.654,-3942.441,-3.942654,-3.942441
4,4kg,4,1,52,COM16,2026-03-12 20:43:21,225942,4852,4.852,-3943.344,-3942.577,-3.943344,-3.942577
4,4kg,4,1,53,COM16,2026-03-12 20:43:21,226042,4952,4.952,-3943.126,-3942.659,-3.943126,-3.942659
4,4kg,4,1,54,COM16,2026-03-12 20:43:21,226142,5052,5.052,-3942.558,-3942.644,-3.942558,-3.942644
4,4kg,4,1,55,COM16,2026-03-12 20:43:21,226242,5152,5.152,-3942.651,-3942.645,-3.942651,-3.942645
4,4kg,4,1,56,COM16,2026-03-12 20:43:21,226342,5252,5.252,-3941.953,-3942.542,-3.941953,-3.942542
4,4kg,4,1,57,COM16,2026-03-12 20:43:21,226442,5352,5.352,-3942.835,-3942.586,-3.942835,-3.942586
4,4kg,4,1,58,COM16,2026-03-12 20:43:21,226542,5452,5.452,-3943.061,-3942.657,-3.943061,-3.942657
4,4kg,4,1,59,COM16,2026-03-12 20:43:21,226642,5552,5.552,-3942.591,-3942.647,-3.942591,-3.942647
4,4kg,4,1,60,COM16,2026-03-12 20:43:21,226742,5652,5.652,-3942.508,-3942.626,-3.942508,-3.942626
4,4kg,4,1,61,COM16,2026-03-12 20:43:21,226842,5752,5.752,-3941.876,-3942.514,-3.941876,-3.942514
4,4kg,4,1,62,COM16,2026-03-12 20:43:21,226942,5852,5.852,-3941.365,-3942.342,-3.941365,-3.942342
4,4kg,4,1,63,COM16,2026-03-12 20:43:21,227042,5952,5.952,-3943.148,-3942.463,-3.943148,-3.942463
4,4kg,4,1,64,COM16,2026-03-12 20:43:21,227142,6052,6.052,-3943.228,-3942.578,-3.943228,-3.942578
4,4kg,4,1,65,COM16,2026-03-12 20:43:21,227242,6152,6.152,-3942.363,-3942.546,-3.942363,-3.942546
4,4kg,4,1,66,COM16,2026-03-12 20:43:21,227342,6252,6.252,-3942.747,-3942.576,-3.942747,-3.942576
4,4kg,4,1,67,COM16,2026-03-12 20:43:21,227442,6352,6.352,-3944.25,-3942.827,-3.94425,-3.942827
4,4kg,4,1,68,COM16,2026-03-12 20:43:21,227492,6402,6.402,-3943.989,-3943.001,-3.943989,-3.943001
4,4kg,4,1,69,COM16,2026-03-12 20:43:21,227592,6502,6.502,-3943.187,-3943.029,-3.943187,-3.943029
4,4kg,4,1,70,COM16,2026-03-12 20:43:21,227692,6602,6.602,-3942.703,-3942.98,-3.942703,-3.94298
4,4kg,4,1,71,COM16,2026-03-12 20:43:21,227792,6702,6.702,-3942.503,-3942.909,-3.942503,-3.942909
4,4kg,4,1,72,COM16,2026-03-12 20:43:21,227892,6802,6.802,-3941.278,-3942.664,-3.941278,-3.942664
4,4kg,4,1,73,COM16,2026-03-12 20:43:21,227992,6902,6.902,-3941.594,-3942.504,-3.941594,-3.942504
4,4kg,4,1,74,COM16,2026-03-12 20:43:21,228092,7002,7.002,-3942.624,-3942.522,-3.942624,-3.942522
4,4kg,4,1,75,COM16,2026-03-12 20:43:21,228192,7102,7.102,-3943.167,-3942.619,-3.943167,-3.942619
4,4kg,4,1,76,COM16,2026-03-12 20:43:21,228292,7202,7.202,-3942.744,-3942.637,-3.942744,-3.942637
4,4kg,4,1,77,COM16,2026-03-12 20:43:21,228392,7302,7.302,-3941.841,-3942.518,-3.941841,-3.942518
4,4kg,4,1,78,COM16,2026-03-12 20:43:21,228492,7402,7.402,-3941.786,-3942.408,-3.941786,-3.942408
4,4kg,4,1,79,COM16,2026-03-12 20:43:21,228592,7502,7.502,-3942.876,-3942.479,-3.942876,-3.942479
4,4kg,4,1,80,COM16,2026-03-12 20:43:21,228692,7602,7.602,-3943.146,-3942.579,-3.943146,-3.942579
4,4kg,4,1,81,COM16,2026-03-12 20:43:21,228792,7702,7.702,-3942.453,-3942.56,-3.942453,-3.94256
4,4kg,4,1,82,COM16,2026-03-12 20:43:21,228892,7802,7.802,-3942.709,-3942.582,-3.942709,-3.942582
4,4kg,4,1,83,COM16,2026-03-12 20:43:21,228942,7852,7.852,-3942.354,-3942.548,-3.942354,-3.942548
4,4kg,4,1,84,COM16,2026-03-12 20:43:21,229042,7952,7.952,-3943.269,-3942.657,-3.943269,-3.942657
4,4kg,4,1,85,COM16,2026-03-12 20:43:21,229142,8052,8.052,-3942.269,-3942.599,-3.942269,-3.942599
4,4kg,4,1,86,COM16,2026-03-12 20:43:21,229242,8152,8.152,-3942.665,-3942.609,-3.942665,-3.942609
4,4kg,4,1,87,COM16,2026-03-12 20:43:21,229342,8252,8.252,-3941.854,-3942.496,-3.941854,-3.942496
4,4kg,4,1,88,COM16,2026-03-12 20:43:21,229442,8352,8.352,-3941.986,-3942.419,-3.941986,-3.942419
4,4kg,4,1,89,COM16,2026-03-12 20:43:21,229542,8452,8.452,-3942.181,-3942.384,-3.942181,-3.942384
4,4kg,4,1,90,COM16,2026-03-12 20:43:21,229642,8552,8.552,-3942.445,-3942.393,-3.942445,-3.942393
4,4kg,4,1,91,COM16,2026-03-12 20:43:21,229742,8652,8.652,-3942.074,-3942.345,-3.942074,-3.942345
4,4kg,4,1,92,COM16,2026-03-12 20:43:21,229842,8752,8.752,-3942.945,-3942.435,-3.942945,-3.942435
4,4kg,4,1,93,COM16,2026-03-12 20:43:21,229942,8852,8.852,-3942.327,-3942.419,-3.942327,-3.942419
4,4kg,4,1,94,COM16,2026-03-12 20:43:21,230042,8952,8.952,-3941.797,-3942.326,-3.941797,-3.942326
4,4kg,4,1,95,COM16,2026-03-12 20:43:21,230142,9052,9.052,-3943.22,-3942.46,-3.94322,-3.94246
4,4kg,4,1,96,COM16,2026-03-12 20:43:21,230242,9152,9.152,-3943.849,-3942.668,-3.943849,-3.942668
4,4kg,4,1,97,COM16,2026-03-12 20:43:21,230342,9252,9.252,-3943.189,-3942.747,-3.943189,-3.942747
4,4kg,4,1,98,COM16,2026-03-12 20:43:21,230442,9352,9.352,-3942.733,-3942.745,-3.942733,-3.942745
4,4kg,4,1,99,COM16,2026-03-12 20:43:21,230492,9402,9.402,-3941.42,-3942.546,-3.94142,-3.942546
4,4kg,4,1,100,COM16,2026-03-12 20:43:21,230592,9502,9.502,-3942.428,-3942.529,-3.942428,-3.942529
4,4kg,4,1,101,COM16,2026-03-12 20:43:21,230692,9602,9.602,-3942.846,-3942.577,-3.942846,-3.942577
4,4kg,4,1,102,COM16,2026-03-12 20:43:21,230792,9702,9.702,-3941.558,-3942.424,-3.941558,-3.942424
4,4kg,4,1,103,COM16,2026-03-12 20:43:21,230892,9802,9.802,-3941.494,-3942.284,-3.941494,-3.942284
4,4kg,4,1,104,COM16,2026-03-12 20:43:21,230992,9902,9.902,-3942.684,-3942.344,-3.942684,-3.942344
4,4kg,4,1,105,COM16,2026-03-12 20:43:21,231092,10002,10.002,-3943.401,-3942.503,-3.943401,-3.942503
4,4kg,4,1,106,COM16,2026-03-12 20:43:21,231192,10102,10.102,-3943.256,-3942.616,-3.943256,-3.942616
4,4kg,4,1,107,COM16,2026-03-12 20:43:21,231292,10202,10.202,-3942.434,-3942.589,-3.942434,-3.942589
4,4kg,4,1,108,COM16,2026-03-12 20:43:21,231392,10302,10.302,-3942.742,-3942.612,-3.942742,-3.942612
4,4kg,4,1,109,COM16,2026-03-12 20:43:21,231492,10402,10.402,-3942.822,-3942.644,-3.942822,-3.942644
4,4kg,4,1,110,COM16,2026-03-12 20:43:21,231592,10502,10.502,-3942.406,-3942.608,-3.942406,-3.942608
4,4kg,4,1,111,COM16,2026-03-12 20:43:21,231692,10602,10.602,-3941.607,-3942.458,-3.941607,-3.942458
4,4kg,4,1,112,COM16,2026-03-12 20:43:21,231792,10702,10.702,-3940.994,-3942.239,-3.940994,-3.942239
4,4kg,4,1,113,COM16,2026-03-12 20:43:21,231892,10802,10.802,-3942.591,-3942.292,-3.942591,-3.942292
4,4kg,4,1,114,COM16,2026-03-12 20:43:21,231992,10902,10.902,-3943.67,-3942.499,-3.94367,-3.942499
4,4kg,4,1,115,COM16,2026-03-12 20:43:21,232042,10952,10.952,-3942.442,-3942.49,-3.942442,-3.94249
4,4kg,4,1,116,COM16,2026-03-12 20:43:21,232142,11052,11.052,-3942.129,-3942.436,-3.942129,-3.942436
4,4kg,4,1,117,COM16,2026-03-12 20:43:21,232242,11152,11.152,-3942.456,-3942.439,-3.942456,-3.942439
4,4kg,4,1,118,COM16,2026-03-12 20:43:21,232342,11252,11.252,-3942.64,-3942.47,-3.94264,-3.94247
4,4kg,4,1,119,COM16,2026-03-12 20:43:21,232442,11352,11.352,-3943.365,-3942.604,-3.943365,-3.942604
4,4kg,4,1,120,COM16,2026-03-12 20:43:21,232542,11452,11.452,-3942.852,-3942.641,-3.942852,-3.942641
4,4kg,4,1,121,COM16,2026-03-12 20:43:21,232642,11552,11.552,-3943.242,-3942.732,-3.943242,-3.942732
4,4kg,4,1,122,COM16,2026-03-12 20:43:21,232742,11652,11.652,-3943.25,-3942.81,-3.94325,-3.94281
4,4kg,4,1,123,COM16,2026-03-12 20:43:21,232842,11752,11.752,-3943.17,-3942.864,-3.94317,-3.942864
4,4kg,4,1,124,COM16,2026-03-12 20:43:21,232942,11852,11.852,-3942.879,-3942.866,-3.942879,-3.942866
4,4kg,4,1,125,COM16,2026-03-12 20:43:21,233042,11952,11.952,-3941.758,-3942.7,-3.941758,-3.9427
4,4kg,4,1,126,COM16,2026-03-12 20:43:21,233142,12052,12.052,-3942.041,-3942.601,-3.942041,-3.942601
4,4kg,4,1,127,COM16,2026-03-12 20:43:21,233242,12152,12.152,-3942.964,-3942.656,-3.942964,-3.942656
4,4kg,4,1,128,COM16,2026-03-12 20:43:21,233342,12252,12.252,-3943.063,-3942.717,-3.943063,-3.942717
4,4kg,4,1,129,COM16,2026-03-12 20:43:21,233442,12352,12.352,-3943.522,-3942.838,-3.943522,-3.942838
4,4kg,4,1,130,COM16,2026-03-12 20:43:21,233542,12452,12.452,-3943.173,-3942.888,-3.943173,-3.942888
4,4kg,4,1,131,COM16,2026-03-12 20:43:21,233592,12502,12.502,-3942.711,-3942.862,-3.942711,-3.942862
4,4kg,4,1,132,COM16,2026-03-12 20:43:21,233692,12602,12.602,-3944.05,-3943.04,-3.94405,-3.94304
4,4kg,4,1,133,COM16,2026-03-12 20:43:21,233792,12702,12.702,-3943.178,-3943.061,-3.943178,-3.943061
4,4kg,4,1,134,COM16,2026-03-12 20:43:21,233892,12802,12.802,-3942.03,-3942.906,-3.94203,-3.942906
4,4kg,4,1,135,COM16,2026-03-12 20:43:21,233992,12902,12.902,-3942.722,-3942.879,-3.942722,-3.942879
4,4kg,4,1,136,COM16,2026-03-12 20:43:21,234092,13002,13.002,-3943.28,-3942.939,-3.94328,-3.942939
4,4kg,4,1,137,COM16,2026-03-12 20:43:21,234192,13102,13.102,-3943.533,-3943.029,-3.943533,-3.943029
4,4kg,4,1,138,COM16,2026-03-12 20:43:21,234292,13202,13.202,-3942.028,-3942.879,-3.942028,-3.942879
4,4kg,4,1,139,COM16,2026-03-12 20:43:21,234392,13302,13.302,-3940.67,-3942.548,-3.94067,-3.942548
4,4kg,4,1,140,COM16,2026-03-12 20:43:21,234492,13402,13.402,-3941.756,-3942.429,-3.941756,-3.942429
4,4kg,4,1,141,COM16,2026-03-12 20:43:21,234592,13502,13.502,-3942.651,-3942.462,-3.942651,-3.942462
4,4kg,4,1,142,COM16,2026-03-12 20:43:21,234692,13602,13.602,-3943.03,-3942.548,-3.94303,-3.942548
4,4kg,4,1,143,COM16,2026-03-12 20:43:21,234792,13702,13.702,-3942.767,-3942.581,-3.942767,-3.942581
4,4kg,4,1,144,COM16,2026-03-12 20:43:21,234892,13802,13.802,-3943.352,-3942.696,-3.943352,-3.942696
4,4kg,4,1,145,COM16,2026-03-12 20:43:21,234992,13902,13.902,-3941.096,-3942.457,-3.941096,-3.942457
4,4kg,4,1,146,COM16,2026-03-12 20:43:21,235042,13952,13.952,-3941.555,-3942.321,-3.941555,-3.942321
4,4kg,4,1,147,COM16,2026-03-12 20:43:21,235142,14052,14.052,-3942.508,-3942.349,-3.942508,-3.942349
4,4kg,4,1,148,COM16,2026-03-12 20:43:21,235242,14152,14.152,-3943.272,-3942.488,-3.943272,-3.942488
4,4kg,4,1,149,COM16,2026-03-12 20:43:21,235342,14252,14.252,-3942.173,-3942.441,-3.942173,-3.942441
4,4kg,4,1,150,COM16,2026-03-12 20:43:21,235442,14352,14.352,-3942.621,-3942.468,-3.942621,-3.942468
4,4kg,4,1,151,COM16,2026-03-12 20:43:21,235542,14452,14.452,-3942.363,-3942.452,-3.942363,-3.942452
4,4kg,4,1,152,COM16,2026-03-12 20:43:21,235642,14552,14.552,-3941.695,-3942.339,-3.941695,-3.942339
4,4kg,4,1,153,COM16,2026-03-12 20:43:21,235742,14652,14.652,-3942.363,-3942.343,-3.942363,-3.942343
4,4kg,4,1,154,COM16,2026-03-12 20:43:21,235842,14752,14.752,-3943.061,-3942.45,-3.943061,-3.94245
4,4kg,4,1,155,COM16,2026-03-12 20:43:21,235942,14852,14.852,-3942.107,-3942.399,-3.942107,-3.942399
4,4kg,4,1,156,COM16,2026-03-12 20:43:21,236042,14952,14.952,-3942.33,-3942.388,-3.94233,-3.942388
4,4kg,4,1,157,COM16,2026-03-12 20:43:21,236142,15052,15.052,-3942.901,-3942.466,-3.942901,-3.942466
4,4kg,4,1,158,COM16,2026-03-12 20:43:21,236242,15152,15.152,-3943.206,-3942.577,-3.943206,-3.942577
4,4kg,4,1,159,COM16,2026-03-12 20:43:21,236342,15252,15.252,-3944.797,-3942.91,-3.944797,-3.94291
4,4kg,4,1,160,COM16,2026-03-12 20:43:21,236442,15352,15.352,-3943.316,-3942.971,-3.943316,-3.942971
4,4kg,4,1,161,COM16,2026-03-12 20:43:21,236542,15452,15.452,-3942.736,-3942.936,-3.942736,-3.942936
4,4kg,4,1,162,COM16,2026-03-12 20:43:21,236592,15502,15.502,-3943.118,-3942.963,-3.943118,-3.942963
4,4kg,4,1,163,COM16,2026-03-12 20:43:21,236692,15602,15.602,-3942.948,-3942.961,-3.942948,-3.942961
4,4kg,4,1,164,COM16,2026-03-12 20:43:21,236792,15702,15.702,-3942.363,-3942.872,-3.942363,-3.942872
4,4kg,4,1,165,COM16,2026-03-12 20:43:21,236892,15802,15.802,-3940.78,-3942.558,-3.94078,-3.942558
4,4kg,4,1,166,COM16,2026-03-12 20:43:21,236992,15902,15.902,-3941.442,-3942.391,-3.941442,-3.942391
4,4kg,4,1,167,COM16,2026-03-12 20:43:21,237092,16002,16.002,-3942.346,-3942.384,-3.942346,-3.942384
4,4kg,4,1,168,COM16,2026-03-12 20:43:21,237192,16102,16.102,-3943.953,-3942.62,-3.943953,-3.94262
4,4kg,4,1,169,COM16,2026-03-12 20:43:21,237292,16202,16.202,-3943.744,-3942.789,-3.943744,-3.942789
4,4kg,4,1,170,COM16,2026-03-12 20:43:21,237392,16302,16.302,-3942.088,-3942.684,-3.942088,-3.942684
4,4kg,4,1,171,COM16,2026-03-12 20:43:21,237492,16402,16.402,-3941.981,-3942.578,-3.941981,-3.942578
4,4kg,4,1,172,COM16,2026-03-12 20:43:21,237592,16502,16.502,-3942.871,-3942.622,-3.942871,-3.942622
4,4kg,4,1,173,COM16,2026-03-12 20:43:21,237692,16602,16.602,-3941.961,-3942.523,-3.941961,-3.942523
4,4kg,4,1,174,COM16,2026-03-12 20:43:21,237792,16702,16.702,-3943.017,-3942.597,-3.943017,-3.942597
4,4kg,4,1,175,COM16,2026-03-12 20:43:21,237892,16802,16.802,-3945.033,-3942.963,-3.945033,-3.942963
4,4kg,4,1,176,COM16,2026-03-12 20:43:21,237992,16902,16.902,-3943.86,-3943.097,-3.94386,-3.943097
4,4kg,4,1,177,COM16,2026-03-12 20:43:21,238092,17002,17.002,-3943.673,-3943.184,-3.943673,-3.943184
4,4kg,4,1,178,COM16,2026-03-12 20:43:21,238142,17052,17.052,-3943.096,-3943.171,-3.943096,-3.943171
4,4kg,4,1,179,COM16,2026-03-12 20:43:21,238242,17152,17.152,-3943.036,-3943.15,-3.943036,-3.94315
4,4kg,4,1,180,COM16,2026-03-12 20:43:21,238342,17252,17.252,-3944.547,-3943.36,-3.944547,-3.94336
4,4kg,4,1,181,COM16,2026-03-12 20:43:21,238442,17352,17.352,-3944.319,-3943.504,-3.944319,-3.943504
4,4kg,4,1,182,COM16,2026-03-12 20:43:21,238542,17452,17.452,-3943.445,-3943.495,-3.943445,-3.943495
4,4kg,4,1,183,COM16,2026-03-12 20:43:21,238642,17552,17.552,-3943.104,-3943.437,-3.943104,-3.943437
4,4kg,4,1,184,COM16,2026-03-12 20:43:21,238742,17652,17.652,-3943.379,-3943.428,-3.943379,-3.943428
4,4kg,4,1,185,COM16,2026-03-12 20:43:21,238842,17752,17.752,-3942.841,-3943.34,-3.942841,-3.94334
4,4kg,4,1,186,COM16,2026-03-12 20:43:21,238942,17852,17.852,-3943.506,-3943.365,-3.943506,-3.943365
4,4kg,4,1,187,COM16,2026-03-12 20:43:21,239042,17952,17.952,-3944.132,-3943.48,-3.944132,-3.94348
4,4kg,4,1,188,COM16,2026-03-12 20:43:21,239142,18052,18.052,-3944.124,-3943.577,-3.944124,-3.943577
4,4kg,4,1,189,COM16,2026-03-12 20:43:21,239242,18152,18.152,-3942.764,-3943.455,-3.942764,-3.943455
4,4kg,4,1,190,COM16,2026-03-12 20:43:21,239342,18252,18.252,-3942.681,-3943.339,-3.942681,-3.943339
4,4kg,4,1,191,COM16,2026-03-12 20:43:21,239442,18352,18.352,-3944.767,-3943.554,-3.944767,-3.943554
4,4kg,4,1,192,COM16,2026-03-12 20:43:21,239542,18452,18.452,-3945.159,-3943.795,-3.945159,-3.943795
4,4kg,4,1,193,COM16,2026-03-12 20:43:21,239642,18552,18.552,-3943.426,-3943.74,-3.943426,-3.94374
4,4kg,4,1,194,COM16,2026-03-12 20:43:21,239692,18602,18.602,-3942.244,-3943.515,-3.942244,-3.943515
4,4kg,4,1,195,COM16,2026-03-12 20:43:21,239792,18702,18.702,-3942.989,-3943.437,-3.942989,-3.943437
4,4kg,4,1,196,COM16,2026-03-12 20:43:21,239892,18802,18.802,-3943.184,-3943.399,-3.943184,-3.943399
4,4kg,4,1,197,COM16,2026-03-12 20:43:21,239992,18902,18.902,-3943.074,-3943.35,-3.943074,-3.94335
4,4kg,4,1,198,COM16,2026-03-12 20:43:21,240092,19002,19.002,-3941.761,-3943.112,-3.941761,-3.943112
4,4kg,4,1,199,COM16,2026-03-12 20:43:21,240192,19102,19.102,-3942.698,-3943.05,-3.942698,-3.94305
4,4kg,4,1,200,COM16,2026-03-12 20:43:21,240292,19202,19.202,-3942.181,-3942.92,-3.942181,-3.94292
4,4kg,4,1,201,COM16,2026-03-12 20:43:21,240392,19302,19.302,-3942.132,-3942.802,-3.942132,-3.942802
4,4kg,4,1,202,COM16,2026-03-12 20:43:21,240492,19402,19.402,-3943.733,-3942.942,-3.943733,-3.942942
4,4kg,4,1,203,COM16,2026-03-12 20:43:21,240592,19502,19.502,-3942.354,-3942.854,-3.942354,-3.942854
4,4kg,4,1,204,COM16,2026-03-12 20:43:21,240692,19602,19.602,-3941.879,-3942.708,-3.941879,-3.942708
4,4kg,4,1,205,COM16,2026-03-12 20:43:21,240792,19702,19.702,-3942.511,-3942.678,-3.942511,-3.942678
4,4kg,4,1,206,COM16,2026-03-12 20:43:21,240892,19802,19.802,-3943.08,-3942.739,-3.94308,-3.942739
4,4kg,4,1,207,COM16,2026-03-12 20:43:21,240992,19902,19.902,-3942.341,-3942.679,-3.942341,-3.942679
4,4kg,4,1,208,COM16,2026-03-12 20:43:21,241092,20002,20.002,-3941.942,-3942.569,-3.941942,-3.942569
4,4kg,4,1,209,COM16,2026-03-12 20:43:21,241192,20102,20.102,-3941.327,-3942.382,-3.941327,-3.942382
4,4kg,4,1,210,COM16,2026-03-12 20:43:21,241242,20152,20.152,-3942.08,-3942.337,-3.94208,-3.942337
4,4kg,4,1,211,COM16,2026-03-12 20:43:21,241342,20252,20.252,-3944.132,-3942.606,-3.944132,-3.942606
5,4kg,4,2,1,COM16,2026-03-12 20:43:49,251448,2,0.002,-3943.637,-3943.637,-3.943637,-3.943637
5,4kg,4,2,2,COM16,2026-03-12 20:43:49,251548,102,0.102,-3944.316,-3943.74,-3.944316,-3.94374
5,4kg,4,2,3,COM16,2026-03-12 20:43:49,251648,202,0.202,-3943.849,-3943.756,-3.943849,-3.943756
5,4kg,4,2,4,COM16,2026-03-12 20:43:49,251698,252,0.252,-3942.722,-3943.601,-3.942722,-3.943601
5,4kg,4,2,5,COM16,2026-03-12 20:43:49,251798,352,0.352,-3943.967,-3943.656,-3.943967,-3.943656
5,4kg,4,2,6,COM16,2026-03-12 20:43:49,251898,452,0.452,-3943.808,-3943.679,-3.943808,-3.943679
5,4kg,4,2,7,COM16,2026-03-12 20:43:49,251998,552,0.552,-3943.725,-3943.686,-3.943725,-3.943686
5,4kg,4,2,8,COM16,2026-03-12 20:43:49,252098,652,0.652,-3943.439,-3943.649,-3.943439,-3.943649
5,4kg,4,2,9,COM16,2026-03-12 20:43:49,252198,752,0.752,-3943.517,-3943.629,-3.943517,-3.943629
5,4kg,4,2,10,COM16,2026-03-12 20:43:49,252298,852,0.852,-3942.756,-3943.498,-3.942756,-3.943498
5,4kg,4,2,11,COM16,2026-03-12 20:43:49,252398,952,0.952,-3942.536,-3943.354,-3.942536,-3.943354
5,4kg,4,2,12,COM16,2026-03-12 20:43:49,252498,1052,1.052,-3942.129,-3943.17,-3.942129,-3.94317
5,4kg,4,2,13,COM16,2026-03-12 20:43:49,252598,1152,1.152,-3942.539,-3943.076,-3.942539,-3.943076
5,4kg,4,2,14,COM16,2026-03-12 20:43:49,252698,1252,1.252,-3943.876,-3943.196,-3.943876,-3.943196
5,4kg,4,2,15,COM16,2026-03-12 20:43:49,252798,1352,1.352,-3943.456,-3943.235,-3.943456,-3.943235
5,4kg,4,2,16,COM16,2026-03-12 20:43:49,252898,1452,1.452,-3942.981,-3943.197,-3.942981,-3.943197
5,4kg,4,2,17,COM16,2026-03-12 20:43:49,252998,1552,1.552,-3942.805,-3943.138,-3.942805,-3.943138
5,4kg,4,2,18,COM16,2026-03-12 20:43:49,253098,1652,1.652,-3942.709,-3943.074,-3.942709,-3.943074
5,4kg,4,2,19,COM16,2026-03-12 20:43:49,253198,1752,1.752,-3942.417,-3942.975,-3.942417,-3.942975
5,4kg,4,2,20,COM16,2026-03-12 20:43:49,253248,1802,1.802,-3941.486,-3942.752,-3.941486,-3.942752
5,4kg,4,2,21,COM16,2026-03-12 20:43:49,253348,1902,1.902,-3941.874,-3942.62,-3.941874,-3.94262
5,4kg,4,2,22,COM16,2026-03-12 20:43:49,253448,2002,2.002,-3944.222,-3942.861,-3.944222,-3.942861
5,4kg,4,2,23,COM16,2026-03-12 20:43:49,253548,2102,2.102,-3945.083,-3943.194,-3.945083,-3.943194
5,4kg,4,2,24,COM16,2026-03-12 20:43:49,253648,2202,2.202,-3944.187,-3943.343,-3.944187,-3.943343
5,4kg,4,2,25,COM16,2026-03-12 20:43:49,253748,2302,2.302,-3943.528,-3943.371,-3.943528,-3.943371
5,4kg,4,2,26,COM16,2026-03-12 20:43:49,253848,2402,2.402,-3943.338,-3943.366,-3.943338,-3.943366
5,4kg,4,2,27,COM16,2026-03-12 20:43:49,253948,2502,2.502,-3944.646,-3943.558,-3.944646,-3.943558
5,4kg,4,2,28,COM16,2026-03-12 20:43:49,254048,2602,2.602,-3945.113,-3943.791,-3.945113,-3.943791
5,4kg,4,2,29,COM16,2026-03-12 20:43:49,254148,2702,2.702,-3944.7,-3943.927,-3.9447,-3.943927
5,4kg,4,2,30,COM16,2026-03-12 20:43:49,254248,2802,2.802,-3943.506,-3943.864,-3.943506,-3.943864
5,4kg,4,2,31,COM16,2026-03-12 20:43:49,254348,2902,2.902,-3942.997,-3943.734,-3.942997,-3.943734
5,4kg,4,2,32,COM16,2026-03-12 20:43:49,254448,3002,3.002,-3943.464,-3943.694,-3.943464,-3.943694
5,4kg,4,2,33,COM16,2026-03-12 20:43:49,254548,3102,3.102,-3944.739,-3943.851,-3.944739,-3.943851
5,4kg,4,2,34,COM16,2026-03-12 20:43:49,254648,3202,3.202,-3944.646,-3943.97,-3.944646,-3.94397
5,4kg,4,2,35,COM16,2026-03-12 20:43:49,254748,3302,3.302,-3942.89,-3943.808,-3.94289,-3.943808
5,4kg,4,2,36,COM16,2026-03-12 20:43:49,254798,3352,3.352,-3942.714,-3943.645,-3.942714,-3.943645
5,4kg,4,2,37,COM16,2026-03-12 20:43:49,254898,3452,3.452,-3942.89,-3943.531,-3.94289,-3.943531
5,4kg,4,2,38,COM16,2026-03-12 20:43:49,254998,3552,3.552,-3943.775,-3943.568,-3.943775,-3.943568
5,4kg,4,2,39,COM16,2026-03-12 20:43:49,255098,3652,3.652,-3942.448,-3943.4,-3.942448,-3.9434
5,4kg,4,2,40,COM16,2026-03-12 20:43:49,255198,3752,3.752,-3941.39,-3943.099,-3.94139,-3.943099
5,4kg,4,2,41,COM16,2026-03-12 20:43:49,255298,3852,3.852,-3942.561,-3943.018,-3.942561,-3.943018
5,4kg,4,2,42,COM16,2026-03-12 20:43:49,255398,3952,3.952,-3943.879,-3943.147,-3.943879,-3.943147
5,4kg,4,2,43,COM16,2026-03-12 20:43:49,255498,4052,4.052,-3943.209,-3943.157,-3.943209,-3.943157
5,4kg,4,2,44,COM16,2026-03-12 20:43:49,255598,4152,4.152,-3942.797,-3943.103,-3.942797,-3.943103
5,4kg,4,2,45,COM16,2026-03-12 20:43:49,255698,4252,4.252,-3942.813,-3943.06,-3.942813,-3.94306
5,4kg,4,2,46,COM16,2026-03-12 20:43:49,255798,4352,4.352,-3943.459,-3943.12,-3.943459,-3.94312
5,4kg,4,2,47,COM16,2026-03-12 20:43:49,255898,4452,4.452,-3943.846,-3943.229,-3.943846,-3.943229
5,4kg,4,2,48,COM16,2026-03-12 20:43:49,255998,4552,4.552,-3943.591,-3943.283,-3.943591,-3.943283
5,4kg,4,2,49,COM16,2026-03-12 20:43:49,256098,4652,4.652,-3943.997,-3943.39,-3.943997,-3.94339
5,4kg,4,2,50,COM16,2026-03-12 20:43:49,256198,4752,4.752,-3943.646,-3943.429,-3.943646,-3.943429
5,4kg,4,2,51,COM16,2026-03-12 20:43:49,256298,4852,4.852,-3943.371,-3943.42,-3.943371,-3.94342
5,4kg,4,2,52,COM16,2026-03-12 20:43:49,256348,4902,4.902,-3941.871,-3943.188,-3.941871,-3.943188
5,4kg,4,2,53,COM16,2026-03-12 20:43:49,256448,5002,5.002,-3942.45,-3943.078,-3.94245,-3.943078
5,4kg,4,2,54,COM16,2026-03-12 20:43:49,256548,5102,5.102,-3942.687,-3943.019,-3.942687,-3.943019
5,4kg,4,2,55,COM16,2026-03-12 20:43:49,256648,5202,5.202,-3942.992,-3943.015,-3.942992,-3.943015
5,4kg,4,2,56,COM16,2026-03-12 20:43:49,256748,5302,5.302,-3942.225,-3942.896,-3.942225,-3.942896
5,4kg,4,2,57,COM16,2026-03-12 20:43:49,256848,5402,5.402,-3942.917,-3942.9,-3.942917,-3.9429
5,4kg,4,2,58,COM16,2026-03-12 20:43:49,256948,5502,5.502,-3943.124,-3942.934,-3.943124,-3.942934
5,4kg,4,2,59,COM16,2026-03-12 20:43:49,257048,5602,5.602,-3942.195,-3942.823,-3.942195,-3.942823
5,4kg,4,2,60,COM16,2026-03-12 20:43:49,257148,5702,5.702,-3942.508,-3942.776,-3.942508,-3.942776
5,4kg,4,2,61,COM16,2026-03-12 20:43:49,257248,5802,5.802,-3943.898,-3942.944,-3.943898,-3.942944
5,4kg,4,2,62,COM16,2026-03-12 20:43:49,257348,5902,5.902,-3943.006,-3942.954,-3.943006,-3.942954
5,4kg,4,2,63,COM16,2026-03-12 20:43:49,257448,6002,6.002,-3942.572,-3942.896,-3.942572,-3.942896
5,4kg,4,2,64,COM16,2026-03-12 20:43:49,257548,6102,6.102,-3943.272,-3942.953,-3.943272,-3.942953
5,4kg,4,2,65,COM16,2026-03-12 20:43:49,257648,6202,6.202,-3943.335,-3943.01,-3.943335,-3.94301
5,4kg,4,2,66,COM16,2026-03-12 20:43:49,257748,6302,6.302,-3943.124,-3943.027,-3.943124,-3.943027
5,4kg,4,2,67,COM16,2026-03-12 20:43:49,257798,6352,6.352,-3943.253,-3943.061,-3.943253,-3.943061
5,4kg,4,2,68,COM16,2026-03-12 20:43:49,257898,6452,6.452,-3942.744,-3943.014,-3.942744,-3.943014
5,4kg,4,2,69,COM16,2026-03-12 20:43:49,257998,6552,6.552,-3943.184,-3943.04,-3.943184,-3.94304
5,4kg,4,2,70,COM16,2026-03-12 20:43:49,258098,6652,6.652,-3943.928,-3943.173,-3.943928,-3.943173
5,4kg,4,2,71,COM16,2026-03-12 20:43:49,258198,6752,6.752,-3944.055,-3943.305,-3.944055,-3.943305
5,4kg,4,2,72,COM16,2026-03-12 20:43:49,258298,6852,6.852,-3944.547,-3943.492,-3.944547,-3.943492
5,4kg,4,2,73,COM16,2026-03-12 20:43:49,258398,6952,6.952,-3943.525,-3943.497,-3.943525,-3.943497
5,4kg,4,2,74,COM16,2026-03-12 20:43:49,258498,7052,7.052,-3943,-3943.423,-3.943,-3.943423
5,4kg,4,2,75,COM16,2026-03-12 20:43:49,258598,7152,7.152,-3943.852,-3943.487,-3.943852,-3.943487
5,4kg,4,2,76,COM16,2026-03-12 20:43:49,258698,7252,7.252,-3943.173,-3943.44,-3.943173,-3.94344
5,4kg,4,2,77,COM16,2026-03-12 20:43:49,258798,7352,7.352,-3943.333,-3943.424,-3.943333,-3.943424
5,4kg,4,2,78,COM16,2026-03-12 20:43:49,258898,7452,7.452,-3944.176,-3943.537,-3.944176,-3.943537
5,4kg,4,2,79,COM16,2026-03-12 20:43:49,258998,7552,7.552,-3942.885,-3943.439,-3.942885,-3.943439
5,4kg,4,2,80,COM16,2026-03-12 20:43:49,259098,7652,7.652,-3942.569,-3943.309,-3.942569,-3.943309
5,4kg,4,2,81,COM16,2026-03-12 20:43:49,259198,7752,7.752,-3942.264,-3943.152,-3.942264,-3.943152
5,4kg,4,2,82,COM16,2026-03-12 20:43:49,259298,7852,7.852,-3945.308,-3943.476,-3.945308,-3.943476
5,4kg,4,2,83,COM16,2026-03-12 20:43:49,259348,7902,7.902,-3946.783,-3943.972,-3.946783,-3.943972
5,4kg,4,2,84,COM16,2026-03-12 20:43:49,259448,8002,8.002,-3946.761,-3944.39,-3.946761,-3.94439
5,4kg,4,2,85,COM16,2026-03-12 20:43:49,259548,8102,8.102,-3940.89,-3943.865,-3.94089,-3.943865
5,4kg,4,2,86,COM16,2026-03-12 20:43:49,259648,8202,8.202,-3940.725,-3943.395,-3.940725,-3.943395
5,4kg,4,2,87,COM16,2026-03-12 20:43:49,259748,8302,8.302,-3942.651,-3943.283,-3.942651,-3.943283
5,4kg,4,2,88,COM16,2026-03-12 20:43:49,259848,8402,8.402,-3943.137,-3943.261,-3.943137,-3.943261
5,4kg,4,2,89,COM16,2026-03-12 20:43:49,259948,8502,8.502,-3942.572,-3943.158,-3.942572,-3.943158
5,4kg,4,2,90,COM16,2026-03-12 20:43:49,260048,8602,8.602,-3942.156,-3943.008,-3.942156,-3.943008
5,4kg,4,2,91,COM16,2026-03-12 20:43:49,260148,8702,8.702,-3942.978,-3943.004,-3.942978,-3.943004
5,4kg,4,2,92,COM16,2026-03-12 20:43:49,260248,8802,8.802,-3942.912,-3942.99,-3.942912,-3.94299
5,4kg,4,2,93,COM16,2026-03-12 20:43:49,260348,8902,8.902,-3943.808,-3943.113,-3.943808,-3.943113
5,4kg,4,2,94,COM16,2026-03-12 20:43:49,260448,9002,9.002,-3942.591,-3943.034,-3.942591,-3.943034
5,4kg,4,2,95,COM16,2026-03-12 20:43:49,260548,9102,9.102,-3942.184,-3942.907,-3.942184,-3.942907
5,4kg,4,2,96,COM16,2026-03-12 20:43:49,260648,9202,9.202,-3942.091,-3942.785,-3.942091,-3.942785
5,4kg,4,2,97,COM16,2026-03-12 20:43:49,260748,9302,9.302,-3942.305,-3942.713,-3.942305,-3.942713
5,4kg,4,2,98,COM16,2026-03-12 20:43:49,260848,9402,9.402,-3943.189,-3942.784,-3.943189,-3.942784
5,4kg,4,2,99,COM16,2026-03-12 20:43:49,260898,9452,9.452,-3943.074,-3942.828,-3.943074,-3.942828
5,4kg,4,2,100,COM16,2026-03-12 20:43:49,260998,9552,9.552,-3941.357,-3942.608,-3.941357,-3.942608
5,4kg,4,2,101,COM16,2026-03-12 20:43:49,261098,9652,9.652,-3941.393,-3942.426,-3.941393,-3.942426
5,4kg,4,2,102,COM16,2026-03-12 20:43:49,261198,9752,9.752,-3942.775,-3942.478,-3.942775,-3.942478
5,4kg,4,2,103,COM16,2026-03-12 20:43:49,261298,9852,9.852,-3942.747,-3942.519,-3.942747,-3.942519
5,4kg,4,2,104,COM16,2026-03-12 20:43:49,261398,9952,9.952,-3943.327,-3942.64,-3.943327,-3.94264
5,4kg,4,2,105,COM16,2026-03-12 20:43:49,261498,10052,10.052,-3942.906,-3942.68,-3.942906,-3.94268
5,4kg,4,2,106,COM16,2026-03-12 20:43:49,261598,10152,10.152,-3942.764,-3942.693,-3.942764,-3.942693
5,4kg,4,2,107,COM16,2026-03-12 20:43:49,261698,10252,10.252,-3943.121,-3942.757,-3.943121,-3.942757
5,4kg,4,2,108,COM16,2026-03-12 20:43:49,261798,10352,10.352,-3943.096,-3942.808,-3.943096,-3.942808
5,4kg,4,2,109,COM16,2026-03-12 20:43:49,261898,10452,10.452,-3942.717,-3942.794,-3.942717,-3.942794
5,4kg,4,2,110,COM16,2026-03-12 20:43:49,261998,10552,10.552,-3942.189,-3942.704,-3.942189,-3.942704
5,4kg,4,2,111,COM16,2026-03-12 20:43:49,262098,10652,10.652,-3943.596,-3942.838,-3.943596,-3.942838
5,4kg,4,2,112,COM16,2026-03-12 20:43:49,262198,10752,10.752,-3944.563,-3943.097,-3.944563,-3.943097
5,4kg,4,2,113,COM16,2026-03-12 20:43:49,262298,10852,10.852,-3943.698,-3943.187,-3.943698,-3.943187
5,4kg,4,2,114,COM16,2026-03-12 20:43:49,262398,10952,10.952,-3944.011,-3943.311,-3.944011,-3.943311
5,4kg,4,2,115,COM16,2026-03-12 20:43:49,262448,11002,11.002,-3944.327,-3943.463,-3.944327,-3.943463
5,4kg,4,2,116,COM16,2026-03-12 20:43:49,262548,11102,11.102,-3943.143,-3943.415,-3.943143,-3.943415
5,4kg,4,2,117,COM16,2026-03-12 20:43:49,262648,11202,11.202,-3941.75,-3943.166,-3.94175,-3.943166
5,4kg,4,2,118,COM16,2026-03-12 20:43:49,262748,11302,11.302,-3942.151,-3943.013,-3.942151,-3.943013
5,4kg,4,2,119,COM16,2026-03-12 20:43:49,262848,11402,11.402,-3942.992,-3943.01,-3.942992,-3.94301
5,4kg,4,2,120,COM16,2026-03-12 20:43:49,262948,11502,11.502,-3943.733,-3943.119,-3.943733,-3.943119
5,4kg,4,2,121,COM16,2026-03-12 20:43:49,263048,11602,11.602,-3943.775,-3943.217,-3.943775,-3.943217
5,4kg,4,2,122,COM16,2026-03-12 20:43:49,263148,11702,11.702,-3942.986,-3943.183,-3.942986,-3.943183
5,4kg,4,2,123,COM16,2026-03-12 20:43:49,263248,11802,11.802,-3943.61,-3943.247,-3.94361,-3.943247
5,4kg,4,2,124,COM16,2026-03-12 20:43:49,263348,11902,11.902,-3943.626,-3943.304,-3.943626,-3.943304
5,4kg,4,2,125,COM16,2026-03-12 20:43:49,263448,12002,12.002,-3943.011,-3943.26,-3.943011,-3.94326
5,4kg,4,2,126,COM16,2026-03-12 20:43:49,263548,12102,12.102,-3943.135,-3943.241,-3.943135,-3.943241
5,4kg,4,2,127,COM16,2026-03-12 20:43:49,263648,12202,12.202,-3942.357,-3943.109,-3.942357,-3.943109
5,4kg,4,2,128,COM16,2026-03-12 20:43:49,263748,12302,12.302,-3942.811,-3943.064,-3.942811,-3.943064
5,4kg,4,2,129,COM16,2026-03-12 20:43:49,263848,12402,12.402,-3943.643,-3943.151,-3.943643,-3.943151
5,4kg,4,2,130,COM16,2026-03-12 20:43:49,263898,12452,12.452,-3943.25,-3943.166,-3.94325,-3.943166
5,4kg,4,2,131,COM16,2026-03-12 20:43:49,263998,12552,12.552,-3944.222,-3943.324,-3.944222,-3.943324
5,4kg,4,2,132,COM16,2026-03-12 20:43:49,264098,12652,12.652,-3943.286,-3943.319,-3.943286,-3.943319
5,4kg,4,2,133,COM16,2026-03-12 20:43:49,264198,12752,12.752,-3943.854,-3943.399,-3.943854,-3.943399
5,4kg,4,2,134,COM16,2026-03-12 20:43:49,264298,12852,12.852,-3943.291,-3943.383,-3.943291,-3.943383
5,4kg,4,2,135,COM16,2026-03-12 20:43:49,264398,12952,12.952,-3942.173,-3943.201,-3.942173,-3.943201
5,4kg,4,2,136,COM16,2026-03-12 20:43:49,264498,13052,13.052,-3943.797,-3943.291,-3.943797,-3.943291
5,4kg,4,2,137,COM16,2026-03-12 20:43:49,264598,13152,13.152,-3944.731,-3943.507,-3.944731,-3.943507
5,4kg,4,2,138,COM16,2026-03-12 20:43:49,264698,13252,13.252,-3944.006,-3943.582,-3.944006,-3.943582
5,4kg,4,2,139,COM16,2026-03-12 20:43:49,264798,13352,13.352,-3942.909,-3943.481,-3.942909,-3.943481
5,4kg,4,2,140,COM16,2026-03-12 20:43:49,264898,13452,13.452,-3942.45,-3943.327,-3.94245,-3.943327
5,4kg,4,2,141,COM16,2026-03-12 20:43:49,264998,13552,13.552,-3942.247,-3943.165,-3.942247,-3.943165
5,4kg,4,2,142,COM16,2026-03-12 20:43:49,265098,13652,13.652,-3944.322,-3943.339,-3.944322,-3.943339
5,4kg,4,2,143,COM16,2026-03-12 20:43:49,265198,13752,13.752,-3943.124,-3943.306,-3.943124,-3.943306
5,4kg,4,2,144,COM16,2026-03-12 20:43:49,265298,13852,13.852,-3942.802,-3943.231,-3.942802,-3.943231
5,4kg,4,2,145,COM16,2026-03-12 20:43:49,265398,13952,13.952,-3942.824,-3943.17,-3.942824,-3.94317
5,4kg,4,2,146,COM16,2026-03-12 20:43:49,265448,14002,14.002,-3943.146,-3943.167,-3.943146,-3.943167
5,4kg,4,2,147,COM16,2026-03-12 20:43:49,265548,14102,14.102,-3943.45,-3943.209,-3.94345,-3.943209
5,4kg,4,2,148,COM16,2026-03-12 20:43:49,265648,14202,14.202,-3943.626,-3943.272,-3.943626,-3.943272
5,4kg,4,2,149,COM16,2026-03-12 20:43:49,265748,14302,14.302,-3943.011,-3943.233,-3.943011,-3.943233
5,4kg,4,2,150,COM16,2026-03-12 20:43:49,265848,14402,14.402,-3943.676,-3943.299,-3.943676,-3.943299
5,4kg,4,2,151,COM16,2026-03-12 20:43:49,265948,14502,14.502,-3945.291,-3943.598,-3.945291,-3.943598
5,4kg,4,2,152,COM16,2026-03-12 20:43:49,266048,14602,14.602,-3944.651,-3943.756,-3.944651,-3.943756
5,4kg,4,2,153,COM16,2026-03-12 20:43:49,266148,14702,14.702,-3943.019,-3943.646,-3.943019,-3.943646
5,4kg,4,2,154,COM16,2026-03-12 20:43:49,266248,14802,14.802,-3943.599,-3943.639,-3.943599,-3.943639
5,4kg,4,2,155,COM16,2026-03-12 20:43:49,266348,14902,14.902,-3942.129,-3943.412,-3.942129,-3.943412
5,4kg,4,2,156,COM16,2026-03-12 20:43:49,266448,15002,15.002,-3941.857,-3943.179,-3.941857,-3.943179
5,4kg,4,2,157,COM16,2026-03-12 20:43:49,266548,15102,15.102,-3943.5,-3943.227,-3.9435,-3.943227
5,4kg,4,2,158,COM16,2026-03-12 20:43:49,266648,15202,15.202,-3943.563,-3943.278,-3.943563,-3.943278
5,4kg,4,2,159,COM16,2026-03-12 20:43:49,266748,15302,15.302,-3942.819,-3943.209,-3.942819,-3.943209
5,4kg,4,2,160,COM16,2026-03-12 20:43:49,266848,15402,15.402,-3944.758,-3943.442,-3.944758,-3.943442
5,4kg,4,2,161,COM16,2026-03-12 20:43:49,266948,15502,15.502,-3943.917,-3943.513,-3.943917,-3.943513
5,4kg,4,2,162,COM16,2026-03-12 20:43:49,266998,15552,15.552,-3942.003,-3943.287,-3.942003,-3.943287
5,4kg,4,2,163,COM16,2026-03-12 20:43:49,267098,15652,15.652,-3941.824,-3943.068,-3.941824,-3.943068
5,4kg,4,2,164,COM16,2026-03-12 20:43:49,267198,15752,15.752,-3941.986,-3942.906,-3.941986,-3.942906
5,4kg,4,2,165,COM16,2026-03-12 20:43:49,267298,15852,15.852,-3942.322,-3942.818,-3.942322,-3.942818
5,4kg,4,2,166,COM16,2026-03-12 20:43:49,267398,15952,15.952,-3942.539,-3942.776,-3.942539,-3.942776
5,4kg,4,2,167,COM16,2026-03-12 20:43:49,267498,16052,16.052,-3942.115,-3942.677,-3.942115,-3.942677
5,4kg,4,2,168,COM16,2026-03-12 20:43:49,267598,16152,16.152,-3942.5,-3942.651,-3.9425,-3.942651
5,4kg,4,2,169,COM16,2026-03-12 20:43:49,267698,16252,16.252,-3943.289,-3942.747,-3.943289,-3.942747
5,4kg,4,2,170,COM16,2026-03-12 20:43:49,267798,16352,16.352,-3942.915,-3942.772,-3.942915,-3.942772
5,4kg,4,2,171,COM16,2026-03-12 20:43:49,267898,16452,16.452,-3943.92,-3942.944,-3.94392,-3.942944
5,4kg,4,2,172,COM16,2026-03-12 20:43:49,267998,16552,16.552,-3943.305,-3942.999,-3.943305,-3.942999
5,4kg,4,2,173,COM16,2026-03-12 20:43:49,268098,16652,16.652,-3943.618,-3943.092,-3.943618,-3.943092
5,4kg,4,2,174,COM16,2026-03-12 20:43:49,268198,16752,16.752,-3943.242,-3943.114,-3.943242,-3.943114
5,4kg,4,2,175,COM16,2026-03-12 20:43:49,268298,16852,16.852,-3941.714,-3942.904,-3.941714,-3.942904
5,4kg,4,2,176,COM16,2026-03-12 20:43:49,268398,16952,16.952,-3942.615,-3942.861,-3.942615,-3.942861
5,4kg,4,2,177,COM16,2026-03-12 20:43:49,268498,17052,17.052,-3941.876,-3942.714,-3.941876,-3.942714
5,4kg,4,2,178,COM16,2026-03-12 20:43:49,268548,17102,17.102,-3941.923,-3942.595,-3.941923,-3.942595
5,4kg,4,2,179,COM16,2026-03-12 20:43:49,268648,17202,17.202,-3941.964,-3942.501,-3.941964,-3.942501
5,4kg,4,2,180,COM16,2026-03-12 20:43:49,268748,17302,17.302,-3942.346,-3942.478,-3.942346,-3.942478
5,4kg,4,2,181,COM16,2026-03-12 20:43:49,268848,17402,17.402,-3943.217,-3942.589,-3.943217,-3.942589
5,4kg,4,2,182,COM16,2026-03-12 20:43:49,268948,17502,17.502,-3942.072,-3942.511,-3.942072,-3.942511
5,4kg,4,2,183,COM16,2026-03-12 20:43:49,269048,17602,17.602,-3942.871,-3942.565,-3.942871,-3.942565
5,4kg,4,2,184,COM16,2026-03-12 20:43:49,269148,17702,17.702,-3943.986,-3942.779,-3.943986,-3.942779
5,4kg,4,2,185,COM16,2026-03-12 20:43:49,269248,17802,17.802,-3944.412,-3943.024,-3.944412,-3.943024
5,4kg,4,2,186,COM16,2026-03-12 20:43:49,269348,17902,17.902,-3941.489,-3942.794,-3.941489,-3.942794
6,4kg,4,3,1,COM16,2026-03-12 20:44:05,272371,2,0.002,-3942.8,-3942.8,-3.9428,-3.9428
6,4kg,4,3,2,COM16,2026-03-12 20:44:05,272421,52,0.052,-3943.635,-3942.925,-3.943635,-3.942925
6,4kg,4,3,3,COM16,2026-03-12 20:44:05,272521,152,0.152,-3942.017,-3942.789,-3.942017,-3.942789
6,4kg,4,3,4,COM16,2026-03-12 20:44:05,272621,252,0.252,-3941.728,-3942.63,-3.941728,-3.94263
6,4kg,4,3,5,COM16,2026-03-12 20:44:05,272721,352,0.352,-3944.088,-3942.849,-3.944088,-3.942849
6,4kg,4,3,6,COM16,2026-03-12 20:44:05,272821,452,0.452,-3945.426,-3943.235,-3.945426,-3.943235
6,4kg,4,3,7,COM16,2026-03-12 20:44:05,272921,552,0.552,-3942.893,-3943.184,-3.942893,-3.943184
6,4kg,4,3,8,COM16,2026-03-12 20:44:05,273021,652,0.652,-3941.725,-3942.965,-3.941725,-3.942965
6,4kg,4,3,9,COM16,2026-03-12 20:44:05,273121,752,0.752,-3943.72,-3943.078,-3.94372,-3.943078
6,4kg,4,3,10,COM16,2026-03-12 20:44:05,273221,852,0.852,-3943.731,-3943.176,-3.943731,-3.943176
6,4kg,4,3,11,COM16,2026-03-12 20:44:05,273321,952,0.952,-3944.003,-3943.3,-3.944003,-3.9433
6,4kg,4,3,12,COM16,2026-03-12 20:44:05,273421,1052,1.052,-3943.396,-3943.315,-3.943396,-3.943315
6,4kg,4,3,13,COM16,2026-03-12 20:44:05,273521,1152,1.152,-3943.525,-3943.346,-3.943525,-3.943346
6,4kg,4,3,14,COM16,2026-03-12 20:44:05,273621,1252,1.252,-3945.341,-3943.646,-3.945341,-3.943646
6,4kg,4,3,15,COM16,2026-03-12 20:44:05,273721,1352,1.352,-3945.247,-3943.886,-3.945247,-3.943886
6,4kg,4,3,16,COM16,2026-03-12 20:44:05,273821,1452,1.452,-3943.316,-3943.801,-3.943316,-3.943801
6,4kg,4,3,17,COM16,2026-03-12 20:44:05,273871,1502,1.502,-3943.313,-3943.728,-3.943313,-3.943728
6,4kg,4,3,18,COM16,2026-03-12 20:44:05,273971,1602,1.602,-3943.008,-3943.62,-3.943008,-3.94362
6,4kg,4,3,19,COM16,2026-03-12 20:44:05,274071,1702,1.702,-3943.472,-3943.598,-3.943472,-3.943598
6,4kg,4,3,20,COM16,2026-03-12 20:44:05,274171,1802,1.802,-3943.607,-3943.599,-3.943607,-3.943599
6,4kg,4,3,21,COM16,2026-03-12 20:44:05,274271,1902,1.902,-3943.352,-3943.562,-3.943352,-3.943562
6,4kg,4,3,22,COM16,2026-03-12 20:44:05,274371,2002,2.002,-3942.14,-3943.349,-3.94214,-3.943349
6,4kg,4,3,23,COM16,2026-03-12 20:44:05,274471,2102,2.102,-3943.882,-3943.429,-3.943882,-3.943429
6,4kg,4,3,24,COM16,2026-03-12 20:44:05,274571,2202,2.202,-3942.767,-3943.33,-3.942767,-3.94333
6,4kg,4,3,25,COM16,2026-03-12 20:44:05,274671,2302,2.302,-3941.893,-3943.115,-3.941893,-3.943115
6,4kg,4,3,26,COM16,2026-03-12 20:44:05,274771,2402,2.402,-3943.912,-3943.234,-3.943912,-3.943234
6,4kg,4,3,27,COM16,2026-03-12 20:44:05,274871,2502,2.502,-3943.506,-3943.275,-3.943506,-3.943275
6,4kg,4,3,28,COM16,2026-03-12 20:44:05,274971,2602,2.602,-3942.47,-3943.154,-3.94247,-3.943154
6,4kg,4,3,29,COM16,2026-03-12 20:44:05,275071,2702,2.702,-3943.305,-3943.177,-3.943305,-3.943177
6,4kg,4,3,30,COM16,2026-03-12 20:44:05,275171,2802,2.802,-3944.678,-3943.402,-3.944678,-3.943402
6,4kg,4,3,31,COM16,2026-03-12 20:44:05,275271,2902,2.902,-3944.129,-3943.511,-3.944129,-3.943511
6,4kg,4,3,32,COM16,2026-03-12 20:44:05,275371,3002,3.002,-3943.275,-3943.476,-3.943275,-3.943476
6,4kg,4,3,33,COM16,2026-03-12 20:44:05,275421,3052,3.052,-3942.868,-3943.385,-3.942868,-3.943385
6,4kg,4,3,34,COM16,2026-03-12 20:44:05,275521,3152,3.152,-3943.228,-3943.362,-3.943228,-3.943362
6,4kg,4,3,35,COM16,2026-03-12 20:44:05,275621,3252,3.252,-3944.376,-3943.514,-3.944376,-3.943514
6,4kg,4,3,36,COM16,2026-03-12 20:44:05,275721,3352,3.352,-3942.846,-3943.414,-3.942846,-3.943414
6,4kg,4,3,37,COM16,2026-03-12 20:44:05,275821,3452,3.452,-3944.099,-3943.517,-3.944099,-3.943517
6,4kg,4,3,38,COM16,2026-03-12 20:44:05,275921,3552,3.552,-3944.008,-3943.591,-3.944008,-3.943591
6,4kg,4,3,39,COM16,2026-03-12 20:44:05,276021,3652,3.652,-3943.412,-3943.564,-3.943412,-3.943564
6,4kg,4,3,40,COM16,2026-03-12 20:44:05,276121,3752,3.752,-3942.783,-3943.447,-3.942783,-3.943447
6,4kg,4,3,41,COM16,2026-03-12 20:44:05,276221,3852,3.852,-3941.456,-3943.148,-3.941456,-3.943148
6,4kg,4,3,42,COM16,2026-03-12 20:44:05,276321,3952,3.952,-3942.094,-3942.99,-3.942094,-3.94299
6,4kg,4,3,43,COM16,2026-03-12 20:44:05,276421,4052,4.052,-3943.316,-3943.039,-3.943316,-3.943039
6,4kg,4,3,44,COM16,2026-03-12 20:44:05,276521,4152,4.152,-3943.615,-3943.125,-3.943615,-3.943125
6,4kg,4,3,45,COM16,2026-03-12 20:44:05,276621,4252,4.252,-3942.838,-3943.083,-3.942838,-3.943083
6,4kg,4,3,46,COM16,2026-03-12 20:44:05,276721,4352,4.352,-3942.838,-3943.046,-3.942838,-3.943046
6,4kg,4,3,47,COM16,2026-03-12 20:44:05,276821,4452,4.452,-3943.602,-3943.129,-3.943602,-3.943129
6,4kg,4,3,48,COM16,2026-03-12 20:44:05,276921,4552,4.552,-3943.654,-3943.208,-3.943654,-3.943208
6,4kg,4,3,49,COM16,2026-03-12 20:44:05,276971,4602,4.602,-3944.094,-3943.341,-3.944094,-3.943341
6,4kg,4,3,50,COM16,2026-03-12 20:44:05,277071,4702,4.702,-3944.838,-3943.566,-3.944838,-3.943566
6,4kg,4,3,51,COM16,2026-03-12 20:44:05,277171,4802,4.802,-3943.008,-3943.482,-3.943008,-3.943482
6,4kg,4,3,52,COM16,2026-03-12 20:44:05,277271,4902,4.902,-3942.849,-3943.387,-3.942849,-3.943387
6,4kg,4,3,53,COM16,2026-03-12 20:44:05,277371,5002,5.002,-3943.269,-3943.37,-3.943269,-3.94337
6,4kg,4,3,54,COM16,2026-03-12 20:44:05,277471,5102,5.102,-3943.052,-3943.322,-3.943052,-3.943322
6,4kg,4,3,55,COM16,2026-03-12 20:44:05,277571,5202,5.202,-3942.217,-3943.156,-3.942217,-3.943156
6,4kg,4,3,56,COM16,2026-03-12 20:44:05,277671,5302,5.302,-3942.159,-3943.007,-3.942159,-3.943007
6,4kg,4,3,57,COM16,2026-03-12 20:44:05,277771,5402,5.402,-3942.236,-3942.891,-3.942236,-3.942891
6,4kg,4,3,58,COM16,2026-03-12 20:44:05,277871,5502,5.502,-3942.156,-3942.781,-3.942156,-3.942781
6,4kg,4,3,59,COM16,2026-03-12 20:44:05,277971,5602,5.602,-3941.722,-3942.623,-3.941722,-3.942623
6,4kg,4,3,60,COM16,2026-03-12 20:44:05,278071,5702,5.702,-3941.214,-3942.411,-3.941214,-3.942411
6,4kg,4,3,61,COM16,2026-03-12 20:44:05,278171,5802,5.802,-3941.481,-3942.272,-3.941481,-3.942272
6,4kg,4,3,62,COM16,2026-03-12 20:44:05,278271,5902,5.902,-3942.437,-3942.297,-3.942437,-3.942297
6,4kg,4,3,63,COM16,2026-03-12 20:44:05,278371,6002,6.002,-3943.539,-3942.483,-3.943539,-3.942483
6,4kg,4,3,64,COM16,2026-03-12 20:44:05,278471,6102,6.102,-3942.077,-3942.422,-3.942077,-3.942422
6,4kg,4,3,65,COM16,2026-03-12 20:44:05,278521,6152,6.152,-3944.094,-3942.673,-3.944094,-3.942673
6,4kg,4,3,66,COM16,2026-03-12 20:44:05,278621,6252,6.252,-3945.613,-3943.114,-3.945613,-3.943114
6,4kg,4,3,67,COM16,2026-03-12 20:44:05,278721,6352,6.352,-3943.736,-3943.207,-3.943736,-3.943207
6,4kg,4,3,68,COM16,2026-03-12 20:44:05,278821,6452,6.452,-3942.706,-3943.132,-3.942706,-3.943132
6,4kg,4,3,69,COM16,2026-03-12 20:44:05,278921,6552,6.552,-3941.681,-3942.915,-3.941681,-3.942915
6,4kg,4,3,70,COM16,2026-03-12 20:44:05,279021,6652,6.652,-3943.063,-3942.937,-3.943063,-3.942937
6,4kg,4,3,71,COM16,2026-03-12 20:44:05,279121,6752,6.752,-3944.481,-3943.169,-3.944481,-3.943169
6,4kg,4,3,72,COM16,2026-03-12 20:44:05,279221,6852,6.852,-3944.398,-3943.353,-3.944398,-3.943353
6,4kg,4,3,73,COM16,2026-03-12 20:44:05,279321,6952,6.952,-3943.588,-3943.388,-3.943588,-3.943388
6,4kg,4,3,74,COM16,2026-03-12 20:44:05,279421,7052,7.052,-3943.761,-3943.445,-3.943761,-3.943445
6,4kg,4,3,75,COM16,2026-03-12 20:44:05,279521,7152,7.152,-3944.184,-3943.556,-3.944184,-3.943556
6,4kg,4,3,76,COM16,2026-03-12 20:44:05,279621,7252,7.252,-3944.5,-3943.698,-3.9445,-3.943698
6,4kg,4,3,77,COM16,2026-03-12 20:44:05,279721,7352,7.352,-3944.102,-3943.758,-3.944102,-3.943758
6,4kg,4,3,78,COM16,2026-03-12 20:44:05,279821,7452,7.452,-3943.423,-3943.708,-3.943423,-3.943708
6,4kg,4,3,79,COM16,2026-03-12 20:44:05,279921,7552,7.552,-3944.747,-3943.864,-3.944747,-3.943864
6,4kg,4,3,80,COM16,2026-03-12 20:44:05,279971,7602,7.602,-3944.42,-3943.948,-3.94442,-3.943948
6,4kg,4,3,81,COM16,2026-03-12 20:44:05,280071,7702,7.702,-3944.319,-3944.003,-3.944319,-3.944003
6,4kg,4,3,82,COM16,2026-03-12 20:44:05,280171,7802,7.802,-3943.78,-3943.97,-3.94378,-3.94397
6,4kg,4,3,83,COM16,2026-03-12 20:44:05,280271,7902,7.902,-3944.17,-3944,-3.94417,-3.944
6,4kg,4,3,84,COM16,2026-03-12 20:44:05,280371,8002,8.002,-3944.247,-3944.037,-3.944247,-3.944037
6,4kg,4,3,85,COM16,2026-03-12 20:44:05,280471,8102,8.102,-3943.775,-3943.998,-3.943775,-3.943998
6,4kg,4,3,86,COM16,2026-03-12 20:44:05,280571,8202,8.202,-3943.159,-3943.872,-3.943159,-3.943872
6,4kg,4,3,87,COM16,2026-03-12 20:44:05,280671,8302,8.302,-3942.475,-3943.663,-3.942475,-3.943663
6,4kg,4,3,88,COM16,2026-03-12 20:44:05,280771,8402,8.402,-3941.97,-3943.409,-3.94197,-3.943409
6,4kg,4,3,89,COM16,2026-03-12 20:44:05,280871,8502,8.502,-3941.868,-3943.178,-3.941868,-3.943178
6,4kg,4,3,90,COM16,2026-03-12 20:44:05,280971,8602,8.602,-3942.45,-3943.069,-3.94245,-3.943069
6,4kg,4,3,91,COM16,2026-03-12 20:44:05,281071,8702,8.702,-3942.808,-3943.03,-3.942808,-3.94303
6,4kg,4,3,92,COM16,2026-03-12 20:44:05,281171,8802,8.802,-3942.124,-3942.894,-3.942124,-3.942894
6,4kg,4,3,93,COM16,2026-03-12 20:44:05,281271,8902,8.902,-3942.528,-3942.839,-3.942528,-3.942839
6,4kg,4,3,94,COM16,2026-03-12 20:44:05,281371,9002,9.002,-3942.956,-3942.857,-3.942956,-3.942857
6,4kg,4,3,95,COM16,2026-03-12 20:44:05,281471,9102,9.102,-3941.92,-3942.717,-3.94192,-3.942717
6,4kg,4,3,96,COM16,2026-03-12 20:44:05,281521,9152,9.152,-3942.195,-3942.638,-3.942195,-3.942638
6,4kg,4,3,97,COM16,2026-03-12 20:44:05,281621,9252,9.252,-3943.316,-3942.74,-3.943316,-3.94274
6,4kg,4,3,98,COM16,2026-03-12 20:44:05,281721,9352,9.352,-3943.2,-3942.809,-3.9432,-3.942809
6,4kg,4,3,99,COM16,2026-03-12 20:44:05,281821,9452,9.452,-3943.041,-3942.844,-3.943041,-3.942844
6,4kg,4,3,100,COM16,2026-03-12 20:44:05,281921,9552,9.552,-3942.981,-3942.865,-3.942981,-3.942865
6,4kg,4,3,101,COM16,2026-03-12 20:44:05,282021,9652,9.652,-3944.025,-3943.039,-3.944025,-3.943039
6,4kg,4,3,102,COM16,2026-03-12 20:44:05,282121,9752,9.752,-3944.656,-3943.281,-3.944656,-3.943281
6,4kg,4,3,103,COM16,2026-03-12 20:44:05,282221,9852,9.852,-3944.385,-3943.447,-3.944385,-3.943447
6,4kg,4,3,104,COM16,2026-03-12 20:44:05,282321,9952,9.952,-3944.264,-3943.57,-3.944264,-3.94357
6,4kg,4,3,105,COM16,2026-03-12 20:44:05,282421,10052,10.052,-3943.86,-3943.613,-3.94386,-3.943613
6,4kg,4,3,106,COM16,2026-03-12 20:44:05,282521,10152,10.152,-3944.217,-3943.704,-3.944217,-3.943704
6,4kg,4,3,107,COM16,2026-03-12 20:44:05,282621,10252,10.252,-3943.588,-3943.687,-3.943588,-3.943687
6,4kg,4,3,108,COM16,2026-03-12 20:44:05,282721,10352,10.352,-3942.896,-3943.568,-3.942896,-3.943568
6,4kg,4,3,109,COM16,2026-03-12 20:44:05,282821,10452,10.452,-3943.536,-3943.563,-3.943536,-3.943563
6,4kg,4,3,110,COM16,2026-03-12 20:44:05,282921,10552,10.552,-3943.077,-3943.49,-3.943077,-3.94349
6,4kg,4,3,111,COM16,2026-03-12 20:44:05,283021,10652,10.652,-3943.275,-3943.458,-3.943275,-3.943458
6,4kg,4,3,112,COM16,2026-03-12 20:44:05,283071,10702,10.702,-3943.36,-3943.443,-3.94336,-3.943443
6,4kg,4,3,113,COM16,2026-03-12 20:44:05,283171,10802,10.802,-3944.33,-3943.576,-3.94433,-3.943576
6,4kg,4,3,114,COM16,2026-03-12 20:44:05,283271,10902,10.902,-3944.289,-3943.683,-3.944289,-3.943683
6,4kg,4,3,115,COM16,2026-03-12 20:44:05,283371,11002,11.002,-3943.338,-3943.632,-3.943338,-3.943632
6,4kg,4,3,116,COM16,2026-03-12 20:44:05,283471,11102,11.102,-3943.184,-3943.564,-3.943184,-3.943564
6,4kg,4,3,117,COM16,2026-03-12 20:44:05,283571,11202,11.202,-3943.747,-3943.592,-3.943747,-3.943592
6,4kg,4,3,118,COM16,2026-03-12 20:44:05,283671,11302,11.302,-3942.404,-3943.414,-3.942404,-3.943414
6,4kg,4,3,119,COM16,2026-03-12 20:44:05,283771,11402,11.402,-3942.132,-3943.222,-3.942132,-3.943222
6,4kg,4,3,120,COM16,2026-03-12 20:44:05,283871,11502,11.502,-3943.308,-3943.235,-3.943308,-3.943235
6,4kg,4,3,121,COM16,2026-03-12 20:44:05,283971,11602,11.602,-3944.006,-3943.35,-3.944006,-3.94335
6,4kg,4,3,122,COM16,2026-03-12 20:44:05,284071,11702,11.702,-3943.33,-3943.347,-3.94333,-3.943347
6,4kg,4,3,123,COM16,2026-03-12 20:44:05,284171,11802,11.802,-3943.269,-3943.336,-3.943269,-3.943336
6,4kg,4,3,124,COM16,2026-03-12 20:44:05,284271,11902,11.902,-3942.986,-3943.284,-3.942986,-3.943284
6,4kg,4,3,125,COM16,2026-03-12 20:44:05,284371,12002,12.002,-3944.305,-3943.437,-3.944305,-3.943437
6,4kg,4,3,126,COM16,2026-03-12 20:44:05,284471,12102,12.102,-3946.072,-3943.832,-3.946072,-3.943832
6,4kg,4,3,127,COM16,2026-03-12 20:44:05,284521,12152,12.152,-3944.972,-3944.003,-3.944972,-3.944003
6,4kg,4,3,128,COM16,2026-03-12 20:44:05,284621,12252,12.252,-3943.137,-3943.874,-3.943137,-3.943874
6,4kg,4,3,129,COM16,2026-03-12 20:44:05,284721,12352,12.352,-3943.275,-3943.784,-3.943275,-3.943784
6,4kg,4,3,130,COM16,2026-03-12 20:44:05,284821,12452,12.452,-3944.094,-3943.831,-3.944094,-3.943831
6,4kg,4,3,131,COM16,2026-03-12 20:44:05,284921,12552,12.552,-3944.233,-3943.891,-3.944233,-3.943891
