timestamp_unix,elapsed_s,controller_id,kd_applied,tau_max_nm,watchdog_s,position_rev,velocity_rps,velocity_rpm,measured_torque_nm
1775350482.224379,0.005975,1,1.160000,0.600000,0.100000,-0.469741821,-0.000148372,-0.008902315,0.000000000
1775350482.232507,0.014104,1,1.160000,0.600000,0.100000,-0.469741821,-0.002227635,-0.133658107,0.000000000
1775350482.248217,0.029813,1,1.160000,0.600000,0.100000,-0.469696045,0.006930098,0.415805876,-0.003758343
1775350482.257336,0.038932,1,1.160000,0.600000,0.100000,-0.469848633,-0.011575137,-0.694508236,-0.001270917
1775350482.264325,0.045921,1,1.160000,0.600000,0.100000,-0.469818115,0.014334037,0.860042218,0.001244775
1775350482.271189,0.052784,1,1.160000,0.600000,0.100000,-0.469863892,-0.001969498,-0.118169873,-0.001243309
1775350482.278078,0.059673,1,1.160000,0.600000,0.100000,-0.469924927,-0.014112471,-0.846748240,0.001259947
1775350482.286002,0.067598,1,1.160000,0.600000,0.100000,-0.469879150,-0.002178647,-0.130718811,0.000015464
1775350482.292574,0.074171,1,1.160000,0.600000,0.100000,-0.469879150,-0.003646784,-0.218807026,0.002501172
1775350482.311483,0.093079,1,1.160000,0.600000,0.100000,-0.469909668,0.004268284,0.256097037,0.001259453
1775350482.321883,0.103478,1,1.160000,0.600000,0.100000,-0.470092773,-0.004239556,-0.254373355,0.002441409
1775350482.330822,0.112418,1,1.160000,0.600000,0.100000,-0.470077515,-0.003031586,-0.181895136,0.003737045
1775350482.348871,0.130466,1,1.160000,0.600000,0.100000,-0.470260620,-0.016699836,-1.001990139,-0.001189996
1775350482.373074,0.154670,1,1.160000,0.600000,0.100000,-0.470153809,0.016793832,1.007629931,0.001266769
1775350482.379684,0.161280,1,1.160000,0.600000,0.100000,-0.470123291,0.003501035,0.210062074,-0.001266011
1775350482.388574,0.170170,1,1.160000,0.600000,0.100000,-0.470199585,-0.018752582,-1.125154942,0.001921618
1775350482.415952,0.197548,1,1.160000,0.600000,0.100000,-0.470199585,-0.010715066,-0.642903987,0.001268120
1775350482.438213,0.219809,1,1.160000,0.600000,0.100000,-0.470245361,0.001764583,0.105874962,-0.001191835
1775350482.445100,0.226696,1,1.160000,0.600000,0.100000,-0.470520020,-0.015638789,-0.938327350,0.001334579
1775350482.458803,0.240399,1,1.160000,0.600000,0.100000,-0.470596313,0.005467060,0.328023573,0.000000000
1775350482.467697,0.249293,1,1.160000,0.600000,0.100000,-0.470672607,-0.005990312,-0.359418746,0.001216530
1775350482.474455,0.256051,1,1.160000,0.600000,0.100000,-0.470687866,-0.004567062,-0.274023721,-0.001215979
1775350482.502687,0.284282,1,1.160000,0.600000,0.100000,-0.470840454,-0.030650690,-1.839041412,0.003861707
1775350482.510567,0.292163,1,1.160000,0.600000,0.100000,-0.470993042,-0.003545778,-0.212746658,0.002496859
1775350482.592604,0.374200,1,1.160000,0.600000,0.100000,-0.471267700,0.000936152,0.056169131,0.000103458
1775350482.785660,0.567256,1,1.160000,0.600000,0.100000,-0.471374512,-0.005442422,-0.326545313,0.000000000
1775350482.806733,0.588329,1,1.160000,0.600000,0.100000,-0.471405029,-0.014055348,-0.843320880,0.000112266
1775350482.813661,0.595257,1,1.160000,0.600000,0.100000,-0.471435547,-0.020590020,-1.235401221,0.000000000
1775350482.820351,0.601948,1,1.160000,0.600000,0.100000,-0.471389771,0.009344015,0.560640916,0.001191262
1775350482.828858,0.610454,1,1.160000,0.600000,0.100000,-0.471359253,0.006462839,0.387770366,-0.002494110
1775350482.840994,0.622591,1,1.160000,0.600000,0.100000,-0.471282959,0.008431918,0.505915079,-0.000210475
1775350482.850626,0.632222,1,1.160000,0.600000,0.100000,-0.471328735,0.004103008,0.246180464,0.002278809
1775350482.861303,0.642899,1,1.160000,0.600000,0.100000,-0.471420288,-0.031566851,-1.894011050,-0.000000000
1775350482.868663,0.650259,1,1.160000,0.600000,0.100000,-0.471313477,0.010308144,0.618488621,-0.001406775
1775350482.876169,0.657766,1,1.160000,0.600000,0.100000,-0.471282959,-0.002007249,-0.120434929,-0.000208663
1775350482.892132,0.673728,1,1.160000,0.600000,0.100000,-0.471252441,0.013040374,0.782422442,-0.002391786
1775350482.905019,0.686614,1,1.160000,0.600000,0.100000,-0.471359253,-0.000495237,-0.029714199,0.000000000
1775350482.912323,0.693920,1,1.160000,0.600000,0.100000,-0.471252441,0.014997202,0.899832118,-0.004784324
1775350482.922305,0.703901,1,1.160000,0.600000,0.100000,-0.471328735,-0.009412206,-0.564732347,-0.001193356
1775350482.928802,0.710398,1,1.160000,0.600000,0.100000,-0.471221924,0.018110985,1.086659096,0.000000000
1775350482.936020,0.717616,1,1.160000,0.600000,0.100000,-0.471298218,-0.008313409,-0.498804543,0.002706223
1775350482.942512,0.724108,1,1.160000,0.600000,0.100000,-0.471328735,0.003539814,0.212388821,0.001086156
1775350482.949205,0.730801,1,1.160000,0.600000,0.100000,-0.471237183,0.006203682,0.372220902,-0.000892038
1775350482.955693,0.737289,1,1.160000,0.600000,0.100000,-0.471359253,-0.011973026,-0.718381573,-0.001192278
1775350482.962048,0.743644,1,1.160000,0.600000,0.100000,-0.471359253,-0.001703224,-0.102193442,-0.002494059
1775350482.968364,0.749960,1,1.160000,0.600000,0.100000,-0.471282959,-0.000156526,-0.009391536,-0.002284613
1775350482.974693,0.756289,1,1.160000,0.600000,0.100000,-0.471359253,-0.008431743,-0.505904574,0.000220161
1775350482.981128,0.762724,1,1.160000,0.600000,0.100000,-0.471252441,0.010970288,0.658217277,0.000102837
1775350482.994157,0.775753,1,1.160000,0.600000,0.100000,-0.471282959,0.011979313,0.718758758,-0.001195034
1775350483.001518,0.783115,1,1.160000,0.600000,0.100000,-0.471374512,-0.019196361,-1.151781678,-0.000000000
1775350483.012981,0.794577,1,1.160000,0.600000,0.100000,-0.471359253,-0.002062330,-0.123739815,-0.001301870
1775350483.022312,0.803909,1,1.160000,0.600000,0.100000,-0.471374512,-0.011455749,-0.687344950,0.000969958
1775350483.038084,0.819680,1,1.160000,0.600000,0.100000,-0.471282959,0.006639344,0.398360649,-0.002494726
1775350483.048873,0.830469,1,1.160000,0.600000,0.100000,-0.471328735,-0.007381901,-0.442914069,0.001300797
1775350483.056800,0.838396,1,1.160000,0.600000,0.100000,-0.471359253,0.000940248,0.056414902,0.001192095
1775350483.066518,0.848114,1,1.160000,0.600000,0.100000,-0.471420288,-0.001253278,-0.075196701,0.000962091
1775350483.072922,0.854518,1,1.160000,0.600000,0.100000,-0.471466064,-0.006401440,-0.384086408,0.002609391
1775350483.079388,0.860985,1,1.160000,0.600000,0.100000,-0.471511841,-0.011964848,-0.717890896,-0.002373209
1775350483.085953,0.867549,1,1.160000,0.600000,0.100000,-0.471466064,0.006507739,0.390464338,-0.001188539
1775350483.092467,0.874063,1,1.160000,0.600000,0.100000,-0.471435547,-0.002590818,-0.155449058,0.002493463
1775350483.099114,0.880711,1,1.160000,0.600000,0.100000,-0.471511841,-0.019000463,-1.140027791,0.002492739
1775350483.105577,0.887174,1,1.160000,0.600000,0.100000,-0.471450806,0.010524441,0.631466489,-0.001188974
1775350483.111988,0.893585,1,1.160000,0.600000,0.100000,-0.471328735,0.011813016,0.708780941,-0.000108032
1775350483.118405,0.900001,1,1.160000,0.600000,0.100000,-0.471481323,-0.023867056,-1.432023346,0.003680870
1775350483.135543,0.917139,1,1.160000,0.600000,0.100000,-0.471450806,0.008446195,0.506771710,-0.000958410
1775350483.146412,0.928008,1,1.160000,0.600000,0.100000,-0.471511841,0.000910658,0.054639500,0.001186850
1775350483.153874,0.935470,1,1.160000,0.600000,0.100000,-0.471420288,0.001014715,0.060882897,0.000113156
1775350483.178618,0.960214,1,1.160000,0.600000,0.100000,-0.471481323,-0.014916437,-0.894986205,-0.001305304
1775350483.188410,0.970007,1,1.160000,0.600000,0.100000,-0.471435547,-0.016864084,-1.011845022,0.001419127
1775350483.197406,0.979003,1,1.160000,0.600000,0.100000,-0.471298218,0.016180689,0.970841311,-0.004989254
1775350483.203871,0.985467,1,1.160000,0.600000,0.100000,-0.471435547,-0.026690081,-1.601404846,0.001418380
1775350483.210327,0.991924,1,1.160000,0.600000,0.100000,-0.471466064,-0.009264265,-0.555855911,-0.001072021
1775350483.216741,0.998338,1,1.160000,0.600000,0.100000,-0.471328735,0.010064305,0.603858288,0.001409336
1775350483.223878,1.005474,1,1.160000,0.600000,0.100000,-0.471450806,-0.008635789,-0.518147349,0.002609099
1775350483.230627,1.012224,1,1.160000,0.600000,0.100000,-0.471420288,0.004177486,0.250649136,0.000000000
1775350483.237655,1.019251,1,1.160000,0.600000,0.100000,-0.471389771,0.005108968,0.306538101,0.001414958
1775350483.243998,1.025594,1,1.160000,0.600000,0.100000,-0.471374512,0.004701891,0.282113459,0.001302430
1775350483.258181,1.039777,1,1.160000,0.600000,0.100000,-0.471466064,-0.011278227,-0.676693618,0.001420586
1775350483.270074,1.051671,1,1.160000,0.600000,0.100000,-0.471511841,-0.017795561,-1.067733653,0.001067166
1775350483.280397,1.061993,1,1.160000,0.600000,0.100000,-0.471374512,0.016963225,1.017793491,0.000000000
1775350483.290397,1.071993,1,1.160000,0.600000,0.100000,-0.471450806,0.006882158,0.412929459,-0.001304490
1775350483.302499,1.084095,1,1.160000,0.600000,0.100000,-0.471374512,-0.004647649,-0.278858962,-0.003685610
1775350483.311803,1.093399,1,1.160000,0.600000,0.100000,-0.471359253,-0.007191122,-0.431467295,0.001411236
1775350483.320205,1.101802,1,1.160000,0.600000,0.100000,-0.471420288,-0.018966809,-1.138008535,0.002266787
1775350483.328106,1.109702,1,1.160000,0.600000,0.100000,-0.471328735,-0.003993667,-0.239620004,-0.001086311
1775350483.334743,1.116340,1,1.160000,0.600000,0.100000,-0.471359253,0.002076805,0.124608292,0.002494150
1775350483.341122,1.122719,1,1.160000,0.600000,0.100000,-0.471359253,0.006308785,0.378527110,0.000000000
1775350483.347574,1.129171,1,1.160000,0.600000,0.100000,-0.471313477,0.012617990,0.757079422,-0.000000000
1775350483.354010,1.135607,1,1.160000,0.600000,0.100000,-0.471405029,-0.011449625,-0.686977487,-0.000112322
1775350483.360318,1.141914,1,1.160000,0.600000,0.100000,-0.471267700,0.011082525,0.664951522,0.000103799
1775350483.366673,1.148269,1,1.160000,0.600000,0.100000,-0.471481323,-0.021560261,-1.293615662,0.000116890
1775350483.373083,1.154679,1,1.160000,0.600000,0.100000,-0.471359253,0.013521933,0.811315980,-0.000109493
1775350483.379363,1.160959,1,1.160000,0.600000,0.100000,-0.471252441,0.013230141,0.793808475,-0.000000000
1775350483.392982,1.174579,1,1.160000,0.600000,0.100000,-0.471298218,-0.006273917,-0.376435043,0.000000000
1775350483.403140,1.184736,1,1.160000,0.600000,0.100000,-0.471343994,-0.013173845,-0.790430680,-0.000436652
1775350483.411203,1.192799,1,1.160000,0.600000,0.100000,-0.471359253,-0.009955994,-0.597359631,0.001301672
1775350483.417981,1.199578,1,1.160000,0.600000,0.100000,-0.471374512,0.004514161,0.270849690,0.001080815
1775350483.433293,1.214889,1,1.160000,0.600000,0.100000,-0.471282959,0.017366212,1.041972712,0.001090113
1775350483.442646,1.224242,1,1.160000,0.600000,0.100000,-0.471282959,0.008578835,0.514730103,-0.001195225
1775350483.453642,1.235239,1,1.160000,0.600000,0.100000,-0.471267700,-0.003553932,-0.213235896,-0.001299205
1775350483.465506,1.247103,1,1.160000,0.600000,0.100000,-0.471130371,0.011201899,0.672113914,0.000000000
1775350483.471949,1.253545,1,1.160000,0.600000,0.100000,-0.471145630,-0.004349711,-0.260982681,-0.000095737
1775350483.478365,1.259962,1,1.160000,0.600000,0.100000,-0.471084595,0.015758332,0.945499912,-0.001294098
1775350483.484708,1.266305,1,1.160000,0.600000,0.100000,-0.471008301,0.013501552,0.810093116,0.000351080
1775350483.491027,1.272623,1,1.160000,0.600000,0.100000,-0.471176147,-0.016240677,-0.974440612,-0.000000000
1775350483.497540,1.279136,1,1.160000,0.600000,0.100000,-0.471191406,-0.003771220,-0.226273206,-0.005188026
1775350483.504260,1.285856,1,1.160000,0.600000,0.100000,-0.471176147,-0.000123838,-0.007430256,-0.001198832
1775350483.511021,1.292617,1,1.160000,0.600000,0.100000,-0.471313477,-0.016079467,-0.964768007,0.001300737
1775350483.517673,1.299269,1,1.160000,0.600000,0.100000,-0.471206665,0.014336119,0.860167164,-0.001297522
1775350483.535788,1.317384,1,1.160000,0.600000,0.100000,-0.471282959,0.001816670,0.109000225,-0.001194827
1775350483.547289,1.328886,1,1.160000,0.600000,0.100000,-0.471267700,-0.000662530,-0.039751829,-0.000103832
1775350483.555666,1.337262,1,1.160000,0.600000,0.100000,-0.471221924,0.009310377,0.558622610,0.002596136
1775350483.566439,1.348035,1,1.160000,0.600000,0.100000,-0.471252441,-0.002063326,-0.123799578,0.003896801
1775350483.582034,1.363630,1,1.160000,0.600000,0.100000,-0.471221924,-0.009410119,-0.564607121,0.000000000
1775350483.592934,1.374530,1,1.160000,0.600000,0.100000,-0.471176147,-0.001757249,-0.105434968,-0.002594091
1775350483.603169,1.384765,1,1.160000,0.600000,0.100000,-0.471130371,0.008329931,0.499795843,0.000095391
1775350483.611361,1.392958,1,1.160000,0.600000,0.100000,-0.471206665,-0.008209280,-0.492556784,0.000000000
1775350483.617636,1.399232,1,1.160000,0.600000,0.100000,-0.471176147,0.006022136,0.361328144,0.002789396
1775350483.623971,1.405568,1,1.160000,0.600000,0.100000,-0.471054077,0.016811237,1.008674204,-0.001203232
1775350483.630452,1.412049,1,1.160000,0.600000,0.100000,-0.471160889,-0.001180812,-0.070848714,0.001102564
1775350483.636799,1.418396,1,1.160000,0.600000,0.100000,-0.471099854,0.005634432,0.338065932,0.001294782
1775350483.643213,1.424810,1,1.160000,0.600000,0.100000,-0.471176147,-0.018128136,-1.087688170,0.000098375
1775350483.650131,1.431727,1,1.160000,0.600000,0.100000,-0.471176147,0.003367439,0.202046349,-0.001296757
1775350483.656553,1.438149,1,1.160000,0.600000,0.100000,-0.471191406,-0.007990962,-0.479457714,-0.000000000
1775350483.671359,1.452956,1,1.160000,0.600000,0.100000,-0.471282959,-0.000035075,-0.002104496,0.001299835
1775350483.683950,1.465546,1,1.160000,0.600000,0.100000,-0.471481323,-0.026407437,-1.584446244,0.003916141
1775350483.692204,1.473800,1,1.160000,0.600000,0.100000,-0.471282959,0.002676724,0.160603425,-0.001299871
1775350483.699067,1.480664,1,1.160000,0.600000,0.100000,-0.471374512,0.000632149,0.037928947,-0.001302203
1775350483.713275,1.494872,1,1.160000,0.600000,0.100000,-0.471389771,-0.000054476,-0.003268557,-0.001414203
1775350483.721847,1.503444,1,1.160000,0.600000,0.100000,-0.471481323,-0.000815584,-0.048935035,0.002493041
1775350483.730604,1.512201,1,1.160000,0.600000,0.100000,-0.471450806,0.002560414,0.153624834,-0.001188833
1775350483.739004,1.520600,1,1.160000,0.600000,0.100000,-0.471374512,0.008595172,0.515710339,-0.001302239
1775350483.747292,1.528888,1,1.160000,0.600000,0.100000,-0.471435547,-0.004354823,-0.261289375,0.000228630
1775350483.753807,1.535403,1,1.160000,0.600000,0.100000,-0.471282959,0.015482851,0.928971078,-0.001404440
1775350483.760218,1.541815,1,1.160000,0.600000,0.100000,-0.471328735,0.001245308,0.074718499,0.000215228
1775350483.766736,1.548333,1,1.160000,0.600000,0.100000,-0.471328735,-0.003007078,-0.180424685,-0.001515988
1775350483.773054,1.554651,1,1.160000,0.600000,0.100000,-0.471298218,-0.007081945,-0.424916726,0.002494543
1775350483.779387,1.560983,1,1.160000,0.600000,0.100000,-0.471221924,0.012325186,0.739511177,-0.003692503
1775350483.785728,1.567325,1,1.160000,0.600000,0.100000,-0.471221924,-0.003640648,-0.218438893,0.000202475
1775350483.791990,1.573586,1,1.160000,0.600000,0.100000,-0.471282959,-0.001105334,-0.066320042,0.000104502
1775350483.810191,1.591787,1,1.160000,0.600000,0.100000,-0.471343994,0.008299291,0.497957468,0.000000000
1775350483.818913,1.600510,1,1.160000,0.600000,0.100000,-0.471389771,-0.012393354,-0.743601210,0.001079302
1775350483.827631,1.609227,1,1.160000,0.600000,0.100000,-0.471359253,0.011304932,0.678295903,0.001082837
1775350483.838413,1.620009,1,1.160000,0.600000,0.100000,-0.471359253,-0.007146237,-0.428774245,0.002603119
1775350483.851444,1.633041,1,1.160000,0.600000,0.100000,-0.471267700,-0.000273855,-0.016431310,0.001195565
1775350483.864397,1.645994,1,1.160000,0.600000,0.100000,-0.471313477,0.001701343,0.102080579,-0.002494525
1775350483.873010,1.654607,1,1.160000,0.600000,0.100000,-0.471343994,-0.007060532,-0.423631947,0.001410738
1775350483.883057,1.664653,1,1.160000,0.600000,0.100000,-0.471359253,-0.000542184,-0.032531015,-0.003796067
1775350483.889977,1.671573,1,1.160000,0.600000,0.100000,-0.471405029,0.003198041,0.191882481,0.001077623
1775350483.896729,1.678325,1,1.160000,0.600000,0.100000,-0.471343994,0.009077716,0.544662941,-0.001301543
1775350483.903111,1.684707,1,1.160000,0.600000,0.100000,-0.471450806,-0.018072065,-1.084323898,0.002263114
1775350483.909915,1.691512,1,1.160000,0.600000,0.100000,-0.471267700,0.021704294,1.302257627,0.001195370
1775350483.916409,1.698006,1,1.160000,0.600000,0.100000,-0.471054077,0.029292883,1.757573001,0.000180907
1775350483.922800,1.704397,1,1.160000,0.600000,0.100000,-0.471191406,-0.008301167,-0.498070009,-0.000099385
1775350483.929375,1.710972,1,1.160000,0.600000,0.100000,-0.471160889,0.002114528,0.126871685,0.001296481
1775350483.935923,1.717520,1,1.160000,0.600000,0.100000,-0.471145630,-0.001169644,-0.070178630,-0.000095753
1775350483.950428,1.732024,1,1.160000,0.600000,0.100000,-0.471038818,0.017817145,1.069028713,-0.001292858
1775350483.957796,1.739392,1,1.160000,0.600000,0.100000,-0.471054077,-0.001754245,-0.105254694,0.001293170
1775350483.965749,1.747345,1,1.160000,0.600000,0.100000,-0.471130371,-0.004357913,-0.261474783,-0.000095049
1775350483.979259,1.760855,1,1.160000,0.600000,0.100000,-0.471054077,-0.003485594,-0.209135623,-0.001203300
1775350483.988741,1.770338,1,1.160000,0.600000,0.100000,-0.471084595,0.008586980,0.515218824,-0.002679777
1775350484.003766,1.785362,1,1.160000,0.600000,0.100000,-0.471176147,-0.011751632,-0.705097932,0.002495519
1775350484.013118,1.794714,1,1.160000,0.600000,0.100000,-0.471084595,0.004985519,0.299131153,-0.000092328
1775350484.023472,1.805068,1,1.160000,0.600000,0.100000,-0.471130371,-0.002380664,-0.142839812,0.002590861
1775350484.032481,1.814077,1,1.160000,0.600000,0.100000,-0.471038818,0.001980888,0.118853278,0.000000000
1775350484.039190,1.820786,1,1.160000,0.600000,0.100000,-0.471084595,-0.005278160,-0.316689592,-0.001202105
1775350484.046152,1.827749,1,1.160000,0.600000,0.100000,-0.470977783,0.011530401,0.691824071,-0.003702354
1775350484.052600,1.834197,1,1.160000,0.600000,0.100000,-0.471008301,-0.002617360,-0.157041620,0.001204413
1775350484.058908,1.840504,1,1.160000,0.600000,0.100000,-0.471145630,-0.019367764,-1.162065826,0.002304088
1775350484.065223,1.846820,1,1.160000,0.600000,0.100000,-0.470977783,0.017442727,1.046563648,-0.002496892
1775350484.071593,1.853190,1,1.160000,0.600000,0.100000,-0.470993042,0.007563679,0.453820769,0.001291570
1775350484.078746,1.860342,1,1.160000,0.600000,0.100000,-0.471069336,-0.010799736,-0.647984147,0.001112233
1775350484.085116,1.866713,1,1.160000,0.600000,0.100000,-0.470993042,0.006837263,0.410235766,0.000000000
1775350484.091606,1.873202,1,1.160000,0.600000,0.100000,-0.471069336,-0.004185482,-0.251128916,0.002586968
1775350484.103956,1.885553,1,1.160000,0.600000,0.100000,-0.471038818,0.020632017,1.237921044,-0.002674868
1775350484.112001,1.893598,1,1.160000,0.600000,0.100000,-0.471176147,-0.005525069,-0.331504131,0.001491330
1775350484.122089,1.903685,1,1.160000,0.600000,0.100000,-0.471084595,0.004722283,0.283336993,0.000000000
1775350484.129112,1.910708,1,1.160000,0.600000,0.100000,-0.471176147,-0.016425384,-0.985523053,0.000000000
1775350484.138239,1.919835,1,1.160000,0.600000,0.100000,-0.471084595,0.013667818,0.820069090,0.001386243
1775350484.150640,1.932236,1,1.160000,0.600000,0.100000,-0.471145630,-0.017284436,-1.037066169,-0.003791907
1775350484.164764,1.946361,1,1.160000,0.600000,0.100000,-0.471115112,0.001990062,0.119403703,-0.000094433
1775350484.173333,1.954930,1,1.160000,0.600000,0.100000,-0.470993042,0.022552110,1.353126615,-0.001118937
1775350484.181328,1.962924,1,1.160000,0.600000,0.100000,-0.471099854,-0.014700145,-0.882008728,0.003697500
1775350484.187791,1.969388,1,1.160000,0.600000,0.100000,-0.471023560,0.007280050,0.436802991,0.000087825
1775350484.194567,1.976164,1,1.160000,0.600000,0.100000,-0.471038818,-0.001576709,-0.094602546,-0.000179068
1775350484.200907,1.982504,1,1.160000,0.600000,0.100000,-0.471084595,-0.002415351,-0.144921066,-0.002588118
1775350484.207315,1.988912,1,1.160000,0.600000,0.100000,-0.471115112,-0.009573403,-0.574404169,0.000093977
1775350484.213721,1.995318,1,1.160000,0.600000,0.100000,-0.471084595,0.000271978,0.016318684,-0.000184787
1775350484.220363,2.001960,1,1.160000,0.600000,0.100000,-0.471176147,-0.020209474,-1.212568469,0.001198410
1775350484.226703,2.008300,1,1.160000,0.600000,0.100000,-0.471038818,0.020517755,1.231065318,-0.002407118
1775350484.242194,2.023791,1,1.160000,0.600000,0.100000,-0.471145630,-0.009341806,-0.560508370,-0.003984573
1775350484.251259,2.032856,1,1.160000,0.600000,0.100000,-0.471054077,0.010794804,0.647688266,0.000181423
1775350484.261312,2.042908,1,1.160000,0.600000,0.100000,-0.471099854,-0.002352092,-0.141125503,-0.002217097
1775350484.270386,2.051983,1,1.160000,0.600000,0.100000,-0.471008301,-0.003469256,-0.208155387,0.000175089
1775350484.283289,2.064886,1,1.160000,0.600000,0.100000,-0.471054077,-0.002568382,-0.154102924,-0.001203330
1775350484.291829,2.073426,1,1.160000,0.600000,0.100000,-0.471115112,-0.005826015,-0.349560929,0.001106709
1775350484.302908,2.084505,1,1.160000,0.600000,0.100000,-0.471160889,-0.022361148,-1.341668889,0.000096924
1775350484.312839,2.094436,1,1.160000,0.600000,0.100000,-0.471023560,0.018871091,1.132265478,-0.001204398
1775350484.319411,2.100974,1,1.160000,0.600000,0.100000,-0.471176147,-0.025932020,-1.555921175,0.000097710
1775350484.325734,2.107330,1,1.160000,0.600000,0.100000,-0.471084595,0.011426352,0.685581118,-0.001294162
1775350484.332385,2.113981,1,1.160000,0.600000,0.100000,-0.471038818,-0.000563591,-0.033815472,0.000000000
1775350484.338729,2.120326,1,1.160000,0.600000,0.100000,-0.471099854,-0.001696064,-0.101763848,0.000185997
1775350484.345062,2.126659,1,1.160000,0.600000,0.100000,-0.471008301,0.012561882,0.753712915,-0.000087363
1775350484.351894,2.133491,1,1.160000,0.600000,0.100000,-0.470993042,0.006493458,0.389607456,-0.001205258
1775350484.358413,2.140009,1,1.160000,0.600000,0.100000,-0.471023560,-0.007032974,-0.421978449,-0.002496599
1775350484.364705,2.146302,1,1.160000,0.600000,0.100000,-0.471069336,-0.012433136,-0.745988153,-0.001202141
1775350484.371089,2.152686,1,1.160000,0.600000,0.100000,-0.471069336,0.007038270,0.422296179,-0.001385425
1775350484.384445,2.166042,1,1.160000,0.600000,0.100000,-0.471069336,0.010100027,0.606001597,-0.000000000
1775350484.396439,2.178035,1,1.160000,0.600000,0.100000,-0.471282959,-0.021952037,-1.317122206,-0.001404804
1775350484.407995,2.189591,1,1.160000,0.600000,0.100000,-0.471054077,0.004099965,0.245997906,-0.000090508
1775350484.414881,2.196477,1,1.160000,0.600000,0.100000,-0.470962524,0.028442021,1.706521288,-0.001122400
1775350484.428802,2.210399,1,1.160000,0.600000,0.100000,-0.471145630,-0.019781975,-1.186918505,-0.001582531
1775350484.440005,2.221602,1,1.160000,0.600000,0.100000,-0.470932007,0.015537940,0.932276398,-0.004994535
1775350484.448887,2.230484,1,1.160000,0.600000,0.100000,-0.471054077,-0.010423249,-0.625394918,0.000000000
1775350484.457988,2.239585,1,1.160000,0.600000,0.100000,-0.471054077,-0.006388176,-0.383290574,0.001202883
1775350484.464453,2.246049,1,1.160000,0.600000,0.100000,-0.470962524,0.006258799,0.375527954,-0.000085004
1775350484.470787,2.252384,1,1.160000,0.600000,0.100000,-0.471054077,-0.006126997,-0.367619796,0.000000000
1775350484.477059,2.258655,1,1.160000,0.600000,0.100000,-0.470977783,0.016906092,1.014365517,0.002668460
1775350484.483407,2.265004,1,1.160000,0.600000,0.100000,-0.470993042,-0.008209318,-0.492559075,0.000000000
1775350484.490016,2.271613,1,1.160000,0.600000,0.100000,-0.471191406,-0.011493492,-0.689609516,0.001494414
1775350484.496621,2.278218,1,1.160000,0.600000,0.100000,-0.470962524,0.020323917,1.219435036,-0.001037495
1775350484.503030,2.284627,1,1.160000,0.600000,0.100000,-0.471038818,-0.007320686,-0.439241175,-0.001382921
1775350484.520542,2.302139,1,1.160000,0.600000,0.100000,-0.470993042,0.017839635,1.070378087,-0.002496856
1775350484.530412,2.312009,1,1.160000,0.600000,0.100000,-0.471099854,-0.007836913,-0.470214766,0.002683545
1775350484.544954,2.326551,1,1.160000,0.600000,0.100000,-0.471099854,-0.007905265,-0.474315919,-0.002308970
1775350484.557049,2.338646,1,1.160000,0.600000,0.100000,-0.471023560,0.008866560,0.531993583,-0.002496606
1775350484.567958,2.349555,1,1.160000,0.600000,0.100000,-0.471206665,-0.019265717,-1.155943014,-0.001097869
1775350484.578259,2.359855,1,1.160000,0.600000,0.100000,-0.471023560,0.001482015,0.088920908,0.001204398
1775350484.585216,2.366813,1,1.160000,0.600000,0.100000,-0.471084595,0.008286037,0.497162249,-0.001294431
1775350484.591602,2.373199,1,1.160000,0.600000,0.100000,-0.471115112,-0.003798784,-0.227927025,0.001482385
1775350484.598340,2.379937,1,1.160000,0.600000,0.100000,-0.471176147,-0.014102256,-0.846135356,-0.001100542
1775350484.604752,2.386349,1,1.160000,0.600000,0.100000,-0.471130371,0.009824571,0.589474272,-0.001200220
1775350484.611138,2.392735,1,1.160000,0.600000,0.100000,-0.471084595,0.005017169,0.301030157,-0.000000000
1775350484.617466,2.399063,1,1.160000,0.600000,0.100000,-0.471267700,-0.024292480,-1.457548812,0.001402845
1775350484.623917,2.405514,1,1.160000,0.600000,0.100000,-0.471130371,0.017464176,1.047850549,-0.001295476
1775350484.630276,2.411873,1,1.160000,0.600000,0.100000,-0.471008301,0.016982628,1.018957682,0.000087072
1775350484.636779,2.418376,1,1.160000,0.600000,0.100000,-0.471084595,-0.003050931,-0.183055848,0.001201644
1775350484.649300,2.430897,1,1.160000,0.600000,0.100000,-0.471008301,0.004819242,0.289154537,0.002409360
1775350484.657043,2.438640,1,1.160000,0.600000,0.100000,-0.471038818,-0.002788736,-0.167324189,-0.001292959
1775350484.666157,2.447754,1,1.160000,0.600000,0.100000,-0.471008301,0.006163927,0.369835636,-0.001467235
1775350484.674059,2.455655,1,1.160000,0.600000,0.100000,-0.471054077,-0.004648650,-0.278919004,0.002586340
1775350484.680840,2.462437,1,1.160000,0.600000,0.100000,-0.471023560,0.004093844,0.245630639,-0.001115557
1775350484.691888,2.473485,1,1.160000,0.600000,0.100000,-0.470916748,0.004462151,0.267729079,-0.000163002
1775350484.702254,2.483851,1,1.160000,0.600000,0.100000,-0.470977783,-0.003209081,-0.192544875,0.001120157
1775350484.711171,2.492768,1,1.160000,0.600000,0.100000,-0.470947266,0.003012379,0.180742750,0.002413305
1775350484.718555,2.500152,1,1.160000,0.600000,0.100000,-0.470932007,0.003811233,0.228673965,0.001041815
1775350484.724855,2.506452,1,1.160000,0.600000,0.100000,-0.470870972,0.008651280,0.519076791,-0.002497589
1775350484.731176,2.512773,1,1.160000,0.600000,0.100000,-0.470764160,0.023102060,1.386123598,-0.001356455
1775350484.737662,2.519259,1,1.160000,0.600000,0.100000,-0.470794678,0.013733136,0.823988188,-0.003562300
1775350484.743961,2.525558,1,1.160000,0.600000,0.100000,-0.470748901,0.015055373,0.903322399,-0.003782747
1775350484.750336,2.531933,1,1.160000,0.600000,0.100000,-0.470733643,0.015835861,0.950151645,0.000000000
1775350484.756669,2.538266,1,1.160000,0.600000,0.100000,-0.470779419,-0.002525516,-0.151530951,0.000146632
1775350484.762945,2.544542,1,1.160000,0.600000,0.100000,-0.470916748,-0.013816579,-0.828994755,-0.000081369
1775350484.769352,2.550949,1,1.160000,0.600000,0.100000,-0.470825195,0.004820267,0.289216004,0.001060397
1775350484.783977,2.565573,1,1.160000,0.600000,0.100000,-0.470870972,0.003945929,0.236755712,-0.000078828
1775350484.793030,2.574627,1,1.160000,0.600000,0.100000,-0.470794678,0.006972993,0.418379568,-0.001138096
1775350484.802819,2.584416,1,1.160000,0.600000,0.100000,-0.470779419,0.015210467,0.912628043,0.002424890
1775350484.809501,2.591098,1,1.160000,0.600000,0.100000,-0.470932007,-0.023407914,-1.404474825,0.001622053
1775350484.819828,2.601424,1,1.160000,0.600000,0.100000,-0.470855713,0.005735425,0.344125489,-0.002497757
1775350484.832456,2.614052,1,1.160000,0.600000,0.100000,-0.470886230,-0.012268869,-0.736132152,0.001288385
1775350484.845072,2.626668,1,1.160000,0.600000,0.100000,-0.470901489,-0.012434149,-0.746048950,0.001208543
1775350484.851433,2.633030,1,1.160000,0.600000,0.100000,-0.470809937,-0.004151790,-0.249107424,0.001360989
1775350484.857839,2.639436,1,1.160000,0.600000,0.100000,-0.470932007,-0.008399083,-0.503944997,-0.001372121
1775350484.864170,2.645767,1,1.160000,0.600000,0.100000,-0.470840454,0.011861995,0.711719692,0.002497812
1775350484.870471,2.652067,1,1.160000,0.600000,0.100000,-0.470825195,-0.006071905,-0.364314280,-0.001135945
1775350484.876819,2.658416,1,1.160000,0.600000,0.100000,-0.470962524,-0.016352937,-0.981176198,0.002580992
1775350484.883267,2.664864,1,1.160000,0.600000,0.100000,-0.470718384,0.030006053,1.800363176,-0.003713245
1775350484.889641,2.671238,1,1.160000,0.600000,0.100000,-0.470779419,-0.004672118,-0.280327108,-0.002498153
1775350484.896148,2.677745,1,1.160000,0.600000,0.100000,-0.470932007,-0.015002109,-0.900126547,0.002579989
1775350484.910880,2.692477,1,1.160000,0.600000,0.100000,-0.470626831,0.003029734,0.181784020,-0.002562276
1775350484.921288,2.702884,1,1.160000,0.600000,0.100000,-0.470657349,0.005734409,0.344064552,-0.002433865
1775350484.930181,2.711778,1,1.160000,0.600000,0.100000,-0.470504761,0.021645164,1.298709847,-0.001277268
1775350484.940283,2.721879,1,1.160000,0.600000,0.100000,-0.470703125,-0.006146350,-0.368781025,-0.000068237
1775350484.954668,2.736264,1,1.160000,0.600000,0.100000,-0.470611572,-0.006495264,-0.389715834,0.002560943
1775350484.966606,2.748203,1,1.160000,0.600000,0.100000,-0.470672607,0.005797685,0.347861079,0.001282399
1775350484.977176,2.758773,1,1.160000,0.600000,0.100000,-0.470718384,-0.012467799,-0.748067927,-0.001283598
1775350484.984339,2.765935,1,1.160000,0.600000,0.100000,-0.470611572,0.015685897,0.941153839,-0.000000000
1775350484.990623,2.772220,1,1.160000,0.600000,0.100000,-0.470626831,-0.009321366,-0.559281986,-0.001154143
1775350484.996998,2.778595,1,1.160000,0.600000,0.100000,-0.470718384,-0.002241880,-0.134512810,-0.001283880
1775350485.004292,2.785889,1,1.160000,0.600000,0.100000,-0.470535278,0.015575710,0.934542585,0.000000000
1775350485.010750,2.792347,1,1.160000,0.600000,0.100000,-0.470550537,0.001114740,0.066884416,-0.001161465
1775350485.017197,2.798794,1,1.160000,0.600000,0.100000,-0.470672607,-0.010780326,-0.646819565,-0.001348341
1775350485.023757,2.805353,1,1.160000,0.600000,0.100000,-0.470642090,0.001112685,0.066761125,0.002563521
1775350485.030419,2.812016,1,1.160000,0.600000,0.100000,-0.470718384,-0.004187498,-0.251249867,0.001214810
1775350485.044900,2.826497,1,1.160000,0.600000,0.100000,-0.470764160,-0.015547944,-0.932876654,0.000000000
1775350485.054903,2.836500,1,1.160000,0.600000,0.100000,-0.470764160,0.001101462,0.066087709,0.003711319
1775350485.062292,2.843889,1,1.160000,0.600000,0.100000,-0.470901489,-0.007375770,-0.442546187,-0.001128348
1775350485.073141,2.854738,1,1.160000,0.600000,0.100000,-0.470779419,0.010347956,0.620877352,-0.002498129
1775350485.086152,2.867749,1,1.160000,0.600000,0.100000,-0.470870972,0.008150345,0.489020683,-0.000000000
1775350485.096445,2.878042,1,1.160000,0.600000,0.100000,-0.470870972,-0.002462255,-0.147735318,0.001288141
1775350485.105484,2.887081,1,1.160000,0.600000,0.100000,-0.470901489,0.014082067,0.844924003,-0.001288940
1775350485.112535,2.894131,1,1.160000,0.600000,0.100000,-0.470855713,0.019274101,1.156446040,-0.002419683
1775350485.118923,2.900520,1,1.160000,0.600000,0.100000,-0.470855713,-0.002118430,-0.127105820,0.002497706
1775350485.125279,2.906876,1,1.160000,0.600000,0.100000,-0.470947266,-0.009186694,-0.551201664,-0.000000000
1775350485.131663,2.913260,1,1.160000,0.600000,0.100000,-0.470947266,0.003935715,0.236142911,0.001290182
1775350485.138096,2.919693,1,1.160000,0.600000,0.100000,-0.470916748,0.003674534,0.220472049,-0.003786967
1775350485.144384,2.925981,1,1.160000,0.600000,0.100000,-0.471130371,-0.027395030,-1.643701829,0.001485328
1775350485.150754,2.932351,1,1.160000,0.600000,0.100000,-0.471038818,0.002865484,0.171929011,0.001113694
1775350485.157147,2.938745,1,1.160000,0.600000,0.100000,-0.471099854,-0.005744375,-0.344662517,-0.001201267
1775350485.163598,2.945195,1,1.160000,0.600000,0.100000,-0.471099854,0.001730971,0.103858248,-0.000093598
1775350485.177261,2.958857,1,1.160000,0.600000,0.100000,-0.470993042,0.000841324,0.050479436,0.000000000
1775350485.185185,2.966782,1,1.160000,0.600000,0.100000,-0.471099854,-0.012530024,-0.751801450,0.000187547
1775350485.195146,2.976743,1,1.160000,0.600000,0.100000,-0.470886230,0.021528857,1.291731410,0.001208866
1775350485.206361,2.987958,1,1.160000,0.600000,0.100000,-0.470993042,-0.007652230,-0.459133778,0.001204826
1775350485.219123,3.000720,1,1.160000,0.600000,0.100000,-0.470901489,0.001034144,0.062048617,-0.001289076
1775350485.231648,3.013245,1,1.160000,0.600000,0.100000,-0.470886230,0.003732695,0.223961729,0.002656188
1775350485.244374,3.025970,1,1.160000,0.600000,0.100000,-0.470901489,-0.005614802,-0.336888134,0.001208513
1775350485.250784,3.032381,1,1.160000,0.600000,0.100000,-0.470703125,0.022160385,1.329623088,0.000068083
1775350485.257125,3.038722,1,1.160000,0.600000,0.100000,-0.470840454,-0.013565592,-0.813935492,0.001440829
1775350485.263950,3.045547,1,1.160000,0.600000,0.100000,-0.470764160,0.007266830,0.436009811,-0.000997182
1775350485.270519,3.052116,1,1.160000,0.600000,0.100000,-0.470733643,0.005107990,0.306479428,0.000070179
1775350485.276812,3.058409,1,1.160000,0.600000,0.100000,-0.470794678,-0.006646273,-0.398776364,0.002572271
1775350485.283274,3.064871,1,1.160000,0.600000,0.100000,-0.470626831,0.021907372,1.314442344,0.000063053
1775350485.289836,3.071433,1,1.160000,0.600000,0.100000,-0.470642090,0.007501489,0.450089369,0.000191820
1775350485.296365,3.077963,1,1.160000,0.600000,0.100000,-0.470779419,-0.006339172,-0.380350342,0.000072039
1775350485.313275,3.094872,1,1.160000,0.600000,0.100000,-0.470748901,-0.014428716,-0.865722969,0.002498290
1775350485.325331,3.106928,1,1.160000,0.600000,0.100000,-0.470626831,0.013564807,0.813888442,-0.001154176
1775350485.333460,3.115057,1,1.160000,0.600000,0.100000,-0.470703125,-0.001552191,-0.093131459,0.001283140
1775350485.341457,3.123054,1,1.160000,0.600000,0.100000,-0.470748901,-0.019854398,-1.191263907,-0.005067764
1775350485.348596,3.130193,1,1.160000,0.600000,0.100000,-0.470764160,0.007298440,0.437906384,0.001357232
1775350485.363883,3.145480,1,1.160000,0.600000,0.100000,-0.470794678,-0.015566312,-0.933978707,-0.001285746
1775350485.375807,3.157404,1,1.160000,0.600000,0.100000,-0.470626831,0.034748167,2.084890008,-0.002435860
1775350485.389550,3.171146,1,1.160000,0.600000,0.100000,-0.470748901,0.008500285,0.510017071,0.001356174
1775350485.396347,3.177944,1,1.160000,0.600000,0.100000,-0.470581055,0.009359339,0.561560355,-0.003778696
1775350485.402807,3.184405,1,1.160000,0.600000,0.100000,-0.470642090,-0.001243064,-0.074583837,-0.003651810
1775350485.409596,3.191194,1,1.160000,0.600000,0.100000,-0.470611572,0.005718078,0.343084708,-0.002437274
1775350485.415945,3.197542,1,1.160000,0.600000,0.100000,-0.470657349,-0.009211190,-0.552671403,0.001412666
1775350485.422356,3.203953,1,1.160000,0.600000,0.100000,-0.470642090,0.010931541,0.655892473,-0.002498842
1775350485.428800,3.210397,1,1.160000,0.600000,0.100000,-0.470703125,-0.009623364,-0.577401817,0.005133764
1775350485.435176,3.216773,1,1.160000,0.600000,0.100000,-0.470764160,-0.001444050,-0.086642993,-0.000000000
1775350485.441716,3.223313,1,1.160000,0.600000,0.100000,-0.470764160,-0.001725638,-0.103538290,0.002498189
1775350485.458660,3.240257,1,1.160000,0.600000,0.100000,-0.470809937,-0.010451805,-0.627108291,0.001061936
1775350485.489973,3.271569,1,1.160000,0.600000,0.100000,-0.470748901,0.006451636,0.387098165,0.000070509
1775350485.501423,3.283020,1,1.160000,0.600000,0.100000,-0.470977783,-0.013571742,-0.814304519,-0.000085345
1775350485.509882,3.291479,1,1.160000,0.600000,0.100000,-0.470825195,0.017753910,1.065234616,0.000075554
1775350485.516602,3.298199,1,1.160000,0.600000,0.100000,-0.470870972,-0.003469256,-0.208155331,0.000078718
1775350485.523956,3.305553,1,1.160000,0.600000,0.100000,-0.470932007,-0.013742119,-0.824527144,0.002580353
1775350485.530425,3.312022,1,1.160000,0.600000,0.100000,-0.470947266,-0.004791494,-0.287489640,0.002497090
1775350485.536846,3.318415,1,1.160000,0.600000,0.100000,-0.470886230,0.013456639,0.807398334,-0.001208950
1775350485.543162,3.324759,1,1.160000,0.600000,0.100000,-0.470748901,0.018604813,1.116288789,-0.003782933
1775350485.549610,3.331207,1,1.160000,0.600000,0.100000,-0.470794678,0.005668087,0.340085244,-0.001286055
1775350485.556000,3.337597,1,1.160000,0.600000,0.100000,-0.470901489,-0.016343731,-0.980623886,0.001369991
1775350485.562411,3.344008,1,1.160000,0.600000,0.100000,-0.470794678,0.007946298,0.476777907,-0.000074202
1775350485.568801,3.350398,1,1.160000,0.600000,0.100000,-0.470779419,0.000504621,0.030277250,-0.003637522
1775350485.575162,3.356759,1,1.160000,0.600000,0.100000,-0.470809937,0.004316262,0.258975746,-0.001361470
1775350485.589098,3.370695,1,1.160000,0.600000,0.100000,-0.470825195,0.004199953,0.251997169,-0.000076220
1775350485.600787,3.382384,1,1.160000,0.600000,0.100000,-0.470855713,0.001921741,0.115304484,-0.000078041
1775350485.608458,3.390055,1,1.160000,0.600000,0.100000,-0.470870972,-0.010896634,-0.653798059,0.002576303
1775350485.617029,3.398627,1,1.160000,0.600000,0.100000,-0.470733643,0.014445262,0.866715722,-0.000000000
1775350485.623807,3.405404,1,1.160000,0.600000,0.100000,-0.470916748,-0.019324901,-1.159494035,-0.002497340
1775350485.637095,3.418692,1,1.160000,0.600000,0.100000,-0.470748901,0.014070828,0.844249651,0.000000000
1775350485.649144,3.430741,1,1.160000,0.600000,0.100000,-0.470947266,-0.022827417,-1.369645000,-0.000083107
1775350485.659228,3.440825,1,1.160000,0.600000,0.100000,-0.470916748,-0.004521132,-0.271267919,-0.000081721
1775350485.671158,3.452755,1,1.160000,0.600000,0.100000,-0.470886230,0.008797169,0.527830124,0.001208826
1775350485.678605,3.460202,1,1.160000,0.600000,0.100000,-0.470932007,-0.001605262,-0.096315744,-0.001207387
1775350485.685236,3.466833,1,1.160000,0.600000,0.100000,-0.470916748,0.005392611,0.323556690,-0.002659820
1775350485.692018,3.473615,1,1.160000,0.600000,0.100000,-0.470855713,0.001253476,0.075208568,0.001365829
1775350485.698619,3.480216,1,1.160000,0.600000,0.100000,-0.470947266,-0.013363598,-0.801815875,0.002413649
1775350485.704901,3.486498,1,1.160000,0.600000,0.100000,-0.470825195,0.019595472,1.175728329,-0.001211271
1775350485.711346,3.492943,1,1.160000,0.600000,0.100000,-0.470809937,0.005311000,0.318660010,-0.000223182
1775350485.717700,3.499298,1,1.160000,0.600000,0.100000,-0.470947266,-0.002435728,-0.146143665,-0.002580507
1775350485.724119,3.505717,1,1.160000,0.600000,0.100000,-0.470779419,0.018977204,1.138632260,-0.002498098
1775350485.739784,3.521381,1,1.160000,0.600000,0.100000,-0.470932007,-0.001659327,-0.099559624,0.002497247
1775350485.750742,3.532339,1,1.160000,0.600000,0.100000,-0.470886230,-0.005266922,-0.316015296,0.002497519
1775350485.757925,3.539522,1,1.160000,0.600000,0.100000,-0.470825195,0.011805887,0.708353240,-0.004995727
1775350485.765663,3.547260,1,1.160000,0.600000,0.100000,-0.470825195,0.007392300,0.443537990,-0.001135129
1775350485.772501,3.554098,1,1.160000,0.600000,0.100000,-0.470703125,0.028666483,1.719988994,-0.002498533
1775350485.786999,3.568596,1,1.160000,0.600000,0.100000,-0.470932007,-0.014806233,-0.888374001,0.003622207
1775350485.798579,3.580176,1,1.160000,0.600000,0.100000,-0.470809937,-0.001986836,-0.119210137,-0.003934543
1775350485.807813,3.589410,1,1.160000,0.600000,0.100000,-0.470916748,-0.002197008,-0.131820459,-0.001289245
1775350485.814663,3.596260,1,1.160000,0.600000,0.100000,-0.470825195,0.000076093,0.004565564,0.001287021
1775350485.820954,3.602551,1,1.160000,0.600000,0.100000,-0.470870972,0.000017941,0.001076434,-0.001288129
1775350485.827378,3.608976,1,1.160000,0.600000,0.100000,-0.470855713,0.000342378,0.020542655,-0.000077898
1775350485.833785,3.615382,1,1.160000,0.600000,0.100000,-0.470901489,-0.009268343,-0.556100607,-0.000080049
1775350485.840041,3.621639,1,1.160000,0.600000,0.100000,-0.470794678,0.010032682,0.601960905,-0.002423848
1775350485.846861,3.628458,1,1.160000,0.600000,0.100000,-0.470794678,-0.002350049,-0.141002918,0.001359156
1775350485.853202,3.634800,1,1.160000,0.600000,0.100000,-0.470733643,-0.002239856,-0.134391370,0.000000000
1775350485.859482,3.641079,1,1.160000,0.600000,0.100000,-0.470779419,-0.003176442,-0.190586527,-0.000073217
1775350485.865813,3.647411,1,1.160000,0.600000,0.100000,-0.470855713,-0.020705296,-1.242317744,-0.001131744
1775350485.880059,3.661656,1,1.160000,0.600000,0.100000,-0.470840454,-0.006497341,-0.389840445,-0.001287261
1775350485.887827,3.669424,1,1.160000,0.600000,0.100000,-0.470703125,0.022229742,1.333784536,-0.002566210
1775350485.897532,3.679129,1,1.160000,0.600000,0.100000,-0.470825195,-0.001615459,-0.096927525,0.003784594
1775350485.906429,3.688025,1,1.160000,0.600000,0.100000,-0.470794678,0.003564333,0.213859971,0.001285925
1775350485.913878,3.695475,1,1.160000,0.600000,0.100000,-0.470764160,0.010450996,0.627059788,-0.002498246
1775350485.925328,3.706925,1,1.160000,0.600000,0.100000,-0.470748901,0.009624593,0.577475578,0.001213564
1775350485.936047,3.717644,1,1.160000,0.600000,0.100000,-0.470901489,-0.012013813,-0.720828809,-0.000080143
1775350485.944316,3.725913,1,1.160000,0.600000,0.100000,-0.470855713,0.011628356,0.697701350,0.002575575
1775350485.954907,3.736504,1,1.160000,0.600000,0.100000,-0.470993042,-0.014259388,-0.855563264,0.003616010
1775350485.961278,3.742876,1,1.160000,0.600000,0.100000,-0.470809937,0.007404534,0.444272049,0.002423255
1775350485.967656,3.749253,1,1.160000,0.600000,0.100000,-0.470932007,-0.013508483,-0.810508970,-0.001125418
1775350485.973925,3.755523,1,1.160000,0.600000,0.100000,-0.470687866,0.028797062,1.727823727,0.000134362
1775350485.980374,3.761971,1,1.160000,0.600000,0.100000,-0.470718384,0.002452251,0.147135062,-0.000138818
1775350485.987366,3.768963,1,1.160000,0.600000,0.100000,-0.470794678,-0.006032121,-0.361927282,0.001212337
1775350485.993805,3.775402,1,1.160000,0.600000,0.100000,-0.470809937,-0.007917534,-0.475052018,0.002422404
1775350486.000361,3.781959,1,1.160000,0.600000,0.100000,-0.470825195,-0.004951678,-0.297100693,0.001286801
1775350486.006788,3.788385,1,1.160000,0.600000,0.100000,-0.470916748,-0.001244113,-0.074646799,0.002416108
1775350486.022896,3.804492,1,1.160000,0.600000,0.100000,-0.470825195,-0.011257836,-0.675470140,-0.000076258
1775350486.032181,3.813778,1,1.160000,0.600000,0.100000,-0.470855713,0.015819516,0.949170962,-0.002652414
1775350486.040671,3.822267,1,1.160000,0.600000,0.100000,-0.470794678,-0.000394238,-0.023654300,0.002423405
1775350486.055000,3.836597,1,1.160000,0.600000,0.100000,-0.470916748,0.006076161,0.364569677,-0.000000000
1775350486.068701,3.850298,1,1.160000,0.600000,0.100000,-0.471038818,-0.005828088,-0.349685261,0.000000000
1775350486.078060,3.859657,1,1.160000,0.600000,0.100000,-0.470840454,0.017648807,1.058928408,-0.002268101
1775350486.086713,3.868310,1,1.160000,0.600000,0.100000,-0.470916748,-0.008508275,-0.510496516,0.000000000
1775350486.097594,3.879191,1,1.160000,0.600000,0.100000,-0.470779419,0.027158521,1.629511267,-0.001285355
1775350486.105741,3.887339,1,1.160000,0.600000,0.100000,-0.470901489,-0.003969203,-0.238152193,0.002578783
1775350486.112451,3.894048,1,1.160000,0.600000,0.100000,-0.470977783,-0.009134716,-0.548082981,0.000000000
1775350486.118831,3.900428,1,1.160000,0.600000,0.100000,-0.471008301,-0.012531118,-0.751867052,0.001117904
1775350486.125350,3.906947,1,1.160000,0.600000,0.100000,-0.470962524,-0.002908156,-0.174489347,-0.002412649
1775350486.131763,3.913361,1,1.160000,0.600000,0.100000,-0.470993042,-0.008071621,-0.484297257,0.001032880
1775350486.138085,3.919682,1,1.160000,0.600000,0.100000,-0.470977783,0.003194967,0.191698009,-0.001205742
1775350486.144590,3.926187,1,1.160000,0.600000,0.100000,-0.470947266,-0.000414659,-0.024879568,-0.001206779
1775350486.150940,3.932537,1,1.160000,0.600000,0.100000,-0.470947266,0.000507642,0.030458502,-0.002413305
1775350486.157472,3.939070,1,1.160000,0.600000,0.100000,-0.470825195,0.018382356,1.102941334,-0.003784520
1775350486.171161,3.952758,1,1.160000,0.600000,0.100000,-0.471038818,-0.013262635,-0.795758106,-0.001203538
1775350486.183119,3.964716,1,1.160000,0.600000,0.100000,-0.470962524,0.008987920,0.539275222,-0.002497072
1775350486.190733,3.972330,1,1.160000,0.600000,0.100000,-0.471023560,0.006562792,0.393767534,0.002320690
1775350486.207502,3.989099,1,1.160000,0.600000,0.100000,-0.471191406,-0.015833665,-0.950019881,0.002495405
1775350486.220123,4.001720,1,1.160000,0.600000,0.100000,-0.471328735,-0.019359628,-1.161577664,0.003687345
1775350486.228709,4.010306,1,1.160000,0.600000,0.100000,-0.471267700,-0.005754640,-0.345278392,-0.001195241
1775350486.237827,4.019424,1,1.160000,0.600000,0.100000,-0.471343994,-0.002968351,-0.178101039,-0.002603119
1775350486.247097,4.028694,1,1.160000,0.600000,0.100000,-0.471328735,-0.003022425,-0.181345493,-0.001408791
1775350486.254365,4.035962,1,1.160000,0.600000,0.100000,-0.471237183,0.013931011,0.835860651,-0.003486867
1775350486.260855,4.042453,1,1.160000,0.600000,0.100000,-0.471206665,0.003095992,0.185759501,0.002395110
1775350486.267158,4.048755,1,1.160000,0.600000,0.100000,-0.471221924,-0.000005560,-0.000333600,-0.001500650
1775350486.273531,4.055129,1,1.160000,0.600000,0.100000,-0.471115112,0.012720994,0.763259623,-0.001106829
1775350486.280180,4.061778,1,1.160000,0.600000,0.100000,-0.471237183,-0.011165014,-0.669900868,-0.000102111
1775350486.286506,4.068104,1,1.160000,0.600000,0.100000,-0.471084595,0.017195808,1.031748466,-0.001202129
1775350486.292945,4.074542,1,1.160000,0.600000,0.100000,-0.471252441,-0.025300520,-1.518031172,0.002495016
1775350486.299306,4.080904,1,1.160000,0.600000,0.100000,-0.471221924,-0.000447311,-0.026838637,-0.001196767
1775350486.305701,4.087298,1,1.160000,0.600000,0.100000,-0.471160889,0.014577862,0.874671713,0.000000000
1775350486.323393,4.104990,1,1.160000,0.600000,0.100000,-0.471267700,0.011278369,0.676702112,-0.001091985
1775350486.333938,4.115535,1,1.160000,0.600000,0.100000,-0.471282959,-0.009367337,-0.562040247,-0.000000000
1775350486.342357,4.123954,1,1.160000,0.600000,0.100000,-0.471389771,0.011131456,0.667887367,-0.003573645
1775350486.349147,4.130744,1,1.160000,0.600000,0.100000,-0.471435547,-0.020875730,-1.252543777,0.002608210
1775350486.368500,4.150096,1,1.160000,0.600000,0.100000,-0.471420288,-0.002983654,-0.179019221,0.002607006
1775350486.381096,4.162694,1,1.160000,0.600000,0.100000,-0.471435547,-0.005171056,-0.310263382,0.000000000
1775350486.396123,4.177720,1,1.160000,0.600000,0.100000,-0.471359253,-0.008777635,-0.526658110,0.000109493
1775350486.403164,4.184761,1,1.160000,0.600000,0.100000,-0.471176147,0.034134962,2.048097700,-0.002495592
1775350486.409538,4.191135,1,1.160000,0.600000,0.100000,-0.471206665,-0.001109458,-0.066567475,-0.001497499
1775350486.415939,4.197536,1,1.160000,0.600000,0.100000,-0.471282959,-0.010393698,-0.623621866,0.001509116
1775350486.422351,4.203948,1,1.160000,0.600000,0.100000,-0.471282959,-0.003433568,-0.206014062,-0.001299720
1775350486.428794,4.210391,1,1.160000,0.600000,0.100000,-0.471206665,0.011650779,0.699046757,0.000000000
1775350486.435168,4.216766,1,1.160000,0.600000,0.100000,-0.471267700,-0.007389063,-0.443343809,-0.000208542
1775350486.441491,4.223089,1,1.160000,0.600000,0.100000,-0.471252441,-0.000789087,-0.047345208,-0.002494914
1775350486.447826,4.229423,1,1.160000,0.600000,0.100000,-0.471435547,-0.031641342,-1.898480505,0.002835863
1775350486.459496,4.241093,1,1.160000,0.600000,0.100000,-0.471282959,0.010967216,0.658032931,-0.002494774
1775350486.468615,4.250212,1,1.160000,0.600000,0.100000,-0.471298218,0.002761371,0.165682258,-0.001194230
1775350486.475739,4.257336,1,1.160000,0.600000,0.100000,-0.471374512,0.007856471,0.471388288,-0.000000000
1775350486.488923,4.270520,1,1.160000,0.600000,0.100000,-0.471405029,-0.003740672,-0.224440349,0.002831225
1775350486.502982,4.284580,1,1.160000,0.600000,0.100000,-0.471328735,0.014107517,0.846451018,-0.003795445
1775350486.512127,4.293724,1,1.160000,0.600000,0.100000,-0.471389771,-0.001917497,-0.115049828,0.002493878
1775350486.520311,4.301909,1,1.160000,0.600000,0.100000,-0.471466064,-0.003788629,-0.227317731,0.004986579
1775350486.530532,4.312130,1,1.160000,0.600000,0.100000,-0.471328735,0.011569139,0.694148317,-0.002279522
1775350486.536882,4.318479,1,1.160000,0.600000,0.100000,-0.471405029,-0.016093826,-0.965629555,0.002606456
1775350486.543213,4.324810,1,1.160000,0.600000,0.100000,-0.471435547,-0.011208884,-0.672533065,-0.000114677
1775350486.549845,4.331442,1,1.160000,0.600000,0.100000,-0.471359253,0.003153123,0.189187392,0.000972961
1775350486.556111,4.337708,1,1.160000,0.600000,0.100000,-0.471542358,-0.021709271,-1.302556247,-0.001427545
1775350486.562418,4.344015,1,1.160000,0.600000,0.100000,-0.471466064,0.013370884,0.802253019,0.001188251
1775350486.568899,4.350497,1,1.160000,0.600000,0.100000,-0.471389771,0.010037740,0.602264386,0.000000000
1775350486.575255,4.356853,1,1.160000,0.600000,0.100000,-0.471557617,-0.021824567,-1.309473999,0.003555903
1775350486.592443,4.374040,1,1.160000,0.600000,0.100000,-0.471435547,0.015632762,0.937965699,-0.001189305
1775350486.602026,4.383623,1,1.160000,0.600000,0.100000,-0.471466064,0.001863512,0.111810726,0.001304790
1775350486.613142,4.394739,1,1.160000,0.600000,0.100000,-0.471466064,0.004746733,0.284803966,0.001188449
1775350486.621361,4.402958,1,1.160000,0.600000,0.100000,-0.471481323,0.004140698,0.248441873,0.001187647
1775350486.637072,4.418670,1,1.160000,0.600000,0.100000,-0.471389771,-0.002117494,-0.127049633,-0.002605710
1775350486.645921,4.427519,1,1.160000,0.600000,0.100000,-0.471267700,0.018522091,1.111325473,-0.003794062
1775350486.662006,4.443603,1,1.160000,0.600000,0.100000,-0.471405029,-0.020894112,-1.253646724,-0.000112607
1775350486.668943,4.450540,1,1.160000,0.600000,0.100000,-0.471374512,-0.004707906,-0.282474356,0.001080326
1775350486.675692,4.457290,1,1.160000,0.600000,0.100000,-0.471420288,-0.009158224,-0.549493432,0.000113738
1775350486.682156,4.463753,1,1.160000,0.600000,0.100000,-0.471405029,-0.003662157,-0.219729412,0.001303256
1775350486.688451,4.470048,1,1.160000,0.600000,0.100000,-0.471405029,0.011919050,0.715142973,-0.002718311
1775350486.694857,4.476455,1,1.160000,0.600000,0.100000,-0.471343994,0.008253298,0.495197866,-0.001192922
1775350486.701239,4.482836,1,1.160000,0.600000,0.100000,-0.471435547,-0.011271160,-0.676269606,0.001189278
1775350486.707941,4.489539,1,1.160000,0.600000,0.100000,-0.471359253,0.011381377,0.682882592,0.002494205
1775350486.715324,4.496921,1,1.160000,0.600000,0.100000,-0.471450806,-0.016919242,-1.015154533,-0.001304228
1775350486.732629,4.514227,1,1.160000,0.600000,0.100000,-0.471328735,0.022624489,1.357469335,0.002386737
1775350486.743118,4.524715,1,1.160000,0.600000,0.100000,-0.471435547,-0.006754527,-0.405271640,-0.001189483
1775350486.750595,4.532193,1,1.160000,0.600000,0.100000,-0.471405029,-0.011685374,-0.701122452,0.001190813
1775350486.758746,4.540343,1,1.160000,0.600000,0.100000,-0.471328735,0.015708247,0.942494832,-0.002602040
1775350486.771060,4.552657,1,1.160000,0.600000,0.100000,-0.471359253,-0.016721318,-1.003279053,0.000328594
1775350486.780603,4.562200,1,1.160000,0.600000,0.100000,-0.471481323,-0.023217233,-1.393033974,0.000000000
1775350486.789812,4.571409,1,1.160000,0.600000,0.100000,-0.471359253,0.018074183,1.084450968,0.000000000
1775350486.798995,4.580592,1,1.160000,0.600000,0.100000,-0.471420288,-0.012154699,-0.729281958,0.000000000
1775350486.805369,4.586966,1,1.160000,0.600000,0.100000,-0.471496582,-0.013836069,-0.830164142,0.001305785
1775350486.811831,4.593428,1,1.160000,0.600000,0.100000,-0.471374512,0.017693631,1.061617881,0.000220325
1775350486.818314,4.599911,1,1.160000,0.600000,0.100000,-0.471420288,-0.007478917,-0.448735021,0.001303614
1775350486.824810,4.606407,1,1.160000,0.600000,0.100000,-0.471481323,-0.008505291,-0.510317478,-0.001422910
1775350486.831238,4.612835,1,1.160000,0.600000,0.100000,-0.471405029,0.004185555,0.251133302,0.000112821
1775350486.837857,4.619455,1,1.160000,0.600000,0.100000,-0.471405029,-0.002192010,-0.131520596,0.001190454
1775350486.844343,4.625941,1,1.160000,0.600000,0.100000,-0.471496582,-0.009370468,-0.562228058,0.001424410
1775350486.851039,4.632636,1,1.160000,0.600000,0.100000,-0.471405029,0.010490675,0.629440527,-0.002606308
1775350486.868486,4.650083,1,1.160000,0.600000,0.100000,-0.471374512,0.015592931,0.935575850,0.002714273
1775350486.880434,4.662031,1,1.160000,0.600000,0.100000,-0.471618652,-0.021398144,-1.283888631,-0.002618256
1775350486.890094,4.671692,1,1.160000,0.600000,0.100000,-0.471572876,0.010134617,0.608077012,0.002614855
1775350486.899662,4.681260,1,1.160000,0.600000,0.100000,-0.471740723,-0.023203982,-1.392238922,0.001178279
1775350486.914880,4.696477,1,1.160000,0.600000,0.100000,-0.471710205,0.001970604,0.118236230,-0.000264502
1775350486.925045,4.706642,1,1.160000,0.600000,0.100000,-0.471862793,-0.018777121,-1.126627252,0.002489329
1775350486.935412,4.717009,1,1.160000,0.600000,0.100000,-0.471771240,0.004324322,0.259459298,-0.001449261
1775350486.945280,4.726877,1,1.160000,0.600000,0.100000,-0.471862793,-0.000157616,-0.009456985,0.000141591
1775350486.951625,4.733223,1,1.160000,0.600000,0.100000,-0.471755981,0.017035572,1.022134311,-0.002221398
1775350486.958238,4.739835,1,1.160000,0.600000,0.100000,-0.471878052,-0.015959211,-0.957552642,-0.001458756
1775350486.964798,4.746395,1,1.160000,0.600000,0.100000,-0.471893311,-0.002249141,-0.134948432,-0.001459686
1775350486.971735,4.753332,1,1.160000,0.600000,0.100000,-0.471710205,0.018863849,1.131830961,0.001047477
1775350486.978084,4.759681,1,1.160000,0.600000,0.100000,-0.471847534,-0.009168446,-0.550106764,0.001174226
1775350486.984690,4.766288,1,1.160000,0.600000,0.100000,-0.471694946,0.026590178,1.595410667,-0.002622154
1775350486.991100,4.772697,1,1.160000,0.600000,0.100000,-0.471710205,0.000785085,0.047105098,-0.000395751
1775350486.997497,4.779094,1,1.160000,0.600000,0.100000,-0.471801758,-0.012622993,-0.757379606,0.001451733
1775350487.013250,4.794847,1,1.160000,0.600000,0.100000,-0.471725464,0.002455232,0.147313946,0.001178791
1775350487.022843,4.804441,1,1.160000,0.600000,0.100000,-0.471771240,0.000719791,0.043187463,0.001041460
1775350487.030877,4.812474,1,1.160000,0.600000,0.100000,-0.471786499,-0.004570187,-0.274211224,-0.002353980
1775350487.044613,4.826210,1,1.160000,0.600000,0.100000,-0.471862793,-0.010332541,-0.619952437,0.001173895
1775350487.061265,4.842863,1,1.160000,0.600000,0.100000,-0.472045898,-0.007349328,-0.440959688,-0.002487134
1775350487.071601,4.853199,1,1.160000,0.600000,0.100000,-0.472061157,-0.017347742,-1.040864512,0.002178994
1775350487.079474,4.861071,1,1.160000,0.600000,0.100000,-0.472183228,-0.005077244,-0.304634627,0.001000823
1775350487.094377,4.875974,1,1.160000,0.600000,0.100000,-0.472213745,-0.008209401,-0.492564049,0.000164163
1775350487.104364,4.885961,1,1.160000,0.600000,0.100000,-0.472335815,-0.002905139,-0.174308354,0.001327439
1775350487.110768,4.892366,1,1.160000,0.600000,0.100000,-0.472412109,0.007581971,0.454918267,-0.001504986
1775350487.117203,4.898800,1,1.160000,0.600000,0.100000,-0.472534180,-0.020054467,-1.203268021,0.002296664
1775350487.123882,4.905479,1,1.160000,0.600000,0.100000,-0.472503662,-0.004202893,-0.252173608,0.001332022
1775350487.130869,4.912465,1,1.160000,0.600000,0.100000,-0.472579956,0.004753849,0.285230912,0.001333554
1775350487.137326,4.918924,1,1.160000,0.600000,0.100000,-0.472625732,-0.004872175,-0.292330496,0.000189842
1775350487.143851,4.925449,1,1.160000,0.600000,0.100000,-0.472747803,-0.014677765,-0.880665891,0.001140301
1775350487.150353,4.931951,1,1.160000,0.600000,0.100000,-0.472778320,-0.010242752,-0.614565108,0.002277828
1775350487.165540,4.947137,1,1.160000,0.600000,0.100000,-0.472885132,-0.009454099,-0.567245912,0.002270472
1775350487.177842,4.959440,1,1.160000,0.600000,0.100000,-0.473068237,-0.014024806,-0.841488373,0.000909964
1775350487.194151,4.975748,1,1.160000,0.600000,0.100000,-0.473022461,-0.013936045,-0.836162679,0.003603219
1775350487.218314,4.999911,1,1.160000,0.600000,0.100000,-0.472976685,-0.010175410,-0.610524584,-0.000919947
1775350487.229437,5.011034,1,1.160000,0.600000,0.100000,-0.473068237,-0.000690164,-0.041409843,-0.000435240
1775350487.247018,5.028616,1,1.160000,0.600000,0.100000,-0.473114014,0.002012467,0.120748021,-0.000220456
1775350487.256156,5.037753,1,1.160000,0.600000,0.100000,-0.473190308,-0.003160184,-0.189611013,-0.001122958
1775350487.263331,5.044927,1,1.160000,0.600000,0.100000,-0.473190308,-0.000628945,-0.037736701,-0.002695761
1775350487.270356,5.051954,1,1.160000,0.600000,0.100000,-0.473220825,0.000953461,0.057207680,-0.001348728
1775350487.277982,5.059579,1,1.160000,0.600000,0.100000,-0.473083496,0.020874796,1.252487786,-0.000218715
1775350487.285253,5.066850,1,1.160000,0.600000,0.100000,-0.473144531,-0.001318629,-0.079117734,0.001569784
1775350487.291808,5.073406,1,1.160000,0.600000,0.100000,-0.473159790,0.001809448,0.108566880,-0.001793593
1775350487.298961,5.080559,1,1.160000,0.600000,0.100000,-0.473220825,-0.014232908,-0.853974503,-0.000666870
1775350487.306324,5.087920,1,1.160000,0.600000,0.100000,-0.473281860,-0.013603421,-0.816205256,0.000230931
1775350487.321203,5.102800,1,1.160000,0.600000,0.100000,-0.473083496,0.015562356,0.933741331,0.000218704
1775350487.330387,5.111984,1,1.160000,0.600000,0.100000,-0.473220825,-0.003509109,-0.210546535,0.001348588
1775350487.338453,5.120050,1,1.160000,0.600000,0.100000,-0.473068237,0.019366853,1.162011176,-0.000217810
1775350487.348006,5.129603,1,1.160000,0.600000,0.100000,-0.473266602,-0.023470266,-1.408215947,0.003819099
1775350487.357876,5.139473,1,1.160000,0.600000,0.100000,-0.473220825,0.001917546,0.115052741,0.001121565
1775350487.372882,5.154480,1,1.160000,0.600000,0.100000,-0.473312378,-0.015508257,-0.930495411,-0.001816101
1775350487.385436,5.167033,1,1.160000,0.600000,0.100000,-0.473312378,-0.013965667,-0.837940034,0.000419279
1775350487.397140,5.178737,1,1.160000,0.600000,0.100000,-0.473327637,0.002167498,0.130049866,-0.001117291
1775350487.408065,5.189662,1,1.160000,0.600000,0.100000,-0.473327637,-0.001809420,-0.108565183,-0.001116994
1775350487.414711,5.196309,1,1.160000,0.600000,0.100000,-0.473281860,0.007748254,0.464895219,-0.000000000
1775350487.421244,5.202842,1,1.160000,0.600000,0.100000,-0.473403931,-0.011487472,-0.689248312,0.000238291
1775350487.427556,5.209153,1,1.160000,0.600000,0.100000,-0.473388672,0.008202265,0.492135901,0.002229792
1775350487.435457,5.217054,1,1.160000,0.600000,0.100000,-0.473297119,0.010374368,0.622462090,-0.000462840
1775350487.442083,5.223680,1,1.160000,0.600000,0.100000,-0.473312378,0.004569164,0.274149841,-0.002933759
1775350487.448629,5.230226,1,1.160000,0.600000,0.100000,-0.473281860,0.009884652,0.593079105,-0.001349890
1775350487.455945,5.237542,1,1.160000,0.600000,0.100000,-0.473159790,0.013888096,0.833285730,0.000900662
1775350487.478292,5.259889,1,1.160000,0.600000,0.100000,-0.473281860,-0.010975316,-0.658518970,0.002700229
1775350487.489904,5.271501,1,1.160000,0.600000,0.100000,-0.473419189,-0.009315374,-0.558922458,-0.000239746
1775350487.498730,5.280327,1,1.160000,0.600000,0.100000,-0.473342896,0.011678243,0.700694583,-0.000645966
1775350487.517504,5.299102,1,1.160000,0.600000,0.100000,-0.473281860,0.018526141,1.111568436,-0.000000000
1775350487.536015,5.317612,1,1.160000,0.600000,0.100000,-0.473281860,0.007969658,0.478179473,0.001119173
1775350487.547678,5.329276,1,1.160000,0.600000,0.100000,-0.473342896,-0.008061475,-0.483688507,-0.000881138
1775350487.563962,5.345559,1,1.160000,0.600000,0.100000,-0.473327637,0.008605279,0.516316742,-0.004053175
1775350487.570467,5.352065,1,1.160000,0.600000,0.100000,-0.473312378,0.015483782,0.929026902,0.002468670
1775350487.576971,5.358568,1,1.160000,0.600000,0.100000,-0.473388672,0.000251491,0.015089488,0.000237616
1775350487.584383,5.365981,1,1.160000,0.600000,0.100000,-0.473236084,0.007591156,0.455469349,-0.004711220
1775350487.590986,5.372584,1,1.160000,0.600000,0.100000,-0.473266602,0.004189651,0.251379060,0.002239341
1775350487.597581,5.379179,1,1.160000,0.600000,0.100000,-0.473175049,0.017253909,1.035234556,-0.003594597
1775350487.604433,5.386031,1,1.160000,0.600000,0.100000,-0.473220825,-0.011891479,-0.713488720,0.002697534
1775350487.612396,5.393994,1,1.160000,0.600000,0.100000,-0.473175049,0.013128028,0.787681695,0.000223842
1775350487.632991,5.414589,1,1.160000,0.600000,0.100000,-0.473205566,0.008729744,0.523784626,-0.000000000
1775350487.646949,5.428546,1,1.160000,0.600000,0.100000,-0.473434448,-0.002719472,-0.163168302,0.000241271
1775350487.657052,5.438650,1,1.160000,0.600000,0.100000,-0.473526001,-0.016225498,-0.973529890,-0.000000000
1775350487.668385,5.449982,1,1.160000,0.600000,0.100000,-0.473510742,0.018390449,1.103426926,0.001355143
1775350487.680693,5.462291,1,1.160000,0.600000,0.100000,-0.473617554,-0.019773921,-1.186435260,0.000252459
1775350487.700547,5.482145,1,1.160000,0.600000,0.100000,-0.473510742,0.009721397,0.583283845,0.001109898
1775350487.711069,5.492666,1,1.160000,0.600000,0.100000,-0.473464966,0.003633582,0.218014950,-0.000869054
1775350487.720904,5.502501,1,1.160000,0.600000,0.100000,-0.473419189,0.010200919,0.612055119,-0.000479047
1775350487.734126,5.515724,1,1.160000,0.600000,0.100000,-0.473464966,0.009275553,0.556533169,0.000868840
1775350487.740555,5.522153,1,1.160000,0.600000,0.100000,-0.473434448,-0.000867734,-0.052064062,-0.000872541
1775350487.747530,5.529127,1,1.160000,0.600000,0.100000,-0.473510742,-0.017096797,-1.025807820,0.001109549
1775350487.754236,5.535833,1,1.160000,0.600000,0.100000,-0.473495483,0.002926561,0.175593649,0.001110542
1775350487.760697,5.542295,1,1.160000,0.600000,0.100000,-0.473510742,0.002370527,0.142231607,0.001355118
1775350487.767190,5.548788,1,1.160000,0.600000,0.100000,-0.473632812,-0.026099458,-1.565967500,0.000000000
1775350487.774152,5.555749,1,1.160000,0.600000,0.100000,-0.473724365,-0.015970459,-0.958227552,0.003561963
1775350487.783070,5.564667,1,1.160000,0.600000,0.100000,-0.473663330,0.011877174,0.712630413,-0.000849403
1775350487.802409,5.584007,1,1.160000,0.600000,0.100000,-0.473846436,-0.024618063,-1.477083787,0.002724835
1775350487.813942,5.595540,1,1.160000,0.600000,0.100000,-0.474029541,-0.031576157,-1.894569397,0.002177265
1775350487.822672,5.604269,1,1.160000,0.600000,0.100000,-0.473922729,0.005026215,0.301572913,-0.001093012
1775350487.832920,5.614518,1,1.160000,0.600000,0.100000,-0.474075317,-0.012210855,-0.732651316,0.000280114
1775350487.844893,5.626491,1,1.160000,0.600000,0.100000,-0.474441528,-0.042220403,-2.533224151,0.005497816
1775350487.870921,5.652519,1,1.160000,0.600000,0.100000,-0.475845337,-0.101652868,-6.099172086,0.006216202
1775350487.882962,5.664560,1,1.160000,0.600000,0.100000,-0.478393555,-0.181432068,-10.885924101,0.010900033
1775350487.894295,5.675893,1,1.160000,0.600000,0.100000,-0.481063843,-0.261376649,-15.682598948,0.015085338
1775350487.905293,5.686891,1,1.160000,0.600000,0.100000,-0.482940674,-0.152001321,-9.120079279,0.007206827
1775350487.912406,5.694004,1,1.160000,0.600000,0.100000,-0.485229492,-0.309065282,-18.543916941,0.018421838
1775350487.918830,5.700428,1,1.160000,0.600000,0.100000,-0.486999512,-0.237816453,-14.268987179,0.014218954
1775350487.925507,5.707105,1,1.160000,0.600000,0.100000,-0.488403320,-0.227502778,-13.650166690,0.012835268
1775350487.932006,5.713604,1,1.160000,0.600000,0.100000,-0.490753174,-0.348349899,-20.900993943,0.021369942
1775350487.938528,5.720126,1,1.160000,0.600000,0.100000,-0.492813110,-0.302591920,-18.155515194,0.016270429
1775350487.945133,5.726730,1,1.160000,0.600000,0.100000,-0.494247437,-0.244393945,-14.663636684,0.013713934
1775350487.951524,5.733122,1,1.160000,0.600000,0.100000,-0.496780396,-0.375714034,-22.542842031,0.021340502
1775350487.957932,5.739529,1,1.160000,0.600000,0.100000,-0.498687744,-0.296168715,-17.770122886,0.019079829
1775350487.966474,5.748072,1,1.160000,0.600000,0.100000,-0.500808716,-0.322309613,-19.338576794,0.016541349
1775350487.979736,5.761334,1,1.160000,0.600000,0.100000,-0.503692627,-0.284346193,-17.060771585,0.014414707
1775350487.990608,5.772206,1,1.160000,0.600000,0.100000,-0.507461548,-0.313716054,-18.822963238,0.016646665
1775350487.998552,5.780150,1,1.160000,0.600000,0.100000,-0.509902954,-0.222577229,-13.354633749,0.012351407
1775350488.009300,5.790898,1,1.160000,0.600000,0.100000,-0.511672974,-0.276146293,-16.568777561,0.011783089
1775350488.022103,5.803700,1,1.160000,0.600000,0.100000,-0.516983032,-0.323390812,-19.403448701,0.022518557
1775350488.033483,5.815080,1,1.160000,0.600000,0.100000,-0.520217896,-0.369437516,-22.166250944,0.019301064
1775350488.040611,5.822209,1,1.160000,0.600000,0.100000,-0.523345947,-0.317673445,-19.060406685,0.021412799
1775350488.050755,5.832352,1,1.160000,0.600000,0.100000,-0.527938843,-0.421993703,-25.319622159,0.024458539
1775350488.057276,5.838874,1,1.160000,0.600000,0.100000,-0.530487061,-0.390935302,-23.456118107,0.022411145
1775350488.063807,5.845405,1,1.160000,0.600000,0.100000,-0.533630371,-0.463037252,-27.782235146,0.027866187
1775350488.070236,5.851834,1,1.160000,0.600000,0.100000,-0.536346436,-0.425964415,-25.557864904,0.024282925
1775350488.076778,5.858376,1,1.160000,0.600000,0.100000,-0.539428711,-0.463715464,-27.822927833,0.031328175
1775350488.083182,5.864780,1,1.160000,0.600000,0.100000,-0.542022705,-0.410178185,-24.610691071,0.025050297
1775350488.089740,5.871338,1,1.160000,0.600000,0.100000,-0.545043945,-0.466300905,-27.978054285,0.031776369
1775350488.096872,5.878470,1,1.160000,0.600000,0.100000,-0.547836304,-0.413970381,-24.838222861,0.023617975
1775350488.103178,5.884776,1,1.160000,0.600000,0.100000,-0.549667358,-0.298802078,-17.928124666,0.020169687
1775350488.110134,5.891732,1,1.160000,0.600000,0.100000,-0.553115845,-0.524885654,-31.493139267,0.028849857
1775350488.120440,5.902038,1,1.160000,0.600000,0.100000,-0.558120728,-0.546451330,-32.787079811,0.033950645
1775350488.132575,5.914173,1,1.160000,0.600000,0.100000,-0.565017700,-0.666157067,-39.969424009,0.043533396
1775350488.139989,5.921587,1,1.160000,0.600000,0.100000,-0.570907593,-0.618026555,-37.081593275,0.029367585
1775350488.165469,5.947067,1,1.160000,0.600000,0.100000,-0.578079224,-0.608014822,-36.480889320,0.037015483
1775350488.179551,5.961149,1,1.160000,0.600000,0.100000,-0.592437744,-0.546152115,-32.769126892,0.033392660
1775350488.187303,5.968901,1,1.160000,0.600000,0.100000,-0.598312378,-0.518212974,-31.092778444,0.028954877
1775350488.194916,5.976514,1,1.160000,0.600000,0.100000,-0.602218628,-0.527909458,-31.674567461,0.030043887
1775350488.202876,5.984474,1,1.160000,0.600000,0.100000,-0.604797363,-0.329851061,-19.791063666,0.020438140
1775350488.210009,5.991607,1,1.160000,0.600000,0.100000,-0.608337402,-0.524630547,-31.477832794,0.029483248
1775350488.216453,5.998051,1,1.160000,0.600000,0.100000,-0.612197876,-0.531582892,-31.894973516,0.031338189
1775350488.223221,6.004819,1,1.160000,0.600000,0.100000,-0.615707397,-0.533414066,-32.004843950,0.030860564
1775350488.229816,6.011414,1,1.160000,0.600000,0.100000,-0.619140625,-0.519038379,-31.142302752,0.031652831
1775350488.236680,6.018278,1,1.160000,0.600000,0.100000,-0.622894287,-0.540228963,-32.413737774,0.029604914
1775350488.243323,6.024921,1,1.160000,0.600000,0.100000,-0.625564575,-0.417559385,-25.053563118,0.028975934
1775350488.249865,6.031463,1,1.160000,0.600000,0.100000,-0.629028320,-0.529274404,-31.756464243,0.028805731
1775350488.256520,6.038118,1,1.160000,0.600000,0.100000,-0.632186890,-0.483798832,-29.027929902,0.026183080
1775350488.263270,6.044868,1,1.160000,0.600000,0.100000,-0.635498047,-0.500421643,-30.025298595,0.036217224
1775350488.272651,6.054249,1,1.160000,0.600000,0.100000,-0.638839722,-0.385540873,-23.132452369,0.030596234
1775350488.297648,6.079246,1,1.160000,0.600000,0.100000,-0.644973755,-0.463267118,-27.796027064,0.032036632
1775350488.309392,6.090990,1,1.160000,0.600000,0.100000,-0.652816772,-0.421680987,-25.300859213,0.021501226
1775350488.325949,6.107546,1,1.160000,0.600000,0.100000,-0.660766602,-0.445897162,-26.753829718,0.022540433
1775350488.333589,6.115187,1,1.160000,0.600000,0.100000,-0.665908813,-0.494966745,-29.698004723,0.029305350
1775350488.342688,6.124285,1,1.160000,0.600000,0.100000,-0.669433594,-0.468096495,-28.085789680,0.026847070
1775350488.349498,6.131095,1,1.160000,0.600000,0.100000,-0.673568726,-0.504356205,-30.261372328,0.031807434
1775350488.358189,6.139787,1,1.160000,0.600000,0.100000,-0.676818848,-0.500342369,-30.020542145,0.029142348
1775350488.364665,6.146263,1,1.160000,0.600000,0.100000,-0.681106567,-0.488506198,-29.310371876,0.028764635
1775350488.371171,6.152769,1,1.160000,0.600000,0.100000,-0.683837891,-0.443795800,-26.627748013,0.025152352
1775350488.377782,6.159379,1,1.160000,0.600000,0.100000,-0.687103271,-0.483412057,-29.004723430,0.029638384
1775350488.384229,6.165827,1,1.160000,0.600000,0.100000,-0.690551758,-0.536055863,-32.163351774,0.029194957
1775350488.420588,6.202185,1,1.160000,0.600000,0.100000,-0.694213867,-0.552720606,-33.163236380,0.031040765
1775350488.434249,6.215846,1,1.160000,0.600000,0.100000,-0.715728760,-0.661937177,-39.716230631,0.040738106
1775350488.443984,6.225582,1,1.160000,0.600000,0.100000,-0.724288940,-0.644359708,-38.661582470,0.031233134
1775350488.450898,6.232495,1,1.160000,0.600000,0.100000,-0.729965210,-0.632963836,-37.977830172,0.035033822
1775350488.464346,6.245944,1,1.160000,0.600000,0.100000,-0.737686157,-0.871229410,-52.273764610,0.051524919
1775350488.477906,6.259502,1,1.160000,0.600000,0.100000,-0.744979858,-0.640862107,-38.451726437,0.038161650
1775350488.485279,6.266877,1,1.160000,0.600000,0.100000,-0.753845215,-0.681579709,-40.894782543,0.040228255
1775350488.492025,6.273623,1,1.160000,0.600000,0.100000,-0.758316040,-0.694581032,-41.674861908,0.040663779
1775350488.498567,6.280165,1,1.160000,0.600000,0.100000,-0.762496948,-0.599728465,-35.983707905,0.035485044
1775350488.505079,6.286677,1,1.160000,0.600000,0.100000,-0.765914917,-0.589126289,-35.347577333,0.035403360
1775350488.511527,6.293125,1,1.160000,0.600000,0.100000,-0.771026611,-0.726410389,-43.584623337,0.043019030
1775350488.517905,6.299503,1,1.160000,0.600000,0.100000,-0.775039673,-0.661495566,-39.689733982,0.040889710
1775350488.524354,6.305952,1,1.160000,0.600000,0.100000,-0.779617310,-0.716594100,-42.995646000,0.041214600
1775350488.530869,6.312466,1,1.160000,0.600000,0.100000,-0.784774780,-0.787872374,-47.272342443,0.047498930
1775350488.537877,6.319475,1,1.160000,0.600000,0.100000,-0.789733887,-0.737712801,-44.262768030,0.044950727
1775350488.544385,6.325983,1,1.160000,0.600000,0.100000,-0.793869019,-0.637603581,-38.256214857,0.036448028
1775350488.560535,6.342133,1,1.160000,0.600000,0.100000,-0.798294067,-0.637407839,-38.244470358,0.039575398
1775350488.571266,6.352863,1,1.160000,0.600000,0.100000,-0.811157227,-0.773500562,-46.410033703,0.044979844
1775350488.578364,6.359962,1,1.160000,0.600000,0.100000,-0.818542480,-0.760288477,-45.617308617,0.044480857
1775350488.588295,6.369893,1,1.160000,0.600000,0.100000,-0.824829102,-0.652844548,-39.170672894,0.037627053
1775350488.603529,6.385127,1,1.160000,0.600000,0.100000,-0.830444336,-0.351447612,-21.086856723,0.020890160
1775350488.614958,6.396556,1,1.160000,0.600000,0.100000,-0.837615967,-0.660247445,-39.614846706,0.038281213
1775350488.626417,6.408016,1,1.160000,0.600000,0.100000,-0.844299316,-0.679496884,-40.769813061,0.034047011
1775350488.633135,6.414733,1,1.160000,0.600000,0.100000,-0.852127075,-0.720617950,-43.237076998,0.043660350
1775350488.639609,6.421207,1,1.160000,0.600000,0.100000,-0.856094360,-0.619796216,-37.187772989,0.042324938
1775350488.646038,6.427635,1,1.160000,0.600000,0.100000,-0.860961914,-0.730890751,-43.853445053,0.037008561
1775350488.652492,6.434090,1,1.160000,0.600000,0.100000,-0.864410400,-0.537777305,-32.266638279,0.036363069
1775350488.658820,6.440418,1,1.160000,0.600000,0.100000,-0.869018555,-0.742732644,-44.563958645,0.037781518
1775350488.665321,6.446919,1,1.160000,0.600000,0.100000,-0.873275757,-0.604413807,-36.264828444,0.037628047
1775350488.671611,6.453209,1,1.160000,0.600000,0.100000,-0.876968384,-0.658057570,-39.483454227,0.032927044
1775350488.678143,6.459741,1,1.160000,0.600000,0.100000,-0.882247925,-0.762155235,-45.729314089,0.043542594
1775350488.684522,6.466120,1,1.160000,0.600000,0.100000,-0.885925293,-0.603823245,-36.229394674,0.028187431
1775350488.699414,6.481012,1,1.160000,0.600000,0.100000,-0.893981934,-0.517074704,-31.024482250,0.024591474
1775350488.714276,6.495873,1,1.160000,0.600000,0.100000,-0.898910522,-0.591361105,-35.481666327,0.037544116
1775350488.722357,6.503954,1,1.160000,0.600000,0.100000,-0.908126831,-0.605573833,-36.334429979,0.032708853
1775350488.733912,6.515509,1,1.160000,0.600000,0.100000,-0.915100098,-0.764117539,-45.847052336,0.045373082
1775350488.748517,6.530115,1,1.160000,0.600000,0.100000,-0.926345825,-0.807927430,-48.475645781,0.047583435
1775350488.757819,6.539417,1,1.160000,0.600000,0.100000,-0.935592651,-0.755828559,-45.349713564,0.042208601
1775350488.766727,6.548325,1,1.160000,0.600000,0.100000,-0.940353394,-0.666800559,-40.008033514,0.040529571
1775350488.776543,6.558141,1,1.160000,0.600000,0.100000,-0.947250366,-0.805447102,-48.326826096,0.047475785
1775350488.783379,6.564977,1,1.160000,0.600000,0.100000,-0.955596924,-0.891130328,-53.467819691,0.049354054
1775350488.789830,6.571429,1,1.160000,0.600000,0.100000,-0.961166382,-0.806408107,-48.384486437,0.048777077
1775350488.796468,6.578066,1,1.160000,0.600000,0.100000,-0.965988159,-0.722161114,-43.329666853,0.046082344
1775350488.802892,6.584490,1,1.160000,0.600000,0.100000,-0.968276978,-0.417865306,-25.071918368,0.023854159
1775350488.809277,6.590876,1,1.160000,0.600000,0.100000,-0.973236084,-0.741656184,-44.499371052,0.048070028
1775350488.816262,6.597860,1,1.160000,0.600000,0.100000,-0.978256226,-0.761179030,-45.670741796,0.052527662
1775350488.823241,6.604839,1,1.160000,0.600000,0.100000,-0.984115601,-0.807506919,-48.450415134,0.047914699
1775350488.830520,6.612118,1,1.160000,0.600000,0.100000,-0.989532471,-0.809719801,-48.583188057,0.047585517
1775350488.850102,6.631700,1,1.160000,0.600000,0.100000,-1.002563477,-0.868821859,-52.129311562,0.048490990
1775350488.866743,6.648341,1,1.160000,0.600000,0.100000,-1.012161255,-0.799614131,-47.976847887,0.047214650
1775350488.876085,6.657683,1,1.160000,0.600000,0.100000,-1.025650024,-0.845229328,-50.713759661,0.049323808
1775350488.888695,6.670293,1,1.160000,0.600000,0.100000,-1.033813477,-0.800877333,-48.052639961,0.043056443
1775350488.898426,6.680024,1,1.160000,0.600000,0.100000,-1.043334961,-0.599335909,-35.960154533,0.032623809
1775350488.921279,6.702876,1,1.160000,0.600000,0.100000,-1.047286987,-0.599313140,-35.958788395,0.035460785
1775350488.936539,6.718137,1,1.160000,0.600000,0.100000,-1.067672729,-0.776262641,-46.575758457,0.042231973
1775350488.945260,6.726857,1,1.160000,0.600000,0.100000,-1.075759888,-0.807570040,-48.454202414,0.044013985
1775350488.958521,6.740119,1,1.160000,0.600000,0.100000,-1.083969116,-0.738482356,-44.308941364,0.051164500
1775350488.964993,6.746591,1,1.160000,0.600000,0.100000,-1.093399048,-0.924230397,-55.453823805,0.052047234
1775350488.971356,6.752955,1,1.160000,0.600000,0.100000,-1.098907471,-0.868595302,-52.115718126,0.054169163
1775350488.978234,6.759832,1,1.160000,0.600000,0.100000,-1.104553223,-0.817072570,-49.024354219,0.046426557
1775350488.985259,6.766857,1,1.160000,0.600000,0.100000,-1.110595703,-0.846485376,-50.789122581,0.047593698
1775350488.991681,6.773279,1,1.160000,0.600000,0.100000,-1.115905762,-0.806914210,-48.414852619,0.045149606
1775350488.998149,6.779747,1,1.160000,0.600000,0.100000,-1.119293213,-0.524789274,-31.487356424,0.034585956
1775350489.004884,6.786482,1,1.160000,0.600000,0.100000,-1.122817993,-0.631374359,-37.882461548,0.035392698
1775350489.011244,6.792842,1,1.160000,0.600000,0.100000,-1.129287720,-0.900029421,-54.001765251,0.053432927
1775350489.028857,6.810455,1,1.160000,0.600000,0.100000,-1.140533447,-0.818972409,-49.138344526,0.044736918
1775350489.040530,6.822127,1,1.160000,0.600000,0.100000,-1.150268555,-0.859624207,-51.577452421,0.051480126
1775350489.050651,6.832250,1,1.160000,0.600000,0.100000,-1.160858154,-1.000131249,-60.007874966,0.053601451
1775350489.062668,6.844266,1,1.160000,0.600000,0.100000,-1.169860840,-0.960192502,-57.611550093,0.051114172
1775350489.072802,6.854399,1,1.160000,0.600000,0.100000,-1.183166504,-0.873045325,-52.382719517,0.050204895
1775350489.092882,6.874480,1,1.160000,0.600000,0.100000,-1.196258545,-0.926168919,-55.570135117,0.052031472
1775350489.110445,6.892043,1,1.160000,0.600000,0.100000,-1.207382202,-0.628557861,-37.713471651,0.042546712
1775350489.122910,6.904508,1,1.160000,0.600000,0.100000,-1.224533081,-0.783690035,-47.021402121,0.044430353
1775350489.130926,6.912523,1,1.160000,0.600000,0.100000,-1.234115601,-1.024376631,-61.462597847,0.061994646
1775350489.143165,6.924763,1,1.160000,0.600000,0.100000,-1.242584229,-0.949520648,-56.971238852,0.057050392
1775350489.150838,6.932435,1,1.160000,0.600000,0.100000,-1.253479004,-0.986394346,-59.183660746,0.056506585
1775350489.157799,6.939397,1,1.160000,0.600000,0.100000,-1.260314941,-0.893074870,-53.584492207,0.052421711
1775350489.164742,6.946340,1,1.160000,0.600000,0.100000,-1.266906738,-1.000851870,-60.051112175,0.055868853
1775350489.171955,6.953553,1,1.160000,0.600000,0.100000,-1.273483276,-0.919239402,-55.154364109,0.052406896
1775350489.178431,6.960029,1,1.160000,0.600000,0.100000,-1.279312134,-0.874711812,-52.482708693,0.051148277
1775350489.185298,6.966897,1,1.160000,0.600000,0.100000,-1.285934448,-1.009142876,-60.548572540,0.058143180
1775350489.192145,6.973743,1,1.160000,0.600000,0.100000,-1.293365479,-1.043702722,-62.622163296,0.061427355
1775350489.199592,6.981189,1,1.160000,0.600000,0.100000,-1.298263550,-0.677572191,-40.654331446,0.037112217
1775350489.206072,6.987670,1,1.160000,0.600000,0.100000,-1.304016113,-0.876004040,-52.560242414,0.047612648
1775350489.218216,6.999814,1,1.160000,0.600000,0.100000,-1.314559937,-0.884003997,-53.040239811,0.049096610
1775350489.236270,7.017868,1,1.160000,0.600000,0.100000,-1.327117920,-0.886728764,-53.203725815,0.052720234
1775350489.248197,7.029795,1,1.160000,0.600000,0.100000,-1.340484619,-1.003666997,-60.220019817,0.055099059
1775350489.258667,7.040265,1,1.160000,0.600000,0.100000,-1.350753784,-0.923006296,-55.380377769,0.056278944
1775350489.272323,7.053921,1,1.160000,0.600000,0.100000,-1.361450195,-0.908239484,-54.494369030,0.046658613
1775350489.279673,7.061271,1,1.160000,0.600000,0.100000,-1.373443604,-0.922728181,-55.363690853,0.055341363
1775350489.301604,7.083203,1,1.160000,0.600000,0.100000,-1.390274048,-0.831567347,-49.894040823,0.046309412
1775350489.311008,7.092607,1,1.160000,0.600000,0.100000,-1.400634766,-0.952219367,-57.133162022,0.057065830
1775350489.318851,7.100449,1,1.160000,0.600000,0.100000,-1.407836914,-0.955393672,-57.323620319,0.056528606
1775350489.331023,7.112621,1,1.160000,0.600000,0.100000,-1.415313721,-0.880949199,-52.856951952,0.054872733
1775350489.338093,7.119691,1,1.160000,0.600000,0.100000,-1.426452637,-0.936823070,-56.209384203,0.050767243
1775350489.345146,7.126744,1,1.160000,0.600000,0.100000,-1.433563232,-1.056369662,-63.382179737,0.062078815
1775350489.353475,7.135072,1,1.160000,0.600000,0.100000,-1.441375732,-0.970358670,-58.221520185,0.057099547
1775350489.360628,7.142226,1,1.160000,0.600000,0.100000,-1.448913574,-1.016035557,-60.962133408,0.056268759
1775350489.367145,7.148743,1,1.160000,0.600000,0.100000,-1.456283569,-1.030965567,-61.857933998,0.059079975
1775350489.373511,7.155109,1,1.160000,0.600000,0.100000,-1.463317871,-1.088090301,-65.285418034,0.060893651
1775350489.380008,7.161606,1,1.160000,0.600000,0.100000,-1.469818115,-1.024706483,-61.482388973,0.057594597
1775350489.387292,7.168889,1,1.160000,0.600000,0.100000,-1.476272583,-0.970684767,-58.241086006,0.053471427
1775350489.409794,7.191392,1,1.160000,0.600000,0.100000,-1.483383179,-1.046062469,-62.763748169,0.060037803
1775350489.423896,7.205494,1,1.160000,0.600000,0.100000,-1.505203247,-0.914559424,-54.873565435,0.052661270
1775350489.433556,7.215154,1,1.160000,0.600000,0.100000,-1.516738892,-1.028997540,-61.739852428,0.060044952
1775350489.446476,7.228074,1,1.160000,0.600000,0.100000,-1.526031494,-0.952263534,-57.135812044,0.052219313
1775350489.465509,7.247107,1,1.160000,0.600000,0.100000,-1.538543701,-0.969077468,-58.144648075,0.057920255
1775350489.480147,7.261745,1,1.160000,0.600000,0.100000,-1.557189941,-0.927253664,-55.635219812,0.059800182
1775350489.490290,7.271888,1,1.160000,0.600000,0.100000,-1.569671631,-0.975222707,-58.513362408,0.055499181
1775350489.503583,7.285181,1,1.160000,0.600000,0.100000,-1.580505371,-0.705972433,-42.358345985,0.039353911
1775350489.510327,7.291925,1,1.160000,0.600000,0.100000,-1.590270996,-1.040722370,-62.443342209,0.057981241
1775350489.520937,7.302534,1,1.160000,0.600000,0.100000,-1.598144531,-0.890303969,-53.418238163,0.052048646
1775350489.528433,7.310030,1,1.160000,0.600000,0.100000,-1.606506348,-0.953317285,-57.199037075,0.051794473
1775350489.535811,7.317409,1,1.160000,0.600000,0.100000,-1.612396240,-0.844688654,-50.681319237,0.046882752
1775350489.542865,7.324463,1,1.160000,0.600000,0.100000,-1.619110107,-0.931355476,-55.881328583,0.053339414
1775350489.550611,7.332208,1,1.160000,0.600000,0.100000,-1.626022339,-0.964504421,-57.870265245,0.055735510
1775350489.557705,7.339304,1,1.160000,0.600000,0.100000,-1.632202148,-0.872745812,-52.364748716,0.050201315
1775350489.564878,7.346476,1,1.160000,0.600000,0.100000,-1.639465332,-0.952339232,-57.140353918,0.050728388
1775350489.592499,7.374097,1,1.160000,0.600000,0.100000,-1.651229858,-0.947642148,-56.858528852,0.058382045
1775350489.602682,7.384280,1,1.160000,0.600000,0.100000,-1.670501709,-0.690062225,-41.403733492,0.036118057
1775350489.620696,7.402293,1,1.160000,0.600000,0.100000,-1.685241699,-0.919703662,-55.182219744,0.055871613
1775350489.638761,7.420358,1,1.160000,0.600000,0.100000,-1.695953369,-0.917788625,-55.067317486,0.055101328
1775350489.647041,7.428639,1,1.160000,0.600000,0.100000,-1.711181641,-0.943108499,-56.586509943,0.053358279
1775350489.655583,7.437181,1,1.160000,0.600000,0.100000,-1.719726562,-0.971177101,-58.270626068,0.056530725
1775350489.667965,7.449562,1,1.160000,0.600000,0.100000,-1.731811523,-0.992855847,-59.571350813,0.054899540
1775350489.678191,7.459789,1,1.160000,0.600000,0.100000,-1.740936279,-0.976528764,-58.591725826,0.057810742
1775350489.685475,7.467072,1,1.160000,0.600000,0.100000,-1.749603271,-1.018347859,-61.100871563,0.058079924
1775350489.711581,7.493179,1,1.160000,0.600000,0.100000,-1.763824463,-0.651423872,-39.085432291,0.040437311
1775350489.727656,7.509254,1,1.160000,0.600000,0.100000,-1.778396606,-0.887826622,-53.269597292,0.051347680
1775350489.737589,7.519187,1,1.160000,0.600000,0.100000,-1.795898438,-0.927870333,-55.672219992,0.054565500
1775350489.754193,7.535790,1,1.160000,0.600000,0.100000,-1.806259155,-1.050063014,-63.003780842,0.059311152
1775350489.769056,7.550654,1,1.160000,0.600000,0.100000,-1.827896118,-0.977024794,-58.621487617,0.052408908
1775350489.776506,7.558104,1,1.160000,0.600000,0.100000,-1.835037231,-0.996976912,-59.818614721,0.055361629
1775350489.783061,7.564659,1,1.160000,0.600000,0.100000,-1.842498779,-1.043335676,-62.600140572,0.060446203
1775350489.789572,7.571170,1,1.160000,0.600000,0.100000,-1.848037720,-0.899511695,-53.970701694,0.051861044
1775350489.796032,7.577630,1,1.160000,0.600000,0.100000,-1.854080200,-0.927829802,-55.669788122,0.055091616
1775350489.803616,7.585213,1,1.160000,0.600000,0.100000,-1.858627319,-0.678381503,-40.702890158,0.041126203
1775350489.811404,7.593001,1,1.160000,0.600000,0.100000,-1.866333008,-0.995989382,-59.759362936,0.056671165
1775350489.819505,7.601103,1,1.160000,0.600000,0.100000,-1.873565674,-0.946440220,-56.786413193,0.053892944
1775350489.827949,7.609546,1,1.160000,0.600000,0.100000,-1.880889893,-0.917643666,-55.058619976,0.056134466
1775350489.851285,7.632882,1,1.160000,0.600000,0.100000,-1.902664185,-0.973636031,-58.418161869,0.058658432
1775350489.867426,7.649024,1,1.160000,0.600000,0.100000,-1.913757324,-0.976323366,-58.579401970,0.057703953
1775350489.876738,7.658336,1,1.160000,0.600000,0.100000,-1.927368164,-0.976504922,-58.590295315,0.053937528
1775350489.887693,7.669291,1,1.160000,0.600000,0.100000,-1.936889648,-0.938314438,-56.298866272,0.053145576
1775350489.895901,7.677499,1,1.160000,0.600000,0.100000,-1.947036743,-0.915386975,-54.923218489,0.051322103
1775350489.913126,7.694724,1,1.160000,0.600000,0.100000,-1.961090088,-1.126868248,-67.612094879,0.066833310
1775350489.926143,7.707741,1,1.160000,0.600000,0.100000,-1.971008301,-1.004671097,-60.280265808,0.060099967
1775350489.935471,7.717070,1,1.160000,0.600000,0.100000,-1.985122681,-1.145985842,-68.759150505,0.067576371
1775350489.946834,7.728432,1,1.160000,0.600000,0.100000,-1.995269775,-1.010005593,-60.600335598,0.056254257
1775350489.955221,7.736819,1,1.160000,0.600000,0.100000,-2.007446289,-1.215816498,-72.948989868,0.068285659
1775350489.962249,7.743846,1,1.160000,0.600000,0.100000,-2.016128540,-1.139871597,-68.392295837,0.062642366
1775350489.970978,7.752576,1,1.160000,0.600000,0.100000,-2.026763916,-1.218896031,-73.133761883,0.067441925
1775350489.977872,7.759470,1,1.160000,0.600000,0.100000,-2.035552979,-1.273433328,-76.405999660,0.073508121
1775350489.985434,7.767033,1,1.160000,0.600000,0.100000,-2.044464111,-1.211629391,-72.697763443,0.072336160
1775350489.992169,7.773766,1,1.160000,0.600000,0.100000,-2.053024292,-1.211604357,-72.696261406,0.071490958
1775350489.999591,7.781190,1,1.160000,0.600000,0.100000,-2.059539795,-0.839212120,-50.352727175,0.049960352
1775350490.006477,7.788075,1,1.160000,0.600000,0.100000,-2.065093994,-0.940252781,-56.415166855,0.054985080
1775350490.013719,7.795317,1,1.160000,0.600000,0.100000,-2.074935913,-1.267988682,-76.079320908,0.075571179
1775350490.027839,7.809437,1,1.160000,0.600000,0.100000,-2.082733154,-1.141060591,-68.463635445,0.069807366
1775350490.043484,7.825082,1,1.160000,0.600000,0.100000,-2.105514526,-1.270531774,-76.231906414,0.072508961
1775350490.056700,7.838298,1,1.160000,0.600000,0.100000,-2.122192383,-1.319404602,-79.164276123,0.076007254
1775350490.065304,7.846902,1,1.160000,0.600000,0.100000,-2.138793945,-1.223063827,-73.383829594,0.070481740
1775350490.075294,7.856892,1,1.160000,0.600000,0.100000,-2.155212402,-1.477015138,-88.620908260,0.087846205
1775350490.082144,7.863742,1,1.160000,0.600000,0.100000,-2.163772583,-1.288736343,-77.324180603,0.077870861
1775350490.094024,7.875622,1,1.160000,0.600000,0.100000,-2.179626465,-1.554825544,-93.289532661,0.092304595
1775350490.104871,7.886469,1,1.160000,0.600000,0.100000,-2.188140869,-0.883749187,-53.024951220,0.052381739
1775350490.115680,7.897279,1,1.160000,0.600000,0.100000,-2.203918457,-1.390166998,-83.410019875,0.079847135
1775350490.126128,7.907727,1,1.160000,0.600000,0.100000,-2.216278076,-1.323813438,-79.428806305,0.075367726
1775350490.133278,7.914876,1,1.160000,0.600000,0.100000,-2.230545044,-1.361901999,-81.714119911,0.080025807
1775350490.140070,7.921669,1,1.160000,0.600000,0.100000,-2.239196777,-1.280721307,-76.843278408,0.073248155
1775350490.147154,7.928752,1,1.160000,0.600000,0.100000,-2.249130249,-1.439561725,-86.373703480,0.084647864
1775350490.153790,7.935388,1,1.160000,0.600000,0.100000,-2.258392334,-1.264386535,-75.863192081,0.072087727
1775350490.160149,7.941747,1,1.160000,0.600000,0.100000,-2.266998291,-1.377471447,-82.648286819,0.078711040
1775350490.166846,7.948445,1,1.160000,0.600000,0.100000,-2.276062012,-1.339812398,-80.388743877,0.075384848
1775350490.173460,7.955059,1,1.160000,0.600000,0.100000,-2.283981323,-1.253334880,-75.200092793,0.071800746
1775350490.179916,7.961514,1,1.160000,0.600000,0.100000,-2.294189453,-1.518262863,-91.095771790,0.088330723
1775350490.186311,7.967910,1,1.160000,0.600000,0.100000,-2.303253174,-1.367907405,-82.074444294,0.077464335
1775350490.202945,7.984543,1,1.160000,0.600000,0.100000,-2.314147949,-1.375989676,-82.559380531,0.080853857
1775350490.215639,7.997237,1,1.160000,0.600000,0.100000,-2.332489014,-1.223259807,-73.395588398,0.071115494
1775350490.225227,8.006825,1,1.160000,0.600000,0.100000,-2.346908569,-1.215143085,-72.908585072,0.071221940
1775350490.236055,8.017653,1,1.160000,0.600000,0.100000,-2.363586426,-1.346732616,-80.803956985,0.078119919
1775350490.250172,8.031771,1,1.160000,0.600000,0.100000,-2.377212524,-1.263209105,-75.792546272,0.071728587
1775350490.261037,8.042635,1,1.160000,0.600000,0.100000,-2.392547607,-1.333461642,-80.007698536,0.077056043
1775350490.271877,8.053475,1,1.160000,0.600000,0.100000,-2.403793335,-1.163553119,-69.813187122,0.069378242
1775350490.279705,8.061304,1,1.160000,0.600000,0.100000,-2.417694092,-1.252145886,-75.128753185,0.073672563
1775350490.286701,8.068300,1,1.160000,0.600000,0.100000,-2.426467896,-1.197918534,-71.875112057,0.069870584
1775350490.293176,8.074774,1,1.160000,0.600000,0.100000,-2.436492920,-1.441670895,-86.500253677,0.080037944
1775350490.299779,8.081378,1,1.160000,0.600000,0.100000,-2.442428589,-0.887517512,-53.251050711,0.052111924
1775350490.306324,8.087923,1,1.160000,0.600000,0.100000,-2.447799683,-0.959302962,-57.558177710,0.054842576
1775350490.330073,8.111671,1,1.160000,0.600000,0.100000,-2.457763672,-1.389081001,-83.344860077,0.082311668
1775350490.355842,8.137440,1,1.160000,0.600000,0.100000,-2.492034912,-1.293168664,-77.590119839,0.077661745
1775350490.377028,8.158626,1,1.160000,0.600000,0.100000,-2.528808594,-1.363758326,-81.825499535,0.080174319
1775350490.386685,8.168282,1,1.160000,0.600000,0.100000,-2.553421021,-1.401871681,-84.112300873,0.074267156
1775350490.394422,8.176020,1,1.160000,0.600000,0.100000,-2.566818237,-1.317260742,-79.035644531,0.076301739
1775350490.404073,8.185671,1,1.160000,0.600000,0.100000,-2.577499390,-1.023333073,-61.399984360,0.064144887
1775350490.413060,8.194658,1,1.160000,0.600000,0.100000,-2.589630127,-1.416384697,-84.983081818,0.078902446
1775350490.439658,8.221256,1,1.160000,0.600000,0.100000,-2.614593506,-1.467346191,-88.040771484,0.084676735
1775350490.456634,8.238232,1,1.160000,0.600000,0.100000,-2.641845703,-1.491543531,-89.492611885,0.082290784
1775350490.465745,8.247343,1,1.160000,0.600000,0.100000,-2.665603638,-1.439600348,-86.376020908,0.082296535
1775350490.478678,8.260276,1,1.160000,0.600000,0.100000,-2.680374146,-1.579404950,-94.764297009,0.090336435
1775350490.486676,8.268274,1,1.160000,0.600000,0.100000,-2.699218750,-1.565595150,-93.935709000,0.090458311
1775350490.493426,8.275024,1,1.160000,0.600000,0.100000,-2.708938599,-1.413475871,-84.808552265,0.082450889
1775350490.500578,8.282145,1,1.160000,0.600000,0.100000,-2.717132568,-1.176793575,-70.607614517,0.066368841
1775350490.507311,8.288909,1,1.160000,0.600000,0.100000,-2.725067139,-1.197466016,-71.847960949,0.070117272
1775350490.515097,8.296695,1,1.160000,0.600000,0.100000,-2.735076904,-1.381933451,-82.916007042,0.082064427
1775350490.522017,8.303615,1,1.160000,0.600000,0.100000,-2.746185303,-1.524428606,-91.465716362,0.092884757
1775350490.529109,8.310707,1,1.160000,0.600000,0.100000,-2.756988525,-1.530156732,-91.809403896,0.086960673
1775350490.535919,8.317517,1,1.160000,0.600000,0.100000,-2.767715454,-1.539104462,-92.346267700,0.091895729
1775350490.558402,8.340000,1,1.160000,0.600000,0.100000,-2.793518066,-1.622055769,-97.323346138,0.093549877
1775350490.574697,8.356296,1,1.160000,0.600000,0.100000,-2.823684692,-1.656850338,-99.411020279,0.097272456
1775350490.586352,8.367950,1,1.160000,0.600000,0.100000,-2.844314575,-1.579741359,-94.784481525,0.089919962
1775350490.593388,8.374986,1,1.160000,0.600000,0.100000,-2.855499268,-1.457342029,-87.440521717,0.083462864
1775350490.611672,8.393270,1,1.160000,0.600000,0.100000,-2.872665405,-1.250059009,-75.003540516,0.074074440
1775350490.619925,8.401523,1,1.160000,0.600000,0.100000,-2.890411377,-1.466958523,-88.017511368,0.089872435
1775350490.631275,8.412874,1,1.160000,0.600000,0.100000,-2.902893066,-1.503149986,-90.188999176,0.085153915
1775350490.637777,8.419376,1,1.160000,0.600000,0.100000,-2.918197632,-1.473587751,-88.415265083,0.089786604
1775350490.644073,8.425671,1,1.160000,0.600000,0.100000,-2.927383423,-1.443789482,-86.627368927,0.080681443
1775350490.650425,8.432024,1,1.160000,0.600000,0.100000,-2.937881470,-1.630087733,-97.805263996,0.094154254
1775350490.656780,8.438379,1,1.160000,0.600000,0.100000,-2.947311401,-1.475684762,-88.541085720,0.086224161
1775350490.663103,8.444702,1,1.160000,0.600000,0.100000,-2.956848145,-1.536887169,-92.213230133,0.092436209
1775350490.669447,8.451046,1,1.160000,0.600000,0.100000,-2.967514038,-1.631400347,-97.884020805,0.094561063
1775350490.676452,8.458051,1,1.160000,0.600000,0.100000,-2.976821899,-1.426111341,-85.566680431,0.083193086
1775350490.682947,8.464545,1,1.160000,0.600000,0.100000,-2.987258911,-1.590529323,-95.431759357,0.094730459
1775350490.692385,8.473984,1,1.160000,0.600000,0.100000,-2.999008179,-1.273151159,-76.389069557,0.073537432
1775350490.705883,8.487481,1,1.160000,0.600000,0.100000,-3.010604858,-1.084527254,-65.071635246,0.066288397
1775350490.713987,8.495586,1,1.160000,0.600000,0.100000,-3.023635864,-1.374301553,-82.458093166,0.083166063
1775350490.723632,8.505231,1,1.160000,0.600000,0.100000,-3.038589478,-1.480889320,-88.853359222,0.087022148
1775350490.730897,8.512496,1,1.160000,0.600000,0.100000,-3.049713135,-1.412924647,-84.775478840,0.083494343
1775350490.748592,8.530190,1,1.160000,0.600000,0.100000,-3.064575195,-1.480331302,-88.819878101,0.083739236
1775350490.760483,8.542081,1,1.160000,0.600000,0.100000,-3.088394165,-1.489624143,-89.377448559,0.088732384
1775350490.768732,8.550330,1,1.160000,0.600000,0.100000,-3.106201172,-1.590642691,-95.438561440,0.093668476
1775350490.784030,8.565629,1,1.160000,0.600000,0.100000,-3.120681763,-1.440881252,-86.452875137,0.084349759
1775350490.791111,8.572710,1,1.160000,0.600000,0.100000,-3.140151978,-1.372661114,-82.359666824,0.078396767
1775350490.798465,8.580062,1,1.160000,0.600000,0.100000,-3.150924683,-1.512197137,-90.731828213,0.084611461
1775350490.805800,8.587399,1,1.160000,0.600000,0.100000,-3.156814575,-0.895234704,-53.714082241,0.054010466
1775350490.814126,8.595725,1,1.160000,0.600000,0.100000,-3.168792725,-1.492898941,-89.573936462,0.081832491
1775350490.820590,8.602188,1,1.160000,0.600000,0.100000,-3.180526733,-1.558043122,-93.482587337,0.090461850
1775350490.826971,8.608570,1,1.160000,0.600000,0.100000,-3.189926147,-1.459100127,-87.546007633,0.084153339
1775350490.833515,8.615114,1,1.160000,0.600000,0.100000,-3.200302124,-1.580929160,-94.855749607,0.090536617
1775350490.840026,8.621625,1,1.160000,0.600000,0.100000,-3.209869385,-1.475880623,-88.552837372,0.083832338
1775350490.851854,8.633452,1,1.160000,0.600000,0.100000,-3.225677490,-1.713256240,-102.795374393,0.100276016
1775350490.861784,8.643383,1,1.160000,0.600000,0.100000,-3.243698120,-1.672422767,-100.345366001,0.094790012
1775350490.871526,8.653125,1,1.160000,0.600000,0.100000,-3.257583618,-1.651108861,-99.066531658,0.094635874
1775350490.879564,8.661163,1,1.160000,0.600000,0.100000,-3.272399902,-1.676481128,-100.588867664,0.096392013
1775350490.893257,8.674855,1,1.160000,0.600000,0.100000,-3.291564941,-1.666844487,-100.010669231,0.097664393
1775350490.901047,8.682646,1,1.160000,0.600000,0.100000,-3.307205200,-1.251606107,-75.096366405,0.076780349
1775350490.912094,8.693692,1,1.160000,0.600000,0.100000,-3.315948486,-1.407847881,-84.470872879,0.081026174
1775350490.918912,8.700511,1,1.160000,0.600000,0.100000,-3.335708618,-1.544571161,-92.674269676,0.087215208
1775350490.926068,8.707667,1,1.160000,0.600000,0.100000,-3.346115112,-1.628690004,-97.721400261,0.096593618
1775350490.932633,8.714231,1,1.160000,0.600000,0.100000,-3.358367920,-1.673364282,-100.401856899,0.100685149
1775350490.939008,8.720607,1,1.160000,0.600000,0.100000,-3.369537354,-1.729183674,-103.751020432,0.098218881
1775350490.945621,8.727219,1,1.160000,0.600000,0.100000,-3.380828857,-1.691289902,-101.477394104,0.098783948
1775350490.952238,8.733836,1,1.160000,0.600000,0.100000,-3.392181396,-1.743938565,-104.636313915,0.099936865
1775350490.958692,8.740291,1,1.160000,0.600000,0.100000,-3.403717041,-1.767192841,-106.031570435,0.104729585
1775350490.965090,8.746688,1,1.160000,0.600000,0.100000,-3.414230347,-1.664547324,-99.872839451,0.093472548
1775350490.981728,8.763326,1,1.160000,0.600000,0.100000,-3.438842773,-1.804647088,-108.278825283,0.105044834
1775350490.994282,8.775881,1,1.160000,0.600000,0.100000,-3.456420898,-1.692682743,-101.560964584,0.098024398
1775350491.003909,8.785507,1,1.160000,0.600000,0.100000,-3.474044800,-1.209284425,-72.557065487,0.069053859
1775350491.010742,8.792341,1,1.160000,0.600000,0.100000,-3.486419678,-1.637256503,-98.235390186,0.094565615
1775350491.027305,8.808904,1,1.160000,0.600000,0.100000,-3.508087158,-1.559352994,-93.561179638,0.089314178
1775350491.035013,8.816612,1,1.160000,0.600000,0.100000,-3.525726318,-1.684476137,-101.068568230,0.098993756
1775350491.046267,8.827864,1,1.160000,0.600000,0.100000,-3.538757324,-1.570886970,-94.253218174,0.094319090
1775350491.058161,8.839760,1,1.160000,0.600000,0.100000,-3.557678223,-1.568940759,-94.136445522,0.093158975
1775350491.064699,8.846297,1,1.160000,0.600000,0.100000,-3.574340820,-1.696444392,-101.786663532,0.095294513
1775350491.071126,8.852725,1,1.160000,0.600000,0.100000,-3.586288452,-1.807358503,-108.441510201,0.104060866
1775350491.077490,8.859089,1,1.160000,0.600000,0.100000,-3.597045898,-1.676438808,-100.586328506,0.099082425
1775350491.084056,8.865654,1,1.160000,0.600000,0.100000,-3.608779907,-1.821963429,-109.317805767,0.102645896
1775350491.090441,8.872040,1,1.160000,0.600000,0.100000,-3.619888306,-1.706108451,-102.366507053,0.100753903
1775350491.096922,8.878520,1,1.160000,0.600000,0.100000,-3.630233765,-1.614561796,-96.873707771,0.091135256
1775350491.103463,8.885062,1,1.160000,0.600000,0.100000,-3.636032104,-0.950804949,-57.048296928,0.058803242
1775350491.109995,8.891594,1,1.160000,0.600000,0.100000,-3.645980835,-1.541623473,-92.497408390,0.088023432
1775350491.116422,8.898021,1,1.160000,0.600000,0.100000,-3.657012939,-1.620221853,-97.213311195,0.097634695
1775350491.137301,8.918899,1,1.160000,0.600000,0.100000,-3.682891846,-1.833209038,-109.992542267,0.107827291
1775350491.144837,8.926436,1,1.160000,0.600000,0.100000,-3.702087402,-1.629415870,-97.764952183,0.096117496
1775350491.155018,8.936617,1,1.160000,0.600000,0.100000,-3.715835571,-1.703456402,-102.207384109,0.099893704
1775350491.162512,8.944111,1,1.160000,0.600000,0.100000,-3.733825684,-1.779796720,-106.787803173,0.103791319
1775350491.179517,8.961116,1,1.160000,0.600000,0.100000,-3.755233765,-1.867027521,-112.021651268,0.107496969
1775350491.190594,8.972193,1,1.160000,0.600000,0.100000,-3.782394409,-1.735169768,-104.110186100,0.100395553
1775350491.206055,8.987653,1,1.160000,0.600000,0.100000,-3.801559448,-1.219636321,-73.178179264,0.070088029
1775350491.212860,8.994459,1,1.160000,0.600000,0.100000,-3.818389893,-1.880443811,-112.826628685,0.112429000
1775350491.219264,9.000862,1,1.160000,0.600000,0.100000,-3.829818726,-1.707847834,-102.470870018,0.096891291
1775350491.225586,9.007184,1,1.160000,0.600000,0.100000,-3.839630127,-1.610144496,-96.608669758,0.093899250
1775350491.232388,9.013987,1,1.160000,0.600000,0.100000,-3.851470947,-1.818667531,-109.120051861,0.108706631
1775350491.239172,9.020770,1,1.160000,0.600000,0.100000,-3.863494873,-1.714805722,-102.888343334,0.099753618
1775350491.245736,9.027334,1,1.160000,0.600000,0.100000,-3.876022339,-1.884268284,-113.056097031,0.108578317
1775350491.252513,9.034112,1,1.160000,0.600000,0.100000,-3.887893677,-1.779972434,-106.798346043,0.104757912
1775350491.263035,9.044634,1,1.160000,0.600000,0.100000,-3.901916504,-1.912348509,-114.740910530,0.108313598
1775350491.279809,9.061408,1,1.160000,0.600000,0.100000,-3.929183960,-1.790333629,-107.420017719,0.099910386
1775350491.291496,9.073095,1,1.160000,0.600000,0.100000,-3.952178955,-1.775928617,-106.555716991,0.100571193
1775350491.302698,9.084297,1,1.160000,0.600000,0.100000,-3.973510742,-1.615961909,-96.957714558,0.093662612
1775350491.319704,9.101303,1,1.160000,0.600000,0.100000,-3.997283936,-1.692352772,-101.541166306,0.100540385
1775350491.327946,9.109545,1,1.160000,0.600000,0.100000,-4.017303467,-1.868666649,-112.119998932,0.107535288
1775350491.335963,9.117562,1,1.160000,0.600000,0.100000,-4.032363892,-1.825649142,-109.538948536,0.105837598
1775350491.342458,9.124056,1,1.160000,0.600000,0.100000,-4.046218872,-1.835298181,-110.117890835,0.104714274
1775350491.348932,9.130531,1,1.160000,0.600000,0.100000,-4.057754517,-1.793929458,-107.635767460,0.105540477
1775350491.355405,9.137004,1,1.160000,0.600000,0.100000,-4.069091797,-1.739852905,-104.391174316,0.099612094
1775350491.361907,9.143506,1,1.160000,0.600000,0.100000,-4.081619263,-1.904828310,-114.289698601,0.110351294
1775350491.368313,9.149912,1,1.160000,0.600000,0.100000,-4.092391968,-1.664870858,-99.892251492,0.092467278
1775350491.374614,9.156213,1,1.160000,0.600000,0.100000,-4.103836060,-1.828541398,-109.712483883,0.106831811
1775350491.381001,9.162599,1,1.160000,0.600000,0.100000,-4.115341187,-1.785673022,-107.140381336,0.104514010
1775350491.387663,9.169262,1,1.160000,0.600000,0.100000,-4.126846313,-1.764227152,-105.853629112,0.097636618
1775350491.394635,9.176234,1,1.160000,0.600000,0.100000,-4.138122559,-1.736190796,-104.171447754,0.101612866
1775350491.407399,9.188997,1,1.160000,0.600000,0.100000,-4.152526855,-1.172687292,-70.361237526,0.068312012
1775350491.418667,9.200265,1,1.160000,0.600000,0.100000,-4.167861938,-1.615806222,-96.948373318,0.096123092
1775350491.428149,9.209748,1,1.160000,0.600000,0.100000,-4.190368652,-1.700004697,-102.000281811,0.096421756
1775350491.436313,9.217912,1,1.160000,0.600000,0.100000,-4.202804565,-1.762264967,-105.735898018,0.101539560
1775350491.453494,9.235093,1,1.160000,0.600000,0.100000,-4.227005005,-1.896209121,-113.772547245,0.108085565
1775350491.465163,9.246762,1,1.160000,0.600000,0.100000,-4.251647949,-1.884338498,-113.060309887,0.111169137
1775350491.474891,9.256490,1,1.160000,0.600000,0.100000,-4.273162842,-1.752086759,-105.125205517,0.104792587
1775350491.482471,9.264069,1,1.160000,0.600000,0.100000,-4.285949707,-1.736317039,-104.179022312,0.100218549
1775350491.489846,9.271445,1,1.160000,0.600000,0.100000,-4.300079346,-1.907330632,-114.439837933,0.115324788
1775350491.496262,9.277861,1,1.160000,0.600000,0.100000,-4.312561035,-1.734736919,-104.084215164,0.103399113
1775350491.502645,9.284245,1,1.160000,0.600000,0.100000,-4.320907593,-1.322193980,-79.331638813,0.079448618
1775350491.509036,9.290635,1,1.160000,0.600000,0.100000,-4.330383301,-1.561017513,-93.661050797,0.084909588
1775350491.515647,9.297246,1,1.160000,0.600000,0.100000,-4.342163086,-1.721443057,-103.286583424,0.099869028
1775350491.521891,9.303490,1,1.160000,0.600000,0.100000,-4.353332520,-1.763775110,-105.826506615,0.101388969
1775350491.528333,9.309932,1,1.160000,0.600000,0.100000,-4.364212036,-1.751418233,-105.085093975,0.105848096
1775350491.534787,9.316386,1,1.160000,0.600000,0.100000,-4.376144409,-1.826109886,-109.566593170,0.107258588
1775350491.550952,9.332551,1,1.160000,0.600000,0.100000,-4.390945435,-1.771469951,-106.288197041,0.101170190
1775350491.560145,9.341744,1,1.160000,0.600000,0.100000,-4.420364380,-1.823335767,-109.400146008,0.106717721
1775350491.570594,9.352193,1,1.160000,0.600000,0.100000,-4.434555054,-1.855613947,-111.336836815,0.102655426
1775350491.577466,9.359065,1,1.160000,0.600000,0.100000,-4.454833984,-1.887279510,-113.236770630,0.111003533
1775350491.591154,9.372753,1,1.160000,0.600000,0.100000,-4.477661133,-1.984109640,-119.046578407,0.111557826
1775350491.601297,9.382896,1,1.160000,0.600000,0.100000,-4.495101929,-1.679450035,-100.767002106,0.098422088
1775350491.609367,9.390966,1,1.160000,0.600000,0.100000,-4.507369995,-1.560286164,-93.617169857,0.092627376
1775350491.619903,9.401501,1,1.160000,0.600000,0.100000,-4.523834229,-1.847892880,-110.873572826,0.106918834
1775350491.626531,9.408130,1,1.160000,0.600000,0.100000,-4.542373657,-1.878113747,-112.686824799,0.111566670
1775350491.633067,9.414666,1,1.160000,0.600000,0.100000,-4.554931641,-1.887617946,-113.257076740,0.108299762
1775350491.639453,9.421052,1,1.160000,0.600000,0.100000,-4.566513062,-1.773302674,-106.398160458,0.106508605
1775350491.645972,9.427571,1,1.160000,0.600000,0.100000,-4.579055786,-1.976522803,-118.591368198,0.116191372
1775350491.652362,9.433961,1,1.160000,0.600000,0.100000,-4.592514038,-1.997863293,-119.871797562,0.115851611
1775350491.659079,9.440678,1,1.160000,0.600000,0.100000,-4.604553223,-1.936890602,-116.213436127,0.118357167
1775350491.665747,9.447346,1,1.160000,0.600000,0.100000,-4.619049072,-2.107818127,-126.469087601,0.117662705
1775350491.672582,9.454181,1,1.160000,0.600000,0.100000,-4.632278442,-1.984846592,-119.090795517,0.116237581
1775350491.704040,9.485639,1,1.160000,0.600000,0.100000,-4.673294067,-1.936136127,-116.168167591,0.111416593
1775350491.712210,9.493809,1,1.160000,0.600000,0.100000,-4.701568604,-1.758897901,-105.533874035,0.106702611
1775350491.723943,9.505542,1,1.160000,0.600000,0.100000,-4.718276978,-1.791726351,-107.503581047,0.106150553
1775350491.731745,9.513343,1,1.160000,0.600000,0.100000,-4.739501953,-1.979533672,-118.772020340,0.111586235
1775350491.744944,9.526543,1,1.160000,0.600000,0.100000,-4.765487671,-2.073984146,-124.439048767,0.117861927
1775350491.756255,9.537854,1,1.160000,0.600000,0.100000,-4.782394409,-1.928732514,-115.723950863,0.110504851
1775350491.765621,9.547220,1,1.160000,0.600000,0.100000,-4.810501099,-2.061195135,-123.671708107,0.118170738
1775350491.774151,9.555750,1,1.160000,0.600000,0.100000,-4.824188232,-2.051589966,-123.095397949,0.119435489
1775350491.781523,9.563121,1,1.160000,0.600000,0.100000,-4.841186523,-1.965894938,-117.953696251,0.116468146
1775350491.788304,9.569902,1,1.160000,0.600000,0.100000,-4.855758667,-1.983954668,-119.037280083,0.115049221
1775350491.795028,9.576627,1,1.160000,0.600000,0.100000,-4.869766235,-2.076598883,-124.595932961,0.118716396
1775350491.801616,9.583215,1,1.160000,0.600000,0.100000,-4.880081177,-1.437674522,-86.260471344,0.081880987
1775350491.808012,9.589610,1,1.160000,0.600000,0.100000,-4.888458252,-1.502672434,-90.160346031,0.087593459
1775350491.815156,9.596754,1,1.160000,0.600000,0.100000,-4.903503418,-2.073622465,-124.417347908,0.117226370
1775350491.822030,9.603629,1,1.160000,0.600000,0.100000,-4.916168213,-1.813488841,-108.809330463,0.105943076
1775350491.840057,9.621656,1,1.160000,0.600000,0.100000,-4.944107056,-2.046916246,-122.814974785,0.121402472
1775350491.849003,9.630602,1,1.160000,0.600000,0.100000,-4.968673706,-2.067381859,-124.042911530,0.121559627
1775350491.859839,9.641437,1,1.160000,0.600000,0.100000,-4.984512329,-1.838014364,-110.280861855,0.101217270
1775350491.873601,9.655200,1,1.160000,0.600000,0.100000,-5.008209229,-1.998590469,-119.915428162,0.114523977
1775350491.891080,9.672679,1,1.160000,0.600000,0.100000,-5.045425415,-2.152236223,-129.134173393,0.119888663
1775350491.900609,9.682208,1,1.160000,0.600000,0.100000,-5.066604614,-1.926031709,-115.561902523,0.105057739
1775350491.908687,9.690285,1,1.160000,0.600000,0.100000,-5.079711914,-1.501309752,-90.078585148,0.088862553
1775350491.919258,9.700857,1,1.160000,0.600000,0.100000,-5.096069336,-1.917615414,-115.056924820,0.114131629
1775350491.925668,9.707267,1,1.160000,0.600000,0.100000,-5.116363525,-1.937196016,-116.231760979,0.115200244
1775350491.932677,9.714276,1,1.160000,0.600000,0.100000,-5.129379272,-1.994425535,-119.665532112,0.117229782
1775350491.939650,9.721249,1,1.160000,0.600000,0.100000,-5.142868042,-1.941135526,-116.468131542,0.109639540
1775350491.946200,9.727799,1,1.160000,0.600000,0.100000,-5.157913208,-2.172141075,-130.328464508,0.125053167
1775350491.953526,9.735124,1,1.160000,0.600000,0.100000,-5.172561646,-2.082374811,-124.942488670,0.120089531
1775350491.961052,9.742651,1,1.160000,0.600000,0.100000,-5.189376831,-2.206871271,-132.412276268,0.127884045
1775350491.968980,9.750578,1,1.160000,0.600000,0.100000,-5.204910278,-2.132627249,-127.957634926,0.124377355
1775350491.992875,9.774473,1,1.160000,0.600000,0.100000,-5.224609375,-2.177521229,-130.651273727,0.128007829
1775350492.001931,9.783530,1,1.160000,0.600000,0.100000,-5.272033691,-1.779460907,-106.767654419,0.101143055
1775350492.013210,9.794808,1,1.160000,0.600000,0.100000,-5.293350220,-2.140205145,-128.412308693,0.126279235
1775350492.022744,9.804343,1,1.160000,0.600000,0.100000,-5.313720703,-1.941499352,-116.489961147,0.111982696
1775350492.029369,9.810968,1,1.160000,0.600000,0.100000,-5.328506470,-2.196679831,-131.800789833,0.129021585
1775350492.042076,9.823675,1,1.160000,0.600000,0.100000,-5.354324341,-2.003031015,-120.181860924,0.115681268
1775350492.057607,9.839206,1,1.160000,0.600000,0.100000,-5.380294800,-2.250347137,-135.020828247,0.130750835
1775350492.067832,9.849430,1,1.160000,0.600000,0.100000,-5.405212402,-2.173261881,-130.395712852,0.123360440
1775350492.079318,9.860916,1,1.160000,0.600000,0.100000,-5.432388306,-2.012505531,-120.750331879,0.118258804
1775350492.085935,9.867534,1,1.160000,0.600000,0.100000,-5.449096680,-2.181004524,-130.860271454,0.126366541
1775350492.092956,9.874554,1,1.160000,0.600000,0.100000,-5.462631226,-2.087577820,-125.254669189,0.127554417
1775350492.099841,9.881440,1,1.160000,0.600000,0.100000,-5.477310181,-1.905916095,-114.354965687,0.110168181
1775350492.106869,9.888468,1,1.160000,0.600000,0.100000,-5.485290527,-1.322357893,-79.341473579,0.077553630
1775350492.113392,9.894991,1,1.160000,0.600000,0.100000,-5.499237061,-1.967206240,-118.032374382,0.109592520
1775350492.120079,9.901678,1,1.160000,0.600000,0.100000,-5.512634277,-2.008504868,-120.510292053,0.119279243
1775350492.126930,9.908529,1,1.160000,0.600000,0.100000,-5.525772095,-1.915825129,-114.949507713,0.109020442
1775350492.141207,9.922805,1,1.160000,0.600000,0.100000,-5.540084839,-2.112400293,-126.744017601,0.121371165
1775350492.153409,9.935007,1,1.160000,0.600000,0.100000,-5.569946289,-1.958763957,-117.525837421,0.112242840
1775350492.165387,9.946984,1,1.160000,0.600000,0.100000,-5.603012085,-2.107912302,-126.474738121,0.119101942
1775350492.177994,9.959592,1,1.160000,0.600000,0.100000,-5.622283936,-2.108428240,-126.505694389,0.119132265
1775350492.187540,9.969139,1,1.160000,0.600000,0.100000,-5.643783569,-1.966369629,-117.982177734,0.111896157
1775350492.198873,9.980471,1,1.160000,0.600000,0.100000,-5.663619995,-2.008255959,-120.495357513,0.113812625
1775350492.213463,9.995062,1,1.160000,0.600000,0.100000,-5.692428589,-1.875146627,-112.508797646,0.105686672
1775350492.225686,10.007285,1,1.160000,0.600000,0.100000,-5.713439941,-1.871514559,-112.290873528,0.107344851
1775350492.237132,10.018731,1,1.160000,0.600000,0.100000,-5.732696533,-2.109404564,-126.564273834,0.123948060
1775350492.244358,10.025957,1,1.160000,0.600000,0.100000,-5.756454468,-2.071496010,-124.289760590,0.117738605
1775350492.250805,10.032404,1,1.160000,0.600000,0.100000,-5.771713257,-2.166189432,-129.971365929,0.124387339
1775350492.257186,10.038785,1,1.160000,0.600000,0.100000,-5.784515381,-2.005121946,-120.307316780,0.116149038
1775350492.264505,10.046104,1,1.160000,0.600000,0.100000,-5.798065186,-2.116007328,-126.960439682,0.124992557
1775350492.271113,10.052712,1,1.160000,0.600000,0.100000,-5.813262939,-1.974430680,-118.465840816,0.114956833
1775350492.277794,10.059392,1,1.160000,0.600000,0.100000,-5.826614380,-2.146610737,-128.796644211,0.127628297
1775350492.284432,10.066031,1,1.160000,0.600000,0.100000,-5.840423584,-2.022461653,-121.347699165,0.113429643
1775350492.291119,10.072718,1,1.160000,0.600000,0.100000,-5.854736328,-2.059066057,-123.543963432,0.118312448
1775350492.297495,10.079094,1,1.160000,0.600000,0.100000,-5.867965698,-2.074573517,-124.474411011,0.123540513
1775350492.313302,10.094901,1,1.160000,0.600000,0.100000,-5.890701294,-1.981101871,-118.866112232,0.115261085
1775350492.324429,10.106028,1,1.160000,0.600000,0.100000,-5.908050537,-1.939761519,-116.385691166,0.112760484
1775350492.336249,10.117848,1,1.160000,0.600000,0.100000,-5.929183960,-2.006366730,-120.382003784,0.115121864
1775350492.343730,10.125329,1,1.160000,0.600000,0.100000,-5.952331543,-1.913039684,-114.782381058,0.109569833
1775350492.362204,10.143802,1,1.160000,0.600000,0.100000,-5.984603882,-1.935130358,-116.107821465,0.113985755
1775350492.374612,10.156211,1,1.160000,0.600000,0.100000,-6.015289307,-2.172198772,-130.331926346,0.129356891
1775350492.384586,10.166185,1,1.160000,0.600000,0.100000,-6.035385132,-2.045721292,-122.743277550,0.123157412
1775350492.393079,10.174678,1,1.160000,0.600000,0.100000,-6.056900024,-2.134072542,-128.044352531,0.123455793
1775350492.399850,10.181449,1,1.160000,0.600000,0.100000,-6.069702148,-1.819791675,-109.187500477,0.103700317
1775350492.406573,10.188172,1,1.160000,0.600000,0.100000,-6.077880859,-1.367796063,-82.067763805,0.081828959
1775350492.413102,10.194701,1,1.160000,0.600000,0.100000,-6.092590332,-2.058090925,-123.485455513,0.119476914
1775350492.419500,10.201099,1,1.160000,0.600000,0.100000,-6.104858398,-1.942546964,-116.552817822,0.112735979
1775350492.426090,10.207689,1,1.160000,0.600000,0.100000,-6.118087769,-1.994283676,-119.657020569,0.116910443
1775350492.432539,10.214138,1,1.160000,0.600000,0.100000,-6.131240845,-2.052707911,-123.162474632,0.117699228
1775350492.439095,10.220694,1,1.160000,0.600000,0.100000,-6.144012451,-1.966935754,-118.016145229,0.113331191
1775350492.445601,10.227200,1,1.160000,0.600000,0.100000,-6.158172607,-2.160178185,-129.610691071,0.126388177
1775350492.452060,10.233659,1,1.160000,0.600000,0.100000,-6.172882080,-2.202656031,-132.159361839,0.127106026
1775350492.470068,10.251667,1,1.160000,0.600000,0.100000,-6.205673218,-2.188372374,-131.302342415,0.125395477
1775350492.478993,10.260593,1,1.160000,0.600000,0.100000,-6.230102539,-2.285450935,-137.127056122,0.135060310
1775350492.490065,10.271665,1,1.160000,0.600000,0.100000,-6.248397827,-2.188741922,-131.324515343,0.127625108
1775350492.496984,10.278582,1,1.160000,0.600000,0.100000,-6.270858765,-2.181514740,-130.890884399,0.124332286
1775350492.514076,10.295675,1,1.160000,0.600000,0.100000,-6.289703369,-1.742712140,-104.562728405,0.102644794
1775350492.524286,10.305885,1,1.160000,0.600000,0.100000,-6.317947388,-1.977353573,-118.641214371,0.116849966
1775350492.536457,10.318056,1,1.160000,0.600000,0.100000,-6.338134766,-2.224007845,-133.440470695,0.128550842
1775350492.545463,10.327062,1,1.160000,0.600000,0.100000,-6.366195679,-2.113922596,-126.835355759,0.123326518
1775350492.553199,10.334798,1,1.160000,0.600000,0.100000,-6.382369995,-2.055429935,-123.325796127,0.114403255
1775350492.559844,10.341443,1,1.160000,0.600000,0.100000,-6.398239136,-2.172646999,-130.358819962,0.127628028
1775350492.566545,10.348144,1,1.160000,0.600000,0.100000,-6.412887573,-2.187146425,-131.228785515,0.124803372
1775350492.573019,10.354618,1,1.160000,0.600000,0.100000,-6.426422119,-2.027240992,-121.634459496,0.116295621
1775350492.599416,10.381016,1,1.160000,0.600000,0.100000,-6.440933228,-2.211626768,-132.697606087,0.129839823
1775350492.606065,10.387664,1,1.160000,0.600000,0.100000,-6.491165161,-1.253044367,-75.182662010,0.074476801
1775350492.614441,10.396041,1,1.160000,0.600000,0.100000,-6.505538940,-2.073764563,-124.425873756,0.115610115
1775350492.626252,10.407850,1,1.160000,0.600000,0.100000,-6.526718140,-1.941148758,-116.468925476,0.112052329
1775350492.636177,10.417777,1,1.160000,0.600000,0.100000,-6.552474976,-2.145988464,-128.759307861,0.118445620
1775350492.647738,10.429337,1,1.160000,0.600000,0.100000,-6.568115234,-1.923271298,-115.396277905,0.113547511
1775350492.654572,10.436170,1,1.160000,0.600000,0.100000,-6.593215942,-2.219395876,-133.163752556,0.125590011
1775350492.671607,10.453206,1,1.160000,0.600000,0.100000,-6.623519897,-2.207204342,-132.432260513,0.127177611
1775350492.681872,10.463471,1,1.160000,0.600000,0.100000,-6.646896362,-2.110668659,-126.640119553,0.122132592
1775350492.690614,10.472213,1,1.160000,0.600000,0.100000,-6.669052124,-2.084056377,-125.043382645,0.122693039
1775350492.701452,10.483051,1,1.160000,0.600000,0.100000,-6.685104370,-2.192145824,-131.528749466,0.126668617
1775350492.708047,10.489646,1,1.160000,0.600000,0.100000,-6.699783325,-1.407391191,-84.443471432,0.085716441
1775350492.714503,10.496102,1,1.160000,0.600000,0.100000,-6.713882446,-2.053324223,-123.199453354,0.118642688
1775350492.721157,10.502755,1,1.160000,0.600000,0.100000,-6.727661133,-2.096400738,-125.784044266,0.119442403
1775350492.727610,10.509210,1,1.160000,0.600000,0.100000,-6.740829468,-2.005466461,-120.327987671,0.118499763
1775350492.735080,10.516679,1,1.160000,0.600000,0.100000,-6.755920410,-2.271166801,-136.270008087,0.135253400
1775350492.741923,10.523522,1,1.160000,0.600000,0.100000,-6.771881104,-2.140004873,-128.400292397,0.126926616
1775350492.749233,10.530832,1,1.160000,0.600000,0.100000,-6.786651611,-2.124333620,-127.460017204,0.124350071
1775350492.756013,10.537612,1,1.160000,0.600000,0.100000,-6.802917480,-2.238229990,-134.293799400,0.131314129
1775350492.790396,10.571995,1,1.160000,0.600000,0.100000,-6.849502563,-2.130900383,-127.854022980,0.125358254
1775350492.799725,10.581324,1,1.160000,0.600000,0.100000,-6.890319824,-2.037623644,-122.257418633,0.115297146
1775350492.810066,10.591666,1,1.160000,0.600000,0.100000,-6.903991699,-1.334223628,-80.053417683,0.077346496
1775350492.816810,10.598409,1,1.160000,0.600000,0.100000,-6.924346924,-1.994930863,-119.695851803,0.115905754
1775350492.828747,10.610346,1,1.160000,0.600000,0.100000,-6.944839478,-2.048668861,-122.920131683,0.118736476
1775350492.839168,10.620767,1,1.160000,0.600000,0.100000,-6.964355469,-2.090116501,-125.406990051,0.121406473
1775350492.847574,10.629173,1,1.160000,0.600000,0.100000,-6.982910156,-1.937870145,-116.272208691,0.113690287
1775350492.859244,10.640843,1,1.160000,0.600000,0.100000,-7.000793457,-1.981916308,-118.914978504,0.113926627
1775350492.865736,10.647335,1,1.160000,0.600000,0.100000,-7.023712158,-2.145183086,-128.710985184,0.122978680
1775350492.872235,10.653834,1,1.160000,0.600000,0.100000,-7.036331177,-1.990440726,-119.426443577,0.118970327
1775350492.878894,10.660493,1,1.160000,0.600000,0.100000,-7.050704956,-2.152489901,-129.149394035,0.123150937
1775350492.885355,10.666954,1,1.160000,0.600000,0.100000,-7.063919067,-1.996870756,-119.812245369,0.116329528
1775350492.891709,10.673309,1,1.160000,0.600000,0.100000,-7.077392578,-2.117419481,-127.045168877,0.124121733
1775350492.898232,10.679832,1,1.160000,0.600000,0.100000,-7.091522217,-2.114587307,-126.875238419,0.122371562
1775350492.904645,10.686245,1,1.160000,0.600000,0.100000,-7.099121094,-1.264097691,-75.845861435,0.073597431
1775350492.911035,10.692634,1,1.160000,0.600000,0.100000,-7.110885620,-1.885718465,-113.143107891,0.111413941
1775350492.927984,10.709582,1,1.160000,0.600000,0.100000,-7.138122559,-1.883269548,-112.996172905,0.108313210
1775350492.939506,10.721105,1,1.160000,0.600000,0.100000,-7.161926270,-2.193008661,-131.580519676,0.126166120
1775350492.946849,10.728448,1,1.160000,0.600000,0.100000,-7.183181763,-2.116075277,-126.964516640,0.123867840
1775350492.961164,10.742762,1,1.160000,0.600000,0.100000,-7.205429077,-2.055909395,-123.354563713,0.120268494
1775350492.977435,10.759035,1,1.160000,0.600000,0.100000,-7.242294312,-2.117695570,-127.061734200,0.121266738
1775350492.990628,10.772227,1,1.160000,0.600000,0.100000,-7.267242432,-2.115215302,-126.912918091,0.124383442
1775350492.997967,10.779565,1,1.160000,0.600000,0.100000,-7.290878296,-2.083562851,-125.013771057,0.122033566
1775350493.007299,10.788897,1,1.160000,0.600000,0.100000,-7.304855347,-1.306215882,-78.372952938,0.078904688
1775350493.014940,10.796539,1,1.160000,0.600000,0.100000,-7.319854736,-2.079301834,-124.758110046,0.125646725
1775350493.021445,10.803045,1,1.160000,0.600000,0.100000,-7.335601807,-2.039430857,-122.365851402,0.114734545
1775350493.027931,10.809530,1,1.160000,0.600000,0.100000,-7.348175049,-1.993581057,-119.614863396,0.117114089
1775350493.034539,10.816139,1,1.160000,0.600000,0.100000,-7.362487793,-2.168387890,-130.103273392,0.123425364
1775350493.041021,10.822620,1,1.160000,0.600000,0.100000,-7.376785278,-2.100861788,-126.051707268,0.123502314
1775350493.047598,10.829198,1,1.160000,0.600000,0.100000,-7.389068604,-2.018833160,-121.129989624,0.114770107
1775350493.053996,10.835595,1,1.160000,0.600000,0.100000,-7.404022217,-2.188433170,-131.305990219,0.126260459
1775350493.060560,10.842159,1,1.160000,0.600000,0.100000,-7.417175293,-2.035804510,-122.148270607,0.119109981
1775350493.067004,10.848603,1,1.160000,0.600000,0.100000,-7.430175781,-2.003455400,-120.207324028,0.114903122
1775350493.084690,10.866289,1,1.160000,0.600000,0.100000,-7.462417603,-2.097487211,-125.849232674,0.121597297
1775350493.094199,10.875798,1,1.160000,0.600000,0.100000,-7.482482910,-2.184777975,-131.086678505,0.126616955
1775350493.101168,10.882767,1,1.160000,0.600000,0.100000,-7.500625610,-1.835187197,-110.111231804,0.107272923
1775350493.114733,10.896332,1,1.160000,0.600000,0.100000,-7.514846802,-1.771828651,-106.309719086,0.101107471
1775350493.133699,10.915299,1,1.160000,0.600000,0.100000,-7.553924561,-1.970200896,-118.212053776,0.113289021
1775350493.145178,10.926778,1,1.160000,0.600000,0.100000,-7.583709717,-2.080535412,-124.832124710,0.119285822
1775350493.156879,10.938478,1,1.160000,0.600000,0.100000,-7.603775024,-2.083169699,-124.990181923,0.122837186
1775350493.165247,10.946846,1,1.160000,0.600000,0.100000,-7.626052856,-2.200994968,-132.059698105,0.127200618
1775350493.172135,10.953734,1,1.160000,0.600000,0.100000,-7.642623901,-2.028872490,-121.732349396,0.116916969
1775350493.179307,10.960893,1,1.160000,0.600000,0.100000,-7.658615112,-2.263816595,-135.828995705,0.133837134
1775350493.191329,10.972928,1,1.160000,0.600000,0.100000,-7.673675537,-2.135723591,-128.143415451,0.125261828
1775350493.198274,10.979874,1,1.160000,0.600000,0.100000,-7.699142456,-2.012338161,-120.740289688,0.111807778
1775350493.205729,10.987328,1,1.160000,0.600000,0.100000,-7.708038330,-1.240301132,-74.418067932,0.073710449
1775350493.212161,10.993760,1,1.160000,0.600000,0.100000,-7.720565796,-1.877930403,-112.675824165,0.109296054
1775350493.218632,11.000232,1,1.160000,0.600000,0.100000,-7.734649658,-2.050404549,-123.024272919,0.118172474
1775350493.233964,11.015564,1,1.160000,0.600000,0.100000,-7.759902954,-2.153994322,-129.239659309,0.120769508
1775350493.243570,11.025170,1,1.160000,0.600000,0.100000,-7.780609131,-2.146949291,-128.816957474,0.127033204
1775350493.251985,11.033585,1,1.160000,0.600000,0.100000,-7.805282593,-2.350536585,-141.032195091,0.134757489
1775350493.263790,11.045389,1,1.160000,0.600000,0.100000,-7.821548462,-2.117036819,-127.022209167,0.122439742
1775350493.283756,11.065354,1,1.160000,0.600000,0.100000,-7.863555908,-2.129782677,-127.786960602,0.125053689
1775350493.292842,11.074442,1,1.160000,0.600000,0.100000,-7.890670776,-2.101431847,-126.085910797,0.120957360
1775350493.302717,11.084317,1,1.160000,0.600000,0.100000,-7.913070679,-1.722339034,-103.340342045,0.095251985
1775350493.309491,11.091091,1,1.160000,0.600000,0.100000,-7.921661377,-1.424025297,-85.441517830,0.086430378
1775350493.316053,11.097652,1,1.160000,0.600000,0.100000,-7.936096191,-2.098792553,-125.927553177,0.121909000
1775350493.322614,11.104214,1,1.160000,0.600000,0.100000,-7.949722290,-1.993893981,-119.633638859,0.114785492
1775350493.329003,11.110602,1,1.160000,0.600000,0.100000,-7.962005615,-1.982746482,-118.964788914,0.115337200
1775350493.335315,11.116914,1,1.160000,0.600000,0.100000,-7.976470947,-2.178343534,-130.700612068,0.124748707
1775350493.341650,11.123249,1,1.160000,0.600000,0.100000,-7.988143921,-1.905961156,-114.357669353,0.112112477
1775350493.347977,11.129576,1,1.160000,0.600000,0.100000,-8.000946045,-2.040170908,-122.410254478,0.117242567
1775350493.354416,11.136015,1,1.160000,0.600000,0.100000,-8.016021729,-2.303013802,-138.180828094,0.138967618
1775350493.360801,11.142400,1,1.160000,0.600000,0.100000,-8.029342651,-2.104695082,-126.281704903,0.126417652
1775350493.380338,11.161937,1,1.160000,0.600000,0.100000,-8.064880371,-2.177916050,-130.674962997,0.124995224
1775350493.392990,11.174588,1,1.160000,0.600000,0.100000,-8.087173462,-2.086500406,-125.190024376,0.121395461
1775350493.402435,11.184034,1,1.160000,0.600000,0.100000,-8.113189697,-1.918799996,-115.127999783,0.112888336
1775350493.413928,11.195527,1,1.160000,0.600000,0.100000,-8.122894287,-1.389988303,-83.399298191,0.080180243
1775350493.428837,11.210437,1,1.160000,0.600000,0.100000,-8.156646729,-2.052249670,-123.134980202,0.121667661
1775350493.439026,11.220625,1,1.160000,0.600000,0.100000,-8.183227539,-2.267813683,-136.068820953,0.132594645
1775350493.449895,11.231494,1,1.160000,0.600000,0.100000,-8.201614380,-2.075406551,-124.524393082,0.119781651
1775350493.458085,11.239685,1,1.160000,0.600000,0.100000,-8.225906372,-2.196951389,-131.817083359,0.129673928
1775350493.465118,11.246717,1,1.160000,0.600000,0.100000,-8.241928101,-2.197486162,-131.849169731,0.127799883
1775350493.471610,11.253210,1,1.160000,0.600000,0.100000,-8.257019043,-2.163397312,-129.803838730,0.127866313
1775350493.478045,11.259644,1,1.160000,0.600000,0.100000,-8.270950317,-2.177276850,-130.636610985,0.126728520
1775350493.484475,11.266075,1,1.160000,0.600000,0.100000,-8.284515381,-2.071265697,-124.275941849,0.115807772
1775350493.490748,11.272348,1,1.160000,0.600000,0.100000,-8.298324585,-2.204595804,-132.275748253,0.128023222
1775350493.498221,11.279820,1,1.160000,0.600000,0.100000,-8.312911987,-2.145025015,-128.701500893,0.121716246
1775350493.504623,11.286223,1,1.160000,0.600000,0.100000,-8.324279785,-1.558769584,-93.526175022,0.092510663
1775350493.510974,11.292574,1,1.160000,0.600000,0.100000,-8.334991455,-1.786451817,-107.187108994,0.106471509
1775350493.524774,11.306374,1,1.160000,0.600000,0.100000,-8.359863281,-1.983358502,-119.001510143,0.116450302
1775350493.531435,11.313035,1,1.160000,0.600000,0.100000,-8.378036499,-2.154384375,-129.263062477,0.121577375
1775350493.540372,11.321972,1,1.160000,0.600000,0.100000,-8.392868042,-2.094181061,-125.650863647,0.119324669
1775350493.555879,11.337478,1,1.160000,0.600000,0.100000,-8.417343140,-2.119478703,-127.168722153,0.124038368
1775350493.580245,11.361844,1,1.160000,0.600000,0.100000,-8.463226318,-2.065848589,-123.950915337,0.120556913
1775350493.593277,11.374876,1,1.160000,0.600000,0.100000,-8.495590210,-2.043417215,-122.605032921,0.117093854
1775350493.600894,11.382493,1,1.160000,0.600000,0.100000,-8.523269653,-1.993360519,-119.601631165,0.113146685
1775350493.611688,11.393287,1,1.160000,0.600000,0.100000,-8.538940430,-1.778663158,-106.719789505,0.105211280
1775350493.618039,11.399639,1,1.160000,0.600000,0.100000,-8.552947998,-1.952012539,-117.120752335,0.111979865
1775350493.624582,11.406181,1,1.160000,0.600000,0.100000,-8.564773560,-1.820139885,-109.208393097,0.107365444
1775350493.631133,11.412732,1,1.160000,0.600000,0.100000,-8.577926636,-2.024222612,-121.453356743,0.122208722
1775350493.637616,11.419215,1,1.160000,0.600000,0.100000,-8.592697144,-2.200279951,-132.016797066,0.128350556
1775350493.644040,11.425640,1,1.160000,0.600000,0.100000,-8.605285645,-2.012678146,-120.760688782,0.121409163
1775350493.650541,11.432141,1,1.160000,0.600000,0.100000,-8.619338989,-2.184981346,-131.098880768,0.129029438
1775350493.657043,11.438642,1,1.160000,0.600000,0.100000,-8.633193970,-2.085438967,-125.126338005,0.120279647
1775350493.663907,11.445506,1,1.160000,0.600000,0.100000,-8.646530151,-2.111157656,-126.669459343,0.121313162
1775350493.680799,11.462398,1,1.160000,0.600000,0.100000,-8.670883179,-2.064859867,-123.891592026,0.116375618
1775350493.689038,11.470637,1,1.160000,0.600000,0.100000,-8.698425293,-2.065737247,-123.944234848,0.121012412
1775350493.699830,11.481429,1,1.160000,0.600000,0.100000,-8.718765259,-2.032701254,-121.962075233,0.120708868
1775350493.711369,11.492968,1,1.160000,0.600000,0.100000,-8.731109619,-1.212367177,-72.742030621,0.072595403
1775350493.718984,11.500583,1,1.160000,0.600000,0.100000,-8.755020142,-2.127906322,-127.674379349,0.127670288
1775350493.734943,11.516542,1,1.160000,0.600000,0.100000,-8.782379150,-2.033605814,-122.016348839,0.113841191
1775350493.745580,11.527179,1,1.160000,0.600000,0.100000,-8.801895142,-2.177730322,-130.663819313,0.127697527
1775350493.753647,11.535246,1,1.160000,0.600000,0.100000,-8.824554443,-2.178884268,-130.733056068,0.129257903
1775350493.766636,11.548235,1,1.160000,0.600000,0.100000,-8.842178345,-2.017089844,-121.025390625,0.113993704
1775350493.773939,11.555539,1,1.160000,0.600000,0.100000,-8.867187500,-2.043843508,-122.630610466,0.116761871
1775350493.781013,11.562612,1,1.160000,0.600000,0.100000,-8.882980347,-2.089773417,-125.386404991,0.121118821
1775350493.788074,11.569673,1,1.160000,0.600000,0.100000,-8.897521973,-2.079848766,-124.790925980,0.120907642
1775350493.794496,11.576095,1,1.160000,0.600000,0.100000,-8.911758423,-2.080503464,-124.830207825,0.122188821
1775350493.800993,11.582593,1,1.160000,0.600000,0.100000,-8.923751831,-1.810810804,-108.648648262,0.106129862
1775350493.807401,11.589000,1,1.160000,0.600000,0.100000,-8.930541992,-1.217569232,-73.054153919,0.071430393
1775350493.814309,11.595909,1,1.160000,0.600000,0.100000,-8.944259644,-2.046386957,-122.783217430,0.117752887
1775350493.820742,11.602342,1,1.160000,0.600000,0.100000,-8.957504272,-1.849648356,-110.978901386,0.108338468
1775350493.836670,11.618270,1,1.160000,0.600000,0.100000,-8.985229492,-1.970137000,-118.208220005,0.111461222
1775350493.845182,11.626782,1,1.160000,0.600000,0.100000,-9.004653931,-1.848454237,-110.907254219,0.105396464
1775350493.853046,11.634645,1,1.160000,0.600000,0.100000,-9.019790649,-2.187101603,-131.226096153,0.126279116
1775350493.863624,11.645223,1,1.160000,0.600000,0.100000,-9.037185669,-2.051130056,-123.067803383,0.118187346
1775350493.871070,11.652630,1,1.160000,0.600000,0.100000,-9.058410645,-2.084673166,-125.080389977,0.122069463
1775350493.885298,11.666897,1,1.160000,0.600000,0.100000,-9.086257935,-2.162915945,-129.774956703,0.127671361
1775350493.893598,11.675198,1,1.160000,0.600000,0.100000,-9.106658936,-2.117373466,-127.042407990,0.125587747
1775350493.902858,11.684458,1,1.160000,0.600000,0.100000,-9.121871948,-1.966549873,-117.992992401,0.114842825
1775350493.917317,11.698916,1,1.160000,0.600000,0.100000,-9.138854980,-1.834579945,-110.074796677,0.106291182
1775350493.923971,11.705571,1,1.160000,0.600000,0.100000,-9.163208008,-2.034292221,-122.057533264,0.119581610
1775350493.930351,11.711951,1,1.160000,0.600000,0.100000,-9.176376343,-2.058872700,-123.532361984,0.127131835
1775350493.937425,11.719024,1,1.160000,0.600000,0.100000,-9.191619873,-2.280259848,-136.815590858,0.132014260
1775350493.944784,11.726383,1,1.160000,0.600000,0.100000,-9.206253052,-1.991100430,-119.466025829,0.117606431
1775350493.951471,11.733071,1,1.160000,0.600000,0.100000,-9.222152710,-2.281141520,-136.868491173,0.132814467
1775350493.957977,11.739577,1,1.160000,0.600000,0.100000,-9.237182617,-2.172593832,-130.355629921,0.124952108
1775350493.965126,11.746725,1,1.160000,0.600000,0.100000,-9.253326416,-2.310106516,-138.606390953,0.132828489
1775350493.971911,11.753510,1,1.160000,0.600000,0.100000,-9.267913818,-2.207302094,-132.438125610,0.129707664
1775350493.987506,11.769105,1,1.160000,0.600000,0.100000,-9.294433594,-2.263624907,-135.817494392,0.130484313
1775350493.995509,11.777109,1,1.160000,0.600000,0.100000,-9.318908691,-2.179295540,-130.757732391,0.127631202
1775350494.008278,11.789877,1,1.160000,0.600000,0.100000,-9.337020874,-1.763188243,-105.791294575,0.104248211
1775350494.019805,11.801404,1,1.160000,0.600000,0.100000,-9.360244751,-2.164382458,-129.862947464,0.123708799
1775350494.032120,11.813720,1,1.160000,0.600000,0.100000,-9.381530762,-2.063614607,-123.816876411,0.119734585
1775350494.039964,11.821563,1,1.160000,0.600000,0.100000,-9.409042358,-2.152215004,-129.132900238,0.126219124
1775350494.057399,11.838998,1,1.160000,0.600000,0.100000,-9.428848267,-2.074131966,-124.447917938,0.121308625
1775350494.068753,11.850352,1,1.160000,0.600000,0.100000,-9.465591431,-2.251144171,-135.068650246,0.129466414
1775350494.079233,11.860832,1,1.160000,0.600000,0.100000,-9.487457275,-2.154561043,-129.273662567,0.123828046
1775350494.086438,11.868038,1,1.160000,0.600000,0.100000,-9.510635376,-2.180048466,-130.802907944,0.126185700
1775350494.092779,11.874379,1,1.160000,0.600000,0.100000,-9.526031494,-2.206880331,-132.412819862,0.128258258
1775350494.099274,11.880873,1,1.160000,0.600000,0.100000,-9.539718628,-2.167154789,-130.029287338,0.128907353
1775350494.105959,11.887558,1,1.160000,0.600000,0.100000,-9.548538208,-1.374562383,-82.473742962,0.078979075
1775350494.138117,11.919716,1,1.160000,0.600000,0.100000,-9.559814453,-1.803921819,-108.235309124,0.110279374
1775350494.155744,11.937344,1,1.160000,0.600000,0.100000,-9.643600464,-2.094742060,-125.684523582,0.120486781
1775350494.167750,11.949350,1,1.160000,0.600000,0.100000,-9.667373657,-2.149128199,-128.947691917,0.124539524
1775350494.180291,11.961891,1,1.160000,0.600000,0.100000,-9.692153931,-2.133374929,-128.002495766,0.121932946
1775350494.187638,11.969237,1,1.160000,0.600000,0.100000,-9.716445923,-2.054373264,-123.262395859,0.117390566
1775350494.200388,11.981988,1,1.160000,0.600000,0.100000,-9.733474731,-2.070387363,-124.223241806,0.121627428
1775350494.210843,11.992443,1,1.160000,0.600000,0.100000,-9.753295898,-1.322208524,-79.332511425,0.077947631
1775350494.219449,12.001048,1,1.160000,0.600000,0.100000,-9.773101807,-1.986234307,-119.174058437,0.112385817
1775350494.230521,12.012120,1,1.160000,0.600000,0.100000,-9.791961670,-1.995334387,-119.720063210,0.113003172
1775350494.237980,12.019579,1,1.160000,0.600000,0.100000,-9.813003540,-2.068664789,-124.119887352,0.122544989
1775350494.246437,12.028036,1,1.160000,0.600000,0.100000,-9.828994751,-2.108470440,-126.508226395,0.124419659
1775350494.253050,12.034649,1,1.160000,0.600000,0.100000,-9.845718384,-2.104366541,-126.261992455,0.122211762
1775350494.259763,12.041363,1,1.160000,0.600000,0.100000,-9.858963013,-2.013248205,-120.794892311,0.116751105
1775350494.268586,12.050184,1,1.160000,0.600000,0.100000,-9.875640869,-2.222336292,-133.340177536,0.128673851
1775350494.276504,12.058103,1,1.160000,0.600000,0.100000,-9.893249512,-2.033724546,-122.023472786,0.123133078
1775350494.283500,12.065099,1,1.160000,0.600000,0.100000,-9.908264160,-2.021345615,-121.280736923,0.116526686
1775350494.290157,12.071757,1,1.160000,0.600000,0.100000,-9.922363281,-2.006716728,-120.403003693,0.120081417
1775350494.296780,12.078379,1,1.160000,0.600000,0.100000,-9.935546875,-2.015729666,-120.943779945,0.115347005
1775350494.318075,12.099675,1,1.160000,0.600000,0.100000,-9.947860718,-1.467012644,-88.020758629,0.086329319
1775350494.332924,12.114523,1,1.160000,0.600000,0.100000,-9.985916138,-1.811624289,-108.697457314,0.104040995
1775350494.343204,12.124803,1,1.160000,0.600000,0.100000,-10.016998291,-2.105941534,-126.356492043,0.123811759
1775350494.355903,12.137502,1,1.160000,0.600000,0.100000,-10.038589478,-2.196035385,-131.762123108,0.127837405
1775350494.365121,12.146720,1,1.160000,0.600000,0.100000,-10.063735962,-2.034450293,-122.067017555,0.118858114
1775350494.383626,12.165226,1,1.160000,0.600000,0.100000,-10.096710205,-2.061522722,-123.691363335,0.116187707
1775350494.401086,12.182686,1,1.160000,0.600000,0.100000,-10.134109497,-2.078016520,-124.680991173,0.121367216
1775350494.410415,12.192014,1,1.160000,0.600000,0.100000,-10.151184082,-1.398334384,-83.900063038,0.086518265
1775350494.423423,12.205022,1,1.160000,0.600000,0.100000,-10.174148560,-2.069815636,-124.188938141,0.118273400
1775350494.430467,12.212067,1,1.160000,0.600000,0.100000,-10.198684692,-2.059994459,-123.599667549,0.120538570
1775350494.436991,12.218591,1,1.160000,0.600000,0.100000,-10.213088989,-2.184884548,-131.093072891,0.123554014
1775350494.443428,12.225028,1,1.160000,0.600000,0.100000,-10.227096558,-2.136426687,-128.185601234,0.123883210
1775350494.449939,12.231538,1,1.160000,0.600000,0.100000,-10.241027832,-2.145504713,-128.730282784,0.125715688
1775350494.456385,12.237985,1,1.160000,0.600000,0.100000,-10.255874634,-2.249981880,-134.998912811,0.132941589
1775350494.462783,12.244382,1,1.160000,0.600000,0.100000,-10.269363403,-2.139462709,-128.367762566,0.125414327
1775350494.469416,12.251016,1,1.160000,0.600000,0.100000,-10.283950806,-2.144948006,-128.696880341,0.123138152
1775350494.476130,12.257730,1,1.160000,0.600000,0.100000,-10.297561646,-2.124896049,-127.493762970,0.123299122
1775350494.502914,12.284514,1,1.160000,0.600000,0.100000,-10.342147827,-2.255355835,-135.321350098,0.129026666
1775350494.515098,12.296697,1,1.160000,0.600000,0.100000,-10.362808228,-1.482766628,-88.965997696,0.086638607
1775350494.522322,12.303922,1,1.160000,0.600000,0.100000,-10.387908936,-1.974854827,-118.491289616,0.117065907
1775350494.532441,12.314041,1,1.160000,0.600000,0.100000,-10.403640747,-2.044331074,-122.659864426,0.122506052
1775350494.540424,12.322024,1,1.160000,0.600000,0.100000,-10.425323486,-2.102382183,-126.142930984,0.120120227
1775350494.553851,12.335450,1,1.160000,0.600000,0.100000,-10.450271606,-2.261915922,-135.714955330,0.131553560
1775350494.564939,12.346539,1,1.160000,0.600000,0.100000,-10.472564697,-2.199552059,-131.973123550,0.126643464
1775350494.576628,12.358228,1,1.160000,0.600000,0.100000,-10.495437622,-2.050687313,-123.041238785,0.115988635
1775350494.583902,12.365501,1,1.160000,0.600000,0.100000,-10.519607544,-2.171766758,-130.306005478,0.125175714
1775350494.590334,12.371934,1,1.160000,0.600000,0.100000,-10.533569336,-2.139497757,-128.369865417,0.121270582
1775350494.597087,12.378686,1,1.160000,0.600000,0.100000,-10.547988892,-2.159112215,-129.546732903,0.125246674
1775350494.603686,12.385285,1,1.160000,0.600000,0.100000,-10.559265137,-1.598946452,-95.936787128,0.090027399
1775350494.610130,12.391730,1,1.160000,0.600000,0.100000,-10.566452026,-1.347714305,-80.862858295,0.077531256
1775350494.616992,12.398592,1,1.160000,0.600000,0.100000,-10.582641602,-2.229882479,-133.792948723,0.131555453
1775350494.623592,12.405191,1,1.160000,0.600000,0.100000,-10.595336914,-1.918365359,-115.101921558,0.111556210
1775350494.630619,12.412218,1,1.160000,0.600000,0.100000,-10.610397339,-2.137115002,-128.226900101,0.127538338
1775350494.636996,12.418596,1,1.160000,0.600000,0.100000,-10.624633789,-2.169053078,-130.143184662,0.122532599
1775350494.653840,12.435440,1,1.160000,0.600000,0.100000,-10.651840210,-2.179429054,-130.765743256,0.126366764
1775350494.667729,12.449328,1,1.160000,0.600000,0.100000,-10.679443359,-2.168050051,-130.083003044,0.125891238
1775350494.676866,12.458466,1,1.160000,0.600000,0.100000,-10.705673218,-2.130627155,-127.837629318,0.122548729
1775350494.688723,12.470322,1,1.160000,0.600000,0.100000,-10.723236084,-2.208254099,-132.495245934,0.131002963
1775350494.710049,12.491648,1,1.160000,0.600000,0.100000,-10.766708374,-1.945290089,-116.717405319,0.110477932
1775350494.720798,12.502398,1,1.160000,0.600000,0.100000,-10.797668457,-2.248334408,-134.900064468,0.130160913
1775350494.730154,12.511753,1,1.160000,0.600000,0.100000,-10.812881470,-2.003688097,-120.221285820,0.115129992
1775350494.740889,12.522489,1,1.160000,0.600000,0.100000,-10.839447021,-2.194328308,-131.659698486,0.127105862
1775350494.749787,12.531386,1,1.160000,0.600000,0.100000,-10.859329224,-2.078115702,-124.686942101,0.120992757
1775350494.756871,12.538470,1,1.160000,0.600000,0.100000,-10.875930786,-2.299008369,-137.940502167,0.132449120
1775350494.764045,12.545644,1,1.160000,0.600000,0.100000,-10.891250610,-2.192887068,-131.573224068,0.130030811
1775350494.771648,12.553247,1,1.160000,0.600000,0.100000,-10.908447266,-2.306469202,-138.388152122,0.135121495
1775350494.796854,12.578453,1,1.160000,0.600000,0.100000,-10.924438477,-2.116885185,-127.013111115,0.120941497
1775350494.803498,12.585097,1,1.160000,0.600000,0.100000,-10.977066040,-1.795124769,-107.707486153,0.104956634
1775350494.823575,12.605175,1,1.160000,0.600000,0.100000,-10.985733032,-1.449481845,-86.968910694,0.085089289
1775350494.835317,12.616917,1,1.160000,0.600000,0.100000,-11.026977539,-2.031329870,-121.879792213,0.115330286
1775350494.843453,12.625052,1,1.160000,0.600000,0.100000,-11.053604126,-2.144734621,-128.684077263,0.123116270
1775350494.856503,12.638103,1,1.160000,0.600000,0.100000,-11.071243286,-2.083560944,-125.013656616,0.122323558
1775350494.864775,12.646375,1,1.160000,0.600000,0.100000,-11.100051880,-2.105581760,-126.334905624,0.120642327
1775350494.883453,12.665053,1,1.160000,0.600000,0.100000,-11.131835938,-2.124883652,-127.493019104,0.126064092
1775350494.894224,12.675823,1,1.160000,0.600000,0.100000,-11.156967163,-2.143378258,-128.602695465,0.127964020
1775350494.902140,12.683739,1,1.160000,0.600000,0.100000,-11.178192139,-2.046669722,-122.800183296,0.120086439
1775350494.940246,12.721845,1,1.160000,0.600000,0.100000,-11.197479248,-1.843742013,-110.624520779,0.103609852
1775350494.946601,12.728201,1,1.160000,0.600000,0.100000,-11.264907837,-2.012266636,-120.735998154,0.117851749
1775350494.953184,12.734783,1,1.160000,0.600000,0.100000,-11.278808594,-2.162902355,-129.774141312,0.127525076
1775350494.959715,12.741315,1,1.160000,0.600000,0.100000,-11.292449951,-2.050164461,-123.009867668,0.118439764
1775350494.966593,12.748192,1,1.160000,0.600000,0.100000,-11.307571411,-2.286055803,-137.163348198,0.131858289
1775350494.989032,12.770632,1,1.160000,0.600000,0.100000,-11.342041016,-2.220019817,-133.201189041,0.130069271
1775350495.000524,12.782124,1,1.160000,0.600000,0.100000,-11.374862671,-2.211684704,-132.701082230,0.131304815
1775350495.019578,12.801178,1,1.160000,0.600000,0.100000,-11.390182495,-1.257854581,-75.471274853,0.076528169
1775350495.036724,12.818324,1,1.160000,0.600000,0.100000,-11.438796997,-2.055321217,-123.319272995,0.120217152
1775350495.047977,12.829576,1,1.160000,0.600000,0.100000,-11.464187622,-2.018611193,-121.116671562,0.118286602
1775350495.056653,12.838253,1,1.160000,0.600000,0.100000,-11.485626221,-2.114149332,-126.848959923,0.123828210
1775350495.069362,12.850961,1,1.160000,0.600000,0.100000,-11.503692627,-2.068213463,-124.092807770,0.120742097
1775350495.075757,12.857357,1,1.160000,0.600000,0.100000,-11.529174805,-2.019862413,-121.191744804,0.115616001
1775350495.082184,12.863784,1,1.160000,0.600000,0.100000,-11.542938232,-2.148797274,-128.927836418,0.125727043
1775350495.088975,12.870575,1,1.160000,0.600000,0.100000,-11.556961060,-2.081903458,-124.914207458,0.117636494
1775350495.095706,12.877306,1,1.160000,0.600000,0.100000,-11.570755005,-2.004230738,-120.253844261,0.117229551
1775350495.102019,12.883619,1,1.160000,0.600000,0.100000,-11.584182739,-2.077755451,-124.665327072,0.119245648
1775350495.108373,12.889973,1,1.160000,0.600000,0.100000,-11.591140747,-1.212908626,-72.774517536,0.072095498
1775350495.114771,12.896371,1,1.160000,0.600000,0.100000,-11.604324341,-2.041554451,-122.493267059,0.120167017
1775350495.121151,12.902751,1,1.160000,0.600000,0.100000,-11.618774414,-2.116537333,-126.992239952,0.125248313
1775350495.140983,12.922582,1,1.160000,0.600000,0.100000,-11.648147583,-2.166618824,-129.997129440,0.125411421
1775350495.150887,12.932487,1,1.160000,0.600000,0.100000,-11.673126221,-2.031335592,-121.880135536,0.115326568
1775350495.161344,12.942944,1,1.160000,0.600000,0.100000,-11.697509766,-2.003494024,-120.209641457,0.115786582
1775350495.173666,12.955266,1,1.160000,0.600000,0.100000,-11.717926025,-2.172796726,-130.367803574,0.123480037
1775350495.190310,12.971910,1,1.160000,0.600000,0.100000,-11.761169434,-2.310840607,-138.650436401,0.134708241
1775350495.201121,12.982721,1,1.160000,0.600000,0.100000,-11.782394409,-2.123399258,-127.403955460,0.119009621
1775350495.208174,12.989773,1,1.160000,0.600000,0.100000,-11.799163818,-1.417995095,-85.079705715,0.083559602
1775350495.219566,13.001166,1,1.160000,0.600000,0.100000,-11.822021484,-2.158282757,-129.496965408,0.124983057
1775350495.226057,13.007657,1,1.160000,0.600000,0.100000,-11.836151123,-2.027494431,-121.649665833,0.111897729
1775350495.232579,13.014179,1,1.160000,0.600000,0.100000,-11.849212646,-2.023347378,-121.400842667,0.120276295
1775350495.239278,13.020878,1,1.160000,0.600000,0.100000,-11.863647461,-2.169217110,-130.153026581,0.125934809
1775350495.246770,13.028369,1,1.160000,0.600000,0.100000,-11.878601074,-2.137434483,-128.246068954,0.124344043
1775350495.253582,13.035181,1,1.160000,0.600000,0.100000,-11.894577026,-2.189664841,-131.379890442,0.125382617
1775350495.260024,13.041624,1,1.160000,0.600000,0.100000,-11.908859253,-2.155930042,-129.355802536,0.126236990
1775350495.266292,13.047892,1,1.160000,0.600000,0.100000,-11.922637939,-2.178912163,-130.734729767,0.128804430
1775350495.272899,13.054499,1,1.160000,0.600000,0.100000,-11.935729980,-2.071458578,-124.287514687,0.118808076
1775350495.297638,13.079237,1,1.160000,0.600000,0.100000,-11.973190308,-2.164312840,-129.858770370,0.125775635
1775350495.343153,13.124752,1,1.160000,0.600000,0.100000,-12.003860474,-1.323059440,-79.383566380,0.075114280
1775350495.353991,13.135591,1,1.160000,0.600000,0.100000,-12.090118408,-2.052979231,-123.178753853,0.119984411
1775350495.369312,13.150912,1,1.160000,0.600000,0.100000,-12.116638184,-2.146841049,-128.810462952,0.122786261
1775350495.376404,13.158003,1,1.160000,0.600000,0.100000,-12.143188477,-1.994815588,-119.688935280,0.116330631
1775350495.383261,13.164861,1,1.160000,0.600000,0.100000,-12.159606934,-2.298742533,-137.924551964,0.134960026
1775350495.389840,13.171440,1,1.160000,0.600000,0.100000,-12.173828125,-2.147618771,-128.857126236,0.128983289
1775350495.396440,13.178040,1,1.160000,0.600000,0.100000,-12.188385010,-2.245949745,-134.756984711,0.125509039
1775350495.403084,13.184683,1,1.160000,0.600000,0.100000,-12.201721191,-1.981268167,-118.876090050,0.113230109
1775350495.409942,13.191542,1,1.160000,0.600000,0.100000,-12.209671021,-1.339717865,-80.383071899,0.078926452
1775350495.416795,13.198395,1,1.160000,0.600000,0.100000,-12.225601196,-2.186991215,-131.219472885,0.126365051
1775350495.423306,13.204906,1,1.160000,0.600000,0.100000,-12.238525391,-1.936711788,-116.202707291,0.110634431
1775350495.439827,13.221427,1,1.160000,0.600000,0.100000,-12.269836426,-2.113759995,-126.825599670,0.122033656
1775350495.451787,13.233387,1,1.160000,0.600000,0.100000,-12.288848877,-1.978666782,-118.720006943,0.117850080
1775350495.464173,13.245772,1,1.160000,0.600000,0.100000,-12.318298340,-2.076762676,-124.605760574,0.121520959
1775350495.471281,13.252880,1,1.160000,0.600000,0.100000,-12.341400146,-2.257308245,-135.438494682,0.129692525
1775350495.480522,13.262121,1,1.160000,0.600000,0.100000,-12.357406616,-2.119727612,-127.183656693,0.122814611
1775350495.497939,13.279539,1,1.160000,0.600000,0.100000,-12.377822876,-2.224125385,-133.447523117,0.129288524
1775350495.510065,13.291665,1,1.160000,0.600000,0.100000,-12.413345337,-1.452259302,-87.135558128,0.078718446
1775350495.518449,13.300049,1,1.160000,0.600000,0.100000,-12.431808472,-2.002355337,-120.141320229,0.115357853
1775350495.531793,13.313393,1,1.160000,0.600000,0.100000,-12.458633423,-1.932025552,-115.921533108,0.114289291
1775350495.538612,13.320213,1,1.160000,0.600000,0.100000,-12.477493286,-2.226066589,-133.563995361,0.124797858
1775350495.545150,13.326750,1,1.160000,0.600000,0.100000,-12.490356445,-1.995825052,-119.749503136,0.117295295
1775350495.551792,13.333392,1,1.160000,0.600000,0.100000,-12.503067017,-2.025222540,-121.513352394,0.115963228
1775350495.558555,13.340155,1,1.160000,0.600000,0.100000,-12.519088745,-2.215105057,-132.906303406,0.127520561
1775350495.564929,13.346530,1,1.160000,0.600000,0.100000,-12.531661987,-2.032946825,-121.976809502,0.115752801
1775350495.571320,13.352921,1,1.160000,0.600000,0.100000,-12.545974731,-2.184995651,-131.099739075,0.128667384
1775350495.577694,13.359294,1,1.160000,0.600000,0.100000,-12.559020996,-2.084918737,-125.095124245,0.118095845
1775350495.584063,13.365663,1,1.160000,0.600000,0.100000,-12.571640015,-1.994573355,-119.674401283,0.118671291
1775350495.602174,13.383774,1,1.160000,0.600000,0.100000,-12.600860596,-2.019366980,-121.162018776,0.117588460
1775350495.613535,13.395135,1,1.160000,0.600000,0.100000,-12.619094849,-1.284803271,-77.088196278,0.074705176
1775350495.621473,13.403073,1,1.160000,0.600000,0.100000,-12.641677856,-1.941614985,-116.496899128,0.116621740
1775350495.633298,13.414898,1,1.160000,0.600000,0.100000,-12.655395508,-2.005627155,-120.337629318,0.117871657
1775350495.646694,13.428295,1,1.160000,0.600000,0.100000,-12.689147949,-2.048584223,-122.915053368,0.120162085
1775350495.658849,13.440448,1,1.160000,0.600000,0.100000,-12.710113525,-2.080401897,-124.824113846,0.119371809
1775350495.666372,13.447972,1,1.160000,0.600000,0.100000,-12.733963013,-2.155739069,-129.344344139,0.121720329
1775350495.677700,13.459300,1,1.160000,0.600000,0.100000,-12.758163452,-2.218919039,-133.135142326,0.127993852
1775350495.684127,13.465727,1,1.160000,0.600000,0.100000,-12.773040771,-2.156357050,-129.381422997,0.123123690
1775350495.690519,13.472118,1,1.160000,0.600000,0.100000,-12.785995483,-2.058058023,-123.483481407,0.118536457
1775350495.697226,13.478826,1,1.160000,0.600000,0.100000,-12.800704956,-2.256270170,-135.376210213,0.132550016
1775350495.703681,13.485281,1,1.160000,0.600000,0.100000,-12.812469482,-1.683509469,-101.010568142,0.094981782
1775350495.710432,13.492033,1,1.160000,0.600000,0.100000,-12.820190430,-1.363584399,-81.815063953,0.081486329
1775350495.717084,13.498684,1,1.160000,0.600000,0.100000,-12.834777832,-2.034182549,-122.050952911,0.117691740
1775350495.724324,13.505924,1,1.160000,0.600000,0.100000,-12.847885132,-1.907617807,-114.457068443,0.114631720
1775350495.731474,13.513073,1,1.160000,0.600000,0.100000,-12.861434937,-1.874948740,-112.496924400,0.107922725
1775350495.753970,13.535570,1,1.160000,0.600000,0.100000,-12.899551392,-2.090361595,-125.421695709,0.125026569
1775350495.766838,13.548438,1,1.160000,0.600000,0.100000,-12.927825928,-1.986328363,-119.179701805,0.111701548
1775350495.774615,13.556215,1,1.160000,0.600000,0.100000,-12.951141357,-2.113874674,-126.832480431,0.118387885
1775350495.784354,13.565954,1,1.160000,0.600000,0.100000,-12.968978882,-2.129557371,-127.773442268,0.125140652
1775350495.796681,13.578280,1,1.160000,0.600000,0.100000,-12.996826172,-2.035885334,-122.153120041,0.118165061
1775350495.805175,13.586775,1,1.160000,0.600000,0.100000,-13.014343262,-1.810155988,-108.609359264,0.102041356
1775350495.823285,13.604885,1,1.160000,0.600000,0.100000,-13.038803101,-2.159683228,-129.580993652,0.124831453
1775350495.836589,13.618189,1,1.160000,0.600000,0.100000,-13.067062378,-1.938889146,-116.333348751,0.111018457
1775350495.845987,13.627587,1,1.160000,0.600000,0.100000,-13.089828491,-2.073573112,-124.414386749,0.119947053
1775350495.853838,13.635438,1,1.160000,0.600000,0.100000,-13.110260010,-2.212369204,-132.742152214,0.127835512
1775350495.862415,13.644015,1,1.160000,0.600000,0.100000,-13.126083374,-2.030092716,-121.805562973,0.120037876
1775350495.868837,13.650437,1,1.160000,0.600000,0.100000,-13.142074585,-2.095616817,-125.737009048,0.121995792
1775350495.875416,13.657016,1,1.160000,0.600000,0.100000,-13.156219482,-2.209282875,-132.556972504,0.129856899
1775350495.881985,13.663585,1,1.160000,0.600000,0.100000,-13.170623779,-2.176725149,-130.603508949,0.126362070
1775350495.888383,13.669984,1,1.160000,0.600000,0.100000,-13.185363770,-2.270250320,-136.215019226,0.135273367
1775350495.894815,13.676415,1,1.160000,0.600000,0.100000,-13.199813843,-2.219629288,-133.177757263,0.130160451
1775350495.901217,13.682817,1,1.160000,0.600000,0.100000,-13.213317871,-2.114719391,-126.883163452,0.118755385
1775350495.907961,13.689561,1,1.160000,0.600000,0.100000,-13.222518921,-1.474211931,-88.452715874,0.087448016
1775350495.914569,13.696170,1,1.160000,0.600000,0.100000,-13.234863281,-1.914836049,-114.890162945,0.109700434
1775350495.935644,13.717244,1,1.160000,0.600000,0.100000,-13.269073486,-2.044138670,-122.648320198,0.117350876
1775350495.945775,13.727375,1,1.160000,0.600000,0.100000,-13.300628662,-2.151836634,-129.110198021,0.126779899
1775350495.954744,13.736344,1,1.160000,0.600000,0.100000,-13.316055298,-2.176249743,-130.574984550,0.130343586
1775350495.968878,13.750478,1,1.160000,0.600000,0.100000,-13.337158203,-2.229297876,-133.757872581,0.129546329
1775350495.980166,13.761766,1,1.160000,0.600000,0.100000,-13.376159668,-2.223294020,-133.397641182,0.128605604
1775350496.000027,13.781627,1,1.160000,0.600000,0.100000,-13.392486572,-2.141830444,-128.509826660,0.124195114
1775350496.008636,13.790236,1,1.160000,0.600000,0.100000,-13.431198120,-1.368741751,-82.124505043,0.077746205
1775350496.020478,13.802078,1,1.160000,0.600000,0.100000,-13.452880859,-2.126863003,-127.611780167,0.121028297
1775350496.030680,13.812281,1,1.160000,0.600000,0.100000,-13.470855713,-2.091276407,-125.476584435,0.123738296
1775350496.038302,13.819903,1,1.160000,0.600000,0.100000,-13.493988037,-2.153758287,-129.225497246,0.125007480
1775350496.044796,13.826396,1,1.160000,0.600000,0.100000,-13.507537842,-2.032975435,-121.978526115,0.119075067
1775350496.051169,13.832769,1,1.160000,0.600000,0.100000,-13.521331787,-2.165218830,-129.913129807,0.121412553
1775350496.057437,13.839037,1,1.160000,0.600000,0.100000,-13.534912109,-2.140350819,-128.421049118,0.123485141
1775350496.064010,13.845610,1,1.160000,0.600000,0.100000,-13.548278809,-2.122339010,-127.340340614,0.119997814
1775350496.070396,13.851996,1,1.160000,0.600000,0.100000,-13.562286377,-2.110781908,-126.646914482,0.125365168
1775350496.076673,13.858273,1,1.160000,0.600000,0.100000,-13.575103760,-2.054038286,-123.242297173,0.119835168
1775350496.083040,13.864640,1,1.160000,0.600000,0.100000,-13.589019775,-2.157284260,-129.437055588,0.126243740
1775350496.089464,13.871064,1,1.160000,0.600000,0.100000,-13.602157593,-2.104296684,-126.257801056,0.122010678
1775350496.106125,13.887725,1,1.160000,0.600000,0.100000,-13.633148193,-1.881309748,-112.878584862,0.109286167
1775350496.113404,13.895004,1,1.160000,0.600000,0.100000,-13.644165039,-1.566125751,-93.967545033,0.091342099
1775350496.124770,13.906370,1,1.160000,0.600000,0.100000,-13.668243408,-1.927164674,-115.629880428,0.111647211
1775350496.136703,13.918303,1,1.160000,0.600000,0.100000,-13.685943604,-2.117267132,-127.036027908,0.121753223
1775350496.146264,13.927864,1,1.160000,0.600000,0.100000,-13.711471558,-1.949688792,-116.981327534,0.112801559
1775350496.164658,13.946258,1,1.160000,0.600000,0.100000,-13.743408203,-2.101494551,-126.089673042,0.122439757
1775350496.177120,13.958721,1,1.160000,0.600000,0.100000,-13.769714355,-2.211026192,-132.661571503,0.131146252
1775350496.186942,13.968542,1,1.160000,0.600000,0.100000,-13.797470093,-2.197937250,-131.876235008,0.125921547
1775350496.200911,13.982511,1,1.160000,0.600000,0.100000,-13.818023682,-2.095358610,-125.721516609,0.121475987
1775350496.210118,13.991718,1,1.160000,0.600000,0.100000,-13.844619751,-1.244761348,-74.685680866,0.073521659
1775350496.217223,13.998823,1,1.160000,0.600000,0.100000,-13.858932495,-1.982950926,-118.977055550,0.114402935
1775350496.223995,14.005595,1,1.160000,0.600000,0.100000,-13.873123169,-2.068904877,-124.134292603,0.119176023
1775350496.231194,14.012793,1,1.160000,0.600000,0.100000,-13.885620117,-1.897826910,-113.869614601,0.111968145
1775350496.238060,14.019661,1,1.160000,0.600000,0.100000,-13.901931763,-2.170684099,-130.241045952,0.127728030
1775350496.244643,14.026243,1,1.160000,0.600000,0.100000,-13.915054321,-1.983637691,-119.018261433,0.116286159
1775350496.252226,14.033826,1,1.160000,0.600000,0.100000,-13.928619385,-1.988618970,-119.317138195,0.111609928
1775350496.259569,14.041169,1,1.160000,0.600000,0.100000,-13.944686890,-2.111375093,-126.682505608,0.123974919
1775350496.266730,14.048330,1,1.160000,0.600000,0.100000,-13.958786011,-1.962200403,-117.732024193,0.112751216
1775350496.288945,14.070545,1,1.160000,0.600000,0.100000,-13.991790771,-1.965403080,-117.924184799,0.117780924
1775350496.303671,14.085272,1,1.160000,0.600000,0.100000,-14.023910522,-2.064528942,-123.871736526,0.121029697
1775350496.315111,14.096711,1,1.160000,0.600000,0.100000,-14.045440674,-1.465348959,-87.920937538,0.083897434
1775350496.329877,14.111477,1,1.160000,0.600000,0.100000,-14.067932129,-1.884498596,-113.069915771,0.107966281
1775350496.350498,14.132098,1,1.160000,0.600000,0.100000,-14.113525391,-2.054645300,-123.278717995,0.120477222
1775350496.365893,14.147493,1,1.160000,0.600000,0.100000,-14.144500732,-1.926762462,-115.605747700,0.111048222
1775350496.373975,14.155575,1,1.160000,0.600000,0.100000,-14.168563843,-1.940692902,-116.441574097,0.113085926
1775350496.382314,14.163915,1,1.160000,0.600000,0.100000,-14.187744141,-2.196427107,-131.785626411,0.126715884
1775350496.389732,14.171332,1,1.160000,0.600000,0.100000,-14.201583862,-2.014994621,-120.899677277,0.116581999
1775350496.396468,14.178069,1,1.160000,0.600000,0.100000,-14.216293335,-2.041825056,-122.509503365,0.119671755
1775350496.402956,14.184556,1,1.160000,0.600000,0.100000,-14.230087280,-2.070837021,-124.250221252,0.116307877
1775350496.409383,14.190983,1,1.160000,0.600000,0.100000,-14.236740112,-1.167938352,-70.076301098,0.067297854
1775350496.415810,14.197410,1,1.160000,0.600000,0.100000,-14.249359131,-1.981269240,-118.876154423,0.115204424
1775350496.422282,14.203882,1,1.160000,0.600000,0.100000,-14.262481689,-1.921756029,-115.305361748,0.110059224
1775350496.428740,14.210340,1,1.160000,0.600000,0.100000,-14.274093628,-1.870970607,-112.258236408,0.108369060
1775350496.435054,14.216655,1,1.160000,0.600000,0.100000,-14.286895752,-1.959737659,-117.584259510,0.114375010
1775350496.441500,14.223101,1,1.160000,0.600000,0.100000,-14.300659180,-2.110980749,-126.658844948,0.124405906
1775350496.464481,14.246081,1,1.160000,0.600000,0.100000,-14.328826904,-2.239395380,-134.363722801,0.130571544
1775350496.479813,14.261414,1,1.160000,0.600000,0.100000,-14.369827271,-2.153579712,-129.214782715,0.126966417
1775350496.493324,14.274923,1,1.160000,0.600000,0.100000,-14.395004272,-2.029093027,-121.745581627,0.119045392
1775350496.509101,14.290701,1,1.160000,0.600000,0.100000,-14.422790527,-2.052952051,-123.177123070,0.118737213
1775350496.521736,14.303336,1,1.160000,0.600000,0.100000,-14.458877563,-1.977992654,-118.679559231,0.116540253
1775350496.541847,14.323446,1,1.160000,0.600000,0.100000,-14.497665405,-2.066989899,-124.019393921,0.115422048
1775350496.550103,14.331704,1,1.160000,0.600000,0.100000,-14.515945435,-2.117617846,-127.057070732,0.122759670
1775350496.558077,14.339677,1,1.160000,0.600000,0.100000,-14.534103394,-2.046844959,-122.810697556,0.118968390
1775350496.567316,14.348917,1,1.160000,0.600000,0.100000,-14.548355103,-2.054141283,-123.248476982,0.116618745
1775350496.577084,14.358685,1,1.160000,0.600000,0.100000,-14.567398071,-2.032857656,-121.971459389,0.119054727
1775350496.584022,14.365622,1,1.160000,0.600000,0.100000,-14.589187622,-2.256020308,-135.361218452,0.129976436
1775350496.591777,14.373377,1,1.160000,0.600000,0.100000,-14.605590820,-2.173845053,-130.430703163,0.126255825
1775350496.598475,14.380075,1,1.160000,0.600000,0.100000,-14.621536255,-2.238920927,-134.335255623,0.130337819
1775350496.604841,14.386442,1,1.160000,0.600000,0.100000,-14.633636475,-1.841431141,-110.485868454,0.107901253
1775350496.611269,14.392869,1,1.160000,0.600000,0.100000,-14.640975952,-1.332650781,-79.959046841,0.074102439
1775350496.618167,14.399768,1,1.160000,0.600000,0.100000,-14.656341553,-2.204818249,-132.289094925,0.125221416
1775350496.624657,14.406257,1,1.160000,0.600000,0.100000,-14.669769287,-1.945685148,-116.741108894,0.112540647
1775350496.631028,14.412628,1,1.160000,0.600000,0.100000,-14.683059692,-2.104960442,-126.297626495,0.124066472
1775350496.637548,14.419149,1,1.160000,0.600000,0.100000,-14.697372437,-2.153327465,-129.199647903,0.122386597
1775350496.643881,14.425481,1,1.160000,0.600000,0.100000,-14.710433960,-2.050464392,-123.027863503,0.118988916
1775350496.661353,14.442953,1,1.160000,0.600000,0.100000,-14.743118286,-2.213655233,-132.819314003,0.125157043
1775350496.668993,14.450593,1,1.160000,0.600000,0.100000,-14.767288208,-2.364422321,-141.865339279,0.137281358
1775350496.677134,14.458734,1,1.160000,0.600000,0.100000,-14.782958984,-2.139834404,-128.390064240,0.124749988
1775350496.686950,14.468550,1,1.160000,0.600000,0.100000,-14.807174683,-2.275353432,-136.521205902,0.133758187
1775350496.694308,14.475908,1,1.160000,0.600000,0.100000,-14.822357178,-2.164525032,-129.871501923,0.128533810
1775350496.713208,14.494808,1,1.160000,0.600000,0.100000,-14.847534180,-1.452587008,-87.155220509,0.088298060
1775350496.726266,14.507866,1,1.160000,0.600000,0.100000,-14.872726440,-2.225345612,-133.520736694,0.130703107
1775350496.740149,14.521748,1,1.160000,0.600000,0.100000,-14.902572632,-2.154289246,-129.257354736,0.123496242
1775350496.751261,14.532861,1,1.160000,0.600000,0.100000,-14.928466797,-1.950736046,-117.044162750,0.107555322
1775350496.758904,14.540504,1,1.160000,0.600000,0.100000,-14.950637817,-2.190392017,-131.423521042,0.126308754
1775350496.767899,14.549487,1,1.160000,0.600000,0.100000,-14.970428467,-2.170174837,-130.210490227,0.130058289
1775350496.774714,14.556314,1,1.160000,0.600000,0.100000,-14.983993530,-1.955783725,-117.347023487,0.113613084
1775350496.781870,14.563470,1,1.160000,0.600000,0.100000,-14.997817993,-2.024330854,-121.459851265,0.113198683
1775350496.788699,14.570300,1,1.160000,0.600000,0.100000,-15.013458252,-2.172449350,-130.346961021,0.128723770
1775350496.796294,14.577895,1,1.160000,0.600000,0.100000,-15.028305054,-2.092302084,-125.538125038,0.122033440
1775350496.803032,14.584632,1,1.160000,0.600000,0.100000,-15.043807983,-2.073162794,-124.389767647,0.117788620
1775350496.809639,14.591239,1,1.160000,0.600000,0.100000,-15.051635742,-1.230899811,-73.853988647,0.074453242
1775350496.816528,14.598128,1,1.160000,0.600000,0.100000,-15.063720703,-1.843846321,-110.630779266,0.107644603
1775350496.836571,14.618172,1,1.160000,0.600000,0.100000,-15.077575684,-1.984260082,-119.055604935,0.114706643
1775350496.845094,14.626695,1,1.160000,0.600000,0.100000,-15.121139526,-2.023974180,-121.438450813,0.115963161
1775350496.857307,14.638907,1,1.160000,0.600000,0.100000,-15.141983032,-2.023448229,-121.406893730,0.117824800
1775350496.870473,14.652073,1,1.160000,0.600000,0.100000,-15.161819458,-2.135753155,-128.145189285,0.120314471
1775350496.880809,14.662409,1,1.160000,0.600000,0.100000,-15.194015503,-2.175392866,-130.523571968,0.126415595
1775350496.902336,14.683936,1,1.160000,0.600000,0.100000,-15.229934692,-2.220067263,-133.204035759,0.127627805
1775350496.913818,14.695418,1,1.160000,0.600000,0.100000,-15.250747681,-1.397279024,-83.836741447,0.082674891
1775350496.922907,14.704507,1,1.160000,0.600000,0.100000,-15.276473999,-2.049174547,-122.950472832,0.120487936
1775350496.931709,14.713309,1,1.160000,0.600000,0.100000,-15.294860840,-1.996141911,-119.768514633,0.117229812
1775350496.943498,14.725098,1,1.160000,0.600000,0.100000,-15.318786621,-2.053868294,-123.232097626,0.123410113
1775350496.951007,14.732607,1,1.160000,0.600000,0.100000,-15.335617065,-2.170021296,-130.201277733,0.123656966
1775350496.958946,14.740547,1,1.160000,0.600000,0.100000,-15.352539062,-2.096591473,-125.795488358,0.119787678
1775350496.966479,14.748079,1,1.160000,0.600000,0.100000,-15.367507935,-2.130670071,-127.840204239,0.122969367
1775350496.973796,14.755396,1,1.160000,0.600000,0.100000,-15.383590698,-2.104662180,-126.279730797,0.124217771
1775350496.981774,14.763372,1,1.160000,0.600000,0.100000,-15.398941040,-2.150358677,-129.021520615,0.127422020
1775350496.988793,14.770393,1,1.160000,0.600000,0.100000,-15.415634155,-2.073369980,-124.402198792,0.116867259
1775350496.995410,14.777011,1,1.160000,0.600000,0.100000,-15.429244995,-1.966724038,-118.003442287,0.115384817
1775350497.002458,14.784059,1,1.160000,0.600000,0.100000,-15.444549561,-2.159979105,-129.598746300,0.124159411
1775350497.021833,14.803434,1,1.160000,0.600000,0.100000,-15.460968018,-1.640613437,-98.436806202,0.099338762
1775350497.030968,14.812568,1,1.160000,0.600000,0.100000,-15.495223999,-1.917869568,-115.072174072,0.112146273
1775350497.038586,14.820187,1,1.160000,0.600000,0.100000,-15.510314941,-2.088560343,-125.313620567,0.121734671
1775350497.048305,14.829905,1,1.160000,0.600000,0.100000,-15.530838013,-1.955007792,-117.300467491,0.112735845
1775350497.056350,14.837950,1,1.160000,0.600000,0.100000,-15.547592163,-2.189401865,-131.364111900,0.127140015
1775350497.071343,14.852943,1,1.160000,0.600000,0.100000,-15.562164307,-1.951452613,-117.087156773,0.115386069
1775350497.083208,14.864808,1,1.160000,0.600000,0.100000,-15.600372314,-2.070512772,-124.230766296,0.117358610
1775350497.093933,14.875533,1,1.160000,0.600000,0.100000,-15.619598389,-2.155961752,-129.357705116,0.123455599
1775350497.101904,14.883504,1,1.160000,0.600000,0.100000,-15.642486572,-2.007076740,-120.424604416,0.114014760
1775350497.108319,14.889920,1,1.160000,0.600000,0.100000,-15.652923584,-1.517255306,-91.035318375,0.092606522
1775350497.114724,14.896325,1,1.160000,0.600000,0.100000,-15.662231445,-1.594946504,-95.696790218,0.095138691
1775350497.121144,14.902745,1,1.160000,0.600000,0.100000,-15.676177979,-2.081991196,-124.919471741,0.117336839
1775350497.127809,14.909409,1,1.160000,0.600000,0.100000,-15.689453125,-1.958811879,-117.528712749,0.116790250
1775350497.134169,14.915770,1,1.160000,0.600000,0.100000,-15.701690674,-1.927061200,-115.623672009,0.112981081
1775350497.140749,14.922350,1,1.160000,0.600000,0.100000,-15.715194702,-2.058293581,-123.497614861,0.116823696
1775350497.147299,14.928900,1,1.160000,0.600000,0.100000,-15.728515625,-2.049811363,-122.988681793,0.120591916
1775350497.153661,14.935262,1,1.160000,0.600000,0.100000,-15.741943359,-2.064873695,-123.892421722,0.120626375
1775350497.175498,14.957098,1,1.160000,0.600000,0.100000,-15.778594971,-2.157880306,-129.472818375,0.125102848
1775350497.190179,14.971780,1,1.160000,0.600000,0.100000,-15.810043335,-2.131919146,-127.915148735,0.121561043
1775350497.199007,14.980607,1,1.160000,0.600000,0.100000,-15.834014893,-2.184247017,-131.054821014,0.125955775
1775350497.209252,14.990852,1,1.160000,0.600000,0.100000,-15.849960327,-1.723619342,-103.417160511,0.098920695
1775350497.217959,14.999559,1,1.160000,0.600000,0.100000,-15.868408203,-2.082712173,-124.962730408,0.118581340
1775350497.233792,15.015392,1,1.160000,0.600000,0.100000,-15.893798828,-1.977029204,-118.621752262,0.112141766
1775350497.244032,15.025633,1,1.160000,0.600000,0.100000,-15.917251587,-2.077731609,-124.663896561,0.120057322
1775350497.266392,15.047992,1,1.160000,0.600000,0.100000,-15.940490723,-2.148190498,-128.891429901,0.123473600
1775350497.272875,15.054476,1,1.160000,0.600000,0.100000,-15.983459473,-2.083608389,-125.016503334,0.120715611
1775350497.279343,15.060944,1,1.160000,0.600000,0.100000,-15.996490479,-2.065051794,-123.903107643,0.119671665
1775350497.286009,15.067609,1,1.160000,0.600000,0.100000,-16.011108398,-2.176181555,-130.570893288,0.126250744
1775350497.292502,15.074102,1,1.160000,0.600000,0.100000,-16.024887085,-2.103519678,-126.211180687,0.120600939
1775350497.299070,15.080670,1,1.160000,0.600000,0.100000,-16.038711548,-2.137941360,-128.276481628,0.125356361
1775350497.305349,15.086949,1,1.160000,0.600000,0.100000,-16.051376343,-1.878722310,-112.723338604,0.110432930
1775350497.311709,15.093310,1,1.160000,0.600000,0.100000,-16.057922363,-1.246369123,-74.782147408,0.074904509
1775350497.331087,15.112687,1,1.160000,0.600000,0.100000,-16.090332031,-2.017396212,-121.043772697,0.117615893
1775350497.342870,15.124470,1,1.160000,0.600000,0.100000,-16.114440918,-2.225717545,-133.543052673,0.127798378
1775350497.355229,15.136830,1,1.160000,0.600000,0.100000,-16.137847900,-2.033930779,-122.035846710,0.117481701
1775350497.364130,15.145730,1,1.160000,0.600000,0.100000,-16.166824341,-2.144093990,-128.645639420,0.121612012
1775350497.383532,15.165132,1,1.160000,0.600000,0.100000,-16.204879761,-2.135602236,-128.136134148,0.123072088
1775350497.397373,15.178973,1,1.160000,0.600000,0.100000,-16.225280762,-2.220090151,-133.205409050,0.130477384
1775350497.405361,15.186962,1,1.160000,0.600000,0.100000,-16.254547119,-2.069526196,-124.171571732,0.118789002
1775350497.412211,15.193811,1,1.160000,0.600000,0.100000,-16.263671875,-1.327439070,-79.646344185,0.075452246
1775350497.424919,15.206519,1,1.160000,0.600000,0.100000,-16.279708862,-2.139138222,-128.348293304,0.122523367
1775350497.431484,15.213084,1,1.160000,0.600000,0.100000,-16.304901123,-2.137989044,-128.279342651,0.124989070
1775350497.437830,15.219431,1,1.160000,0.600000,0.100000,-16.318572998,-2.098286867,-125.897212029,0.124304913
1775350497.444149,15.225750,1,1.160000,0.600000,0.100000,-16.332534790,-2.157935143,-129.476108551,0.123731025
1775350497.450489,15.232089,1,1.160000,0.600000,0.100000,-16.345123291,-2.066426992,-123.985619545,0.119667470
1775350497.457171,15.238772,1,1.160000,0.600000,0.100000,-16.359558105,-2.145959139,-128.757548332,0.119024053
1775350497.463589,15.245190,1,1.160000,0.600000,0.100000,-16.373718262,-2.196529627,-131.791777611,0.127696395
1775350497.470083,15.251684,1,1.160000,0.600000,0.100000,-16.387039185,-2.059235334,-123.554120064,0.118498839
1775350497.476403,15.258003,1,1.160000,0.600000,0.100000,-16.400756836,-2.137700081,-128.262004852,0.127809063
1775350497.492623,15.274224,1,1.160000,0.600000,0.100000,-16.431640625,-2.040481329,-122.428879738,0.115044989
1775350497.505519,15.287120,1,1.160000,0.600000,0.100000,-16.452545166,-2.222824097,-133.369445801,0.130434558
1775350497.513841,15.295441,1,1.160000,0.600000,0.100000,-16.469589233,-1.413762093,-84.825725555,0.082550868
1775350497.524742,15.306343,1,1.160000,0.600000,0.100000,-16.488464355,-2.042511463,-122.550687790,0.120094955
1775350497.534011,15.315612,1,1.160000,0.600000,0.100000,-16.512145996,-2.048632145,-122.917928696,0.123435371
1775350497.546833,15.328433,1,1.160000,0.600000,0.100000,-16.538253784,-2.063523769,-123.811426163,0.121535785
1775350497.561806,15.343406,1,1.160000,0.600000,0.100000,-16.558166504,-2.099235058,-125.954103470,0.120322421
1775350497.569552,15.351153,1,1.160000,0.600000,0.100000,-16.586730957,-2.250482321,-135.028939247,0.131538540
1775350497.578537,15.360138,1,1.160000,0.600000,0.100000,-16.604461670,-2.047059059,-122.823543549,0.124372274
1775350497.587813,15.369413,1,1.160000,0.600000,0.100000,-16.625808716,-2.107827663,-126.469659805,0.119693123
1775350497.597688,15.379287,1,1.160000,0.600000,0.100000,-16.644241333,-2.020637512,-121.238250732,0.114516318
1775350497.604670,15.386271,1,1.160000,0.600000,0.100000,-16.662429810,-2.061815739,-123.708944321,0.114451781
1775350497.611099,15.392700,1,1.160000,0.600000,0.100000,-16.669067383,-1.191314697,-71.478881836,0.070930459
1775350497.618294,15.399895,1,1.160000,0.600000,0.100000,-16.682937622,-2.051143885,-123.068633080,0.119929254
1775350497.624820,15.406421,1,1.160000,0.600000,0.100000,-16.696670532,-1.894695163,-113.681709766,0.109882608
1775350497.647178,15.428779,1,1.160000,0.600000,0.100000,-16.708755493,-1.881268620,-112.876117229,0.110959977
1775350497.654677,15.436277,1,1.160000,0.600000,0.100000,-16.756057739,-2.219098091,-133.145885468,0.132432327
1775350497.671529,15.453129,1,1.160000,0.600000,0.100000,-16.785247803,-2.100364923,-126.021895409,0.118356362
1775350497.686900,15.468501,1,1.160000,0.600000,0.100000,-16.815643311,-2.016753435,-121.005206108,0.115037143
1775350497.694546,15.476147,1,1.160000,0.600000,0.100000,-16.840393066,-2.036832809,-122.209968567,0.118021555
1775350497.709711,15.491311,1,1.160000,0.600000,0.100000,-16.860260010,-1.994961619,-119.697697163,0.114190608
1775350497.726235,15.507836,1,1.160000,0.600000,0.100000,-16.895462036,-2.071638584,-124.298315048,0.118146084
1775350497.738795,15.520395,1,1.160000,0.600000,0.100000,-16.915695190,-1.950811625,-117.048697472,0.114957727
1775350497.749941,15.531542,1,1.160000,0.600000,0.100000,-16.942153931,-2.032557964,-121.953477859,0.120061725
1775350497.765263,15.546863,1,1.160000,0.600000,0.100000,-16.965103149,-2.061730146,-123.703808784,0.118726075
1775350497.771821,15.553422,1,1.160000,0.600000,0.100000,-16.992813110,-2.037065029,-122.223901749,0.122627422
1775350497.778746,15.560347,1,1.160000,0.600000,0.100000,-17.006332397,-2.027830839,-121.669850349,0.116559841
1775350497.785254,15.566855,1,1.160000,0.600000,0.100000,-17.019653320,-1.995169520,-119.710171223,0.113919072
1775350497.791670,15.573271,1,1.160000,0.600000,0.100000,-17.033157349,-2.073578119,-124.414687157,0.122836456
1775350497.798927,15.580527,1,1.160000,0.600000,0.100000,-17.047332764,-2.177327394,-130.639643669,0.120712094
1775350497.806408,15.588008,1,1.160000,0.600000,0.100000,-17.061111450,-1.843295932,-110.597755909,0.109462671
1775350497.813129,15.594729,1,1.160000,0.600000,0.100000,-17.069549561,-1.277690172,-76.661410332,0.071458474
1775350497.825438,15.607038,1,1.160000,0.600000,0.100000,-17.084793091,-2.094681978,-125.680918694,0.121339574
1775350497.838467,15.620068,1,1.160000,0.600000,0.100000,-17.115463257,-2.029584408,-121.775064468,0.118444964
1775350497.853163,15.634764,1,1.160000,0.600000,0.100000,-17.142410278,-1.893587589,-113.615255356,0.110147305
1775350497.863772,15.645372,1,1.160000,0.600000,0.100000,-17.166915894,-2.120141029,-127.208461761,0.122548692
1775350497.872145,15.653746,1,1.160000,0.600000,0.100000,-17.189422607,-2.277508020,-136.650481224,0.132114992
1775350497.879798,15.661398,1,1.160000,0.600000,0.100000,-17.207977295,-2.062985659,-123.779139519,0.118599534
1775350497.896835,15.678436,1,1.160000,0.600000,0.100000,-17.237899780,-2.159565687,-129.573941231,0.122439653
1775350497.910590,15.692191,1,1.160000,0.600000,0.100000,-17.263290405,-1.911360145,-114.681608677,0.108460441
1775350497.918964,15.700564,1,1.160000,0.600000,0.100000,-17.280792236,-1.901456833,-114.087409973,0.111062147
1775350497.930381,15.711982,1,1.160000,0.600000,0.100000,-17.308502197,-2.064736128,-123.884167671,0.119361550
1775350497.936694,15.718295,1,1.160000,0.600000,0.100000,-17.321929932,-2.102810383,-126.168622971,0.122187786
1775350497.943164,15.724765,1,1.160000,0.600000,0.100000,-17.337387085,-2.296370983,-137.782258987,0.132280424
1775350497.949453,15.731054,1,1.160000,0.600000,0.100000,-17.349533081,-2.005904198,-120.354251862,0.114065953
1775350497.956076,15.737677,1,1.160000,0.600000,0.100000,-17.363983154,-2.185954332,-131.157259941,0.128230512
1775350497.962534,15.744135,1,1.160000,0.600000,0.100000,-17.378631592,-2.184522152,-131.071329117,0.127025127
1775350497.968952,15.750553,1,1.160000,0.600000,0.100000,-17.391952515,-2.145684004,-128.741040230,0.122759379
1775350497.975312,15.756913,1,1.160000,0.600000,0.100000,-17.405899048,-2.146125078,-128.767504692,0.122915611
1775350497.981692,15.763293,1,1.160000,0.600000,0.100000,-17.419494629,-2.136313915,-128.178834915,0.125539139
1775350497.997914,15.779515,1,1.160000,0.600000,0.100000,-17.449325562,-2.278452396,-136.707143784,0.130086899
1775350498.007997,15.789598,1,1.160000,0.600000,0.100000,-17.469985962,-2.126635790,-127.598147392,0.120071121
1775350498.017069,15.798669,1,1.160000,0.600000,0.100000,-17.484664917,-1.664262414,-99.855744839,0.098983578
1775350498.031793,15.813394,1,1.160000,0.600000,0.100000,-17.507751465,-1.992420316,-119.545218945,0.113923758
1775350498.043123,15.824724,1,1.160000,0.600000,0.100000,-17.543426514,-2.208189487,-132.491369247,0.132219270
1775350498.062066,15.843666,1,1.160000,0.600000,0.100000,-17.574279785,-2.043269873,-122.596192360,0.117858641
1775350498.071592,15.853193,1,1.160000,0.600000,0.100000,-17.603927612,-2.137308359,-128.238501549,0.128082126
1775350498.079978,15.861579,1,1.160000,0.600000,0.100000,-17.619049072,-2.197339296,-131.840357780,0.126212046
1775350498.090450,15.872051,1,1.160000,0.600000,0.100000,-17.637771606,-2.099982500,-125.998950005,0.117412530
1775350498.098428,15.880029,1,1.160000,0.600000,0.100000,-17.662277222,-2.268232584,-136.093955040,0.131749704
1775350498.104792,15.886393,1,1.160000,0.600000,0.100000,-17.675613403,-1.980826735,-118.849604130,0.111731730
1775350498.111107,15.892708,1,1.160000,0.600000,0.100000,-17.683517456,-1.343080997,-80.584859848,0.077978402
1775350498.117517,15.899118,1,1.160000,0.600000,0.100000,-17.695388794,-1.875073314,-112.504398823,0.108290493
1775350498.123785,15.905386,1,1.160000,0.600000,0.100000,-17.708694458,-2.003442287,-120.206537247,0.118774883
1775350498.130175,15.911776,1,1.160000,0.600000,0.100000,-17.720870972,-1.978968620,-118.738117218,0.115629986
1775350498.136465,15.918067,1,1.160000,0.600000,0.100000,-17.734771729,-2.126406908,-127.584414482,0.125283778
1775350498.142740,15.924341,1,1.160000,0.600000,0.100000,-17.748275757,-2.147251368,-128.835082054,0.126714319
1775350498.149104,15.930705,1,1.160000,0.600000,0.100000,-17.761520386,-2.073188543,-124.391312599,0.119302116
1775350498.164258,15.945858,1,1.160000,0.600000,0.100000,-17.792129517,-2.063385963,-123.803157806,0.120402060
1775350498.176793,15.958394,1,1.160000,0.600000,0.100000,-17.810913086,-2.197744370,-131.864662170,0.124797069
1775350498.186419,15.968020,1,1.160000,0.600000,0.100000,-17.836761475,-2.154989481,-129.299368858,0.124814503
1775350498.201317,15.982917,1,1.160000,0.600000,0.100000,-17.859725952,-2.009287119,-120.557227135,0.113972016
1775350498.217769,15.999369,1,1.160000,0.600000,0.100000,-17.891128540,-1.387724638,-83.263478279,0.083668314
1775350498.230839,16.012440,1,1.160000,0.600000,0.100000,-17.917404175,-1.905414462,-114.324867725,0.112030193
1775350498.240683,16.022284,1,1.160000,0.600000,0.100000,-17.937118530,-1.998297095,-119.897825718,0.115061440
1775350498.248836,16.030436,1,1.160000,0.600000,0.100000,-17.959594727,-1.877563477,-112.653808594,0.109380417
1775350498.258782,16.040382,1,1.160000,0.600000,0.100000,-17.980407715,-2.048132420,-122.887945175,0.116302557
1775350498.267607,16.049208,1,1.160000,0.600000,0.100000,-17.996185303,-1.978705049,-118.722302914,0.116366349
1775350498.274766,16.056366,1,1.160000,0.600000,0.100000,-18.012054443,-2.068807125,-124.128427505,0.122844376
1775350498.281346,16.062947,1,1.160000,0.600000,0.100000,-18.026412964,-2.031268120,-121.876087189,0.116793811
1775350498.288065,16.069666,1,1.160000,0.600000,0.100000,-18.040054321,-2.120807886,-127.248473167,0.123724774
1775350498.294585,16.076186,1,1.160000,0.600000,0.100000,-18.054458618,-2.103509903,-126.210594177,0.125182539
1775350498.301659,16.083260,1,1.160000,0.600000,0.100000,-18.067703247,-1.980100632,-118.806037903,0.112537108
1775350498.308162,16.089763,1,1.160000,0.600000,0.100000,-18.079254150,-1.638888597,-98.333315849,0.093993962
1775350498.314975,16.096575,1,1.160000,0.600000,0.100000,-18.087936401,-1.475902438,-88.554146290,0.085002258
1775350498.335292,16.116892,1,1.160000,0.600000,0.100000,-18.119476318,-1.816178679,-108.970720768,0.109424867
1775350498.350194,16.131794,1,1.160000,0.600000,0.100000,-18.148147583,-1.950288892,-117.017333508,0.112245359
1775350498.359337,16.140938,1,1.160000,0.600000,0.100000,-18.172622681,-2.121983767,-127.319025993,0.122765660
1775350498.375237,16.156838,1,1.160000,0.600000,0.100000,-18.196716309,-2.128975630,-127.738537788,0.123985127
1775350498.391870,16.173471,1,1.160000,0.600000,0.100000,-18.241867065,-2.123271942,-127.396316528,0.118443988
1775350498.403739,16.185340,1,1.160000,0.600000,0.100000,-18.261779785,-2.144558668,-128.673520088,0.121028259
1775350498.413378,16.194978,1,1.160000,0.600000,0.100000,-18.281585693,-1.210699677,-72.641980648,0.072839938
1775350498.423348,16.204949,1,1.160000,0.600000,0.100000,-18.301589966,-2.252952337,-135.177140236,0.132695585
1775350498.432198,16.213799,1,1.160000,0.600000,0.100000,-18.324539185,-2.064389467,-123.863368034,0.122847393
1775350498.438520,16.220121,1,1.160000,0.600000,0.100000,-18.339599609,-2.221371412,-133.282284737,0.126605421
1775350498.445477,16.227078,1,1.160000,0.600000,0.100000,-18.352767944,-2.060337782,-123.620266914,0.117233805
1775350498.452497,16.234098,1,1.160000,0.600000,0.100000,-18.367782593,-2.156105518,-129.366331100,0.125796631
1775350498.459679,16.241280,1,1.160000,0.600000,0.100000,-18.383224487,-2.141807795,-128.508467674,0.123991556
1775350498.467190,16.248790,1,1.160000,0.600000,0.100000,-18.398483276,-2.150632858,-129.037971497,0.131314576
1775350498.473997,16.255597,1,1.160000,0.600000,0.100000,-18.413848877,-2.011862993,-120.711779594,0.114902519
1775350498.481106,16.262707,1,1.160000,0.600000,0.100000,-18.427185059,-2.008755922,-120.525355339,0.112899758
1775350498.508558,16.290159,1,1.160000,0.600000,0.100000,-18.442886353,-2.198766947,-131.926016808,0.127207071
1775350498.521987,16.303588,1,1.160000,0.600000,0.100000,-18.496658325,-1.732383132,-103.942987919,0.100222953
1775350498.529240,16.310841,1,1.160000,0.600000,0.100000,-18.521133423,-1.941689134,-116.501348019,0.112989500
1775350498.542367,16.323968,1,1.160000,0.600000,0.100000,-18.537185669,-2.026175022,-121.570501328,0.120165534
1775350498.552570,16.334170,1,1.160000,0.600000,0.100000,-18.566604614,-1.828652740,-109.719164371,0.106298894
1775350498.565841,16.347442,1,1.160000,0.600000,0.100000,-18.593734741,-2.105705261,-126.342315674,0.124376111
1775350498.577482,16.359082,1,1.160000,0.600000,0.100000,-18.612960815,-2.187238932,-131.234335899,0.127564877
1775350498.587626,16.369227,1,1.160000,0.600000,0.100000,-18.641433716,-2.012389421,-120.743365288,0.118073262
1775350498.600904,16.382505,1,1.160000,0.600000,0.100000,-18.657287598,-2.198318720,-131.899123192,0.128980279
1775350498.607447,16.389048,1,1.160000,0.600000,0.100000,-18.683425903,-1.844978690,-110.698721409,0.108705267
1775350498.614060,16.395661,1,1.160000,0.600000,0.100000,-18.690658569,-1.292388201,-77.543292046,0.077170148
1775350498.620713,16.402314,1,1.160000,0.600000,0.100000,-18.705673218,-2.093394518,-125.603671074,0.121306010
1775350498.627560,16.409161,1,1.160000,0.600000,0.100000,-18.717849731,-1.901086092,-114.065165520,0.109748192
1775350498.634140,16.415741,1,1.160000,0.600000,0.100000,-18.732528687,-2.086409092,-125.184545517,0.123429380
1775350498.640452,16.422053,1,1.160000,0.600000,0.100000,-18.745971680,-2.081400871,-124.884052277,0.121396974
1775350498.646931,16.428532,1,1.160000,0.600000,0.100000,-18.759506226,-2.082454681,-124.947280884,0.120211549
1775350498.653548,16.435150,1,1.160000,0.600000,0.100000,-18.772842407,-2.086584806,-125.195088387,0.121410549
1775350498.670569,16.452169,1,1.160000,0.600000,0.100000,-18.807449341,-2.242644310,-134.558658600,0.129053324
1775350498.681618,16.463219,1,1.160000,0.600000,0.100000,-18.825531006,-2.122040510,-127.322430611,0.121658042
1775350498.694418,16.476019,1,1.160000,0.600000,0.100000,-18.850296021,-2.028956413,-121.737384796,0.117632046
1775350498.704515,16.486115,1,1.160000,0.600000,0.100000,-18.877624512,-2.237537146,-134.252228737,0.128398389
1775350498.714430,16.496031,1,1.160000,0.600000,0.100000,-18.891250610,-1.308431983,-78.505918980,0.077531181
1775350498.728124,16.509725,1,1.160000,0.600000,0.100000,-18.910842896,-2.136724234,-128.203454018,0.124950118
1775350498.736105,16.517706,1,1.160000,0.600000,0.100000,-18.938156128,-2.064879179,-123.892750740,0.120015502
1775350498.759646,16.541247,1,1.160000,0.600000,0.100000,-18.980300903,-2.050483227,-123.028993607,0.118647739
1775350498.766899,16.548500,1,1.160000,0.600000,0.100000,-19.003799438,-2.034607172,-122.076430321,0.114181660
1775350498.777751,16.559351,1,1.160000,0.600000,0.100000,-19.024810791,-2.170273066,-130.216383934,0.127206743
1775350498.793169,16.574770,1,1.160000,0.600000,0.100000,-19.054977417,-2.101057291,-126.063437462,0.126247287
1775350498.804228,16.585828,1,1.160000,0.600000,0.100000,-19.074569702,-2.031720400,-121.903223991,0.116911083
1775350498.814352,16.595953,1,1.160000,0.600000,0.100000,-19.095474243,-1.296061277,-77.763676643,0.077544130
1775350498.820830,16.602431,1,1.160000,0.600000,0.100000,-19.112106323,-2.150144577,-129.008674622,0.126516819
1775350498.827414,16.609015,1,1.160000,0.600000,0.100000,-19.123992920,-1.865692258,-111.941535473,0.104194432
1775350498.834228,16.615828,1,1.160000,0.600000,0.100000,-19.137359619,-2.008281946,-120.496916771,0.114834242
1775350498.841164,16.622764,1,1.160000,0.600000,0.100000,-19.151763916,-2.089881420,-125.392885208,0.121250547
1775350498.848306,16.629907,1,1.160000,0.600000,0.100000,-19.165802002,-2.052345514,-123.140730858,0.120063290
1775350498.854850,16.636451,1,1.160000,0.600000,0.100000,-19.181579590,-2.238309145,-134.298548698,0.128602520
1775350498.861251,16.642852,1,1.160000,0.600000,0.100000,-19.195678711,-2.143094063,-128.585643768,0.125859737
1775350498.867800,16.649402,1,1.160000,0.600000,0.100000,-19.209503174,-2.135214329,-128.112859726,0.124723427
1775350498.883234,16.664835,1,1.160000,0.600000,0.100000,-19.239959717,-2.109649181,-126.578950882,0.121093094
1775350498.890744,16.672345,1,1.160000,0.600000,0.100000,-19.257324219,-2.191356897,-131.481413841,0.127401724
1775350498.901914,16.683515,1,1.160000,0.600000,0.100000,-19.278259277,-2.092679262,-125.560755730,0.125050962
1775350498.912188,16.693789,1,1.160000,0.600000,0.100000,-19.293609619,-1.724858522,-103.491511345,0.100761436
1775350498.922839,16.704440,1,1.160000,0.600000,0.100000,-19.318161011,-2.089154005,-125.349240303,0.120993428
1775350498.936842,16.718443,1,1.160000,0.600000,0.100000,-19.346252441,-1.961781621,-117.706897259,0.115468688
1775350498.944979,16.726579,1,1.160000,0.600000,0.100000,-19.362350464,-2.146076918,-128.764615059,0.121992394
1775350498.955830,16.737431,1,1.160000,0.600000,0.100000,-19.383728027,-2.020334482,-121.220068932,0.112762265
1775350498.967841,16.749442,1,1.160000,0.600000,0.100000,-19.402801514,-1.997082949,-119.824976921,0.119001545
1775350498.978820,16.760421,1,1.160000,0.600000,0.100000,-19.432632446,-1.969098926,-118.145935535,0.112733752
1775350498.986895,16.768496,1,1.160000,0.600000,0.100000,-19.450012207,-2.159841061,-129.590463638,0.122912429
1775350498.993926,16.775527,1,1.160000,0.600000,0.100000,-19.465896606,-2.127211332,-127.632679939,0.120819896
1775350499.000612,16.782213,1,1.160000,0.600000,0.100000,-19.480987549,-2.178735733,-130.724143982,0.125663832
1775350499.007786,16.789386,1,1.160000,0.600000,0.100000,-19.493759155,-1.807949662,-108.476979733,0.104963452
1775350499.014633,16.796233,1,1.160000,0.600000,0.100000,-19.502471924,-1.372419000,-82.345139980,0.077475443
1775350499.021881,16.803481,1,1.160000,0.600000,0.100000,-19.518066406,-2.114537477,-126.872248650,0.122241572
1775350499.029433,16.811034,1,1.160000,0.600000,0.100000,-19.531234741,-1.896069407,-113.764164448,0.105886534
1775350499.050449,16.832050,1,1.160000,0.600000,0.100000,-19.559570312,-2.046386003,-122.783160210,0.116529994
1775350499.059328,16.840929,1,1.160000,0.600000,0.100000,-19.589004517,-2.218127966,-133.087677956,0.126119003
1775350499.070979,16.852580,1,1.160000,0.600000,0.100000,-19.616409302,-2.167816401,-130.068984032,0.123139746
1775350499.079478,16.861079,1,1.160000,0.600000,0.100000,-19.632232666,-2.065358877,-123.921532631,0.121069647
1775350499.092624,16.874226,1,1.160000,0.600000,0.100000,-19.648742676,-2.043848038,-122.630882263,0.115021206
1775350499.104497,16.886098,1,1.160000,0.600000,0.100000,-19.686248779,-2.100858927,-126.051535606,0.124718986
1775350499.118496,16.900097,1,1.160000,0.600000,0.100000,-19.703430176,-1.523546934,-91.412816048,0.091611043
1775350499.128012,16.909613,1,1.160000,0.600000,0.100000,-19.723999023,-2.078025579,-124.681534767,0.118219733
1775350499.141865,16.923465,1,1.160000,0.600000,0.100000,-19.745880127,-1.984177828,-119.050669670,0.118007444
1775350499.151096,16.932697,1,1.160000,0.600000,0.100000,-19.769973755,-2.065176964,-123.910617828,0.120433807
1775350499.165846,16.947447,1,1.160000,0.600000,0.100000,-19.788696289,-2.111642361,-126.698541641,0.120504551
1775350499.172397,16.953998,1,1.160000,0.600000,0.100000,-19.818557739,-1.985976577,-119.158594608,0.116330557
1775350499.179097,16.960698,1,1.160000,0.600000,0.100000,-19.833312988,-2.163863659,-129.831819534,0.125153095
1775350499.185721,16.967322,1,1.160000,0.600000,0.100000,-19.846801758,-2.039739132,-122.384347916,0.120146260
1775350499.192243,16.973844,1,1.160000,0.600000,0.100000,-19.859832764,-2.007922411,-120.475344658,0.115624346
1775350499.198774,16.980375,1,1.160000,0.600000,0.100000,-19.874237061,-2.201536655,-132.092199326,0.128898963
1775350499.205205,16.986806,1,1.160000,0.600000,0.100000,-19.887725830,-2.027756929,-121.665415764,0.115849085
1775350499.211588,16.993189,1,1.160000,0.600000,0.100000,-19.895721436,-1.348905444,-80.934326649,0.080484539
1775350499.218099,16.999700,1,1.160000,0.600000,0.100000,-19.907562256,-1.855302215,-111.318132877,0.105384111
1775350499.235668,17.017269,1,1.160000,0.600000,0.100000,-19.939407349,-1.998283267,-119.896996021,0.115933254
1775350499.244258,17.025859,1,1.160000,0.600000,0.100000,-19.958114624,-1.992242932,-119.534575939,0.115566693
1775350499.257547,17.039148,1,1.160000,0.600000,0.100000,-19.977691650,-2.024086952,-121.445217133,0.115322888
1775350499.269013,17.050614,1,1.160000,0.600000,0.100000,-20.004516602,-2.028355122,-121.701307297,0.115555383
1775350499.277723,17.059323,1,1.160000,0.600000,0.100000,-20.026321411,-2.100975990,-126.058559418,0.122533374
1775350499.287830,17.069431,1,1.160000,0.600000,0.100000,-20.050445557,-2.188827991,-131.329679489,0.127476692
1775350499.302918,17.084519,1,1.160000,0.600000,0.100000,-20.081848145,-2.154466629,-129.267997742,0.123827837
1775350499.321861,17.103462,1,1.160000,0.600000,0.100000,-20.112350464,-2.090990543,-125.459432602,0.123721063
1775350499.332619,17.114220,1,1.160000,0.600000,0.100000,-20.132385254,-1.915437102,-114.926226139,0.113305584
1775350499.343044,17.124645,1,1.160000,0.600000,0.100000,-20.154205322,-2.212356329,-132.741379738,0.129355073
1775350499.351306,17.132907,1,1.160000,0.600000,0.100000,-20.175399780,-2.100497007,-126.029820442,0.124653168
1775350499.358962,17.140563,1,1.160000,0.600000,0.100000,-20.196228027,-2.258921385,-135.535283089,0.131171346
1775350499.367533,17.149134,1,1.160000,0.600000,0.100000,-20.214172363,-2.142690659,-128.561439514,0.122919202
1775350499.373950,17.155551,1,1.160000,0.600000,0.100000,-20.229690552,-2.295267582,-137.716054916,0.135140449
1775350499.380257,17.161858,1,1.160000,0.600000,0.100000,-20.243087769,-2.126358747,-127.581524849,0.120710716
1775350499.386922,17.168524,1,1.160000,0.600000,0.100000,-20.257843018,-2.227449894,-133.646993637,0.128464267
1775350499.393197,17.174799,1,1.160000,0.600000,0.100000,-20.271362305,-2.141071081,-128.464264870,0.123698562
1775350499.399767,17.181368,1,1.160000,0.600000,0.100000,-20.284881592,-2.120419979,-127.225198746,0.120353676
1775350499.406049,17.187650,1,1.160000,0.600000,0.100000,-20.299072266,-2.165771723,-129.946303368,0.123994127
1775350499.412613,17.194214,1,1.160000,0.600000,0.100000,-20.307006836,-1.298356533,-77.901391983,0.075863905
1775350499.419006,17.200607,1,1.160000,0.600000,0.100000,-20.319808960,-2.014189482,-120.851368904,0.119041748
1775350499.436656,17.218258,1,1.160000,0.600000,0.100000,-20.352264404,-1.993769646,-119.626178741,0.118505977
1775350499.445008,17.226609,1,1.160000,0.600000,0.100000,-20.372131348,-2.267836809,-136.070208549,0.130551308
1775350499.456193,17.237794,1,1.160000,0.600000,0.100000,-20.394836426,-2.072041750,-124.322504997,0.121293075
1775350499.463795,17.245396,1,1.160000,0.600000,0.100000,-20.413497925,-2.087302208,-125.238132477,0.119163498
1775350499.477519,17.259120,1,1.160000,0.600000,0.100000,-20.443313599,-2.220898151,-133.253889084,0.128381997
1775350499.491111,17.272712,1,1.160000,0.600000,0.100000,-20.467697144,-2.167736530,-130.064191818,0.124645181
1775350499.500013,17.281614,1,1.160000,0.600000,0.100000,-20.489318848,-2.093950987,-125.637059212,0.121746212
1775350499.512351,17.293952,1,1.160000,0.600000,0.100000,-20.507766724,-1.811578274,-108.694696426,0.104464449
1775350499.521428,17.303028,1,1.160000,0.600000,0.100000,-20.524658203,-1.880207539,-112.812452316,0.108283132
1775350499.531569,17.313171,1,1.160000,0.600000,0.100000,-20.549407959,-1.932668924,-115.960135460,0.112190366
1775350499.543498,17.325098,1,1.160000,0.600000,0.100000,-20.571197510,-2.002038002,-120.122280121,0.116773076
1775350499.550011,17.331612,1,1.160000,0.600000,0.100000,-20.586975098,-2.017296791,-121.037807465,0.116353765
1775350499.556456,17.338057,1,1.160000,0.600000,0.100000,-20.600387573,-2.083237886,-124.994273186,0.120890848
1775350499.562939,17.344540,1,1.160000,0.600000,0.100000,-20.614334106,-2.155712605,-129.342756271,0.121795788
1775350499.569357,17.350958,1,1.160000,0.600000,0.100000,-20.627883911,-2.127720833,-127.663249969,0.122979499
1775350499.575813,17.357415,1,1.160000,0.600000,0.100000,-20.641220093,-2.051794052,-123.107643127,0.118925132
1775350499.582241,17.363842,1,1.160000,0.600000,0.100000,-20.654617310,-2.102676868,-126.160612106,0.121673264
1775350499.588732,17.370333,1,1.160000,0.600000,0.100000,-20.668350220,-2.047436237,-122.846174240,0.117614076
1775350499.595450,17.377052,1,1.160000,0.600000,0.100000,-20.682205200,-2.121737003,-127.304220200,0.122563913
1775350499.610312,17.391913,1,1.160000,0.600000,0.100000,-20.707168579,-1.683190346,-100.991420746,0.096085735
1775350499.618433,17.400034,1,1.160000,0.600000,0.100000,-20.720245361,-1.733326197,-103.999571800,0.100379430
1775350499.628468,17.410069,1,1.160000,0.600000,0.100000,-20.739318848,-1.962271452,-117.736287117,0.111879408
1775350499.639114,17.420715,1,1.160000,0.600000,0.100000,-20.757888794,-2.143278360,-128.596701622,0.120459221
1775350499.648505,17.430106,1,1.160000,0.600000,0.100000,-20.783447266,-1.956961632,-117.417697906,0.113242455
1775350499.661487,17.443089,1,1.160000,0.600000,0.100000,-20.807861328,-2.199988842,-131.999330521,0.124973163
1775350499.671840,17.453441,1,1.160000,0.600000,0.100000,-20.826492310,-2.109847546,-126.590852737,0.123917289
1775350499.679121,17.460722,1,1.160000,0.600000,0.100000,-20.846603394,-1.961086869,-117.665212154,0.115190461
1775350499.695358,17.476959,1,1.160000,0.600000,0.100000,-20.867935181,-2.127842188,-127.670531273,0.123544142
1775350499.701869,17.483470,1,1.160000,0.600000,0.100000,-20.895401001,-2.043807507,-122.628450394,0.118212625
1775350499.708314,17.489915,1,1.160000,0.600000,0.100000,-20.908020020,-1.867654800,-112.059288025,0.108744144
1775350499.714669,17.496271,1,1.160000,0.600000,0.100000,-20.914794922,-1.234744430,-74.084665775,0.072312899
1775350499.721151,17.502752,1,1.160000,0.600000,0.100000,-20.927932739,-1.957510471,-117.450628281,0.113120608
1775350499.727575,17.509176,1,1.160000,0.600000,0.100000,-20.941146851,-1.983935475,-119.036128521,0.114779286
1775350499.733964,17.515565,1,1.160000,0.600000,0.100000,-20.952682495,-1.820582151,-109.234929085,0.105948910
1775350499.740474,17.522075,1,1.160000,0.600000,0.100000,-20.965988159,-2.078906059,-124.734363556,0.121753559
1775350499.746952,17.528554,1,1.160000,0.600000,0.100000,-20.979431152,-1.961023927,-117.661435604,0.112250037
1775350499.768430,17.550031,1,1.160000,0.600000,0.100000,-21.000976562,-2.057261467,-123.435688019,0.116277903
1775350499.778451,17.560052,1,1.160000,0.600000,0.100000,-21.037902832,-2.139722347,-128.383340836,0.125559554
1775350499.789790,17.571391,1,1.160000,0.600000,0.100000,-21.060943604,-2.107358694,-126.441521645,0.120171636
1775350499.822176,17.603777,1,1.160000,0.600000,0.100000,-21.083404541,-2.167750835,-130.065050125,0.125553370
1775350499.850314,17.631916,1,1.160000,0.600000,0.100000,-21.140365601,-1.830064297,-109.803857803,0.106147185
1775350499.859613,17.641214,1,1.160000,0.600000,0.100000,-21.204315186,-2.206841230,-132.410473824,0.126911521
1775350499.866132,17.647733,1,1.160000,0.600000,0.100000,-21.218856812,-2.071339846,-124.280390739,0.122130975
1775350499.872620,17.654221,1,1.160000,0.600000,0.100000,-21.233718872,-2.237273455,-134.236407280,0.129033610
1775350499.895078,17.676679,1,1.160000,0.600000,0.100000,-21.246780396,-2.064581156,-123.874869347,0.119121380
1775350499.901522,17.683124,1,1.160000,0.600000,0.100000,-21.294586182,-2.160587311,-129.635238647,0.128572151
1775350499.907916,17.689517,1,1.160000,0.600000,0.100000,-21.307571411,-1.922194719,-115.331683159,0.112317331
1775350499.924755,17.706356,1,1.160000,0.600000,0.100000,-21.314147949,-1.243153214,-74.589192867,0.074331194
1775350499.932026,17.713628,1,1.160000,0.600000,0.100000,-21.349899292,-1.937192321,-116.231539249,0.111419760
1775350499.944244,17.725844,1,1.160000,0.600000,0.100000,-21.367736816,-2.128280640,-127.696838379,0.123953365
1775350499.952010,17.733612,1,1.160000,0.600000,0.100000,-21.389511108,-1.905585051,-114.335103035,0.112205967
1775350499.958612,17.740213,1,1.160000,0.600000,0.100000,-21.406921387,-2.185793161,-131.147589684,0.123988435
1775350499.967262,17.748863,1,1.160000,0.600000,0.100000,-21.423629761,-2.025296926,-121.517815590,0.117443658
1775350499.987124,17.768725,1,1.160000,0.600000,0.100000,-21.460296631,-2.138410330,-128.304619789,0.123936519
1775350499.998470,17.780071,1,1.160000,0.600000,0.100000,-21.485809326,-2.141651630,-128.499097824,0.124799311
1775350500.009966,17.791567,1,1.160000,0.600000,0.100000,-21.513656616,-1.778001547,-106.680092812,0.102752395
1775350500.017131,17.798733,1,1.160000,0.600000,0.100000,-21.521408081,-1.376654863,-82.599291801,0.081313267
1775350500.025301,17.806902,1,1.160000,0.600000,0.100000,-21.539947510,-2.207042456,-132.422547340,0.130096301
1775350500.038755,17.820356,1,1.160000,0.600000,0.100000,-21.566894531,-1.964285254,-117.857115269,0.114048511
1775350500.045179,17.826781,1,1.160000,0.600000,0.100000,-21.581924438,-2.229564428,-133.773865700,0.130773857
1775350500.051640,17.833241,1,1.160000,0.600000,0.100000,-21.594985962,-2.023917913,-121.435074806,0.117275864
1775350500.058110,17.839711,1,1.160000,0.600000,0.100000,-21.609680176,-2.261234999,-135.674099922,0.132237017
1775350500.064790,17.846392,1,1.160000,0.600000,0.100000,-21.623199463,-2.118661165,-127.119669914,0.123477422
1775350500.071253,17.852854,1,1.160000,0.600000,0.100000,-21.637771606,-2.163357735,-129.801464081,0.123707257
1775350500.077710,17.859311,1,1.160000,0.600000,0.100000,-21.651611328,-2.170700312,-130.242018700,0.126912102
1775350500.084201,17.865803,1,1.160000,0.600000,0.100000,-21.666000366,-2.178933859,-130.736031532,0.122903459
1775350500.090491,17.872093,1,1.160000,0.600000,0.100000,-21.679687500,-2.158874035,-129.532442093,0.125895754
1775350500.104387,17.885988,1,1.160000,0.600000,0.100000,-21.706863403,-2.099967718,-125.998063087,0.125045642
1775350500.112144,17.893745,1,1.160000,0.600000,0.100000,-21.719497681,-1.558890939,-93.533456326,0.089965612
1775350500.123016,17.904618,1,1.160000,0.600000,0.100000,-21.731948853,-1.820285201,-109.217112064,0.108874917
1775350500.131663,17.913265,1,1.160000,0.600000,0.100000,-21.757293701,-2.123975754,-127.438545227,0.123229384
1775350500.146114,17.927716,1,1.160000,0.600000,0.100000,-21.789413452,-2.140161514,-128.409690857,0.124278493
1775350500.163574,17.945176,1,1.160000,0.600000,0.100000,-21.826049805,-2.105311155,-126.318669319,0.121364497
1775350500.174641,17.956242,1,1.160000,0.600000,0.100000,-21.842102051,-2.151918650,-129.115118980,0.123274259
1775350500.200209,17.981809,1,1.160000,0.600000,0.100000,-21.865356445,-2.137791157,-128.267469406,0.122500688
1775350500.210635,17.992236,1,1.160000,0.600000,0.100000,-21.924499512,-1.493882060,-89.632923603,0.086293221
1775350500.217029,17.998630,1,1.160000,0.600000,0.100000,-21.933242798,-1.514746308,-90.884778500,0.091651917
1775350500.223333,18.004935,1,1.160000,0.600000,0.100000,-21.947906494,-2.120428085,-127.225685120,0.122436062
1775350500.229807,18.011408,1,1.160000,0.600000,0.100000,-21.959304810,-1.833733201,-110.023992062,0.104886435
1775350500.236330,18.017931,1,1.160000,0.600000,0.100000,-21.972442627,-2.025761843,-121.545710564,0.119299203
1775350500.242709,18.024311,1,1.160000,0.600000,0.100000,-21.985504150,-2.026051044,-121.563062668,0.115245193
1775350500.249331,18.030933,1,1.160000,0.600000,0.100000,-21.998138428,-1.931424618,-115.885477066,0.111239500
1775350500.255811,18.037413,1,1.160000,0.600000,0.100000,-22.011871338,-2.092776060,-125.566563606,0.122514829
1775350500.262170,18.043771,1,1.160000,0.600000,0.100000,-22.025817871,-2.111230850,-126.673851013,0.123893470
1775350500.278447,18.060049,1,1.160000,0.600000,0.100000,-22.056503296,-2.080413342,-124.824800491,0.123351723
1775350500.288138,18.069740,1,1.160000,0.600000,0.100000,-22.073394775,-1.999360681,-119.961640835,0.116205603
1775350500.297021,18.078622,1,1.160000,0.600000,0.100000,-22.097213745,-2.040513515,-122.430810928,0.119417235
1775350500.307094,18.088695,1,1.160000,0.600000,0.100000,-22.113906860,-2.070113897,-124.206833839,0.124091461
1775350500.323871,18.105473,1,1.160000,0.600000,0.100000,-22.129119873,-1.373565316,-82.413918972,0.080437757
1775350500.338363,18.119964,1,1.160000,0.600000,0.100000,-22.167251587,-1.913228750,-114.793725014,0.113095276
1775350500.346866,18.128467,1,1.160000,0.600000,0.100000,-22.188751221,-2.225661993,-133.539719582,0.126840755
1775350500.361787,18.143388,1,1.160000,0.600000,0.100000,-22.212951660,-2.019976854,-121.198611259,0.114349075
1775350500.373322,18.154923,1,1.160000,0.600000,0.100000,-22.237838745,-2.049783707,-122.987022400,0.118656687
1775350500.385419,18.167020,1,1.160000,0.600000,0.100000,-22.262176514,-2.098533154,-125.911989212,0.119105645
1775350500.397650,18.179251,1,1.160000,0.600000,0.100000,-22.296768188,-2.181265116,-130.875906944,0.129350707
1775350500.404415,18.186017,1,1.160000,0.600000,0.100000,-22.311950684,-2.076207638,-124.572458267,0.117635489
1775350500.411026,18.192628,1,1.160000,0.600000,0.100000,-22.322830200,-1.629737496,-97.784249783,0.094368376
1775350500.417539,18.199140,1,1.160000,0.600000,0.100000,-22.332656860,-1.665875435,-99.952526093,0.098419815
1775350500.423891,18.205493,1,1.160000,0.600000,0.100000,-22.346496582,-2.006452084,-120.387125015,0.118177846
1775350500.430338,18.211939,1,1.160000,0.600000,0.100000,-22.358459473,-1.923276424,-115.396585464,0.113469921
1775350500.436723,18.218324,1,1.160000,0.600000,0.100000,-22.371856689,-2.051862478,-123.111748695,0.120746531
1775350500.443168,18.224770,1,1.160000,0.600000,0.100000,-22.384933472,-2.037973166,-122.278389931,0.117213897
1775350500.449572,18.231173,1,1.160000,0.600000,0.100000,-22.397811890,-2.016080379,-120.964822769,0.121326819
1775350500.465096,18.246698,1,1.160000,0.600000,0.100000,-22.426483154,-1.963434458,-117.806067467,0.113560028
1775350500.476321,18.257922,1,1.160000,0.600000,0.100000,-22.444381714,-2.195573807,-131.734428406,0.126565248
1775350500.485235,18.266836,1,1.160000,0.600000,0.100000,-22.468215942,-2.131433249,-127.885994911,0.124644972
1775350500.500321,18.281922,1,1.160000,0.600000,0.100000,-22.488830566,-2.081235886,-124.874153137,0.121975064
1775350500.518060,18.299662,1,1.160000,0.600000,0.100000,-22.527023315,-1.247014642,-74.820878506,0.073190585
1775350500.529385,18.310986,1,1.160000,0.600000,0.100000,-22.547485352,-2.109345913,-126.560754776,0.117768794
1775350500.537930,18.319532,1,1.160000,0.600000,0.100000,-22.568710327,-1.835873961,-110.152437687,0.109077960
1775350500.546567,18.328169,1,1.160000,0.600000,0.100000,-22.587936401,-2.194939137,-131.696348190,0.129980549
1775350500.560713,18.342313,1,1.160000,0.600000,0.100000,-22.603118896,-1.995748878,-119.744932652,0.114897020
1775350500.567133,18.348734,1,1.160000,0.600000,0.100000,-22.632919312,-2.001279831,-120.076789856,0.115272596
1775350500.573590,18.355191,1,1.160000,0.600000,0.100000,-22.646072388,-2.034353495,-122.061209679,0.116905287
1775350500.580192,18.361794,1,1.160000,0.600000,0.100000,-22.660644531,-2.179121971,-130.747318268,0.126474127
1775350500.586667,18.368268,1,1.160000,0.600000,0.100000,-22.673736572,-2.050737381,-123.044242859,0.118130140
1775350500.594007,18.375609,1,1.160000,0.600000,0.100000,-22.688079834,-2.174210787,-130.452647209,0.126614079
1775350500.600706,18.382307,1,1.160000,0.600000,0.100000,-22.703369141,-2.073810816,-124.428648949,0.119601034
1775350500.607264,18.388866,1,1.160000,0.600000,0.100000,-22.716796875,-2.019805670,-121.188340187,0.113535993
1775350500.614465,18.396066,1,1.160000,0.600000,0.100000,-22.725494385,-1.341587186,-80.495231152,0.080522634
1775350500.632547,18.414148,1,1.160000,0.600000,0.100000,-22.754028320,-2.136743307,-128.204598427,0.125028327
1775350500.640720,18.422322,1,1.160000,0.600000,0.100000,-22.778625488,-2.069820404,-124.189224243,0.120098867
1775350500.655065,18.436666,1,1.160000,0.600000,0.100000,-22.797698975,-2.189471245,-131.368274689,0.128039032
1775350500.664903,18.446504,1,1.160000,0.600000,0.100000,-22.825576782,-2.213312864,-132.798771858,0.130351797
1775350500.674764,18.456365,1,1.160000,0.600000,0.100000,-22.849243164,-2.132209063,-127.932543755,0.120375089
1775350500.694702,18.476303,1,1.160000,0.600000,0.100000,-22.878890991,-2.280269146,-136.816148758,0.132683158
1775350500.711974,18.493575,1,1.160000,0.600000,0.100000,-22.928253174,-1.739673734,-104.380424023,0.096778534
1775350500.721411,18.503013,1,1.160000,0.600000,0.100000,-22.944885254,-1.968635917,-118.118155003,0.115203544
1775350500.733348,18.514949,1,1.160000,0.600000,0.100000,-22.964462280,-1.991720676,-119.503240585,0.116223730
1775350500.742021,18.523622,1,1.160000,0.600000,0.100000,-22.987716675,-2.059876204,-123.592572212,0.117232271
1775350500.751358,18.532960,1,1.160000,0.600000,0.100000,-23.007308960,-1.966248631,-117.974917889,0.111890309
1775350500.760709,18.542311,1,1.160000,0.600000,0.100000,-23.029174805,-2.178422451,-130.705347061,0.128606215
1775350500.767441,18.549043,1,1.160000,0.600000,0.100000,-23.042922974,-2.144601107,-128.676066399,0.125107586
1775350500.774056,18.555657,1,1.160000,0.600000,0.100000,-23.058380127,-2.187093258,-131.225595474,0.126251519
1775350500.780438,18.562040,1,1.160000,0.600000,0.100000,-23.071243286,-2.025871038,-121.552262306,0.113448575
1775350500.786812,18.568413,1,1.160000,0.600000,0.100000,-23.085693359,-2.227698326,-133.661899567,0.131511614
1775350500.793317,18.574919,1,1.160000,0.600000,0.100000,-23.098983765,-2.083241701,-124.994502068,0.119136088
1775350500.799880,18.581482,1,1.160000,0.600000,0.100000,-23.113037109,-2.163796186,-129.827771187,0.125932783
1775350500.806236,18.587838,1,1.160000,0.600000,0.100000,-23.126190186,-2.030481815,-121.828908920,0.116297007
1775350500.812888,18.594489,1,1.160000,0.600000,0.100000,-23.134323120,-1.303311944,-78.198716640,0.075052068
1775350500.828340,18.609942,1,1.160000,0.600000,0.100000,-23.163177490,-2.108438969,-126.506338120,0.123696811
1775350500.837030,18.618632,1,1.160000,0.600000,0.100000,-23.180847168,-2.090382814,-125.422968864,0.121676348
1775350500.848038,18.629639,1,1.160000,0.600000,0.100000,-23.203460693,-2.128752947,-127.725176811,0.128356874
1775350500.857646,18.639247,1,1.160000,0.600000,0.100000,-23.220169067,-2.077895880,-124.673752785,0.119424887
1775350500.865742,18.647344,1,1.160000,0.600000,0.100000,-23.240432739,-2.010124445,-120.607466698,0.117179759
1775350500.877319,18.658921,1,1.160000,0.600000,0.100000,-23.267349243,-2.123251915,-127.395114899,0.124396466
1775350500.890638,18.672239,1,1.160000,0.600000,0.100000,-23.294204712,-2.093851328,-125.631079674,0.121007964
1775350500.918019,18.699621,1,1.160000,0.600000,0.100000,-23.325607300,-2.185216188,-131.112971306,0.127510831
1775350500.927438,18.709040,1,1.160000,0.600000,0.100000,-23.362869263,-2.021801949,-121.308116913,0.115568794
1775350500.947222,18.728823,1,1.160000,0.600000,0.100000,-23.391967773,-2.005966187,-120.357971191,0.115751155
1775350500.955872,18.737474,1,1.160000,0.600000,0.100000,-23.419448853,-1.947502494,-116.850149632,0.116934277
1775350500.969559,18.751161,1,1.160000,0.600000,0.100000,-23.441055298,-2.109696150,-126.581768990,0.121156059
1775350500.981359,18.762960,1,1.160000,0.600000,0.100000,-23.475784302,-2.164423943,-129.865436554,0.122402288
1775350500.987883,18.769485,1,1.160000,0.600000,0.100000,-23.489379883,-2.030804873,-121.848292351,0.120148420
1775350500.994434,18.776036,1,1.160000,0.600000,0.100000,-23.502853394,-2.029905319,-121.794319153,0.115114786
1775350501.001117,18.782718,1,1.160000,0.600000,0.100000,-23.516693115,-2.117337465,-127.040247917,0.123831362
1775350501.007877,18.789479,1,1.160000,0.600000,0.100000,-23.529968262,-1.939856052,-116.391363144,0.111446783
1775350501.014407,18.796009,1,1.160000,0.600000,0.100000,-23.538055420,-1.288878441,-77.332706451,0.074655585
1775350501.021077,18.802678,1,1.160000,0.600000,0.100000,-23.550704956,-1.892297268,-113.537836075,0.108565047
1775350501.027533,18.809135,1,1.160000,0.600000,0.100000,-23.563766479,-1.926739335,-115.604360104,0.113820992
1775350501.034514,18.816115,1,1.160000,0.600000,0.100000,-23.576110840,-1.865036130,-111.902167797,0.109085269
1775350501.052545,18.834146,1,1.160000,0.600000,0.100000,-23.607696533,-2.003618479,-120.217108727,0.115744621
1775350501.062467,18.844069,1,1.160000,0.600000,0.100000,-23.627685547,-2.120479345,-127.228760719,0.125795648
1775350501.069946,18.851547,1,1.160000,0.600000,0.100000,-23.647583008,-2.003004313,-120.180258751,0.114447691
1775350501.081507,18.863109,1,1.160000,0.600000,0.100000,-23.666198730,-2.101338863,-126.080331802,0.123862378
1775350501.090811,18.872412,1,1.160000,0.600000,0.100000,-23.692672729,-2.094606638,-125.676398277,0.120098002
1775350501.104421,18.886023,1,1.160000,0.600000,0.100000,-23.717895508,-2.062000275,-123.720016479,0.117703460
1775350501.116289,18.897891,1,1.160000,0.600000,0.100000,-23.735000610,-1.541884184,-92.513051033,0.089832120
1775350501.126539,18.908141,1,1.160000,0.600000,0.100000,-23.755554199,-2.233862638,-134.031758308,0.131406933
1775350501.135262,18.916864,1,1.160000,0.600000,0.100000,-23.775772095,-1.956068873,-117.364132404,0.113662928
1775350501.147024,18.928625,1,1.160000,0.600000,0.100000,-23.802795410,-2.083359241,-125.001554489,0.120066620
1775350501.159457,18.941059,1,1.160000,0.600000,0.100000,-23.829223633,-2.238294601,-134.297676086,0.128531575
1775350501.165984,18.947585,1,1.160000,0.600000,0.100000,-23.842987061,-2.015547991,-120.932879448,0.109138422
1775350501.172735,18.954337,1,1.160000,0.600000,0.100000,-23.856246948,-2.044068813,-122.644128799,0.121080771
1775350501.179484,18.961086,1,1.160000,0.600000,0.100000,-23.871047974,-2.154097557,-129.245853424,0.127156973
1775350501.185931,18.967533,1,1.160000,0.600000,0.100000,-23.884918213,-2.076887369,-124.613242149,0.123777695
1775350501.192353,18.973923,1,1.160000,0.600000,0.100000,-23.898376465,-2.132751465,-127.965087891,0.121263601
1775350501.199301,18.980903,1,1.160000,0.600000,0.100000,-23.912567139,-2.111974239,-126.718454361,0.123158492
1775350501.205926,18.987527,1,1.160000,0.600000,0.100000,-23.926635742,-2.092259407,-125.535564423,0.115777850
1775350501.212890,18.994492,1,1.160000,0.600000,0.100000,-23.936904907,-1.525393605,-91.523616314,0.089785777
1775350501.230588,19.012190,1,1.160000,0.600000,0.100000,-23.963973999,-2.020591974,-121.235518456,0.117894314
1775350501.238207,19.019808,1,1.160000,0.600000,0.100000,-23.983261108,-1.886475086,-113.188505173,0.108761378
1775350501.249731,19.031332,1,1.160000,0.600000,0.100000,-24.000198364,-2.058440208,-123.506412506,0.120156072
1775350501.258538,19.040139,1,1.160000,0.600000,0.100000,-24.022857666,-2.023858309,-121.431498528,0.121779241
1775350501.279689,19.061290,1,1.160000,0.600000,0.100000,-24.052276611,-2.145011663,-128.700699806,0.123473354
1775350501.298758,19.080359,1,1.160000,0.600000,0.100000,-24.106643677,-2.009161234,-120.549674034,0.117355026
1775350501.306377,19.087978,1,1.160000,0.600000,0.100000,-24.126235962,-2.063831329,-123.829879761,0.117190473
1775350501.314345,19.095947,1,1.160000,0.600000,0.100000,-24.137115479,-1.170528769,-70.231726170,0.069985174
1775350501.323266,19.104868,1,1.160000,0.600000,0.100000,-24.150390625,-1.988113403,-119.286804199,0.115715794
1775350501.331223,19.112824,1,1.160000,0.600000,0.100000,-24.170486450,-1.916926265,-115.015575886,0.111916244
1775350501.349561,19.131163,1,1.160000,0.600000,0.100000,-24.191390991,-2.204065084,-132.243905067,0.128284201
1775350501.358633,19.140234,1,1.160000,0.600000,0.100000,-24.228164673,-2.271310568,-136.278634071,0.132627696
1775350501.366132,19.147734,1,1.160000,0.600000,0.100000,-24.244293213,-2.040110111,-122.406606674,0.118840963
1775350501.373187,19.154789,1,1.160000,0.600000,0.100000,-24.260726929,-2.268183708,-136.091022491,0.128050834
1775350501.380905,19.162490,1,1.160000,0.600000,0.100000,-24.275405884,-2.098501682,-125.910100937,0.125514880
1775350501.387893,19.169495,1,1.160000,0.600000,0.100000,-24.291778564,-2.140257835,-128.415470123,0.126160964
1775350501.395243,19.176845,1,1.160000,0.600000,0.100000,-24.308792114,-2.291942596,-137.516555786,0.134365216
1775350501.402143,19.183745,1,1.160000,0.600000,0.100000,-24.323913574,-2.171590328,-130.295419693,0.128211305
1775350501.419516,19.201118,1,1.160000,0.600000,0.100000,-24.338760376,-2.090925694,-125.455541611,0.118430272
1775350501.426723,19.208325,1,1.160000,0.600000,0.100000,-24.370483398,-2.197962046,-131.877722740,0.127293468
1775350501.436775,19.218376,1,1.160000,0.600000,0.100000,-24.384445190,-1.944156051,-116.649363041,0.112249047
1775350501.445058,19.226659,1,1.160000,0.600000,0.100000,-24.405822754,-2.096758366,-125.805501938,0.119116113
1775350501.460949,19.242550,1,1.160000,0.600000,0.100000,-24.426528931,-1.972679019,-118.360741138,0.113533273
1775350501.473734,19.255336,1,1.160000,0.600000,0.100000,-24.468276978,-2.209403276,-132.564196587,0.129234061
1775350501.482092,19.263694,1,1.160000,0.600000,0.100000,-24.485305786,-2.091074467,-125.464468002,0.121936969
1775350501.492518,19.274119,1,1.160000,0.600000,0.100000,-24.507232666,-2.045681953,-122.740917206,0.118480071
1775350501.502935,19.284537,1,1.160000,0.600000,0.100000,-24.529434204,-2.060446501,-123.626790047,0.115634769
1775350501.517874,19.299475,1,1.160000,0.600000,0.100000,-24.553405762,-1.363870025,-81.832201481,0.071735278
1775350501.524309,19.305911,1,1.160000,0.600000,0.100000,-24.568786621,-2.029945374,-121.796722412,0.121265031
1775350501.530676,19.312278,1,1.160000,0.600000,0.100000,-24.581207275,-1.981426716,-118.885602951,0.116567142
1775350501.537124,19.318725,1,1.160000,0.600000,0.100000,-24.594589233,-2.028865814,-121.731948853,0.117205888
1775350501.543993,19.325595,1,1.160000,0.600000,0.100000,-24.609252930,-2.164769888,-129.886193275,0.127344280
1775350501.550534,19.332136,1,1.160000,0.600000,0.100000,-24.623184204,-2.094545603,-125.672736168,0.118473694
1775350501.556925,19.338527,1,1.160000,0.600000,0.100000,-24.636352539,-2.038797140,-122.327828407,0.117236912
1775350501.563342,19.344944,1,1.160000,0.600000,0.100000,-24.649276733,-2.042394638,-122.543678284,0.118560031
1775350501.569953,19.351555,1,1.160000,0.600000,0.100000,-24.664031982,-2.184403181,-131.064190865,0.125906765
1775350501.584914,19.366517,1,1.160000,0.600000,0.100000,-24.689895630,-2.161204338,-129.672260284,0.121951796
1775350501.592653,19.374255,1,1.160000,0.600000,0.100000,-24.710021973,-2.018839598,-121.130375862,0.118310794
1775350501.607166,19.388768,1,1.160000,0.600000,0.100000,-24.733612061,-2.160429955,-129.625797272,0.125930160
1775350501.616414,19.398015,1,1.160000,0.600000,0.100000,-24.751892090,-1.450562239,-87.033734322,0.083153628
1775350501.626708,19.408310,1,1.160000,0.600000,0.100000,-24.770950317,-2.033318281,-121.999096870,0.114400737
1775350501.639506,19.421108,1,1.160000,0.600000,0.100000,-24.801696777,-2.106763124,-126.405787468,0.121413983
1775350501.655104,19.436706,1,1.160000,0.600000,0.100000,-24.828582764,-2.071441650,-124.286499023,0.120268315
1775350501.662778,19.444380,1,1.160000,0.600000,0.100000,-24.847549438,-2.012411356,-120.744681358,0.119561553
1775350501.672895,19.454497,1,1.160000,0.600000,0.100000,-24.862319946,-1.959619761,-117.577185631,0.114114121
1775350501.685277,19.466878,1,1.160000,0.600000,0.100000,-24.885238647,-2.052207708,-123.132462502,0.117215447
1775350501.696175,19.477777,1,1.160000,0.600000,0.100000,-24.917922974,-2.061939001,-123.716340065,0.119803317
1775350501.702726,19.484328,1,1.160000,0.600000,0.100000,-24.932098389,-2.006150007,-120.369000435,0.114515707
1775350501.709081,19.490683,1,1.160000,0.600000,0.100000,-24.945602417,-2.024571657,-121.474299431,0.115096487
1775350501.715837,19.497439,1,1.160000,0.600000,0.100000,-24.951873779,-1.107149839,-66.428990364,0.068332061
1775350501.722251,19.503853,1,1.160000,0.600000,0.100000,-24.965530396,-2.032379866,-121.942791939,0.115184493
1775350501.728588,19.510190,1,1.160000,0.600000,0.100000,-24.978240967,-1.886038423,-113.162305355,0.105055057
1775350501.734976,19.516578,1,1.160000,0.600000,0.100000,-24.989456177,-1.827420473,-109.645228386,0.106474034
1775350501.741216,19.522818,1,1.160000,0.600000,0.100000,-25.002044678,-1.949496746,-116.969804764,0.110578239
1775350501.747486,19.529088,1,1.160000,0.600000,0.100000,-25.015243530,-2.076645374,-124.598722458,0.124169484
1775350501.764822,19.546423,1,1.160000,0.600000,0.100000,-25.043609619,-2.149806976,-128.988418579,0.123193003
1775350501.772859,19.554461,1,1.160000,0.600000,0.100000,-25.063827515,-2.027336836,-121.640210152,0.116405427
1775350501.782000,19.563602,1,1.160000,0.600000,0.100000,-25.079223633,-2.036033392,-122.162003517,0.116849259
1775350501.790198,19.571799,1,1.160000,0.600000,0.100000,-25.098266602,-1.973125458,-118.387527466,0.114190444
1775350501.803502,19.585104,1,1.160000,0.600000,0.100000,-25.114868164,-2.106327534,-126.379652023,0.123776339
1775350501.822894,19.604496,1,1.160000,0.600000,0.100000,-25.153961182,-1.715621352,-102.937281132,0.104223102
1775350501.834124,19.615726,1,1.160000,0.600000,0.100000,-25.176895142,-1.971150041,-118.269002438,0.116529688
1775350501.849033,19.630635,1,1.160000,0.600000,0.100000,-25.204330444,-2.072889566,-124.373373985,0.119723178
1775350501.860385,19.641987,1,1.160000,0.600000,0.100000,-25.233032227,-2.159397125,-129.563827515,0.118792728
1775350501.878754,19.660356,1,1.160000,0.600000,0.100000,-25.258163452,-2.171550035,-130.293002129,0.124453485
1775350501.886798,19.668400,1,1.160000,0.600000,0.100000,-25.293472290,-2.119530678,-127.171840668,0.122873209
1775350501.893665,19.675267,1,1.160000,0.600000,0.100000,-25.310119629,-2.161459446,-129.687566757,0.124320887
1775350501.900135,19.681737,1,1.160000,0.600000,0.100000,-25.323730469,-2.132881165,-127.972869873,0.126498550
1775350501.906631,19.688233,1,1.160000,0.600000,0.100000,-25.338226318,-2.193882465,-131.632947922,0.126412317
1775350501.913059,19.694661,1,1.160000,0.600000,0.100000,-25.347702026,-1.503473639,-90.208418369,0.085635424
1775350501.919419,19.701021,1,1.160000,0.600000,0.100000,-25.357040405,-1.622719288,-97.363157272,0.094330922
1775350501.925921,19.707523,1,1.160000,0.600000,0.100000,-25.372192383,-2.183512211,-131.010732651,0.125259295
1775350501.932432,19.714034,1,1.160000,0.600000,0.100000,-25.384262085,-1.908205271,-114.492316246,0.109356888
1775350501.950823,19.732425,1,1.160000,0.600000,0.100000,-25.416900635,-2.029546976,-121.772818565,0.118316159
1775350501.959513,19.741115,1,1.160000,0.600000,0.100000,-25.436065674,-2.089179993,-125.350799561,0.117623545
1775350501.967744,19.749346,1,1.160000,0.600000,0.100000,-25.457015991,-2.060164213,-123.609852791,0.122847356
1775350501.976944,19.758546,1,1.160000,0.600000,0.100000,-25.473342896,-2.238092184,-134.285531044,0.128435001
1775350501.987683,19.769285,1,1.160000,0.600000,0.100000,-25.492691040,-2.050726652,-123.043599129,0.120176338
1775350501.998404,19.780006,1,1.160000,0.600000,0.100000,-25.521667480,-2.210566521,-132.633991241,0.128193706
1775350502.015272,19.796874,1,1.160000,0.600000,0.100000,-25.548889160,-1.669975400,-100.198523998,0.095731743
1775350502.023692,19.805294,1,1.160000,0.600000,0.100000,-25.565200806,-1.921822071,-115.309324265,0.114950046
1775350502.035460,19.817062,1,1.160000,0.600000,0.100000,-25.590347290,-2.029331207,-121.759872437,0.117489196
1775350502.047052,19.828654,1,1.160000,0.600000,0.100000,-25.606536865,-2.124816656,-127.488999367,0.124435008
1775350502.057819,19.839421,1,1.160000,0.600000,0.100000,-25.638061523,-2.066190004,-123.971400261,0.117749974
1775350502.064742,19.846344,1,1.160000,0.600000,0.100000,-25.653839111,-2.168816805,-130.129008293,0.126084000
1775350502.071950,19.853552,1,1.160000,0.600000,0.100000,-25.669448853,-2.124853611,-127.491216660,0.124296464
1775350502.078372,19.859974,1,1.160000,0.600000,0.100000,-25.684387207,-2.198123455,-131.887407303,0.131543681
1775350502.085390,19.866992,1,1.160000,0.600000,0.100000,-25.698318481,-2.102897167,-126.173830032,0.119529597
1775350502.092210,19.873811,1,1.160000,0.600000,0.100000,-25.712509155,-2.066670179,-124.000210762,0.117554918
1775350502.099152,19.880753,1,1.160000,0.600000,0.100000,-25.728210449,-2.293264151,-137.595849037,0.137001321
1775350502.105935,19.887537,1,1.160000,0.600000,0.100000,-25.743164062,-2.154690742,-129.281444550,0.125738651
1775350502.127012,19.908614,1,1.160000,0.600000,0.100000,-25.755508423,-1.731402993,-103.884179592,0.100078605
1775350502.134452,19.916054,1,1.160000,0.600000,0.100000,-25.795516968,-2.034004927,-122.040295601,0.119619124
1775350502.143657,19.925259,1,1.160000,0.600000,0.100000,-25.815780640,-2.051702261,-123.102135658,0.114960194
1775350502.151916,19.933518,1,1.160000,0.600000,0.100000,-25.830474854,-2.073064089,-124.383845329,0.122198462
1775350502.159902,19.941504,1,1.160000,0.600000,0.100000,-25.844116211,-1.268520594,-76.111235619,0.071642153
1775350502.169547,19.951149,1,1.160000,0.600000,0.100000,-25.850494385,-0.741613030,-44.496781826,0.041257631
1775350502.184919,19.966521,1,1.160000,0.600000,0.100000,-25.857650757,-0.601704776,-36.102286577,0.045732643
1775350502.194041,19.975643,1,1.160000,0.600000,0.100000,-25.864120483,-0.615067124,-36.904027462,0.035394665
1775350502.202777,19.984379,1,1.160000,0.600000,0.100000,-25.867706299,-0.399444938,-23.966696262,0.020379014
1775350502.210060,19.991662,1,1.160000,0.600000,0.100000,-25.870162964,-0.295759499,-17.745569944,0.030349253
1775350502.220617,20.002219,1,1.160000,0.600000,0.100000,-25.872314453,-0.165622026,-9.937321544,0.004974026
1775350502.230083,20.011685,1,1.160000,0.600000,0.100000,-25.873245239,-0.097555175,-5.853310525,0.003981439
1775350502.236734,20.018337,1,1.160000,0.600000,0.100000,-25.873870850,-0.098866217,-5.931973010,0.003721240
1775350502.243520,20.025122,1,1.160000,0.600000,0.100000,-25.874282837,-0.067682333,-4.060939997,0.006237194
1775350502.249965,20.031567,1,1.160000,0.600000,0.100000,-25.874679565,-0.051787876,-3.107272536,0.006251473
1775350502.256436,20.038037,1,1.160000,0.600000,0.100000,-25.875244141,-0.080320090,-4.819205403,0.006204806
1775350502.262812,20.044414,1,1.160000,0.600000,0.100000,-25.875610352,-0.067292564,-4.037553817,0.006385742
1775350502.269408,20.051010,1,1.160000,0.600000,0.100000,-25.875885010,-0.045500122,-2.730007321,0.003639093
1775350502.276027,20.057629,1,1.160000,0.600000,0.100000,-25.876205444,-0.051981751,-3.118905053,0.006286602
1775350502.282745,20.064346,1,1.160000,0.600000,0.100000,-25.876571655,-0.064092055,-3.845523298,0.002377886
1775350502.298792,20.080393,1,1.160000,0.600000,0.100000,-25.877166748,-0.039107230,-2.346433774,0.002792141
1775350502.306240,20.087842,1,1.160000,0.600000,0.100000,-25.877578735,-0.043184109,-2.591046542,0.003016086
1775350502.317059,20.098661,1,1.160000,0.600000,0.100000,-25.877929688,-0.040600836,-2.436050177,-0.000200149
1775350502.327300,20.108902,1,1.160000,0.600000,0.100000,-25.878356934,-0.036053594,-2.163215652,0.003592071
1775350502.339279,20.120880,1,1.160000,0.600000,0.100000,-25.878768921,-0.016849486,-1.010969169,0.001609869
1775350502.350532,20.132134,1,1.160000,0.600000,0.100000,-25.879211426,-0.034900740,-2.094044387,0.001895545
1775350502.369483,20.151084,1,1.160000,0.600000,0.100000,-25.879516602,-0.005047298,-0.302837854,-0.000297485
1775350502.379204,20.160805,1,1.160000,0.600000,0.100000,-25.879837036,-0.022511872,-1.350712292,0.003500957
1775350502.392922,20.174524,1,1.160000,0.600000,0.100000,-25.880081177,-0.006254241,-0.375254452,0.000385643
1775350502.401692,20.183294,1,1.160000,0.600000,0.100000,-25.880615234,-0.035782222,-2.146933302,0.001026839
1775350502.413689,20.195291,1,1.160000,0.600000,0.100000,-25.880828857,-0.038890924,-2.333455458,0.001657113
1775350502.425312,20.206913,1,1.160000,0.600000,0.100000,-25.881240845,-0.019492958,-1.169577464,0.002997321
1775350502.432876,20.214476,1,1.160000,0.600000,0.100000,-25.881683350,-0.062233128,-3.733987659,0.002817748
1775350502.450032,20.231634,1,1.160000,0.600000,0.100000,-25.881851196,-0.032928575,-1.975714490,0.001942404
1775350502.456933,20.238535,1,1.160000,0.600000,0.100000,-25.882278442,-0.033582553,-2.014953196,0.001416613
1775350502.463428,20.245030,1,1.160000,0.600000,0.100000,-25.882507324,-0.038013496,-2.280809730,0.003319075
1775350502.470136,20.251738,1,1.160000,0.600000,0.100000,-25.882751465,-0.042279162,-2.536749691,0.003772577
1775350502.477039,20.258641,1,1.160000,0.600000,0.100000,-25.882827759,-0.016427141,-0.985628441,-0.000498036
1775350502.501708,20.283309,1,1.160000,0.600000,0.100000,-25.882995605,-0.017346371,-1.040782258,-0.000508411
1775350502.510046,20.291648,1,1.160000,0.600000,0.100000,-25.883529663,-0.014346851,-0.860811062,0.000539008
1775350502.523292,20.304894,1,1.160000,0.600000,0.100000,-25.883941650,-0.027392751,-1.643565036,0.002302955
1775350502.530565,20.312167,1,1.160000,0.600000,0.100000,-25.884231567,-0.024283050,-1.456982978,0.004887054
1775350502.545030,20.326632,1,1.160000,0.600000,0.100000,-25.884429932,-0.020910114,-1.254606843,0.002281730
1775350502.560376,20.341978,1,1.160000,0.600000,0.100000,-25.884582520,0.005570382,0.334222941,-0.000837734
1775350502.570405,20.352006,1,1.160000,0.600000,0.100000,-25.884490967,-0.002013112,-0.120786717,-0.002874115
1775350502.578940,20.360542,1,1.160000,0.600000,0.100000,-25.884506226,0.014635279,0.878116731,-0.002278580
1775350502.590573,20.372174,1,1.160000,0.600000,0.100000,-25.884429932,0.006496764,0.389805827,0.000591526
1775350502.600527,20.382129,1,1.160000,0.600000,0.100000,-25.884506226,-0.012807323,-0.768439360,0.001437179
1775350502.607190,20.388792,1,1.160000,0.600000,0.100000,-25.884490967,-0.000578651,-0.034719030,-0.001189772
1775350502.613732,20.395334,1,1.160000,0.600000,0.100000,-25.884506226,-0.004986119,-0.299167139,0.000841306
1775350502.620277,20.401879,1,1.160000,0.600000,0.100000,-25.884490967,-0.006657277,-0.399436606,0.000000000
1775350502.626698,20.408300,1,1.160000,0.600000,0.100000,-25.884338379,0.025161160,1.509669609,0.002022361
1775350502.633115,20.414717,1,1.160000,0.600000,0.100000,-25.884277344,0.006775303,0.406518197,-0.002018285
1775350502.639514,20.421116,1,1.160000,0.600000,0.100000,-25.884429932,-0.018172788,-1.090367250,-0.000591400
1775350502.645977,20.427580,1,1.160000,0.600000,0.100000,-25.884353638,0.008768870,0.526132174,0.003984008
1775350502.652524,20.434126,1,1.160000,0.600000,0.100000,-25.884445190,-0.013803068,-0.828184057,-0.002873576
1775350502.668231,20.449833,1,1.160000,0.600000,0.100000,-25.884536743,-0.021126397,-1.267583817,0.000597445
1775350502.680027,20.461629,1,1.160000,0.600000,0.100000,-25.884429932,0.010780800,0.646848008,-0.002028179
1775350502.688663,20.470265,1,1.160000,0.600000,0.100000,-25.884368896,-0.003767909,-0.226074541,-0.000000000
1775350502.697142,20.478744,1,1.160000,0.600000,0.100000,-25.884368896,-0.001536630,-0.092197799,-0.000848656
1775350502.711308,20.492910,1,1.160000,0.600000,0.100000,-25.884384155,0.004907243,0.294434605,-0.001107460
1775350502.728997,20.510600,1,1.160000,0.600000,0.100000,-25.884536743,-0.010900463,-0.654027779,0.000242608
1775350502.738725,20.520327,1,1.160000,0.600000,0.100000,-25.884567261,-0.011574849,-0.694490969,0.000838291
1775350502.751587,20.533190,1,1.160000,0.600000,0.100000,-25.884552002,0.013208973,0.792538393,0.000357176
1775350502.760225,20.541826,1,1.160000,0.600000,0.100000,-25.884735107,-0.027008122,-1.620487310,0.000220891
1775350502.775718,20.557320,1,1.160000,0.600000,0.100000,-25.884628296,0.014874018,0.892441068,-0.002041023
1775350502.782775,20.564377,1,1.160000,0.600000,0.100000,-25.884811401,-0.009354807,-0.561288446,0.002051824
1775350502.789689,20.571291,1,1.160000,0.600000,0.100000,-25.884658813,0.020294579,1.217674725,0.002499779
1775350502.796051,20.577653,1,1.160000,0.600000,0.100000,-25.884719849,-0.012380857,-0.742851421,0.001438395
1775350502.802759,20.584361,1,1.160000,0.600000,0.100000,-25.884750366,-0.002213091,-0.132785439,0.002877185
1775350502.809209,20.590812,1,1.160000,0.600000,0.100000,-25.884719849,0.005180636,0.310838157,-0.003928561
1775350502.815964,20.597567,1,1.160000,0.600000,0.100000,-25.884613037,0.019377373,1.162642390,-0.000835498
1775350502.822968,20.604570,1,1.160000,0.600000,0.100000,-25.884628296,-0.001516247,-0.090974802,0.002642897
1775350502.829356,20.610959,1,1.160000,0.600000,0.100000,-25.884674072,-0.012442072,-0.746524315,-0.002271122
1775350502.848105,20.629708,1,1.160000,0.600000,0.100000,-25.884567261,0.003140147,0.188408811,-0.000599391
1775350502.855964,20.637566,1,1.160000,0.600000,0.100000,-25.884658813,-0.000940838,-0.056450263,-0.002042379
1775350502.866739,20.648341,1,1.160000,0.600000,0.100000,-25.884643555,0.001336354,0.080181265,-0.002042031
1775350502.877207,20.658810,1,1.160000,0.600000,0.100000,-25.884658813,-0.002139626,-0.128377550,0.001438060
1775350502.884748,20.666350,1,1.160000,0.600000,0.100000,-25.884658813,-0.003602658,-0.216159504,-0.002271218
1775350502.894738,20.676340,1,1.160000,0.600000,0.100000,-25.884643555,0.009201436,0.552086178,-0.000603708
1775350502.911264,20.692866,1,1.160000,0.600000,0.100000,-25.884689331,-0.006534851,-0.392091069,0.000000000
1775350502.925416,20.707018,1,1.160000,0.600000,0.100000,-25.884597778,0.011700015,0.702000875,0.000130415
1775350502.932653,20.714256,1,1.160000,0.600000,0.100000,-25.884628296,-0.003193545,-0.191612695,0.002040487
1775350502.947477,20.729079,1,1.160000,0.600000,0.100000,-25.884628296,-0.003085401,-0.185124055,-0.002875755
1775350502.953969,20.735571,1,1.160000,0.600000,0.100000,-25.884658813,-0.009165053,-0.549903195,-0.002043044
1775350502.960442,20.742045,1,1.160000,0.600000,0.100000,-25.884460449,0.021100566,1.266033947,0.000000000
1775350502.966959,20.748561,1,1.160000,0.600000,0.100000,-25.884613037,-0.014683562,-0.881013740,-0.000601925
1775350502.973341,20.754944,1,1.160000,0.600000,0.100000,-25.884658813,-0.008514131,-0.510847885,-0.000604258
1775350502.997854,20.779456,1,1.160000,0.600000,0.100000,-25.884613037,0.016848179,1.010890715,-0.000835575
1775350503.013130,20.794733,1,1.160000,0.600000,0.100000,-25.884582520,-0.002775245,-0.166514707,-0.000837357
1775350503.022288,20.803890,1,1.160000,0.600000,0.100000,-25.884521484,0.014760748,0.885644909,-0.001437228
1775350503.032265,20.813867,1,1.160000,0.600000,0.100000,-25.884719849,-0.017270911,-1.036254689,0.003100001
1775350503.040517,20.822119,1,1.160000,0.600000,0.100000,-25.884658813,0.003495188,0.209711292,-0.002271455
1775350503.055295,20.836898,1,1.160000,0.600000,0.100000,-25.884689331,-0.016465943,-0.987956598,-0.001438241
1775350503.069445,20.851047,1,1.160000,0.600000,0.100000,-25.884628296,0.009016765,0.541005917,0.002875760
1775350503.078112,20.859714,1,1.160000,0.600000,0.100000,-25.884826660,-0.027313208,-1.638792492,0.002878071
1775350503.091134,20.872736,1,1.160000,0.600000,0.100000,-25.884735107,-0.002584467,-0.155068017,0.002047844
1775350503.102777,20.884379,1,1.160000,0.600000,0.100000,-25.884872437,-0.012054400,-0.723263975,0.001439233
1775350503.114416,20.896019,1,1.160000,0.600000,0.100000,-25.884857178,0.017933719,1.076023132,0.002262631
1775350503.121147,20.902749,1,1.160000,0.600000,0.100000,-25.884902954,-0.002391631,-0.143497861,-0.001642232
1775350503.128076,20.909679,1,1.160000,0.600000,0.100000,-25.885040283,-0.017703492,-1.062209532,0.002066760
1775350503.134888,20.916490,1,1.160000,0.600000,0.100000,-25.884933472,0.010258412,0.615504719,-0.004120399
1775350503.141344,20.922946,1,1.160000,0.600000,0.100000,-25.884887695,0.000860922,0.051655326,0.002878673
1775350503.148265,20.929867,1,1.160000,0.600000,0.100000,-25.885070801,-0.028959861,-1.737591662,0.000000000
1775350503.154802,20.936404,1,1.160000,0.600000,0.100000,-25.885055542,-0.005774764,-0.346485861,-0.001440178
1775350503.161356,20.942959,1,1.160000,0.600000,0.100000,-25.884918213,0.011518413,0.691104792,0.001439469
1775350503.167756,20.949358,1,1.160000,0.600000,0.100000,-25.884994507,-0.002815032,-0.168901943,-0.000623664
1775350503.181128,20.962730,1,1.160000,0.600000,0.100000,-25.885040283,0.012958991,0.777539480,0.000000000
1775350503.189281,20.970883,1,1.160000,0.600000,0.100000,-25.885055542,-0.010897432,-0.653845891,-0.000000000
1775350503.198780,20.980381,1,1.160000,0.600000,0.100000,-25.885147095,-0.017564742,-1.053884514,0.001440556
1775350503.210063,20.991665,1,1.160000,0.600000,0.100000,-25.885055542,-0.004081160,-0.244869618,-0.001440139
1775350503.220814,21.002416,1,1.160000,0.600000,0.100000,-25.885040283,0.006887512,0.413250737,-0.001627444
1775350503.234001,21.015603,1,1.160000,0.600000,0.100000,-25.884963989,0.006792625,0.407557525,-0.000195710
1775350503.244819,21.026422,1,1.160000,0.600000,0.100000,-25.885070801,-0.009919018,-0.595141053,0.001440219
1775350503.253432,21.035034,1,1.160000,0.600000,0.100000,-25.885101318,-0.018377883,-1.102673002,-0.000629944
1775350503.271583,21.053185,1,1.160000,0.600000,0.100000,-25.884963989,0.024578581,1.474714838,-0.000426608
1775350503.278293,21.059896,1,1.160000,0.600000,0.100000,-25.885055542,0.000360997,0.021659793,-0.002880268
1775350503.284859,21.066461,1,1.160000,0.600000,0.100000,-25.885040283,-0.009835345,-0.590120684,-0.000813972
1775350503.291354,21.072957,1,1.160000,0.600000,0.100000,-25.885025024,-0.008029506,-0.481770337,0.000625509
1775350503.297636,21.079239,1,1.160000,0.600000,0.100000,-25.884948730,0.003717612,0.223056721,-0.000818163
1775350503.303997,21.085599,1,1.160000,0.600000,0.100000,-25.884994507,0.005120450,0.307227010,-0.002256546
1775350503.310294,21.091896,1,1.160000,0.600000,0.100000,-25.884918213,0.009590155,0.575409327,0.001439448
1775350503.316627,21.098230,1,1.160000,0.600000,0.100000,-25.884994507,-0.004402525,-0.264151487,0.003503542
1775350503.323183,21.104785,1,1.160000,0.600000,0.100000,-25.884979248,0.001961770,0.117706214,0.000623197
1775350503.339303,21.120905,1,1.160000,0.600000,0.100000,-25.884902954,-0.001770299,-0.106217936,0.002058054
1775350503.349086,21.130688,1,1.160000,0.600000,0.100000,-25.884872437,0.023340005,1.400400326,0.002262034
1775350503.360005,21.141607,1,1.160000,0.600000,0.100000,-25.884918213,-0.020022517,-1.201351024,-0.000820137
1775350503.367525,21.149128,1,1.160000,0.600000,0.100000,-25.884826660,0.015836088,0.950165279,0.002053051
1775350503.376077,21.157679,1,1.160000,0.600000,0.100000,-25.884841919,0.005891744,0.353504643,0.002053625
1775350503.387233,21.168835,1,1.160000,0.600000,0.100000,-25.884857178,0.009090217,0.545413010,0.000823467
1775350503.401347,21.182950,1,1.160000,0.600000,0.100000,-25.884872437,-0.012963428,-0.777805690,-0.003700942
1775350503.415208,21.196810,1,1.160000,0.600000,0.100000,-25.884841919,0.006041724,0.362503454,0.000614671
1775350503.439262,21.220864,1,1.160000,0.600000,0.100000,-25.884948730,-0.022391530,-1.343491785,-0.002682358
1775350503.445697,21.227300,1,1.160000,0.600000,0.100000,-25.884857178,-0.000020578,-0.001234680,0.001439192
1775350503.452143,21.233746,1,1.160000,0.600000,0.100000,-25.884811401,0.011957116,0.717426986,-0.005142374
1775350503.458548,21.240151,1,1.160000,0.600000,0.100000,-25.884918213,-0.011629965,-0.697797909,0.000820046
1775350503.465019,21.246621,1,1.160000,0.600000,0.100000,-25.884918213,-0.006925606,-0.415536370,-0.000619014
1775350503.471699,21.253301,1,1.160000,0.600000,0.100000,-25.884826660,0.012172389,0.730343331,-0.002052959
1775350503.478083,21.259685,1,1.160000,0.600000,0.100000,-25.884933472,-0.005491141,-0.329468446,-0.001638342
1775350503.484429,21.266031,1,1.160000,0.600000,0.100000,-25.884948730,0.000180410,0.010824628,-0.001242766
1775350503.491036,21.272639,1,1.160000,0.600000,0.100000,-25.884887695,0.008931064,0.535863843,-0.004113872
1775350503.508489,21.290091,1,1.160000,0.600000,0.100000,-25.884948730,-0.010876011,-0.652560666,0.000818395
1775350503.519989,21.301592,1,1.160000,0.600000,0.100000,-25.884887695,-0.007069469,-0.424168166,-0.001439352
1775350503.527908,21.309510,1,1.160000,0.600000,0.100000,-25.884994507,-0.011317776,-0.679066535,-0.000192609
1775350503.537815,21.319417,1,1.160000,0.600000,0.100000,-25.884811401,0.011636747,0.698204823,-0.000213009
1775350503.548519,21.330121,1,1.160000,0.600000,0.100000,-25.884963989,-0.006737905,-0.404274277,-0.002061464
1775350503.561133,21.342736,1,1.160000,0.600000,0.100000,-25.884918213,-0.007624497,-0.457469830,-0.002878970
1775350503.568455,21.350057,1,1.160000,0.600000,0.100000,-25.885131836,-0.017056685,-1.023401096,-0.001440471
1775350503.577722,21.359323,1,1.160000,0.600000,0.100000,-25.884887695,0.019667087,1.180025227,-0.002260765
1775350503.584996,21.366599,1,1.160000,0.600000,0.100000,-25.884979248,-0.010149612,-0.608976725,0.000816978
1775350503.600100,21.381702,1,1.160000,0.600000,0.100000,-25.884933472,0.005406084,0.324365068,0.002258823
1775350503.606618,21.388220,1,1.160000,0.600000,0.100000,-25.885055542,-0.011614701,-0.696882047,0.000626745
1775350503.613429,21.395031,1,1.160000,0.600000,0.100000,-25.885009766,0.000160990,0.009659388,-0.001249200
1775350503.619759,21.401361,1,1.160000,0.600000,0.100000,-25.884948730,-0.006358393,-0.381503580,-0.000197784
1775350503.626108,21.407711,1,1.160000,0.600000,0.100000,-25.885009766,-0.009498714,-0.569922868,0.000815578
1775350503.632500,21.414103,1,1.160000,0.600000,0.100000,-25.884979248,0.005248947,0.314936824,-0.000817577
1775350503.638861,21.420463,1,1.160000,0.600000,0.100000,-25.884841919,0.009927791,0.595667437,0.000615010
1775350503.645234,21.426837,1,1.160000,0.600000,0.100000,-25.884963989,-0.020983640,-1.259018406,-0.000194664
1775350503.651897,21.433500,1,1.160000,0.600000,0.100000,-25.884948730,0.006061055,0.363663314,-0.000000000
1775350503.669105,21.450708,1,1.160000,0.600000,0.100000,-25.884902954,-0.010998469,-0.659908131,0.000618850
1775350503.677625,21.459227,1,1.160000,0.600000,0.100000,-25.884857178,0.008592305,0.515538286,-0.000615861
1775350503.687727,21.469330,1,1.160000,0.600000,0.100000,-25.885025024,-0.011405548,-0.684332885,-0.002690271
1775350503.700025,21.481627,1,1.160000,0.600000,0.100000,-25.884933472,0.003917533,0.235051978,0.001439588
1775350503.721095,21.502697,1,1.160000,0.600000,0.100000,-25.884918213,0.008042372,0.482542310,0.002259681
1775350503.733281,21.514883,1,1.160000,0.600000,0.100000,-25.884979248,-0.002099899,-0.125993961,-0.000193884
1775350503.741790,21.523392,1,1.160000,0.600000,0.100000,-25.885009766,-0.009791540,-0.587492399,-0.001439934
1775350503.759521,21.541123,1,1.160000,0.600000,0.100000,-25.885116577,0.001783165,0.106989874,-0.002071398
1775350503.766021,21.547623,1,1.160000,0.600000,0.100000,-25.885101318,-0.011498410,-0.689904615,0.000630088
1775350503.772434,21.554036,1,1.160000,0.600000,0.100000,-25.885086060,-0.003912876,-0.234772554,-0.002880642
1775350503.778846,21.560448,1,1.160000,0.600000,0.100000,-25.885040283,0.008620852,0.517251100,0.001064865
1775350503.785808,21.567411,1,1.160000,0.600000,0.100000,-25.884994507,0.009205448,0.552326906,-0.000623654
1775350503.792470,21.574073,1,1.160000,0.600000,0.100000,-25.885086060,-0.012708427,-0.762505643,-0.001440279
1775350503.798926,21.580528,1,1.160000,0.600000,0.100000,-25.885025024,0.005606023,0.336361360,-0.002254806
1775350503.805270,21.586873,1,1.160000,0.600000,0.100000,-25.884933472,0.013368058,0.802083481,-0.002060053
1775350503.811850,21.593453,1,1.160000,0.600000,0.100000,-25.884902954,0.003352294,0.201137611,0.001439377
1775350503.826653,21.608255,1,1.160000,0.600000,0.100000,-25.884887695,-0.004944352,-0.296661146,-0.001235600
1775350503.833991,21.615594,1,1.160000,0.600000,0.100000,-25.884857178,0.014357688,0.861461274,0.001647097
1775350503.845655,21.627258,1,1.160000,0.600000,0.100000,-25.884841919,-0.008426459,-0.505587514,0.001439033
1775350503.853171,21.634774,1,1.160000,0.600000,0.100000,-25.884826660,0.010995985,0.659759101,0.000000000
1775350503.867305,21.648908,1,1.160000,0.600000,0.100000,-25.884750366,0.001388330,0.083299773,-0.000828898
1775350503.880891,21.662494,1,1.160000,0.600000,0.100000,-25.884765625,0.020680180,1.240810789,-0.002659815
1775350503.888661,21.670263,1,1.160000,0.600000,0.100000,-25.884780884,0.001593407,0.095604400,0.001223456
1775350503.900288,21.681890,1,1.160000,0.600000,0.100000,-25.884826660,-0.003857770,-0.231466186,0.002053144
1775350503.910025,21.691627,1,1.160000,0.600000,0.100000,-25.884765625,0.009330953,0.559857208,-0.002877364
1775350503.920440,21.702043,1,1.160000,0.600000,0.100000,-25.884811401,-0.005585052,-0.335103124,0.003703270
1775350503.926980,21.708582,1,1.160000,0.600000,0.100000,-25.884796143,-0.003727179,-0.223630741,0.000826795
1775350503.933318,21.714920,1,1.160000,0.600000,0.100000,-25.884841919,-0.008247893,-0.494873598,0.002053876
1775350503.939669,21.721272,1,1.160000,0.600000,0.100000,-25.884902954,-0.009829276,-0.589756574,0.000618736
1775350503.946053,21.727656,1,1.160000,0.600000,0.100000,-25.884841919,0.010640955,0.638457276,-0.000209159
1775350503.952448,21.734051,1,1.160000,0.600000,0.100000,-25.884963989,-0.018892122,-1.133527346,-0.000000000
1775350503.958773,21.740376,1,1.160000,0.600000,0.100000,-25.884948730,0.002925843,0.175550608,0.002485551
1775350503.965178,21.746780,1,1.160000,0.600000,0.100000,-25.884902954,0.011502034,0.690122042,0.000000000
1775350503.971609,21.753212,1,1.160000,0.600000,0.100000,-25.884826660,0.010821531,0.649291836,-0.002877971
1775350503.988748,21.770351,1,1.160000,0.600000,0.100000,-25.884841919,0.028459556,1.707573384,0.000405961
1775350503.996670,21.778273,1,1.160000,0.600000,0.100000,-25.885086060,-0.025003394,-1.500203647,-0.001440270
1775350504.006338,21.787941,1,1.160000,0.600000,0.100000,-25.884994507,0.008260728,0.495643672,0.001246771
1775350504.014868,21.796470,1,1.160000,0.600000,0.100000,-25.885070801,-0.000206299,-0.012377962,0.002880368
1775350504.029319,21.810921,1,1.160000,0.600000,0.100000,-25.885009766,0.009914550,0.594873000,0.000815164
1775350504.042378,21.823980,1,1.160000,0.600000,0.100000,-25.885086060,-0.005048389,-0.302903317,0.000000000
1775350504.050483,21.832085,1,1.160000,0.600000,0.100000,-25.885070801,-0.002342685,-0.140561080,-0.004135711
1775350504.059461,21.841064,1,1.160000,0.600000,0.100000,-25.885025024,0.018914148,1.134848893,0.000434766
1775350504.066521,21.848123,1,1.160000,0.600000,0.100000,-25.885116577,-0.003611876,-0.216712556,-0.000000000
1775350504.080460,21.862063,1,1.160000,0.600000,0.100000,-25.885177612,-0.010948467,-0.656908024,0.001440709
1775350504.086775,21.868377,1,1.160000,0.600000,0.100000,-25.885238647,-0.004468879,-0.268132752,0.000803387
1775350504.093146,21.874749,1,1.160000,0.600000,0.100000,-25.885192871,0.002125993,0.127559588,-0.001440789
1775350504.099731,21.881333,1,1.160000,0.600000,0.100000,-25.885253906,-0.016533295,-0.991997682,0.002079789
1775350504.106007,21.887610,1,1.160000,0.600000,0.100000,-25.885192871,0.009698263,0.581895802,-0.003516295
1775350504.112344,21.893947,1,1.160000,0.600000,0.100000,-25.885208130,0.004840869,0.290452139,-0.002076395
1775350504.118707,21.900310,1,1.160000,0.600000,0.100000,-25.885238647,-0.004930036,-0.295802169,-0.001440997
1775350504.125022,21.906625,1,1.160000,0.600000,0.100000,-25.885314941,-0.002585507,-0.155130406,-0.000800061
1775350504.131474,21.913076,1,1.160000,0.600000,0.100000,-25.885238647,0.010546086,0.632765181,0.001607041
1775350504.148505,21.930107,1,1.160000,0.600000,0.100000,-25.885284424,0.000918020,0.055081212,0.000000000
1775350504.157133,21.938735,1,1.160000,0.600000,0.100000,-25.885223389,0.010535883,0.632152967,-0.001273504
1775350504.166970,21.948572,1,1.160000,0.600000,0.100000,-25.885314941,-0.006283899,-0.377033958,0.002240670
1775350504.174638,21.956241,1,1.160000,0.600000,0.100000,-25.885330200,0.000575216,0.034512944,0.000156845
1775350504.188105,21.969708,1,1.160000,0.600000,0.100000,-25.885314941,0.009195278,0.551716704,0.002882538
1775350504.201859,21.983462,1,1.160000,0.600000,0.100000,-25.885360718,-0.007918336,-0.475100186,0.002085612
1775350504.210165,21.991768,1,1.160000,0.600000,0.100000,-25.885421753,-0.018404434,-1.104266010,-0.001441700
1775350504.222703,22.004305,1,1.160000,0.600000,0.100000,-25.885406494,-0.010024128,-0.601447709,0.000147341
1775350504.238618,22.020221,1,1.160000,0.600000,0.100000,-25.885284424,0.013705777,0.822346620,-0.003043343
1775350504.245337,22.026939,1,1.160000,0.600000,0.100000,-25.885345459,0.007700617,0.462037018,-0.000154191
1775350504.251818,22.033421,1,1.160000,0.600000,0.100000,-25.885284424,-0.001291820,-0.077509184,-0.000801367
1775350504.258178,22.039780,1,1.160000,0.600000,0.100000,-25.885421753,-0.022026293,-1.321577579,0.001441652
1775350504.264540,22.046143,1,1.160000,0.600000,0.100000,-25.885406494,-0.004851462,-0.291087739,-0.000646651
1775350504.270990,22.052593,1,1.160000,0.600000,0.100000,-25.885345459,0.008026089,0.481565315,-0.002882774
1775350504.277499,22.059102,1,1.160000,0.600000,0.100000,-25.885498047,-0.010482205,-0.628932305,0.000651798
1775350504.283875,22.065477,1,1.160000,0.600000,0.100000,-25.885589600,-0.008784518,-0.527071059,0.000000000
1775350504.290355,22.071958,1,1.160000,0.600000,0.100000,-25.885620117,-0.008335609,-0.500136539,-0.000659348
1775350504.305579,22.087181,1,1.160000,0.600000,0.100000,-25.885620117,-0.010744412,-0.644664746,0.001317794
1775350504.314686,22.096289,1,1.160000,0.600000,0.100000,-25.885513306,0.019525284,1.171517037,-0.002094805
1775350504.326446,22.108048,1,1.160000,0.600000,0.100000,-25.885696411,-0.015177392,-0.910643544,0.000662551
1775350504.333629,22.115232,1,1.160000,0.600000,0.100000,-25.885635376,0.000768036,0.046082184,-0.001442396
1775350504.348990,22.130592,1,1.160000,0.600000,0.100000,-25.885559082,0.007944450,0.476666987,-0.001310337
1775350504.362132,22.143735,1,1.160000,0.600000,0.100000,-25.885650635,-0.015650798,-0.939047858,0.004205895
1775350504.370631,22.152233,1,1.160000,0.600000,0.100000,-25.885467529,0.016709384,1.002563015,0.000000000
1775350504.381105,22.162707,1,1.160000,0.600000,0.100000,-25.885665894,-0.021988576,-1.319314577,0.002223174
1775350504.391469,22.173071,1,1.160000,0.600000,0.100000,-25.885528564,0.019725218,1.183513105,0.004192360
1775350504.401746,22.183348,1,1.160000,0.600000,0.100000,-25.885833740,-0.020985676,-1.259140559,0.000670505
1775350504.408369,22.189972,1,1.160000,0.600000,0.100000,-25.885772705,0.009292182,0.557530895,0.000775242
1775350504.415432,22.197035,1,1.160000,0.600000,0.100000,-25.885818481,-0.005486091,-0.329165440,0.002317995
1775350504.421876,22.203479,1,1.160000,0.600000,0.100000,-25.885925293,-0.012759420,-0.765565205,0.003471702
1775350504.428311,22.209914,1,1.160000,0.600000,0.100000,-25.885818481,0.017937757,1.076265424,-0.000000000
1775350504.434693,22.216296,1,1.160000,0.600000,0.100000,-25.885848999,-0.000343015,-0.020580894,0.000200366
1775350504.441290,22.222893,1,1.160000,0.600000,0.100000,-25.885925293,-0.004340343,-0.260420563,0.002795012
1775350504.447704,22.229306,1,1.160000,0.600000,0.100000,-25.885879517,0.013347678,0.800860673,-0.002212302
1775350504.454034,22.235637,1,1.160000,0.600000,0.100000,-25.886001587,-0.005095315,-0.305718910,0.001443338
1775350504.470156,22.251759,1,1.160000,0.600000,0.100000,-25.886108398,0.000190583,0.011434978,0.001443562
1775350504.478799,22.260402,1,1.160000,0.600000,0.100000,-25.886154175,-0.009198751,-0.551925078,0.001377019
1775350504.488107,22.269710,1,1.160000,0.600000,0.100000,-25.886169434,-0.009097748,-0.545864906,-0.002197915
1775350504.495721,22.277324,1,1.160000,0.600000,0.100000,-25.886230469,0.004321546,0.259292778,-0.000751237
1775350504.509760,22.291363,1,1.160000,0.600000,0.100000,-25.886306763,0.004843908,0.290634474,-0.002837991
1775350504.524916,22.306519,1,1.160000,0.600000,0.100000,-25.886367798,-0.000512388,-0.030743253,-0.002887857
1775350504.536786,22.318389,1,1.160000,0.600000,0.100000,-25.886444092,-0.010057818,-0.603469089,0.002923025
1775350504.544309,22.325911,1,1.160000,0.600000,0.100000,-25.886459351,-0.016155833,-0.969350003,0.003626761
1775350504.555123,22.336725,1,1.160000,0.600000,0.100000,-25.886489868,-0.003238483,-0.194308958,0.000707186
1775350504.568027,22.349629,1,1.160000,0.600000,0.100000,-25.886596680,-0.010994399,-0.659663938,0.001444096
1775350504.574454,22.356057,1,1.160000,0.600000,0.100000,-25.886581421,0.007690406,0.461424384,-0.003619581
1775350504.581162,22.362762,1,1.160000,0.600000,0.100000,-25.886672974,-0.015234535,-0.914072078,-0.000727066
1775350504.587525,22.369128,1,1.160000,0.600000,0.100000,-25.886749268,-0.009624207,-0.577452444,0.002890560
1775350504.593939,22.375541,1,1.160000,0.600000,0.100000,-25.886840820,-0.022842519,-1.370551139,0.000726881
1775350504.600345,22.381948,1,1.160000,0.600000,0.100000,-25.886825562,-0.002001935,-0.120116095,0.000718364
1775350504.606646,22.388249,1,1.160000,0.600000,0.100000,-25.886886597,-0.006849122,-0.410947306,0.005018452
1775350504.613441,22.395044,1,1.160000,0.600000,0.100000,-25.886947632,-0.009192620,-0.551557224,-0.001444093
1775350504.630141,22.411744,1,1.160000,0.600000,0.100000,-25.887039185,-0.005389135,-0.323348092,0.002151401
1775350504.638399,22.420002,1,1.160000,0.600000,0.100000,-25.886978149,-0.006001275,-0.360076530,-0.000733507
1775350504.649249,22.430852,1,1.160000,0.600000,0.100000,-25.887054443,-0.006141044,-0.368462624,0.001444019
1775350504.656866,22.438469,1,1.160000,0.600000,0.100000,-25.886871338,0.006040699,0.362441959,-0.001466581
1775350504.671095,22.452697,1,1.160000,0.600000,0.100000,-25.886962891,-0.006249191,-0.374951446,0.000690556
1775350504.685315,22.466917,1,1.160000,0.600000,0.100000,-25.886978149,0.003629852,0.217791125,-0.001444077
1775350504.692994,22.474597,1,1.160000,0.600000,0.100000,-25.886993408,-0.001345891,-0.080753469,-0.001444061
1775350504.703337,22.484939,1,1.160000,0.600000,0.100000,-25.887039185,-0.002161067,-0.129664033,0.001444035
1775350504.711187,22.492789,1,1.160000,0.600000,0.100000,-25.887145996,-0.007724474,-0.463468451,0.002186391
1775350504.726873,22.508475,1,1.160000,0.600000,0.100000,-25.887268066,-0.004608646,-0.276518734,-0.000749496
1775350504.733385,22.514987,1,1.160000,0.600000,0.100000,-25.887420654,-0.014883553,-0.893013161,0.000686091
1775350504.739965,22.521568,1,1.160000,0.600000,0.100000,-25.887512207,-0.017055655,-1.023339294,-0.000000000
1775350504.746395,22.527998,1,1.160000,0.600000,0.100000,-25.887527466,-0.002478374,-0.148702450,-0.001443338
1775350504.752990,22.534592,1,1.160000,0.600000,0.100000,-25.887527466,0.007788375,0.467302501,0.001611493
1775350504.759318,22.540921,1,1.160000,0.600000,0.100000,-25.887619019,-0.015166153,-0.909969192,0.002211271
1775350504.765661,22.547263,1,1.160000,0.600000,0.100000,-25.887695312,-0.013815342,-0.828920491,0.000000000
1775350504.771947,22.553550,1,1.160000,0.600000,0.100000,-25.887802124,-0.017508639,-1.050518341,0.002107908
1775350504.790304,22.571907,1,1.160000,0.600000,0.100000,-25.887939453,-0.015763005,-0.945780315,0.002757082
1775350504.798835,22.580438,1,1.160000,0.600000,0.100000,-25.887847900,0.012408048,0.744482875,0.000118175
1775350504.809282,22.590884,1,1.160000,0.600000,0.100000,-25.887924194,-0.004584167,-0.275050029,0.001568933
1775350504.817696,22.599298,1,1.160000,0.600000,0.100000,-25.888000488,-0.010331213,-0.619872753,0.002884069
1775350504.831558,22.613161,1,1.160000,0.600000,0.100000,-25.887924194,-0.005431992,-0.325919520,-0.001442286
1775350504.844754,22.626356,1,1.160000,0.600000,0.100000,-25.888061523,-0.006701171,-0.402070284,0.002233465
1775350504.853794,22.635397,1,1.160000,0.600000,0.100000,-25.888122559,-0.007854050,-0.471243002,0.000147542
1775350504.866085,22.647687,1,1.160000,0.600000,0.100000,-25.888290405,-0.018052438,-1.083146296,0.001440917
1775350504.878355,22.659957,1,1.160000,0.600000,0.100000,-25.888488770,-0.017335199,-1.040111929,0.001440034
1775350504.889198,22.670801,1,1.160000,0.600000,0.100000,-25.888610840,-0.018149365,-1.088961884,0.000619034
1775350504.906703,22.688305,1,1.160000,0.600000,0.100000,-25.888671875,-0.015575285,-0.934517104,0.003294811
1775350504.913773,22.695376,1,1.160000,0.600000,0.100000,-25.889068604,-0.031098358,-1.865901500,0.003966998
1775350504.920592,22.702195,1,1.160000,0.600000,0.100000,-25.889282227,-0.029955678,-1.797340661,0.000855081
1775350504.927029,22.708632,1,1.160000,0.600000,0.100000,-25.889450073,-0.021705968,-1.302358098,0.001712783
1775350504.933686,22.715289,1,1.160000,0.600000,0.100000,-25.889648438,-0.034747768,-2.084866092,0.002306114
1775350504.940149,22.721751,1,1.160000,0.600000,0.100000,-25.889877319,-0.037849296,-2.270957753,0.000000000
1775350504.956249,22.737852,1,1.160000,0.600000,0.100000,-25.890274048,-0.017895328,-1.073719673,0.001427288
1775350504.963779,22.745382,1,1.160000,0.600000,0.100000,-25.890731812,-0.047523286,-2.851397172,0.001422520
1775350504.972186,22.753789,1,1.160000,0.600000,0.100000,-25.891204834,-0.044775762,-2.686545700,0.001417264
1775350504.980702,22.762305,1,1.160000,0.600000,0.100000,-25.891494751,-0.042920925,-2.575255483,0.002376636
1775350504.989659,22.771262,1,1.160000,0.600000,0.100000,-25.892059326,-0.057826716,-3.469602987,0.003800714
1775350504.999533,22.781135,1,1.160000,0.600000,0.100000,-25.892532349,-0.065467343,-3.928040564,0.002409795
1775350505.012881,22.794483,1,1.160000,0.600000,0.100000,-25.893249512,-0.058433741,-3.506024480,0.002429222
1775350505.020831,22.802434,1,1.160000,0.600000,0.100000,-25.893646240,-0.054681290,-3.280877396,0.004240681
1775350505.030494,22.812096,1,1.160000,0.600000,0.100000,-25.894058228,-0.057774659,-3.466479555,0.000783083
1775350505.040034,22.821637,1,1.160000,0.600000,0.100000,-25.894729614,-0.057791974,-3.467518464,0.005430323
1775350505.055088,22.836690,1,1.160000,0.600000,0.100000,-25.895874023,-0.072738595,-4.364315718,0.003992690
1775350505.062011,22.843613,1,1.160000,0.600000,0.100000,-25.896163940,-0.049415756,-2.964945361,-0.001323772
1775350505.068482,22.850085,1,1.160000,0.600000,0.100000,-25.896591187,-0.056266736,-3.376004174,0.003937864
1775350505.074992,22.856595,1,1.160000,0.600000,0.100000,-25.896942139,-0.048918925,-2.935135514,0.003797061
1775350505.082034,22.863637,1,1.160000,0.600000,0.100000,-25.897201538,-0.040970206,-2.458212376,0.004701169
1775350505.088410,22.870012,1,1.160000,0.600000,0.100000,-25.897476196,-0.041354828,-2.481289655,0.003866417
1775350505.095060,22.876663,1,1.160000,0.600000,0.100000,-25.897766113,-0.038154319,-2.289259136,-0.000061560
1775350505.101477,22.883080,1,1.160000,0.600000,0.100000,-25.898025513,-0.040523350,-2.431401014,0.001317229
1775350505.107860,22.889463,1,1.160000,0.600000,0.100000,-25.898300171,-0.033945810,-2.036748603,0.001264401
1775350505.122720,22.904322,1,1.160000,0.600000,0.100000,-25.898971558,-0.059119392,-3.547163531,0.004972106
1775350505.131728,22.913331,1,1.160000,0.600000,0.100000,-25.899307251,-0.056106631,-3.366397843,0.004964691
1775350505.142465,22.924067,1,1.160000,0.600000,0.100000,-25.899627686,-0.037250452,-2.235027105,0.001277959
1775350505.151585,22.933188,1,1.160000,0.600000,0.100000,-25.900207520,-0.048327252,-2.899635136,0.003697739
1775350505.166020,22.947623,1,1.160000,0.600000,0.100000,-25.900375366,-0.036339357,-2.180361450,-0.000000000
1775350505.179079,22.960682,1,1.160000,0.600000,0.100000,-25.901184082,-0.049725015,-2.983500883,0.002641703
1775350505.192048,22.973651,1,1.160000,0.600000,0.100000,-25.901504517,-0.039306227,-2.358373627,0.002482993
1775350505.200826,22.982429,1,1.160000,0.600000,0.100000,-25.901901245,-0.026384784,-1.583087035,0.001738082
1775350505.211482,22.993084,1,1.160000,0.600000,0.100000,-25.902160645,-0.019607274,-1.176436432,0.003817745
1775350505.222125,23.003728,1,1.160000,0.600000,0.100000,-25.902359009,-0.016928123,-1.015687399,0.001349202
1775350505.228460,23.010063,1,1.160000,0.600000,0.100000,-25.902694702,-0.039122567,-2.347353995,0.002463854
1775350505.234810,23.016413,1,1.160000,0.600000,0.100000,-25.902954102,-0.038134962,-2.288097739,0.005182806
1775350505.241277,23.022880,1,1.160000,0.600000,0.100000,-25.903076172,-0.022762898,-1.365773901,0.000546393
1775350505.247741,23.029344,1,1.160000,0.600000,0.100000,-25.903244019,-0.029345522,-1.760731302,0.003019077
1775350505.254680,23.036283,1,1.160000,0.600000,0.100000,-25.903488159,-0.031684972,-1.901098341,-0.001671321
1775350505.261415,23.043017,1,1.160000,0.600000,0.100000,-25.903472900,-0.006518548,-0.391112873,0.001074744
1775350505.267851,23.049454,1,1.160000,0.600000,0.100000,-25.903854370,-0.047192726,-2.831563577,-0.000321000
1775350505.274525,23.056129,1,1.160000,0.600000,0.100000,-25.904037476,-0.036320984,-2.179259062,0.003098677
1775350505.290111,23.071713,1,1.160000,0.600000,0.100000,-25.904144287,-0.015635516,-0.938130990,0.003816555
1775350505.298618,23.080221,1,1.160000,0.600000,0.100000,-25.904479980,-0.017437281,-1.046236865,0.003813586
1775350505.312915,23.094518,1,1.160000,0.600000,0.100000,-25.904769897,-0.036227159,-2.173629552,0.002792115
1775350505.320355,23.101958,1,1.160000,0.600000,0.100000,-25.905090332,-0.022582384,-1.354943030,0.003198575
1775350505.334500,23.116103,1,1.160000,0.600000,0.100000,-25.905578613,-0.018003536,-1.080212183,0.000426895
1775350505.348426,23.130029,1,1.160000,0.600000,0.100000,-25.905776978,-0.011630069,-0.697804168,0.000533816
1775350505.355845,23.137448,1,1.160000,0.600000,0.100000,-25.905960083,-0.015112168,-0.906730089,0.000964097
1775350505.364872,23.146475,1,1.160000,0.600000,0.100000,-25.906143188,-0.015614128,-0.936847664,0.003326161
1775350505.372540,23.154143,1,1.160000,0.600000,0.100000,-25.906234741,-0.008988650,-0.539318975,0.001882435
1775350505.386178,23.167781,1,1.160000,0.600000,0.100000,-25.906433105,-0.010418013,-0.625080764,0.000941694
1775350505.392563,23.174166,1,1.160000,0.600000,0.100000,-25.906372070,0.012632413,0.757944770,-0.002362902
1775350505.399006,23.180609,1,1.160000,0.600000,0.100000,-25.906463623,-0.008324469,-0.499468166,-0.000939453
1775350505.405391,23.186994,1,1.160000,0.600000,0.100000,-25.906585693,-0.000547130,-0.032827815,-0.000487121
1775350505.412179,23.193782,1,1.160000,0.600000,0.100000,-25.906860352,-0.035396721,-2.123803273,0.002847712
1775350505.418582,23.200186,1,1.160000,0.600000,0.100000,-25.906829834,-0.003753779,-0.225226739,0.002345844
1775350505.425250,23.206853,1,1.160000,0.600000,0.100000,-25.906814575,-0.002407059,-0.144423558,0.000422371
1775350505.431625,23.213228,1,1.160000,0.600000,0.100000,-25.906875610,-0.010157872,-0.609472319,-0.001424012
1775350505.438135,23.219738,1,1.160000,0.600000,0.100000,-25.906936646,0.000725093,0.043505584,0.000000000
1775350505.453230,23.234833,1,1.160000,0.600000,0.100000,-25.907089233,-0.011480117,-0.688807033,-0.000516635
1775350505.461074,23.242676,1,1.160000,0.600000,0.100000,-25.907241821,-0.010332343,-0.619940590,0.003907605
1775350505.470892,23.252495,1,1.160000,0.600000,0.100000,-25.907058716,0.004616323,0.276979404,0.000000000
1775350505.481349,23.262952,1,1.160000,0.600000,0.100000,-25.907165527,-0.014262328,-0.855739675,0.000000000
1775350505.491797,23.273401,1,1.160000,0.600000,0.100000,-25.907196045,-0.016751733,-1.005103961,0.002854494
1775350505.505072,23.286675,1,1.160000,0.600000,0.100000,-25.907196045,0.002074881,0.124492887,0.000522735
1775350505.515241,23.296845,1,1.160000,0.600000,0.100000,-25.907302856,-0.011241375,-0.674482528,0.001587014
1775350505.524137,23.305740,1,1.160000,0.600000,0.100000,-25.907409668,-0.006583952,-0.395037113,0.002858449
1775350505.532384,23.313988,1,1.160000,0.600000,0.100000,-25.907608032,-0.016038571,-0.962314233,0.001767006
1775350505.545061,23.326664,1,1.160000,0.600000,0.100000,-25.907440186,0.023379676,1.402780563,-0.001966741
1775350505.551872,23.333475,1,1.160000,0.600000,0.100000,-25.907669067,-0.030689321,-1.841359288,0.000000000
1775350505.558411,23.340014,1,1.160000,0.600000,0.100000,-25.907669067,-0.005767758,-0.346065508,0.000000000
1775350505.565434,23.347037,1,1.160000,0.600000,0.100000,-25.907608032,0.008645265,0.518715922,0.001768419
1775350505.572074,23.353677,1,1.160000,0.600000,0.100000,-25.907730103,-0.004841378,-0.290482678,0.001108785
1775350505.578677,23.360280,1,1.160000,0.600000,0.100000,-25.907623291,0.017007206,1.020432338,-0.000882941
1775350505.585051,23.366654,1,1.160000,0.600000,0.100000,-25.907608032,0.006898601,0.413916064,-0.000547410
1775350505.591480,23.373083,1,1.160000,0.600000,0.100000,-25.907791138,-0.024337271,-1.460236274,-0.001432536
1775350505.598093,23.379696,1,1.160000,0.600000,0.100000,-25.907638550,0.021474859,1.288491525,-0.001431277
1775350505.615078,23.396681,1,1.160000,0.600000,0.100000,-25.907791138,-0.018540230,-1.112413779,0.002624340
1775350505.627997,23.409600,1,1.160000,0.600000,0.100000,-25.907653809,0.005284575,0.317074489,-0.000000000
1775350505.636003,23.417606,1,1.160000,0.600000,0.100000,-25.907760620,-0.007622558,-0.457353489,-0.001752328
1775350505.646912,23.428515,1,1.160000,0.600000,0.100000,-25.907714844,-0.003598704,-0.215922240,-0.000878374
1775350505.657774,23.439377,1,1.160000,0.600000,0.100000,-25.907638550,0.014064826,0.843889564,0.001431298
1775350505.671930,23.453532,1,1.160000,0.600000,0.100000,-25.907684326,-0.005168869,-0.310132150,0.001431670
1775350505.680694,23.462297,1,1.160000,0.600000,0.100000,-25.907577515,0.004992779,0.299566733,-0.001090520
1775350505.690980,23.472583,1,1.160000,0.600000,0.100000,-25.907653809,-0.002057122,-0.123427324,0.001981224
1775350505.701407,23.483010,1,1.160000,0.600000,0.100000,-25.907638550,-0.013024772,-0.781486295,-0.000332164
1775350505.711509,23.493112,1,1.160000,0.600000,0.100000,-25.907623291,0.004033750,0.242024995,0.002527647
1775350505.718205,23.499808,1,1.160000,0.600000,0.100000,-25.907684326,-0.002671314,-0.160278822,0.000552269
1775350505.724676,23.506279,1,1.160000,0.600000,0.100000,-25.907684326,0.005977318,0.358639089,0.001431621
1775350505.731312,23.512915,1,1.160000,0.600000,0.100000,-25.907775879,-0.010619028,-0.637141708,0.001989876
1775350505.738485,23.520088,1,1.160000,0.600000,0.100000,-25.907882690,-0.013623659,-0.817419570,0.000000000
1775350505.744937,23.526540,1,1.160000,0.600000,0.100000,-25.907821655,0.007868859,0.472131539,-0.000313261
1775350505.751335,23.532938,1,1.160000,0.600000,0.100000,-25.907669067,0.012838479,0.770308748,0.000879991
1775350505.758173,23.539776,1,1.160000,0.600000,0.100000,-25.907745361,-0.004284322,-0.257059308,-0.001432140
1775350505.764430,23.546033,1,1.160000,0.600000,0.100000,-25.907852173,-0.012592192,-0.755531508,-0.003176024
1775350505.779169,23.560772,1,1.160000,0.600000,0.100000,-25.907730103,-0.004839341,-0.290360441,-0.000877403
1775350505.787853,23.569456,1,1.160000,0.600000,0.100000,-25.907806396,0.006475195,0.388511717,-0.001991420
1775350505.799912,23.581515,1,1.160000,0.600000,0.100000,-25.907836914,-0.016590545,-0.995432697,0.000560850
1775350505.817407,23.599009,1,1.160000,0.600000,0.100000,-25.907852173,-0.013091092,-0.785465520,-0.000871608
1775350505.830760,23.612363,1,1.160000,0.600000,0.100000,-25.907882690,-0.012208581,-0.732514858,0.002866635
1775350505.837945,23.619548,1,1.160000,0.600000,0.100000,-25.907791138,0.006831257,0.409875400,-0.000317007
1775350505.848353,23.629956,1,1.160000,0.600000,0.100000,-25.907913208,-0.018155601,-1.089336053,-0.000565381
1775350505.859051,23.640654,1,1.160000,0.600000,0.100000,-25.907791138,0.005465151,0.327909077,0.001432528
1775350505.869632,23.651235,1,1.160000,0.600000,0.100000,-25.907974243,-0.007441990,-0.446519377,0.002299455
1775350505.876454,23.658056,1,1.160000,0.600000,0.100000,-25.907806396,0.018140692,1.088441536,-0.000873649
1775350505.882719,23.664322,1,1.160000,0.600000,0.100000,-25.907974243,-0.019377854,-1.162671223,0.002573300
1775350505.889063,23.670666,1,1.160000,0.600000,0.100000,-25.908004761,-0.012525875,-0.751552507,0.000293389
1775350505.895348,23.676952,1,1.160000,0.600000,0.100000,-25.907989502,-0.001906127,-0.114367590,0.001434103
1775350505.901628,23.683232,1,1.160000,0.600000,0.100000,-25.907897949,0.012717067,0.763024036,0.000000000
1775350505.907992,23.689595,1,1.160000,0.600000,0.100000,-25.908004761,-0.010360911,-0.621654689,0.000570420
1775350505.914487,23.696090,1,1.160000,0.600000,0.100000,-25.908004761,-0.004447561,-0.266853673,-0.000000000
1775350505.920908,23.702511,1,1.160000,0.600000,0.100000,-25.907913208,0.010091973,0.605518352,0.000868654
1775350505.939002,23.720605,1,1.160000,0.600000,0.100000,-25.907867432,0.007731115,0.463866899,0.001433122
1775350505.946337,23.727940,1,1.160000,0.600000,0.100000,-25.907775879,0.019323157,1.159389429,0.002864863
1775350505.955987,23.737590,1,1.160000,0.600000,0.100000,-25.908004761,-0.021236751,-1.274205074,0.002868288
1775350505.964333,23.745937,1,1.160000,0.600000,0.100000,-25.907852173,0.013128213,0.787692759,-0.000561800
1775350505.979099,23.760702,1,1.160000,0.600000,0.100000,-25.907882690,0.003583801,0.215028059,-0.001739973
1775350505.991814,23.773417,1,1.160000,0.600000,0.100000,-25.907882690,-0.005209713,-0.312582767,0.000869485
1775350506.007036,23.788639,1,1.160000,0.600000,0.100000,-25.907836914,0.006786346,0.407180730,-0.002554345
1775350506.015323,23.796927,1,1.160000,0.600000,0.100000,-25.907821655,0.004059229,0.243553743,0.000627578
1775350506.030040,23.811643,1,1.160000,0.600000,0.100000,-25.907852173,0.000033339,0.002000360,0.002866025
1775350506.036541,23.818144,1,1.160000,0.600000,0.100000,-25.907928467,-0.010771079,-0.646264739,-0.000867646
1775350506.042937,23.824540,1,1.160000,0.600000,0.100000,-25.907974243,-0.004538396,-0.272303754,0.001137125
1775350506.049549,23.831152,1,1.160000,0.600000,0.100000,-25.907836914,0.011789631,0.707377866,0.001993414
1775350506.056059,23.837662,1,1.160000,0.600000,0.100000,-25.907974243,-0.016552813,-0.993168801,-0.000865318
1775350506.062431,23.844034,1,1.160000,0.600000,0.100000,-25.907943726,0.004218388,0.253103301,-0.000268382
1775350506.068797,23.850400,1,1.160000,0.600000,0.100000,-25.907745361,0.035598118,2.135887071,-0.000555577
1775350506.075115,23.856718,1,1.160000,0.600000,0.100000,-25.907821655,-0.007989871,-0.479392279,-0.001992573
1775350506.081796,23.863400,1,1.160000,0.600000,0.100000,-25.907974243,-0.009403939,-0.564236362,0.000296013
1775350506.097741,23.879344,1,1.160000,0.600000,0.100000,-25.907958984,-0.014447031,-0.866821837,-0.001135453
1775350506.106196,23.887799,1,1.160000,0.600000,0.100000,-25.907974243,0.012705815,0.762348901,0.000000000
1775350506.116418,23.898021,1,1.160000,0.600000,0.100000,-25.907867432,-0.000125820,-0.007549205,-0.002612728
1775350506.124311,23.905914,1,1.160000,0.600000,0.100000,-25.907836914,-0.000473728,-0.028423669,0.002304939
1775350506.138103,23.919706,1,1.160000,0.600000,0.100000,-25.907821655,0.006470073,0.388204353,0.001432729
1775350506.150555,23.932158,1,1.160000,0.600000,0.100000,-25.907867432,-0.002255083,-0.135304956,-0.002303432
1775350506.158376,23.939980,1,1.160000,0.600000,0.100000,-25.907852173,-0.010872076,-0.652324576,-0.000561698
1775350506.170732,23.952335,1,1.160000,0.600000,0.100000,-25.907958984,0.002533975,0.152038475,0.001136417
1775350506.181183,23.962786,1,1.160000,0.600000,0.100000,-25.908020020,-0.018506581,-1.110394858,-0.000000000
1775350506.194182,23.975785,1,1.160000,0.600000,0.100000,-25.907882690,0.002483967,0.149038048,-0.003430142
1775350506.200581,23.982185,1,1.160000,0.600000,0.100000,-25.907882690,0.002230947,0.133856842,-0.003173372
1775350506.206999,23.988602,1,1.160000,0.600000,0.100000,-25.907913208,-0.007413438,-0.444806283,-0.002867060
1775350506.213414,23.995017,1,1.160000,0.600000,0.100000,-25.907852173,0.011124443,0.667466596,-0.000561267
1775350506.219736,24.001339,1,1.160000,0.600000,0.100000,-25.907852173,0.001885092,0.113105520,-0.000871489
1775350506.226123,24.007726,1,1.160000,0.600000,0.100000,-25.907791138,0.007223018,0.433381107,-0.000632498
1775350506.232490,24.014093,1,1.160000,0.600000,0.100000,-25.907714844,0.014149475,0.848968495,0.000878011
1775350506.238794,24.020397,1,1.160000,0.600000,0.100000,-25.907806396,-0.012605479,-0.756328739,-0.004298190
1775350506.255522,24.037125,1,1.160000,0.600000,0.100000,-25.907775879,-0.002362201,-0.141732031,-0.005172220
1775350506.265085,24.046688,1,1.160000,0.600000,0.100000,-25.907714844,-0.008510210,-0.510612577,0.002310164
1775350506.276005,24.057608,1,1.160000,0.600000,0.100000,-25.907714844,-0.000412512,-0.024750730,-0.000878366
1775350506.286532,24.068135,1,1.160000,0.600000,0.100000,-25.907775879,-0.004641434,-0.278486051,-0.000318568
1775350506.296760,24.078363,1,1.160000,0.600000,0.100000,-25.907806396,-0.011262830,-0.675769821,0.000000000
1775350506.312114,24.093718,1,1.160000,0.600000,0.100000,-25.907791138,0.005287614,0.317256851,0.000557931
1775350506.322311,24.103914,1,1.160000,0.600000,0.100000,-25.907836914,-0.011114891,-0.666893441,0.001122250
1775350506.331941,24.113544,1,1.160000,0.600000,0.100000,-25.907791138,0.006128292,0.367697524,-0.001432460
1775350506.339724,24.121327,1,1.160000,0.600000,0.100000,-25.907958984,-0.030391434,-1.823486052,-0.000567955
1775350506.351492,24.133095,1,1.160000,0.600000,0.100000,-25.907821655,0.006037489,0.362249315,0.001432755
1775350506.357889,24.139492,1,1.160000,0.600000,0.100000,-25.907836914,0.006782271,0.406936286,-0.001744858
1775350506.364341,24.145944,1,1.160000,0.600000,0.100000,-25.907852173,0.004249000,0.254940027,-0.001742074
1775350506.370903,24.152506,1,1.160000,0.600000,0.100000,-25.907684326,0.023285778,1.397146694,-0.003743366
1775350506.377234,24.158838,1,1.160000,0.600000,0.100000,-25.907852173,-0.014040965,-0.842457879,0.003428002
1775350506.383709,24.165312,1,1.160000,0.600000,0.100000,-25.907852173,0.000070065,0.004203914,0.000871089
1775350506.390059,24.171662,1,1.160000,0.600000,0.100000,-25.907791138,0.014409626,0.864577554,-0.000316117
1775350506.396623,24.178226,1,1.160000,0.600000,0.100000,-25.907867432,-0.011320995,-0.679259710,0.002303417
1775350506.414351,24.195954,1,1.160000,0.600000,0.100000,-25.907730103,0.010484734,0.629084017,0.000877504
1775350506.421848,24.203451,1,1.160000,0.600000,0.100000,-25.907775879,0.001191311,0.071478670,-0.000240140
1775350506.431153,24.212756,1,1.160000,0.600000,0.100000,-25.907669067,0.000623049,0.037382935,-0.003193227
1775350506.439141,24.220744,1,1.160000,0.600000,0.100000,-25.907806396,-0.016408946,-0.984536782,0.001747447
1775350506.449117,24.230721,1,1.160000,0.600000,0.100000,-25.907745361,0.001294372,0.077662293,-0.001432126
1775350506.458387,24.239990,1,1.160000,0.600000,0.100000,-25.907867432,-0.007917429,-0.475045759,0.002866329
1775350506.470294,24.251897,1,1.160000,0.600000,0.100000,-25.907882690,-0.015068336,-0.904100183,-0.001739498
1775350506.478902,24.260506,1,1.160000,0.600000,0.100000,-25.907806396,0.008107584,0.486455038,-0.000873324
1775350506.489291,24.270894,1,1.160000,0.600000,0.100000,-25.907730103,0.017753001,1.065180078,-0.001432028
1775350506.498185,24.279788,1,1.160000,0.600000,0.100000,-25.907852173,0.000187415,0.011244871,0.003175400
1775350506.512794,24.294397,1,1.160000,0.600000,0.100000,-25.907928467,-0.025841109,-1.550466567,-0.001734479
1775350506.519206,24.300810,1,1.160000,0.600000,0.100000,-25.907974243,-0.010149716,-0.608982984,0.004029279
1775350506.525589,24.307193,1,1.160000,0.600000,0.100000,-25.907699585,0.028068716,1.684122942,-0.003742730
1775350506.531905,24.313509,1,1.160000,0.600000,0.100000,-25.907928467,-0.018228028,-1.093681678,0.004867136
1775350506.538197,24.319801,1,1.160000,0.600000,0.100000,-25.907821655,0.014497396,0.869843736,-0.002865684
1775350506.544554,24.326157,1,1.160000,0.600000,0.100000,-25.907806396,-0.002474406,-0.148464376,-0.000873618
1775350506.551059,24.332663,1,1.160000,0.600000,0.100000,-25.907867432,-0.004272075,-0.256324522,0.000562520
1775350506.557440,24.339043,1,1.160000,0.600000,0.100000,-25.907745361,0.012863985,0.771839116,-0.001753092
1775350506.563702,24.345306,1,1.160000,0.600000,0.100000,-25.907897949,-0.021086765,-1.265205927,0.000303772
1775350506.579899,24.361502,1,1.160000,0.600000,0.100000,-25.907806396,0.009227818,0.553669073,-0.001991355
1775350506.587882,24.369486,1,1.160000,0.600000,0.100000,-25.907958984,-0.014738793,-0.884327609,0.000000000
1775350506.599669,24.381272,1,1.160000,0.600000,0.100000,-25.907730103,0.014097461,0.845847689,-0.000554484
1775350506.609282,24.390885,1,1.160000,0.600000,0.100000,-25.907928467,-0.027209260,-1.632555574,-0.002301059
1775350506.624844,24.406446,1,1.160000,0.600000,0.100000,-25.907852173,0.009759372,0.585562326,-0.002866011
1775350506.636816,24.418420,1,1.160000,0.600000,0.100000,-25.907684326,0.021349370,1.280962229,0.002311723
1775350506.646038,24.427641,1,1.160000,0.600000,0.100000,-25.907867432,-0.014016463,-0.840987805,0.002303937
1775350506.656581,24.438184,1,1.160000,0.600000,0.100000,-25.907821655,-0.010488443,-0.629306585,-0.000312502
1775350506.664123,24.445727,1,1.160000,0.600000,0.100000,-25.907943726,-0.001340898,-0.080453865,0.000866288
1775350506.678538,24.460141,1,1.160000,0.600000,0.100000,-25.907821655,-0.000618561,-0.037113674,-0.001745367
1775350506.685019,24.466622,1,1.160000,0.600000,0.100000,-25.907791138,0.011756009,0.705360565,-0.001432577
1775350506.691606,24.473210,1,1.160000,0.600000,0.100000,-25.907699585,0.015629888,0.937793255,-0.004847782
1775350506.698143,24.479747,1,1.160000,0.600000,0.100000,-25.907699585,0.000034390,0.002063415,-0.000552998
1775350506.704422,24.486025,1,1.160000,0.600000,0.100000,-25.907714844,0.001045454,0.062727251,0.002538928
1775350506.710789,24.492393,1,1.160000,0.600000,0.100000,-25.907745361,-0.005783055,-0.346983299,0.001432184
1775350506.717112,24.498715,1,1.160000,0.600000,0.100000,-25.907745361,-0.010922037,-0.655322224,-0.001111103
1775350506.723593,24.505196,1,1.160000,0.600000,0.100000,-25.907699585,0.000318019,0.019081132,0.001431850
1775350506.729990,24.511593,1,1.160000,0.600000,0.100000,-25.907699585,-0.001207251,-0.072435066,0.002310752
1775350506.744442,24.526045,1,1.160000,0.600000,0.100000,-25.907669067,0.006348697,0.380921848,-0.003192496
1775350506.753057,24.534660,1,1.160000,0.600000,0.100000,-25.907730103,-0.005406586,-0.324395159,-0.002309571
1775350506.762518,24.544122,1,1.160000,0.600000,0.100000,-25.907684326,0.008157598,0.489455871,0.002863299
1775350506.771237,24.552840,1,1.160000,0.600000,0.100000,-25.907684326,-0.003374252,-0.202455148,-0.000326962
1775350506.784322,24.565925,1,1.160000,0.600000,0.100000,-25.907623291,0.007570961,0.454257689,0.000000000
1775350506.796924,24.578527,1,1.160000,0.600000,0.100000,-25.907577515,0.005634532,0.338071939,-0.003407637
1775350506.806866,24.588469,1,1.160000,0.600000,0.100000,-25.907546997,0.008346344,0.500780661,-0.000543797
1775350506.813637,24.595241,1,1.160000,0.600000,0.100000,-25.907485962,0.007138378,0.428302707,0.003209902
1775350506.822145,24.603748,1,1.160000,0.600000,0.100000,-25.907485962,-0.005159675,-0.309580481,-0.000540258
1775350506.830988,24.612592,1,1.160000,0.600000,0.100000,-25.907546997,-0.000505310,-0.030318584,-0.000887001
1775350506.842297,24.623900,1,1.160000,0.600000,0.100000,-25.907562256,-0.003818052,-0.229083141,-0.001771889
1775350506.848948,24.630552,1,1.160000,0.600000,0.100000,-25.907424927,0.014592296,0.875537787,-0.001429451
1775350506.855309,24.636913,1,1.160000,0.600000,0.100000,-25.907531738,-0.003369142,-0.202148538,0.001430404
1775350506.862062,24.643665,1,1.160000,0.600000,0.100000,-25.907592773,-0.008292851,-0.497571062,-0.001769159
1775350506.868908,24.650511,1,1.160000,0.600000,0.100000,-25.907485962,0.010236874,0.614212453,0.003209949
1775350506.875262,24.656865,1,1.160000,0.600000,0.100000,-25.907608032,-0.011632102,-0.697926097,0.000883556
1775350506.881648,24.663251,1,1.160000,0.600000,0.100000,-25.907730103,-0.019356396,-1.161383763,-0.000554901
1775350506.888158,24.669761,1,1.160000,0.600000,0.100000,-25.907714844,-0.000441026,-0.026461532,-0.000000000
1775350506.903290,24.684894,1,1.160000,0.600000,0.100000,-25.907699585,-0.003706841,-0.222410490,-0.002863615
1775350506.912982,24.694585,1,1.160000,0.600000,0.100000,-25.907699585,-0.005330049,-0.319802938,-0.000000000
1775350506.923772,24.705375,1,1.160000,0.600000,0.100000,-25.907546997,0.015201395,0.912083723,-0.001430484
1775350506.932340,24.713943,1,1.160000,0.600000,0.100000,-25.907608032,-0.002827380,-0.169642777,-0.000883900
1775350506.946671,24.728274,1,1.160000,0.600000,0.100000,-25.907531738,-0.015063201,-0.903792065,-0.001972756
1775350506.958009,24.739613,1,1.160000,0.600000,0.100000,-25.907348633,0.015543174,0.932590440,-0.000532325
1775350506.967180,24.748783,1,1.160000,0.600000,0.100000,-25.907257080,-0.003811911,-0.228714631,-0.000373929
1775350506.977786,24.759389,1,1.160000,0.600000,0.100000,-25.907241821,-0.000363477,-0.021808624,0.001427660
1775350506.988053,24.769656,1,1.160000,0.600000,0.100000,-25.907211304,0.013742443,0.824546590,-0.000523685
1775350507.000084,24.781688,1,1.160000,0.600000,0.100000,-25.907394409,-0.014113354,-0.846801270,0.001964239
1775350507.006461,24.788065,1,1.160000,0.600000,0.100000,-25.907363892,0.006141606,0.368496375,-0.001597805
1775350507.012845,24.794448,1,1.160000,0.600000,0.100000,-25.907501221,-0.018320847,-1.099250838,-0.000888790
1775350507.019521,24.801125,1,1.160000,0.600000,0.100000,-25.907394409,0.006534400,0.392063996,0.000894004
1775350507.025956,24.807560,1,1.160000,0.600000,0.100000,-25.907394409,-0.003009998,-0.180599908,-0.001069082
1775350507.032308,24.813911,1,1.160000,0.600000,0.100000,-25.907546997,-0.025176896,-1.510613747,-0.002316883
1775350507.038845,24.820449,1,1.160000,0.600000,0.100000,-25.907363892,0.021099446,1.265966780,-0.001792031
1775350507.045200,24.826804,1,1.160000,0.600000,0.100000,-25.907363892,0.005687600,0.341256028,0.002494541
1775350507.063033,24.844636,1,1.160000,0.600000,0.100000,-25.907501221,-0.014074576,-0.844474565,0.002667922
1775350507.071127,24.852731,1,1.160000,0.600000,0.100000,-25.907455444,-0.010045622,-0.602737349,0.002859393
1775350507.083438,24.865041,1,1.160000,0.600000,0.100000,-25.907424927,-0.000746073,-0.044764350,-0.000000000
1775350507.092210,24.873813,1,1.160000,0.600000,0.100000,-25.907440186,0.002924774,0.175486431,-0.001429622
1775350507.107723,24.889327,1,1.160000,0.600000,0.100000,-25.907546997,-0.004028211,-0.241692681,-0.000342701
1775350507.122142,24.903745,1,1.160000,0.600000,0.100000,-25.907562256,-0.001727556,-0.103653360,-0.001633257
1775350507.130857,24.912460,1,1.160000,0.600000,0.100000,-25.907623291,-0.005616741,-0.337004447,-0.000000000
1775350507.138101,24.919704,1,1.160000,0.600000,0.100000,-25.907592773,-0.005792219,-0.347533124,-0.000674594
1775350507.147618,24.929222,1,1.160000,0.600000,0.100000,-25.907699585,-0.014017443,-0.841046590,0.000552799
1775350507.159441,24.941044,1,1.160000,0.600000,0.100000,-25.907577515,0.010403177,0.624190606,-0.001770696
1775350507.169862,24.951466,1,1.160000,0.600000,0.100000,-25.907623291,0.002515650,0.150939021,0.002862236
1775350507.176458,24.958062,1,1.160000,0.600000,0.100000,-25.907623291,0.008547355,0.512841325,0.001216917
1775350507.183106,24.964710,1,1.160000,0.600000,0.100000,-25.907653809,-0.003438500,-0.206309999,-0.004844635
1775350507.189523,24.971127,1,1.160000,0.600000,0.100000,-25.907638550,0.004742860,0.284571620,0.001980397
1775350507.196006,24.977610,1,1.160000,0.600000,0.100000,-25.907608032,0.000656766,0.039405953,-0.000547105
1775350507.202572,24.984176,1,1.160000,0.600000,0.100000,-25.907699585,-0.016928207,-1.015692428,0.002863667
1775350507.208965,24.990569,1,1.160000,0.600000,0.100000,-25.907714844,-0.004111869,-0.246712128,-0.000000000
1775350507.215343,24.996947,1,1.160000,0.600000,0.100000,-25.907653809,0.001910647,0.114638850,-0.001431362
1775350507.221925,25.003528,1,1.160000,0.600000,0.100000,-25.907638550,0.003423673,0.205420372,-0.000217530
1775350507.234982,25.016585,1,1.160000,0.600000,0.100000,-25.907806396,-0.015370290,-0.922217388,0.000873478
1775350507.244049,25.025652,1,1.160000,0.600000,0.100000,-25.907867432,-0.016355857,-0.981351435,-0.001433226
1775350507.250866,25.032470,1,1.160000,0.600000,0.100000,-25.907806396,0.002922722,0.175363314,0.001117752
1775350507.259823,25.041427,1,1.160000,0.600000,0.100000,-25.907775879,0.005349891,0.320993448,-0.003421689
1775350507.270198,25.051801,1,1.160000,0.600000,0.100000,-25.907821655,0.002113664,0.126819829,-0.001185177
1775350507.279925,25.061529,1,1.160000,0.600000,0.100000,-25.907775879,-0.010661854,-0.639711265,-0.002307764
1775350507.294547,25.076150,1,1.160000,0.600000,0.100000,-25.907745361,0.007225117,0.433507031,0.000555683
1775350507.302076,25.083680,1,1.160000,0.600000,0.100000,-25.907745361,0.005966137,0.357968202,0.001753906
1775350507.312348,25.093952,1,1.160000,0.600000,0.100000,-25.907821655,-0.014893832,-0.893629901,-0.000000000
1775350507.323795,25.105399,1,1.160000,0.600000,0.100000,-25.907730103,0.002305485,0.138329077,-0.001663007
1775350507.333712,25.115315,1,1.160000,0.600000,0.100000,-25.907730103,0.007694421,0.461665252,-0.001432013
1775350507.340332,25.121936,1,1.160000,0.600000,0.100000,-25.907592773,0.016517513,0.991050750,0.000546712
1775350507.346727,25.128331,1,1.160000,0.600000,0.100000,-25.907638550,0.006025303,0.361518161,-0.001431321
1775350507.353114,25.134717,1,1.160000,0.600000,0.100000,-25.907730103,-0.001253130,-0.075187795,0.001754841
1775350507.359533,25.141137,1,1.160000,0.600000,0.100000,-25.907592773,0.015193249,0.911594946,-0.002315043
1775350507.366024,25.147627,1,1.160000,0.600000,0.100000,-25.907699585,-0.012756401,-0.765384044,-0.001104855
1775350507.372507,25.154110,1,1.160000,0.600000,0.100000,-25.907714844,-0.001712230,-0.102733816,-0.002310194
1775350507.379575,25.161178,1,1.160000,0.600000,0.100000,-25.907577515,0.011114308,0.666858461,-0.001976433
1775350507.386050,25.167654,1,1.160000,0.600000,0.100000,-25.907592773,0.001035289,0.062117320,0.001976982
1775350507.404404,25.186007,1,1.160000,0.600000,0.100000,-25.907592773,-0.003186495,-0.191189703,0.002315426
1775350507.412671,25.194274,1,1.160000,0.600000,0.100000,-25.907653809,-0.009553850,-0.573230982,0.001099732
1775350507.423670,25.205273,1,1.160000,0.600000,0.100000,-25.907562256,0.005755973,0.345358355,0.001975353
1775350507.435395,25.216998,1,1.160000,0.600000,0.100000,-25.907592773,0.019817013,1.189020798,-0.001768157
1775350507.445607,25.227211,1,1.160000,0.600000,0.100000,-25.907760620,-0.020009320,-1.200559214,0.001752144
1775350507.456311,25.237914,1,1.160000,0.600000,0.100000,-25.907653809,0.007870957,0.472257435,0.001431482
1775350507.477897,25.259501,1,1.160000,0.600000,0.100000,-25.907638550,0.000795541,0.047732469,-0.002313250
1775350507.489021,25.270624,1,1.160000,0.600000,0.100000,-25.907592773,-0.010370030,-0.622201804,0.000338328
1775350507.500808,25.282411,1,1.160000,0.600000,0.100000,-25.907455444,0.002613627,0.156817627,-0.001968497
1775350507.509938,25.291542,1,1.160000,0.600000,0.100000,-25.907485962,-0.001599990,-0.095999425,-0.001429990
1775350507.518123,25.299727,1,1.160000,0.600000,0.100000,-25.907531738,0.002463645,0.147818704,0.002317972
1775350507.533299,25.314903,1,1.160000,0.600000,0.100000,-25.907714844,-0.019719582,-1.183174923,0.000000000
1775350507.539669,25.321273,1,1.160000,0.600000,0.100000,-25.907638550,0.014539275,0.872356519,-0.000332466
1775350507.546186,25.327790,1,1.160000,0.600000,0.100000,-25.907669067,-0.002548835,-0.152930073,-0.007157859
1775350507.552569,25.334172,1,1.160000,0.600000,0.100000,-25.907638550,0.009280930,0.556855816,0.002313066
1775350507.558995,25.340599,1,1.160000,0.600000,0.100000,-25.907562256,0.013192561,0.791553631,-0.003950284
1775350507.565612,25.347216,1,1.160000,0.600000,0.100000,-25.907653809,-0.004571974,-0.274318457,-0.001982027
1775350507.571991,25.353595,1,1.160000,0.600000,0.100000,-25.907714844,-0.015862020,-0.951721184,-0.000553660
1775350507.578255,25.359859,1,1.160000,0.600000,0.100000,-25.907592773,0.008489226,0.509353559,-0.001092425
1775350507.584667,25.366271,1,1.160000,0.600000,0.100000,-25.907623291,-0.011219896,-0.673193783,0.000882893
1775350507.600066,25.381669,1,1.160000,0.600000,0.100000,-25.907638550,0.010403207,0.624192394,0.000000000
1775350507.609783,25.391386,1,1.160000,0.600000,0.100000,-25.907684326,-0.004590339,-0.275420370,0.000879555
1775350507.620849,25.402452,1,1.160000,0.600000,0.100000,-25.907669067,0.002919690,0.175181385,-0.000330538
1775350507.639696,25.421300,1,1.160000,0.600000,0.100000,-25.907653809,0.000385402,0.023124111,0.002862916
1775350507.652450,25.434053,1,1.160000,0.600000,0.100000,-25.907684326,-0.001457161,-0.087429655,-0.002311562
1775350507.662011,25.443614,1,1.160000,0.600000,0.100000,-25.907638550,0.005862086,0.351725165,0.000000000
1775350507.671600,25.453204,1,1.160000,0.600000,0.100000,-25.907699585,-0.001893830,-0.113629787,-0.001431854
1775350507.679088,25.460692,1,1.160000,0.600000,0.100000,-25.907653809,0.003946060,0.236763619,0.000000000
1775350507.692902,25.474505,1,1.160000,0.600000,0.100000,-25.907653809,0.000043617,0.002616995,-0.000550692
1775350507.699322,25.480925,1,1.160000,0.600000,0.100000,-25.907669067,-0.007357256,-0.441435333,0.000330273
1775350507.706446,25.488049,1,1.160000,0.600000,0.100000,-25.907684326,0.005718222,0.343093341,0.002311650
1775350507.712733,25.494337,1,1.160000,0.600000,0.100000,-25.907653809,0.003105372,0.186322303,0.000000000
1775350507.719170,25.500774,1,1.160000,0.600000,0.100000,-25.907638550,0.000988363,0.059301755,-0.000332798
1775350507.725534,25.507138,1,1.160000,0.600000,0.100000,-25.907608032,0.005984510,0.359070590,-0.001767356
1775350507.731905,25.513509,1,1.160000,0.600000,0.100000,-25.907531738,-0.000884816,-0.053088960,-0.001430311
1775350507.738213,25.519817,1,1.160000,0.600000,0.100000,-25.907546997,-0.001099070,-0.065944190,0.000342466
1775350507.744528,25.526132,1,1.160000,0.600000,0.100000,-25.907623291,-0.013177770,-0.790666211,0.001097707
1775350507.759968,25.541572,1,1.160000,0.600000,0.100000,-25.907592773,-0.003126300,-0.187577996,-0.001092344
1775350507.768329,25.549932,1,1.160000,0.600000,0.100000,-25.907546997,0.000139512,0.008370743,0.000000000
1775350507.779679,25.561283,1,1.160000,0.600000,0.100000,-25.907424927,0.004910179,0.294610737,0.000537136
1775350507.787017,25.568620,1,1.160000,0.600000,0.100000,-25.907562256,-0.023487359,-1.409241557,0.000885487
1775350507.800700,25.582304,1,1.160000,0.600000,0.100000,-25.907608032,-0.025345232,-1.520713940,0.005723916
1775350507.815889,25.597492,1,1.160000,0.600000,0.100000,-25.907516479,0.020605659,1.236339547,-0.000541858
1775350507.825827,25.607431,1,1.160000,0.600000,0.100000,-25.907684326,-0.026855184,-1.611311026,0.000223757
1775350507.836495,25.618098,1,1.160000,0.600000,0.100000,-25.907592773,0.016052313,0.963138789,0.000546258
1775350507.845522,25.627126,1,1.160000,0.600000,0.100000,-25.907623291,-0.000072682,-0.004360901,-0.001431151
1775350507.852336,25.633939,1,1.160000,0.600000,0.100000,-25.907669067,-0.001693856,-0.101631379,0.001431561
1775350507.863142,25.644746,1,1.160000,0.600000,0.100000,-25.907806396,-0.023501627,-1.410097629,0.002865453
1775350507.869619,25.651222,1,1.160000,0.600000,0.100000,-25.907669067,0.014184240,0.851054415,0.000550936
1775350507.876039,25.657642,1,1.160000,0.600000,0.100000,-25.907653809,0.005218314,0.313098868,0.000549923
1775350507.882726,25.664330,1,1.160000,0.600000,0.100000,-25.907653809,0.001118962,0.067137724,0.000881703
1775350507.889149,25.670752,1,1.160000,0.600000,0.100000,-25.907638550,0.001148550,0.068913025,-0.002862588
1775350507.895869,25.677473,1,1.160000,0.600000,0.100000,-25.907592773,0.008455558,0.507333465,-0.001430911
1775350507.902307,25.683911,1,1.160000,0.600000,0.100000,-25.907714844,-0.017097538,-1.025852300,0.001431856
1775350507.908751,25.690355,1,1.160000,0.600000,0.100000,-25.907760620,-0.012886978,-0.773218665,0.000876151
1775350507.915163,25.696767,1,1.160000,0.600000,0.100000,-25.907653809,0.009396229,0.563773736,-0.001431409
1775350507.931093,25.712696,1,1.160000,0.600000,0.100000,-25.907852173,-0.017173033,-1.030381992,0.003176721
1775350507.938424,25.720028,1,1.160000,0.600000,0.100000,-25.907714844,0.004440892,0.266453549,-0.000554433
1775350507.948319,25.729923,1,1.160000,0.600000,0.100000,-25.907791138,-0.011861633,-0.711697955,-0.001432578
1775350507.957016,25.738620,1,1.160000,0.600000,0.100000,-25.907714844,0.004495986,0.269759176,0.000878051
1775350507.970465,25.752069,1,1.160000,0.600000,0.100000,-25.907836914,-0.011279074,-0.676744469,0.000560749
1775350507.984967,25.766570,1,1.160000,0.600000,0.100000,-25.907608032,0.010227735,0.613664109,0.001095574
1775350507.992424,25.774028,1,1.160000,0.600000,0.100000,-25.907546997,0.015451401,0.927084088,-0.001773715
1775350508.002378,25.783982,1,1.160000,0.600000,0.100000,-25.907608032,-0.007072581,-0.424354859,0.003745825
1775350508.009673,25.791277,1,1.160000,0.600000,0.100000,-25.907669067,-0.011378020,-0.682681203,0.001101323
1775350508.023183,25.804786,1,1.160000,0.600000,0.100000,-25.907730103,-0.019454286,-1.167257130,0.002309259
1775350508.030099,25.811703,1,1.160000,0.600000,0.100000,-25.907699585,0.000012023,0.000721403,0.000000000
1775350508.036529,25.818133,1,1.160000,0.600000,0.100000,-25.907684326,0.003451278,0.207076706,0.000879529
1775350508.042888,25.824491,1,1.160000,0.600000,0.100000,-25.907699585,-0.005763588,-0.345815308,-0.006053103
1775350508.049425,25.831029,1,1.160000,0.600000,0.100000,-25.907745361,-0.007359255,-0.441555278,0.001987653
1775350508.055814,25.837418,1,1.160000,0.600000,0.100000,-25.907913208,-0.025705328,-1.542319693,0.000564949
1775350508.062206,25.843809,1,1.160000,0.600000,0.100000,-25.907760620,0.017781662,1.066899709,-0.000875963
1775350508.068558,25.850162,1,1.160000,0.600000,0.100000,-25.907897949,-0.018038174,-1.082290448,0.000868843
1775350508.074873,25.856477,1,1.160000,0.600000,0.100000,-25.907852173,0.009024891,0.541493464,-0.002304100
1775350508.091956,25.873560,1,1.160000,0.600000,0.100000,-25.907821655,0.000692534,0.041552049,0.000873158
1775350508.103517,25.885120,1,1.160000,0.600000,0.100000,-25.907928467,-0.021192776,-1.271566562,0.001433591
1775350508.112254,25.893858,1,1.160000,0.600000,0.100000,-25.907882690,-0.000938841,-0.056330475,-0.001433232
1775350508.129392,25.910995,1,1.160000,0.600000,0.100000,-25.907852173,0.007635310,0.458118590,0.002304215
1775350508.143022,25.924626,1,1.160000,0.600000,0.100000,-25.907943726,0.001457730,0.087463825,-0.000866711
1775350508.154953,25.936557,1,1.160000,0.600000,0.100000,-25.907974243,0.005665229,0.339913750,0.002299249
1775350508.165072,25.946676,1,1.160000,0.600000,0.100000,-25.907867432,0.015985021,0.959101282,-0.003429185
1775350508.172534,25.954138,1,1.160000,0.600000,0.100000,-25.907974243,-0.001828482,-0.109708929,-0.002867863
1775350508.182559,25.964163,1,1.160000,0.600000,0.100000,-25.907913208,0.009630925,0.577855501,0.000565482
1775350508.189174,25.970778,1,1.160000,0.600000,0.100000,-25.907928467,-0.000099168,-0.005950073,-0.000301755
1775350508.195560,25.977164,1,1.160000,0.600000,0.100000,-25.907958984,-0.007187842,-0.431270516,-0.002867768
1775350508.201866,25.983470,1,1.160000,0.600000,0.100000,-25.908081055,-0.020520426,-1.231225580,0.001434737
1775350508.208258,25.989862,1,1.160000,0.600000,0.100000,-25.908081055,0.001919880,0.115192796,0.002009647
1775350508.214535,25.996140,1,1.160000,0.600000,0.100000,-25.908111572,-0.008295849,-0.497750938,-0.000000000
1775350508.220871,26.002475,1,1.160000,0.600000,0.100000,-25.908218384,-0.019005382,-1.140322946,-0.000000000
1775350508.227544,26.009148,1,1.160000,0.600000,0.100000,-25.908218384,0.007816894,0.469013639,0.000270151
1775350508.234092,26.015696,1,1.160000,0.600000,0.100000,-25.908187866,0.004282763,0.256965794,0.002598598
1775350508.248299,26.029903,1,1.160000,0.600000,0.100000,-25.908187866,0.004335817,0.260149045,0.002596912
1775350508.256315,26.037918,1,1.160000,0.600000,0.100000,-25.908081055,0.008058701,0.483522043,-0.000284414
1775350508.266699,26.048303,1,1.160000,0.600000,0.100000,-25.908126831,0.000369102,0.022146148,0.001435091
1775350508.277812,26.059416,1,1.160000,0.600000,0.100000,-25.908065796,0.002657519,0.159451151,0.002008790
1775350508.287211,26.068815,1,1.160000,0.600000,0.100000,-25.908157349,-0.008456024,-0.507361460,0.001435311
1775350508.302647,26.084250,1,1.160000,0.600000,0.100000,-25.907989502,0.015345314,0.920718815,-0.000294319
1775350508.314590,26.096193,1,1.160000,0.600000,0.100000,-25.908187866,-0.021916140,-1.314968392,0.000000000
1775350508.323156,26.104760,1,1.160000,0.600000,0.100000,-25.907989502,0.007042541,0.422552442,-0.003437932
1775350508.340434,26.122038,1,1.160000,0.600000,0.100000,-25.908096313,-0.004225059,-0.253503537,0.002010794
1775350508.346977,26.128580,1,1.160000,0.600000,0.100000,-25.907989502,-0.002339645,-0.140378675,-0.000864427
1775350508.353320,26.134924,1,1.160000,0.600000,0.100000,-25.908035278,-0.004432173,-0.265930379,0.000572064
1775350508.359693,26.141296,1,1.160000,0.600000,0.100000,-25.907852173,0.021613706,1.296822354,-0.001742232
1775350508.366139,26.147743,1,1.160000,0.600000,0.100000,-25.907958984,-0.013740901,-0.824454054,0.001135970
1775350508.372527,26.154131,1,1.160000,0.600000,0.100000,-25.908020020,-0.008081592,-0.484895501,-0.000862918
1775350508.378924,26.160528,1,1.160000,0.600000,0.100000,-25.908050537,-0.007904070,-0.474244226,-0.000861644
1775350508.385267,26.166871,1,1.160000,0.600000,0.100000,-25.907974243,0.009809454,0.588567238,-0.005166975
1775350508.391789,26.173393,1,1.160000,0.600000,0.100000,-25.908004761,-0.000165495,-0.009929719,0.001727098
1775350508.407677,26.189281,1,1.160000,0.600000,0.100000,-25.908096313,-0.003587405,-0.215244326,0.000000000
1775350508.418633,26.200236,1,1.160000,0.600000,0.100000,-25.908020020,0.010615448,0.636926908,-0.002578016
1775350508.428650,26.210254,1,1.160000,0.600000,0.100000,-25.908050537,0.004312368,0.258742059,-0.002584445
1775350508.444477,26.226081,1,1.160000,0.600000,0.100000,-25.907989502,-0.001039843,-0.062390591,0.000863981
1775350508.455940,26.237544,1,1.160000,0.600000,0.100000,-25.908004761,-0.003010969,-0.180658163,0.000000000
1775350508.463360,26.244964,1,1.160000,0.600000,0.100000,-25.908065796,-0.007858157,-0.471489429,0.000000000
1775350508.474829,26.256433,1,1.160000,0.600000,0.100000,-25.907928467,0.013882279,0.832936764,-0.002000093
1775350508.486021,26.267624,1,1.160000,0.600000,0.100000,-25.907989502,0.010774614,0.646476857,0.000000000
1775350508.495569,26.277173,1,1.160000,0.600000,0.100000,-25.908020020,-0.014371401,-0.862284042,0.000862643
1775350508.502347,26.283951,1,1.160000,0.600000,0.100000,-25.907989502,0.014211827,0.852709617,0.002298440
1775350508.508822,26.290426,1,1.160000,0.600000,0.100000,-25.907928467,0.004128724,0.247723432,-0.000301338
1775350508.515245,26.296849,1,1.160000,0.600000,0.100000,-25.908004761,-0.009229365,-0.553761888,-0.001434201
1775350508.521516,26.303120,1,1.160000,0.600000,0.100000,-25.908065796,-0.009555841,-0.573350452,0.001434685
1775350508.527790,26.309394,1,1.160000,0.600000,0.100000,-25.907913208,0.016128870,0.967732184,-0.001433478
1775350508.534249,26.315853,1,1.160000,0.600000,0.100000,-25.908004761,-0.012126859,-0.727611557,-0.000570551
1775350508.540608,26.322212,1,1.160000,0.600000,0.100000,-25.908111572,-0.008381527,-0.502891615,0.003446824
1775350508.547331,26.328935,1,1.160000,0.600000,0.100000,-25.908065796,0.001317955,0.079077326,-0.000287021
1775350508.562577,26.344181,1,1.160000,0.600000,0.100000,-25.908096313,-0.001764213,-0.105852764,0.000576360
1775350508.571930,26.353534,1,1.160000,0.600000,0.100000,-25.908126831,-0.006259422,-0.375565309,0.002013052
1775350508.582743,26.364347,1,1.160000,0.600000,0.100000,-25.908187866,-0.007192948,-0.431576874,0.000272845
1775350508.593172,26.374776,1,1.160000,0.600000,0.100000,-25.908142090,-0.002354938,-0.141296284,-0.000578295
1775350508.603731,26.385335,1,1.160000,0.600000,0.100000,-25.908111572,0.014766833,0.886009969,0.000000000
1775350508.616636,26.398240,1,1.160000,0.600000,0.100000,-25.908172607,-0.009328323,-0.559699405,0.000275633
1775350508.626841,26.408445,1,1.160000,0.600000,0.100000,-25.908142090,0.002534084,0.152045055,-0.001156528
1775350508.636643,26.418247,1,1.160000,0.600000,0.100000,-25.908157349,-0.015383485,-0.923009086,0.002870633
1775350508.660784,26.442387,1,1.160000,0.600000,0.100000,-25.907943726,0.025445761,1.526745670,-0.000566850
1775350508.667262,26.448866,1,1.160000,0.600000,0.100000,-25.907974243,-0.001945821,-0.116749259,-0.000865213
1775350508.673718,26.455322,1,1.160000,0.600000,0.100000,-25.907943726,0.000451757,0.027105428,-0.000866566
1775350508.680008,26.461612,1,1.160000,0.600000,0.100000,-25.907943726,0.000968001,0.058080055,-0.000298780
1775350508.686269,26.467873,1,1.160000,0.600000,0.100000,-25.907974243,-0.008712096,-0.522725768,-0.001433968
1775350508.692694,26.474298,1,1.160000,0.600000,0.100000,-25.908142090,-0.028656898,-1.719413884,-0.002593293
1775350508.699080,26.480683,1,1.160000,0.600000,0.100000,-25.908111572,0.002152507,0.129150404,0.001434975
1775350508.715453,26.497057,1,1.160000,0.600000,0.100000,-25.908172607,-0.014049009,-0.842940565,0.000580398
1775350508.724728,26.506332,1,1.160000,0.600000,0.100000,-25.908142090,0.001916824,0.115009428,-0.000000000
1775350508.734285,26.515889,1,1.160000,0.600000,0.100000,-25.908203125,-0.009498714,-0.569922868,0.002871353
1775350508.742500,26.524104,1,1.160000,0.600000,0.100000,-25.908111572,0.013589479,0.815368742,-0.000576452
1775350508.755713,26.537317,1,1.160000,0.600000,0.100000,-25.908172607,-0.013361356,-0.801681373,0.001160404
1775350508.771436,26.553041,1,1.160000,0.600000,0.100000,-25.908111572,0.004081791,0.244907476,0.001716490
1775350508.781726,26.563330,1,1.160000,0.600000,0.100000,-25.908187866,0.002282079,0.136924745,0.003143668
1775350508.789338,26.570942,1,1.160000,0.600000,0.100000,-25.908065796,0.015750350,0.945021026,-0.000860823
1775350508.798263,26.579867,1,1.160000,0.600000,0.100000,-25.908203125,0.005245899,0.314753931,-0.002017776
1775350508.809455,26.591059,1,1.160000,0.600000,0.100000,-25.908004761,0.025550848,1.533050872,-0.001727081
1775350508.816494,26.598098,1,1.160000,0.600000,0.100000,-25.908111572,-0.014088789,-0.845327340,-0.000281085
1775350508.822848,26.604452,1,1.160000,0.600000,0.100000,-25.908233643,-0.018398309,-1.103898548,0.002871647
1775350508.829182,26.610786,1,1.160000,0.600000,0.100000,-25.908035278,0.023618504,1.417110264,-0.001725003
1775350508.835563,26.617168,1,1.160000,0.600000,0.100000,-25.908065796,-0.004882090,-0.292925416,0.002009330
1775350508.841911,26.623515,1,1.160000,0.600000,0.100000,-25.908203125,-0.008901868,-0.534112081,0.002288894
1775350508.848681,26.630285,1,1.160000,0.600000,0.100000,-25.908020020,0.016995056,1.019703336,-0.002868572
1775350508.855049,26.636654,1,1.160000,0.600000,0.100000,-25.908004761,0.004217491,0.253049489,0.005458714
1775350508.865867,26.647471,1,1.160000,0.600000,0.100000,-25.908035278,0.001700542,0.102032509,-0.000289201
1775350508.874763,26.656367,1,1.160000,0.600000,0.100000,-25.908081055,-0.009441573,-0.566494390,-0.000859500
1775350508.883039,26.664644,1,1.160000,0.600000,0.100000,-25.908050537,0.003926715,0.235602921,-0.002869105
1775350508.895692,26.677295,1,1.160000,0.600000,0.100000,-25.908035278,0.000894539,0.053672350,0.001434465
1775350508.907142,26.688746,1,1.160000,0.600000,0.100000,-25.907913208,0.015645260,0.938715599,-0.002301500
1775350508.917217,26.698822,1,1.160000,0.600000,0.100000,-25.908096313,-0.006236983,-0.374218952,-0.000858538
1775350508.928871,26.710475,1,1.160000,0.600000,0.100000,-25.908172607,-0.005141235,-0.308474125,0.003725603
1775350508.938056,26.719660,1,1.160000,0.600000,0.100000,-25.908035278,0.012564128,0.753847696,-0.002006560
1775350508.948191,26.729795,1,1.160000,0.600000,0.100000,-25.908126831,-0.000721527,-0.043291594,0.003447842
1775350508.959131,26.740734,1,1.160000,0.600000,0.100000,-25.908050537,0.011495918,0.689755082,-0.000572858
1775350508.969456,26.751060,1,1.160000,0.600000,0.100000,-25.908187866,-0.002440647,-0.146438833,0.001708285
1775350508.975956,26.757560,1,1.160000,0.600000,0.100000,-25.908020020,0.013376229,0.802573711,-0.000852389
1775350508.982434,26.764038,1,1.160000,0.600000,0.100000,-25.908111572,-0.012310520,-0.738631189,-0.000857918
1775350508.988853,26.770457,1,1.160000,0.600000,0.100000,-25.908172607,-0.006341058,-0.380463498,0.000580747
1775350508.995234,26.776838,1,1.160000,0.600000,0.100000,-25.908157349,-0.001832589,-0.109955356,0.001711543
1775350509.001584,26.783188,1,1.160000,0.600000,0.100000,-25.908035278,0.020720987,1.243259199,0.002868869
1775350509.007946,26.789551,1,1.160000,0.600000,0.100000,-25.908111572,-0.001252064,-0.075123869,-0.000000000
1775350509.014619,26.796223,1,1.160000,0.600000,0.100000,-25.908065796,0.013402755,0.804165322,0.000000000
1775350509.021202,26.802806,1,1.160000,0.600000,0.100000,-25.908020020,0.008849395,0.530963726,0.000291123
1775350509.040005,26.821609,1,1.160000,0.600000,0.100000,-25.908096313,-0.001176560,-0.070593597,-0.000859158
1775350509.051399,26.833003,1,1.160000,0.600000,0.100000,-25.908050537,-0.004228122,-0.253687296,0.000573692
1775350509.059762,26.841366,1,1.160000,0.600000,0.100000,-25.908096313,0.001482197,0.088931790,-0.003152960
1775350509.069766,26.851370,1,1.160000,0.600000,0.100000,-25.908020020,0.006602809,0.396168530,0.002005470
1775350509.079232,26.860836,1,1.160000,0.600000,0.100000,-25.908050537,-0.003587418,-0.215245052,0.001434449
1775350509.092262,26.873866,1,1.160000,0.600000,0.100000,-25.907943726,0.003023777,0.181426615,0.000567195
1775350509.100585,26.882189,1,1.160000,0.600000,0.100000,-25.908020020,0.000529277,0.031756625,0.000571710
1775350509.110822,26.892425,1,1.160000,0.600000,0.100000,-25.907989502,0.004863284,0.291797016,-0.001729287
1775350509.118780,26.900384,1,1.160000,0.600000,0.100000,-25.908035278,-0.009876226,-0.592573564,-0.001723387
1775350509.133250,26.914854,1,1.160000,0.600000,0.100000,-25.907897949,0.002577937,0.154676246,-0.000259642
1775350509.139630,26.921234,1,1.160000,0.600000,0.100000,-25.908096313,-0.020464336,-1.227860190,0.001434818
1775350509.145951,26.927555,1,1.160000,0.600000,0.100000,-25.907989502,0.008522914,0.511374827,-0.000570010
1775350509.152477,26.934082,1,1.160000,0.600000,0.100000,-25.907913208,0.003565541,0.213932474,0.000565259
1775350509.159091,26.940695,1,1.160000,0.600000,0.100000,-25.907989502,-0.003478243,-0.208694595,-0.001139484
1775350509.165448,26.947052,1,1.160000,0.600000,0.100000,-25.908004761,-0.000623591,-0.037415489,-0.002004432
1775350509.171807,26.953411,1,1.160000,0.600000,0.100000,-25.907913208,0.015372848,0.922370888,-0.001999604
1775350509.178260,26.959864,1,1.160000,0.600000,0.100000,-25.907928467,0.000733331,0.043999875,0.000867139
1775350509.184684,26.966288,1,1.160000,0.600000,0.100000,-25.907928467,-0.003098713,-0.185922752,-0.000000000
1775350509.199440,26.981045,1,1.160000,0.600000,0.100000,-25.907943726,-0.005750338,-0.345020257,-0.002867487
1775350509.207784,26.989389,1,1.160000,0.600000,0.100000,-25.908004761,-0.004446452,-0.266787149,-0.003439056
1775350509.218496,27.000100,1,1.160000,0.600000,0.100000,-25.907974243,-0.007047058,-0.422823457,0.000000000
1775350509.229482,27.011085,1,1.160000,0.600000,0.100000,-25.907943726,0.005583600,0.335015981,0.000299253
1775350509.238951,27.020555,1,1.160000,0.600000,0.100000,-25.907943726,0.013065073,0.783904362,-0.000567169
1775350509.252470,27.034074,1,1.160000,0.600000,0.100000,-25.908035278,-0.009007967,-0.540478025,-0.004303265
1775350509.261211,27.042815,1,1.160000,0.600000,0.100000,-25.907913208,0.017416419,1.044985168,-0.002564571
1775350509.271575,27.053179,1,1.160000,0.600000,0.100000,-25.907897949,-0.002278440,-0.136706382,0.001997528
1775350509.279714,27.061319,1,1.160000,0.600000,0.100000,-25.907836914,0.011261255,0.675675329,0.000000000
1775350509.294095,27.075700,1,1.160000,0.600000,0.100000,-25.907730103,0.005341790,0.320507409,-0.001432102
1775350509.300560,27.082164,1,1.160000,0.600000,0.100000,-25.907775879,0.002258600,0.135516026,0.001749875
1775350509.307459,27.089064,1,1.160000,0.600000,0.100000,-25.907867432,-0.010843421,-0.650605280,-0.000870795
1775350509.314358,27.095963,1,1.160000,0.600000,0.100000,-25.907745361,0.014722937,0.883376207,-0.005728567
1775350509.320769,27.102373,1,1.160000,0.600000,0.100000,-25.907653809,0.007578151,0.454689050,-0.001099641
1775350509.327220,27.108824,1,1.160000,0.600000,0.100000,-25.907836914,-0.026937813,-1.616268754,0.003427184
1775350509.333591,27.115196,1,1.160000,0.600000,0.100000,-25.907806396,-0.007485787,-0.449147243,-0.000873495
1775350509.340030,27.121634,1,1.160000,0.600000,0.100000,-25.907775879,0.004451100,0.267066015,-0.001751286
1775350509.347008,27.128613,1,1.160000,0.600000,0.100000,-25.907821655,-0.002954868,-0.177292088,0.000560221
1775350509.363495,27.145099,1,1.160000,0.600000,0.100000,-25.907928467,-0.004013875,-0.240832530,-0.001999467
1775350509.370722,27.152326,1,1.160000,0.600000,0.100000,-25.907852173,0.012103978,0.726238657,0.001433035
1775350509.384721,27.166325,1,1.160000,0.600000,0.100000,-25.907852173,0.003580837,0.214850195,0.003989618
1775350509.393464,27.175068,1,1.160000,0.600000,0.100000,-25.907943726,-0.002224365,-0.133461929,-0.003166692
1775350509.409723,27.191327,1,1.160000,0.600000,0.100000,-25.907882690,-0.000078788,-0.004727306,-0.000305844
1775350509.424656,27.206260,1,1.160000,0.600000,0.100000,-25.907913208,0.002018844,0.121130613,-0.001433455
1775350509.434206,27.215810,1,1.160000,0.600000,0.100000,-25.907897949,0.000677224,0.040633423,-0.001433430
1775350509.445324,27.226928,1,1.160000,0.600000,0.100000,-25.907882690,0.002494285,0.149657093,0.000563454
1775350509.453611,27.235215,1,1.160000,0.600000,0.100000,-25.907943726,-0.004120993,-0.247259578,0.000566804
1775350509.468389,27.249992,1,1.160000,0.600000,0.100000,-25.907791138,0.018379524,1.102771461,0.000000000
1775350509.474873,27.256478,1,1.160000,0.600000,0.100000,-25.907867432,-0.005590142,-0.335408533,-0.002866216
1775350509.481251,27.262855,1,1.160000,0.600000,0.100000,-25.907821655,0.003111541,0.186692448,0.001745875
1775350509.487635,27.269240,1,1.160000,0.600000,0.100000,-25.907836914,-0.003461910,-0.207714597,0.001121072
1775350509.493953,27.275558,1,1.160000,0.600000,0.100000,-25.907852173,-0.004021002,-0.241260091,-0.001433053
1775350509.500349,27.281953,1,1.160000,0.600000,0.100000,-25.907836914,0.004209328,0.252559679,-0.001432859
1775350509.506767,27.288372,1,1.160000,0.600000,0.100000,-25.907806396,0.008845330,0.530719813,-0.001991008
1775350509.513307,27.294911,1,1.160000,0.600000,0.100000,-25.907821655,-0.002209043,-0.132542560,0.000000000
1775350509.520037,27.301642,1,1.160000,0.600000,0.100000,-25.907897949,-0.011077030,-0.664621778,-0.000868711
1775350509.538340,27.319944,1,1.160000,0.600000,0.100000,-25.907913208,0.007947506,0.476850383,-0.000868134
1775350509.547844,27.329448,1,1.160000,0.600000,0.100000,-25.907791138,0.022067714,1.324062869,-0.001748308
1775350509.559326,27.340930,1,1.160000,0.600000,0.100000,-25.907882690,0.009967585,0.598055106,-0.000869612
1775350509.571003,27.352607,1,1.160000,0.600000,0.100000,-25.907791138,0.001533198,0.091991890,0.000000000
1775350509.586758,27.368362,1,1.160000,0.600000,0.100000,-25.907760620,0.006476289,0.388577348,-0.000875854
1775350509.602802,27.384406,1,1.160000,0.600000,0.100000,-25.907867432,0.009314616,0.558876973,-0.000871151
1775350509.610862,27.392465,1,1.160000,0.600000,0.100000,-25.907928467,-0.003100760,-0.186045603,0.002867307
1775350509.625186,27.406791,1,1.160000,0.600000,0.100000,-25.907897949,-0.006914444,-0.414866656,0.001433403
1775350509.635160,27.416764,1,1.160000,0.600000,0.100000,-25.907897949,-0.006715498,-0.402929876,-0.000868865
1775350509.650715,27.432320,1,1.160000,0.600000,0.100000,-25.907928467,0.011438772,0.686326325,-0.002301019
1775350509.657710,27.439314,1,1.160000,0.600000,0.100000,-25.908004761,-0.007904083,-0.474244952,-0.003731855
1775350509.664981,27.446585,1,1.160000,0.600000,0.100000,-25.907897949,0.010165506,0.609930363,-0.001997987
1775350509.671730,27.453334,1,1.160000,0.600000,0.100000,-25.907943726,-0.006086004,-0.365160238,0.002567596
1775350509.678385,27.459989,1,1.160000,0.600000,0.100000,-25.907882690,0.009698232,0.581893902,-0.002866613
1775350509.684796,27.466400,1,1.160000,0.600000,0.100000,-25.907760620,0.016644072,0.998644307,-0.002864665
1775350509.691218,27.472822,1,1.160000,0.600000,0.100000,-25.907836914,0.001466881,0.088012889,0.002865827
1775350509.697651,27.479255,1,1.160000,0.600000,0.100000,-25.907775879,0.008701450,0.522087011,0.000875284
1775350509.704037,27.485642,1,1.160000,0.600000,0.100000,-25.907882690,-0.014330619,-0.859837141,0.002866528
1775350509.718437,27.500041,1,1.160000,0.600000,0.100000,-25.907897949,0.003441049,0.206462927,-0.000868526
1775350509.727221,27.508825,1,1.160000,0.600000,0.100000,-25.907821655,0.001219973,0.073198406,-0.002305761
1775350509.736339,27.517943,1,1.160000,0.600000,0.100000,-25.907821655,-0.001982575,-0.118954475,0.000560216
1775350509.744521,27.526125,1,1.160000,0.600000,0.100000,-25.907775879,0.007798536,0.467912145,-0.001432385
1775350509.757824,27.539428,1,1.160000,0.600000,0.100000,-25.907913208,-0.015770182,-0.946210921,-0.000302503
1775350509.770172,27.551776,1,1.160000,0.600000,0.100000,-25.907913208,-0.007176644,-0.430598650,0.000868235
1775350509.777897,27.559502,1,1.160000,0.600000,0.100000,-25.907928467,-0.003122186,-0.187331163,0.001999910
1775350509.787514,27.569118,1,1.160000,0.600000,0.100000,-25.907928467,0.001401587,0.084095229,-0.002602103
1775350509.796500,27.578104,1,1.160000,0.600000,0.100000,-25.908004761,-0.007908169,-0.474490151,-0.000570405
1775350509.810996,27.592600,1,1.160000,0.600000,0.100000,-25.907852173,0.008607584,0.516455043,-0.000561896
1775350509.817561,27.599165,1,1.160000,0.600000,0.100000,-25.907882690,0.000170145,0.010208675,-0.001127130
1775350509.823966,27.605571,1,1.160000,0.600000,0.100000,-25.907958984,-0.015676323,-0.940579399,-0.003435589
1775350509.830247,27.611851,1,1.160000,0.600000,0.100000,-25.907852173,0.011623434,0.697406027,-0.000310162
1775350509.836733,27.618337,1,1.160000,0.600000,0.100000,-25.907943726,-0.010291464,-0.617487822,0.001433768
1775350509.843118,27.624723,1,1.160000,0.600000,0.100000,-25.907882690,0.006739516,0.404370949,-0.002561372
1775350509.849571,27.631176,1,1.160000,0.600000,0.100000,-25.907958984,-0.004484221,-0.269053280,-0.002867614
1775350509.856037,27.637642,1,1.160000,0.600000,0.100000,-25.907897949,0.007275143,0.436508590,-0.001997626
1775350509.862349,27.643954,1,1.160000,0.600000,0.100000,-25.907852173,0.014099573,0.845974367,0.001123244
1775350509.877957,27.659561,1,1.160000,0.600000,0.100000,-25.907836914,0.015292237,0.917534195,-0.000560561
1775350509.887126,27.668731,1,1.160000,0.600000,0.100000,-25.907836914,-0.000529742,-0.031784526,-0.002865702
1775350509.897636,27.679240,1,1.160000,0.600000,0.100000,-25.907882690,-0.000904176,-0.054250587,0.002560659
1775350509.908194,27.689798,1,1.160000,0.600000,0.100000,-25.907836914,-0.002924265,-0.175455878,-0.000311166
1775350509.918559,27.700162,1,1.160000,0.600000,0.100000,-25.907791138,0.011268393,0.676103588,0.000558470
1775350509.929554,27.711159,1,1.160000,0.600000,0.100000,-25.907974243,-0.019323701,-1.159422062,0.000000000
1775350509.939088,27.720692,1,1.160000,0.600000,0.100000,-25.907943726,0.002677922,0.160675300,-0.001433776
1775350509.948201,27.729806,1,1.160000,0.600000,0.100000,-25.907821655,0.019695638,1.181738265,-0.001745332
1775350509.955700,27.737305,1,1.160000,0.600000,0.100000,-25.907943726,-0.006575713,-0.394542804,-0.000000000
1775350509.971078,27.752682,1,1.160000,0.600000,0.100000,-25.907989502,-0.007367429,-0.442045731,0.000569934
1775350509.977569,27.759173,1,1.160000,0.600000,0.100000,-25.907897949,0.014543395,0.872603729,-0.000000000
1775350509.984020,27.765624,1,1.160000,0.600000,0.100000,-25.907928467,-0.004897404,-0.293844212,-0.001433623
1775350509.990434,27.772039,1,1.160000,0.600000,0.100000,-25.907974243,-0.000383834,-0.023030037,0.001433971
1775350509.996839,27.778443,1,1.160000,0.600000,0.100000,-25.907928467,0.008752475,0.525148530,0.001734436
1775350510.003601,27.785205,1,1.160000,0.600000,0.100000,-25.907852173,0.010405269,0.624316167,-0.002304193
1775350510.010011,27.791615,1,1.160000,0.600000,0.100000,-25.907897949,-0.007175618,-0.430537099,0.000000000
1775350510.016358,27.797963,1,1.160000,0.600000,0.100000,-25.907852173,0.009780880,0.586852804,0.001994313
1775350510.022938,27.804542,1,1.160000,0.600000,0.100000,-25.907821655,0.002496318,0.149779078,0.001432839
1775350510.040708,27.822313,1,1.160000,0.600000,0.100000,-25.907882690,0.002304505,0.138270319,-0.000000000
1775350510.048975,27.830579,1,1.160000,0.600000,0.100000,-25.907882690,-0.000645031,-0.038701866,0.000000000
1775350510.061157,27.842761,1,1.160000,0.600000,0.100000,-25.907897949,-0.009700744,-0.582044665,0.001433363
1775350510.071994,27.853598,1,1.160000,0.600000,0.100000,-25.907699585,0.022115655,1.326939315,-0.003190526
1775350510.086122,27.867726,1,1.160000,0.600000,0.100000,-25.907760620,-0.007842869,-0.470572114,0.000556050
1775350510.099855,27.881459,1,1.160000,0.600000,0.100000,-25.907638550,0.018412154,1.104729250,-0.004626930
1775350510.108301,27.889905,1,1.160000,0.600000,0.100000,-25.907546997,0.007566940,0.454016374,-0.003747770
1775350510.119914,27.901518,1,1.160000,0.600000,0.100000,-25.907638550,-0.008888623,-0.533317365,-0.001431294
1775350510.129261,27.910865,1,1.160000,0.600000,0.100000,-25.907608032,0.008637166,0.518229939,-0.001431001
1775350510.142706,27.924311,1,1.160000,0.600000,0.100000,-25.907714844,-0.008574401,-0.514464062,0.001431892
1775350510.149177,27.930782,1,1.160000,0.600000,0.100000,-25.907699585,-0.006248242,-0.374894533,-0.000879004
1775350510.155770,27.937374,1,1.160000,0.600000,0.100000,-25.907669067,0.002894189,0.173651366,0.000328767
1775350510.162079,27.943684,1,1.160000,0.600000,0.100000,-25.907730103,-0.002888572,-0.173314344,-0.000554834
1775350510.168503,27.950107,1,1.160000,0.600000,0.100000,-25.907852173,-0.020828590,-1.249715388,0.005732200
1775350510.174847,27.956451,1,1.160000,0.600000,0.100000,-25.907806396,-0.000205324,-0.012319467,0.002551396
1775350510.181338,27.962943,1,1.160000,0.600000,0.100000,-25.907699585,0.003533874,0.212032436,-0.001431853
1775350510.187706,27.969311,1,1.160000,0.600000,0.100000,-25.907775879,-0.010336377,-0.620182604,-0.002307319
1775350510.194117,27.975722,1,1.160000,0.600000,0.100000,-25.907714844,0.015636036,0.938162170,0.002310318
1775350510.210722,27.992327,1,1.160000,0.600000,0.100000,-25.907852173,-0.006178877,-0.370732639,0.001742680
1775350510.223110,28.004714,1,1.160000,0.600000,0.100000,-25.907714844,0.005451946,0.327116735,-0.000878387
1775350510.230982,28.012586,1,1.160000,0.600000,0.100000,-25.907821655,0.000130344,0.007820630,-0.004611612
1775350510.248836,28.030440,1,1.160000,0.600000,0.100000,-25.907714844,0.010513390,0.630803425,0.001756819
1775350510.262361,28.043965,1,1.160000,0.600000,0.100000,-25.907882690,-0.026366487,-1.581989229,0.003123942
1775350510.275836,28.057440,1,1.160000,0.600000,0.100000,-25.907852173,-0.000620556,-0.037233353,-0.000561343
1775350510.285017,28.066622,1,1.160000,0.600000,0.100000,-25.907836914,0.014845372,0.890722331,-0.004298748
1775350510.298670,28.080274,1,1.160000,0.600000,0.100000,-25.907745361,0.006195714,0.371742854,0.002541790
1775350510.305410,28.087015,1,1.160000,0.600000,0.100000,-25.907653809,0.016383899,0.983033963,0.000000000
1775350510.311707,28.093312,1,1.160000,0.600000,0.100000,-25.907714844,0.000457851,0.027471064,-0.001431866
1775350510.318080,28.099684,1,1.160000,0.600000,0.100000,-25.907638550,0.015525873,0.931552369,-0.000548965
1775350510.324640,28.106244,1,1.160000,0.600000,0.100000,-25.907669067,0.005138742,0.308324536,0.001431562
1775350510.331463,28.113068,1,1.160000,0.600000,0.100000,-25.907684326,0.005912090,0.354725411,-0.002863184
1775350510.337982,28.119587,1,1.160000,0.600000,0.100000,-25.907546997,0.010255283,0.615316965,-0.003204356
1775350510.344290,28.125895,1,1.160000,0.600000,0.100000,-25.907470703,0.006371199,0.382271921,0.001242631
1775350510.350867,28.132472,1,1.160000,0.600000,0.100000,-25.907546997,-0.011925903,-0.715554189,-0.001632415
1775350510.367206,28.148811,1,1.160000,0.600000,0.100000,-25.907577515,-0.017474003,-1.048440188,0.000000000
1775350510.376034,28.157639,1,1.160000,0.600000,0.100000,-25.907424927,0.014410740,0.864644386,-0.000180610
1775350510.388056,28.169661,1,1.160000,0.600000,0.100000,-25.907592773,-0.003004872,-0.180292334,-0.000884470
1775350510.396544,28.178148,1,1.160000,0.600000,0.100000,-25.907592773,0.004253161,0.255189640,-0.000884662
1775350510.410585,28.192189,1,1.160000,0.600000,0.100000,-25.907562256,0.008356595,0.501395725,0.000000000
1775350510.425252,28.206857,1,1.160000,0.600000,0.100000,-25.907684326,-0.012565610,-0.753936600,0.002863335
1775350510.435149,28.216753,1,1.160000,0.600000,0.100000,-25.907623291,-0.006408431,-0.384505838,0.001431167
1775350510.445166,28.226770,1,1.160000,0.600000,0.100000,-25.907608032,0.002268767,0.136126019,-0.001095810
1775350510.455038,28.236642,1,1.160000,0.600000,0.100000,-25.907531738,0.001773948,0.106436906,-0.002860761
1775350510.469440,28.251044,1,1.160000,0.600000,0.100000,-25.907714844,-0.010625102,-0.637506098,0.000878602
1775350510.477901,28.259506,1,1.160000,0.600000,0.100000,-25.907760620,-0.013650129,-0.819007717,-0.000875613
1775350510.484784,28.266389,1,1.160000,0.600000,0.100000,-25.907669067,0.004167462,0.250047706,0.003414401
1775350510.491966,28.273571,1,1.160000,0.600000,0.100000,-25.907730103,-0.008708054,-0.522483252,-0.000877439
1775350510.498746,28.280351,1,1.160000,0.600000,0.100000,-25.907684326,0.003149251,0.188955045,0.000551801
1775350510.505776,28.287380,1,1.160000,0.600000,0.100000,-25.907653809,-0.005321858,-0.319311507,0.001431376
1775350510.512303,28.293907,1,1.160000,0.600000,0.100000,-25.907623291,-0.003022221,-0.181333283,0.001979546
1775350510.518753,28.300357,1,1.160000,0.600000,0.100000,-25.907653809,-0.008087745,-0.485264696,-0.000330689
1775350510.525457,28.307061,1,1.160000,0.600000,0.100000,-25.907608032,0.005634569,0.338074146,0.003745523
1775350510.542453,28.324058,1,1.160000,0.600000,0.100000,-25.907592773,0.008627971,0.517678242,-0.001430932
1775350510.550885,28.332490,1,1.160000,0.600000,0.100000,-25.907669067,-0.011026063,-0.661563780,0.001102096
1775350510.562251,28.343855,1,1.160000,0.600000,0.100000,-25.907653809,-0.004720939,-0.283256331,-0.002862778
1775350510.571007,28.352612,1,1.160000,0.600000,0.100000,-25.907730103,-0.005720779,-0.343246730,0.002864198
1775350510.578436,28.360040,1,1.160000,0.600000,0.100000,-25.907699585,-0.009443658,-0.566619504,0.000000000
1775350510.588738,28.370343,1,1.160000,0.600000,0.100000,-25.907730103,0.012827291,0.769637469,0.001432005
1775350510.605792,28.387395,1,1.160000,0.600000,0.100000,-25.907714844,0.000334379,0.020062752,0.000553589
1775350510.614057,28.395661,1,1.160000,0.600000,0.100000,-25.907730103,0.000771040,0.046262413,0.001199661
1775350510.625891,28.407496,1,1.160000,0.600000,0.100000,-25.907852173,-0.013634844,-0.818090625,0.002865969
1775350510.635163,28.416766,1,1.160000,0.600000,0.100000,-25.907699585,0.015296286,0.917777158,-0.001105894
1775350510.642209,28.423813,1,1.160000,0.600000,0.100000,-25.907745361,-0.015700849,-0.942050926,0.001987393
1775350510.652800,28.434404,1,1.160000,0.600000,0.100000,-25.907730103,0.002902329,0.174139766,-0.004296331
1775350510.659314,28.440918,1,1.160000,0.600000,0.100000,-25.907730103,-0.003855784,-0.231347024,0.001432120
1775350510.666259,28.447863,1,1.160000,0.600000,0.100000,-25.907791138,0.003920541,0.235232441,0.001432520
1775350510.673034,28.454639,1,1.160000,0.600000,0.100000,-25.907730103,0.000704715,0.042282926,-0.001109506
1775350510.679575,28.461180,1,1.160000,0.600000,0.100000,-25.907775879,-0.009071288,-0.544277262,-0.000000000
1775350510.686406,28.468011,1,1.160000,0.600000,0.100000,-25.907699585,0.006920059,0.415203553,-0.000000000
1775350510.692829,28.474433,1,1.160000,0.600000,0.100000,-25.907669067,0.004449022,0.266941348,0.000880572
1775350510.700494,28.482099,1,1.160000,0.600000,0.100000,-25.907714844,0.000188467,0.011308043,0.003093254
1775350510.718406,28.500010,1,1.160000,0.600000,0.100000,-25.907821655,-0.013876653,-0.832599197,0.000873148
1775350510.726162,28.507767,1,1.160000,0.600000,0.100000,-25.907836914,-0.001098065,-0.065883924,0.004298663
1775350510.737040,28.518645,1,1.160000,0.600000,0.100000,-25.907867432,-0.010020122,-0.601207316,0.000870202
1775350510.773192,28.554797,1,1.160000,0.600000,0.100000,-25.907836914,0.006797626,0.407857541,-0.000561064
1775350510.782875,28.564480,1,1.160000,0.600000,0.100000,-25.907913208,0.002478922,0.148735335,0.001735987
1775350510.798173,28.579777,1,1.160000,0.600000,0.100000,-25.908020020,-0.002201971,-0.132118282,0.000291570
1775350510.810693,28.592297,1,1.160000,0.600000,0.100000,-25.907775879,0.008569788,0.514187291,0.001114428
1775350510.821165,28.602769,1,1.160000,0.600000,0.100000,-25.907791138,0.017523464,1.051407829,-0.001432520
1775350510.827787,28.609391,1,1.160000,0.600000,0.100000,-25.907775879,0.002066724,0.124003468,0.001749875
1775350510.834751,28.616356,1,1.160000,0.600000,0.100000,-25.907897949,-0.009252914,-0.555174854,0.001738838
1775350510.841394,28.622998,1,1.160000,0.600000,0.100000,-25.907775879,0.006630280,0.397816803,-0.003421553
1775350510.848142,28.629746,1,1.160000,0.600000,0.100000,-25.907836914,-0.011477059,-0.688623525,0.001121803
1775350510.854608,28.636213,1,1.160000,0.600000,0.100000,-25.907974243,-0.018313736,-1.098824143,-0.000000000
1775350510.861046,28.642650,1,1.160000,0.600000,0.100000,-25.907852173,0.009638985,0.578339081,0.002866208
1775350510.867810,28.649414,1,1.160000,0.600000,0.100000,-25.907897949,-0.001429670,-0.085780215,-0.002302654
1775350510.874457,28.656061,1,1.160000,0.600000,0.100000,-25.907958984,-0.017808709,-1.068522558,-0.004869217
1775350510.891982,28.673586,1,1.160000,0.600000,0.100000,-25.907943726,0.000497564,0.029853811,-0.000867214
1775350510.900411,28.682015,1,1.160000,0.600000,0.100000,-25.907913208,0.001587190,0.095231412,0.000303079
1775350510.911482,28.693087,1,1.160000,0.600000,0.100000,-25.907943726,0.003534842,0.212090523,0.002000928
1775350510.920280,28.701885,1,1.160000,0.600000,0.100000,-25.907897949,-0.002347904,-0.140874255,0.000868623
1775350510.933430,28.715035,1,1.160000,0.600000,0.100000,-25.907913208,-0.002808031,-0.168481870,0.001736699
1775350510.945558,28.727163,1,1.160000,0.600000,0.100000,-25.907882690,-0.004690386,-0.281423181,0.000870048
1775350510.963093,28.744697,1,1.160000,0.600000,0.100000,-25.907867432,0.007695402,0.461724093,-0.001995009
1775350510.972926,28.754531,1,1.160000,0.600000,0.100000,-25.907821655,0.009192104,0.551526211,-0.001992394
1775350510.980232,28.761836,1,1.160000,0.600000,0.100000,-25.907928467,-0.008048026,-0.482881553,-0.000000000
1775350510.989266,28.770870,1,1.160000,0.600000,0.100000,-25.907867432,0.008401411,0.504084639,0.000870457
1775350510.998395,28.780000,1,1.160000,0.600000,0.100000,-25.908004761,-0.022299860,-1.337991580,0.004302701
1775350511.012505,28.794110,1,1.160000,0.600000,0.100000,-25.907821655,0.010216421,0.612985231,-0.000872754
1775350511.019937,28.801541,1,1.160000,0.600000,0.100000,-25.907806396,0.025225265,1.513515897,-0.003424487
1775350511.027602,28.809205,1,1.160000,0.600000,0.100000,-25.907836914,-0.002316300,-0.138978017,0.001121944
1775350511.034125,28.815729,1,1.160000,0.600000,0.100000,-25.907943726,-0.001541939,-0.092516325,0.003434440
1775350511.040815,28.822419,1,1.160000,0.600000,0.100000,-25.907882690,0.014946263,0.896775797,-0.001739771
1775350511.047374,28.828979,1,1.160000,0.600000,0.100000,-25.907958984,-0.013659406,-0.819564331,0.000865993
1775350511.053878,28.835482,1,1.160000,0.600000,0.100000,-25.907989502,-0.004038475,-0.242308499,0.001434102
1775350511.060328,28.841932,1,1.160000,0.600000,0.100000,-25.907897949,0.004124519,0.247471137,-0.001998165
1775350511.067052,28.848657,1,1.160000,0.600000,0.100000,-25.907913208,0.003921489,0.235289354,-0.002866895
1775350511.083279,28.864883,1,1.160000,0.600000,0.100000,-25.907852173,0.010902021,0.654121265,-0.001433062
1775350511.092361,28.873966,1,1.160000,0.600000,0.100000,-25.907821655,0.007182204,0.430932250,-0.002865535
1775350511.103372,28.884976,1,1.160000,0.600000,0.100000,-25.907913208,0.002864524,0.171871413,-0.000868777
1775350511.111819,28.893424,1,1.160000,0.600000,0.100000,-25.907821655,0.005620215,0.337212905,-0.001745262
1775350511.125607,28.907211,1,1.160000,0.600000,0.100000,-25.907791138,-0.001597008,-0.095820457,-0.000558566
1775350511.139102,28.920706,1,1.160000,0.600000,0.100000,-25.907882690,0.002732927,0.163975633,-0.000306575
1775350511.146794,28.928399,1,1.160000,0.600000,0.100000,-25.907760620,-0.001146047,-0.068762829,0.000875486
1775350511.156190,28.937795,1,1.160000,0.600000,0.100000,-25.907852173,-0.003516081,-0.210964889,0.001181920
1775350511.164349,28.945954,1,1.160000,0.600000,0.100000,-25.907775879,0.000548588,0.032915304,-0.000000000
1775350511.177787,28.959392,1,1.160000,0.600000,0.100000,-25.907913208,-0.005673900,-0.340433987,0.001172160
1775350511.184301,28.965906,1,1.160000,0.600000,0.100000,-25.907867432,0.000927096,0.055625774,-0.002303763
1775350511.190832,28.972437,1,1.160000,0.600000,0.100000,-25.907928467,-0.000032959,-0.001977517,0.001735009
1775350511.198010,28.979615,1,1.160000,0.600000,0.100000,-25.907867432,0.005361082,0.321664894,0.001433119
1775350511.204731,28.986336,1,1.160000,0.600000,0.100000,-25.907760620,0.018720187,1.123211235,0.001112913
1775350511.211389,28.992994,1,1.160000,0.600000,0.100000,-25.907852173,-0.009337621,-0.560257249,0.002866056
1775350511.218221,28.999825,1,1.160000,0.600000,0.100000,-25.907791138,0.009701202,0.582072102,0.000000000
1775350511.224966,29.006571,1,1.160000,0.600000,0.100000,-25.907714844,0.007377089,0.442625340,-0.000000000
1775350511.232240,29.013845,1,1.160000,0.600000,0.100000,-25.907882690,-0.016399754,-0.983985253,0.001433245
1775350511.249458,29.031063,1,1.160000,0.600000,0.100000,-25.907775879,-0.010577205,-0.634632278,-0.000875507
1775350511.262313,29.043918,1,1.160000,0.600000,0.100000,-25.907653809,0.022238007,1.334280409,-0.001650547
1775350511.270113,29.051717,1,1.160000,0.600000,0.100000,-25.907699585,-0.004677122,-0.280627320,0.001431840
1775350511.282746,29.064350,1,1.160000,0.600000,0.100000,-25.907653809,0.010619441,0.637166463,-0.001431525
1775350511.292831,29.074436,1,1.160000,0.600000,0.100000,-25.907821655,-0.019201349,-1.152080968,0.002305709
1775350511.309607,29.091212,1,1.160000,0.600000,0.100000,-25.907730103,-0.007438927,-0.446335617,-0.000000000
1775350511.319435,29.101040,1,1.160000,0.600000,0.100000,-25.907638550,0.022851173,1.371070370,-0.000333270
1775350511.331691,29.113295,1,1.160000,0.600000,0.100000,-25.907730103,-0.013944021,-0.836641286,-0.000000000
1775350511.340869,29.122474,1,1.160000,0.600000,0.100000,-25.907745361,-0.000837929,-0.050275752,-0.001432122
1775350511.355340,29.136945,1,1.160000,0.600000,0.100000,-25.907821655,0.008968676,0.538120531,0.000246699
1775350511.363202,29.144806,1,1.160000,0.600000,0.100000,-25.907775879,0.009632853,0.577971172,-0.002864874
1775350511.370413,29.152017,1,1.160000,0.600000,0.100000,-25.907684326,0.012798689,0.767921358,-0.000328494
1775350511.377297,29.158902,1,1.160000,0.600000,0.100000,-25.907897949,-0.022164145,-1.329848729,0.001738178
1775350511.384562,29.166166,1,1.160000,0.600000,0.100000,-25.907791138,0.017058214,1.023492850,0.001990911
1775350511.391673,29.173278,1,1.160000,0.600000,0.100000,-25.907882690,-0.001967345,-0.118040694,-0.002303291
1775350511.398966,29.180569,1,1.160000,0.600000,0.100000,-25.907913208,-0.002747837,-0.164870205,-0.001998865
1775350511.406324,29.187928,1,1.160000,0.600000,0.100000,-25.907867432,-0.003232458,-0.193947488,0.001433168
1775350511.414711,29.196315,1,1.160000,0.600000,0.100000,-25.907791138,0.006862883,0.411772979,-0.000874640
1775350511.430120,29.211725,1,1.160000,0.600000,0.100000,-25.907821655,-0.000218640,-0.013118410,0.000312673
1775350511.438029,29.219634,1,1.160000,0.600000,0.100000,-25.907821655,0.003765426,0.225925567,0.002865659
1775350511.446145,29.227750,1,1.160000,0.600000,0.100000,-25.907699585,0.005184581,0.311074862,-0.001105495
1775350511.457001,29.238605,1,1.160000,0.600000,0.100000,-25.907882690,-0.011431144,-0.685868617,-0.000000000
1775350511.467146,29.248751,1,1.160000,0.600000,0.100000,-25.907684326,0.014408639,0.864518322,0.000551965
1775350511.475269,29.256874,1,1.160000,0.600000,0.100000,-25.907730103,-0.001092992,-0.065579501,0.000000000
1775350511.485940,29.267545,1,1.160000,0.600000,0.100000,-25.907653809,0.004635694,0.278141666,-0.000000000
1775350511.503776,29.285380,1,1.160000,0.600000,0.100000,-25.907684326,-0.011519902,-0.691194143,-0.000000000
1775350511.513081,29.294686,1,1.160000,0.600000,0.100000,-25.907669067,-0.007135901,-0.428154040,-0.003192368
1775350511.528662,29.310267,1,1.160000,0.600000,0.100000,-25.907714844,-0.004050676,-0.243040547,-0.000553253
1775350511.539343,29.320948,1,1.160000,0.600000,0.100000,-25.907821655,-0.002772318,-0.166339050,0.001119101
1775350511.551507,29.333111,1,1.160000,0.600000,0.100000,-25.907821655,-0.004407777,-0.264466647,0.000312436
1775350511.564110,29.345714,1,1.160000,0.600000,0.100000,-25.907928467,-0.009398824,-0.563929416,-0.000867883
1775350511.571408,29.353012,1,1.160000,0.600000,0.100000,-25.907852173,0.008965615,0.537936911,-0.003988512
1775350511.577906,29.359511,1,1.160000,0.600000,0.100000,-25.907913208,-0.014448023,-0.866881404,0.000000000
1775350511.584726,29.366330,1,1.160000,0.600000,0.100000,-25.907852173,0.018058039,1.083482355,0.001122565
1775350511.591527,29.373132,1,1.160000,0.600000,0.100000,-25.907852173,-0.000375778,-0.022546658,0.001433024
1775350511.598356,29.379961,1,1.160000,0.600000,0.100000,-25.907989502,-0.021197997,-1.271879822,0.004027128
1775350511.604793,29.386398,1,1.160000,0.600000,0.100000,-25.907852173,0.017158177,1.029490605,0.000309159
1775350511.611360,29.392965,1,1.160000,0.600000,0.100000,-25.907806396,0.005029482,0.301768910,0.000314375
1775350511.617770,29.399375,1,1.160000,0.600000,0.100000,-25.907821655,0.004449981,0.266998848,-0.001432814
1775350511.636582,29.418187,1,1.160000,0.600000,0.100000,-25.907882690,-0.005534159,-0.332049541,0.001433363
1775350511.644237,29.425842,1,1.160000,0.600000,0.100000,-25.907852173,0.007843312,0.470598713,0.000871340
1775350511.656054,29.437659,1,1.160000,0.600000,0.100000,-25.907836914,0.012159973,0.729598403,0.000310845
1775350511.665032,29.446637,1,1.160000,0.600000,0.100000,-25.907928467,-0.017790390,-1.067423411,0.000000000
1775350511.677896,29.459500,1,1.160000,0.600000,0.100000,-25.907852173,0.008788054,0.527283233,-0.002304642
1775350511.694691,29.476296,1,1.160000,0.600000,0.100000,-25.907913208,-0.009656983,-0.579419006,0.001131532
1775350511.704012,29.485617,1,1.160000,0.600000,0.100000,-25.907867432,-0.002567291,-0.154037476,-0.001433125
1775350511.713783,29.495388,1,1.160000,0.600000,0.100000,-25.907821655,0.003237914,0.194274816,0.000872867
1775350511.721561,29.503166,1,1.160000,0.600000,0.100000,-25.907867432,-0.005378068,-0.322684078,-0.001433182
1775350511.735716,29.517321,1,1.160000,0.600000,0.100000,-25.907974243,-0.018759629,-1.125577725,0.000865323
1775350511.742063,29.523668,1,1.160000,0.600000,0.100000,-25.907867432,0.008398323,0.503899399,-0.001433120
1775350511.749083,29.530687,1,1.160000,0.600000,0.100000,-25.908004761,-0.010862921,-0.651775282,0.002298075
1775350511.755560,29.537165,1,1.160000,0.600000,0.100000,-25.907974243,0.005179435,0.310766129,-0.000865018
1775350511.762014,29.543619,1,1.160000,0.600000,0.100000,-25.907882690,0.009409375,0.564562529,0.001176737
1775350511.768584,29.550189,1,1.160000,0.600000,0.100000,-25.907882690,-0.005333190,-0.319991391,-0.000821117
1775350511.775383,29.556988,1,1.160000,0.600000,0.100000,-25.907928467,-0.010517064,-0.631023813,0.001734682
1775350511.782244,29.563849,1,1.160000,0.600000,0.100000,-25.907882690,-0.005442356,-0.326541374,-0.000869644
1775350511.789154,29.570759,1,1.160000,0.600000,0.100000,-25.907730103,0.016699037,1.001942195,-0.000554570
1775350511.805454,29.587059,1,1.160000,0.600000,0.100000,-25.907913208,-0.007103317,-0.426199045,-0.003169324
1775350511.814829,29.596434,1,1.160000,0.600000,0.100000,-25.907882690,0.008384020,0.503041204,0.000306735
1775350511.826603,29.608208,1,1.160000,0.600000,0.100000,-25.907974243,-0.015464245,-0.927854721,0.000000000
1775350511.835458,29.617063,1,1.160000,0.600000,0.100000,-25.907958984,0.001464712,0.087882746,-0.001732630
1775350511.846259,29.627863,1,1.160000,0.600000,0.100000,-25.907913208,0.005419192,0.325151514,-0.003735299
1775350511.855693,29.637297,1,1.160000,0.600000,0.100000,-25.907821655,0.015798153,0.947889201,0.000246830
1775350511.866095,29.647700,1,1.160000,0.600000,0.100000,-25.907806396,-0.004376193,-0.262571555,-0.001188074
1775350511.879278,29.660882,1,1.160000,0.600000,0.100000,-25.907836914,0.002742069,0.164524144,0.000000000
1775350511.887251,29.668856,1,1.160000,0.600000,0.100000,-25.907928467,-0.018907562,-1.134453714,0.000566395
1775350511.905626,29.687231,1,1.160000,0.600000,0.100000,-25.908035278,0.008418716,0.505122989,-0.000289788
1775350511.915939,29.697544,1,1.160000,0.600000,0.100000,-25.908035278,-0.000375801,-0.022548051,0.001144078
1775350511.926471,29.708075,1,1.160000,0.600000,0.100000,-25.907989502,0.009936851,0.596211031,-0.004007108
1775350511.937714,29.719319,1,1.160000,0.600000,0.100000,-25.907913208,0.012800687,0.768041220,-0.001694928
1775350511.944618,29.726222,1,1.160000,0.600000,0.100000,-25.907989502,-0.009716155,-0.582969300,0.000569924
1775350511.951179,29.732784,1,1.160000,0.600000,0.100000,-25.908035278,-0.014004253,-0.840255171,-0.002868993
1775350511.957614,29.739219,1,1.160000,0.600000,0.100000,-25.907897949,0.022782778,1.366966702,-0.001997947
1775350511.964357,29.745962,1,1.160000,0.600000,0.100000,-25.908020020,-0.011844380,-0.710662790,0.000571063
1775350511.970936,29.752541,1,1.160000,0.600000,0.100000,-25.908050537,-0.007326727,-0.439603608,-0.002869081
1775350511.977803,29.759408,1,1.160000,0.600000,0.100000,-25.907928467,0.012888437,0.773306228,0.002036678
1775350511.984622,29.766227,1,1.160000,0.600000,0.100000,-25.907821655,0.020726990,1.243619397,-0.000000000
1775350511.991516,29.773120,1,1.160000,0.600000,0.100000,-25.907989502,-0.007012495,-0.420749690,0.001728960
1775350512.021753,29.803358,1,1.160000,0.600000,0.100000,-25.907836914,0.001401484,0.084089041,0.000560647
1775350512.059771,29.841376,1,1.160000,0.600000,0.100000,-25.907852173,0.000054755,0.003285324,0.002866006
1775350512.081968,29.863572,1,1.160000,0.600000,0.100000,-25.907836914,-0.017368002,-1.042080112,0.000871916
1775350512.089308,29.870912,1,1.160000,0.600000,0.100000,-25.907775879,-0.003449792,-0.206987523,-0.000874859
1775350512.097754,29.879359,1,1.160000,0.600000,0.100000,-25.907623291,0.022209411,1.332564689,-0.001979184
1775350512.127027,29.908632,1,1.160000,0.600000,0.100000,-25.907699585,-0.018481076,-1.108864546,-0.000226494
1775350512.134204,29.915808,1,1.160000,0.600000,0.100000,-25.907760620,0.000088431,0.005305839,0.000237842
1775350512.141258,29.922863,1,1.160000,0.600000,0.100000,-25.907806396,-0.012296341,-0.737780482,0.001746754
1775350512.147862,29.929467,1,1.160000,0.600000,0.100000,-25.907821655,-0.000759390,-0.045563400,0.001746007
1775350512.154518,29.936123,1,1.160000,0.600000,0.100000,-25.907791138,0.009822609,0.589356534,0.000557996
1775350512.184556,29.966161,1,1.160000,0.600000,0.100000,-25.907821655,-0.002099994,-0.125999632,0.001119995
1775350512.192931,29.974536,1,1.160000,0.600000,0.100000,-25.907699585,0.013248576,0.794914551,0.004295274
1775350512.202874,29.984479,1,1.160000,0.600000,0.100000,-25.907684326,-0.000919584,-0.055175062,-0.002863185
1775350512.211429,29.993034,1,1.160000,0.600000,0.100000,-25.907669067,0.002077899,0.124673950,0.000328891
1775350512.222445,30.004051,1,1.160000,0.600000,0.100000,-25.907577515,0.015580865,0.934851877,-0.001225063
1775350512.233668,30.015272,1,1.160000,0.600000,0.100000,-25.907531738,0.022600161,1.356009655,-0.001775402
1775350512.250673,30.032278,1,1.160000,0.600000,0.100000,-25.907546997,0.013415909,0.804954562,-0.001974732
1775350512.258503,30.040109,1,1.160000,0.600000,0.100000,-25.907669067,-0.016843583,-1.010615006,0.002312379
1775350512.270633,30.052237,1,1.160000,0.600000,0.100000,-25.907714844,0.006050748,0.363044897,0.002863816
1775350512.281255,30.062860,1,1.160000,0.600000,0.100000,-25.907653809,-0.006581951,-0.394917056,0.002862780
1775350512.294147,30.075752,1,1.160000,0.600000,0.100000,-25.907638550,0.001227012,0.073620735,0.003195816
1775350512.304317,30.085921,1,1.160000,0.600000,0.100000,-25.907730103,-0.003738529,-0.224311757,-0.001432099
1775350512.310863,30.092468,1,1.160000,0.600000,0.100000,-25.907608032,0.018301852,1.098111123,0.000547013
1775350512.317886,30.099491,1,1.160000,0.600000,0.100000,-25.907760620,-0.012679975,-0.760798473,-0.003740540
1775350512.324859,30.106464,1,1.160000,0.600000,0.100000,-25.907775879,0.000594450,0.035666992,-0.002069313
1775350512.332624,30.114229,1,1.160000,0.600000,0.100000,-25.907806396,-0.007990924,-0.479455423,-0.001992139
1775350512.339705,30.121309,1,1.160000,0.600000,0.100000,-25.907821655,0.000868904,0.052134226,-0.000872733
1775350512.346781,30.128346,1,1.160000,0.600000,0.100000,-25.907836914,-0.002109192,-0.126551497,-0.002615944
1775350512.353747,30.135352,1,1.160000,0.600000,0.100000,-25.907852173,-0.001487857,-0.089271432,-0.000309499
1775350512.373551,30.155155,1,1.160000,0.600000,0.100000,-25.907745361,0.002735963,0.164157785,0.001432160
1775350512.382469,30.164074,1,1.160000,0.600000,0.100000,-25.907806396,0.002740049,0.164402914,0.001432660
1775350512.394617,30.176222,1,1.160000,0.600000,0.100000,-25.907867432,0.000374094,0.022445665,0.001433129
1775350512.404421,30.186026,1,1.160000,0.600000,0.100000,-25.907684326,0.007499491,0.449969480,0.000551588
1775350512.417264,30.198869,1,1.160000,0.600000,0.100000,-25.907653809,0.004619332,0.277159950,0.001431472
1775350512.426383,30.207988,1,1.160000,0.600000,0.100000,-25.907669067,0.005780373,0.346822394,0.001653266
1775350512.442841,30.224446,1,1.160000,0.600000,0.100000,-25.907913208,-0.013049298,-0.782957878,0.001433488
1775350512.452768,30.234373,1,1.160000,0.600000,0.100000,-25.907745361,0.015563517,0.933811013,-0.000321691
1775350512.462797,30.244402,1,1.160000,0.600000,0.100000,-25.907730103,0.004362227,0.261733616,-0.000554748
1775350512.471133,30.252738,1,1.160000,0.600000,0.100000,-25.907821655,-0.009814102,-0.588846132,0.000806032
1775350512.483256,30.264861,1,1.160000,0.600000,0.100000,-25.907775879,0.009768510,0.586110614,0.002307422
1775350512.494161,30.275766,1,1.160000,0.600000,0.100000,-25.907730103,-0.008621434,-0.517286025,0.001987184
1775350512.501100,30.282705,1,1.160000,0.600000,0.100000,-25.907577515,0.020350507,1.221030392,-0.002316452
1775350512.508080,30.289685,1,1.160000,0.600000,0.100000,-25.907638550,-0.009248883,-0.554932952,0.000000000
1775350512.514689,30.296294,1,1.160000,0.600000,0.100000,-25.907730103,-0.010636422,-0.638185311,-0.003418473
1775350512.521609,30.303214,1,1.160000,0.600000,0.100000,-25.907577515,0.017960070,1.077604182,0.000545922
1775350512.528224,30.309829,1,1.160000,0.600000,0.100000,-25.907638550,-0.007650157,-0.459009446,0.001980058
1775350512.535101,30.316707,1,1.160000,0.600000,0.100000,-25.907699585,-0.008500019,-0.510001145,0.003416895
1775350512.541637,30.323242,1,1.160000,0.600000,0.100000,-25.907623291,0.012084480,0.725068823,-0.003410454
1775350512.548083,30.329688,1,1.160000,0.600000,0.100000,-25.907546997,0.014332081,0.859924871,-0.001973771
1775350512.565833,30.347438,1,1.160000,0.600000,0.100000,-25.907592773,0.018548751,1.112925075,0.001430915
1775350512.575605,30.357210,1,1.160000,0.600000,0.100000,-25.907714844,-0.018198490,-1.091909409,-0.000553847
1775350512.587485,30.369090,1,1.160000,0.600000,0.100000,-25.907684326,0.004821324,0.289279427,0.000551298
1775350512.595039,30.376644,1,1.160000,0.600000,0.100000,-25.907577515,0.009915421,0.594925247,0.000000000
1775350512.608646,30.390252,1,1.160000,0.600000,0.100000,-25.907684326,-0.011160833,-0.669649970,0.003190902
1775350512.622671,30.404276,1,1.160000,0.600000,0.100000,-25.907760620,-0.020094119,-1.205647141,0.001432317
1775350512.630774,30.412379,1,1.160000,0.600000,0.100000,-25.907653809,0.014076998,0.844619852,-0.002312648
1775350512.642617,30.424223,1,1.160000,0.600000,0.100000,-25.907714844,0.002247246,0.134834787,-0.000323848
1775350512.650113,30.431718,1,1.160000,0.600000,0.100000,-25.907821655,-0.009050967,-0.543058030,0.003425126
1775350512.659148,30.440753,1,1.160000,0.600000,0.100000,-25.907791138,0.001304535,0.078272077,0.002307138
1775350512.667865,30.449470,1,1.160000,0.600000,0.100000,-25.907913208,-0.012743236,-0.764594190,-0.003169780
1775350512.674695,30.456300,1,1.160000,0.600000,0.100000,-25.907714844,0.012948616,0.776916984,-0.001107959
1775350512.681050,30.462656,1,1.160000,0.600000,0.100000,-25.907806396,-0.012185159,-0.731109548,0.000873040
1775350512.687728,30.469333,1,1.160000,0.600000,0.100000,-25.907958984,-0.024995385,-1.499723084,-0.001731148
1775350512.694311,30.475916,1,1.160000,0.600000,0.100000,-25.907775879,0.021009572,1.260574311,-0.002864775
1775350512.700734,30.482339,1,1.160000,0.600000,0.100000,-25.907745361,0.002875706,0.172542357,-0.001432177
1775350512.707099,30.488705,1,1.160000,0.600000,0.100000,-25.907791138,-0.004653716,-0.279222932,-0.001990795
1775350512.713680,30.495285,1,1.160000,0.600000,0.100000,-25.907775879,-0.005904534,-0.354272034,-0.001750375
1775350512.720422,30.502028,1,1.160000,0.600000,0.100000,-25.907714844,0.008297301,0.497838054,-0.002539995
1775350512.735681,30.517286,1,1.160000,0.600000,0.100000,-25.907791138,0.007312768,0.438766088,-0.002306910
1775350512.745040,30.526645,1,1.160000,0.600000,0.100000,-25.907730103,0.011451910,0.687114615,0.000554692
1775350512.755829,30.537434,1,1.160000,0.600000,0.100000,-25.907714844,0.014263706,0.855822377,-0.002310175
1775350512.766516,30.548121,1,1.160000,0.600000,0.100000,-25.907714844,0.002966517,0.177991041,-0.001755970
1775350512.775952,30.557557,1,1.160000,0.600000,0.100000,-25.907714844,0.008122845,0.487370677,-0.002310208
1775350512.789652,30.571257,1,1.160000,0.600000,0.100000,-25.907791138,-0.014280751,-0.856845081,0.001432625
1775350512.801309,30.582914,1,1.160000,0.600000,0.100000,-25.907653809,0.016870437,1.012226231,-0.003193802
1775350512.809329,30.590934,1,1.160000,0.600000,0.100000,-25.907882690,-0.004705743,-0.282344576,-0.002866574
1775350512.819377,30.600983,1,1.160000,0.600000,0.100000,-25.907897949,-0.014050188,-0.843011308,-0.000303696
1775350512.828172,30.609777,1,1.160000,0.600000,0.100000,-25.907989502,0.001432054,0.085923239,-0.001434069
1775350512.834616,30.616221,1,1.160000,0.600000,0.100000,-25.907958984,-0.010914966,-0.654897932,0.000568542
1775350512.841161,30.622767,1,1.160000,0.600000,0.100000,-25.908020020,-0.010906800,-0.654407982,0.002868730
1775350512.848061,30.629666,1,1.160000,0.600000,0.100000,-25.908035278,0.000111866,0.006711964,-0.001724474
1775350512.854738,30.636343,1,1.160000,0.600000,0.100000,-25.907943726,0.019019071,1.141144261,-0.002299996
1775350512.861049,30.642654,1,1.160000,0.600000,0.100000,-25.908050537,-0.006135107,-0.368106393,-0.003442421
1775350512.867479,30.649084,1,1.160000,0.600000,0.100000,-25.908020020,0.005782398,0.346943876,0.000571685
1775350512.873859,30.655464,1,1.160000,0.600000,0.100000,-25.908065796,-0.002534653,-0.152079198,0.001720946
1775350512.880499,30.662104,1,1.160000,0.600000,0.100000,-25.908050537,-0.008266401,-0.495984033,0.001434552
1775350512.894779,30.676385,1,1.160000,0.600000,0.100000,-25.908172607,-0.017012972,-1.020778343,0.000855164
1775350512.906758,30.688363,1,1.160000,0.600000,0.100000,-25.907897949,0.026455635,1.587338112,-0.003431279
1775350512.914283,30.695888,1,1.160000,0.600000,0.100000,-25.908035278,-0.017749608,-1.064976454,0.002296297
1775350512.922722,30.704326,1,1.160000,0.600000,0.100000,-25.907836914,0.021853296,1.311197765,-0.000872188
1775350512.935657,30.717262,1,1.160000,0.600000,0.100000,-25.907882690,-0.007883832,-0.473029912,0.000305976
1775350512.950526,30.732132,1,1.160000,0.600000,0.100000,-25.907928467,0.005862978,0.351778697,-0.000565979
1775350512.961967,30.743573,1,1.160000,0.600000,0.100000,-25.908004761,-0.001130809,-0.067848552,0.000586967
1775350512.969951,30.751556,1,1.160000,0.600000,0.100000,-25.907882690,0.005868082,0.352084944,-0.000869546
1775350512.980958,30.762563,1,1.160000,0.600000,0.100000,-25.907943726,-0.005835165,-0.350109888,-0.000000000
1775350512.990157,30.771762,1,1.160000,0.600000,0.100000,-25.907867432,-0.002458145,-0.147488709,0.000308345
1775350512.996564,30.778169,1,1.160000,0.600000,0.100000,-25.907836914,0.001622843,0.097370571,0.001432953
1775350513.003642,30.785248,1,1.160000,0.600000,0.100000,-25.907836914,-0.000338073,-0.020284375,0.000560592
1775350513.009961,30.791566,1,1.160000,0.600000,0.100000,-25.907928467,-0.012457582,-0.747454930,-0.001734992
1775350513.016375,30.797980,1,1.160000,0.600000,0.100000,-25.907836914,-0.001813345,-0.108800686,0.000000000
1775350513.022737,30.804342,1,1.160000,0.600000,0.100000,-25.907775879,0.008509511,0.510570668,0.003422552
1775350513.029250,30.810856,1,1.160000,0.600000,0.100000,-25.907791138,0.005629366,0.337761976,-0.001990431
1775350513.035664,30.817270,1,1.160000,0.600000,0.100000,-25.907806396,-0.005357672,-0.321460320,0.000314035
1775350513.042083,30.823689,1,1.160000,0.600000,0.100000,-25.907821655,0.003341968,0.200518090,0.002306278
1775350513.057101,30.838706,1,1.160000,0.600000,0.100000,-25.907745361,0.004622382,0.277342927,-0.002308900
1775350513.065099,30.846704,1,1.160000,0.600000,0.100000,-25.907806396,0.005581406,0.334884385,-0.001991113
1775350513.074987,30.856592,1,1.160000,0.600000,0.100000,-25.907913208,-0.007770567,-0.466234004,-0.000565527
1775350513.085918,30.867524,1,1.160000,0.600000,0.100000,-25.907897949,-0.002930515,-0.175830871,-0.003996571
1775350513.095126,30.876731,1,1.160000,0.600000,0.100000,-25.907867432,0.011801846,0.708110780,0.000307588
1775350513.106298,30.887903,1,1.160000,0.600000,0.100000,-25.907821655,-0.006754401,-0.405264068,-0.002553553
1775350513.114755,30.896360,1,1.160000,0.600000,0.100000,-25.907867432,-0.003833434,-0.230006045,-0.000562332
1775350513.125101,30.906707,1,1.160000,0.600000,0.100000,-25.907775879,0.003857179,0.231430731,-0.002069641
1775350513.132717,30.914323,1,1.160000,0.600000,0.100000,-25.907882690,-0.005914739,-0.354884332,0.001996557
1775350513.145021,30.926626,1,1.160000,0.600000,0.100000,-25.907913208,-0.007243098,-0.434585866,-0.000303136
1775350513.151350,30.932955,1,1.160000,0.600000,0.100000,-25.907806396,0.008534002,0.512040127,0.000559180
1775350513.157726,30.939331,1,1.160000,0.600000,0.100000,-25.907745361,0.010615312,0.636918750,-0.002308768
1775350513.164005,30.945610,1,1.160000,0.600000,0.100000,-25.907852173,-0.004918964,-0.295137847,0.001433059
1775350513.170409,30.952015,1,1.160000,0.600000,0.100000,-25.907928467,-0.015348946,-0.920936745,0.001132038
1775350513.176753,30.958359,1,1.160000,0.600000,0.100000,-25.907974243,-0.007384904,-0.443094224,-0.001433986
1775350513.183897,30.965502,1,1.160000,0.600000,0.100000,-25.907806396,0.020459656,1.227579340,-0.000315368
1775350513.190823,30.972429,1,1.160000,0.600000,0.100000,-25.907913208,-0.019878857,-1.192731410,-0.001130862
1775350513.197306,30.978911,1,1.160000,0.600000,0.100000,-25.907836914,0.008922700,0.535361990,-0.001184359
1775350513.211785,30.993390,1,1.160000,0.600000,0.100000,-25.907791138,-0.001210391,-0.072623470,0.001115586
1775350513.219897,31.001502,1,1.160000,0.600000,0.100000,-25.907852173,0.007589232,0.455353931,-0.000561445
1775350513.231130,31.012735,1,1.160000,0.600000,0.100000,-25.907821655,-0.003925267,-0.235516028,-0.002553370
1775350513.238934,31.020539,1,1.160000,0.600000,0.100000,-25.907775879,0.012760867,0.765652042,-0.000875551
1775350513.251605,31.033211,1,1.160000,0.600000,0.100000,-25.907836914,-0.009742710,-0.584562588,-0.001994031
1775350513.264823,31.046428,1,1.160000,0.600000,0.100000,-25.907699585,0.002166619,0.129997157,0.000000000
1775350513.272848,31.054454,1,1.160000,0.600000,0.100000,-25.907699585,-0.000193205,-0.011592317,-0.000553258
1775350513.283746,31.065352,1,1.160000,0.600000,0.100000,-25.907760620,0.004904975,0.294298511,-0.001111716
1775350513.293800,31.075405,1,1.160000,0.600000,0.100000,-25.907836914,-0.022194816,-1.331688948,0.001993461
1775350513.304052,31.085657,1,1.160000,0.600000,0.100000,-25.907928467,-0.019099392,-1.145963520,-0.001132088
1775350513.310630,31.092236,1,1.160000,0.600000,0.100000,-25.907867432,0.007541284,0.452477066,0.000562910
1775350513.317016,31.098621,1,1.160000,0.600000,0.100000,-25.907791138,0.003210342,0.192620493,0.000558175
1775350513.323417,31.105023,1,1.160000,0.600000,0.100000,-25.907958984,-0.020415504,-1.224930212,0.002867749
1775350513.329768,31.111374,1,1.160000,0.600000,0.100000,-25.907852173,0.020317849,1.219070926,-0.000561744
1775350513.336146,31.117752,1,1.160000,0.600000,0.100000,-25.907775879,0.021299331,1.277959831,-0.002626036
1775350513.342401,31.124007,1,1.160000,0.600000,0.100000,-25.907897949,-0.009022396,-0.541343763,0.000563996
1775350513.348829,31.130434,1,1.160000,0.600000,0.100000,-25.907867432,0.010560217,0.633613039,-0.002866335
1775350513.355275,31.136881,1,1.160000,0.600000,0.100000,-25.907821655,0.002972640,0.178358392,-0.002865622
1775350513.372288,31.153893,1,1.160000,0.600000,0.100000,-25.907745361,0.009712388,0.582743268,0.001111073
1775350513.380054,31.161660,1,1.160000,0.600000,0.100000,-25.907836914,-0.007085970,-0.425158180,0.000310665
1775350513.390411,31.172017,1,1.160000,0.600000,0.100000,-25.907867432,-0.010068151,-0.604089070,0.001995637
1775350513.408304,31.189910,1,1.160000,0.600000,0.100000,-25.907836914,-0.006593188,-0.395591296,0.000000000
1775350513.422515,31.204120,1,1.160000,0.600000,0.100000,-25.907806396,-0.009629447,-0.577766821,0.004298030
1775350513.437174,31.218780,1,1.160000,0.600000,0.100000,-25.907760620,-0.017635331,-1.058119833,-0.001194941
1775350513.445790,31.227395,1,1.160000,0.600000,0.100000,-25.907699585,0.009223687,0.553421192,-0.002863661
1775350513.461120,31.242724,1,1.160000,0.600000,0.100000,-25.907684326,0.012655801,0.759348068,-0.002311329
1775350513.467635,31.249240,1,1.160000,0.600000,0.100000,-25.907791138,-0.014920449,-0.895226933,0.000557955
1775350513.473987,31.255593,1,1.160000,0.600000,0.100000,-25.907775879,-0.005297489,-0.317849368,0.003422487
1775350513.480335,31.261941,1,1.160000,0.600000,0.100000,-25.907669067,0.010399005,0.623940323,0.000551007
1775350513.486984,31.268590,1,1.160000,0.600000,0.100000,-25.907791138,-0.020380812,-1.222848706,0.002307142
1775350513.493308,31.274914,1,1.160000,0.600000,0.100000,-25.907775879,0.010264328,0.615859665,0.000557291
1775350513.499700,31.281305,1,1.160000,0.600000,0.100000,-25.907714844,0.009635848,0.578150880,0.002310680
1775350513.506187,31.287793,1,1.160000,0.600000,0.100000,-25.907821655,-0.010642569,-0.638554115,0.002305802
1775350513.523642,31.305247,1,1.160000,0.600000,0.100000,-25.907806396,-0.015927451,-0.955647044,0.001432672
1775350513.531429,31.313035,1,1.160000,0.600000,0.100000,-25.907867432,-0.011584261,-0.695055630,0.000870457
1775350513.543758,31.325363,1,1.160000,0.600000,0.100000,-25.907867432,-0.002242882,-0.134572894,-0.001433157
1775350513.551842,31.333448,1,1.160000,0.600000,0.100000,-25.907943726,-0.013179924,-0.790795460,-0.001433710
1775350513.564931,31.346536,1,1.160000,0.600000,0.100000,-25.907836914,0.004970267,0.298216017,0.000000000
1775350513.578840,31.360446,1,1.160000,0.600000,0.100000,-25.907882690,0.002378836,0.142730149,0.000869652
1775350513.592135,31.373740,1,1.160000,0.600000,0.100000,-25.907882690,-0.002161263,-0.129675753,0.000869546
1775350513.600513,31.382118,1,1.160000,0.600000,0.100000,-25.907699585,0.024436567,1.466194019,-0.001984968
1775350513.607105,31.388710,1,1.160000,0.600000,0.100000,-25.907958984,-0.021016445,-1.260986701,0.001433877
1775350513.616115,31.397720,1,1.160000,0.600000,0.100000,-25.907958984,-0.008439865,-0.506391898,-0.002002181
1775350513.622880,31.404486,1,1.160000,0.600000,0.100000,-25.907882690,0.007590251,0.455415035,0.000256762
1775350513.629403,31.411009,1,1.160000,0.600000,0.100000,-25.908004761,-0.012967719,-0.778063126,-0.000570653
1775350513.635800,31.417405,1,1.160000,0.600000,0.100000,-25.907852173,0.014605468,0.876328088,-0.002555788
1775350513.642225,31.423830,1,1.160000,0.600000,0.100000,-25.907836914,-0.001801114,-0.108066830,0.001743760
1775350513.648667,31.430273,1,1.160000,0.600000,0.100000,-25.907867432,0.003348072,0.200884296,0.001433204
1775350513.655236,31.436842,1,1.160000,0.600000,0.100000,-25.907791138,0.011821222,0.709273294,-0.001432529
1775350513.661744,31.443350,1,1.160000,0.600000,0.100000,-25.907791138,0.007279085,0.436745128,-0.001990229
1775350513.668159,31.449764,1,1.160000,0.600000,0.100000,-25.907836914,0.001950343,0.117020574,-0.000000000
1775350513.687471,31.469077,1,1.160000,0.600000,0.100000,-25.907943726,-0.000418670,-0.025120223,0.001732779
1775350513.700558,31.482163,1,1.160000,0.600000,0.100000,-25.907958984,-0.013464560,-0.807873588,-0.001433867
1775350513.709048,31.490653,1,1.160000,0.600000,0.100000,-25.907897949,0.012253813,0.735228751,0.001738564
1775350513.720519,31.502123,1,1.160000,0.600000,0.100000,-25.907958984,-0.010908847,-0.654530805,0.000000000
1775350513.732073,31.513678,1,1.160000,0.600000,0.100000,-25.907821655,-0.004926130,-0.295567783,-0.001432817
1775350513.749550,31.531155,1,1.160000,0.600000,0.100000,-25.907745361,0.010608149,0.636488926,-0.003185899
1775350513.761594,31.543200,1,1.160000,0.600000,0.100000,-25.907852173,-0.000025883,-0.001552990,-0.001432978
1775350513.786098,31.567702,1,1.160000,0.600000,0.100000,-25.907791138,0.002249267,0.134956031,-0.001432525
1775350513.793274,31.574880,1,1.160000,0.600000,0.100000,-25.907943726,-0.002445906,-0.146754356,0.002000705
1775350513.799995,31.581600,1,1.160000,0.600000,0.100000,-25.907836914,0.014451420,0.867085196,0.001432878
1775350513.806758,31.588364,1,1.160000,0.600000,0.100000,-25.907867432,-0.003677345,-0.220640707,-0.000562977
1775350513.813836,31.595441,1,1.160000,0.600000,0.100000,-25.907928467,-0.008771429,-0.526285730,0.001433630
1775350513.820774,31.602379,1,1.160000,0.600000,0.100000,-25.907852173,0.001428996,0.085739738,0.000309443
1775350513.827499,31.609104,1,1.160000,0.600000,0.100000,-25.907852173,0.004504020,0.270241192,0.000000000
1775350513.833887,31.615492,1,1.160000,0.600000,0.100000,-25.907897949,-0.005237304,-0.314238220,0.000563824
1775350513.840398,31.622004,1,1.160000,0.600000,0.100000,-25.907867432,-0.006273879,-0.376432752,-0.002303387
1775350513.855691,31.637297,1,1.160000,0.600000,0.100000,-25.907836914,0.003299109,0.197946550,-0.000560597
1775350513.865842,31.647448,1,1.160000,0.600000,0.100000,-25.907806396,0.004899872,0.293992292,0.003180205
1775350513.877147,31.658753,1,1.160000,0.600000,0.100000,-25.907913208,-0.009788616,-0.587316938,0.000564949
1775350513.885953,31.667558,1,1.160000,0.600000,0.100000,-25.907791138,0.000850518,0.051031087,-0.000242963
1775350513.898993,31.680599,1,1.160000,0.600000,0.100000,-25.907714844,0.011386604,0.683196243,-0.001107675
1775350513.911398,31.693004,1,1.160000,0.600000,0.100000,-25.907760620,-0.015305085,-0.918305106,0.000556691
1775350513.925439,31.707045,1,1.160000,0.600000,0.100000,-25.907760620,0.009281835,0.556910075,-0.001988771
1775350513.933361,31.714966,1,1.160000,0.600000,0.100000,-25.907791138,-0.008605125,-0.516307522,0.005171912
1775350513.945104,31.726710,1,1.160000,0.600000,0.100000,-25.907669067,0.015909359,0.954561532,-0.000550758
1775350513.955543,31.737149,1,1.160000,0.600000,0.100000,-25.907806396,-0.010943529,-0.656611752,0.003179543
1775350513.961930,31.743535,1,1.160000,0.600000,0.100000,-25.907699585,0.014062713,0.843762774,-0.005400872
1775350513.968249,31.749854,1,1.160000,0.600000,0.100000,-25.907699585,0.003388889,0.203333320,0.002863479
1775350513.975173,31.756779,1,1.160000,0.600000,0.100000,-25.907821655,-0.014082835,-0.844970103,0.002305462
1775350513.981646,31.763252,1,1.160000,0.600000,0.100000,-25.907730103,0.005997658,0.359859494,-0.000554565
1775350513.988763,31.770369,1,1.160000,0.600000,0.100000,-25.907699585,0.004322418,0.259345081,0.001431829
1775350513.995368,31.776974,1,1.160000,0.600000,0.100000,-25.907745361,-0.003128442,-0.187706505,-0.001988129
1775350514.001852,31.783457,1,1.160000,0.600000,0.100000,-25.907669067,0.020170934,1.210256070,-0.000000000
1775350514.008360,31.789966,1,1.160000,0.600000,0.100000,-25.907638550,0.012148740,0.728924386,0.000549301
1775350514.025253,31.806858,1,1.160000,0.600000,0.100000,-25.907745361,0.007125035,0.427502124,0.000000000
1775350514.032649,31.814254,1,1.160000,0.600000,0.100000,-25.907775879,-0.005657637,-0.339458222,-0.000318359
1775350514.046475,31.828081,1,1.160000,0.600000,0.100000,-25.907775879,-0.002272455,-0.136347329,0.000556904
1775350514.054907,31.836513,1,1.160000,0.600000,0.100000,-25.907806396,0.005094747,0.305684824,0.002306189
1775350514.061513,31.843119,1,1.160000,0.600000,0.100000,-25.907897949,-0.006863566,-0.411813939,0.000564853
1775350514.069889,31.851495,1,1.160000,0.600000,0.100000,-25.907760620,0.012249739,0.734984335,-0.000000000
1775350514.083758,31.865363,1,1.160000,0.600000,0.100000,-25.907928467,0.014412644,0.864758659,0.000000000
1775350514.092270,31.873875,1,1.160000,0.600000,0.100000,-25.907943726,-0.021503098,-1.290185899,0.001702936
1775350514.103031,31.884636,1,1.160000,0.600000,0.100000,-25.908004761,0.010390840,0.623450428,0.001140536
1775350514.113754,31.895360,1,1.160000,0.600000,0.100000,-25.907989502,-0.008489843,-0.509390607,0.000000000
