ISO-10303-21;
HEADER;
FILE_DESCRIPTION (( 'STEP AP214' ),
    '1' );
FILE_NAME ('EDM FACEPLATE.STEP',
    '2026-05-26T22:42:31',
    ( '' ),
    ( '' ),
    'SwSTEP 2.0',
    'SolidWorks 2024',
    '' );
FILE_SCHEMA (( 'AUTOMOTIVE_DESIGN' ));
ENDSEC;

DATA;
#1 = CARTESIAN_POINT ( 'NONE',  ( -595.1642932211404968, -3.413066037767744199, -285.2036113549479523 ) ) ;
#2 = DIRECTION ( 'NONE',  ( 0.000000000000000000, 0.000000000000000000, -1.000000000000000000 ) ) ;
#3 = ORIENTED_EDGE ( 'NONE', *, *, #1712, .T. ) ;
#4 = ADVANCED_FACE ( 'NONE', ( #1527 ), #230, .T. ) ;
#5 = ORIENTED_EDGE ( 'NONE', *, *, #829, .T. ) ;
#6 = DIRECTION ( 'NONE',  ( 0.000000000000000000, 0.000000000000000000, 1.000000000000000000 ) ) ;
#7 = ORIENTED_EDGE ( 'NONE', *, *, #348, .F. ) ;
#8 = CIRCLE ( 'NONE', #1063, 18.55000000000001137 ) ;
#9 = CARTESIAN_POINT ( 'NONE',  ( -595.0977031288998660, -3.500000000000000000, -285.2036113549480092 ) ) ;
#10 = CARTESIAN_POINT ( 'NONE',  ( -326.8356424169017487, -3.000000000000003109, -267.6092604327994309 ) ) ;
#11 = VERTEX_POINT ( 'NONE', #1087 ) ;
#12 = CARTESIAN_POINT ( 'NONE',  ( -595.7799143269008937, -4.000000000000000000, -267.6092604327997151 ) ) ;
#13 = FACE_OUTER_BOUND ( 'NONE', #1773, .T. ) ;
#14 = CARTESIAN_POINT ( 'NONE',  ( -595.2671365484335411, -2.888888888898145435, -285.2036113549480092 ) ) ;
#15 = AXIS2_PLACEMENT_3D ( 'NONE', #1404, #682, #962 ) ;
#16 = PRODUCT_DEFINITION ( 'UNKNOWN', '', #1422, #1303 ) ;
#17 = ORIENTED_EDGE ( 'NONE', *, *, #968, .F. ) ;
#18 = CARTESIAN_POINT ( 'NONE',  ( -572.3020657020391582, 5.999999999999974243, -292.0297836464494594 ) ) ;
#19 = CARTESIAN_POINT ( 'NONE',  ( -493.0347124767643550, 0.000000000000000000, -239.4373723300536767 ) ) ;
#20 = EDGE_CURVE ( 'NONE', #899, #340, #786, .T. ) ;
#21 = CARTESIAN_POINT ( 'NONE',  ( -389.8068393967211591, 6.000000000000000000, -298.3036113549480319 ) ) ;
#22 = EDGE_CURVE ( 'NONE', #1857, #549, #496, .T. ) ;
#23 = DIRECTION ( 'NONE',  ( 1.000000000000000000, 0.000000000000000000, 0.000000000000000000 ) ) ;
#24 = VERTEX_POINT ( 'NONE', #1676 ) ;
#25 = DIRECTION ( 'NONE',  ( 0.000000000000000000, 1.000000000000000000, 0.000000000000000000 ) ) ;
#26 = CARTESIAN_POINT ( 'NONE',  ( -350.8997798427794805, -0.9884874168704373965, -297.8753094811701772 ) ) ;
#27 = CARTESIAN_POINT ( 'NONE',  ( -605.0431173592045297, -3.951252572091153770, -185.6806313722251787 ) ) ;
#28 = ORIENTED_EDGE ( 'NONE', *, *, #903, .T. ) ;
#29 = CARTESIAN_POINT ( 'NONE',  ( -402.3928805127287092, 0.000000000000000000, -240.1178609108982585 ) ) ;
#30 = CIRCLE ( 'NONE', #514, 10.00000000000000888 ) ;
#31 = VERTEX_POINT ( 'NONE', #205 ) ;
#32 = CARTESIAN_POINT ( 'NONE',  ( -336.2926921053672231, -2.888888888904531882, -285.2036113549480092 ) ) ;
#33 = DIRECTION ( 'NONE',  ( 0.000000000000000000, -1.000000000000000000, 0.000000000000000000 ) ) ;
#34 = ORIENTED_EDGE ( 'NONE', *, *, #236, .T. ) ;
#35 = DIRECTION ( 'NONE',  ( 0.000000000000000000, 0.000000000000000000, 1.000000000000000000 ) ) ;
#36 = EDGE_CURVE ( 'NONE', #368, #1218, #1372, .T. ) ;
#37 = CARTESIAN_POINT ( 'NONE',  ( -355.7037187598332935, -2.888888888907039210, -301.5050588986204616 ) ) ;
#38 = CARTESIAN_POINT ( 'NONE',  ( -402.3928805127287092, -4.000000000000000000, -240.1178609108982585 ) ) ;
#39 = VERTEX_POINT ( 'NONE', #649 ) ;
#40 = DIRECTION ( 'NONE',  ( 0.000000000000000000, 0.000000000000000000, 1.000000000000000000 ) ) ;
#41 = CARTESIAN_POINT ( 'NONE',  ( -605.3015027089844580, -0.9423507523215428616, -172.5860929928599603 ) ) ;
#42 = CARTESIAN_POINT ( 'NONE',  ( -326.8356424169017487, -4.000000000000000000, -185.9036113549479978 ) ) ;
#43 = CARTESIAN_POINT ( 'NONE',  ( -358.0622967815029938, 5.998641698204986383, -291.4496959426070362 ) ) ;
#44 = ORIENTED_EDGE ( 'NONE', *, *, #1503, .T. ) ;
#45 = CARTESIAN_POINT ( 'NONE',  ( -365.3220909968484307, 1.759793461569893358, -298.2536113549479069 ) ) ;
#46 = UNCERTAINTY_MEASURE_WITH_UNIT (LENGTH_MEASURE( 1.000000000000000082E-05 ), #239, 'distance_accuracy_value', 'NONE');
#47 = DIRECTION ( 'NONE',  ( 0.000000000000000000, 0.000000000000000000, -1.000000000000000000 ) ) ;
#48 = CARTESIAN_POINT ( 'NONE',  ( -600.7844688218132205, -4.000000000000000000, -276.6419689224271110 ) ) ;
#49 = CARTESIAN_POINT ( 'NONE',  ( -571.2205223127315321, -1.000000000000000000, -178.8536113549479865 ) ) ;
#50 = ORIENTED_EDGE ( 'NONE', *, *, #654, .T. ) ;
#51 = CARTESIAN_POINT ( 'NONE',  ( -595.7799143269008937, -3.000000000000000000, -267.6092604327997151 ) ) ;
#52 = ORIENTED_EDGE ( 'NONE', *, *, #721, .T. ) ;
#53 = CARTESIAN_POINT ( 'NONE',  ( -389.8068393967211591, -1.000000000000014655, -298.3036113549480319 ) ) ;
#54 = FACE_OUTER_BOUND ( 'NONE', #883, .T. ) ;
#55 = CARTESIAN_POINT ( 'NONE',  ( -493.0347124767643550, -3.700000000000000178, -239.4373723300536767 ) ) ;
#56 = CARTESIAN_POINT ( 'NONE',  ( -335.7799143269008937, -2.888888888888888840, -267.6092604327994309 ) ) ;
#57 =( GEOMETRIC_REPRESENTATION_CONTEXT ( 3 ) GLOBAL_UNCERTAINTY_ASSIGNED_CONTEXT ( ( #481 ) ) GLOBAL_UNIT_ASSIGNED_CONTEXT ( ( #1250, #1549, #384 ) ) REPRESENTATION_CONTEXT ( 'NONE', 'WORKASPACE' ) );
#58 = PLANE ( 'NONE',  #574 ) ;
#59 = DIRECTION ( 'NONE',  ( 0.000000000000000000, -1.000000000000000000, 0.000000000000000000 ) ) ;
#60 = EDGE_CURVE ( 'NONE', #1499, #405, #659, .T. ) ;
#61 = ORIENTED_EDGE ( 'NONE', *, *, #971, .T. ) ;
#62 = VERTEX_POINT ( 'NONE', #1520 ) ;
#63 = CIRCLE ( 'NONE', #211, 10.00000000000000888 ) ;
#64 = PLANE ( 'NONE',  #1206 ) ;
#65 = AXIS2_PLACEMENT_3D ( 'NONE', #1832, #950, #248 ) ;
#66 = CARTESIAN_POINT ( 'NONE',  ( -465.6939668186149675, 2.000000000000000000, -286.0786113549480092 ) ) ;
#67 = EDGE_CURVE ( 'NONE', #944, #219, #1216, .T. ) ;
#68 = CARTESIAN_POINT ( 'NONE',  ( -327.1571871241470717, -4.000000000000000000, -272.7956441041921494 ) ) ;
#69 = CARTESIAN_POINT ( 'NONE',  ( -366.6870291612326582, -1.000000000000014655, -297.7536113549479637 ) ) ;
#70 = ORIENTED_EDGE ( 'NONE', *, *, #113, .T. ) ;
#71 = EDGE_LOOP ( 'NONE', ( #1802, #874 ) ) ;
#72 = CARTESIAN_POINT ( 'NONE',  ( -580.4820100621471965, -0.9473797990691740223, -297.9844557268935432 ) ) ;
#73 = VECTOR ( 'NONE', #561, 1000.000000000000000 ) ;
#74 = DIRECTION ( 'NONE',  ( 0.000000000000000000, -1.000000000000000000, 0.000000000000000000 ) ) ;
#75 = DIRECTION ( 'NONE',  ( 0.000000000000000000, 0.000000000000000000, 1.000000000000000000 ) ) ;
#76 = DIRECTION ( 'NONE',  ( -0.000000000000000000, 0.000000000000000000, -1.000000000000000000 ) ) ;
#77 = AXIS2_PLACEMENT_3D ( 'NONE', #377, #1534, #520 ) ;
#78 = ORIENTED_EDGE ( 'NONE', *, *, #1311, .T. ) ;
#79 = VERTEX_POINT ( 'NONE', #1385 ) ;
#80 = CARTESIAN_POINT ( 'NONE',  ( -580.8383508611900652, -1.000000000000000000, -297.7536113549479637 ) ) ;
#81 = DIRECTION ( 'NONE',  ( 0.000000000000000000, 0.000000000000000000, 1.000000000000000000 ) ) ;
#82 = CARTESIAN_POINT ( 'NONE',  ( -571.2205223127315321, 2.000000000000000000, -173.6786113549480319 ) ) ;
#83 = VECTOR ( 'NONE', #1414, 1000.000000000000000 ) ;
#84 = ORIENTED_EDGE ( 'NONE', *, *, #1393, .F. ) ;
#85 = VERTEX_POINT ( 'NONE', #87 ) ;
#86 = CARTESIAN_POINT ( 'NONE',  ( -336.2405223127314571, -1.000000000000000000, -178.8536113549479580 ) ) ;
#87 = CARTESIAN_POINT ( 'NONE',  ( -493.0347124767643550, 0.000000000000000000, -220.8873723300537790 ) ) ;
#88 = DIRECTION ( 'NONE',  ( -0.000000000000000000, -1.000000000000000000, -0.000000000000000000 ) ) ;
#89 = VECTOR ( 'NONE', #1305, 1000.000000000000000 ) ;
#90 = SHAPE_DEFINITION_REPRESENTATION ( #727, #907 ) ;
#91 = AXIS2_PLACEMENT_3D ( 'NONE', #96, #1825, #124 ) ;
#92 = ADVANCED_FACE ( 'NONE', ( #939 ), #1811, .T. ) ;
#93 = ORIENTED_EDGE ( 'NONE', *, *, #636, .T. ) ;
#94 = VERTEX_POINT ( 'NONE', #1066 ) ;
#95 = SURFACE_STYLE_FILL_AREA ( #406 ) ;
#96 = CARTESIAN_POINT ( 'NONE',  ( -310.9710487390173625, 6.000000000000000000, -298.2536113549479637 ) ) ;
#97 = APPLICATION_PROTOCOL_DEFINITION ( 'draft international standard', 'automotive_design', 1998, #1343 ) ;
#98 = EDGE_CURVE ( 'NONE', #24, #1442, #1378, .T. ) ;
#99 = EDGE_CURVE ( 'NONE', #936, #11, #1115, .T. ) ;
#100 = DIRECTION ( 'NONE',  ( 0.000000000000000000, 0.000000000000000000, 1.000000000000000000 ) ) ;
#101 = CARTESIAN_POINT ( 'NONE',  ( -335.8619044013167922, -2.888888888910581265, -284.7122400689837605 ) ) ;
#102 = CIRCLE ( 'NONE', #1579, 10.00000000000000888 ) ;
#103 = VERTEX_POINT ( 'NONE', #489 ) ;
#104 = SURFACE_SIDE_STYLE ('',( #95 ) ) ;
#105 = AXIS2_PLACEMENT_3D ( 'NONE', #499, #1677, #777 ) ;
#106 = DIRECTION ( 'NONE',  ( 1.000000000000000000, 0.000000000000000000, 0.000000000000000000 ) ) ;
#107 = CARTESIAN_POINT ( 'NONE',  ( -581.2799143269010074, -4.000000000000000000, -209.8036113549479751 ) ) ;
#108 = EDGE_CURVE ( 'NONE', #1604, #1836, #1643, .T. ) ;
#109 = CARTESIAN_POINT ( 'NONE',  ( -419.2489165341800685, 5.469559205652082312, -298.2536113549479069 ) ) ;
#110 = DIRECTION ( 'NONE',  ( -1.000000000000000000, 0.000000000000000000, 0.000000000000000000 ) ) ;
#111 = ORIENTED_EDGE ( 'NONE', *, *, #1076, .F. ) ;
#112 = CARTESIAN_POINT ( 'NONE',  ( -604.7241862369002092, -4.000000000000000000, -185.9036113549479978 ) ) ;
#113 = EDGE_CURVE ( 'NONE', #1218, #154, #1852, .T. ) ;
#114 = CARTESIAN_POINT ( 'NONE',  ( -402.3928805127287092, -4.000000000000000000, -240.1178609108982585 ) ) ;
#115 = CARTESIAN_POINT ( 'NONE',  ( -336.8646841956870617, -3.907576916330302019, -285.0005217581564239 ) ) ;
#116 = DIRECTION ( 'NONE',  ( -1.000000000000000000, 0.000000000000000000, 0.000000000000000000 ) ) ;
#117 = CIRCLE ( 'NONE', #1327, 5.174999999999984723 ) ;
#118 = CIRCLE ( 'NONE', #1664, 23.12635131889589957 ) ;
#119 = DIRECTION ( 'NONE',  ( 0.5154269531835047324, 0.000000000000000000, -0.8569335189686358989 ) ) ;
#120 = EDGE_LOOP ( 'NONE', ( #1824, #837, #1529, #937 ) ) ;
#121 = CARTESIAN_POINT ( 'NONE',  ( -325.8418344269018689, -2.888888888888886175, 0.000000000000000000 ) ) ;
#122 = ORIENTED_EDGE ( 'NONE', *, *, #918, .F. ) ;
#123 = CARTESIAN_POINT ( 'NONE',  ( -310.9710487390173625, -1.000000000000000000, -297.7536113549479637 ) ) ;
#124 = DIRECTION ( 'NONE',  ( -1.000000000000000000, 0.000000000000000000, 0.000000000000000000 ) ) ;
#125 = VECTOR ( 'NONE', #443, 1000.000000000000000 ) ;
#126 = CARTESIAN_POINT ( 'NONE',  ( -351.5987569201150222, -0.6644086700759176400, -298.2308430896795244 ) ) ;
#127 = DIRECTION ( 'NONE',  ( -0.000000000000000000, -0.000000000000000000, 1.000000000000000000 ) ) ;
#128 = ADVANCED_FACE ( 'NONE', ( #1129 ), #1698, .T. ) ;
#129 = PRODUCT_DEFINITION_FORMATION_WITH_SPECIFIED_SOURCE ( 'ANY', '', #1061, .NOT_KNOWN. ) ;
#130 = CARTESIAN_POINT ( 'NONE',  ( -402.3928805127287092, -4.000000000000000000, -240.1178609108982585 ) ) ;
#131 = ORIENTED_EDGE ( 'NONE', *, *, #1812, .T. ) ;
#132 = DIRECTION ( 'NONE',  ( 0.000000000000000000, 1.000000000000000000, -0.000000000000000000 ) ) ;
#133 = AXIS2_PLACEMENT_3D ( 'NONE', #1488, #1208, #1187 ) ;
#134 = CARTESIAN_POINT ( 'NONE',  ( -595.1708334636201698, -2.238893069709356087, -285.2036113549480092 ) ) ;
#135 = CARTESIAN_POINT ( 'NONE',  ( -352.2973686456184623, 0.2699087803135654662, -298.2536113549479069 ) ) ;
#136 = CARTESIAN_POINT ( 'NONE',  ( -310.9710487390173625, 6.000000000000000000, -298.2536113549479637 ) ) ;
#137 = CARTESIAN_POINT ( 'NONE',  ( -571.2205223127315321, -1.000000000000000000, -173.6786113549480319 ) ) ;
#138 = CARTESIAN_POINT ( 'NONE',  ( -310.9710487390173625, -1.000000000000000000, -285.2036113549480092 ) ) ;
#139 = CARTESIAN_POINT ( 'NONE',  ( -561.8564167050570859, 5.983088699701870183, -298.2536113549479637 ) ) ;
#140 = CIRCLE ( 'NONE', #1198, 18.85000000000000497 ) ;
#141 = CARTESIAN_POINT ( 'NONE',  ( -598.6408343939134511, -2.888888888898145435, -281.3237469581146115 ) ) ;
#142 = CARTESIAN_POINT ( 'NONE',  ( -402.3928805127287092, -4.000000000000000000, -258.9678609108983096 ) ) ;
#143 = FACE_OUTER_BOUND ( 'NONE', #1189, .T. ) ;
#144 = B_SPLINE_CURVE_WITH_KNOTS ( 'NONE', 3,
 ( #1262, #134, #1694, #1116 ),
 .UNSPECIFIED., .F., .F.,
 ( 4, 4 ),
 ( 0.0006084061781682297649, 0.002569473153677206446 ),
 .UNSPECIFIED. ) ;
#145 = EDGE_CURVE ( 'NONE', #79, #956, #1863, .T. ) ;
#146 = CARTESIAN_POINT ( 'NONE',  ( -350.7214777926315605, -1.000000000000000000, -297.7536113549479637 ) ) ;
#147 = VECTOR ( 'NONE', #33, 1000.000000000000000 ) ;
#148 = EDGE_LOOP ( 'NONE', ( #1461, #1403, #1179, #1395 ) ) ;
#149 = CARTESIAN_POINT ( 'NONE',  ( -577.0920095685642082, 5.999999999945666573, -299.5873889786284963 ) ) ;
#150 = ORIENTED_EDGE ( 'NONE', *, *, #1585, .F. ) ;
#151 = FACE_OUTER_BOUND ( 'NONE', #432, .T. ) ;
#152 = CARTESIAN_POINT ( 'NONE',  ( -604.2961881073986206, -2.888888888888887507, -272.7316146761502296 ) ) ;
#153 = DIRECTION ( 'NONE',  ( 0.000000000000000000, 0.000000000000000000, -1.000000000000000000 ) ) ;
#154 = VERTEX_POINT ( 'NONE', #1746 ) ;
#155 = DIRECTION ( 'NONE',  ( 0.000000000000000000, 0.000000000000000000, -1.000000000000000000 ) ) ;
#156 = EDGE_CURVE ( 'NONE', #612, #1760, #730, .T. ) ;
#157 = CARTESIAN_POINT ( 'NONE',  ( -339.3049693982362669, 6.000000000000015987, -273.1081111815591385 ) ) ;
#158 = CARTESIAN_POINT ( 'NONE',  ( -605.1202741597195427, -3.922238396143379102, -185.6285329504077595 ) ) ;
#159 = VERTEX_POINT ( 'NONE', #851 ) ;
#160 = EDGE_CURVE ( 'NONE', #1760, #870, #844, .T. ) ;
#161 = CARTESIAN_POINT ( 'NONE',  ( -595.7799143269008937, 5.999999999999994671, -267.6092604327993740 ) ) ;
#162 = EDGE_LOOP ( 'NONE', ( #1490, #762, #1808, #610, #747, #412, #186, #1346 ) ) ;
#163 = CIRCLE ( 'NONE', #1148, 10.00000000000000888 ) ;
#164 = CARTESIAN_POINT ( 'NONE',  ( -328.5885853604897306, -2.888888888888888840, -274.9344285083751629 ) ) ;
#165 = FACE_OUTER_BOUND ( 'NONE', #436, .T. ) ;
#166 = FACE_OUTER_BOUND ( 'NONE', #541, .T. ) ;
#167 = CARTESIAN_POINT ( 'NONE',  ( -347.1173237584532671, 6.000000000060756733, -294.3891950634352384 ) ) ;
#168 = AXIS2_PLACEMENT_3D ( 'NONE', #814, #1570, #705 ) ;
#169 = ORIENTED_EDGE ( 'NONE', *, *, #1409, .F. ) ;
#170 = CARTESIAN_POINT ( 'NONE',  ( -564.5459575707658360, 5.848003605347176226, -298.2536113549479069 ) ) ;
#171 = EDGE_CURVE ( 'NONE', #1381, #154, #806, .T. ) ;
#172 = CARTESIAN_POINT ( 'NONE',  ( 0.000000000000000000, -4.000000000000000000, 0.000000000000000000 ) ) ;
#173 = CARTESIAN_POINT ( 'NONE',  ( -335.7799143269008937, -4.000000000000000000, -267.6092604327994309 ) ) ;
#174 = CARTESIAN_POINT ( 'NONE',  ( -604.7241862369000955, -4.000000000000000000, -267.6092604327997151 ) ) ;
#175 = ORIENTED_EDGE ( 'NONE', *, *, #279, .F. ) ;
#176 = CARTESIAN_POINT ( 'NONE',  ( -363.6028589703918783, 3.658633043780741723, -298.2536113549480206 ) ) ;
#177 = CARTESIAN_POINT ( 'NONE',  ( -325.9696170131173290, -3.500000000000000000, -185.4036113549479978 ) ) ;
#178 = PLANE ( 'NONE',  #1020 ) ;
#179 = EDGE_CURVE ( 'NONE', #442, #1387, #1446, .T. ) ;
#180 = VERTEX_POINT ( 'NONE', #555 ) ;
#181 = CARTESIAN_POINT ( 'NONE',  ( -584.4438242671153603, 5.999999999961589836, -294.2886630849016569 ) ) ;
#182 = AXIS2_PLACEMENT_3D ( 'NONE', #1356, #1629, #212 ) ;
#183 = CARTESIAN_POINT ( 'NONE',  ( -310.9710487390173625, 6.000000000000000000, -172.3536113549479865 ) ) ;
#184 = DIRECTION ( 'NONE',  ( 0.000000000000000000, -1.000000000000000000, -0.000000000000000000 ) ) ;
#185 = DIRECTION ( 'NONE',  ( 0.000000000000000000, 0.000000000000000000, -1.000000000000000000 ) ) ;
#186 = ORIENTED_EDGE ( 'NONE', *, *, #744, .F. ) ;
#187 = CARTESIAN_POINT ( 'NONE',  ( -336.2766167794725902, -2.997388991937844249, -285.2036113549479523 ) ) ;
#188 = DIRECTION ( 'NONE',  ( 0.000000000000000000, 1.000000000000000000, 0.000000000000000000 ) ) ;
#189 = DIRECTION ( 'NONE',  ( 0.000000000000000000, 1.000000000000000000, 0.000000000000000000 ) ) ;
#190 = CARTESIAN_POINT ( 'NONE',  ( -310.9710487390173625, -1.000000000000000000, -185.4036113549479978 ) ) ;
#191 = ORIENTED_EDGE ( 'NONE', *, *, #1247, .T. ) ;
#192 = VERTEX_POINT ( 'NONE', #713 ) ;
#193 = LINE ( 'NONE', #183, #125 ) ;
#194 = CARTESIAN_POINT ( 'NONE',  ( -326.2405223127314571, -1.000000000000000000, -172.8536113549479865 ) ) ;
#195 = ORIENTED_EDGE ( 'NONE', *, *, #971, .F. ) ;
#196 = DIRECTION ( 'NONE',  ( 0.000000000000000000, 0.000000000000000000, -1.000000000000000000 ) ) ;
#197 = EDGE_CURVE ( 'NONE', #1070, #428, #522, .T. ) ;
#198 = CYLINDRICAL_SURFACE ( 'NONE', #959, 5.174999999999957190 ) ;
#199 = AXIS2_PLACEMENT_3D ( 'NONE', #1290, #1633, #155 ) ;
#200 = ORIENTED_EDGE ( 'NONE', *, *, #1122, .T. ) ;
#201 = EDGE_CURVE ( 'NONE', #924, #180, #1538, .T. ) ;
#202 = ORIENTED_EDGE ( 'NONE', *, *, #305, .F. ) ;
#203 = B_SPLINE_CURVE_WITH_KNOTS ( 'NONE', 3,
 ( #1477, #48, #1197, #906 ),
 .UNSPECIFIED., .F., .F.,
 ( 4, 4 ),
 ( 5.551115123125782702E-17, 0.01542526678525983110 ),
 .UNSPECIFIED. ) ;
#204 = CARTESIAN_POINT ( 'NONE',  ( -465.6939668186149675, -1.000000000000000000, -291.2536113549479637 ) ) ;
#205 = CARTESIAN_POINT ( 'NONE',  ( -402.3928805127287092, -4.000000000000000000, -221.2678609108982641 ) ) ;
#206 = CARTESIAN_POINT ( 'NONE',  ( -595.7799143269008937, -4.000000000000000000, -267.6092604327997151 ) ) ;
#207 = CARTESIAN_POINT ( 'NONE',  ( -358.0355015421135363, 6.000000000000015987, -291.2265691033106236 ) ) ;
#208 = ORIENTED_EDGE ( 'NONE', *, *, #931, .T. ) ;
#209 = EDGE_CURVE ( 'NONE', #569, #1547, #1109, .T. ) ;
#210 = ORIENTED_EDGE ( 'NONE', *, *, #394, .F. ) ;
#211 = AXIS2_PLACEMENT_3D ( 'NONE', #613, #1192, #1019 ) ;
#212 = DIRECTION ( 'NONE',  ( 0.000000000000000000, 0.000000000000000000, -1.000000000000000000 ) ) ;
#213 = B_SPLINE_CURVE_WITH_KNOTS ( 'NONE', 3,
 ( #1466, #741, #867, #993, #320, #158, #27, #1016, #1603, #729 ),
 .UNSPECIFIED., .F., .F.,
 ( 4, 2, 2, 2, 4 ),
 ( 8.673617379884035472E-19, 0.0002926702286854230032, 0.0005853404573708451391, 0.0008780106860562683592, 0.001170680914741691579 ),
 .UNSPECIFIED. ) ;
#214 = CIRCLE ( 'NONE', #854, 5.174999999999984723 ) ;
#215 = DIRECTION ( 'NONE',  ( 0.000000000000000000, -1.000000000000000000, 0.000000000000000000 ) ) ;
#216 = CARTESIAN_POINT ( 'NONE',  ( -402.3928805127287092, -3.700000000000000178, -240.1178609108982585 ) ) ;
#217 = DIRECTION ( 'NONE',  ( 0.000000000000000000, -0.000000000000000000, 1.000000000000000000 ) ) ;
#218 = ADVANCED_FACE ( 'NONE', ( #401 ), #1098, .T. ) ;
#219 = VERTEX_POINT ( 'NONE', #1552 ) ;
#220 = TOROIDAL_SURFACE ( 'NONE', #1265, 18.85000000000001918, 0.2999999999999999889 ) ;
#221 = EDGE_CURVE ( 'NONE', #1401, #1600, #825, .T. ) ;
#222 = FACE_OUTER_BOUND ( 'NONE', #1743, .T. ) ;
#223 = ORIENTED_EDGE ( 'NONE', *, *, #1726, .F. ) ;
#224 = CYLINDRICAL_SURFACE ( 'NONE', #1388, 18.54999999999990123 ) ;
#225 = CARTESIAN_POINT ( 'NONE',  ( -581.2799143269010074, -3.700000000000000178, -209.8036113549479751 ) ) ;
#226 = B_SPLINE_CURVE_WITH_KNOTS ( 'NONE', 3,
 ( #1703, #697, #1853, #552, #1423, #840, #1818, #519, #376, #671, #1575, #1178, #1153, #869, #603, #170, #429, #139, #1761, #1738 ),
 .UNSPECIFIED., .F., .F.,
 ( 4, 2, 2, 2, 2, 2, 2, 2, 2, 4 ),
 ( 4.835541689285349776E-17, 0.002689620114162135679, 0.004034430171243052164, 0.005379240228323968649, 0.008068860342485800752, 0.009413670399566562846, 0.01075848045664732494, 0.01613772068497069251, 0.01882734079913237629, 0.02151696091329406008 ),
 .UNSPECIFIED. ) ;
#227 = EDGE_LOOP ( 'NONE', ( #34, #52 ) ) ;
#228 = ORIENTED_EDGE ( 'NONE', *, *, #1281, .F. ) ;
#229 = CARTESIAN_POINT ( 'NONE',  ( -326.0187638219849191, -3.585124769988458748, -185.4036113549479978 ) ) ;
#230 = PLANE ( 'NONE',  #648 ) ;
#231 = EDGE_CURVE ( 'NONE', #350, #1731, #1788, .T. ) ;
#232 = CIRCLE ( 'NONE', #941, 18.55000000000001137 ) ;
#233 = ORIENTED_EDGE ( 'NONE', *, *, #60, .T. ) ;
#234 = ORIENTED_EDGE ( 'NONE', *, *, #1712, .F. ) ;
#235 = FILL_AREA_STYLE_COLOUR ( '', #1621 ) ;
#236 = EDGE_CURVE ( 'NONE', #94, #85, #1207, .T. ) ;
#237 = EDGE_CURVE ( 'NONE', #460, #11, #975, .T. ) ;
#238 = CYLINDRICAL_SURFACE ( 'NONE', #15, 0.5000000000000004441 ) ;
#239 =( LENGTH_UNIT ( ) NAMED_UNIT ( * ) SI_UNIT ( .MILLI., .METRE. ) );
#240 = DIRECTION ( 'NONE',  ( -1.000000000000000000, 0.000000000000000000, 0.000000000000000000 ) ) ;
#241 = AXIS2_PLACEMENT_3D ( 'NONE', #572, #723, #1022 ) ;
#242 = CIRCLE ( 'NONE', #1870, 18.85000000000000497 ) ;
#243 =( REPRESENTATION_RELATIONSHIP ('NONE','NONE', #907, #1375 ) REPRESENTATION_RELATIONSHIP_WITH_TRANSFORMATION ( #1379 )SHAPE_REPRESENTATION_RELATIONSHIP( ) );
#244 = CARTESIAN_POINT ( 'NONE',  ( -604.7241862369000955, -4.000000000000000000, 0.000000000000000000 ) ) ;
#245 = ORIENTED_EDGE ( 'NONE', *, *, #718, .T. ) ;
#246 = ORIENTED_EDGE ( 'NONE', *, *, #305, .T. ) ;
#247 = DIRECTION ( 'NONE',  ( 0.000000000000000000, 0.000000000000000000, -1.000000000000000000 ) ) ;
#248 = DIRECTION ( 'NONE',  ( 0.000000000000000000, 0.000000000000000000, 1.000000000000000000 ) ) ;
#249 = CARTESIAN_POINT ( 'NONE',  ( -326.2405223127314571, -1.000000000000000000, 0.000000000000000000 ) ) ;
#250 = CLOSED_SHELL ( 'NONE', ( #1651, #1033, #508, #468, #1823, #314, #1770, #500, #1127, #914, #1518, #1784, #1782, #677, #1397, #1271, #1827, #797, #784, #948, #1555, #1054, #92, #1686, #1654, #818, #564, #1141, #650, #128, #1514, #385, #1628, #1362, #534, #547, #587, #1801, #631, #1841, #1440, #1846, #357, #1612, #963, #1060, #758, #4, #1096, #218, #646, #1315, #997, #1839, #1151 ) ) ;
#251 = CARTESIAN_POINT ( 'NONE',  ( -581.2799143269010074, -3.700000000000000178, -209.8036113549479751 ) ) ;
#252 = CARTESIAN_POINT ( 'NONE',  ( -356.6835315506816642, 6.000000000000036415, -290.3073741998961736 ) ) ;
#253 = VERTEX_POINT ( 'NONE', #1714 ) ;
#254 = DIRECTION ( 'NONE',  ( 1.000000000000000000, 0.000000000000000000, 0.000000000000000000 ) ) ;
#255 = CIRCLE ( 'NONE', #583, 0.2999999999999947153 ) ;
#256 = EDGE_CURVE ( 'NONE', #591, #103, #985, .T. ) ;
#257 = DIRECTION ( 'NONE',  ( 0.000000000000000000, 0.000000000000000000, 1.000000000000000000 ) ) ;
#258 = PRODUCT_CONTEXT ( 'NONE', #1432, 'mechanical' ) ;
#259 = CARTESIAN_POINT ( 'NONE',  ( -422.4725444633763800, 6.000000000000000000, -298.2536113549479637 ) ) ;
#260 = CARTESIAN_POINT ( 'NONE',  ( -604.4026415296548294, -4.000000000000000000, -272.7956441041921494 ) ) ;
#261 = ORIENTED_EDGE ( 'NONE', *, *, #1515, .F. ) ;
#262 = CARTESIAN_POINT ( 'NONE',  ( -605.7241862369000955, -3.000000000000000000, -267.6092604327997151 ) ) ;
#263 = CARTESIAN_POINT ( 'NONE',  ( -333.7779761145935140, -4.000000000000000000, -280.8159845702879807 ) ) ;
#264 = CARTESIAN_POINT ( 'NONE',  ( -356.4791338837513308, 3.359768728976706864, -298.2536113549479637 ) ) ;
#265 = DIRECTION ( 'NONE',  ( 0.000000000000000000, -0.000000000000000000, -1.000000000000000000 ) ) ;
#266 = ORIENTED_EDGE ( 'NONE', *, *, #1585, .T. ) ;
#267 = CARTESIAN_POINT ( 'NONE',  ( -601.5850167852844379, -2.888888888956363754, -277.2391274618979651 ) ) ;
#268 = ORIENTED_EDGE ( 'NONE', *, *, #636, .F. ) ;
#269 = CYLINDRICAL_SURFACE ( 'NONE', #1382, 10.00000000000000888 ) ;
#270 = CARTESIAN_POINT ( 'NONE',  ( -389.8068393967211591, -4.000000000000000000, -298.3036113549480319 ) ) ;
#271 = DIRECTION ( 'NONE',  ( -0.000000000000000000, -1.000000000000000000, 0.000000000000000000 ) ) ;
#272 = AXIS2_PLACEMENT_3D ( 'NONE', #1792, #492, #1506 ) ;
#273 = LINE ( 'NONE', #244, #1540 ) ;
#274 = CARTESIAN_POINT ( 'NONE',  ( -581.7420103765693966, 5.999999999999974243, -296.3753011643756849 ) ) ;
#275 = VECTOR ( 'NONE', #25, 1000.000000000000000 ) ;
#276 = CARTESIAN_POINT ( 'NONE',  ( -567.3741452613645606, 5.999999999999993783, -294.9803444990527055 ) ) ;
#277 = CARTESIAN_POINT ( 'NONE',  ( -361.4343885034573987, 5.031501443378240346, -298.2536113549479637 ) ) ;
#278 = DIRECTION ( 'NONE',  ( -0.000000000000000000, 0.000000000000000000, 1.000000000000000000 ) ) ;
#279 = EDGE_CURVE ( 'NONE', #1531, #374, #599, .T. ) ;
#280 = CARTESIAN_POINT ( 'NONE',  ( -595.0977031288998660, -3.500000000000000000, -285.2036113549480092 ) ) ;
#281 = CARTESIAN_POINT ( 'NONE',  ( -336.8219907491011895, -1.000000000000000000, -285.2036113549480092 ) ) ;
#282 = ORIENTED_EDGE ( 'NONE', *, *, #367, .T. ) ;
#283 = CARTESIAN_POINT ( 'NONE',  ( -389.8068393967211591, -4.000000000000000000, -298.3036113549480319 ) ) ;
#284 = DIRECTION ( 'NONE',  ( -0.000000000000000000, 0.000000000000000000, 1.000000000000000000 ) ) ;
#285 = EDGE_CURVE ( 'NONE', #1218, #1147, #1724, .T. ) ;
#286 = DIRECTION ( 'NONE',  ( -0.000000000000000000, -1.000000000000000000, 0.000000000000000000 ) ) ;
#287 = DIRECTION ( 'NONE',  ( 0.000000000000000000, 0.000000000000000000, 1.000000000000000000 ) ) ;
#288 = DIRECTION ( 'NONE',  ( 0.000000000000000000, 1.000000000000000000, 0.000000000000000000 ) ) ;
#289 = CYLINDRICAL_SURFACE ( 'NONE', #306, 5.174999999999984723 ) ;
#290 = AXIS2_PLACEMENT_3D ( 'NONE', #49, #59, #630 ) ;
#291 = EDGE_CURVE ( 'NONE', #1387, #1716, #1482, .T. ) ;
#292 = DIRECTION ( 'NONE',  ( -1.000000000000000000, 0.000000000000000000, 0.000000000000000000 ) ) ;
#293 = TOROIDAL_SURFACE ( 'NONE', #1361, 8.944271909999159220, 1.000000000000000000 ) ;
#294 = AXIS2_PLACEMENT_3D ( 'NONE', #873, #1168, #1472 ) ;
#295 = ORIENTED_EDGE ( 'NONE', *, *, #113, .F. ) ;
#296 = CARTESIAN_POINT ( 'NONE',  ( -577.2344513882172805, 5.999999999999974243, -288.5752937741439723 ) ) ;
#297 = DIRECTION ( 'NONE',  ( 1.000000000000000000, 0.000000000000000000, 0.000000000000000000 ) ) ;
#298 = B_SPLINE_CURVE_WITH_KNOTS ( 'NONE', 3,
 ( #259, #1848, #826, #109, #1407, #411, #976, #1420, #1545, #702, #707, #1563, #845, #836, #1856, #676, #556, #1130 ),
 .UNSPECIFIED., .F., .F.,
 ( 4, 2, 2, 2, 2, 2, 2, 2, 4 ),
 ( 0.000000000000000000, 0.003015624633332879799, 0.003769530791666021469, 0.004523436949999163140, 0.006031249266665446480, 0.007539061583331729821, 0.009046873899998014029, 0.01055468621666429477, 0.01206249853333057724 ),
 .UNSPECIFIED. ) ;
#299 = CARTESIAN_POINT ( 'NONE',  ( -334.6058522488441440, -2.888888888888891948, -283.2636895829790546 ) ) ;
#300 = DIRECTION ( 'NONE',  ( 0.000000000000000000, 0.000000000000000000, 1.000000000000000000 ) ) ;
#301 = ORIENTED_EDGE ( 'NONE', *, *, #644, .F. ) ;
#302 = CARTESIAN_POINT ( 'NONE',  ( -364.0770670936293527, 3.232250728846878918, -298.2536113549480206 ) ) ;
#303 = EDGE_CURVE ( 'NONE', #1604, #1600, #213, .T. ) ;
#304 = CARTESIAN_POINT ( 'NONE',  ( -343.9542460505808776, 5.999999999999994671, -278.8754505566860757 ) ) ;
#305 = EDGE_CURVE ( 'NONE', #945, #1401, #1867, .T. ) ;
#306 = AXIS2_PLACEMENT_3D ( 'NONE', #588, #1756, #978 ) ;
#307 = ORIENTED_EDGE ( 'NONE', *, *, #772, .F. ) ;
#308 = EDGE_CURVE ( 'NONE', #39, #1499, #961, .T. ) ;
#309 = CARTESIAN_POINT ( 'NONE',  ( -583.2526794872927667, -2.888888888868741844, -296.4852257252733807 ) ) ;
#310 = AXIS2_PLACEMENT_3D ( 'NONE', #1661, #912, #1502 ) ;
#311 = ORIENTED_EDGE ( 'NONE', *, *, #1331, .F. ) ;
#312 = CARTESIAN_POINT ( 'NONE',  ( -604.2961881073986206, -2.888888888888888840, -272.7316146761502296 ) ) ;
#313 = CARTESIAN_POINT ( 'NONE',  ( -594.3846046482440215, -4.000000000000000000, -284.7036113549480092 ) ) ;
#314 = ADVANCED_FACE ( 'NONE', ( #1150 ), #1292, .F. ) ;
#315 = CARTESIAN_POINT ( 'NONE',  ( -359.2694895189305839, 5.832646225616328728, -294.1963349300203845 ) ) ;
#316 = VERTEX_POINT ( 'NONE', #1736 ) ;
#317 = CARTESIAN_POINT ( 'NONE',  ( -366.5086467134219106, -0.5000000000000004441, -298.2536113549479637 ) ) ;
#318 = CARTESIAN_POINT ( 'NONE',  ( -332.0212333188545699, 5.999999999999977796, -278.3136125797182103 ) ) ;
#319 = FACE_BOUND ( 'NONE', #805, .T. ) ;
#320 = CARTESIAN_POINT ( 'NONE',  ( -605.2720477393344254, -3.840985776380871908, -185.5325559788542478 ) ) ;
#321 = VERTEX_POINT ( 'NONE', #439 ) ;
#322 = CARTESIAN_POINT ( 'NONE',  ( -591.3793615529207273, 6.000000000000036415, -274.3672933887904151 ) ) ;
#323 = ORIENTED_EDGE ( 'NONE', *, *, #171, .F. ) ;
#324 = AXIS2_PLACEMENT_3D ( 'NONE', #980, #831, #1568 ) ;
#325 = FACE_OUTER_BOUND ( 'NONE', #1321, .T. ) ;
#326 = CARTESIAN_POINT ( 'NONE',  ( -337.1127772753437739, -4.000000000000001776, -284.7657935537799858 ) ) ;
#327 = DIRECTION ( 'NONE',  ( 0.000000000000000000, -1.000000000000000000, 0.000000000000000000 ) ) ;
#328 = FACE_BOUND ( 'NONE', #71, .T. ) ;
#329 = ORIENTED_EDGE ( 'NONE', *, *, #1380, .F. ) ;
#330 = AXIS2_PLACEMENT_3D ( 'NONE', #953, #690, #1264 ) ;
#331 = CIRCLE ( 'NONE', #1484, 18.55000000000001137 ) ;
#332 = ORIENTED_EDGE ( 'NONE', *, *, #557, .T. ) ;
#333 = DIRECTION ( 'NONE',  ( 0.000000000000000000, 0.000000000000000000, -1.000000000000000000 ) ) ;
#334 = DIRECTION ( 'NONE',  ( 0.000000000000000000, -1.000000000000000000, 0.000000000000000000 ) ) ;
#335 = FACE_OUTER_BOUND ( 'NONE', #1023, .T. ) ;
#336 = DIRECTION ( 'NONE',  ( -1.000000000000000000, 0.000000000000000000, 0.000000000000000000 ) ) ;
#337 = FACE_OUTER_BOUND ( 'NONE', #1215, .T. ) ;
#338 = DIRECTION ( 'NONE',  ( -0.5154269531835218299, 0.000000000000000000, -0.8569335189686255738 ) ) ;
#339 =( GEOMETRIC_REPRESENTATION_CONTEXT ( 3 ) GLOBAL_UNCERTAINTY_ASSIGNED_CONTEXT ( ( #1464 ) ) GLOBAL_UNIT_ASSIGNED_CONTEXT ( ( #1075, #1622, #538 ) ) REPRESENTATION_CONTEXT ( 'NONE', 'WORKASPACE' ) );
#340 = VERTEX_POINT ( 'NONE', #1002 ) ;
#341 = VERTEX_POINT ( 'NONE', #1591 ) ;
#342 = CARTESIAN_POINT ( 'NONE',  ( -595.7799143269010074, 6.000000000000000000, -172.3536113549479865 ) ) ;
#343 = AXIS2_PLACEMENT_3D ( 'NONE', #1279, #1537, #674 ) ;
#344 = ORIENTED_EDGE ( 'NONE', *, *, #1252, .F. ) ;
#345 = EDGE_CURVE ( 'NONE', #1411, #569, #808, .T. ) ;
#346 = CARTESIAN_POINT ( 'NONE',  ( -329.9748715200935862, -2.888888888862653381, -277.2392266368134415 ) ) ;
#347 = DIRECTION ( 'NONE',  ( 0.000000000000000000, 1.000000000000000000, 0.000000000000000000 ) ) ;
#348 = EDGE_CURVE ( 'NONE', #1600, #579, #273, .T. ) ;
#349 = AXIS2_PLACEMENT_3D ( 'NONE', #56, #1511, #1067 ) ;
#350 = VERTEX_POINT ( 'NONE', #943 ) ;
#351 = VERTEX_POINT ( 'NONE', #540 ) ;
#352 = CARTESIAN_POINT ( 'NONE',  ( -580.7499726876119439, -1.000000000001759703, -297.8162577864414402 ) ) ;
#353 = DIRECTION ( 'NONE',  ( 0.000000000000000000, 0.000000000000000000, -1.000000000000000000 ) ) ;
#354 = EDGE_CURVE ( 'NONE', #31, #1716, #242, .T. ) ;
#355 = CARTESIAN_POINT ( 'NONE',  ( -357.9366613467703360, 6.000000000000000000, -291.1382405643936977 ) ) ;
#356 = DIRECTION ( 'NONE',  ( 0.000000000000000000, -1.000000000000000000, 0.000000000000000000 ) ) ;
#357 = ADVANCED_FACE ( 'NONE', ( #691 ), #393, .T. ) ;
#358 = ORIENTED_EDGE ( 'NONE', *, *, #434, .F. ) ;
#359 = ORIENTED_EDGE ( 'NONE', *, *, #1092, .F. ) ;
#360 = CARTESIAN_POINT ( 'NONE',  ( -493.0347124767643550, 0.000000000000000000, -220.8873723300537790 ) ) ;
#361 = TOROIDAL_SURFACE ( 'NONE', #453, 18.84999999999990550, 0.2999999999999999889 ) ;
#362 = CARTESIAN_POINT ( 'NONE',  ( -412.9298910181562974, -1.000000000000193179, -297.8898663149362278 ) ) ;
#363 = CARTESIAN_POINT ( 'NONE',  ( -332.9390823267391966, -3.999999999515761573, -281.5659321449927006 ) ) ;
#364 = CYLINDRICAL_SURFACE ( 'NONE', #1606, 18.55000000000001137 ) ;
#365 = ORIENTED_EDGE ( 'NONE', *, *, #771, .T. ) ;
#366 = AXIS2_PLACEMENT_3D ( 'NONE', #1457, #1617, #333 ) ;
#367 = EDGE_CURVE ( 'NONE', #591, #24, #298, .T. ) ;
#368 = VERTEX_POINT ( 'NONE', #1573 ) ;
#369 = DIRECTION ( 'NONE',  ( 0.000000000000000000, 0.000000000000000000, 1.000000000000000000 ) ) ;
#370 = DIRECTION ( 'NONE',  ( -0.000000000000000000, -1.000000000000000000, 0.000000000000000000 ) ) ;
#371 = CARTESIAN_POINT ( 'NONE',  ( -327.2636405464032805, -2.888888888888888395, -272.7316146761502296 ) ) ;
#372 = APPLICATION_CONTEXT ( 'automotive_design' ) ;
#373 = AXIS2_PLACEMENT_3D ( 'NONE', #1744, #1451, #1171 ) ;
#374 = VERTEX_POINT ( 'NONE', #1091 ) ;
#375 = VERTEX_POINT ( 'NONE', #420 ) ;
#376 = CARTESIAN_POINT ( 'NONE',  ( -574.1561267315031500, 3.789310065526724447, -298.2536113549480206 ) ) ;
#377 = CARTESIAN_POINT ( 'NONE',  ( -326.8356424169017487, -3.000000000000000000, 0.000000000000000000 ) ) ;
#378 = DIRECTION ( 'NONE',  ( 0.000000000000000000, 1.000000000000000000, -0.000000000000000000 ) ) ;
#379 = CARTESIAN_POINT ( 'NONE',  ( 542.1934338456879914, 122.8244714940949649, 338.6462457491630857 ) ) ;
#380 = CIRCLE ( 'NONE', #625, 18.54999999999990123 ) ;
#381 = DIRECTION ( 'NONE',  ( -0.000000000000000000, -1.000000000000000000, 0.000000000000000000 ) ) ;
#382 = EDGE_LOOP ( 'NONE', ( #202, #1737, #734, #839, #1389 ) ) ;
#383 = VERTEX_POINT ( 'NONE', #986 ) ;
#384 =( NAMED_UNIT ( * ) SI_UNIT ( $, .STERADIAN. ) SOLID_ANGLE_UNIT ( ) );
#385 = ADVANCED_FACE ( 'NONE', ( #1430 ), #955, .T. ) ;
#386 = CIRCLE ( 'NONE', #633, 5.174999999999957190 ) ;
#387 = DIRECTION ( 'NONE',  ( 0.5154269531835137252, 0.000000000000000000, 0.8569335189686305698 ) ) ;
#388 = VECTOR ( 'NONE', #292, 1000.000000000000000 ) ;
#389 = SHAPE_REPRESENTATION_RELATIONSHIP ( 'NONE' , 'NONE' ,  #1375, #693 ) ;
#390 = CARTESIAN_POINT ( 'NONE',  ( -402.3928805127287092, -3.700000000000000178, -221.5678609108982471 ) ) ;
#391 = DIRECTION ( 'NONE',  ( 0.000000000000000000, -1.000000000000000000, 0.000000000000000000 ) ) ;
#392 = CIRCLE ( 'NONE', #1689, 23.12635131889589957 ) ;
#393 = PLANE ( 'NONE',  #1287 ) ;
#394 = EDGE_CURVE ( 'NONE', #1218, #368, #8, .T. ) ;
#395 = ORIENTED_EDGE ( 'NONE', *, *, #179, .T. ) ;
#396 = CARTESIAN_POINT ( 'NONE',  ( -346.4929913679150673, -2.888888888857132908, -295.1637919739945914 ) ) ;
#397 = ORIENTED_EDGE ( 'NONE', *, *, #1734, .T. ) ;
#398 = DIRECTION ( 'NONE',  ( 0.000000000000000000, 0.000000000000000000, -1.000000000000000000 ) ) ;
#399 = CARTESIAN_POINT ( 'NONE',  ( -603.4445607293488365, -3.000000000000000000, -272.2193792518150985 ) ) ;
#400 = CONTEXT_DEPENDENT_SHAPE_REPRESENTATION ( #243, #1162 ) ;
#401 = FACE_OUTER_BOUND ( 'NONE', #510, .T. ) ;
#402 = AXIS2_PLACEMENT_3D ( 'NONE', #55, #498, #801 ) ;
#403 = ORIENTED_EDGE ( 'NONE', *, *, #1645, .T. ) ;
#404 = CARTESIAN_POINT ( 'NONE',  ( -339.0753189766293190, 5.999999999984662935, -286.8340962437024473 ) ) ;
#405 = VERTEX_POINT ( 'NONE', #1826 ) ;
#406 = FILL_AREA_STYLE ('',( #235 ) ) ;
#407 = CARTESIAN_POINT ( 'NONE',  ( -605.3193063410703871, -1.000000000000000000, 0.000000000000000000 ) ) ;
#408 = CARTESIAN_POINT ( 'NONE',  ( -351.7376444461608003, -0.5000000000000004441, -298.2536113549479637 ) ) ;
#409 = DIRECTION ( 'NONE',  ( 0.000000000000000000, 0.000000000000000000, -1.000000000000000000 ) ) ;
#410 = EDGE_CURVE ( 'NONE', #791, #350, #163, .T. ) ;
#411 = CARTESIAN_POINT ( 'NONE',  ( -418.5371879496360634, 5.196585959139042643, -298.2536113549480206 ) ) ;
#412 = ORIENTED_EDGE ( 'NONE', *, *, #209, .T. ) ;
#413 = CARTESIAN_POINT ( 'NONE',  ( -343.4128882881778964, 5.999999999999994671, -278.2500183440216688 ) ) ;
#414 = ORIENTED_EDGE ( 'NONE', *, *, #1734, .F. ) ;
#415 = DIRECTION ( 'NONE',  ( 0.000000000000000000, -1.000000000000000000, 0.000000000000000000 ) ) ;
#416 = FACE_OUTER_BOUND ( 'NONE', #686, .T. ) ;
#417 = CARTESIAN_POINT ( 'NONE',  ( -354.4075494203669336, 2.196056945107628611, -298.2536113549479069 ) ) ;
#418 = DIRECTION ( 'NONE',  ( 0.000000000000000000, 1.000000000000000000, -0.000000000000000000 ) ) ;
#419 = AXIS2_PLACEMENT_3D ( 'NONE', #1572, #418, #1723 ) ;
#420 = CARTESIAN_POINT ( 'NONE',  ( -336.2926921053672231, -2.888888888904531882, -285.2036113549480092 ) ) ;
#421 = EDGE_LOOP ( 'NONE', ( #1317, #781, #1164, #484, #1035, #1637 ) ) ;
#422 = CARTESIAN_POINT ( 'NONE',  ( -595.1516421240362433, -4.000000000000000000, -285.5248279905036952 ) ) ;
#423 = DIRECTION ( 'NONE',  ( 0.000000000000000000, 1.000000000000000000, -0.000000000000000000 ) ) ;
#424 = DIRECTION ( 'NONE',  ( 0.000000000000000000, 0.000000000000000000, 1.000000000000000000 ) ) ;
#425 = CARTESIAN_POINT ( 'NONE',  ( -358.2354952092998701, 4.100740332476497940, -298.2536113549479637 ) ) ;
#426 = CARTESIAN_POINT ( 'NONE',  ( -310.9710487390173625, -0.5000000000000004441, -298.2536113549479637 ) ) ;
#427 = PRODUCT_DEFINITION ( 'UNKNOWN', '', #129, #1128 ) ;
#428 = VERTEX_POINT ( 'NONE', #1255 ) ;
#429 = CARTESIAN_POINT ( 'NONE',  ( -563.6515394579231497, 5.907035064050400130, -298.2536113549479069 ) ) ;
#430 = AXIS2_PLACEMENT_3D ( 'NONE', #714, #1875, #35 ) ;
#431 = EDGE_CURVE ( 'NONE', #1411, #62, #497, .T. ) ;
#432 = EDGE_LOOP ( 'NONE', ( #1516, #1479, #857, #1849, #268 ) ) ;
#433 = CYLINDRICAL_SURFACE ( 'NONE', #688, 0.5000000000000004441 ) ;
#434 = EDGE_CURVE ( 'NONE', #1857, #180, #1548, .T. ) ;
#435 = CARTESIAN_POINT ( 'NONE',  ( -402.3928805127287092, -4.000000000000000000, -258.6678609108982982 ) ) ;
#436 = EDGE_LOOP ( 'NONE', ( #932, #1467, #477, #1339, #1267, #1616, #1269 ) ) ;
#437 = CARTESIAN_POINT ( 'NONE',  ( -595.2671365484335411, -2.888888888898145435, -285.2036113549480092 ) ) ;
#438 = CARTESIAN_POINT ( 'NONE',  ( -595.2753681624421915, -3.106758122305501857, -285.2036113549479523 ) ) ;
#439 = CARTESIAN_POINT ( 'NONE',  ( -337.1752240055575385, -4.000000000000000000, -284.7036113549480092 ) ) ;
#440 = EDGE_LOOP ( 'NONE', ( #1000, #266 ) ) ;
#441 = CARTESIAN_POINT ( 'NONE',  ( -598.5645636452384224, 6.000000000040390802, -279.7156538257069656 ) ) ;
#442 = VERTEX_POINT ( 'NONE', #390 ) ;
#443 = DIRECTION ( 'NONE',  ( -1.000000000000000000, 0.000000000000000000, 0.000000000000000000 ) ) ;
#444 = EDGE_CURVE ( 'NONE', #1442, #253, #118, .T. ) ;
#445 = CARTESIAN_POINT ( 'NONE',  ( -594.8748567816655850, -3.773912476842907981, -285.1413757123137316 ) ) ;
#446 = FACE_OUTER_BOUND ( 'NONE', #120, .T. ) ;
#447 = EDGE_LOOP ( 'NONE', ( #503, #987, #1241, #17, #908 ) ) ;
#448 = CARTESIAN_POINT ( 'NONE',  ( -336.2845382600673929, -3.107206027016596206, -285.2036113549480660 ) ) ;
#449 = CARTESIAN_POINT ( 'NONE',  ( -339.6427536359217356, -2.888888888916405495, -288.8616444959977230 ) ) ;
#450 = EDGE_CURVE ( 'NONE', #475, #321, #1172, .T. ) ;
#451 = DIRECTION ( 'NONE',  ( 1.000000000000000000, 0.000000000000000000, 0.000000000000000000 ) ) ;
#452 = DIRECTION ( 'NONE',  ( 0.000000000000000000, 0.000000000000000000, -1.000000000000000000 ) ) ;
#453 = AXIS2_PLACEMENT_3D ( 'NONE', #1618, #881, #1325 ) ;
#454 = ORIENTED_EDGE ( 'NONE', *, *, #1474, .T. ) ;
#455 = CARTESIAN_POINT ( 'NONE',  ( -567.6859172610041924, -2.888888888898510920, -305.9091052453604789 ) ) ;
#456 = ORIENTED_EDGE ( 'NONE', *, *, #67, .F. ) ;
#457 = CARTESIAN_POINT ( 'NONE',  ( -603.4445607293488365, -4.000000000000000000, -272.2193792518151554 ) ) ;
#458 = DIRECTION ( 'NONE',  ( -1.000000000000000000, 0.000000000000000000, 0.000000000000000000 ) ) ;
#459 = CARTESIAN_POINT ( 'NONE',  ( -360.7677243403174430, 5.349350033259976378, -297.1301966356542152 ) ) ;
#460 = VERTEX_POINT ( 'NONE', #1608 ) ;
#461 = CIRCLE ( 'NONE', #1419, 1.000000000000000888 ) ;
#462 = CARTESIAN_POINT ( 'NONE',  ( -604.7241862369000955, -3.000000000000000000, 0.000000000000000000 ) ) ;
#463 = CYLINDRICAL_SURFACE ( 'NONE', #725, 0.5000000000000004441 ) ;
#464 = PLANE ( 'NONE',  #865 ) ;
#465 = CIRCLE ( 'NONE', #1370, 5.174999999999957190 ) ;
#466 = ORIENTED_EDGE ( 'NONE', *, *, #1103, .T. ) ;
#467 = FACE_OUTER_BOUND ( 'NONE', #1365, .T. ) ;
#468 = ADVANCED_FACE ( 'NONE', ( #1460 ), #807, .T. ) ;
#469 = CARTESIAN_POINT ( 'NONE',  ( -594.5094012243462203, -3.999999999999999112, -284.8278792786892950 ) ) ;
#470 = CARTESIAN_POINT ( 'NONE',  ( -595.7799143269008937, 6.000000000000000000, -267.6092604327993172 ) ) ;
#471 = CARTESIAN_POINT ( 'NONE',  ( -326.8356424169017487, -4.000000000000000000, -267.6092604327994309 ) ) ;
#472 = CARTESIAN_POINT ( 'NONE',  ( -366.6837912069814820, -1.000000000000014655, -297.8897220601084541 ) ) ;
#473 = DIRECTION ( 'NONE',  ( 0.000000000000000000, 1.000000000000000000, 0.000000000000000000 ) ) ;
#474 = DIRECTION ( 'NONE',  ( -1.000000000000000000, 0.000000000000000000, 0.000000000000000000 ) ) ;
#475 = VERTEX_POINT ( 'NONE', #754 ) ;
#476 = DIRECTION ( 'NONE',  ( 0.000000000000000000, 0.000000000000000000, 1.000000000000000000 ) ) ;
#477 = ORIENTED_EDGE ( 'NONE', *, *, #1239, .T. ) ;
#478 = CARTESIAN_POINT ( 'NONE',  ( -326.0805766418898770, -3.662209020169048923, -185.4252538346636925 ) ) ;
#479 = ORIENTED_EDGE ( 'NONE', *, *, #644, .T. ) ;
#480 = DIRECTION ( 'NONE',  ( 0.000000000000000000, 0.000000000000000000, 1.000000000000000000 ) ) ;
#481 = UNCERTAINTY_MEASURE_WITH_UNIT (LENGTH_MEASURE( 1.000000000000000082E-05 ), #1250, 'distance_accuracy_value', 'NONE');
#482 = CARTESIAN_POINT ( 'NONE',  ( -360.8117630699022129, 6.000000000000015987, -292.9771522551761223 ) ) ;
#483 = FACE_BOUND ( 'NONE', #681, .T. ) ;
#484 = ORIENTED_EDGE ( 'NONE', *, *, #444, .F. ) ;
#485 = AXIS2_PLACEMENT_3D ( 'NONE', #1687, #391, #964 ) ;
#486 = VERTEX_POINT ( 'NONE', #893 ) ;
#487 = AXIS2_PLACEMENT_3D ( 'NONE', #10, #278, #1146 ) ;
#488 = CARTESIAN_POINT ( 'NONE',  ( -580.6610136725181519, -0.9886484890362231548, -297.8746917531829013 ) ) ;
#489 = CARTESIAN_POINT ( 'NONE',  ( -560.0588357791871204, 6.000000000000000000, -298.2536113549479637 ) ) ;
#490 = EDGE_CURVE ( 'NONE', #383, #878, #1790, .T. ) ;
#491 = CARTESIAN_POINT ( 'NONE',  ( -328.1152679244530646, -4.000000000000000000, -272.2193792518151554 ) ) ;
#492 = DIRECTION ( 'NONE',  ( 0.000000000000000000, -1.000000000000000000, 0.000000000000000000 ) ) ;
#493 = EDGE_LOOP ( 'NONE', ( #414, #1509, #261, #365 ) ) ;
#494 = ORIENTED_EDGE ( 'NONE', *, *, #1169, .F. ) ;
#495 = CYLINDRICAL_SURFACE ( 'NONE', #1444, 1.000000000000000888 ) ;
#496 = CIRCLE ( 'NONE', #402, 18.54999999999990123 ) ;
#497 = CIRCLE ( 'NONE', #343, 9.938079899999063826 ) ;
#498 = DIRECTION ( 'NONE',  ( -0.000000000000000000, -1.000000000000000000, 0.000000000000000000 ) ) ;
#499 = CARTESIAN_POINT ( 'NONE',  ( -465.6939668186149675, 2.000000000000000000, -291.2536113549479637 ) ) ;
#500 = ADVANCED_FACE ( 'NONE', ( #446 ), #861, .F. ) ;
#501 = CARTESIAN_POINT ( 'NONE',  ( -359.4457461432394894, 5.999999999999955591, -302.4658970411468886 ) ) ;
#502 = TOROIDAL_SURFACE ( 'NONE', #1223, 32.66574333306539302, 10.00000000000000000 ) ;
#503 = ORIENTED_EDGE ( 'NONE', *, *, #1291, .F. ) ;
#504 = ORIENTED_EDGE ( 'NONE', *, *, #1413, .F. ) ;
#505 = CARTESIAN_POINT ( 'NONE',  ( 0.000000000000000000, 0.000000000000000000, -285.2036113549480092 ) ) ;
#506 = VERTEX_POINT ( 'NONE', #1599 ) ;
#507 = CARTESIAN_POINT ( 'NONE',  ( -329.8719436345651843, -4.000000000002257750, -277.3091175172556291 ) ) ;
#508 = ADVANCED_FACE ( 'NONE', ( #1157 ), #949, .T. ) ;
#509 = CARTESIAN_POINT ( 'NONE',  ( 0.000000000000000000, 0.000000000000000000, 0.000000000000000000 ) ) ;
#510 = EDGE_LOOP ( 'NONE', ( #977, #1541 ) ) ;
#511 = EDGE_CURVE ( 'NONE', #945, #774, #1286, .T. ) ;
#512 = EDGE_LOOP ( 'NONE', ( #1699, #755, #1259 ) ) ;
#513 = CARTESIAN_POINT ( 'NONE',  ( -580.1271646879857826, -0.7881816971424863150, -298.1680664242970238 ) ) ;
#514 = AXIS2_PLACEMENT_3D ( 'NONE', #998, #1584, #458 ) ;
#515 = ORIENTED_EDGE ( 'NONE', *, *, #354, .T. ) ;
#516 = FACE_OUTER_BOUND ( 'NONE', #440, .T. ) ;
#517 = ORIENTED_EDGE ( 'NONE', *, *, #1859, .F. ) ;
#518 = ORIENTED_EDGE ( 'NONE', *, *, #590, .F. ) ;
#519 = CARTESIAN_POINT ( 'NONE',  ( -574.9775205196602883, 3.428601424184554158, -298.2536113549479637 ) ) ;
#520 = DIRECTION ( 'NONE',  ( -1.000000000000000000, 0.000000000000000000, 0.000000000000000000 ) ) ;
#521 = FACE_OUTER_BOUND ( 'NONE', #447, .T. ) ;
#522 = B_SPLINE_CURVE_WITH_KNOTS ( 'NONE', 3,
 ( #1865, #1125, #528, #548 ),
 .UNSPECIFIED., .F., .F.,
 ( 4, 4 ),
 ( 2.710968215929816423E-15, 0.01872617226844909555 ),
 .UNSPECIFIED. ) ;
#523 = VECTOR ( 'NONE', #1354, 1000.000000000000000 ) ;
#524 = DIRECTION ( 'NONE',  ( 0.000000000000000000, -1.000000000000000000, -0.000000000000000000 ) ) ;
#525 = ORIENTED_EDGE ( 'NONE', *, *, #308, .F. ) ;
#526 = FACE_OUTER_BOUND ( 'NONE', #1669, .T. ) ;
#527 = DIRECTION ( 'NONE',  ( 0.8569335189686337895, 0.000000000000000000, 0.5154269531835078411 ) ) ;
#528 = CARTESIAN_POINT ( 'NONE',  ( -585.9610468673117794, -1.000000000000000000, -294.1224136113660279 ) ) ;
#529 = CARTESIAN_POINT ( 'NONE',  ( -595.7799143269008937, -4.000000000000000000, -185.4036113549479978 ) ) ;
#530 = EDGE_LOOP ( 'NONE', ( #1450, #1658, #397, #191 ) ) ;
#531 = CARTESIAN_POINT ( 'NONE',  ( -335.7799143269008368, 5.999999999999992895, -267.6092604327993172 ) ) ;
#532 = ORIENTED_EDGE ( 'NONE', *, *, #1697, .F. ) ;
#533 = FACE_BOUND ( 'NONE', #1728, .T. ) ;
#534 = ADVANCED_FACE ( 'NONE', ( #1578 ), #1316, .T. ) ;
#535 = AXIS2_PLACEMENT_3D ( 'NONE', #901, #1347, #752 ) ;
#536 = VECTOR ( 'NONE', #1095, 1000.000000000000000 ) ;
#537 = DIRECTION ( 'NONE',  ( 0.000000000000000000, 0.000000000000000000, -1.000000000000000000 ) ) ;
#538 =( NAMED_UNIT ( * ) SI_UNIT ( $, .STERADIAN. ) SOLID_ANGLE_UNIT ( ) );
#539 = AXIS2_PLACEMENT_3D ( 'NONE', #712, #153, #1753 ) ;
#540 = CARTESIAN_POINT ( 'NONE',  ( -389.8068393967211591, -1.000000000000014655, -275.1772600360521324 ) ) ;
#541 = EDGE_LOOP ( 'NONE', ( #622, #1052, #1041, #3 ) ) ;
#542 = CARTESIAN_POINT ( 'NONE',  ( -334.6608312948825983, -2.888888888898448748, -283.2767718089265259 ) ) ;
#543 = ORIENTED_EDGE ( 'NONE', *, *, #291, .F. ) ;
#544 = DIRECTION ( 'NONE',  ( -0.000000000000000000, -1.000000000000000000, -0.000000000000000000 ) ) ;
#545 = AXIS2_PLACEMENT_3D ( 'NONE', #509, #810, #1705 ) ;
#546 = LINE ( 'NONE', #407, #1260 ) ;
#547 = ADVANCED_FACE ( 'NONE', ( #165 ), #1730, .T. ) ;
#548 = CARTESIAN_POINT ( 'NONE',  ( -580.8383508611900652, -1.000000000000000000, -297.7536113549479637 ) ) ;
#549 = VERTEX_POINT ( 'NONE', #1437 ) ;
#550 = CARTESIAN_POINT ( 'NONE',  ( -310.9710487390173625, -0.5000000000000000000, -297.7536113549479637 ) ) ;
#551 = ORIENTED_EDGE ( 'NONE', *, *, #1252, .T. ) ;
#552 = CARTESIAN_POINT ( 'NONE',  ( -577.6675684397126815, 1.782857502621705281, -298.2536113549479069 ) ) ;
#553 = CARTESIAN_POINT ( 'NONE',  ( -581.2799143269010074, 0.000000000000000000, -228.3536113549479865 ) ) ;
#554 = CARTESIAN_POINT ( 'NONE',  ( -604.7241862369000955, -3.000000000000000000, -267.6092604327997151 ) ) ;
#555 = CARTESIAN_POINT ( 'NONE',  ( -493.0347124767643550, -4.000000000000000000, -220.5873723300537961 ) ) ;
#556 = CARTESIAN_POINT ( 'NONE',  ( -413.2834766355728675, -0.02240714600191694508, -298.2536113549480206 ) ) ;
#557 = EDGE_CURVE ( 'NONE', #1387, #820, #1765, .T. ) ;
#558 = ORIENTED_EDGE ( 'NONE', *, *, #179, .F. ) ;
#559 = CARTESIAN_POINT ( 'NONE',  ( -310.9710487390173625, -1.000000000000000000, -285.2036113549480092 ) ) ;
#560 = DIRECTION ( 'NONE',  ( 0.000000000000000000, 0.000000000000000000, -1.000000000000000000 ) ) ;
#561 = DIRECTION ( 'NONE',  ( -0.000000000000000000, -0.000000000000000000, 1.000000000000000000 ) ) ;
#562 = VECTOR ( 'NONE', #1453, 1000.000000000000000 ) ;
#563 = VECTOR ( 'NONE', #1348, 1000.000000000000000 ) ;
#564 = ADVANCED_FACE ( 'NONE', ( #143 ), #1034, .T. ) ;
#565 = AXIS2_PLACEMENT_3D ( 'NONE', #1300, #595, #287 ) ;
#566 = DIRECTION ( 'NONE',  ( 0.000000000000000000, 1.000000000000000000, 0.000000000000000000 ) ) ;
#567 = CARTESIAN_POINT ( 'NONE',  ( -345.5878603586626809, -1.000000000000000000, -294.1146720112343473 ) ) ;
#568 = EDGE_CURVE ( 'NONE', #1143, #486, #1392, .T. ) ;
#569 = VERTEX_POINT ( 'NONE', #470 ) ;
#570 = CARTESIAN_POINT ( 'NONE',  ( -579.6091044462191348, 6.000000000000015987, -286.6857366021088751 ) ) ;
#571 = CARTESIAN_POINT ( 'NONE',  ( -579.7426270419523462, 6.000000000000016875, -286.5742383310277432 ) ) ;
#572 = CARTESIAN_POINT ( 'NONE',  ( -571.2205223127315321, -1.000000000000000000, -178.8536113549479865 ) ) ;
#573 = ORIENTED_EDGE ( 'NONE', *, *, #1693, .T. ) ;
#574 = AXIS2_PLACEMENT_3D ( 'NONE', #1476, #76, #336 ) ;
#575 = CARTESIAN_POINT ( 'NONE',  ( -337.1902249559784082, 6.000000000000000888, -269.9540009294880178 ) ) ;
#576 = CARTESIAN_POINT ( 'NONE',  ( -595.2154898610124292, -3.315775967522503809, -285.2036113549480660 ) ) ;
#577 = DIRECTION ( 'NONE',  ( 1.000000000000000000, 0.000000000000000000, 1.224646799147353207E-16 ) ) ;
#578 = B_SPLINE_CURVE_WITH_KNOTS ( 'NONE', 3,
 ( #69, #472, #1512, #640, #1329, #1224 ),
 .UNSPECIFIED., .F., .F.,
 ( 4, 2, 4 ),
 ( 0.000000000000000000, 0.0004025371197011902154, 0.0008050742394023804307 ),
 .UNSPECIFIED. ) ;
#579 = VERTEX_POINT ( 'NONE', #174 ) ;
#580 = EDGE_CURVE ( 'NONE', #909, #383, #1483, .T. ) ;
#581 = CARTESIAN_POINT ( 'NONE',  ( -604.2961881073995301, -2.888888888898143215, -272.7316146761507980 ) ) ;
#582 = CARTESIAN_POINT ( 'NONE',  ( -330.0015468188446448, -2.888888888888894613, -277.0819820201102175 ) ) ;
#583 = AXIS2_PLACEMENT_3D ( 'NONE', #1721, #1251, #424 ) ;
#584 = CARTESIAN_POINT ( 'NONE',  ( -357.9985854887054870, 5.999999999999994671, -291.2927012199360775 ) ) ;
#585 = ORIENTED_EDGE ( 'NONE', *, *, #511, .F. ) ;
#586 = CYLINDRICAL_SURFACE ( 'NONE', #1243, 18.55000000000001137 ) ;
#587 = ADVANCED_FACE ( 'NONE', ( #1194 ), #896, .F. ) ;
#588 = CARTESIAN_POINT ( 'NONE',  ( -465.6939668186149675, 2.000000000000000000, -291.2536113549479637 ) ) ;
#589 = CARTESIAN_POINT ( 'NONE',  ( -335.7799143269008937, -4.000000000000000000, -185.4036113549479978 ) ) ;
#590 = EDGE_CURVE ( 'NONE', #405, #1816, #392, .T. ) ;
#591 = VERTEX_POINT ( 'NONE', #609 ) ;
#592 = CARTESIAN_POINT ( 'NONE',  ( -567.1472738547979588, 5.999999999999974243, -295.1008207996561623 ) ) ;
#593 = CYLINDRICAL_SURFACE ( 'NONE', #535, 5.174999999999957190 ) ;
#594 = DIRECTION ( 'NONE',  ( 0.000000000000000000, 0.000000000000000000, 1.000000000000000000 ) ) ;
#595 = DIRECTION ( 'NONE',  ( 0.000000000000000000, 1.000000000000000000, -0.000000000000000000 ) ) ;
#596 = CARTESIAN_POINT ( 'NONE',  ( -362.5753749066410592, 4.418879727903194166, -298.2536113549479069 ) ) ;
#597 = LINE ( 'NONE', #1268, #1298 ) ;
#598 = CARTESIAN_POINT ( 'NONE',  ( -389.8068393967211591, -1.000000000000014655, -298.3036113549480319 ) ) ;
#599 = LINE ( 'NONE', #887, #1048 ) ;
#600 = CIRCLE ( 'NONE', #832, 8.944271909999134351 ) ;
#601 = CARTESIAN_POINT ( 'NONE',  ( -598.5222659561729870, -2.888888888713037062, -281.4897907949490445 ) ) ;
#602 = ORIENTED_EDGE ( 'NONE', *, *, #1156, .F. ) ;
#603 = CARTESIAN_POINT ( 'NONE',  ( -567.2175816215795976, 5.593190638436431605, -298.2536113549480206 ) ) ;
#604 = ORIENTED_EDGE ( 'NONE', *, *, #221, .F. ) ;
#605 = FACE_OUTER_BOUND ( 'NONE', #1249, .T. ) ;
#606 = CARTESIAN_POINT ( 'NONE',  ( -357.9366613467703360, 6.000000000000000000, -291.1382405643936977 ) ) ;
#607 = CARTESIAN_POINT ( 'NONE',  ( -335.7799143269008937, 6.000000000000000000, -267.6092604327994877 ) ) ;
#608 = DIRECTION ( 'NONE',  ( 0.000000000000000000, -1.000000000000000000, 0.000000000000000000 ) ) ;
#609 = CARTESIAN_POINT ( 'NONE',  ( -422.4725444633763800, 6.000000000000000000, -298.2536113549479637 ) ) ;
#610 = ORIENTED_EDGE ( 'NONE', *, *, #256, .T. ) ;
#611 = CARTESIAN_POINT ( 'NONE',  ( -402.3928805127287092, 0.000000000000000000, -221.5678609108982471 ) ) ;
#612 = VERTEX_POINT ( 'NONE', #619 ) ;
#613 = CARTESIAN_POINT ( 'NONE',  ( -595.7799143269008937, -4.000000000000000000, -172.3536113549479865 ) ) ;
#614 = CARTESIAN_POINT ( 'NONE',  ( -560.0588357791871204, 6.000000000000000000, -298.2536113549479637 ) ) ;
#615 = TOROIDAL_SURFACE ( 'NONE', #911, 18.85000000000001208, 0.2999999999999999889 ) ;
#616 = ORIENTED_EDGE ( 'NONE', *, *, #431, .F. ) ;
#617 = CARTESIAN_POINT ( 'NONE',  ( -402.3928805127287092, -4.000000000000000000, -221.5678609108982471 ) ) ;
#618 = PLANE ( 'NONE',  #841 ) ;
#619 = CARTESIAN_POINT ( 'NONE',  ( -325.8418344269018689, -2.888888888888888840, -185.4036113549479978 ) ) ;
#620 = DIRECTION ( 'NONE',  ( 0.000000000000000000, 1.000000000000000000, 0.000000000000000000 ) ) ;
#621 = EDGE_CURVE ( 'NONE', #1731, #1564, #1487, .T. ) ;
#622 = ORIENTED_EDGE ( 'NONE', *, *, #621, .F. ) ;
#623 = EDGE_LOOP ( 'NONE', ( #1083, #1246, #5, #1809 ) ) ;
#624 = DIRECTION ( 'NONE',  ( 0.000000000000000000, 1.000000000000000000, 0.000000000000000000 ) ) ;
#625 = AXIS2_PLACEMENT_3D ( 'NONE', #1334, #271, #1124 ) ;
#626 = DIRECTION ( 'NONE',  ( -0.000000000000000000, 0.000000000000000000, -1.000000000000000000 ) ) ;
#627 = CARTESIAN_POINT ( 'NONE',  ( -412.9266496322097169, -1.000000000000014655, -297.7536113549479637 ) ) ;
#628 = CARTESIAN_POINT ( 'NONE',  ( -353.4261756332115851, 6.000000000000036415, -288.1348396559059211 ) ) ;
#629 = CARTESIAN_POINT ( 'NONE',  ( -571.2205223127315321, 2.000000000000000000, -178.8536113549479865 ) ) ;
#630 = DIRECTION ( 'NONE',  ( 0.000000000000000000, 0.000000000000000000, -1.000000000000000000 ) ) ;
#631 = ADVANCED_FACE ( 'NONE', ( #749 ), #464, .F. ) ;
#632 = ORIENTED_EDGE ( 'NONE', *, *, #590, .T. ) ;
#633 = AXIS2_PLACEMENT_3D ( 'NONE', #86, #334, #398 ) ;
#634 = VECTOR ( 'NONE', #1636, 1000.000000000000000 ) ;
#635 = ORIENTED_EDGE ( 'NONE', *, *, #345, .T. ) ;
#636 = EDGE_CURVE ( 'NONE', #663, #192, #203, .T. ) ;
#637 = FACE_OUTER_BOUND ( 'NONE', #1225, .T. ) ;
#638 = ORIENTED_EDGE ( 'NONE', *, *, #236, .F. ) ;
#639 = CARTESIAN_POINT ( 'NONE',  ( -402.3928805127287092, -3.700000000000000178, -240.1178609108982585 ) ) ;
#640 = CARTESIAN_POINT ( 'NONE',  ( -366.6004074636874179, -0.7547145873436867936, -298.2032130292146803 ) ) ;
#641 = AXIS2_PLACEMENT_3D ( 'NONE', #554, #849, #1436 ) ;
#642 = ORIENTED_EDGE ( 'NONE', *, *, #1553, .F. ) ;
#643 = CARTESIAN_POINT ( 'NONE',  ( -335.7799143269008937, -4.000000000000000000, -267.6092604327994309 ) ) ;
#644 = EDGE_CURVE ( 'NONE', #1816, #39, #1038, .T. ) ;
#645 = ORIENTED_EDGE ( 'NONE', *, *, #568, .F. ) ;
#646 = ADVANCED_FACE ( 'NONE', ( #1757 ), #220, .T. ) ;
#647 = CARTESIAN_POINT ( 'NONE',  ( -326.2156077208971965, -3.790064609217564051, -185.4900896434064350 ) ) ;
#648 = AXIS2_PLACEMENT_3D ( 'NONE', #1228, #215, #1221 ) ;
#649 = CARTESIAN_POINT ( 'NONE',  ( -350.7214777926315605, -1.000000000000000000, -297.7536113549479637 ) ) ;
#650 = ADVANCED_FACE ( 'NONE', ( #328, #319, #483, #337 ), #178, .F. ) ;
#651 = DIRECTION ( 'NONE',  ( 0.000000000000000000, 1.000000000000000000, -0.000000000000000000 ) ) ;
#652 = FACE_OUTER_BOUND ( 'NONE', #1349, .T. ) ;
#653 = AXIS2_PLACEMENT_3D ( 'NONE', #1358, #651, #1074 ) ;
#654 = EDGE_CURVE ( 'NONE', #1564, #579, #461, .T. ) ;
#655 = ORIENTED_EDGE ( 'NONE', *, *, #1812, .F. ) ;
#656 = ORIENTED_EDGE ( 'NONE', *, *, #1697, .T. ) ;
#657 = B_SPLINE_CURVE_WITH_KNOTS ( 'NONE', 3,
 ( #80, #352, #488, #72, #1227, #775, #513, #665, #1810, #927 ),
 .UNSPECIFIED., .F., .F.,
 ( 4, 2, 2, 2, 4 ),
 ( 7.448589133145851830E-15, 0.0003207022894520275796, 0.0006414045788966065819, 0.0009621068683411856384, 0.001282809157785764695 ),
 .UNSPECIFIED. ) ;
#658 = CARTESIAN_POINT ( 'NONE',  ( -581.2799143269010074, 0.000000000000000000, -209.8036113549479751 ) ) ;
#659 = LINE ( 'NONE', #1806, #1702 ) ;
#660 = FACE_OUTER_BOUND ( 'NONE', #1793, .T. ) ;
#661 =( NAMED_UNIT ( * ) PLANE_ANGLE_UNIT ( ) SI_UNIT ( $, .RADIAN. ) );
#662 = ORIENTED_EDGE ( 'NONE', *, *, #303, .T. ) ;
#663 = VERTEX_POINT ( 'NONE', #457 ) ;
#664 = AXIS2_PLACEMENT_3D ( 'NONE', #1581, #577, #452 ) ;
#665 = CARTESIAN_POINT ( 'NONE',  ( -579.9609333228405603, -0.6643376248850150212, -298.2309108836762448 ) ) ;
#666 = CIRCLE ( 'NONE', #1567, 18.84999999999989484 ) ;
#667 = CARTESIAN_POINT ( 'NONE',  ( -413.0574105618462681, -0.6274552574951208772, -298.2536113549479069 ) ) ;
#668 = FACE_OUTER_BOUND ( 'NONE', #1803, .T. ) ;
#669 = ORIENTED_EDGE ( 'NONE', *, *, #621, .T. ) ;
#670 = ORIENTED_EDGE ( 'NONE', *, *, #99, .T. ) ;
#671 = CARTESIAN_POINT ( 'NONE',  ( -572.8882513716157519, 4.255853650803559596, -298.2536113549479069 ) ) ;
#672 = CARTESIAN_POINT ( 'NONE',  ( -336.2405223127314571, 2.000000000000000000, -178.8536113549479580 ) ) ;
#673 = PRODUCT_CONTEXT ( 'NONE', #1343, 'mechanical' ) ;
#674 = DIRECTION ( 'NONE',  ( 0.000000000000000000, 0.000000000000000000, -1.000000000000000000 ) ) ;
#675 = CIRCLE ( 'NONE', #846, 5.174999999999984723 ) ;
#676 = CARTESIAN_POINT ( 'NONE',  ( -413.4968645100667004, 0.4379543796250997545, -298.2536113549479637 ) ) ;
#677 = ADVANCED_FACE ( 'NONE', ( #1154 ), #1180, .T. ) ;
#678 = ORIENTED_EDGE ( 'NONE', *, *, #394, .T. ) ;
#679 = AXIS2_PLACEMENT_3D ( 'NONE', #1082, #1204, #1528 ) ;
#680 = CARTESIAN_POINT ( 'NONE',  ( -336.4766003434930326, -2.888888888898536678, -285.4224286646386304 ) ) ;
#681 = EDGE_LOOP ( 'NONE', ( #515, #783 ) ) ;
#682 = DIRECTION ( 'NONE',  ( -1.000000000000000000, 0.000000000000000000, 0.000000000000000000 ) ) ;
#683 = DIRECTION ( 'NONE',  ( 1.000000000000000000, 0.000000000000000000, 0.000000000000000000 ) ) ;
#684 = ORIENTED_EDGE ( 'NONE', *, *, #354, .F. ) ;
#685 = CARTESIAN_POINT ( 'NONE',  ( -328.1152679244409001, 5.999999999999992895, -272.2193792518224313 ) ) ;
#686 = EDGE_LOOP ( 'NONE', ( #888, #1456, #1421, #1079 ) ) ;
#687 = CARTESIAN_POINT ( 'NONE',  ( -595.7799143269008937, -4.000000000000000000, 0.000000000000000000 ) ) ;
#688 = AXIS2_PLACEMENT_3D ( 'NONE', #1181, #745, #1448 ) ;
#689 = CYLINDRICAL_SURFACE ( 'NONE', #168, 18.55000000000001137 ) ;
#690 = DIRECTION ( 'NONE',  ( -0.000000000000000000, 0.000000000000000000, 1.000000000000000000 ) ) ;
#691 = FACE_OUTER_BOUND ( 'NONE', #1408, .T. ) ;
#692 = ORIENTED_EDGE ( 'NONE', *, *, #1144, .T. ) ;
#693 = ADVANCED_BREP_SHAPE_REPRESENTATION ( '', ( #1588, #1523 ), #339 ) ;
#694 = CARTESIAN_POINT ( 'NONE',  ( -605.7241862369000955, -3.000000000000000000, -185.4036113549479978 ) ) ;
#695 = ORIENTED_EDGE ( 'NONE', *, *, #1515, .T. ) ;
#696 = VECTOR ( 'NONE', #1491, 1000.000000000000000 ) ;
#697 = CARTESIAN_POINT ( 'NONE',  ( -579.3185988005388936, 0.2639539524181762631, -298.2536113549479069 ) ) ;
#698 = VECTOR ( 'NONE', #1173, 1000.000000000000000 ) ;
#699 = FACE_OUTER_BOUND ( 'NONE', #719, .T. ) ;
#700 = CARTESIAN_POINT ( 'NONE',  ( -351.4332916227969577, -0.7877460638854693054, -298.1683191341726342 ) ) ;
#701 = CARTESIAN_POINT ( 'NONE',  ( -402.3928805127287092, -3.700000000000000178, -240.1178609108982585 ) ) ;
#702 = CARTESIAN_POINT ( 'NONE',  ( -416.3640229162230071, 3.933549419227704291, -298.2536113549479069 ) ) ;
#703 = ORIENTED_EDGE ( 'NONE', *, *, #20, .F. ) ;
#704 = LINE ( 'NONE', #1114, #536 ) ;
#705 = DIRECTION ( 'NONE',  ( 0.000000000000000000, 0.000000000000000000, 1.000000000000000000 ) ) ;
#706 = DIRECTION ( 'NONE',  ( 0.5154269531835177220, 0.000000000000000000, -0.8569335189686279053 ) ) ;
#707 = CARTESIAN_POINT ( 'NONE',  ( -415.9657315925624061, 3.610255034681545627, -298.2536113549479637 ) ) ;
#708 = FACE_OUTER_BOUND ( 'NONE', #421, .T. ) ;
#709 = CARTESIAN_POINT ( 'NONE',  ( -581.2799143269010074, -4.000000000000000000, -190.9536113549479808 ) ) ;
#710 =( BOUNDED_SURFACE ( )  B_SPLINE_SURFACE ( 3, 2, ( 
 ( #312, #260, #812 ),
 ( #267, #1161, #1565 ),
 ( #601, #1747, #1293 ),
 ( #838, #422, #1282 ) ),
 .UNSPECIFIED., .F., .F., .F. ) 
 B_SPLINE_SURFACE_WITH_KNOTS ( ( 4, 4 ),
 ( 3, 3 ),
 ( 0.000000000000000000, 0.01553514765988686132 ),
 ( 0.000000000000000000, 1.000000000000000000 ),
 .UNSPECIFIED. ) 
 GEOMETRIC_REPRESENTATION_ITEM ( )  RATIONAL_B_SPLINE_SURFACE ( (
 ( 1.000000000000000000, 0.6666666666666674068, 1.000000000000000000),
 ( 1.000000000000000000, 0.6666666666666674068, 1.000000000000000000),
 ( 1.000000000000000000, 0.6666666666666641872, 1.000000000000000000),
 ( 1.000000000000000000, 0.6666666666666641872, 1.000000000000000000) ) ) 
 REPRESENTATION_ITEM ( '' )  SURFACE ( )  );
#711 = CARTESIAN_POINT ( 'NONE',  ( -351.7376444461608003, -0.5000000000000004441, -298.2536113549479637 ) ) ;
#712 = CARTESIAN_POINT ( 'NONE',  ( -335.7799143269008937, -4.000000000000000000, 0.000000000000000000 ) ) ;
#713 = CARTESIAN_POINT ( 'NONE',  ( -594.3846046482440215, -4.000000000000000000, -284.7036113549480092 ) ) ;
#714 = CARTESIAN_POINT ( 'NONE',  ( -389.8068393967211591, -1.000000000000014655, -298.3036113549480319 ) ) ;
#715 = VECTOR ( 'NONE', #116, 1000.000000000000000 ) ;
#716 = VECTOR ( 'NONE', #1768, 1000.000000000000000 ) ;
#717 = AXIS2_PLACEMENT_3D ( 'NONE', #138, #524, #1680 ) ;
#718 = EDGE_CURVE ( 'NONE', #253, #1070, #1313, .T. ) ;
#719 = EDGE_LOOP ( 'NONE', ( #804, #311, #645, #122, #517, #518, #195 ) ) ;
#720 = CARTESIAN_POINT ( 'NONE',  ( -563.1083383262238158, 5.999999999999994671, -306.6674895443412083 ) ) ;
#721 = EDGE_CURVE ( 'NONE', #85, #94, #1759, .T. ) ;
#722 = CARTESIAN_POINT ( 'NONE',  ( -591.6306525484809526, 6.000000000000000888, -274.5076996295515528 ) ) ;
#723 = DIRECTION ( 'NONE',  ( 0.000000000000000000, -1.000000000000000000, 0.000000000000000000 ) ) ;
#724 = ORIENTED_EDGE ( 'NONE', *, *, #99, .F. ) ;
#725 = AXIS2_PLACEMENT_3D ( 'NONE', #550, #866, #1319 ) ;
#726 = DIRECTION ( 'NONE',  ( -1.000000000000000000, 0.000000000000000000, 0.000000000000000000 ) ) ;
#727 = PRODUCT_DEFINITION_SHAPE ( 'NONE', 'NONE',  #16 ) ;
#728 = CARTESIAN_POINT ( 'NONE',  ( -335.4301259966359225, 6.000000000008316015, -282.6475164278646730 ) ) ;
#729 = CARTESIAN_POINT ( 'NONE',  ( -604.7241862369002092, -4.000000000000000000, -185.9036113549479978 ) ) ;
#730 = CIRCLE ( 'NONE', #1301, 10.00000000000000888 ) ;
#731 = AXIS2_PLACEMENT_3D ( 'NONE', #1245, #240, #824 ) ;
#732 = EDGE_LOOP ( 'NONE', ( #1720, #678, #1763, #1691 ) ) ;
#733 = CARTESIAN_POINT ( 'NONE',  ( -582.6508566773878783, 6.000000000038357761, -295.6942325301636743 ) ) ;
#734 = ORIENTED_EDGE ( 'NONE', *, *, #1754, .F. ) ;
#735 = CARTESIAN_POINT ( 'NONE',  ( -595.2671365484335411, -2.888888888898145435, -285.2036113549480092 ) ) ;
#736 = TOROIDAL_SURFACE ( 'NONE', #653, 18.85000000000001208, 0.2999999999999999889 ) ;
#737 = CARTESIAN_POINT ( 'NONE',  ( 0.000000000000000000, 0.000000000000000000, -185.4036113549479978 ) ) ;
#738 = ORIENTED_EDGE ( 'NONE', *, *, #1311, .F. ) ;
#739 = CARTESIAN_POINT ( 'NONE',  ( -366.2823055720282355, 0.1057843085254641380, -298.2536113549479069 ) ) ;
#740 = CARTESIAN_POINT ( 'NONE',  ( -352.7363152732539788, 6.000000000000036415, -287.4178228684691021 ) ) ;
#741 = CARTESIAN_POINT ( 'NONE',  ( -605.5403626063853153, -3.586341060114370372, -185.4036113549479694 ) ) ;
#742 = ORIENTED_EDGE ( 'NONE', *, *, #22, .F. ) ;
#743 = CARTESIAN_POINT ( 'NONE',  ( -586.2625325612148117, 6.000000000000036415, -280.5205904725090136 ) ) ;
#744 = EDGE_CURVE ( 'NONE', #460, #1547, #193, .T. ) ;
#745 = DIRECTION ( 'NONE',  ( -1.000000000000000000, 0.000000000000000000, 0.000000000000000000 ) ) ;
#746 = CARTESIAN_POINT ( 'NONE',  ( -358.5824738027532135, 5.957388148744382050, -292.6829058056099484 ) ) ;
#747 = ORIENTED_EDGE ( 'NONE', *, *, #1409, .T. ) ;
#748 = DIRECTION ( 'NONE',  ( -0.000000000000000000, -0.000000000000000000, 1.000000000000000000 ) ) ;
#749 = FACE_OUTER_BOUND ( 'NONE', #1394, .T. ) ;
#750 = ORIENTED_EDGE ( 'NONE', *, *, #291, .T. ) ;
#751 = DIRECTION ( 'NONE',  ( 0.000000000000000000, 0.000000000000000000, 1.000000000000000000 ) ) ;
#752 = DIRECTION ( 'NONE',  ( 0.000000000000000000, 0.000000000000000000, -1.000000000000000000 ) ) ;
#753 = CARTESIAN_POINT ( 'NONE',  ( -402.3928805127287092, -3.700000000000000178, -258.6678609108982982 ) ) ;
#754 = CARTESIAN_POINT ( 'NONE',  ( -336.4621255249062415, -3.500000000000000000, -285.2036113549480092 ) ) ;
#755 = ORIENTED_EDGE ( 'NONE', *, *, #431, .T. ) ;
#756 = B_SPLINE_CURVE_WITH_KNOTS ( 'NONE', 3,
 ( #1336, #858, #1006, #41, #1751, #1201 ),
 .UNSPECIFIED., .F., .F.,
 ( 4, 2, 4 ),
 ( 1.355252715606880543E-17, 0.0004024687343556906331, 0.0008049374687113677136 ),
 .UNSPECIFIED. ) ;
#757 = CARTESIAN_POINT ( 'NONE',  ( -402.3928805127287092, -4.000000000000000000, -240.1178609108982585 ) ) ;
#758 = ADVANCED_FACE ( 'NONE', ( #763 ), #593, .F. ) ;
#759 = FACE_OUTER_BOUND ( 'NONE', #732, .T. ) ;
#760 = DIRECTION ( 'NONE',  ( 0.000000000000000000, 0.000000000000000000, 1.000000000000000000 ) ) ;
#761 = EDGE_LOOP ( 'NONE', ( #919, #813 ) ) ;
#762 = ORIENTED_EDGE ( 'NONE', *, *, #1331, .T. ) ;
#763 = FACE_OUTER_BOUND ( 'NONE', #148, .T. ) ;
#764 = B_SPLINE_CURVE_WITH_KNOTS ( 'NONE', 3,
 ( #872, #1032, #1741, #1314 ),
 .UNSPECIFIED., .F., .F.,
 ( 4, 4 ),
 ( 6.505213034913026604E-18, 0.001959960101764078675 ),
 .UNSPECIFIED. ) ;
#765 = CARTESIAN_POINT ( 'NONE',  ( -326.4124173293033095, -0.5000000000000004441, -172.3536113549479865 ) ) ;
#766 = AXIS2_PLACEMENT_3D ( 'NONE', #462, #1485, #726 ) ;
#767 = CARTESIAN_POINT ( 'NONE',  ( -413.0135698921748713, -0.7538393307448901792, -298.2039135235527283 ) ) ;
#768 = EDGE_CURVE ( 'NONE', #253, #351, #860, .T. ) ;
#769 = DIRECTION ( 'NONE',  ( 0.000000000000000000, 1.000000000000000000, -0.000000000000000000 ) ) ;
#770 = CARTESIAN_POINT ( 'NONE',  ( -336.2405223127314571, 2.000000000000000000, -178.8536113549479580 ) ) ;
#771 = EDGE_CURVE ( 'NONE', #1081, #159, #756, .T. ) ;
#772 = EDGE_CURVE ( 'NONE', #1547, #1081, #63, .T. ) ;
#773 = ORIENTED_EDGE ( 'NONE', *, *, #410, .F. ) ;
#774 = VERTEX_POINT ( 'NONE', #1786 ) ;
#775 = CARTESIAN_POINT ( 'NONE',  ( -580.2141422189747573, -0.8373135560301468994, -298.1276362856036144 ) ) ;
#776 = CARTESIAN_POINT ( 'NONE',  ( 0.000000000000000000, -3.500000000000000000, -185.4036113549479978 ) ) ;
#777 = DIRECTION ( 'NONE',  ( 0.000000000000000000, -0.000000000000000000, -1.000000000000000000 ) ) ;
#778 = CARTESIAN_POINT ( 'NONE',  ( -493.0347124767643550, -3.700000000000000178, -220.8873723300537790 ) ) ;
#779 = EDGE_CURVE ( 'NONE', #1836, #612, #1009, .T. ) ;
#780 = TOROIDAL_SURFACE ( 'NONE', #1594, 8.944271909999159220, 1.000000000000000000 ) ;
#781 = ORIENTED_EDGE ( 'NONE', *, *, #1210, .T. ) ;
#782 = VECTOR ( 'NONE', #1805, 1000.000000000000000 ) ;
#783 = ORIENTED_EDGE ( 'NONE', *, *, #1169, .T. ) ;
#784 = ADVANCED_FACE ( 'NONE', ( #151 ), #710, .T. ) ;
#785 = CARTESIAN_POINT ( 'NONE',  ( -326.8356424169017487, -4.000000000000000000, -185.9036113549479978 ) ) ;
#786 = LINE ( 'NONE', #66, #1029 ) ;
#787 = CARTESIAN_POINT ( 'NONE',  ( -343.7610601509561548, 5.999999999999992006, -278.6661274954839769 ) ) ;
#788 = DIRECTION ( 'NONE',  ( 0.000000000000000000, 0.000000000000000000, -1.000000000000000000 ) ) ;
#789 = ORIENTED_EDGE ( 'NONE', *, *, #156, .F. ) ;
#790 =( BOUNDED_SURFACE ( )  B_SPLINE_SURFACE ( 3, 2, ( 
 ( #161, #889, #581 ),
 ( #1031, #1583, #1443 ),
 ( #322, #441, #1455 ),
 ( #743, #996, #1283 ),
 ( #1004, #1595, #1480 ),
 ( #570, #1727, #1132 ),
 ( #1719, #181, #1749 ),
 ( #296, #733, #309 ),
 ( #1310, #274, #856 ),
 ( #1276, #1860, #1322 ),
 ( #18, #149, #989 ),
 ( #592, #1871, #1165 ),
 ( #847, #1469, #455 ),
 ( #1018, #720, #1605 ) ),
 .UNSPECIFIED., .F., .F., .T. ) 
 B_SPLINE_SURFACE_WITH_KNOTS ( ( 4, 2, 2, 2, 2, 2, 4 ),
 ( 3, 3 ),
 ( 0.1841543781771350086, 0.1963079615662042254, 0.2084615449552734145, 0.2114999408025406979, 0.2145383366498080091, 0.2206151283443426037, 0.2327687117334117928 ),
 ( 0.000000000000000000, 0.9229667629996074485 ),
 .UNSPECIFIED. ) 
 GEOMETRIC_REPRESENTATION_ITEM ( )  RATIONAL_B_SPLINE_SURFACE ( (
 ( 1.000000000000000000, 0.7296692939272121370, 0.9583511013012229185),
 ( 1.000000000000000000, 0.7296692939272121370, 0.9583511013012229185),
 ( 1.000000000000000000, 0.7296692939272116929, 0.9583511013012229185),
 ( 1.000000000000000000, 0.7296692939272116929, 0.9583511013012229185),
 ( 1.000000000000000000, 0.7296692939272119149, 0.9583511013012229185),
 ( 1.000000000000000000, 0.7296692939272119149, 0.9583511013012229185),
 ( 1.000000000000000000, 0.7296692939272122480, 0.9583511013012230295),
 ( 1.000000000000000000, 0.7296692939272122480, 0.9583511013012230295),
 ( 1.000000000000000000, 0.7296692939272122480, 0.9583511013012230295),
 ( 1.000000000000000000, 0.7296692939272122480, 0.9583511013012230295),
 ( 1.000000000000000000, 0.7296692939272122480, 0.9583511013012230295),
 ( 1.000000000000000000, 0.7296692939272122480, 0.9583511013012230295),
 ( 1.000000000000000000, 0.7296692939272121370, 0.9583511013012229185),
 ( 1.000000000000000000, 0.7296692939272121370, 0.9583511013012229185) ) ) 
 REPRESENTATION_ITEM ( '' )  SURFACE ( )  );
#791 = VERTEX_POINT ( 'NONE', #988 ) ;
#792 = CARTESIAN_POINT ( 'NONE',  ( -336.8219907491011895, -1.000000000000000000, -285.2036113549480092 ) ) ;
#793 = AXIS2_PLACEMENT_3D ( 'NONE', #928, #794, #1789 ) ;
#794 = DIRECTION ( 'NONE',  ( 0.5154269531835087292, -0.000000000000000000, 0.8569335189686335674 ) ) ;
#795 = CARTESIAN_POINT ( 'NONE',  ( -344.6672651475776092, 5.999999999999952038, -279.6899537444070347 ) ) ;
#796 = APPLICATION_PROTOCOL_DEFINITION ( 'draft international standard', 'automotive_design', 1998, #1634 ) ;
#797 = ADVANCED_FACE ( 'NONE', ( #222 ), #780, .T. ) ;
#798 = ORIENTED_EDGE ( 'NONE', *, *, #877, .F. ) ;
#799 = ORIENTED_EDGE ( 'NONE', *, *, #209, .F. ) ;
#800 = CARTESIAN_POINT ( 'NONE',  ( -326.6767534638581765, -4.000000000000000888, -185.7912602733064773 ) ) ;
#801 = DIRECTION ( 'NONE',  ( 0.000000000000000000, 0.000000000000000000, 1.000000000000000000 ) ) ;
#802 = STYLED_ITEM ( 'NONE', ( #1830 ), #1588 ) ;
#803 = LINE ( 'NONE', #1214, #817 ) ;
#804 = ORIENTED_EDGE ( 'NONE', *, *, #1210, .F. ) ;
#805 = EDGE_LOOP ( 'NONE', ( #1558, #917 ) ) ;
#806 = CIRCLE ( 'NONE', #1717, 18.85000000000000497 ) ;
#807 = TOROIDAL_SURFACE ( 'NONE', #1049, 18.85000000000001918, 0.2999999999999999889 ) ;
#808 = CIRCLE ( 'NONE', #1050, 10.00000000000003553 ) ;
#809 = CARTESIAN_POINT ( 'NONE',  ( -361.4343885034573987, 5.031501443378240346, -298.2536113549479637 ) ) ;
#810 = DIRECTION ( 'NONE',  ( 0.000000000000000000, 0.000000000000000000, 1.000000000000000000 ) ) ;
#811 = DIRECTION ( 'NONE',  ( 1.000000000000000000, 0.000000000000000000, -0.000000000000000000 ) ) ;
#812 = CARTESIAN_POINT ( 'NONE',  ( -603.4445607293488365, -4.000000000000000000, -272.2193792518150985 ) ) ;
#813 = ORIENTED_EDGE ( 'NONE', *, *, #1015, .F. ) ;
#814 = CARTESIAN_POINT ( 'NONE',  ( -581.2799143269010074, -4.000000000000000000, -209.8036113549479751 ) ) ;
#815 = DIRECTION ( 'NONE',  ( 0.000000000000000000, 1.000000000000000000, -0.000000000000000000 ) ) ;
#816 = ORIENTED_EDGE ( 'NONE', *, *, #1084, .T. ) ;
#817 = VECTOR ( 'NONE', #88, 1000.000000000000000 ) ;
#818 = ADVANCED_FACE ( 'NONE', ( #1638 ), #1508, .T. ) ;
#819 = CARTESIAN_POINT ( 'NONE',  ( -352.5421357233716435, -2.888888888901961050, -299.5115096808444832 ) ) ;
#820 = VERTEX_POINT ( 'NONE', #1039 ) ;
#821 = DIRECTION ( 'NONE',  ( 0.000000000000000000, 0.000000000000000000, -1.000000000000000000 ) ) ;
#822 = DIRECTION ( 'NONE',  ( -0.000000000000000000, 0.000000000000000000, 1.000000000000000000 ) ) ;
#823 = DIRECTION ( 'NONE',  ( 1.000000000000000000, 0.000000000000000000, 0.000000000000000000 ) ) ;
#824 = DIRECTION ( 'NONE',  ( 0.000000000000000000, 0.000000000000000000, 1.000000000000000000 ) ) ;
#825 = LINE ( 'NONE', #1406, #715 ) ;
#826 = CARTESIAN_POINT ( 'NONE',  ( -420.4591381411802331, 5.847590071701985970, -298.2536113549479637 ) ) ;
#827 = ORIENTED_EDGE ( 'NONE', *, *, #1544, .T. ) ;
#828 = FACE_OUTER_BOUND ( 'NONE', #1064, .T. ) ;
#829 = EDGE_CURVE ( 'NONE', #878, #383, #1359, .T. ) ;
#830 = ORIENTED_EDGE ( 'NONE', *, *, #1684, .T. ) ;
#831 = DIRECTION ( 'NONE',  ( 0.000000000000000000, -1.000000000000000000, 0.000000000000000000 ) ) ;
#832 = AXIS2_PLACEMENT_3D ( 'NONE', #173, #286, #594 ) ;
#833 = DIRECTION ( 'NONE',  ( 0.000000000000000000, -1.000000000000000000, 0.000000000000000000 ) ) ;
#834 = EDGE_CURVE ( 'NONE', #316, #1295, #1188, .T. ) ;
#835 = CARTESIAN_POINT ( 'NONE',  ( -351.6772666864543453, -0.5915948467040051950, -298.2536113549479069 ) ) ;
#836 = CARTESIAN_POINT ( 'NONE',  ( -414.2756783614452161, 1.750242337270656812, -298.2536113549479637 ) ) ;
#837 = ORIENTED_EDGE ( 'NONE', *, *, #1413, .T. ) ;
#838 = CARTESIAN_POINT ( 'NONE',  ( -595.0582115157536691, -2.888888888888887951, -285.4429572374756390 ) ) ;
#839 = ORIENTED_EDGE ( 'NONE', *, *, #779, .F. ) ;
#840 = CARTESIAN_POINT ( 'NONE',  ( -576.5480240126588569, 2.556657011169111371, -298.2536113549479637 ) ) ;
#841 = AXIS2_PLACEMENT_3D ( 'NONE', #916, #1799, #217 ) ;
#842 = CARTESIAN_POINT ( 'NONE',  ( -581.2799143269010074, 0.000000000000000000, -209.8036113549479751 ) ) ;
#843 = SPHERICAL_SURFACE ( 'NONE', #1270, 10.00000000000000000 ) ;
#844 = LINE ( 'NONE', #249, #1630 ) ;
#845 = CARTESIAN_POINT ( 'NONE',  ( -414.8949512085357583, 2.544764802509130508, -298.2536113549479637 ) ) ;
#846 = AXIS2_PLACEMENT_3D ( 'NONE', #1475, #894, #1463 ) ;
#847 = CARTESIAN_POINT ( 'NONE',  ( -563.5446013092333715, 5.999999999999994671, -296.8617464756995901 ) ) ;
#848 = CARTESIAN_POINT ( 'NONE',  ( -572.4930994850061552, 5.999999999999992006, -291.9079556588329183 ) ) ;
#849 = DIRECTION ( 'NONE',  ( 0.000000000000000000, 0.000000000000000000, 1.000000000000000000 ) ) ;
#850 = DIRECTION ( 'NONE',  ( -0.000000000000000000, 0.000000000000000000, 1.000000000000000000 ) ) ;
#851 = CARTESIAN_POINT ( 'NONE',  ( -605.3193063410703871, -1.000000000000000000, -172.8536113549479865 ) ) ;
#852 = LINE ( 'NONE', #1137, #523 ) ;
#853 = DIRECTION ( 'NONE',  ( 0.000000000000000000, -1.000000000000000000, 0.000000000000000000 ) ) ;
#854 = AXIS2_PLACEMENT_3D ( 'NONE', #1396, #415, #247 ) ;
#855 = ORIENTED_EDGE ( 'NONE', *, *, #67, .T. ) ;
#856 = CARTESIAN_POINT ( 'NONE',  ( -582.3323805423340218, -2.888888888898156981, -297.1748756376035203 ) ) ;
#857 = ORIENTED_EDGE ( 'NONE', *, *, #145, .F. ) ;
#858 = CARTESIAN_POINT ( 'NONE',  ( -605.1950211114990452, -0.6274241533660901426, -172.3536113549479865 ) ) ;
#859 = FACE_BOUND ( 'NONE', #1851, .T. ) ;
#860 = CIRCLE ( 'NONE', #1834, 23.12635131889589957 ) ;
#861 = CYLINDRICAL_SURFACE ( 'NONE', #1869, 18.54999999999990123 ) ;
#862 = AXIS2_PLACEMENT_3D ( 'NONE', #21, #1776, #1155 ) ;
#863 = CARTESIAN_POINT ( 'NONE',  ( -342.0060580110656474, 5.999999999999996447, -276.5686485294847898 ) ) ;
#864 = EDGE_CURVE ( 'NONE', #1760, #791, #1769, .T. ) ;
#865 = AXIS2_PLACEMENT_3D ( 'NONE', #1615, #189, #1342 ) ;
#866 = DIRECTION ( 'NONE',  ( 1.000000000000000000, 0.000000000000000000, 0.000000000000000000 ) ) ;
#867 = CARTESIAN_POINT ( 'NONE',  ( -605.4797404222234718, -3.661666063815192551, -185.4250564200379472 ) ) ;
#868 = EDGE_LOOP ( 'NONE', ( #301, #1042, #1199, #1593 ) ) ;
#869 = CARTESIAN_POINT ( 'NONE',  ( -568.9836148990024185, 5.322748601227463183, -298.2536113549479637 ) ) ;
#870 = VERTEX_POINT ( 'NONE', #897 ) ;
#871 = DIRECTION ( 'NONE',  ( 0.000000000000000000, 0.000000000000000000, 1.000000000000000000 ) ) ;
#872 = CARTESIAN_POINT ( 'NONE',  ( -336.8219907491011895, -1.000000000000000000, -285.2036113549480092 ) ) ;
#873 = CARTESIAN_POINT ( 'NONE',  ( 0.000000000000000000, -3.500000000000000000, -185.9036113549479978 ) ) ;
#874 = ORIENTED_EDGE ( 'NONE', *, *, #1668, .T. ) ;
#875 = CARTESIAN_POINT ( 'NONE',  ( -327.2636405464032805, -2.888888888888887063, -272.7316146761502296 ) ) ;
#876 = CARTESIAN_POINT ( 'NONE',  ( -340.3521915595842984, 5.999999999984712673, -288.1653111113269006 ) ) ;
#877 = EDGE_CURVE ( 'NONE', #24, #1353, #1429, .T. ) ;
#878 = VERTEX_POINT ( 'NONE', #137 ) ;
#879 = DIRECTION ( 'NONE',  ( -1.000000000000000000, 0.000000000000000000, 0.000000000000000000 ) ) ;
#880 = DIRECTION ( 'NONE',  ( 0.000000000000000000, 0.000000000000000000, -1.000000000000000000 ) ) ;
#881 = DIRECTION ( 'NONE',  ( 0.000000000000000000, 1.000000000000000000, -0.000000000000000000 ) ) ;
#882 = CARTESIAN_POINT ( 'NONE',  ( -358.1899351470513011, 5.993260634764778771, -291.7598548394713589 ) ) ;
#883 = EDGE_LOOP ( 'NONE', ( #1665, #933, #692, #1133, #1819, #1525, #78, #900 ) ) ;
#884 = CARTESIAN_POINT ( 'NONE',  ( -364.9358059677795154, 2.272666460782936326, -298.2536113549479637 ) ) ;
#885 = CARTESIAN_POINT ( 'NONE',  ( -341.8360992686374402, 6.000000000000015987, -276.3440450424736241 ) ) ;
#886 = DIRECTION ( 'NONE',  ( 0.000000000000000000, 1.000000000000000000, -0.000000000000000000 ) ) ;
#887 = CARTESIAN_POINT ( 'NONE',  ( -465.6939668186149675, 2.000000000000000000, -296.4286113549479751 ) ) ;
#888 = ORIENTED_EDGE ( 'NONE', *, *, #1569, .F. ) ;
#889 = CARTESIAN_POINT ( 'NONE',  ( -603.4445607293558851, 5.999999999999994671, -272.2193792518194755 ) ) ;
#890 = ORIENTED_EDGE ( 'NONE', *, *, #197, .F. ) ;
#891 = EDGE_CURVE ( 'NONE', #475, #79, #852, .T. ) ;
#892 = PLANE ( 'NONE',  #1134 ) ;
#893 = CARTESIAN_POINT ( 'NONE',  ( -357.9366613467703360, 6.000000000000000000, -291.1382405643936977 ) ) ;
#894 = DIRECTION ( 'NONE',  ( 0.000000000000000000, -1.000000000000000000, 0.000000000000000000 ) ) ;
#895 = DIRECTION ( 'NONE',  ( 1.000000000000000000, 0.000000000000000000, 1.224646799147353207E-16 ) ) ;
#896 = CYLINDRICAL_SURFACE ( 'NONE', #1447, 18.55000000000001137 ) ;
#897 = CARTESIAN_POINT ( 'NONE',  ( -326.2405223127314571, -1.000000000000000000, -172.8536113549479865 ) ) ;
#898 = CIRCLE ( 'NONE', #1663, 1.000000000000000888 ) ;
#899 = VERTEX_POINT ( 'NONE', #1766 ) ;
#900 = ORIENTED_EDGE ( 'NONE', *, *, #968, .T. ) ;
#901 = CARTESIAN_POINT ( 'NONE',  ( -571.2205223127315321, 2.000000000000000000, -178.8536113549479865 ) ) ;
#902 = CARTESIAN_POINT ( 'NONE',  ( -310.9710487390173625, -0.5000000000000004441, -298.2536113549479637 ) ) ;
#903 = EDGE_CURVE ( 'NONE', #569, #62, #102, .T. ) ;
#904 = CARTESIAN_POINT ( 'NONE',  ( -336.3962065167515902, -3.413942144063014883, -285.2036113549480092 ) ) ;
#905 = CARTESIAN_POINT ( 'NONE',  ( -357.8172033927050393, 6.000000000165234937, -301.5873756754793362 ) ) ;
#906 = CARTESIAN_POINT ( 'NONE',  ( -594.3846046482440215, -4.000000000000000000, -284.7036113549480092 ) ) ;
#907 = SHAPE_REPRESENTATION ( 'EDM FACEPLATE', ( #545, #1762 ), #1024 ) ;
#908 = ORIENTED_EDGE ( 'NONE', *, *, #1307, .F. ) ;
#909 = VERTEX_POINT ( 'NONE', #1012 ) ;
#910 = CARTESIAN_POINT ( 'NONE',  ( -493.0347124767643550, 0.000000000000000000, -239.4373723300536767 ) ) ;
#911 = AXIS2_PLACEMENT_3D ( 'NONE', #216, #769, #75 ) ;
#912 = DIRECTION ( 'NONE',  ( 0.000000000000000000, -1.000000000000000000, 0.000000000000000000 ) ) ;
#913 = DIRECTION ( 'NONE',  ( -0.000000000000000000, -1.000000000000000000, 0.000000000000000000 ) ) ;
#914 = ADVANCED_FACE ( 'NONE', ( #335 ), #586, .F. ) ;
#915 = AXIS2_PLACEMENT_3D ( 'NONE', #1222, #378, #922 ) ;
#916 = CARTESIAN_POINT ( 'NONE',  ( 0.000000000000000000, 0.000000000000000000, 0.000000000000000000 ) ) ;
#917 = ORIENTED_EDGE ( 'NONE', *, *, #201, .T. ) ;
#918 = EDGE_CURVE ( 'NONE', #967, #1143, #1106, .T. ) ;
#919 = ORIENTED_EDGE ( 'NONE', *, *, #1659, .F. ) ;
#920 = LINE ( 'NONE', #1519, #1011 ) ;
#921 = CARTESIAN_POINT ( 'NONE',  ( -412.9495016029687235, -0.9422041669425896826, -298.0213088028659740 ) ) ;
#922 = DIRECTION ( 'NONE',  ( 0.000000000000000000, 0.000000000000000000, 1.000000000000000000 ) ) ;
#923 = FACE_OUTER_BOUND ( 'NONE', #761, .T. ) ;
#924 = VERTEX_POINT ( 'NONE', #1158 ) ;
#925 = CIRCLE ( 'NONE', #1233, 18.55000000000001137 ) ;
#926 = ORIENTED_EDGE ( 'NONE', *, *, #768, .T. ) ;
#927 = CARTESIAN_POINT ( 'NONE',  ( -579.8221842076409303, -0.5000000000000004441, -298.2536113549479637 ) ) ;
#928 = CARTESIAN_POINT ( 'NONE',  ( -335.7799143269008937, -4.000000000000000000, -267.6092604327994877 ) ) ;
#929 = CARTESIAN_POINT ( 'NONE',  ( -336.5018458213627923, -2.888888888888893725, -285.4432182089504977 ) ) ;
#930 = AXIS2_PLACEMENT_3D ( 'NONE', #19, #1740, #880 ) ;
#931 = EDGE_CURVE ( 'NONE', #442, #1666, #1733, .T. ) ;
#932 = ORIENTED_EDGE ( 'NONE', *, *, #410, .T. ) ;
#933 = ORIENTED_EDGE ( 'NONE', *, *, #145, .T. ) ;
#934 = CARTESIAN_POINT ( 'NONE',  ( -326.3208270724848035, -0.7541664560937916262, -172.4036590724893472 ) ) ;
#935 = DIRECTION ( 'NONE',  ( 0.000000000000000000, 0.000000000000000000, 1.000000000000000000 ) ) ;
#936 = VERTEX_POINT ( 'NONE', #875 ) ;
#937 = ORIENTED_EDGE ( 'NONE', *, *, #1094, .F. ) ;
#938 = CARTESIAN_POINT ( 'NONE',  ( -335.7799143269008937, -3.000000000000000000, -267.6092604327994309 ) ) ;
#939 = FACE_OUTER_BOUND ( 'NONE', #382, .T. ) ;
#940 = EDGE_CURVE ( 'NONE', #1783, #460, #1498, .T. ) ;
#941 = AXIS2_PLACEMENT_3D ( 'NONE', #29, #423, #40 ) ;
#942 = DIRECTION ( 'NONE',  ( 0.000000000000000000, -1.000000000000000000, 0.000000000000000000 ) ) ;
#943 = CARTESIAN_POINT ( 'NONE',  ( -605.7179942269000321, -2.888888888888895057, -185.4036113549479978 ) ) ;
#944 = VERTEX_POINT ( 'NONE', #1195 ) ;
#945 = VERTEX_POINT ( 'NONE', #471 ) ;
#946 = AXIS2_PLACEMENT_3D ( 'NONE', #1844, #1706, #409 ) ;
#947 = DIRECTION ( 'NONE',  ( 0.000000000000000000, 0.000000000000000000, 1.000000000000000000 ) ) ;
#948 = ADVANCED_FACE ( 'NONE', ( #166 ), #1779, .T. ) ;
#949 = TOROIDAL_SURFACE ( 'NONE', #565, 18.84999999999990550, 0.2999999999999999889 ) ;
#950 = DIRECTION ( 'NONE',  ( -1.000000000000000000, 0.000000000000000000, 0.000000000000000000 ) ) ;
#951 = DIRECTION ( 'NONE',  ( 0.000000000000000000, 0.000000000000000000, 1.000000000000000000 ) ) ;
#952 = DIRECTION ( 'NONE',  ( 0.000000000000000000, 1.000000000000000000, 0.000000000000000000 ) ) ;
#953 = CARTESIAN_POINT ( 'NONE',  ( -604.7241862369000955, -3.000000000000000000, -185.4036113549479978 ) ) ;
#954 = EDGE_CURVE ( 'NONE', #1073, #878, #1036, .T. ) ;
#955 = PLANE ( 'NONE',  #717 ) ;
#956 = VERTEX_POINT ( 'NONE', #437 ) ;
#957 = CARTESIAN_POINT ( 'NONE',  ( -326.2405223127314571, -1.000000000000000000, -185.4036113549479978 ) ) ;
#958 = ORIENTED_EDGE ( 'NONE', *, *, #308, .T. ) ;
#959 = AXIS2_PLACEMENT_3D ( 'NONE', #770, #356, #788 ) ;
#960 = SURFACE_STYLE_USAGE ( .BOTH. , #104 ) ;
#961 = B_SPLINE_CURVE_WITH_KNOTS ( 'NONE', 3,
 ( #146, #567, #1139, #281 ),
 .UNSPECIFIED., .F., .F.,
 ( 4, 4 ),
 ( 0.000000000000000000, 0.01872618902515962858 ),
 .UNSPECIFIED. ) ;
#962 = DIRECTION ( 'NONE',  ( 0.000000000000000000, 0.000000000000000000, 1.000000000000000000 ) ) ;
#963 = ADVANCED_FACE ( 'NONE', ( #1302 ), #1611, .F. ) ;
#964 = DIRECTION ( 'NONE',  ( 0.000000000000000000, -0.000000000000000000, -1.000000000000000000 ) ) ;
#965 = EDGE_CURVE ( 'NONE', #374, #340, #675, .T. ) ;
#966 = DIRECTION ( 'NONE',  ( 0.000000000000000000, -0.000000000000000000, -1.000000000000000000 ) ) ;
#967 = VERTEX_POINT ( 'NONE', #317 ) ;
#968 = EDGE_CURVE ( 'NONE', #375, #475, #1505, .T. ) ;
#969 = CARTESIAN_POINT ( 'NONE',  ( -351.0785987306147149, -0.9471379652895806078, -297.9849077672925546 ) ) ;
#970 = EDGE_LOOP ( 'NONE', ( #1209, #282, #1524, #403 ) ) ;
#971 = EDGE_CURVE ( 'NONE', #351, #405, #994, .T. ) ;
#972 = DIRECTION ( 'NONE',  ( 0.000000000000000000, -1.000000000000000000, 0.000000000000000000 ) ) ;
#973 =( BOUNDED_SURFACE ( )  B_SPLINE_SURFACE ( 3, 2, ( 
 ( #1837, #685, #531 ),
 ( #1159, #1557, #1120 ),
 ( #1013, #318, #157 ),
 ( #1410, #1402, #885 ),
 ( #542, #728, #1710 ),
 ( #101, #1602, #413 ),
 ( #680, #1111, #304 ),
 ( #1304, #404, #1745 ),
 ( #449, #876, #1248 ),
 ( #1700, #1690, #1465 ),
 ( #396, #167, #740 ),
 ( #1100, #1546, #252 ),
 ( #819, #1069, #207 ),
 ( #37, #1341, #482 ),
 ( #1037, #905, #1058 ),
 ( #1646, #501, #1635 ) ),
 .UNSPECIFIED., .F., .F., .F. ) 
 B_SPLINE_SURFACE_WITH_KNOTS ( ( 4, 2, 2, 2, 2, 2, 2, 4 ),
 ( 3, 3 ),
 ( 0.1446542167046346306, 0.1544565358406345679, 0.1569071156246345522, 0.1593576954086345365, 0.1642588549766345329, 0.1740611741126344980, 0.1789623336806344667, 0.1838634932486344353 ),
 ( 0.07703323699995802409, 1.000000000000000000 ),
 .UNSPECIFIED. ) 
 GEOMETRIC_REPRESENTATION_ITEM ( )  RATIONAL_B_SPLINE_SURFACE ( (
 ( 0.9583511013014383018, 0.7296692939270849054, 1.000000000000000000),
 ( 0.9583511013014383018, 0.7296692939270849054, 1.000000000000000000),
 ( 0.9583511013014385238, 0.7296692939270860156, 1.000000000000000000),
 ( 0.9583511013014385238, 0.7296692939270860156, 1.000000000000000000),
 ( 0.9583511013014383018, 0.7296692939270849054, 1.000000000000000000),
 ( 0.9583511013014383018, 0.7296692939270849054, 1.000000000000000000),
 ( 0.9583511013014383018, 0.7296692939270849054, 1.000000000000000000),
 ( 0.9583511013014383018, 0.7296692939270849054, 1.000000000000000000),
 ( 0.9583511013014385238, 0.7296692939270865708, 1.000000000000000000),
 ( 0.9583511013014385238, 0.7296692939270865708, 1.000000000000000000),
 ( 0.9583511013014383018, 0.7296692939270843503, 1.000000000000000000),
 ( 0.9583511013014383018, 0.7296692939270843503, 1.000000000000000000),
 ( 0.9583511013014383018, 0.7296692939270845724, 1.000000000000000000),
 ( 0.9583511013014383018, 0.7296692939270845724, 1.000000000000000000),
 ( 0.9583511013014383018, 0.7296692939270853495, 1.000000000000000000),
 ( 0.9583511013014383018, 0.7296692939270853495, 1.000000000000000000) ) ) 
 REPRESENTATION_ITEM ( '' )  SURFACE ( )  );
#974 = CARTESIAN_POINT ( 'NONE',  ( -353.3018595638625925, 1.295102054194050334, -298.2536113549479637 ) ) ;
#975 = LINE ( 'NONE', #1562, #1868 ) ;
#976 = CARTESIAN_POINT ( 'NONE',  ( -418.3065208642973971, 5.094372614361240892, -298.2536113549479069 ) ) ;
#977 = ORIENTED_EDGE ( 'NONE', *, *, #834, .T. ) ;
#978 = DIRECTION ( 'NONE',  ( 0.000000000000000000, 0.000000000000000000, -1.000000000000000000 ) ) ;
#979 = ORIENTED_EDGE ( 'NONE', *, *, #1553, .T. ) ;
#980 = CARTESIAN_POINT ( 'NONE',  ( -310.9710487390173625, -1.000000000000000000, -185.4036113549479978 ) ) ;
#981 = EDGE_CURVE ( 'NONE', #11, #486, #1775, .T. ) ;
#982 = CIRCLE ( 'NONE', #1102, 5.174999999999984723 ) ;
#983 = CARTESIAN_POINT ( 'NONE',  ( -337.1752240055575385, -4.000000000000000000, -284.7036113549480092 ) ) ;
#984 = LINE ( 'NONE', #1577, #73 ) ;
#985 = LINE ( 'NONE', #136, #388 ) ;
#986 = CARTESIAN_POINT ( 'NONE',  ( -571.2205223127315321, -1.000000000000000000, -184.0286113549479410 ) ) ;
#987 = ORIENTED_EDGE ( 'NONE', *, *, #1122, .F. ) ;
#988 = CARTESIAN_POINT ( 'NONE',  ( -605.3193063410703871, -1.000000000000000000, -185.4036113549479978 ) ) ;
#989 = CARTESIAN_POINT ( 'NONE',  ( -577.6242255537459869, -2.888888888941536059, -300.4271229044475149 ) ) ;
#990 = CARTESIAN_POINT ( 'NONE',  ( -336.2405223127314571, 2.000000000000000000, -173.6786113549480035 ) ) ;
#991 = CARTESIAN_POINT ( 'NONE',  ( -351.7376444461608003, -0.5000000000000004441, -298.2536113549479637 ) ) ;
#992 = CARTESIAN_POINT ( 'NONE',  ( -493.0347124767643550, 0.000000000000000000, -239.4373723300536767 ) ) ;
#993 = CARTESIAN_POINT ( 'NONE',  ( -605.3446412093677509, -3.789746626523032180, -185.4898509963649644 ) ) ;
#994 = CIRCLE ( 'NONE', #430, 23.12635131889589957 ) ;
#995 = ORIENTED_EDGE ( 'NONE', *, *, #1659, .T. ) ;
#996 = CARTESIAN_POINT ( 'NONE',  ( -592.8316859448273135, 5.999999999959681141, -286.6097868307454064 ) ) ;
#997 = ADVANCED_FACE ( 'NONE', ( #1644 ), #615, .T. ) ;
#998 = CARTESIAN_POINT ( 'NONE',  ( -335.7799143269008937, -4.000000000000000000, -267.6092604327994309 ) ) ;
#999 = CARTESIAN_POINT ( 'NONE',  ( -361.4343885034573987, 5.031501443378240346, -298.2536113549479637 ) ) ;
#1000 = ORIENTED_EDGE ( 'NONE', *, *, #1281, .T. ) ;
#1001 = CARTESIAN_POINT ( 'NONE',  ( -341.1593739331356119, 5.999999999999953815, -275.4978027387349471 ) ) ;
#1002 = CARTESIAN_POINT ( 'NONE',  ( -465.6939668186149675, -1.000000000000000000, -286.0786113549480092 ) ) ;
#1003 = EDGE_LOOP ( 'NONE', ( #532, #1473, #1683, #724, #1355, #738, #525, #223 ) ) ;
#1004 = CARTESIAN_POINT ( 'NONE',  ( -583.4572272319286412, 6.000000000000015987, -283.3887946464510037 ) ) ;
#1005 = ORIENTED_EDGE ( 'NONE', *, *, #1645, .F. ) ;
#1006 = CARTESIAN_POINT ( 'NONE',  ( -605.2388939613506409, -0.7538378791688824521, -172.4032708246459151 ) ) ;
#1007 = EDGE_CURVE ( 'NONE', #368, #341, #1521, .T. ) ;
#1008 = CARTESIAN_POINT ( 'NONE',  ( -327.2636405464032805, -2.888888888888887063, -272.7316146761502296 ) ) ;
#1009 = CIRCLE ( 'NONE', #1257, 1.000000000000000888 ) ;
#1010 = ORIENTED_EDGE ( 'NONE', *, *, #1239, .F. ) ;
#1011 = VECTOR ( 'NONE', #1072, 1000.000000000000000 ) ;
#1012 = CARTESIAN_POINT ( 'NONE',  ( -571.2205223127315321, 2.000000000000000000, -184.0286113549479410 ) ) ;
#1013 = CARTESIAN_POINT ( 'NONE',  ( -331.2119293102479674, -2.888888888904503016, -278.8920016237916570 ) ) ;
#1014 = CARTESIAN_POINT ( 'NONE',  ( -595.2830125211435188, -2.996043461440087707, -285.2036113549480092 ) ) ;
#1015 = EDGE_CURVE ( 'NONE', #820, #1666, #1428, .T. ) ;
#1016 = CARTESIAN_POINT ( 'NONE',  ( -604.8854061950087271, -3.990255846633495640, -185.7896018757122079 ) ) ;
#1017 = ORIENTED_EDGE ( 'NONE', *, *, #1015, .T. ) ;
#1018 = CARTESIAN_POINT ( 'NONE',  ( -559.7904041837923614, 5.999999999999994671, -298.3613885922315490 ) ) ;
#1019 = DIRECTION ( 'NONE',  ( 1.000000000000000000, 0.000000000000000000, 0.000000000000000000 ) ) ;
#1020 = AXIS2_PLACEMENT_3D ( 'NONE', #172, #1627, #871 ) ;
#1021 = CARTESIAN_POINT ( 'NONE',  ( -493.0347124767643550, -4.000000000000000000, -239.4373723300536767 ) ) ;
#1022 = DIRECTION ( 'NONE',  ( 0.000000000000000000, 0.000000000000000000, -1.000000000000000000 ) ) ;
#1023 = EDGE_LOOP ( 'NONE', ( #395, #332, #1017, #1674 ) ) ;
#1024 =( GEOMETRIC_REPRESENTATION_CONTEXT ( 3 ) GLOBAL_UNCERTAINTY_ASSIGNED_CONTEXT ( ( #46 ) ) GLOBAL_UNIT_ASSIGNED_CONTEXT ( ( #239, #661, #1522 ) ) REPRESENTATION_CONTEXT ( 'NONE', 'WORKASPACE' ) );
#1025 = CARTESIAN_POINT ( 'NONE',  ( -571.2205223127315321, 2.000000000000000000, -173.6786113549480319 ) ) ;
#1026 = CARTESIAN_POINT ( 'NONE',  ( -351.1678763935091183, -0.9173081614671446671, -298.0357363491618798 ) ) ;
#1027 = CARTESIAN_POINT ( 'NONE',  ( -310.9710487390173625, -1.000000000000000000, -297.7536113549479637 ) ) ;
#1028 = DIRECTION ( 'NONE',  ( 0.000000000000000000, -1.000000000000000000, 0.000000000000000000 ) ) ;
#1029 = VECTOR ( 'NONE', #74, 1000.000000000000000 ) ;
#1030 = EDGE_LOOP ( 'NONE', ( #44, #1062, #656 ) ) ;
#1031 = CARTESIAN_POINT ( 'NONE',  ( -593.6909813754662082, 5.999999999999994671, -271.0822582140518762 ) ) ;
#1032 = CARTESIAN_POINT ( 'NONE',  ( -336.5664385925535953, -1.610959308915160371, -285.2036113549480092 ) ) ;
#1033 = ADVANCED_FACE ( 'NONE', ( #660 ), #736, .T. ) ;
#1034 = CYLINDRICAL_SURFACE ( 'NONE', #539, 10.00000000000000888 ) ;
#1035 = ORIENTED_EDGE ( 'NONE', *, *, #98, .F. ) ;
#1036 = LINE ( 'NONE', #1025, #1088 ) ;
#1037 = CARTESIAN_POINT ( 'NONE',  ( -357.3259223031658394, -2.888888888824037160, -302.4515431128987757 ) ) ;
#1038 = LINE ( 'NONE', #1027, #716 ) ;
#1039 = CARTESIAN_POINT ( 'NONE',  ( -402.3928805127287092, 0.000000000000000000, -258.6678609108982982 ) ) ;
#1040 = TOROIDAL_SURFACE ( 'NONE', #1780, 32.66574333306539302, 10.00000000000000000 ) ;
#1041 = ORIENTED_EDGE ( 'NONE', *, *, #1693, .F. ) ;
#1042 = ORIENTED_EDGE ( 'NONE', *, *, #1859, .T. ) ;
#1043 = CARTESIAN_POINT ( 'NONE',  ( -326.2585247095030923, -0.9417477482862623983, -172.5854387038871494 ) ) ;
#1044 = ORIENTED_EDGE ( 'NONE', *, *, #98, .T. ) ;
#1045 = CARTESIAN_POINT ( 'NONE',  ( -361.4343885034573987, 5.031501443378240346, -298.2536113549479637 ) ) ;
#1046 = CARTESIAN_POINT ( 'NONE',  ( -389.8068393967211591, -1.000000000000014655, -298.3036113549480319 ) ) ;
#1047 = DIRECTION ( 'NONE',  ( 0.000000000000000000, 1.000000000000000000, 0.000000000000000000 ) ) ;
#1048 = VECTOR ( 'NONE', #1028, 1000.000000000000000 ) ;
#1049 = AXIS2_PLACEMENT_3D ( 'NONE', #1182, #1777, #300 ) ;
#1050 = AXIS2_PLACEMENT_3D ( 'NONE', #1821, #119, #1556 ) ;
#1051 = EDGE_LOOP ( 'NONE', ( #210, #70, #323, #602 ) ) ;
#1052 = ORIENTED_EDGE ( 'NONE', *, *, #231, .F. ) ;
#1053 = CARTESIAN_POINT ( 'NONE',  ( -326.8356424169017487, -3.000000000000000000, -185.4036113549479978 ) ) ;
#1054 = ADVANCED_FACE ( 'NONE', ( #521 ), #1306, .T. ) ;
#1055 = CARTESIAN_POINT ( 'NONE',  ( -604.7241862369000955, -3.000000000000000000, 0.000000000000000000 ) ) ;
#1056 = DIRECTION ( 'NONE',  ( -1.000000000000000000, 0.000000000000000000, 0.000000000000000000 ) ) ;
#1057 = CARTESIAN_POINT ( 'NONE',  ( -336.4084155551137769, -4.000000000000000000, -285.5250893523044056 ) ) ;
#1058 = CARTESIAN_POINT ( 'NONE',  ( -362.2387331988055621, 5.999999999999954703, -293.8098687377334386 ) ) ;
#1059 = AXIS2_PLACEMENT_3D ( 'NONE', #1046, #188, #1767 ) ;
#1060 = ADVANCED_FACE ( 'NONE', ( #516 ), #1653, .T. ) ;
#1061 = PRODUCT ( 'EDM V3 Faceplate V2', 'EDM V3 Faceplate V2', '', ( #258 ) ) ;
#1062 = ORIENTED_EDGE ( 'NONE', *, *, #918, .T. ) ;
#1063 = AXIS2_PLACEMENT_3D ( 'NONE', #251, #381, #100 ) ;
#1064 = EDGE_LOOP ( 'NONE', ( #798, #1044, #1872, #1566 ) ) ;
#1065 = DIRECTION ( 'NONE',  ( 0.000000000000000000, 0.000000000000000000, -1.000000000000000000 ) ) ;
#1066 = CARTESIAN_POINT ( 'NONE',  ( -493.0347124767643550, 0.000000000000000000, -257.9873723300535744 ) ) ;
#1067 = DIRECTION ( 'NONE',  ( 0.000000000000000000, 0.000000000000000000, -1.000000000000000000 ) ) ;
#1068 = CIRCLE ( 'NONE', #1649, 8.944271909999134351 ) ;
#1069 = CARTESIAN_POINT ( 'NONE',  ( -353.0914723052811155, 6.000000000021659119, -298.6830156230926150 ) ) ;
#1070 = VERTEX_POINT ( 'NONE', #1820 ) ;
#1071 = ORIENTED_EDGE ( 'NONE', *, *, #1668, .F. ) ;
#1072 = DIRECTION ( 'NONE',  ( 1.000000000000000000, -0.000000000000000000, -0.000000000000000000 ) ) ;
#1073 = VERTEX_POINT ( 'NONE', #82 ) ;
#1074 = DIRECTION ( 'NONE',  ( 0.000000000000000000, 0.000000000000000000, 1.000000000000000000 ) ) ;
#1075 =( LENGTH_UNIT ( ) NAMED_UNIT ( * ) SI_UNIT ( .MILLI., .METRE. ) );
#1076 = EDGE_CURVE ( 'NONE', #1387, #442, #1804, .T. ) ;
#1077 = ORIENTED_EDGE ( 'NONE', *, *, #965, .T. ) ;
#1078 = CIRCLE ( 'NONE', #1170, 1.000000000000018874 ) ;
#1079 = ORIENTED_EDGE ( 'NONE', *, *, #450, .T. ) ;
#1080 = DIRECTION ( 'NONE',  ( 0.000000000000000000, 0.000000000000000000, -1.000000000000000000 ) ) ;
#1081 = VERTEX_POINT ( 'NONE', #1368 ) ;
#1082 = CARTESIAN_POINT ( 'NONE',  ( -402.3928805127287092, -3.700000000000000178, -221.2678609108982641 ) ) ;
#1083 = ORIENTED_EDGE ( 'NONE', *, *, #1496, .F. ) ;
#1084 = EDGE_CURVE ( 'NONE', #579, #663, #1068, .T. ) ;
#1085 = ORIENTED_EDGE ( 'NONE', *, *, #1352, .F. ) ;
#1086 = FACE_OUTER_BOUND ( 'NONE', #1376, .T. ) ;
#1087 = CARTESIAN_POINT ( 'NONE',  ( -335.7799143269008937, 6.000000000000000000, -267.6092604327994877 ) ) ;
#1088 = VECTOR ( 'NONE', #327, 1000.000000000000000 ) ;
#1089 = CARTESIAN_POINT ( 'NONE',  ( -336.2405223127314571, 2.000000000000000000, -178.8536113549479580 ) ) ;
#1090 = CARTESIAN_POINT ( 'NONE',  ( 0.000000000000000000, 0.000000000000000000, 0.000000000000000000 ) ) ;
#1091 = CARTESIAN_POINT ( 'NONE',  ( -465.6939668186149675, -1.000000000000000000, -296.4286113549479751 ) ) ;
#1092 = EDGE_CURVE ( 'NONE', #442, #31, #1399, .T. ) ;
#1093 = ORIENTED_EDGE ( 'NONE', *, *, #1474, .F. ) ;
#1094 = EDGE_CURVE ( 'NONE', #94, #549, #803, .T. ) ;
#1095 = DIRECTION ( 'NONE',  ( 1.000000000000000000, -0.000000000000000000, 0.000000000000000000 ) ) ;
#1096 = ADVANCED_FACE ( 'NONE', ( #668 ), #1237, .F. ) ;
#1097 = CARTESIAN_POINT ( 'NONE',  ( -465.6939668186149675, 2.000000000000000000, -291.2536113549479637 ) ) ;
#1098 = PLANE ( 'NONE',  #485 ) ;
#1099 = AXIS2_PLACEMENT_3D ( 'NONE', #643, #620, #338 ) ;
#1100 = CARTESIAN_POINT ( 'NONE',  ( -350.9997223872268250, -2.888888888928162757, -298.4629348894060286 ) ) ;
#1101 = EDGE_LOOP ( 'NONE', ( #1256, #1657 ) ) ;
#1102 = AXIS2_PLACEMENT_3D ( 'NONE', #204, #1795, #1065 ) ;
#1103 = EDGE_CURVE ( 'NONE', #774, #936, #1735, .T. ) ;
#1104 = PLANE ( 'NONE',  #324 ) ;
#1105 = AXIS2_PLACEMENT_3D ( 'NONE', #737, #850, #23 ) ;
#1106 = B_SPLINE_CURVE_WITH_KNOTS ( 'NONE', 3,
 ( #1601, #739, #1318, #1620, #45, #884, #1589, #302, #176, #596, #1184, #1045 ),
 .UNSPECIFIED., .F., .F.,
 ( 4, 2, 2, 2, 2, 4 ),
 ( 0.000000000000000000, 0.001912526611851974581, 0.002868789917778005565, 0.003825053223704035898, 0.005737579835556208888, 0.007650106447408382311 ),
 .UNSPECIFIED. ) ;
#1107 = CARTESIAN_POINT ( 'NONE',  ( -328.1152679244530646, -4.000000000000000000, -272.2193792518151554 ) ) ;
#1108 = APPLICATION_PROTOCOL_DEFINITION ( 'draft international standard', 'automotive_design', 1998, #1432 ) ;
#1109 = LINE ( 'NONE', #1427, #1284 ) ;
#1110 = ORIENTED_EDGE ( 'NONE', *, *, #1569, .T. ) ;
#1111 = CARTESIAN_POINT ( 'NONE',  ( -337.2243649142114919, 6.000000000007660539, -284.7677308538346210 ) ) ;
#1112 = ORIENTED_EDGE ( 'NONE', *, *, #940, .F. ) ;
#1113 = CIRCLE ( 'NONE', #641, 1.000000000000000888 ) ;
#1114 = CARTESIAN_POINT ( 'NONE',  ( 0.000000000000000000, -4.000000000000000000, -284.7036113549480092 ) ) ;
#1115 = CIRCLE ( 'NONE', #793, 9.999999999999987566 ) ;
#1116 = CARTESIAN_POINT ( 'NONE',  ( -594.7378379047039516, -1.000000000000000000, -285.2036113549480092 ) ) ;
#1117 = DIRECTION ( 'NONE',  ( 0.000000000000000000, 0.000000000000000000, 1.000000000000000000 ) ) ;
#1118 = DIRECTION ( 'NONE',  ( -0.000000000000000000, -0.000000000000000000, 1.000000000000000000 ) ) ;
#1119 = ORIENTED_EDGE ( 'NONE', *, *, #490, .F. ) ;
#1120 = CARTESIAN_POINT ( 'NONE',  ( -337.4629232536367454, 5.999999999999992895, -270.4073810082866203 ) ) ;
#1121 = ORIENTED_EDGE ( 'NONE', *, *, #1076, .T. ) ;
#1122 = EDGE_CURVE ( 'NONE', #321, #506, #1679, .T. ) ;
#1123 = DIRECTION ( 'NONE',  ( 0.000000000000000000, 0.000000000000000000, -1.000000000000000000 ) ) ;
#1124 = DIRECTION ( 'NONE',  ( 0.000000000000000000, 0.000000000000000000, 1.000000000000000000 ) ) ;
#1125 = CARTESIAN_POINT ( 'NONE',  ( -590.5896389638735400, -1.000000000000000000, -289.9339255795906070 ) ) ;
#1126 = CIRCLE ( 'NONE', #1439, 32.66574333306537881 ) ;
#1127 = ADVANCED_FACE ( 'NONE', ( #1798 ), #689, .F. ) ;
#1128 = PRODUCT_DEFINITION_CONTEXT ( 'detailed design', #1634, 'design' ) ;
#1129 = FACE_OUTER_BOUND ( 'NONE', #162, .T. ) ;
#1130 = CARTESIAN_POINT ( 'NONE',  ( -413.1050320800204076, -0.5000000000000004441, -298.2536113549479637 ) ) ;
#1131 = ORIENTED_EDGE ( 'NONE', *, *, #160, .F. ) ;
#1132 = CARTESIAN_POINT ( 'NONE',  ( -585.9655397269677906, -2.888888888912843456, -294.3265461559762457 ) ) ;
#1133 = ORIENTED_EDGE ( 'NONE', *, *, #718, .F. ) ;
#1134 = AXIS2_PLACEMENT_3D ( 'NONE', #1481, #184, #1337 ) ;
#1135 = FACE_OUTER_BOUND ( 'NONE', #1030, .T. ) ;
#1136 = CARTESIAN_POINT ( 'NONE',  ( -352.0003787155736745, -0.1014243448618431104, -298.2536113549479637 ) ) ;
#1137 = CARTESIAN_POINT ( 'NONE',  ( 0.000000000000000000, -3.500000000000000000, -285.2036113549480092 ) ) ;
#1138 = DIRECTION ( 'NONE',  ( 0.000000000000000000, -0.000000000000000000, 1.000000000000000000 ) ) ;
#1139 = CARTESIAN_POINT ( 'NONE',  ( -340.9614654507307705, -1.000000000000000000, -289.9239770710054245 ) ) ;
#1140 = ORIENTED_EDGE ( 'NONE', *, *, #965, .F. ) ;
#1141 = ADVANCED_FACE ( 'NONE', ( #416 ), #238, .T. ) ;
#1142 = CIRCLE ( 'NONE', #1796, 0.3000000000000224709 ) ;
#1143 = VERTEX_POINT ( 'NONE', #809 ) ;
#1144 = EDGE_CURVE ( 'NONE', #956, #1070, #144, .T. ) ;
#1145 = DIRECTION ( 'NONE',  ( 0.000000000000000000, 0.000000000000000000, 1.000000000000000000 ) ) ;
#1146 = DIRECTION ( 'NONE',  ( 1.000000000000000000, 0.000000000000000000, 0.000000000000000000 ) ) ;
#1147 = VERTEX_POINT ( 'NONE', #553 ) ;
#1148 = AXIS2_PLACEMENT_3D ( 'NONE', #529, #1400, #683 ) ;
#1149 = CARTESIAN_POINT ( 'NONE',  ( -338.7074410924117842, 5.999999999999952927, -272.2220536675325206 ) ) ;
#1150 = FACE_OUTER_BOUND ( 'NONE', #623, .T. ) ;
#1151 = ADVANCED_FACE ( 'NONE', ( #699 ), #502, .T. ) ;
#1152 = ORIENTED_EDGE ( 'NONE', *, *, #1084, .F. ) ;
#1153 = CARTESIAN_POINT ( 'NONE',  ( -571.1605682679962683, 4.780292344614633926, -298.2536113549479637 ) ) ;
#1154 = FACE_OUTER_BOUND ( 'NONE', #868, .T. ) ;
#1155 = DIRECTION ( 'NONE',  ( -1.699368989257548794E-15, 0.000000000000000000, 1.000000000000000000 ) ) ;
#1156 = EDGE_CURVE ( 'NONE', #368, #1381, #255, .T. ) ;
#1157 = FACE_OUTER_BOUND ( 'NONE', #1711, .T. ) ;
#1158 = CARTESIAN_POINT ( 'NONE',  ( -493.0347124767643550, -4.000000000000000000, -258.2873723300535858 ) ) ;
#1159 = CARTESIAN_POINT ( 'NONE',  ( -329.1420724299370022, -2.888888888666876653, -275.8546396445455002 ) ) ;
#1160 = DIRECTION ( 'NONE',  ( -0.000000000000000000, 0.000000000000000000, 1.000000000000000000 ) ) ;
#1161 = CARTESIAN_POINT ( 'NONE',  ( -601.6879447483888725, -4.000000000000000000, -277.3090182138732303 ) ) ;
#1162 = PRODUCT_DEFINITION_SHAPE ( 'NONE', 'NONE',  #1876 ) ;
#1163 = B_SPLINE_CURVE_WITH_KNOTS ( 'NONE', 3,
 ( #194, #1510, #1043, #934, #1787, #765 ),
 .UNSPECIFIED., .F., .F.,
 ( 4, 2, 4 ),
 ( 0.000000000000000000, 0.0004024686878240160692, 0.0008049373756480321385 ),
 .UNSPECIFIED. ) ;
#1164 = ORIENTED_EDGE ( 'NONE', *, *, #768, .F. ) ;
#1165 = CARTESIAN_POINT ( 'NONE',  ( -571.7623932525856389, -2.888888888811398381, -303.9193889971436988 ) ) ;
#1166 = DIRECTION ( 'NONE',  ( 0.000000000000000000, 0.000000000000000000, 1.000000000000000000 ) ) ;
#1167 = CARTESIAN_POINT ( 'NONE',  ( -579.8221842076409303, -0.5000000000000004441, -298.2536113549479637 ) ) ;
#1169 = EDGE_CURVE ( 'NONE', #1716, #31, #1468, .T. ) ;
#1168 = DIRECTION ( 'NONE',  ( 1.000000000000000000, 0.000000000000000000, 0.000000000000000000 ) ) ;
#1170 = AXIS2_PLACEMENT_3D ( 'NONE', #1685, #387, #1543 ) ;
#1171 = DIRECTION ( 'NONE',  ( 1.000000000000000000, 0.000000000000000000, 0.000000000000000000 ) ) ;
#1172 = B_SPLINE_CURVE_WITH_KNOTS ( 'NONE', 3,
 ( #1695, #1551, #1417, #115, #1263, #1843, #326, #1874 ),
 .UNSPECIFIED., .F., .F.,
 ( 4, 2, 2, 4 ),
 ( 3.784923963214186203E-15, 0.0005287530808195141374, 0.0007931296212274782610, 0.001057506161635442385 ),
 .UNSPECIFIED. ) ;
#1173 = DIRECTION ( 'NONE',  ( 0.000000000000000000, 0.000000000000000000, -1.000000000000000000 ) ) ;
#1174 = EDGE_CURVE ( 'NONE', #1295, #316, #1718, .T. ) ;
#1175 = DIRECTION ( 'NONE',  ( 0.000000000000000000, 0.000000000000000000, 1.000000000000000000 ) ) ;
#1176 = CARTESIAN_POINT ( 'NONE',  ( -326.8356424169017487, -4.000000000000000000, 0.000000000000000000 ) ) ;
#1177 = ORIENTED_EDGE ( 'NONE', *, *, #829, .F. ) ;
#1178 = CARTESIAN_POINT ( 'NONE',  ( -571.5943924948606991, 4.661333420327179233, -298.2536113549479069 ) ) ;
#1179 = ORIENTED_EDGE ( 'NONE', *, *, #580, .T. ) ;
#1180 = CYLINDRICAL_SURFACE ( 'NONE', #366, 0.5000000000000004441 ) ;
#1181 = CARTESIAN_POINT ( 'NONE',  ( -310.9710487390173625, -0.5000000000000000000, -172.8536113549479865 ) ) ;
#1182 = CARTESIAN_POINT ( 'NONE',  ( -581.2799143269010074, -3.700000000000000178, -209.8036113549479751 ) ) ;
#1183 = EDGE_LOOP ( 'NONE', ( #1010, #669, #50, #7, #1582 ) ) ;
#1184 = CARTESIAN_POINT ( 'NONE',  ( -362.0184447109574535, 4.753862726214915568, -298.2536113549479069 ) ) ;
#1185 = DIRECTION ( 'NONE',  ( 0.000000000000000000, 0.000000000000000000, -1.000000000000000000 ) ) ;
#1186 = CARTESIAN_POINT ( 'NONE',  ( -605.7241862369000955, -3.000000000000000000, 0.000000000000000000 ) ) ;
#1187 = DIRECTION ( 'NONE',  ( 0.000000000000000000, 0.000000000000000000, -1.000000000000000000 ) ) ;
#1188 = CIRCLE ( 'NONE', #133, 5.174999999999957190 ) ;
#1189 = EDGE_LOOP ( 'NONE', ( #789, #1785, #1364, #1240, #1112, #1489, #1131 ) ) ;
#1190 = CARTESIAN_POINT ( 'NONE',  ( -581.2799143269010074, -4.000000000000000000, -209.8036113549479751 ) ) ;
#1191 = ORIENTED_EDGE ( 'NONE', *, *, #1426, .F. ) ;
#1192 = DIRECTION ( 'NONE',  ( 0.000000000000000000, 0.000000000000000000, 1.000000000000000000 ) ) ;
#1193 = CARTESIAN_POINT ( 'NONE',  ( -601.6462830048410524, -2.888888888888883510, -277.1372680678521192 ) ) ;
#1194 = FACE_OUTER_BOUND ( 'NONE', #1367, .T. ) ;
#1195 = CARTESIAN_POINT ( 'NONE',  ( -336.2405223127314571, -1.000000000000000000, -173.6786113549480035 ) ) ;
#1196 = FACE_OUTER_BOUND ( 'NONE', #227, .T. ) ;
#1197 = CARTESIAN_POINT ( 'NONE',  ( -597.7818525392083302, -4.000000000000000000, -280.8159845702880375 ) ) ;
#1198 = AXIS2_PLACEMENT_3D ( 'NONE', #1190, #1772, #751 ) ;
#1199 = ORIENTED_EDGE ( 'NONE', *, *, #1503, .F. ) ;
#1200 = ORIENTED_EDGE ( 'NONE', *, *, #1684, .F. ) ;
#1201 = CARTESIAN_POINT ( 'NONE',  ( -605.3193063410703871, -1.000000000000000000, -172.8536113549479865 ) ) ;
#1202 = FACE_OUTER_BOUND ( 'NONE', #1183, .T. ) ;
#1203 = ORIENTED_EDGE ( 'NONE', *, *, #1352, .T. ) ;
#1204 = DIRECTION ( 'NONE',  ( -1.000000000000000000, 0.000000000000000000, 0.000000000000000000 ) ) ;
#1205 = PLANE ( 'NONE',  #1059 ) ;
#1206 = AXIS2_PLACEMENT_3D ( 'NONE', #505, #626, #1374 ) ;
#1207 = CIRCLE ( 'NONE', #946, 18.54999999999990123 ) ;
#1208 = DIRECTION ( 'NONE',  ( 0.000000000000000000, -1.000000000000000000, 0.000000000000000000 ) ) ;
#1209 = ORIENTED_EDGE ( 'NONE', *, *, #256, .F. ) ;
#1210 = EDGE_CURVE ( 'NONE', #1211, #351, #1750, .T. ) ;
#1211 = VERTEX_POINT ( 'NONE', #1713 ) ;
#1212 = CARTESIAN_POINT ( 'NONE',  ( -412.9266496322097169, -1.000000000000014655, -297.7536113549479637 ) ) ;
#1213 = CARTESIAN_POINT ( 'NONE',  ( -581.2799143269010074, -3.700000000000000178, -228.6536113549479978 ) ) ;
#1214 = CARTESIAN_POINT ( 'NONE',  ( -493.0347124767643550, 0.000000000000000000, -257.9873723300535744 ) ) ;
#1215 = EDGE_LOOP ( 'NONE', ( #816, #93, #1110, #200, #1203, #246, #1236, #1574 ) ) ;
#1216 = CIRCLE ( 'NONE', #310, 5.174999999999957190 ) ;
#1217 = PRODUCT_RELATED_PRODUCT_CATEGORY ( 'part', '', ( #1061 ) ) ;
#1218 = VERTEX_POINT ( 'NONE', #1842 ) ;
#1219 = CARTESIAN_POINT ( 'NONE',  ( -325.9696170131173290, -3.500000000000000000, -185.4036113549479978 ) ) ;
#1220 = EDGE_CURVE ( 'NONE', #1411, #663, #1815, .T. ) ;
#1221 = DIRECTION ( 'NONE',  ( 0.000000000000000000, -0.000000000000000000, -1.000000000000000000 ) ) ;
#1222 = CARTESIAN_POINT ( 'NONE',  ( -402.3928805127287092, 0.000000000000000000, -240.1178609108982585 ) ) ;
#1223 = AXIS2_PLACEMENT_3D ( 'NONE', #270, #1277, #257 ) ;
#1224 = CARTESIAN_POINT ( 'NONE',  ( -366.5086467134219106, -0.5000000000000004441, -298.2536113549479637 ) ) ;
#1225 = EDGE_LOOP ( 'NONE', ( #504, #638, #1672, #830 ) ) ;
#1226 = ORIENTED_EDGE ( 'NONE', *, *, #108, .F. ) ;
#1227 = CARTESIAN_POINT ( 'NONE',  ( -580.3910823711483999, -0.9169232817103333266, -298.0361888859046076 ) ) ;
#1228 = CARTESIAN_POINT ( 'NONE',  ( -571.2205223127315321, 2.000000000000000000, -178.8536113549479865 ) ) ;
#1229 = DIRECTION ( 'NONE',  ( 0.000000000000000000, 0.000000000000000000, 1.000000000000000000 ) ) ;
#1230 = DIRECTION ( 'NONE',  ( 0.000000000000000000, 0.000000000000000000, 1.000000000000000000 ) ) ;
#1231 = EDGE_CURVE ( 'NONE', #341, #1147, #925, .T. ) ;
#1232 = ORIENTED_EDGE ( 'NONE', *, *, #20, .T. ) ;
#1233 = AXIS2_PLACEMENT_3D ( 'NONE', #842, #1862, #1704 ) ;
#1234 = ORIENTED_EDGE ( 'NONE', *, *, #1642, .T. ) ;
#1235 = LINE ( 'NONE', #902, #563 ) ;
#1236 = ORIENTED_EDGE ( 'NONE', *, *, #221, .T. ) ;
#1237 = CYLINDRICAL_SURFACE ( 'NONE', #1309, 5.174999999999957190 ) ;
#1238 = APPLICATION_PROTOCOL_DEFINITION ( 'draft international standard', 'automotive_design', 1998, #372 ) ;
#1239 = EDGE_CURVE ( 'NONE', #1731, #1604, #898, .T. ) ;
#1240 = ORIENTED_EDGE ( 'NONE', *, *, #237, .F. ) ;
#1241 = ORIENTED_EDGE ( 'NONE', *, *, #450, .F. ) ;
#1242 = DIRECTION ( 'NONE',  ( 0.000000000000000000, 0.000000000000000000, 1.000000000000000000 ) ) ;
#1243 = AXIS2_PLACEMENT_3D ( 'NONE', #757, #288, #480 ) ;
#1244 = LINE ( 'NONE', #1560, #1596 ) ;
#1245 = CARTESIAN_POINT ( 'NONE',  ( -493.0347124767643550, -3.700000000000000178, -220.5873723300537961 ) ) ;
#1246 = ORIENTED_EDGE ( 'NONE', *, *, #954, .T. ) ;
#1247 = EDGE_CURVE ( 'NONE', #159, #791, #546, .T. ) ;
#1248 = CARTESIAN_POINT ( 'NONE',  ( -346.7371328726330830, 5.999999999999952927, -281.8983106492071329 ) ) ;
#1249 = EDGE_LOOP ( 'NONE', ( #655, #742, #1517, #1725 ) ) ;
#1250 =( LENGTH_UNIT ( ) NAMED_UNIT ( * ) SI_UNIT ( .MILLI., .METRE. ) );
#1251 = DIRECTION ( 'NONE',  ( -1.000000000000000000, 0.000000000000000000, 0.000000000000000000 ) ) ;
#1252 = EDGE_CURVE ( 'NONE', #316, #219, #1244, .T. ) ;
#1253 = DIRECTION ( 'NONE',  ( 0.000000000000000000, 0.000000000000000000, 1.000000000000000000 ) ) ;
#1254 = DIRECTION ( 'NONE',  ( 0.000000000000000000, 1.000000000000000000, -0.000000000000000000 ) ) ;
#1255 = CARTESIAN_POINT ( 'NONE',  ( -580.8383508611900652, -1.000000000000000000, -297.7536113549479637 ) ) ;
#1256 = ORIENTED_EDGE ( 'NONE', *, *, #1831, .T. ) ;
#1257 = AXIS2_PLACEMENT_3D ( 'NONE', #1053, #284, #1445 ) ;
#1258 = LINE ( 'NONE', #121, #698 ) ;
#1259 = ORIENTED_EDGE ( 'NONE', *, *, #903, .F. ) ;
#1260 = VECTOR ( 'NONE', #560, 1000.000000000000000 ) ;
#1261 = LINE ( 'NONE', #1692, #83 ) ;
#1262 = CARTESIAN_POINT ( 'NONE',  ( -595.2671365484335411, -2.888888888898145435, -285.2036113549480092 ) ) ;
#1263 = CARTESIAN_POINT ( 'NONE',  ( -336.9251637121998328, -3.941659701666105686, -284.9463812753526213 ) ) ;
#1264 = DIRECTION ( 'NONE',  ( 1.000000000000000000, 0.000000000000000000, 0.000000000000000000 ) ) ;
#1265 = AXIS2_PLACEMENT_3D ( 'NONE', #1330, #886, #1623 ) ;
#1266 = DIRECTION ( 'NONE',  ( 0.000000000000000000, 0.000000000000000000, 1.000000000000000000 ) ) ;
#1267 = ORIENTED_EDGE ( 'NONE', *, *, #779, .T. ) ;
#1268 = CARTESIAN_POINT ( 'NONE',  ( -310.9710487390173625, -1.000000000000000000, -172.8536113549479865 ) ) ;
#1269 = ORIENTED_EDGE ( 'NONE', *, *, #864, .T. ) ;
#1270 = AXIS2_PLACEMENT_3D ( 'NONE', #1722, #1425, #706 ) ;
#1271 = ADVANCED_FACE ( 'NONE', ( #1135 ), #1391, .T. ) ;
#1272 = AXIS2_PLACEMENT_3D ( 'NONE', #1866, #566, #1138 ) ;
#1273 = DIRECTION ( 'NONE',  ( 0.000000000000000000, -1.000000000000000000, 0.000000000000000000 ) ) ;
#1274 = CARTESIAN_POINT ( 'NONE',  ( -355.2091866139255103, 2.701414363460501455, -298.2536113549479069 ) ) ;
#1275 = ORIENTED_EDGE ( 'NONE', *, *, #197, .T. ) ;
#1276 = CARTESIAN_POINT ( 'NONE',  ( -573.9787773608557018, 5.999999999999974243, -290.9344638699463417 ) ) ;
#1277 = DIRECTION ( 'NONE',  ( 0.000000000000000000, 1.000000000000000000, 0.000000000000000000 ) ) ;
#1278 = CARTESIAN_POINT ( 'NONE',  ( -359.5853114057330231, 4.565900969089478956, -298.2536113549479637 ) ) ;
#1279 = CARTESIAN_POINT ( 'NONE',  ( -595.7799143269008937, -2.888888888888888840, -267.6092604327997151 ) ) ;
#1280 = PRESENTATION_LAYER_ASSIGNMENT (  '', '', ( #802 ) ) ;
#1281 = EDGE_CURVE ( 'NONE', #1531, #899, #117, .T. ) ;
#1282 = CARTESIAN_POINT ( 'NONE',  ( -594.3107666494929617, -4.000000000000000000, -284.7879912132513596 ) ) ;
#1283 = CARTESIAN_POINT ( 'NONE',  ( -593.5615918762098318, -2.888888888927527709, -287.2863642037738714 ) ) ;
#1284 = VECTOR ( 'NONE', #1118, 1000.000000000000000 ) ;
#1285 = CARTESIAN_POINT ( 'NONE',  ( -578.9638451245139095, 5.999999999999973355, -287.2158402837209792 ) ) ;
#1286 = CIRCLE ( 'NONE', #487, 1.000000000000000888 ) ;
#1287 = AXIS2_PLACEMENT_3D ( 'NONE', #1715, #1266, #811 ) ;
#1288 = DIRECTION ( 'NONE',  ( 0.000000000000000000, 1.000000000000000000, 0.000000000000000000 ) ) ;
#1289 = ORIENTED_EDGE ( 'NONE', *, *, #1639, .T. ) ;
#1290 = CARTESIAN_POINT ( 'NONE',  ( -465.6939668186149675, 2.000000000000000000, -291.2536113549479637 ) ) ;
#1291 = EDGE_CURVE ( 'NONE', #506, #936, #1078, .T. ) ;
#1292 = CYLINDRICAL_SURFACE ( 'NONE', #1632, 5.174999999999957190 ) ;
#1293 = CARTESIAN_POINT ( 'NONE',  ( -597.7333433936815936, -4.000000000000000000, -280.8821589664520388 ) ) ;
#1294 = EDGE_CURVE ( 'NONE', #192, #79, #1613, .T. ) ;
#1295 = VERTEX_POINT ( 'NONE', #990 ) ;
#1296 = EDGE_CURVE ( 'NONE', #956, #1411, #1858, .T. ) ;
#1297 = DIRECTION ( 'NONE',  ( 0.000000000000000000, 1.000000000000000000, 0.000000000000000000 ) ) ;
#1298 = VECTOR ( 'NONE', #110, 1000.000000000000000 ) ;
#1299 = CARTESIAN_POINT ( 'NONE',  ( -595.7799143269008937, 6.000000000000000000, -267.6092604327993172 ) ) ;
#1300 = CARTESIAN_POINT ( 'NONE',  ( -493.0347124767643550, -3.700000000000000178, -239.4373723300536767 ) ) ;
#1301 = AXIS2_PLACEMENT_3D ( 'NONE', #589, #1160, #451 ) ;
#1302 = FACE_OUTER_BOUND ( 'NONE', #1681, .T. ) ;
#1303 = PRODUCT_DEFINITION_CONTEXT ( 'detailed design', #372, 'design' ) ;
#1304 = CARTESIAN_POINT ( 'NONE',  ( -338.3500901022558764, -2.888888888916469888, -287.5139524221141301 ) ) ;
#1305 = DIRECTION ( 'NONE',  ( -0.000000000000000000, 0.000000000000000000, 1.000000000000000000 ) ) ;
#1306 =( BOUNDED_SURFACE ( )  B_SPLINE_SURFACE ( 3, 2, ( 
 ( #491, #68, #371 ),
 ( #1807, #507, #346 ),
 ( #1791, #363, #1350 ),
 ( #1504, #1057, #929 ) ),
 .UNSPECIFIED., .F., .F., .F. ) 
 B_SPLINE_SURFACE_WITH_KNOTS ( ( 4, 4 ),
 ( 3, 3 ),
 ( 0.000000000000000000, 0.01553548950924471019 ),
 ( 0.000000000000000000, 1.000000000000000000 ),
 .UNSPECIFIED. ) 
 GEOMETRIC_REPRESENTATION_ITEM ( )  RATIONAL_B_SPLINE_SURFACE ( (
 ( 1.000000000000000000, 0.6666666666666671848, 1.000000000000000000),
 ( 1.000000000000000000, 0.6666666666666671848, 1.000000000000000000),
 ( 1.000000000000000000, 0.6666666666666679619, 1.000000000000000000),
 ( 1.000000000000000000, 0.6666666666666679619, 1.000000000000000000) ) ) 
 REPRESENTATION_ITEM ( '' )  SURFACE ( )  );
#1307 = EDGE_CURVE ( 'NONE', #936, #375, #1533, .T. ) ;
#1308 = ORIENTED_EDGE ( 'NONE', *, *, #834, .F. ) ;
#1309 = AXIS2_PLACEMENT_3D ( 'NONE', #1089, #942, #196 ) ;
#1310 = CARTESIAN_POINT ( 'NONE',  ( -576.4286788850057519, 5.999999999999974243, -289.1791309057714443 ) ) ;
#1311 = EDGE_CURVE ( 'NONE', #1499, #375, #764, .T. ) ;
#1312 = EDGE_LOOP ( 'NONE', ( #543, #558, #1648, #494 ) ) ;
#1313 = LINE ( 'NONE', #1607, #696 ) ;
#1314 = CARTESIAN_POINT ( 'NONE',  ( -336.2926921053672231, -2.888888888904531882, -285.2036113549480092 ) ) ;
#1315 = ADVANCED_FACE ( 'NONE', ( #605 ), #361, .T. ) ;
#1316 = CYLINDRICAL_SURFACE ( 'NONE', #294, 0.5000000000000004441 ) ;
#1317 = ORIENTED_EDGE ( 'NONE', *, *, #1592, .F. ) ;
#1318 = CARTESIAN_POINT ( 'NONE',  ( -366.0014595932464090, 0.6799067893989526601, -298.2536113549479069 ) ) ;
#1319 = DIRECTION ( 'NONE',  ( 0.000000000000000000, 0.000000000000000000, -1.000000000000000000 ) ) ;
#1320 = CARTESIAN_POINT ( 'NONE',  ( -581.2799143269010074, -4.000000000000000000, -228.3536113549479865 ) ) ;
#1321 = EDGE_LOOP ( 'NONE', ( #1234, #1433, #245, #1275 ) ) ;
#1322 = CARTESIAN_POINT ( 'NONE',  ( -579.5359242828495780, -2.888888888898156981, -299.1785120311818105 ) ) ;
#1323 = EDGE_LOOP ( 'NONE', ( #329, #466, #670 ) ) ;
#1324 = DIRECTION ( 'NONE',  ( 0.000000000000000000, 0.000000000000000000, 1.000000000000000000 ) ) ;
#1325 = DIRECTION ( 'NONE',  ( 0.000000000000000000, 0.000000000000000000, 1.000000000000000000 ) ) ;
#1326 = CARTESIAN_POINT ( 'NONE',  ( -571.2205223127315321, 2.000000000000000000, -184.0286113549479410 ) ) ;
#1327 = AXIS2_PLACEMENT_3D ( 'NONE', #1097, #833, #537 ) ;
#1328 = CARTESIAN_POINT ( 'NONE',  ( -336.2926921053672231, -2.888888888904531882, -285.2036113549480092 ) ) ;
#1329 = CARTESIAN_POINT ( 'NONE',  ( -366.5562307453179187, -0.6273549284124371184, -298.2536113549479637 ) ) ;
#1330 = CARTESIAN_POINT ( 'NONE',  ( -581.2799143269010074, -3.700000000000000178, -209.8036113549479751 ) ) ;
#1331 = EDGE_CURVE ( 'NONE', #486, #1211, #1412, .T. ) ;
#1332 = ORIENTED_EDGE ( 'NONE', *, *, #1156, .T. ) ;
#1333 = DIRECTION ( 'NONE',  ( 0.000000000000000000, 1.000000000000000000, -0.000000000000000000 ) ) ;
#1334 = CARTESIAN_POINT ( 'NONE',  ( -493.0347124767643550, -3.700000000000000178, -239.4373723300536767 ) ) ;
#1335 = ORIENTED_EDGE ( 'NONE', *, *, #771, .F. ) ;
#1336 = CARTESIAN_POINT ( 'NONE',  ( -605.1474113244985347, -0.5000000000000004441, -172.3536113549479865 ) ) ;
#1337 = DIRECTION ( 'NONE',  ( 0.000000000000000000, 0.000000000000000000, -1.000000000000000000 ) ) ;
#1338 = DIRECTION ( 'NONE',  ( -0.000000000000000000, -1.000000000000000000, -0.000000000000000000 ) ) ;
#1339 = ORIENTED_EDGE ( 'NONE', *, *, #108, .T. ) ;
#1340 = CARTESIAN_POINT ( 'NONE',  ( -336.3444568417543223, -3.316011027698672731, -285.2036113549479523 ) ) ;
#1341 = CARTESIAN_POINT ( 'NONE',  ( -356.2145231907916241, 5.999999999978372855, -300.6522682342957751 ) ) ;
#1342 = DIRECTION ( 'NONE',  ( 0.000000000000000000, -0.000000000000000000, 1.000000000000000000 ) ) ;
#1343 = APPLICATION_CONTEXT ( 'automotive_design' ) ;
#1344 = VECTOR ( 'NONE', #1580, 1000.000000000000000 ) ;
#1345 = ORIENTED_EDGE ( 'NONE', *, *, #1247, .F. ) ;
#1346 = ORIENTED_EDGE ( 'NONE', *, *, #237, .T. ) ;
#1347 = DIRECTION ( 'NONE',  ( 0.000000000000000000, -1.000000000000000000, 0.000000000000000000 ) ) ;
#1348 = DIRECTION ( 'NONE',  ( -1.000000000000000000, -0.000000000000000000, -0.000000000000000000 ) ) ;
#1349 = EDGE_LOOP ( 'NONE', ( #926, #61, #1587 ) ) ;
#1350 = CARTESIAN_POINT ( 'NONE',  ( -333.0376974563914700, -2.888888888873815564, -281.4899778997678936 ) ) ;
#1351 = FACE_OUTER_BOUND ( 'NONE', #970, .T. ) ;
#1352 = EDGE_CURVE ( 'NONE', #506, #945, #600, .T. ) ;
#1353 = VERTEX_POINT ( 'NONE', #1167 ) ;
#1354 = DIRECTION ( 'NONE',  ( -1.000000000000000000, -0.000000000000000000, -0.000000000000000000 ) ) ;
#1355 = ORIENTED_EDGE ( 'NONE', *, *, #1307, .T. ) ;
#1356 = CARTESIAN_POINT ( 'NONE',  ( -571.2205223127315321, 2.000000000000000000, -178.8536113549479865 ) ) ;
#1357 = DIRECTION ( 'NONE',  ( 1.000000000000000000, -0.000000000000000000, -0.000000000000000000 ) ) ;
#1358 = CARTESIAN_POINT ( 'NONE',  ( -402.3928805127287092, -3.700000000000000178, -240.1178609108982585 ) ) ;
#1359 = CIRCLE ( 'NONE', #290, 5.174999999999957190 ) ;
#1360 = PLANE ( 'NONE',  #272 ) ;
#1361 = AXIS2_PLACEMENT_3D ( 'NONE', #938, #132, #947 ) ;
#1362 = ADVANCED_FACE ( 'NONE', ( #1752 ), #433, .T. ) ;
#1363 = VECTOR ( 'NONE', #1288, 1000.000000000000000 ) ;
#1364 = ORIENTED_EDGE ( 'NONE', *, *, #1380, .T. ) ;
#1365 = EDGE_LOOP ( 'NONE', ( #1771, #1817, #635, #169, #1005, #1739, #890 ) ) ;
#1366 = DIRECTION ( 'NONE',  ( 0.000000000000000000, 0.000000000000000000, -1.000000000000000000 ) ) ;
#1367 = EDGE_LOOP ( 'NONE', ( #1454, #1121, #208, #995 ) ) ;
#1368 = CARTESIAN_POINT ( 'NONE',  ( -605.1474113244985347, -0.5000000000000004441, -172.3536113549479865 ) ) ;
#1369 = CARTESIAN_POINT ( 'NONE',  ( -493.0347124767643550, -3.700000000000000178, -258.2873723300535858 ) ) ;
#1370 = AXIS2_PLACEMENT_3D ( 'NONE', #629, #608, #47 ) ;
#1371 = ORIENTED_EDGE ( 'NONE', *, *, #36, .T. ) ;
#1372 = CIRCLE ( 'NONE', #1610, 18.55000000000001137 ) ;
#1373 = ORIENTED_EDGE ( 'NONE', *, *, #1007, .F. ) ;
#1374 = DIRECTION ( 'NONE',  ( -1.000000000000000000, 0.000000000000000000, 0.000000000000000000 ) ) ;
#1375 = SHAPE_REPRESENTATION ( 'EDM V3 Faceplate V2', ( #1523 ), #339 ) ;
#1376 = EDGE_LOOP ( 'NONE', ( #28, #573, #773, #1345, #1335, #307, #799 ) ) ;
#1377 = DIRECTION ( 'NONE',  ( 0.000000000000000000, 1.000000000000000000, 0.000000000000000000 ) ) ;
#1378 = B_SPLINE_CURVE_WITH_KNOTS ( 'NONE', 3,
 ( #1652, #667, #767, #921, #362, #627 ),
 .UNSPECIFIED., .F., .F.,
 ( 4, 2, 4 ),
 ( 0.000000000000000000, 0.0004025592726673744978, 0.0008051185453347489956 ),
 .UNSPECIFIED. ) ;
#1379 = ITEM_DEFINED_TRANSFORMATION ( 'NONE', 'NONE', #1762,  #1523 ) ;
#1380 = EDGE_CURVE ( 'NONE', #774, #11, #30, .T. ) ;
#1381 = VERTEX_POINT ( 'NONE', #709 ) ;
#1382 = AXIS2_PLACEMENT_3D ( 'NONE', #687, #821, #1532 ) ;
#1383 = ORIENTED_EDGE ( 'NONE', *, *, #1220, .T. ) ;
#1384 = DIRECTION ( 'NONE',  ( -0.000000000000000000, -1.000000000000000000, -0.000000000000000000 ) ) ;
#1385 = CARTESIAN_POINT ( 'NONE',  ( -595.0977031288998660, -3.500000000000000000, -285.2036113549480092 ) ) ;
#1386 = AXIS2_PLACEMENT_3D ( 'NONE', #701, #1696, #1438 ) ;
#1387 = VERTEX_POINT ( 'NONE', #753 ) ;
#1388 = AXIS2_PLACEMENT_3D ( 'NONE', #910, #1384, #1366 ) ;
#1389 = ORIENTED_EDGE ( 'NONE', *, *, #1544, .F. ) ;
#1390 = FACE_OUTER_BOUND ( 'NONE', #530, .T. ) ;
#1391 = PLANE ( 'NONE',  #91 ) ;
#1392 = B_SPLINE_CURVE_WITH_KNOTS ( 'NONE', 3,
 ( #999, #459, #1742, #315, #1586, #746, #1619, #1449, #882, #43, #584, #606 ),
 .UNSPECIFIED., .F., .F.,
 ( 4, 2, 2, 2, 2, 4 ),
 ( 0.000000000000000000, 0.003993869011004051554, 0.005990803516506113327, 0.006989270769257145514, 0.007488504395632660307, 0.007987738022008175967 ),
 .UNSPECIFIED. ) ;
#1393 = EDGE_CURVE ( 'NONE', #180, #924, #666, .T. ) ;
#1394 = EDGE_LOOP ( 'NONE', ( #1609, #1191 ) ) ;
#1395 = ORIENTED_EDGE ( 'NONE', *, *, #490, .T. ) ;
#1396 = CARTESIAN_POINT ( 'NONE',  ( -465.6939668186149675, 2.000000000000000000, -291.2536113549479637 ) ) ;
#1397 = ADVANCED_FACE ( 'NONE', ( #859, #325 ), #892, .T. ) ;
#1398 = DIRECTION ( 'NONE',  ( -0.5154269531835137252, 0.000000000000000000, 0.8569335189686305698 ) ) ;
#1399 = CIRCLE ( 'NONE', #679, 0.2999999999999947153 ) ;
#1400 = DIRECTION ( 'NONE',  ( -0.000000000000000000, 0.000000000000000000, 1.000000000000000000 ) ) ;
#1401 = VERTEX_POINT ( 'NONE', #42 ) ;
#1402 = CARTESIAN_POINT ( 'NONE',  ( -334.8506899481819801, 5.999999999999977796, -281.9309435676526618 ) ) ;
#1403 = ORIENTED_EDGE ( 'NONE', *, *, #1831, .F. ) ;
#1404 = CARTESIAN_POINT ( 'NONE',  ( 0.000000000000000000, -3.500000000000000000, -284.7036113549480092 ) ) ;
#1405 = CARTESIAN_POINT ( 'NONE',  ( -389.8068393967211591, -1.000000000000014655, -298.3036113549480319 ) ) ;
#1406 = CARTESIAN_POINT ( 'NONE',  ( 0.000000000000000000, -4.000000000000000000, -185.9036113549479978 ) ) ;
#1407 = CARTESIAN_POINT ( 'NONE',  ( -419.0079173478684993, 5.384059534816716841, -298.2536113549479637 ) ) ;
#1408 = EDGE_LOOP ( 'NONE', ( #695, #1625, #1778, #1539 ) ) ;
#1409 = EDGE_CURVE ( 'NONE', #103, #569, #1670, .T. ) ;
#1410 = CARTESIAN_POINT ( 'NONE',  ( -334.0745333569805098, -2.888888888904503016, -282.5517100704810787 ) ) ;
#1411 = VERTEX_POINT ( 'NONE', #1492 ) ;
#1412 = CIRCLE ( 'NONE', #862, 32.66574333306537881 ) ;
#1413 = EDGE_CURVE ( 'NONE', #85, #1857, #1650, .T. ) ;
#1414 = DIRECTION ( 'NONE',  ( 0.000000000000000000, -1.000000000000000000, 0.000000000000000000 ) ) ;
#1415 = B_SPLINE_CURVE_WITH_KNOTS ( 'NONE', 3,
 ( #277, #1561, #1278, #425, #1864, #1571, #264, #1274, #417, #974, #1416, #135, #1136, #711 ),
 .UNSPECIFIED., .F., .F.,
 ( 4, 2, 2, 2, 2, 2, 4 ),
 ( 0.01011154662272277342, 0.01294169942130559726, 0.01435677582059692939, 0.01577185221988826325, 0.01860200501847093096, 0.02001708141776226482, 0.02143215781705359868 ),
 .UNSPECIFIED. ) ;
#1416 = CARTESIAN_POINT ( 'NONE',  ( -352.9474258355589313, 0.9679783622449444902, -298.2536113549479637 ) ) ;
#1417 = CARTESIAN_POINT ( 'NONE',  ( -336.6831688105522744, -3.772504585853704295, -285.1427470648641247 ) ) ;
#1418 = DIRECTION ( 'NONE',  ( 0.000000000000000000, 0.000000000000000000, 1.000000000000000000 ) ) ;
#1419 = AXIS2_PLACEMENT_3D ( 'NONE', #1774, #1324, #297 ) ;
#1420 = CARTESIAN_POINT ( 'NONE',  ( -417.6283289429137540, 4.762814479724744032, -298.2536113549479637 ) ) ;
#1421 = ORIENTED_EDGE ( 'NONE', *, *, #891, .F. ) ;
#1422 = PRODUCT_DEFINITION_FORMATION_WITH_SPECIFIED_SOURCE ( 'ANY', '', #1441, .NOT_KNOWN. ) ;
#1423 = CARTESIAN_POINT ( 'NONE',  ( -577.3014530443217609, 2.054415970308547834, -298.2536113549479637 ) ) ;
#1424 = DIRECTION ( 'NONE',  ( 0.000000000000000000, 0.000000000000000000, 1.000000000000000000 ) ) ;
#1425 = DIRECTION ( 'NONE',  ( -0.000000000000000000, 1.000000000000000000, 0.000000000000000000 ) ) ;
#1426 = EDGE_CURVE ( 'NONE', #1147, #341, #331, .T. ) ;
#1427 = CARTESIAN_POINT ( 'NONE',  ( -595.7799143269008937, 6.000000000000000000, 0.000000000000000000 ) ) ;
#1428 = CIRCLE ( 'NONE', #915, 18.55000000000001137 ) ;
#1429 = LINE ( 'NONE', #426, #1344 ) ;
#1430 = FACE_OUTER_BOUND ( 'NONE', #1470, .T. ) ;
#1431 = LINE ( 'NONE', #559, #1530 ) ;
#1432 = APPLICATION_CONTEXT ( 'automotive_design' ) ;
#1433 = ORIENTED_EDGE ( 'NONE', *, *, #444, .T. ) ;
#1434 = PRODUCT_RELATED_PRODUCT_CATEGORY ( 'part', '', ( #1441 ) ) ;
#1435 = CARTESIAN_POINT ( 'NONE',  ( -574.9895678869713720, 5.999999999999963585, -290.2659080040008348 ) ) ;
#1436 = DIRECTION ( 'NONE',  ( 1.000000000000000000, 0.000000000000000000, 0.000000000000000000 ) ) ;
#1437 = CARTESIAN_POINT ( 'NONE',  ( -493.0347124767643550, -3.700000000000000178, -257.9873723300535744 ) ) ;
#1438 = DIRECTION ( 'NONE',  ( 0.000000000000000000, 0.000000000000000000, 1.000000000000000000 ) ) ;
#1439 = AXIS2_PLACEMENT_3D ( 'NONE', #1675, #544, #1242 ) ;
#1440 = ADVANCED_FACE ( 'NONE', ( #637 ), #224, .F. ) ;
#1441 = PRODUCT ( 'EDM FACEPLATE', 'EDM FACEPLATE', '', ( #673 ) ) ;
#1442 = VERTEX_POINT ( 'NONE', #1212 ) ;
#1443 = CARTESIAN_POINT ( 'NONE',  ( -601.9647913464916655, -2.888888888662410448, -276.6077255742628154 ) ) ;
#1444 = AXIS2_PLACEMENT_3D ( 'NONE', #1055, #1080, #1667 ) ;
#1445 = DIRECTION ( 'NONE',  ( 1.000000000000000000, 0.000000000000000000, 0.000000000000000000 ) ) ;
#1446 = CIRCLE ( 'NONE', #1386, 18.55000000000001137 ) ;
#1447 = AXIS2_PLACEMENT_3D ( 'NONE', #38, #1047, #1175 ) ;
#1448 = DIRECTION ( 'NONE',  ( 0.000000000000000000, 0.000000000000000000, 1.000000000000000000 ) ) ;
#1449 = CARTESIAN_POINT ( 'NONE',  ( -358.2543955847620509, 5.989239008509010809, -291.9144372373429519 ) ) ;
#1450 = ORIENTED_EDGE ( 'NONE', *, *, #864, .F. ) ;
#1451 = DIRECTION ( 'NONE',  ( 0.000000000000000000, 0.000000000000000000, 1.000000000000000000 ) ) ;
#1452 = CARTESIAN_POINT ( 'NONE',  ( -351.3463930365771830, -0.8370021373400942100, -298.1280044283553821 ) ) ;
#1453 = DIRECTION ( 'NONE',  ( 0.000000000000000000, 1.000000000000000000, 0.000000000000000000 ) ) ;
#1454 = ORIENTED_EDGE ( 'NONE', *, *, #557, .F. ) ;
#1455 = CARTESIAN_POINT ( 'NONE',  ( -599.3629194333911983, -2.888888888868700100, -280.3099160965738292 ) ) ;
#1456 = ORIENTED_EDGE ( 'NONE', *, *, #1294, .T. ) ;
#1457 = CARTESIAN_POINT ( 'NONE',  ( -310.9710487390173625, -0.5000000000000000000, -297.7536113549479637 ) ) ;
#1458 = CARTESIAN_POINT ( 'NONE',  ( -594.9900775842572784, -3.640506113118999743, -285.2036113549496577 ) ) ;
#1459 = EDGE_CURVE ( 'NONE', #870, #1783, #1163, .T. ) ;
#1460 = FACE_OUTER_BOUND ( 'NONE', #1051, .T. ) ;
#1461 = ORIENTED_EDGE ( 'NONE', *, *, #954, .F. ) ;
#1462 = AXIS2_PLACEMENT_3D ( 'NONE', #1213, #1797, #353 ) ;
#1463 = DIRECTION ( 'NONE',  ( 0.000000000000000000, 0.000000000000000000, -1.000000000000000000 ) ) ;
#1464 = UNCERTAINTY_MEASURE_WITH_UNIT (LENGTH_MEASURE( 1.000000000000000082E-05 ), #1075, 'distance_accuracy_value', 'NONE');
#1465 = CARTESIAN_POINT ( 'NONE',  ( -350.2498397909416781, 5.999999999999952927, -285.3154062033166269 ) ) ;
#1466 = CARTESIAN_POINT ( 'NONE',  ( -605.5902116406845153, -3.500000000000000000, -185.4036113549479978 ) ) ;
#1467 = ORIENTED_EDGE ( 'NONE', *, *, #231, .T. ) ;
#1468 = CIRCLE ( 'NONE', #1554, 18.85000000000000497 ) ;
#1469 = CARTESIAN_POINT ( 'NONE',  ( -567.2717856660359530, 5.999999999996859401, -305.0043693689361817 ) ) ;
#1470 = EDGE_LOOP ( 'NONE', ( #233, #632, #479, #958 ) ) ;
#1471 = CARTESIAN_POINT ( 'NONE',  ( -594.6358933065154133, -3.951601577660417863, -284.9540543476724110 ) ) ;
#1472 = DIRECTION ( 'NONE',  ( 0.000000000000000000, 0.000000000000000000, -1.000000000000000000 ) ) ;
#1473 = ORIENTED_EDGE ( 'NONE', *, *, #568, .T. ) ;
#1474 = EDGE_CURVE ( 'NONE', #340, #374, #982, .T. ) ;
#1475 = CARTESIAN_POINT ( 'NONE',  ( -465.6939668186149675, -1.000000000000000000, -291.2536113549479637 ) ) ;
#1476 = CARTESIAN_POINT ( 'NONE',  ( -310.9710487390173625, 6.000000000000000000, -298.2536113549479637 ) ) ;
#1477 = CARTESIAN_POINT ( 'NONE',  ( -603.4445607293488365, -4.000000000000000000, -272.2193792518151554 ) ) ;
#1478 = EDGE_CURVE ( 'NONE', #428, #1353, #657, .T. ) ;
#1479 = ORIENTED_EDGE ( 'NONE', *, *, #1296, .F. ) ;
#1480 = CARTESIAN_POINT ( 'NONE',  ( -590.3613776370907544, -2.888888888839267199, -290.5603403345278934 ) ) ;
#1481 = CARTESIAN_POINT ( 'NONE',  ( -310.9710487390173625, -1.000000000000000000, -285.2036113549480092 ) ) ;
#1482 = CIRCLE ( 'NONE', #664, 0.3000000000000224709 ) ;
#1483 = LINE ( 'NONE', #1326, #147 ) ;
#1484 = AXIS2_PLACEMENT_3D ( 'NONE', #658, #1501, #369 ) ;
#1485 = DIRECTION ( 'NONE',  ( 0.000000000000000000, 0.000000000000000000, -1.000000000000000000 ) ) ;
#1486 = DIRECTION ( 'NONE',  ( 0.000000000000000000, 0.000000000000000000, 1.000000000000000000 ) ) ;
#1487 = LINE ( 'NONE', #1186, #634 ) ;
#1488 = CARTESIAN_POINT ( 'NONE',  ( -336.2405223127314571, 2.000000000000000000, -178.8536113549479580 ) ) ;
#1489 = ORIENTED_EDGE ( 'NONE', *, *, #1459, .F. ) ;
#1490 = ORIENTED_EDGE ( 'NONE', *, *, #981, .T. ) ;
#1491 = DIRECTION ( 'NONE',  ( -1.000000000000000000, 0.000000000000000000, 0.000000000000000000 ) ) ;
#1492 = CARTESIAN_POINT ( 'NONE',  ( -604.2961881073986206, -2.888888888888887507, -272.7316146761502296 ) ) ;
#1493 = ORIENTED_EDGE ( 'NONE', *, *, #36, .F. ) ;
#1494 = CARTESIAN_POINT ( 'NONE',  ( -336.4621255249062415, -3.500000000000000000, -285.2036113549480092 ) ) ;
#1495 = PRODUCT_DEFINITION_SHAPE ( 'NONE', 'NONE',  #427 ) ;
#1496 = EDGE_CURVE ( 'NONE', #1073, #909, #1835, .T. ) ;
#1497 = CARTESIAN_POINT ( 'NONE',  ( -366.6870291612326582, -1.000000000000014655, -297.7536113549479637 ) ) ;
#1498 = CIRCLE ( 'NONE', #373, 10.00000000000000888 ) ;
#1499 = VERTEX_POINT ( 'NONE', #792 ) ;
#1500 = ORIENTED_EDGE ( 'NONE', *, *, #1103, .F. ) ;
#1501 = DIRECTION ( 'NONE',  ( 0.000000000000000000, 1.000000000000000000, -0.000000000000000000 ) ) ;
#1502 = DIRECTION ( 'NONE',  ( 0.000000000000000000, 0.000000000000000000, -1.000000000000000000 ) ) ;
#1503 = EDGE_CURVE ( 'NONE', #1709, #967, #1235, .T. ) ;
#1504 = CARTESIAN_POINT ( 'NONE',  ( -337.2492879513547450, -4.000000000000000000, -284.7882490621193483 ) ) ;
#1505 = B_SPLINE_CURVE_WITH_KNOTS ( 'NONE', 3,
 ( #1328, #187, #448, #1340, #904, #1494 ),
 .UNSPECIFIED., .F., .F.,
 ( 4, 2, 4 ),
 ( 7.199102425303749442E-17, 0.0003239685300426960396, 0.0006479370600853200882 ),
 .UNSPECIFIED. ) ;
#1506 = DIRECTION ( 'NONE',  ( 0.000000000000000000, -0.000000000000000000, -1.000000000000000000 ) ) ;
#1507 = ORIENTED_EDGE ( 'NONE', *, *, #1291, .T. ) ;
#1508 = SPHERICAL_SURFACE ( 'NONE', #1099, 10.00000000000000000 ) ;
#1509 = ORIENTED_EDGE ( 'NONE', *, *, #1459, .T. ) ;
#1510 = CARTESIAN_POINT ( 'NONE',  ( -326.2405223127314571, -1.000000000000000000, -172.7174891153668739 ) ) ;
#1511 = DIRECTION ( 'NONE',  ( 0.000000000000000000, 1.000000000000000000, -0.000000000000000000 ) ) ;
#1512 = CARTESIAN_POINT ( 'NONE',  ( -366.6640777652190195, -0.9419143942034026162, -298.0214412537734461 ) ) ;
#1513 = AXIS2_PLACEMENT_3D ( 'NONE', #672, #972, #1123 ) ;
#1514 = ADVANCED_FACE ( 'NONE', ( #54 ), #64, .T. ) ;
#1515 = EDGE_CURVE ( 'NONE', #1081, #1783, #920, .T. ) ;
#1516 = ORIENTED_EDGE ( 'NONE', *, *, #1220, .F. ) ;
#1517 = ORIENTED_EDGE ( 'NONE', *, *, #434, .T. ) ;
#1518 = ADVANCED_FACE ( 'NONE', ( #1202 ), #495, .T. ) ;
#1519 = CARTESIAN_POINT ( 'NONE',  ( -310.9710487390173625, -0.5000000000000004441, -172.3536113549479865 ) ) ;
#1520 = CARTESIAN_POINT ( 'NONE',  ( -605.7179942269000321, -2.888888888888888840, -267.6092604327997151 ) ) ;
#1521 = LINE ( 'NONE', #1662, #1732 ) ;
#1522 =( NAMED_UNIT ( * ) SI_UNIT ( $, .STERADIAN. ) SOLID_ANGLE_UNIT ( ) );
#1523 = AXIS2_PLACEMENT_3D ( 'NONE', #1678, #951, #823 ) ;
#1524 = ORIENTED_EDGE ( 'NONE', *, *, #877, .T. ) ;
#1525 = ORIENTED_EDGE ( 'NONE', *, *, #60, .F. ) ;
#1526 = CARTESIAN_POINT ( 'NONE',  ( -465.6939668186149675, 2.000000000000000000, -296.4286113549479751 ) ) ;
#1527 = FACE_OUTER_BOUND ( 'NONE', #1101, .T. ) ;
#1528 = DIRECTION ( 'NONE',  ( 0.000000000000000000, 0.000000000000000000, 1.000000000000000000 ) ) ;
#1529 = ORIENTED_EDGE ( 'NONE', *, *, #22, .T. ) ;
#1530 = VECTOR ( 'NONE', #879, 1000.000000000000000 ) ;
#1531 = VERTEX_POINT ( 'NONE', #1526 ) ;
#1532 = DIRECTION ( 'NONE',  ( -1.000000000000000000, 0.000000000000000000, 0.000000000000000000 ) ) ;
#1533 = B_SPLINE_CURVE_WITH_KNOTS ( 'NONE', 3,
 ( #1008, #164, #582, #1598, #299, #32 ),
 .UNSPECIFIED., .F., .F.,
 ( 4, 2, 4 ),
 ( 0.000000000000000000, 0.007711302506377823093, 0.01542260501275564619 ),
 .UNSPECIFIED. ) ;
#1534 = DIRECTION ( 'NONE',  ( 0.000000000000000000, 0.000000000000000000, -1.000000000000000000 ) ) ;
#1535 = DIRECTION ( 'NONE',  ( 0.000000000000000000, 1.000000000000000000, -0.000000000000000000 ) ) ;
#1536 = DIRECTION ( 'NONE',  ( 1.000000000000000000, 0.000000000000000000, 0.000000000000000000 ) ) ;
#1537 = DIRECTION ( 'NONE',  ( 0.000000000000000000, 1.000000000000000000, -0.000000000000000000 ) ) ;
#1538 = CIRCLE ( 'NONE', #419, 18.84999999999989484 ) ;
#1539 = ORIENTED_EDGE ( 'NONE', *, *, #772, .T. ) ;
#1540 = VECTOR ( 'NONE', #966, 1000.000000000000000 ) ;
#1541 = ORIENTED_EDGE ( 'NONE', *, *, #1174, .T. ) ;
#1542 = FACE_BOUND ( 'NONE', #1794, .T. ) ;
#1543 = DIRECTION ( 'NONE',  ( 0.8569335189686337895, 0.000000000000000000, -0.5154269531835078411 ) ) ;
#1544 = EDGE_CURVE ( 'NONE', #1401, #1836, #1845, .T. ) ;
#1545 = CARTESIAN_POINT ( 'NONE',  ( -417.1945357392362439, 4.508691798549250507, -298.2536113549479637 ) ) ;
#1546 = CARTESIAN_POINT ( 'NONE',  ( -351.5681033035589849, 5.999999999969676701, -297.6473788204737048 ) ) ;
#1547 = VERTEX_POINT ( 'NONE', #342 ) ;
#1548 = CIRCLE ( 'NONE', #731, 0.2999999999999947153 ) ;
#1549 =( NAMED_UNIT ( * ) PLANE_ANGLE_UNIT ( ) SI_UNIT ( $, .RADIAN. ) );
#1550 = CARTESIAN_POINT ( 'NONE',  ( -604.7241862369000955, -3.000000000000000000, -185.4036113549479978 ) ) ;
#1551 = CARTESIAN_POINT ( 'NONE',  ( -336.5706509619484450, -3.641680930716805431, -285.2036113549466450 ) ) ;
#1552 = CARTESIAN_POINT ( 'NONE',  ( -336.2405223127314571, -1.000000000000000000, -184.0286113549479126 ) ) ;
#1553 = EDGE_CURVE ( 'NONE', #219, #944, #386, .T. ) ;
#1554 = AXIS2_PLACEMENT_3D ( 'NONE', #114, #1535, #1424 ) ;
#1555 = ADVANCED_FACE ( 'NONE', ( #526 ), #293, .T. ) ;
#1556 = DIRECTION ( 'NONE',  ( -0.8569335189686357879, 0.000000000000000000, -0.5154269531835047324 ) ) ;
#1557 = CARTESIAN_POINT ( 'NONE',  ( -329.9741575118290484, 6.000000000309022141, -275.3099137811828996 ) ) ;
#1558 = ORIENTED_EDGE ( 'NONE', *, *, #1393, .T. ) ;
#1559 = CARTESIAN_POINT ( 'NONE',  ( -605.5902116406845153, -3.500000000000000000, -185.4036113549479978 ) ) ;
#1560 = CARTESIAN_POINT ( 'NONE',  ( -336.2405223127314571, 2.000000000000000000, -184.0286113549479126 ) ) ;
#1561 = CARTESIAN_POINT ( 'NONE',  ( -360.5088322994105283, 4.821380995508453893, -298.2536113549479069 ) ) ;
#1562 = CARTESIAN_POINT ( 'NONE',  ( -335.7799143269008937, 6.000000000000000000, 0.000000000000000000 ) ) ;
#1563 = CARTESIAN_POINT ( 'NONE',  ( -415.2329095109490140, 2.916813938377552429, -298.2536113549479069 ) ) ;
#1564 = VERTEX_POINT ( 'NONE', #262 ) ;
#1565 = CARTESIAN_POINT ( 'NONE',  ( -600.7615930810386544, -4.000000000000000000, -276.6800014497484881 ) ) ;
#1566 = ORIENTED_EDGE ( 'NONE', *, *, #1478, .T. ) ;
#1567 = AXIS2_PLACEMENT_3D ( 'NONE', #1021, #1764, #1145 ) ;
#1568 = DIRECTION ( 'NONE',  ( 0.000000000000000000, -0.000000000000000000, -1.000000000000000000 ) ) ;
#1569 = EDGE_CURVE ( 'NONE', #192, #321, #704, .T. ) ;
#1570 = DIRECTION ( 'NONE',  ( 0.000000000000000000, 1.000000000000000000, 0.000000000000000000 ) ) ;
#1571 = CARTESIAN_POINT ( 'NONE',  ( -356.9132162950726297, 3.561700302997415246, -298.2536113549479069 ) ) ;
#1572 = CARTESIAN_POINT ( 'NONE',  ( -493.0347124767643550, -4.000000000000000000, -239.4373723300536767 ) ) ;
#1573 = CARTESIAN_POINT ( 'NONE',  ( -581.2799143269010074, -3.700000000000000178, -191.2536113549479637 ) ) ;
#1574 = ORIENTED_EDGE ( 'NONE', *, *, #348, .T. ) ;
#1575 = CARTESIAN_POINT ( 'NONE',  ( -572.4584037483390375, 4.399110233408574544, -298.2536113549479637 ) ) ;
#1576 = CARTESIAN_POINT ( 'NONE',  ( -563.7935425543878409, 6.000000000000000888, -296.7464236349254065 ) ) ;
#1577 = CARTESIAN_POINT ( 'NONE',  ( -605.7179942269000321, -2.888888888888886175, 0.000000000000000000 ) ) ;
#1578 = FACE_OUTER_BOUND ( 'NONE', #1829, .T. ) ;
#1579 = AXIS2_PLACEMENT_3D ( 'NONE', #12, #748, #1755 ) ;
#1580 = DIRECTION ( 'NONE',  ( -1.000000000000000000, -0.000000000000000000, -0.000000000000000000 ) ) ;
#1581 = CARTESIAN_POINT ( 'NONE',  ( -402.3928805127287092, -3.700000000000000178, -258.9678609108983096 ) ) ;
#1582 = ORIENTED_EDGE ( 'NONE', *, *, #303, .F. ) ;
#1583 = CARTESIAN_POINT ( 'NONE',  ( -601.1374103492526046, 6.000000000304949843, -276.0551788381794154 ) ) ;
#1584 = DIRECTION ( 'NONE',  ( -0.000000000000000000, -0.000000000000000000, 1.000000000000000000 ) ) ;
#1585 = EDGE_CURVE ( 'NONE', #899, #1531, #214, .T. ) ;
#1586 = CARTESIAN_POINT ( 'NONE',  ( -358.9885085094715578, 5.894632391671372318, -293.5956501000463277 ) ) ;
#1587 = ORIENTED_EDGE ( 'NONE', *, *, #1656, .T. ) ;
#1588 = MANIFOLD_SOLID_BREP ( 'Cut-Extrude2', #250 ) ;
#1589 = CARTESIAN_POINT ( 'NONE',  ( -364.7281947404928246, 2.522254801234182331, -298.2536113549480206 ) ) ;
#1590 = CARTESIAN_POINT ( 'NONE',  ( -350.7214777926315605, -1.000000000000000000, -297.7536113549479637 ) ) ;
#1591 = CARTESIAN_POINT ( 'NONE',  ( -581.2799143269010074, 0.000000000000000000, -191.2536113549479637 ) ) ;
#1592 = EDGE_CURVE ( 'NONE', #1211, #591, #1126, .T. ) ;
#1593 = ORIENTED_EDGE ( 'NONE', *, *, #1726, .T. ) ;
#1594 = AXIS2_PLACEMENT_3D ( 'NONE', #51, #1333, #476 ) ;
#1595 = CARTESIAN_POINT ( 'NONE',  ( -589.6709625966551584, 6.000000000075494277, -289.8431857658137005 ) ) ;
#1596 = VECTOR ( 'NONE', #1273, 1000.000000000000000 ) ;
#1597 = ORIENTED_EDGE ( 'NONE', *, *, #1639, .F. ) ;
#1598 = CARTESIAN_POINT ( 'NONE',  ( -333.0097471442242067, -2.888888888888893725, -281.2461536842873215 ) ) ;
#1599 = CARTESIAN_POINT ( 'NONE',  ( -328.1152679244530646, -4.000000000000000000, -272.2193792518151554 ) ) ;
#1600 = VERTEX_POINT ( 'NONE', #112 ) ;
#1601 = CARTESIAN_POINT ( 'NONE',  ( -366.5086467134219106, -0.5000000000000004441, -298.2536113549479637 ) ) ;
#1602 = CARTESIAN_POINT ( 'NONE',  ( -336.6170027900110995, 5.999999999991670663, -284.0660178964809575 ) ) ;
#1603 = CARTESIAN_POINT ( 'NONE',  ( -604.8038412493774558, -4.000000000000001776, -185.8472869430869991 ) ) ;
#1604 = VERTEX_POINT ( 'NONE', #1559 ) ;
#1605 = CARTESIAN_POINT ( 'NONE',  ( -563.4769976753798346, -2.888888888898143215, -307.5903896501235408 ) ) ;
#1606 = AXIS2_PLACEMENT_3D ( 'NONE', #1781, #347, #1486 ) ;
#1607 = CARTESIAN_POINT ( 'NONE',  ( -310.9710487390173625, -1.000000000000000000, -285.2036113549480092 ) ) ;
#1608 = CARTESIAN_POINT ( 'NONE',  ( -335.7799143269008368, 6.000000000000000000, -172.3536113549479865 ) ) ;
#1609 = ORIENTED_EDGE ( 'NONE', *, *, #1231, .F. ) ;
#1610 = AXIS2_PLACEMENT_3D ( 'NONE', #225, #370, #81 ) ;
#1611 = CYLINDRICAL_SURFACE ( 'NONE', #199, 5.174999999999984723 ) ;
#1612 = ADVANCED_FACE ( 'NONE', ( #1542, #533, #1390 ), #1104, .T. ) ;
#1613 = B_SPLINE_CURVE_WITH_KNOTS ( 'NONE', 3,
 ( #313, #469, #1471, #445, #1458, #9 ),
 .UNSPECIFIED., .F., .F.,
 ( 4, 2, 4 ),
 ( -7.689835370524867171E-06, 0.0005206530727421195557, 0.001048995980854763345 ),
 .UNSPECIFIED. ) ;
#1614 = FACE_OUTER_BOUND ( 'NONE', #1003, .T. ) ;
#1615 = CARTESIAN_POINT ( 'NONE',  ( 0.000000000000000000, 0.000000000000000000, 0.000000000000000000 ) ) ;
#1616 = ORIENTED_EDGE ( 'NONE', *, *, #156, .T. ) ;
#1617 = DIRECTION ( 'NONE',  ( 1.000000000000000000, 0.000000000000000000, 0.000000000000000000 ) ) ;
#1618 = CARTESIAN_POINT ( 'NONE',  ( -493.0347124767643550, -3.700000000000000178, -239.4373723300536767 ) ) ;
#1619 = CARTESIAN_POINT ( 'NONE',  ( -358.4497022957339141, 5.973258875374911625, -292.3767031256386417 ) ) ;
#1620 = CARTESIAN_POINT ( 'NONE',  ( -365.5018018069984578, 1.495554492867483098, -298.2536113549479069 ) ) ;
#1621 = COLOUR_RGB ( '',0.7921568627450980005, 0.8196078431372548767, 0.9333333333333333481 ) ;
#1622 =( NAMED_UNIT ( * ) PLANE_ANGLE_UNIT ( ) SI_UNIT ( $, .RADIAN. ) );
#1623 = DIRECTION ( 'NONE',  ( 0.000000000000000000, 0.000000000000000000, 1.000000000000000000 ) ) ;
#1624 = B_SPLINE_CURVE_WITH_KNOTS ( 'NONE', 3,
 ( #408, #835, #126, #700, #1452, #1026, #969, #26, #1850, #1590 ),
 .UNSPECIFIED., .F., .F.,
 ( 4, 2, 2, 2, 4 ),
 ( 6.722053469410127491E-18, 0.0003216433271256361869, 0.0006432866542512656518, 0.0009649299813768951167, 0.001286573308502524582 ),
 .UNSPECIFIED. ) ;
#1625 = ORIENTED_EDGE ( 'NONE', *, *, #940, .T. ) ;
#1626 = ORIENTED_EDGE ( 'NONE', *, *, #654, .F. ) ;
#1627 = DIRECTION ( 'NONE',  ( 0.000000000000000000, 1.000000000000000000, -0.000000000000000000 ) ) ;
#1628 = ADVANCED_FACE ( 'NONE', ( #1086 ), #269, .T. ) ;
#1629 = DIRECTION ( 'NONE',  ( 0.000000000000000000, -1.000000000000000000, 0.000000000000000000 ) ) ;
#1630 = VECTOR ( 'NONE', #127, 1000.000000000000000 ) ;
#1631 = ORIENTED_EDGE ( 'NONE', *, *, #1426, .T. ) ;
#1632 = AXIS2_PLACEMENT_3D ( 'NONE', #1758, #853, #2 ) ;
#1633 = DIRECTION ( 'NONE',  ( 0.000000000000000000, -1.000000000000000000, 0.000000000000000000 ) ) ;
#1634 = APPLICATION_CONTEXT ( 'automotive_design' ) ;
#1635 = CARTESIAN_POINT ( 'NONE',  ( -363.6922696584267669, 5.999999999999954703, -294.5939825322606112 ) ) ;
#1636 = DIRECTION ( 'NONE',  ( 0.000000000000000000, 0.000000000000000000, -1.000000000000000000 ) ) ;
#1637 = ORIENTED_EDGE ( 'NONE', *, *, #367, .F. ) ;
#1638 = FACE_OUTER_BOUND ( 'NONE', #1323, .T. ) ;
#1639 = EDGE_CURVE ( 'NONE', #1295, #944, #1261, .T. ) ;
#1640 = ORIENTED_EDGE ( 'NONE', *, *, #1174, .F. ) ;
#1641 = CARTESIAN_POINT ( 'NONE',  ( -326.2888650877099508, -3.841657587592088863, -185.5332164850778724 ) ) ;
#1642 = EDGE_CURVE ( 'NONE', #428, #1442, #1840, .T. ) ;
#1643 = LINE ( 'NONE', #776, #1800 ) ;
#1644 = FACE_OUTER_BOUND ( 'NONE', #1312, .T. ) ;
#1645 = EDGE_CURVE ( 'NONE', #1353, #103, #226, .T. ) ;
#1646 = CARTESIAN_POINT ( 'NONE',  ( -358.9739101971141508, -2.888888888904543872, -303.3405542087885465 ) ) ;
#1647 = EDGE_LOOP ( 'NONE', ( #1640, #1289, #855, #344 ) ) ;
#1648 = ORIENTED_EDGE ( 'NONE', *, *, #1092, .T. ) ;
#1649 = AXIS2_PLACEMENT_3D ( 'NONE', #206, #1813, #935 ) ;
#1650 = LINE ( 'NONE', #360, #782 ) ;
#1651 = ADVANCED_FACE ( 'NONE', ( #708 ), #1040, .T. ) ;
#1652 = CARTESIAN_POINT ( 'NONE',  ( -413.1050320800204076, -0.5000000000000004441, -298.2536113549479637 ) ) ;
#1653 = PLANE ( 'NONE',  #105 ) ;
#1654 = ADVANCED_FACE ( 'NONE', ( #467 ), #790, .T. ) ;
#1655 = FACE_OUTER_BOUND ( 'NONE', #1647, .T. ) ;
#1656 = EDGE_CURVE ( 'NONE', #405, #253, #1431, .T. ) ;
#1657 = ORIENTED_EDGE ( 'NONE', *, *, #1496, .T. ) ;
#1658 = ORIENTED_EDGE ( 'NONE', *, *, #160, .T. ) ;
#1659 = EDGE_CURVE ( 'NONE', #1666, #820, #232, .T. ) ;
#1660 = CARTESIAN_POINT ( 'NONE',  ( -326.5157725640034414, -3.962857750178710781, -185.6767815283427581 ) ) ;
#1661 = CARTESIAN_POINT ( 'NONE',  ( -336.2405223127314571, -1.000000000000000000, -178.8536113549479580 ) ) ;
#1662 = CARTESIAN_POINT ( 'NONE',  ( -581.2799143269010074, -4.000000000000000000, -191.2536113549479637 ) ) ;
#1663 = AXIS2_PLACEMENT_3D ( 'NONE', #1550, #822, #106 ) ;
#1664 = AXIS2_PLACEMENT_3D ( 'NONE', #1405, #952, #1253 ) ;
#1665 = ORIENTED_EDGE ( 'NONE', *, *, #891, .T. ) ;
#1666 = VERTEX_POINT ( 'NONE', #611 ) ;
#1667 = DIRECTION ( 'NONE',  ( -1.000000000000000000, 0.000000000000000000, 0.000000000000000000 ) ) ;
#1668 = EDGE_CURVE ( 'NONE', #154, #1381, #140, .T. ) ;
#1669 = EDGE_LOOP ( 'NONE', ( #585, #1085, #1507, #1500 ) ) ;
#1670 = B_SPLINE_CURVE_WITH_KNOTS ( 'NONE', 3,
 ( #614, #1576, #276, #848, #1435, #1873, #1285, #571, #1729, #722, #1299 ),
 .UNSPECIFIED., .F., .F.,
 ( 4, 2, 1, 2, 2, 4 ),
 ( 0.000000000000000000, 0.01194031673846987669, 0.01791047510770471529, 0.02089555429232221873, 0.02388063347693972563, 0.04776126695388019372 ),
 .UNSPECIFIED. ) ;
#1671 = CARTESIAN_POINT ( 'NONE',  ( -349.3132903410647145, 5.999999999999950262, -284.6487062099390073 ) ) ;
#1672 = ORIENTED_EDGE ( 'NONE', *, *, #1094, .T. ) ;
#1673 = VECTOR ( 'NONE', #474, 1000.000000000000000 ) ;
#1674 = ORIENTED_EDGE ( 'NONE', *, *, #931, .F. ) ;
#1675 = CARTESIAN_POINT ( 'NONE',  ( -389.8068393967211591, 6.000000000000000000, -298.3036113549480319 ) ) ;
#1676 = CARTESIAN_POINT ( 'NONE',  ( -413.1050320800204076, -0.5000000000000004441, -298.2536113549479637 ) ) ;
#1677 = DIRECTION ( 'NONE',  ( 0.000000000000000000, -1.000000000000000000, 0.000000000000000000 ) ) ;
#1678 = CARTESIAN_POINT ( 'NONE',  ( 0.000000000000000000, 0.000000000000000000, 0.000000000000000000 ) ) ;
#1679 = B_SPLINE_CURVE_WITH_KNOTS ( 'NONE', 3,
 ( #983, #263, #1854, #1107 ),
 .UNSPECIFIED., .F., .F.,
 ( 4, 4 ),
 ( 7.850462293418875834E-17, 0.01542526678525970966 ),
 .UNSPECIFIED. ) ;
#1680 = DIRECTION ( 'NONE',  ( 0.000000000000000000, 0.000000000000000000, -1.000000000000000000 ) ) ;
#1681 = EDGE_LOOP ( 'NONE', ( #703, #228, #1838, #1077 ) ) ;
#1682 = MECHANICAL_DESIGN_GEOMETRIC_PRESENTATION_REPRESENTATION (  '', ( #802 ), #57 ) ;
#1683 = ORIENTED_EDGE ( 'NONE', *, *, #981, .F. ) ;
#1684 = EDGE_CURVE ( 'NONE', #549, #1857, #380, .T. ) ;
#1685 = CARTESIAN_POINT ( 'NONE',  ( -328.1152679244530646, -3.000000000000000444, -272.2193792518151554 ) ) ;
#1686 = ADVANCED_FACE ( 'NONE', ( #1855 ), #843, .T. ) ;
#1687 = CARTESIAN_POINT ( 'NONE',  ( -336.2405223127314571, 2.000000000000000000, -178.8536113549479580 ) ) ;
#1688 = AXIS2_PLACEMENT_3D ( 'NONE', #399, #1398, #527 ) ;
#1689 = AXIS2_PLACEMENT_3D ( 'NONE', #598, #473, #760 ) ;
#1690 = CARTESIAN_POINT ( 'NONE',  ( -344.3096192830543032, 6.000000000030333069, -292.0150227422045646 ) ) ;
#1691 = ORIENTED_EDGE ( 'NONE', *, *, #1231, .T. ) ;
#1692 = CARTESIAN_POINT ( 'NONE',  ( -336.2405223127314571, 2.000000000000000000, -173.6786113549480035 ) ) ;
#1693 = EDGE_CURVE ( 'NONE', #62, #350, #984, .T. ) ;
#1694 = CARTESIAN_POINT ( 'NONE',  ( -594.9928459855342453, -1.609658564180209472, -285.2036113549480092 ) ) ;
#1695 = CARTESIAN_POINT ( 'NONE',  ( -336.4621255249062415, -3.500000000000000000, -285.2036113549480092 ) ) ;
#1696 = DIRECTION ( 'NONE',  ( -0.000000000000000000, -1.000000000000000000, 0.000000000000000000 ) ) ;
#1697 = EDGE_CURVE ( 'NONE', #1143, #1709, #1415, .T. ) ;
#1698 = PLANE ( 'NONE',  #1272 ) ;
#1699 = ORIENTED_EDGE ( 'NONE', *, *, #345, .F. ) ;
#1700 = CARTESIAN_POINT ( 'NONE',  ( -343.6495947821883306, -2.888888888880827288, -292.7594245798472343 ) ) ;
#1701 = EDGE_LOOP ( 'NONE', ( #1371, #1748, #1631, #1373 ) ) ;
#1702 = VECTOR ( 'NONE', #1056, 1000.000000000000000 ) ;
#1703 = CARTESIAN_POINT ( 'NONE',  ( -579.8221842076409303, -0.5000000000000004441, -298.2536113549479637 ) ) ;
#1704 = DIRECTION ( 'NONE',  ( 0.000000000000000000, 0.000000000000000000, 1.000000000000000000 ) ) ;
#1705 = DIRECTION ( 'NONE',  ( 1.000000000000000000, 0.000000000000000000, 0.000000000000000000 ) ) ;
#1706 = DIRECTION ( 'NONE',  ( 0.000000000000000000, -1.000000000000000000, 0.000000000000000000 ) ) ;
#1707 = AXIS2_PLACEMENT_3D ( 'NONE', #639, #913, #1229 ) ;
#1708 = DIRECTION ( 'NONE',  ( 0.000000000000000000, 0.000000000000000000, 1.000000000000000000 ) ) ;
#1709 = VERTEX_POINT ( 'NONE', #991 ) ;
#1710 = CARTESIAN_POINT ( 'NONE',  ( -342.3537783126907925, 5.999999999999994671, -276.9842179980797710 ) ) ;
#1711 = EDGE_LOOP ( 'NONE', ( #1200, #131, #84, #358 ) ) ;
#1712 = EDGE_CURVE ( 'NONE', #62, #1564, #1113, .T. ) ;
#1713 = CARTESIAN_POINT ( 'NONE',  ( -389.8068393967211591, 6.000000000000000000, -265.6378680218826389 ) ) ;
#1714 = CARTESIAN_POINT ( 'NONE',  ( -408.8651217255408028, -1.000000000000014655, -285.2036113549480092 ) ) ;
#1715 = CARTESIAN_POINT ( 'NONE',  ( -310.9710487390173625, 6.000000000000000000, -172.3536113549479865 ) ) ;
#1716 = VERTEX_POINT ( 'NONE', #142 ) ;
#1717 = AXIS2_PLACEMENT_3D ( 'NONE', #107, #1254, #1418 ) ;
#1718 = CIRCLE ( 'NONE', #1513, 5.174999999999957190 ) ;
#1719 = CARTESIAN_POINT ( 'NONE',  ( -578.8237991316910893, 5.999999999999974243, -287.3293489847009710 ) ) ;
#1720 = ORIENTED_EDGE ( 'NONE', *, *, #285, .F. ) ;
#1721 = CARTESIAN_POINT ( 'NONE',  ( -581.2799143269010074, -3.700000000000000178, -190.9536113549479808 ) ) ;
#1722 = CARTESIAN_POINT ( 'NONE',  ( -595.7799143269008937, -4.000000000000000000, -267.6092604327997151 ) ) ;
#1723 = DIRECTION ( 'NONE',  ( 0.000000000000000000, 0.000000000000000000, 1.000000000000000000 ) ) ;
#1724 = LINE ( 'NONE', #1320, #562 ) ;
#1725 = ORIENTED_EDGE ( 'NONE', *, *, #201, .F. ) ;
#1726 = EDGE_CURVE ( 'NONE', #1709, #39, #1624, .T. ) ;
#1727 = CARTESIAN_POINT ( 'NONE',  ( -585.3298961988788278, 5.999999999981146637, -293.5624652005731718 ) ) ;
#1728 = EDGE_LOOP ( 'NONE', ( #1119, #1177 ) ) ;
#1729 = CARTESIAN_POINT ( 'NONE',  ( -586.6050684302066429, 6.000000000000015987, -280.6662796192886731 ) ) ;
#1730 = PLANE ( 'NONE',  #1105 ) ;
#1731 = VERTEX_POINT ( 'NONE', #694 ) ;
#1732 = VECTOR ( 'NONE', #1377, 1000.000000000000000 ) ;
#1733 = LINE ( 'NONE', #617, #275 ) ;
#1734 = EDGE_CURVE ( 'NONE', #870, #159, #597, .T. ) ;
#1735 = CIRCLE ( 'NONE', #349, 9.938079899999063826 ) ;
#1736 = CARTESIAN_POINT ( 'NONE',  ( -336.2405223127314571, 2.000000000000000000, -184.0286113549479126 ) ) ;
#1737 = ORIENTED_EDGE ( 'NONE', *, *, #511, .T. ) ;
#1738 = CARTESIAN_POINT ( 'NONE',  ( -560.0588357791871204, 6.000000000000000000, -298.2536113549479637 ) ) ;
#1739 = ORIENTED_EDGE ( 'NONE', *, *, #1478, .F. ) ;
#1740 = DIRECTION ( 'NONE',  ( 0.000000000000000000, -1.000000000000000000, 0.000000000000000000 ) ) ;
#1741 = CARTESIAN_POINT ( 'NONE',  ( -336.3887865554321479, -2.240301245934785523, -285.2036113549480092 ) ) ;
#1742 = CARTESIAN_POINT ( 'NONE',  ( -360.1435495100287767, 5.588657683681061528, -295.9751655046595147 ) ) ;
#1743 = EDGE_LOOP ( 'NONE', ( #234, #616, #1383, #1152, #1626 ) ) ;
#1744 = CARTESIAN_POINT ( 'NONE',  ( -335.7799143269008937, -4.000000000000000000, -172.3536113549479865 ) ) ;
#1745 = CARTESIAN_POINT ( 'NONE',  ( -345.6023788464635800, 5.999999999999994671, -280.7153906375704082 ) ) ;
#1746 = CARTESIAN_POINT ( 'NONE',  ( -581.2799143269010074, -4.000000000000000000, -228.6536113549479978 ) ) ;
#1747 = CARTESIAN_POINT ( 'NONE',  ( -598.6208812755578492, -4.000000000000000000, -281.5657447724048552 ) ) ;
#1748 = ORIENTED_EDGE ( 'NONE', *, *, #285, .T. ) ;
#1749 = CARTESIAN_POINT ( 'NONE',  ( -585.0682715043772077, -2.888888888927571674, -295.0619202071367226 ) ) ;
#1750 = CIRCLE ( 'NONE', #65, 10.00000000000000888 ) ;
#1751 = CARTESIAN_POINT ( 'NONE',  ( -605.3193063410706145, -1.000000000000000222, -172.7193279214385768 ) ) ;
#1752 = FACE_OUTER_BOUND ( 'NONE', #493, .T. ) ;
#1753 = DIRECTION ( 'NONE',  ( -1.000000000000000000, 0.000000000000000000, 0.000000000000000000 ) ) ;
#1754 = EDGE_CURVE ( 'NONE', #612, #774, #1258, .T. ) ;
#1755 = DIRECTION ( 'NONE',  ( -1.000000000000000000, 1.734723475976805517E-15, 0.000000000000000000 ) ) ;
#1756 = DIRECTION ( 'NONE',  ( 0.000000000000000000, -1.000000000000000000, 0.000000000000000000 ) ) ;
#1757 = FACE_OUTER_BOUND ( 'NONE', #1822, .T. ) ;
#1758 = CARTESIAN_POINT ( 'NONE',  ( -571.2205223127315321, 2.000000000000000000, -178.8536113549479865 ) ) ;
#1759 = CIRCLE ( 'NONE', #930, 18.54999999999990123 ) ;
#1760 = VERTEX_POINT ( 'NONE', #957 ) ;
#1761 = CARTESIAN_POINT ( 'NONE',  ( -560.9563064021149330, 5.999999999999980460, -298.2536113549480206 ) ) ;
#1762 = AXIS2_PLACEMENT_3D ( 'NONE', #379, #1230, #1833 ) ;
#1763 = ORIENTED_EDGE ( 'NONE', *, *, #1007, .T. ) ;
#1764 = DIRECTION ( 'NONE',  ( 0.000000000000000000, 1.000000000000000000, -0.000000000000000000 ) ) ;
#1765 = LINE ( 'NONE', #435, #1363 ) ;
#1766 = CARTESIAN_POINT ( 'NONE',  ( -465.6939668186149675, 2.000000000000000000, -286.0786113549480092 ) ) ;
#1767 = DIRECTION ( 'NONE',  ( 0.000000000000000000, -0.000000000000000000, 1.000000000000000000 ) ) ;
#1768 = DIRECTION ( 'NONE',  ( 1.000000000000000000, 0.000000000000000000, 0.000000000000000000 ) ) ;
#1769 = LINE ( 'NONE', #190, #1673 ) ;
#1770 = ADVANCED_FACE ( 'NONE', ( #13 ), #289, .F. ) ;
#1771 = ORIENTED_EDGE ( 'NONE', *, *, #1144, .F. ) ;
#1772 = DIRECTION ( 'NONE',  ( 0.000000000000000000, 1.000000000000000000, -0.000000000000000000 ) ) ;
#1773 = EDGE_LOOP ( 'NONE', ( #150, #1232, #454, #175 ) ) ;
#1774 = CARTESIAN_POINT ( 'NONE',  ( -604.7241862369000955, -3.000000000000000000, -267.6092604327997151 ) ) ;
#1775 = B_SPLINE_CURVE_WITH_KNOTS ( 'NONE', 3,
 ( #607, #575, #1149, #1001, #863, #787, #795, #1671, #628, #355 ),
 .UNSPECIFIED., .F., .F.,
 ( 4, 2, 2, 2, 4 ),
 ( 0.000000000000000000, 0.008181839315490550130, 0.01227275897323593969, 0.01636367863098133271, 0.03272735726196315115 ),
 .UNSPECIFIED. ) ;
#1776 = DIRECTION ( 'NONE',  ( -0.000000000000000000, -1.000000000000000000, -0.000000000000000000 ) ) ;
#1777 = DIRECTION ( 'NONE',  ( 0.000000000000000000, 1.000000000000000000, -0.000000000000000000 ) ) ;
#1778 = ORIENTED_EDGE ( 'NONE', *, *, #744, .T. ) ;
#1779 = CYLINDRICAL_SURFACE ( 'NONE', #766, 1.000000000000000888 ) ;
#1780 = AXIS2_PLACEMENT_3D ( 'NONE', #283, #1297, #6 ) ;
#1781 = CARTESIAN_POINT ( 'NONE',  ( -581.2799143269010074, -4.000000000000000000, -209.8036113549479751 ) ) ;
#1782 = ADVANCED_FACE ( 'NONE', ( #828 ), #463, .T. ) ;
#1783 = VERTEX_POINT ( 'NONE', #1828 ) ;
#1784 = ADVANCED_FACE ( 'NONE', ( #1614 ), #973, .T. ) ;
#1785 = ORIENTED_EDGE ( 'NONE', *, *, #1754, .T. ) ;
#1786 = CARTESIAN_POINT ( 'NONE',  ( -325.8418344269018689, -2.888888888888892392, -267.6092604327994309 ) ) ;
#1787 = CARTESIAN_POINT ( 'NONE',  ( -326.3652424249838191, -0.6262602213072849811, -172.3536113549479865 ) ) ;
#1788 = CIRCLE ( 'NONE', #330, 1.000000000000000888 ) ;
#1789 = DIRECTION ( 'NONE',  ( 0.8569335189686343446, 0.000000000000000000, -0.5154269531835071749 ) ) ;
#1790 = CIRCLE ( 'NONE', #241, 5.174999999999957190 ) ;
#1791 = CARTESIAN_POINT ( 'NONE',  ( -333.8266184954064215, -4.000000000000000000, -280.8823439352965465 ) ) ;
#1792 = CARTESIAN_POINT ( 'NONE',  ( 0.000000000000000000, 0.000000000000000000, 0.000000000000000000 ) ) ;
#1793 = EDGE_LOOP ( 'NONE', ( #111, #750, #684, #359 ) ) ;
#1794 = EDGE_LOOP ( 'NONE', ( #642, #456 ) ) ;
#1795 = DIRECTION ( 'NONE',  ( 0.000000000000000000, -1.000000000000000000, 0.000000000000000000 ) ) ;
#1796 = AXIS2_PLACEMENT_3D ( 'NONE', #1369, #895, #1185 ) ;
#1797 = DIRECTION ( 'NONE',  ( 1.000000000000000000, 0.000000000000000000, 1.224646799147353207E-16 ) ) ;
#1798 = FACE_OUTER_BOUND ( 'NONE', #1701, .T. ) ;
#1799 = DIRECTION ( 'NONE',  ( 0.000000000000000000, 1.000000000000000000, 0.000000000000000000 ) ) ;
#1800 = VECTOR ( 'NONE', #1357, 1000.000000000000000 ) ;
#1801 = ADVANCED_FACE ( 'NONE', ( #759 ), #364, .F. ) ;
#1802 = ORIENTED_EDGE ( 'NONE', *, *, #171, .T. ) ;
#1803 = EDGE_LOOP ( 'NONE', ( #1597, #1308, #551, #979 ) ) ;
#1804 = CIRCLE ( 'NONE', #1707, 18.55000000000001137 ) ;
#1805 = DIRECTION ( 'NONE',  ( -0.000000000000000000, -1.000000000000000000, -0.000000000000000000 ) ) ;
#1806 = CARTESIAN_POINT ( 'NONE',  ( -310.9710487390173625, -1.000000000000000000, -285.2036113549480092 ) ) ;
#1807 = CARTESIAN_POINT ( 'NONE',  ( -330.7982946052923126, -4.000000000000000000, -276.6800995938893948 ) ) ;
#1808 = ORIENTED_EDGE ( 'NONE', *, *, #1592, .T. ) ;
#1809 = ORIENTED_EDGE ( 'NONE', *, *, #580, .F. ) ;
#1810 = CARTESIAN_POINT ( 'NONE',  ( -579.8816936770458597, -0.5902776246435896823, -298.2536113549479637 ) ) ;
#1811 = CYLINDRICAL_SURFACE ( 'NONE', #77, 1.000000000000000888 ) ;
#1812 = EDGE_CURVE ( 'NONE', #549, #924, #1142, .T. ) ;
#1813 = DIRECTION ( 'NONE',  ( -0.000000000000000000, -1.000000000000000000, 0.000000000000000000 ) ) ;
#1814 = SHAPE_DEFINITION_REPRESENTATION ( #1495, #1375 ) ;
#1815 = CIRCLE ( 'NONE', #1688, 1.000000000000018874 ) ;
#1816 = VERTEX_POINT ( 'NONE', #1497 ) ;
#1817 = ORIENTED_EDGE ( 'NONE', *, *, #1296, .T. ) ;
#1818 = CARTESIAN_POINT ( 'NONE',  ( -576.1614640427278573, 2.787274982706274606, -298.2536113549479069 ) ) ;
#1819 = ORIENTED_EDGE ( 'NONE', *, *, #1656, .F. ) ;
#1820 = CARTESIAN_POINT ( 'NONE',  ( -594.7378379047039516, -1.000000000000000000, -285.2036113549480092 ) ) ;
#1821 = CARTESIAN_POINT ( 'NONE',  ( -595.7799143269008937, -4.000000000000000000, -267.6092604327994877 ) ) ;
#1822 = EDGE_LOOP ( 'NONE', ( #295, #1493, #1332, #1071 ) ) ;
#1823 = ADVANCED_FACE ( 'NONE', ( #1655 ), #198, .F. ) ;
#1824 = ORIENTED_EDGE ( 'NONE', *, *, #721, .F. ) ;
#1825 = DIRECTION ( 'NONE',  ( -0.000000000000000000, 0.000000000000000000, -1.000000000000000000 ) ) ;
#1826 = CARTESIAN_POINT ( 'NONE',  ( -370.7485570679015723, -1.000000000000014655, -285.2036113549480092 ) ) ;
#1827 = ADVANCED_FACE ( 'NONE', ( #1351 ), #58, .T. ) ;
#1828 = CARTESIAN_POINT ( 'NONE',  ( -326.4124173293033095, -0.5000000000000004441, -172.3536113549479865 ) ) ;
#1829 = EDGE_LOOP ( 'NONE', ( #1226, #662, #604, #827 ) ) ;
#1830 = PRESENTATION_STYLE_ASSIGNMENT (( #960 ) ) ;
#1831 = EDGE_CURVE ( 'NONE', #909, #1073, #465, .T. ) ;
#1832 = CARTESIAN_POINT ( 'NONE',  ( -389.8068393967211591, -4.000000000000000000, -265.6378680218826389 ) ) ;
#1833 = DIRECTION ( 'NONE',  ( 1.000000000000000000, 0.000000000000000000, 0.000000000000000000 ) ) ;
#1834 = AXIS2_PLACEMENT_3D ( 'NONE', #53, #624, #1166 ) ;
#1835 = CIRCLE ( 'NONE', #182, 5.174999999999957190 ) ;
#1836 = VERTEX_POINT ( 'NONE', #177 ) ;
#1837 = CARTESIAN_POINT ( 'NONE',  ( -327.2636405464018594, -2.888888888904515451, -272.7316146761511959 ) ) ;
#1838 = ORIENTED_EDGE ( 'NONE', *, *, #279, .T. ) ;
#1839 = ADVANCED_FACE ( 'NONE', ( #652 ), #1205, .T. ) ;
#1840 = LINE ( 'NONE', #123, #1861 ) ;
#1841 = ADVANCED_FACE ( 'NONE', ( #923 ), #618, .F. ) ;
#1842 = CARTESIAN_POINT ( 'NONE',  ( -581.2799143269010074, -3.700000000000000178, -228.3536113549479865 ) ) ;
#1843 = CARTESIAN_POINT ( 'NONE',  ( -337.0495645700453338, -3.988200493094913757, -284.8287544924783106 ) ) ;
#1844 = CARTESIAN_POINT ( 'NONE',  ( -493.0347124767643550, 0.000000000000000000, -239.4373723300536767 ) ) ;
#1845 = B_SPLINE_CURVE_WITH_KNOTS ( 'NONE', 3,
 ( #785, #800, #1660, #1641, #647, #478, #229, #1219 ),
 .UNSPECIFIED., .F., .F.,
 ( 4, 2, 2, 4 ),
 ( -6.324569375127501279E-06, 0.0005774687756957752258, 0.0008693654482312897398, 0.001161262120766804254 ),
 .UNSPECIFIED. ) ;
#1846 = ADVANCED_FACE ( 'NONE', ( #1196 ), #1360, .T. ) ;
#1847 = AXIS2_PLACEMENT_3D ( 'NONE', #1090, #1117, #1536 ) ;
#1848 = CARTESIAN_POINT ( 'NONE',  ( -421.4528633760024263, 6.000000000000000000, -298.2536113549480206 ) ) ;
#1849 = ORIENTED_EDGE ( 'NONE', *, *, #1294, .F. ) ;
#1850 = CARTESIAN_POINT ( 'NONE',  ( -350.8092579487845910, -1.000000000002192690, -297.8158338847608775 ) ) ;
#1851 = EDGE_LOOP ( 'NONE', ( #1140, #1093 ) ) ;
#1852 = CIRCLE ( 'NONE', #1462, 0.2999999999999947153 ) ;
#1853 = CARTESIAN_POINT ( 'NONE',  ( -578.7022378948710184, 0.9154446468617980504, -298.2536113549479637 ) ) ;
#1854 = CARTESIAN_POINT ( 'NONE',  ( -330.7753598319886805, -4.000000000000000000, -276.6419689224271679 ) ) ;
#1855 = FACE_OUTER_BOUND ( 'NONE', #512, .T. ) ;
#1856 = CARTESIAN_POINT ( 'NONE',  ( -413.9927508885972998, 1.324597441122350894, -298.2536113549479637 ) ) ;
#1857 = VERTEX_POINT ( 'NONE', #778 ) ;
#1858 = B_SPLINE_CURVE_WITH_KNOTS ( 'NONE', 3,
 ( #735, #141, #1193, #152 ),
 .UNSPECIFIED., .F., .F.,
 ( 4, 4 ),
 ( 0.000000000000000000, 0.01542344302386082326 ),
 .UNSPECIFIED. ) ;
#1859 = EDGE_CURVE ( 'NONE', #1816, #967, #578, .T. ) ;
#1860 = CARTESIAN_POINT ( 'NONE',  ( -578.9802095907267585, 5.999999999999974243, -298.3541072151656408 ) ) ;
#1861 = VECTOR ( 'NONE', #254, 1000.000000000000000 ) ;
#1862 = DIRECTION ( 'NONE',  ( 0.000000000000000000, 1.000000000000000000, -0.000000000000000000 ) ) ;
#1863 = B_SPLINE_CURVE_WITH_KNOTS ( 'NONE', 3,
 ( #280, #1, #576, #438, #1014, #14 ),
 .UNSPECIFIED., .F., .F.,
 ( 4, 2, 4 ),
 ( 1.387299751796913446E-15, 0.0003246699696866947962, 0.0006493399393720023557 ),
 .UNSPECIFIED. ) ;
#1864 = CARTESIAN_POINT ( 'NONE',  ( -357.7907180016320012, 3.931839004440354834, -298.2536113549479069 ) ) ;
#1865 = CARTESIAN_POINT ( 'NONE',  ( -594.7378379047039516, -1.000000000000000000, -285.2036113549480092 ) ) ;
#1866 = CARTESIAN_POINT ( 'NONE',  ( 0.000000000000000000, 6.000000000000000000, 0.000000000000000000 ) ) ;
#1867 = LINE ( 'NONE', #1176, #89 ) ;
#1868 = VECTOR ( 'NONE', #265, 1000.000000000000000 ) ;
#1869 = AXIS2_PLACEMENT_3D ( 'NONE', #992, #1338, #185 ) ;
#1870 = AXIS2_PLACEMENT_3D ( 'NONE', #130, #815, #1708 ) ;
#1871 = CARTESIAN_POINT ( 'NONE',  ( -571.3008813128408292, 6.000000000108589582, -303.0375321774528175 ) ) ;
#1872 = ORIENTED_EDGE ( 'NONE', *, *, #1642, .F. ) ;
#1873 = CARTESIAN_POINT ( 'NONE',  ( -577.3875329922882429, 5.999999999999974243, -288.4583769960732411 ) ) ;
#1874 = CARTESIAN_POINT ( 'NONE',  ( -337.1752240055575385, -4.000000000000000000, -284.7036113549480092 ) ) ;
#1875 = DIRECTION ( 'NONE',  ( 0.000000000000000000, 1.000000000000000000, 0.000000000000000000 ) ) ;
#1876 = NEXT_ASSEMBLY_USAGE_OCCURRENCE ( 'NAUO1', ' ', ' ', #16, #427, $ ) ;
ENDSEC;
END-ISO-10303-21;
