ISO-10303-21;
HEADER;
FILE_DESCRIPTION (( 'STEP AP203' ),
    '1' );
FILE_NAME ('EDM Wire Bumper.STEP',
    '2026-05-31T00:35:44',
    ( '' ),
    ( '' ),
    'SwSTEP 2.0',
    'SolidWorks 2024',
    '' );
FILE_SCHEMA (( 'CONFIG_CONTROL_DESIGN' ));
ENDSEC;

DATA;
#1 = LINE ( 'NONE', #1860, #790 ) ;
#2 = VERTEX_POINT ( 'NONE', #1027 ) ;
#3 = CARTESIAN_POINT ( 'NONE',  ( -4.308816867546153340, -3.699696727832909371, 39.00000000000000711 ) ) ;
#4 = CARTESIAN_POINT ( 'NONE',  ( 9.177312422554765092, 0.2408045793126898371, 35.00000000000000000 ) ) ;
#5 = ORIENTED_EDGE ( 'NONE', *, *, #2092, .F. ) ;
#6 = LOCAL_TIME ( 17, 35, 44.00000000000000000, #2360 ) ;
#7 = B_SPLINE_CURVE_WITH_KNOTS ( 'NONE', 3,
 ( #1000, #640, #957, #1206 ),
 .UNSPECIFIED., .F., .F.,
 ( 4, 4 ),
 ( 0.9113438188288790487, 0.9113775845788333330 ),
 .UNSPECIFIED. ) ;
#8 = ORIENTED_EDGE ( 'NONE', *, *, #2372, .F. ) ;
#9 = CARTESIAN_POINT ( 'NONE',  ( 8.533482183777797658, 14.66983111182038435, 0.000000000000000000 ) ) ;
#10 = ORIENTED_EDGE ( 'NONE', *, *, #2427, .F. ) ;
#11 = DIRECTION ( 'NONE',  ( 0.000000000000000000, 0.000000000000000000, -1.000000000000000000 ) ) ;
#12 = CARTESIAN_POINT ( 'NONE',  ( 4.367984430937024598, -2.313817374042835606, 35.00000000000000000 ) ) ;
#13 = CARTESIAN_POINT ( 'NONE',  ( -7.641945204098258060, 12.45762266531077422, 8.000000000000000000 ) ) ;
#14 = CARTESIAN_POINT ( 'NONE',  ( 0.000000000000000000, 0.000000000000000000, 9.000000000000000000 ) ) ;
#15 = CARTESIAN_POINT ( 'NONE',  ( 9.503499039122925041, 9.444724657848993843, 0.000000000000000000 ) ) ;
#16 = CARTESIAN_POINT ( 'NONE',  ( -2.643224550277688767, 11.75820345163679193, 9.000000000000000000 ) ) ;
#17 = AXIS2_PLACEMENT_3D ( 'NONE', #795, #993, #1542 ) ;
#18 = VERTEX_POINT ( 'NONE', #463 ) ;
#19 = AXIS2_PLACEMENT_3D ( 'NONE', #1786, #2307, #2156 ) ;
#20 = EDGE_LOOP ( 'NONE', ( #2145, #1180 ) ) ;
#21 = LINE ( 'NONE', #1778, #293 ) ;
#22 = ORIENTED_EDGE ( 'NONE', *, *, #1151, .F. ) ;
#23 = VECTOR ( 'NONE', #1032, 1000.000000000000000 ) ;
#24 = CARTESIAN_POINT ( 'NONE',  ( -9.402307669017146097, 1.811483077723003543, 39.00000000000000711 ) ) ;
#25 = DIRECTION ( 'NONE',  ( -0.000000000000000000, -0.000000000000000000, 1.000000000000000000 ) ) ;
#26 = CARTESIAN_POINT ( 'NONE',  ( 8.613285959645013534, -2.439534386058965776, 38.99999999999999289 ) ) ;
#27 = CARTESIAN_POINT ( 'NONE',  ( 8.821603417041472994, -1.756865136945429118, 35.00000000000000000 ) ) ;
#28 = EDGE_CURVE ( 'NONE', #1614, #314, #1168, .T. ) ;
#29 = LINE ( 'NONE', #770, #1849 ) ;
#30 = CARTESIAN_POINT ( 'NONE',  ( 4.000000003133249216, 0.000000000000000000, 39.00000000000000711 ) ) ;
#31 = CARTESIAN_POINT ( 'NONE',  ( 7.147142667137145189, -4.807333438256960356, 38.99999999999999289 ) ) ;
#32 = ORIENTED_EDGE ( 'NONE', *, *, #1645, .F. ) ;
#33 = EDGE_CURVE ( 'NONE', #48, #2407, #1208, .T. ) ;
#34 = ORIENTED_EDGE ( 'NONE', *, *, #360, .T. ) ;
#35 = ORIENTED_EDGE ( 'NONE', *, *, #187, .F. ) ;
#36 = CARTESIAN_POINT ( 'NONE',  ( 10.54558104984264943, 7.843165078330889273, 0.000000000000000000 ) ) ;
#37 = CARTESIAN_POINT ( 'NONE',  ( 6.751982433223287394, 15.33550374119039894, 0.000000000000000000 ) ) ;
#38 = CARTESIAN_POINT ( 'NONE',  ( 8.296937913523885655, 9.918235753197235383, 35.00000000000000000 ) ) ;
#39 = CARTESIAN_POINT ( 'NONE',  ( -8.553078510096494114, -2.607535155045253017, 35.00000000000000000 ) ) ;
#40 = FACE_OUTER_BOUND ( 'NONE', #1717, .T. ) ;
#41 = B_SPLINE_CURVE_WITH_KNOTS ( 'NONE', 3,
 ( #2081, #578, #1145, #1874, #938, #1517, #744, #2267 ),
 .UNSPECIFIED., .F., .F.,
 ( 4, 2, 2, 4 ),
 ( 0.000000000000000000, 0.001025545962958048255, 0.002051091925916096511, 0.004102183851832193022 ),
 .UNSPECIFIED. ) ;
#42 = CARTESIAN_POINT ( 'NONE',  ( -4.863746607295820645, -4.308632458986818570, 35.00000000000000000 ) ) ;
#43 = EDGE_LOOP ( 'NONE', ( #2057, #1264, #2417, #1735 ) ) ;
#44 = ORIENTED_EDGE ( 'NONE', *, *, #159, .T. ) ;
#45 = VERTEX_POINT ( 'NONE', #97 ) ;
#46 = EDGE_CURVE ( 'NONE', #314, #1846, #826, .T. ) ;
#47 = PRODUCT_DEFINITION_FORMATION_WITH_SPECIFIED_SOURCE ( 'ANY', '', #2321, .NOT_KNOWN. ) ;
#48 = VERTEX_POINT ( 'NONE', #1576 ) ;
#49 = CARTESIAN_POINT ( 'NONE',  ( 4.000000003133250992, 13.46643229516696749, 34.13559938568222663 ) ) ;
#50 = CARTESIAN_POINT ( 'NONE',  ( -8.553075596497503597, -2.607534028405585680, 35.00000000000000000 ) ) ;
#51 = CARTESIAN_POINT ( 'NONE',  ( 9.640475699813508825, 5.390664269920724117, 35.00000000000000000 ) ) ;
#52 = CARTESIAN_POINT ( 'NONE',  ( -4.000017162513826996, 19.08999640452194413, 0.000000000000000000 ) ) ;
#53 = DIRECTION ( 'NONE',  ( -0.000000000000000000, -0.000000000000000000, -1.000000000000000000 ) ) ;
#54 = EDGE_CURVE ( 'NONE', #2294, #2178, #839, .T. ) ;
#55 = CARTESIAN_POINT ( 'NONE',  ( -4.000000003133249216, 15.42333333333333201, 35.00000000000000000 ) ) ;
#56 = ORIENTED_EDGE ( 'NONE', *, *, #1194, .T. ) ;
#57 = CARTESIAN_POINT ( 'NONE',  ( -4.000008582824346348, 16.08999999999999986, 35.00000000000000000 ) ) ;
#58 = VECTOR ( 'NONE', #1307, 1000.000000000000000 ) ;
#59 = EDGE_CURVE ( 'NONE', #438, #969, #1564, .T. ) ;
#60 = VERTEX_POINT ( 'NONE', #2119 ) ;
#61 = VERTEX_POINT ( 'NONE', #2332 ) ;
#62 = VECTOR ( 'NONE', #378, 1000.000000000000000 ) ;
#63 = CARTESIAN_POINT ( 'NONE',  ( -7.659488179946636777, 10.85545444410418803, -1.694065894508600678E-18 ) ) ;
#64 = CARTESIAN_POINT ( 'NONE',  ( 4.000000003133248327, 13.60589361146160314, 34.51348976662681167 ) ) ;
#65 = LINE ( 'NONE', #800, #58 ) ;
#66 = DIRECTION ( 'NONE',  ( 1.000000000000000000, 0.000000000000000000, 0.000000000000000000 ) ) ;
#67 = EDGE_CURVE ( 'NONE', #2213, #980, #2032, .T. ) ;
#68 = VECTOR ( 'NONE', #1464, 1000.000000000000000 ) ;
#69 = B_SPLINE_CURVE_WITH_KNOTS ( 'NONE', 3,
 ( #323, #1816, #889, #142 ),
 .UNSPECIFIED., .F., .F.,
 ( 4, 4 ),
 ( 0.1975354035355095517, 0.2502908148640716757 ),
 .UNSPECIFIED. ) ;
#70 = AXIS2_PLACEMENT_3D ( 'NONE', #637, #433, #2325 ) ;
#71 = CARTESIAN_POINT ( 'NONE',  ( -5.033844898194771211, -4.483461995885946294, 39.00000000000000711 ) ) ;
#72 = DIRECTION ( 'NONE',  ( 1.000000000000000000, 0.000000000000000000, 0.000000000000000000 ) ) ;
#73 = ORIENTED_EDGE ( 'NONE', *, *, #28, .F. ) ;
#74 = CARTESIAN_POINT ( 'NONE',  ( -9.497095958503589230, 2.422045940554102383, 35.00000000000000000 ) ) ;
#75 = VERTEX_POINT ( 'NONE', #1367 ) ;
#76 = EDGE_CURVE ( 'NONE', #1366, #719, #1950, .T. ) ;
#77 = CARTESIAN_POINT ( 'NONE',  ( 4.283856604512531696, -2.534323473647169589, 39.00000000000000711 ) ) ;
#78 = CARTESIAN_POINT ( 'NONE',  ( 7.117760466827410148, 14.31408113940375415, 0.000000000000000000 ) ) ;
#79 = CARTESIAN_POINT ( 'NONE',  ( -5.126469047069795337, -4.561872175228963044, 35.00000000000000000 ) ) ;
#80 = B_SPLINE_CURVE_WITH_KNOTS ( 'NONE', 2,
 ( #1904, #1557, #246 ),
 .UNSPECIFIED., .F., .F.,
 ( 3, 3 ),
 ( 0.000000000000000000, 1.000000000000000000 ),
 .UNSPECIFIED. ) ;
#81 = FACE_OUTER_BOUND ( 'NONE', #1720, .T. ) ;
#82 = CARTESIAN_POINT ( 'NONE',  ( 4.263887009047036436, -2.650209643485159638, 35.00000000000000000 ) ) ;
#83 = FACE_OUTER_BOUND ( 'NONE', #471, .T. ) ;
#84 = ORIENTED_EDGE ( 'NONE', *, *, #1499, .F. ) ;
#85 = CARTESIAN_POINT ( 'NONE',  ( -9.402312667612562791, 1.811515275319551588, 35.00000000000000000 ) ) ;
#86 = EDGE_LOOP ( 'NONE', ( #2147, #1814, #1903, #558 ) ) ;
#87 = ORIENTED_EDGE ( 'NONE', *, *, #2161, .T. ) ;
#88 = CARTESIAN_POINT ( 'NONE',  ( -4.000000003133249216, 15.08999999999999986, 35.00000000000000000 ) ) ;
#89 = DIRECTION ( 'NONE',  ( 0.000000000000000000, 0.000000000000000000, -1.000000000000000000 ) ) ;
#90 = CARTESIAN_POINT ( 'NONE',  ( -4.950000000000000178, 0.000000000000000000, 0.000000000000000000 ) ) ;
#91 = ADVANCED_FACE ( 'NONE', ( #2317 ), #1157, .F. ) ;
#92 = CARTESIAN_POINT ( 'NONE',  ( 4.367984430937024598, -2.313817374042835606, 38.99999999999999289 ) ) ;
#93 = EDGE_CURVE ( 'NONE', #1416, #2395, #313, .T. ) ;
#94 = CARTESIAN_POINT ( 'NONE',  ( -7.659488179946636777, 10.85545444410418803, -1.694065894508600678E-18 ) ) ;
#95 = CARTESIAN_POINT ( 'NONE',  ( -8.439853523303030514, 10.52619034557497812, 0.000000000000000000 ) ) ;
#96 = CARTESIAN_POINT ( 'NONE',  ( 6.375568301259502135, -5.079014246466874383, 39.00000000000000711 ) ) ;
#97 = CARTESIAN_POINT ( 'NONE',  ( -5.127284483936604076, -4.562561254613973993, 35.00000000000000000 ) ) ;
#98 = ORIENTED_EDGE ( 'NONE', *, *, #2087, .F. ) ;
#99 = EDGE_LOOP ( 'NONE', ( #2166, #520, #1901, #917 ) ) ;
#100 = B_SPLINE_SURFACE_WITH_KNOTS ( 'NONE', 2, 1, ( 
 ( #2155, #1771 ),
 ( #115, #2322 ),
 ( #798, #1171 ) ),
 .UNSPECIFIED., .F., .F., .F.,
 ( 3, 3 ),
 ( 2, 2 ),
 ( 0.000000000000000000, 1.000000000000000000 ),
 ( 0.000000000000000000, 1.000000000000000000 ),
 .UNSPECIFIED. ) ;
#101 = CARTESIAN_POINT ( 'NONE',  ( -6.593153572571879728, -5.072795888520828633, 35.00000000000000000 ) ) ;
#102 = DIRECTION ( 'NONE',  ( -0.000000000000000000, -0.000000000000000000, -1.000000000000000000 ) ) ;
#103 = CARTESIAN_POINT ( 'NONE',  ( -4.000017162515443481, 19.08999999999999986, 0.000000000000000000 ) ) ;
#104 = APPROVAL_ROLE ( '' ) ;
#105 = VECTOR ( 'NONE', #2254, 1000.000000000000000 ) ;
#106 = VECTOR ( 'NONE', #1107, 1000.000000000000000 ) ;
#107 = B_SPLINE_CURVE_WITH_KNOTS ( 'NONE', 3,
 ( #843, #2370, #1772, #685 ),
 .UNSPECIFIED., .F., .F.,
 ( 4, 4 ),
 ( 0.2780804080950743384, 0.3487496362089361202 ),
 .UNSPECIFIED. ) ;
#108 = CARTESIAN_POINT ( 'NONE',  ( -3.707723237069912248, 13.57016380211152828, 35.00000000000000000 ) ) ;
#109 = VECTOR ( 'NONE', #1875, 1000.000000000000114 ) ;
#110 = CARTESIAN_POINT ( 'NONE',  ( 8.551816711783084557, -2.610947986023663514, 38.99999999999999289 ) ) ;
#111 = ORIENTED_EDGE ( 'NONE', *, *, #1623, .T. ) ;
#112 = LINE ( 'NONE', #1588, #870 ) ;
#113 = VERTEX_POINT ( 'NONE', #1943 ) ;
#114 = EDGE_CURVE ( 'NONE', #746, #2273, #628, .T. ) ;
#115 = CARTESIAN_POINT ( 'NONE',  ( 6.751982433223287394, 15.33550374119039894, 8.000000000000000000 ) ) ;
#116 = CARTESIAN_POINT ( 'NONE',  ( -4.480997024543082574, 13.50633082800116114, 0.000000000000000000 ) ) ;
#117 = CARTESIAN_POINT ( 'NONE',  ( 9.503499039122925041, 9.444724657848993843, 8.000000000000000000 ) ) ;
#118 = SECURITY_CLASSIFICATION_LEVEL ( 'unclassified' ) ;
#119 = PERSON ( 'UNSPECIFIED', 'UNSPECIFIED', 'UNSPECIFIED', ('UNSPECIFIED'), ('UNSPECIFIED'), ('UNSPECIFIED') ) ;
#120 = EDGE_CURVE ( 'NONE', #1029, #1248, #395, .T. ) ;
#121 = CARTESIAN_POINT ( 'NONE',  ( 4.880456176970372262, -4.326807833918657309, 35.00000000000000000 ) ) ;
#122 = ORIENTED_EDGE ( 'NONE', *, *, #2030, .T. ) ;
#123 = B_SPLINE_CURVE_WITH_KNOTS ( 'NONE', 3,
 ( #2364, #298, #2117, #1765, #1779 ),
 .UNSPECIFIED., .F., .F.,
 ( 4, 1, 4 ),
 ( 0.3487496362087833535, 0.3718518498692101049, 0.4049367788957744518 ),
 .UNSPECIFIED. ) ;
#124 = ORIENTED_EDGE ( 'NONE', *, *, #93, .T. ) ;
#125 = VERTEX_POINT ( 'NONE', #417 ) ;
#126 = CARTESIAN_POINT ( 'NONE',  ( -9.177312422892057953, 0.2408045819316500524, 35.00000000000000000 ) ) ;
#127 = CARTESIAN_POINT ( 'NONE',  ( 8.992289518815422156, -1.102857488201263392, 39.00000000000001421 ) ) ;
#128 = CARTESIAN_POINT ( 'NONE',  ( -9.712385753997578419, 4.198038965563446467, 39.00000000000000711 ) ) ;
#129 = B_SPLINE_CURVE_WITH_KNOTS ( 'NONE', 3,
 ( #2336, #101, #1384, #647 ),
 .UNSPECIFIED., .F., .F.,
 ( 4, 4 ),
 ( 0.000000000000000000, 1.000000000000000000 ),
 .UNSPECIFIED. ) ;
#130 = CARTESIAN_POINT ( 'NONE',  ( -6.590497880048571844, -5.071434342964994180, 35.00000000000000000 ) ) ;
#131 = ORIENTED_EDGE ( 'NONE', *, *, #1745, .F. ) ;
#132 = CARTESIAN_POINT ( 'NONE',  ( 5.952040274615381321, 13.01828409750224580, 8.000000000000000000 ) ) ;
#133 = VERTEX_POINT ( 'NONE', #57 ) ;
#134 = PLANE ( 'NONE',  #1219 ) ;
#135 = VECTOR ( 'NONE', #554, 1000.000000000000000 ) ;
#136 = EDGE_CURVE ( 'NONE', #2203, #1719, #655, .T. ) ;
#137 = CYLINDRICAL_SURFACE ( 'NONE', #991, 4.950000000000000178 ) ;
#138 = CARTESIAN_POINT ( 'NONE',  ( 7.265915424661499422, 8.897744133705373315, 9.000000000000000000 ) ) ;
#139 = AXIS2_PLACEMENT_3D ( 'NONE', #772, #425, #1312 ) ;
#140 = CARTESIAN_POINT ( 'NONE',  ( 3.395112051509888040, 13.68107889103958108, 34.00000000000000000 ) ) ;
#141 = ORIENTED_EDGE ( 'NONE', *, *, #1800, .F. ) ;
#142 = CARTESIAN_POINT ( 'NONE',  ( 8.551816711783084557, -2.610947986023663514, 38.99999999999999289 ) ) ;
#143 = EDGE_LOOP ( 'NONE', ( #1343, #205, #2146, #280 ) ) ;
#144 = B_SPLINE_SURFACE_WITH_KNOTS ( 'NONE', 3, 1, ( 
 ( #1605, #2338 ),
 ( #271, #2359 ),
 ( #445, #2324 ),
 ( #1593, #432 ) ),
 .UNSPECIFIED., .F., .F., .F.,
 ( 4, 4 ),
 ( 2, 2 ),
 ( 0.2518624069101427221, 0.2579180030879641983 ),
 ( 0.000000000000000000, 1.000000000000000000 ),
 .UNSPECIFIED. ) ;
#145 = ORIENTED_EDGE ( 'NONE', *, *, #2238, .T. ) ;
#146 = FACE_OUTER_BOUND ( 'NONE', #903, .T. ) ;
#147 = ORIENTED_EDGE ( 'NONE', *, *, #678, .T. ) ;
#148 = DATE_AND_TIME ( #1801, #317 ) ;
#149 = DIRECTION ( 'NONE',  ( -0.000000000000000000, -0.000000000000000000, 1.000000000000000000 ) ) ;
#150 = CARTESIAN_POINT ( 'NONE',  ( 4.000000003133249216, 0.000000000000000000, 35.00000000000000000 ) ) ;
#151 = ADVANCED_FACE ( 'NONE', ( #2292 ), #1997, .T. ) ;
#152 = LINE ( 'NONE', #516, #511 ) ;
#153 = ORIENTED_EDGE ( 'NONE', *, *, #59, .T. ) ;
#154 = CARTESIAN_POINT ( 'NONE',  ( 9.567941014412383538, 2.997706486881289933, 35.00000000000000000 ) ) ;
#155 = EDGE_LOOP ( 'NONE', ( #958, #1073, #1981, #122 ) ) ;
#156 = ORIENTED_EDGE ( 'NONE', *, *, #2087, .T. ) ;
#157 = FACE_OUTER_BOUND ( 'NONE', #2229, .T. ) ;
#158 = ORIENTED_EDGE ( 'NONE', *, *, #571, .F. ) ;
#159 = EDGE_CURVE ( 'NONE', #1805, #1784, #1426, .T. ) ;
#160 = LINE ( 'NONE', #1662, #2160 ) ;
#161 = CARTESIAN_POINT ( 'NONE',  ( -4.000000003133249216, 14.25169149836577631, 34.97533481442343373 ) ) ;
#162 = CC_DESIGN_APPROVAL ( #970, ( #1130 ) ) ;
#163 = FACE_OUTER_BOUND ( 'NONE', #1492, .T. ) ;
#164 = ORIENTED_EDGE ( 'NONE', *, *, #46, .F. ) ;
#165 = DIRECTION ( 'NONE',  ( -1.000000000000000000, 0.000000000000000000, 0.000000000000000000 ) ) ;
#166 = VERTEX_POINT ( 'NONE', #121 ) ;
#167 = ORIENTED_EDGE ( 'NONE', *, *, #1446, .T. ) ;
#168 = DIRECTION ( 'NONE',  ( -0.000000000000000000, -0.000000000000000000, 1.000000000000000000 ) ) ;
#169 = ORIENTED_EDGE ( 'NONE', *, *, #611, .F. ) ;
#170 = DIRECTION ( 'NONE',  ( 0.000000000000000000, -0.000000000000000000, -1.000000000000000000 ) ) ;
#171 = LINE ( 'NONE', #525, #1176 ) ;
#172 = ADVANCED_FACE ( 'NONE', ( #163 ), #619, .F. ) ;
#173 = CARTESIAN_POINT ( 'NONE',  ( -8.297032112174647978, 9.918088025808929231, 34.99999999999999289 ) ) ;
#174 = ORIENTED_EDGE ( 'NONE', *, *, #928, .T. ) ;
#175 = CARTESIAN_POINT ( 'NONE',  ( 5.758886529864790660, 12.82390060542199350, 39.00000000000000711 ) ) ;
#176 = DIRECTION ( 'NONE',  ( 0.000000000000000000, 0.000000000000000000, -1.000000000000000000 ) ) ;
#177 = VERTEX_POINT ( 'NONE', #1233 ) ;
#178 = ORIENTED_EDGE ( 'NONE', *, *, #2193, .T. ) ;
#179 = CARTESIAN_POINT ( 'NONE',  ( -4.863746607295830415, -4.308632458986829228, 39.00000000000000711 ) ) ;
#180 = EDGE_LOOP ( 'NONE', ( #169, #330, #494, #1057, #1507 ) ) ;
#181 = CARTESIAN_POINT ( 'NONE',  ( 4.463610432491302404, -2.139785481527252564, 0.000000000000000000 ) ) ;
#182 = PRODUCT_RELATED_PRODUCT_CATEGORY ( 'detail', '', ( #2321 ) ) ;
#183 = CARTESIAN_POINT ( 'NONE',  ( 7.747136604463555898, -4.177437937829412640, 39.00000000000000711 ) ) ;
#184 = DIRECTION ( 'NONE',  ( -0.000000000000000000, -0.000000000000000000, -1.000000000000000000 ) ) ;
#185 = FACE_OUTER_BOUND ( 'NONE', #797, .T. ) ;
#186 = FACE_OUTER_BOUND ( 'NONE', #344, .T. ) ;
#187 = EDGE_CURVE ( 'NONE', #1531, #48, #152, .T. ) ;
#188 = ORIENTED_EDGE ( 'NONE', *, *, #1723, .T. ) ;
#189 = CARTESIAN_POINT ( 'NONE',  ( 7.747136604462968812, -4.177437937830212888, 39.00000000000000711 ) ) ;
#190 = CARTESIAN_POINT ( 'NONE',  ( 8.439844061648317464, 10.52619793188147312, 0.000000000000000000 ) ) ;
#191 = ORIENTED_EDGE ( 'NONE', *, *, #609, .F. ) ;
#192 = CARTESIAN_POINT ( 'NONE',  ( -9.375246782872787676, 7.175259957406940003, -1.694065894508600678E-18 ) ) ;
#193 = VERTEX_POINT ( 'NONE', #887 ) ;
#194 = ADVANCED_FACE ( 'NONE', ( #848 ), #1440, .T. ) ;
#195 = CARTESIAN_POINT ( 'NONE',  ( -7.433523676207837383, -4.548602522595252218, 39.00000000000000711 ) ) ;
#196 = CARTESIAN_POINT ( 'NONE',  ( 8.997933409387925963, 11.55304818225744157, 0.000000000000000000 ) ) ;
#197 = CARTESIAN_POINT ( 'NONE',  ( 4.955646530631550029, -4.407817712352293249, 39.00000000000000711 ) ) ;
#198 = B_SPLINE_CURVE_WITH_KNOTS ( 'NONE', 3,
 ( #414, #2106, #1573, #1749 ),
 .UNSPECIFIED., .F., .F.,
 ( 4, 4 ),
 ( 0.000000000000000000, 1.000000000000000000 ),
 .UNSPECIFIED. ) ;
#199 = FACE_OUTER_BOUND ( 'NONE', #180, .T. ) ;
#200 = CARTESIAN_POINT ( 'NONE',  ( -4.945806892330605109, -4.398617856984659014, 39.00000000000000711 ) ) ;
#201 = CARTESIAN_POINT ( 'NONE',  ( -4.000000003133249216, 0.000000000000000000, 35.00000000000000000 ) ) ;
#202 = ORIENTED_EDGE ( 'NONE', *, *, #2092, .T. ) ;
#203 =( GEOMETRIC_REPRESENTATION_CONTEXT ( 3 ) GLOBAL_UNCERTAINTY_ASSIGNED_CONTEXT ( ( #375 ) ) GLOBAL_UNIT_ASSIGNED_CONTEXT ( ( #2310, #1022, #598 ) ) REPRESENTATION_CONTEXT ( 'NONE', 'WORKASPACE' ) );
#204 = ORIENTED_EDGE ( 'NONE', *, *, #2058, .T. ) ;
#205 = ORIENTED_EDGE ( 'NONE', *, *, #1267, .F. ) ;
#206 = ADVANCED_FACE ( 'NONE', ( #1626 ), #1068, .T. ) ;
#207 = CARTESIAN_POINT ( 'NONE',  ( 9.375246782872787676, 7.175259957406932898, 9.000000000000000000 ) ) ;
#208 = CARTESIAN_POINT ( 'NONE',  ( -8.596335286640414353, -2.488457247643081516, 39.00000000000000711 ) ) ;
#209 = CARTESIAN_POINT ( 'NONE',  ( -7.611363284069400770, 10.64137413971365653, 9.000000000000000000 ) ) ;
#210 = CARTESIAN_POINT ( 'NONE',  ( -4.000017162515443481, 16.08999999999999986, 8.000000000000000000 ) ) ;
#211 = ADVANCED_FACE ( 'NONE', ( #689 ), #697, .F. ) ;
#212 = CARTESIAN_POINT ( 'NONE',  ( -8.297032112174647978, 9.918088025808929231, 39.00000000000000711 ) ) ;
#213 = CARTESIAN_POINT ( 'NONE',  ( 4.880456176970372262, -4.326807833918657309, 35.00000000000000000 ) ) ;
#214 = PLANE ( 'NONE',  #139 ) ;
#215 = VECTOR ( 'NONE', #242, 1000.000000000000000 ) ;
#216 = ORIENTED_EDGE ( 'NONE', *, *, #2300, .T. ) ;
#217 = CARTESIAN_POINT ( 'NONE',  ( -8.297179967528922617, 9.917823881671585795, 39.00000000000000711 ) ) ;
#218 = ORIENTED_EDGE ( 'NONE', *, *, #1413, .F. ) ;
#219 = LINE ( 'NONE', #1346, #677 ) ;
#220 = CARTESIAN_POINT ( 'NONE',  ( -5.127284483936604076, -4.562561254613973993, 39.00000000000000711 ) ) ;
#221 = ADVANCED_FACE ( 'NONE', ( #186 ), #1257, .F. ) ;
#222 = CARTESIAN_POINT ( 'NONE',  ( 8.297179967528787614, 9.917823881671818498, 38.99999999999999289 ) ) ;
#223 = CARTESIAN_POINT ( 'NONE',  ( -8.997943794044806154, 11.55304009430210144, 0.000000000000000000 ) ) ;
#224 = B_SPLINE_CURVE_WITH_KNOTS ( 'NONE', 3,
 ( #2234, #2020, #1455, #723 ),
 .UNSPECIFIED., .F., .F.,
 ( 4, 4 ),
 ( 0.006609911750188061409, 0.01833093952072769456 ),
 .UNSPECIFIED. ) ;
#225 = EDGE_CURVE ( 'NONE', #113, #1991, #1284, .T. ) ;
#226 = FACE_OUTER_BOUND ( 'NONE', #449, .T. ) ;
#227 = CARTESIAN_POINT ( 'NONE',  ( -5.126469047069795337, -4.561872175228963044, 35.00000000000000000 ) ) ;
#228 = EDGE_LOOP ( 'NONE', ( #342, #218, #156, #672 ) ) ;
#229 = CC_DESIGN_PERSON_AND_ORGANIZATION_ASSIGNMENT ( #1213, #1820, ( #47 ) ) ;
#230 = ORIENTED_EDGE ( 'NONE', *, *, #1660, .T. ) ;
#231 = ORIENTED_EDGE ( 'NONE', *, *, #465, .F. ) ;
#232 = ORIENTED_EDGE ( 'NONE', *, *, #989, .F. ) ;
#233 = CARTESIAN_POINT ( 'NONE',  ( 4.000000003133249216, 15.08999999999999986, 34.00000000000000000 ) ) ;
#234 = CARTESIAN_POINT ( 'NONE',  ( 4.445448579507050191, -3.857774201066176190, 38.99999999999999289 ) ) ;
#235 = CARTESIAN_POINT ( 'NONE',  ( 7.650841701700465514, -4.308681289764481726, 39.00000000000000711 ) ) ;
#236 = CARTESIAN_POINT ( 'NONE',  ( 4.367984430937024598, -2.313817374042835606, 38.99999999999999289 ) ) ;
#237 = EDGE_CURVE ( 'NONE', #113, #314, #2239, .T. ) ;
#238 = B_SPLINE_CURVE_WITH_KNOTS ( 'NONE', 3,
 ( #38, #2286, #2125, #1190 ),
 .UNSPECIFIED., .F., .F.,
 ( 4, 4 ),
 ( 0.6796834214008427022, 0.8651634705614208443 ),
 .UNSPECIFIED. ) ;
#239 = CARTESIAN_POINT ( 'NONE',  ( 9.712385753997574867, 4.198038965563446467, 39.00000000000000711 ) ) ;
#240 = DIRECTION ( 'NONE',  ( 0.000000000000000000, 0.000000000000000000, -1.000000000000000000 ) ) ;
#241 = ORIENTED_EDGE ( 'NONE', *, *, #2361, .T. ) ;
#242 = DIRECTION ( 'NONE',  ( -0.000000000000000000, -0.000000000000000000, -1.000000000000000000 ) ) ;
#243 = ORIENTED_EDGE ( 'NONE', *, *, #294, .F. ) ;
#244 = APPROVAL_PERSON_ORGANIZATION ( #867, #651, #1973 ) ;
#245 = ORIENTED_EDGE ( 'NONE', *, *, #2429, .F. ) ;
#246 = CARTESIAN_POINT ( 'NONE',  ( -7.641945204098258060, 12.45762266531077422, 0.000000000000000000 ) ) ;
#247 = CARTESIAN_POINT ( 'NONE',  ( -8.617523936094801940, -2.427317658885335128, 39.00000000000000711 ) ) ;
#248 = CARTESIAN_POINT ( 'NONE',  ( 0.000000000000000000, 0.000000000000000000, 0.000000000000000000 ) ) ;
#249 = CARTESIAN_POINT ( 'NONE',  ( -4.945806893091605261, -4.398617857718051916, 35.00000000000000000 ) ) ;
#250 = CARTESIAN_POINT ( 'NONE',  ( 7.431558528492251625, -4.550587485942062749, 38.99999999999999289 ) ) ;
#251 = VERTEX_POINT ( 'NONE', #1873 ) ;
#252 = CARTESIAN_POINT ( 'NONE',  ( 9.375246782872787676, 7.175259957406932898, -1.694065894508600678E-18 ) ) ;
#253 = AXIS2_PLACEMENT_3D ( 'NONE', #14, #756, #1527 ) ;
#254 = ORIENTED_EDGE ( 'NONE', *, *, #1393, .T. ) ;
#255 = EDGE_CURVE ( 'NONE', #749, #1842, #29, .T. ) ;
#256 = CARTESIAN_POINT ( 'NONE',  ( 4.367984763805343285, -2.313817595071016697, 39.00000000000000711 ) ) ;
#257 = CARTESIAN_POINT ( 'NONE',  ( -9.375246782872787676, 7.175259957406940003, 9.000000000000000000 ) ) ;
#258 = FACE_OUTER_BOUND ( 'NONE', #43, .T. ) ;
#259 = CC_DESIGN_PERSON_AND_ORGANIZATION_ASSIGNMENT ( #1362, #1174, ( #2321 ) ) ;
#260 = VECTOR ( 'NONE', #1178, 1000.000000000000000 ) ;
#261 = VECTOR ( 'NONE', #11, 1000.000000000000000 ) ;
#262 = CIRCLE ( 'NONE', #2006, 1.000000000000000888 ) ;
#263 = CARTESIAN_POINT ( 'NONE',  ( 9.640475727956962615, 5.390663863964261004, 39.00000000000000711 ) ) ;
#264 = LINE ( 'NONE', #1941, #713 ) ;
#265 = DIRECTION ( 'NONE',  ( -0.7049094195536027563, -0.7092973355544224257, 0.000000000000000000 ) ) ;
#266 = ORIENTED_EDGE ( 'NONE', *, *, #895, .T. ) ;
#267 = EDGE_CURVE ( 'NONE', #2273, #2043, #2174, .T. ) ;
#268 = CARTESIAN_POINT ( 'NONE',  ( 3.674627398590979421, -3.363714272183311316, 0.000000000000000000 ) ) ;
#269 = ORIENTED_EDGE ( 'NONE', *, *, #1245, .F. ) ;
#270 = DIRECTION ( 'NONE',  ( -0.000000000000000000, -0.000000000000000000, -1.000000000000000000 ) ) ;
#271 = CARTESIAN_POINT ( 'NONE',  ( 8.572859968725147439, -2.554008870766381722, 39.00000000000000711 ) ) ;
#272 = CARTESIAN_POINT ( 'NONE',  ( 9.497094303427468631, 2.422034953012468517, 35.00000000000000000 ) ) ;
#273 = ADVANCED_FACE ( 'NONE', ( #1323 ), #1675, .F. ) ;
#274 = B_SPLINE_SURFACE_WITH_KNOTS ( 'NONE', 3, 1, ( 
 ( #290, #1398 ),
 ( #1201, #1051 ),
 ( #1007, #1958 ),
 ( #281, #126 ) ),
 .UNSPECIFIED., .F., .F., .F.,
 ( 4, 4 ),
 ( 2, 2 ),
 ( 0.2816729015106801959, 0.3492187001850854955 ),
 ( 0.000000000000000000, 1.000000000000000000 ),
 .UNSPECIFIED. ) ;
#275 = DIRECTION ( 'NONE',  ( 1.000000000000000000, 0.000000000000000000, -0.000000000000000000 ) ) ;
#276 = DIRECTION ( 'NONE',  ( -0.9491274643727209970, -0.3148921345054673804, 0.000000000000000000 ) ) ;
#277 = DIRECTION ( 'NONE',  ( -0.000000000000000000, -0.000000000000000000, -1.000000000000000000 ) ) ;
#278 = CARTESIAN_POINT ( 'NONE',  ( 9.062707349175704863, 8.520549409186013889, 8.999999999999998224 ) ) ;
#279 = ORIENTED_EDGE ( 'NONE', *, *, #509, .T. ) ;
#280 = ORIENTED_EDGE ( 'NONE', *, *, #1472, .T. ) ;
#281 = CARTESIAN_POINT ( 'NONE',  ( -9.177312422892057953, 0.2408045819316500524, 39.00000000000000711 ) ) ;
#282 = LINE ( 'NONE', #1020, #1141 ) ;
#283 = EDGE_CURVE ( 'NONE', #60, #1234, #710, .T. ) ;
#284 = FACE_OUTER_BOUND ( 'NONE', #143, .T. ) ;
#285 = CARTESIAN_POINT ( 'NONE',  ( -4.000017162515443481, 19.08999999999999986, 0.000000000000000000 ) ) ;
#286 = DIRECTION ( 'NONE',  ( -0.7745566758592025147, -0.6325045105625273223, 0.000000000000000000 ) ) ;
#287 = ORIENTED_EDGE ( 'NONE', *, *, #384, .T. ) ;
#288 = B_SPLINE_SURFACE_WITH_KNOTS ( 'NONE', 3, 1, ( 
 ( #2314, #479 ),
 ( #1193, #1963 ),
 ( #128, #654 ),
 ( #1609, #1026 ) ),
 .UNSPECIFIED., .F., .F., .F.,
 ( 4, 4 ),
 ( 2, 2 ),
 ( 0.4020355246246581915, 0.5214391071925955634 ),
 ( 0.000000000000000000, 1.000000000000000000 ),
 .UNSPECIFIED. ) ;
#289 = CARTESIAN_POINT ( 'NONE',  ( -4.000000003133249216, 17.08999999999999986, 35.00000000000000000 ) ) ;
#290 = CARTESIAN_POINT ( 'NONE',  ( -8.821576720846140418, -1.756966120516439300, 39.00000000000000711 ) ) ;
#291 = CARTESIAN_POINT ( 'NONE',  ( -8.821576602755563101, -1.756966567207280727, 39.00000000000000711 ) ) ;
#292 = VECTOR ( 'NONE', #444, 1000.000000000000000 ) ;
#293 = VECTOR ( 'NONE', #1508, 1000.000000000000000 ) ;
#294 = EDGE_CURVE ( 'NONE', #695, #1135, #363, .T. ) ;
#295 = AXIS2_PLACEMENT_3D ( 'NONE', #1165, #1743, #72 ) ;
#296 = B_SPLINE_CURVE_WITH_KNOTS ( 'NONE', 3,
 ( #1133, #1919, #2096, #1731 ),
 .UNSPECIFIED., .F., .F.,
 ( 4, 4 ),
 ( 0.2816834385692514875, 0.3492160905117013270 ),
 .UNSPECIFIED. ) ;
#297 = FACE_OUTER_BOUND ( 'NONE', #1922, .T. ) ;
#298 = CARTESIAN_POINT ( 'NONE',  ( 9.204626165685747097, 0.4528893774526899785, 38.99999999999999289 ) ) ;
#299 = CARTESIAN_POINT ( 'NONE',  ( -7.797355027236243075, -4.107460268149213611, 35.00000000000000711 ) ) ;
#300 = EDGE_LOOP ( 'NONE', ( #1657, #683, #1326, #407, #1246, #684 ) ) ;
#301 = ORIENTED_EDGE ( 'NONE', *, *, #2144, .T. ) ;
#302 = VERTEX_POINT ( 'NONE', #1143 ) ;
#303 = FACE_OUTER_BOUND ( 'NONE', #915, .T. ) ;
#304 = CARTESIAN_POINT ( 'NONE',  ( 4.263888127551777707, -2.650209835215790566, 39.00000000000000711 ) ) ;
#305 = PERSON_AND_ORGANIZATION_ROLE ( 'creator' ) ;
#306 = B_SPLINE_CURVE_WITH_KNOTS ( 'NONE', 3,
 ( #2079, #2428, #399, #1498, #949 ),
 .UNSPECIFIED., .F., .F.,
 ( 4, 1, 4 ),
 ( 0.8637321582456860547, 0.8649242606426149615, 0.9113438188288790487 ),
 .UNSPECIFIED. ) ;
#307 = EDGE_CURVE ( 'NONE', #177, #759, #1898, .T. ) ;
#308 = B_SPLINE_CURVE_WITH_KNOTS ( 'NONE', 3,
 ( #257, #2308, #1748, #620 ),
 .UNSPECIFIED., .F., .F.,
 ( 4, 4 ),
 ( 0.5899082117473606335, 0.7328871071223813649 ),
 .UNSPECIFIED. ) ;
#309 = ADVANCED_FACE ( 'NONE', ( #226 ), #1986, .T. ) ;
#310 = CARTESIAN_POINT ( 'NONE',  ( 1.429791614965258972E-15, 14.00000000000000000, 34.00000000000000000 ) ) ;
#311 = VERTEX_POINT ( 'NONE', #726 ) ;
#312 = CARTESIAN_POINT ( 'NONE',  ( -8.618415672381555481, -2.424729041527462048, 39.00000000000000711 ) ) ;
#313 = B_SPLINE_CURVE_WITH_KNOTS ( 'NONE', 3,
 ( #1195, #1379, #278, #1554 ),
 .UNSPECIFIED., .F., .F.,
 ( 4, 4 ),
 ( 0.2671128928776186351, 0.4100917882526396441 ),
 .UNSPECIFIED. ) ;
#314 = VERTEX_POINT ( 'NONE', #377 ) ;
#315 = LINE ( 'NONE', #495, #868 ) ;
#316 = MANIFOLD_SOLID_BREP ( 'Cut-Extrude1', #1961 ) ;
#317 = LOCAL_TIME ( 17, 35, 44.00000000000000000, #1983 ) ;
#318 = FACE_OUTER_BOUND ( 'NONE', #910, .T. ) ;
#319 = CARTESIAN_POINT ( 'NONE',  ( 6.365283429487019085, -5.079308189485790770, 38.99999999999999289 ) ) ;
#320 = CARTESIAN_POINT ( 'NONE',  ( -7.433521026593789216, -4.548599902633364778, 39.00000000000000000 ) ) ;
#321 = EDGE_CURVE ( 'NONE', #1991, #2395, #1663, .T. ) ;
#322 = ORIENTED_EDGE ( 'NONE', *, *, #2220, .T. ) ;
#323 = CARTESIAN_POINT ( 'NONE',  ( 7.747136604462968812, -4.177437937830212888, 39.00000000000000711 ) ) ;
#324 = CARTESIAN_POINT ( 'NONE',  ( 8.992298787506904034, -1.102788111067417809, 35.00000000000000000 ) ) ;
#325 = CALENDAR_DATE ( 2026, 30, 5 ) ;
#326 = EDGE_CURVE ( 'NONE', #880, #177, #1, .T. ) ;
#327 = PRODUCT_DEFINITION ( 'UNKNOWN', '', #47, #1079 ) ;
#328 = CARTESIAN_POINT ( 'NONE',  ( -8.076267207905262424, 10.88084071336665026, 0.000000000000000000 ) ) ;
#329 = CARTESIAN_POINT ( 'NONE',  ( -0.04408350166542258919, 14.99902784990255178, 35.00000000000000000 ) ) ;
#330 = ORIENTED_EDGE ( 'NONE', *, *, #500, .T. ) ;
#331 = CARTESIAN_POINT ( 'NONE',  ( -7.265915424661499422, 8.897744133705373315, -0.000000000000000000 ) ) ;
#332 = CARTESIAN_POINT ( 'NONE',  ( -7.433523676207837383, -4.548602522595252218, 39.00000000000000711 ) ) ;
#333 = ORIENTED_EDGE ( 'NONE', *, *, #1349, .F. ) ;
#334 = B_SPLINE_SURFACE_WITH_KNOTS ( 'NONE', 3, 1, ( 
 ( #1856, #1037 ),
 ( #1102, #1277 ),
 ( #836, #2341 ),
 ( #1830, #698 ),
 ( #183, #1843 ) ),
 .UNSPECIFIED., .F., .F., .F.,
 ( 4, 1, 4 ),
 ( 2, 2 ),
 ( 0.1768459392934705332, 0.1768755533965834237, 0.1931035115917080769 ),
 ( 0.000000000000000000, 1.000000000000000000 ),
 .UNSPECIFIED. ) ;
#335 = PLANE ( 'NONE',  #1144 ) ;
#336 = ORIENTED_EDGE ( 'NONE', *, *, #1423, .T. ) ;
#337 = LINE ( 'NONE', #905, #1298 ) ;
#338 = DIRECTION ( 'NONE',  ( 0.000000000000000000, -1.000000000000000000, 0.000000000000000000 ) ) ;
#339 = CARTESIAN_POINT ( 'NONE',  ( 0.6899194973137960929, 14.03044366456501280, 34.99999999995885247 ) ) ;
#340 = VERTEX_POINT ( 'NONE', #1120 ) ;
#341 = CARTESIAN_POINT ( 'NONE',  ( 0.000000000000000000, 0.000000000000000000, 35.00000000000000000 ) ) ;
#342 = ORIENTED_EDGE ( 'NONE', *, *, #2176, .F. ) ;
#343 = CARTESIAN_POINT ( 'NONE',  ( -4.000039090279206455, 13.46641801628084600, 39.00000000000000711 ) ) ;
#344 = EDGE_LOOP ( 'NONE', ( #2201, #1932, #191, #1600 ) ) ;
#345 = CARTESIAN_POINT ( 'NONE',  ( -5.758886529864790660, 12.82390060542199350, 39.00000000000000711 ) ) ;
#346 = ADVANCED_FACE ( 'NONE', ( #199 ), #1688, .T. ) ;
#347 = CARTESIAN_POINT ( 'NONE',  ( -4.000000003133250104, 14.38431016205392510, 35.00000000000000000 ) ) ;
#348 = APPROVAL_PERSON_ORGANIZATION ( #2182, #1401, #104 ) ;
#349 = DIRECTION ( 'NONE',  ( 1.000000000000000000, 0.000000000000000000, 0.000000000000000000 ) ) ;
#350 = ORIENTED_EDGE ( 'NONE', *, *, #120, .F. ) ;
#351 = CARTESIAN_POINT ( 'NONE',  ( -4.000039146629744025, 13.46641852818939533, 35.00000000000000000 ) ) ;
#352 = CARTESIAN_POINT ( 'NONE',  ( -4.000000003133249216, 14.51984280285398832, 35.00000000000000000 ) ) ;
#353 = ORIENTED_EDGE ( 'NONE', *, *, #114, .F. ) ;
#354 = EDGE_CURVE ( 'NONE', #1106, #1545, #2059, .T. ) ;
#355 = ORIENTED_EDGE ( 'NONE', *, *, #1081, .F. ) ;
#356 = CARTESIAN_POINT ( 'NONE',  ( -2.698514751686741597, 14.83969957142990204, 35.00000000000000000 ) ) ;
#357 = VERTEX_POINT ( 'NONE', #2095 ) ;
#358 = CARTESIAN_POINT ( 'NONE',  ( 0.02677103131183272700, 13.99881869078671492, 35.00000000000000000 ) ) ;
#359 = PLANE ( 'NONE',  #2368 ) ;
#360 = EDGE_CURVE ( 'NONE', #1451, #1614, #2328, .T. ) ;
#361 = VECTOR ( 'NONE', #468, 999.9999999999998863 ) ;
#362 = AXIS2_PLACEMENT_3D ( 'NONE', #1316, #170, #1867 ) ;
#363 = LINE ( 'NONE', #2063, #2045 ) ;
#364 = ORIENTED_EDGE ( 'NONE', *, *, #680, .F. ) ;
#365 = CARTESIAN_POINT ( 'NONE',  ( -8.076267207905260648, 10.88084071336665026, 8.000000000000000000 ) ) ;
#366 = CARTESIAN_POINT ( 'NONE',  ( -9.212395376139159708, 5.240443502959773348, 9.000000000000000000 ) ) ;
#367 = ORIENTED_EDGE ( 'NONE', *, *, #537, .T. ) ;
#368 = ADVANCED_FACE ( 'NONE', ( #2278 ), #874, .F. ) ;
#369 = ORIENTED_EDGE ( 'NONE', *, *, #1194, .F. ) ;
#370 = DIRECTION ( 'NONE',  ( 0.000000000000000000, 0.000000000000000000, -1.000000000000000000 ) ) ;
#371 = ORIENTED_EDGE ( 'NONE', *, *, #225, .F. ) ;
#372 = CARTESIAN_POINT ( 'NONE',  ( 9.185316638463554284, 0.7221315108641920277, 39.00000000000000711 ) ) ;
#373 = LINE ( 'NONE', #561, #261 ) ;
#374 = CARTESIAN_POINT ( 'NONE',  ( 7.431977293789631567, -4.550165699393445173, 35.00000000000000000 ) ) ;
#375 = UNCERTAINTY_MEASURE_WITH_UNIT (LENGTH_MEASURE( 1.000000000000000082E-05 ), #2310, 'distance_accuracy_value', 'NONE');
#376 = CARTESIAN_POINT ( 'NONE',  ( 4.880456176970372262, -4.326807833918657309, 38.99999999999999289 ) ) ;
#377 = CARTESIAN_POINT ( 'NONE',  ( 5.924365933332302880, 11.02060833412632412, 0.000000000000000000 ) ) ;
#378 = DIRECTION ( 'NONE',  ( 0.7049100571177007168, -0.7092967019339085910, 0.000000000000000000 ) ) ;
#379 = CARTESIAN_POINT ( 'NONE',  ( -5.034249088670950556, -4.483911735380708308, 35.00000000000000000 ) ) ;
#380 = ORIENTED_EDGE ( 'NONE', *, *, #480, .F. ) ;
#381 = ADVANCED_FACE ( 'NONE', ( #812 ), #1741, .T. ) ;
#382 = CARTESIAN_POINT ( 'NONE',  ( 7.659488179946636777, 10.85545444410419158, -1.694065894508600678E-18 ) ) ;
#383 = ORIENTED_EDGE ( 'NONE', *, *, #76, .F. ) ;
#384 = EDGE_CURVE ( 'NONE', #1693, #818, #198, .T. ) ;
#385 = DIRECTION ( 'NONE',  ( 0.000000000000000000, -0.000000000000000000, 1.000000000000000000 ) ) ;
#386 = LINE ( 'NONE', #1871, #595 ) ;
#387 = DIRECTION ( 'NONE',  ( -0.4944464263296822204, -0.8692081059733659520, 0.000000000000000000 ) ) ;
#388 = DIRECTION ( 'NONE',  ( 0.000000000000000000, 0.000000000000000000, -1.000000000000000000 ) ) ;
#389 = CARTESIAN_POINT ( 'NONE',  ( -9.640479560934426928, 5.390608573129217262, 35.00000000000000000 ) ) ;
#390 = VERTEX_POINT ( 'NONE', #94 ) ;
#391 = CC_DESIGN_SECURITY_CLASSIFICATION ( #1130, ( #47 ) ) ;
#392 = ORIENTED_EDGE ( 'NONE', *, *, #1466, .T. ) ;
#393 = DIRECTION ( 'NONE',  ( -0.000000000000000000, -0.000000000000000000, -1.000000000000000000 ) ) ;
#394 = ORIENTED_EDGE ( 'NONE', *, *, #1909, .F. ) ;
#395 = B_SPLINE_CURVE_WITH_KNOTS ( 'NONE', 3,
 ( #1182, #981, #439, #1734 ),
 .UNSPECIFIED., .F., .F.,
 ( 4, 4 ),
 ( 0.000000000000000000, 1.000000000000000000 ),
 .UNSPECIFIED. ) ;
#396 = DIRECTION ( 'NONE',  ( -1.000000000000000000, -0.000000000000000000, 0.000000000000000000 ) ) ;
#397 = CARTESIAN_POINT ( 'NONE',  ( 4.000000003133249216, 16.08999999999999986, 0.000000000000000000 ) ) ;
#398 = CARTESIAN_POINT ( 'NONE',  ( 6.993156128355649592, -4.895800645819757158, 35.00000000000000000 ) ) ;
#399 = CARTESIAN_POINT ( 'NONE',  ( -5.953508283933229173, -5.085747876973870873, 39.00000000000000711 ) ) ;
#400 = CC_DESIGN_PERSON_AND_ORGANIZATION_ASSIGNMENT ( #2340, #305, ( #327 ) ) ;
#401 = CARTESIAN_POINT ( 'NONE',  ( -4.000017162515443481, 19.08999999999999986, 0.000000000000000000 ) ) ;
#402 = LINE ( 'NONE', #365, #404 ) ;
#403 = DIRECTION ( 'NONE',  ( 1.000000000000000000, -0.000000000000000000, -0.000000000000000000 ) ) ;
#404 = VECTOR ( 'NONE', #388, 1000.000000000000000 ) ;
#405 = ORIENTED_EDGE ( 'NONE', *, *, #864, .F. ) ;
#406 = EDGE_LOOP ( 'NONE', ( #1430, #2029, #1454, #241 ) ) ;
#407 = ORIENTED_EDGE ( 'NONE', *, *, #2064, .F. ) ;
#408 = AXIS2_PLACEMENT_3D ( 'NONE', #881, #2042, #2381 ) ;
#409 = ADVANCED_FACE ( 'NONE', ( #81 ), #424, .F. ) ;
#410 = CARTESIAN_POINT ( 'NONE',  ( 4.000000003133249216, 14.51984280285399009, 35.00000000000000000 ) ) ;
#411 = DIRECTION ( 'NONE',  ( 1.000000000000000000, 0.000000000000000000, 0.000000000000000000 ) ) ;
#412 = CARTESIAN_POINT ( 'NONE',  ( -2.691469422700832226, 13.82500122037053991, 33.99999999999999289 ) ) ;
#413 = ADVANCED_FACE ( 'NONE', ( #284 ), #639, .F. ) ;
#414 = CARTESIAN_POINT ( 'NONE',  ( 6.375568301259502135, -5.079014246466874383, 35.00000000000000711 ) ) ;
#415 = DIRECTION ( 'NONE',  ( 0.000000000000000000, -1.000000000000000000, 0.000000000000000000 ) ) ;
#416 = EDGE_LOOP ( 'NONE', ( #2168, #568, #785, #2215 ) ) ;
#417 = CARTESIAN_POINT ( 'NONE',  ( -9.177312422554757987, 0.2408045793126192824, 39.00000000000000711 ) ) ;
#418 = ORIENTED_EDGE ( 'NONE', *, *, #1640, .F. ) ;
#419 = DIRECTION ( 'NONE',  ( -0.9756518749387852463, 0.2193249163420177561, 0.000000000000000000 ) ) ;
#420 = CARTESIAN_POINT ( 'NONE',  ( -8.618419389612917314, -2.424730327722834922, 35.00000000000000000 ) ) ;
#421 = CARTESIAN_POINT ( 'NONE',  ( -3.681783407370956329, 13.57834992404763241, 34.00000000000000000 ) ) ;
#422 = ADVANCED_FACE ( 'NONE', ( #1952 ), #1375, .T. ) ;
#423 = B_SPLINE_CURVE_WITH_KNOTS ( 'NONE', 2,
 ( #1696, #37, #2089 ),
 .UNSPECIFIED., .F., .F.,
 ( 3, 3 ),
 ( 0.000000000000000000, 1.000000000000000000 ),
 .UNSPECIFIED. ) ;
#424 = PLANE ( 'NONE',  #588 ) ;
#425 = DIRECTION ( 'NONE',  ( 0.000000000000000000, 0.000000000000000000, -1.000000000000000000 ) ) ;
#426 = ORIENTED_EDGE ( 'NONE', *, *, #900, .T. ) ;
#427 = ADVANCED_FACE ( 'NONE', ( #40 ), #780, .F. ) ;
#428 = CARTESIAN_POINT ( 'NONE',  ( 8.613285959645013534, -2.439534386058965776, 38.99999999999999289 ) ) ;
#429 = ORIENTED_EDGE ( 'NONE', *, *, #1723, .F. ) ;
#430 = CARTESIAN_POINT ( 'NONE',  ( -1.403191068375136092E-15, 14.00000000000000000, 0.000000000000000000 ) ) ;
#431 = CARTESIAN_POINT ( 'NONE',  ( 4.000000003133249216, 14.38442763933755941, 35.00000000000000711 ) ) ;
#432 = CARTESIAN_POINT ( 'NONE',  ( 8.613282949362988106, -2.439533263570020871, 34.99999999999998579 ) ) ;
#433 = DIRECTION ( 'NONE',  ( 0.000000000000000000, 0.000000000000000000, -1.000000000000000000 ) ) ;
#434 = ADVANCED_FACE ( 'NONE', ( #1730 ), #1821, .T. ) ;
#435 = CARTESIAN_POINT ( 'NONE',  ( -5.127284175882810047, -4.562562216265925841, 39.00000000000000711 ) ) ;
#436 = CARTESIAN_POINT ( 'NONE',  ( 3.582004406822046683, 14.15806095620767557, 0.000000000000000000 ) ) ;
#437 = LINE ( 'NONE', #1377, #1896 ) ;
#438 = VERTEX_POINT ( 'NONE', #999 ) ;
#439 = CARTESIAN_POINT ( 'NONE',  ( -8.597439887438222073, -2.485435553158695576, 34.99999999999999289 ) ) ;
#440 = VECTOR ( 'NONE', #387, 1000.000000000000000 ) ;
#441 = ORIENTED_EDGE ( 'NONE', *, *, #1446, .F. ) ;
#442 = AXIS2_PLACEMENT_3D ( 'NONE', #1281, #1256, #906 ) ;
#443 = DIRECTION ( 'NONE',  ( 0.000000000000000000, -1.000000000000000000, 0.000000000000000000 ) ) ;
#444 = DIRECTION ( 'NONE',  ( -0.000000000000000000, -0.000000000000000000, -1.000000000000000000 ) ) ;
#445 = CARTESIAN_POINT ( 'NONE',  ( 8.593339473894499037, -2.496861053019556298, 39.00000000000000711 ) ) ;
#446 = DIRECTION ( 'NONE',  ( -1.000000000000000000, 0.000000000000000000, 0.000000000000000000 ) ) ;
#447 = CARTESIAN_POINT ( 'NONE',  ( 9.567941014412383538, 2.997706486881289933, 35.00000000000000000 ) ) ;
#448 = CARTESIAN_POINT ( 'NONE',  ( -9.503507528675925187, 9.444716115457950423, -0.000000000000000000 ) ) ;
#449 = EDGE_LOOP ( 'NONE', ( #932, #5, #279, #1357 ) ) ;
#450 = ORIENTED_EDGE ( 'NONE', *, *, #159, .F. ) ;
#451 = VERTEX_POINT ( 'NONE', #1191 ) ;
#452 = DIRECTION ( 'NONE',  ( -0.000000000000000000, -0.000000000000000000, -1.000000000000000000 ) ) ;
#453 = APPLICATION_CONTEXT ( 'configuration controlled 3d designs of mechanical parts and assemblies' ) ;
#454 = LINE ( 'NONE', #1018, #1336 ) ;
#455 = DIRECTION ( 'NONE',  ( -0.000000000000000000, -0.000000000000000000, -1.000000000000000000 ) ) ;
#456 = CARTESIAN_POINT ( 'NONE',  ( -7.117760466827412813, 14.31408113940375237, 39.00000000000001421 ) ) ;
#457 = CARTESIAN_POINT ( 'NONE',  ( 9.680077133957668778, 4.819431851898179353, 35.00000000000000000 ) ) ;
#458 = ADVANCED_FACE ( 'NONE', ( #1940 ), #1405, .F. ) ;
#459 = B_SPLINE_SURFACE_WITH_KNOTS ( 'NONE', 3, 1, ( 
 ( #256, #606 ),
 ( #1591, #466 ),
 ( #77, #1200 ),
 ( #1210, #2346 ) ),
 .UNSPECIFIED., .F., .F., .F.,
 ( 4, 4 ),
 ( 2, 2 ),
 ( 0.006609913827548271475, 0.01833093952075305275 ),
 ( 0.000000000000000000, 1.000000000000000000 ),
 .UNSPECIFIED. ) ;
#460 = CARTESIAN_POINT ( 'NONE',  ( -4.000000003133249216, 0.000000000000000000, 39.00000000000000711 ) ) ;
#461 = LINE ( 'NONE', #2272, #2287 ) ;
#462 = CARTESIAN_POINT ( 'NONE',  ( 6.590497880048571844, -5.071434342964994180, 35.00000000000000000 ) ) ;
#463 = CARTESIAN_POINT ( 'NONE',  ( -8.553078510096494114, -2.607535155045253017, 39.00000000000000711 ) ) ;
#464 = ORIENTED_EDGE ( 'NONE', *, *, #1733, .F. ) ;
#465 = EDGE_CURVE ( 'NONE', #524, #2315, #2094, .T. ) ;
#466 = CARTESIAN_POINT ( 'NONE',  ( 4.319051649478590882, -2.420806831842124307, 34.99999999999999289 ) ) ;
#467 = DIRECTION ( 'NONE',  ( -0.000000000000000000, -0.000000000000000000, -1.000000000000000000 ) ) ;
#468 = DIRECTION ( 'NONE',  ( -0.9491277474186702312, 0.3148912813654280440, 0.000000000000000000 ) ) ;
#469 = CARTESIAN_POINT ( 'NONE',  ( -2.540516644335361285, 14.86724412109363591, 35.00000000000000000 ) ) ;
#470 = CARTESIAN_POINT ( 'NONE',  ( -6.993156128355649592, -4.895800645819757158, 39.00000000000000711 ) ) ;
#471 = EDGE_LOOP ( 'NONE', ( #2056, #1490, #383, #604, #1099, #441, #1770, #2118, #1378, #1866, #1110, #2218, #1679, #2192, #1198 ) ) ;
#472 = CARTESIAN_POINT ( 'NONE',  ( -4.000017162515443481, 16.08999999999999986, 34.00000000000000000 ) ) ;
#473 = EDGE_LOOP ( 'NONE', ( #2164, #705, #504, #540 ) ) ;
#474 = CARTESIAN_POINT ( 'NONE',  ( 9.402307669017131886, 1.811483077722924495, 38.99999999999999289 ) ) ;
#475 = DIRECTION ( 'NONE',  ( -0.000000000000000000, -0.000000000000000000, -1.000000000000000000 ) ) ;
#476 = CARTESIAN_POINT ( 'NONE',  ( 9.177312422892054400, 0.2408045819316501635, 39.00000000000000711 ) ) ;
#477 = ADVANCED_FACE ( 'NONE', ( #297 ), #334, .F. ) ;
#478 = B_SPLINE_CURVE_WITH_KNOTS ( 'NONE', 3,
 ( #195, #933, #1725, #1524 ),
 .UNSPECIFIED., .F., .F.,
 ( 4, 4 ),
 ( 0.8183841062770002006, 0.8385108987516823875 ),
 .UNSPECIFIED. ) ;
#479 = CARTESIAN_POINT ( 'NONE',  ( -9.402307648830120712, 1.811482947691793077, 35.00000000000000000 ) ) ;
#480 = EDGE_CURVE ( 'NONE', #2258, #2345, #1505, .T. ) ;
#481 = CARTESIAN_POINT ( 'NONE',  ( 1.429791614965258972E-15, 14.00000000000000178, 35.00000000000000000 ) ) ;
#482 = ORIENTED_EDGE ( 'NONE', *, *, #1546, .T. ) ;
#483 = CARTESIAN_POINT ( 'NONE',  ( -8.296949996653708581, 9.918215194133203738, 35.00000000000000000 ) ) ;
#484 = DIRECTION ( 'NONE',  ( 0.2193249163420177283, 0.9756518749387852463, 0.000000000000000000 ) ) ;
#485 = ORIENTED_EDGE ( 'NONE', *, *, #787, .F. ) ;
#486 = LINE ( 'NONE', #2148, #1699 ) ;
#487 = CALENDAR_DATE ( 2026, 30, 5 ) ;
#488 = CARTESIAN_POINT ( 'NONE',  ( -4.000039090279206455, 13.46641801628084600, 39.00000000000000711 ) ) ;
#489 = EDGE_CURVE ( 'NONE', #1135, #1819, #1791, .T. ) ;
#490 = CARTESIAN_POINT ( 'NONE',  ( 8.551816711783084557, -2.610947986023663514, 38.99999999999999289 ) ) ;
#491 = CARTESIAN_POINT ( 'NONE',  ( 2.928295415891239539, 14.81685025998427641, 34.99999999999998579 ) ) ;
#492 = ORIENTED_EDGE ( 'NONE', *, *, #465, .T. ) ;
#493 = VERTEX_POINT ( 'NONE', #1444 ) ;
#494 = ORIENTED_EDGE ( 'NONE', *, *, #187, .T. ) ;
#495 = CARTESIAN_POINT ( 'NONE',  ( -4.950000000000000178, 0.000000000000000000, 35.00000000000000000 ) ) ;
#496 = PERSON_AND_ORGANIZATION ( #119, #1237 ) ;
#497 = B_SPLINE_SURFACE_WITH_KNOTS ( 'NONE', 3, 1, ( 
 ( #1994, #328 ),
 ( #1231, #1119 ),
 ( #1714, #2288 ),
 ( #740, #1335 ) ),
 .UNSPECIFIED., .F., .F., .F.,
 ( 4, 4 ),
 ( 2, 2 ),
 ( 0.000000000000000000, 1.000000000000000000 ),
 ( 0.000000000000000000, 1.000000000000000000 ),
 .UNSPECIFIED. ) ;
#498 = CARTESIAN_POINT ( 'NONE',  ( 4.000000003133249216, 13.46641801628086377, 36.33333333333333570 ) ) ;
#499 = CARTESIAN_POINT ( 'NONE',  ( 4.319051713892031685, -2.420806624085830805, 34.99999999999999289 ) ) ;
#500 = EDGE_CURVE ( 'NONE', #1109, #1531, #171, .T. ) ;
#501 = CARTESIAN_POINT ( 'NONE',  ( -6.804607277773948582, -5.002307354649254023, 39.00000000000000711 ) ) ;
#502 = ORIENTED_EDGE ( 'NONE', *, *, #1041, .F. ) ;
#503 = FACE_OUTER_BOUND ( 'NONE', #2012, .T. ) ;
#504 = ORIENTED_EDGE ( 'NONE', *, *, #321, .T. ) ;
#505 = ORIENTED_EDGE ( 'NONE', *, *, #76, .T. ) ;
#506 = CARTESIAN_POINT ( 'NONE',  ( -0.7138818634811469055, 15.02814419328756657, 35.00000000000000000 ) ) ;
#507 = EDGE_LOOP ( 'NONE', ( #1394, #1289, #394, #2406, #2120, #966, #2257, #1555, #1835, #1533, #828, #1864 ) ) ;
#508 = COORDINATED_UNIVERSAL_TIME_OFFSET ( 8, 0, .BEHIND. ) ;
#509 = EDGE_CURVE ( 'NONE', #1752, #969, #2299, .T. ) ;
#510 = CARTESIAN_POINT ( 'NONE',  ( -8.297179967528922617, 9.917823881671585795, 39.00000000000000711 ) ) ;
#511 = VECTOR ( 'NONE', #1988, 1000.000000000000000 ) ;
#512 = VECTOR ( 'NONE', #563, 1000.000000000000000 ) ;
#513 = CARTESIAN_POINT ( 'NONE',  ( -4.000000003133249216, 13.46643229516696749, 34.13574294119831620 ) ) ;
#514 = B_SPLINE_CURVE_WITH_KNOTS ( 'NONE', 3,
 ( #1806, #829, #2334, #1783 ),
 .UNSPECIFIED., .F., .F.,
 ( 4, 4 ),
 ( 0.000000000000000000, 1.000000000000000000 ),
 .UNSPECIFIED. ) ;
#515 = VECTOR ( 'NONE', #403, 1000.000000000000000 ) ;
#516 = CARTESIAN_POINT ( 'NONE',  ( -9.212395376139159708, 5.240443502959773348, 9.000000000000000000 ) ) ;
#517 = VERTEX_POINT ( 'NONE', #1672 ) ;
#518 = CARTESIAN_POINT ( 'NONE',  ( -9.177312422554757987, 0.2408045793126192824, 39.00000000000000711 ) ) ;
#519 = DIRECTION ( 'NONE',  ( -0.000000000000000000, -0.000000000000000000, -1.000000000000000000 ) ) ;
#520 = ORIENTED_EDGE ( 'NONE', *, *, #537, .F. ) ;
#521 = EDGE_CURVE ( 'NONE', #1135, #593, #160, .T. ) ;
#522 = ORIENTED_EDGE ( 'NONE', *, *, #2073, .T. ) ;
#523 = CARTESIAN_POINT ( 'NONE',  ( -2.369734177203790093, 14.89206595702708924, 35.00000000000000000 ) ) ;
#524 = VERTEX_POINT ( 'NONE', #1482 ) ;
#525 = CARTESIAN_POINT ( 'NONE',  ( -2.643224550277688767, 11.75820345163679193, 9.000000000000000000 ) ) ;
#526 = CARTESIAN_POINT ( 'NONE',  ( 8.997933409387925963, 11.55304818225744157, 0.000000000000000000 ) ) ;
#527 = ORIENTED_EDGE ( 'NONE', *, *, #2350, .F. ) ;
#528 = CARTESIAN_POINT ( 'NONE',  ( -6.804607277773948582, -5.002307354649254023, 39.00000000000000711 ) ) ;
#529 = ORIENTED_EDGE ( 'NONE', *, *, #1425, .F. ) ;
#530 = ORIENTED_EDGE ( 'NONE', *, *, #2073, .F. ) ;
#531 = CARTESIAN_POINT ( 'NONE',  ( 5.035509893958733940, -4.484362692308120124, 34.99999999999999289 ) ) ;
#532 = ORIENTED_EDGE ( 'NONE', *, *, #950, .T. ) ;
#533 = CARTESIAN_POINT ( 'NONE',  ( 5.952040274615381321, 13.01828409750224580, 8.000000000000000000 ) ) ;
#534 = EDGE_CURVE ( 'NONE', #1627, #1443, #547, .T. ) ;
#535 = CARTESIAN_POINT ( 'NONE',  ( -4.356831908647794016, 14.40093962439356901, 35.00000000000000000 ) ) ;
#536 = VERTEX_POINT ( 'NONE', #653 ) ;
#537 = EDGE_CURVE ( 'NONE', #980, #1234, #337, .T. ) ;
#538 = LOCAL_TIME ( 17, 35, 44.00000000000000000, #508 ) ;
#539 = CARTESIAN_POINT ( 'NONE',  ( -8.821657620173670722, -1.756660089433665473, 35.00000000000000000 ) ) ;
#540 = ORIENTED_EDGE ( 'NONE', *, *, #1344, .T. ) ;
#541 = CARTESIAN_POINT ( 'NONE',  ( -7.611363284069400770, 10.64137413971365831, 0.000000000000000000 ) ) ;
#542 = CARTESIAN_POINT ( 'NONE',  ( 0.000000000000000000, 0.000000000000000000, 0.000000000000000000 ) ) ;
#543 = VERTEX_POINT ( 'NONE', #1347 ) ;
#544 = CARTESIAN_POINT ( 'NONE',  ( -9.567941014412383538, 2.997706486881289933, 35.00000000000000000 ) ) ;
#545 = VERTEX_POINT ( 'NONE', #1138 ) ;
#546 = CARTESIAN_POINT ( 'NONE',  ( 9.212395376139159708, 5.240443502959773348, 9.000000000000000000 ) ) ;
#547 = LINE ( 'NONE', #1266, #1812 ) ;
#548 = CARTESIAN_POINT ( 'NONE',  ( 7.367356276138588456, 11.49988467206581078, 35.00000000000000000 ) ) ;
#549 = CARTESIAN_POINT ( 'NONE',  ( -1.403191068375136092E-15, 14.00000000000000000, 34.00000000000000000 ) ) ;
#550 = AXIS2_PLACEMENT_3D ( 'NONE', #1910, #2140, #1205 ) ;
#551 = ADVANCED_FACE ( 'NONE', ( #1892 ), #2186, .T. ) ;
#552 = B_SPLINE_CURVE_WITH_KNOTS ( 'NONE', 1,
 ( #518, #851 ),
 .UNSPECIFIED., .F., .F.,
 ( 2, 2 ),
 ( 0.000000000000000000, 1.000000000000000000 ),
 .UNSPECIFIED. ) ;
#553 = AXIS2_PLACEMENT_3D ( 'NONE', #1149, #799, #1534 ) ;
#554 = DIRECTION ( 'NONE',  ( -0.000000000000000000, -0.000000000000000000, -1.000000000000000000 ) ) ;
#555 = CARTESIAN_POINT ( 'NONE',  ( 6.502737300916392016, 17.31249854897099283, 8.000000000000000000 ) ) ;
#556 = CARTESIAN_POINT ( 'NONE',  ( 9.640475699813508825, 5.390664269920724117, 35.00000000000000000 ) ) ;
#557 = ORIENTED_EDGE ( 'NONE', *, *, #914, .F. ) ;
#558 = ORIENTED_EDGE ( 'NONE', *, *, #1059, .T. ) ;
#559 = CARTESIAN_POINT ( 'NONE',  ( -6.993154736041435449, -4.895801445721168932, 35.00000000000000000 ) ) ;
#560 = VERTEX_POINT ( 'NONE', #789 ) ;
#561 = CARTESIAN_POINT ( 'NONE',  ( 8.076257427466986272, 10.88084797285705463, 8.000000000000000000 ) ) ;
#562 = LINE ( 'NONE', #209, #1968 ) ;
#563 = DIRECTION ( 'NONE',  ( 0.000000000000000000, 0.000000000000000000, -1.000000000000000000 ) ) ;
#564 = CARTESIAN_POINT ( 'NONE',  ( 8.613285959645013534, -2.439534386058965776, 35.00000000000000000 ) ) ;
#565 = CARTESIAN_POINT ( 'NONE',  ( -5.127284483936604076, -4.562561254613973993, 39.00000000000000711 ) ) ;
#566 = CARTESIAN_POINT ( 'NONE',  ( -4.000000003133249216, 15.75666666666666593, 35.00000000000000000 ) ) ;
#567 = ORIENTED_EDGE ( 'NONE', *, *, #945, .F. ) ;
#568 = ORIENTED_EDGE ( 'NONE', *, *, #577, .F. ) ;
#569 = PLANE ( 'NONE',  #1034 ) ;
#570 = ORIENTED_EDGE ( 'NONE', *, *, #1334, .T. ) ;
#571 = EDGE_CURVE ( 'NONE', #1272, #2258, #1387, .T. ) ;
#572 = CARTESIAN_POINT ( 'NONE',  ( -8.358385504054124837, -3.134455539875895091, 39.00000000000000711 ) ) ;
#573 = CARTESIAN_POINT ( 'NONE',  ( 4.000000003133249216, 16.08999999999999986, 0.000000000000000000 ) ) ;
#574 = CARTESIAN_POINT ( 'NONE',  ( 8.635840350009027944, -2.374616116317613379, 38.99999999999999289 ) ) ;
#575 = CARTESIAN_POINT ( 'NONE',  ( -7.611363284069400770, 10.64137413971365653, 9.000000000000000000 ) ) ;
#576 = CARTESIAN_POINT ( 'NONE',  ( 9.333043294146186497, 10.31266823328066629, 0.000000000000000000 ) ) ;
#577 = EDGE_CURVE ( 'NONE', #560, #1567, #373, .T. ) ;
#578 = CARTESIAN_POINT ( 'NONE',  ( 3.672489116094590944, 14.62205895542133760, 35.00000000000000711 ) ) ;
#579 = CARTESIAN_POINT ( 'NONE',  ( -7.641945204098258060, 12.45762266531077422, 8.000000000000000000 ) ) ;
#580 = ORIENTED_EDGE ( 'NONE', *, *, #1104, .F. ) ;
#581 = DIRECTION ( 'NONE',  ( -0.000000000000000000, -0.000000000000000000, -1.000000000000000000 ) ) ;
#582 = VERTEX_POINT ( 'NONE', #220 ) ;
#583 = CARTESIAN_POINT ( 'NONE',  ( -9.093764833036443562, -0.4079217682229456798, 35.00000000000000000 ) ) ;
#584 = LINE ( 'NONE', #1549, #2196 ) ;
#585 = CARTESIAN_POINT ( 'NONE',  ( 7.546359130611937083, -4.434250899306033666, 39.00000000000000711 ) ) ;
#586 = EDGE_CURVE ( 'NONE', #2367, #1861, #2415, .T. ) ;
#587 = CARTESIAN_POINT ( 'NONE',  ( -4.000017162513826996, 19.08999640452194413, 8.000000000000000000 ) ) ;
#588 = AXIS2_PLACEMENT_3D ( 'NONE', #460, #275, #1154 ) ;
#589 = DIRECTION ( 'NONE',  ( 0.000000000000000000, 0.000000000000000000, -1.000000000000000000 ) ) ;
#590 = FACE_OUTER_BOUND ( 'NONE', #1966, .T. ) ;
#591 = VECTOR ( 'NONE', #679, 1000.000000000000000 ) ;
#592 = ORIENTED_EDGE ( 'NONE', *, *, #1868, .F. ) ;
#593 = VERTEX_POINT ( 'NONE', #1535 ) ;
#594 = ORIENTED_EDGE ( 'NONE', *, *, #2356, .F. ) ;
#595 = VECTOR ( 'NONE', #1673, 1000.000000000000000 ) ;
#596 = CARTESIAN_POINT ( 'NONE',  ( 1.403191068375136881E-15, 14.00000000000000000, 0.000000000000000000 ) ) ;
#597 = CARTESIAN_POINT ( 'NONE',  ( 4.163755172491975465, -3.234351746445946585, 38.99999999999999289 ) ) ;
#598 =( NAMED_UNIT ( * ) SI_UNIT ( $, .STERADIAN. ) SOLID_ANGLE_UNIT ( ) );
#599 = CARTESIAN_POINT ( 'NONE',  ( -8.533495370010015790, 14.66982344134394012, 8.000000000000000000 ) ) ;
#600 = CARTESIAN_POINT ( 'NONE',  ( 1.380769583142915946E-15, 14.00000000000000000, 34.26179938779915091 ) ) ;
#601 = CARTESIAN_POINT ( 'NONE',  ( 4.000000003133249216, 19.08999999999999986, 0.000000000000000000 ) ) ;
#602 = ORIENTED_EDGE ( 'NONE', *, *, #2372, .T. ) ;
#603 = CARTESIAN_POINT ( 'NONE',  ( 6.375568301259502135, -5.079014246466874383, 39.00000000000000711 ) ) ;
#604 = ORIENTED_EDGE ( 'NONE', *, *, #1393, .F. ) ;
#605 = ORIENTED_EDGE ( 'NONE', *, *, #2339, .T. ) ;
#606 = CARTESIAN_POINT ( 'NONE',  ( 4.367984763805343285, -2.313817595071016697, 34.99999999999999289 ) ) ;
#607 = CARTESIAN_POINT ( 'NONE',  ( -6.375566889108257307, -5.079014286825509927, 35.00000000000000000 ) ) ;
#608 = PLANE ( 'NONE',  #1996 ) ;
#609 = EDGE_CURVE ( 'NONE', #560, #357, #1967, .T. ) ;
#610 = CARTESIAN_POINT ( 'NONE',  ( 4.463610432491301516, -2.139785481527253896, 39.00000000000000711 ) ) ;
#611 = EDGE_CURVE ( 'NONE', #1109, #1235, #1712, .T. ) ;
#612 = CARTESIAN_POINT ( 'NONE',  ( -0.04403166855656050899, 15.00038968980895504, 34.99999838016959330 ) ) ;
#613 = CARTESIAN_POINT ( 'NONE',  ( -9.375246782872787676, 7.175259957406940003, -1.694065894508600678E-18 ) ) ;
#614 = ORIENTED_EDGE ( 'NONE', *, *, #950, .F. ) ;
#615 = CARTESIAN_POINT ( 'NONE',  ( -7.265915424661499422, 8.897744133705373315, 9.000000000000000000 ) ) ;
#616 = EDGE_LOOP ( 'NONE', ( #1014, #793, #98, #2293, #876, #899 ) ) ;
#617 = CARTESIAN_POINT ( 'NONE',  ( -6.581514505582510388, -6.697169245233718371, 39.00000000000001421 ) ) ;
#618 = FACE_OUTER_BOUND ( 'NONE', #2335, .T. ) ;
#619 =( BOUNDED_SURFACE ( )  B_SPLINE_SURFACE ( 3, 2, ( 
 ( #310, #481, #329 ),
 ( #1082, #339, #682 ),
 ( #1224, #1244, #2187 ),
 ( #1069, #1976, #491 ),
 ( #140, #1824, #1047 ),
 ( #2366, #1965, #859 ) ),
 .UNSPECIFIED., .F., .F., .T. ) 
 B_SPLINE_SURFACE_WITH_KNOTS ( ( 4, 2, 4 ),
 ( 3, 3 ),
 ( 0.01523426658392229398, 0.01745790300019445587, 0.01968153941646661603 ),
 ( 0.000000000000000000, 1.000000000000000000 ),
 .UNSPECIFIED. ) 
 GEOMETRIC_REPRESENTATION_ITEM ( )  RATIONAL_B_SPLINE_SURFACE ( (
 ( 1.000000000000000000, 0.7071067811865475727, 1.000000000000000000),
 ( 1.000000000000000000, 0.7071067811865475727, 1.000000000000000000),
 ( 1.000000000000000000, 0.7071067811865505703, 1.000000000000000000),
 ( 1.000000000000000000, 0.7071067811865505703, 1.000000000000000000),
 ( 1.000000000000000000, 0.7071067811865475727, 1.000000000000000000),
 ( 1.000000000000000000, 0.7071067811865475727, 1.000000000000000000) ) ) 
 REPRESENTATION_ITEM ( '' )  SURFACE ( )  );
#620 = CARTESIAN_POINT ( 'NONE',  ( -7.659488179946636777, 10.85545444410418803, 9.000000000000000000 ) ) ;
#621 = CARTESIAN_POINT ( 'NONE',  ( 9.082270357215490364, -0.4293403550322841822, 35.00000000000000000 ) ) ;
#622 = APPLICATION_PROTOCOL_DEFINITION ( 'international standard', 'config_control_design', 1994, #1273 ) ;
#623 = EDGE_CURVE ( 'NONE', #1416, #302, #65, .T. ) ;
#624 = CARTESIAN_POINT ( 'NONE',  ( -5.127284175882810047, -4.562562216265925841, 35.00000000000000000 ) ) ;
#625 = CARTESIAN_POINT ( 'NONE',  ( -7.015738108521262006, 9.102039423941683083, 9.000000000000000000 ) ) ;
#626 = DIRECTION ( 'NONE',  ( 0.000000000000000000, 0.000000000000000000, -1.000000000000000000 ) ) ;
#627 = ORIENTED_EDGE ( 'NONE', *, *, #354, .T. ) ;
#628 = LINE ( 'NONE', #2098, #215 ) ;
#629 = VECTOR ( 'NONE', #717, 1000.000000000000227 ) ;
#630 = ORIENTED_EDGE ( 'NONE', *, *, #1894, .F. ) ;
#631 = CARTESIAN_POINT ( 'NONE',  ( -9.402307669017146097, 1.811483077723003543, 39.00000000000000711 ) ) ;
#632 = ORIENTED_EDGE ( 'NONE', *, *, #1550, .F. ) ;
#633 = EDGE_CURVE ( 'NONE', #61, #1441, #423, .T. ) ;
#634 = CARTESIAN_POINT ( 'NONE',  ( -0.04403166855656050899, 15.00038968980895504, 34.99999838016959330 ) ) ;
#635 = CARTESIAN_POINT ( 'NONE',  ( -1.403191068375136092E-15, 14.00000000000000000, 0.000000000000000000 ) ) ;
#636 = VECTOR ( 'NONE', #89, 1000.000000000000000 ) ;
#637 = CARTESIAN_POINT ( 'NONE',  ( 0.000000000000000000, 0.000000000000000000, 8.000000000000000000 ) ) ;
#638 = VECTOR ( 'NONE', #519, 1000.000000000000000 ) ;
#639 = PLANE ( 'NONE',  #550 ) ;
#640 = CARTESIAN_POINT ( 'NONE',  ( -5.127012635947013841, -4.562331621468594278, 35.00000000000000000 ) ) ;
#641 = CARTESIAN_POINT ( 'NONE',  ( 6.375567165493638555, -5.079014278926676340, 35.00000000000000000 ) ) ;
#642 = EDGE_CURVE ( 'NONE', #1106, #2281, #584, .T. ) ;
#643 = CARTESIAN_POINT ( 'NONE',  ( -9.680077022097306028, 4.819394419493407966, 35.00000000000000000 ) ) ;
#644 = ORIENTED_EDGE ( 'NONE', *, *, #1964, .F. ) ;
#645 = VERTEX_POINT ( 'NONE', #1511 ) ;
#646 = ADVANCED_FACE ( 'NONE', ( #2297 ), #608, .F. ) ;
#647 = CARTESIAN_POINT ( 'NONE',  ( -6.993154736041435449, -4.895801445721168932, 35.00000000000000000 ) ) ;
#648 = CARTESIAN_POINT ( 'NONE',  ( 8.821576602755554219, -1.756966567207322472, 35.00000000000000000 ) ) ;
#649 = CARTESIAN_POINT ( 'NONE',  ( -10.54558104984264766, 7.843165078330889273, 39.00000000000001421 ) ) ;
#650 = APPROVAL_DATE_TIME ( #1594, #970 ) ;
#651 = APPROVAL ( #1620, 'UNSPECIFIED' ) ;
#652 = B_SPLINE_SURFACE_WITH_KNOTS ( 'NONE', 3, 1, ( 
 ( #587, #52 ),
 ( #936, #2091 ),
 ( #599, #1537 ),
 ( #1350, #223 ) ),
 .UNSPECIFIED., .F., .F., .F.,
 ( 4, 4 ),
 ( 2, 2 ),
 ( 0.000000000000000000, 1.000000000000000000 ),
 ( 0.000000000000000000, 1.000000000000000000 ),
 .UNSPECIFIED. ) ;
#653 = CARTESIAN_POINT ( 'NONE',  ( 9.402310158005928287, 1.811499110113806710, 35.00000000000000000 ) ) ;
#654 = CARTESIAN_POINT ( 'NONE',  ( -9.712385753997578419, 4.198038965563446467, 35.00000000000000000 ) ) ;
#655 = B_SPLINE_CURVE_WITH_KNOTS ( 'NONE', 3,
 ( #603, #2305, #1054, #1436 ),
 .UNSPECIFIED., .F., .F.,
 ( 4, 4 ),
 ( 0.1368286639475388144, 0.1582718202315168965 ),
 .UNSPECIFIED. ) ;
#656 = EDGE_CURVE ( 'NONE', #732, #2003, #1972, .T. ) ;
#657 = CARTESIAN_POINT ( 'NONE',  ( 5.758909822143636781, 12.82388132652803492, 39.00000000000000711 ) ) ;
#658 = ORIENTED_EDGE ( 'NONE', *, *, #1894, .T. ) ;
#659 = CARTESIAN_POINT ( 'NONE',  ( -6.581514505582510388, -6.697169245233718371, 0.000000000000000000 ) ) ;
#660 = FACE_OUTER_BOUND ( 'NONE', #1483, .T. ) ;
#661 = CARTESIAN_POINT ( 'NONE',  ( -6.094925940685182120, 12.85179634236146029, 0.000000000000000000 ) ) ;
#662 = CARTESIAN_POINT ( 'NONE',  ( 4.480984884138292657, 13.50633485581868065, 8.000000000000000000 ) ) ;
#663 = CARTESIAN_POINT ( 'NONE',  ( 8.297179967528787614, 9.917823881671818498, 38.99999999999999289 ) ) ;
#664 = APPROVAL_DATE_TIME ( #675, #1401 ) ;
#665 = B_SPLINE_CURVE_WITH_KNOTS ( 'NONE', 3,
 ( #1583, #95, #1709, #824 ),
 .UNSPECIFIED., .F., .F.,
 ( 4, 4 ),
 ( 0.000000000000000000, 1.000000000000000000 ),
 .UNSPECIFIED. ) ;
#666 = EDGE_CURVE ( 'NONE', #1946, #2055, #478, .T. ) ;
#667 = DIRECTION ( 'NONE',  ( -1.000000000000000000, 0.000000000000000000, -0.000000000000000000 ) ) ;
#668 = DIRECTION ( 'NONE',  ( 0.000000000000000000, -1.000000000000000000, 0.000000000000000000 ) ) ;
#669 = ORIENTED_EDGE ( 'NONE', *, *, #1344, .F. ) ;
#670 = CARTESIAN_POINT ( 'NONE',  ( -8.618415672381555481, -2.424729041527462048, 39.00000000000000711 ) ) ;
#671 = ORIENTED_EDGE ( 'NONE', *, *, #918, .F. ) ;
#672 = ORIENTED_EDGE ( 'NONE', *, *, #886, .T. ) ;
#673 = FACE_OUTER_BOUND ( 'NONE', #228, .T. ) ;
#674 = CARTESIAN_POINT ( 'NONE',  ( -4.000017162515443481, 16.08999999999999986, 0.000000000000000000 ) ) ;
#675 = DATE_AND_TIME ( #325, #6 ) ;
#676 = B_SPLINE_CURVE_WITH_KNOTS ( 'NONE', 3,
 ( #1559, #1035, #1790, #2159 ),
 .UNSPECIFIED., .F., .F.,
 ( 4, 4 ),
 ( 0.2816728446900921279, 0.3492186986297226570 ),
 .UNSPECIFIED. ) ;
#677 = VECTOR ( 'NONE', #2283, 1000.000000000000000 ) ;
#678 = EDGE_CURVE ( 'NONE', #1784, #1328, #1684, .T. ) ;
#679 = DIRECTION ( 'NONE',  ( -0.000000000000000000, -0.000000000000000000, -1.000000000000000000 ) ) ;
#680 = EDGE_CURVE ( 'NONE', #2083, #1520, #1739, .T. ) ;
#681 = PLANE ( 'NONE',  #2167 ) ;
#682 = CARTESIAN_POINT ( 'NONE',  ( 0.6964533094360759735, 15.03170507462523808, 35.00000000000000000 ) ) ;
#683 = ORIENTED_EDGE ( 'NONE', *, *, #489, .T. ) ;
#684 = ORIENTED_EDGE ( 'NONE', *, *, #1602, .F. ) ;
#685 = CARTESIAN_POINT ( 'NONE',  ( 9.177312422554765092, 0.2408045793126898371, 35.00000000000000000 ) ) ;
#686 = DIRECTION ( 'NONE',  ( -0.000000000000000000, -0.000000000000000000, -1.000000000000000000 ) ) ;
#687 = LINE ( 'NONE', #1118, #872 ) ;
#688 = EDGE_CURVE ( 'NONE', #1441, #1048, #2263, .T. ) ;
#689 = FACE_OUTER_BOUND ( 'NONE', #406, .T. ) ;
#690 = ORIENTED_EDGE ( 'NONE', *, *, #1151, .T. ) ;
#691 = DIRECTION ( 'NONE',  ( -1.000000000000000000, 0.000000000000000000, 0.000000000000000000 ) ) ;
#692 = ORIENTED_EDGE ( 'NONE', *, *, #1831, .T. ) ;
#693 = EDGE_LOOP ( 'NONE', ( #1989, #796, #124, #1817, #371 ) ) ;
#694 = CARTESIAN_POINT ( 'NONE',  ( 9.503499039122925041, 9.444724657848993843, 8.000000000000000000 ) ) ;
#695 = VERTEX_POINT ( 'NONE', #674 ) ;
#696 = SHAPE_DEFINITION_REPRESENTATION ( #1775, #1175 ) ;
#697 = B_SPLINE_SURFACE_WITH_KNOTS ( 'NONE', 3, 1, ( 
 ( #1612, #2152 ),
 ( #1258, #2352 ),
 ( #2011, #1653 ),
 ( #657, #1217 ),
 ( #1039, #1794 ) ),
 .UNSPECIFIED., .F., .F., .F.,
 ( 4, 1, 4 ),
 ( 2, 2 ),
 ( 0.6796534515658601006, 0.6796834260720541199, 0.8651620966068006569 ),
 ( 0.000000000000000000, 1.000000000000000000 ),
 .UNSPECIFIED. ) ;
#698 = CARTESIAN_POINT ( 'NONE',  ( 7.650841701698241515, -4.308681289767154254, 35.00000000000000000 ) ) ;
#699 = FACE_OUTER_BOUND ( 'NONE', #1097, .T. ) ;
#700 = CARTESIAN_POINT ( 'NONE',  ( -6.375567165493638555, -5.079014278926676340, 35.00000000000000000 ) ) ;
#701 = ORIENTED_EDGE ( 'NONE', *, *, #1718, .F. ) ;
#702 = DIRECTION ( 'NONE',  ( -0.000000000000000000, -0.000000000000000000, -1.000000000000000000 ) ) ;
#703 = CARTESIAN_POINT ( 'NONE',  ( -7.433523676207859587, -4.548602522595228237, 35.00000000000000000 ) ) ;
#704 = VERTEX_POINT ( 'NONE', #90 ) ;
#705 = ORIENTED_EDGE ( 'NONE', *, *, #2339, .F. ) ;
#706 = CARTESIAN_POINT ( 'NONE',  ( 5.119587533914153887, -4.556025640079512051, 39.00000000000000711 ) ) ;
#707 = ORIENTED_EDGE ( 'NONE', *, *, #787, .T. ) ;
#708 = CARTESIAN_POINT ( 'NONE',  ( 8.533482183777797658, 14.66983111182038435, 8.000000000000000000 ) ) ;
#709 = CARTESIAN_POINT ( 'NONE',  ( 7.432185994845331045, -4.549954135970719626, 35.00000000000000000 ) ) ;
#710 = B_SPLINE_CURVE_WITH_KNOTS ( 'NONE', 3,
 ( #742, #909, #2416, #564 ),
 .UNSPECIFIED., .F., .F.,
 ( 4, 4 ),
 ( 0.000000000000000000, 1.000000000000000000 ),
 .UNSPECIFIED. ) ;
#711 = VECTOR ( 'NONE', #338, 1000.000000000000000 ) ;
#712 = DIRECTION ( 'NONE',  ( -1.000000000000000000, 0.000000000000000000, 0.000000000000000000 ) ) ;
#713 = VECTOR ( 'NONE', #762, 1000.000000000000227 ) ;
#714 = CARTESIAN_POINT ( 'NONE',  ( -8.821576602755563101, -1.756966567207280727, 35.00000000000000000 ) ) ;
#715 = ADVANCED_FACE ( 'NONE', ( #1773 ), #1971, .T. ) ;
#716 = ORIENTED_EDGE ( 'NONE', *, *, #680, .T. ) ;
#717 = DIRECTION ( 'NONE',  ( -0.7745566758592025147, -0.6325045105625273223, 0.000000000000000000 ) ) ;
#718 = CARTESIAN_POINT ( 'NONE',  ( -5.952051976326562688, 13.01827874740092028, 0.000000000000000000 ) ) ;
#719 = VERTEX_POINT ( 'NONE', #1788 ) ;
#720 = EDGE_LOOP ( 'NONE', ( #782, #738, #254, #1015 ) ) ;
#721 = LINE ( 'NONE', #694, #1253 ) ;
#722 = ORIENTED_EDGE ( 'NONE', *, *, #1762, .F. ) ;
#723 = CARTESIAN_POINT ( 'NONE',  ( 4.263888127551777707, -2.650209835215790566, 39.00000000000000711 ) ) ;
#724 = CARTESIAN_POINT ( 'NONE',  ( -2.381992259997003814, 13.87936542004121776, 35.00000000000000711 ) ) ;
#725 = LINE ( 'NONE', #2363, #591 ) ;
#726 = CARTESIAN_POINT ( 'NONE',  ( 4.950000000000000178, 6.062001655779398511E-16, 0.000000000000000000 ) ) ;
#727 = EDGE_LOOP ( 'NONE', ( #369, #1744, #570, #1126, #1261, #1302, #897, #2135, #429, #141, #1225, #482, #690, #644, #1055, #1124, #2269, #1797, #333, #1117, #1692, #2423, #1465, #743, #1853, #2403, #1676, #1147, #1017, #1368, #1920, #2389, #202, #1680, #1251, #2243, #1462, #1877 ) ) ;
#728 = LINE ( 'NONE', #2037, #106 ) ;
#729 = CARTESIAN_POINT ( 'NONE',  ( 9.333043294146186497, 10.31266823328066629, 0.000000000000000000 ) ) ;
#730 = EDGE_LOOP ( 'NONE', ( #927, #147, #2017, #1285, #243, #2047 ) ) ;
#731 = ADVANCED_FACE ( 'NONE', ( #1212 ), #1622, .F. ) ;
#732 = VERTEX_POINT ( 'NONE', #304 ) ;
#733 = FACE_OUTER_BOUND ( 'NONE', #1756, .T. ) ;
#734 = ORIENTED_EDGE ( 'NONE', *, *, #1385, .F. ) ;
#735 = B_SPLINE_CURVE_WITH_KNOTS ( 'NONE', 3,
 ( #1677, #200, #1689, #1502, #565 ),
 .UNSPECIFIED., .F., .F.,
 ( 4, 1, 4 ),
 ( 0.07897830961495469482, 0.09112457455095228365, 0.09116008814096245028 ),
 .UNSPECIFIED. ) ;
#736 = CARTESIAN_POINT ( 'NONE',  ( 6.581514505582509500, -6.697169245233714818, 39.00000000000000711 ) ) ;
#737 = DIRECTION ( 'NONE',  ( 0.9756518749387853573, 0.2193249163420170067, 0.000000000000000000 ) ) ;
#738 = ORIENTED_EDGE ( 'NONE', *, *, #1687, .T. ) ;
#739 = CARTESIAN_POINT ( 'NONE',  ( 6.993156128355649592, -4.895800645819757158, 39.00000000000000711 ) ) ;
#740 = CARTESIAN_POINT ( 'NONE',  ( -8.997943794044806154, 11.55304009430210144, 8.000000000000000000 ) ) ;
#741 = ADVANCED_FACE ( 'NONE', ( #2124 ), #1371, .F. ) ;
#742 = CARTESIAN_POINT ( 'NONE',  ( 8.551816711783084557, -2.610947986023663514, 35.00000000000000000 ) ) ;
#743 = ORIENTED_EDGE ( 'NONE', *, *, #114, .T. ) ;
#744 = CARTESIAN_POINT ( 'NONE',  ( 0.6341598205040109848, 15.02894938349609433, 35.00000000000000000 ) ) ;
#745 = CYLINDRICAL_SURFACE ( 'NONE', #1422, 4.950000000000000178 ) ;
#746 = VERTEX_POINT ( 'NONE', #291 ) ;
#747 = VERTEX_POINT ( 'NONE', #103 ) ;
#748 = LINE ( 'NONE', #1841, #1457 ) ;
#749 = VERTEX_POINT ( 'NONE', #1581 ) ;
#750 = CARTESIAN_POINT ( 'NONE',  ( 8.297179967528787614, 9.917823881671818498, 38.99999999999999289 ) ) ;
#751 = CARTESIAN_POINT ( 'NONE',  ( -8.553075596497503597, -2.607534028405585680, 39.00000000000000711 ) ) ;
#752 = CARTESIAN_POINT ( 'NONE',  ( -9.640479560934426928, 5.390608573129217262, 35.00000000000000000 ) ) ;
#753 = CARTESIAN_POINT ( 'NONE',  ( 5.035509896805203667, -4.484362695776515473, 39.00000000000000711 ) ) ;
#754 = AXIS2_PLACEMENT_3D ( 'NONE', #1008, #1949, #1558 ) ;
#755 = VECTOR ( 'NONE', #1052, 1000.000000000000000 ) ;
#756 = DIRECTION ( 'NONE',  ( 0.000000000000000000, 0.000000000000000000, -1.000000000000000000 ) ) ;
#757 = CARTESIAN_POINT ( 'NONE',  ( 8.533482183777797658, 14.66983111182038435, 0.000000000000000000 ) ) ;
#758 = CARTESIAN_POINT ( 'NONE',  ( -9.639054184538029091, 6.039731839999947560, 0.000000000000000000 ) ) ;
#759 = VERTEX_POINT ( 'NONE', #1033 ) ;
#760 = B_SPLINE_CURVE_WITH_KNOTS ( 'NONE', 3,
 ( #2214, #2189, #528, #1450 ),
 .UNSPECIFIED., .F., .F.,
 ( 4, 4 ),
 ( 0.1368286169961199505, 0.1582717746847337736 ),
 .UNSPECIFIED. ) ;
#761 = VERTEX_POINT ( 'NONE', #1044 ) ;
#762 = DIRECTION ( 'NONE',  ( 0.7745566758592025147, -0.6325045105625273223, 0.000000000000000000 ) ) ;
#763 = ORIENTED_EDGE ( 'NONE', *, *, #586, .F. ) ;
#764 = PLANE ( 'NONE',  #2401 ) ;
#765 = CARTESIAN_POINT ( 'NONE',  ( -9.177312422554757987, 0.2408045793126192824, 39.00000000000000711 ) ) ;
#767 = CARTESIAN_POINT ( 'NONE',  ( 0.000000000000000000, 0.000000000000000000, 39.00000000000000711 ) ) ;
#766 = B_SPLINE_CURVE_WITH_KNOTS ( 'NONE', 3,
 ( #1686, #421, #1162, #412, #922, #1309, #1513, #2265 ),
 .UNSPECIFIED., .F., .F.,
 ( 4, 2, 2, 4 ),
 ( 0.02646579345398703681, 0.02749022186452147049, 0.02851465027505590069, 0.03056350709612476457 ),
 .UNSPECIFIED. ) ;
#768 = CARTESIAN_POINT ( 'NONE',  ( -8.821576602755563101, -1.756966567207280727, 35.00000000000000000 ) ) ;
#769 = CARTESIAN_POINT ( 'NONE',  ( -1.403191068375136092E-15, 14.00000000000000000, 34.00000000000000000 ) ) ;
#770 = CARTESIAN_POINT ( 'NONE',  ( -4.480997024543082574, 13.50633082800116114, 8.000000000000000000 ) ) ;
#771 = DIRECTION ( 'NONE',  ( 0.000000000000000000, -1.000000000000000000, 0.000000000000000000 ) ) ;
#772 = CARTESIAN_POINT ( 'NONE',  ( 9.669076645527232117, 4.573258184507072777, 35.00000000000000000 ) ) ;
#773 = ORIENTED_EDGE ( 'NONE', *, *, #1399, .T. ) ;
#774 = CARTESIAN_POINT ( 'NONE',  ( 6.094925940685180343, 12.85179634236146207, 0.000000000000000000 ) ) ;
#775 = ORIENTED_EDGE ( 'NONE', *, *, #849, .T. ) ;
#776 = CARTESIAN_POINT ( 'NONE',  ( 4.968138733791704453, -1.116829311923138501, 9.000000000000000000 ) ) ;
#777 = CARTESIAN_POINT ( 'NONE',  ( -8.618419389612917314, -2.424730327722834922, 39.00000000000000711 ) ) ;
#778 = CARTESIAN_POINT ( 'NONE',  ( 4.426859060421882042, -2.196796925929946021, 38.99999999999999289 ) ) ;
#779 = LINE ( 'NONE', #236, #1575 ) ;
#780 = PLANE ( 'NONE',  #865 ) ;
#781 = CARTESIAN_POINT ( 'NONE',  ( 7.293406705021673986, -4.689988940571349296, 38.99999999999999289 ) ) ;
#782 = ORIENTED_EDGE ( 'NONE', *, *, #2105, .F. ) ;
#783 = ADVANCED_FACE ( 'NONE', ( #844 ), #144, .F. ) ;
#784 = APPROVAL_PERSON_ORGANIZATION ( #1634, #970, #1411 ) ;
#785 = ORIENTED_EDGE ( 'NONE', *, *, #1585, .F. ) ;
#786 = ORIENTED_EDGE ( 'NONE', *, *, #1780, .F. ) ;
#787 = EDGE_CURVE ( 'NONE', #2258, #1228, #1355, .T. ) ;
#788 = CARTESIAN_POINT ( 'NONE',  ( 4.000000003133250104, 14.24993079277532537, 34.97476463628268561 ) ) ;
#789 = CARTESIAN_POINT ( 'NONE',  ( 8.076257427466986272, 10.88084797285705463, 8.000000000000000000 ) ) ;
#790 = VECTOR ( 'NONE', #923, 1000.000000000000000 ) ;
#791 = CARTESIAN_POINT ( 'NONE',  ( 9.402307648830120712, 1.811482947691793299, 39.00000000000000711 ) ) ;
#792 = CARTESIAN_POINT ( 'NONE',  ( -9.503507528675925187, 9.444716115457950423, 8.000000000000000000 ) ) ;
#793 = ORIENTED_EDGE ( 'NONE', *, *, #1809, .F. ) ;
#794 = EDGE_CURVE ( 'NONE', #61, #695, #282, .T. ) ;
#795 = CARTESIAN_POINT ( 'NONE',  ( 9.669076645527232117, 4.573258184507072777, 35.00000000000000000 ) ) ;
#796 = ORIENTED_EDGE ( 'NONE', *, *, #914, .T. ) ;
#797 = EDGE_LOOP ( 'NONE', ( #1060, #1838, #1431, #567 ) ) ;
#798 = CARTESIAN_POINT ( 'NONE',  ( 7.641934006341973173, 12.45762953440257448, 8.000000000000000000 ) ) ;
#799 = DIRECTION ( 'NONE',  ( -0.000000000000000000, -0.000000000000000000, -1.000000000000000000 ) ) ;
#800 = CARTESIAN_POINT ( 'NONE',  ( 7.659488179946636777, 10.85545444410419158, 9.000000000000000000 ) ) ;
#801 = ADVANCED_FACE ( 'NONE', ( #821 ), #2387, .F. ) ;
#802 = CARTESIAN_POINT ( 'NONE',  ( -5.033844898194771211, -4.483461995885946294, 35.00000000000000000 ) ) ;
#803 = CARTESIAN_POINT ( 'NONE',  ( -9.185316638463556060, 0.7221315108641916947, 0.000000000000000000 ) ) ;
#804 = VERTEX_POINT ( 'NONE', #2024 ) ;
#805 = CARTESIAN_POINT ( 'NONE',  ( 4.463610432491300628, -2.139785481527255229, 0.000000000000000000 ) ) ;
#806 = VERTEX_POINT ( 'NONE', #1815 ) ;
#807 = EDGE_CURVE ( 'NONE', #2247, #1094, #2390, .T. ) ;
#808 = CARTESIAN_POINT ( 'NONE',  ( -4.000000003133249216, 18.08999999999999986, 35.00000000000000000 ) ) ;
#809 = CARTESIAN_POINT ( 'NONE',  ( 1.403191068375136881E-15, 14.00000000000000000, 39.00000000000000711 ) ) ;
#810 = CARTESIAN_POINT ( 'NONE',  ( 4.395071847740712911, -2.254882241795618025, 38.99999999999999289 ) ) ;
#811 = EDGE_CURVE ( 'NONE', #759, #1598, #2404, .T. ) ;
#812 = FACE_OUTER_BOUND ( 'NONE', #1642, .T. ) ;
#813 = LINE ( 'NONE', #1521, #260 ) ;
#814 = ORIENTED_EDGE ( 'NONE', *, *, #998, .F. ) ;
#815 = CARTESIAN_POINT ( 'NONE',  ( 9.185316638463554284, 0.7221315108641920277, 0.000000000000000000 ) ) ;
#816 = ORIENTED_EDGE ( 'NONE', *, *, #2058, .F. ) ;
#817 = CARTESIAN_POINT ( 'NONE',  ( -5.952051976326562688, 13.01827874740092028, 8.000000000000000000 ) ) ;
#818 = VERTEX_POINT ( 'NONE', #1796 ) ;
#819 = LINE ( 'NONE', #1923, #831 ) ;
#820 = CARTESIAN_POINT ( 'NONE',  ( -5.924365933332301992, 11.02060833412632235, 9.000000000000000000 ) ) ;
#821 = FACE_OUTER_BOUND ( 'NONE', #727, .T. ) ;
#822 = CARTESIAN_POINT ( 'NONE',  ( 0.000000000000000000, 0.000000000000000000, 35.00000000000000000 ) ) ;
#823 = CARTESIAN_POINT ( 'NONE',  ( 0.000000000000000000, 0.000000000000000000, 39.00000000000000711 ) ) ;
#824 = CARTESIAN_POINT ( 'NONE',  ( -8.997943794044806154, 11.55304009430210144, 0.000000000000000000 ) ) ;
#825 = CARTESIAN_POINT ( 'NONE',  ( 6.375567165493638555, -5.079014278926676340, 39.00000000000000711 ) ) ;
#826 = LINE ( 'NONE', #1955, #1571 ) ;
#827 = VECTOR ( 'NONE', #149, 1000.000000000000000 ) ;
#828 = ORIENTED_EDGE ( 'NONE', *, *, #1733, .T. ) ;
#829 = CARTESIAN_POINT ( 'NONE',  ( -6.502752862557518831, 17.31249270386421557, 8.000000000000000000 ) ) ;
#830 = ORIENTED_EDGE ( 'NONE', *, *, #384, .F. ) ;
#831 = VECTOR ( 'NONE', #1359, 1000.000000000000000 ) ;
#832 = LINE ( 'NONE', #662, #869 ) ;
#833 = CARTESIAN_POINT ( 'NONE',  ( -7.117760466827412813, 14.31408113940375237, 0.000000000000000000 ) ) ;
#834 = PERSON_AND_ORGANIZATION ( #119, #1237 ) ;
#835 = VECTOR ( 'NONE', #265, 1000.000000000000114 ) ;
#836 = CARTESIAN_POINT ( 'NONE',  ( 7.546359131778054063, -4.434250897904339794, 39.00000000000000711 ) ) ;
#837 = DIRECTION ( 'NONE',  ( -0.3148921345054673804, 0.9491274643727209970, 0.000000000000000000 ) ) ;
#838 = CARTESIAN_POINT ( 'NONE',  ( 6.804607277773947693, -5.002307354649254023, 39.00000000000000711 ) ) ;
#839 = B_SPLINE_CURVE_WITH_KNOTS ( 'NONE', 3,
 ( #1753, #643, #1914, #74, #85 ),
 .UNSPECIFIED., .F., .F.,
 ( 4, 1, 4 ),
 ( 0.4720817517574412148, 0.5307770100682269732, 0.5950620910349621040 ),
 .UNSPECIFIED. ) ;
#840 = CARTESIAN_POINT ( 'NONE',  ( 8.593339455757350365, -2.496861103811615745, 39.00000000000000711 ) ) ;
#841 = VERTEX_POINT ( 'NONE', #1449 ) ;
#842 = ORIENTED_EDGE ( 'NONE', *, *, #1185, .T. ) ;
#843 = CARTESIAN_POINT ( 'NONE',  ( 8.821603417041472994, -1.756865136945429118, 35.00000000000000000 ) ) ;
#844 = FACE_OUTER_BOUND ( 'NONE', #99, .T. ) ;
#845 = EDGE_CURVE ( 'NONE', #125, #2343, #552, .T. ) ;
#846 = APPLICATION_PROTOCOL_DEFINITION ( 'international standard', 'config_control_design', 1994, #453 ) ;
#847 = FACE_OUTER_BOUND ( 'NONE', #155, .T. ) ;
#848 = FACE_OUTER_BOUND ( 'NONE', #892, .T. ) ;
#849 = EDGE_CURVE ( 'NONE', #2247, #761, #2313, .T. ) ;
#850 = ORIENTED_EDGE ( 'NONE', *, *, #678, .F. ) ;
#851 = CARTESIAN_POINT ( 'NONE',  ( -9.177307342847477400, 0.2407651366111361602, 35.00000000000000000 ) ) ;
#852 = ORIENTED_EDGE ( 'NONE', *, *, #1090, .T. ) ;
#853 = ORIENTED_EDGE ( 'NONE', *, *, #1121, .F. ) ;
#854 = LINE ( 'NONE', #2358, #23 ) ;
#855 = CARTESIAN_POINT ( 'NONE',  ( 9.177312422892054400, 0.2408045819316501635, 35.00000000000000000 ) ) ;
#856 = DATE_TIME_ROLE ( 'creation_date' ) ;
#857 = ADVANCED_FACE ( 'NONE', ( #2013 ), #2007, .T. ) ;
#858 = CARTESIAN_POINT ( 'NONE',  ( 8.613285959645013534, -2.439534386058965776, 38.99999999999999289 ) ) ;
#859 = CARTESIAN_POINT ( 'NONE',  ( 4.356881432195009118, 14.40092205379412427, 35.00000000000000000 ) ) ;
#860 = VERTEX_POINT ( 'NONE', #1324 ) ;
#861 = B_SPLINE_CURVE_WITH_KNOTS ( 'NONE', 3,
 ( #613, #758, #1146, #803, #1518, #1353, #1552, #2302 ),
 .UNSPECIFIED., .F., .F.,
 ( 4, 1, 1, 1, 1, 4 ),
 ( 0.4100917882526393665, 0.5307770100682269732, 0.6281481501307899507, 0.7380413842098489940, 0.8649242606426150726, 1.000000000000000000 ),
 .UNSPECIFIED. ) ;
#862 = CARTESIAN_POINT ( 'NONE',  ( -8.076267207905260648, 10.88084071336665026, 8.000000000000000000 ) ) ;
#863 = ORIENTED_EDGE ( 'NONE', *, *, #989, .T. ) ;
#864 = EDGE_CURVE ( 'NONE', #2, #1587, #1311, .T. ) ;
#865 = AXIS2_PLACEMENT_3D ( 'NONE', #1560, #589, #978 ) ;
#866 = DIRECTION ( 'NONE',  ( -0.000000000000000000, -0.000000000000000000, -1.000000000000000000 ) ) ;
#867 = PERSON_AND_ORGANIZATION ( #119, #1237 ) ;
#868 = VECTOR ( 'NONE', #866, 1000.000000000000000 ) ;
#869 = VECTOR ( 'NONE', #1568, 999.9999999999998863 ) ;
#870 = VECTOR ( 'NONE', #452, 1000.000000000000000 ) ;
#871 = CARTESIAN_POINT ( 'NONE',  ( -4.000000003133249216, 13.60618066817936267, 34.51386301013572222 ) ) ;
#872 = VECTOR ( 'NONE', #2077, 1000.000000000000000 ) ;
#873 = CARTESIAN_POINT ( 'NONE',  ( 5.950747552147563013, -5.085791299178282543, 38.99999999999999289 ) ) ;
#874 = B_SPLINE_SURFACE_WITH_KNOTS ( 'NONE', 3, 1, ( 
 ( #791, #2115 ),
 ( #1929, #447 ),
 ( #239, #988 ),
 ( #263, #1338 ) ),
 .UNSPECIFIED., .F., .F., .F.,
 ( 4, 4 ),
 ( 2, 2 ),
 ( 0.4020355246246556380, 0.5214391071924655563 ),
 ( 0.000000000000000000, 1.000000000000000000 ),
 .UNSPECIFIED. ) ;
#875 = CARTESIAN_POINT ( 'NONE',  ( -7.797355027236243075, -4.107460268149213611, 39.00000000000000711 ) ) ;
#876 = ORIENTED_EDGE ( 'NONE', *, *, #1090, .F. ) ;
#877 = LINE ( 'NONE', #1629, #1701 ) ;
#878 = ORIENTED_EDGE ( 'NONE', *, *, #1809, .T. ) ;
#879 = B_SPLINE_CURVE_WITH_KNOTS ( 'NONE', 3,
 ( #2231, #324, #1074, #1274 ),
 .UNSPECIFIED., .F., .F.,
 ( 4, 4 ),
 ( 0.2816763957453695122, 0.3492186969374812544 ),
 .UNSPECIFIED. ) ;
#880 = VERTEX_POINT ( 'NONE', #541 ) ;
#881 = CARTESIAN_POINT ( 'NONE',  ( 0.000000000000000000, 0.000000000000000000, 35.00000000000000000 ) ) ;
#882 = VERTEX_POINT ( 'NONE', #1095 ) ;
#883 = DATE_AND_TIME ( #1774, #538 ) ;
#884 = CARTESIAN_POINT ( 'NONE',  ( -3.707723237226107305, 13.57016380241017117, 34.00000000000000000 ) ) ;
#885 = FACE_OUTER_BOUND ( 'NONE', #1633, .T. ) ;
#886 = EDGE_CURVE ( 'NONE', #1798, #1553, #402, .T. ) ;
#887 = CARTESIAN_POINT ( 'NONE',  ( 4.000000003133249216, 14.51984280285399009, 35.00000000000000000 ) ) ;
#888 = ORIENTED_EDGE ( 'NONE', *, *, #2136, .T. ) ;
#889 = CARTESIAN_POINT ( 'NONE',  ( 8.346760581452917549, -3.165226257316297698, 38.99999999999999289 ) ) ;
#890 = ORIENTED_EDGE ( 'NONE', *, *, #845, .T. ) ;
#891 = CARTESIAN_POINT ( 'NONE',  ( -5.758886529864790660, 12.82390060542199350, 35.00000000000000000 ) ) ;
#892 = EDGE_LOOP ( 'NONE', ( #592, #131, #773, #87 ) ) ;
#893 = CARTESIAN_POINT ( 'NONE',  ( -2.717300174202472718, 13.82001327611211750, 34.00000000000000000 ) ) ;
#894 = CARTESIAN_POINT ( 'NONE',  ( -4.000000003133250104, 13.49612381457931498, 34.26981466627648132 ) ) ;
#895 = EDGE_CURVE ( 'NONE', #193, #1545, #41, .T. ) ;
#896 = CARTESIAN_POINT ( 'NONE',  ( -7.567518835074789507, -4.412585320253132437, 35.00000000000000711 ) ) ;
#897 = ORIENTED_EDGE ( 'NONE', *, *, #1153, .T. ) ;
#898 = LINE ( 'NONE', #912, #2249 ) ;
#899 = ORIENTED_EDGE ( 'NONE', *, *, #521, .T. ) ;
#900 = EDGE_CURVE ( 'NONE', #1228, #1587, #1167, .T. ) ;
#901 = ORIENTED_EDGE ( 'NONE', *, *, #1240, .F. ) ;
#902 = CARTESIAN_POINT ( 'NONE',  ( -9.640475699811727139, 5.390664269946468856, 39.00000000000000711 ) ) ;
#903 = EDGE_LOOP ( 'NONE', ( #266, #1563, #816, #2026, #1489 ) ) ;
#904 = AXIS2_PLACEMENT_3D ( 'NONE', #767, #974, #411 ) ;
#905 = CARTESIAN_POINT ( 'NONE',  ( 8.613285959645013534, -2.439534386058965776, 38.99999999999999289 ) ) ;
#906 = DIRECTION ( 'NONE',  ( -1.000000000000000000, 0.000000000000000000, -0.000000000000000000 ) ) ;
#907 = EDGE_CURVE ( 'NONE', #1048, #1567, #2255, .T. ) ;
#908 = AXIS2_PLACEMENT_3D ( 'NONE', #1386, #987, #1009 ) ;
#909 = CARTESIAN_POINT ( 'NONE',  ( 8.572859957261448116, -2.554008902361214250, 34.99999999999999289 ) ) ;
#910 = EDGE_LOOP ( 'NONE', ( #1313, #1183, #852, #2019 ) ) ;
#911 = CARTESIAN_POINT ( 'NONE',  ( 4.000039090279164711, 13.46641801628086377, 39.00000000000000711 ) ) ;
#912 = CARTESIAN_POINT ( 'NONE',  ( 4.000000003133249216, 19.08999999999999986, 39.00000000000000711 ) ) ;
#913 = ORIENTED_EDGE ( 'NONE', *, *, #1585, .T. ) ;
#914 = EDGE_CURVE ( 'NONE', #1451, #1416, #2418, .T. ) ;
#915 = EDGE_LOOP ( 'NONE', ( #2392, #353, #1863, #890, #1795 ) ) ;
#916 = CARTESIAN_POINT ( 'NONE',  ( -9.567941014412383538, 2.997706486881289933, 39.00000000000000711 ) ) ;
#917 = ORIENTED_EDGE ( 'NONE', *, *, #1987, .T. ) ;
#918 = EDGE_CURVE ( 'NONE', #18, #1029, #728, .T. ) ;
#919 = CARTESIAN_POINT ( 'NONE',  ( 9.640475699811995369, 5.390664269942575082, 38.99999999999999289 ) ) ;
#920 = ORIENTED_EDGE ( 'NONE', *, *, #534, .T. ) ;
#921 = CARTESIAN_POINT ( 'NONE',  ( 8.296937913523885655, 9.918235753197235383, 35.00000000000000000 ) ) ;
#922 = CARTESIAN_POINT ( 'NONE',  ( -2.358317009490043858, 13.88300566040476802, 34.00000000000001421 ) ) ;
#923 = DIRECTION ( 'NONE',  ( 0.9756518749387853573, 0.2193249163420170067, 0.000000000000000000 ) ) ;
#924 = VERTEX_POINT ( 'NONE', #189 ) ;
#925 = CARTESIAN_POINT ( 'NONE',  ( 8.533482183777797658, 14.66983111182038435, 8.000000000000000000 ) ) ;
#926 = FACE_OUTER_BOUND ( 'NONE', #1475, .T. ) ;
#927 = ORIENTED_EDGE ( 'NONE', *, *, #2002, .T. ) ;
#928 = EDGE_CURVE ( 'NONE', #1648, #493, #2016, .T. ) ;
#929 = ORIENTED_EDGE ( 'NONE', *, *, #2361, .F. ) ;
#930 = DIRECTION ( 'NONE',  ( -1.000000000000000000, 0.000000000000000000, -0.000000000000000000 ) ) ;
#931 = B_SPLINE_CURVE_WITH_KNOTS ( 'NONE', 3,
 ( #953, #566, #55, #2066 ),
 .UNSPECIFIED., .F., .F.,
 ( 4, 4 ),
 ( 0.000000000000000000, 1.000000000000000000 ),
 .UNSPECIFIED. ) ;
#932 = ORIENTED_EDGE ( 'NONE', *, *, #1607, .F. ) ;
#933 = CARTESIAN_POINT ( 'NONE',  ( -7.294793586976121347, -4.688875560692356004, 39.00000000000000711 ) ) ;
#934 = CARTESIAN_POINT ( 'NONE',  ( 0.000000000000000000, 0.000000000000000000, 9.000000000000000000 ) ) ;
#935 = EDGE_CURVE ( 'NONE', #1648, #582, #735, .T. ) ;
#936 = CARTESIAN_POINT ( 'NONE',  ( -6.502752862557518831, 17.31249270386421557, 8.000000000000000000 ) ) ;
#937 = CARTESIAN_POINT ( 'NONE',  ( 9.333043294146186497, 10.31266823328066629, 8.000000000000000000 ) ) ;
#938 = CARTESIAN_POINT ( 'NONE',  ( 2.331885484261636332, 14.89776151364219281, 35.00000000000000000 ) ) ;
#939 = B_SPLINE_CURVE_WITH_KNOTS ( 'NONE', 3,
 ( #1984, #1823, #498, #1242 ),
 .UNSPECIFIED., .F., .F.,
 ( 4, 4 ),
 ( 0.000000000000000000, 1.000000000000000000 ),
 .UNSPECIFIED. ) ;
#940 = CARTESIAN_POINT ( 'NONE',  ( 4.000000003133249216, 15.08999999999999986, 34.00000000000000000 ) ) ;
#941 = EDGE_LOOP ( 'NONE', ( #2306, #2084, #2039, #1646 ) ) ;
#942 = ORIENTED_EDGE ( 'NONE', *, *, #93, .F. ) ;
#943 = CARTESIAN_POINT ( 'NONE',  ( -5.924365933332301992, 11.02060833412632235, 9.000000000000000000 ) ) ;
#944 = EDGE_LOOP ( 'NONE', ( #602, #1270, #992, #2027, #2036, #1148, #522, #1083, #2110, #1870, #1876, #1630, #982, #1682, #707, #426, #405, #863, #153, #1577, #301, #632, #1156, #853, #2085, #786, #2357, #1944, #1957, #1238, #1166, #1209, #174, #1101, #716, #2303 ) ) ;
#945 = EDGE_CURVE ( 'NONE', #747, #593, #952, .T. ) ;
#946 = DIRECTION ( 'NONE',  ( -0.000000000000000000, -0.000000000000000000, -1.000000000000000000 ) ) ;
#947 = CARTESIAN_POINT ( 'NONE',  ( 8.997933409387925963, 11.55304818225744157, 8.000000000000000000 ) ) ;
#948 = DIRECTION ( 'NONE',  ( -0.000000000000000000, -0.000000000000000000, -1.000000000000000000 ) ) ;
#949 = CARTESIAN_POINT ( 'NONE',  ( -5.127284483936604076, -4.562561254613973993, 39.00000000000000711 ) ) ;
#950 = EDGE_CURVE ( 'NONE', #166, #645, #1908, .T. ) ;
#951 = CARTESIAN_POINT ( 'NONE',  ( 8.439844061648317464, 10.52619793188147312, 8.000000000000000000 ) ) ;
#952 = LINE ( 'NONE', #1704, #1496 ) ;
#953 = CARTESIAN_POINT ( 'NONE',  ( -4.000008582824346348, 16.08999999999999986, 35.00000000000000000 ) ) ;
#954 = VERTEX_POINT ( 'NONE', #1132 ) ;
#955 = VECTOR ( 'NONE', #581, 1000.000000000000000 ) ;
#956 = ORIENTED_EDGE ( 'NONE', *, *, #1536, .T. ) ;
#957 = CARTESIAN_POINT ( 'NONE',  ( -5.126740823644457379, -4.562101928328713640, 35.00000000000000000 ) ) ;
#958 = ORIENTED_EDGE ( 'NONE', *, *, #1579, .F. ) ;
#959 = FACE_OUTER_BOUND ( 'NONE', #1227, .T. ) ;
#960 = CARTESIAN_POINT ( 'NONE',  ( 9.177312422554765092, 0.2408045793126898371, 35.00000000000000000 ) ) ;
#961 = CARTESIAN_POINT ( 'NONE',  ( 8.296937913523885655, 9.918235753197235383, 35.00000000000000000 ) ) ;
#962 = CARTESIAN_POINT ( 'NONE',  ( 4.000000003133250992, 13.46643229516696572, 34.00000000000000000 ) ) ;
#963 = ADVANCED_FACE ( 'NONE', ( #318 ), #1236, .T. ) ;
#964 = CARTESIAN_POINT ( 'NONE',  ( -8.297188131938304068, 9.917828796067722052, 39.00000000000000711 ) ) ;
#965 = CARTESIAN_POINT ( 'NONE',  ( -9.640475699811727139, 5.390664269946468856, 39.00000000000000711 ) ) ;
#966 = ORIENTED_EDGE ( 'NONE', *, *, #633, .F. ) ;
#967 = EDGE_CURVE ( 'NONE', #251, #193, #1858, .T. ) ;
#968 = ORIENTED_EDGE ( 'NONE', *, *, #1987, .F. ) ;
#969 = VERTEX_POINT ( 'NONE', #488 ) ;
#970 = APPROVAL ( #1993, 'UNSPECIFIED' ) ;
#971 = ORIENTED_EDGE ( 'NONE', *, *, #1506, .F. ) ;
#972 = B_SPLINE_CURVE_WITH_KNOTS ( 'NONE', 3,
 ( #1409, #916, #2004, #902 ),
 .UNSPECIFIED., .F., .F.,
 ( 4, 4 ),
 ( 0.4020355206276443605, 0.5214390961143637870 ),
 .UNSPECIFIED. ) ;
#973 = CARTESIAN_POINT ( 'NONE',  ( -9.375246782872787676, 7.175259957406940003, 9.000000000000000000 ) ) ;
#974 = DIRECTION ( 'NONE',  ( 0.000000000000000000, -0.000000000000000000, -1.000000000000000000 ) ) ;
#975 = LINE ( 'NONE', #1726, #1187 ) ;
#976 = CARTESIAN_POINT ( 'NONE',  ( 8.821594305286600601, -1.756898742538322900, 34.99999999999999289 ) ) ;
#977 = ADVANCED_FACE ( 'NONE', ( #885 ), #1832, .F. ) ;
#978 = DIRECTION ( 'NONE',  ( -1.000000000000000000, 0.000000000000000000, -0.000000000000000000 ) ) ;
#979 = CARTESIAN_POINT ( 'NONE',  ( -8.821657620173670722, -1.756660089433665473, 35.00000000000000000 ) ) ;
#980 = VERTEX_POINT ( 'NONE', #858 ) ;
#981 = CARTESIAN_POINT ( 'NONE',  ( -8.575657654520306039, -2.546426583603552452, 34.99999999999999289 ) ) ;
#982 = ORIENTED_EDGE ( 'NONE', *, *, #2150, .T. ) ;
#983 = EDGE_CURVE ( 'NONE', #1888, #1094, #1610, .T. ) ;
#984 = DIRECTION ( 'NONE',  ( -0.000000000000000000, -0.000000000000000000, -1.000000000000000000 ) ) ;
#985 = CARTESIAN_POINT ( 'NONE',  ( 4.000000003133250992, 13.46643229516696572, 34.00000000000000000 ) ) ;
#986 = CARTESIAN_POINT ( 'NONE',  ( 9.402307669017131886, 1.811483077722924495, 38.99999999999999289 ) ) ;
#987 = DIRECTION ( 'NONE',  ( 0.6325045105625273223, -0.7745566758592025147, 0.000000000000000000 ) ) ;
#988 = CARTESIAN_POINT ( 'NONE',  ( 9.712385753997574867, 4.198038965563446467, 35.00000000000000000 ) ) ;
#989 = EDGE_CURVE ( 'NONE', #2, #438, #1651, .T. ) ;
#990 = LINE ( 'NONE', #579, #2206 ) ;
#991 = AXIS2_PLACEMENT_3D ( 'NONE', #2414, #686, #712 ) ;
#992 = ORIENTED_EDGE ( 'NONE', *, *, #656, .T. ) ;
#993 = DIRECTION ( 'NONE',  ( 0.000000000000000000, 0.000000000000000000, -1.000000000000000000 ) ) ;
#994 = ORIENTED_EDGE ( 'NONE', *, *, #2429, .T. ) ;
#995 = LINE ( 'NONE', #1556, #1776 ) ;
#996 = LINE ( 'NONE', #973, #292 ) ;
#997 = PLANE ( 'NONE',  #70 ) ;
#998 = EDGE_CURVE ( 'NONE', #75, #645, #1844, .T. ) ;
#999 = CARTESIAN_POINT ( 'NONE',  ( -4.000000003133249216, 19.08999999999999986, 39.00000000000000711 ) ) ;
#1000 = CARTESIAN_POINT ( 'NONE',  ( -5.127284483936604076, -4.562561254613973993, 35.00000000000000000 ) ) ;
#1001 = DIRECTION ( 'NONE',  ( 0.000000000000000000, 0.000000000000000000, 1.000000000000000000 ) ) ;
#1002 = EDGE_LOOP ( 'NONE', ( #22, #1467, #1829, #2068 ) ) ;
#1003 = CARTESIAN_POINT ( 'NONE',  ( 6.581514505582509500, -6.697169245233714818, 0.000000000000000000 ) ) ;
#1004 = ORIENTED_EDGE ( 'NONE', *, *, #1506, .T. ) ;
#1005 = CARTESIAN_POINT ( 'NONE',  ( -8.821576602755563101, -1.756966567207280727, 39.00000000000000711 ) ) ;
#1006 = ADVANCED_FACE ( 'NONE', ( #1433 ), #137, .F. ) ;
#1007 = CARTESIAN_POINT ( 'NONE',  ( -9.082270357215493917, -0.4293403550322841267, 39.00000000000000711 ) ) ;
#1008 = CARTESIAN_POINT ( 'NONE',  ( 2.643224550277688767, 11.75820345163679193, 9.000000000000000000 ) ) ;
#1009 = DIRECTION ( 'NONE',  ( 0.7745566758592025147, 0.6325045105625273223, 0.000000000000000000 ) ) ;
#1010 = EDGE_CURVE ( 'NONE', #1707, #1248, #725, .T. ) ;
#1011 = DIRECTION ( 'NONE',  ( -0.000000000000000000, 0.000000000000000000, 1.000000000000000000 ) ) ;
#1012 = CARTESIAN_POINT ( 'NONE',  ( 7.431558528492251625, -4.550587485942062749, 38.99999999999999289 ) ) ;
#1013 = FACE_OUTER_BOUND ( 'NONE', #1280, .T. ) ;
#1014 = ORIENTED_EDGE ( 'NONE', *, *, #1793, .T. ) ;
#1015 = ORIENTED_EDGE ( 'NONE', *, *, #2172, .F. ) ;
#1016 = B_SPLINE_CURVE_WITH_KNOTS ( 'NONE', 1,
 ( #222, #961 ),
 .UNSPECIFIED., .F., .F.,
 ( 2, 2 ),
 ( 0.000000000000000000, 1.000000000000000000 ),
 .UNSPECIFIED. ) ;
#1017 = ORIENTED_EDGE ( 'NONE', *, *, #1113, .T. ) ;
#1018 = CARTESIAN_POINT ( 'NONE',  ( -4.863746607295830415, -4.308632458986829228, 39.00000000000000711 ) ) ;
#1019 = CARTESIAN_POINT ( 'NONE',  ( 0.000000000000000000, 0.000000000000000000, 0.000000000000000000 ) ) ;
#1020 = CARTESIAN_POINT ( 'NONE',  ( 4.000000003133249216, 16.08999999999999986, 0.000000000000000000 ) ) ;
#1021 = EDGE_CURVE ( 'NONE', #1587, #804, #939, .T. ) ;
#1022 =( NAMED_UNIT ( * ) PLANE_ANGLE_UNIT ( ) SI_UNIT ( $, .RADIAN. ) );
#1023 = ADVANCED_FACE ( 'NONE', ( #699 ), #497, .T. ) ;
#1024 = CARTESIAN_POINT ( 'NONE',  ( -2.909309663593020900, 14.80206192613433913, 35.00000000000000000 ) ) ;
#1025 = DIRECTION ( 'NONE',  ( 1.000000000000000000, 0.000000000000000000, 0.000000000000000000 ) ) ;
#1026 = CARTESIAN_POINT ( 'NONE',  ( -9.640475727956964391, 5.390663863964260116, 35.00000000000000000 ) ) ;
#1027 = CARTESIAN_POINT ( 'NONE',  ( 4.000000003133249216, 19.08999999999999986, 39.00000000000000711 ) ) ;
#1028 = EDGE_LOOP ( 'NONE', ( #1395, #2023 ) ) ;
#1029 = VERTEX_POINT ( 'NONE', #39 ) ;
#1030 = CIRCLE ( 'NONE', #1337, 4.950000000000000178 ) ;
#1031 = PLANE ( 'NONE',  #19 ) ;
#1032 = DIRECTION ( 'NONE',  ( 0.000000000000000000, 0.000000000000000000, -1.000000000000000000 ) ) ;
#1033 = CARTESIAN_POINT ( 'NONE',  ( -7.015738108521262006, 9.102039423941683083, -0.000000000000000000 ) ) ;
#1034 = AXIS2_PLACEMENT_3D ( 'NONE', #1887, #837, #276 ) ;
#1035 = CARTESIAN_POINT ( 'NONE',  ( -8.992289518815425708, -1.102857488201263392, 39.00000000000001421 ) ) ;
#1036 = EDGE_CURVE ( 'NONE', #1443, #1469, #1822, .T. ) ;
#1037 = CARTESIAN_POINT ( 'NONE',  ( 7.431559794877019343, -4.550588728281987905, 35.00000000000000000 ) ) ;
#1038 = CARTESIAN_POINT ( 'NONE',  ( 4.000000003133249216, 16.08999999999999986, 8.000000000000000000 ) ) ;
#1039 = CARTESIAN_POINT ( 'NONE',  ( 4.000039090276716003, 13.46641801628175550, 39.00000000000000711 ) ) ;
#1040 = ORIENTED_EDGE ( 'NONE', *, *, #1050, .F. ) ;
#1041 = EDGE_CURVE ( 'NONE', #806, #841, #779, .T. ) ;
#1042 = CC_DESIGN_DATE_AND_TIME_ASSIGNMENT ( #883, #2170, ( #1130 ) ) ;
#1043 = LINE ( 'NONE', #2157, #1615 ) ;
#1044 = CARTESIAN_POINT ( 'NONE',  ( -8.296949996653708581, 9.918215194133203738, 35.00000000000000000 ) ) ;
#1045 = B_SPLINE_CURVE_WITH_KNOTS ( 'NONE', 3,
 ( #1862, #1488, #1848, #2241 ),
 .UNSPECIFIED., .F., .F.,
 ( 4, 4 ),
 ( 0.000000000000000000, 1.000000000000000000 ),
 .UNSPECIFIED. ) ;
#1046 = CARTESIAN_POINT ( 'NONE',  ( -6.502752862557518831, 17.31249270386421557, 0.000000000000000000 ) ) ;
#1047 = CARTESIAN_POINT ( 'NONE',  ( 3.657031548617446504, 14.64922591256041606, 35.00000000000000000 ) ) ;
#1048 = VERTEX_POINT ( 'NONE', #1525 ) ;
#1049 = ORIENTED_EDGE ( 'NONE', *, *, #1423, .F. ) ;
#1050 = EDGE_CURVE ( 'NONE', #2003, #75, #1345, .T. ) ;
#1051 = CARTESIAN_POINT ( 'NONE',  ( -8.992289518815425708, -1.102857488201263392, 35.00000000000000711 ) ) ;
#1052 = DIRECTION ( 'NONE',  ( -0.000000000000000000, -0.000000000000000000, -1.000000000000000000 ) ) ;
#1053 = DIRECTION ( 'NONE',  ( 0.000000000000000000, 0.000000000000000000, -1.000000000000000000 ) ) ;
#1054 = CARTESIAN_POINT ( 'NONE',  ( 6.804607277773947693, -5.002307354649254023, 39.00000000000000711 ) ) ;
#1055 = ORIENTED_EDGE ( 'NONE', *, *, #666, .F. ) ;
#1056 = CARTESIAN_POINT ( 'NONE',  ( 9.669076645527232117, 4.573258184507072777, 35.00000000000000000 ) ) ;
#1057 = ORIENTED_EDGE ( 'NONE', *, *, #33, .T. ) ;
#1058 = AXIS2_PLACEMENT_3D ( 'NONE', #117, #2112, #1410 ) ;
#1059 = EDGE_CURVE ( 'NONE', #357, #2230, #1907, .T. ) ;
#1060 = ORIENTED_EDGE ( 'NONE', *, *, #2121, .T. ) ;
#1061 = CARTESIAN_POINT ( 'NONE',  ( 8.821576602755554219, -1.756966567207322472, 38.99999999999999289 ) ) ;
#1062 = COORDINATED_UNIVERSAL_TIME_OFFSET ( 8, 0, .BEHIND. ) ;
#1063 = VECTOR ( 'NONE', #946, 1000.000000000000000 ) ;
#1064 = ADVANCED_FACE ( 'NONE', ( #185 ), #652, .F. ) ;
#1065 = VECTOR ( 'NONE', #176, 1000.000000000000000 ) ;
#1066 = DIRECTION ( 'NONE',  ( -1.000000000000000000, 0.000000000000000000, 0.000000000000000000 ) ) ;
#1067 = B_SPLINE_CURVE_WITH_KNOTS ( 'NONE', 3,
 ( #1975, #1751, #1223, #1802 ),
 .UNSPECIFIED., .F., .F.,
 ( 4, 4 ),
 ( 0.3069887412565284190, 0.4720798440429362919 ),
 .UNSPECIFIED. ) ;
#1068 = B_SPLINE_SURFACE_WITH_KNOTS ( 'NONE', 3, 1, ( 
 ( #2376, #700 ),
 ( #1597, #130 ),
 ( #501, #1447 ),
 ( #470, #2197 ) ),
 .UNSPECIFIED., .F., .F., .F.,
 ( 4, 4 ),
 ( 2, 2 ),
 ( 0.1368286169960862830, 0.1582717713788311387 ),
 ( 0.000000000000000000, 1.000000000000000000 ),
 .UNSPECIFIED. ) ;
#1069 = CARTESIAN_POINT ( 'NONE',  ( 2.736291058347038785, 13.83332236198137721, 33.99999999999998579 ) ) ;
#1070 = ORIENTED_EDGE ( 'NONE', *, *, #2064, .T. ) ;
#1071 = DIRECTION ( 'NONE',  ( -0.000000000000000000, 0.000000000000000000, -1.000000000000000000 ) ) ;
#1072 = ORIENTED_EDGE ( 'NONE', *, *, #1041, .T. ) ;
#1073 = ORIENTED_EDGE ( 'NONE', *, *, #1113, .F. ) ;
#1074 = CARTESIAN_POINT ( 'NONE',  ( 9.082275252226050810, -0.4293058401412053193, 35.00000000000000000 ) ) ;
#1075 = B_SPLINE_CURVE_WITH_KNOTS ( 'NONE', 3,
 ( #1678, #154, #2405, #556 ),
 .UNSPECIFIED., .F., .F.,
 ( 4, 4 ),
 ( 0.4020355206276453597, 0.5214390961143531289 ),
 .UNSPECIFIED. ) ;
#1076 = ORIENTED_EDGE ( 'NONE', *, *, #1607, .T. ) ;
#1077 = CARTESIAN_POINT ( 'NONE',  ( 4.000000003133249216, 19.08999999999999986, 8.000000000000000000 ) ) ;
#1078 = CARTESIAN_POINT ( 'NONE',  ( -4.000017162515443481, 16.08999999999999986, 0.000000000000000000 ) ) ;
#1079 = DESIGN_CONTEXT ( 'detailed design', #453, 'design' ) ;
#1080 = CARTESIAN_POINT ( 'NONE',  ( 4.955646543517419289, -4.407817724702746354, 34.99999999999999289 ) ) ;
#1081 = EDGE_CURVE ( 'NONE', #1094, #1106, #766, .T. ) ;
#1082 = CARTESIAN_POINT ( 'NONE',  ( 0.6899194975294469234, 14.03044366312842506, 33.99999999996914113 ) ) ;
#1083 = ORIENTED_EDGE ( 'NONE', *, *, #2393, .T. ) ;
#1084 = PLANE ( 'NONE',  #1339 ) ;
#1085 = ORIENTED_EDGE ( 'NONE', *, *, #642, .F. ) ;
#1086 = B_SPLINE_CURVE_WITH_KNOTS ( 'NONE', 3,
 ( #24, #1736, #1370, #1548, #765 ),
 .UNSPECIFIED., .F., .F.,
 ( 4, 1, 4 ),
 ( 0.5950632211042228281, 0.6281481501307899507, 0.6512503637910664889 ),
 .UNSPECIFIED. ) ;
#1087 = CARTESIAN_POINT ( 'NONE',  ( 8.997933409387925963, 11.55304818225744157, 0.000000000000000000 ) ) ;
#1088 = ORIENTED_EDGE ( 'NONE', *, *, #2078, .F. ) ;
#1089 = FACE_OUTER_BOUND ( 'NONE', #2070, .T. ) ;
#1090 = EDGE_CURVE ( 'NONE', #1135, #749, #1705, .T. ) ;
#1091 = CARTESIAN_POINT ( 'NONE',  ( -7.331085140517530796, 11.52260324961497062, 39.00000000000000711 ) ) ;
#1092 = CARTESIAN_POINT ( 'NONE',  ( -4.000000003133249216, 13.68693856835191625, 34.62465231030130042 ) ) ;
#1093 = CARTESIAN_POINT ( 'NONE',  ( -4.000039090276759524, 13.46641801628173774, 34.99999999999999289 ) ) ;
#1094 = VERTEX_POINT ( 'NONE', #1152 ) ;
#1095 = CARTESIAN_POINT ( 'NONE',  ( -8.997943794044806154, 11.55304009430210144, 8.000000000000000000 ) ) ;
#1096 = FACE_OUTER_BOUND ( 'NONE', #2226, .T. ) ;
#1097 = EDGE_LOOP ( 'NONE', ( #464, #1169, #878, #2282 ) ) ;
#1098 = EDGE_CURVE ( 'NONE', #1915, #582, #306, .T. ) ;
#1099 = ORIENTED_EDGE ( 'NONE', *, *, #1664, .F. ) ;
#1100 = CARTESIAN_POINT ( 'NONE',  ( -3.353108902661536384, 14.70374266672890151, 35.00000000000000711 ) ) ;
#1101 = ORIENTED_EDGE ( 'NONE', *, *, #1245, .T. ) ;
#1102 = CARTESIAN_POINT ( 'NONE',  ( 7.431768561755106361, -4.550377228887341197, 39.00000000000000711 ) ) ;
#1103 = CARTESIAN_POINT ( 'NONE',  ( 7.431558528492251625, -4.550587485942062749, 35.00000000000000000 ) ) ;
#1104 = EDGE_CURVE ( 'NONE', #1106, #1732, #1761, .T. ) ;
#1105 = DIRECTION ( 'NONE',  ( 0.7745566758592025147, -0.6325045105625273223, 0.000000000000000000 ) ) ;
#1106 = VERTEX_POINT ( 'NONE', #769 ) ;
#1107 = DIRECTION ( 'NONE',  ( -0.000000000000000000, -0.000000000000000000, -1.000000000000000000 ) ) ;
#1108 = CARTESIAN_POINT ( 'NONE',  ( -6.375566889108473134, -5.079014286825504598, 39.00000000000000711 ) ) ;
#1109 = VERTEX_POINT ( 'NONE', #575 ) ;
#1110 = ORIENTED_EDGE ( 'NONE', *, *, #2427, .T. ) ;
#1111 = LINE ( 'NONE', #1670, #2001 ) ;
#1112 = ORIENTED_EDGE ( 'NONE', *, *, #1974, .F. ) ;
#1113 = EDGE_CURVE ( 'NONE', #1850, #2178, #2224, .T. ) ;
#1114 = B_SPLINE_CURVE_WITH_KNOTS ( 'NONE', 3,
 ( #2028, #2408, #891, #1992 ),
 .UNSPECIFIED., .F., .F.,
 ( 4, 4 ),
 ( 0.6796834214008264929, 0.8651634705614208443 ),
 .UNSPECIFIED. ) ;
#1115 = CC_DESIGN_PERSON_AND_ORGANIZATION_ASSIGNMENT ( #496, #1241, ( #1130 ) ) ;
#1116 = CARTESIAN_POINT ( 'NONE',  ( 9.177312422554225080, 0.2408045793084823694, 38.99999999999999289 ) ) ;
#1117 = ORIENTED_EDGE ( 'NONE', *, *, #918, .T. ) ;
#1118 = CARTESIAN_POINT ( 'NONE',  ( 7.747136604462968812, -4.177437937830212888, 39.00000000000000711 ) ) ;
#1119 = CARTESIAN_POINT ( 'NONE',  ( -8.439853523303030514, 10.52619034557497812, 0.000000000000000000 ) ) ;
#1120 = CARTESIAN_POINT ( 'NONE',  ( -7.797360299994343436, -4.107463940651982170, 39.00000000000000711 ) ) ;
#1121 = EDGE_CURVE ( 'NONE', #746, #125, #676, .T. ) ;
#1122 = CARTESIAN_POINT ( 'NONE',  ( -4.463610432491302404, -2.139785481527252564, 39.00000000000000711 ) ) ;
#1123 = DIRECTION ( 'NONE',  ( -0.9756518749387853573, -0.2193249163420170345, 0.000000000000000000 ) ) ;
#1124 = ORIENTED_EDGE ( 'NONE', *, *, #1745, .T. ) ;
#1125 = ORIENTED_EDGE ( 'NONE', *, *, #2158, .F. ) ;
#1126 = ORIENTED_EDGE ( 'NONE', *, *, #2114, .T. ) ;
#1127 = DIRECTION ( 'NONE',  ( -0.2193249163420177283, 0.9756518749387852463, 0.000000000000000000 ) ) ;
#1128 = CARTESIAN_POINT ( 'NONE',  ( 9.082270357215490364, -0.4293403550322841822, 39.00000000000000711 ) ) ;
#1129 = CARTESIAN_POINT ( 'NONE',  ( 2.698771266304114125, 13.84004868884118622, 34.00000000000001421 ) ) ;
#1130 = SECURITY_CLASSIFICATION ( '', '', #118 ) ;
#1131 = B_SPLINE_CURVE_WITH_KNOTS ( 'NONE', 3,
 ( #1243, #1880, #873, #319, #2185 ),
 .UNSPECIFIED., .F., .F.,
 ( 4, 1, 4 ),
 ( 0.08833690976311410481, 0.1350757393573850662, 0.1362678963168315049 ),
 .UNSPECIFIED. ) ;
#1132 = CARTESIAN_POINT ( 'NONE',  ( 4.000000003133249216, 19.08999999999999986, 0.000000000000000000 ) ) ;
#1133 = CARTESIAN_POINT ( 'NONE',  ( -8.821657620173670722, -1.756660089433665473, 35.00000000000000000 ) ) ;
#1134 = ORIENTED_EDGE ( 'NONE', *, *, #534, .F. ) ;
#1135 = VERTEX_POINT ( 'NONE', #1400 ) ;
#1136 = ORIENTED_EDGE ( 'NONE', *, *, #2344, .F. ) ;
#1137 = CARTESIAN_POINT ( 'NONE',  ( -8.553078510096494114, -2.607535155045253017, 39.00000000000000711 ) ) ;
#1138 = CARTESIAN_POINT ( 'NONE',  ( 8.296937913523885655, 9.918235753197235383, 35.00000000000000000 ) ) ;
#1139 = CARTESIAN_POINT ( 'NONE',  ( 8.779286804428748425, -1.916932458704416975, 38.99999999999999289 ) ) ;
#1140 = CARTESIAN_POINT ( 'NONE',  ( 8.821576602755554219, -1.756966567207322472, 35.00000000000000000 ) ) ;
#1141 = VECTOR ( 'NONE', #1937, 1000.000000000000000 ) ;
#1142 = ADVANCED_FACE ( 'NONE', ( #660 ), #100, .F. ) ;
#1143 = CARTESIAN_POINT ( 'NONE',  ( 7.659488179946636777, 10.85545444410419158, -1.694065894508600678E-18 ) ) ;
#1144 = AXIS2_PLACEMENT_3D ( 'NONE', #1442, #370, #1239 ) ;
#1145 = CARTESIAN_POINT ( 'NONE',  ( 3.341131669187456410, 14.70686043648576202, 35.00000000000000000 ) ) ;
#1146 = CARTESIAN_POINT ( 'NONE',  ( -9.789751801112787533, 3.886371526684792688, 0.000000000000000000 ) ) ;
#1147 = ORIENTED_EDGE ( 'NONE', *, *, #1327, .F. ) ;
#1148 = ORIENTED_EDGE ( 'NONE', *, *, #136, .T. ) ;
#1149 = CARTESIAN_POINT ( 'NONE',  ( 0.000000000000000000, 0.000000000000000000, 0.000000000000000000 ) ) ;
#1150 = CARTESIAN_POINT ( 'NONE',  ( -8.596335286640414353, -2.488457247643081516, 35.00000000000000000 ) ) ;
#1151 = EDGE_CURVE ( 'NONE', #1306, #1654, #129, .T. ) ;
#1152 = CARTESIAN_POINT ( 'NONE',  ( -4.000000003133248327, 13.46643229516696749, 34.00000000000000000 ) ) ;
#1153 = EDGE_CURVE ( 'NONE', #1648, #860, #454, .T. ) ;
#1154 = DIRECTION ( 'NONE',  ( -0.000000000000000000, 0.000000000000000000, -1.000000000000000000 ) ) ;
#1155 = CARTESIAN_POINT ( 'NONE',  ( -4.463610432491302404, -2.139785481527252564, 0.000000000000000000 ) ) ;
#1156 = ORIENTED_EDGE ( 'NONE', *, *, #1327, .T. ) ;
#1157 = PLANE ( 'NONE',  #17 ) ;
#1158 = VERTEX_POINT ( 'NONE', #88 ) ;
#1159 = B_SPLINE_CURVE_WITH_KNOTS ( 'NONE', 1,
 ( #343, #1852 ),
 .UNSPECIFIED., .F., .F.,
 ( 2, 2 ),
 ( 0.000000000000000000, 1.000000000000000000 ),
 .UNSPECIFIED. ) ;
#1160 = CARTESIAN_POINT ( 'NONE',  ( 4.000000003133249216, 13.68692994619620684, 34.62452836041791926 ) ) ;
#1161 = CARTESIAN_POINT ( 'NONE',  ( 8.076257427466986272, 10.88084797285705463, 8.000000000000000000 ) ) ;
#1162 = CARTESIAN_POINT ( 'NONE',  ( -3.354458934532462244, 13.67248782785507366, 34.00000000000000000 ) ) ;
#1163 = EDGE_CURVE ( 'NONE', #1451, #113, #819, .T. ) ;
#1164 = CARTESIAN_POINT ( 'NONE',  ( -4.863748386732593687, -4.308630838457921719, 39.00000000000000711 ) ) ;
#1165 = CARTESIAN_POINT ( 'NONE',  ( 0.000000000000000000, 0.000000000000000000, 39.00000000000000711 ) ) ;
#1166 = ORIENTED_EDGE ( 'NONE', *, *, #1098, .T. ) ;
#1167 = B_SPLINE_CURVE_WITH_KNOTS ( 'NONE', 3,
 ( #1899, #1286, #175, #911 ),
 .UNSPECIFIED., .F., .F.,
 ( 4, 4 ),
 ( 0.6796834214008427022, 0.8651634705614208443 ),
 .UNSPECIFIED. ) ;
#1168 = LINE ( 'NONE', #1746, #2326 ) ;
#1169 = ORIENTED_EDGE ( 'NONE', *, *, #886, .F. ) ;
#1170 = ADVANCED_FACE ( 'NONE', ( #1397 ), #459, .F. ) ;
#1171 = CARTESIAN_POINT ( 'NONE',  ( 7.641934006341973173, 12.45762953440257448, 0.000000000000000000 ) ) ;
#1172 = LINE ( 'NONE', #1982, #1927 ) ;
#1173 = CARTESIAN_POINT ( 'NONE',  ( 9.529093074759138915, 6.997307251641795567, 38.99999999999999289 ) ) ;
#1174 = PERSON_AND_ORGANIZATION_ROLE ( 'design_owner' ) ;
#1175 = ADVANCED_BREP_SHAPE_REPRESENTATION ( 'EDM Wire Bumper', ( #316, #1683 ), #203 ) ;
#1176 = VECTOR ( 'NONE', #737, 1000.000000000000000 ) ;
#1177 = CARTESIAN_POINT ( 'NONE',  ( -0.03254246791737180899, 14.73748297040376265, 35.00000000000000711 ) ) ;
#1178 = DIRECTION ( 'NONE',  ( -0.000000000000000000, -0.000000000000000000, -1.000000000000000000 ) ) ;
#1179 = LINE ( 'NONE', #2131, #2049 ) ;
#1180 = ORIENTED_EDGE ( 'NONE', *, *, #2311, .T. ) ;
#1181 = EDGE_CURVE ( 'NONE', #2281, #390, #1412, .T. ) ;
#1182 = CARTESIAN_POINT ( 'NONE',  ( -8.553078510096494114, -2.607535155045253017, 35.00000000000000000 ) ) ;
#1183 = ORIENTED_EDGE ( 'NONE', *, *, #294, .T. ) ;
#1184 = AXIS2_PLACEMENT_3D ( 'NONE', #940, #2268, #2107 ) ;
#1185 = EDGE_CURVE ( 'NONE', #517, #133, #1282, .T. ) ;
#1186 = DIRECTION ( 'NONE',  ( 0.000000000000000000, -0.000000000000000000, -1.000000000000000000 ) ) ;
#1187 = VECTOR ( 'NONE', #1202, 999.9999999999998863 ) ;
#1188 = CARTESIAN_POINT ( 'NONE',  ( 7.117760466827410148, 14.31408113940375415, 39.00000000000000711 ) ) ;
#1189 = CARTESIAN_POINT ( 'NONE',  ( 9.082270357215490364, -0.4293403550322841822, 39.00000000000000711 ) ) ;
#1190 = CARTESIAN_POINT ( 'NONE',  ( 4.000019632753994081, 13.46642539127314109, 35.00000000000000000 ) ) ;
#1191 = CARTESIAN_POINT ( 'NONE',  ( -7.797360299994343436, -4.107463940651982170, 35.00000000000000000 ) ) ;
#1192 = FACE_OUTER_BOUND ( 'NONE', #2134, .T. ) ;
#1193 = CARTESIAN_POINT ( 'NONE',  ( -9.567941014412383538, 2.997706486881289933, 39.00000000000000711 ) ) ;
#1194 = EDGE_CURVE ( 'NONE', #1235, #390, #995, .T. ) ;
#1195 = CARTESIAN_POINT ( 'NONE',  ( 7.659488179946636777, 10.85545444410419158, 9.000000000000000000 ) ) ;
#1196 = ORIENTED_EDGE ( 'NONE', *, *, #1514, .T. ) ;
#1197 = CARTESIAN_POINT ( 'NONE',  ( 4.000000003133249216, 16.08999999999999986, 8.000000000000000000 ) ) ;
#1198 = ORIENTED_EDGE ( 'NONE', *, *, #28, .T. ) ;
#1199 = B_SPLINE_SURFACE_WITH_KNOTS ( 'NONE', 3, 1, ( 
 ( #825, #641 ),
 ( #1391, #462 ),
 ( #838, #1584 ),
 ( #739, #398 ) ),
 .UNSPECIFIED., .F., .F., .F.,
 ( 4, 4 ),
 ( 2, 2 ),
 ( 0.1368286639475052580, 0.1582718169250306728 ),
 ( 0.000000000000000000, 1.000000000000000000 ),
 .UNSPECIFIED. ) ;
#1200 = CARTESIAN_POINT ( 'NONE',  ( 4.283856604512531696, -2.534323473647169589, 34.99999999999999289 ) ) ;
#1201 = CARTESIAN_POINT ( 'NONE',  ( -8.992289518815425708, -1.102857488201263392, 39.00000000000001421 ) ) ;
#1202 = DIRECTION ( 'NONE',  ( -0.2193249163420177283, 0.9756518749387852463, 0.000000000000000000 ) ) ;
#1203 = ADVANCED_FACE ( 'NONE', ( #1408 ), #1031, .F. ) ;
#1204 = B_SPLINE_CURVE_WITH_KNOTS ( 'NONE', 1,
 ( #474, #1969 ),
 .UNSPECIFIED., .F., .F.,
 ( 2, 2 ),
 ( 0.000000000000000000, 1.000000000000000000 ),
 .UNSPECIFIED. ) ;
#1205 = DIRECTION ( 'NONE',  ( 0.9491277474186702312, -0.3148912813654280440, 0.000000000000000000 ) ) ;
#1206 = CARTESIAN_POINT ( 'NONE',  ( -5.126469047069795337, -4.561872175228963044, 35.00000000000000000 ) ) ;
#1207 = CARTESIAN_POINT ( 'NONE',  ( 7.641934006341973173, 12.45762953440257270, 8.000000000000000000 ) ) ;
#1208 = LINE ( 'NONE', #615, #2365 ) ;
#1209 = ORIENTED_EDGE ( 'NONE', *, *, #935, .F. ) ;
#1210 = CARTESIAN_POINT ( 'NONE',  ( 4.263888127551648921, -2.650209835216543297, 39.00000000000000711 ) ) ;
#1211 = CARTESIAN_POINT ( 'NONE',  ( -8.076267207905260648, 10.88084071336665026, -0.000000000000000000 ) ) ;
#1212 = FACE_OUTER_BOUND ( 'NONE', #2382, .T. ) ;
#1213 = PERSON_AND_ORGANIZATION ( #119, #1237 ) ;
#1214 = EDGE_CURVE ( 'NONE', #1272, #536, #1204, .T. ) ;
#1215 = ADVANCED_FACE ( 'NONE', ( #618 ), #1369, .F. ) ;
#1216 = CARTESIAN_POINT ( 'NONE',  ( -4.022463027862730911, 13.45849734416493781, 34.00000000000000000 ) ) ;
#1217 = CARTESIAN_POINT ( 'NONE',  ( 5.758909822143636781, 12.82388132652803492, 35.00000000000000000 ) ) ;
#1218 = ORIENTED_EDGE ( 'NONE', *, *, #1960, .F. ) ;
#1219 = AXIS2_PLACEMENT_3D ( 'NONE', #2347, #1808, #1787 ) ;
#1220 = B_SPLINE_CURVE_WITH_KNOTS ( 'NONE', 3,
 ( #2191, #506, #2204, #523, #356, #1100, #1263, #2018 ),
 .UNSPECIFIED., .F., .F.,
 ( 4, 2, 2, 4 ),
 ( 0.000000000000000000, 0.001993559393882560031, 0.002990339090823840047, 0.003987118787765120062 ),
 .UNSPECIFIED. ) ;
#1221 = CARTESIAN_POINT ( 'NONE',  ( -7.687682592742845600, -4.263654819354838921, 39.00000000000000711 ) ) ;
#1222 = CARTESIAN_POINT ( 'NONE',  ( 8.992289518815422156, -1.102857488201263392, 35.00000000000000711 ) ) ;
#1223 = CARTESIAN_POINT ( 'NONE',  ( -9.529093074758437254, 6.997307251644241610, 39.00000000000000711 ) ) ;
#1224 = CARTESIAN_POINT ( 'NONE',  ( 1.375251161934498700, 14.00867812505135390, 33.99999999999998579 ) ) ;
#1225 = ORIENTED_EDGE ( 'NONE', *, *, #1098, .F. ) ;
#1226 = CARTESIAN_POINT ( 'NONE',  ( -8.714968426407057933, -2.137688489982397133, 39.00000000000000711 ) ) ;
#1227 = EDGE_LOOP ( 'NONE', ( #692, #2420, #557, #34 ) ) ;
#1228 = VERTEX_POINT ( 'NONE', #750 ) ;
#1229 = CARTESIAN_POINT ( 'NONE',  ( 8.821603417041472994, -1.756865136945429118, 35.00000000000000000 ) ) ;
#1230 = CALENDAR_DATE ( 2026, 30, 5 ) ;
#1231 = CARTESIAN_POINT ( 'NONE',  ( -8.439853523303030514, 10.52619034557497812, 8.000000000000000000 ) ) ;
#1232 = CARTESIAN_POINT ( 'NONE',  ( 5.950312360183994898, 12.78049696845274852, 35.00000000000000000 ) ) ;
#1233 = CARTESIAN_POINT ( 'NONE',  ( -5.924365933332301992, 11.02060833412632235, -0.000000000000000000 ) ) ;
#1234 = VERTEX_POINT ( 'NONE', #1694 ) ;
#1235 = VERTEX_POINT ( 'NONE', #1493 ) ;
#1236 = B_SPLINE_SURFACE_WITH_KNOTS ( 'NONE', 2, 1, ( 
 ( #2373, #1460 ),
 ( #1445, #2211 ),
 ( #2385, #2034 ) ),
 .UNSPECIFIED., .F., .F., .F.,
 ( 3, 3 ),
 ( 2, 2 ),
 ( 0.000000000000000000, 1.000000000000000000 ),
 ( 0.000000000000000000, 1.000000000000000000 ),
 .UNSPECIFIED. ) ;
#1237 = ORGANIZATION ( 'UNSPECIFIED', 'UNSPECIFIED', '' ) ;
#1238 = ORIENTED_EDGE ( 'NONE', *, *, #1980, .F. ) ;
#1239 = DIRECTION ( 'NONE',  ( -1.000000000000000000, 0.000000000000000000, -0.000000000000000000 ) ) ;
#1240 = EDGE_CURVE ( 'NONE', #806, #732, #224, .T. ) ;
#1241 = PERSON_AND_ORGANIZATION_ROLE ( 'classification_officer' ) ;
#1242 = CARTESIAN_POINT ( 'NONE',  ( 4.000019632753994081, 13.46642539127314109, 35.00000000000000000 ) ) ;
#1243 = CARTESIAN_POINT ( 'NONE',  ( 5.119587549425325790, -4.556025653300343592, 39.00000000000000711 ) ) ;
#1244 = CARTESIAN_POINT ( 'NONE',  ( 1.375251162085033618, 14.00867812621974196, 34.99999999999997868 ) ) ;
#1245 = EDGE_CURVE ( 'NONE', #493, #2083, #2086, .T. ) ;
#1246 = ORIENTED_EDGE ( 'NONE', *, *, #1185, .F. ) ;
#1247 = LINE ( 'NONE', #2038, #1065 ) ;
#1248 = VERTEX_POINT ( 'NONE', #1649 ) ;
#1249 = AXIS2_PLACEMENT_3D ( 'NONE', #1415, #2177, #1834 ) ;
#1250 = CARTESIAN_POINT ( 'NONE',  ( 4.000039090279164711, 13.46641801628086377, 39.00000000000000711 ) ) ;
#1251 = ORIENTED_EDGE ( 'NONE', *, *, #807, .T. ) ;
#1252 = ADVANCED_FACE ( 'NONE', ( #1470 ), #764, .T. ) ;
#1253 = VECTOR ( 'NONE', #1468, 1000.000000000000000 ) ;
#1254 = CARTESIAN_POINT ( 'NONE',  ( -4.000039090279206455, 13.46641801628084600, 39.00000000000000711 ) ) ;
#1255 = VECTOR ( 'NONE', #1376, 1000.000000000000000 ) ;
#1256 = DIRECTION ( 'NONE',  ( 0.000000000000000000, 0.000000000000000000, -1.000000000000000000 ) ) ;
#1257 = B_SPLINE_SURFACE_WITH_KNOTS ( 'NONE', 3, 1, ( 
 ( #2225, #1486 ),
 ( #951, #1882 ),
 ( #937, #576 ),
 ( #1703, #526 ) ),
 .UNSPECIFIED., .F., .F., .F.,
 ( 4, 4 ),
 ( 2, 2 ),
 ( 0.000000000000000000, 1.000000000000000000 ),
 ( 0.000000000000000000, 1.000000000000000000 ),
 .UNSPECIFIED. ) ;
#1258 = CARTESIAN_POINT ( 'NONE',  ( 8.297032112174555607, 9.918088025809083774, 39.00000000000000711 ) ) ;
#1259 = ORIENTED_EDGE ( 'NONE', *, *, #1153, .F. ) ;
#1260 = CARTESIAN_POINT ( 'NONE',  ( 7.015738108521260230, 9.102039423941683083, 9.000000000000000000 ) ) ;
#1261 = ORIENTED_EDGE ( 'NONE', *, *, #1466, .F. ) ;
#1262 = ORIENTED_EDGE ( 'NONE', *, *, #1623, .F. ) ;
#1263 = CARTESIAN_POINT ( 'NONE',  ( -3.679296475747504847, 14.61993437837550225, 35.00000000000000000 ) ) ;
#1264 = ORIENTED_EDGE ( 'NONE', *, *, #1334, .F. ) ;
#1265 = B_SPLINE_CURVE_WITH_KNOTS ( 'NONE', 3,
 ( #1103, #2048, #374, #1435 ),
 .UNSPECIFIED., .F., .F.,
 ( 4, 4 ),
 ( 0.1768459391118321899, 0.1768755533965682969 ),
 .UNSPECIFIED. ) ;
#1266 = CARTESIAN_POINT ( 'NONE',  ( 8.821576602755554219, -1.756966567207322472, 38.99999999999999289 ) ) ;
#1267 = EDGE_CURVE ( 'NONE', #1840, #1048, #2072, .T. ) ;
#1268 = EDGE_CURVE ( 'NONE', #1805, #357, #1317, .T. ) ;
#1269 = DIRECTION ( 'NONE',  ( 0.9491274643727209970, 0.3148921345054674359, 0.000000000000000000 ) ) ;
#1270 = ORIENTED_EDGE ( 'NONE', *, *, #1240, .T. ) ;
#1271 = LINE ( 'NONE', #2025, #1618 ) ;
#1272 = VERTEX_POINT ( 'NONE', #2207 ) ;
#1273 = APPLICATION_CONTEXT ( 'configuration controlled 3d designs of mechanical parts and assemblies' ) ;
#1274 = CARTESIAN_POINT ( 'NONE',  ( 9.177312422554765092, 0.2408045793126898371, 35.00000000000000000 ) ) ;
#1275 = ORIENTED_EDGE ( 'NONE', *, *, #2300, .F. ) ;
#1276 = CARTESIAN_POINT ( 'NONE',  ( 8.997933409387925963, 11.55304818225744157, 8.000000000000000000 ) ) ;
#1277 = CARTESIAN_POINT ( 'NONE',  ( 7.431768561755106361, -4.550377228887341197, 35.00000000000000000 ) ) ;
#1278 = B_SPLINE_CURVE_WITH_KNOTS ( 'NONE', 3,
 ( #1681, #1865, #9, #1087 ),
 .UNSPECIFIED., .F., .F.,
 ( 4, 4 ),
 ( 0.000000000000000000, 1.000000000000000000 ),
 .UNSPECIFIED. ) ;
#1279 = ADVANCED_FACE ( 'NONE', ( #1089 ), #2141, .F. ) ;
#1280 = EDGE_LOOP ( 'NONE', ( #287, #2425, #1540, #1956 ) ) ;
#1281 = CARTESIAN_POINT ( 'NONE',  ( 9.669076645527232117, 4.573258184507072777, 35.00000000000000000 ) ) ;
#1282 = B_SPLINE_CURVE_WITH_KNOTS ( 'NONE', 3,
 ( #1947, #808, #289, #2295 ),
 .UNSPECIFIED., .F., .F.,
 ( 4, 4 ),
 ( 0.000000000000000000, 1.000000000000000000 ),
 .UNSPECIFIED. ) ;
#1283 = EDGE_CURVE ( 'NONE', #251, #1328, #1613, .T. ) ;
#1284 = LINE ( 'NONE', #1501, #105 ) ;
#1285 = ORIENTED_EDGE ( 'NONE', *, *, #489, .F. ) ;
#1286 = CARTESIAN_POINT ( 'NONE',  ( 7.331085140517529020, 11.52260324961496707, 39.00000000000000711 ) ) ;
#1287 = DIRECTION ( 'NONE',  ( -1.000000000000000000, 0.000000000000000000, -0.000000000000000000 ) ) ;
#1288 = ORIENTED_EDGE ( 'NONE', *, *, #1385, .T. ) ;
#1289 = ORIENTED_EDGE ( 'NONE', *, *, #1596, .T. ) ;
#1290 = CARTESIAN_POINT ( 'NONE',  ( 5.119587533914153887, -4.556025640079512051, 34.99999999999999289 ) ) ;
#1291 = ORIENTED_EDGE ( 'NONE', *, *, #1413, .T. ) ;
#1292 = DIRECTION ( 'NONE',  ( 0.000000000000000000, 0.000000000000000000, -1.000000000000000000 ) ) ;
#1293 = VECTOR ( 'NONE', #1105, 1000.000000000000227 ) ;
#1294 = DIRECTION ( 'NONE',  ( -0.000000000000000000, -0.000000000000000000, -1.000000000000000000 ) ) ;
#1295 = CIRCLE ( 'NONE', #553, 4.950000000000000178 ) ;
#1296 = CARTESIAN_POINT ( 'NONE',  ( 9.640475699811995369, 5.390664269942575082, 38.99999999999999289 ) ) ;
#1297 = CARTESIAN_POINT ( 'NONE',  ( 0.3375611264083466789, 14.01489461206757170, 34.00000000000000000 ) ) ;
#1298 = VECTOR ( 'NONE', #1879, 1000.000000000000000 ) ;
#1299 = DIRECTION ( 'NONE',  ( -0.000000000000000000, -0.000000000000000000, 1.000000000000000000 ) ) ;
#1300 = CARTESIAN_POINT ( 'NONE',  ( 6.502737300916392016, 17.31249854897099283, 0.000000000000000000 ) ) ;
#1301 = DIRECTION ( 'NONE',  ( -0.000000000000000000, -0.000000000000000000, -1.000000000000000000 ) ) ;
#1302 = ORIENTED_EDGE ( 'NONE', *, *, #928, .F. ) ;
#1303 = EDGE_CURVE ( 'NONE', #695, #1565, #80, .T. ) ;
#1304 = ORIENTED_EDGE ( 'NONE', *, *, #1934, .T. ) ;
#1305 = DIRECTION ( 'NONE',  ( -0.000000000000000000, -0.000000000000000000, -1.000000000000000000 ) ) ;
#1306 = VERTEX_POINT ( 'NONE', #607 ) ;
#1307 = DIRECTION ( 'NONE',  ( -0.000000000000000000, -0.000000000000000000, -1.000000000000000000 ) ) ;
#1308 = CARTESIAN_POINT ( 'NONE',  ( 8.821576602755554219, -1.756966567207322472, 38.99999999999999289 ) ) ;
#1309 = CARTESIAN_POINT ( 'NONE',  ( -1.354519585441977370, 14.00922975516366087, 34.00000000000001421 ) ) ;
#1310 = CARTESIAN_POINT ( 'NONE',  ( -8.297188131938304068, 9.917828796067722052, 34.99999999999999289 ) ) ;
#1311 = LINE ( 'NONE', #30, #1452 ) ;
#1312 = DIRECTION ( 'NONE',  ( -1.000000000000000000, 0.000000000000000000, -0.000000000000000000 ) ) ;
#1313 = ORIENTED_EDGE ( 'NONE', *, *, #1303, .F. ) ;
#1314 = LINE ( 'NONE', #1012, #1255 ) ;
#1315 = ORIENTED_EDGE ( 'NONE', *, *, #2316, .T. ) ;
#1316 = CARTESIAN_POINT ( 'NONE',  ( 0.000000000000000000, 0.000000000000000000, 39.00000000000000711 ) ) ;
#1317 = B_SPLINE_CURVE_WITH_KNOTS ( 'NONE', 3,
 ( #1077, #2396, #708, #1276 ),
 .UNSPECIFIED., .F., .F.,
 ( 4, 4 ),
 ( 0.000000000000000000, 1.000000000000000000 ),
 .UNSPECIFIED. ) ;
#1318 = EDGE_CURVE ( 'NONE', #2407, #1235, #308, .T. ) ;
#1319 = CARTESIAN_POINT ( 'NONE',  ( -7.797360299994343436, -4.107463940651982170, 39.00000000000000711 ) ) ;
#1320 = CARTESIAN_POINT ( 'NONE',  ( 4.480984884138292657, 13.50633485581868065, 0.000000000000000000 ) ) ;
#1321 = CARTESIAN_POINT ( 'NONE',  ( 8.713577734503209271, -2.142461676665065262, 38.99999999999999289 ) ) ;
#1322 = CARTESIAN_POINT ( 'NONE',  ( -9.402307669017146097, 1.811483077723003543, 39.00000000000000711 ) ) ;
#1323 = FACE_OUTER_BOUND ( 'NONE', #300, .T. ) ;
#1324 = CARTESIAN_POINT ( 'NONE',  ( -4.863746607295820645, -4.308632458986818570, 35.00000000000000000 ) ) ;
#1325 = CYLINDRICAL_SURFACE ( 'NONE', #1184, 1.000000000000000888 ) ;
#1326 = ORIENTED_EDGE ( 'NONE', *, *, #2158, .T. ) ;
#1327 = EDGE_CURVE ( 'NONE', #1850, #125, #1086, .T. ) ;
#1328 = VERTEX_POINT ( 'NONE', #1891 ) ;
#1329 = VERTEX_POINT ( 'NONE', #2123 ) ;
#1330 = B_SPLINE_CURVE_WITH_KNOTS ( 'NONE', 3,
 ( #1308, #2061, #1128, #1512 ),
 .UNSPECIFIED., .F., .F.,
 ( 4, 4 ),
 ( 0.2816728446900716443, 0.3492186986297221019 ),
 .UNSPECIFIED. ) ;
#1331 = CARTESIAN_POINT ( 'NONE',  ( 4.000000003133249216, 13.88329301412193217, 34.80620010631083971 ) ) ;
#1332 = DIRECTION ( 'NONE',  ( 0.000000000000000000, 1.000000000000000000, 0.000000000000000000 ) ) ;
#1333 = CARTESIAN_POINT ( 'NONE',  ( 9.676472897845632914, 3.612871575666985358, 35.00000000000000000 ) ) ;
#1334 = EDGE_CURVE ( 'NONE', #2407, #1598, #996, .T. ) ;
#1335 = CARTESIAN_POINT ( 'NONE',  ( -8.997943794044806154, 11.55304009430210144, 0.000000000000000000 ) ) ;
#1336 = VECTOR ( 'NONE', #2137, 1000.000000000000000 ) ;
#1337 = AXIS2_PLACEMENT_3D ( 'NONE', #1390, #393, #1025 ) ;
#1338 = CARTESIAN_POINT ( 'NONE',  ( 9.640475727956962615, 5.390663863964261004, 35.00000000000000000 ) ) ;
#1339 = AXIS2_PLACEMENT_3D ( 'NONE', #1056, #1837, #1287 ) ;
#1340 = DIRECTION ( 'NONE',  ( -0.2193249163420170345, 0.9756518749387853573, 0.000000000000000000 ) ) ;
#1341 = ORIENTED_EDGE ( 'NONE', *, *, #967, .F. ) ;
#1342 = DIRECTION ( 'NONE',  ( -0.9756518749387853573, 0.2193249163420170067, 0.000000000000000000 ) ) ;
#1343 = ORIENTED_EDGE ( 'NONE', *, *, #688, .T. ) ;
#1344 = EDGE_CURVE ( 'NONE', #2395, #719, #2262, .T. ) ;
#1345 = B_SPLINE_CURVE_WITH_KNOTS ( 'NONE', 3,
 ( #376, #197, #753, #2277 ),
 .UNSPECIFIED., .F., .F.,
 ( 4, 4 ),
 ( 0.07979916849392644507, 0.09082419612723349744 ),
 .UNSPECIFIED. ) ;
#1346 = CARTESIAN_POINT ( 'NONE',  ( 6.993155932574826039, -4.895800758298324062, 38.99999999999999289 ) ) ;
#1347 = CARTESIAN_POINT ( 'NONE',  ( -9.640475699811727139, 5.390664269946468856, 39.00000000000000711 ) ) ;
#1348 = CARTESIAN_POINT ( 'NONE',  ( 7.431558528492251625, -4.550587485942062749, 38.99999999999999289 ) ) ;
#1349 = EDGE_CURVE ( 'NONE', #18, #340, #1767, .T. ) ;
#1350 = CARTESIAN_POINT ( 'NONE',  ( -8.997943794044806154, 11.55304009430210144, 8.000000000000000000 ) ) ;
#1351 = EDGE_CURVE ( 'NONE', #1719, #818, #219, .T. ) ;
#1352 = CARTESIAN_POINT ( 'NONE',  ( -0.004751015474203336246, 14.10766832476403110, 34.52198665876329642 ) ) ;
#1353 = CARTESIAN_POINT ( 'NONE',  ( -6.581514505582510388, -6.697169245233718371, 0.000000000000000000 ) ) ;
#1354 = ORIENTED_EDGE ( 'NONE', *, *, #656, .F. ) ;
#1355 = B_SPLINE_CURVE_WITH_KNOTS ( 'NONE', 3,
 ( #1758, #1173, #2348, #663 ),
 .UNSPECIFIED., .F., .F.,
 ( 4, 4 ),
 ( 0.5279201559569303148, 0.6930112587434811289 ),
 .UNSPECIFIED. ) ;
#1356 = DIRECTION ( 'NONE',  ( 0.000000000000000000, -1.000000000000000000, 0.000000000000000000 ) ) ;
#1357 = ORIENTED_EDGE ( 'NONE', *, *, #1645, .T. ) ;
#1358 = CARTESIAN_POINT ( 'NONE',  ( -3.674627398590979865, -3.363714272183310872, 0.000000000000000000 ) ) ;
#1359 = DIRECTION ( 'NONE',  ( -0.9756518749387853573, 0.2193249163420170067, 0.000000000000000000 ) ) ;
#1360 = CARTESIAN_POINT ( 'NONE',  ( 4.463610432491300628, -2.139785481527255229, 0.000000000000000000 ) ) ;
#1361 = CARTESIAN_POINT ( 'NONE',  ( 4.263888127551777707, -2.650209835215790566, 39.00000000000000711 ) ) ;
#1362 = PERSON_AND_ORGANIZATION ( #119, #1237 ) ;
#1363 = CARTESIAN_POINT ( 'NONE',  ( -5.127012422650087053, -4.562332253424794537, 35.00000000000000000 ) ) ;
#1364 = CARTESIAN_POINT ( 'NONE',  ( -8.618415672381555481, -2.424729041527462048, 39.00000000000000711 ) ) ;
#1365 = LINE ( 'NONE', #1562, #1661 ) ;
#1366 = VERTEX_POINT ( 'NONE', #1360 ) ;
#1367 = CARTESIAN_POINT ( 'NONE',  ( 5.119587549425325790, -4.556025653300343592, 39.00000000000000711 ) ) ;
#1368 = ORIENTED_EDGE ( 'NONE', *, *, #54, .F. ) ;
#1369 = PLANE ( 'NONE',  #2127 ) ;
#1370 = CARTESIAN_POINT ( 'NONE',  ( -9.270224677924737477, 0.9690160379330923224, 39.00000000000000711 ) ) ;
#1371 = PLANE ( 'NONE',  #1058 ) ;
#1372 = CARTESIAN_POINT ( 'NONE',  ( -9.375246782872787676, 7.175259957406940003, 9.000000000000000000 ) ) ;
#1373 = ADVANCED_FACE ( 'NONE', ( #959 ), #2101, .F. ) ;
#1374 = VECTOR ( 'NONE', #702, 1000.000000000000000 ) ;
#1375 = PLANE ( 'NONE',  #1926 ) ;
#1376 = DIRECTION ( 'NONE',  ( -0.000000000000000000, -0.000000000000000000, -1.000000000000000000 ) ) ;
#1377 = CARTESIAN_POINT ( 'NONE',  ( -7.797360299994343436, -4.107463940651982170, 39.00000000000000711 ) ) ;
#1378 = ORIENTED_EDGE ( 'NONE', *, *, #307, .F. ) ;
#1379 = CARTESIAN_POINT ( 'NONE',  ( 8.496959476465308470, 9.786862223306846076, 8.999999999999998224 ) ) ;
#1380 = ORIENTED_EDGE ( 'NONE', *, *, #2311, .F. ) ;
#1381 = EDGE_CURVE ( 'NONE', #2343, #2043, #1530, .T. ) ;
#1382 = CARTESIAN_POINT ( 'NONE',  ( -8.076267207905260648, 10.88084071336665026, 8.000000000000000000 ) ) ;
#1383 = AXIS2_PLACEMENT_3D ( 'NONE', #542, #1071, #165 ) ;
#1384 = CARTESIAN_POINT ( 'NONE',  ( -6.799275337914012063, -5.007187386554836195, 35.00000000000000000 ) ) ;
#1385 = EDGE_CURVE ( 'NONE', #1732, #193, #2413, .T. ) ;
#1386 = CARTESIAN_POINT ( 'NONE',  ( -7.265915424661499422, 8.897744133705373315, 9.000000000000000000 ) ) ;
#1387 = B_SPLINE_CURVE_WITH_KNOTS ( 'NONE', 3,
 ( #986, #2076, #1737, #1495 ),
 .UNSPECIFIED., .F., .F.,
 ( 4, 4 ),
 ( 0.4020355206276453597, 0.5214390961143531289 ),
 .UNSPECIFIED. ) ;
#1388 = CARTESIAN_POINT ( 'NONE',  ( -9.402312667612562791, 1.811515275319551588, 35.00000000000000000 ) ) ;
#1389 = CARTESIAN_POINT ( 'NONE',  ( 4.000000003133249216, 0.000000000000000000, 39.00000000000000711 ) ) ;
#1390 = CARTESIAN_POINT ( 'NONE',  ( 0.000000000000000000, 0.000000000000000000, 0.000000000000000000 ) ) ;
#1391 = CARTESIAN_POINT ( 'NONE',  ( 6.590497880048571844, -5.071434342964994180, 39.00000000000000711 ) ) ;
#1392 = CARTESIAN_POINT ( 'NONE',  ( 8.572859956096850809, -2.554008905307579180, 39.00000000000000711 ) ) ;
#1393 = EDGE_CURVE ( 'NONE', #311, #1366, #1295, .T. ) ;
#1394 = ORIENTED_EDGE ( 'NONE', *, *, #2103, .T. ) ;
#1395 = ORIENTED_EDGE ( 'NONE', *, *, #54, .T. ) ;
#1396 = B_SPLINE_SURFACE_WITH_KNOTS ( 'NONE', 3, 1, ( 
 ( #2394, #1491 ),
 ( #1632, #1479 ),
 ( #2217, #531 ),
 ( #706, #1290 ) ),
 .UNSPECIFIED., .F., .F., .F.,
 ( 4, 4 ),
 ( 2, 2 ),
 ( 0.07979916940868231334, 0.09082419544924479060 ),
 ( 0.000000000000000000, 1.000000000000000000 ),
 .UNSPECIFIED. ) ;
#1397 = FACE_OUTER_BOUND ( 'NONE', #1998, .T. ) ;
#1398 = CARTESIAN_POINT ( 'NONE',  ( -8.821576720846140418, -1.756966120516439300, 35.00000000000000000 ) ) ;
#1399 = EDGE_CURVE ( 'NONE', #1946, #340, #2171, .T. ) ;
#1400 = CARTESIAN_POINT ( 'NONE',  ( -4.000017162515443481, 16.08999999999999986, 8.000000000000000000 ) ) ;
#1401 = APPROVAL ( #1606, 'UNSPECIFIED' ) ;
#1402 = CARTESIAN_POINT ( 'NONE',  ( -3.643173699670688492, 14.63104851652529703, 35.00000000000000000 ) ) ;
#1403 = DIRECTION ( 'NONE',  ( -0.000000000000000000, -0.000000000000000000, -1.000000000000000000 ) ) ;
#1404 = LOCAL_TIME ( 17, 35, 44.00000000000000000, #1062 ) ;
#1405 =( BOUNDED_SURFACE ( )  B_SPLINE_SURFACE ( 3, 2, ( 
 ( #1458, #358, #1582 ),
 ( #2210, #1638, #1777 ),
 ( #1471, #1962, #1650 ),
 ( #469, #724, #2046 ),
 ( #1024, #2412, #893 ),
 ( #1402, #2384, #2424 ),
 ( #2221, #108, #884 ),
 ( #535, #2151, #1216 ) ),
 .UNSPECIFIED., .F., .F., .F. ) 
 B_SPLINE_SURFACE_WITH_KNOTS ( ( 4, 2, 2, 4 ),
 ( 3, 3 ),
 ( -2.655179219074890618E-05, 0.002212649349229075472, 0.003332249919938987635, 0.004451850490648900233 ),
 ( 0.000000000000000000, 1.000000000000000000 ),
 .UNSPECIFIED. ) 
 GEOMETRIC_REPRESENTATION_ITEM ( )  RATIONAL_B_SPLINE_SURFACE ( (
 ( 1.000000000000000000, 0.7071067811865475727, 1.000000000000000000),
 ( 1.000000000000000000, 0.7071067811865475727, 1.000000000000000000),
 ( 1.000000000000000000, 0.7071067811865469066, 1.000000000000000000),
 ( 1.000000000000000000, 0.7071067811865469066, 1.000000000000000000),
 ( 1.000000000000000000, 0.7071067811865469066, 1.000000000000000000),
 ( 1.000000000000000000, 0.7071067811865469066, 1.000000000000000000),
 ( 1.000000000000000000, 0.7071067811865481278, 1.000000000000000000),
 ( 1.000000000000000000, 0.7071067811865481278, 1.000000000000000000) ) ) 
 REPRESENTATION_ITEM ( '' )  SURFACE ( )  );
#1406 = ORIENTED_EDGE ( 'NONE', *, *, #2238, .F. ) ;
#1407 = CARTESIAN_POINT ( 'NONE',  ( -9.333052563865587459, 10.31265984410640790, 8.000000000000000000 ) ) ;
#1408 = FACE_OUTER_BOUND ( 'NONE', #2319, .T. ) ;
#1409 = CARTESIAN_POINT ( 'NONE',  ( -9.402307669017146097, 1.811483077723003543, 39.00000000000000711 ) ) ;
#1410 = DIRECTION ( 'NONE',  ( -0.7049100571177007168, 0.7092967019339085910, 0.000000000000000000 ) ) ;
#1411 = APPROVAL_ROLE ( '' ) ;
#1412 = B_SPLINE_CURVE_WITH_KNOTS ( 'NONE', 3,
 ( #430, #1547, #661, #63 ),
 .UNSPECIFIED., .F., .F.,
 ( 4, 4 ),
 ( 0.000000000000000000, 0.2671128928776186351 ),
 .UNSPECIFIED. ) ;
#1413 = EDGE_CURVE ( 'NONE', #1842, #2000, #1172, .T. ) ;
#1414 = CARTESIAN_POINT ( 'NONE',  ( -9.402312667612562791, 1.811515275319551588, 35.00000000000000000 ) ) ;
#1415 = CARTESIAN_POINT ( 'NONE',  ( -4.968138733791704453, -1.116829311923138501, 9.000000000000000000 ) ) ;
#1416 = VERTEX_POINT ( 'NONE', #1617 ) ;
#1417 = LINE ( 'NONE', #1990, #1855 ) ;
#1418 = ORIENTED_EDGE ( 'NONE', *, *, #611, .T. ) ;
#1419 = VECTOR ( 'NONE', #475, 1000.000000000000000 ) ;
#1420 = ORIENTED_EDGE ( 'NONE', *, *, #1351, .T. ) ;
#1421 = DIRECTION ( 'NONE',  ( 0.9491274643727209970, 0.3148921345054674359, 0.000000000000000000 ) ) ;
#1422 = AXIS2_PLACEMENT_3D ( 'NONE', #341, #1301, #691 ) ;
#1423 = EDGE_CURVE ( 'NONE', #2083, #704, #315, .T. ) ;
#1424 = DIRECTION ( 'NONE',  ( -0.7745566758592025147, 0.6325045105625273223, 0.000000000000000000 ) ) ;
#1425 = EDGE_CURVE ( 'NONE', #732, #1747, #2138, .T. ) ;
#1426 = LINE ( 'NONE', #2163, #2242 ) ;
#1427 = EDGE_LOOP ( 'NONE', ( #1912, #418, #1578, #355 ) ) ;
#1428 = CARTESIAN_POINT ( 'NONE',  ( -4.463610432491302404, -2.139785481527252564, 0.000000000000000000 ) ) ;
#1429 = CARTESIAN_POINT ( 'NONE',  ( 4.000000003133249216, 19.08999999999999986, 8.000000000000000000 ) ) ;
#1430 = ORIENTED_EDGE ( 'NONE', *, *, #2375, .T. ) ;
#1431 = ORIENTED_EDGE ( 'NONE', *, *, #1793, .F. ) ;
#1432 = LINE ( 'NONE', #1948, #1419 ) ;
#1433 = FACE_OUTER_BOUND ( 'NONE', #720, .T. ) ;
#1434 = EDGE_CURVE ( 'NONE', #2003, #166, #1432, .T. ) ;
#1435 = CARTESIAN_POINT ( 'NONE',  ( 7.432185994845331045, -4.549954135970719626, 35.00000000000000000 ) ) ;
#1436 = CARTESIAN_POINT ( 'NONE',  ( 6.993155932574826039, -4.895800758298324062, 38.99999999999999289 ) ) ;
#1437 = ORIENTED_EDGE ( 'NONE', *, *, #1472, .F. ) ;
#1438 = LINE ( 'NONE', #2200, #638 ) ;
#1439 = ORIENTED_EDGE ( 'NONE', *, *, #1425, .T. ) ;
#1440 = B_SPLINE_SURFACE_WITH_KNOTS ( 'NONE', 3, 1, ( 
 ( #320, #1641 ),
 ( #1813, #896 ),
 ( #2388, #1804 ),
 ( #875, #299 ) ),
 .UNSPECIFIED., .F., .F., .F.,
 ( 4, 4 ),
 ( 2, 2 ),
 ( 0.1769387212032901002, 0.1959657958693740709 ),
 ( 0.000000000000000000, 1.000000000000000000 ),
 .UNSPECIFIED. ) ;
#1441 = VERTEX_POINT ( 'NONE', #2337 ) ;
#1442 = CARTESIAN_POINT ( 'NONE',  ( 0.000000000000000000, 0.000000000000000000, 8.000000000000000000 ) ) ;
#1443 = VERTEX_POINT ( 'NONE', #648 ) ;
#1444 = CARTESIAN_POINT ( 'NONE',  ( -4.463610432491302404, -2.139785481527252564, 39.00000000000000711 ) ) ;
#1445 = CARTESIAN_POINT ( 'NONE',  ( -6.751996217807771927, 15.33549767204606518, 8.000000000000000000 ) ) ;
#1446 = EDGE_CURVE ( 'NONE', #2097, #704, #2202, .T. ) ;
#1447 = CARTESIAN_POINT ( 'NONE',  ( -6.804607277773948582, -5.002307354649254023, 35.00000000000000000 ) ) ;
#1448 = ORIENTED_EDGE ( 'NONE', *, *, #237, .F. ) ;
#1449 = CARTESIAN_POINT ( 'NONE',  ( 4.367984430937024598, -2.313817374042835606, 35.00000000000000000 ) ) ;
#1450 = CARTESIAN_POINT ( 'NONE',  ( -6.993154736041435449, -4.895801445721168932, 39.00000000000000711 ) ) ;
#1451 = VERTEX_POINT ( 'NONE', #1970 ) ;
#1452 = VECTOR ( 'NONE', #771, 1000.000000000000000 ) ;
#1453 = PLANE ( 'NONE',  #408 ) ;
#1454 = ORIENTED_EDGE ( 'NONE', *, *, #900, .F. ) ;
#1455 = CARTESIAN_POINT ( 'NONE',  ( 4.283856608051769044, -2.534323453107715451, 39.00000000000000711 ) ) ;
#1456 = ADVANCED_FACE ( 'NONE', ( #303 ), #274, .T. ) ;
#1457 = VECTOR ( 'NONE', #168, 1000.000000000000000 ) ;
#1458 = CARTESIAN_POINT ( 'NONE',  ( 0.07085453297725648192, 14.99784654068926493, 35.00000000000000000 ) ) ;
#1459 = CIRCLE ( 'NONE', #295, 4.950000000000000178 ) ;
#1460 = CARTESIAN_POINT ( 'NONE',  ( -4.000014465911071682, 16.08999640452315560, 0.000000000000000000 ) ) ;
#1461 = CARTESIAN_POINT ( 'NONE',  ( -5.758909822143662538, 12.82388132652801183, 39.00000000000000711 ) ) ;
#1462 = ORIENTED_EDGE ( 'NONE', *, *, #642, .T. ) ;
#1463 = CARTESIAN_POINT ( 'NONE',  ( -4.463610432491302404, -2.139785481527252564, 39.00000000000001421 ) ) ;
#1464 = DIRECTION ( 'NONE',  ( 1.000000000000000000, -0.000000000000000000, 0.000000000000000000 ) ) ;
#1465 = ORIENTED_EDGE ( 'NONE', *, *, #1833, .F. ) ;
#1466 = EDGE_CURVE ( 'NONE', #493, #2097, #1043, .T. ) ;
#1467 = ORIENTED_EDGE ( 'NONE', *, *, #1546, .F. ) ;
#1468 = DIRECTION ( 'NONE',  ( 0.7049100571177007168, -0.7092967019339085910, 0.000000000000000000 ) ) ;
#1469 = VERTEX_POINT ( 'NONE', #1229 ) ;
#1470 = FACE_OUTER_BOUND ( 'NONE', #1851, .T. ) ;
#1471 = CARTESIAN_POINT ( 'NONE',  ( -1.429221520365532738, 15.00910098514677671, 35.00000000000000000 ) ) ;
#1472 = EDGE_CURVE ( 'NONE', #2132, #1441, #854, .T. ) ;
#1473 = CC_DESIGN_DATE_AND_TIME_ASSIGNMENT ( #148, #856, ( #327 ) ) ;
#1474 = CARTESIAN_POINT ( 'NONE',  ( 7.265915424661499422, 8.897744133705373315, 9.000000000000000000 ) ) ;
#1475 = EDGE_LOOP ( 'NONE', ( #2409, #364, #336, #2380 ) ) ;
#1476 = CARTESIAN_POINT ( 'NONE',  ( 4.968138733791704453, -1.116829311923138501, 9.000000000000000000 ) ) ;
#1477 = DIRECTION ( 'NONE',  ( 0.8692081059733659520, -0.4944464263296822204, 0.000000000000000000 ) ) ;
#1478 = ORIENTED_EDGE ( 'NONE', *, *, #1934, .F. ) ;
#1479 = CARTESIAN_POINT ( 'NONE',  ( 4.955646539260794903, -4.407817720072145562, 34.99999999999999289 ) ) ;
#1480 = ORIENTED_EDGE ( 'NONE', *, *, #633, .T. ) ;
#1481 = CARTESIAN_POINT ( 'NONE',  ( 3.674627398590979421, -3.363714272183311316, 0.000000000000000000 ) ) ;
#1482 = CARTESIAN_POINT ( 'NONE',  ( 7.432185994845331045, -4.549954135970719626, 35.00000000000000000 ) ) ;
#1483 = EDGE_LOOP ( 'NONE', ( #1480, #1437, #2333, #2015 ) ) ;
#1484 = FACE_OUTER_BOUND ( 'NONE', #693, .T. ) ;
#1485 = ADVANCED_FACE ( 'NONE', ( #673 ), #134, .T. ) ;
#1486 = CARTESIAN_POINT ( 'NONE',  ( 8.076257427466982719, 10.88084797285705463, 0.000000000000000000 ) ) ;
#1487 = CARTESIAN_POINT ( 'NONE',  ( -4.012886852363204859, -2.838981208993357708, 39.00000000000000711 ) ) ;
#1488 = CARTESIAN_POINT ( 'NONE',  ( -7.561923775681130167, -4.418774363867501442, 35.00000000000000000 ) ) ;
#1489 = ORIENTED_EDGE ( 'NONE', *, *, #967, .T. ) ;
#1490 = ORIENTED_EDGE ( 'NONE', *, *, #1652, .T. ) ;
#1491 = CARTESIAN_POINT ( 'NONE',  ( 4.880463454490772790, -4.326801117939689689, 34.99999999999999289 ) ) ;
#1492 = EDGE_LOOP ( 'NONE', ( #734, #580, #627, #2067 ) ) ;
#1493 = CARTESIAN_POINT ( 'NONE',  ( -7.659488179946636777, 10.85545444410418803, 9.000000000000000000 ) ) ;
#1494 = VECTOR ( 'NONE', #1356, 1000.000000000000000 ) ;
#1495 = CARTESIAN_POINT ( 'NONE',  ( 9.640475699811995369, 5.390664269942575082, 38.99999999999999289 ) ) ;
#1496 = VECTOR ( 'NONE', #2065, 1000.000000000000000 ) ;
#1497 = CARTESIAN_POINT ( 'NONE',  ( 4.283856622785652490, -2.534323367600137544, 34.99999999999999289 ) ) ;
#1498 = CARTESIAN_POINT ( 'NONE',  ( -5.501008259883901630, -4.878250056664049872, 39.00000000000000711 ) ) ;
#1499 = EDGE_CURVE ( 'NONE', #1565, #2000, #1592, .T. ) ;
#1500 = VECTOR ( 'NONE', #415, 1000.000000000000000 ) ;
#1501 = CARTESIAN_POINT ( 'NONE',  ( 9.212395376139159708, 5.240443502959773348, 9.000000000000000000 ) ) ;
#1502 = CARTESIAN_POINT ( 'NONE',  ( -5.127012226221195235, -4.562332087139403747, 39.00000000000000711 ) ) ;
#1503 = FACE_OUTER_BOUND ( 'NONE', #941, .T. ) ;
#1504 = ORIENTED_EDGE ( 'NONE', *, *, #59, .F. ) ;
#1505 = B_SPLINE_CURVE_WITH_KNOTS ( 'NONE', 1,
 ( #919, #2398 ),
 .UNSPECIFIED., .F., .F.,
 ( 2, 2 ),
 ( 0.000000000000000000, 1.000000000000000000 ),
 .UNSPECIFIED. ) ;
#1506 = EDGE_CURVE ( 'NONE', #1469, #1861, #107, .T. ) ;
#1507 = ORIENTED_EDGE ( 'NONE', *, *, #1318, .T. ) ;
#1508 = DIRECTION ( 'NONE',  ( -0.000000000000000000, -0.000000000000000000, -1.000000000000000000 ) ) ;
#1509 = ORIENTED_EDGE ( 'NONE', *, *, #1434, .F. ) ;
#1510 = CARTESIAN_POINT ( 'NONE',  ( -9.185316638463556060, 0.7221315108641916947, 0.000000000000000000 ) ) ;
#1511 = CARTESIAN_POINT ( 'NONE',  ( 5.119582729872919735, -4.556031316714087787, 35.00000000000000000 ) ) ;
#1512 = CARTESIAN_POINT ( 'NONE',  ( 9.177312422554225080, 0.2408045793084823694, 38.99999999999999289 ) ) ;
#1513 = CARTESIAN_POINT ( 'NONE',  ( -0.6795640453970135386, 14.02998671431426381, 34.00000000000000711 ) ) ;
#1514 = EDGE_CURVE ( 'NONE', #1805, #954, #2181, .T. ) ;
#1515 = B_SPLINE_CURVE_WITH_KNOTS ( 'NONE', 3,
 ( #382, #774, #436, #1750 ),
 .UNSPECIFIED., .F., .F.,
 ( 4, 4 ),
 ( 0.7328871071223814759, 1.000000000000000000 ),
 .UNSPECIFIED. ) ;
#1516 = CARTESIAN_POINT ( 'NONE',  ( -8.821629903104396320, -1.756762337693040354, 34.99999999999999289 ) ) ;
#1517 = CARTESIAN_POINT ( 'NONE',  ( 1.312820532373424776, 15.01203208885026719, 35.00000000000000000 ) ) ;
#1518 = CARTESIAN_POINT ( 'NONE',  ( -8.957827066612232159, -2.235909959463548979, 0.000000000000000000 ) ) ;
#1519 = ORIENTED_EDGE ( 'NONE', *, *, #2223, .F. ) ;
#1520 = VERTEX_POINT ( 'NONE', #2169 ) ;
#1521 = CARTESIAN_POINT ( 'NONE',  ( 6.375568301259502135, -5.079014246466874383, 39.00000000000000711 ) ) ;
#1522 = ORIENTED_EDGE ( 'NONE', *, *, #283, .F. ) ;
#1523 = CARTESIAN_POINT ( 'NONE',  ( -9.177307342847477400, 0.2407651366111361602, 35.00000000000000000 ) ) ;
#1524 = CARTESIAN_POINT ( 'NONE',  ( -6.993154736041435449, -4.895801445721168932, 39.00000000000000711 ) ) ;
#1525 = CARTESIAN_POINT ( 'NONE',  ( 5.952040274615381321, 13.01828409750224580, 0.000000000000000000 ) ) ;
#1526 = CC_DESIGN_APPROVAL ( #651, ( #327 ) ) ;
#1527 = DIRECTION ( 'NONE',  ( -1.000000000000000000, 0.000000000000000000, -0.000000000000000000 ) ) ;
#1528 = CARTESIAN_POINT ( 'NONE',  ( -6.993154736041435449, -4.895801445721168932, 39.00000000000000711 ) ) ;
#1529 = ORIENTED_EDGE ( 'NONE', *, *, #1021, .T. ) ;
#1530 = B_SPLINE_CURVE_WITH_KNOTS ( 'NONE', 3,
 ( #1523, #583, #2274, #1724 ),
 .UNSPECIFIED., .F., .F.,
 ( 4, 4 ),
 ( 0.6512517959442417625, 0.7219127048451113859 ),
 .UNSPECIFIED. ) ;
#1531 = VERTEX_POINT ( 'NONE', #820 ) ;
#1532 = EDGE_LOOP ( 'NONE', ( #350, #671, #1671, #1886 ) ) ;
#1533 = ORIENTED_EDGE ( 'NONE', *, *, #2176, .T. ) ;
#1534 = DIRECTION ( 'NONE',  ( 1.000000000000000000, 0.000000000000000000, 0.000000000000000000 ) ) ;
#1535 = CARTESIAN_POINT ( 'NONE',  ( -4.000017162515443481, 19.08999999999999986, 8.000000000000000000 ) ) ;
#1536 = EDGE_CURVE ( 'NONE', #2132, #1840, #832, .T. ) ;
#1537 = CARTESIAN_POINT ( 'NONE',  ( -8.533495370010015790, 14.66982344134394012, 0.000000000000000000 ) ) ;
#1538 = DIRECTION ( 'NONE',  ( 1.000000000000000000, 0.000000000000000000, -0.000000000000000000 ) ) ;
#1539 = CARTESIAN_POINT ( 'NONE',  ( -8.297179967528922617, 9.917823881671585795, 39.00000000000000711 ) ) ;
#1540 = ORIENTED_EDGE ( 'NONE', *, *, #136, .F. ) ;
#1541 = B_SPLINE_CURVE_WITH_KNOTS ( 'NONE', 2,
 ( #1038, #1792, #1942 ),
 .UNSPECIFIED., .F., .F.,
 ( 3, 3 ),
 ( 0.000000000000000000, 1.000000000000000000 ),
 .UNSPECIFIED. ) ;
#1542 = DIRECTION ( 'NONE',  ( -1.000000000000000000, 0.000000000000000000, -0.000000000000000000 ) ) ;
#1543 = ORIENTED_EDGE ( 'NONE', *, *, #1163, .T. ) ;
#1544 = CARTESIAN_POINT ( 'NONE',  ( -3.674627398590979865, -3.363714272183310872, 39.00000000000001421 ) ) ;
#1545 = VERTEX_POINT ( 'NONE', #634 ) ;
#1546 = EDGE_CURVE ( 'NONE', #1915, #1306, #486, .T. ) ;
#1547 = CARTESIAN_POINT ( 'NONE',  ( -3.582004406822048903, 14.15806095620767557, 0.000000000000000000 ) ) ;
#1548 = CARTESIAN_POINT ( 'NONE',  ( -9.204626165686097039, 0.4528893774554496598, 39.00000000000000711 ) ) ;
#1549 = CARTESIAN_POINT ( 'NONE',  ( -1.403191068375136092E-15, 14.00000000000000000, 35.00000000000000000 ) ) ;
#1550 = EDGE_CURVE ( 'NONE', #1850, #543, #972, .T. ) ;
#1551 = CARTESIAN_POINT ( 'NONE',  ( -4.945806893091605261, -4.398617857718051916, 39.00000000000000711 ) ) ;
#1552 = CARTESIAN_POINT ( 'NONE',  ( -3.674627398590979865, -3.363714272183310872, 0.000000000000000000 ) ) ;
#1553 = VERTEX_POINT ( 'NONE', #1211 ) ;
#1554 = CARTESIAN_POINT ( 'NONE',  ( 9.375246782872787676, 7.175259957406932898, 9.000000000000000000 ) ) ;
#1555 = ORIENTED_EDGE ( 'NONE', *, *, #1303, .T. ) ;
#1556 = CARTESIAN_POINT ( 'NONE',  ( -7.659488179946636777, 10.85545444410418803, 9.000000000000000000 ) ) ;
#1557 = CARTESIAN_POINT ( 'NONE',  ( -6.751996217807771927, 15.33549767204606518, 0.000000000000000000 ) ) ;
#1558 = DIRECTION ( 'NONE',  ( 0.9756518749387853573, -0.2193249163420170345, 0.000000000000000000 ) ) ;
#1559 = CARTESIAN_POINT ( 'NONE',  ( -8.821576602755563101, -1.756966567207280727, 39.00000000000000711 ) ) ;
#1560 = CARTESIAN_POINT ( 'NONE',  ( 9.669076645527232117, 4.573258184507072777, 35.00000000000000000 ) ) ;
#1561 = CARTESIAN_POINT ( 'NONE',  ( 4.000000003133250992, 13.46643229516696572, 34.00000000000000000 ) ) ;
#1562 = CARTESIAN_POINT ( 'NONE',  ( 4.000000003133250992, 13.46643229516696572, 34.00000000000000000 ) ) ;
#1563 = ORIENTED_EDGE ( 'NONE', *, *, #1640, .T. ) ;
#1564 = LINE ( 'NONE', #1781, #1494 ) ;
#1565 = VERTEX_POINT ( 'NONE', #1828 ) ;
#1566 = CARTESIAN_POINT ( 'NONE',  ( -8.779286804428753754, -1.916932458704390996, 39.00000000000000711 ) ) ;
#1567 = VERTEX_POINT ( 'NONE', #2246 ) ;
#1568 = DIRECTION ( 'NONE',  ( -0.9491277474186702312, 0.3148912813654280440, 0.000000000000000000 ) ) ;
#1569 = CARTESIAN_POINT ( 'NONE',  ( -1.403191068375136092E-15, 14.00000000000000000, 39.00000000000001421 ) ) ;
#1570 = DIRECTION ( 'NONE',  ( -0.000000000000000000, -0.000000000000000000, -1.000000000000000000 ) ) ;
#1571 = VECTOR ( 'NONE', #1933, 1000.000000000000000 ) ;
#1572 = EDGE_CURVE ( 'NONE', #1328, #1819, #1111, .T. ) ;
#1573 = CARTESIAN_POINT ( 'NONE',  ( 6.804607277773947693, -5.002307354649254023, 35.00000000000000000 ) ) ;
#1574 = DIRECTION ( 'NONE',  ( -0.000000000000000000, -0.000000000000000000, -1.000000000000000000 ) ) ;
#1575 = VECTOR ( 'NONE', #1728, 1000.000000000000000 ) ;
#1576 = CARTESIAN_POINT ( 'NONE',  ( -7.015738108521262006, 9.102039423941683083, 9.000000000000000000 ) ) ;
#1577 = ORIENTED_EDGE ( 'NONE', *, *, #509, .F. ) ;
#1578 = ORIENTED_EDGE ( 'NONE', *, *, #354, .F. ) ;
#1579 = EDGE_CURVE ( 'NONE', #2178, #2294, #2318, .T. ) ;
#1580 = CARTESIAN_POINT ( 'NONE',  ( -7.567518837898580486, -4.412585318032924420, 39.00000000000000711 ) ) ;
#1581 = CARTESIAN_POINT ( 'NONE',  ( -7.641945204098258060, 12.45762266531077422, 8.000000000000000000 ) ) ;
#1582 = CARTESIAN_POINT ( 'NONE',  ( 0.02677103131183272353, 13.99881869078671315, 34.00000000000000000 ) ) ;
#1583 = CARTESIAN_POINT ( 'NONE',  ( -8.076267207905260648, 10.88084071336665026, -0.000000000000000000 ) ) ;
#1584 = CARTESIAN_POINT ( 'NONE',  ( 6.804607277773947693, -5.002307354649254023, 35.00000000000000000 ) ) ;
#1585 = EDGE_CURVE ( 'NONE', #1840, #560, #721, .T. ) ;
#1586 = CARTESIAN_POINT ( 'NONE',  ( 9.639054184538029091, 6.039731839999941343, 0.000000000000000000 ) ) ;
#1587 = VERTEX_POINT ( 'NONE', #1250 ) ;
#1588 = CARTESIAN_POINT ( 'NONE',  ( -5.127284483936604076, -4.562561254613973993, 39.00000000000000711 ) ) ;
#1589 = EDGE_LOOP ( 'NONE', ( #10, #527, #1418, #56 ) ) ;
#1590 = ADVANCED_FACE ( 'NONE', ( #157 ), #335, .F. ) ;
#1591 = CARTESIAN_POINT ( 'NONE',  ( 4.319051649478590882, -2.420806831842124307, 39.00000000000000711 ) ) ;
#1592 = LINE ( 'NONE', #116, #1928 ) ;
#1593 = CARTESIAN_POINT ( 'NONE',  ( 8.613282949362988106, -2.439533263570020871, 39.00000000000000711 ) ) ;
#1594 = DATE_AND_TIME ( #487, #1951 ) ;
#1595 = PLANE ( 'NONE',  #2209 ) ;
#1596 = EDGE_CURVE ( 'NONE', #954, #2230, #1278, .T. ) ;
#1597 = CARTESIAN_POINT ( 'NONE',  ( -6.590497880048571844, -5.071434342964994180, 39.00000000000000711 ) ) ;
#1598 = VERTEX_POINT ( 'NONE', #192 ) ;
#1599 = CARTESIAN_POINT ( 'NONE',  ( -5.950330264090206711, 12.78048545296797300, 35.00000000000000000 ) ) ;
#1600 = ORIENTED_EDGE ( 'NONE', *, *, #577, .T. ) ;
#1601 = B_SPLINE_CURVE_WITH_KNOTS ( 'NONE', 1,
 ( #965, #389 ),
 .UNSPECIFIED., .F., .F.,
 ( 2, 2 ),
 ( 0.000000000000000000, 1.000000000000000000 ),
 .UNSPECIFIED. ) ;
#1602 = EDGE_CURVE ( 'NONE', #593, #517, #748, .T. ) ;
#1603 = ORIENTED_EDGE ( 'NONE', *, *, #586, .T. ) ;
#1604 = DIRECTION ( 'NONE',  ( 0.000000000000000000, 0.000000000000000000, -1.000000000000000000 ) ) ;
#1605 = CARTESIAN_POINT ( 'NONE',  ( 8.551814792638083418, -2.610947255762277930, 39.00000000000000711 ) ) ;
#1606 = APPROVAL_STATUS ( 'not_yet_approved' ) ;
#1607 = EDGE_CURVE ( 'NONE', #761, #2247, #1114, .T. ) ;
#1608 = CARTESIAN_POINT ( 'NONE',  ( -4.000000003133248327, 13.46643229516696749, 34.00000000000000000 ) ) ;
#1609 = CARTESIAN_POINT ( 'NONE',  ( -9.640475727956964391, 5.390663863964260116, 39.00000000000000711 ) ) ;
#1610 = B_SPLINE_CURVE_WITH_KNOTS ( 'NONE', 3,
 ( #2184, #347, #161, #2195, #1810, #1092, #871, #894, #513, #1608 ),
 .UNSPECIFIED., .F., .F.,
 ( 4, 2, 2, 2, 4 ),
 ( 0.000000000000000000, 0.0004008789244369309959, 0.0008017578488738619918, 0.001202636773310792988, 0.001603515697747723984 ),
 .UNSPECIFIED. ) ;
#1611 = VECTOR ( 'NONE', #53, 1000.000000000000000 ) ;
#1612 = CARTESIAN_POINT ( 'NONE',  ( 8.297188131938167288, 9.917828796067952979, 39.00000000000000711 ) ) ;
#1613 = CIRCLE ( 'NONE', #1740, 1.000000000000000888 ) ;
#1614 = VERTEX_POINT ( 'NONE', #2422 ) ;
#1615 = VECTOR ( 'NONE', #102, 1000.000000000000000 ) ;
#1616 = ORIENTED_EDGE ( 'NONE', *, *, #1702, .F. ) ;
#1617 = CARTESIAN_POINT ( 'NONE',  ( 7.659488179946636777, 10.85545444410419158, 9.000000000000000000 ) ) ;
#1618 = VECTOR ( 'NONE', #1900, 1000.000000000000000 ) ;
#1619 = VECTOR ( 'NONE', #25, 1000.000000000000000 ) ;
#1620 = APPROVAL_STATUS ( 'not_yet_approved' ) ;
#1621 = ADVANCED_FACE ( 'NONE', ( #733 ), #1396, .F. ) ;
#1622 = B_SPLINE_SURFACE_WITH_KNOTS ( 'NONE', 3, 1, ( 
 ( #2309, #1959 ),
 ( #127, #1222 ),
 ( #1189, #621 ),
 ( #476, #855 ) ),
 .UNSPECIFIED., .F., .F., .F.,
 ( 4, 4 ),
 ( 2, 2 ),
 ( 0.2816729015106786971, 0.3492187001849464956 ),
 ( 0.000000000000000000, 1.000000000000000000 ),
 .UNSPECIFIED. ) ;
#1623 = EDGE_CURVE ( 'NONE', #1469, #1861, #879, .T. ) ;
#1624 = CARTESIAN_POINT ( 'NONE',  ( -4.000000003133249216, 19.08999999999999986, 39.00000000000000711 ) ) ;
#1625 = CC_DESIGN_PERSON_AND_ORGANIZATION_ASSIGNMENT ( #834, #1789, ( #47 ) ) ;
#1626 = FACE_OUTER_BOUND ( 'NONE', #1002, .T. ) ;
#1627 = VERTEX_POINT ( 'NONE', #1061 ) ;
#1628 = B_SPLINE_CURVE_WITH_KNOTS ( 'NONE', 3,
 ( #42, #1706, #379, #227 ),
 .UNSPECIFIED., .F., .F.,
 ( 4, 4 ),
 ( 0.000000000000000000, 1.000000000000000000 ),
 .UNSPECIFIED. ) ;
#1629 = CARTESIAN_POINT ( 'NONE',  ( -6.993154736041435449, -4.895801445721168932, 39.00000000000000711 ) ) ;
#1630 = ORIENTED_EDGE ( 'NONE', *, *, #2344, .T. ) ;
#1631 = ORIENTED_EDGE ( 'NONE', *, *, #2316, .F. ) ;
#1632 = CARTESIAN_POINT ( 'NONE',  ( 4.955646539260794903, -4.407817720072145562, 39.00000000000000711 ) ) ;
#1633 = EDGE_LOOP ( 'NONE', ( #1710, #2245 ) ) ;
#1634 = PERSON_AND_ORGANIZATION ( #119, #1237 ) ;
#1635 = B_SPLINE_CURVE_WITH_KNOTS ( 'NONE', 3,
 ( #921, #548, #1232, #2374 ),
 .UNSPECIFIED., .F., .F.,
 ( 4, 4 ),
 ( 0.6930280416301861646, 0.8863777016372339501 ),
 .UNSPECIFIED. ) ;
#1636 = CARTESIAN_POINT ( 'NONE',  ( 8.957827066612233935, -2.235909959463550756, 39.00000000000000711 ) ) ;
#1637 = ADVANCED_FACE ( 'NONE', ( #146 ), #1453, .F. ) ;
#1638 = CARTESIAN_POINT ( 'NONE',  ( -0.6779266453123887759, 14.02991446174429235, 35.00000000000000000 ) ) ;
#1639 = CARTESIAN_POINT ( 'NONE',  ( 0.000000000000000000, 19.08999999999999986, 39.00000000000000711 ) ) ;
#1640 = EDGE_CURVE ( 'NONE', #1545, #1888, #1220, .T. ) ;
#1641 = CARTESIAN_POINT ( 'NONE',  ( -7.433521026593789216, -4.548599902633364778, 35.00000000000000000 ) ) ;
#1642 = EDGE_LOOP ( 'NONE', ( #850, #450, #630, #1708, #1529, #2199, #1288, #1341, #2379 ) ) ;
#1643 = LINE ( 'NONE', #2391, #68 ) ;
#1644 = ORIENTED_EDGE ( 'NONE', *, *, #480, .T. ) ;
#1645 = EDGE_CURVE ( 'NONE', #969, #2247, #1159, .T. ) ;
#1646 = ORIENTED_EDGE ( 'NONE', *, *, #2350, .T. ) ;
#1647 = CARTESIAN_POINT ( 'NONE',  ( -9.640479560934426928, 5.390608573129217262, 35.00000000000000000 ) ) ;
#1648 = VERTEX_POINT ( 'NONE', #179 ) ;
#1649 = CARTESIAN_POINT ( 'NONE',  ( -8.618415672381555481, -2.424729041527462048, 35.00000000000000000 ) ) ;
#1650 = CARTESIAN_POINT ( 'NONE',  ( -1.366402559187627652, 14.00900548212989705, 34.00000000000000000 ) ) ;
#1651 = LINE ( 'NONE', #1639, #2327 ) ;
#1652 = EDGE_CURVE ( 'NONE', #1846, #719, #264, .T. ) ;
#1653 = CARTESIAN_POINT ( 'NONE',  ( 7.331346367977107370, 11.52238107136515488, 35.00000000000000000 ) ) ;
#1654 = VERTEX_POINT ( 'NONE', #559 ) ;
#1655 = PLANE ( 'NONE',  #1383 ) ;
#1656 = ORIENTED_EDGE ( 'NONE', *, *, #307, .T. ) ;
#1657 = ORIENTED_EDGE ( 'NONE', *, *, #521, .F. ) ;
#1658 = CARTESIAN_POINT ( 'NONE',  ( -9.402312667612562791, 1.811515275319551588, 35.00000000000000000 ) ) ;
#1659 = ORIENTED_EDGE ( 'NONE', *, *, #237, .T. ) ;
#1660 = EDGE_CURVE ( 'NONE', #1531, #177, #1953, .T. ) ;
#1661 = VECTOR ( 'NONE', #1001, 1000.000000000000000 ) ;
#1662 = CARTESIAN_POINT ( 'NONE',  ( -4.000017162515443481, 0.000000000000000000, 8.000000000000000000 ) ) ;
#1663 = LINE ( 'NONE', #1474, #1293 ) ;
#1664 = EDGE_CURVE ( 'NONE', #704, #311, #1030, .T. ) ;
#1665 = ORIENTED_EDGE ( 'NONE', *, *, #1214, .F. ) ;
#1666 = DIRECTION ( 'NONE',  ( 0.2193249163420177283, 0.9756518749387852463, 0.000000000000000000 ) ) ;
#1667 = DIRECTION ( 'NONE',  ( -0.000000000000000000, -0.000000000000000000, -1.000000000000000000 ) ) ;
#1668 = ORIENTED_EDGE ( 'NONE', *, *, #1800, .T. ) ;
#1669 = ORIENTED_EDGE ( 'NONE', *, *, #935, .T. ) ;
#1670 = CARTESIAN_POINT ( 'NONE',  ( -4.000017162515443481, 16.08999999999999986, 34.00000000000000000 ) ) ;
#1671 = ORIENTED_EDGE ( 'NONE', *, *, #1780, .T. ) ;
#1672 = CARTESIAN_POINT ( 'NONE',  ( -4.000008582824346348, 19.08999999999999986, 35.00000000000000000 ) ) ;
#1673 = DIRECTION ( 'NONE',  ( -0.000000000000000000, -0.000000000000000000, -1.000000000000000000 ) ) ;
#1674 = CARTESIAN_POINT ( 'NONE',  ( -6.751996217807771927, 15.33549767204606518, 8.000000000000000000 ) ) ;
#1675 = PLANE ( 'NONE',  #1742 ) ;
#1676 = ORIENTED_EDGE ( 'NONE', *, *, #845, .F. ) ;
#1677 = CARTESIAN_POINT ( 'NONE',  ( -4.863746607295830415, -4.308632458986829228, 39.00000000000000711 ) ) ;
#1678 = CARTESIAN_POINT ( 'NONE',  ( 9.402310158005928287, 1.811499110113806710, 35.00000000000000000 ) ) ;
#1679 = ORIENTED_EDGE ( 'NONE', *, *, #1760, .F. ) ;
#1680 = ORIENTED_EDGE ( 'NONE', *, *, #849, .F. ) ;
#1681 = CARTESIAN_POINT ( 'NONE',  ( 4.000000003133249216, 19.08999999999999986, 0.000000000000000000 ) ) ;
#1682 = ORIENTED_EDGE ( 'NONE', *, *, #571, .T. ) ;
#1683 = AXIS2_PLACEMENT_3D ( 'NONE', #248, #1738, #66 ) ;
#1684 = LINE ( 'NONE', #397, #1619 ) ;
#1685 = DIRECTION ( 'NONE',  ( -1.000000000000000000, 0.000000000000000000, -0.000000000000000000 ) ) ;
#1686 = CARTESIAN_POINT ( 'NONE',  ( -4.000000003133248327, 13.46643229516696749, 34.00000000000000000 ) ) ;
#1687 = EDGE_CURVE ( 'NONE', #1520, #311, #21, .T. ) ;
#1688 = PLANE ( 'NONE',  #253 ) ;
#1689 = CARTESIAN_POINT ( 'NONE',  ( -5.033844804985039723, -4.483461906104888151, 39.00000000000000711 ) ) ;
#1690 = CARTESIAN_POINT ( 'NONE',  ( 6.993155932574826039, -4.895800758298324062, 38.99999999999999289 ) ) ;
#1691 = ORIENTED_EDGE ( 'NONE', *, *, #807, .F. ) ;
#1692 = ORIENTED_EDGE ( 'NONE', *, *, #120, .T. ) ;
#1693 = VERTEX_POINT ( 'NONE', #1764 ) ;
#1694 = CARTESIAN_POINT ( 'NONE',  ( 8.613285959645013534, -2.439534386058965776, 35.00000000000000000 ) ) ;
#1695 = DIRECTION ( 'NONE',  ( -0.2193249163420177283, -0.9756518749387851352, 0.000000000000000000 ) ) ;
#1696 = CARTESIAN_POINT ( 'NONE',  ( 4.000000003133249216, 16.08999999999999986, 0.000000000000000000 ) ) ;
#1697 = ADVANCED_FACE ( 'NONE', ( #1192 ), #569, .T. ) ;
#1698 = CARTESIAN_POINT ( 'NONE',  ( 7.431558528492251625, -4.550587485942062749, 35.00000000000000000 ) ) ;
#1699 = VECTOR ( 'NONE', #467, 1000.000000000000000 ) ;
#1700 = CARTESIAN_POINT ( 'NONE',  ( 3.359250825511225891, 13.69178549679653401, 34.00000000000001421 ) ) ;
#1701 = VECTOR ( 'NONE', #2378, 1000.000000000000000 ) ;
#1702 = EDGE_CURVE ( 'NONE', #48, #759, #2142, .T. ) ;
#1703 = CARTESIAN_POINT ( 'NONE',  ( 8.997933409387925963, 11.55304818225744157, 8.000000000000000000 ) ) ;
#1704 = CARTESIAN_POINT ( 'NONE',  ( -4.000017162515443481, 19.08999999999999986, 0.000000000000000000 ) ) ;
#1705 = B_SPLINE_CURVE_WITH_KNOTS ( 'NONE', 2,
 ( #210, #1674, #13 ),
 .UNSPECIFIED., .F., .F.,
 ( 3, 3 ),
 ( 0.000000000000000000, 1.000000000000000000 ),
 .UNSPECIFIED. ) ;
#1706 = CARTESIAN_POINT ( 'NONE',  ( -4.946142835756188738, -4.399047522422549150, 35.00000000000000000 ) ) ;
#1707 = VERTEX_POINT ( 'NONE', #1364 ) ;
#1708 = ORIENTED_EDGE ( 'NONE', *, *, #864, .T. ) ;
#1709 = CARTESIAN_POINT ( 'NONE',  ( -9.333052563865587459, 10.31265984410640790, 0.000000000000000000 ) ) ;
#1710 = ORIENTED_EDGE ( 'NONE', *, *, #1381, .T. ) ;
#1711 = CARTESIAN_POINT ( 'NONE',  ( -8.104441477387327453, -3.670115193744569737, 39.00000000000000711 ) ) ;
#1712 = LINE ( 'NONE', #1905, #1890 ) ;
#1713 = CARTESIAN_POINT ( 'NONE',  ( 4.263887009047036436, -2.650209643485159638, 35.00000000000000000 ) ) ;
#1714 = CARTESIAN_POINT ( 'NONE',  ( -9.333052563865587459, 10.31265984410640790, 8.000000000000000000 ) ) ;
#1715 = DIRECTION ( 'NONE',  ( 1.000000000000000000, 0.000000000000000000, 0.000000000000000000 ) ) ;
#1716 = LINE ( 'NONE', #792, #109 ) ;
#1717 = EDGE_LOOP ( 'NONE', ( #1478, #994 ) ) ;
#1718 = EDGE_CURVE ( 'NONE', #1807, #2355, #1314, .T. ) ;
#1719 = VERTEX_POINT ( 'NONE', #2116 ) ;
#1720 = EDGE_LOOP ( 'NONE', ( #842, #1070, #204, #2005, #1691, #32, #1504, #216 ) ) ;
#1721 = CARTESIAN_POINT ( 'NONE',  ( -9.185316638463556060, 0.7221315108641916947, 39.00000000000001421 ) ) ;
#1722 = VERTEX_POINT ( 'NONE', #2069 ) ;
#1723 = EDGE_CURVE ( 'NONE', #45, #2421, #7, .T. ) ;
#1724 = CARTESIAN_POINT ( 'NONE',  ( -8.821657620173670722, -1.756660089433665473, 35.00000000000000000 ) ) ;
#1725 = CARTESIAN_POINT ( 'NONE',  ( -7.147872243795256431, -4.806914460663178623, 39.00000000000000711 ) ) ;
#1726 = CARTESIAN_POINT ( 'NONE',  ( -4.968138733791704453, -1.116829311923138501, -0.000000000000000000 ) ) ;
#1727 = B_SPLINE_CURVE_WITH_KNOTS ( 'NONE', 3,
 ( #610, #778, #810, #92 ),
 .UNSPECIFIED., .F., .F.,
 ( 4, 4 ),
 ( 0.000000000000000000, 0.006291920790913332548 ),
 .UNSPECIFIED. ) ;
#1728 = DIRECTION ( 'NONE',  ( -0.000000000000000000, -0.000000000000000000, -1.000000000000000000 ) ) ;
#1729 = B_SPLINE_CURVE_WITH_KNOTS ( 'NONE', 3,
 ( #1690, #31, #781, #250 ),
 .UNSPECIFIED., .F., .F.,
 ( 4, 4 ),
 ( 0.1614891531329478436, 0.1815208864549640311 ),
 .UNSPECIFIED. ) ;
#1730 = FACE_OUTER_BOUND ( 'NONE', #1921, .T. ) ;
#1731 = CARTESIAN_POINT ( 'NONE',  ( -9.177307342847477400, 0.2407651366111361602, 35.00000000000000000 ) ) ;
#1732 = VERTEX_POINT ( 'NONE', #1561 ) ;
#1733 = EDGE_CURVE ( 'NONE', #1553, #1329, #665, .T. ) ;
#1734 = CARTESIAN_POINT ( 'NONE',  ( -8.618415672381555481, -2.424729041527462048, 35.00000000000000000 ) ) ;
#1735 = ORIENTED_EDGE ( 'NONE', *, *, #1702, .T. ) ;
#1736 = CARTESIAN_POINT ( 'NONE',  ( -9.353526527413771774, 1.497267873559313456, 39.00000000000000711 ) ) ;
#1737 = CARTESIAN_POINT ( 'NONE',  ( 9.712385753997574867, 4.198038965563446467, 39.00000000000000711 ) ) ;
#1738 = DIRECTION ( 'NONE',  ( 0.000000000000000000, 0.000000000000000000, 1.000000000000000000 ) ) ;
#1739 = CIRCLE ( 'NONE', #904, 4.950000000000000178 ) ;
#1740 = AXIS2_PLACEMENT_3D ( 'NONE', #233, #396, #2296 ) ;
#1741 = PLANE ( 'NONE',  #2126 ) ;
#1742 = AXIS2_PLACEMENT_3D ( 'NONE', #401, #349, #2266 ) ;
#1743 = DIRECTION ( 'NONE',  ( 0.000000000000000000, -0.000000000000000000, -1.000000000000000000 ) ) ;
#1744 = ORIENTED_EDGE ( 'NONE', *, *, #1318, .F. ) ;
#1745 = EDGE_CURVE ( 'NONE', #1946, #1977, #461, .T. ) ;
#1746 = CARTESIAN_POINT ( 'NONE',  ( 2.643224550277688767, 11.75820345163679193, 0.000000000000000000 ) ) ;
#1747 = VERTEX_POINT ( 'NONE', #82 ) ;
#1748 = CARTESIAN_POINT ( 'NONE',  ( -8.496959476465306693, 9.786862223306849629, 9.000000000000000000 ) ) ;
#1749 = CARTESIAN_POINT ( 'NONE',  ( 6.993155932574825151, -4.895800758298323174, 35.00000000000000000 ) ) ;
#1750 = CARTESIAN_POINT ( 'NONE',  ( -1.403191068375136092E-15, 14.00000000000000000, 0.000000000000000000 ) ) ;
#1751 = CARTESIAN_POINT ( 'NONE',  ( -9.090828567712371466, 8.567292457999933220, 39.00000000000000711 ) ) ;
#1752 = VERTEX_POINT ( 'NONE', #217 ) ;
#1753 = CARTESIAN_POINT ( 'NONE',  ( -9.640479560934426928, 5.390608573129217262, 35.00000000000000000 ) ) ;
#1754 = ORIENTED_EDGE ( 'NONE', *, *, #623, .T. ) ;
#1755 = CARTESIAN_POINT ( 'NONE',  ( 7.431558528492251625, -4.550587485942062749, 38.99999999999999289 ) ) ;
#1756 = EDGE_LOOP ( 'NONE', ( #532, #814, #1040, #2099 ) ) ;
#1757 = CARTESIAN_POINT ( 'NONE',  ( 4.263888127551777707, -2.650209835215790566, 39.00000000000000711 ) ) ;
#1758 = CARTESIAN_POINT ( 'NONE',  ( 9.640475699811995369, 5.390664269942575082, 38.99999999999999289 ) ) ;
#1759 = PLANE ( 'NONE',  #908 ) ;
#1760 = EDGE_CURVE ( 'NONE', #302, #2281, #1515, .T. ) ;
#1761 = B_SPLINE_CURVE_WITH_KNOTS ( 'NONE', 3,
 ( #549, #1297, #2253, #2050, #2062, #1129, #1700, #962 ),
 .UNSPECIFIED., .F., .F.,
 ( 4, 2, 2, 4 ),
 ( -5.999999999765125168E-08, 0.001013608718949358641, 0.002027277437898715191, 0.004054614875797426556 ),
 .UNSPECIFIED. ) ;
#1762 = EDGE_CURVE ( 'NONE', #2203, #1693, #813, .T. ) ;
#1763 = CARTESIAN_POINT ( 'NONE',  ( 7.611363284069400770, 10.64137413971365653, 9.000000000000000000 ) ) ;
#1764 = CARTESIAN_POINT ( 'NONE',  ( 6.375568301259502135, -5.079014246466874383, 35.00000000000000711 ) ) ;
#1765 = CARTESIAN_POINT ( 'NONE',  ( 9.353526527413762892, 1.497267873559261941, 38.99999999999999289 ) ) ;
#1766 = ORIENTED_EDGE ( 'NONE', *, *, #1718, .T. ) ;
#1767 = B_SPLINE_CURVE_WITH_KNOTS ( 'NONE', 3,
 ( #1137, #572, #1711, #1319 ),
 .UNSPECIFIED., .F., .F.,
 ( 4, 4 ),
 ( 0.7496009052072983847, 0.7997559761421566549 ),
 .UNSPECIFIED. ) ;
#1768 = ORIENTED_EDGE ( 'NONE', *, *, #255, .T. ) ;
#1769 = CARTESIAN_POINT ( 'NONE',  ( -8.957827066612232159, -2.235909959463548979, 0.000000000000000000 ) ) ;
#1770 = ORIENTED_EDGE ( 'NONE', *, *, #2114, .F. ) ;
#1771 = CARTESIAN_POINT ( 'NONE',  ( 4.000000003133249216, 16.08999999999999986, 0.000000000000000000 ) ) ;
#1772 = CARTESIAN_POINT ( 'NONE',  ( 9.093760206633957566, -0.4079587470004568672, 35.00000000000000000 ) ) ;
#1773 = FACE_OUTER_BOUND ( 'NONE', #1827, .T. ) ;
#1774 = CALENDAR_DATE ( 2026, 30, 5 ) ;
#1775 = PRODUCT_DEFINITION_SHAPE ( 'NONE', 'NONE',  #327 ) ;
#1776 = VECTOR ( 'NONE', #984, 1000.000000000000000 ) ;
#1777 = CARTESIAN_POINT ( 'NONE',  ( -0.6779266454210776116, 14.02991446174936030, 34.00000000000000000 ) ) ;
#1778 = CARTESIAN_POINT ( 'NONE',  ( 4.950000000000000178, 6.062001655779398511E-16, 35.00000000000000000 ) ) ;
#1779 = CARTESIAN_POINT ( 'NONE',  ( 9.402307669017131886, 1.811483077722924495, 38.99999999999999289 ) ) ;
#1780 = EDGE_CURVE ( 'NONE', #18, #1707, #2397, .T. ) ;
#1781 = CARTESIAN_POINT ( 'NONE',  ( -4.000000003133249216, 0.000000000000000000, 39.00000000000000711 ) ) ;
#1782 = ORIENTED_EDGE ( 'NONE', *, *, #945, .T. ) ;
#1783 = CARTESIAN_POINT ( 'NONE',  ( -8.997943794044806154, 11.55304009430210144, 8.000000000000000000 ) ) ;
#1784 = VERTEX_POINT ( 'NONE', #1197 ) ;
#1785 = AXIS2_PLACEMENT_3D ( 'NONE', #366, #1477, #2419 ) ;
#1786 = CARTESIAN_POINT ( 'NONE',  ( 9.669076645527232117, 4.573258184507072777, 35.00000000000000000 ) ) ;
#1787 = DIRECTION ( 'NONE',  ( 0.7049094195536027563, 0.7092973355544224257, 0.000000000000000000 ) ) ;
#1788 = CARTESIAN_POINT ( 'NONE',  ( 9.375246782872787676, 7.175259957406932898, -1.694065894508600678E-18 ) ) ;
#1789 = PERSON_AND_ORGANIZATION_ROLE ( 'design_supplier' ) ;
#1790 = CARTESIAN_POINT ( 'NONE',  ( -9.082270357215493917, -0.4293403550322841267, 39.00000000000000711 ) ) ;
#1791 = LINE ( 'NONE', #1078, #827 ) ;
#1792 = CARTESIAN_POINT ( 'NONE',  ( 6.751982433223287394, 15.33550374119039894, 8.000000000000000000 ) ) ;
#1793 = EDGE_CURVE ( 'NONE', #593, #882, #514, .T. ) ;
#1794 = CARTESIAN_POINT ( 'NONE',  ( 4.000039090276716003, 13.46641801628175550, 35.00000000000000000 ) ) ;
#1795 = ORIENTED_EDGE ( 'NONE', *, *, #2021, .F. ) ;
#1796 = CARTESIAN_POINT ( 'NONE',  ( 6.993155932574825151, -4.895800758298323174, 35.00000000000000000 ) ) ;
#1797 = ORIENTED_EDGE ( 'NONE', *, *, #2161, .F. ) ;
#1798 = VERTEX_POINT ( 'NONE', #1382 ) ;
#1799 = DIRECTION ( 'NONE',  ( 1.000000000000000000, 0.000000000000000000, 0.000000000000000000 ) ) ;
#1800 = EDGE_CURVE ( 'NONE', #582, #45, #112, .T. ) ;
#1801 = CALENDAR_DATE ( 2026, 30, 5 ) ;
#1802 = CARTESIAN_POINT ( 'NONE',  ( -9.640475699811727139, 5.390664269946468856, 39.00000000000000711 ) ) ;
#1803 = CC_DESIGN_APPROVAL ( #1401, ( #47 ) ) ;
#1804 = CARTESIAN_POINT ( 'NONE',  ( -7.687682583827447402, -4.263654830161687670, 35.00000000000000711 ) ) ;
#1805 = VERTEX_POINT ( 'NONE', #1429 ) ;
#1806 = CARTESIAN_POINT ( 'NONE',  ( -4.000017162515443481, 19.08999999999999986, 8.000000000000000000 ) ) ;
#1807 = VERTEX_POINT ( 'NONE', #1755 ) ;
#1808 = DIRECTION ( 'NONE',  ( 0.7092973355544224257, -0.7049094195536027563, 0.000000000000000000 ) ) ;
#1809 = EDGE_CURVE ( 'NONE', #1798, #882, #1839, .T. ) ;
#1810 = CARTESIAN_POINT ( 'NONE',  ( -4.000000003133249216, 13.88425137495768169, 34.80697022259386131 ) ) ;
#1811 = CARTESIAN_POINT ( 'NONE',  ( 9.177312422554225080, 0.2408045793084823694, 38.99999999999999289 ) ) ;
#1812 = VECTOR ( 'NONE', #1294, 1000.000000000000000 ) ;
#1813 = CARTESIAN_POINT ( 'NONE',  ( -7.567518835074789507, -4.412585320253132437, 39.00000000000000711 ) ) ;
#1814 = ORIENTED_EDGE ( 'NONE', *, *, #1514, .F. ) ;
#1815 = CARTESIAN_POINT ( 'NONE',  ( 4.367984430937024598, -2.313817374042835606, 38.99999999999999289 ) ) ;
#1816 = CARTESIAN_POINT ( 'NONE',  ( 8.076164908398913767, -3.728917784844439254, 38.99999999999999289 ) ) ;
#1817 = ORIENTED_EDGE ( 'NONE', *, *, #321, .F. ) ;
#1818 = CARTESIAN_POINT ( 'NONE',  ( -9.712385753997578419, 4.198038965563446467, 35.00000000000000000 ) ) ;
#1819 = VERTEX_POINT ( 'NONE', #472 ) ;
#1820 = PERSON_AND_ORGANIZATION_ROLE ( 'creator' ) ;
#1821 = B_SPLINE_SURFACE_WITH_KNOTS ( 'NONE', 3, 1, ( 
 ( #1164, #1918 ),
 ( #1551, #249 ),
 ( #71, #802 ),
 ( #2301, #1363 ),
 ( #435, #624 ) ),
 .UNSPECIFIED., .F., .F., .F.,
 ( 4, 1, 4 ),
 ( 2, 2 ),
 ( 0.07897830966760441274, 0.09112457455095228365, 0.09116010098264648587 ),
 ( 0.000000000000000000, 1.000000000000000000 ),
 .UNSPECIFIED. ) ;
#1822 = B_SPLINE_CURVE_WITH_KNOTS ( 'NONE', 3,
 ( #1140, #1872, #976, #27 ),
 .UNSPECIFIED., .F., .F.,
 ( 4, 4 ),
 ( 0.2816728446900716443, 0.2816763957453695122 ),
 .UNSPECIFIED. ) ;
#1823 = CARTESIAN_POINT ( 'NONE',  ( 4.000000003133249216, 13.46641801628086377, 37.66666666666667140 ) ) ;
#1824 = CARTESIAN_POINT ( 'NONE',  ( 3.395112050841277984, 13.68107888971331931, 35.00000000000000000 ) ) ;
#1825 = ORIENTED_EDGE ( 'NONE', *, *, #2103, .F. ) ;
#1826 = CARTESIAN_POINT ( 'NONE',  ( 8.076257427466986272, 10.88084797285705463, 0.000000000000000000 ) ) ;
#1827 = EDGE_LOOP ( 'NONE', ( #73, #2291, #1543, #1659 ) ) ;
#1828 = CARTESIAN_POINT ( 'NONE',  ( -7.641945204098258060, 12.45762266531077422, 0.000000000000000000 ) ) ;
#1829 = ORIENTED_EDGE ( 'NONE', *, *, #1980, .T. ) ;
#1830 = CARTESIAN_POINT ( 'NONE',  ( 7.650841701698241515, -4.308681289767154254, 39.00000000000000711 ) ) ;
#1831 = EDGE_CURVE ( 'NONE', #1614, #302, #1417, .T. ) ;
#1832 = PLANE ( 'NONE',  #442 ) ;
#1833 = EDGE_CURVE ( 'NONE', #746, #1707, #2033, .T. ) ;
#1834 = DIRECTION ( 'NONE',  ( 0.2193249163420177283, -0.9756518749387851352, 0.000000000000000000 ) ) ;
#1835 = ORIENTED_EDGE ( 'NONE', *, *, #1499, .T. ) ;
#1836 = CARTESIAN_POINT ( 'NONE',  ( -4.000000003133249216, 13.46643229516696927, 35.00000000000000000 ) ) ;
#1837 = DIRECTION ( 'NONE',  ( 0.000000000000000000, 0.000000000000000000, -1.000000000000000000 ) ) ;
#1838 = ORIENTED_EDGE ( 'NONE', *, *, #1889, .F. ) ;
#1839 = B_SPLINE_CURVE_WITH_KNOTS ( 'NONE', 3,
 ( #862, #2179, #1407, #2154 ),
 .UNSPECIFIED., .F., .F.,
 ( 4, 4 ),
 ( 0.000000000000000000, 1.000000000000000000 ),
 .UNSPECIFIED. ) ;
#1840 = VERTEX_POINT ( 'NONE', #132 ) ;
#1841 = CARTESIAN_POINT ( 'NONE',  ( -4.000017162515443481, 19.08999999999999986, 0.000000000000000000 ) ) ;
#1842 = VERTEX_POINT ( 'NONE', #817 ) ;
#1843 = CARTESIAN_POINT ( 'NONE',  ( 7.747136604463555898, -4.177437937829412640, 35.00000000000000000 ) ) ;
#1844 = LINE ( 'NONE', #2399, #755 ) ;
#1845 = CARTESIAN_POINT ( 'NONE',  ( -7.331346367977190859, 11.52238107136507672, 34.99999999999999289 ) ) ;
#1846 = VERTEX_POINT ( 'NONE', #2320 ) ;
#1847 = CARTESIAN_POINT ( 'NONE',  ( 8.997933409387925963, 11.55304818225744157, 0.000000000000000000 ) ) ;
#1848 = CARTESIAN_POINT ( 'NONE',  ( -7.683307064143756193, -4.269899946021842752, 35.00000000000000000 ) ) ;
#1849 = VECTOR ( 'NONE', #1269, 1000.000000000000000 ) ;
#1850 = VERTEX_POINT ( 'NONE', #631 ) ;
#1851 = EDGE_LOOP ( 'NONE', ( #164, #1448, #2153, #605 ) ) ;
#1852 = CARTESIAN_POINT ( 'NONE',  ( -4.000039146629744025, 13.46641852818939533, 35.00000000000000000 ) ) ;
#1853 = ORIENTED_EDGE ( 'NONE', *, *, #267, .T. ) ;
#1854 = CARTESIAN_POINT ( 'NONE',  ( 4.463610432491302404, -2.139785481527252564, 39.00000000000000711 ) ) ;
#1855 = VECTOR ( 'NONE', #484, 999.9999999999998863 ) ;
#1856 = CARTESIAN_POINT ( 'NONE',  ( 7.431559794877019343, -4.550588728281987905, 39.00000000000000711 ) ) ;
#1857 = CARTESIAN_POINT ( 'NONE',  ( -4.000039146629744025, 13.46641852818939533, 35.00000000000000000 ) ) ;
#1858 = LINE ( 'NONE', #150, #711 ) ;
#1859 = ADVANCED_FACE ( 'NONE', ( #1096 ), #1084, .F. ) ;
#1860 = CARTESIAN_POINT ( 'NONE',  ( -2.643224550277688767, 11.75820345163679193, 0.000000000000000000 ) ) ;
#1861 = VERTEX_POINT ( 'NONE', #4 ) ;
#1862 = CARTESIAN_POINT ( 'NONE',  ( -7.433523676207859587, -4.548602522595228237, 35.00000000000000000 ) ) ;
#1863 = ORIENTED_EDGE ( 'NONE', *, *, #1121, .T. ) ;
#1864 = ORIENTED_EDGE ( 'NONE', *, *, #2121, .F. ) ;
#1865 = CARTESIAN_POINT ( 'NONE',  ( 6.502737300916392016, 17.31249854897099283, 0.000000000000000000 ) ) ;
#1866 = ORIENTED_EDGE ( 'NONE', *, *, #326, .F. ) ;
#1867 = DIRECTION ( 'NONE',  ( 1.000000000000000000, 3.552713678800500929E-15, 0.000000000000000000 ) ) ;
#1868 = EDGE_CURVE ( 'NONE', #1977, #451, #1045, .T. ) ;
#1869 = CARTESIAN_POINT ( 'NONE',  ( 4.880456176970372262, -4.326807833918657309, 38.99999999999999289 ) ) ;
#1870 = ORIENTED_EDGE ( 'NONE', *, *, #67, .T. ) ;
#1871 = CARTESIAN_POINT ( 'NONE',  ( 7.015738108521260230, 9.102039423941683083, 9.000000000000000000 ) ) ;
#1872 = CARTESIAN_POINT ( 'NONE',  ( 8.821585513173445747, -1.756932431553122731, 34.99999999999999289 ) ) ;
#1873 = CARTESIAN_POINT ( 'NONE',  ( 4.000000003133249216, 15.08999999999999986, 35.00000000000000000 ) ) ;
#1874 = CARTESIAN_POINT ( 'NONE',  ( 2.671393044062468025, 14.84466460236983743, 35.00000000000000000 ) ) ;
#1875 = DIRECTION ( 'NONE',  ( -0.7049094195536027563, -0.7092973355544224257, 0.000000000000000000 ) ) ;
#1876 = ORIENTED_EDGE ( 'NONE', *, *, #2356, .T. ) ;
#1877 = ORIENTED_EDGE ( 'NONE', *, *, #1181, .T. ) ;
#1878 = ORIENTED_EDGE ( 'NONE', *, *, #1104, .T. ) ;
#1879 = DIRECTION ( 'NONE',  ( -0.000000000000000000, -0.000000000000000000, -1.000000000000000000 ) ) ;
#1880 = CARTESIAN_POINT ( 'NONE',  ( 5.494937733713376460, -4.875457583758107560, 38.99999999999999289 ) ) ;
#1881 = CARTESIAN_POINT ( 'NONE',  ( 8.997933409387925963, 11.55304818225744157, 8.000000000000000000 ) ) ;
#1882 = CARTESIAN_POINT ( 'NONE',  ( 8.439844061648317464, 10.52619793188147312, 0.000000000000000000 ) ) ;
#1883 = CARTESIAN_POINT ( 'NONE',  ( 4.000000003133249216, 19.08999999999999986, 8.000000000000000000 ) ) ;
#1884 = FACE_OUTER_BOUND ( 'NONE', #1028, .T. ) ;
#1885 = ORIENTED_EDGE ( 'NONE', *, *, #1268, .F. ) ;
#1886 = ORIENTED_EDGE ( 'NONE', *, *, #1010, .T. ) ;
#1887 = CARTESIAN_POINT ( 'NONE',  ( -4.480997024543082574, 13.50633082800116114, 8.000000000000000000 ) ) ;
#1888 = VERTEX_POINT ( 'NONE', #352 ) ;
#1889 = EDGE_CURVE ( 'NONE', #882, #1329, #1247, .T. ) ;
#1890 = VECTOR ( 'NONE', #1127, 999.9999999999998863 ) ;
#1891 = CARTESIAN_POINT ( 'NONE',  ( 4.000000003133249216, 16.08999999999999986, 34.00000000000000000 ) ) ;
#1892 = FACE_OUTER_BOUND ( 'NONE', #1532, .T. ) ;
#1893 = CARTESIAN_POINT ( 'NONE',  ( 8.821576602755554219, -1.756966567207322472, 38.99999999999999289 ) ) ;
#1894 = EDGE_CURVE ( 'NONE', #2, #1805, #898, .T. ) ;
#1895 = B_SPLINE_CURVE_WITH_KNOTS ( 'NONE', 3,
 ( #12, #499, #1497, #1713 ),
 .UNSPECIFIED., .F., .F.,
 ( 4, 4 ),
 ( 0.000000000000000000, 1.000000000000000000 ),
 .UNSPECIFIED. ) ;
#1896 = VECTOR ( 'NONE', #277, 1000.000000000000000 ) ;
#1897 = ADVANCED_FACE ( 'NONE', ( #503 ), #2014, .F. ) ;
#1898 = LINE ( 'NONE', #2035, #440 ) ;
#1899 = CARTESIAN_POINT ( 'NONE',  ( 8.297179967528787614, 9.917823881671818498, 38.99999999999999289 ) ) ;
#1900 = DIRECTION ( 'NONE',  ( -0.000000000000000000, -0.000000000000000000, 1.000000000000000000 ) ) ;
#1901 = ORIENTED_EDGE ( 'NONE', *, *, #67, .F. ) ;
#1902 = ORIENTED_EDGE ( 'NONE', *, *, #1602, .T. ) ;
#1903 = ORIENTED_EDGE ( 'NONE', *, *, #1268, .T. ) ;
#1904 = CARTESIAN_POINT ( 'NONE',  ( -4.000017162515443481, 16.08999999999999986, 0.000000000000000000 ) ) ;
#1905 = CARTESIAN_POINT ( 'NONE',  ( -4.968138733791704453, -1.116829311923138501, 9.000000000000000000 ) ) ;
#1906 = CYLINDRICAL_SURFACE ( 'NONE', #2252, 4.950000000000000178 ) ;
#1907 = LINE ( 'NONE', #1881, #512 ) ;
#1908 = B_SPLINE_CURVE_WITH_KNOTS ( 'NONE', 3,
 ( #213, #1080, #2010, #2222 ),
 .UNSPECIFIED., .F., .F.,
 ( 4, 4 ),
 ( 0.000000000000000000, 1.000000000000000000 ),
 .UNSPECIFIED. ) ;
#1909 = EDGE_CURVE ( 'NONE', #1567, #2230, #2074, .T. ) ;
#1910 = CARTESIAN_POINT ( 'NONE',  ( 4.480984884138292657, 13.50633485581868065, 8.000000000000000000 ) ) ;
#1911 = CARTESIAN_POINT ( 'NONE',  ( -8.296949996653708581, 9.918215194133203738, 35.00000000000000000 ) ) ;
#1912 = ORIENTED_EDGE ( 'NONE', *, *, #983, .F. ) ;
#1913 = ADVANCED_FACE ( 'NONE', ( #1999 ), #1655, .T. ) ;
#1914 = CARTESIAN_POINT ( 'NONE',  ( -9.676470131958996745, 3.612858669677126322, 35.00000000000000000 ) ) ;
#1915 = VERTEX_POINT ( 'NONE', #1108 ) ;
#1916 = CARTESIAN_POINT ( 'NONE',  ( 10.54558104984264943, 7.843165078330889273, 39.00000000000000711 ) ) ;
#1917 = CARTESIAN_POINT ( 'NONE',  ( -8.574538817827573212, -2.549393669096586379, 35.00000000000000000 ) ) ;
#1918 = CARTESIAN_POINT ( 'NONE',  ( -4.863748386732593687, -4.308630838457921719, 35.00000000000000000 ) ) ;
#1919 = CARTESIAN_POINT ( 'NONE',  ( -8.992310956996899307, -1.102672932006631745, 35.00000000000000000 ) ) ;
#1920 = ORIENTED_EDGE ( 'NONE', *, *, #2030, .F. ) ;
#1921 = EDGE_LOOP ( 'NONE', ( #1088, #1259, #1669, #1668, #188 ) ) ;
#1922 = EDGE_LOOP ( 'NONE', ( #322, #492, #1631, #2180, #1766 ) ) ;
#1923 = CARTESIAN_POINT ( 'NONE',  ( 2.643224550277688767, 11.75820345163679193, 9.000000000000000000 ) ) ;
#1924 = CARTESIAN_POINT ( 'NONE',  ( -7.433523676207837383, -4.548602522595252218, 39.00000000000000711 ) ) ;
#1925 = FACE_OUTER_BOUND ( 'NONE', #616, .T. ) ;
#1926 = AXIS2_PLACEMENT_3D ( 'NONE', #823, #1011, #1715 ) ;
#1927 = VECTOR ( 'NONE', #1604, 1000.000000000000000 ) ;
#1928 = VECTOR ( 'NONE', #1421, 1000.000000000000000 ) ;
#1929 = CARTESIAN_POINT ( 'NONE',  ( 9.567941014412383538, 2.997706486881289933, 39.00000000000000711 ) ) ;
#1930 = CARTESIAN_POINT ( 'NONE',  ( -8.553078510096494114, -2.607535155045253017, 39.00000000000000711 ) ) ;
#1931 = LINE ( 'NONE', #448, #835 ) ;
#1932 = ORIENTED_EDGE ( 'NONE', *, *, #1059, .F. ) ;
#1933 = DIRECTION ( 'NONE',  ( 0.4944464263296822204, -0.8692081059733659520, 0.000000000000000000 ) ) ;
#1934 = EDGE_CURVE ( 'NONE', #536, #2345, #1075, .T. ) ;
#1935 = ORIENTED_EDGE ( 'NONE', *, *, #2051, .F. ) ;
#1936 = CARTESIAN_POINT ( 'NONE',  ( -7.797360299994343436, -4.107463940651982170, 39.00000000000000711 ) ) ;
#1937 = DIRECTION ( 'NONE',  ( -1.000000000000000000, 0.000000000000000000, 0.000000000000000000 ) ) ;
#1938 = CARTESIAN_POINT ( 'NONE',  ( 9.375246782872787676, 7.175259957406932898, 9.000000000000000000 ) ) ;
#1939 = ADVANCED_FACE ( 'NONE', ( #926 ), #745, .F. ) ;
#1940 = FACE_OUTER_BOUND ( 'NONE', #1427, .T. ) ;
#1941 = CARTESIAN_POINT ( 'NONE',  ( 7.265915424661499422, 8.897744133705373315, 0.000000000000000000 ) ) ;
#1942 = CARTESIAN_POINT ( 'NONE',  ( 7.641934006341973173, 12.45762953440257270, 8.000000000000000000 ) ) ;
#1943 = CARTESIAN_POINT ( 'NONE',  ( 5.924365933332302880, 11.02060833412632412, 9.000000000000000000 ) ) ;
#1944 = ORIENTED_EDGE ( 'NONE', *, *, #1399, .F. ) ;
#1945 = CARTESIAN_POINT ( 'NONE',  ( -8.957827066612232159, -2.235909959463548979, 39.00000000000001421 ) ) ;
#1946 = VERTEX_POINT ( 'NONE', #332 ) ;
#1947 = CARTESIAN_POINT ( 'NONE',  ( -4.000008582824346348, 19.08999999999999986, 35.00000000000000000 ) ) ;
#1948 = CARTESIAN_POINT ( 'NONE',  ( 4.880456176970372262, -4.326807833918657309, 38.99999999999999289 ) ) ;
#1949 = DIRECTION ( 'NONE',  ( -0.2193249163420170345, -0.9756518749387853573, 0.000000000000000000 ) ) ;
#1950 = B_SPLINE_CURVE_WITH_KNOTS ( 'NONE', 3,
 ( #805, #268, #1003, #2109, #815, #2133, #1586, #252 ),
 .UNSPECIFIED., .F., .F.,
 ( 4, 1, 1, 1, 1, 4 ),
 ( 0.000000000000000000, 0.1350757393573850662, 0.2619586157901510615, 0.3718518498692101049, 0.4692229899317730824, 0.5899082117473604114 ),
 .UNSPECIFIED. ) ;
#1951 = LOCAL_TIME ( 17, 35, 44.00000000000000000, #2383 ) ;
#1952 = FACE_OUTER_BOUND ( 'NONE', #944, .T. ) ;
#1953 = LINE ( 'NONE', #943, #2090 ) ;
#1954 = DIRECTION ( 'NONE',  ( 0.000000000000000000, 0.000000000000000000, -1.000000000000000000 ) ) ;
#1955 = CARTESIAN_POINT ( 'NONE',  ( 9.212395376139159708, 5.240443502959773348, 0.000000000000000000 ) ) ;
#1956 = ORIENTED_EDGE ( 'NONE', *, *, #1762, .T. ) ;
#1957 = ORIENTED_EDGE ( 'NONE', *, *, #666, .T. ) ;
#1958 = CARTESIAN_POINT ( 'NONE',  ( -9.082270357215493917, -0.4293403550322841267, 35.00000000000000000 ) ) ;
#1959 = CARTESIAN_POINT ( 'NONE',  ( 8.821576720846140418, -1.756966120516439300, 35.00000000000000000 ) ) ;
#1960 = EDGE_CURVE ( 'NONE', #924, #2213, #69, .T. ) ;
#1961 = CLOSED_SHELL ( 'NONE', ( #1006, #1939, #1279, #801, #2198, #273, #381, #1637, #1203, #427, #91, #1859, #2040, #977, #2386, #1170, #1621, #2208, #477, #783, #731, #368, #211, #1215, #409, #309, #2149, #1456, #551, #194, #206, #434, #422, #646, #1913, #458, #172, #2009, #221, #857, #1142, #413, #741, #1590, #1064, #1023, #1485, #1697, #963, #2411, #151, #2400, #1897, #2093, #346, #715, #1252, #2270, #1373, #2261 ) ) ;
#1962 = CARTESIAN_POINT ( 'NONE',  ( -1.366402559295388119, 14.00900548297408577, 35.00000000000000711 ) ) ;
#1963 = CARTESIAN_POINT ( 'NONE',  ( -9.567941014412383538, 2.997706486881289933, 35.00000000000000000 ) ) ;
#1964 = EDGE_CURVE ( 'NONE', #2055, #1654, #877, .T. ) ;
#1965 = CARTESIAN_POINT ( 'NONE',  ( 4.022507431045056592, 13.45848159023423918, 35.00000000000000000 ) ) ;
#1966 = EDGE_LOOP ( 'NONE', ( #2188, #1112, #1125, #2190 ) ) ;
#1967 = B_SPLINE_CURVE_WITH_KNOTS ( 'NONE', 3,
 ( #1161, #2284, #2102, #947 ),
 .UNSPECIFIED., .F., .F.,
 ( 4, 4 ),
 ( 0.000000000000000000, 1.000000000000000000 ),
 .UNSPECIFIED. ) ;
#1968 = VECTOR ( 'NONE', #948, 1000.000000000000000 ) ;
#1969 = CARTESIAN_POINT ( 'NONE',  ( 9.402310158005928287, 1.811499110113806710, 35.00000000000000000 ) ) ;
#1970 = CARTESIAN_POINT ( 'NONE',  ( 7.611363284069400770, 10.64137413971365653, 9.000000000000000000 ) ) ;
#1971 = PLANE ( 'NONE',  #754 ) ;
#1972 = B_SPLINE_CURVE_WITH_KNOTS ( 'NONE', 3,
 ( #1361, #597, #234, #1869 ),
 .UNSPECIFIED., .F., .F.,
 ( 4, 4 ),
 ( 0.01800022617501995797, 0.07793586615817139907 ),
 .UNSPECIFIED. ) ;
#1973 = APPROVAL_ROLE ( '' ) ;
#1974 = EDGE_CURVE ( 'NONE', #1158, #251, #1643, .T. ) ;
#1975 = CARTESIAN_POINT ( 'NONE',  ( -8.297179967528922617, 9.917823881671585795, 39.00000000000000711 ) ) ;
#1976 = CARTESIAN_POINT ( 'NONE',  ( 2.736291058196506754, 13.83332236081300337, 34.99999999999997868 ) ) ;
#1977 = VERTEX_POINT ( 'NONE', #703 ) ;
#1978 = CARTESIAN_POINT ( 'NONE',  ( -8.639125489666518831, -2.364792273140178924, 39.00000000000000711 ) ) ;
#1979 = ORIENTED_EDGE ( 'NONE', *, *, #2150, .F. ) ;
#1980 = EDGE_CURVE ( 'NONE', #1915, #2055, #760, .T. ) ;
#1981 = ORIENTED_EDGE ( 'NONE', *, *, #1550, .T. ) ;
#1982 = CARTESIAN_POINT ( 'NONE',  ( -5.952051976326562688, 13.01827874740092028, 8.000000000000000000 ) ) ;
#1983 = COORDINATED_UNIVERSAL_TIME_OFFSET ( 8, 0, .BEHIND. ) ;
#1984 = CARTESIAN_POINT ( 'NONE',  ( 4.000039090279164711, 13.46641801628086377, 39.00000000000000711 ) ) ;
#1985 = CARTESIAN_POINT ( 'NONE',  ( 9.640475699813508825, 5.390664269920724117, 35.00000000000000000 ) ) ;
#1986 = B_SPLINE_SURFACE_WITH_KNOTS ( 'NONE', 3, 1, ( 
 ( #964, #1310 ),
 ( #212, #173 ),
 ( #2402, #1845 ),
 ( #1461, #2212 ),
 ( #2022, #1093 ) ),
 .UNSPECIFIED., .F., .F., .F.,
 ( 4, 1, 4 ),
 ( 2, 2 ),
 ( 0.6796534515658512188, 0.6796834260720541199, 0.8651620966067991025 ),
 ( 0.000000000000000000, 1.000000000000000000 ),
 .UNSPECIFIED. ) ;
#1987 = EDGE_CURVE ( 'NONE', #2213, #60, #1438, .T. ) ;
#1988 = DIRECTION ( 'NONE',  ( -0.4944464263296822204, -0.8692081059733659520, 0.000000000000000000 ) ) ;
#1989 = ORIENTED_EDGE ( 'NONE', *, *, #1163, .F. ) ;
#1990 = CARTESIAN_POINT ( 'NONE',  ( 4.968138733791704453, -1.116829311923138501, -0.000000000000000000 ) ) ;
#1991 = VERTEX_POINT ( 'NONE', #1260 ) ;
#1992 = CARTESIAN_POINT ( 'NONE',  ( -4.000039146629744025, 13.46641852818939533, 35.00000000000000000 ) ) ;
#1993 = APPROVAL_STATUS ( 'not_yet_approved' ) ;
#1994 = CARTESIAN_POINT ( 'NONE',  ( -8.076267207905262424, 10.88084071336665026, 8.000000000000000000 ) ) ;
#1995 = FACE_OUTER_BOUND ( 'NONE', #473, .T. ) ;
#1996 = AXIS2_PLACEMENT_3D ( 'NONE', #573, #1332, #385 ) ;
#1997 = PLANE ( 'NONE',  #1249 ) ;
#1998 = EDGE_LOOP ( 'NONE', ( #145, #529, #901, #1072 ) ) ;
#1999 = FACE_OUTER_BOUND ( 'NONE', #507, .T. ) ;
#2000 = VERTEX_POINT ( 'NONE', #718 ) ;
#2001 = VECTOR ( 'NONE', #930, 1000.000000000000000 ) ;
#2002 = EDGE_CURVE ( 'NONE', #61, #1784, #1271, .T. ) ;
#2003 = VERTEX_POINT ( 'NONE', #2256 ) ;
#2004 = CARTESIAN_POINT ( 'NONE',  ( -9.712385753997578419, 4.198038965563446467, 39.00000000000000711 ) ) ;
#2005 = ORIENTED_EDGE ( 'NONE', *, *, #983, .T. ) ;
#2006 = AXIS2_PLACEMENT_3D ( 'NONE', #2143, #2162, #626 ) ;
#2007 = B_SPLINE_SURFACE_WITH_KNOTS ( 'NONE', 3, 1, ( 
 ( #1883, #2227 ),
 ( #555, #1300 ),
 ( #925, #757 ),
 ( #2053, #1847 ) ),
 .UNSPECIFIED., .F., .F., .F.,
 ( 4, 4 ),
 ( 2, 2 ),
 ( 0.000000000000000000, 1.000000000000000000 ),
 ( 0.000000000000000000, 1.000000000000000000 ),
 .UNSPECIFIED. ) ;
#2008 = DIRECTION ( 'NONE',  ( 0.000000000000000000, 1.000000000000000000, 0.000000000000000000 ) ) ;
#2009 = ADVANCED_FACE ( 'NONE', ( #590 ), #1325, .F. ) ;
#2010 = CARTESIAN_POINT ( 'NONE',  ( 5.035509903588123670, -4.484362701557887299, 34.99999999999999289 ) ) ;
#2011 = CARTESIAN_POINT ( 'NONE',  ( 7.331346367977107370, 11.52238107136515488, 39.00000000000000711 ) ) ;
#2012 = EDGE_LOOP ( 'NONE', ( #1656, #1616, #35, #230 ) ) ;
#2013 = FACE_OUTER_BOUND ( 'NONE', #86, .T. ) ;
#2014 = PLANE ( 'NONE',  #1785 ) ;
#2015 = ORIENTED_EDGE ( 'NONE', *, *, #2002, .F. ) ;
#2016 = B_SPLINE_CURVE_WITH_KNOTS ( 'NONE', 3,
 ( #2240, #3, #1487, #1122 ),
 .UNSPECIFIED., .F., .F.,
 ( 4, 4 ),
 ( 0.9228350696837647194, 1.000000000000000000 ),
 .UNSPECIFIED. ) ;
#2017 = ORIENTED_EDGE ( 'NONE', *, *, #1572, .T. ) ;
#2018 = CARTESIAN_POINT ( 'NONE',  ( -4.000000003133249216, 14.51984280285398832, 35.00000000000000000 ) ) ;
#2019 = ORIENTED_EDGE ( 'NONE', *, *, #2051, .T. ) ;
#2020 = CARTESIAN_POINT ( 'NONE',  ( 4.319051661954190102, -2.420806791603955066, 39.00000000000000711 ) ) ;
#2021 = EDGE_CURVE ( 'NONE', #2043, #2343, #296, .T. ) ;
#2022 = CARTESIAN_POINT ( 'NONE',  ( -4.000039090276759524, 13.46641801628173774, 39.00000000000000711 ) ) ;
#2023 = ORIENTED_EDGE ( 'NONE', *, *, #1579, .T. ) ;
#2024 = CARTESIAN_POINT ( 'NONE',  ( 4.000019632753994081, 13.46642539127314109, 35.00000000000000000 ) ) ;
#2025 = CARTESIAN_POINT ( 'NONE',  ( 4.000000003133249216, 16.08999999999999986, 0.000000000000000000 ) ) ;
#2026 = ORIENTED_EDGE ( 'NONE', *, *, #1974, .T. ) ;
#2027 = ORIENTED_EDGE ( 'NONE', *, *, #1050, .T. ) ;
#2028 = CARTESIAN_POINT ( 'NONE',  ( -8.296949996653708581, 9.918215194133203738, 35.00000000000000000 ) ) ;
#2029 = ORIENTED_EDGE ( 'NONE', *, *, #1021, .F. ) ;
#2030 = EDGE_CURVE ( 'NONE', #543, #2294, #1601, .T. ) ;
#2031 = CARTESIAN_POINT ( 'NONE',  ( 7.747144656287463071, -4.177443844307137333, 35.00000000000000000 ) ) ;
#2032 = B_SPLINE_CURVE_WITH_KNOTS ( 'NONE', 3,
 ( #110, #1392, #840, #428 ),
 .UNSPECIFIED., .F., .F.,
 ( 4, 4 ),
 ( 0.2518624062576452216, 0.2579180007241821948 ),
 .UNSPECIFIED. ) ;
#2033 = B_SPLINE_CURVE_WITH_KNOTS ( 'NONE', 3,
 ( #1005, #1566, #1226, #1978, #312 ),
 .UNSPECIFIED., .F., .F.,
 ( 4, 1, 4 ),
 ( 0.7219229986689038592, 0.7380413842098489940, 0.7437842679625692455 ),
 .UNSPECIFIED. ) ;
#2034 = CARTESIAN_POINT ( 'NONE',  ( -7.641945204098258060, 12.45762266531077600, 0.000000000000000000 ) ) ;
#2035 = CARTESIAN_POINT ( 'NONE',  ( -9.212395376139159708, 5.240443502959773348, -0.000000000000000000 ) ) ;
#2036 = ORIENTED_EDGE ( 'NONE', *, *, #2223, .T. ) ;
#2037 = CARTESIAN_POINT ( 'NONE',  ( -8.553078510096494114, -2.607535155045253017, 39.00000000000000711 ) ) ;
#2038 = CARTESIAN_POINT ( 'NONE',  ( -8.997943794044806154, 11.55304009430210144, 8.000000000000000000 ) ) ;
#2039 = ORIENTED_EDGE ( 'NONE', *, *, #500, .F. ) ;
#2040 = ADVANCED_FACE ( 'NONE', ( #1884 ), #214, .F. ) ;
#2041 = VECTOR ( 'NONE', #1666, 999.9999999999998863 ) ;
#2042 = DIRECTION ( 'NONE',  ( -0.000000000000000000, 0.000000000000000000, 1.000000000000000000 ) ) ;
#2043 = VERTEX_POINT ( 'NONE', #979 ) ;
#2044 = CARTESIAN_POINT ( 'NONE',  ( 8.957827066612233935, -2.235909959463550756, 0.000000000000000000 ) ) ;
#2045 = VECTOR ( 'NONE', #1299, 1000.000000000000000 ) ;
#2046 = CARTESIAN_POINT ( 'NONE',  ( -2.381992260050884713, 13.87936542046331212, 34.00000000000000000 ) ) ;
#2047 = ORIENTED_EDGE ( 'NONE', *, *, #794, .F. ) ;
#2048 = CARTESIAN_POINT ( 'NONE',  ( 7.431768559194463997, -4.550377231482300111, 35.00000000000000000 ) ) ;
#2049 = VECTOR ( 'NONE', #1403, 1000.000000000000000 ) ;
#2050 = CARTESIAN_POINT ( 'NONE',  ( 1.352480723449016820, 13.99333304309576675, 34.00000000000000000 ) ) ;
#2051 = EDGE_CURVE ( 'NONE', #749, #1565, #990, .T. ) ;
#2052 = CARTESIAN_POINT ( 'NONE',  ( 5.924365933332302880, 11.02060833412632412, 9.000000000000000000 ) ) ;
#2053 = CARTESIAN_POINT ( 'NONE',  ( 8.997933409387925963, 11.55304818225744157, 8.000000000000000000 ) ) ;
#2054 = CARTESIAN_POINT ( 'NONE',  ( -4.950000000000000178, 0.000000000000000000, 39.00000000000000711 ) ) ;
#2055 = VERTEX_POINT ( 'NONE', #1528 ) ;
#2056 = ORIENTED_EDGE ( 'NONE', *, *, #46, .T. ) ;
#2057 = ORIENTED_EDGE ( 'NONE', *, *, #811, .T. ) ;
#2058 = EDGE_CURVE ( 'NONE', #1158, #1888, #2082, .T. ) ;
#2059 = B_SPLINE_CURVE_WITH_KNOTS ( 'NONE', 3,
 ( #2289, #600, #1352, #2129, #1177, #612 ),
 .UNSPECIFIED., .F., .F.,
 ( 4, 2, 4 ),
 ( 0.000000000000000000, 0.5000000000000000000, 1.000000000000000000 ),
 .UNSPECIFIED. ) ;
#2060 = DIRECTION ( 'NONE',  ( -0.000000000000000000, -0.000000000000000000, -1.000000000000000000 ) ) ;
#2061 = CARTESIAN_POINT ( 'NONE',  ( 8.992289518815422156, -1.102857488201263392, 39.00000000000001421 ) ) ;
#2062 = CARTESIAN_POINT ( 'NONE',  ( 1.689566747322280404, 13.96717136048445695, 34.00000000000002132 ) ) ;
#2063 = CARTESIAN_POINT ( 'NONE',  ( -4.000017162515443481, 16.08999999999999986, 0.000000000000000000 ) ) ;
#2064 = EDGE_CURVE ( 'NONE', #133, #1158, #931, .T. ) ;
#2065 = DIRECTION ( 'NONE',  ( -0.000000000000000000, -0.000000000000000000, 1.000000000000000000 ) ) ;
#2066 = CARTESIAN_POINT ( 'NONE',  ( -4.000000003133249216, 15.08999999999999986, 35.00000000000000000 ) ) ;
#2067 = ORIENTED_EDGE ( 'NONE', *, *, #895, .F. ) ;
#2068 = ORIENTED_EDGE ( 'NONE', *, *, #1964, .T. ) ;
#2069 = CARTESIAN_POINT ( 'NONE',  ( 4.463610432491301516, -2.139785481527253896, 39.00000000000000711 ) ) ;
#2070 = EDGE_LOOP ( 'NONE', ( #669, #942, #1754, #2280, #1085, #1878, #888, #1380, #929, #485, #1644, #245, #1665, #1979, #1603, #971, #2108, #1134, #594, #367, #1522, #968, #1218, #1315, #231, #2259, #701, #530, #1420, #830, #722, #1519, #2216, #614, #1509, #1354, #1439, #1406, #502, #8, #2232, #505 ) ) ;
#2071 = B_SPLINE_CURVE_WITH_KNOTS ( 'NONE', 3,
 ( #26, #574, #1321, #1139, #1893 ),
 .UNSPECIFIED., .F., .F.,
 ( 4, 1, 4 ),
 ( 0.2557430476951079168, 0.2619586157901510615, 0.2780770013310949196 ),
 .UNSPECIFIED. ) ;
#2072 = LINE ( 'NONE', #533, #2244 ) ;
#2073 = EDGE_CURVE ( 'NONE', #1719, #1807, #1729, .T. ) ;
#2074 = B_SPLINE_CURVE_WITH_KNOTS ( 'NONE', 3,
 ( #1826, #190, #729, #2228 ),
 .UNSPECIFIED., .F., .F.,
 ( 4, 4 ),
 ( 0.000000000000000000, 1.000000000000000000 ),
 .UNSPECIFIED. ) ;
#2075 = CARTESIAN_POINT ( 'NONE',  ( 9.185316638463554284, 0.7221315108641920277, 0.000000000000000000 ) ) ;
#2076 = CARTESIAN_POINT ( 'NONE',  ( 9.567941014412383538, 2.997706486881289933, 39.00000000000000711 ) ) ;
#2077 = DIRECTION ( 'NONE',  ( -0.000000000000000000, -0.000000000000000000, -1.000000000000000000 ) ) ;
#2078 = EDGE_CURVE ( 'NONE', #860, #2421, #1628, .T. ) ;
#2079 = CARTESIAN_POINT ( 'NONE',  ( -6.375566889108473134, -5.079014286825504598, 39.00000000000000711 ) ) ;
#2080 = CARTESIAN_POINT ( 'NONE',  ( -8.821603312954733767, -1.756864229340209693, 34.99999999999999289 ) ) ;
#2081 = CARTESIAN_POINT ( 'NONE',  ( 4.000000003133249216, 14.51984280285399009, 35.00000000000000000 ) ) ;
#2082 = LINE ( 'NONE', #201, #1500 ) ;
#2083 = VERTEX_POINT ( 'NONE', #2054 ) ;
#2084 = ORIENTED_EDGE ( 'NONE', *, *, #1660, .F. ) ;
#2085 = ORIENTED_EDGE ( 'NONE', *, *, #1833, .T. ) ;
#2086 = CIRCLE ( 'NONE', #362, 4.950000000000000178 ) ;
#2087 = EDGE_CURVE ( 'NONE', #1842, #1798, #1716, .T. ) ;
#2088 = CARTESIAN_POINT ( 'NONE',  ( 4.000000003133249216, 14.00019115935944036, 34.87837148335384541 ) ) ;
#2089 = CARTESIAN_POINT ( 'NONE',  ( 7.641934006341973173, 12.45762953440257270, 0.000000000000000000 ) ) ;
#2090 = VECTOR ( 'NONE', #1574, 1000.000000000000000 ) ;
#2091 = CARTESIAN_POINT ( 'NONE',  ( -6.502752862557518831, 17.31249270386421557, 0.000000000000000000 ) ) ;
#2092 = EDGE_CURVE ( 'NONE', #1752, #761, #2183, .T. ) ;
#2093 = ADVANCED_FACE ( 'NONE', ( #1503 ), #2279, .F. ) ;
#2094 = B_SPLINE_CURVE_WITH_KNOTS ( 'NONE', 3,
 ( #709, #2194, #2236, #2031 ),
 .UNSPECIFIED., .F., .F.,
 ( 4, 4 ),
 ( 0.000000000000000000, 1.000000000000000000 ),
 .UNSPECIFIED. ) ;
#2095 = CARTESIAN_POINT ( 'NONE',  ( 8.997933409387925963, 11.55304818225744157, 8.000000000000000000 ) ) ;
#2096 = CARTESIAN_POINT ( 'NONE',  ( -9.082278208762222249, -0.4292880103578150530, 35.00000000000000000 ) ) ;
#2097 = VERTEX_POINT ( 'NONE', #1155 ) ;
#2098 = CARTESIAN_POINT ( 'NONE',  ( -8.821576602755563101, -1.756966567207280727, 39.00000000000000711 ) ) ;
#2099 = ORIENTED_EDGE ( 'NONE', *, *, #1434, .T. ) ;
#2100 = B_SPLINE_CURVE_WITH_KNOTS ( 'NONE', 3,
 ( #1348, #2298, #585, #235, #2104 ),
 .UNSPECIFIED., .F., .F.,
 ( 4, 1, 4 ),
 ( 0.1768459391118321899, 0.1768755533965834237, 0.1931035115918810774 ),
 .UNSPECIFIED. ) ;
#2101 = PLANE ( 'NONE',  #2362 ) ;
#2102 = CARTESIAN_POINT ( 'NONE',  ( 9.333043294146186497, 10.31266823328066629, 8.000000000000000000 ) ) ;
#2103 = EDGE_CURVE ( 'NONE', #747, #954, #2290, .T. ) ;
#2104 = CARTESIAN_POINT ( 'NONE',  ( 7.747136604462968812, -4.177437937830212888, 39.00000000000000711 ) ) ;
#2105 = EDGE_CURVE ( 'NONE', #1520, #1722, #1459, .T. ) ;
#2106 = CARTESIAN_POINT ( 'NONE',  ( 6.590497880048571844, -5.071434342964994180, 35.00000000000000000 ) ) ;
#2107 = DIRECTION ( 'NONE',  ( 0.000000000000000000, 0.000000000000000000, -1.000000000000000000 ) ) ;
#2108 = ORIENTED_EDGE ( 'NONE', *, *, #1036, .F. ) ;
#2109 = CARTESIAN_POINT ( 'NONE',  ( 8.957827066612233935, -2.235909959463550756, 0.000000000000000000 ) ) ;
#2110 = ORIENTED_EDGE ( 'NONE', *, *, #1960, .T. ) ;
#2111 = CARTESIAN_POINT ( 'NONE',  ( 4.000000003133249216, 13.49576442715130398, 34.26875288727303825 ) ) ;
#2112 = DIRECTION ( 'NONE',  ( 0.7092967019339085910, 0.7049100571177007168, 0.000000000000000000 ) ) ;
#2113 = MECHANICAL_CONTEXT ( 'NONE', #1273, 'mechanical' ) ;
#2114 = EDGE_CURVE ( 'NONE', #1598, #2097, #861, .T. ) ;
#2115 = CARTESIAN_POINT ( 'NONE',  ( 9.402307648830120712, 1.811482947691793299, 35.00000000000000000 ) ) ;
#2116 = CARTESIAN_POINT ( 'NONE',  ( 6.993155932574826039, -4.895800758298324062, 38.99999999999999289 ) ) ;
#2117 = CARTESIAN_POINT ( 'NONE',  ( 9.270224677924511880, 0.9690160379316548056, 38.99999999999999289 ) ) ;
#2118 = ORIENTED_EDGE ( 'NONE', *, *, #811, .F. ) ;
#2119 = CARTESIAN_POINT ( 'NONE',  ( 8.551816711783084557, -2.610947986023663514, 35.00000000000000000 ) ) ;
#2120 = ORIENTED_EDGE ( 'NONE', *, *, #688, .F. ) ;
#2121 = EDGE_CURVE ( 'NONE', #747, #1329, #2304, .T. ) ;
#2122 = CARTESIAN_POINT ( 'NONE',  ( 0.000000000000000000, 19.08999999999999986, 39.00000000000000711 ) ) ;
#2123 = CARTESIAN_POINT ( 'NONE',  ( -8.997943794044806154, 11.55304009430210144, 0.000000000000000000 ) ) ;
#2124 = FACE_OUTER_BOUND ( 'NONE', #416, .T. ) ;
#2125 = CARTESIAN_POINT ( 'NONE',  ( 5.758886529864790660, 12.82390060542199350, 35.00000000000000000 ) ) ;
#2126 = AXIS2_PLACEMENT_3D ( 'NONE', #1389, #1538, #2312 ) ;
#2127 = AXIS2_PLACEMENT_3D ( 'NONE', #2122, #443, #1186 ) ;
#2128 = CARTESIAN_POINT ( 'NONE',  ( 3.674627398590979421, -3.363714272183311316, 39.00000000000000711 ) ) ;
#2129 = CARTESIAN_POINT ( 'NONE',  ( -0.02107250192450233622, 14.47754864052045143, 34.89222690360979584 ) ) ;
#2130 = CARTESIAN_POINT ( 'NONE',  ( -8.596335281380989457, -2.488457262816150539, 39.00000000000000711 ) ) ;
#2131 = CARTESIAN_POINT ( 'NONE',  ( 4.463610432491300628, -2.139785481527255229, 35.00000000000000000 ) ) ;
#2132 = VERTEX_POINT ( 'NONE', #1207 ) ;
#2133 = CARTESIAN_POINT ( 'NONE',  ( 9.789751801112785756, 3.886371526684789579, 0.000000000000000000 ) ) ;
#2134 = EDGE_LOOP ( 'NONE', ( #84, #1935, #1768, #1291 ) ) ;
#2135 = ORIENTED_EDGE ( 'NONE', *, *, #2078, .T. ) ;
#2136 = EDGE_CURVE ( 'NONE', #1732, #804, #1365, .T. ) ;
#2137 = DIRECTION ( 'NONE',  ( -0.000000000000000000, -0.000000000000000000, -1.000000000000000000 ) ) ;
#2138 = LINE ( 'NONE', #1757, #2285 ) ;
#2139 = CARTESIAN_POINT ( 'NONE',  ( 9.402310158005928287, 1.811499110113806710, 35.00000000000000000 ) ) ;
#2140 = DIRECTION ( 'NONE',  ( -0.3148912813654280440, -0.9491277474186702312, 0.000000000000000000 ) ) ;
#2141 = B_SPLINE_SURFACE_WITH_KNOTS ( 'NONE', 3, 1, ( 
 ( #1854, #181 ),
 ( #2128, #1481 ),
 ( #736, #2235 ),
 ( #1636, #2044 ),
 ( #372, #2075 ),
 ( #1916, #36 ),
 ( #1188, #78 ),
 ( #809, #596 ) ),
 .UNSPECIFIED., .F., .F., .F.,
 ( 4, 1, 1, 1, 1, 4 ),
 ( 2, 2 ),
 ( 0.000000000000000000, 0.1350757393573850662, 0.2619586157901510615, 0.3718518498692101049, 0.4692229899317730824, 1.000000000000000000 ),
 ( 0.000000000000000000, 1.000000000000000000 ),
 .UNSPECIFIED. ) ;
#2142 = LINE ( 'NONE', #625, #955 ) ;
#2143 = CARTESIAN_POINT ( 'NONE',  ( -4.000017162515443481, 15.08999999999999986, 34.00000000000000000 ) ) ;
#2144 = EDGE_CURVE ( 'NONE', #1752, #543, #1067, .T. ) ;
#2145 = ORIENTED_EDGE ( 'NONE', *, *, #2375, .F. ) ;
#2146 = ORIENTED_EDGE ( 'NONE', *, *, #1536, .F. ) ;
#2147 = ORIENTED_EDGE ( 'NONE', *, *, #1596, .F. ) ;
#2148 = CARTESIAN_POINT ( 'NONE',  ( -6.375566889108473134, -5.079014286825504598, 39.00000000000000711 ) ) ;
#2149 = ADVANCED_FACE ( 'NONE', ( #847 ), #288, .T. ) ;
#2150 = EDGE_CURVE ( 'NONE', #2367, #1272, #123, .T. ) ;
#2151 = CARTESIAN_POINT ( 'NONE',  ( -4.022463027862731799, 13.45849734416493781, 35.00000000000000000 ) ) ;
#2152 = CARTESIAN_POINT ( 'NONE',  ( 8.297188131938167288, 9.917828796067952979, 35.00000000000000000 ) ) ;
#2153 = ORIENTED_EDGE ( 'NONE', *, *, #225, .T. ) ;
#2154 = CARTESIAN_POINT ( 'NONE',  ( -8.997943794044806154, 11.55304009430210144, 8.000000000000000000 ) ) ;
#2155 = CARTESIAN_POINT ( 'NONE',  ( 4.000000003133249216, 16.08999999999999986, 8.000000000000000000 ) ) ;
#2156 = DIRECTION ( 'NONE',  ( -1.000000000000000000, 0.000000000000000000, -0.000000000000000000 ) ) ;
#2157 = CARTESIAN_POINT ( 'NONE',  ( -4.463610432491302404, -2.139785481527252564, 35.00000000000000000 ) ) ;
#2158 = EDGE_CURVE ( 'NONE', #1819, #1158, #262, .T. ) ;
#2159 = CARTESIAN_POINT ( 'NONE',  ( -9.177312422554757987, 0.2408045793126192824, 39.00000000000000711 ) ) ;
#2160 = VECTOR ( 'NONE', #2008, 1000.000000000000000 ) ;
#2161 = EDGE_CURVE ( 'NONE', #340, #451, #437, .T. ) ;
#2162 = DIRECTION ( 'NONE',  ( 1.000000000000000000, 0.000000000000000000, 0.000000000000000000 ) ) ;
#2163 = CARTESIAN_POINT ( 'NONE',  ( 4.000000003133249216, 0.000000000000000000, 8.000000000000000000 ) ) ;
#2164 = ORIENTED_EDGE ( 'NONE', *, *, #1652, .F. ) ;
#2165 = CARTESIAN_POINT ( 'NONE',  ( -7.367371656531754631, 11.49986829880390182, 35.00000000000000000 ) ) ;
#2166 = ORIENTED_EDGE ( 'NONE', *, *, #283, .T. ) ;
#2167 = AXIS2_PLACEMENT_3D ( 'NONE', #934, #1053, #1685 ) ;
#2168 = ORIENTED_EDGE ( 'NONE', *, *, #907, .T. ) ;
#2169 = CARTESIAN_POINT ( 'NONE',  ( 4.950000000000000178, 6.062001655779398511E-16, 39.00000000000000711 ) ) ;
#2170 = DATE_TIME_ROLE ( 'classification_date' ) ;
#2171 = B_SPLINE_CURVE_WITH_KNOTS ( 'NONE', 3,
 ( #1924, #1580, #1221, #1936 ),
 .UNSPECIFIED., .F., .F.,
 ( 4, 4 ),
 ( 0.1769387209752869561, 0.1959657966792672235 ),
 .UNSPECIFIED. ) ;
#2172 = EDGE_CURVE ( 'NONE', #1722, #1366, #1179, .T. ) ;
#2173 = B_SPLINE_CURVE_WITH_KNOTS ( 'NONE', 3,
 ( #2139, #272, #1333, #457, #51 ),
 .UNSPECIFIED., .F., .F.,
 ( 4, 1, 4 ),
 ( 0.4049373415997393755, 0.4692229899317730824, 0.5279201559561819135 ),
 .UNSPECIFIED. ) ;
#2174 = B_SPLINE_CURVE_WITH_KNOTS ( 'NONE', 3,
 ( #714, #2080, #1516, #539 ),
 .UNSPECIFIED., .F., .F.,
 ( 4, 4 ),
 ( 0.2816728446900921279, 0.2816834385692514875 ),
 .UNSPECIFIED. ) ;
#2175 = CARTESIAN_POINT ( 'NONE',  ( -1.403191068375136092E-15, 14.00000000000000000, 0.000000000000000000 ) ) ;
#2176 = EDGE_CURVE ( 'NONE', #2000, #1553, #1931, .T. ) ;
#2177 = DIRECTION ( 'NONE',  ( -0.9756518749387852463, -0.2193249163420177561, 0.000000000000000000 ) ) ;
#2178 = VERTEX_POINT ( 'NONE', #1414 ) ;
#2179 = CARTESIAN_POINT ( 'NONE',  ( -8.439853523303030514, 10.52619034557497812, 8.000000000000000000 ) ) ;
#2180 = ORIENTED_EDGE ( 'NONE', *, *, #2393, .F. ) ;
#2181 = LINE ( 'NONE', #2323, #636 ) ;
#2182 = PERSON_AND_ORGANIZATION ( #119, #1237 ) ;
#2183 = B_SPLINE_CURVE_WITH_KNOTS ( 'NONE', 1,
 ( #1539, #1911 ),
 .UNSPECIFIED., .F., .F.,
 ( 2, 2 ),
 ( 0.000000000000000000, 1.000000000000000000 ),
 .UNSPECIFIED. ) ;
#2184 = CARTESIAN_POINT ( 'NONE',  ( -4.000000003133249216, 14.51984280285398832, 35.00000000000000000 ) ) ;
#2185 = CARTESIAN_POINT ( 'NONE',  ( 6.375568301259502135, -5.079014246466874383, 39.00000000000000711 ) ) ;
#2186 = B_SPLINE_SURFACE_WITH_KNOTS ( 'NONE', 3, 1, ( 
 ( #751, #50 ),
 ( #2250, #1917 ),
 ( #208, #1150 ),
 ( #247, #2275 ),
 ( #777, #420 ) ),
 .UNSPECIFIED., .F., .F., .F.,
 ( 4, 1, 4 ),
 ( 2, 2 ),
 ( 0.2519834009111361350, 0.2581659237885902125, 0.2584390795992909107 ),
 ( 0.000000000000000000, 1.000000000000000000 ),
 .UNSPECIFIED. ) ;
#2187 = CARTESIAN_POINT ( 'NONE',  ( 1.438813471849433867, 15.00875444122119085, 34.99999999999998579 ) ) ;
#2188 = ORIENTED_EDGE ( 'NONE', *, *, #1283, .F. ) ;
#2189 = CARTESIAN_POINT ( 'NONE',  ( -6.590497880048571844, -5.071434342964994180, 39.00000000000000711 ) ) ;
#2190 = ORIENTED_EDGE ( 'NONE', *, *, #1572, .F. ) ;
#2191 = CARTESIAN_POINT ( 'NONE',  ( -0.04403166855656050899, 15.00038968980895504, 34.99999838016959330 ) ) ;
#2192 = ORIENTED_EDGE ( 'NONE', *, *, #1831, .F. ) ;
#2193 = EDGE_CURVE ( 'NONE', #1784, #2132, #1541, .T. ) ;
#2194 = CARTESIAN_POINT ( 'NONE',  ( 7.546549452791676771, -4.434022165637631296, 34.99999999999999289 ) ) ;
#2195 = CARTESIAN_POINT ( 'NONE',  ( -4.000000003133248327, 13.99996178637853639, 34.87839169704220410 ) ) ;
#2196 = VECTOR ( 'NONE', #2060, 1000.000000000000000 ) ;
#2197 = CARTESIAN_POINT ( 'NONE',  ( -6.993156128355649592, -4.895800645819757158, 35.00000000000000000 ) ) ;
#2198 = ADVANCED_FACE ( 'NONE', ( #83 ), #1595, .T. ) ;
#2199 = ORIENTED_EDGE ( 'NONE', *, *, #2136, .F. ) ;
#2200 = CARTESIAN_POINT ( 'NONE',  ( 8.551816711783084557, -2.610947986023663514, 38.99999999999999289 ) ) ;
#2201 = ORIENTED_EDGE ( 'NONE', *, *, #1909, .T. ) ;
#2202 = CIRCLE ( 'NONE', #2248, 4.950000000000000178 ) ;
#2203 = VERTEX_POINT ( 'NONE', #96 ) ;
#2204 = CARTESIAN_POINT ( 'NONE',  ( -1.379402676698603836, 15.00717744418066779, 34.99999999999999289 ) ) ;
#2205 = ORIENTED_EDGE ( 'NONE', *, *, #1214, .T. ) ;
#2206 = VECTOR ( 'NONE', #240, 1000.000000000000000 ) ;
#2207 = CARTESIAN_POINT ( 'NONE',  ( 9.402307669017131886, 1.811483077722924495, 38.99999999999999289 ) ) ;
#2208 = ADVANCED_FACE ( 'NONE', ( #1013 ), #1199, .F. ) ;
#2209 = AXIS2_PLACEMENT_3D ( 'NONE', #2351, #1954, #667 ) ;
#2210 = CARTESIAN_POINT ( 'NONE',  ( -0.6818649372433096545, 15.03106134047889064, 35.00000000000000000 ) ) ;
#2211 = CARTESIAN_POINT ( 'NONE',  ( -6.751996217807771927, 15.33549767204606518, 0.000000000000000000 ) ) ;
#2212 = CARTESIAN_POINT ( 'NONE',  ( -5.758909822143662538, 12.82388132652801183, 34.99999999999999289 ) ) ;
#2213 = VERTEX_POINT ( 'NONE', #490 ) ;
#2214 = CARTESIAN_POINT ( 'NONE',  ( -6.375566889108473134, -5.079014286825504598, 39.00000000000000711 ) ) ;
#2215 = ORIENTED_EDGE ( 'NONE', *, *, #1267, .T. ) ;
#2216 = ORIENTED_EDGE ( 'NONE', *, *, #998, .T. ) ;
#2217 = CARTESIAN_POINT ( 'NONE',  ( 5.035509893958733940, -4.484362692308120124, 39.00000000000000711 ) ) ;
#2218 = ORIENTED_EDGE ( 'NONE', *, *, #1181, .F. ) ;
#2219 = DIRECTION ( 'NONE',  ( 0.8692081059733659520, 0.4944464263296822204, -0.000000000000000000 ) ) ;
#2220 = EDGE_CURVE ( 'NONE', #2355, #524, #1265, .T. ) ;
#2221 = CARTESIAN_POINT ( 'NONE',  ( -4.005784190641100473, 14.52548776328325530, 35.00000000000000000 ) ) ;
#2222 = CARTESIAN_POINT ( 'NONE',  ( 5.119582729872919735, -4.556031316714087787, 35.00000000000000000 ) ) ;
#2223 = EDGE_CURVE ( 'NONE', #75, #2203, #1131, .T. ) ;
#2224 = B_SPLINE_CURVE_WITH_KNOTS ( 'NONE', 1,
 ( #1322, #1388 ),
 .UNSPECIFIED., .F., .F.,
 ( 2, 2 ),
 ( 0.000000000000000000, 1.000000000000000000 ),
 .UNSPECIFIED. ) ;
#2225 = CARTESIAN_POINT ( 'NONE',  ( 8.076257427466982719, 10.88084797285705463, 8.000000000000000000 ) ) ;
#2226 = EDGE_LOOP ( 'NONE', ( #775, #1076 ) ) ;
#2227 = CARTESIAN_POINT ( 'NONE',  ( 4.000000003133249216, 19.08999999999999986, 0.000000000000000000 ) ) ;
#2228 = CARTESIAN_POINT ( 'NONE',  ( 8.997933409387925963, 11.55304818225744157, 0.000000000000000000 ) ) ;
#2229 = EDGE_LOOP ( 'NONE', ( #2377, #1885, #44, #178, #956, #913 ) ) ;
#2230 = VERTEX_POINT ( 'NONE', #196 ) ;
#2231 = CARTESIAN_POINT ( 'NONE',  ( 8.821603417041472994, -1.756865136945429118, 35.00000000000000000 ) ) ;
#2232 = ORIENTED_EDGE ( 'NONE', *, *, #2172, .T. ) ;
#2233 = CARTESIAN_POINT ( 'NONE',  ( -10.54558104984264766, 7.843165078330889273, 0.000000000000000000 ) ) ;
#2234 = CARTESIAN_POINT ( 'NONE',  ( 4.367984430937024598, -2.313817374042835606, 38.99999999999999289 ) ) ;
#2235 = CARTESIAN_POINT ( 'NONE',  ( 6.581514505582509500, -6.697169245233714818, 0.000000000000000000 ) ) ;
#2236 = CARTESIAN_POINT ( 'NONE',  ( 7.650841701702942643, -4.308681289761521427, 34.99999999999999289 ) ) ;
#2237 = LINE ( 'NONE', #1624, #2410 ) ;
#2238 = EDGE_CURVE ( 'NONE', #841, #1747, #1895, .T. ) ;
#2239 = LINE ( 'NONE', #2052, #135 ) ;
#2240 = CARTESIAN_POINT ( 'NONE',  ( -4.863746607295830415, -4.308632458986829228, 39.00000000000000711 ) ) ;
#2241 = CARTESIAN_POINT ( 'NONE',  ( -7.797360299994343436, -4.107463940651982170, 35.00000000000000000 ) ) ;
#2242 = VECTOR ( 'NONE', #668, 1000.000000000000000 ) ;
#2243 = ORIENTED_EDGE ( 'NONE', *, *, #1081, .T. ) ;
#2244 = VECTOR ( 'NONE', #1292, 1000.000000000000000 ) ;
#2245 = ORIENTED_EDGE ( 'NONE', *, *, #2021, .T. ) ;
#2246 = CARTESIAN_POINT ( 'NONE',  ( 8.076257427466986272, 10.88084797285705463, 0.000000000000000000 ) ) ;
#2247 = VERTEX_POINT ( 'NONE', #1857 ) ;
#2248 = AXIS2_PLACEMENT_3D ( 'NONE', #1019, #455, #1799 ) ;
#2249 = VECTOR ( 'NONE', #1667, 1000.000000000000000 ) ;
#2250 = CARTESIAN_POINT ( 'NONE',  ( -8.574538817827573212, -2.549393669096586379, 39.00000000000000711 ) ) ;
#2251 = CARTESIAN_POINT ( 'NONE',  ( -9.177307342847477400, 0.2407651366111361602, 35.00000000000000000 ) ) ;
#2252 = AXIS2_PLACEMENT_3D ( 'NONE', #822, #1570, #446 ) ;
#2253 = CARTESIAN_POINT ( 'NONE',  ( 0.6771084038017299855, 14.01722841864865288, 34.00000000000000000 ) ) ;
#2254 = DIRECTION ( 'NONE',  ( 0.4944464263296822204, -0.8692081059733659520, 0.000000000000000000 ) ) ;
#2255 = LINE ( 'NONE', #15, #62 ) ;
#2256 = CARTESIAN_POINT ( 'NONE',  ( 4.880456176970372262, -4.326807833918657309, 38.99999999999999289 ) ) ;
#2257 = ORIENTED_EDGE ( 'NONE', *, *, #794, .T. ) ;
#2258 = VERTEX_POINT ( 'NONE', #1296 ) ;
#2259 = ORIENTED_EDGE ( 'NONE', *, *, #2220, .F. ) ;
#2260 = DIRECTION ( 'NONE',  ( -0.4944464263296822204, 0.8692081059733659520, 0.000000000000000000 ) ) ;
#2261 = ADVANCED_FACE ( 'NONE', ( #1484 ), #681, .T. ) ;
#2262 = LINE ( 'NONE', #207, #1063 ) ;
#2263 = LINE ( 'NONE', #1320, #361 ) ;
#2264 = DIRECTION ( 'NONE',  ( 0.6325045105625273223, 0.7745566758592025147, -0.000000000000000000 ) ) ;
#2265 = CARTESIAN_POINT ( 'NONE',  ( -1.403191068375136092E-15, 14.00000000000000000, 34.00000000000000000 ) ) ;
#2266 = DIRECTION ( 'NONE',  ( 0.000000000000000000, 0.000000000000000000, -1.000000000000000000 ) ) ;
#2267 = CARTESIAN_POINT ( 'NONE',  ( -0.04403166855656050899, 15.00038968980895504, 34.99999838016959330 ) ) ;
#2268 = DIRECTION ( 'NONE',  ( 1.000000000000000000, -0.000000000000000000, 0.000000000000000000 ) ) ;
#2269 = ORIENTED_EDGE ( 'NONE', *, *, #1868, .T. ) ;
#2270 = ADVANCED_FACE ( 'NONE', ( #1995 ), #359, .T. ) ;
#2271 = EDGE_LOOP ( 'NONE', ( #1049, #269, #392, #167 ) ) ;
#2272 = CARTESIAN_POINT ( 'NONE',  ( -7.433523676207837383, -4.548602522595252218, 39.00000000000000711 ) ) ;
#2273 = VERTEX_POINT ( 'NONE', #768 ) ;
#2274 = CARTESIAN_POINT ( 'NONE',  ( -9.007021867659032566, -1.055406063466520994, 35.00000000000000000 ) ) ;
#2275 = CARTESIAN_POINT ( 'NONE',  ( -8.617523936094801940, -2.427317658885335128, 35.00000000000000000 ) ) ;
#2276 = FACE_OUTER_BOUND ( 'NONE', #2271, .T. ) ;
#2277 = CARTESIAN_POINT ( 'NONE',  ( 5.119587549425325790, -4.556025653300343592, 39.00000000000000711 ) ) ;
#2278 = FACE_OUTER_BOUND ( 'NONE', #2353, .T. ) ;
#2279 = PLANE ( 'NONE',  #2330 ) ;
#2280 = ORIENTED_EDGE ( 'NONE', *, *, #1760, .T. ) ;
#2281 = VERTEX_POINT ( 'NONE', #2175 ) ;
#2282 = ORIENTED_EDGE ( 'NONE', *, *, #1889, .T. ) ;
#2283 = DIRECTION ( 'NONE',  ( -0.000000000000000000, -0.000000000000000000, -1.000000000000000000 ) ) ;
#2284 = CARTESIAN_POINT ( 'NONE',  ( 8.439844061648317464, 10.52619793188147312, 8.000000000000000000 ) ) ;
#2285 = VECTOR ( 'NONE', #270, 1000.000000000000000 ) ;
#2286 = CARTESIAN_POINT ( 'NONE',  ( 7.331085140517529020, 11.52260324961496707, 35.00000000000000000 ) ) ;
#2287 = VECTOR ( 'NONE', #1305, 1000.000000000000000 ) ;
#2288 = CARTESIAN_POINT ( 'NONE',  ( -9.333052563865587459, 10.31265984410640790, 0.000000000000000000 ) ) ;
#2289 = CARTESIAN_POINT ( 'NONE',  ( -1.403191068375136092E-15, 14.00000000000000000, 34.00000000000000000 ) ) ;
#2290 = LINE ( 'NONE', #601, #515 ) ;
#2291 = ORIENTED_EDGE ( 'NONE', *, *, #360, .F. ) ;
#2292 = FACE_OUTER_BOUND ( 'NONE', #1589, .T. ) ;
#2293 = ORIENTED_EDGE ( 'NONE', *, *, #255, .F. ) ;
#2294 = VERTEX_POINT ( 'NONE', #752 ) ;
#2295 = CARTESIAN_POINT ( 'NONE',  ( -4.000008582824346348, 16.08999999999999986, 35.00000000000000000 ) ) ;
#2296 = DIRECTION ( 'NONE',  ( 0.000000000000000000, 0.000000000000000000, -1.000000000000000000 ) ) ;
#2297 = FACE_OUTER_BOUND ( 'NONE', #730, .T. ) ;
#2298 = CARTESIAN_POINT ( 'NONE',  ( 7.431768559194570578, -4.550377231482192641, 39.00000000000000711 ) ) ;
#2299 = B_SPLINE_CURVE_WITH_KNOTS ( 'NONE', 3,
 ( #510, #1091, #345, #1254 ),
 .UNSPECIFIED., .F., .F.,
 ( 4, 4 ),
 ( 0.6796834214008264929, 0.8651634705614208443 ),
 .UNSPECIFIED. ) ;
#2300 = EDGE_CURVE ( 'NONE', #438, #517, #2237, .T. ) ;
#2301 = CARTESIAN_POINT ( 'NONE',  ( -5.127012422650087053, -4.562332253424794537, 39.00000000000000711 ) ) ;
#2302 = CARTESIAN_POINT ( 'NONE',  ( -4.463610432491302404, -2.139785481527252564, 0.000000000000000000 ) ) ;
#2303 = ORIENTED_EDGE ( 'NONE', *, *, #2105, .T. ) ;
#2304 = B_SPLINE_CURVE_WITH_KNOTS ( 'NONE', 3,
 ( #285, #1046, #2331, #2342 ),
 .UNSPECIFIED., .F., .F.,
 ( 4, 4 ),
 ( 0.000000000000000000, 1.000000000000000000 ),
 .UNSPECIFIED. ) ;
#2305 = CARTESIAN_POINT ( 'NONE',  ( 6.590497880048571844, -5.071434342964994180, 39.00000000000000711 ) ) ;
#2306 = ORIENTED_EDGE ( 'NONE', *, *, #326, .T. ) ;
#2307 = DIRECTION ( 'NONE',  ( 0.000000000000000000, 0.000000000000000000, -1.000000000000000000 ) ) ;
#2308 = CARTESIAN_POINT ( 'NONE',  ( -9.062707349175703087, 8.520549409186020995, 9.000000000000000000 ) ) ;
#2309 = CARTESIAN_POINT ( 'NONE',  ( 8.821576720846140418, -1.756966120516439300, 39.00000000000000711 ) ) ;
#2310 =( LENGTH_UNIT ( ) NAMED_UNIT ( * ) SI_UNIT ( .MILLI., .METRE. ) );
#2311 = EDGE_CURVE ( 'NONE', #545, #804, #1635, .T. ) ;
#2312 = DIRECTION ( 'NONE',  ( -0.000000000000000000, 0.000000000000000000, -1.000000000000000000 ) ) ;
#2313 = B_SPLINE_CURVE_WITH_KNOTS ( 'NONE', 3,
 ( #351, #1599, #2165, #483 ),
 .UNSPECIFIED., .F., .F.,
 ( 4, 4 ),
 ( 0.1136229433174294062, 0.3069727961209980927 ),
 .UNSPECIFIED. ) ;
#2314 = CARTESIAN_POINT ( 'NONE',  ( -9.402307648830120712, 1.811482947691793077, 39.00000000000000711 ) ) ;
#2315 = VERTEX_POINT ( 'NONE', #2426 ) ;
#2316 = EDGE_CURVE ( 'NONE', #924, #2315, #687, .T. ) ;
#2317 = FACE_OUTER_BOUND ( 'NONE', #20, .T. ) ;
#2318 = B_SPLINE_CURVE_WITH_KNOTS ( 'NONE', 3,
 ( #1658, #544, #1818, #1647 ),
 .UNSPECIFIED., .F., .F.,
 ( 4, 4 ),
 ( 0.4020355206276443605, 0.5214390961143637870 ),
 .UNSPECIFIED. ) ;
#2319 = EDGE_LOOP ( 'NONE', ( #1262, #1004 ) ) ;
#2320 = CARTESIAN_POINT ( 'NONE',  ( 7.015738108521260230, 9.102039423941683083, 0.000000000000000000 ) ) ;
#2321 = PRODUCT ( 'EDM Wire Bumper', 'EDM Wire Bumper', '', ( #2113 ) ) ;
#2322 = CARTESIAN_POINT ( 'NONE',  ( 6.751982433223287394, 15.33550374119039894, 0.000000000000000000 ) ) ;
#2323 = CARTESIAN_POINT ( 'NONE',  ( 4.000000003133249216, 19.08999999999999986, 8.000000000000000000 ) ) ;
#2324 = CARTESIAN_POINT ( 'NONE',  ( 8.593339473894499037, -2.496861053019556298, 34.99999999999998579 ) ) ;
#2325 = DIRECTION ( 'NONE',  ( -1.000000000000000000, 0.000000000000000000, -0.000000000000000000 ) ) ;
#2326 = VECTOR ( 'NONE', #1342, 1000.000000000000000 ) ;
#2327 = VECTOR ( 'NONE', #1066, 1000.000000000000000 ) ;
#2328 = LINE ( 'NONE', #1763, #1611 ) ;
#2329 = CARTESIAN_POINT ( 'NONE',  ( -8.574538807074251423, -2.549393699159660187, 39.00000000000000711 ) ) ;
#2330 = AXIS2_PLACEMENT_3D ( 'NONE', #16, #1340, #1123 ) ;
#2331 = CARTESIAN_POINT ( 'NONE',  ( -8.533495370010015790, 14.66982344134394012, 0.000000000000000000 ) ) ;
#2332 = CARTESIAN_POINT ( 'NONE',  ( 4.000000003133249216, 16.08999999999999986, 0.000000000000000000 ) ) ;
#2333 = ORIENTED_EDGE ( 'NONE', *, *, #2193, .F. ) ;
#2334 = CARTESIAN_POINT ( 'NONE',  ( -8.533495370010015790, 14.66982344134394012, 8.000000000000000000 ) ) ;
#2335 = EDGE_LOOP ( 'NONE', ( #658, #1196, #1825, #1782, #1902, #1275, #232 ) ) ;
#2336 = CARTESIAN_POINT ( 'NONE',  ( -6.375566889108257307, -5.079014286825509927, 35.00000000000000000 ) ) ;
#2337 = CARTESIAN_POINT ( 'NONE',  ( 7.641934006341973173, 12.45762953440257270, 0.000000000000000000 ) ) ;
#2338 = CARTESIAN_POINT ( 'NONE',  ( 8.551814792638083418, -2.610947255762277930, 34.99999999999998579 ) ) ;
#2339 = EDGE_CURVE ( 'NONE', #1991, #1846, #386, .T. ) ;
#2340 = PERSON_AND_ORGANIZATION ( #119, #1237 ) ;
#2341 = CARTESIAN_POINT ( 'NONE',  ( 7.546359131778054063, -4.434250897904339794, 35.00000000000000000 ) ) ;
#2342 = CARTESIAN_POINT ( 'NONE',  ( -8.997943794044806154, 11.55304009430210144, 0.000000000000000000 ) ) ;
#2343 = VERTEX_POINT ( 'NONE', #2251 ) ;
#2344 = EDGE_CURVE ( 'NONE', #1627, #2367, #1330, .T. ) ;
#2345 = VERTEX_POINT ( 'NONE', #1985 ) ;
#2346 = CARTESIAN_POINT ( 'NONE',  ( 4.263888127551648921, -2.650209835216543297, 34.99999999999999289 ) ) ;
#2347 = CARTESIAN_POINT ( 'NONE',  ( -9.503507528675925187, 9.444716115457950423, 8.000000000000000000 ) ) ;
#2348 = CARTESIAN_POINT ( 'NONE',  ( 9.090828567712962993, 8.567292457999021948, 38.99999999999999289 ) ) ;
#2349 = APPROVAL_DATE_TIME ( #2371, #651 ) ;
#2350 = EDGE_CURVE ( 'NONE', #1109, #880, #562, .T. ) ;
#2351 = CARTESIAN_POINT ( 'NONE',  ( 9.669076645527232117, 4.573258184507072777, 0.000000000000000000 ) ) ;
#2352 = CARTESIAN_POINT ( 'NONE',  ( 8.297032112174555607, 9.918088025809083774, 35.00000000000000000 ) ) ;
#2353 = EDGE_LOOP ( 'NONE', ( #1304, #380, #158, #2205 ) ) ;
#2354 = CARTESIAN_POINT ( 'NONE',  ( -8.617523936031227905, -2.427317659068776390, 39.00000000000000711 ) ) ;
#2355 = VERTEX_POINT ( 'NONE', #1698 ) ;
#2356 = EDGE_CURVE ( 'NONE', #980, #1627, #2071, .T. ) ;
#2357 = ORIENTED_EDGE ( 'NONE', *, *, #1349, .T. ) ;
#2358 = CARTESIAN_POINT ( 'NONE',  ( 7.641934006341973173, 12.45762953440257270, 8.000000000000000000 ) ) ;
#2359 = CARTESIAN_POINT ( 'NONE',  ( 8.572859968725147439, -2.554008870766381722, 34.99999999999998579 ) ) ;
#2360 = COORDINATED_UNIVERSAL_TIME_OFFSET ( 8, 0, .BEHIND. ) ;
#2361 = EDGE_CURVE ( 'NONE', #1228, #545, #1016, .T. ) ;
#2362 = AXIS2_PLACEMENT_3D ( 'NONE', #776, #419, #1695 ) ;
#2363 = CARTESIAN_POINT ( 'NONE',  ( -8.618415672381555481, -2.424729041527462048, 39.00000000000000711 ) ) ;
#2364 = CARTESIAN_POINT ( 'NONE',  ( 9.177312422554225080, 0.2408045793084823694, 38.99999999999999289 ) ) ;
#2365 = VECTOR ( 'NONE', #286, 1000.000000000000227 ) ;
#2366 = CARTESIAN_POINT ( 'NONE',  ( 4.022507431045056592, 13.45848159023423740, 34.00000000000000000 ) ) ;
#2367 = VERTEX_POINT ( 'NONE', #1811 ) ;
#2368 = AXIS2_PLACEMENT_3D ( 'NONE', #138, #2264, #1424 ) ;
#2369 = ORIENTED_EDGE ( 'NONE', *, *, #1036, .T. ) ;
#2370 = CARTESIAN_POINT ( 'NONE',  ( 9.007008715937448784, -1.055518066089508045, 35.00000000000000000 ) ) ;
#2371 = DATE_AND_TIME ( #1230, #1404 ) ;
#2372 = EDGE_CURVE ( 'NONE', #1722, #806, #1727, .T. ) ;
#2373 = CARTESIAN_POINT ( 'NONE',  ( -4.000014465911071682, 16.08999640452315560, 8.000000000000000000 ) ) ;
#2374 = CARTESIAN_POINT ( 'NONE',  ( 4.000019632753994081, 13.46642539127314109, 35.00000000000000000 ) ) ;
#2375 = EDGE_CURVE ( 'NONE', #545, #804, #238, .T. ) ;
#2376 = CARTESIAN_POINT ( 'NONE',  ( -6.375567165493638555, -5.079014278926676340, 39.00000000000000711 ) ) ;
#2377 = ORIENTED_EDGE ( 'NONE', *, *, #609, .T. ) ;
#2378 = DIRECTION ( 'NONE',  ( -0.000000000000000000, -0.000000000000000000, -1.000000000000000000 ) ) ;
#2379 = ORIENTED_EDGE ( 'NONE', *, *, #1283, .T. ) ;
#2380 = ORIENTED_EDGE ( 'NONE', *, *, #1664, .T. ) ;
#2381 = DIRECTION ( 'NONE',  ( 1.000000000000000000, 0.000000000000000000, 0.000000000000000000 ) ) ;
#2382 = EDGE_LOOP ( 'NONE', ( #2369, #111, #763, #1136, #920 ) ) ;
#2383 = COORDINATED_UNIVERSAL_TIME_OFFSET ( 8, 0, .BEHIND. ) ;
#2384 = CARTESIAN_POINT ( 'NONE',  ( -3.381281608112792547, 13.66528471226182262, 35.00000000000000711 ) ) ;
#2385 = CARTESIAN_POINT ( 'NONE',  ( -7.641945204098258060, 12.45762266531077600, 8.000000000000000000 ) ) ;
#2386 = ADVANCED_FACE ( 'NONE', ( #2276 ), #1906, .F. ) ;
#2387 = B_SPLINE_SURFACE_WITH_KNOTS ( 'NONE', 3, 1, ( 
 ( #1569, #635 ),
 ( #456, #833 ),
 ( #649, #2233 ),
 ( #1721, #1510 ),
 ( #1945, #1769 ),
 ( #617, #659 ),
 ( #1544, #1358 ),
 ( #1463, #1428 ) ),
 .UNSPECIFIED., .F., .F., .F.,
 ( 4, 1, 1, 1, 1, 4 ),
 ( 2, 2 ),
 ( 0.000000000000000000, 0.5307770100682269732, 0.6281481501307899507, 0.7380413842098489940, 0.8649242606426149615, 1.000000000000000000 ),
 ( 0.000000000000000000, 1.000000000000000000 ),
 .UNSPECIFIED. ) ;
#2388 = CARTESIAN_POINT ( 'NONE',  ( -7.687682583827447402, -4.263654830161687670, 39.00000000000000711 ) ) ;
#2389 = ORIENTED_EDGE ( 'NONE', *, *, #2144, .F. ) ;
#2390 = LINE ( 'NONE', #1836, #1374 ) ;
#2391 = CARTESIAN_POINT ( 'NONE',  ( 4.000000003133249216, 15.08999999999999986, 35.00000000000000000 ) ) ;
#2392 = ORIENTED_EDGE ( 'NONE', *, *, #267, .F. ) ;
#2393 = EDGE_CURVE ( 'NONE', #1807, #924, #2100, .T. ) ;
#2394 = CARTESIAN_POINT ( 'NONE',  ( 4.880463454490772790, -4.326801117939689689, 39.00000000000000711 ) ) ;
#2395 = VERTEX_POINT ( 'NONE', #1938 ) ;
#2396 = CARTESIAN_POINT ( 'NONE',  ( 6.502737300916392016, 17.31249854897099283, 8.000000000000000000 ) ) ;
#2397 = B_SPLINE_CURVE_WITH_KNOTS ( 'NONE', 3,
 ( #1930, #2329, #2130, #2354, #670 ),
 .UNSPECIFIED., .F., .F.,
 ( 4, 1, 4 ),
 ( 0.2519833993186768040, 0.2581659237885902125, 0.2584390795896062132 ),
 .UNSPECIFIED. ) ;
#2398 = CARTESIAN_POINT ( 'NONE',  ( 9.640475699813508825, 5.390664269920724117, 35.00000000000000000 ) ) ;
#2399 = CARTESIAN_POINT ( 'NONE',  ( 5.119587549425325790, -4.556025653300343592, 39.00000000000000711 ) ) ;
#2400 = ADVANCED_FACE ( 'NONE', ( #258 ), #1759, .F. ) ;
#2401 = AXIS2_PLACEMENT_3D ( 'NONE', #546, #2219, #2260 ) ;
#2402 = CARTESIAN_POINT ( 'NONE',  ( -7.331346367977190859, 11.52238107136507672, 39.00000000000000711 ) ) ;
#2403 = ORIENTED_EDGE ( 'NONE', *, *, #1381, .F. ) ;
#2404 = LINE ( 'NONE', #331, #629 ) ;
#2405 = CARTESIAN_POINT ( 'NONE',  ( 9.712385753997574867, 4.198038965563446467, 35.00000000000000000 ) ) ;
#2406 = ORIENTED_EDGE ( 'NONE', *, *, #907, .F. ) ;
#2407 = VERTEX_POINT ( 'NONE', #1372 ) ;
#2408 = CARTESIAN_POINT ( 'NONE',  ( -7.331085140517530796, 11.52260324961497062, 35.00000000000000000 ) ) ;
#2409 = ORIENTED_EDGE ( 'NONE', *, *, #1687, .F. ) ;
#2410 = VECTOR ( 'NONE', #184, 1000.000000000000000 ) ;
#2411 = ADVANCED_FACE ( 'NONE', ( #1925 ), #997, .F. ) ;
#2412 = CARTESIAN_POINT ( 'NONE',  ( -2.717300174330506302, 13.82001327666189638, 35.00000000000000711 ) ) ;
#2413 = B_SPLINE_CURVE_WITH_KNOTS ( 'NONE', 3,
 ( #985, #49, #2111, #64, #1160, #1331, #2088, #788, #431, #410 ),
 .UNSPECIFIED., .F., .F.,
 ( 4, 2, 2, 2, 4 ),
 ( 0.000000000000000000, 0.0004008658368077183112, 0.0008017316736154366224, 0.001202597510423154825, 0.001603463347230873245 ),
 .UNSPECIFIED. ) ;
#2414 = CARTESIAN_POINT ( 'NONE',  ( 0.000000000000000000, 0.000000000000000000, 35.00000000000000000 ) ) ;
#2415 = B_SPLINE_CURVE_WITH_KNOTS ( 'NONE', 1,
 ( #1116, #960 ),
 .UNSPECIFIED., .F., .F.,
 ( 2, 2 ),
 ( 0.000000000000000000, 1.000000000000000000 ),
 .UNSPECIFIED. ) ;
#2416 = CARTESIAN_POINT ( 'NONE',  ( 8.593339461536492863, -2.496861087783466715, 34.99999999999999289 ) ) ;
#2417 = ORIENTED_EDGE ( 'NONE', *, *, #33, .F. ) ;
#2418 = LINE ( 'NONE', #1476, #2041 ) ;
#2419 = DIRECTION ( 'NONE',  ( 0.4944464263296822204, 0.8692081059733659520, 0.000000000000000000 ) ) ;
#2420 = ORIENTED_EDGE ( 'NONE', *, *, #623, .F. ) ;
#2421 = VERTEX_POINT ( 'NONE', #79 ) ;
#2422 = CARTESIAN_POINT ( 'NONE',  ( 7.611363284069402546, 10.64137413971365653, 0.000000000000000000 ) ) ;
#2423 = ORIENTED_EDGE ( 'NONE', *, *, #1010, .F. ) ;
#2424 = CARTESIAN_POINT ( 'NONE',  ( -3.381281608240827019, 13.66528471281160151, 34.00000000000000000 ) ) ;
#2425 = ORIENTED_EDGE ( 'NONE', *, *, #1351, .F. ) ;
#2426 = CARTESIAN_POINT ( 'NONE',  ( 7.747144656287463071, -4.177443844307137333, 35.00000000000000000 ) ) ;
#2427 = EDGE_CURVE ( 'NONE', #880, #390, #975, .T. ) ;
#2428 = CARTESIAN_POINT ( 'NONE',  ( -6.365282485708308791, -5.079308204245683633, 39.00000000000000711 ) ) ;
#2429 = EDGE_CURVE ( 'NONE', #536, #2345, #2173, .T. ) ;
ENDSEC;
END-ISO-10303-21;
