ISO-10303-21;
HEADER;
FILE_DESCRIPTION (( 'STEP AP203' ),
    '1' );
FILE_NAME ('EDM Brake_Motor_Mount_Plate.STEP',
    '2026-05-30T22:17:37',
    ( '' ),
    ( '' ),
    'SwSTEP 2.0',
    'SolidWorks 2024',
    '' );
FILE_SCHEMA (( 'CONFIG_CONTROL_DESIGN' ));
ENDSEC;

DATA;
#1 = CARTESIAN_POINT ( 'NONE',  ( 36.99999999999999289, -0.2500000000000002220, -1.000000000000000000 ) ) ;
#2 = CARTESIAN_POINT ( 'NONE',  ( -36.99999999999999289, -0.2500000000000002220, 3.000000000000000000 ) ) ;
#3 = AXIS2_PLACEMENT_3D ( 'NONE', #1265, #963, #76 ) ;
#4 = COORDINATED_UNIVERSAL_TIME_OFFSET ( 8, 0, .BEHIND. ) ;
#5 = TOROIDAL_SURFACE ( 'NONE', #842, 3.500000000000002665, 1.000000000000000000 ) ;
#6 = VERTEX_POINT ( 'NONE', #1566 ) ;
#7 = DIRECTION ( 'NONE',  ( 1.000000000000000000, 0.000000000000000000, 0.000000000000000000 ) ) ;
#8 = VECTOR ( 'NONE', #640, 1000.000000000000000 ) ;
#9 = EDGE_LOOP ( 'NONE', ( #327, #1361, #1425, #344 ) ) ;
#10 = FACE_OUTER_BOUND ( 'NONE', #1045, .T. ) ;
#11 = AXIS2_PLACEMENT_3D ( 'NONE', #151, #1379, #598 ) ;
#12 = AXIS2_PLACEMENT_3D ( 'NONE', #1216, #917, #1666 ) ;
#13 = EDGE_CURVE ( 'NONE', #1408, #906, #1383, .T. ) ;
#14 = ADVANCED_FACE ( 'NONE', ( #664 ), #1229, .F. ) ;
#15 = DIRECTION ( 'NONE',  ( 0.000000000000000000, -0.000000000000000000, -1.000000000000000000 ) ) ;
#16 = CIRCLE ( 'NONE', #419, 2.500000000000002220 ) ;
#17 = VERTEX_POINT ( 'NONE', #224 ) ;
#18 = DIRECTION ( 'NONE',  ( 1.000000000000000000, 0.000000000000000000, 0.000000000000000000 ) ) ;
#19 = ORIENTED_EDGE ( 'NONE', *, *, #296, .T. ) ;
#20 = CARTESIAN_POINT ( 'NONE',  ( 36.99999999999999289, 17.75000000000000000, -1.000000000000000000 ) ) ;
#21 = EDGE_CURVE ( 'NONE', #1015, #1062, #1844, .T. ) ;
#22 = DIRECTION ( 'NONE',  ( 0.000000000000000000, 0.000000000000000000, -1.000000000000000000 ) ) ;
#23 = EDGE_LOOP ( 'NONE', ( #235, #1215, #157, #472 ) ) ;
#24 = CARTESIAN_POINT ( 'NONE',  ( -4.250000000000000000, 3.750000000000000444, -1.000000000000000000 ) ) ;
#25 = EDGE_CURVE ( 'NONE', #1353, #1763, #1865, .T. ) ;
#26 = ORIENTED_EDGE ( 'NONE', *, *, #1160, .T. ) ;
#27 = DIRECTION ( 'NONE',  ( 1.000000000000000000, 0.000000000000000000, 0.000000000000000000 ) ) ;
#28 = ORIENTED_EDGE ( 'NONE', *, *, #89, .F. ) ;
#29 = LINE ( 'NONE', #1363, #1305 ) ;
#30 = AXIS2_PLACEMENT_3D ( 'NONE', #669, #1574, #688 ) ;
#31 = ORIENTED_EDGE ( 'NONE', *, *, #1809, .F. ) ;
#32 = CARTESIAN_POINT ( 'NONE',  ( 35.49999999999999289, 17.75000000000000000, 3.000000000000000000 ) ) ;
#33 = EDGE_CURVE ( 'NONE', #614, #1522, #1025, .T. ) ;
#34 = VERTEX_POINT ( 'NONE', #1302 ) ;
#35 = DIRECTION ( 'NONE',  ( 1.000000000000000000, 0.000000000000000000, 0.000000000000000000 ) ) ;
#36 = CIRCLE ( 'NONE', #771, 1.500000000000001332 ) ;
#37 = ORIENTED_EDGE ( 'NONE', *, *, #912, .T. ) ;
#38 = AXIS2_PLACEMENT_3D ( 'NONE', #1406, #78, #1557 ) ;
#39 = DIRECTION ( 'NONE',  ( 0.000000000000000000, 0.000000000000000000, 1.000000000000000000 ) ) ;
#40 = AXIS2_PLACEMENT_3D ( 'NONE', #1442, #854, #95 ) ;
#41 = ORIENTED_EDGE ( 'NONE', *, *, #698, .F. ) ;
#42 = CARTESIAN_POINT ( 'NONE',  ( 0.000000000000000000, 0.000000000000000000, -1.000000000000000000 ) ) ;
#43 = ADVANCED_FACE ( 'NONE', ( #884 ), #279, .T. ) ;
#44 = ORIENTED_EDGE ( 'NONE', *, *, #662, .F. ) ;
#45 = DIRECTION ( 'NONE',  ( 0.000000000000000000, 0.000000000000000000, -1.000000000000000000 ) ) ;
#46 = ORIENTED_EDGE ( 'NONE', *, *, #646, .T. ) ;
#47 = CARTESIAN_POINT ( 'NONE',  ( 19.99999999999999289, -19.25000000000000000, -1.000000000000000000 ) ) ;
#48 = CARTESIAN_POINT ( 'NONE',  ( 17.49999999999999289, 18.75000000000000000, -4.400000000000000355 ) ) ;
#49 = ORIENTED_EDGE ( 'NONE', *, *, #436, .F. ) ;
#50 = LINE ( 'NONE', #345, #406 ) ;
#51 = ORIENTED_EDGE ( 'NONE', *, *, #484, .T. ) ;
#52 = CARTESIAN_POINT ( 'NONE',  ( 35.49999999999999289, 17.75000000000000000, -1.000000000000000000 ) ) ;
#53 = DIRECTION ( 'NONE',  ( 0.000000000000000000, -1.000000000000000000, 0.000000000000000000 ) ) ;
#54 = ORIENTED_EDGE ( 'NONE', *, *, #637, .F. ) ;
#55 = DIRECTION ( 'NONE',  ( -0.000000000000000000, 0.000000000000000000, 1.000000000000000000 ) ) ;
#56 = EDGE_CURVE ( 'NONE', #1128, #1907, #999, .T. ) ;
#57 = CARTESIAN_POINT ( 'NONE',  ( 0.000000000000000000, 3.750000000000000000, -1.000000000000000000 ) ) ;
#58 = ORIENTED_EDGE ( 'NONE', *, *, #1205, .F. ) ;
#59 = CARTESIAN_POINT ( 'NONE',  ( -22.50000000000000000, 18.75000000000000000, -2.000000000000000000 ) ) ;
#60 = ORIENTED_EDGE ( 'NONE', *, *, #929, .F. ) ;
#61 = CARTESIAN_POINT ( 'NONE',  ( 18.59406503568220970, -7.695257033880125164, -1.000000000000000000 ) ) ;
#62 = AXIS2_PLACEMENT_3D ( 'NONE', #525, #1266, #1099 ) ;
#63 = ORIENTED_EDGE ( 'NONE', *, *, #1320, .T. ) ;
#64 = DIRECTION ( 'NONE',  ( 0.000000000000000000, 0.000000000000000000, -1.000000000000000000 ) ) ;
#65 = CARTESIAN_POINT ( 'NONE',  ( 19.99999999999999289, -19.25000000000000000, -4.400000000000000355 ) ) ;
#66 = ADVANCED_FACE ( 'NONE', ( #1899 ), #547, .T. ) ;
#67 = DIRECTION ( 'NONE',  ( 0.000000000000000000, 0.000000000000000000, 1.000000000000000000 ) ) ;
#68 = CIRCLE ( 'NONE', #474, 1.449999999999999956 ) ;
#69 = ORIENTED_EDGE ( 'NONE', *, *, #1301, .T. ) ;
#70 = CARTESIAN_POINT ( 'NONE',  ( -35.50000000000000000, -0.2500000000000002220, -1.000000000000000000 ) ) ;
#71 = CIRCLE ( 'NONE', #1836, 2.500000000000002220 ) ;
#72 = ORIENTED_EDGE ( 'NONE', *, *, #920, .T. ) ;
#73 = CARTESIAN_POINT ( 'NONE',  ( 23.49999999999999645, -19.25000000000000000, -1.000000000000000000 ) ) ;
#74 = ORIENTED_EDGE ( 'NONE', *, *, #470, .F. ) ;
#75 = CARTESIAN_POINT ( 'NONE',  ( 19.99999999999999289, -19.25000000000000000, -4.400000000000000355 ) ) ;
#76 = DIRECTION ( 'NONE',  ( 1.000000000000000000, 0.000000000000000000, 0.000000000000000000 ) ) ;
#77 = CARTESIAN_POINT ( 'NONE',  ( 19.99999999999999289, -19.25000000000000000, -2.000000000000000000 ) ) ;
#78 = DIRECTION ( 'NONE',  ( -0.000000000000000000, 0.000000000000000000, 1.000000000000000000 ) ) ;
#79 = CARTESIAN_POINT ( 'NONE',  ( 36.99999999999999289, -0.2500000000000002220, -1.000000000000000000 ) ) ;
#80 = ORIENTED_EDGE ( 'NONE', *, *, #128, .T. ) ;
#81 = ADVANCED_FACE ( 'NONE', ( #1002, #1608, #1283, #396, #99, #691, #264, #556, #1133, #876, #719, #858, #988 ), #566, .F. ) ;
#82 = DIRECTION ( 'NONE',  ( -0.000000000000000000, 0.000000000000000000, 1.000000000000000000 ) ) ;
#83 = ORIENTED_EDGE ( 'NONE', *, *, #1182, .F. ) ;
#84 = PLANE ( 'NONE',  #311 ) ;
#85 = CARTESIAN_POINT ( 'NONE',  ( 0.000000000000000000, 11.62500000000000000, -1.000000000000000000 ) ) ;
#86 = LINE ( 'NONE', #1864, #1479 ) ;
#87 = ORIENTED_EDGE ( 'NONE', *, *, #1080, .T. ) ;
#88 = DIRECTION ( 'NONE',  ( 0.000000000000000000, 0.000000000000000000, 1.000000000000000000 ) ) ;
#89 = EDGE_CURVE ( 'NONE', #1789, #633, #1053, .T. ) ;
#90 = ORIENTED_EDGE ( 'NONE', *, *, #912, .F. ) ;
#91 = LINE ( 'NONE', #356, #1779 ) ;
#92 = ORIENTED_EDGE ( 'NONE', *, *, #1569, .F. ) ;
#93 = AXIS2_PLACEMENT_3D ( 'NONE', #974, #514, #1107 ) ;
#94 = ADVANCED_FACE ( 'NONE', ( #255 ), #1155, .T. ) ;
#95 = DIRECTION ( 'NONE',  ( -1.000000000000000000, 0.000000000000000000, 0.000000000000000000 ) ) ;
#96 = CARTESIAN_POINT ( 'NONE',  ( 17.49999999999999289, 18.75000000000000000, -2.000000000000000000 ) ) ;
#97 = CARTESIAN_POINT ( 'NONE',  ( 19.99999999999999289, 18.75000000000000000, -4.400000000000000355 ) ) ;
#98 = AXIS2_PLACEMENT_3D ( 'NONE', #1684, #213, #805 ) ;
#99 = FACE_BOUND ( 'NONE', #166, .T. ) ;
#100 = ORIENTED_EDGE ( 'NONE', *, *, #1418, .F. ) ;
#101 = CARTESIAN_POINT ( 'NONE',  ( 23.49999999999999645, -19.25000000000000000, -2.000000000000000000 ) ) ;
#102 = PERSON_AND_ORGANIZATION ( #864, #1227 ) ;
#103 = CIRCLE ( 'NONE', #1005, 1.450000000000000178 ) ;
#104 = EDGE_CURVE ( 'NONE', #1353, #522, #1294, .T. ) ;
#105 = ORIENTED_EDGE ( 'NONE', *, *, #1832, .F. ) ;
#106 = CARTESIAN_POINT ( 'NONE',  ( -38.49999999999998579, -0.2500000000000000555, -1.000000000000000000 ) ) ;
#107 = AXIS2_PLACEMENT_3D ( 'NONE', #1167, #424, #1473 ) ;
#108 = CARTESIAN_POINT ( 'NONE',  ( 0.000000000000000000, -4.125000000000000000, -1.000000000000000000 ) ) ;
#109 = DIRECTION ( 'NONE',  ( -1.000000000000000000, 0.000000000000000000, 0.000000000000000000 ) ) ;
#110 = DIRECTION ( 'NONE',  ( 0.000000000000000000, 0.000000000000000000, 1.000000000000000000 ) ) ;
#111 = DIRECTION ( 'NONE',  ( 0.000000000000000000, 0.000000000000000000, 1.000000000000000000 ) ) ;
#112 = ORIENTED_EDGE ( 'NONE', *, *, #816, .F. ) ;
#113 = CARTESIAN_POINT ( 'NONE',  ( 22.49999999999999645, -19.25000000000000000, -2.000000000000000000 ) ) ;
#114 = CALENDAR_DATE ( 2026, 30, 5 ) ;
#115 = VERTEX_POINT ( 'NONE', #729 ) ;
#116 = DIRECTION ( 'NONE',  ( 0.000000000000000000, 0.000000000000000000, 1.000000000000000000 ) ) ;
#117 = EDGE_CURVE ( 'NONE', #610, #522, #1312, .T. ) ;
#118 = DIRECTION ( 'NONE',  ( 0.000000000000000000, -1.000000000000000000, 0.000000000000000000 ) ) ;
#119 = CARTESIAN_POINT ( 'NONE',  ( -39.99999999999999289, 0.000000000000000000, -1.000000000000000000 ) ) ;
#120 = ORIENTED_EDGE ( 'NONE', *, *, #385, .T. ) ;
#121 = CARTESIAN_POINT ( 'NONE',  ( 19.99999999999999289, -19.25000000000000000, -4.400000000000000355 ) ) ;
#122 = VERTEX_POINT ( 'NONE', #587 ) ;
#123 = CARTESIAN_POINT ( 'NONE',  ( -1.449999999999999956, 11.62500000000000000, 3.000000000000000000 ) ) ;
#124 = EDGE_CURVE ( 'NONE', #380, #17, #1831, .T. ) ;
#125 = CIRCLE ( 'NONE', #438, 1.399999999999998579 ) ;
#126 = DIRECTION ( 'NONE',  ( 0.000000000000000000, 0.000000000000000000, 1.000000000000000000 ) ) ;
#127 = CARTESIAN_POINT ( 'NONE',  ( -18.59999999999999432, 18.75000000000000000, -4.400000000000000355 ) ) ;
#128 = EDGE_CURVE ( 'NONE', #1036, #1211, #1750, .T. ) ;
#129 = ORIENTED_EDGE ( 'NONE', *, *, #1405, .F. ) ;
#130 = FACE_OUTER_BOUND ( 'NONE', #175, .T. ) ;
#131 = CIRCLE ( 'NONE', #159, 1.399999999999998579 ) ;
#132 = ORIENTED_EDGE ( 'NONE', *, *, #1119, .T. ) ;
#133 = CARTESIAN_POINT ( 'NONE',  ( -36.99999999999999289, -0.2500000000000002220, -1.000000000000000000 ) ) ;
#134 = AXIS2_PLACEMENT_3D ( 'NONE', #336, #786, #925 ) ;
#135 = AXIS2_PLACEMENT_3D ( 'NONE', #1420, #1880, #1709 ) ;
#136 = CARTESIAN_POINT ( 'NONE',  ( 19.99999999999999289, -19.25000000000000000, -1.000000000000000000 ) ) ;
#137 = CARTESIAN_POINT ( 'NONE',  ( 19.99999999999999289, -19.25000000000000000, -4.400000000000000355 ) ) ;
#138 = EDGE_LOOP ( 'NONE', ( #1438, #1853 ) ) ;
#139 = CARTESIAN_POINT ( 'NONE',  ( -4.250000000000000000, 3.750000000000000444, -1.000000000000000000 ) ) ;
#140 = APPROVAL ( #1238, 'UNSPECIFIED' ) ;
#141 = EDGE_CURVE ( 'NONE', #1723, #1811, #1313, .T. ) ;
#142 = VERTEX_POINT ( 'NONE', #1919 ) ;
#143 = CARTESIAN_POINT ( 'NONE',  ( -36.99999999999999289, 17.75000000000000000, 3.000000000000000000 ) ) ;
#144 = DIRECTION ( 'NONE',  ( -1.000000000000000000, 0.000000000000000000, 0.000000000000000000 ) ) ;
#145 =( GEOMETRIC_REPRESENTATION_CONTEXT ( 3 ) GLOBAL_UNCERTAINTY_ASSIGNED_CONTEXT ( ( #1267 ) ) GLOBAL_UNIT_ASSIGNED_CONTEXT ( ( #1780, #1881, #153 ) ) REPRESENTATION_CONTEXT ( 'NONE', 'WORKASPACE' ) );
#146 = VERTEX_POINT ( 'NONE', #576 ) ;
#147 = CARTESIAN_POINT ( 'NONE',  ( 36.99999999999999289, 17.75000000000000000, 3.000000000000000000 ) ) ;
#148 = ADVANCED_FACE ( 'NONE', ( #866 ), #1453, .F. ) ;
#149 = EDGE_LOOP ( 'NONE', ( #1656, #1020, #1094, #519 ) ) ;
#150 = AXIS2_PLACEMENT_3D ( 'NONE', #77, #395, #1256 ) ;
#151 = CARTESIAN_POINT ( 'NONE',  ( 0.000000000000000000, 3.750000000000000000, -1.000000000000000000 ) ) ;
#152 = VECTOR ( 'NONE', #67, 1000.000000000000000 ) ;
#153 =( NAMED_UNIT ( * ) SI_UNIT ( $, .STERADIAN. ) SOLID_ANGLE_UNIT ( ) );
#154 = VECTOR ( 'NONE', #1070, 1000.000000000000000 ) ;
#155 = ORIENTED_EDGE ( 'NONE', *, *, #1754, .F. ) ;
#156 = CARTESIAN_POINT ( 'NONE',  ( 36.99999999999999289, -0.2500000000000002220, 3.000000000000000000 ) ) ;
#157 = ORIENTED_EDGE ( 'NONE', *, *, #1484, .T. ) ;
#158 = EDGE_CURVE ( 'NONE', #1581, #1211, #1615, .T. ) ;
#159 = AXIS2_PLACEMENT_3D ( 'NONE', #1341, #935, #1219 ) ;
#160 = AXIS2_PLACEMENT_3D ( 'NONE', #133, #728, #742 ) ;
#161 = CIRCLE ( 'NONE', #1088, 4.250000000000000000 ) ;
#162 = ADVANCED_FACE ( 'NONE', ( #350 ), #1515, .F. ) ;
#163 = CARTESIAN_POINT ( 'NONE',  ( -17.49999999999999645, -19.25000000000000000, -4.400000000000000355 ) ) ;
#164 = AXIS2_PLACEMENT_3D ( 'NONE', #389, #1783, #1449 ) ;
#165 = DIRECTION ( 'NONE',  ( 1.000000000000000000, 0.000000000000000000, 0.000000000000000000 ) ) ;
#166 = EDGE_LOOP ( 'NONE', ( #1894, #551 ) ) ;
#167 = DIRECTION ( 'NONE',  ( -0.000000000000000000, -0.000000000000000000, -1.000000000000000000 ) ) ;
#168 = ORIENTED_EDGE ( 'NONE', *, *, #436, .T. ) ;
#169 = CARTESIAN_POINT ( 'NONE',  ( -19.99999999999999645, -19.25000000000000000, -1.000000000000000000 ) ) ;
#170 = EDGE_CURVE ( 'NONE', #1117, #1524, #1183, .T. ) ;
#171 = CARTESIAN_POINT ( 'NONE',  ( 18.59999999999999432, 18.75000000000000000, -4.400000000000000355 ) ) ;
#172 = ORIENTED_EDGE ( 'NONE', *, *, #888, .T. ) ;
#173 = FACE_OUTER_BOUND ( 'NONE', #1690, .T. ) ;
#174 = AXIS2_PLACEMENT_3D ( 'NONE', #1787, #993, #1584 ) ;
#175 = EDGE_LOOP ( 'NONE', ( #1022, #789, #1782, #28 ) ) ;
#176 = DIRECTION ( 'NONE',  ( -0.000000000000000000, 0.000000000000000000, 1.000000000000000000 ) ) ;
#177 = ORIENTED_EDGE ( 'NONE', *, *, #21, .F. ) ;
#178 = DIRECTION ( 'NONE',  ( 0.000000000000000000, 0.000000000000000000, -1.000000000000000000 ) ) ;
#179 = DATE_TIME_ROLE ( 'classification_date' ) ;
#180 = EDGE_CURVE ( 'NONE', #359, #205, #191, .T. ) ;
#181 = AXIS2_PLACEMENT_3D ( 'NONE', #108, #1589, #1851 ) ;
#182 = VERTEX_POINT ( 'NONE', #1808 ) ;
#183 = CARTESIAN_POINT ( 'NONE',  ( -21.39999999999999503, -19.25000000000000000, -4.400000000000000355 ) ) ;
#184 = AXIS2_PLACEMENT_3D ( 'NONE', #1603, #1915, #1044 ) ;
#185 = VERTEX_POINT ( 'NONE', #1512 ) ;
#186 = CARTESIAN_POINT ( 'NONE',  ( -19.99999999999999645, -19.25000000000000000, -4.400000000000000355 ) ) ;
#187 = VECTOR ( 'NONE', #1304, 1000.000000000000000 ) ;
#188 = AXIS2_PLACEMENT_3D ( 'NONE', #1878, #1027, #848 ) ;
#189 = ORIENTED_EDGE ( 'NONE', *, *, #1545, .T. ) ;
#190 = CARTESIAN_POINT ( 'NONE',  ( -21.39999999999999503, -19.25000000000000000, -4.400000000000000355 ) ) ;
#191 = CIRCLE ( 'NONE', #1906, 1.499999999999994449 ) ;
#192 = FACE_OUTER_BOUND ( 'NONE', #1659, .T. ) ;
#193 = AXIS2_PLACEMENT_3D ( 'NONE', #605, #1192, #277 ) ;
#194 = AXIS2_PLACEMENT_3D ( 'NONE', #1095, #1135, #1262 ) ;
#195 = ORIENTED_EDGE ( 'NONE', *, *, #1160, .F. ) ;
#196 = DIRECTION ( 'NONE',  ( -0.000000000000000000, -0.000000000000000000, -1.000000000000000000 ) ) ;
#197 = APPROVAL ( #1722, 'UNSPECIFIED' ) ;
#198 = ORIENTED_EDGE ( 'NONE', *, *, #784, .T. ) ;
#199 = DIRECTION ( 'NONE',  ( 1.000000000000000000, 0.000000000000000000, 0.000000000000000000 ) ) ;
#200 = DIRECTION ( 'NONE',  ( 0.000000000000000000, -0.000000000000000000, -1.000000000000000000 ) ) ;
#201 = EDGE_CURVE ( 'NONE', #1415, #465, #689, .T. ) ;
#202 = DIRECTION ( 'NONE',  ( 1.000000000000000000, 0.000000000000000000, 0.000000000000000000 ) ) ;
#203 = CARTESIAN_POINT ( 'NONE',  ( -39.99999999999999289, 0.000000000000000000, 3.000000000000000000 ) ) ;
#204 = APPROVAL_ROLE ( '' ) ;
#205 = VERTEX_POINT ( 'NONE', #1469 ) ;
#206 = DIRECTION ( 'NONE',  ( -0.000000000000000000, 0.000000000000000000, 1.000000000000000000 ) ) ;
#207 = VERTEX_POINT ( 'NONE', #607 ) ;
#208 = DIRECTION ( 'NONE',  ( 0.000000000000000000, 0.000000000000000000, 1.000000000000000000 ) ) ;
#209 = EDGE_CURVE ( 'NONE', #623, #488, #294, .T. ) ;
#210 = DIRECTION ( 'NONE',  ( -0.000000000000000000, 0.000000000000000000, 1.000000000000000000 ) ) ;
#211 = CARTESIAN_POINT ( 'NONE',  ( 36.99999999999999289, -0.2500000000000002220, -1.000000000000000000 ) ) ;
#212 = ORIENTED_EDGE ( 'NONE', *, *, #800, .F. ) ;
#213 = DIRECTION ( 'NONE',  ( 0.000000000000000000, 0.000000000000000000, 1.000000000000000000 ) ) ;
#214 = CIRCLE ( 'NONE', #1609, 1.499999999999994449 ) ;
#215 = ORIENTED_EDGE ( 'NONE', *, *, #1339, .F. ) ;
#216 = CARTESIAN_POINT ( 'NONE',  ( 0.000000000000000000, 3.750000000000000000, 3.000000000000000000 ) ) ;
#217 = CIRCLE ( 'NONE', #1827, 1.449999999999999956 ) ;
#218 = VERTEX_POINT ( 'NONE', #190 ) ;
#219 = DIRECTION ( 'NONE',  ( 1.000000000000000000, 0.000000000000000000, 0.000000000000000000 ) ) ;
#220 = PLANE ( 'NONE',  #528 ) ;
#221 = VECTOR ( 'NONE', #1140, 1000.000000000000000 ) ;
#222 = DIRECTION ( 'NONE',  ( -1.000000000000000000, -1.398970545142586541E-16, 0.000000000000000000 ) ) ;
#223 = EDGE_CURVE ( 'NONE', #1789, #6, #1549, .T. ) ;
#224 = CARTESIAN_POINT ( 'NONE',  ( -7.924999999999999822, 3.750000000000000000, 3.000000000000000000 ) ) ;
#225 = DIRECTION ( 'NONE',  ( 0.000000000000000000, 0.000000000000000000, 1.000000000000000000 ) ) ;
#226 = CIRCLE ( 'NONE', #905, 3.500000000000003109 ) ;
#227 = CIRCLE ( 'NONE', #376, 3.500000000000003109 ) ;
#228 = ORIENTED_EDGE ( 'NONE', *, *, #708, .T. ) ;
#229 = CARTESIAN_POINT ( 'NONE',  ( -18.59999999999999787, -19.25000000000000000, -1.000000000000000000 ) ) ;
#230 = EDGE_LOOP ( 'NONE', ( #1891, #168 ) ) ;
#231 = CARTESIAN_POINT ( 'NONE',  ( 8.971198273083001962E-16, -7.695257033880126940, -1.000000000000000000 ) ) ;
#232 = DIRECTION ( 'NONE',  ( 0.000000000000000000, 0.000000000000000000, -1.000000000000000000 ) ) ;
#233 = CARTESIAN_POINT ( 'NONE',  ( 0.000000000000000000, -22.75000000000000000, -1.000000000000000000 ) ) ;
#234 = EDGE_CURVE ( 'NONE', #871, #507, #891, .T. ) ;
#235 = ORIENTED_EDGE ( 'NONE', *, *, #852, .F. ) ;
#236 = DIRECTION ( 'NONE',  ( -1.000000000000000000, 0.000000000000000000, 0.000000000000000000 ) ) ;
#237 = VERTEX_POINT ( 'NONE', #790 ) ;
#238 = DIRECTION ( 'NONE',  ( -0.000000000000000000, 0.000000000000000000, 1.000000000000000000 ) ) ;
#239 = ORIENTED_EDGE ( 'NONE', *, *, #531, .T. ) ;
#240 = DIRECTION ( 'NONE',  ( 0.000000000000000000, 0.000000000000000000, 1.000000000000000000 ) ) ;
#241 = CARTESIAN_POINT ( 'NONE',  ( 1.450000000000000178, -4.125000000000000000, 3.000000000000000000 ) ) ;
#242 = LINE ( 'NONE', #1576, #743 ) ;
#243 = ORIENTED_EDGE ( 'NONE', *, *, #383, .T. ) ;
#244 = CYLINDRICAL_SURFACE ( 'NONE', #1340, 4.250000000000000000 ) ;
#245 = EDGE_CURVE ( 'NONE', #825, #1151, #1673, .T. ) ;
#246 = ADVANCED_FACE ( 'NONE', ( #1841, #1065 ), #1226, .F. ) ;
#247 = VERTEX_POINT ( 'NONE', #1670 ) ;
#248 = CARTESIAN_POINT ( 'NONE',  ( 35.49999999999999289, 17.75000000000000000, -1.000000000000000000 ) ) ;
#249 = MECHANICAL_CONTEXT ( 'NONE', #892, 'mechanical' ) ;
#250 = AXIS2_PLACEMENT_3D ( 'NONE', #466, #781, #1526 ) ;
#251 = ORIENTED_EDGE ( 'NONE', *, *, #124, .T. ) ;
#252 = DIRECTION ( 'NONE',  ( -1.000000000000000000, -1.525031627232357891E-16, 0.000000000000000000 ) ) ;
#253 = CARTESIAN_POINT ( 'NONE',  ( -18.60593496431778604, -7.695257033880129605, -4.400000000000000355 ) ) ;
#254 = AXIS2_PLACEMENT_3D ( 'NONE', #672, #1567, #365 ) ;
#255 = FACE_OUTER_BOUND ( 'NONE', #1419, .T. ) ;
#256 = FACE_OUTER_BOUND ( 'NONE', #949, .T. ) ;
#257 = ORIENTED_EDGE ( 'NONE', *, *, #944, .F. ) ;
#258 = DIRECTION ( 'NONE',  ( 1.525031627232357891E-16, -1.000000000000000000, 0.000000000000000000 ) ) ;
#259 = PRODUCT ( 'EDM Brake_Motor_Mount_Plate', 'EDM Brake_Motor_Mount_Plate', '', ( #249 ) ) ;
#260 = ORIENTED_EDGE ( 'NONE', *, *, #1620, .F. ) ;
#261 = CARTESIAN_POINT ( 'NONE',  ( 1.636132010826995089E-15, -11.69525703388012694, -4.400000000000000355 ) ) ;
#262 = CIRCLE ( 'NONE', #1178, 1.500000000000001332 ) ;
#263 = DIRECTION ( 'NONE',  ( 1.000000000000000000, 0.000000000000000000, 0.000000000000000000 ) ) ;
#264 = FACE_BOUND ( 'NONE', #1013, .T. ) ;
#265 = CARTESIAN_POINT ( 'NONE',  ( 19.99999999999999289, -19.25000000000000000, -1.000000000000000000 ) ) ;
#266 = VERTEX_POINT ( 'NONE', #1097 ) ;
#267 = CARTESIAN_POINT ( 'NONE',  ( 19.99999999999999289, -19.25000000000000000, -2.000000000000000000 ) ) ;
#268 = ORIENTED_EDGE ( 'NONE', *, *, #1090, .T. ) ;
#269 = DIRECTION ( 'NONE',  ( 0.000000000000000000, 0.000000000000000000, 1.000000000000000000 ) ) ;
#270 = EDGE_CURVE ( 'NONE', #1086, #1699, #602, .T. ) ;
#271 = CC_DESIGN_APPROVAL ( #606, ( #707 ) ) ;
#272 = CARTESIAN_POINT ( 'NONE',  ( -9.375000000000000000, 3.750000000000000000, 3.000000000000000000 ) ) ;
#273 = DIRECTION ( 'NONE',  ( 1.000000000000000000, 0.000000000000000000, 0.000000000000000000 ) ) ;
#274 = ORIENTED_EDGE ( 'NONE', *, *, #1432, .F. ) ;
#275 = CARTESIAN_POINT ( 'NONE',  ( -35.49999999999999289, 17.75000000000000000, -1.000000000000000000 ) ) ;
#276 = ORIENTED_EDGE ( 'NONE', *, *, #1042, .T. ) ;
#277 = DIRECTION ( 'NONE',  ( 0.000000000000000000, 0.000000000000000000, -1.000000000000000000 ) ) ;
#278 = CIRCLE ( 'NONE', #181, 1.450000000000000178 ) ;
#279 = PLANE ( 'NONE',  #1081 ) ;
#280 = EDGE_CURVE ( 'NONE', #122, #939, #68, .T. ) ;
#281 = ORIENTED_EDGE ( 'NONE', *, *, #976, .T. ) ;
#282 = DIRECTION ( 'NONE',  ( 1.000000000000000000, 0.000000000000000000, 0.000000000000000000 ) ) ;
#283 = ORIENTED_EDGE ( 'NONE', *, *, #280, .T. ) ;
#284 = CARTESIAN_POINT ( 'NONE',  ( 36.99999999999999289, -0.2500000000000002220, 3.000000000000000000 ) ) ;
#285 = VECTOR ( 'NONE', #620, 1000.000000000000000 ) ;
#286 = CIRCLE ( 'NONE', #416, 1.449999999999999956 ) ;
#287 = CARTESIAN_POINT ( 'NONE',  ( -18.60593496431778604, 0.000000000000000000, -4.400000000000000355 ) ) ;
#288 = COORDINATED_UNIVERSAL_TIME_OFFSET ( 8, 0, .BEHIND. ) ;
#289 = ADVANCED_FACE ( 'NONE', ( #737 ), #340, .T. ) ;
#290 = VERTEX_POINT ( 'NONE', #1184 ) ;
#291 = DIRECTION ( 'NONE',  ( -0.000000000000000000, 0.000000000000000000, 1.000000000000000000 ) ) ;
#292 = VERTEX_POINT ( 'NONE', #1778 ) ;
#293 = DIRECTION ( 'NONE',  ( 1.000000000000000000, 0.000000000000000000, 0.000000000000000000 ) ) ;
#294 = LINE ( 'NONE', #1533, #932 ) ;
#295 = CARTESIAN_POINT ( 'NONE',  ( -17.49999999999999645, -19.25000000000000000, -4.400000000000000355 ) ) ;
#296 = EDGE_CURVE ( 'NONE', #850, #352, #131, .T. ) ;
#297 = EDGE_LOOP ( 'NONE', ( #1054, #268, #1550, #1914 ) ) ;
#298 = DIRECTION ( 'NONE',  ( 1.000000000000000000, 0.000000000000000000, 0.000000000000000000 ) ) ;
#299 = EDGE_LOOP ( 'NONE', ( #1813, #1345 ) ) ;
#300 = DIRECTION ( 'NONE',  ( -0.000000000000000000, 0.000000000000000000, 1.000000000000000000 ) ) ;
#301 = ADVANCED_FACE ( 'NONE', ( #329 ), #645, .F. ) ;
#302 = VECTOR ( 'NONE', #1716, 1000.000000000000000 ) ;
#303 = PERSON_AND_ORGANIZATION_ROLE ( 'creator' ) ;
#304 = VECTOR ( 'NONE', #167, 1000.000000000000000 ) ;
#305 = ORIENTED_EDGE ( 'NONE', *, *, #1580, .T. ) ;
#306 = CARTESIAN_POINT ( 'NONE',  ( 19.99999999999999289, 18.75000000000000000, -1.000000000000000000 ) ) ;
#307 = AXIS2_PLACEMENT_3D ( 'NONE', #79, #1558, #1395 ) ;
#308 = VECTOR ( 'NONE', #817, 1000.000000000000000 ) ;
#309 = ORIENTED_EDGE ( 'NONE', *, *, #923, .T. ) ;
#310 = CARTESIAN_POINT ( 'NONE',  ( -18.60593496431778604, -7.695257033880129605, -1.000000000000000000 ) ) ;
#311 = AXIS2_PLACEMENT_3D ( 'NONE', #261, #1264, #685 ) ;
#312 = ADVANCED_FACE ( 'NONE', ( #1883 ), #84, .F. ) ;
#313 = ORIENTED_EDGE ( 'NONE', *, *, #1809, .T. ) ;
#314 = AXIS2_PLACEMENT_3D ( 'NONE', #1402, #844, #1544 ) ;
#315 = CALENDAR_DATE ( 2026, 30, 5 ) ;
#316 = ORIENTED_EDGE ( 'NONE', *, *, #594, .T. ) ;
#317 = LINE ( 'NONE', #1212, #304 ) ;
#318 = ORIENTED_EDGE ( 'NONE', *, *, #1685, .F. ) ;
#319 = DIRECTION ( 'NONE',  ( 1.525031627232357891E-16, -1.000000000000000000, 0.000000000000000000 ) ) ;
#320 = ORIENTED_EDGE ( 'NONE', *, *, #967, .T. ) ;
#321 = EDGE_CURVE ( 'NONE', #146, #694, #552, .T. ) ;
#322 = ADVANCED_FACE ( 'NONE', ( #405 ), #1137, .F. ) ;
#323 = CARTESIAN_POINT ( 'NONE',  ( 0.000000000000000000, -4.125000000000000000, 3.000000000000000000 ) ) ;
#324 = ORIENTED_EDGE ( 'NONE', *, *, #1617, .F. ) ;
#325 = DIRECTION ( 'NONE',  ( 1.000000000000000000, 0.000000000000000000, 0.000000000000000000 ) ) ;
#326 = CIRCLE ( 'NONE', #762, 1.000000000000000888 ) ;
#327 = ORIENTED_EDGE ( 'NONE', *, *, #1042, .F. ) ;
#328 = CARTESIAN_POINT ( 'NONE',  ( -18.60593496431778604, -7.695257033880129605, -4.400000000000000355 ) ) ;
#329 = FACE_OUTER_BOUND ( 'NONE', #1145, .T. ) ;
#330 = DIRECTION ( 'NONE',  ( -1.000000000000000000, 0.000000000000000000, 0.000000000000000000 ) ) ;
#331 = ORIENTED_EDGE ( 'NONE', *, *, #1484, .F. ) ;
#332 = CARTESIAN_POINT ( 'NONE',  ( 9.375000000000000000, 3.750000000000000000, 3.000000000000000000 ) ) ;
#333 = ADVANCED_FACE ( 'NONE', ( #1734 ), #668, .F. ) ;
#334 = AXIS2_PLACEMENT_3D ( 'NONE', #1905, #571, #1319 ) ;
#335 = ORIENTED_EDGE ( 'NONE', *, *, #594, .F. ) ;
#336 = CARTESIAN_POINT ( 'NONE',  ( 19.99999999999999289, -19.25000000000000000, -1.000000000000000000 ) ) ;
#337 = CIRCLE ( 'NONE', #254, 1.000000000000000888 ) ;
#338 = CARTESIAN_POINT ( 'NONE',  ( -19.99999999999999645, 18.75000000000000000, -1.000000000000000000 ) ) ;
#339 = ORIENTED_EDGE ( 'NONE', *, *, #1662, .T. ) ;
#340 = CYLINDRICAL_SURFACE ( 'NONE', #1487, 2.500000000000002220 ) ;
#341 = AXIS2_PLACEMENT_3D ( 'NONE', #1388, #64, #657 ) ;
#342 = CARTESIAN_POINT ( 'NONE',  ( -9.375000000000000000, 3.750000000000000000, -1.000000000000000000 ) ) ;
#343 = AXIS2_PLACEMENT_3D ( 'NONE', #267, #1174, #579 ) ;
#344 = ORIENTED_EDGE ( 'NONE', *, *, #1717, .T. ) ;
#345 = CARTESIAN_POINT ( 'NONE',  ( 21.39999999999999147, 18.75000000000000000, -4.400000000000000355 ) ) ;
#346 = ADVANCED_FACE ( 'NONE', ( #998 ), #1254, .F. ) ;
#347 = VERTEX_POINT ( 'NONE', #1724 ) ;
#348 = LINE ( 'NONE', #1385, #1490 ) ;
#349 = DIRECTION ( 'NONE',  ( 0.000000000000000000, -1.000000000000000000, 0.000000000000000000 ) ) ;
#350 = FACE_OUTER_BOUND ( 'NONE', #839, .T. ) ;
#351 = CARTESIAN_POINT ( 'NONE',  ( -10.82499999999999929, 3.750000000000000000, 3.000000000000000000 ) ) ;
#352 = VERTEX_POINT ( 'NONE', #564 ) ;
#353 = CYLINDRICAL_SURFACE ( 'NONE', #1644, 1.449999999999999956 ) ;
#354 = EDGE_CURVE ( 'NONE', #529, #795, #543, .T. ) ;
#355 = EDGE_LOOP ( 'NONE', ( #386, #1597, #1397, #653 ) ) ;
#356 = CARTESIAN_POINT ( 'NONE',  ( -22.49999999999999645, -19.25000000000000000, -4.400000000000000355 ) ) ;
#357 = CARTESIAN_POINT ( 'NONE',  ( 0.000000000000000000, 22.75000000000000000, -1.000000000000000000 ) ) ;
#358 = APPROVAL_PERSON_ORGANIZATION ( #1440, #197, #1194 ) ;
#359 = VERTEX_POINT ( 'NONE', #1860 ) ;
#360 = CARTESIAN_POINT ( 'NONE',  ( 9.375000000000000000, 3.750000000000000000, -1.000000000000000000 ) ) ;
#361 = EDGE_CURVE ( 'NONE', #1244, #626, #660, .T. ) ;
#362 = DIRECTION ( 'NONE',  ( -0.000000000000000000, -0.000000000000000000, -1.000000000000000000 ) ) ;
#363 = LINE ( 'NONE', #1236, #1048 ) ;
#364 = VERTEX_POINT ( 'NONE', #1277 ) ;
#365 = DIRECTION ( 'NONE',  ( -1.000000000000000000, 0.000000000000000000, 0.000000000000000000 ) ) ;
#366 = AXIS2_PLACEMENT_3D ( 'NONE', #1423, #1546, #1433 ) ;
#367 = ORIENTED_EDGE ( 'NONE', *, *, #1607, .F. ) ;
#368 = CARTESIAN_POINT ( 'NONE',  ( -7.924999999999999822, 3.750000000000000000, 3.000000000000000000 ) ) ;
#369 = ORIENTED_EDGE ( 'NONE', *, *, #1556, .T. ) ;
#370 = CARTESIAN_POINT ( 'NONE',  ( -19.99999999999999645, -19.25000000000000000, -1.000000000000000000 ) ) ;
#371 = ADVANCED_FACE ( 'NONE', ( #1587 ), #1152, .F. ) ;
#372 = FACE_BOUND ( 'NONE', #1651, .T. ) ;
#373 = EDGE_LOOP ( 'NONE', ( #679, #590 ) ) ;
#374 = CARTESIAN_POINT ( 'NONE',  ( -9.375000000000000000, 3.750000000000000000, 3.000000000000000000 ) ) ;
#375 = AXIS2_PLACEMENT_3D ( 'NONE', #890, #1476, #1352 ) ;
#376 = AXIS2_PLACEMENT_3D ( 'NONE', #1551, #950, #851 ) ;
#377 = EDGE_LOOP ( 'NONE', ( #1542, #1263, #283, #1161 ) ) ;
#378 = DIRECTION ( 'NONE',  ( -1.000000000000000000, 0.000000000000000000, 0.000000000000000000 ) ) ;
#379 = PLANE ( 'NONE',  #1760 ) ;
#380 = VERTEX_POINT ( 'NONE', #392 ) ;
#381 = PLANE ( 'NONE',  #448 ) ;
#382 = FACE_BOUND ( 'NONE', #570, .T. ) ;
#383 = EDGE_CURVE ( 'NONE', #626, #465, #984, .T. ) ;
#384 = FACE_OUTER_BOUND ( 'NONE', #297, .T. ) ;
#385 = EDGE_CURVE ( 'NONE', #529, #1074, #1001, .T. ) ;
#386 = ORIENTED_EDGE ( 'NONE', *, *, #25, .F. ) ;
#387 = LINE ( 'NONE', #517, #1179 ) ;
#388 = ORIENTED_EDGE ( 'NONE', *, *, #909, .F. ) ;
#389 = CARTESIAN_POINT ( 'NONE',  ( -19.99999999999999645, -19.25000000000000000, -2.000000000000000000 ) ) ;
#390 = COORDINATED_UNIVERSAL_TIME_OFFSET ( 8, 0, .BEHIND. ) ;
#391 = ORIENTED_EDGE ( 'NONE', *, *, #209, .F. ) ;
#392 = CARTESIAN_POINT ( 'NONE',  ( -10.82499999999999929, 3.750000000000000000, 3.000000000000000000 ) ) ;
#393 = SECURITY_CLASSIFICATION ( '', '', #1148 ) ;
#394 = FACE_BOUND ( 'NONE', #1299, .T. ) ;
#395 = DIRECTION ( 'NONE',  ( 0.000000000000000000, -0.000000000000000000, -1.000000000000000000 ) ) ;
#396 = FACE_BOUND ( 'NONE', #1364, .T. ) ;
#397 = DIRECTION ( 'NONE',  ( 1.224646799147353207E-16, 1.000000000000000000, 0.000000000000000000 ) ) ;
#398 = CC_DESIGN_PERSON_AND_ORGANIZATION_ASSIGNMENT ( #1470, #1744, ( #1170 ) ) ;
#399 = ORIENTED_EDGE ( 'NONE', *, *, #493, .F. ) ;
#400 = EDGE_CURVE ( 'NONE', #1401, #1351, #1588, .T. ) ;
#401 = CARTESIAN_POINT ( 'NONE',  ( -9.375000000000000000, 3.750000000000000000, 3.000000000000000000 ) ) ;
#402 = PERSON_AND_ORGANIZATION ( #864, #1227 ) ;
#403 = VECTOR ( 'NONE', #1842, 1000.000000000000000 ) ;
#404 = ORIENTED_EDGE ( 'NONE', *, *, #1029, .T. ) ;
#405 = FACE_OUTER_BOUND ( 'NONE', #377, .T. ) ;
#406 = VECTOR ( 'NONE', #1230, 1000.000000000000000 ) ;
#407 = CARTESIAN_POINT ( 'NONE',  ( -36.99999999999999289, 17.75000000000000000, -1.000000000000000000 ) ) ;
#408 = FACE_OUTER_BOUND ( 'NONE', #1516, .T. ) ;
#409 = CARTESIAN_POINT ( 'NONE',  ( -19.99999999999999645, -19.25000000000000000, -4.400000000000000355 ) ) ;
#410 = DIRECTION ( 'NONE',  ( 1.000000000000000000, 0.000000000000000000, 0.000000000000000000 ) ) ;
#411 = AXIS2_PLACEMENT_3D ( 'NONE', #483, #210, #797 ) ;
#412 = VECTOR ( 'NONE', #582, 1000.000000000000000 ) ;
#413 = EDGE_CURVE ( 'NONE', #694, #617, #1554, .T. ) ;
#414 = ORIENTED_EDGE ( 'NONE', *, *, #1157, .F. ) ;
#415 = DIRECTION ( 'NONE',  ( 1.000000000000000000, 0.000000000000000000, 0.000000000000000000 ) ) ;
#416 = AXIS2_PLACEMENT_3D ( 'NONE', #1114, #992, #1439 ) ;
#417 = EDGE_LOOP ( 'NONE', ( #274, #257 ) ) ;
#418 = DIRECTION ( 'NONE',  ( -0.000000000000000000, -0.000000000000000000, -1.000000000000000000 ) ) ;
#419 = AXIS2_PLACEMENT_3D ( 'NONE', #887, #1189, #7 ) ;
#420 = DIRECTION ( 'NONE',  ( -0.000000000000000000, 0.000000000000000000, 1.000000000000000000 ) ) ;
#421 = DIRECTION ( 'NONE',  ( 0.000000000000000000, 0.000000000000000000, -1.000000000000000000 ) ) ;
#422 = CARTESIAN_POINT ( 'NONE',  ( -19.99999999999999645, -19.25000000000000000, -2.000000000000000000 ) ) ;
#423 = ORIENTED_EDGE ( 'NONE', *, *, #1405, .T. ) ;
#424 = DIRECTION ( 'NONE',  ( -1.000000000000000000, -8.673617379884035472E-16, 0.000000000000000000 ) ) ;
#425 = ORIENTED_EDGE ( 'NONE', *, *, #800, .T. ) ;
#426 = DIRECTION ( 'NONE',  ( 0.000000000000000000, 0.000000000000000000, 1.000000000000000000 ) ) ;
#427 = CARTESIAN_POINT ( 'NONE',  ( -36.99999999999999289, -0.2500000000000002220, -1.000000000000000000 ) ) ;
#428 = LOCAL_TIME ( 15, 17, 37.00000000000000000, #1333 ) ;
#429 = DIRECTION ( 'NONE',  ( -1.000000000000000000, 0.000000000000000000, 0.000000000000000000 ) ) ;
#430 = CARTESIAN_POINT ( 'NONE',  ( -36.99999999999999289, -0.2500000000000002220, -1.000000000000000000 ) ) ;
#431 = ORIENTED_EDGE ( 'NONE', *, *, #855, .F. ) ;
#432 = FACE_OUTER_BOUND ( 'NONE', #716, .T. ) ;
#433 = ORIENTED_EDGE ( 'NONE', *, *, #21, .T. ) ;
#434 = CARTESIAN_POINT ( 'NONE',  ( 19.99999999999999289, 18.75000000000000000, -2.000000000000000000 ) ) ;
#435 = AXIS2_PLACEMENT_3D ( 'NONE', #557, #1003, #1446 ) ;
#436 = EDGE_CURVE ( 'NONE', #1848, #1306, #226, .T. ) ;
#437 = DIRECTION ( 'NONE',  ( 1.224646799147353207E-16, 1.000000000000000000, 0.000000000000000000 ) ) ;
#438 = AXIS2_PLACEMENT_3D ( 'NONE', #1499, #1790, #1506 ) ;
#439 = AXIS2_PLACEMENT_3D ( 'NONE', #136, #1757, #1776 ) ;
#440 = DIRECTION ( 'NONE',  ( 1.000000000000000000, 0.000000000000000000, 0.000000000000000000 ) ) ;
#441 = CARTESIAN_POINT ( 'NONE',  ( 0.000000000000000000, 0.000000000000000000, 0.000000000000000000 ) ) ;
#442 = AXIS2_PLACEMENT_3D ( 'NONE', #287, #1436, #1316 ) ;
#443 = VERTEX_POINT ( 'NONE', #106 ) ;
#444 = DIRECTION ( 'NONE',  ( 0.000000000000000000, 0.000000000000000000, 1.000000000000000000 ) ) ;
#445 = CIRCLE ( 'NONE', #12, 2.500000000000002220 ) ;
#446 = ORIENTED_EDGE ( 'NONE', *, *, #754, .F. ) ;
#447 = FACE_OUTER_BOUND ( 'NONE', #581, .T. ) ;
#448 = AXIS2_PLACEMENT_3D ( 'NONE', #973, #252, #832 ) ;
#449 = CIRCLE ( 'NONE', #752, 1.000000000000000000 ) ;
#450 = ADVANCED_FACE ( 'NONE', ( #677 ), #381, .F. ) ;
#451 = PERSON_AND_ORGANIZATION_ROLE ( 'design_owner' ) ;
#452 = CC_DESIGN_PERSON_AND_ORGANIZATION_ASSIGNMENT ( #885, #738, ( #393 ) ) ;
#453 = ORIENTED_EDGE ( 'NONE', *, *, #662, .T. ) ;
#454 = CARTESIAN_POINT ( 'NONE',  ( -19.99999999999999645, 18.75000000000000000, -4.400000000000000355 ) ) ;
#455 = ORIENTED_EDGE ( 'NONE', *, *, #730, .T. ) ;
#456 = CYLINDRICAL_SURFACE ( 'NONE', #1154, 1.500000000000001332 ) ;
#457 = LINE ( 'NONE', #203, #1896 ) ;
#458 = DATE_TIME_ROLE ( 'creation_date' ) ;
#459 = EDGE_LOOP ( 'NONE', ( #309, #1276, #512, #69 ) ) ;
#460 = LINE ( 'NONE', #1284, #1112 ) ;
#461 = ADVANCED_FACE ( 'NONE', ( #697 ), #1483, .F. ) ;
#462 = ADVANCED_FACE ( 'NONE', ( #447 ), #1676, .F. ) ;
#463 = EDGE_LOOP ( 'NONE', ( #120, #1511, #172, #1188 ) ) ;
#464 = DIRECTION ( 'NONE',  ( -0.000000000000000000, 0.000000000000000000, 1.000000000000000000 ) ) ;
#465 = VERTEX_POINT ( 'NONE', #1774 ) ;
#466 = CARTESIAN_POINT ( 'NONE',  ( 19.99999999999999289, -19.25000000000000000, -2.000000000000000000 ) ) ;
#467 = EDGE_LOOP ( 'NONE', ( #1329, #903, #455, #1082 ) ) ;
#468 = FACE_BOUND ( 'NONE', #1825, .T. ) ;
#469 = AXIS2_PLACEMENT_3D ( 'NONE', #265, #1012, #273 ) ;
#470 = EDGE_CURVE ( 'NONE', #347, #862, #749, .T. ) ;
#471 = AXIS2_PLACEMENT_3D ( 'NONE', #409, #1729, #440 ) ;
#472 = ORIENTED_EDGE ( 'NONE', *, *, #1017, .F. ) ;
#473 = CARTESIAN_POINT ( 'NONE',  ( 19.99999999999999289, 18.75000000000000000, -4.400000000000000355 ) ) ;
#474 = AXIS2_PLACEMENT_3D ( 'NONE', #360, #745, #144 ) ;
#475 = VERTEX_POINT ( 'NONE', #1346 ) ;
#476 = AXIS2_PLACEMENT_3D ( 'NONE', #370, #962, #1118 ) ;
#477 = ORIENTED_EDGE ( 'NONE', *, *, #829, .F. ) ;
#478 = FACE_OUTER_BOUND ( 'NONE', #1530, .T. ) ;
#479 = VERTEX_POINT ( 'NONE', #123 ) ;
#480 = CARTESIAN_POINT ( 'NONE',  ( 22.49999999999999645, 18.75000000000000000, -2.000000000000000000 ) ) ;
#481 = ADVANCED_FACE ( 'NONE', ( #751 ), #456, .F. ) ;
#482 = ORIENTED_EDGE ( 'NONE', *, *, #1456, .F. ) ;
#483 = CARTESIAN_POINT ( 'NONE',  ( 19.99999999999999289, 18.75000000000000000, -1.000000000000000000 ) ) ;
#484 = EDGE_CURVE ( 'NONE', #1441, #906, #1460, .T. ) ;
#485 = ADVANCED_FACE ( 'NONE', ( #1177 ), #1010, .F. ) ;
#486 = ORIENTED_EDGE ( 'NONE', *, *, #1066, .T. ) ;
#487 = CARTESIAN_POINT ( 'NONE',  ( -1.450000000000000178, -4.125000000000000000, 3.000000000000000000 ) ) ;
#488 = VERTEX_POINT ( 'NONE', #1169 ) ;
#489 = DIRECTION ( 'NONE',  ( -0.000000000000000000, 0.000000000000000000, 1.000000000000000000 ) ) ;
#490 = CARTESIAN_POINT ( 'NONE',  ( 0.000000000000000000, -22.75000000000000000, 3.000000000000000000 ) ) ;
#491 = EDGE_LOOP ( 'NONE', ( #843, #1731, #1872, #785 ) ) ;
#492 = DIRECTION ( 'NONE',  ( 0.000000000000000000, 0.000000000000000000, 1.000000000000000000 ) ) ;
#493 = EDGE_CURVE ( 'NONE', #1244, #1415, #1039, .T. ) ;
#494 = CARTESIAN_POINT ( 'NONE',  ( 0.000000000000000000, -22.75000000000000000, -1.000000000000000000 ) ) ;
#495 = CIRCLE ( 'NONE', #899, 4.250000000000000000 ) ;
#496 = CIRCLE ( 'NONE', #1577, 1.399999999999998579 ) ;
#497 = VERTEX_POINT ( 'NONE', #717 ) ;
#498 = PLANE ( 'NONE',  #1149 ) ;
#499 = ORIENTED_EDGE ( 'NONE', *, *, #1328, .T. ) ;
#500 = DIRECTION ( 'NONE',  ( 0.000000000000000000, -1.000000000000000000, 0.000000000000000000 ) ) ;
#501 = CIRCLE ( 'NONE', #1902, 1.500000000000001332 ) ;
#502 = DIRECTION ( 'NONE',  ( 1.000000000000000000, 0.000000000000000000, 0.000000000000000000 ) ) ;
#503 = AXIS2_PLACEMENT_3D ( 'NONE', #186, #1523, #1509 ) ;
#504 = DIRECTION ( 'NONE',  ( 0.000000000000000000, 0.000000000000000000, 1.000000000000000000 ) ) ;
#505 = EDGE_CURVE ( 'NONE', #443, #115, #1616, .T. ) ;
#506 = TOROIDAL_SURFACE ( 'NONE', #164, 3.499999999999998224, 1.000000000000000000 ) ;
#507 = VERTEX_POINT ( 'NONE', #1614 ) ;
#508 = CARTESIAN_POINT ( 'NONE',  ( -19.99999999999999645, -19.25000000000000000, -4.400000000000000355 ) ) ;
#509 = ORIENTED_EDGE ( 'NONE', *, *, #1378, .T. ) ;
#510 = ADVANCED_FACE ( 'NONE', ( #1033 ), #898, .F. ) ;
#511 = LINE ( 'NONE', #368, #936 ) ;
#512 = ORIENTED_EDGE ( 'NONE', *, *, #722, .F. ) ;
#513 = DIRECTION ( 'NONE',  ( -0.000000000000000000, 0.000000000000000000, 1.000000000000000000 ) ) ;
#514 = DIRECTION ( 'NONE',  ( -0.000000000000000000, 0.000000000000000000, 1.000000000000000000 ) ) ;
#515 = DIRECTION ( 'NONE',  ( -1.000000000000000000, -1.165808787618821953E-16, 0.000000000000000000 ) ) ;
#516 = ORIENTED_EDGE ( 'NONE', *, *, #1293, .T. ) ;
#517 = CARTESIAN_POINT ( 'NONE',  ( -0.000000000000000000, 22.75000000000000000, -1.000000000000000000 ) ) ;
#518 = ADVANCED_FACE ( 'NONE', ( #10 ), #1871, .F. ) ;
#519 = ORIENTED_EDGE ( 'NONE', *, *, #484, .F. ) ;
#520 = LINE ( 'NONE', #248, #1463 ) ;
#521 = LINE ( 'NONE', #490, #1416 ) ;
#522 = VERTEX_POINT ( 'NONE', #1199 ) ;
#523 = DIRECTION ( 'NONE',  ( -0.000000000000000000, 0.000000000000000000, 1.000000000000000000 ) ) ;
#524 = FACE_BOUND ( 'NONE', #635, .T. ) ;
#525 = CARTESIAN_POINT ( 'NONE',  ( -19.99999999999999645, -19.25000000000000000, -4.400000000000000355 ) ) ;
#526 = ORIENTED_EDGE ( 'NONE', *, *, #1620, .T. ) ;
#527 = DIRECTION ( 'NONE',  ( 0.000000000000000000, 0.000000000000000000, 1.000000000000000000 ) ) ;
#528 = AXIS2_PLACEMENT_3D ( 'NONE', #1876, #544, #1130 ) ;
#529 = VERTEX_POINT ( 'NONE', #1451 ) ;
#530 = DIRECTION ( 'NONE',  ( 0.000000000000000000, 0.000000000000000000, 1.000000000000000000 ) ) ;
#531 = EDGE_CURVE ( 'NONE', #1723, #939, #1917, .T. ) ;
#532 = ORIENTED_EDGE ( 'NONE', *, *, #321, .F. ) ;
#533 = CARTESIAN_POINT ( 'NONE',  ( 21.39999999999999147, -19.25000000000000000, -4.400000000000000355 ) ) ;
#534 = VECTOR ( 'NONE', #88, 1000.000000000000000 ) ;
#535 = CARTESIAN_POINT ( 'NONE',  ( -39.99999999999999289, -22.75000000000000000, -1.000000000000000000 ) ) ;
#536 = DIRECTION ( 'NONE',  ( -0.000000000000000000, -0.000000000000000000, -1.000000000000000000 ) ) ;
#537 = ORIENTED_EDGE ( 'NONE', *, *, #33, .F. ) ;
#538 = LINE ( 'NONE', #70, #534 ) ;
#539 = AXIS2_PLACEMENT_3D ( 'NONE', #75, #1106, #1700 ) ;
#540 = ORIENTED_EDGE ( 'NONE', *, *, #708, .F. ) ;
#541 = FACE_OUTER_BOUND ( 'NONE', #1674, .T. ) ;
#542 = ORIENTED_EDGE ( 'NONE', *, *, #223, .F. ) ;
#543 = LINE ( 'NONE', #1849, #1315 ) ;
#544 = DIRECTION ( 'NONE',  ( -0.000000000000000000, 0.000000000000000000, 1.000000000000000000 ) ) ;
#545 = DIRECTION ( 'NONE',  ( 1.000000000000000000, 0.000000000000000000, 0.000000000000000000 ) ) ;
#546 = EDGE_CURVE ( 'NONE', #1524, #633, #734, .T. ) ;
#547 = PLANE ( 'NONE',  #442 ) ;
#548 = CARTESIAN_POINT ( 'NONE',  ( -1.449999999999999956, 11.62500000000000000, -1.000000000000000000 ) ) ;
#549 = ORIENTED_EDGE ( 'NONE', *, *, #546, .T. ) ;
#550 = DIRECTION ( 'NONE',  ( -0.000000000000000000, -0.000000000000000000, -1.000000000000000000 ) ) ;
#551 = ORIENTED_EDGE ( 'NONE', *, *, #245, .F. ) ;
#552 = LINE ( 'NONE', #1873, #568 ) ;
#553 = LINE ( 'NONE', #48, #1636 ) ;
#554 = FACE_OUTER_BOUND ( 'NONE', #1840, .T. ) ;
#555 = EDGE_CURVE ( 'NONE', #1306, #1581, #1518, .T. ) ;
#556 = FACE_BOUND ( 'NONE', #138, .T. ) ;
#557 = CARTESIAN_POINT ( 'NONE',  ( -19.99999999999999645, 18.75000000000000000, -2.000000000000000000 ) ) ;
#558 = EDGE_CURVE ( 'NONE', #1105, #142, #1280, .T. ) ;
#559 = VERTEX_POINT ( 'NONE', #1468 ) ;
#560 = DIRECTION ( 'NONE',  ( -0.000000000000000000, 0.000000000000000000, 1.000000000000000000 ) ) ;
#561 = AXIS2_PLACEMENT_3D ( 'NONE', #85, #1138, #1714 ) ;
#562 = EDGE_LOOP ( 'NONE', ( #212, #1467, #189, #980 ) ) ;
#563 = CIRCLE ( 'NONE', #803, 1.000000000000000888 ) ;
#564 = CARTESIAN_POINT ( 'NONE',  ( -21.39999999999999503, -19.25000000000000000, -1.000000000000000000 ) ) ;
#565 = CIRCLE ( 'NONE', #597, 1.000000000000000888 ) ;
#566 = PLANE ( 'NONE',  #1646 ) ;
#567 = LINE ( 'NONE', #119, #1485 ) ;
#568 = VECTOR ( 'NONE', #706, 1000.000000000000000 ) ;
#569 = VECTOR ( 'NONE', #1605, 1000.000000000000000 ) ;
#570 = EDGE_LOOP ( 'NONE', ( #251, #26 ) ) ;
#571 = DIRECTION ( 'NONE',  ( -0.000000000000000000, 0.000000000000000000, 1.000000000000000000 ) ) ;
#572 = EDGE_CURVE ( 'NONE', #1907, #1128, #1186, .T. ) ;
#573 = ORIENTED_EDGE ( 'NONE', *, *, #929, .T. ) ;
#574 = DIRECTION ( 'NONE',  ( 1.000000000000000000, 0.000000000000000000, 0.000000000000000000 ) ) ;
#575 = DIRECTION ( 'NONE',  ( 1.000000000000000000, 0.000000000000000000, 0.000000000000000000 ) ) ;
#576 = CARTESIAN_POINT ( 'NONE',  ( 18.59406503568220970, -7.695257033880125164, -4.400000000000000355 ) ) ;
#577 = LINE ( 'NONE', #127, #187 ) ;
#578 = ORIENTED_EDGE ( 'NONE', *, *, #1146, .T. ) ;
#579 = DIRECTION ( 'NONE',  ( 1.000000000000000000, 0.000000000000000000, 0.000000000000000000 ) ) ;
#580 = EDGE_CURVE ( 'NONE', #266, #825, #942, .T. ) ;
#581 = EDGE_LOOP ( 'NONE', ( #105, #540, #453, #733 ) ) ;
#582 = DIRECTION ( 'NONE',  ( -0.000000000000000000, -0.000000000000000000, -1.000000000000000000 ) ) ;
#583 = EDGE_CURVE ( 'NONE', #1524, #1117, #445, .T. ) ;
#584 = AXIS2_PLACEMENT_3D ( 'NONE', #1028, #902, #1619 ) ;
#585 = CARTESIAN_POINT ( 'NONE',  ( 0.000000000000000000, 0.000000000000000000, -1.000000000000000000 ) ) ;
#586 = LOCAL_TIME ( 15, 17, 37.00000000000000000, #390 ) ;
#587 = CARTESIAN_POINT ( 'NONE',  ( 10.82499999999999929, 3.750000000000000000, -1.000000000000000000 ) ) ;
#588 = VERTEX_POINT ( 'NONE', #1814 ) ;
#589 = DIRECTION ( 'NONE',  ( 0.000000000000000000, 0.000000000000000000, 1.000000000000000000 ) ) ;
#590 = ORIENTED_EDGE ( 'NONE', *, *, #1661, .T. ) ;
#591 = CARTESIAN_POINT ( 'NONE',  ( 18.59999999999999432, -19.25000000000000000, -4.400000000000000355 ) ) ;
#592 = ADVANCED_FACE ( 'NONE', ( #759 ), #796, .F. ) ;
#593 = AXIS2_PLACEMENT_3D ( 'NONE', #65, #1290, #1884 ) ;
#594 = EDGE_CURVE ( 'NONE', #1522, #614, #1085, .T. ) ;
#595 = DIRECTION ( 'NONE',  ( -0.000000000000000000, 0.000000000000000000, 1.000000000000000000 ) ) ;
#596 = CIRCLE ( 'NONE', #1424, 3.500000000000003109 ) ;
#597 = AXIS2_PLACEMENT_3D ( 'NONE', #818, #397, #948 ) ;
#598 = DIRECTION ( 'NONE',  ( 1.000000000000000000, 0.000000000000000000, 0.000000000000000000 ) ) ;
#599 = DATE_AND_TIME ( #114, #586 ) ;
#600 = ORIENTED_EDGE ( 'NONE', *, *, #976, .F. ) ;
#601 = DIRECTION ( 'NONE',  ( 0.000000000000000000, 0.000000000000000000, 1.000000000000000000 ) ) ;
#602 = CIRCLE ( 'NONE', #11, 4.250000000000000000 ) ;
#603 = AXIS2_PLACEMENT_3D ( 'NONE', #1747, #523, #219 ) ;
#604 = ORIENTED_EDGE ( 'NONE', *, *, #1640, .F. ) ;
#605 = CARTESIAN_POINT ( 'NONE',  ( -16.49999999999999289, 18.75000000000000000, -2.000000000000000000 ) ) ;
#606 = APPROVAL ( #1298, 'UNSPECIFIED' ) ;
#607 = CARTESIAN_POINT ( 'NONE',  ( 21.39999999999999147, 18.75000000000000000, -1.000000000000000000 ) ) ;
#608 = APPLICATION_PROTOCOL_DEFINITION ( 'international standard', 'config_control_design', 1994, #622 ) ;
#609 = EDGE_CURVE ( 'NONE', #292, #760, #964, .T. ) ;
#610 = VERTEX_POINT ( 'NONE', #643 ) ;
#611 = LINE ( 'NONE', #487, #1828 ) ;
#612 = ORIENTED_EDGE ( 'NONE', *, *, #117, .T. ) ;
#613 = DIRECTION ( 'NONE',  ( -0.000000000000000000, 0.000000000000000000, 1.000000000000000000 ) ) ;
#614 = VERTEX_POINT ( 'NONE', #1805 ) ;
#615 = DIRECTION ( 'NONE',  ( 0.000000000000000000, 0.000000000000000000, 1.000000000000000000 ) ) ;
#616 = EDGE_CURVE ( 'NONE', #1408, #617, #627, .T. ) ;
#617 = VERTEX_POINT ( 'NONE', #310 ) ;
#618 = DIRECTION ( 'NONE',  ( 0.000000000000000000, 0.000000000000000000, 1.000000000000000000 ) ) ;
#619 = VERTEX_POINT ( 'NONE', #52 ) ;
#620 = DIRECTION ( 'NONE',  ( 0.000000000000000000, 0.000000000000000000, 1.000000000000000000 ) ) ;
#621 = ORIENTED_EDGE ( 'NONE', *, *, #1146, .F. ) ;
#622 = APPLICATION_CONTEXT ( 'configuration controlled 3d designs of mechanical parts and assemblies' ) ;
#623 = VERTEX_POINT ( 'NONE', #1072 ) ;
#624 = FACE_OUTER_BOUND ( 'NONE', #1645, .T. ) ;
#625 = CC_DESIGN_PERSON_AND_ORGANIZATION_ASSIGNMENT ( #102, #303, ( #707 ) ) ;
#626 = VERTEX_POINT ( 'NONE', #1657 ) ;
#627 = LINE ( 'NONE', #328, #1461 ) ;
#628 = ADVANCED_FACE ( 'NONE', ( #934 ), #1376, .F. ) ;
#629 = EDGE_LOOP ( 'NONE', ( #305, #1043 ) ) ;
#630 = CIRCLE ( 'NONE', #877, 3.499999999999999556 ) ;
#631 = AXIS2_PLACEMENT_3D ( 'NONE', #830, #1286, #1398 ) ;
#632 = DIRECTION ( 'NONE',  ( 1.000000000000000000, 0.000000000000000000, 0.000000000000000000 ) ) ;
#633 = VERTEX_POINT ( 'NONE', #480 ) ;
#634 = DIRECTION ( 'NONE',  ( 1.000000000000000000, 0.000000000000000000, 0.000000000000000000 ) ) ;
#635 = EDGE_LOOP ( 'NONE', ( #72, #1318 ) ) ;
#636 = CYLINDRICAL_SURFACE ( 'NONE', #1342, 1.400000000000001910 ) ;
#637 = EDGE_CURVE ( 'NONE', #871, #623, #1826, .T. ) ;
#638 = DIRECTION ( 'NONE',  ( 0.000000000000000000, 0.000000000000000000, 1.000000000000000000 ) ) ;
#639 = DIRECTION ( 'NONE',  ( 0.000000000000000000, 0.000000000000000000, 1.000000000000000000 ) ) ;
#640 = DIRECTION ( 'NONE',  ( 0.000000000000000000, -1.000000000000000000, 0.000000000000000000 ) ) ;
#641 = DIRECTION ( 'NONE',  ( 0.000000000000000000, -0.000000000000000000, -1.000000000000000000 ) ) ;
#642 = ORIENTED_EDGE ( 'NONE', *, *, #572, .F. ) ;
#643 = CARTESIAN_POINT ( 'NONE',  ( -18.59999999999999432, 18.75000000000000000, -1.000000000000000000 ) ) ;
#644 = FACE_OUTER_BOUND ( 'NONE', #1225, .T. ) ;
#645 = CYLINDRICAL_SURFACE ( 'NONE', #1396, 1.399999999999998579 ) ;
#646 = EDGE_CURVE ( 'NONE', #1351, #185, #630, .T. ) ;
#647 = DIRECTION ( 'NONE',  ( 0.000000000000000000, 0.000000000000000000, 1.000000000000000000 ) ) ;
#648 = EDGE_CURVE ( 'NONE', #443, #205, #1531, .T. ) ;
#649 = VECTOR ( 'NONE', #919, 1000.000000000000000 ) ;
#650 = CARTESIAN_POINT ( 'NONE',  ( -18.60593496431778604, 0.000000000000000000, -4.400000000000000355 ) ) ;
#651 = LINE ( 'NONE', #1730, #806 ) ;
#652 = CIRCLE ( 'NONE', #1643, 1.449999999999999956 ) ;
#653 = ORIENTED_EDGE ( 'NONE', *, *, #1320, .F. ) ;
#654 = DIRECTION ( 'NONE',  ( 0.000000000000000000, 0.000000000000000000, 1.000000000000000000 ) ) ;
#655 = TOROIDAL_SURFACE ( 'NONE', #1741, 3.500000000000002665, 1.000000000000000000 ) ;
#656 = VERTEX_POINT ( 'NONE', #1063 ) ;
#657 = DIRECTION ( 'NONE',  ( -1.000000000000000000, 0.000000000000000000, 0.000000000000000000 ) ) ;
#658 = AXIS2_PLACEMENT_3D ( 'NONE', #1681, #1817, #202 ) ;
#659 = DIRECTION ( 'NONE',  ( 1.000000000000000000, 0.000000000000000000, 0.000000000000000000 ) ) ;
#660 = CIRCLE ( 'NONE', #314, 1.399999999999998579 ) ;
#661 = CYLINDRICAL_SURFACE ( 'NONE', #1234, 1.399999999999998579 ) ;
#662 = EDGE_CURVE ( 'NONE', #185, #656, #1282, .T. ) ;
#663 = VECTOR ( 'NONE', #444, 1000.000000000000000 ) ;
#664 = FACE_OUTER_BOUND ( 'NONE', #1663, .T. ) ;
#665 = ORIENTED_EDGE ( 'NONE', *, *, #1171, .T. ) ;
#666 = CARTESIAN_POINT ( 'NONE',  ( 1.449999999999999956, 11.62500000000000000, -1.000000000000000000 ) ) ;
#667 = EDGE_LOOP ( 'NONE', ( #1261, #132 ) ) ;
#668 = CYLINDRICAL_SURFACE ( 'NONE', #1400, 4.250000000000000000 ) ;
#669 = CARTESIAN_POINT ( 'NONE',  ( 36.99999999999999289, 17.75000000000000000, 3.000000000000000000 ) ) ;
#670 = CYLINDRICAL_SURFACE ( 'NONE', #62, 2.499999999999998668 ) ;
#671 = EDGE_LOOP ( 'NONE', ( #112, #331 ) ) ;
#672 = CARTESIAN_POINT ( 'NONE',  ( -23.50000000000000000, 18.75000000000000000, -2.000000000000000000 ) ) ;
#673 = ADVANCED_FACE ( 'NONE', ( #766 ), #636, .F. ) ;
#674 = ORIENTED_EDGE ( 'NONE', *, *, #1788, .F. ) ;
#675 = CARTESIAN_POINT ( 'NONE',  ( 38.49999999999999289, -0.2500000000000002220, -1.000000000000000000 ) ) ;
#676 = ORIENTED_EDGE ( 'NONE', *, *, #1754, .T. ) ;
#677 = FACE_OUTER_BOUND ( 'NONE', #1677, .T. ) ;
#678 = FACE_BOUND ( 'NONE', #1559, .T. ) ;
#679 = ORIENTED_EDGE ( 'NONE', *, *, #1845, .T. ) ;
#680 = DIRECTION ( 'NONE',  ( -0.000000000000000000, 0.000000000000000000, 1.000000000000000000 ) ) ;
#681 = CIRCLE ( 'NONE', #366, 2.500000000000002220 ) ;
#682 = ORIENTED_EDGE ( 'NONE', *, *, #1519, .F. ) ;
#683 = DIRECTION ( 'NONE',  ( 1.000000000000000000, 0.000000000000000000, 0.000000000000000000 ) ) ;
#684 = ORIENTED_EDGE ( 'NONE', *, *, #1662, .F. ) ;
#685 = DIRECTION ( 'NONE',  ( -1.000000000000000000, -1.398970545142586541E-16, 0.000000000000000000 ) ) ;
#686 = EDGE_CURVE ( 'NONE', #1441, #1649, #348, .T. ) ;
#687 = AXIS2_PLACEMENT_3D ( 'NONE', #137, #110, #1768 ) ;
#688 = DIRECTION ( 'NONE',  ( 1.000000000000000000, 0.000000000000000000, 0.000000000000000000 ) ) ;
#689 = CIRCLE ( 'NONE', #1775, 1.399999999999998579 ) ;
#690 = CARTESIAN_POINT ( 'NONE',  ( 4.250000000000000000, 3.750000000000000000, -1.000000000000000000 ) ) ;
#691 = FACE_BOUND ( 'NONE', #1450, .T. ) ;
#692 = DIRECTION ( 'NONE',  ( 1.000000000000000000, 0.000000000000000000, 0.000000000000000000 ) ) ;
#693 = CIRCLE ( 'NONE', #1777, 1.400000000000001910 ) ;
#694 = VERTEX_POINT ( 'NONE', #61 ) ;
#695 = DIRECTION ( 'NONE',  ( -0.000000000000000000, -0.000000000000000000, -1.000000000000000000 ) ) ;
#696 = EDGE_LOOP ( 'NONE', ( #731, #1113, #1078, #758 ) ) ;
#697 = FACE_OUTER_BOUND ( 'NONE', #1239, .T. ) ;
#698 = EDGE_CURVE ( 'NONE', #1036, #1903, #71, .T. ) ;
#699 = CARTESIAN_POINT ( 'NONE',  ( -1.449999999999999956, 11.62500000000000000, 3.000000000000000000 ) ) ;
#700 = DIRECTION ( 'NONE',  ( -1.000000000000000000, 0.000000000000000000, 0.000000000000000000 ) ) ;
#701 = CYLINDRICAL_SURFACE ( 'NONE', #1303, 1.499999999999994449 ) ;
#702 = EDGE_LOOP ( 'NONE', ( #1508, #1426, #1793, #90 ) ) ;
#703 = DIRECTION ( 'NONE',  ( -1.165808787618821953E-16, 1.000000000000000000, 0.000000000000000000 ) ) ;
#704 = APPLICATION_PROTOCOL_DEFINITION ( 'international standard', 'config_control_design', 1994, #892 ) ;
#705 = ORIENTED_EDGE ( 'NONE', *, *, #609, .T. ) ;
#706 = DIRECTION ( 'NONE',  ( 0.000000000000000000, 0.000000000000000000, 1.000000000000000000 ) ) ;
#707 = PRODUCT_DEFINITION_FORMATION_WITH_SPECIFIED_SOURCE ( 'ANY', '', #259, .NOT_KNOWN. ) ;
#708 = EDGE_CURVE ( 'NONE', #185, #1401, #726, .T. ) ;
#709 = PLANE ( 'NONE',  #1857 ) ;
#710 = DIRECTION ( 'NONE',  ( 0.000000000000000000, 0.000000000000000000, -1.000000000000000000 ) ) ;
#711 = DIRECTION ( 'NONE',  ( 0.000000000000000000, -1.000000000000000000, 0.000000000000000000 ) ) ;
#712 = EDGE_CURVE ( 'NONE', #507, #488, #1057, .T. ) ;
#713 = ORIENTED_EDGE ( 'NONE', *, *, #1819, .F. ) ;
#714 = LINE ( 'NONE', #139, #753 ) ;
#715 = AXIS2_PLACEMENT_3D ( 'NONE', #1372, #178, #330 ) ;
#716 = EDGE_LOOP ( 'NONE', ( #573, #80, #404, #621 ) ) ;
#717 = CARTESIAN_POINT ( 'NONE',  ( 18.59999999999999432, 18.75000000000000000, -1.000000000000000000 ) ) ;
#718 = DIRECTION ( 'NONE',  ( -0.000000000000000000, 0.000000000000000000, 1.000000000000000000 ) ) ;
#719 = FACE_BOUND ( 'NONE', #1411, .T. ) ;
#720 = DIRECTION ( 'NONE',  ( 1.000000000000000000, 0.000000000000000000, 0.000000000000000000 ) ) ;
#721 = AXIS2_PLACEMENT_3D ( 'NONE', #1164, #421, #1600 ) ;
#722 = EDGE_CURVE ( 'NONE', #290, #835, #981, .T. ) ;
#723 = VECTOR ( 'NONE', #1764, 1000.000000000000000 ) ;
#724 = ORIENTED_EDGE ( 'NONE', *, *, #712, .T. ) ;
#725 = DIRECTION ( 'NONE',  ( 1.000000000000000000, 0.000000000000000000, 0.000000000000000000 ) ) ;
#726 = CIRCLE ( 'NONE', #880, 3.499999999999999556 ) ;
#727 = ORIENTED_EDGE ( 'NONE', *, *, #25, .T. ) ;
#728 = DIRECTION ( 'NONE',  ( -0.000000000000000000, 0.000000000000000000, 1.000000000000000000 ) ) ;
#729 = CARTESIAN_POINT ( 'NONE',  ( -35.50000000000000000, -0.2500000000000002220, -1.000000000000000000 ) ) ;
#730 = EDGE_CURVE ( 'NONE', #559, #142, #1687, .T. ) ;
#731 = ORIENTED_EDGE ( 'NONE', *, *, #1260, .F. ) ;
#732 = EDGE_CURVE ( 'NONE', #588, #247, #161, .T. ) ;
#733 = ORIENTED_EDGE ( 'NONE', *, *, #1328, .F. ) ;
#734 = LINE ( 'NONE', #1023, #569 ) ;
#735 = AXIS2_PLACEMENT_3D ( 'NONE', #856, #420, #1444 ) ;
#736 = DIRECTION ( 'NONE',  ( -0.000000000000000000, 0.000000000000000000, 1.000000000000000000 ) ) ;
#737 = FACE_OUTER_BOUND ( 'NONE', #1761, .T. ) ;
#738 = PERSON_AND_ORGANIZATION_ROLE ( 'classification_officer' ) ;
#739 = EDGE_LOOP ( 'NONE', ( #1922, #1855, #87, #1375 ) ) ;
#740 = LINE ( 'NONE', #1327, #1769 ) ;
#741 = ORIENTED_EDGE ( 'NONE', *, *, #1507, .F. ) ;
#742 = DIRECTION ( 'NONE',  ( 1.000000000000000000, 0.000000000000000000, 0.000000000000000000 ) ) ;
#743 = VECTOR ( 'NONE', #1564, 1000.000000000000000 ) ;
#744 = EDGE_CURVE ( 'NONE', #1250, #292, #227, .T. ) ;
#745 = DIRECTION ( 'NONE',  ( 0.000000000000000000, 0.000000000000000000, -1.000000000000000000 ) ) ;
#746 = DIRECTION ( 'NONE',  ( 0.000000000000000000, 0.000000000000000000, 1.000000000000000000 ) ) ;
#747 = ORIENTED_EDGE ( 'NONE', *, *, #1661, .F. ) ;
#748 = DIRECTION ( 'NONE',  ( 1.000000000000000000, 0.000000000000000000, 0.000000000000000000 ) ) ;
#749 = CIRCLE ( 'NONE', #1835, 1.500000000000001332 ) ;
#750 = ORIENTED_EDGE ( 'NONE', *, *, #1047, .T. ) ;
#751 = FACE_OUTER_BOUND ( 'NONE', #1158, .T. ) ;
#752 = AXIS2_PLACEMENT_3D ( 'NONE', #101, #1103, #1242 ) ;
#753 = VECTOR ( 'NONE', #589, 1000.000000000000000 ) ;
#754 = EDGE_CURVE ( 'NONE', #1015, #619, #1187, .T. ) ;
#755 = LINE ( 'NONE', #1210, #1795 ) ;
#756 = ORIENTED_EDGE ( 'NONE', *, *, #1519, .T. ) ;
#757 = DIRECTION ( 'NONE',  ( -0.000000000000000000, 0.000000000000000000, 1.000000000000000000 ) ) ;
#758 = ORIENTED_EDGE ( 'NONE', *, *, #1029, .F. ) ;
#759 = FACE_OUTER_BOUND ( 'NONE', #1368, .T. ) ;
#760 = VERTEX_POINT ( 'NONE', #73 ) ;
#761 = CARTESIAN_POINT ( 'NONE',  ( 19.99999999999999289, 18.75000000000000000, -1.000000000000000000 ) ) ;
#762 = AXIS2_PLACEMENT_3D ( 'NONE', #1766, #437, #1331 ) ;
#763 = ORIENTED_EDGE ( 'NONE', *, *, #361, .F. ) ;
#764 = CARTESIAN_POINT ( 'NONE',  ( 38.49999999999999289, 17.75000000000000000, -1.000000000000000000 ) ) ;
#765 = ORIENTED_EDGE ( 'NONE', *, *, #1193, .T. ) ;
#766 = FACE_OUTER_BOUND ( 'NONE', #1060, .T. ) ;
#767 = EDGE_LOOP ( 'NONE', ( #897, #486 ) ) ;
#768 = AXIS2_PLACEMENT_3D ( 'NONE', #1132, #504, #815 ) ;
#769 = AXIS2_PLACEMENT_3D ( 'NONE', #323, #901, #1348 ) ;
#770 = DIRECTION ( 'NONE',  ( -0.000000000000000000, 0.000000000000000000, 1.000000000000000000 ) ) ;
#771 = AXIS2_PLACEMENT_3D ( 'NONE', #156, #1823, #748 ) ;
#772 = EDGE_LOOP ( 'NONE', ( #1802, #1049 ) ) ;
#773 = PLANE ( 'NONE',  #873 ) ;
#774 = ADVANCED_FACE ( 'NONE', ( #1847 ), #1427, .F. ) ;
#775 = CIRCLE ( 'NONE', #1772, 1.399999999999998579 ) ;
#776 = ORIENTED_EDGE ( 'NONE', *, *, #712, .F. ) ;
#777 = CARTESIAN_POINT ( 'NONE',  ( -16.49999999999999645, -19.25000000000000000, -2.000000000000000000 ) ) ;
#778 = CARTESIAN_POINT ( 'NONE',  ( 39.99999999999999289, 22.75000000000000000, -1.000000000000000000 ) ) ;
#779 = VECTOR ( 'NONE', #1633, 1000.000000000000000 ) ;
#780 = AXIS2_PLACEMENT_3D ( 'NONE', #401, #550, #378 ) ;
#781 = DIRECTION ( 'NONE',  ( -0.000000000000000000, 0.000000000000000000, 1.000000000000000000 ) ) ;
#782 = ORIENTED_EDGE ( 'NONE', *, *, #814, .F. ) ;
#783 = DIRECTION ( 'NONE',  ( -0.000000000000000000, 0.000000000000000000, 1.000000000000000000 ) ) ;
#784 = EDGE_CURVE ( 'NONE', #1394, #1708, #286, .T. ) ;
#785 = ORIENTED_EDGE ( 'NONE', *, *, #180, .T. ) ;
#786 = DIRECTION ( 'NONE',  ( -0.000000000000000000, 0.000000000000000000, 1.000000000000000000 ) ) ;
#787 = DIRECTION ( 'NONE',  ( -0.000000000000000000, 0.000000000000000000, 1.000000000000000000 ) ) ;
#788 = CC_DESIGN_PERSON_AND_ORGANIZATION_ASSIGNMENT ( #402, #451, ( #259 ) ) ;
#789 = ORIENTED_EDGE ( 'NONE', *, *, #1728, .T. ) ;
#790 = CARTESIAN_POINT ( 'NONE',  ( 17.49999999999999289, -19.25000000000000000, -2.000000000000000000 ) ) ;
#791 = CARTESIAN_POINT ( 'NONE',  ( 17.49999999999999289, -19.25000000000000000, -4.400000000000000355 ) ) ;
#792 = APPROVAL_DATE_TIME ( #1821, #140 ) ;
#793 = ORIENTED_EDGE ( 'NONE', *, *, #383, .F. ) ;
#794 = FACE_OUTER_BOUND ( 'NONE', #921, .T. ) ;
#795 = VERTEX_POINT ( 'NONE', #113 ) ;
#796 = CYLINDRICAL_SURFACE ( 'NONE', #1909, 1.399999999999998579 ) ;
#797 = DIRECTION ( 'NONE',  ( 1.000000000000000000, 0.000000000000000000, 0.000000000000000000 ) ) ;
#798 = ADVANCED_FACE ( 'NONE', ( #1409 ), #1570, .T. ) ;
#799 = PLANE ( 'NONE',  #93 ) ;
#800 = EDGE_CURVE ( 'NONE', #1128, #364, #91, .T. ) ;
#801 = CARTESIAN_POINT ( 'NONE',  ( -7.924999999999999822, 3.750000000000000000, -1.000000000000000000 ) ) ;
#802 = CIRCLE ( 'NONE', #715, 1.449999999999999956 ) ;
#803 = AXIS2_PLACEMENT_3D ( 'NONE', #1434, #1843, #109 ) ;
#804 = ORIENTED_EDGE ( 'NONE', *, *, #784, .F. ) ;
#805 = DIRECTION ( 'NONE',  ( 1.000000000000000000, 0.000000000000000000, 0.000000000000000000 ) ) ;
#806 = VECTOR ( 'NONE', #1834, 1000.000000000000000 ) ;
#807 = ORIENTED_EDGE ( 'NONE', *, *, #56, .F. ) ;
#808 = DIRECTION ( 'NONE',  ( -0.000000000000000000, 0.000000000000000000, 1.000000000000000000 ) ) ;
#809 = ORIENTED_EDGE ( 'NONE', *, *, #920, .F. ) ;
#810 = DIRECTION ( 'NONE',  ( 0.000000000000000000, 0.000000000000000000, 1.000000000000000000 ) ) ;
#811 = AXIS2_PLACEMENT_3D ( 'NONE', #1758, #1371, #926 ) ;
#812 = FACE_BOUND ( 'NONE', #417, .T. ) ;
#813 = AXIS2_PLACEMENT_3D ( 'NONE', #20, #426, #1598 ) ;
#814 = EDGE_CURVE ( 'NONE', #619, #1124, #520, .T. ) ;
#815 = DIRECTION ( 'NONE',  ( 1.000000000000000000, 0.000000000000000000, 0.000000000000000000 ) ) ;
#816 = EDGE_CURVE ( 'NONE', #1746, #1527, #1874, .T. ) ;
#817 = DIRECTION ( 'NONE',  ( 0.000000000000000000, 0.000000000000000000, 1.000000000000000000 ) ) ;
#818 = CARTESIAN_POINT ( 'NONE',  ( 16.49999999999998934, -19.25000000000000000, -2.000000000000000000 ) ) ;
#819 = ORIENTED_EDGE ( 'NONE', *, *, #1507, .T. ) ;
#820 = CARTESIAN_POINT ( 'NONE',  ( 19.99999999999999289, 18.75000000000000000, -1.000000000000000000 ) ) ;
#821 = ORIENTED_EDGE ( 'NONE', *, *, #413, .F. ) ;
#822 = CARTESIAN_POINT ( 'NONE',  ( -19.99999999999999645, 18.75000000000000000, -1.000000000000000000 ) ) ;
#823 = DIRECTION ( 'NONE',  ( -0.000000000000000000, 0.000000000000000000, 1.000000000000000000 ) ) ;
#824 = FACE_OUTER_BOUND ( 'NONE', #562, .T. ) ;
#825 = VERTEX_POINT ( 'NONE', #666 ) ;
#826 = EDGE_CURVE ( 'NONE', #760, #795, #449, .T. ) ;
#827 = LOCAL_TIME ( 15, 17, 37.00000000000000000, #288 ) ;
#828 = VERTEX_POINT ( 'NONE', #1856 ) ;
#829 = EDGE_CURVE ( 'NONE', #1763, #1353, #693, .T. ) ;
#830 = CARTESIAN_POINT ( 'NONE',  ( 36.99999999999999289, 17.75000000000000000, -1.000000000000000000 ) ) ;
#831 = ORIENTED_EDGE ( 'NONE', *, *, #1251, .T. ) ;
#832 = DIRECTION ( 'NONE',  ( 1.525031627232357891E-16, -1.000000000000000000, 0.000000000000000000 ) ) ;
#833 = CARTESIAN_POINT ( 'NONE',  ( 18.59406503568221325, -11.69525703388012516, -4.400000000000000355 ) ) ;
#834 = LINE ( 'NONE', #233, #1737 ) ;
#835 = VERTEX_POINT ( 'NONE', #971 ) ;
#836 = FACE_OUTER_BOUND ( 'NONE', #1231, .T. ) ;
#837 = VECTOR ( 'NONE', #1488, 1000.000000000000000 ) ;
#838 = EDGE_CURVE ( 'NONE', #17, #1708, #511, .T. ) ;
#839 = EDGE_LOOP ( 'NONE', ( #878, #31, #1604, #1494 ) ) ;
#840 = DIRECTION ( 'NONE',  ( 1.000000000000000000, 0.000000000000000000, 0.000000000000000000 ) ) ;
#841 = DATE_AND_TIME ( #1571, #428 ) ;
#842 = AXIS2_PLACEMENT_3D ( 'NONE', #1307, #1007, #725 ) ;
#843 = ORIENTED_EDGE ( 'NONE', *, *, #648, .F. ) ;
#844 = DIRECTION ( 'NONE',  ( -0.000000000000000000, 0.000000000000000000, 1.000000000000000000 ) ) ;
#845 = CARTESIAN_POINT ( 'NONE',  ( 18.59999999999999432, -19.25000000000000000, -1.000000000000000000 ) ) ;
#846 = DIRECTION ( 'NONE',  ( 1.000000000000000000, 0.000000000000000000, 0.000000000000000000 ) ) ;
#847 = AXIS2_PLACEMENT_3D ( 'NONE', #1785, #1323, #574 ) ;
#848 = DIRECTION ( 'NONE',  ( 1.000000000000000000, 0.000000000000000000, 0.000000000000000000 ) ) ;
#849 = AXIS2_PLACEMENT_3D ( 'NONE', #454, #601, #415 ) ;
#850 = VERTEX_POINT ( 'NONE', #229 ) ;
#851 = DIRECTION ( 'NONE',  ( 1.000000000000000000, 0.000000000000000000, 0.000000000000000000 ) ) ;
#852 = EDGE_CURVE ( 'NONE', #1457, #34, #103, .T. ) ;
#853 = ORIENTED_EDGE ( 'NONE', *, *, #722, .T. ) ;
#854 = DIRECTION ( 'NONE',  ( -0.000000000000000000, -0.000000000000000000, -1.000000000000000000 ) ) ;
#855 = EDGE_CURVE ( 'NONE', #497, #207, #910, .T. ) ;
#856 = CARTESIAN_POINT ( 'NONE',  ( -36.99999999999999289, 17.75000000000000000, -1.000000000000000000 ) ) ;
#857 = AXIS2_PLACEMENT_3D ( 'NONE', #427, #1886, #874 ) ;
#858 = FACE_BOUND ( 'NONE', #952, .T. ) ;
#859 = DIRECTION ( 'NONE',  ( -0.000000000000000000, 0.000000000000000000, 1.000000000000000000 ) ) ;
#860 = ORIENTED_EDGE ( 'NONE', *, *, #470, .T. ) ;
#861 = CARTESIAN_POINT ( 'NONE',  ( -19.99999999999999645, 18.75000000000000000, -4.400000000000000355 ) ) ;
#862 = VERTEX_POINT ( 'NONE', #1273 ) ;
#863 = CARTESIAN_POINT ( 'NONE',  ( -36.99999999999999289, 17.75000000000000000, -1.000000000000000000 ) ) ;
#864 = PERSON ( 'UNSPECIFIED', 'UNSPECIFIED', 'UNSPECIFIED', ('UNSPECIFIED'), ('UNSPECIFIED'), ('UNSPECIFIED') ) ;
#865 = ADVANCED_FACE ( 'NONE', ( #541 ), #506, .F. ) ;
#866 = FACE_OUTER_BOUND ( 'NONE', #1096, .T. ) ;
#867 = DIRECTION ( 'NONE',  ( 1.000000000000000000, 0.000000000000000000, 0.000000000000000000 ) ) ;
#868 = ORIENTED_EDGE ( 'NONE', *, *, #400, .F. ) ;
#869 = CARTESIAN_POINT ( 'NONE',  ( 4.250000000000000000, 3.750000000000000000, -1.000000000000000000 ) ) ;
#870 = CIRCLE ( 'NONE', #561, 1.449999999999999956 ) ;
#871 = VERTEX_POINT ( 'NONE', #1721 ) ;
#872 = DIRECTION ( 'NONE',  ( -1.000000000000000000, 0.000000000000000000, 0.000000000000000000 ) ) ;
#873 = AXIS2_PLACEMENT_3D ( 'NONE', #1797, #757, #325 ) ;
#874 = DIRECTION ( 'NONE',  ( 1.000000000000000000, 0.000000000000000000, 0.000000000000000000 ) ) ;
#875 = ADVANCED_FACE ( 'NONE', ( #432 ), #1595, .T. ) ;
#876 = FACE_BOUND ( 'NONE', #373, .T. ) ;
#877 = AXIS2_PLACEMENT_3D ( 'NONE', #1501, #176, #199 ) ;
#878 = ORIENTED_EDGE ( 'NONE', *, *, #1171, .F. ) ;
#879 = CARTESIAN_POINT ( 'NONE',  ( 7.924999999999999822, 3.750000000000000000, -1.000000000000000000 ) ) ;
#880 = AXIS2_PLACEMENT_3D ( 'NONE', #169, #1495, #1799 ) ;
#881 = ORIENTED_EDGE ( 'NONE', *, *, #555, .F. ) ;
#882 = DIRECTION ( 'NONE',  ( 1.000000000000000000, 0.000000000000000000, 0.000000000000000000 ) ) ;
#883 = CARTESIAN_POINT ( 'NONE',  ( 0.000000000000000000, 11.62500000000000000, 3.000000000000000000 ) ) ;
#884 = FACE_OUTER_BOUND ( 'NONE', #459, .T. ) ;
#885 = PERSON_AND_ORGANIZATION ( #864, #1227 ) ;
#886 = ORIENTED_EDGE ( 'NONE', *, *, #1301, .F. ) ;
#887 = CARTESIAN_POINT ( 'NONE',  ( 19.99999999999999289, 18.75000000000000000, -2.000000000000000000 ) ) ;
#888 = EDGE_CURVE ( 'NONE', #237, #795, #1493, .T. ) ;
#889 = ORIENTED_EDGE ( 'NONE', *, *, #321, .T. ) ;
#890 = CARTESIAN_POINT ( 'NONE',  ( -19.99999999999999645, -19.25000000000000000, -4.400000000000000355 ) ) ;
#891 = LINE ( 'NONE', #778, #1278 ) ;
#892 = APPLICATION_CONTEXT ( 'configuration controlled 3d designs of mechanical parts and assemblies' ) ;
#893 = CYLINDRICAL_SURFACE ( 'NONE', #584, 1.449999999999999956 ) ;
#894 = EDGE_LOOP ( 'NONE', ( #1505, #316 ) ) ;
#895 = DIRECTION ( 'NONE',  ( 0.000000000000000000, 0.000000000000000000, -1.000000000000000000 ) ) ;
#896 = EDGE_CURVE ( 'NONE', #1482, #633, #16, .T. ) ;
#897 = ORIENTED_EDGE ( 'NONE', *, *, #223, .T. ) ;
#898 = CYLINDRICAL_SURFACE ( 'NONE', #813, 1.500000000000001332 ) ;
#899 = AXIS2_PLACEMENT_3D ( 'NONE', #57, #1794, #1671 ) ;
#900 = CIRCLE ( 'NONE', #1668, 1.499999999999994449 ) ;
#901 = DIRECTION ( 'NONE',  ( -0.000000000000000000, -0.000000000000000000, -1.000000000000000000 ) ) ;
#902 = DIRECTION ( 'NONE',  ( -0.000000000000000000, -0.000000000000000000, -1.000000000000000000 ) ) ;
#903 = ORIENTED_EDGE ( 'NONE', *, *, #1845, .F. ) ;
#904 = DIRECTION ( 'NONE',  ( -0.000000000000000000, 0.000000000000000000, 1.000000000000000000 ) ) ;
#905 = AXIS2_PLACEMENT_3D ( 'NONE', #822, #1573, #1412 ) ;
#906 = VERTEX_POINT ( 'NONE', #1021 ) ;
#907 = CARTESIAN_POINT ( 'NONE',  ( -38.49999999999998579, -0.2500000000000000555, -1.000000000000000000 ) ) ;
#908 = AXIS2_PLACEMENT_3D ( 'NONE', #777, #500, #45 ) ;
#909 = EDGE_CURVE ( 'NONE', #1086, #588, #714, .T. ) ;
#910 = CIRCLE ( 'NONE', #937, 1.399999999999998579 ) ;
#911 = ORIENTED_EDGE ( 'NONE', *, *, #1545, .F. ) ;
#912 = EDGE_CURVE ( 'NONE', #1699, #247, #1771, .T. ) ;
#913 = CARTESIAN_POINT ( 'NONE',  ( -36.99999999999999289, -0.2500000000000002220, -1.000000000000000000 ) ) ;
#914 = ORIENTED_EDGE ( 'NONE', *, *, #1090, .F. ) ;
#915 = DIRECTION ( 'NONE',  ( -1.000000000000000000, 0.000000000000000000, 0.000000000000000000 ) ) ;
#916 = ORIENTED_EDGE ( 'NONE', *, *, #1251, .F. ) ;
#917 = DIRECTION ( 'NONE',  ( -0.000000000000000000, 0.000000000000000000, 1.000000000000000000 ) ) ;
#918 = ADVANCED_FACE ( 'NONE', ( #1037 ), #1031, .F. ) ;
#919 = DIRECTION ( 'NONE',  ( 8.673617379884035472E-16, -1.000000000000000000, 0.000000000000000000 ) ) ;
#920 = EDGE_CURVE ( 'NONE', #479, #266, #1749, .T. ) ;
#921 = EDGE_LOOP ( 'NONE', ( #195, #924, #1833, #1537 ) ) ;
#922 = PLANE ( 'NONE',  #1237 ) ;
#923 = EDGE_CURVE ( 'NONE', #1421, #1166, #1629, .T. ) ;
#924 = ORIENTED_EDGE ( 'NONE', *, *, #838, .T. ) ;
#925 = DIRECTION ( 'NONE',  ( 1.000000000000000000, 0.000000000000000000, 0.000000000000000000 ) ) ;
#926 = DIRECTION ( 'NONE',  ( 1.000000000000000000, 0.000000000000000000, 0.000000000000000000 ) ) ;
#927 = VECTOR ( 'NONE', #39, 1000.000000000000000 ) ;
#928 = DIRECTION ( 'NONE',  ( 1.000000000000000000, 0.000000000000000000, 0.000000000000000000 ) ) ;
#929 = EDGE_CURVE ( 'NONE', #1903, #1036, #1435, .T. ) ;
#930 = ORIENTED_EDGE ( 'NONE', *, *, #923, .F. ) ;
#931 = LINE ( 'NONE', #183, #1268 ) ;
#932 = VECTOR ( 'NONE', #638, 1000.000000000000000 ) ;
#933 = ORIENTED_EDGE ( 'NONE', *, *, #732, .F. ) ;
#934 = FACE_OUTER_BOUND ( 'NONE', #1253, .T. ) ;
#935 = DIRECTION ( 'NONE',  ( -0.000000000000000000, 0.000000000000000000, 1.000000000000000000 ) ) ;
#936 = VECTOR ( 'NONE', #695, 1000.000000000000000 ) ;
#937 = AXIS2_PLACEMENT_3D ( 'NONE', #820, #238, #683 ) ;
#938 = CARTESIAN_POINT ( 'NONE',  ( 0.000000000000000000, 3.750000000000000000, 3.000000000000000000 ) ) ;
#939 = VERTEX_POINT ( 'NONE', #879 ) ;
#940 = CARTESIAN_POINT ( 'NONE',  ( -19.99999999999999645, 18.75000000000000000, -2.000000000000000000 ) ) ;
#941 = EDGE_LOOP ( 'NONE', ( #853, #339, #1858, #916 ) ) ;
#942 = LINE ( 'NONE', #1207, #1710 ) ;
#943 = FACE_OUTER_BOUND ( 'NONE', #463, .T. ) ;
#944 = EDGE_CURVE ( 'NONE', #1124, #1062, #262, .T. ) ;
#945 = DIRECTION ( 'NONE',  ( -0.000000000000000000, 0.000000000000000000, 1.000000000000000000 ) ) ;
#946 = ORIENTED_EDGE ( 'NONE', *, *, #354, .T. ) ;
#947 = AXIS2_PLACEMENT_3D ( 'NONE', #1679, #349, #1541 ) ;
#948 = DIRECTION ( 'NONE',  ( -1.000000000000000000, 0.000000000000000000, 0.000000000000000000 ) ) ;
#949 = EDGE_LOOP ( 'NONE', ( #49, #1602, #1561, #881 ) ) ;
#950 = DIRECTION ( 'NONE',  ( -0.000000000000000000, 0.000000000000000000, 1.000000000000000000 ) ) ;
#951 = ADVANCED_FACE ( 'NONE', ( #130 ), #5, .F. ) ;
#952 = EDGE_LOOP ( 'NONE', ( #1846, #1191 ) ) ;
#953 = DIRECTION ( 'NONE',  ( 1.000000000000000000, 0.000000000000000000, 0.000000000000000000 ) ) ;
#954 = DIRECTION ( 'NONE',  ( 0.000000000000000000, 0.000000000000000000, 1.000000000000000000 ) ) ;
#955 = CARTESIAN_POINT ( 'NONE',  ( 8.971198273083001962E-16, -7.695257033880126940, -4.400000000000000355 ) ) ;
#956 = EDGE_LOOP ( 'NONE', ( #1623, #727 ) ) ;
#957 = CYLINDRICAL_SURFACE ( 'NONE', #307, 1.500000000000001332 ) ;
#958 = AXIS2_PLACEMENT_3D ( 'NONE', #940, #641, #1517 ) ;
#959 = ORIENTED_EDGE ( 'NONE', *, *, #1701, .F. ) ;
#960 = CARTESIAN_POINT ( 'NONE',  ( 0.000000000000000000, -4.125000000000000000, 3.000000000000000000 ) ) ;
#961 = ORIENTED_EDGE ( 'NONE', *, *, #896, .T. ) ;
#962 = DIRECTION ( 'NONE',  ( -0.000000000000000000, 0.000000000000000000, 1.000000000000000000 ) ) ;
#963 = DIRECTION ( 'NONE',  ( 0.000000000000000000, -0.000000000000000000, -1.000000000000000000 ) ) ;
#964 = CIRCLE ( 'NONE', #134, 3.500000000000003109 ) ;
#965 = CARTESIAN_POINT ( 'NONE',  ( -18.59999999999999432, 18.75000000000000000, -4.400000000000000355 ) ) ;
#966 = VECTOR ( 'NONE', #1732, 1000.000000000000000 ) ;
#967 = EDGE_CURVE ( 'NONE', #1074, #529, #1898, .T. ) ;
#968 = CARTESIAN_POINT ( 'NONE',  ( 38.49999999999999289, 17.75000000000000000, -1.000000000000000000 ) ) ;
#969 = CARTESIAN_POINT ( 'NONE',  ( -38.49999999999999289, 17.75000000000000000, -1.000000000000000000 ) ) ;
#970 = ORIENTED_EDGE ( 'NONE', *, *, #1535, .T. ) ;
#971 = CARTESIAN_POINT ( 'NONE',  ( -39.99999999999999289, 22.75000000000000000, 3.000000000000000000 ) ) ;
#972 = ORIENTED_EDGE ( 'NONE', *, *, #400, .T. ) ;
#973 = CARTESIAN_POINT ( 'NONE',  ( 39.99999999999999289, 6.100126508929430379E-15, -1.000000000000000000 ) ) ;
#974 = CARTESIAN_POINT ( 'NONE',  ( 0.000000000000000000, 0.000000000000000000, 3.000000000000000000 ) ) ;
#975 = LINE ( 'NONE', #1404, #1390 ) ;
#976 = EDGE_CURVE ( 'NONE', #1421, #1351, #740, .T. ) ;
#977 = ORIENTED_EDGE ( 'NONE', *, *, #1631, .T. ) ;
#978 = DIRECTION ( 'NONE',  ( 1.000000000000000000, 0.000000000000000000, 0.000000000000000000 ) ) ;
#979 = AXIS2_PLACEMENT_3D ( 'NONE', #338, #787, #1377 ) ;
#980 = ORIENTED_EDGE ( 'NONE', *, *, #1418, .T. ) ;
#981 = LINE ( 'NONE', #1582, #966 ) ;
#982 = PERSON_AND_ORGANIZATION ( #864, #1227 ) ;
#983 = ORIENTED_EDGE ( 'NONE', *, *, #1617, .T. ) ;
#984 = LINE ( 'NONE', #533, #1520 ) ;
#985 = CARTESIAN_POINT ( 'NONE',  ( -23.49999999999999645, -19.25000000000000000, -1.000000000000000000 ) ) ;
#986 = DIRECTION ( 'NONE',  ( 1.000000000000000000, 0.000000000000000000, 0.000000000000000000 ) ) ;
#987 = CIRCLE ( 'NONE', #150, 2.500000000000002220 ) ;
#988 = FACE_OUTER_BOUND ( 'NONE', #1006, .T. ) ;
#989 = FACE_OUTER_BOUND ( 'NONE', #696, .T. ) ;
#990 = ADVANCED_FACE ( 'NONE', ( #1159 ), #1335, .T. ) ;
#991 = ORIENTED_EDGE ( 'NONE', *, *, #609, .F. ) ;
#992 = DIRECTION ( 'NONE',  ( 0.000000000000000000, 0.000000000000000000, -1.000000000000000000 ) ) ;
#993 = DIRECTION ( 'NONE',  ( 0.000000000000000000, 0.000000000000000000, 1.000000000000000000 ) ) ;
#994 = CIRCLE ( 'NONE', #958, 2.500000000000002220 ) ;
#995 = ADVANCED_FACE ( 'NONE', ( #1921 ), #1743, .F. ) ;
#996 = AXIS2_PLACEMENT_3D ( 'NONE', #1165, #859, #1739 ) ;
#997 = VERTEX_POINT ( 'NONE', #275 ) ;
#998 = FACE_OUTER_BOUND ( 'NONE', #1110, .T. ) ;
#999 = CIRCLE ( 'NONE', #471, 2.499999999999998668 ) ;
#1000 = CYLINDRICAL_SURFACE ( 'NONE', #1360, 2.500000000000002220 ) ;
#1001 = CIRCLE ( 'NONE', #539, 2.500000000000002220 ) ;
#1002 = FACE_BOUND ( 'NONE', #230, .T. ) ;
#1003 = DIRECTION ( 'NONE',  ( -0.000000000000000000, 0.000000000000000000, 1.000000000000000000 ) ) ;
#1004 = VECTOR ( 'NONE', #530, 1000.000000000000000 ) ;
#1005 = AXIS2_PLACEMENT_3D ( 'NONE', #960, #1540, #1560 ) ;
#1006 = EDGE_LOOP ( 'NONE', ( #92, #705, #313, #1770, #318, #46, #228, #972, #600, #886, #831, #1257 ) ) ;
#1007 = DIRECTION ( 'NONE',  ( -0.000000000000000000, 0.000000000000000000, 1.000000000000000000 ) ) ;
#1008 = ADVANCED_FACE ( 'NONE', ( #1753 ), #1014, .F. ) ;
#1009 = ORIENTED_EDGE ( 'NONE', *, *, #1131, .F. ) ;
#1010 = CYLINDRICAL_SURFACE ( 'NONE', #1552, 1.500000000000001332 ) ;
#1011 = DIRECTION ( 'NONE',  ( -0.000000000000000000, 0.000000000000000000, 1.000000000000000000 ) ) ;
#1012 = DIRECTION ( 'NONE',  ( -0.000000000000000000, 0.000000000000000000, 1.000000000000000000 ) ) ;
#1013 = EDGE_LOOP ( 'NONE', ( #324, #1720, #276, #959 ) ) ;
#1014 = CYLINDRICAL_SURFACE ( 'NONE', #184, 1.500000000000001332 ) ;
#1015 = VERTEX_POINT ( 'NONE', #764 ) ;
#1016 = CARTESIAN_POINT ( 'NONE',  ( 7.924999999999999822, 3.750000000000000000, 3.000000000000000000 ) ) ;
#1017 = EDGE_CURVE ( 'NONE', #34, #1746, #611, .T. ) ;
#1018 = CARTESIAN_POINT ( 'NONE',  ( -22.50000000000000000, 18.75000000000000000, -4.400000000000000355 ) ) ;
#1019 = CARTESIAN_POINT ( 'NONE',  ( -19.99999999999999645, -22.75000000000000000, -1.000000000000000000 ) ) ;
#1020 = ORIENTED_EDGE ( 'NONE', *, *, #1701, .T. ) ;
#1021 = CARTESIAN_POINT ( 'NONE',  ( -18.60593496431778604, -11.69525703388013049, -4.400000000000000355 ) ) ;
#1022 = ORIENTED_EDGE ( 'NONE', *, *, #1066, .F. ) ;
#1023 = CARTESIAN_POINT ( 'NONE',  ( 22.49999999999999645, 18.75000000000000000, -4.400000000000000355 ) ) ;
#1024 = AXIS2_PLACEMENT_3D ( 'NONE', #1548, #1407, #236 ) ;
#1025 = CIRCLE ( 'NONE', #188, 1.399999999999998579 ) ;
#1026 = CLOSED_SHELL ( 'NONE', ( #951, #1370, #865, #1599, #1596, #322, #14, #1235, #1904, #346, #798, #1745, #875, #1247, #1464, #1689, #148, #1355, #1008, #510, #333, #450, #1901, #43, #1275, #485, #1214, #1806, #481, #1861, #81, #1393, #592, #289, #246, #371, #673, #1180, #1781, #1818, #628, #1698, #1035, #995, #990, #918, #312, #66, #1486, #301, #94, #1093, #1067, #774, #1913, #461, #1443, #162, #462, #1321, #518 ) ) ;
#1027 = DIRECTION ( 'NONE',  ( -0.000000000000000000, 0.000000000000000000, 1.000000000000000000 ) ) ;
#1028 = CARTESIAN_POINT ( 'NONE',  ( 0.000000000000000000, 11.62500000000000000, 3.000000000000000000 ) ) ;
#1029 = EDGE_CURVE ( 'NONE', #1211, #1581, #994, .T. ) ;
#1030 = EDGE_LOOP ( 'NONE', ( #776, #684, #369, #1798 ) ) ;
#1031 = PLANE ( 'NONE',  #107 ) ;
#1032 = ORIENTED_EDGE ( 'NONE', *, *, #1496, .T. ) ;
#1033 = FACE_OUTER_BOUND ( 'NONE', #1632, .T. ) ;
#1034 = CARTESIAN_POINT ( 'NONE',  ( -19.99999999999999645, 18.75000000000000000, -2.000000000000000000 ) ) ;
#1035 = ADVANCED_FACE ( 'NONE', ( #1344, #624 ), #773, .F. ) ;
#1036 = VERTEX_POINT ( 'NONE', #1638 ) ;
#1037 = FACE_OUTER_BOUND ( 'NONE', #1733, .T. ) ;
#1038 = ORIENTED_EDGE ( 'NONE', *, *, #896, .F. ) ;
#1039 = LINE ( 'NONE', #591, #779 ) ;
#1040 = CC_DESIGN_APPROVAL ( #197, ( #1170 ) ) ;
#1041 = APPROVAL_ROLE ( '' ) ;
#1042 = EDGE_CURVE ( 'NONE', #617, #475, #1650, .T. ) ;
#1043 = ORIENTED_EDGE ( 'NONE', *, *, #505, .T. ) ;
#1044 = DIRECTION ( 'NONE',  ( 1.000000000000000000, 0.000000000000000000, 0.000000000000000000 ) ) ;
#1045 = EDGE_LOOP ( 'NONE', ( #1500, #542, #1272, #1038 ) ) ;
#1046 = DIRECTION ( 'NONE',  ( 1.000000000000000000, 0.000000000000000000, 0.000000000000000000 ) ) ;
#1047 = EDGE_CURVE ( 'NONE', #218, #828, #125, .T. ) ;
#1048 = VECTOR ( 'NONE', #536, 1000.000000000000000 ) ;
#1049 = ORIENTED_EDGE ( 'NONE', *, *, #170, .F. ) ;
#1050 = AXIS2_PLACEMENT_3D ( 'NONE', #422, #1759, #1317 ) ;
#1051 = DIRECTION ( 'NONE',  ( 1.000000000000000000, 0.000000000000000000, 0.000000000000000000 ) ) ;
#1052 = SHAPE_DEFINITION_REPRESENTATION ( #1591, #1713 ) ;
#1053 = CIRCLE ( 'NONE', #1583, 1.000000000000000000 ) ;
#1054 = ORIENTED_EDGE ( 'NONE', *, *, #1047, .F. ) ;
#1055 = CARTESIAN_POINT ( 'NONE',  ( 17.49999999999999289, 18.75000000000000000, -4.400000000000000355 ) ) ;
#1056 = ORIENTED_EDGE ( 'NONE', *, *, #558, .T. ) ;
#1057 = LINE ( 'NONE', #1652, #1217 ) ;
#1058 = EDGE_CURVE ( 'NONE', #1457, #1527, #317, .T. ) ;
#1059 = CARTESIAN_POINT ( 'NONE',  ( 1.450000000000000178, -4.125000000000000000, -1.000000000000000000 ) ) ;
#1060 = EDGE_LOOP ( 'NONE', ( #1568, #477, #63, #612 ) ) ;
#1061 = CARTESIAN_POINT ( 'NONE',  ( -19.99999999999999645, 18.75000000000000000, -1.000000000000000000 ) ) ;
#1062 = VERTEX_POINT ( 'NONE', #1803 ) ;
#1063 = CARTESIAN_POINT ( 'NONE',  ( -17.49999999999999645, -19.25000000000000000, -2.000000000000000000 ) ) ;
#1064 = ORIENTED_EDGE ( 'NONE', *, *, #201, .F. ) ;
#1065 = FACE_OUTER_BOUND ( 'NONE', #772, .T. ) ;
#1066 = EDGE_CURVE ( 'NONE', #6, #1789, #596, .T. ) ;
#1067 = ADVANCED_FACE ( 'NONE', ( #173 ), #498, .F. ) ;
#1068 = PERSON_AND_ORGANIZATION ( #864, #1227 ) ;
#1069 = ORIENTED_EDGE ( 'NONE', *, *, #1347, .T. ) ;
#1070 = DIRECTION ( 'NONE',  ( 0.000000000000000000, -1.000000000000000000, 0.000000000000000000 ) ) ;
#1071 = ORIENTED_EDGE ( 'NONE', *, *, #361, .T. ) ;
#1072 = CARTESIAN_POINT ( 'NONE',  ( 40.00000000000000000, -22.75000000000000000, -1.000000000000000000 ) ) ;
#1073 = DIRECTION ( 'NONE',  ( 1.000000000000000000, 0.000000000000000000, 0.000000000000000000 ) ) ;
#1074 = VERTEX_POINT ( 'NONE', #1222 ) ;
#1075 = DIRECTION ( 'NONE',  ( 1.000000000000000000, 0.000000000000000000, 0.000000000000000000 ) ) ;
#1076 = DIRECTION ( 'NONE',  ( -0.000000000000000000, 0.000000000000000000, 1.000000000000000000 ) ) ;
#1077 = VECTOR ( 'NONE', #225, 1000.000000000000000 ) ;
#1078 = ORIENTED_EDGE ( 'NONE', *, *, #555, .T. ) ;
#1079 = DIRECTION ( 'NONE',  ( -0.000000000000000000, 0.000000000000000000, 1.000000000000000000 ) ) ;
#1080 = EDGE_CURVE ( 'NONE', #205, #359, #900, .T. ) ;
#1081 = AXIS2_PLACEMENT_3D ( 'NONE', #1618, #700, #126 ) ;
#1082 = ORIENTED_EDGE ( 'NONE', *, *, #1143, .T. ) ;
#1083 = DIRECTION ( 'NONE',  ( 1.000000000000000000, 0.000000000000000000, 0.000000000000000000 ) ) ;
#1084 = PLANE ( 'NONE',  #947 ) ;
#1085 = CIRCLE ( 'NONE', #1367, 1.399999999999998579 ) ;
#1086 = VERTEX_POINT ( 'NONE', #24 ) ;
#1087 = DIRECTION ( 'NONE',  ( 1.000000000000000000, 0.000000000000000000, 0.000000000000000000 ) ) ;
#1088 = AXIS2_PLACEMENT_3D ( 'NONE', #216, #808, #840 ) ;
#1089 = AXIS2_PLACEMENT_3D ( 'NONE', #861, #291, #282 ) ;
#1090 = EDGE_CURVE ( 'NONE', #218, #352, #931, .T. ) ;
#1091 = ORIENTED_EDGE ( 'NONE', *, *, #572, .T. ) ;
#1092 = CYLINDRICAL_SURFACE ( 'NONE', #98, 1.400000000000001910 ) ;
#1093 = ADVANCED_FACE ( 'NONE', ( #468, #478 ), #922, .F. ) ;
#1094 = ORIENTED_EDGE ( 'NONE', *, *, #1717, .F. ) ;
#1095 = CARTESIAN_POINT ( 'NONE',  ( 0.000000000000000000, -4.125000000000000000, -1.000000000000000000 ) ) ;
#1096 = EDGE_LOOP ( 'NONE', ( #482, #765, #860, #1680 ) ) ;
#1097 = CARTESIAN_POINT ( 'NONE',  ( 1.449999999999999956, 11.62500000000000000, 3.000000000000000000 ) ) ;
#1098 = FACE_OUTER_BOUND ( 'NONE', #1594, .T. ) ;
#1099 = DIRECTION ( 'NONE',  ( 1.000000000000000000, 0.000000000000000000, 0.000000000000000000 ) ) ;
#1100 = ORIENTED_EDGE ( 'NONE', *, *, #280, .F. ) ;
#1101 = FACE_OUTER_BOUND ( 'NONE', #1206, .T. ) ;
#1102 = ORIENTED_EDGE ( 'NONE', *, *, #1058, .F. ) ;
#1103 = DIRECTION ( 'NONE',  ( 0.000000000000000000, -1.000000000000000000, 0.000000000000000000 ) ) ;
#1104 = CARTESIAN_POINT ( 'NONE',  ( -23.50000000000000000, 18.75000000000000000, -1.000000000000000000 ) ) ;
#1105 = VERTEX_POINT ( 'NONE', #1204 ) ;
#1106 = DIRECTION ( 'NONE',  ( -0.000000000000000000, 0.000000000000000000, 1.000000000000000000 ) ) ;
#1107 = DIRECTION ( 'NONE',  ( 1.000000000000000000, 0.000000000000000000, 0.000000000000000000 ) ) ;
#1108 = CARTESIAN_POINT ( 'NONE',  ( -1.450000000000000178, -4.125000000000000000, -1.000000000000000000 ) ) ;
#1109 = AXIS2_PLACEMENT_3D ( 'NONE', #407, #823, #1863 ) ;
#1110 = EDGE_LOOP ( 'NONE', ( #763, #1637, #1916, #793 ) ) ;
#1111 = FACE_OUTER_BOUND ( 'NONE', #467, .T. ) ;
#1112 = VECTOR ( 'NONE', #1259, 1000.000000000000000 ) ;
#1113 = ORIENTED_EDGE ( 'NONE', *, *, #1885, .F. ) ;
#1114 = CARTESIAN_POINT ( 'NONE',  ( -9.375000000000000000, 3.750000000000000000, -1.000000000000000000 ) ) ;
#1115 = AXIS2_PLACEMENT_3D ( 'NONE', #1528, #527, #1695 ) ;
#1116 = AXIS2_PLACEMENT_3D ( 'NONE', #1822, #1547, #1248 ) ;
#1117 = VERTEX_POINT ( 'NONE', #1055 ) ;
#1118 = DIRECTION ( 'NONE',  ( 1.000000000000000000, 0.000000000000000000, 0.000000000000000000 ) ) ;
#1119 = EDGE_CURVE ( 'NONE', #1811, #1723, #652, .T. ) ;
#1120 = FACE_OUTER_BOUND ( 'NONE', #1030, .T. ) ;
#1121 = AXIS2_PLACEMENT_3D ( 'NONE', #1338, #418, #872 ) ;
#1122 = EDGE_CURVE ( 'NONE', #522, #610, #1209, .T. ) ;
#1123 = CYLINDRICAL_SURFACE ( 'NONE', #768, 1.399999999999998579 ) ;
#1124 = VERTEX_POINT ( 'NONE', #32 ) ;
#1125 = CARTESIAN_POINT ( 'NONE',  ( 18.59999999999999432, -19.25000000000000000, -4.400000000000000355 ) ) ;
#1126 = ORIENTED_EDGE ( 'NONE', *, *, #1631, .F. ) ;
#1127 = DATE_AND_TIME ( #1274, #827 ) ;
#1128 = VERTEX_POINT ( 'NONE', #1196 ) ;
#1129 = CARTESIAN_POINT ( 'NONE',  ( 19.99999999999999289, -19.25000000000000000, -4.400000000000000355 ) ) ;
#1130 = DIRECTION ( 'NONE',  ( 1.000000000000000000, 0.000000000000000000, 0.000000000000000000 ) ) ;
#1131 = EDGE_CURVE ( 'NONE', #614, #207, #50, .T. ) ;
#1132 = CARTESIAN_POINT ( 'NONE',  ( -19.99999999999999645, -19.25000000000000000, -4.400000000000000355 ) ) ;
#1133 = FACE_BOUND ( 'NONE', #629, .T. ) ;
#1134 = ORIENTED_EDGE ( 'NONE', *, *, #180, .F. ) ;
#1135 = DIRECTION ( 'NONE',  ( 0.000000000000000000, 0.000000000000000000, -1.000000000000000000 ) ) ;
#1136 = EDGE_LOOP ( 'NONE', ( #1091, #425, #499, #911 ) ) ;
#1137 = CYLINDRICAL_SURFACE ( 'NONE', #40, 1.449999999999999956 ) ;
#1138 = DIRECTION ( 'NONE',  ( 0.000000000000000000, 0.000000000000000000, -1.000000000000000000 ) ) ;
#1139 = AXIS2_PLACEMENT_3D ( 'NONE', #883, #1292, #1314 ) ;
#1140 = DIRECTION ( 'NONE',  ( 0.000000000000000000, 0.000000000000000000, 1.000000000000000000 ) ) ;
#1141 = CIRCLE ( 'NONE', #1109, 1.500000000000001332 ) ;
#1142 = CARTESIAN_POINT ( 'NONE',  ( 0.000000000000000000, 3.750000000000000000, -1.000000000000000000 ) ) ;
#1143 = EDGE_CURVE ( 'NONE', #142, #1105, #36, .T. ) ;
#1144 = VECTOR ( 'NONE', #515, 1000.000000000000000 ) ;
#1145 = EDGE_LOOP ( 'NONE', ( #399, #1611, #243, #1686 ) ) ;
#1146 = EDGE_CURVE ( 'NONE', #1903, #1581, #460, .T. ) ;
#1147 = CARTESIAN_POINT ( 'NONE',  ( 0.000000000000000000, 11.62500000000000000, 3.000000000000000000 ) ) ;
#1148 = SECURITY_CLASSIFICATION_LEVEL ( 'unclassified' ) ;
#1149 = AXIS2_PLACEMENT_3D ( 'NONE', #42, #1079, #634 ) ;
#1150 = AXIS2_PLACEMENT_3D ( 'NONE', #508, #206, #692 ) ;
#1151 = VERTEX_POINT ( 'NONE', #548 ) ;
#1152 = PLANE ( 'NONE',  #603 ) ;
#1153 = AXIS2_PLACEMENT_3D ( 'NONE', #1034, #15, #1087 ) ;
#1154 = AXIS2_PLACEMENT_3D ( 'NONE', #863, #1330, #1162 ) ;
#1155 = CYLINDRICAL_SURFACE ( 'NONE', #687, 2.500000000000002220 ) ;
#1156 = CARTESIAN_POINT ( 'NONE',  ( -16.49999999999999289, 18.75000000000000000, -1.000000000000000000 ) ) ;
#1157 = EDGE_CURVE ( 'NONE', #1522, #497, #651, .T. ) ;
#1158 = EDGE_LOOP ( 'NONE', ( #1882, #713, #970, #1069 ) ) ;
#1159 = FACE_OUTER_BOUND ( 'NONE', #1480, .T. ) ;
#1160 = EDGE_CURVE ( 'NONE', #17, #380, #1862, .T. ) ;
#1161 = ORIENTED_EDGE ( 'NONE', *, *, #531, .F. ) ;
#1162 = DIRECTION ( 'NONE',  ( 1.000000000000000000, 0.000000000000000000, 0.000000000000000000 ) ) ;
#1163 = CYLINDRICAL_SURFACE ( 'NONE', #857, 1.499999999999994449 ) ;
#1164 = CARTESIAN_POINT ( 'NONE',  ( 9.375000000000000000, 3.750000000000000000, 3.000000000000000000 ) ) ;
#1165 = CARTESIAN_POINT ( 'NONE',  ( -36.99999999999999289, 17.75000000000000000, 3.000000000000000000 ) ) ;
#1166 = VERTEX_POINT ( 'NONE', #1417 ) ;
#1167 = CARTESIAN_POINT ( 'NONE',  ( 18.59406503568220259, 1.612778056561872356E-14, -4.400000000000000355 ) ) ;
#1168 = ORIENTED_EDGE ( 'NONE', *, *, #1293, .F. ) ;
#1169 = CARTESIAN_POINT ( 'NONE',  ( 40.00000000000000000, -22.75000000000000000, 3.000000000000000000 ) ) ;
#1170 = PRODUCT_DEFINITION ( 'UNKNOWN', '', #707, #1382 ) ;
#1171 = EDGE_CURVE ( 'NONE', #1250, #237, #565, .T. ) ;
#1172 = DIRECTION ( 'NONE',  ( 0.000000000000000000, 0.000000000000000000, 1.000000000000000000 ) ) ;
#1173 = ORIENTED_EDGE ( 'NONE', *, *, #1569, .T. ) ;
#1174 = DIRECTION ( 'NONE',  ( 0.000000000000000000, -0.000000000000000000, -1.000000000000000000 ) ) ;
#1175 = CIRCLE ( 'NONE', #3, 2.499999999999998668 ) ;
#1176 = ORIENTED_EDGE ( 'NONE', *, *, #124, .F. ) ;
#1177 = FACE_OUTER_BOUND ( 'NONE', #1491, .T. ) ;
#1178 = AXIS2_PLACEMENT_3D ( 'NONE', #147, #1466, #1892 ) ;
#1179 = VECTOR ( 'NONE', #978, 1000.000000000000000 ) ;
#1180 = ADVANCED_FACE ( 'NONE', ( #1101 ), #1854, .T. ) ;
#1181 = DIRECTION ( 'NONE',  ( 1.000000000000000000, 0.000000000000000000, 0.000000000000000000 ) ) ;
#1182 = EDGE_CURVE ( 'NONE', #828, #218, #1362, .T. ) ;
#1183 = CIRCLE ( 'NONE', #658, 2.500000000000002220 ) ;
#1184 = CARTESIAN_POINT ( 'NONE',  ( -39.99999999999999289, 22.75000000000000000, -1.000000000000000000 ) ) ;
#1185 = CALENDAR_DATE ( 2026, 30, 5 ) ;
#1186 = CIRCLE ( 'NONE', #375, 2.499999999999998668 ) ;
#1187 = CIRCLE ( 'NONE', #631, 1.500000000000001332 ) ;
#1188 = ORIENTED_EDGE ( 'NONE', *, *, #354, .F. ) ;
#1189 = DIRECTION ( 'NONE',  ( 0.000000000000000000, -0.000000000000000000, -1.000000000000000000 ) ) ;
#1190 = VECTOR ( 'NONE', #1612, 1000.000000000000000 ) ;
#1191 = ORIENTED_EDGE ( 'NONE', *, *, #270, .T. ) ;
#1192 = DIRECTION ( 'NONE',  ( 0.000000000000000000, -1.000000000000000000, 0.000000000000000000 ) ) ;
#1193 = EDGE_CURVE ( 'NONE', #182, #347, #1538, .T. ) ;
#1194 = APPROVAL_ROLE ( '' ) ;
#1195 = ORIENTED_EDGE ( 'NONE', *, *, #580, .F. ) ;
#1196 = CARTESIAN_POINT ( 'NONE',  ( -22.49999999999999645, -19.25000000000000000, -4.400000000000000355 ) ) ;
#1197 = EDGE_CURVE ( 'NONE', #115, #359, #538, .T. ) ;
#1198 = ORIENTED_EDGE ( 'NONE', *, *, #1432, .T. ) ;
#1199 = CARTESIAN_POINT ( 'NONE',  ( -21.39999999999999858, 18.75000000000000000, -1.000000000000000000 ) ) ;
#1200 = ORIENTED_EDGE ( 'NONE', *, *, #1640, .T. ) ;
#1201 = DIRECTION ( 'NONE',  ( -0.000000000000000000, 0.000000000000000000, 1.000000000000000000 ) ) ;
#1202 = COORDINATED_UNIVERSAL_TIME_OFFSET ( 8, 0, .BEHIND. ) ;
#1203 = EDGE_LOOP ( 'NONE', ( #604, #977, #51, #1752 ) ) ;
#1204 = CARTESIAN_POINT ( 'NONE',  ( 35.49999999999999289, -0.2500000000000000555, 3.000000000000000000 ) ) ;
#1205 = EDGE_CURVE ( 'NONE', #352, #850, #775, .T. ) ;
#1206 = EDGE_LOOP ( 'NONE', ( #1742, #1816, #578, #1804 ) ) ;
#1207 = CARTESIAN_POINT ( 'NONE',  ( 1.449999999999999956, 11.62500000000000000, 3.000000000000000000 ) ) ;
#1208 = AXIS2_PLACEMENT_3D ( 'NONE', #1245, #362, #1735 ) ;
#1209 = CIRCLE ( 'NONE', #1610, 1.400000000000001910 ) ;
#1210 = CARTESIAN_POINT ( 'NONE',  ( -35.49999999999999289, 17.75000000000000000, -1.000000000000000000 ) ) ;
#1211 = VERTEX_POINT ( 'NONE', #59 ) ;
#1212 = CARTESIAN_POINT ( 'NONE',  ( 1.450000000000000178, -4.125000000000000000, 3.000000000000000000 ) ) ;
#1213 = VECTOR ( 'NONE', #319, 1000.000000000000000 ) ;
#1214 = ADVANCED_FACE ( 'NONE', ( #1111 ), #957, .F. ) ;
#1215 = ORIENTED_EDGE ( 'NONE', *, *, #1058, .T. ) ;
#1216 = CARTESIAN_POINT ( 'NONE',  ( 19.99999999999999289, 18.75000000000000000, -4.400000000000000355 ) ) ;
#1217 = VECTOR ( 'NONE', #258, 1000.000000000000000 ) ;
#1218 = ORIENTED_EDGE ( 'NONE', *, *, #967, .F. ) ;
#1219 = DIRECTION ( 'NONE',  ( 1.000000000000000000, 0.000000000000000000, 0.000000000000000000 ) ) ;
#1220 = LINE ( 'NONE', #163, #927 ) ;
#1221 = ORIENTED_EDGE ( 'NONE', *, *, #1740, .F. ) ;
#1222 = CARTESIAN_POINT ( 'NONE',  ( 17.49999999999999289, -19.25000000000000000, -4.400000000000000355 ) ) ;
#1223 = ORIENTED_EDGE ( 'NONE', *, *, #170, .T. ) ;
#1224 = CARTESIAN_POINT ( 'NONE',  ( -19.99999999999999645, 18.75000000000000000, -4.400000000000000355 ) ) ;
#1225 = EDGE_LOOP ( 'NONE', ( #1866, #1475, #930, #281, #1711, #1173 ) ) ;
#1226 = PLANE ( 'NONE',  #1429 ) ;
#1227 = ORGANIZATION ( 'UNSPECIFIED', 'UNSPECIFIED', '' ) ;
#1228 = DIRECTION ( 'NONE',  ( 0.000000000000000000, -1.000000000000000000, 0.000000000000000000 ) ) ;
#1229 = CYLINDRICAL_SURFACE ( 'NONE', #1116, 1.449999999999999956 ) ;
#1230 = DIRECTION ( 'NONE',  ( 0.000000000000000000, 0.000000000000000000, 1.000000000000000000 ) ) ;
#1231 = EDGE_LOOP ( 'NONE', ( #388, #1613, #37, #1310 ) ) ;
#1232 = DIRECTION ( 'NONE',  ( -0.000000000000000000, -0.000000000000000000, -1.000000000000000000 ) ) ;
#1233 = CARTESIAN_POINT ( 'NONE',  ( 19.99999999999999289, -19.25000000000000000, -2.000000000000000000 ) ) ;
#1234 = AXIS2_PLACEMENT_3D ( 'NONE', #97, #1726, #545 ) ;
#1235 = ADVANCED_FACE ( 'NONE', ( #794 ), #353, .F. ) ;
#1236 = CARTESIAN_POINT ( 'NONE',  ( 10.82499999999999929, 3.750000000000000000, 3.000000000000000000 ) ) ;
#1237 = AXIS2_PLACEMENT_3D ( 'NONE', #1812, #783, #18 ) ;
#1238 = APPROVAL_STATUS ( 'not_yet_approved' ) ;
#1239 = EDGE_LOOP ( 'NONE', ( #1221, #1683, #239, #756 ) ) ;
#1240 = CARTESIAN_POINT ( 'NONE',  ( -19.99999999999999645, -19.25000000000000000, -1.000000000000000000 ) ) ;
#1241 = EDGE_LOOP ( 'NONE', ( #260, #431 ) ) ;
#1242 = DIRECTION ( 'NONE',  ( 0.000000000000000000, 0.000000000000000000, -1.000000000000000000 ) ) ;
#1243 = AXIS2_PLACEMENT_3D ( 'NONE', #284, #1624, #882 ) ;
#1244 = VERTEX_POINT ( 'NONE', #1125 ) ;
#1245 = CARTESIAN_POINT ( 'NONE',  ( 0.000000000000000000, -4.125000000000000000, 3.000000000000000000 ) ) ;
#1246 = CARTESIAN_POINT ( 'NONE',  ( 7.924999999999999822, 3.750000000000000000, 3.000000000000000000 ) ) ;
#1247 = ADVANCED_FACE ( 'NONE', ( #1719 ), #1092, .F. ) ;
#1248 = DIRECTION ( 'NONE',  ( -1.000000000000000000, 0.000000000000000000, 0.000000000000000000 ) ) ;
#1249 = CARTESIAN_POINT ( 'NONE',  ( 16.49999999999998934, -19.25000000000000000, -1.000000000000000000 ) ) ;
#1250 = VERTEX_POINT ( 'NONE', #1249 ) ;
#1251 = EDGE_CURVE ( 'NONE', #290, #871, #387, .T. ) ;
#1252 = DIRECTION ( 'NONE',  ( 0.000000000000000000, 0.000000000000000000, 1.000000000000000000 ) ) ;
#1253 = EDGE_LOOP ( 'NONE', ( #914, #83, #1448, #19 ) ) ;
#1254 = CYLINDRICAL_SURFACE ( 'NONE', #1489, 1.399999999999998579 ) ;
#1255 = FACE_OUTER_BOUND ( 'NONE', #1807, .T. ) ;
#1256 = DIRECTION ( 'NONE',  ( 1.000000000000000000, 0.000000000000000000, 0.000000000000000000 ) ) ;
#1257 = ORIENTED_EDGE ( 'NONE', *, *, #637, .T. ) ;
#1258 = AXIS2_PLACEMENT_3D ( 'NONE', #441, #746, #165 ) ;
#1259 = DIRECTION ( 'NONE',  ( 0.000000000000000000, 0.000000000000000000, 1.000000000000000000 ) ) ;
#1260 = EDGE_CURVE ( 'NONE', #1848, #1211, #337, .T. ) ;
#1261 = ORIENTED_EDGE ( 'NONE', *, *, #141, .T. ) ;
#1262 = DIRECTION ( 'NONE',  ( -1.000000000000000000, 0.000000000000000000, 0.000000000000000000 ) ) ;
#1263 = ORIENTED_EDGE ( 'NONE', *, *, #1740, .T. ) ;
#1264 = DIRECTION ( 'NONE',  ( -1.398970545142586541E-16, 1.000000000000000000, 0.000000000000000000 ) ) ;
#1265 = CARTESIAN_POINT ( 'NONE',  ( -19.99999999999999645, -19.25000000000000000, -2.000000000000000000 ) ) ;
#1266 = DIRECTION ( 'NONE',  ( 0.000000000000000000, 0.000000000000000000, 1.000000000000000000 ) ) ;
#1267 = UNCERTAINTY_MEASURE_WITH_UNIT (LENGTH_MEASURE( 1.000000000000000082E-05 ), #1780, 'distance_accuracy_value', 'NONE');
#1268 = VECTOR ( 'NONE', #618, 1000.000000000000000 ) ;
#1269 = ORIENTED_EDGE ( 'NONE', *, *, #1832, .T. ) ;
#1270 = DIRECTION ( 'NONE',  ( -0.000000000000000000, -0.000000000000000000, -1.000000000000000000 ) ) ;
#1271 = CIRCLE ( 'NONE', #996, 1.500000000000001332 ) ;
#1272 = ORIENTED_EDGE ( 'NONE', *, *, #89, .T. ) ;
#1273 = CARTESIAN_POINT ( 'NONE',  ( -35.49999999999999289, 17.75000000000000000, 3.000000000000000000 ) ) ;
#1274 = CALENDAR_DATE ( 2026, 30, 5 ) ;
#1275 = ADVANCED_FACE ( 'NONE', ( #836 ), #244, .F. ) ;
#1276 = ORIENTED_EDGE ( 'NONE', *, *, #1556, .F. ) ;
#1277 = CARTESIAN_POINT ( 'NONE',  ( -22.49999999999999645, -19.25000000000000000, -2.000000000000000000 ) ) ;
#1278 = VECTOR ( 'NONE', #492, 1000.000000000000000 ) ;
#1279 = CARTESIAN_POINT ( 'NONE',  ( 19.99999999999999289, 18.75000000000000000, -4.400000000000000355 ) ) ;
#1280 = CIRCLE ( 'NONE', #1243, 1.500000000000001332 ) ;
#1281 = LINE ( 'NONE', #1392, #152 ) ;
#1282 = CIRCLE ( 'NONE', #908, 1.000000000000000000 ) ;
#1283 = FACE_BOUND ( 'NONE', #671, .T. ) ;
#1284 = CARTESIAN_POINT ( 'NONE',  ( -17.49999999999999645, 18.75000000000000000, -4.400000000000000355 ) ) ;
#1285 = ORIENTED_EDGE ( 'NONE', *, *, #234, .T. ) ;
#1286 = DIRECTION ( 'NONE',  ( -0.000000000000000000, 0.000000000000000000, 1.000000000000000000 ) ) ;
#1287 = PERSON_AND_ORGANIZATION_ROLE ( 'design_supplier' ) ;
#1288 = ORIENTED_EDGE ( 'NONE', *, *, #855, .T. ) ;
#1289 = DIRECTION ( 'NONE',  ( 0.000000000000000000, 0.000000000000000000, 1.000000000000000000 ) ) ;
#1290 = DIRECTION ( 'NONE',  ( -0.000000000000000000, 0.000000000000000000, 1.000000000000000000 ) ) ;
#1291 = CC_DESIGN_DATE_AND_TIME_ASSIGNMENT ( #599, #458, ( #1170 ) ) ;
#1292 = DIRECTION ( 'NONE',  ( 0.000000000000000000, 0.000000000000000000, -1.000000000000000000 ) ) ;
#1293 = EDGE_CURVE ( 'NONE', #619, #1015, #501, .T. ) ;
#1294 = LINE ( 'NONE', #1889, #221 ) ;
#1295 = APPROVAL_PERSON_ORGANIZATION ( #1068, #140, #204 ) ;
#1296 = ORIENTED_EDGE ( 'NONE', *, *, #838, .F. ) ;
#1297 = DIRECTION ( 'NONE',  ( -1.000000000000000000, -1.165808787618821953E-16, 0.000000000000000000 ) ) ;
#1298 = APPROVAL_STATUS ( 'not_yet_approved' ) ;
#1299 = EDGE_LOOP ( 'NONE', ( #1502, #74 ) ) ;
#1300 = DIRECTION ( 'NONE',  ( 1.000000000000000000, 0.000000000000000000, 0.000000000000000000 ) ) ;
#1301 = EDGE_CURVE ( 'NONE', #290, #1421, #567, .T. ) ;
#1302 = CARTESIAN_POINT ( 'NONE',  ( -1.450000000000000178, -4.125000000000000000, 3.000000000000000000 ) ) ;
#1303 = AXIS2_PLACEMENT_3D ( 'NONE', #430, #1579, #410 ) ;
#1304 = DIRECTION ( 'NONE',  ( 0.000000000000000000, 0.000000000000000000, 1.000000000000000000 ) ) ;
#1305 = VECTOR ( 'NONE', #1414, 1000.000000000000000 ) ;
#1306 = VERTEX_POINT ( 'NONE', #1156 ) ;
#1307 = CARTESIAN_POINT ( 'NONE',  ( 19.99999999999999289, 18.75000000000000000, -2.000000000000000000 ) ) ;
#1308 = AXIS2_PLACEMENT_3D ( 'NONE', #121, #560, #1762 ) ;
#1309 = CIRCLE ( 'NONE', #469, 1.399999999999998579 ) ;
#1310 = ORIENTED_EDGE ( 'NONE', *, *, #1529, .T. ) ;
#1311 = DIRECTION ( 'NONE',  ( 1.000000000000000000, 0.000000000000000000, 0.000000000000000000 ) ) ;
#1312 = CIRCLE ( 'NONE', #1513, 1.400000000000001910 ) ;
#1313 = CIRCLE ( 'NONE', #721, 1.449999999999999956 ) ;
#1314 = DIRECTION ( 'NONE',  ( -1.000000000000000000, 0.000000000000000000, 0.000000000000000000 ) ) ;
#1315 = VECTOR ( 'NONE', #1562, 1000.000000000000000 ) ;
#1316 = DIRECTION ( 'NONE',  ( 0.000000000000000000, 0.000000000000000000, 1.000000000000000000 ) ) ;
#1317 = DIRECTION ( 'NONE',  ( 1.000000000000000000, 0.000000000000000000, 0.000000000000000000 ) ) ;
#1318 = ORIENTED_EDGE ( 'NONE', *, *, #1788, .T. ) ;
#1319 = DIRECTION ( 'NONE',  ( 1.000000000000000000, 0.000000000000000000, 0.000000000000000000 ) ) ;
#1320 = EDGE_CURVE ( 'NONE', #1763, #610, #577, .T. ) ;
#1321 = ADVANCED_FACE ( 'NONE', ( #989 ), #655, .F. ) ;
#1322 = ORIENTED_EDGE ( 'NONE', *, *, #385, .F. ) ;
#1323 = DIRECTION ( 'NONE',  ( -0.000000000000000000, 0.000000000000000000, 1.000000000000000000 ) ) ;
#1324 = CARTESIAN_POINT ( 'NONE',  ( 23.49999999999999645, 18.75000000000000000, -1.000000000000000000 ) ) ;
#1325 = DIRECTION ( 'NONE',  ( 1.000000000000000000, 0.000000000000000000, 0.000000000000000000 ) ) ;
#1326 = ORIENTED_EDGE ( 'NONE', *, *, #580, .T. ) ;
#1327 = CARTESIAN_POINT ( 'NONE',  ( 0.000000000000000000, -22.75000000000000000, -1.000000000000000000 ) ) ;
#1328 = EDGE_CURVE ( 'NONE', #364, #656, #1830, .T. ) ;
#1329 = ORIENTED_EDGE ( 'NONE', *, *, #1585, .F. ) ;
#1330 = DIRECTION ( 'NONE',  ( 0.000000000000000000, 0.000000000000000000, 1.000000000000000000 ) ) ;
#1331 = DIRECTION ( 'NONE',  ( -1.000000000000000000, 0.000000000000000000, 0.000000000000000000 ) ) ;
#1332 = DIRECTION ( 'NONE',  ( 0.000000000000000000, 0.000000000000000000, 1.000000000000000000 ) ) ;
#1333 = COORDINATED_UNIVERSAL_TIME_OFFSET ( 8, 0, .BEHIND. ) ;
#1334 = ORIENTED_EDGE ( 'NONE', *, *, #1182, .T. ) ;
#1335 = PLANE ( 'NONE',  #1704 ) ;
#1336 = VECTOR ( 'NONE', #928, 1000.000000000000000 ) ;
#1337 = ORIENTED_EDGE ( 'NONE', *, *, #646, .F. ) ;
#1338 = CARTESIAN_POINT ( 'NONE',  ( 9.375000000000000000, 3.750000000000000000, 3.000000000000000000 ) ) ;
#1339 = EDGE_CURVE ( 'NONE', #465, #1415, #1309, .T. ) ;
#1340 = AXIS2_PLACEMENT_3D ( 'NONE', #1142, #111, #720 ) ;
#1341 = CARTESIAN_POINT ( 'NONE',  ( -19.99999999999999645, -19.25000000000000000, -1.000000000000000000 ) ) ;
#1342 = AXIS2_PLACEMENT_3D ( 'NONE', #1224, #1678, #35 ) ;
#1343 = ORIENTED_EDGE ( 'NONE', *, *, #1521, .F. ) ;
#1344 = FACE_BOUND ( 'NONE', #1705, .T. ) ;
#1345 = ORIENTED_EDGE ( 'NONE', *, *, #558, .F. ) ;
#1346 = CARTESIAN_POINT ( 'NONE',  ( -18.60593496431778604, -11.69525703388013049, -1.000000000000000000 ) ) ;
#1347 = EDGE_CURVE ( 'NONE', #862, #347, #1271, .T. ) ;
#1348 = DIRECTION ( 'NONE',  ( -1.000000000000000000, 0.000000000000000000, 0.000000000000000000 ) ) ;
#1349 = ORIENTED_EDGE ( 'NONE', *, *, #1529, .F. ) ;
#1350 = DIRECTION ( 'NONE',  ( -0.000000000000000000, 0.000000000000000000, 1.000000000000000000 ) ) ;
#1351 = VERTEX_POINT ( 'NONE', #1019 ) ;
#1352 = DIRECTION ( 'NONE',  ( 1.000000000000000000, 0.000000000000000000, 0.000000000000000000 ) ) ;
#1353 = VERTEX_POINT ( 'NONE', #1593 ) ;
#1354 = DIRECTION ( 'NONE',  ( 1.000000000000000000, 0.000000000000000000, 0.000000000000000000 ) ) ;
#1355 = ADVANCED_FACE ( 'NONE', ( #1912 ), #701, .F. ) ;
#1356 = ORIENTED_EDGE ( 'NONE', *, *, #852, .T. ) ;
#1357 = DIRECTION ( 'NONE',  ( 0.000000000000000000, 0.000000000000000000, -1.000000000000000000 ) ) ;
#1358 = EDGE_LOOP ( 'NONE', ( #1296, #1176, #1718, #198 ) ) ;
#1359 = CARTESIAN_POINT ( 'NONE',  ( 19.99999999999999289, 18.75000000000000000, -4.400000000000000355 ) ) ;
#1360 = AXIS2_PLACEMENT_3D ( 'NONE', #1279, #954, #659 ) ;
#1361 = ORIENTED_EDGE ( 'NONE', *, *, #616, .F. ) ;
#1362 = CIRCLE ( 'NONE', #1150, 1.399999999999998579 ) ;
#1363 = CARTESIAN_POINT ( 'NONE',  ( 18.59406503568220259, 1.612778056561872356E-14, -4.400000000000000355 ) ) ;
#1364 = EDGE_LOOP ( 'NONE', ( #682, #1100 ) ) ;
#1365 = DIRECTION ( 'NONE',  ( 1.000000000000000000, 0.000000000000000000, 0.000000000000000000 ) ) ;
#1366 = VECTOR ( 'NONE', #1172, 1000.000000000000000 ) ;
#1367 = AXIS2_PLACEMENT_3D ( 'NONE', #473, #489, #27 ) ;
#1368 = EDGE_LOOP ( 'NONE', ( #414, #537, #1694, #526 ) ) ;
#1369 = DIRECTION ( 'NONE',  ( 0.000000000000000000, 0.000000000000000000, 1.000000000000000000 ) ) ;
#1370 = ADVANCED_FACE ( 'NONE', ( #256 ), #1736, .F. ) ;
#1371 = DIRECTION ( 'NONE',  ( 0.000000000000000000, 0.000000000000000000, 1.000000000000000000 ) ) ;
#1372 = CARTESIAN_POINT ( 'NONE',  ( 9.375000000000000000, 3.750000000000000000, -1.000000000000000000 ) ) ;
#1373 = ORIENTED_EDGE ( 'NONE', *, *, #686, .F. ) ;
#1374 = CARTESIAN_POINT ( 'NONE',  ( -18.60593496431778604, 0.000000000000000000, -1.000000000000000000 ) ) ;
#1375 = ORIENTED_EDGE ( 'NONE', *, *, #1197, .F. ) ;
#1376 = CYLINDRICAL_SURFACE ( 'NONE', #503, 1.399999999999998579 ) ;
#1377 = DIRECTION ( 'NONE',  ( 1.000000000000000000, 0.000000000000000000, 0.000000000000000000 ) ) ;
#1378 = EDGE_CURVE ( 'NONE', #34, #1457, #1575, .T. ) ;
#1379 = DIRECTION ( 'NONE',  ( -0.000000000000000000, 0.000000000000000000, 1.000000000000000000 ) ) ;
#1380 = APPROVAL_PERSON_ORGANIZATION ( #982, #606, #1041 ) ;
#1381 = LINE ( 'NONE', #494, #1336 ) ;
#1382 = DESIGN_CONTEXT ( 'detailed design', #622, 'design' ) ;
#1383 = LINE ( 'NONE', #650, #8 ) ;
#1384 = ORIENTED_EDGE ( 'NONE', *, *, #117, .F. ) ;
#1385 = CARTESIAN_POINT ( 'NONE',  ( 18.59406503568221325, -11.69525703388012516, -4.400000000000000355 ) ) ;
#1386 = ORIENTED_EDGE ( 'NONE', *, *, #730, .F. ) ;
#1387 = AXIS2_PLACEMENT_3D ( 'NONE', #1890, #232, #1413 ) ;
#1388 = CARTESIAN_POINT ( 'NONE',  ( 0.000000000000000000, 11.62500000000000000, -1.000000000000000000 ) ) ;
#1389 = EDGE_CURVE ( 'NONE', #1151, #825, #870, .T. ) ;
#1390 = VECTOR ( 'NONE', #222, 1000.000000000000000 ) ;
#1391 = FACE_BOUND ( 'NONE', #299, .T. ) ;
#1392 = CARTESIAN_POINT ( 'NONE',  ( -18.60593496431778604, -11.69525703388013049, -4.400000000000000355 ) ) ;
#1393 = ADVANCED_FACE ( 'NONE', ( #1403, #1702, #524, #382, #394, #372, #1391, #812, #678, #1120 ), #799, .T. ) ;
#1394 = VERTEX_POINT ( 'NONE', #1563 ) ;
#1395 = DIRECTION ( 'NONE',  ( 1.000000000000000000, 0.000000000000000000, 0.000000000000000000 ) ) ;
#1396 = AXIS2_PLACEMENT_3D ( 'NONE', #1129, #240, #1300 ) ;
#1397 = ORIENTED_EDGE ( 'NONE', *, *, #1122, .T. ) ;
#1398 = DIRECTION ( 'NONE',  ( 1.000000000000000000, 0.000000000000000000, 0.000000000000000000 ) ) ;
#1399 = CARTESIAN_POINT ( 'NONE',  ( -17.49999999999999645, 18.75000000000000000, -4.400000000000000355 ) ) ;
#1400 = AXIS2_PLACEMENT_3D ( 'NONE', #1895, #116, #953 ) ;
#1401 = VERTEX_POINT ( 'NONE', #985 ) ;
#1402 = CARTESIAN_POINT ( 'NONE',  ( 19.99999999999999289, -19.25000000000000000, -4.400000000000000355 ) ) ;
#1403 = FACE_BOUND ( 'NONE', #1459, .T. ) ;
#1404 = CARTESIAN_POINT ( 'NONE',  ( 1.636132010826995089E-15, -11.69525703388012694, -1.000000000000000000 ) ) ;
#1405 = EDGE_CURVE ( 'NONE', #479, #1151, #1692, .T. ) ;
#1406 = CARTESIAN_POINT ( 'NONE',  ( -19.99999999999999645, 18.75000000000000000, -4.400000000000000355 ) ) ;
#1407 = DIRECTION ( 'NONE',  ( 0.000000000000000000, 0.000000000000000000, -1.000000000000000000 ) ) ;
#1408 = VERTEX_POINT ( 'NONE', #253 ) ;
#1409 = FACE_OUTER_BOUND ( 'NONE', #1136, .T. ) ;
#1410 = CIRCLE ( 'NONE', #439, 3.500000000000003109 ) ;
#1411 = EDGE_LOOP ( 'NONE', ( #1572, #516 ) ) ;
#1412 = DIRECTION ( 'NONE',  ( 1.000000000000000000, 0.000000000000000000, 0.000000000000000000 ) ) ;
#1413 = DIRECTION ( 'NONE',  ( -1.000000000000000000, 0.000000000000000000, 0.000000000000000000 ) ) ;
#1414 = DIRECTION ( 'NONE',  ( 8.673617379884035472E-16, -1.000000000000000000, 0.000000000000000000 ) ) ;
#1415 = VERTEX_POINT ( 'NONE', #845 ) ;
#1416 = VECTOR ( 'NONE', #1073, 1000.000000000000000 ) ;
#1417 = CARTESIAN_POINT ( 'NONE',  ( -39.99999999999999289, -22.75000000000000000, 3.000000000000000000 ) ) ;
#1418 = EDGE_CURVE ( 'NONE', #656, #364, #1175, .T. ) ;
#1419 = EDGE_LOOP ( 'NONE', ( #1343, #320, #946, #676 ) ) ;
#1420 = CARTESIAN_POINT ( 'NONE',  ( -19.99999999999999645, -19.25000000000000000, -4.400000000000000355 ) ) ;
#1421 = VERTEX_POINT ( 'NONE', #535 ) ;
#1422 = CARTESIAN_POINT ( 'NONE',  ( 19.99999999999999289, -19.25000000000000000, -4.400000000000000355 ) ) ;
#1423 = CARTESIAN_POINT ( 'NONE',  ( 19.99999999999999289, 18.75000000000000000, -2.000000000000000000 ) ) ;
#1424 = AXIS2_PLACEMENT_3D ( 'NONE', #306, #904, #1664 ) ;
#1425 = ORIENTED_EDGE ( 'NONE', *, *, #13, .T. ) ;
#1426 = ORIENTED_EDGE ( 'NONE', *, *, #909, .T. ) ;
#1427 = CYLINDRICAL_SURFACE ( 'NONE', #780, 1.449999999999999956 ) ;
#1428 = APPROVAL_DATE_TIME ( #841, #606 ) ;
#1429 = AXIS2_PLACEMENT_3D ( 'NONE', #1478, #513, #1075 ) ;
#1430 = EDGE_LOOP ( 'NONE', ( #747, #1669, #1056, #1386 ) ) ;
#1431 = DIRECTION ( 'NONE',  ( -1.000000000000000000, -1.165808787618821953E-16, 0.000000000000000000 ) ) ;
#1432 = EDGE_CURVE ( 'NONE', #1062, #1124, #1454, .T. ) ;
#1433 = DIRECTION ( 'NONE',  ( 1.000000000000000000, 0.000000000000000000, 0.000000000000000000 ) ) ;
#1434 = CARTESIAN_POINT ( 'NONE',  ( 16.49999999999998934, 18.75000000000000000, -2.000000000000000000 ) ) ;
#1435 = CIRCLE ( 'NONE', #1089, 2.500000000000002220 ) ;
#1436 = DIRECTION ( 'NONE',  ( -1.000000000000000000, 0.000000000000000000, 0.000000000000000000 ) ) ;
#1437 = DIRECTION ( 'NONE',  ( -0.000000000000000000, 0.000000000000000000, 1.000000000000000000 ) ) ;
#1438 = ORIENTED_EDGE ( 'NONE', *, *, #1819, .T. ) ;
#1439 = DIRECTION ( 'NONE',  ( -1.000000000000000000, 0.000000000000000000, 0.000000000000000000 ) ) ;
#1440 = PERSON_AND_ORGANIZATION ( #864, #1227 ) ;
#1441 = VERTEX_POINT ( 'NONE', #833 ) ;
#1442 = CARTESIAN_POINT ( 'NONE',  ( 9.375000000000000000, 3.750000000000000000, 3.000000000000000000 ) ) ;
#1443 = ADVANCED_FACE ( 'NONE', ( #1098 ), #1555, .F. ) ;
#1444 = DIRECTION ( 'NONE',  ( 1.000000000000000000, 0.000000000000000000, 0.000000000000000000 ) ) ;
#1445 = CARTESIAN_POINT ( 'NONE',  ( 23.49999999999999645, 18.75000000000000000, -2.000000000000000000 ) ) ;
#1446 = DIRECTION ( 'NONE',  ( 1.000000000000000000, 0.000000000000000000, 0.000000000000000000 ) ) ;
#1447 = CIRCLE ( 'NONE', #735, 1.500000000000001332 ) ;
#1448 = ORIENTED_EDGE ( 'NONE', *, *, #1765, .T. ) ;
#1449 = DIRECTION ( 'NONE',  ( 1.000000000000000000, 0.000000000000000000, 0.000000000000000000 ) ) ;
#1450 = EDGE_LOOP ( 'NONE', ( #804, #367 ) ) ;
#1451 = CARTESIAN_POINT ( 'NONE',  ( 22.49999999999999645, -19.25000000000000000, -4.400000000000000355 ) ) ;
#1452 = DIRECTION ( 'NONE',  ( 0.000000000000000000, 0.000000000000000000, 1.000000000000000000 ) ) ;
#1453 = CYLINDRICAL_SURFACE ( 'NONE', #811, 1.500000000000001332 ) ;
#1454 = CIRCLE ( 'NONE', #30, 1.500000000000001332 ) ;
#1455 = CARTESIAN_POINT ( 'NONE',  ( 36.99999999999999289, 17.75000000000000000, -1.000000000000000000 ) ) ;
#1456 = EDGE_CURVE ( 'NONE', #182, #997, #1141, .T. ) ;
#1457 = VERTEX_POINT ( 'NONE', #241 ) ;
#1458 = CARTESIAN_POINT ( 'NONE',  ( -39.99999999999999289, -22.75000000000000000, -1.000000000000000000 ) ) ;
#1459 = EDGE_LOOP ( 'NONE', ( #509, #1356 ) ) ;
#1460 = LINE ( 'NONE', #1756, #723 ) ;
#1461 = VECTOR ( 'NONE', #1369, 1000.000000000000000 ) ;
#1462 = DIRECTION ( 'NONE',  ( 1.000000000000000000, 0.000000000000000000, 0.000000000000000000 ) ) ;
#1463 = VECTOR ( 'NONE', #1870, 1000.000000000000000 ) ;
#1464 = ADVANCED_FACE ( 'NONE', ( #1255 ), #1000, .T. ) ;
#1465 = EDGE_LOOP ( 'NONE', ( #335, #1621, #1288, #1009 ) ) ;
#1466 = DIRECTION ( 'NONE',  ( -0.000000000000000000, 0.000000000000000000, 1.000000000000000000 ) ) ;
#1467 = ORIENTED_EDGE ( 'NONE', *, *, #56, .T. ) ;
#1468 = CARTESIAN_POINT ( 'NONE',  ( 38.49999999999999289, -0.2500000000000002220, -1.000000000000000000 ) ) ;
#1469 = CARTESIAN_POINT ( 'NONE',  ( -38.49999999999998579, -0.2500000000000000555, 3.000000000000000000 ) ) ;
#1470 = PERSON_AND_ORGANIZATION ( #864, #1227 ) ;
#1471 = EDGE_CURVE ( 'NONE', #633, #1482, #681, .T. ) ;
#1472 = EDGE_LOOP ( 'NONE', ( #1195, #809, #423, #1784 ) ) ;
#1473 = DIRECTION ( 'NONE',  ( 8.673617379884035472E-16, -1.000000000000000000, 0.000000000000000000 ) ) ;
#1474 = CC_DESIGN_APPROVAL ( #140, ( #393 ) ) ;
#1475 = ORIENTED_EDGE ( 'NONE', *, *, #1875, .F. ) ;
#1476 = DIRECTION ( 'NONE',  ( -0.000000000000000000, 0.000000000000000000, 1.000000000000000000 ) ) ;
#1477 = CARTESIAN_POINT ( 'NONE',  ( 0.000000000000000000, 0.000000000000000000, -4.400000000000000355 ) ) ;
#1478 = CARTESIAN_POINT ( 'NONE',  ( 0.000000000000000000, 0.000000000000000000, -4.400000000000000355 ) ) ;
#1479 = VECTOR ( 'NONE', #1452, 1000.000000000000000 ) ;
#1480 = EDGE_LOOP ( 'NONE', ( #821, #532, #1200, #1654 ) ) ;
#1481 = CARTESIAN_POINT ( 'NONE',  ( 8.971198273083001962E-16, -7.695257033880126940, -4.400000000000000355 ) ) ;
#1482 = VERTEX_POINT ( 'NONE', #96 ) ;
#1483 = CYLINDRICAL_SURFACE ( 'NONE', #1121, 1.449999999999999956 ) ;
#1484 = EDGE_CURVE ( 'NONE', #1527, #1746, #278, .T. ) ;
#1485 = VECTOR ( 'NONE', #711, 1000.000000000000000 ) ;
#1486 = ADVANCED_FACE ( 'NONE', ( #1725 ), #220, .F. ) ;
#1487 = AXIS2_PLACEMENT_3D ( 'NONE', #1660, #1332, #1525 ) ;
#1488 = DIRECTION ( 'NONE',  ( 0.000000000000000000, 0.000000000000000000, 1.000000000000000000 ) ) ;
#1489 = AXIS2_PLACEMENT_3D ( 'NONE', #1422, #1289, #1712 ) ;
#1490 = VECTOR ( 'NONE', #208, 1000.000000000000000 ) ;
#1491 = EDGE_LOOP ( 'NONE', ( #782, #446, #433, #1198 ) ) ;
#1492 = CARTESIAN_POINT ( 'NONE',  ( -36.99999999999999289, -0.2500000000000002220, 3.000000000000000000 ) ) ;
#1493 = CIRCLE ( 'NONE', #343, 2.500000000000002220 ) ;
#1494 = ORIENTED_EDGE ( 'NONE', *, *, #888, .F. ) ;
#1495 = DIRECTION ( 'NONE',  ( -0.000000000000000000, 0.000000000000000000, 1.000000000000000000 ) ) ;
#1496 = EDGE_CURVE ( 'NONE', #626, #1244, #1824, .T. ) ;
#1497 = CARTESIAN_POINT ( 'NONE',  ( -17.49999999999999645, 18.75000000000000000, -2.000000000000000000 ) ) ;
#1498 = ORIENTED_EDGE ( 'NONE', *, *, #546, .F. ) ;
#1499 = CARTESIAN_POINT ( 'NONE',  ( -19.99999999999999645, -19.25000000000000000, -4.400000000000000355 ) ) ;
#1500 = ORIENTED_EDGE ( 'NONE', *, *, #1728, .F. ) ;
#1501 = CARTESIAN_POINT ( 'NONE',  ( -19.99999999999999645, -19.25000000000000000, -1.000000000000000000 ) ) ;
#1502 = ORIENTED_EDGE ( 'NONE', *, *, #1347, .F. ) ;
#1503 = LOCAL_TIME ( 15, 17, 37.00000000000000000, #1202 ) ;
#1504 = CARTESIAN_POINT ( 'NONE',  ( 22.49999999999999645, 18.75000000000000000, -4.400000000000000355 ) ) ;
#1505 = ORIENTED_EDGE ( 'NONE', *, *, #33, .T. ) ;
#1506 = DIRECTION ( 'NONE',  ( 1.000000000000000000, 0.000000000000000000, 0.000000000000000000 ) ) ;
#1507 = EDGE_CURVE ( 'NONE', #1117, #1482, #553, .T. ) ;
#1508 = ORIENTED_EDGE ( 'NONE', *, *, #270, .F. ) ;
#1509 = DIRECTION ( 'NONE',  ( 1.000000000000000000, 0.000000000000000000, 0.000000000000000000 ) ) ;
#1510 = AXIS2_PLACEMENT_3D ( 'NONE', #938, #1201, #632 ) ;
#1511 = ORIENTED_EDGE ( 'NONE', *, *, #1521, .T. ) ;
#1512 = CARTESIAN_POINT ( 'NONE',  ( -16.49999999999999645, -19.25000000000000000, -1.000000000000000000 ) ) ;
#1513 = AXIS2_PLACEMENT_3D ( 'NONE', #1738, #1592, #1325 ) ;
#1514 = CARTESIAN_POINT ( 'NONE',  ( 35.49999999999999289, -0.2500000000000000555, -1.000000000000000000 ) ) ;
#1515 = TOROIDAL_SURFACE ( 'NONE', #1868, 3.500000000000002665, 1.000000000000000000 ) ;
#1516 = EDGE_LOOP ( 'NONE', ( #60, #41 ) ) ;
#1517 = DIRECTION ( 'NONE',  ( 1.000000000000000000, 0.000000000000000000, 0.000000000000000000 ) ) ;
#1518 = CIRCLE ( 'NONE', #193, 1.000000000000000000 ) ;
#1519 = EDGE_CURVE ( 'NONE', #939, #122, #802, .T. ) ;
#1520 = VECTOR ( 'NONE', #810, 1000.000000000000000 ) ;
#1521 = EDGE_CURVE ( 'NONE', #1074, #237, #1820, .T. ) ;
#1522 = VERTEX_POINT ( 'NONE', #171 ) ;
#1523 = DIRECTION ( 'NONE',  ( 0.000000000000000000, 0.000000000000000000, 1.000000000000000000 ) ) ;
#1524 = VERTEX_POINT ( 'NONE', #1504 ) ;
#1525 = DIRECTION ( 'NONE',  ( 1.000000000000000000, 0.000000000000000000, 0.000000000000000000 ) ) ;
#1526 = DIRECTION ( 'NONE',  ( 1.000000000000000000, 0.000000000000000000, 0.000000000000000000 ) ) ;
#1527 = VERTEX_POINT ( 'NONE', #1059 ) ;
#1528 = CARTESIAN_POINT ( 'NONE',  ( -19.99999999999999645, 18.75000000000000000, -4.400000000000000355 ) ) ;
#1529 = EDGE_CURVE ( 'NONE', #247, #588, #1667, .T. ) ;
#1530 = EDGE_LOOP ( 'NONE', ( #1322, #1218 ) ) ;
#1531 = LINE ( 'NONE', #907, #285 ) ;
#1532 = CYLINDRICAL_SURFACE ( 'NONE', #174, 2.500000000000002220 ) ;
#1533 = CARTESIAN_POINT ( 'NONE',  ( 40.00000000000000000, -22.75000000000000000, -1.000000000000000000 ) ) ;
#1534 = MANIFOLD_SOLID_BREP ( 'Fillet1', #1026 ) ;
#1535 = EDGE_CURVE ( 'NONE', #997, #862, #755, .T. ) ;
#1536 = CARTESIAN_POINT ( 'NONE',  ( 18.59406503568221325, -11.69525703388012516, -1.000000000000000000 ) ) ;
#1537 = ORIENTED_EDGE ( 'NONE', *, *, #1672, .F. ) ;
#1538 = LINE ( 'NONE', #969, #1077 ) ;
#1539 = ORIENTED_EDGE ( 'NONE', *, *, #1471, .T. ) ;
#1540 = DIRECTION ( 'NONE',  ( 0.000000000000000000, 0.000000000000000000, -1.000000000000000000 ) ) ;
#1541 = DIRECTION ( 'NONE',  ( 0.000000000000000000, -0.000000000000000000, -1.000000000000000000 ) ) ;
#1542 = ORIENTED_EDGE ( 'NONE', *, *, #1119, .F. ) ;
#1543 = VECTOR ( 'NONE', #647, 1000.000000000000000 ) ;
#1544 = DIRECTION ( 'NONE',  ( 1.000000000000000000, 0.000000000000000000, 0.000000000000000000 ) ) ;
#1545 = EDGE_CURVE ( 'NONE', #1907, #656, #1220, .T. ) ;
#1546 = DIRECTION ( 'NONE',  ( 0.000000000000000000, -0.000000000000000000, -1.000000000000000000 ) ) ;
#1547 = DIRECTION ( 'NONE',  ( -0.000000000000000000, -0.000000000000000000, -1.000000000000000000 ) ) ;
#1548 = CARTESIAN_POINT ( 'NONE',  ( -9.375000000000000000, 3.750000000000000000, 3.000000000000000000 ) ) ;
#1549 = CIRCLE ( 'NONE', #411, 3.500000000000003109 ) ;
#1550 = ORIENTED_EDGE ( 'NONE', *, *, #1205, .T. ) ;
#1551 = CARTESIAN_POINT ( 'NONE',  ( 19.99999999999999289, -19.25000000000000000, -1.000000000000000000 ) ) ;
#1552 = AXIS2_PLACEMENT_3D ( 'NONE', #1908, #269, #1311 ) ;
#1553 = ORIENTED_EDGE ( 'NONE', *, *, #1017, .T. ) ;
#1554 = LINE ( 'NONE', #231, #1748 ) ;
#1555 = CYLINDRICAL_SURFACE ( 'NONE', #1208, 1.450000000000000178 ) ;
#1556 = EDGE_CURVE ( 'NONE', #835, #1166, #457, .T. ) ;
#1557 = DIRECTION ( 'NONE',  ( 1.000000000000000000, 0.000000000000000000, 0.000000000000000000 ) ) ;
#1558 = DIRECTION ( 'NONE',  ( 0.000000000000000000, 0.000000000000000000, 1.000000000000000000 ) ) ;
#1559 = EDGE_LOOP ( 'NONE', ( #1349, #933 ) ) ;
#1560 = DIRECTION ( 'NONE',  ( -1.000000000000000000, 0.000000000000000000, 0.000000000000000000 ) ) ;
#1561 = ORIENTED_EDGE ( 'NONE', *, *, #158, .F. ) ;
#1562 = DIRECTION ( 'NONE',  ( 0.000000000000000000, 0.000000000000000000, 1.000000000000000000 ) ) ;
#1563 = CARTESIAN_POINT ( 'NONE',  ( -10.82499999999999929, 3.750000000000000000, -1.000000000000000000 ) ) ;
#1564 = DIRECTION ( 'NONE',  ( 1.000000000000000000, 0.000000000000000000, 0.000000000000000000 ) ) ;
#1565 = AXIS2_PLACEMENT_3D ( 'NONE', #585, #736, #263 ) ;
#1566 = CARTESIAN_POINT ( 'NONE',  ( 16.49999999999998934, 18.75000000000000000, -1.000000000000000000 ) ) ;
#1567 = DIRECTION ( 'NONE',  ( 1.224646799147353207E-16, 1.000000000000000000, 0.000000000000000000 ) ) ;
#1568 = ORIENTED_EDGE ( 'NONE', *, *, #104, .F. ) ;
#1569 = EDGE_CURVE ( 'NONE', #292, #623, #1381, .T. ) ;
#1570 = CYLINDRICAL_SURFACE ( 'NONE', #135, 2.499999999999998668 ) ;
#1571 = CALENDAR_DATE ( 2026, 30, 5 ) ;
#1572 = ORIENTED_EDGE ( 'NONE', *, *, #754, .T. ) ;
#1573 = DIRECTION ( 'NONE',  ( -0.000000000000000000, 0.000000000000000000, 1.000000000000000000 ) ) ;
#1574 = DIRECTION ( 'NONE',  ( -0.000000000000000000, 0.000000000000000000, 1.000000000000000000 ) ) ;
#1575 = CIRCLE ( 'NONE', #1387, 1.450000000000000178 ) ;
#1576 = CARTESIAN_POINT ( 'NONE',  ( 0.000000000000000000, 22.75000000000000000, 3.000000000000000000 ) ) ;
#1577 = AXIS2_PLACEMENT_3D ( 'NONE', #761, #1076, #1354 ) ;
#1578 = CARTESIAN_POINT ( 'NONE',  ( 0.000000000000000000, 0.000000000000000000, -1.000000000000000000 ) ) ;
#1579 = DIRECTION ( 'NONE',  ( 0.000000000000000000, 0.000000000000000000, 1.000000000000000000 ) ) ;
#1580 = EDGE_CURVE ( 'NONE', #115, #443, #214, .T. ) ;
#1581 = VERTEX_POINT ( 'NONE', #1497 ) ;
#1582 = CARTESIAN_POINT ( 'NONE',  ( -39.99999999999999289, 22.75000000000000000, -1.000000000000000000 ) ) ;
#1583 = AXIS2_PLACEMENT_3D ( 'NONE', #1445, #118, #1911 ) ;
#1584 = DIRECTION ( 'NONE',  ( 1.000000000000000000, 0.000000000000000000, 0.000000000000000000 ) ) ;
#1585 = EDGE_CURVE ( 'NONE', #1755, #1105, #1800, .T. ) ;
#1586 = ORIENTED_EDGE ( 'NONE', *, *, #1378, .F. ) ;
#1587 = FACE_OUTER_BOUND ( 'NONE', #1241, .T. ) ;
#1588 = CIRCLE ( 'NONE', #476, 3.499999999999999556 ) ;
#1589 = DIRECTION ( 'NONE',  ( 0.000000000000000000, 0.000000000000000000, -1.000000000000000000 ) ) ;
#1590 = CARTESIAN_POINT ( 'NONE',  ( 10.82499999999999929, 3.750000000000000000, 3.000000000000000000 ) ) ;
#1591 = PRODUCT_DEFINITION_SHAPE ( 'NONE', 'NONE',  #1170 ) ;
#1592 = DIRECTION ( 'NONE',  ( -0.000000000000000000, 0.000000000000000000, 1.000000000000000000 ) ) ;
#1593 = CARTESIAN_POINT ( 'NONE',  ( -21.39999999999999858, 18.75000000000000000, -4.400000000000000355 ) ) ;
#1594 = EDGE_LOOP ( 'NONE', ( #1102, #1586, #1553, #1791 ) ) ;
#1595 = CYLINDRICAL_SURFACE ( 'NONE', #849, 2.500000000000002220 ) ;
#1596 = ADVANCED_FACE ( 'NONE', ( #1810 ), #1653, .F. ) ;
#1597 = ORIENTED_EDGE ( 'NONE', *, *, #104, .T. ) ;
#1598 = DIRECTION ( 'NONE',  ( 1.000000000000000000, 0.000000000000000000, 0.000000000000000000 ) ) ;
#1599 = ADVANCED_FACE ( 'NONE', ( #192 ), #1859, .F. ) ;
#1600 = DIRECTION ( 'NONE',  ( -1.000000000000000000, 0.000000000000000000, 0.000000000000000000 ) ) ;
#1601 = DIRECTION ( 'NONE',  ( 1.000000000000000000, 0.000000000000000000, 0.000000000000000000 ) ) ;
#1602 = ORIENTED_EDGE ( 'NONE', *, *, #1260, .T. ) ;
#1603 = CARTESIAN_POINT ( 'NONE',  ( 36.99999999999999289, -0.2500000000000002220, -1.000000000000000000 ) ) ;
#1604 = ORIENTED_EDGE ( 'NONE', *, *, #826, .T. ) ;
#1605 = DIRECTION ( 'NONE',  ( 0.000000000000000000, 0.000000000000000000, 1.000000000000000000 ) ) ;
#1606 = EDGE_CURVE ( 'NONE', #1699, #1086, #495, .T. ) ;
#1607 = EDGE_CURVE ( 'NONE', #1708, #1394, #217, .T. ) ;
#1608 = FACE_BOUND ( 'NONE', #767, .T. ) ;
#1609 = AXIS2_PLACEMENT_3D ( 'NONE', #913, #770, #1051 ) ;
#1610 = AXIS2_PLACEMENT_3D ( 'NONE', #1061, #1675, #1655 ) ;
#1611 = ORIENTED_EDGE ( 'NONE', *, *, #1496, .F. ) ;
#1612 = DIRECTION ( 'NONE',  ( 0.000000000000000000, 0.000000000000000000, 1.000000000000000000 ) ) ;
#1613 = ORIENTED_EDGE ( 'NONE', *, *, #1606, .F. ) ;
#1614 = CARTESIAN_POINT ( 'NONE',  ( 39.99999999999999289, 22.75000000000000000, 3.000000000000000000 ) ) ;
#1615 = CIRCLE ( 'NONE', #1153, 2.500000000000002220 ) ;
#1616 = CIRCLE ( 'NONE', #160, 1.499999999999994449 ) ;
#1617 = EDGE_CURVE ( 'NONE', #694, #1649, #1634, .T. ) ;
#1618 = CARTESIAN_POINT ( 'NONE',  ( -39.99999999999999289, 0.000000000000000000, -1.000000000000000000 ) ) ;
#1619 = DIRECTION ( 'NONE',  ( -1.000000000000000000, 0.000000000000000000, 0.000000000000000000 ) ) ;
#1620 = EDGE_CURVE ( 'NONE', #207, #497, #496, .T. ) ;
#1621 = ORIENTED_EDGE ( 'NONE', *, *, #1157, .T. ) ;
#1622 = DIRECTION ( 'NONE',  ( -1.000000000000000000, 0.000000000000000000, 0.000000000000000000 ) ) ;
#1623 = ORIENTED_EDGE ( 'NONE', *, *, #829, .T. ) ;
#1624 = DIRECTION ( 'NONE',  ( -0.000000000000000000, 0.000000000000000000, 1.000000000000000000 ) ) ;
#1625 = FACE_BOUND ( 'NONE', #956, .T. ) ;
#1626 = DIRECTION ( 'NONE',  ( 1.000000000000000000, 0.000000000000000000, 0.000000000000000000 ) ) ;
#1627 = APPROVAL_DATE_TIME ( #1127, #197 ) ;
#1628 = ORIENTED_EDGE ( 'NONE', *, *, #1080, .F. ) ;
#1629 = LINE ( 'NONE', #1458, #1190 ) ;
#1630 = CC_DESIGN_PERSON_AND_ORGANIZATION_ASSIGNMENT ( #1893, #1287, ( #707 ) ) ;
#1631 = EDGE_CURVE ( 'NONE', #146, #1441, #29, .T. ) ;
#1632 = EDGE_LOOP ( 'NONE', ( #1168, #1796, #1696, #177 ) ) ;
#1633 = DIRECTION ( 'NONE',  ( 0.000000000000000000, 0.000000000000000000, 1.000000000000000000 ) ) ;
#1634 = LINE ( 'NONE', #1647, #649 ) ;
#1635 = FACE_OUTER_BOUND ( 'NONE', #1472, .T. ) ;
#1636 = VECTOR ( 'NONE', #615, 1000.000000000000000 ) ;
#1637 = ORIENTED_EDGE ( 'NONE', *, *, #493, .T. ) ;
#1638 = CARTESIAN_POINT ( 'NONE',  ( -22.50000000000000000, 18.75000000000000000, -4.400000000000000355 ) ) ;
#1639 = CIRCLE ( 'NONE', #1897, 1.500000000000001332 ) ;
#1640 = EDGE_CURVE ( 'NONE', #146, #1408, #1693, .T. ) ;
#1641 = ORIENTED_EDGE ( 'NONE', *, *, #245, .T. ) ;
#1642 = CARTESIAN_POINT ( 'NONE',  ( 39.99999999999999289, 6.100126508929430379E-15, -1.000000000000000000 ) ) ;
#1643 = AXIS2_PLACEMENT_3D ( 'NONE', #332, #1357, #915 ) ;
#1644 = AXIS2_PLACEMENT_3D ( 'NONE', #374, #1270, #1706 ) ;
#1645 = EDGE_LOOP ( 'NONE', ( #642, #807 ) ) ;
#1646 = AXIS2_PLACEMENT_3D ( 'NONE', #1578, #1011, #1462 ) ;
#1647 = CARTESIAN_POINT ( 'NONE',  ( 18.59406503568220259, 1.612778056561872356E-14, -1.000000000000000000 ) ) ;
#1648 = DATE_AND_TIME ( #1185, #1727 ) ;
#1649 = VERTEX_POINT ( 'NONE', #1536 ) ;
#1650 = LINE ( 'NONE', #1374, #154 ) ;
#1651 = EDGE_LOOP ( 'NONE', ( #1134, #1628 ) ) ;
#1652 = CARTESIAN_POINT ( 'NONE',  ( 39.99999999999999289, 6.100126508929430379E-15, 3.000000000000000000 ) ) ;
#1653 = CYLINDRICAL_SURFACE ( 'NONE', #769, 1.450000000000000178 ) ;
#1654 = ORIENTED_EDGE ( 'NONE', *, *, #616, .T. ) ;
#1655 = DIRECTION ( 'NONE',  ( 1.000000000000000000, 0.000000000000000000, 0.000000000000000000 ) ) ;
#1656 = ORIENTED_EDGE ( 'NONE', *, *, #686, .T. ) ;
#1657 = CARTESIAN_POINT ( 'NONE',  ( 21.39999999999999147, -19.25000000000000000, -4.400000000000000355 ) ) ;
#1658 = CC_DESIGN_SECURITY_CLASSIFICATION ( #393, ( #707 ) ) ;
#1659 = EDGE_LOOP ( 'NONE', ( #1773, #665, #155, #1837, #991 ) ) ;
#1660 = CARTESIAN_POINT ( 'NONE',  ( 19.99999999999999289, 18.75000000000000000, -4.400000000000000355 ) ) ;
#1661 = EDGE_CURVE ( 'NONE', #1755, #559, #1639, .T. ) ;
#1662 = EDGE_CURVE ( 'NONE', #835, #507, #242, .T. ) ;
#1663 = EDGE_LOOP ( 'NONE', ( #674, #1326, #1641, #129 ) ) ;
#1664 = DIRECTION ( 'NONE',  ( 1.000000000000000000, 0.000000000000000000, 0.000000000000000000 ) ) ;
#1665 = ORIENTED_EDGE ( 'NONE', *, *, #1122, .F. ) ;
#1666 = DIRECTION ( 'NONE',  ( 1.000000000000000000, 0.000000000000000000, 0.000000000000000000 ) ) ;
#1667 = CIRCLE ( 'NONE', #1510, 4.250000000000000000 ) ;
#1668 = AXIS2_PLACEMENT_3D ( 'NONE', #1492, #1350, #1365 ) ;
#1669 = ORIENTED_EDGE ( 'NONE', *, *, #1585, .T. ) ;
#1670 = CARTESIAN_POINT ( 'NONE',  ( 4.250000000000000000, 3.750000000000000000, 3.000000000000000000 ) ) ;
#1671 = DIRECTION ( 'NONE',  ( 1.000000000000000000, 0.000000000000000000, 0.000000000000000000 ) ) ;
#1672 = EDGE_CURVE ( 'NONE', #380, #1394, #1682, .T. ) ;
#1673 = CIRCLE ( 'NONE', #341, 1.449999999999999956 ) ;
#1674 = EDGE_LOOP ( 'NONE', ( #868, #1269, #100, #44, #1337 ) ) ;
#1675 = DIRECTION ( 'NONE',  ( -0.000000000000000000, 0.000000000000000000, 1.000000000000000000 ) ) ;
#1676 = TOROIDAL_SURFACE ( 'NONE', #847, 3.499999999999998224, 1.000000000000000000 ) ;
#1677 = EDGE_LOOP ( 'NONE', ( #1285, #724, #391, #54 ) ) ;
#1678 = DIRECTION ( 'NONE',  ( 0.000000000000000000, 0.000000000000000000, 1.000000000000000000 ) ) ;
#1679 = CARTESIAN_POINT ( 'NONE',  ( 0.000000000000000000, -22.75000000000000000, -1.000000000000000000 ) ) ;
#1680 = ORIENTED_EDGE ( 'NONE', *, *, #1535, .F. ) ;
#1681 = CARTESIAN_POINT ( 'NONE',  ( 19.99999999999999289, 18.75000000000000000, -4.400000000000000355 ) ) ;
#1682 = LINE ( 'NONE', #351, #302 ) ;
#1683 = ORIENTED_EDGE ( 'NONE', *, *, #141, .F. ) ;
#1684 = CARTESIAN_POINT ( 'NONE',  ( -19.99999999999999645, 18.75000000000000000, -4.400000000000000355 ) ) ;
#1685 = EDGE_CURVE ( 'NONE', #1351, #292, #834, .T. ) ;
#1686 = ORIENTED_EDGE ( 'NONE', *, *, #1339, .T. ) ;
#1687 = LINE ( 'NONE', #675, #1004 ) ;
#1688 = FACE_OUTER_BOUND ( 'NONE', #941, .T. ) ;
#1689 = ADVANCED_FACE ( 'NONE', ( #1703 ), #661, .F. ) ;
#1690 = EDGE_LOOP ( 'NONE', ( #215, #1064 ) ) ;
#1691 = DIRECTION ( 'NONE',  ( -0.000000000000000000, 0.000000000000000000, 1.000000000000000000 ) ) ;
#1692 = LINE ( 'NONE', #699, #403 ) ;
#1693 = LINE ( 'NONE', #955, #1144 ) ;
#1694 = ORIENTED_EDGE ( 'NONE', *, *, #1131, .T. ) ;
#1695 = DIRECTION ( 'NONE',  ( 1.000000000000000000, 0.000000000000000000, 0.000000000000000000 ) ) ;
#1696 = ORIENTED_EDGE ( 'NONE', *, *, #944, .T. ) ;
#1697 = DIRECTION ( 'NONE',  ( 1.000000000000000000, 0.000000000000000000, 0.000000000000000000 ) ) ;
#1698 = ADVANCED_FACE ( 'NONE', ( #824 ), #670, .T. ) ;
#1699 = VERTEX_POINT ( 'NONE', #690 ) ;
#1700 = DIRECTION ( 'NONE',  ( 1.000000000000000000, 0.000000000000000000, 0.000000000000000000 ) ) ;
#1701 = EDGE_CURVE ( 'NONE', #1649, #475, #975, .T. ) ;
#1702 = FACE_BOUND ( 'NONE', #667, .T. ) ;
#1703 = FACE_OUTER_BOUND ( 'NONE', #1465, .T. ) ;
#1704 = AXIS2_PLACEMENT_3D ( 'NONE', #1481, #703, #1297 ) ;
#1705 = EDGE_LOOP ( 'NONE', ( #1334, #750 ) ) ;
#1706 = DIRECTION ( 'NONE',  ( -1.000000000000000000, 0.000000000000000000, 0.000000000000000000 ) ) ;
#1707 = AXIS2_PLACEMENT_3D ( 'NONE', #272, #710, #429 ) ;
#1708 = VERTEX_POINT ( 'NONE', #801 ) ;
#1709 = DIRECTION ( 'NONE',  ( 1.000000000000000000, 0.000000000000000000, 0.000000000000000000 ) ) ;
#1710 = VECTOR ( 'NONE', #1232, 1000.000000000000000 ) ;
#1711 = ORIENTED_EDGE ( 'NONE', *, *, #1685, .T. ) ;
#1712 = DIRECTION ( 'NONE',  ( 1.000000000000000000, 0.000000000000000000, 0.000000000000000000 ) ) ;
#1713 = ADVANCED_BREP_SHAPE_REPRESENTATION ( 'EDM Brake_Motor_Mount_Plate', ( #1534, #1258 ), #145 ) ;
#1714 = DIRECTION ( 'NONE',  ( -1.000000000000000000, 0.000000000000000000, 0.000000000000000000 ) ) ;
#1715 = PRODUCT_RELATED_PRODUCT_CATEGORY ( 'detail', '', ( #259 ) ) ;
#1716 = DIRECTION ( 'NONE',  ( -0.000000000000000000, -0.000000000000000000, -1.000000000000000000 ) ) ;
#1717 = EDGE_CURVE ( 'NONE', #906, #475, #1281, .T. ) ;
#1718 = ORIENTED_EDGE ( 'NONE', *, *, #1672, .T. ) ;
#1719 = FACE_OUTER_BOUND ( 'NONE', #355, .T. ) ;
#1720 = ORIENTED_EDGE ( 'NONE', *, *, #413, .T. ) ;
#1721 = CARTESIAN_POINT ( 'NONE',  ( 39.99999999999999289, 22.75000000000000000, -1.000000000000000000 ) ) ;
#1722 = APPROVAL_STATUS ( 'not_yet_approved' ) ;
#1723 = VERTEX_POINT ( 'NONE', #1246 ) ;
#1724 = CARTESIAN_POINT ( 'NONE',  ( -38.49999999999999289, 17.75000000000000000, 3.000000000000000000 ) ) ;
#1725 = FACE_OUTER_BOUND ( 'NONE', #1203, .T. ) ;
#1726 = DIRECTION ( 'NONE',  ( 0.000000000000000000, 0.000000000000000000, 1.000000000000000000 ) ) ;
#1727 = LOCAL_TIME ( 15, 17, 37.00000000000000000, #4 ) ;
#1728 = EDGE_CURVE ( 'NONE', #6, #1482, #563, .T. ) ;
#1729 = DIRECTION ( 'NONE',  ( -0.000000000000000000, 0.000000000000000000, 1.000000000000000000 ) ) ;
#1730 = CARTESIAN_POINT ( 'NONE',  ( 18.59999999999999432, 18.75000000000000000, -4.400000000000000355 ) ) ;
#1731 = ORIENTED_EDGE ( 'NONE', *, *, #1580, .F. ) ;
#1732 = DIRECTION ( 'NONE',  ( 0.000000000000000000, 0.000000000000000000, 1.000000000000000000 ) ) ;
#1733 = EDGE_LOOP ( 'NONE', ( #889, #983, #1373, #1126 ) ) ;
#1734 = FACE_OUTER_BOUND ( 'NONE', #702, .T. ) ;
#1735 = DIRECTION ( 'NONE',  ( -1.000000000000000000, 0.000000000000000000, 0.000000000000000000 ) ) ;
#1736 = TOROIDAL_SURFACE ( 'NONE', #435, 3.500000000000002665, 1.000000000000000000 ) ;
#1737 = VECTOR ( 'NONE', #986, 1000.000000000000000 ) ;
#1738 = CARTESIAN_POINT ( 'NONE',  ( -19.99999999999999645, 18.75000000000000000, -1.000000000000000000 ) ) ;
#1739 = DIRECTION ( 'NONE',  ( 1.000000000000000000, 0.000000000000000000, 0.000000000000000000 ) ) ;
#1740 = EDGE_CURVE ( 'NONE', #1811, #122, #363, .T. ) ;
#1741 = AXIS2_PLACEMENT_3D ( 'NONE', #1751, #1900, #867 ) ;
#1742 = ORIENTED_EDGE ( 'NONE', *, *, #128, .F. ) ;
#1743 = PLANE ( 'NONE',  #334 ) ;
#1744 = PERSON_AND_ORGANIZATION_ROLE ( 'creator' ) ;
#1745 = ADVANCED_FACE ( 'NONE', ( #384 ), #1123, .F. ) ;
#1746 = VERTEX_POINT ( 'NONE', #1108 ) ;
#1747 = CARTESIAN_POINT ( 'NONE',  ( 0.000000000000000000, 0.000000000000000000, -1.000000000000000000 ) ) ;
#1748 = VECTOR ( 'NONE', #1431, 1000.000000000000000 ) ;
#1749 = CIRCLE ( 'NONE', #1839, 1.449999999999999956 ) ;
#1750 = LINE ( 'NONE', #1018, #1366 ) ;
#1751 = CARTESIAN_POINT ( 'NONE',  ( -19.99999999999999645, 18.75000000000000000, -2.000000000000000000 ) ) ;
#1752 = ORIENTED_EDGE ( 'NONE', *, *, #13, .F. ) ;
#1753 = FACE_OUTER_BOUND ( 'NONE', #1430, .T. ) ;
#1754 = EDGE_CURVE ( 'NONE', #795, #237, #987, .T. ) ;
#1755 = VERTEX_POINT ( 'NONE', #1852 ) ;
#1756 = CARTESIAN_POINT ( 'NONE',  ( 1.636132010826995089E-15, -11.69525703388012694, -4.400000000000000355 ) ) ;
#1757 = DIRECTION ( 'NONE',  ( -0.000000000000000000, 0.000000000000000000, 1.000000000000000000 ) ) ;
#1758 = CARTESIAN_POINT ( 'NONE',  ( -36.99999999999999289, 17.75000000000000000, -1.000000000000000000 ) ) ;
#1759 = DIRECTION ( 'NONE',  ( 0.000000000000000000, -0.000000000000000000, -1.000000000000000000 ) ) ;
#1760 = AXIS2_PLACEMENT_3D ( 'NONE', #357, #53, #200 ) ;
#1761 = EDGE_LOOP ( 'NONE', ( #741, #1223, #549, #1539 ) ) ;
#1762 = DIRECTION ( 'NONE',  ( 1.000000000000000000, 0.000000000000000000, 0.000000000000000000 ) ) ;
#1763 = VERTEX_POINT ( 'NONE', #965 ) ;
#1764 = DIRECTION ( 'NONE',  ( -1.000000000000000000, -1.398970545142586541E-16, 0.000000000000000000 ) ) ;
#1765 = EDGE_CURVE ( 'NONE', #828, #850, #86, .T. ) ;
#1766 = CARTESIAN_POINT ( 'NONE',  ( -23.49999999999999645, -19.25000000000000000, -2.000000000000000000 ) ) ;
#1767 = CIRCLE ( 'NONE', #1139, 1.449999999999999956 ) ;
#1768 = DIRECTION ( 'NONE',  ( 1.000000000000000000, 0.000000000000000000, 0.000000000000000000 ) ) ;
#1769 = VECTOR ( 'NONE', #298, 1000.000000000000000 ) ;
#1770 = ORIENTED_EDGE ( 'NONE', *, *, #744, .T. ) ;
#1771 = LINE ( 'NONE', #869, #663 ) ;
#1772 = AXIS2_PLACEMENT_3D ( 'NONE', #1240, #680, #1867 ) ;
#1773 = ORIENTED_EDGE ( 'NONE', *, *, #744, .F. ) ;
#1774 = CARTESIAN_POINT ( 'NONE',  ( 21.39999999999999147, -19.25000000000000000, -1.000000000000000000 ) ) ;
#1775 = AXIS2_PLACEMENT_3D ( 'NONE', #47, #55, #502 ) ;
#1776 = DIRECTION ( 'NONE',  ( 1.000000000000000000, 0.000000000000000000, 0.000000000000000000 ) ) ;
#1777 = AXIS2_PLACEMENT_3D ( 'NONE', #1838, #82, #1697 ) ;
#1778 = CARTESIAN_POINT ( 'NONE',  ( 19.99999999999999289, -22.75000000000000000, -1.000000000000000000 ) ) ;
#1779 = VECTOR ( 'NONE', #1252, 1000.000000000000000 ) ;
#1780 =( LENGTH_UNIT ( ) NAMED_UNIT ( * ) SI_UNIT ( .MILLI., .METRE. ) );
#1781 = ADVANCED_FACE ( 'NONE', ( #1625, #408 ), #709, .F. ) ;
#1782 = ORIENTED_EDGE ( 'NONE', *, *, #1471, .F. ) ;
#1783 = DIRECTION ( 'NONE',  ( -0.000000000000000000, 0.000000000000000000, 1.000000000000000000 ) ) ;
#1784 = ORIENTED_EDGE ( 'NONE', *, *, #1389, .T. ) ;
#1785 = CARTESIAN_POINT ( 'NONE',  ( -19.99999999999999645, -19.25000000000000000, -2.000000000000000000 ) ) ;
#1786 = DIRECTION ( 'NONE',  ( -1.000000000000000000, 0.000000000000000000, 0.000000000000000000 ) ) ;
#1787 = CARTESIAN_POINT ( 'NONE',  ( 19.99999999999999289, -19.25000000000000000, -4.400000000000000355 ) ) ;
#1788 = EDGE_CURVE ( 'NONE', #266, #479, #1767, .T. ) ;
#1789 = VERTEX_POINT ( 'NONE', #1324 ) ;
#1790 = DIRECTION ( 'NONE',  ( -0.000000000000000000, 0.000000000000000000, 1.000000000000000000 ) ) ;
#1791 = ORIENTED_EDGE ( 'NONE', *, *, #816, .T. ) ;
#1792 = CARTESIAN_POINT ( 'NONE',  ( -19.99999999999999645, 18.75000000000000000, -4.400000000000000355 ) ) ;
#1793 = ORIENTED_EDGE ( 'NONE', *, *, #732, .T. ) ;
#1794 = DIRECTION ( 'NONE',  ( -0.000000000000000000, 0.000000000000000000, 1.000000000000000000 ) ) ;
#1795 = VECTOR ( 'NONE', #639, 1000.000000000000000 ) ;
#1796 = ORIENTED_EDGE ( 'NONE', *, *, #814, .T. ) ;
#1797 = CARTESIAN_POINT ( 'NONE',  ( 0.000000000000000000, 0.000000000000000000, -4.400000000000000355 ) ) ;
#1798 = ORIENTED_EDGE ( 'NONE', *, *, #1875, .T. ) ;
#1799 = DIRECTION ( 'NONE',  ( 1.000000000000000000, 0.000000000000000000, 0.000000000000000000 ) ) ;
#1800 = LINE ( 'NONE', #1514, #837 ) ;
#1801 = AXIS2_PLACEMENT_3D ( 'NONE', #434, #613, #1923 ) ;
#1802 = ORIENTED_EDGE ( 'NONE', *, *, #583, .F. ) ;
#1803 = CARTESIAN_POINT ( 'NONE',  ( 38.49999999999999289, 17.75000000000000000, 3.000000000000000000 ) ) ;
#1804 = ORIENTED_EDGE ( 'NONE', *, *, #158, .T. ) ;
#1805 = CARTESIAN_POINT ( 'NONE',  ( 21.39999999999999147, 18.75000000000000000, -4.400000000000000355 ) ) ;
#1806 = ADVANCED_FACE ( 'NONE', ( #1910 ), #1163, .F. ) ;
#1807 = EDGE_LOOP ( 'NONE', ( #1869, #819, #961, #1498 ) ) ;
#1808 = CARTESIAN_POINT ( 'NONE',  ( -38.49999999999999289, 17.75000000000000000, -1.000000000000000000 ) ) ;
#1809 = EDGE_CURVE ( 'NONE', #760, #1250, #1410, .T. ) ;
#1810 = FACE_OUTER_BOUND ( 'NONE', #23, .T. ) ;
#1811 = VERTEX_POINT ( 'NONE', #1590 ) ;
#1812 = CARTESIAN_POINT ( 'NONE',  ( 0.000000000000000000, 0.000000000000000000, -4.400000000000000355 ) ) ;
#1813 = ORIENTED_EDGE ( 'NONE', *, *, #1143, .F. ) ;
#1814 = CARTESIAN_POINT ( 'NONE',  ( -4.250000000000000000, 3.750000000000000444, 3.000000000000000000 ) ) ;
#1815 = CIRCLE ( 'NONE', #979, 3.500000000000003109 ) ;
#1816 = ORIENTED_EDGE ( 'NONE', *, *, #698, .T. ) ;
#1817 = DIRECTION ( 'NONE',  ( -0.000000000000000000, 0.000000000000000000, 1.000000000000000000 ) ) ;
#1818 = ADVANCED_FACE ( 'NONE', ( #554 ), #1918, .F. ) ;
#1819 = EDGE_CURVE ( 'NONE', #997, #182, #1447, .T. ) ;
#1820 = LINE ( 'NONE', #791, #1543 ) ;
#1821 = DATE_AND_TIME ( #315, #1503 ) ;
#1822 = CARTESIAN_POINT ( 'NONE',  ( 0.000000000000000000, 11.62500000000000000, 3.000000000000000000 ) ) ;
#1823 = DIRECTION ( 'NONE',  ( -0.000000000000000000, 0.000000000000000000, 1.000000000000000000 ) ) ;
#1824 = CIRCLE ( 'NONE', #593, 1.399999999999998579 ) ;
#1825 = EDGE_LOOP ( 'NONE', ( #1032, #1071 ) ) ;
#1826 = LINE ( 'NONE', #1642, #1213 ) ;
#1827 = AXIS2_PLACEMENT_3D ( 'NONE', #342, #22, #1786 ) ;
#1828 = VECTOR ( 'NONE', #196, 1000.000000000000000 ) ;
#1829 = DIRECTION ( 'NONE',  ( 1.000000000000000000, 0.000000000000000000, 0.000000000000000000 ) ) ;
#1830 = CIRCLE ( 'NONE', #1050, 2.499999999999998668 ) ;
#1831 = CIRCLE ( 'NONE', #1707, 1.449999999999999956 ) ;
#1832 = EDGE_CURVE ( 'NONE', #1401, #364, #326, .T. ) ;
#1833 = ORIENTED_EDGE ( 'NONE', *, *, #1607, .T. ) ;
#1834 = DIRECTION ( 'NONE',  ( 0.000000000000000000, 0.000000000000000000, 1.000000000000000000 ) ) ;
#1835 = AXIS2_PLACEMENT_3D ( 'NONE', #143, #300, #293 ) ;
#1836 = AXIS2_PLACEMENT_3D ( 'NONE', #1792, #464, #1046 ) ;
#1837 = ORIENTED_EDGE ( 'NONE', *, *, #826, .F. ) ;
#1838 = CARTESIAN_POINT ( 'NONE',  ( -19.99999999999999645, 18.75000000000000000, -4.400000000000000355 ) ) ;
#1839 = AXIS2_PLACEMENT_3D ( 'NONE', #1147, #895, #1622 ) ;
#1840 = EDGE_LOOP ( 'NONE', ( #1384, #1665 ) ) ;
#1841 = FACE_BOUND ( 'NONE', #894, .T. ) ;
#1842 = DIRECTION ( 'NONE',  ( -0.000000000000000000, -0.000000000000000000, -1.000000000000000000 ) ) ;
#1843 = DIRECTION ( 'NONE',  ( 1.224646799147353207E-16, 1.000000000000000000, 0.000000000000000000 ) ) ;
#1844 = LINE ( 'NONE', #968, #308 ) ;
#1845 = EDGE_CURVE ( 'NONE', #559, #1755, #1887, .T. ) ;
#1846 = ORIENTED_EDGE ( 'NONE', *, *, #1606, .T. ) ;
#1847 = FACE_OUTER_BOUND ( 'NONE', #1358, .T. ) ;
#1848 = VERTEX_POINT ( 'NONE', #1104 ) ;
#1849 = CARTESIAN_POINT ( 'NONE',  ( 22.49999999999999645, -19.25000000000000000, -4.400000000000000355 ) ) ;
#1850 = AXIS2_PLACEMENT_3D ( 'NONE', #1, #595, #1181 ) ;
#1851 = DIRECTION ( 'NONE',  ( -1.000000000000000000, 0.000000000000000000, 0.000000000000000000 ) ) ;
#1852 = CARTESIAN_POINT ( 'NONE',  ( 35.49999999999999289, -0.2500000000000000555, -1.000000000000000000 ) ) ;
#1853 = ORIENTED_EDGE ( 'NONE', *, *, #1456, .T. ) ;
#1854 = CYLINDRICAL_SURFACE ( 'NONE', #1115, 2.500000000000002220 ) ;
#1855 = ORIENTED_EDGE ( 'NONE', *, *, #648, .T. ) ;
#1856 = CARTESIAN_POINT ( 'NONE',  ( -18.59999999999999787, -19.25000000000000000, -4.400000000000000355 ) ) ;
#1857 = AXIS2_PLACEMENT_3D ( 'NONE', #1477, #718, #575 ) ;
#1858 = ORIENTED_EDGE ( 'NONE', *, *, #234, .F. ) ;
#1859 = TOROIDAL_SURFACE ( 'NONE', #250, 3.500000000000002665, 1.000000000000000000 ) ;
#1860 = CARTESIAN_POINT ( 'NONE',  ( -35.50000000000000000, -0.2500000000000002220, 3.000000000000000000 ) ) ;
#1861 = ADVANCED_FACE ( 'NONE', ( #1688 ), #379, .F. ) ;
#1862 = CIRCLE ( 'NONE', #1024, 1.449999999999999956 ) ;
#1863 = DIRECTION ( 'NONE',  ( 1.000000000000000000, 0.000000000000000000, 0.000000000000000000 ) ) ;
#1864 = CARTESIAN_POINT ( 'NONE',  ( -18.59999999999999787, -19.25000000000000000, -4.400000000000000355 ) ) ;
#1865 = CIRCLE ( 'NONE', #38, 1.400000000000001910 ) ;
#1866 = ORIENTED_EDGE ( 'NONE', *, *, #209, .T. ) ;
#1867 = DIRECTION ( 'NONE',  ( 1.000000000000000000, 0.000000000000000000, 0.000000000000000000 ) ) ;
#1868 = AXIS2_PLACEMENT_3D ( 'NONE', #1233, #945, #1626 ) ;
#1869 = ORIENTED_EDGE ( 'NONE', *, *, #583, .T. ) ;
#1870 = DIRECTION ( 'NONE',  ( 0.000000000000000000, 0.000000000000000000, 1.000000000000000000 ) ) ;
#1871 = TOROIDAL_SURFACE ( 'NONE', #1801, 3.500000000000002665, 1.000000000000000000 ) ;
#1872 = ORIENTED_EDGE ( 'NONE', *, *, #1197, .T. ) ;
#1873 = CARTESIAN_POINT ( 'NONE',  ( 18.59406503568220970, -7.695257033880125164, -4.400000000000000355 ) ) ;
#1874 = CIRCLE ( 'NONE', #194, 1.450000000000000178 ) ;
#1875 = EDGE_CURVE ( 'NONE', #1166, #488, #521, .T. ) ;
#1876 = CARTESIAN_POINT ( 'NONE',  ( 0.000000000000000000, 0.000000000000000000, -4.400000000000000355 ) ) ;
#1877 = DIRECTION ( 'NONE',  ( -0.000000000000000000, 0.000000000000000000, 1.000000000000000000 ) ) ;
#1878 = CARTESIAN_POINT ( 'NONE',  ( 19.99999999999999289, 18.75000000000000000, -4.400000000000000355 ) ) ;
#1879 = ORIENTED_EDGE ( 'NONE', *, *, #296, .F. ) ;
#1880 = DIRECTION ( 'NONE',  ( 0.000000000000000000, 0.000000000000000000, 1.000000000000000000 ) ) ;
#1881 =( NAMED_UNIT ( * ) PLANE_ANGLE_UNIT ( ) SI_UNIT ( $, .RADIAN. ) );
#1882 = ORIENTED_EDGE ( 'NONE', *, *, #1193, .F. ) ;
#1883 = FACE_OUTER_BOUND ( 'NONE', #149, .T. ) ;
#1884 = DIRECTION ( 'NONE',  ( 1.000000000000000000, 0.000000000000000000, 0.000000000000000000 ) ) ;
#1885 = EDGE_CURVE ( 'NONE', #1306, #1848, #1815, .T. ) ;
#1886 = DIRECTION ( 'NONE',  ( 0.000000000000000000, 0.000000000000000000, 1.000000000000000000 ) ) ;
#1887 = CIRCLE ( 'NONE', #1850, 1.500000000000001332 ) ;
#1888 = CC_DESIGN_DATE_AND_TIME_ASSIGNMENT ( #1648, #179, ( #393 ) ) ;
#1889 = CARTESIAN_POINT ( 'NONE',  ( -21.39999999999999858, 18.75000000000000000, -4.400000000000000355 ) ) ;
#1890 = CARTESIAN_POINT ( 'NONE',  ( 0.000000000000000000, -4.125000000000000000, 3.000000000000000000 ) ) ;
#1891 = ORIENTED_EDGE ( 'NONE', *, *, #1885, .T. ) ;
#1892 = DIRECTION ( 'NONE',  ( 1.000000000000000000, 0.000000000000000000, 0.000000000000000000 ) ) ;
#1893 = PERSON_AND_ORGANIZATION ( #864, #1227 ) ;
#1894 = ORIENTED_EDGE ( 'NONE', *, *, #1389, .F. ) ;
#1895 = CARTESIAN_POINT ( 'NONE',  ( 0.000000000000000000, 3.750000000000000000, -1.000000000000000000 ) ) ;
#1896 = VECTOR ( 'NONE', #1228, 1000.000000000000000 ) ;
#1897 = AXIS2_PLACEMENT_3D ( 'NONE', #211, #1877, #846 ) ;
#1898 = CIRCLE ( 'NONE', #1308, 2.500000000000002220 ) ;
#1899 = FACE_OUTER_BOUND ( 'NONE', #9, .T. ) ;
#1900 = DIRECTION ( 'NONE',  ( -0.000000000000000000, 0.000000000000000000, 1.000000000000000000 ) ) ;
#1901 = ADVANCED_FACE ( 'NONE', ( #644 ), #1084, .T. ) ;
#1902 = AXIS2_PLACEMENT_3D ( 'NONE', #1455, #1437, #1601 ) ;
#1903 = VERTEX_POINT ( 'NONE', #1399 ) ;
#1904 = ADVANCED_FACE ( 'NONE', ( #943 ), #1532, .T. ) ;
#1905 = CARTESIAN_POINT ( 'NONE',  ( 0.000000000000000000, 0.000000000000000000, -1.000000000000000000 ) ) ;
#1906 = AXIS2_PLACEMENT_3D ( 'NONE', #2, #1691, #1829 ) ;
#1907 = VERTEX_POINT ( 'NONE', #295 ) ;
#1908 = CARTESIAN_POINT ( 'NONE',  ( 36.99999999999999289, 17.75000000000000000, -1.000000000000000000 ) ) ;
#1909 = AXIS2_PLACEMENT_3D ( 'NONE', #1359, #654, #1083 ) ;
#1910 = FACE_OUTER_BOUND ( 'NONE', #491, .T. ) ;
#1911 = DIRECTION ( 'NONE',  ( 0.000000000000000000, 0.000000000000000000, -1.000000000000000000 ) ) ;
#1912 = FACE_OUTER_BOUND ( 'NONE', #739, .T. ) ;
#1913 = ADVANCED_FACE ( 'NONE', ( #1635 ), #893, .F. ) ;
#1914 = ORIENTED_EDGE ( 'NONE', *, *, #1765, .F. ) ;
#1915 = DIRECTION ( 'NONE',  ( 0.000000000000000000, 0.000000000000000000, 1.000000000000000000 ) ) ;
#1916 = ORIENTED_EDGE ( 'NONE', *, *, #201, .T. ) ;
#1917 = LINE ( 'NONE', #1016, #412 ) ;
#1918 = PLANE ( 'NONE',  #1565 ) ;
#1919 = CARTESIAN_POINT ( 'NONE',  ( 38.49999999999999289, -0.2500000000000002220, 3.000000000000000000 ) ) ;
#1920 = EDGE_LOOP ( 'NONE', ( #1879, #58 ) ) ;
#1921 = FACE_OUTER_BOUND ( 'NONE', #1920, .T. ) ;
#1922 = ORIENTED_EDGE ( 'NONE', *, *, #505, .F. ) ;
#1923 = DIRECTION ( 'NONE',  ( 1.000000000000000000, 0.000000000000000000, 0.000000000000000000 ) ) ;
ENDSEC;
END-ISO-10303-21;
