ISO-10303-21;
HEADER;
FILE_DESCRIPTION (( 'STEP AP203' ),
    '1' );
FILE_NAME ('nozzel V8 (with 10mm hole).STEP',
    '2026-05-30T23:09:41',
    ( '' ),
    ( '' ),
    'SwSTEP 2.0',
    'SolidWorks 2024',
    '' );
FILE_SCHEMA (( 'CONFIG_CONTROL_DESIGN' ));
ENDSEC;

DATA;
#1 = DIRECTION ( 'NONE',  ( -0.3213324028862222792, 0.9469664655389684604, 2.243852176485737443E-15 ) ) ;
#2 = CARTESIAN_POINT ( 'NONE',  ( -48.71142503235961385, 15.98746122329254860, 27.47895099870557445 ) ) ;
#3 = AXIS2_PLACEMENT_3D ( 'NONE', #1273, #4989, #2666 ) ;
#4 = DIRECTION ( 'NONE',  ( 1.000000000000000000, -1.590802582721163873E-16, 0.000000000000000000 ) ) ;
#5 = CARTESIAN_POINT ( 'NONE',  ( -3.347529862213724172, 14.30337150129740209, 22.47895099870554603 ) ) ;
#6 = CARTESIAN_POINT ( 'NONE',  ( -7.617084454437067720, 0.4881997596173706655, 22.47895099870554603 ) ) ;
#7 = LINE ( 'NONE', #3570, #1270 ) ;
#8 = CARTESIAN_POINT ( 'NONE',  ( -61.02070228446464029, 2.349796402607847501, 26.15119366735470052 ) ) ;
#9 = EDGE_LOOP ( 'NONE', ( #96, #4528, #4708, #5848 ) ) ;
#10 = VERTEX_POINT ( 'NONE', #1940 ) ;
#11 = CARTESIAN_POINT ( 'NONE',  ( -19.70491304937731414, 3.386269837145776229, 24.88912420057752684 ) ) ;
#12 = CARTESIAN_POINT ( 'NONE',  ( -19.88364860576829685, 4.664142254864596993, 17.75238490036673156 ) ) ;
#13 = CARTESIAN_POINT ( 'NONE',  ( -62.92290298846485541, 11.32998389021818220, 20.13866192241099640 ) ) ;
#14 = EDGE_CURVE ( 'NONE', #4132, #5033, #492, .T. ) ;
#15 = CARTESIAN_POINT ( 'NONE',  ( -47.62570817833370995, 5.987582170307936380, 17.47895099870513747 ) ) ;
#16 = ORIENTED_EDGE ( 'NONE', *, *, #1410, .F. ) ;
#17 = CARTESIAN_POINT ( 'NONE',  ( -23.05886941644278920, 7.990175306891611484, 27.47895099870235569 ) ) ;
#18 = DIRECTION ( 'NONE',  ( 1.156482317317871478E-16, 1.000000000000000000, -0.000000000000000000 ) ) ;
#19 = CARTESIAN_POINT ( 'NONE',  ( -19.78199322273127692, 5.543137965997812167, 17.21418825674011188 ) ) ;
#20 = EDGE_LOOP ( 'NONE', ( #4813, #2647, #4668, #1334 ) ) ;
#21 = APPROVAL_ROLE ( '' ) ;
#22 = CARTESIAN_POINT ( 'NONE',  ( -55.60675625356016383, 30.69306202829179142, 8.944995798079506955 ) ) ;
#23 = CARTESIAN_POINT ( 'NONE',  ( -19.88364860576848514, 4.664142254862885473, 27.20551709704227150 ) ) ;
#24 = VECTOR ( 'NONE', #3408, 1000.000000000000000 ) ;
#25 = CARTESIAN_POINT ( 'NONE',  ( -34.79447726490850101, 23.48237869079923357, 27.47895099870556024 ) ) ;
#26 = CARTESIAN_POINT ( 'NONE',  ( -59.12953365508533210, 12.06748497057090397, 36.58565923957843324 ) ) ;
#27 = CARTESIAN_POINT ( 'NONE',  ( -19.77215707232322472, 6.290291180691331085, 17.16356657780350758 ) ) ;
#28 = CARTESIAN_POINT ( 'NONE',  ( -1.849018720459826515, 31.48819975961736972, 8.314668752527174078 ) ) ;
#29 = ADVANCED_FACE ( 'NONE', ( #2420, #647 ), #1909, .F. ) ;
#30 = EDGE_LOOP ( 'NONE', ( #5318, #2565, #2566, #2914, #449, #70 ) ) ;
#31 = CIRCLE ( 'NONE', #5626, 1.499999999999994449 ) ;
#32 = DIRECTION ( 'NONE',  ( -1.000000000000000000, 0.000000000000000000, 6.982962677686266711E-15 ) ) ;
#33 = CARTESIAN_POINT ( 'NONE',  ( -20.67783638349231978, 12.01659513570166915, 19.80415213998506019 ) ) ;
#34 = CARTESIAN_POINT ( 'NONE',  ( -50.67919260827386552, 1.488199759617370388, 37.47895099870584801 ) ) ;
#35 = AXIS2_PLACEMENT_3D ( 'NONE', #1159, #4342, #301 ) ;
#36 = VECTOR ( 'NONE', #495, 1000.000000000000000 ) ;
#37 = CARTESIAN_POINT ( 'NONE',  ( -56.66944266977665023, 3.432519364047577515, 37.47895099870588353 ) ) ;
#38 = EDGE_LOOP ( 'NONE', ( #5061, #880, #3817, #1055, #2195 ) ) ;
#39 = ORIENTED_EDGE ( 'NONE', *, *, #2874, .T. ) ;
#40 = CARTESIAN_POINT ( 'NONE',  ( -58.96708445443707092, 31.48819975961736972, 26.01039022695080405 ) ) ;
#41 = CARTESIAN_POINT ( 'NONE',  ( -19.91541808359201937, 3.896348915136896185, 19.29305852996992243 ) ) ;
#42 = CARTESIAN_POINT ( 'NONE',  ( -7.617084454437069496, 0.4881997596173706655, 22.47895099870554603 ) ) ;
#43 = CARTESIAN_POINT ( 'NONE',  ( -63.63382706695971791, 15.98821102550520834, 27.47895099870559221 ) ) ;
#44 = CARTESIAN_POINT ( 'NONE',  ( -51.84982268342284328, 0.5480816581483128891, 36.62832552182241841 ) ) ;
#45 = ORIENTED_EDGE ( 'NONE', *, *, #929, .F. ) ;
#46 = AXIS2_PLACEMENT_3D ( 'NONE', #5839, #878, #436 ) ;
#47 = ADVANCED_FACE ( 'NONE', ( #4616 ), #816, .F. ) ;
#48 = CARTESIAN_POINT ( 'NONE',  ( -24.53480174626044885, 18.88976472215459168, 17.47895099870874702 ) ) ;
#49 = CARTESIAN_POINT ( 'NONE',  ( -34.31889487463964628, 14.77548979564685006, 44.16039022695080263 ) ) ;
#50 = CARTESIAN_POINT ( 'NONE',  ( -19.73766708623657706, 5.313861130563236834, 17.11572127827627909 ) ) ;
#51 = AXIS2_PLACEMENT_3D ( 'NONE', #4328, #3875, #2985 ) ;
#52 = ORIENTED_EDGE ( 'NONE', *, *, #3348, .F. ) ;
#53 = CARTESIAN_POINT ( 'NONE',  ( -56.00848730149795074, 30.41615607615563022, 8.842712740951936823 ) ) ;
#54 = EDGE_CURVE ( 'NONE', #697, #3451, #986, .T. ) ;
#55 = CIRCLE ( 'NONE', #4126, 0.7499999999999902300 ) ;
#56 = VECTOR ( 'NONE', #2485, 1000.000000000000000 ) ;
#57 = DIRECTION ( 'NONE',  ( 0.000000000000000000, -0.000000000000000000, -1.000000000000000000 ) ) ;
#58 = B_SPLINE_CURVE_WITH_KNOTS ( 'NONE', 3,
 ( #3141, #4452, #4955, #1693, #888, #2160, #474, #2695 ),
 .UNSPECIFIED., .F., .F.,
 ( 4, 2, 2, 4 ),
 ( 0.000000000000000000, 0.002163609227844589047, 0.004327218455689178095, 0.008654436911378356190 ),
 .UNSPECIFIED. ) ;
#59 = CARTESIAN_POINT ( 'NONE',  ( -55.82090348252592804, 25.98838309238536937, 17.47895099870710212 ) ) ;
#60 = DIRECTION ( 'NONE',  ( -1.051347561198064835E-16, 1.000000000000000000, 7.341520781122565208E-31 ) ) ;
#61 = CARTESIAN_POINT ( 'NONE',  ( -20.91483036042050969, 5.857725201687795646, 17.86963849317799813 ) ) ;
#62 = LINE ( 'NONE', #4626, #2964 ) ;
#63 = B_SPLINE_CURVE_WITH_KNOTS ( 'NONE', 3,
 ( #23, #3702, #1384, #1883 ),
 .UNSPECIFIED., .F., .F.,
 ( 4, 4 ),
 ( 0.005138542628355569249, 0.006064756432359662101 ),
 .UNSPECIFIED. ) ;
#64 = EDGE_CURVE ( 'NONE', #2759, #5773, #1572, .T. ) ;
#65 = EDGE_CURVE ( 'NONE', #3534, #5123, #5101, .T. ) ;
#66 = CARTESIAN_POINT ( 'NONE',  ( -19.48084294232102565, 11.74811469113078388, 25.51204051938565343 ) ) ;
#67 = CARTESIAN_POINT ( 'NONE',  ( -19.45233279577283625, 2.837269312162055357, 23.32718301890698953 ) ) ;
#68 = CARTESIAN_POINT ( 'NONE',  ( -62.96708445443709223, 10.51751998268293775, 22.36291848781343461 ) ) ;
#69 = CARTESIAN_POINT ( 'NONE',  ( -56.01657293022559259, 2.186411895599278843, 37.47895099870588353 ) ) ;
#70 = ORIENTED_EDGE ( 'NONE', *, *, #1600, .F. ) ;
#71 = EDGE_LOOP ( 'NONE', ( #3668, #5540, #2799, #5374 ) ) ;
#72 = CARTESIAN_POINT ( 'NONE',  ( -2.529230007324915430, 8.413861130563232038, 22.47895099870554603 ) ) ;
#73 = CARTESIAN_POINT ( 'NONE',  ( -19.03452343707938610, 11.24552076686030588, 18.90405964785322723 ) ) ;
#74 = CARTESIAN_POINT ( 'NONE',  ( -46.96471161314990184, 15.99582767383319393, 27.47895099870643776 ) ) ;
#75 = CARTESIAN_POINT ( 'NONE',  ( -53.92427837375676347, 0.9863580547276866728, 36.77513888703904144 ) ) ;
#76 = VERTEX_POINT ( 'NONE', #4647 ) ;
#77 = CARTESIAN_POINT ( 'NONE',  ( -23.25980719840109145, 18.40581620612751834, 17.47895099870872215 ) ) ;
#78 = CARTESIAN_POINT ( 'NONE',  ( -56.51312824386974398, 29.89699315353917441, 8.660515012464262696 ) ) ;
#79 = CARTESIAN_POINT ( 'NONE',  ( -20.87284530485423772, 4.600929354199784882, 18.62302511571355268 ) ) ;
#80 = EDGE_LOOP ( 'NONE', ( #3489, #2863, #3552, #1526, #111, #1261 ) ) ;
#81 = CARTESIAN_POINT ( 'NONE',  ( -55.06926834532598747, 30.96174145355648122, 9.024649776034774362 ) ) ;
#82 = CARTESIAN_POINT ( 'NONE',  ( -10.19725391930946934, 18.03862836363352784, 22.47895099870554603 ) ) ;
#83 = ORIENTED_EDGE ( 'NONE', *, *, #1872, .T. ) ;
#84 = CARTESIAN_POINT ( 'NONE',  ( -8.067532055972224114, 27.92363538815188662, 3.440683402141225589 ) ) ;
#85 = CARTESIAN_POINT ( 'NONE',  ( -56.62313067980662140, 30.17491294710937311, 37.46816856229293080 ) ) ;
#86 = CARTESIAN_POINT ( 'NONE',  ( -20.37578933920202218, 17.74596876972338322, 27.47895099870554603 ) ) ;
#87 = CARTESIAN_POINT ( 'NONE',  ( -19.54092208307246992, 6.129877925003691885, 16.76370444776488355 ) ) ;
#88 = CARTESIAN_POINT ( 'NONE',  ( -20.24501163568436368, 5.811730493746513737, 17.87216766428832670 ) ) ;
#89 = CARTESIAN_POINT ( 'NONE',  ( -62.96566627621333367, 6.988189855393871497, 26.32990476059392648 ) ) ;
#90 = EDGE_CURVE ( 'NONE', #635, #4329, #2322, .T. ) ;
#91 = AXIS2_PLACEMENT_3D ( 'NONE', #2610, #5846, #4 ) ;
#92 = CARTESIAN_POINT ( 'NONE',  ( -19.18845707326888572, 10.66307504381587989, 26.49327070966754860 ) ) ;
#93 = CARTESIAN_POINT ( 'NONE',  ( -19.30188257807073882, 2.951585064169257144, 22.27251898880713910 ) ) ;
#94 = DIRECTION ( 'NONE',  ( -1.000000000000000000, 1.036329429402984198E-16, 0.000000000000000000 ) ) ;
#95 = CARTESIAN_POINT ( 'NONE',  ( -57.43532453544129623, 2.975441662709445101, 36.99984176838970740 ) ) ;
#96 = ORIENTED_EDGE ( 'NONE', *, *, #5487, .F. ) ;
#97 = ORIENTED_EDGE ( 'NONE', *, *, #1400, .F. ) ;
#98 = DIRECTION ( 'NONE',  ( -1.000000000000000000, 1.156482317317871478E-16, 0.000000000000000000 ) ) ;
#99 = DIRECTION ( 'NONE',  ( 0.000000000000000000, 1.000000000000000000, -0.000000000000000000 ) ) ;
#100 = CARTESIAN_POINT ( 'NONE',  ( -17.48779596960937255, 11.27044416186716624, 17.84411862608406452 ) ) ;
#101 = CARTESIAN_POINT ( 'NONE',  ( -62.53103791657343891, 15.98819686762615788, 17.47895099870623525 ) ) ;
#102 = CARTESIAN_POINT ( 'NONE',  ( -20.90329247150508607, 5.597429201695975465, 28.33014251592727106 ) ) ;
#103 = ORIENTED_EDGE ( 'NONE', *, *, #2301, .F. ) ;
#104 = EDGE_CURVE ( 'NONE', #2583, #3581, #5068, .T. ) ;
#105 = ORIENTED_EDGE ( 'NONE', *, *, #5679, .F. ) ;
#106 = CARTESIAN_POINT ( 'NONE',  ( -56.70081003753436022, 25.98824600208934044, 17.47895099870710567 ) ) ;
#107 = CARTESIAN_POINT ( 'NONE',  ( -54.82796302891507167, 21.81511842400183454, 7.478950998705546915 ) ) ;
#108 = CARTESIAN_POINT ( 'NONE',  ( -19.70007395961325258, 5.541365358992296208, 17.03155520014473367 ) ) ;
#109 = ORIENTED_EDGE ( 'NONE', *, *, #239, .F. ) ;
#110 = CARTESIAN_POINT ( 'NONE',  ( -53.03260294876701408, 31.36337556285233319, 8.779998610964467431 ) ) ;
#111 = ORIENTED_EDGE ( 'NONE', *, *, #5199, .T. ) ;
#112 = CARTESIAN_POINT ( 'NONE',  ( -58.84908332244536666, 7.432643269368112371, 37.47895099870591196 ) ) ;
#113 = ADVANCED_FACE ( 'NONE', ( #4180 ), #2867, .F. ) ;
#114 = CARTESIAN_POINT ( 'NONE',  ( -52.67966084707517638, 25.98720572473026635, 27.47895099870754265 ) ) ;
#115 = CARTESIAN_POINT ( 'NONE',  ( -19.98201540059668702, 6.087819605752664565, 17.40369751473707893 ) ) ;
#116 = CARTESIAN_POINT ( 'NONE',  ( -19.59469791183512299, 6.888279062130918895, 17.08496662790129506 ) ) ;
#117 = CARTESIAN_POINT ( 'NONE',  ( -19.93046074517565813, 4.938490261905272405, 17.61178214722556845 ) ) ;
#118 = EDGE_CURVE ( 'NONE', #2217, #5375, #3921, .T. ) ;
#119 = CIRCLE ( 'NONE', #2584, 0.9250000000000022649 ) ;
#120 = DIRECTION ( 'NONE',  ( -1.000000000000000000, 2.040335338037923896E-16, 0.000000000000000000 ) ) ;
#121 = CARTESIAN_POINT ( 'NONE',  ( -19.46416829853967556, 3.195437824670173566, 24.54396923729377278 ) ) ;
#122 = CARTESIAN_POINT ( 'NONE',  ( -62.94170873156924984, 13.77437964646179580, 26.97396239877951274 ) ) ;
#123 = CARTESIAN_POINT ( 'NONE',  ( -19.64875283710104981, 6.924339693001073215, 27.80615496014645771 ) ) ;
#124 = AXIS2_PLACEMENT_3D ( 'NONE', #1551, #1521, #5624 ) ;
#125 = VERTEX_POINT ( 'NONE', #148 ) ;
#126 = EDGE_LOOP ( 'NONE', ( #1646, #3182, #5800, #2280 ) ) ;
#127 = ADVANCED_FACE ( 'NONE', ( #2778 ), #2838, .F. ) ;
#128 = LINE ( 'NONE', #5562, #3374 ) ;
#129 = CARTESIAN_POINT ( 'NONE',  ( -20.82158689188911183, 6.340694133048812020, 27.27527068416393874 ) ) ;
#130 = CARTESIAN_POINT ( 'NONE',  ( -18.65436628720100742, 11.96750181080426323, 19.72692885820535125 ) ) ;
#131 = PERSON ( 'UNSPECIFIED', 'UNSPECIFIED', 'UNSPECIFIED', ('UNSPECIFIED'), ('UNSPECIFIED'), ('UNSPECIFIED') ) ;
#132 = CARTESIAN_POINT ( 'NONE',  ( -58.37450110390636837, 15.98815782803314534, 17.47895099870419955 ) ) ;
#133 = CARTESIAN_POINT ( 'NONE',  ( -19.15231379590166583, 3.329740410761544034, 24.25778846848485060 ) ) ;
#134 = ORIENTED_EDGE ( 'NONE', *, *, #1832, .F. ) ;
#135 = EDGE_CURVE ( 'NONE', #1500, #125, #1885, .T. ) ;
#136 = ORIENTED_EDGE ( 'NONE', *, *, #2844, .T. ) ;
#137 = CIRCLE ( 'NONE', #2119, 5.413981750688793504 ) ;
#138 = VECTOR ( 'NONE', #5480, 1000.000000000000000 ) ;
#139 = CARTESIAN_POINT ( 'NONE',  ( -42.46851764345066016, 15.52756097931846746, 17.47895099870556379 ) ) ;
#140 = LINE ( 'NONE', #2831, #628 ) ;
#141 = EDGE_CURVE ( 'NONE', #3687, #3868, #1946, .T. ) ;
#142 = CARTESIAN_POINT ( 'NONE',  ( -19.70491304937731414, 3.386269837145776229, 24.88912420057752684 ) ) ;
#143 = ORIENTED_EDGE ( 'NONE', *, *, #1955, .T. ) ;
#144 = PERSON_AND_ORGANIZATION ( #131, #3688 ) ;
#145 = CARTESIAN_POINT ( 'NONE',  ( -54.91291207120592333, 31.01922855901840137, 9.033456409949222277 ) ) ;
#146 = AXIS2_PLACEMENT_3D ( 'NONE', #2164, #3987, #1278 ) ;
#147 = EDGE_LOOP ( 'NONE', ( #424, #4820, #4814, #367 ) ) ;
#148 = CARTESIAN_POINT ( 'NONE',  ( -3.537084454436963288, 22.45862836363353310, 22.47895099870551761 ) ) ;
#149 = CARTESIAN_POINT ( 'NONE',  ( -20.12977248878637582, 7.882129494116343338, 17.48025378985753164 ) ) ;
#150 = CARTESIAN_POINT ( 'NONE',  ( -26.60258572051514747, 8.951124027714515208, 27.47895099870872571 ) ) ;
#151 = CARTESIAN_POINT ( 'NONE',  ( -7.617084454437065943, 0.4881997596173706655, 22.47895099870554603 ) ) ;
#152 = CARTESIAN_POINT ( 'NONE',  ( -19.11403046959427243, 12.14923242465688524, 27.87738833480086242 ) ) ;
#153 = DIRECTION ( 'NONE',  ( 1.156482317317871478E-16, 1.000000000000000000, -0.000000000000000000 ) ) ;
#154 = AXIS2_PLACEMENT_3D ( 'NONE', #2115, #5776, #3902 ) ;
#155 = AXIS2_PLACEMENT_3D ( 'NONE', #4286, #5296, #5239 ) ;
#156 = CARTESIAN_POINT ( 'NONE',  ( -19.29114621473133084, 10.37089105698165881, 26.66522109890958703 ) ) ;
#157 = CARTESIAN_POINT ( 'NONE',  ( -19.68838777827325970, 2.875660141417131666, 23.53623701311939342 ) ) ;
#158 = CARTESIAN_POINT ( 'NONE',  ( -5.036914989564462708, 33.48819975961737327, 22.47895099870552826 ) ) ;
#159 = DIRECTION ( 'NONE',  ( -1.051347561198064835E-16, 1.000000000000000000, 7.341520781122565208E-31 ) ) ;
#160 = ORIENTED_EDGE ( 'NONE', *, *, #4884, .F. ) ;
#161 = ORIENTED_EDGE ( 'NONE', *, *, #1259, .F. ) ;
#162 = LINE ( 'NONE', #1959, #2613 ) ;
#163 = CARTESIAN_POINT ( 'NONE',  ( -62.96708445443707802, 0.000000000000000000, 26.01039022695080405 ) ) ;
#164 = CARTESIAN_POINT ( 'NONE',  ( -16.85034551500420363, 12.98020220969259952, 21.28598313082776627 ) ) ;
#165 = CARTESIAN_POINT ( 'NONE',  ( -60.82137783473748982, 15.98821018702968999, 17.47895099870706659 ) ) ;
#166 = DIRECTION ( 'NONE',  ( -1.051347561198064958E-16, 1.000000000000000000, 7.341520781122565208E-31 ) ) ;
#167 = ORIENTED_EDGE ( 'NONE', *, *, #2284, .F. ) ;
#168 = EDGE_LOOP ( 'NONE', ( #259, #1201, #39, #2449, #1624 ) ) ;
#169 = CARTESIAN_POINT ( 'NONE',  ( -32.81956375721082253, 11.64666303543329562, 17.47895099870822833 ) ) ;
#170 = CARTESIAN_POINT ( 'NONE',  ( -52.44905019816010139, 31.20416367677046310, 7.478950998705409248 ) ) ;
#171 = CARTESIAN_POINT ( 'NONE',  ( -20.64949802649084631, 4.130761969647324783, 25.90204661184334967 ) ) ;
#172 = EDGE_LOOP ( 'NONE', ( #1964, #3144, #1314, #4840 ) ) ;
#173 = FACE_OUTER_BOUND ( 'NONE', #1984, .T. ) ;
#174 = ORIENTED_EDGE ( 'NONE', *, *, #735, .F. ) ;
#175 = DIRECTION ( 'NONE',  ( -1.163686401843457287E-16, 1.000000000000000000, -1.232595164407830672E-32 ) ) ;
#176 = CARTESIAN_POINT ( 'NONE',  ( -58.21774730052860747, 29.80583485187168336, 37.07548624327860409 ) ) ;
#177 = CARTESIAN_POINT ( 'NONE',  ( -58.37450110390636837, 15.98815782803314534, 17.47895099870419955 ) ) ;
#178 = CARTESIAN_POINT ( 'NONE',  ( -19.88368608515425606, 4.524982199265377147, 27.07247680562101166 ) ) ;
#179 = DIRECTION ( 'NONE',  ( -1.000000000000000000, 0.000000000000000000, 0.000000000000000000 ) ) ;
#180 = EDGE_CURVE ( 'NONE', #2150, #1589, #1377, .T. ) ;
#181 = CARTESIAN_POINT ( 'NONE',  ( -59.78135607996384238, 9.426144028485945014, 36.23477978652789488 ) ) ;
#182 = CARTESIAN_POINT ( 'NONE',  ( -62.85306170351211108, 19.92442101066676230, 19.38294955463745950 ) ) ;
#183 = CARTESIAN_POINT ( 'NONE',  ( -19.42324268394874309, 10.07206325099169675, 18.15476560761541336 ) ) ;
#184 = DIRECTION ( 'NONE',  ( -6.982962677686266711E-15, 0.000000000000000000, -1.000000000000000000 ) ) ;
#185 = ORIENTED_EDGE ( 'NONE', *, *, #271, .T. ) ;
#186 = ORIENTED_EDGE ( 'NONE', *, *, #482, .T. ) ;
#187 = LINE ( 'NONE', #1136, #2124 ) ;
#188 = CARTESIAN_POINT ( 'NONE',  ( -59.32016703945717495, 1.136962578890083675, 15.30225413336811791 ) ) ;
#189 = EDGE_CURVE ( 'NONE', #3164, #4958, #4694, .T. ) ;
#190 = CARTESIAN_POINT ( 'NONE',  ( -20.23580004675343957, 5.874224164783967694, 27.11163975166304496 ) ) ;
#191 = CARTESIAN_POINT ( 'NONE',  ( -56.69948627722190793, 15.98824606621205113, 17.47895099870710567 ) ) ;
#192 = AXIS2_PLACEMENT_3D ( 'NONE', #3503, #3563, #3083 ) ;
#193 = CARTESIAN_POINT ( 'NONE',  ( -19.38254310388029822, 3.453926835936190987, 24.96571128313618004 ) ) ;
#194 = EDGE_LOOP ( 'NONE', ( #1217, #5383, #3097, #3271 ) ) ;
#195 = B_SPLINE_CURVE_WITH_KNOTS ( 'NONE', 3,
 ( #3473, #5757, #825, #408, #3556, #4948, #1687, #5841, #5366, #4893, #853, #5334, #3497, #5309, #2092, #3017, #2125, #5281, #2660, #2688, #2606, #2576, #1233, #1771, #5725, #4422, #4470, #1209 ),
 .UNSPECIFIED., .F., .F.,
 ( 4, 2, 2, 2, 2, 2, 2, 2, 2, 2, 2, 2, 2, 4 ),
 ( 0.000000000000000000, 0.001153596857847654679, 0.002307193715695309358, 0.002883992144619138432, 0.003460790573542967940, 0.004037589002466797014, 0.004614387431390626522, 0.005191185860314456030, 0.005767984289238285538, 0.006921581147085944553, 0.007498379576009778398, 0.008075178004933613110, 0.008651976433857448689, 0.009228774862781282534 ),
 .UNSPECIFIED. ) ;
#196 = CARTESIAN_POINT ( 'NONE',  ( -58.37448354998380040, 5.988157808783688196, 27.47895099870420665 ) ) ;
#197 = EDGE_CURVE ( 'NONE', #4841, #4312, #5840, .T. ) ;
#198 = CARTESIAN_POINT ( 'NONE',  ( -20.73807064297787761, 4.280896294429848759, 26.05239683622967561 ) ) ;
#199 = CARTESIAN_POINT ( 'NONE',  ( -6.867084454437076602, 0.4881997596173706655, 22.47895099870554603 ) ) ;
#200 = EDGE_LOOP ( 'NONE', ( #4087, #3482, #4228, #2923 ) ) ;
#201 = ADVANCED_FACE ( 'NONE', ( #1529 ), #1265, .T. ) ;
#202 = CARTESIAN_POINT ( 'NONE',  ( -8.117084454437074825, 27.92363538815188662, 3.440683402141226477 ) ) ;
#203 = CARTESIAN_POINT ( 'NONE',  ( -18.92486518554620645, 8.331336739711780126, 17.18647173753351964 ) ) ;
#204 = CARTESIAN_POINT ( 'NONE',  ( -55.82045010702046994, 15.98838280879982143, 17.47895099870710212 ) ) ;
#205 = CARTESIAN_POINT ( 'NONE',  ( -58.01457747219610184, 8.343426776550840529, 37.47895099870589775 ) ) ;
#206 = B_SPLINE_CURVE_WITH_KNOTS ( 'NONE', 3,
 ( #3321, #5726, #2935, #2962, #4741, #5609, #5282, #1660 ),
 .UNSPECIFIED., .F., .F.,
 ( 4, 2, 2, 4 ),
 ( -1.664101514263125774E-05, 0.0009270338712885260951, 0.001870708757719683445, 0.003758058530582003998 ),
 .UNSPECIFIED. ) ;
#207 = CARTESIAN_POINT ( 'NONE',  ( -7.617084454437074825, 18.91248979564684873, 37.47895099870564906 ) ) ;
#208 = CARTESIAN_POINT ( 'NONE',  ( -60.57981785243367767, 11.86448842270096371, 34.96821129834773245 ) ) ;
#209 =( BOUNDED_SURFACE ( )  B_SPLINE_SURFACE ( 3, 2, ( 
 ( #345, #3967, #673 ),
 ( #227, #4492, #4462 ),
 ( #4882, #3631, #3517 ),
 ( #4439, #2713, #3576 ),
 ( #1791, #1372, #460 ),
 ( #429, #399, #2681 ) ),
 .UNSPECIFIED., .F., .F., .F. ) 
 B_SPLINE_SURFACE_WITH_KNOTS ( ( 4, 2, 4 ),
 ( 3, 3 ),
 ( 0.004592833413361277657, 0.005473442707121835282, 0.006354052000882393775 ),
 ( 0.000000000000000000, 1.000000000000000000 ),
 .UNSPECIFIED. ) 
 GEOMETRIC_REPRESENTATION_ITEM ( )  RATIONAL_B_SPLINE_SURFACE ( (
 ( 1.000000000000000000, 0.9478192010222004082, 1.000000000000000000),
 ( 1.000000000000000000, 0.9433943817701371248, 1.000000000000000000),
 ( 1.000000000000000000, 0.9386525497029595266, 1.000000000000000000),
 ( 1.000000000000000000, 0.9291171173126618887, 1.000000000000000000),
 ( 1.000000000000000000, 0.9243640599012984405, 1.000000000000000000),
 ( 1.000000000000000000, 0.9198428124214322876, 1.000000000000000000) ) ) 
 REPRESENTATION_ITEM ( '' )  SURFACE ( )  );
#210 = EDGE_CURVE ( 'NONE', #1870, #5123, #4854, .T. ) ;
#211 = CARTESIAN_POINT ( 'NONE',  ( -17.45181673598766636, 11.59094662258799069, 18.13634188333336184 ) ) ;
#212 = PLANE ( 'NONE',  #5401 ) ;
#213 = FACE_OUTER_BOUND ( 'NONE', #5462, .T. ) ;
#214 = CARTESIAN_POINT ( 'NONE',  ( -59.14936203728208142, 6.988199759617370610, 37.09474869116206719 ) ) ;
#215 = ORIENTED_EDGE ( 'NONE', *, *, #4945, .F. ) ;
#216 = VERTEX_POINT ( 'NONE', #3468 ) ;
#217 = CARTESIAN_POINT ( 'NONE',  ( -19.13884126478561853, 3.397576404776471382, 19.72068946003793499 ) ) ;
#218 = CARTESIAN_POINT ( 'NONE',  ( -57.64535690733737283, -1.793210995903888882, 8.639533499670111638 ) ) ;
#219 = CARTESIAN_POINT ( 'NONE',  ( -17.44224615567292602, 12.57068663445271817, 24.11504248168683873 ) ) ;
#220 = LINE ( 'NONE', #5656, #337 ) ;
#221 = CIRCLE ( 'NONE', #3535, 1.457809102190898987 ) ;
#222 = CARTESIAN_POINT ( 'NONE',  ( -50.31583746620118092, 31.48819975961736972, 8.217151610906396897 ) ) ;
#223 = ORIENTED_EDGE ( 'NONE', *, *, #4253, .T. ) ;
#224 = VERTEX_POINT ( 'NONE', #5694 ) ;
#225 = AXIS2_PLACEMENT_3D ( 'NONE', #3962, #812, #3512 ) ;
#226 = CARTESIAN_POINT ( 'NONE',  ( -60.96644175487040229, 5.988211958889678499, 17.47895099870731883 ) ) ;
#227 = CARTESIAN_POINT ( 'NONE',  ( -18.77033493482464266, 8.707529672604813697, 27.68905710549200805 ) ) ;
#228 = DIRECTION ( 'NONE',  ( -1.224646799147353207E-16, 1.416282368173845043E-32, 1.000000000000000000 ) ) ;
#229 = CARTESIAN_POINT ( 'NONE',  ( -18.34492088813253829, 8.640450216190760813, 16.68739562071578320 ) ) ;
#230 = AXIS2_PLACEMENT_3D ( 'NONE', #2773, #4584, #2263 ) ;
#231 = EDGE_LOOP ( 'NONE', ( #3804, #3703, #5213, #496 ) ) ;
#232 = DIRECTION ( 'NONE',  ( 0.000000000000000000, -7.341520781122565208E-31, 1.000000000000000000 ) ) ;
#233 = AXIS2_PLACEMENT_3D ( 'NONE', #4933, #4482, #2223 ) ;
#234 = LINE ( 'NONE', #1232, #618 ) ;
#235 = CIRCLE ( 'NONE', #1473, 1.105625000000005853 ) ;
#236 = CARTESIAN_POINT ( 'NONE',  ( -56.58570096300785934, 10.82626732911292322, 37.47895099870589064 ) ) ;
#237 = DIRECTION ( 'NONE',  ( 0.000000000000000000, -0.000000000000000000, 1.000000000000000000 ) ) ;
#238 = CARTESIAN_POINT ( 'NONE',  ( -19.67406515245094667, 3.833658274259933663, 26.16263805398014952 ) ) ;
#239 = EDGE_CURVE ( 'NONE', #5354, #426, #4737, .T. ) ;
#240 = TOROIDAL_SURFACE ( 'NONE', #1276, 1.025000000000002576, 0.1000000000000000056 ) ;
#241 = CARTESIAN_POINT ( 'NONE',  ( -59.99922110399520392, 9.939932297150127383, 35.91191381888623368 ) ) ;
#242 = DIRECTION ( 'NONE',  ( -1.000000000000000000, 0.000000000000000000, 6.982962677686266711E-15 ) ) ;
#243 = EDGE_CURVE ( 'NONE', #5375, #5405, #2135, .T. ) ;
#244 = CARTESIAN_POINT ( 'NONE',  ( -23.32836140347200882, 8.063253385943863094, 27.47895099870284241 ) ) ;
#245 = CARTESIAN_POINT ( 'NONE',  ( -19.88801390701399185, 5.168874317863223489, 27.51944345336204023 ) ) ;
#246 = DIRECTION ( 'NONE',  ( -1.000000000000000000, 1.590802582721163626E-16, 0.000000000000000000 ) ) ;
#247 = CIRCLE ( 'NONE', #2221, 1.920545172266873601 ) ;
#248 = VECTOR ( 'NONE', #3299, 1000.000000000000000 ) ;
#249 = CARTESIAN_POINT ( 'NONE',  ( -7.617084454437068608, 7.298941884571731542, 22.47895099870554603 ) ) ;
#250 = ORIENTED_EDGE ( 'NONE', *, *, #1903, .F. ) ;
#251 = ORIENTED_EDGE ( 'NONE', *, *, #5491, .T. ) ;
#252 =( BOUNDED_SURFACE ( )  B_SPLINE_SURFACE ( 3, 2, ( 
 ( #1873, #3209, #4635 ),
 ( #5499, #580, #2375 ),
 ( #5145, #3238, #4608 ),
 ( #4250, #5056, #5117 ),
 ( #1900, #2794, #129 ),
 ( #4224, #2435, #1046 ) ),
 .UNSPECIFIED., .F., .F., .F. ) 
 B_SPLINE_SURFACE_WITH_KNOTS ( ( 4, 2, 4 ),
 ( 3, 3 ),
 ( 0.000000000000000000, 0.001244192672785527243, 0.002488385345571054487 ),
 ( 0.000000000000000000, 1.000000000000000000 ),
 .UNSPECIFIED. ) 
 GEOMETRIC_REPRESENTATION_ITEM ( )  RATIONAL_B_SPLINE_SURFACE ( (
 ( 1.000000000000000000, 0.9198428124214317325, 1.000000000000000000),
 ( 1.000000000000000000, 0.9131720230864310839, 1.000000000000000000),
 ( 1.000000000000000000, 0.9068763588451563828, 1.000000000000000000),
 ( 1.000000000000000000, 0.8951016998274688996, 1.000000000000000000),
 ( 1.000000000000000000, 0.8896203321559601473, 1.000000000000000000),
 ( 1.000000000000000000, 0.8843611869031546835, 1.000000000000000000) ) ) 
 REPRESENTATION_ITEM ( '' )  SURFACE ( )  );
#253 = VECTOR ( 'NONE', #232, 1000.000000000000000 ) ;
#254 = DIRECTION ( 'NONE',  ( 0.000000000000000000, -1.000000000000000000, 0.000000000000000000 ) ) ;
#255 = CARTESIAN_POINT ( 'NONE',  ( -19.47862368652081955, 7.184233594790665478, 27.88380693151094292 ) ) ;
#256 = CARTESIAN_POINT ( 'NONE',  ( -17.45568785884370300, 11.55646271710036999, 26.85300136839645901 ) ) ;
#257 = CARTESIAN_POINT ( 'NONE',  ( -7.617084454437067720, 8.413861130563232038, 22.47895099870554603 ) ) ;
#258 = DIRECTION ( 'NONE',  ( 1.156482317317871478E-16, 1.000000000000000000, -0.000000000000000000 ) ) ;
#259 = ORIENTED_EDGE ( 'NONE', *, *, #4445, .F. ) ;
#260 = ORIENTED_EDGE ( 'NONE', *, *, #957, .T. ) ;
#261 = CARTESIAN_POINT ( 'NONE',  ( -21.23631761609745539, 7.710491719078480521, 17.47895099870553537 ) ) ;
#262 = CARTESIAN_POINT ( 'NONE',  ( -50.61903835569699339, 30.48819974748004924, 7.478950998705547804 ) ) ;
#263 = CARTESIAN_POINT ( 'NONE',  ( -56.40275732047754786, 3.180907988212354542, 7.801986938503895352 ) ) ;
#264 = CARTESIAN_POINT ( 'NONE',  ( -20.32357674914321422, 7.591762034826118999, 17.47355779182783664 ) ) ;
#265 = VERTEX_POINT ( 'NONE', #3851 ) ;
#266 = FACE_OUTER_BOUND ( 'NONE', #1085, .T. ) ;
#267 = CARTESIAN_POINT ( 'NONE',  ( -2.404536919705142495, 9.534718448700353122, 22.47895099870554603 ) ) ;
#268 = CARTESIAN_POINT ( 'NONE',  ( -56.42504784237498683, 11.18368308863027316, 37.47895099870588353 ) ) ;
#269 = DIRECTION ( 'NONE',  ( -0.000000000000000000, 1.000000000000000000, -0.000000000000000000 ) ) ;
#270 = CARTESIAN_POINT ( 'NONE',  ( -44.96708445443707802, 0.4881997596173706655, 21.41691224532954863 ) ) ;
#271 = EDGE_CURVE ( 'NONE', #2112, #4204, #2309, .T. ) ;
#272 = CARTESIAN_POINT ( 'NONE',  ( -19.11403046959427243, 10.94468638573824570, 18.67709402078999048 ) ) ;
#273 = CARTESIAN_POINT ( 'NONE',  ( -59.17048040971416611, 15.98819005105898228, 27.47895099870420310 ) ) ;
#274 = CARTESIAN_POINT ( 'NONE',  ( -20.20285885872965537, 7.769247930703385485, 27.47895099870528668 ) ) ;
#275 = CARTESIAN_POINT ( 'NONE',  ( -54.78093107020444563, 28.32630032803466236, 7.478950998705546915 ) ) ;
#276 = ORIENTED_EDGE ( 'NONE', *, *, #4938, .F. ) ;
#277 = ORIENTED_EDGE ( 'NONE', *, *, #5612, .F. ) ;
#278 = CARTESIAN_POINT ( 'NONE',  ( -19.46020039785085487, 3.508281520829039657, 19.85098644732647699 ) ) ;
#279 = AXIS2_PLACEMENT_3D ( 'NONE', #682, #655, #5164 ) ;
#280 = CYLINDRICAL_SURFACE ( 'NONE', #342, 6.499999999999999112 ) ;
#281 = CARTESIAN_POINT ( 'NONE',  ( -17.70115175908216187, 12.14943077093341550, 24.96414876899146407 ) ) ;
#282 = CARTESIAN_POINT ( 'NONE',  ( -7.617084454437069496, 0.4881997596173706655, 7.478950998705546915 ) ) ;
#283 = EDGE_LOOP ( 'NONE', ( #3307, #2321, #4353, #2053, #2476 ) ) ;
#284 = EDGE_LOOP ( 'NONE', ( #588, #1405, #3661, #4749 ) ) ;
#285 = CARTESIAN_POINT ( 'NONE',  ( -48.49289785347767889, 5.986372865976324675, 17.47895099870557445 ) ) ;
#286 = CARTESIAN_POINT ( 'NONE',  ( -54.94887076056789965, 28.14288572006757860, 7.478950998705546915 ) ) ;
#287 = AXIS2_PLACEMENT_3D ( 'NONE', #1189, #3000, #1102 ) ;
#288 = DIRECTION ( 'NONE',  ( 1.000000000000000000, 0.000000000000000000, 0.000000000000000000 ) ) ;
#289 = EDGE_CURVE ( 'NONE', #1997, #3218, #3757, .T. ) ;
#290 = DIRECTION ( 'NONE',  ( -1.051347561198064835E-16, 1.000000000000000000, 7.341520781122565208E-31 ) ) ;
#291 = ORIENTED_EDGE ( 'NONE', *, *, #5199, .F. ) ;
#292 = CARTESIAN_POINT ( 'NONE',  ( -56.41033503911474156, 11.21035559122254277, 37.47895099870588353 ) ) ;
#293 = CARTESIAN_POINT ( 'NONE',  ( -62.96708445443707802, 12.44857591276431208, 26.01039022695080760 ) ) ;
#294 = CARTESIAN_POINT ( 'NONE',  ( -62.78140727057776616, 6.406957596252544462, 18.83543589698440357 ) ) ;
#295 = DIRECTION ( 'NONE',  ( 1.000000000000000000, 1.927470528863119049E-16, 0.000000000000000000 ) ) ;
#296 = CARTESIAN_POINT ( 'NONE',  ( -20.94758578749704370, 4.964764751412817034, 26.60026943616573192 ) ) ;
#297 = FACE_OUTER_BOUND ( 'NONE', #4612, .T. ) ;
#298 = DIRECTION ( 'NONE',  ( -1.051347561198064835E-16, 1.000000000000000000, 7.341520781122565208E-31 ) ) ;
#299 = CARTESIAN_POINT ( 'NONE',  ( -42.46851764346288860, 15.52756097932459234, 27.47895099870556379 ) ) ;
#300 = CARTESIAN_POINT ( 'NONE',  ( -20.91483036042012245, 5.857725201687870253, 27.08826350423249352 ) ) ;
#301 = DIRECTION ( 'NONE',  ( 1.000000000000000000, 0.000000000000000000, 0.000000000000000000 ) ) ;
#302 = VERTEX_POINT ( 'NONE', #3040 ) ;
#303 = ORIENTED_EDGE ( 'NONE', *, *, #4374, .T. ) ;
#304 = B_SPLINE_CURVE_WITH_KNOTS ( 'NONE', 3,
 ( #4320, #3424, #5240, #1167 ),
 .UNSPECIFIED., .F., .F.,
 ( 4, 4 ),
 ( 0.000000000000000000, 0.0009212734950845114868 ),
 .UNSPECIFIED. ) ;
#305 = CARTESIAN_POINT ( 'NONE',  ( -19.86986492834779483, 5.690868939534638571, 17.32475053482420435 ) ) ;
#306 = CARTESIAN_POINT ( 'NONE',  ( -62.24337646946280955, 3.933016715618939951, 18.57743629520631501 ) ) ;
#307 = DIRECTION ( 'NONE',  ( -0.000000000000000000, -1.000000000000000000, 0.000000000000000000 ) ) ;
#308 = CARTESIAN_POINT ( 'NONE',  ( -19.88372461103729094, 4.381936131063556061, 18.02218060253011345 ) ) ;
#309 = LINE ( 'NONE', #2168, #1356 ) ;
#310 = ORIENTED_EDGE ( 'NONE', *, *, #1594, .F. ) ;
#311 = EDGE_CURVE ( 'NONE', #2583, #5215, #3434, .T. ) ;
#312 = EDGE_LOOP ( 'NONE', ( #5084, #3404, #5005, #5438 ) ) ;
#313 = CARTESIAN_POINT ( 'NONE',  ( -40.39030945306065945, 4.134223751936942470, 27.47895099870556024 ) ) ;
#314 = CIRCLE ( 'NONE', #970, 13.25415996464414725 ) ;
#315 = CARTESIAN_POINT ( 'NONE',  ( -63.96742553327887038, 5.988222325054442408, 17.47895099870559221 ) ) ;
#316 = EDGE_CURVE ( 'NONE', #10, #4322, #1006, .T. ) ;
#317 = FACE_OUTER_BOUND ( 'NONE', #4229, .T. ) ;
#318 = EDGE_LOOP ( 'NONE', ( #3747, #4825, #2850, #3924, #2537, #897 ) ) ;
#319 = EDGE_CURVE ( 'NONE', #590, #2805, #1098, .T. ) ;
#320 = DIRECTION ( 'NONE',  ( 6.938893903907227392E-16, 0.000000000000000000, 1.000000000000000000 ) ) ;
#321 = CARTESIAN_POINT ( 'NONE',  ( -7.617084454437068608, 11.27044416186716269, 22.47895099870554603 ) ) ;
#322 = AXIS2_PLACEMENT_3D ( 'NONE', #4465, #5303, #1258 ) ;
#323 = CARTESIAN_POINT ( 'NONE',  ( -19.73766708623657706, 5.313861130563235058, 27.84218071913481651 ) ) ;
#324 = CARTESIAN_POINT ( 'NONE',  ( -19.88917206040148145, 3.458427493358839477, 25.02326458237558171 ) ) ;
#325 = CARTESIAN_POINT ( 'NONE',  ( -62.81030519561377190, 5.811860176057523475, 19.17461883596980243 ) ) ;
#326 = VECTOR ( 'NONE', #866, 1000.000000000000000 ) ;
#327 = CARTESIAN_POINT ( 'NONE',  ( -61.10772953459138535, 4.716507102837557142, 13.44060408865052203 ) ) ;
#328 = PLANE ( 'NONE',  #287 ) ;
#329 = CARTESIAN_POINT ( 'NONE',  ( -19.01835005173713000, 3.356264907865478264, 25.03168622343462957 ) ) ;
#330 = CARTESIAN_POINT ( 'NONE',  ( -55.06460481677540741, 27.98513586407849729, 7.478950998705549580 ) ) ;
#331 = AXIS2_PLACEMENT_3D ( 'NONE', #2139, #3483, #3510 ) ;
#332 = EDGE_LOOP ( 'NONE', ( #2019, #1472, #450, #1206, #1307, #404 ) ) ;
#333 = ORIENTED_EDGE ( 'NONE', *, *, #5788, .F. ) ;
#334 = CARTESIAN_POINT ( 'NONE',  ( -8.117084454437074825, 12.56748497057090574, 37.47895099870554958 ) ) ;
#335 = CARTESIAN_POINT ( 'NONE',  ( -54.67551644033957814, 1.822469694303087584, 7.478950998705547804 ) ) ;
#336 = DIRECTION ( 'NONE',  ( -4.072051880428308236E-17, -1.000000000000000000, -0.000000000000000000 ) ) ;
#337 = VECTOR ( 'NONE', #3896, 1000.000000000000000 ) ;
#338 = CARTESIAN_POINT ( 'NONE',  ( -14.92861310820636689, 9.512867636287728246, 22.47895099870554603 ) ) ;
#339 = DIRECTION ( 'NONE',  ( 0.000000000000000000, 1.000000000000000000, 0.000000000000000000 ) ) ;
#340 = ORIENTED_EDGE ( 'NONE', *, *, #3978, .T. ) ;
#341 = ORIENTED_EDGE ( 'NONE', *, *, #4346, .T. ) ;
#342 = AXIS2_PLACEMENT_3D ( 'NONE', #756, #2075, #1163 ) ;
#343 = TOROIDAL_SURFACE ( 'NONE', #4041, 12.82189735714070267, 10.00000000000000711 ) ;
#344 = CARTESIAN_POINT ( 'NONE',  ( -48.46198612961423180, 15.98635959421454800, 27.47895099870557445 ) ) ;
#345 = CARTESIAN_POINT ( 'NONE',  ( -18.68320209853887093, 8.952257721929482770, 27.61314465880579405 ) ) ;
#346 = ADVANCED_FACE ( 'NONE', ( #266 ), #5705, .T. ) ;
#347 = CARTESIAN_POINT ( 'NONE',  ( -21.16750353619008607, 17.83842933819417809, 17.47895099870235569 ) ) ;
#348 = CARTESIAN_POINT ( 'NONE',  ( -16.11923331024717854, 13.36345680993839480, 22.47895099870554603 ) ) ;
#349 = B_SPLINE_CURVE_WITH_KNOTS ( 'NONE', 3,
 ( #2968, #2579, #4340, #274 ),
 .UNSPECIFIED., .F., .F.,
 ( 4, 4 ),
 ( 6.254634441385501517E-18, 0.0001330381213994971266 ),
 .UNSPECIFIED. ) ;
#350 = VERTEX_POINT ( 'NONE', #3065 ) ;
#351 = CARTESIAN_POINT ( 'NONE',  ( -57.54658594775455782, 9.210387039409539511, 37.47895099870589064 ) ) ;
#352 = ADVANCED_FACE ( 'NONE', ( #1289 ), #5457, .F. ) ;
#353 = CARTESIAN_POINT ( 'NONE',  ( -18.21378690355453500, 8.980813162433125996, 28.16256953983508637 ) ) ;
#354 = DIRECTION ( 'NONE',  ( 1.000000000000000000, 0.000000000000000000, 0.000000000000000000 ) ) ;
#355 = CARTESIAN_POINT ( 'NONE',  ( -51.23126375874205962, 31.46987088756391415, 8.470242356817148988 ) ) ;
#356 = CARTESIAN_POINT ( 'NONE',  ( -59.53734335638188924, 1.247820431442656197, 15.47721289520915455 ) ) ;
#357 = CARTESIAN_POINT ( 'NONE',  ( -19.11403046959426533, 12.14923242465688524, 17.08051366261022963 ) ) ;
#358 = DIRECTION ( 'NONE',  ( 1.000000000000000000, 0.000000000000000000, 0.000000000000000000 ) ) ;
#359 = EDGE_CURVE ( 'NONE', #3342, #1905, #3184, .T. ) ;
#360 = CARTESIAN_POINT ( 'NONE',  ( -54.83847260679203828, 28.26586920824315641, 7.478950998705546915 ) ) ;
#361 = ORIENTED_EDGE ( 'NONE', *, *, #3183, .T. ) ;
#362 = CARTESIAN_POINT ( 'NONE',  ( -62.70503204242474027, 5.161177622499458550, 19.74002691901421969 ) ) ;
#363 = CARTESIAN_POINT ( 'NONE',  ( -6.727084454438630345, 30.71657414206104164, 37.45252438651124294 ) ) ;
#364 = CARTESIAN_POINT ( 'NONE',  ( -20.24502899933472833, 5.811621136100583840, 27.08568636840142219 ) ) ;
#365 = CARTESIAN_POINT ( 'NONE',  ( -7.617084454437074825, 18.91248979564684873, 37.47895099870564906 ) ) ;
#366 = CARTESIAN_POINT ( 'NONE',  ( -57.64535690733735152, 4.488199759617370610, 8.639533499670099204 ) ) ;
#367 = ORIENTED_EDGE ( 'NONE', *, *, #2525, .F. ) ;
#368 = ORIENTED_EDGE ( 'NONE', *, *, #3296, .T. ) ;
#369 = EDGE_CURVE ( 'NONE', #4382, #1453, #2468, .T. ) ;
#370 = CARTESIAN_POINT ( 'NONE',  ( -19.68832689685600457, 2.873781953772293729, 23.52692521445494833 ) ) ;
#371 = CARTESIAN_POINT ( 'NONE',  ( -19.71904379353303582, 3.681681707561728523, 19.57585745181316739 ) ) ;
#372 = CARTESIAN_POINT ( 'NONE',  ( -55.82045010703262733, 15.98838280879982143, 27.47895099870710567 ) ) ;
#373 = CARTESIAN_POINT ( 'NONE',  ( -19.38567247452171927, 3.021360060322940910, 21.25896134291169659 ) ) ;
#374 = ORIENTED_EDGE ( 'NONE', *, *, #3579, .F. ) ;
#375 = EDGE_CURVE ( 'NONE', #1438, #4901, #1866, .T. ) ;
#376 = CARTESIAN_POINT ( 'NONE',  ( -21.16750353617734604, 17.83842933818780807, 27.47895099870235924 ) ) ;
#377 = CARTESIAN_POINT ( 'NONE',  ( -62.96708445443707802, 0.000000000000000000, 0.000000000000000000 ) ) ;
#378 = CARTESIAN_POINT ( 'NONE',  ( -7.617084454436963803, 30.48819975961737683, 8.478950998705547804 ) ) ;
#379 = ORIENTED_EDGE ( 'NONE', *, *, #197, .T. ) ;
#380 = CARTESIAN_POINT ( 'NONE',  ( -8.117084454437074825, 27.92363538815188662, 3.440683402141226477 ) ) ;
#381 = ADVANCED_FACE ( 'NONE', ( #787 ), #343, .T. ) ;
#382 = CIRCLE ( 'NONE', #1509, 13.99999999999999822 ) ;
#383 = EDGE_CURVE ( 'NONE', #350, #1286, #3629, .T. ) ;
#384 = CARTESIAN_POINT ( 'NONE',  ( -18.14268091572324337, 10.57899614994521720, 26.54592137252190653 ) ) ;
#385 = CARTESIAN_POINT ( 'NONE',  ( -62.63583630994060059, 5.856612204063055493, 17.90644400175736450 ) ) ;
#386 = CARTESIAN_POINT ( 'NONE',  ( -19.90118567667718708, 5.474427079565094445, 27.55576800690601402 ) ) ;
#387 = DIRECTION ( 'NONE',  ( 1.156482317317871478E-16, 1.000000000000000000, -0.000000000000000000 ) ) ;
#388 = ORIENTED_EDGE ( 'NONE', *, *, #636, .F. ) ;
#389 = VERTEX_POINT ( 'NONE', #1926 ) ;
#390 = ADVANCED_FACE ( 'NONE', ( #2823 ), #852, .T. ) ;
#391 = CARTESIAN_POINT ( 'NONE',  ( -6.727084454438630345, 30.71657414206104164, 37.45252438651124294 ) ) ;
#392 = CARTESIAN_POINT ( 'NONE',  ( -7.617084454437074825, 27.92363538815188662, 3.416912245329549513 ) ) ;
#393 = CARTESIAN_POINT ( 'NONE',  ( -54.93774532213613071, 30.46302844357513706, 37.47895099870588353 ) ) ;
#394 = DIRECTION ( 'NONE',  ( 0.000000000000000000, 0.000000000000000000, 1.000000000000000000 ) ) ;
#395 = DIRECTION ( 'NONE',  ( 0.000000000000000000, 0.000000000000000000, 1.000000000000000000 ) ) ;
#396 = VERTEX_POINT ( 'NONE', #1045 ) ;
#397 = EDGE_LOOP ( 'NONE', ( #4281, #3328, #5678, #3733, #786, #2971 ) ) ;
#398 = CARTESIAN_POINT ( 'NONE',  ( -19.68703378075212385, 2.833891749723366438, 23.31972107372467562 ) ) ;
#399 = CARTESIAN_POINT ( 'NONE',  ( -19.65969940225417290, 7.630763128843931931, 27.48322491512240617 ) ) ;
#400 = CARTESIAN_POINT ( 'NONE',  ( -4.474203705049381696, 0.6171992533958687854, 22.47895099870554603 ) ) ;
#401 = CARTESIAN_POINT ( 'NONE',  ( -50.67062189702615882, 5.988974256477138880, 27.47895099870407876 ) ) ;
#402 = DIRECTION ( 'NONE',  ( -0.7140758125113940702, 0.3325610781312680064, 0.6160347906558208964 ) ) ;
#403 = CYLINDRICAL_SURFACE ( 'NONE', #4125, 0.5000000000000004441 ) ;
#404 = ORIENTED_EDGE ( 'NONE', *, *, #3883, .F. ) ;
#405 = CIRCLE ( 'NONE', #5729, 1.499999999999992673 ) ;
#406 = CARTESIAN_POINT ( 'NONE',  ( -38.48274331374037160, 14.18471601352560008, 27.47895099870555669 ) ) ;
#407 = CARTESIAN_POINT ( 'NONE',  ( -19.90118567667618521, 5.474427079564265775, 17.40213399050366760 ) ) ;
#408 = CARTESIAN_POINT ( 'NONE',  ( -18.65864488842714763, 11.97716523331412297, 19.72276845442269178 ) ) ;
#409 = ORIENTED_EDGE ( 'NONE', *, *, #4913, .F. ) ;
#410 =( LENGTH_UNIT ( ) NAMED_UNIT ( * ) SI_UNIT ( .MILLI., .METRE. ) );
#411 = DIRECTION ( 'NONE',  ( 1.156482317317871478E-16, 1.000000000000000000, -0.000000000000000000 ) ) ;
#412 = EDGE_CURVE ( 'NONE', #10, #5417, #235, .T. ) ;
#413 = CARTESIAN_POINT ( 'NONE',  ( -53.81125372172554222, 15.98796441066853014, 27.47895099870361690 ) ) ;
#414 = CARTESIAN_POINT ( 'NONE',  ( -60.98596038290403953, 1.625789055210485223, 13.18299384606163294 ) ) ;
#415 = DIRECTION ( 'NONE',  ( -0.000000000000000000, 1.000000000000000000, -0.000000000000000000 ) ) ;
#416 = DIRECTION ( 'NONE',  ( 0.000000000000000000, -1.000000000000000000, 0.000000000000000000 ) ) ;
#417 = B_SPLINE_CURVE_WITH_KNOTS ( 'NONE', 3,
 ( #2283, #2993, #2091, #4022, #2232, #3605, #1373, #2255, #4103, #5414 ),
 .UNSPECIFIED., .F., .F.,
 ( 4, 2, 2, 2, 4 ),
 ( 3.496446946337351263E-18, 0.0007221513774426044927, 0.001444302754885205516, 0.002166454132327806648, 0.002888605509770407562 ),
 .UNSPECIFIED. ) ;
#418 = EDGE_LOOP ( 'NONE', ( #409, #602, #1991, #3249 ) ) ;
#419 = CIRCLE ( 'NONE', #1075, 4.080000000000002736 ) ;
#420 = DIRECTION ( 'NONE',  ( 0.000000000000000000, 0.000000000000000000, 1.000000000000000000 ) ) ;
#421 = CARTESIAN_POINT ( 'NONE',  ( -6.117084454437075713, 0.7381997596173708320, 22.47895099870554603 ) ) ;
#422 = CARTESIAN_POINT ( 'NONE',  ( -58.28248380005602058, 6.036796030850059225, 37.47895099870589775 ) ) ;
#423 = CARTESIAN_POINT ( 'NONE',  ( -57.98150117398899539, 3.600453945981179071, 37.03115262212403991 ) ) ;
#424 = ORIENTED_EDGE ( 'NONE', *, *, #541, .F. ) ;
#425 = EDGE_CURVE ( 'NONE', #2632, #2017, #1455, .T. ) ;
#426 = VERTEX_POINT ( 'NONE', #40 ) ;
#427 = AXIS2_PLACEMENT_3D ( 'NONE', #5459, #4624, #2392 ) ;
#428 = CARTESIAN_POINT ( 'NONE',  ( -19.69334672018072396, 3.028712849253241579, 20.82878366091759759 ) ) ;
#429 = CARTESIAN_POINT ( 'NONE',  ( -19.33417205324958843, 7.465542960274721196, 27.87170798668006455 ) ) ;
#430 = DIRECTION ( 'NONE',  ( 0.000000000000000000, 0.000000000000000000, 1.000000000000000000 ) ) ;
#431 = CARTESIAN_POINT ( 'NONE',  ( -44.96818841564217450, 5.828919516833567904, 17.47895099870556379 ) ) ;
#432 = CARTESIAN_POINT ( 'NONE',  ( -6.727084454438626793, 1.259825377173701133, 37.45252438651124294 ) ) ;
#433 = VECTOR ( 'NONE', #4642, 1000.000000000000000 ) ;
#434 = ORIENTED_EDGE ( 'NONE', *, *, #1113, .T. ) ;
#435 = CARTESIAN_POINT ( 'NONE',  ( -58.37451865789524419, 25.98815784728259715, 27.47895099870420665 ) ) ;
#436 = DIRECTION ( 'NONE',  ( -1.000000000000000000, 0.000000000000000000, 0.000000000000000000 ) ) ;
#437 =( BOUNDED_SURFACE ( )  B_SPLINE_SURFACE ( 3, 2, ( 
 ( #2569, #2084, #3903 ),
 ( #5718, #1204, #3969 ),
 ( #5778, #4385, #1710 ),
 ( #3519, #3069, #2318 ) ),
 .UNSPECIFIED., .F., .F., .F. ) 
 B_SPLINE_SURFACE_WITH_KNOTS ( ( 4, 4 ),
 ( 3, 3 ),
 ( -7.589415207398531038E-19, 0.0002510243055255498203 ),
 ( 0.000000000000000000, 0.1635593673971755535 ),
 .UNSPECIFIED. ) 
 GEOMETRIC_REPRESENTATION_ITEM ( )  RATIONAL_B_SPLINE_SURFACE ( (
 ( 1.000000000000000000, 0.9723537367947000520, 0.9537510842309093739),
 ( 1.000000000000000000, 0.9721687176332765024, 0.9534415691420599082),
 ( 1.000000000000000000, 0.9719765690165611538, 0.9531201273210216929),
 ( 1.000000000000000000, 0.9717776134373847796, 0.9527872982600094076) ) ) 
 REPRESENTATION_ITEM ( '' )  SURFACE ( )  );
#438 = AXIS2_PLACEMENT_3D ( 'NONE', #4237, #1972, #5129 ) ;
#439 = DIRECTION ( 'NONE',  ( 0.000000000000000000, 1.000000000000000000, -0.000000000000000000 ) ) ;
#440 = ORIENTED_EDGE ( 'NONE', *, *, #4006, .F. ) ;
#441 =( NAMED_UNIT ( * ) PLANE_ANGLE_UNIT ( ) SI_UNIT ( $, .RADIAN. ) );
#442 = CARTESIAN_POINT ( 'NONE',  ( -62.70503204242474027, 5.161177622499458550, 19.74002691901421969 ) ) ;
#443 = CC_DESIGN_PERSON_AND_ORGANIZATION_ASSIGNMENT ( #3219, #2265, ( #564 ) ) ;
#444 = B_SPLINE_CURVE_WITH_KNOTS ( 'NONE', 3,
 ( #5741, #3329, #3223, #1219, #5794, #864, #4842, #4902, #4402, #4432, #835, #3676, #3089, #1726, #2642, #4870 ),
 .UNSPECIFIED., .F., .F.,
 ( 4, 2, 2, 2, 2, 2, 2, 4 ),
 ( 0.001123994426049669841, 0.001829445918383187280, 0.002534897410716704935, 0.003945800395383743282, 0.004651251887717262889, 0.005356703380050781629, 0.006062154872384301237, 0.006767606364717820844 ),
 .UNSPECIFIED. ) ;
#445 = FACE_OUTER_BOUND ( 'NONE', #1321, .T. ) ;
#446 = CARTESIAN_POINT ( 'NONE',  ( -61.62391144460396220, 2.981478697274944967, 17.60830665210782442 ) ) ;
#447 = CARTESIAN_POINT ( 'NONE',  ( -19.64230165441309950, 3.305380132503319857, 20.21681504541930252 ) ) ;
#448 = CARTESIAN_POINT ( 'NONE',  ( -44.96708445443707802, 18.91248979564684873, 44.01039022695080405 ) ) ;
#449 = ORIENTED_EDGE ( 'NONE', *, *, #5398, .F. ) ;
#450 = ORIENTED_EDGE ( 'NONE', *, *, #3686, .T. ) ;
#451 = EDGE_CURVE ( 'NONE', #1340, #1772, #5178, .T. ) ;
#452 = DIRECTION ( 'NONE',  ( 1.000000000000000000, 0.000000000000000000, 0.000000000000000000 ) ) ;
#453 = CARTESIAN_POINT ( 'NONE',  ( -19.45893865241905019, 3.037145672584750322, 20.81013981104356958 ) ) ;
#454 = CARTESIAN_POINT ( 'NONE',  ( -51.62632678779192474, 1.530007665365479275, 37.47895099870584090 ) ) ;
#455 = CARTESIAN_POINT ( 'NONE',  ( -55.69622698237198222, 31.16425855078067286, 37.47895099870479640 ) ) ;
#456 = ORIENTED_EDGE ( 'NONE', *, *, #629, .F. ) ;
#457 = EDGE_CURVE ( 'NONE', #4113, #663, #3740, .T. ) ;
#458 = ORIENTED_EDGE ( 'NONE', *, *, #4888, .F. ) ;
#459 = CARTESIAN_POINT ( 'NONE',  ( -19.70491304937730703, 3.386269837145768236, 20.06877779683355101 ) ) ;
#460 = CARTESIAN_POINT ( 'NONE',  ( -19.99309885442508161, 8.086900920118390346, 27.47292609072689018 ) ) ;
#461 = DIRECTION ( 'NONE',  ( -1.000000000000000000, 0.000000000000000000, 0.000000000000000000 ) ) ;
#462 = CARTESIAN_POINT ( 'NONE',  ( -48.49289785347767889, 5.986372865976324675, 17.47895099870557445 ) ) ;
#463 = CARTESIAN_POINT ( 'NONE',  ( -58.83152153164288478, 5.149222408105222470, 37.07788557103936000 ) ) ;
#464 = ORIENTED_EDGE ( 'NONE', *, *, #5810, .T. ) ;
#465 = CARTESIAN_POINT ( 'NONE',  ( -58.37450110393951519, 15.98815782803314534, 27.47895099870419955 ) ) ;
#466 = CARTESIAN_POINT ( 'NONE',  ( -7.617084454437068608, 10.42885281426417166, 22.47895099870554603 ) ) ;
#467 = EDGE_CURVE ( 'NONE', #3132, #730, #5556, .T. ) ;
#468 = CARTESIAN_POINT ( 'NONE',  ( -19.79399737260341396, 5.469708814190113344, 17.24201269002401915 ) ) ;
#469 = CARTESIAN_POINT ( 'NONE',  ( -53.85877438757639624, 31.26630866403164077, 8.949015450104337077 ) ) ;
#470 = CARTESIAN_POINT ( 'NONE',  ( -62.94603468036023486, 11.46351236721931421, 20.35122778128030419 ) ) ;
#471 = CARTESIAN_POINT ( 'NONE',  ( -23.05886941644278920, 7.990175306891611484, 27.47895099870235569 ) ) ;
#472 = CARTESIAN_POINT ( 'NONE',  ( -7.617084454437074825, 22.31511842400183454, 7.478950998705546915 ) ) ;
#473 = CONICAL_SURFACE ( 'NONE', #91, 10.90470618302277295, 0.4549240965120665003 ) ;
#474 = CARTESIAN_POINT ( 'NONE',  ( -62.60836934850038915, 5.751924934697871805, 17.58314437221170223 ) ) ;
#475 = CARTESIAN_POINT ( 'NONE',  ( -20.25484172222815005, 5.749819682404575083, 17.89932212103687093 ) ) ;
#476 = ORIENTED_EDGE ( 'NONE', *, *, #3469, .T. ) ;
#477 = DIRECTION ( 'NONE',  ( 0.08671821428436114754, -0.8230847951449492550, 0.5612587382950298132 ) ) ;
#478 = DIRECTION ( 'NONE',  ( 1.156482317317871478E-16, 1.000000000000000000, -0.000000000000000000 ) ) ;
#479 = CARTESIAN_POINT ( 'NONE',  ( -57.32951939440787470, 4.121645609621602979, 37.47895099870591196 ) ) ;
#480 = CARTESIAN_POINT ( 'NONE',  ( -54.41180291520328183, 2.127801943224515213, 37.47895099870586932 ) ) ;
#481 = VERTEX_POINT ( 'NONE', #4607 ) ;
#482 = EDGE_CURVE ( 'NONE', #1528, #2252, #162, .T. ) ;
#483 = ORIENTED_EDGE ( 'NONE', *, *, #790, .T. ) ;
#484 = CARTESIAN_POINT ( 'NONE',  ( -19.88364860576848869, 4.664142254862881920, 27.20551709704227505 ) ) ;
#485 = CARTESIAN_POINT ( 'NONE',  ( -7.617084454437069496, 0.7381997596173708320, 22.47895099870554603 ) ) ;
#486 = CARTESIAN_POINT ( 'NONE',  ( -19.96285538202639032, 4.746262342614589791, 17.87912047688285355 ) ) ;
#487 = CARTESIAN_POINT ( 'NONE',  ( -24.95023529670823592, -1.858078724404587545, 27.47895099870235924 ) ) ;
#488 = EDGE_CURVE ( 'NONE', #5687, #1528, #3303, .T. ) ;
#489 = CARTESIAN_POINT ( 'NONE',  ( -50.79263569847655191, 0.4881997596173701104, 36.54973462988913013 ) ) ;
#490 = EDGE_LOOP ( 'NONE', ( #4821, #2181, #2412, #4101 ) ) ;
#491 = CARTESIAN_POINT ( 'NONE',  ( -49.82815299861382385, 25.99081088050991539, 27.47895099870557800 ) ) ;
#492 = B_SPLINE_CURVE_WITH_KNOTS ( 'NONE', 3,
 ( #5066, #2383, #2899, #4706 ),
 .UNSPECIFIED., .F., .F.,
 ( 4, 4 ),
 ( 0.000000000000000000, 0.0002454696433990672094 ),
 .UNSPECIFIED. ) ;
#493 = DIRECTION ( 'NONE',  ( 1.051347561198064835E-16, -1.000000000000000000, -7.341520781122565208E-31 ) ) ;
#494 = EDGE_CURVE ( 'NONE', #224, #1589, #128, .T. ) ;
#495 = DIRECTION ( 'NONE',  ( -1.000000000000000000, -1.051347561198064835E-16, 6.982962677686266711E-15 ) ) ;
#496 = ORIENTED_EDGE ( 'NONE', *, *, #607, .T. ) ;
#497 = SECURITY_CLASSIFICATION_LEVEL ( 'unclassified' ) ;
#498 = CARTESIAN_POINT ( 'NONE',  ( -54.72042287405394489, 31.07833631946739317, 9.032668669971480213 ) ) ;
#499 = CARTESIAN_POINT ( 'NONE',  ( -18.53678858749600167, 3.313861130563236390, 21.30570199848732216 ) ) ;
#500 = ADVANCED_FACE ( 'NONE', ( #3751 ), #2347, .T. ) ;
#501 = CARTESIAN_POINT ( 'NONE',  ( -17.16507639837417187, 12.50532466518290775, 25.39174415892737358 ) ) ;
#502 = CIRCLE ( 'NONE', #1349, 2.580169464872507756 ) ;
#503 = CARTESIAN_POINT ( 'NONE',  ( -36.30273867581950498, 13.26307810244466090, 27.47895099870555669 ) ) ;
#504 = CARTESIAN_POINT ( 'NONE',  ( -3.536464822234602234, 22.48659911910485931, 22.47895099870551761 ) ) ;
#505 = DIRECTION ( 'NONE',  ( -1.051347561198064958E-16, 1.000000000000000000, 7.341520781122565208E-31 ) ) ;
#506 = LINE ( 'NONE', #1479, #5244 ) ;
#507 = DIRECTION ( 'NONE',  ( -0.000000000000000000, 0.000000000000000000, -1.000000000000000000 ) ) ;
#508 = CARTESIAN_POINT ( 'NONE',  ( -19.45009166668913991, 2.769484243180333483, 22.26495412061905910 ) ) ;
#509 = CARTESIAN_POINT ( 'NONE',  ( -19.11403046959427243, 10.94468638573824570, 18.67709402078999048 ) ) ;
#510 = CARTESIAN_POINT ( 'NONE',  ( -59.05965359219466393, 5.863813534729881205, 37.09006965958897695 ) ) ;
#511 = EDGE_LOOP ( 'NONE', ( #736, #3281, #2170, #2529 ) ) ;
#512 = ORIENTED_EDGE ( 'NONE', *, *, #3515, .T. ) ;
#513 = DIRECTION ( 'NONE',  ( 0.000000000000000000, 0.000000000000000000, 1.000000000000000000 ) ) ;
#514 = CARTESIAN_POINT ( 'NONE',  ( -10.86636055282793833, 0.9683203726987329452, 22.47895099870554603 ) ) ;
#515 = CARTESIAN_POINT ( 'NONE',  ( -17.20350338328743334, 12.83900905085274324, 22.26876163320090285 ) ) ;
#516 = CARTESIAN_POINT ( 'NONE',  ( -47.71350279509042025, 15.98723345079319103, 27.47895099870513747 ) ) ;
#517 = CYLINDRICAL_SURFACE ( 'NONE', #5452, 4.080619632202465930 ) ;
#518 = VERTEX_POINT ( 'NONE', #2314 ) ;
#519 = VECTOR ( 'NONE', #1441, 1000.000000000000000 ) ;
#520 = CARTESIAN_POINT ( 'NONE',  ( -60.96689439282928191, 25.98821195937535578, 17.47895099870731883 ) ) ;
#521 = CARTESIAN_POINT ( 'NONE',  ( -57.27153627944425551, 27.82472550336654038, 8.298599156096166496 ) ) ;
#522 = CIRCLE ( 'NONE', #2029, 5.413981750688793504 ) ;
#523 = CARTESIAN_POINT ( 'NONE',  ( -33.39389487463964912, 14.77548979564685006, 44.16039022695080263 ) ) ;
#524 = CIRCLE ( 'NONE', #4506, 1.000000000000000888 ) ;
#525 = ORIENTED_EDGE ( 'NONE', *, *, #1285, .T. ) ;
#526 = APPROVAL_ROLE ( '' ) ;
#527 = CARTESIAN_POINT ( 'NONE',  ( -54.63516686590705973, 31.10326095395009816, 9.031103089059945077 ) ) ;
#528 = DIRECTION ( 'NONE',  ( 1.051347561198064835E-16, -1.000000000000000000, -7.341520781122565208E-31 ) ) ;
#529 = EDGE_CURVE ( 'NONE', #4721, #5070, #2102, .T. ) ;
#530 = VECTOR ( 'NONE', #5385, 1000.000000000000000 ) ;
#531 = AXIS2_PLACEMENT_3D ( 'NONE', #3815, #3732, #3286 ) ;
#532 = CARTESIAN_POINT ( 'NONE',  ( -60.58104767557711057, 12.04367582114456781, 34.96606792356893578 ) ) ;
#533 = CARTESIAN_POINT ( 'NONE',  ( -17.24945279703617373, 12.31948589117436654, 25.77832902402608184 ) ) ;
#534 = CARTESIAN_POINT ( 'NONE',  ( -63.63367462555549281, 25.98821102462317612, 27.47895099870559221 ) ) ;
#535 = CARTESIAN_POINT ( 'NONE',  ( -19.82932302284531545, 5.680848175751283868, 17.31824541549488572 ) ) ;
#536 = EDGE_CURVE ( 'NONE', #3810, #5713, #4234, .T. ) ;
#537 = FACE_OUTER_BOUND ( 'NONE', #2833, .T. ) ;
#538 = CARTESIAN_POINT ( 'NONE',  ( -4.472480666354361034, 31.08684084779894263, 7.669302359368692201 ) ) ;
#539 = CARTESIAN_POINT ( 'NONE',  ( -59.14939170925112677, 7.183582974160907852, 37.09471072630348232 ) ) ;
#540 = CARTESIAN_POINT ( 'NONE',  ( -19.30233326868364685, 2.964926369897379566, 22.06577430582716914 ) ) ;
#541 = EDGE_CURVE ( 'NONE', #1335, #2323, #2018, .T. ) ;
#542 = CARTESIAN_POINT ( 'NONE',  ( -62.96257944272098683, 12.93581198896911921, 26.45280519574965084 ) ) ;
#543 = CARTESIAN_POINT ( 'NONE',  ( -58.28248380089829794, 6.036796030704499216, 37.47895099870589775 ) ) ;
#544 = ORIENTED_EDGE ( 'NONE', *, *, #1931, .T. ) ;
#545 = ORIENTED_EDGE ( 'NONE', *, *, #4700, .T. ) ;
#546 = DIRECTION ( 'NONE',  ( -1.000000000000000000, 0.000000000000000000, 0.000000000000000000 ) ) ;
#547 = DIRECTION ( 'NONE',  ( -1.051347561198064835E-16, 1.000000000000000000, 7.341520781122565208E-31 ) ) ;
#548 = CARTESIAN_POINT ( 'NONE',  ( -17.39697342891963672, 12.62458789136946002, 21.04396030257297312 ) ) ;
#549 = CARTESIAN_POINT ( 'NONE',  ( -49.82411024601114491, 15.99075545985551727, 17.47895099870557445 ) ) ;
#550 = FACE_OUTER_BOUND ( 'NONE', #1677, .T. ) ;
#551 = EDGE_LOOP ( 'NONE', ( #4868, #921, #3971, #1884 ) ) ;
#552 = ORIENTED_EDGE ( 'NONE', *, *, #4725, .T. ) ;
#553 = EDGE_CURVE ( 'NONE', #2979, #396, #4497, .T. ) ;
#554 = CARTESIAN_POINT ( 'NONE',  ( -52.68110183420678538, 15.98720042638902505, 17.47895099870753199 ) ) ;
#555 = B_SPLINE_CURVE_WITH_KNOTS ( 'NONE', 3,
 ( #904, #13, #4801, #1818, #5443, #740, #3186, #2198, #5000, #2546, #930, #2652, #2738, #3436, #4548, #4362, #294, #3910 ),
 .UNSPECIFIED., .F., .F.,
 ( 4, 2, 2, 2, 2, 2, 2, 2, 4 ),
 ( 0.001164592679129095075, 0.001912620406183296274, 0.002660648133237497256, 0.003408675860291698889, 0.004156703587345899654, 0.004904731314400101287, 0.005652759041454302052, 0.006400786768508508022, 0.007148814495562714859 ),
 .UNSPECIFIED. ) ;
#556 = CARTESIAN_POINT ( 'NONE',  ( -7.617084454437074825, 0.000000000000000000, 43.51039022695080405 ) ) ;
#557 = CARTESIAN_POINT ( 'NONE',  ( -19.88135574976573494, 3.455366538018837641, 19.94032770083342143 ) ) ;
#558 = ORIENTED_EDGE ( 'NONE', *, *, #743, .F. ) ;
#559 = APPROVAL_ROLE ( '' ) ;
#560 = CARTESIAN_POINT ( 'NONE',  ( -56.56571407777931171, 29.80832632935782200, 8.636759683695409251 ) ) ;
#561 = EDGE_CURVE ( 'NONE', #1516, #5175, #187, .T. ) ;
#562 = ORIENTED_EDGE ( 'NONE', *, *, #3103, .T. ) ;
#563 = CARTESIAN_POINT ( 'NONE',  ( -60.58059358387918536, 12.32144923111858148, 34.96685898784244984 ) ) ;
#564 = SECURITY_CLASSIFICATION ( '', '', #497 ) ;
#565 = DIRECTION ( 'NONE',  ( -1.224646799147353207E-16, 1.416282368173845043E-32, 1.000000000000000000 ) ) ;
#566 = CARTESIAN_POINT ( 'NONE',  ( -46.96471161314990184, 15.99582767383319393, 27.47895099870643776 ) ) ;
#567 = FACE_OUTER_BOUND ( 'NONE', #751, .T. ) ;
#568 = CARTESIAN_POINT ( 'NONE',  ( -19.33417205324881394, 7.465542960274325068, 17.08619401073009669 ) ) ;
#569 = CARTESIAN_POINT ( 'NONE',  ( -33.39389487463964912, 14.77548979564685006, 44.16039022695080263 ) ) ;
#570 = ADVANCED_FACE ( 'NONE', ( #1640 ), #2047, .F. ) ;
#571 = AXIS2_PLACEMENT_3D ( 'NONE', #2995, #269, #1125 ) ;
#572 = DIRECTION ( 'NONE',  ( 1.156482317317871478E-16, 1.000000000000000000, -0.000000000000000000 ) ) ;
#573 = CARTESIAN_POINT ( 'NONE',  ( -19.68706999451334383, 2.835008853944841700, 21.63129044988563265 ) ) ;
#574 = CARTESIAN_POINT ( 'NONE',  ( -62.96566627621333367, 6.988189855393871497, 26.32990476059392648 ) ) ;
#575 = CARTESIAN_POINT ( 'NONE',  ( -57.05068287157837403, 30.52689938094038880, 37.47895099870702040 ) ) ;
#576 = VERTEX_POINT ( 'NONE', #665 ) ;
#577 = ORIENTED_EDGE ( 'NONE', *, *, #4753, .F. ) ;
#578 = EDGE_CURVE ( 'NONE', #3425, #3164, #5639, .T. ) ;
#579 = CARTESIAN_POINT ( 'NONE',  ( -20.25484172222897072, 5.749819682404766041, 27.05857987637407902 ) ) ;
#580 = CARTESIAN_POINT ( 'NONE',  ( -19.82022497087245583, 7.350632701003601888, 27.47486200503592713 ) ) ;
#581 = CARTESIAN_POINT ( 'NONE',  ( -17.84074404546126402, 11.83452014394563001, 19.53881275430987685 ) ) ;
#582 = CARTESIAN_POINT ( 'NONE',  ( -44.96708445443707802, 27.92363538815188662, 3.440683402141226477 ) ) ;
#583 = DIRECTION ( 'NONE',  ( 1.156482317317871478E-16, 1.000000000000000000, -0.000000000000000000 ) ) ;
#584 = EDGE_LOOP ( 'NONE', ( #3834, #4407, #3104, #4691 ) ) ;
#585 = CARTESIAN_POINT ( 'NONE',  ( -46.46535565113853039, 16.00561588230313603, 17.47895099870556734 ) ) ;
#586 = DIRECTION ( 'NONE',  ( -1.000000000000000000, -1.051347561198064835E-16, 6.982962677686266711E-15 ) ) ;
#587 = DIRECTION ( 'NONE',  ( 1.000000000000000000, 0.000000000000000000, -6.802837160693356313E-15 ) ) ;
#588 = ORIENTED_EDGE ( 'NONE', *, *, #2445, .F. ) ;
#589 = CARTESIAN_POINT ( 'NONE',  ( -56.44507673549007620, 29.96537968939010099, 8.686010226965786174 ) ) ;
#590 = VERTEX_POINT ( 'NONE', #2884 ) ;
#591 = CARTESIAN_POINT ( 'NONE',  ( -19.42324268394874309, 10.07206325099169675, 18.15476560761541336 ) ) ;
#592 = CARTESIAN_POINT ( 'NONE',  ( -19.33385519246485984, 7.466152991085770907, 17.08621690330750553 ) ) ;
#593 = CARTESIAN_POINT ( 'NONE',  ( -21.23631761609744117, 7.710491719078480521, 27.47895099870553537 ) ) ;
#594 = FACE_OUTER_BOUND ( 'NONE', #551, .T. ) ;
#595 = CARTESIAN_POINT ( 'NONE',  ( -20.87918753795932858, 6.036149710009542702, 17.79799162416445313 ) ) ;
#596 = DIRECTION ( 'NONE',  ( 1.051347561198064835E-16, -1.000000000000000000, -7.341520781122565208E-31 ) ) ;
#597 = CIRCLE ( 'NONE', #4968, 1.105625000000005853 ) ;
#598 = CARTESIAN_POINT ( 'NONE',  ( -59.53077105529184365, 8.795258437341885838, 36.58864953712355117 ) ) ;
#599 = CARTESIAN_POINT ( 'NONE',  ( -19.30409085962131854, 3.016959061452699764, 23.29720048120425702 ) ) ;
#600 = CARTESIAN_POINT ( 'NONE',  ( -19.70491304937731414, 3.386269837145776229, 24.88912420057752684 ) ) ;
#601 = VERTEX_POINT ( 'NONE', #1545 ) ;
#602 = ORIENTED_EDGE ( 'NONE', *, *, #316, .F. ) ;
#603 = ADVANCED_FACE ( 'NONE', ( #3864 ), #3882, .T. ) ;
#604 = DIRECTION ( 'NONE',  ( 1.000000000000000000, 1.051347561198064835E-16, -0.000000000000000000 ) ) ;
#605 = CARTESIAN_POINT ( 'NONE',  ( -20.12977248878636516, 7.882129494116341561, 17.48025378985752099 ) ) ;
#606 = CARTESIAN_POINT ( 'NONE',  ( -48.71142503235961385, 15.98746122329254860, 27.47895099870557445 ) ) ;
#607 = EDGE_CURVE ( 'NONE', #5215, #4876, #994, .T. ) ;
#608 = CARTESIAN_POINT ( 'NONE',  ( -19.13862085049318651, 3.397464659678320675, 25.23692726493719363 ) ) ;
#609 = VERTEX_POINT ( 'NONE', #2105 ) ;
#610 = AXIS2_PLACEMENT_3D ( 'NONE', #3129, #845, #1318 ) ;
#611 = AXIS2_PLACEMENT_3D ( 'NONE', #4453, #2134, #4862 ) ;
#612 = CARTESIAN_POINT ( 'NONE',  ( -35.25840244911176313, 12.78225160388561932, 17.47895099870356006 ) ) ;
#613 = CARTESIAN_POINT ( 'NONE',  ( -50.94185697795366252, 31.41951890544617854, 7.478950998705547804 ) ) ;
#614 = AXIS2_PLACEMENT_3D ( 'NONE', #3828, #5169, #1980 ) ;
#615 = DIRECTION ( 'NONE',  ( -1.000000000000000000, 1.036329429402984198E-16, 0.000000000000000000 ) ) ;
#616 = VERTEX_POINT ( 'NONE', #3927 ) ;
#617 = CARTESIAN_POINT ( 'NONE',  ( -19.81760904485459207, 7.355197710839395775, 17.48290370912379643 ) ) ;
#618 = VECTOR ( 'NONE', #4855, 1000.000000000000000 ) ;
#619 = ORIENTED_EDGE ( 'NONE', *, *, #4692, .F. ) ;
#620 = VECTOR ( 'NONE', #4447, 1000.000000000000000 ) ;
#621 = DIRECTION ( 'NONE',  ( 1.000000000000000000, 0.000000000000000000, -6.723292789849849722E-15 ) ) ;
#622 = FACE_OUTER_BOUND ( 'NONE', #5447, .T. ) ;
#623 = AXIS2_PLACEMENT_3D ( 'NONE', #847, #4852, #2655 ) ;
#624 = CARTESIAN_POINT ( 'NONE',  ( -63.63382706695971791, 15.98821102550520834, 17.47895099870559221 ) ) ;
#625 = CARTESIAN_POINT ( 'NONE',  ( -56.95162693440416035, 10.16651916719511917, 37.47895099870590485 ) ) ;
#626 = DIRECTION ( 'NONE',  ( 1.000000000000000000, -2.040335338037924389E-16, 0.000000000000000000 ) ) ;
#627 = CARTESIAN_POINT ( 'NONE',  ( -10.86636055282793656, 0.9683203726987330562, 22.47895099870554603 ) ) ;
#628 = VECTOR ( 'NONE', #586, 1000.000000000000000 ) ;
#629 = EDGE_CURVE ( 'NONE', #3840, #2011, #444, .T. ) ;
#630 = B_SPLINE_CURVE_WITH_KNOTS ( 'NONE', 3,
 ( #2638, #3172, #1241, #5372, #3048, #4927 ),
 .UNSPECIFIED., .F., .F.,
 ( 4, 2, 4 ),
 ( 8.673617379884035472E-19, 0.0009889758456934529939, 0.001977951691386905120 ),
 .UNSPECIFIED. ) ;
#631 = DIRECTION ( 'NONE',  ( 1.156482317317871478E-16, 1.000000000000000000, -0.000000000000000000 ) ) ;
#632 = CARTESIAN_POINT ( 'NONE',  ( -7.617084454436970908, 0.4881997596173706655, 36.47895099870554247 ) ) ;
#633 = B_SPLINE_CURVE_WITH_KNOTS ( 'NONE', 3,
 ( #4858, #1803, #5369, #1774, #1717, #1301, #4831, #5336, #355, #3589, #770, #5397, #1328, #3615, #3527, #2240, #5311, #5425, #4063, #2128, #3044, #5482, #4088, #110, #2776, #5011, #1436, #1470, #3251, #2329, #915, #4533, #469, #4178, #5067, #1003, #4587, #3287, #5098, #4114, #527, #1942, #498, #3701, #2266, #145, #81, #939, #2834, #4147, #5509, #22, #2807, #1030, #1827, #4645, #53, #4618, #3641, #589, #3674, #560, #2357, #2384, #4202, #1355, #1407, #3220, #5454, #1383 ),
 .UNSPECIFIED., .F., .F.,
 ( 4, 2, 1, 1, 1, 1, 1, 2, 2, 2, 2, 2, 1, 1, 1, 1, 2, 2, 2, 1, 1, 1, 2, 2, 2, 2, 1, 1, 2, 2, 2, 2, 1, 1, 2, 2, 2, 2, 1, 1, 2, 2, 2, 4 ),
 ( 0.000000000000000000, 0.06249999999990647759, 0.09374999999986109722, 0.1093749999998396838, 0.1171874999998302191, 0.1210937499998254729, 0.1230468749998218786, 0.1240234374998188810, 0.1249999999998158973, 0.2499999999994846900, 0.3124999999993179900, 0.3437499999992362776, 0.3593749999991973643, 0.3671874999991760480, 0.3710937499991676658, 0.3730468749991659450, 0.3740234374991673882, 0.3749999999991688315, 0.4374999999992303379, 0.4687499999992612576, 0.4843749999992769673, 0.4921874999992862376, 0.4960937499992905675, 0.4999999999992948974, 0.5624999999993772759, 0.5937499999994199085, 0.6093749999994398925, 0.6171874999994501065, 0.6210937499994536592, 0.6249999999994572120, 0.6874999999995374811, 0.7187499999995776712, 0.7343749999995974331, 0.7421874999996070921, 0.7460937499996126432, 0.7499999999996181943, 0.8124999999997156719, 0.8437499999997646327, 0.8593749999997885025, 0.8671874999998008260, 0.8710937499998063771, 0.8749999999998120392, 0.9374999999999059641, 1.000000000000000000 ),
 .UNSPECIFIED. ) ;
#634 = DIRECTION ( 'NONE',  ( -1.000000000000000000, 1.350259130968409871E-16, 0.000000000000000000 ) ) ;
#635 = VERTEX_POINT ( 'NONE', #4455 ) ;
#636 = EDGE_CURVE ( 'NONE', #3672, #1647, #3624, .T. ) ;
#637 = VERTEX_POINT ( 'NONE', #1754 ) ;
#638 = DIRECTION ( 'NONE',  ( -0.2197759447327673754, 0.9755503749765153110, 0.000000000000000000 ) ) ;
#639 = LINE ( 'NONE', #5028, #4035 ) ;
#640 = CARTESIAN_POINT ( 'NONE',  ( -17.69133524850641948, 12.83897876963119700, 22.29272869446339200 ) ) ;
#641 = CARTESIAN_POINT ( 'NONE',  ( -38.48274331374037160, 14.18471601352560008, 27.47895099870555669 ) ) ;
#642 = EDGE_CURVE ( 'NONE', #2358, #637, #5829, .T. ) ;
#643 = CARTESIAN_POINT ( 'NONE',  ( -18.73587723562537022, 2.063861130563236390, 24.21922787288222878 ) ) ;
#644 = ORIENTED_EDGE ( 'NONE', *, *, #3543, .F. ) ;
#645 = CARTESIAN_POINT ( 'NONE',  ( -39.96884687125915292, 25.22620244180337323, 17.47895099870556379 ) ) ;
#646 = CARTESIAN_POINT ( 'NONE',  ( -54.73146858924197744, 30.42964208045163232, 7.478950998705546027 ) ) ;
#647 = FACE_OUTER_BOUND ( 'NONE', #80, .T. ) ;
#648 = CARTESIAN_POINT ( 'NONE',  ( -7.617084454437067720, 14.30337150129740209, 22.47895099870554603 ) ) ;
#649 = ORIENTED_EDGE ( 'NONE', *, *, #5135, .F. ) ;
#650 = ADVANCED_FACE ( 'NONE', ( #5484 ), #240, .F. ) ;
#651 = CARTESIAN_POINT ( 'NONE',  ( -60.26031702788713318, 10.54369940728474830, 35.50711069772491157 ) ) ;
#652 = DIRECTION ( 'NONE',  ( 0.000000000000000000, 0.000000000000000000, 1.000000000000000000 ) ) ;
#653 = CARTESIAN_POINT ( 'NONE',  ( -31.42746716209035540, 10.98865990637529855, 17.47895099870287083 ) ) ;
#654 = CARTESIAN_POINT ( 'NONE',  ( -56.57526165032764709, 10.84762834729451519, 37.47895099870587643 ) ) ;
#655 = DIRECTION ( 'NONE',  ( 1.156482317317871478E-16, 1.000000000000000000, -0.000000000000000000 ) ) ;
#656 = CARTESIAN_POINT ( 'NONE',  ( -19.77716092064450493, 4.036822903651518857, 26.47695486480186489 ) ) ;
#657 = DIRECTION ( 'NONE',  ( 1.000000000000000000, 0.000000000000000000, -6.802837160693357891E-15 ) ) ;
#658 = CARTESIAN_POINT ( 'NONE',  ( -59.75279874015136272, 0.4881997596173697773, 11.15130690218371790 ) ) ;
#659 = CARTESIAN_POINT ( 'NONE',  ( -50.68751545482483323, 15.98896313916680434, 27.47895099870407520 ) ) ;
#660 = DIRECTION ( 'NONE',  ( -1.000000000000000000, 1.034912482151988770E-16, 0.000000000000000000 ) ) ;
#661 = CARTESIAN_POINT ( 'NONE',  ( -19.24957089205646099, 3.453713779780962501, 25.38052435408850016 ) ) ;
#662 = CARTESIAN_POINT ( 'NONE',  ( -19.33681032376565767, 7.466929772984006952, 27.86854154087194502 ) ) ;
#663 = VERTEX_POINT ( 'NONE', #806 ) ;
#664 = ORIENTED_EDGE ( 'NONE', *, *, #4582, .T. ) ;
#665 = CARTESIAN_POINT ( 'NONE',  ( -18.73587723562536667, 3.313861130563236390, 24.21922787288222523 ) ) ;
#666 = CARTESIAN_POINT ( 'NONE',  ( -56.46708445443707802, 0.4881997596173706655, 13.43255253399390270 ) ) ;
#667 = CARTESIAN_POINT ( 'NONE',  ( -17.03588887660941964, 12.74068553452280383, 24.76568720877840235 ) ) ;
#668 = DIRECTION ( 'NONE',  ( 0.6532146451753750860, 0.000000000000000000, -0.7571727856496220932 ) ) ;
#669 = CARTESIAN_POINT ( 'NONE',  ( -50.31583746620117381, 31.01018641838066259, 7.586724095095735976 ) ) ;
#670 = VERTEX_POINT ( 'NONE', #3568 ) ;
#671 = ORIENTED_EDGE ( 'NONE', *, *, #5637, .T. ) ;
#672 = CARTESIAN_POINT ( 'NONE',  ( -46.79566492483272100, 5.997109865429607112, 17.47895099870643776 ) ) ;
#673 = CARTESIAN_POINT ( 'NONE',  ( -19.38715882251268852, 9.138838730620628681, 27.28930099042075241 ) ) ;
#674 = DIRECTION ( 'NONE',  ( 0.4716430481262313679, 0.8815561237304072595, -0.02028881138994239469 ) ) ;
#675 = CARTESIAN_POINT ( 'NONE',  ( -20.82058945312303067, 6.345967755945696176, 17.68063368420528647 ) ) ;
#676 = ORIENTED_EDGE ( 'NONE', *, *, #3883, .T. ) ;
#677 = CARTESIAN_POINT ( 'NONE',  ( -58.85294595183663091, 7.878455614068869295, 37.47895099870590485 ) ) ;
#678 = EDGE_CURVE ( 'NONE', #590, #4132, #895, .T. ) ;
#679 = DIRECTION ( 'NONE',  ( 1.000000000000000000, -2.081668171172166620E-14, 0.000000000000000000 ) ) ;
#680 = CARTESIAN_POINT ( 'NONE',  ( -48.43107440575078471, 25.98634632245276777, 17.47895099870557445 ) ) ;
#681 = CARTESIAN_POINT ( 'NONE',  ( -56.25688906328307581, 11.80937773513903366, 37.47895099870588353 ) ) ;
#682 = CARTESIAN_POINT ( 'NONE',  ( -7.617084454437067720, 8.413861130563232038, 22.47895099870554603 ) ) ;
#683 = DIRECTION ( 'NONE',  ( 1.156482317317871478E-16, 1.000000000000000000, -0.000000000000000000 ) ) ;
#684 = CARTESIAN_POINT ( 'NONE',  ( -60.50741059671192801, 11.40894469381748166, 35.09324710991661789 ) ) ;
#685 = CARTESIAN_POINT ( 'NONE',  ( -20.78537797219023631, 12.20437082234805004, 24.84815451235856187 ) ) ;
#686 = DIRECTION ( 'NONE',  ( -1.000000000000000000, 2.019632392852309477E-16, 0.000000000000000000 ) ) ;
#687 = LINE ( 'NONE', #5140, #1262 ) ;
#688 = VERTEX_POINT ( 'NONE', #362 ) ;
#689 = EDGE_LOOP ( 'NONE', ( #5206, #2791, #2572 ) ) ;
#690 = CARTESIAN_POINT ( 'NONE',  ( -4.917927801561261525, 0.9864000183876354688, 37.34963724708262589 ) ) ;
#691 = CARTESIAN_POINT ( 'NONE',  ( -57.64535690733737283, 39.14203708838626028, 8.639533499670111638 ) ) ;
#692 = CARTESIAN_POINT ( 'NONE',  ( -17.30808752356304936, 12.13711132752306732, 26.06899608054249029 ) ) ;
#693 = DIRECTION ( 'NONE',  ( 1.156482317317871478E-16, 1.000000000000000000, -0.000000000000000000 ) ) ;
#694 = VECTOR ( 'NONE', #2536, 1000.000000000000227 ) ;
#695 = CARTESIAN_POINT ( 'NONE',  ( -7.617084454437067720, 12.38282632903052871, 22.47895099870554603 ) ) ;
#696 = ORIENTED_EDGE ( 'NONE', *, *, #2338, .F. ) ;
#697 = VERTEX_POINT ( 'NONE', #5346 ) ;
#698 = CIRCLE ( 'NONE', #2599, 0.7499999999999954481 ) ;
#699 = CC_DESIGN_DATE_AND_TIME_ASSIGNMENT ( #1435, #3250, ( #564 ) ) ;
#700 = CARTESIAN_POINT ( 'NONE',  ( -53.81634161796729643, 5.987965219229216096, 27.47895099870362046 ) ) ;
#701 = CARTESIAN_POINT ( 'NONE',  ( -62.86718746102598487, 5.842438064027752453, 19.15602454888889739 ) ) ;
#702 = B_SPLINE_CURVE_WITH_KNOTS ( 'NONE', 3,
 ( #4089, #2750, #499, #3675, #1437, #5483, #940, #1408, #3221, #5013 ),
 .UNSPECIFIED., .F., .F.,
 ( 4, 2, 2, 2, 4 ),
 ( 0.000000000000000000, 0.0008978622040777810721, 0.001795724408155562144, 0.002693586612233343433, 0.003591448816311124288 ),
 .UNSPECIFIED. ) ;
#703 = CARTESIAN_POINT ( 'NONE',  ( -56.45558718787846431, 3.229213614859825388, 7.824967539243348646 ) ) ;
#704 = DIRECTION ( 'NONE',  ( -0.3213324028862221127, -0.9469664655389685715, 2.243852176485735865E-15 ) ) ;
#705 = VECTOR ( 'NONE', #5029, 1000.000000000000000 ) ;
#706 = EDGE_LOOP ( 'NONE', ( #5208, #992, #1696, #1422, #3957, #2821, #340 ) ) ;
#707 = B_SPLINE_CURVE_WITH_KNOTS ( 'NONE', 3,
 ( #3538, #2166, #393, #1756, #808, #1812 ),
 .UNSPECIFIED., .F., .F.,
 ( 4, 2, 4 ),
 ( 0.000000000000000000, 0.001004867221281348279, 0.002009734442562696559 ),
 .UNSPECIFIED. ) ;
#708 = CARTESIAN_POINT ( 'NONE',  ( -56.24350771458966847, 12.09923050313935633, 37.47895099870587643 ) ) ;
#709 = CARTESIAN_POINT ( 'NONE',  ( -18.68319127287375991, 8.952288127846708576, 17.34476677033325132 ) ) ;
#710 = CIRCLE ( 'NONE', #4976, 18.00000000000000000 ) ;
#711 = CARTESIAN_POINT ( 'NONE',  ( -56.55148311024024110, 10.89710381193831523, 37.47895099870588353 ) ) ;
#712 = DIRECTION ( 'NONE',  ( 1.000000000000000000, 0.000000000000000000, 0.000000000000000000 ) ) ;
#713 = CARTESIAN_POINT ( 'NONE',  ( -19.88368666495577131, 4.522829213002094839, 27.07041850017206386 ) ) ;
#714 = AXIS2_PLACEMENT_3D ( 'NONE', #3780, #5183, #2920 ) ;
#715 = CARTESIAN_POINT ( 'NONE',  ( -60.55733729545813304, 11.65285153891120729, 35.00772298488686118 ) ) ;
#716 = DIRECTION ( 'NONE',  ( -6.982962677686266711E-15, 0.000000000000000000, -1.000000000000000000 ) ) ;
#717 = CARTESIAN_POINT ( 'NONE',  ( -55.82045010703262733, 15.98838280879982143, 27.47895099870710567 ) ) ;
#718 = CARTESIAN_POINT ( 'NONE',  ( -19.73766708623658062, 5.313861130563235058, 27.84218071913482007 ) ) ;
#719 = CIRCLE ( 'NONE', #1468, 12.99999999999999822 ) ;
#720 = CARTESIAN_POINT ( 'NONE',  ( -54.78642793342912398, 28.32063358271937048, 7.478950998705545139 ) ) ;
#721 = ORIENTED_EDGE ( 'NONE', *, *, #5393, .T. ) ;
#722 = VERTEX_POINT ( 'NONE', #2780 ) ;
#723 = AXIS2_PLACEMENT_3D ( 'NONE', #2602, #1121, #1564 ) ;
#724 = EDGE_CURVE ( 'NONE', #2442, #4659, #2405, .T. ) ;
#725 = CARTESIAN_POINT ( 'NONE',  ( -19.19907503531447546, 3.351611680407003746, 20.50288785475758502 ) ) ;
#726 = CARTESIAN_POINT ( 'NONE',  ( -56.47570211126801354, 39.14203708838626028, 7.478950998705546915 ) ) ;
#727 = CARTESIAN_POINT ( 'NONE',  ( -18.04688832839909551, 11.09954472369366485, 26.17915937548352545 ) ) ;
#728 = CARTESIAN_POINT ( 'NONE',  ( -49.72725623369792913, 1.488199759617370388, 37.47895099870583380 ) ) ;
#729 = ORIENTED_EDGE ( 'NONE', *, *, #5611, .T. ) ;
#730 = VERTEX_POINT ( 'NONE', #5042 ) ;
#731 = CARTESIAN_POINT ( 'NONE',  ( -52.68254282125997889, 5.987195128047784642, 27.47895099870754265 ) ) ;
#732 = CARTESIAN_POINT ( 'NONE',  ( -54.28636173469669757, 28.77428826369752102, 7.478950998705547804 ) ) ;
#733 = DIRECTION ( 'NONE',  ( -0.08671821428513254437, 0.8230847951446882416, 0.5612587382952933801 ) ) ;
#734 = CARTESIAN_POINT ( 'NONE',  ( -20.22720269320371500, 5.937643909771931128, 17.82149163103835221 ) ) ;
#735 = EDGE_CURVE ( 'NONE', #842, #2741, #1987, .T. ) ;
#736 = ORIENTED_EDGE ( 'NONE', *, *, #2152, .F. ) ;
#737 = B_SPLINE_CURVE_WITH_KNOTS ( 'NONE', 3,
 ( #3667, #1876, #5416, #2766 ),
 .UNSPECIFIED., .F., .F.,
 ( 4, 4 ),
 ( -2.449490460410049206E-05, 0.0008947283517181838907 ),
 .UNSPECIFIED. ) ;
#738 = CARTESIAN_POINT ( 'NONE',  ( -59.11722618623251435, 11.43279584946472127, 37.47895099870667934 ) ) ;
#739 = PLANE ( 'NONE',  #4409 ) ;
#740 = CARTESIAN_POINT ( 'NONE',  ( -62.81904516943835404, 10.24468022503252307, 19.10819259439487183 ) ) ;
#741 = CARTESIAN_POINT ( 'NONE',  ( -56.24406569161399005, 11.96534588256511000, 37.47895099870589064 ) ) ;
#742 = CARTESIAN_POINT ( 'NONE',  ( -10.75996520382475730, 0.6171992533958647886, 22.47895099870554603 ) ) ;
#743 = EDGE_CURVE ( 'NONE', #4073, #350, #1927, .T. ) ;
#744 = CARTESIAN_POINT ( 'NONE',  ( -60.07243235330706455, 10.11430697952627078, 35.79959939616541931 ) ) ;
#745 = CARTESIAN_POINT ( 'NONE',  ( -59.97352392146157740, 4.488199764567829320, 11.46922088362215852 ) ) ;
#747 = ADVANCED_FACE ( 'NONE', ( #3958 ), #3168, .T. ) ;
#746 = CARTESIAN_POINT ( 'NONE',  ( -47.96302992729223291, 15.98612241393803224, 27.47895099870557445 ) ) ;
#748 = DIRECTION ( 'NONE',  ( -1.156482317317871478E-16, -1.000000000000000000, 0.000000000000000000 ) ) ;
#749 = CARTESIAN_POINT ( 'NONE',  ( -20.60644339522648139, 8.147750401173437851, 17.71698608681867526 ) ) ;
#750 = CARTESIAN_POINT ( 'NONE',  ( -62.96708445443707802, 11.46351252514374863, 20.35122793632377736 ) ) ;
#751 = EDGE_LOOP ( 'NONE', ( #2072, #3890, #5595, #4256 ) ) ;
#752 = VERTEX_POINT ( 'NONE', #3055 ) ;
#753 = DIRECTION ( 'NONE',  ( -1.051347561198064835E-16, 1.000000000000000000, 7.341520781122565208E-31 ) ) ;
#754 = B_SPLINE_CURVE_WITH_KNOTS ( 'NONE', 3,
 ( #101, #4252, #165, #3305, #132, #191, #990, #5090, #4577, #3240, #549, #1875, #2889, #2317, #1023, #5501, #5058, #4698, #2437, #3332, #2797, #4610, #3753, #4170, #3276, #1491, #1988, #5119, #1902, #3721 ),
 .UNSPECIFIED., .F., .F.,
 ( 4, 2, 2, 2, 2, 2, 2, 2, 2, 2, 2, 2, 2, 2, 4 ),
 ( 0.03115981246430051671, 0.08685579767576480370, 0.1387121652027902274, 0.1959790640380902615, 0.2696079339692019627, 0.3258522096108935062, 0.3421054618528214242, 0.3583587140947493976, 0.3908652185786052891, 0.5054254591734496094, 0.5848722406770503479, 0.6597046840673143064, 0.7601324898293428944, 0.8800662449146714472, 0.9817585928463238298 ),
 .UNSPECIFIED. ) ;
#755 = AXIS2_PLACEMENT_3D ( 'NONE', #2456, #3018, #237 ) ;
#756 = CARTESIAN_POINT ( 'NONE',  ( -56.46708445443707802, 6.988199759617370610, 22.47895099870554603 ) ) ;
#757 = CARTESIAN_POINT ( 'NONE',  ( -17.15732087870945222, 12.51180007614873801, 25.34949801549035442 ) ) ;
#758 = CARTESIAN_POINT ( 'NONE',  ( -44.96708445443707802, 21.81511842400183454, 3.416912245329549513 ) ) ;
#759 = EDGE_LOOP ( 'NONE', ( #3803, #3956, #3788, #2273 ) ) ;
#760 = ORIENTED_EDGE ( 'NONE', *, *, #4166, .T. ) ;
#761 = CARTESIAN_POINT ( 'NONE',  ( -43.02115129672996119, 5.209392686415649010, 27.47895099870556734 ) ) ;
#762 = DIRECTION ( 'NONE',  ( -0.000000000000000000, -0.000000000000000000, -1.000000000000000000 ) ) ;
#763 = AXIS2_PLACEMENT_3D ( 'NONE', #4898, #4861, #2243 ) ;
#764 = CARTESIAN_POINT ( 'NONE',  ( -18.61209282167136791, 3.313861130563235946, 23.94514445392905344 ) ) ;
#765 = ORIENTED_EDGE ( 'NONE', *, *, #3945, .F. ) ;
#766 = CARTESIAN_POINT ( 'NONE',  ( -56.99048356624531664, 10.09926195132640991, 37.47895099870589064 ) ) ;
#767 = CARTESIAN_POINT ( 'NONE',  ( -62.95315657729265268, 18.63487126674496608, 26.72415174486152623 ) ) ;
#768 = DIRECTION ( 'NONE',  ( 1.051347561198064835E-16, -1.000000000000000000, -7.341520781122565208E-31 ) ) ;
#769 = FACE_OUTER_BOUND ( 'NONE', #5290, .T. ) ;
#770 = CARTESIAN_POINT ( 'NONE',  ( -51.24511610696090003, 31.46938042165887950, 8.471327509815019141 ) ) ;
#771 = DIRECTION ( 'NONE',  ( -1.000000000000000000, 0.000000000000000000, 0.000000000000000000 ) ) ;
#772 = CARTESIAN_POINT ( 'NONE',  ( -60.75987481225439524, 4.609623269058661599, 12.77227875813959024 ) ) ;
#773 = CARTESIAN_POINT ( 'NONE',  ( -19.96285538202700138, 4.746262342613309038, 27.07878152052558463 ) ) ;
#774 = CARTESIAN_POINT ( 'NONE',  ( -56.46708445443707802, 0.4881997596173706655, 22.47895099870554603 ) ) ;
#775 = FACE_OUTER_BOUND ( 'NONE', #1638, .T. ) ;
#776 = ORIENTED_EDGE ( 'NONE', *, *, #724, .F. ) ;
#777 = ORIENTED_EDGE ( 'NONE', *, *, #1594, .T. ) ;
#778 = EDGE_CURVE ( 'NONE', #1958, #2045, #3076, .T. ) ;
#779 = CARTESIAN_POINT ( 'NONE',  ( -17.38894016006722509, 11.85337303148649291, 26.48292489793630722 ) ) ;
#780 = CARTESIAN_POINT ( 'NONE',  ( -59.94288059224624732, 1.484028796569331510, 15.82250216472895765 ) ) ;
#781 = CARTESIAN_POINT ( 'NONE',  ( -19.87964021098272838, 5.617918449660074032, 27.60887780672704395 ) ) ;
#782 = DIRECTION ( 'NONE',  ( 1.156482317317871478E-16, 1.000000000000000000, -0.000000000000000000 ) ) ;
#783 = PLANE ( 'NONE',  #4669 ) ;
#784 = EDGE_LOOP ( 'NONE', ( #5658, #1362, #1515, #2176 ) ) ;
#785 = EDGE_CURVE ( 'NONE', #5837, #3342, #5514, .T. ) ;
#786 = ORIENTED_EDGE ( 'NONE', *, *, #1832, .T. ) ;
#787 = FACE_OUTER_BOUND ( 'NONE', #5811, .T. ) ;
#788 = CONICAL_SURFACE ( 'NONE', #2677, 5.212547534731926113, 0.2215847939247934106 ) ;
#789 = CARTESIAN_POINT ( 'NONE',  ( -50.91788564346061463, 30.44953938172310970, 7.478950998705546915 ) ) ;
#790 = EDGE_CURVE ( 'NONE', #2103, #1843, #5262, .T. ) ;
#791 = CARTESIAN_POINT ( 'NONE',  ( -52.68110183420678538, 15.98720042638902505, 17.47895099870753199 ) ) ;
#792 = DIRECTION ( 'NONE',  ( 0.000000000000000000, 0.000000000000000000, 1.000000000000000000 ) ) ;
#793 = CARTESIAN_POINT ( 'NONE',  ( -19.42191930993016769, 3.061782436409611563, 23.90939027086950119 ) ) ;
#794 = B_SPLINE_CURVE_WITH_KNOTS ( 'NONE', 3,
 ( #3611, #2179, #4979, #4446, #4029, #1769 ),
 .UNSPECIFIED., .F., .F.,
 ( 4, 2, 4 ),
 ( 0.000000000000000000, 0.001409862022057167298, 0.002819724044114334596 ),
 .UNSPECIFIED. ) ;
#795 = ORIENTED_EDGE ( 'NONE', *, *, #3171, .T. ) ;
#796 = DIRECTION ( 'NONE',  ( 1.000000000000000000, 1.051347561198064835E-16, -6.982962677686266711E-15 ) ) ;
#797 = FACE_OUTER_BOUND ( 'NONE', #3136, .T. ) ;
#798 = EDGE_CURVE ( 'NONE', #5738, #3151, #4539, .T. ) ;
#799 = CARTESIAN_POINT ( 'NONE',  ( -19.89905135827978810, 11.65184819662360916, 25.62499845037970303 ) ) ;
#800 = CARTESIAN_POINT ( 'NONE',  ( -62.96708445443707802, 27.48819975961737327, 26.01039022695080405 ) ) ;
#801 = CYLINDRICAL_SURFACE ( 'NONE', #5735, 1.499999999999992673 ) ;
#802 = FACE_OUTER_BOUND ( 'NONE', #3398, .T. ) ;
#803 = LINE ( 'NONE', #4510, #5519 ) ;
#804 = DIRECTION ( 'NONE',  ( 6.938893903907227392E-16, 0.000000000000000000, 1.000000000000000000 ) ) ;
#805 = ORIENTED_EDGE ( 'NONE', *, *, #5801, .F. ) ;
#806 = CARTESIAN_POINT ( 'NONE',  ( -19.73766708623657706, 5.313861130563235058, 17.11572127827627909 ) ) ;
#807 = FACE_OUTER_BOUND ( 'NONE', #5618, .T. ) ;
#808 = CARTESIAN_POINT ( 'NONE',  ( -55.92532882106863212, 30.27005211500569715, 37.47895099870588353 ) ) ;
#809 = CIRCLE ( 'NONE', #901, 1.999999999999999778 ) ;
#810 = CARTESIAN_POINT ( 'NONE',  ( -53.49442796600050087, 1.853251453747686961, 37.47895099870586932 ) ) ;
#811 = EDGE_CURVE ( 'NONE', #4164, #4937, #5467, .T. ) ;
#812 = DIRECTION ( 'NONE',  ( -0.000000000000000000, 0.000000000000000000, -1.000000000000000000 ) ) ;
#813 = ORIENTED_EDGE ( 'NONE', *, *, #4753, .T. ) ;
#814 = ORIENTED_EDGE ( 'NONE', *, *, #1872, .F. ) ;
#815 = CIRCLE ( 'NONE', #3845, 0.9250000000000022649 ) ;
#816 = TOROIDAL_SURFACE ( 'NONE', #4327, 3.249999999999994671, 1.920545172266873601 ) ;
#817 = DIRECTION ( 'NONE',  ( 0.000000000000000000, -1.000000000000000000, 0.000000000000000000 ) ) ;
#818 = CARTESIAN_POINT ( 'NONE',  ( -20.11905937643025766, 4.277969969496211000, 18.87952265488638659 ) ) ;
#819 = CARTESIAN_POINT ( 'NONE',  ( -53.81634161798301363, 5.987965219229216096, 17.47895099870361335 ) ) ;
#820 =( BOUNDED_SURFACE ( )  B_SPLINE_SURFACE ( 3, 2, ( 
 ( #5803, #2197, #3066 ),
 ( #1290, #1343, #903 ),
 ( #1734, #371, #5358 ),
 ( #4077, #41, #5831 ),
 ( #3995, #5442, #1817 ),
 ( #4522, #818, #4052 ),
 ( #4021, #5856, #3185 ),
 ( #3547, #1256, #1763 ),
 ( #2254, #4940, #3099 ),
 ( #12, #3604, #5413 ) ),
 .UNSPECIFIED., .F., .F., .T. ) 
 B_SPLINE_SURFACE_WITH_KNOTS ( ( 4, 2, 2, 2, 4 ),
 ( 3, 3 ),
 ( 0.01265558248754536201, 0.01346736397363666043, 0.01427914545972795712, 0.01509092694581925555, 0.01590270843191055397 ),
 ( 0.000000000000000000, 1.000000000000000000 ),
 .UNSPECIFIED. ) 
 GEOMETRIC_REPRESENTATION_ITEM ( )  RATIONAL_B_SPLINE_SURFACE ( (
 ( 1.000000000000000000, 0.9630485531699144452, 1.000000000000000000),
 ( 1.000000000000000000, 0.9568581516382657082, 1.000000000000000000),
 ( 1.000000000000000000, 0.9496725189094588071, 1.000000000000000000),
 ( 1.000000000000000000, 0.9339520416477630205, 1.000000000000000000),
 ( 1.000000000000000000, 0.9253227072175838064, 1.000000000000000000),
 ( 1.000000000000000000, 0.9077231764530415692, 1.000000000000000000),
 ( 1.000000000000000000, 0.8987057574935157778, 1.000000000000000000),
 ( 1.000000000000000000, 0.8806727771441547059, 1.000000000000000000),
 ( 1.000000000000000000, 0.8718132401520520824, 1.000000000000000000),
 ( 1.000000000000000000, 0.8636053781124745088, 1.000000000000000000) ) ) 
 REPRESENTATION_ITEM ( '' )  SURFACE ( )  );
#821 = CARTESIAN_POINT ( 'NONE',  ( -7.617084454437068608, 9.512867636287728246, 22.47895099870554603 ) ) ;
#822 = ORIENTED_EDGE ( 'NONE', *, *, #4684, .F. ) ;
#823 = CARTESIAN_POINT ( 'NONE',  ( -59.17048040971416611, 15.98819005105898228, 27.47895099870420310 ) ) ;
#824 = CARTESIAN_POINT ( 'NONE',  ( -62.90707690871814606, 16.31482502679938662, 27.47895099870568814 ) ) ;
#825 = CARTESIAN_POINT ( 'NONE',  ( -18.92175121956621453, 11.51506242883114517, 19.16411340890748605 ) ) ;
#826 = ORIENTED_EDGE ( 'NONE', *, *, #1805, .F. ) ;
#827 = CARTESIAN_POINT ( 'NONE',  ( -7.617084454437074825, 22.31511842400183454, -0.000000000000000000 ) ) ;
#828 = CARTESIAN_POINT ( 'NONE',  ( -7.972113761207653582, 27.90215759046290245, 3.438390043018537234 ) ) ;
#829 = CARTESIAN_POINT ( 'NONE',  ( -17.48779596960936544, 11.27044416186716447, 27.11378337132702754 ) ) ;
#830 = DIRECTION ( 'NONE',  ( 0.000000000000000000, 1.000000000000000000, 0.000000000000000000 ) ) ;
#831 = CARTESIAN_POINT ( 'NONE',  ( -19.42191930993033111, 3.061782436409798969, 21.04851172654136704 ) ) ;
#832 = CARTESIAN_POINT ( 'NONE',  ( -7.617084454437069496, 0.4881997596173706655, 21.22895099870555313 ) ) ;
#833 = CARTESIAN_POINT ( 'NONE',  ( -62.95655950058999650, 11.46351248072764584, 20.35122778128028642 ) ) ;
#834 = ORIENTED_EDGE ( 'NONE', *, *, #2186, .F. ) ;
#835 = CARTESIAN_POINT ( 'NONE',  ( -62.58846771357364247, 14.36510996217820768, 17.74385010348171932 ) ) ;
#836 = PLANE ( 'NONE',  #4890 ) ;
#837 = CARTESIAN_POINT ( 'NONE',  ( -20.25484172222812518, 5.749819682403593646, 27.05857987637332940 ) ) ;
#838 = CARTESIAN_POINT ( 'NONE',  ( -49.72725623369792913, 1.488199759617370610, 37.47895099870583380 ) ) ;
#839 = B_SPLINE_CURVE_WITH_KNOTS ( 'NONE', 3,
 ( #2133, #1667, #4278, #3953 ),
 .UNSPECIFIED., .F., .F.,
 ( 4, 4 ),
 ( 0.000000000000000000, 0.0002319833339620538438 ),
 .UNSPECIFIED. ) ;
#840 = DIRECTION ( 'NONE',  ( 0.000000000000000000, -1.000000000000000000, 0.000000000000000000 ) ) ;
#841 = ORIENTED_EDGE ( 'NONE', *, *, #1573, .F. ) ;
#842 = VERTEX_POINT ( 'NONE', #3705 ) ;
#843 = CARTESIAN_POINT ( 'NONE',  ( -19.69843042229921437, 3.185685503609790636, 20.43345534147283260 ) ) ;
#844 = DIRECTION ( 'NONE',  ( 1.000000000000000000, 0.000000000000000000, -6.723292789849844989E-15 ) ) ;
#845 = DIRECTION ( 'NONE',  ( 0.4775850044816497553, 0.8784868340509677243, 0.01316988585258577725 ) ) ;
#846 = CARTESIAN_POINT ( 'NONE',  ( -52.68110183416757764, 15.98720042638902505, 27.47895099870753555 ) ) ;
#847 = CARTESIAN_POINT ( 'NONE',  ( -34.31889487463964628, 14.77548979564685006, 43.55476522695079211 ) ) ;
#848 = ORIENTED_EDGE ( 'NONE', *, *, #1416, .F. ) ;
#849 = CARTESIAN_POINT ( 'NONE',  ( -19.34431725408294866, 7.775492295786410324, 27.47895099870553537 ) ) ;
#850 = EDGE_CURVE ( 'NONE', #1870, #3301, #3836, .T. ) ;
#851 = DIRECTION ( 'NONE',  ( 1.000000000000000000, 1.051347561198064835E-16, 0.000000000000000000 ) ) ;
#852 =( BOUNDED_SURFACE ( )  B_SPLINE_SURFACE ( 3, 2, ( 
 ( #2761, #579, #2374 ),
 ( #1899, #5085, #4661 ),
 ( #5590, #5526, #3689 ),
 ( #484, #5116, #4998 ) ),
 .UNSPECIFIED., .F., .F., .T. ) 
 B_SPLINE_SURFACE_WITH_KNOTS ( ( 4, 4 ),
 ( 3, 3 ),
 ( -7.589415207398531038E-18, 0.001272616281401681322 ),
 ( 0.000000000000000000, 1.000000000000000000 ),
 .UNSPECIFIED. ) 
 GEOMETRIC_REPRESENTATION_ITEM ( )  RATIONAL_B_SPLINE_SURFACE ( (
 ( 1.000000000000000000, 0.8815483237737384847, 1.000000000000000000),
 ( 1.000000000000000000, 0.8762092020614825616, 1.000000000000000000),
 ( 1.000000000000000000, 0.8704714063289767934, 1.000000000000000000),
 ( 1.000000000000000000, 0.8636053781126707962, 1.000000000000000000) ) ) 
 REPRESENTATION_ITEM ( '' )  SURFACE ( )  );
#853 = CARTESIAN_POINT ( 'NONE',  ( -17.79209581430359677, 12.78031928255086846, 21.71092679021692007 ) ) ;
#854 = CARTESIAN_POINT ( 'NONE',  ( -10.86708445443706239, 12.38282632903052871, 22.47895099870554603 ) ) ;
#855 = CARTESIAN_POINT ( 'NONE',  ( -8.068290409682914444, 27.62621123274815815, 3.416912245329549513 ) ) ;
#856 = CARTESIAN_POINT ( 'NONE',  ( -56.44701549012264508, 27.92363538815187951, 7.757911825793193827 ) ) ;
#857 = CARTESIAN_POINT ( 'NONE',  ( -19.24311115989546295, 10.51089965093160039, 26.58024748410167248 ) ) ;
#858 = FACE_OUTER_BOUND ( 'NONE', #993, .T. ) ;
#859 = EDGE_CURVE ( 'NONE', #2733, #4351, #3263, .T. ) ;
#860 = CARTESIAN_POINT ( 'NONE',  ( 5.382915545562928727, 0.4881997596173701104, 22.47895099870554603 ) ) ;
#861 = CARTESIAN_POINT ( 'NONE',  ( -19.57301645330275974, 11.70630743004020147, 19.39525104970830327 ) ) ;
#862 = ORIENTED_EDGE ( 'NONE', *, *, #4938, .T. ) ;
#863 = ORIENTED_EDGE ( 'NONE', *, *, #5810, .F. ) ;
#864 = CARTESIAN_POINT ( 'NONE',  ( -62.78245674274975130, 12.54726832720347751, 18.82114996183847211 ) ) ;
#865 = CARTESIAN_POINT ( 'NONE',  ( -7.617084454437071273, 15.06819975961737690, 22.47895099870554603 ) ) ;
#866 = DIRECTION ( 'NONE',  ( 1.156482317317871478E-16, 1.000000000000000000, -0.000000000000000000 ) ) ;
#867 = LINE ( 'NONE', #2706, #2031 ) ;
#868 = CARTESIAN_POINT ( 'NONE',  ( -53.49442796649646681, 1.853251452624039119, 37.47895099870586932 ) ) ;
#869 = VERTEX_POINT ( 'NONE', #5579 ) ;
#870 = EDGE_LOOP ( 'NONE', ( #3004, #4263 ) ) ;
#871 = CARTESIAN_POINT ( 'NONE',  ( -19.00085360946957991, -2.218607599893485549, 27.47895099870554603 ) ) ;
#872 = FACE_OUTER_BOUND ( 'NONE', #511, .T. ) ;
#873 = DIRECTION ( 'NONE',  ( 0.8817376198251033470, -0.4717401507028646801, 0.000000000000000000 ) ) ;
#874 = CARTESIAN_POINT ( 'NONE',  ( -24.95023529672097240, -1.858078724398217974, 17.47895099870235569 ) ) ;
#875 = DIRECTION ( 'NONE',  ( -1.000000000000000000, 1.156482317317871478E-16, 0.000000000000000000 ) ) ;
#876 = ORIENTED_EDGE ( 'NONE', *, *, #5612, .T. ) ;
#877 = CARTESIAN_POINT ( 'NONE',  ( -31.42746716207427227, 10.98865990636457290, 27.47895099870287083 ) ) ;
#878 = DIRECTION ( 'NONE',  ( 4.072051880428308236E-17, 1.000000000000000000, 0.000000000000000000 ) ) ;
#879 = CARTESIAN_POINT ( 'NONE',  ( -20.22557956397851342, 11.71053844464454663, 25.55720657090482817 ) ) ;
#880 = ORIENTED_EDGE ( 'NONE', *, *, #4473, .T. ) ;
#881 = DIRECTION ( 'NONE',  ( -0.000000000000000000, 0.000000000000000000, -1.000000000000000000 ) ) ;
#882 = AXIS2_PLACEMENT_3D ( 'NONE', #5121, #3755, #3333 ) ;
#883 = EDGE_CURVE ( 'NONE', #1637, #4050, #3257, .T. ) ;
#884 =( BOUNDED_SURFACE ( )  B_SPLINE_SURFACE ( 3, 2, ( 
 ( #718, #2941, #5700 ),
 ( #4306, #245, #5674 ),
 ( #1604, #5203, #5231 ),
 ( #5643, #773, #3414 ) ),
 .UNSPECIFIED., .F., .F., .F. ) 
 B_SPLINE_SURFACE_WITH_KNOTS ( ( 4, 4 ),
 ( 3, 3 ),
 ( 0.000000000000000000, 0.001519583027192534814 ),
 ( 0.000000000000000000, 0.1599353517342035069 ),
 .UNSPECIFIED. ) 
 GEOMETRIC_REPRESENTATION_ITEM ( )  RATIONAL_B_SPLINE_SURFACE ( (
 ( 1.000000000000000000, 0.9724029421640545401, 0.9536333746317512405),
 ( 1.000000000000000000, 0.9734859272530627106, 0.9554529296075008338),
 ( 1.000000000000000000, 0.9750814442564298412, 0.9581336044679722441),
 ( 1.000000000000000000, 0.9770764126508953984, 0.9614854093131683932) ) ) 
 REPRESENTATION_ITEM ( '' )  SURFACE ( )  );
#885 = TOROIDAL_SURFACE ( 'NONE', #322, 3.238583567322118828, 0.1000000000000000056 ) ;
#886 = CARTESIAN_POINT ( 'NONE',  ( -7.617084454437065943, 30.48819975961736972, 22.47895099870554603 ) ) ;
#887 = EDGE_CURVE ( 'NONE', #4640, #2252, #5073, .T. ) ;
#888 = CARTESIAN_POINT ( 'NONE',  ( -61.50728851336656788, 4.878382407617241512, 14.28140506377713415 ) ) ;
#889 = DIRECTION ( 'NONE',  ( -1.000000000000000000, 2.040335338037923896E-16, 0.000000000000000000 ) ) ;
#890 = ORIENTED_EDGE ( 'NONE', *, *, #2110, .T. ) ;
#891 = AXIS2_PLACEMENT_3D ( 'NONE', #5403, #5817, #358 ) ;
#892 = FACE_OUTER_BOUND ( 'NONE', #5781, .T. ) ;
#893 = CARTESIAN_POINT ( 'NONE',  ( -19.31584875495042297, 3.365122096371860660, 20.48206594935301439 ) ) ;
#894 = CARTESIAN_POINT ( 'NONE',  ( -62.96708445443703539, 21.25271923229375659, 23.15872398594056136 ) ) ;
#895 = CIRCLE ( 'NONE', #331, 1.999999999999998668 ) ;
#896 = CARTESIAN_POINT ( 'NONE',  ( -57.04583940692364763, 3.003680209447458171, 37.47895099870588353 ) ) ;
#897 = ORIENTED_EDGE ( 'NONE', *, *, #4381, .F. ) ;
#898 = ORIENTED_EDGE ( 'NONE', *, *, #1622, .T. ) ;
#899 = CIRCLE ( 'NONE', #1663, 18.00000000000000000 ) ;
#900 = ADVANCED_FACE ( 'NONE', ( #622 ), #2839, .F. ) ;
#901 = AXIS2_PLACEMENT_3D ( 'NONE', #1101, #3886, #5699 ) ;
#902 = CARTESIAN_POINT ( 'NONE',  ( -39.62007266085963408, 14.62123179486472502, 27.47895099870556379 ) ) ;
#903 = CARTESIAN_POINT ( 'NONE',  ( -19.89137257100911782, 3.459289237923702576, 19.93303544037776476 ) ) ;
#904 = CARTESIAN_POINT ( 'NONE',  ( -62.93550999182428995, 11.46351233035488093, 20.35122762623673864 ) ) ;
#905 = CARTESIAN_POINT ( 'NONE',  ( -48.75061110922582230, 5.987533304651476485, 27.47895099870557800 ) ) ;
#906 = CARTESIAN_POINT ( 'NONE',  ( -18.84932016328008686, 3.318336860978071901, 24.63889070520228231 ) ) ;
#907 = DIRECTION ( 'NONE',  ( -1.000000000000000000, 0.000000000000000000, 6.982962677686266711E-15 ) ) ;
#908 = CIRCLE ( 'NONE', #3749, 1.250000000000000222 ) ;
#909 = TOROIDAL_SURFACE ( 'NONE', #3651, 1.762499999999999289, 3.000000000000000000 ) ;
#910 = ORIENTED_EDGE ( 'NONE', *, *, #5487, .T. ) ;
#911 = CARTESIAN_POINT ( 'NONE',  ( -50.70440901262350053, 25.98895202185646980, 27.47895099870407876 ) ) ;
#912 = DIRECTION ( 'NONE',  ( -1.000000000000000000, 0.000000000000000000, 0.000000000000000000 ) ) ;
#913 = FACE_OUTER_BOUND ( 'NONE', #5410, .T. ) ;
#914 = B_SPLINE_CURVE_WITH_KNOTS ( 'NONE', 3,
 ( #3680, #4123, #4157, #3709, #4564, #3770, #538, #5461, #5583, #5489, #28, #3322 ),
 .UNSPECIFIED., .F., .F.,
 ( 4, 2, 2, 2, 2, 4 ),
 ( 8.673617379884035472E-19, 0.0006872205981724882097, 0.001374441196344975552, 0.002748882392689950237, 0.004123323589034924921, 0.005497764785379899606 ),
 .UNSPECIFIED. ) ;
#915 = CARTESIAN_POINT ( 'NONE',  ( -53.78131423313894288, 31.27794843172434369, 8.935470240042235446 ) ) ;
#916 = CARTESIAN_POINT ( 'NONE',  ( -59.17028147198218591, 25.98819005085585943, 27.47895099870421376 ) ) ;
#917 = CYLINDRICAL_SURFACE ( 'NONE', #427, 0.9250000000000022649 ) ;
#918 = EDGE_CURVE ( 'NONE', #1581, #5115, #4315, .T. ) ;
#919 = LINE ( 'NONE', #860, #3317 ) ;
#920 = DIRECTION ( 'NONE',  ( 1.156482317317871478E-16, 1.000000000000000000, -0.000000000000000000 ) ) ;
#921 = ORIENTED_EDGE ( 'NONE', *, *, #2907, .T. ) ;
#922 = ADVANCED_FACE ( 'NONE', ( #1475 ), #5512, .T. ) ;
#923 = CARTESIAN_POINT ( 'NONE',  ( -3.596127051617250103, 31.25770168039264263, 37.12841196459033455 ) ) ;
#924 = CARTESIAN_POINT ( 'NONE',  ( -19.90118567667639482, 5.474427079563254139, 27.55576800690561257 ) ) ;
#925 = CARTESIAN_POINT ( 'NONE',  ( -61.66469832981736232, 2.993343035925396745, 26.18237848081326646 ) ) ;
#926 = CARTESIAN_POINT ( 'NONE',  ( -56.11614570838953853, 2.983391572170453365, 37.47895099870588353 ) ) ;
#927 = ORIENTED_EDGE ( 'NONE', *, *, #3717, .F. ) ;
#928 = VERTEX_POINT ( 'NONE', #1208 ) ;
#929 = EDGE_CURVE ( 'NONE', #2892, #3358, #710, .T. ) ;
#930 = CARTESIAN_POINT ( 'NONE',  ( -62.73036450483479598, 8.612842262156815920, 18.50723657259612764 ) ) ;
#931 = CARTESIAN_POINT ( 'NONE',  ( -48.75061110923621044, 5.987533304651529775, 17.47895099870557445 ) ) ;
#932 = CARTESIAN_POINT ( 'NONE',  ( -55.42477705905829310, 1.543745982327943134, 36.87617860360495570 ) ) ;
#933 = ORIENTED_EDGE ( 'NONE', *, *, #2411, .F. ) ;
#934 = CARTESIAN_POINT ( 'NONE',  ( -35.25840244913567290, 12.78225160389757598, 27.47895099870356361 ) ) ;
#935 = DIRECTION ( 'NONE',  ( 0.000000000000000000, 0.000000000000000000, 1.000000000000000000 ) ) ;
#936 = AXIS2_PLACEMENT_3D ( 'NONE', #3349, #4803, #3881 ) ;
#937 = DIRECTION ( 'NONE',  ( 0.000000000000000000, 0.000000000000000000, 1.000000000000000000 ) ) ;
#938 = ORIENTED_EDGE ( 'NONE', *, *, #3284, .F. ) ;
#939 = CARTESIAN_POINT ( 'NONE',  ( -55.29896110208481730, 30.85919536694488841, 8.998628238392987200 ) ) ;
#940 = CARTESIAN_POINT ( 'NONE',  ( -18.44058772682286573, 3.313861130563235946, 23.07235139450287775 ) ) ;
#941 = CARTESIAN_POINT ( 'NONE',  ( -24.53480174627641830, 18.88976472217057179, 27.47895099870875413 ) ) ;
#942 = CARTESIAN_POINT ( 'NONE',  ( -19.01284507188463024, 7.298941884571735095, 16.54677427915826726 ) ) ;
#943 = PRODUCT ( 'nozzel V8 (with 10mm hole)', 'nozzel V8 (with 10mm hole)', '', ( #2127 ) ) ;
#944 = VECTOR ( 'NONE', #5076, 1000.000000000000227 ) ;
#945 = CARTESIAN_POINT ( 'NONE',  ( -19.33401361626970427, 7.465847973321758424, 27.87169655370206911 ) ) ;
#946 = DIRECTION ( 'NONE',  ( -1.000000000000000000, 0.000000000000000000, 0.000000000000000000 ) ) ;
#947 = DIRECTION ( 'NONE',  ( 0.000000000000000000, 0.000000000000000000, 1.000000000000000000 ) ) ;
#948 = CARTESIAN_POINT ( 'NONE',  ( -6.117084454437074825, 13.17402400263529039, 22.47895099870554603 ) ) ;
#949 = DIRECTION ( 'NONE',  ( -1.224646799147353207E-16, 1.416282368173845043E-32, 1.000000000000000000 ) ) ;
#950 = CARTESIAN_POINT ( 'NONE',  ( -56.16055193834980486, 1.949860160691343047, 36.92311062228464635 ) ) ;
#951 = ORIENTED_EDGE ( 'NONE', *, *, #2927, .T. ) ;
#952 = EDGE_LOOP ( 'NONE', ( #2616, #2865, #2311 ) ) ;
#953 = CARTESIAN_POINT ( 'NONE',  ( -19.73766708623657706, 5.313861130563235058, 17.11572127827627909 ) ) ;
#954 = CARTESIAN_POINT ( 'NONE',  ( -7.617084454437075713, 18.70538301446029905, 43.80328344576425792 ) ) ;
#955 = CARTESIAN_POINT ( 'NONE',  ( -17.99334576677770769, 11.35859829818627453, 19.00301060072235870 ) ) ;
#956 = CARTESIAN_POINT ( 'NONE',  ( -58.37450110393951519, 15.98815782803314534, 27.47895099870419955 ) ) ;
#957 = EDGE_CURVE ( 'NONE', #1072, #637, #234, .T. ) ;
#958 = CARTESIAN_POINT ( 'NONE',  ( -54.64928053420631215, 31.48819975961744788, 36.53472569091386646 ) ) ;
#959 = ORIENTED_EDGE ( 'NONE', *, *, #4568, .F. ) ;
#960 = CARTESIAN_POINT ( 'NONE',  ( -36.21899402499780507, 24.03307090331910345, 17.47895099870556379 ) ) ;
#961 = ADVANCED_FACE ( 'NONE', ( #797 ), #1714, .T. ) ;
#962 = CARTESIAN_POINT ( 'NONE',  ( -57.24383835927682185, 28.18236612498196436, 8.314019567202144856 ) ) ;
#963 = CARTESIAN_POINT ( 'NONE',  ( -19.71219125389599469, 5.464862971691023752, 17.05843283949089439 ) ) ;
#964 = EDGE_LOOP ( 'NONE', ( #1725, #5141, #4417, #795 ) ) ;
#965 = COORDINATED_UNIVERSAL_TIME_OFFSET ( 8, 0, .BEHIND. ) ;
#966 = CARTESIAN_POINT ( 'NONE',  ( -9.117084454437064167, 0.7381997596173708320, 22.47895099870554603 ) ) ;
#967 = EDGE_CURVE ( 'NONE', #4958, #4792, #5823, .T. ) ;
#968 = CARTESIAN_POINT ( 'NONE',  ( -19.46514624589825360, 11.29137245787938681, 18.89294508377848913 ) ) ;
#969 = CARTESIAN_POINT ( 'NONE',  ( -17.46980863550146879, 11.43067505794473249, 26.96769028281079628 ) ) ;
#970 = AXIS2_PLACEMENT_3D ( 'NONE', #3049, #920, #5847 ) ;
#971 = CARTESIAN_POINT ( 'NONE',  ( -35.25840244913567290, 12.78225160389757598, 27.47895099870356361 ) ) ;
#972 = CARTESIAN_POINT ( 'NONE',  ( -19.33369678368429945, 7.466458010009527690, 17.08622838939321298 ) ) ;
#973 = DIRECTION ( 'NONE',  ( 0.000000000000000000, -0.6022730194593202135, -0.7982901790898804251 ) ) ;
#974 = CARTESIAN_POINT ( 'NONE',  ( -62.96708445443707802, 9.954907637097086592, 26.01039022695080405 ) ) ;
#975 = ADVANCED_BREP_SHAPE_REPRESENTATION ( 'nozzel V8 (with 10mm hole)', ( #3560, #2268 ), #4834 ) ;
#976 = DIRECTION ( 'NONE',  ( 0.000000000000000000, -0.5633810623291185538, -0.8261971790129242210 ) ) ;
#977 = CARTESIAN_POINT ( 'NONE',  ( -19.68487236630244652, 2.767227686946783560, 22.26520250914670385 ) ) ;
#978 = DIRECTION ( 'NONE',  ( 9.157917894056882772E-16, 3.146246606263840161E-17, 1.000000000000000000 ) ) ;
#979 = AXIS2_PLACEMENT_3D ( 'NONE', #5359, #5386, #873 ) ;
#980 = AXIS2_PLACEMENT_3D ( 'NONE', #4615, #3639, #2746 ) ;
#981 = EDGE_CURVE ( 'NONE', #601, #4219, #1784, .T. ) ;
#982 = CARTESIAN_POINT ( 'NONE',  ( -56.45437595298859890, 2.486737333484486001, 37.47895099870587643 ) ) ;
#983 = ORIENTED_EDGE ( 'NONE', *, *, #5388, .T. ) ;
#984 = EDGE_LOOP ( 'NONE', ( #3776, #2768, #5854, #1161, #215 ) ) ;
#985 = DIRECTION ( 'NONE',  ( 1.000000000000000000, 0.000000000000000000, 0.000000000000000000 ) ) ;
#986 = CIRCLE ( 'NONE', #531, 1.249999999999999778 ) ;
#987 = CARTESIAN_POINT ( 'NONE',  ( -8.367084454437057062, 0.4881997596173706655, 22.47895099870554603 ) ) ;
#988 = CARTESIAN_POINT ( 'NONE',  ( -54.82796302891507878, 15.18613734719349395, 7.478950998705546915 ) ) ;
#989 = ADVANCED_FACE ( 'NONE', ( #4361 ), #1752, .F. ) ;
#990 = CARTESIAN_POINT ( 'NONE',  ( -55.82045010702046994, 15.98838280879982143, 17.47895099870710212 ) ) ;
#991 = DIRECTION ( 'NONE',  ( -4.072051880428308236E-17, -1.000000000000000000, -0.000000000000000000 ) ) ;
#992 = ORIENTED_EDGE ( 'NONE', *, *, #4877, .T. ) ;
#993 = EDGE_LOOP ( 'NONE', ( #1563, #898, #3727, #476, #3906, #3507 ) ) ;
#994 = CIRCLE ( 'NONE', #2693, 0.7499999999999945599 ) ;
#995 = CIRCLE ( 'NONE', #4318, 1.250000000000000666 ) ;
#996 = CARTESIAN_POINT ( 'NONE',  ( -47.98465749920845269, 25.98613353081275434, 17.47895099870557445 ) ) ;
#997 = CARTESIAN_POINT ( 'NONE',  ( -50.31583746620117381, 31.48819975961737327, 7.478950998705546915 ) ) ;
#998 = EDGE_CURVE ( 'NONE', #2218, #5665, #2026, .T. ) ;
#999 = CARTESIAN_POINT ( 'NONE',  ( -7.617084454436862551, 30.48819975961737683, 37.47895099870554247 ) ) ;
#1000 = AXIS2_PLACEMENT_3D ( 'NONE', #338, #3961, #5772 ) ;
#1001 = VERTEX_POINT ( 'NONE', #267 ) ;
#1002 = CALENDAR_DATE ( 2026, 30, 5 ) ;
#1003 = CARTESIAN_POINT ( 'NONE',  ( -54.04247292867910346, 31.23750787231623249, 8.979703628347445843 ) ) ;
#1004 = CARTESIAN_POINT ( 'NONE',  ( -19.93868581698833253, 4.952594602618924036, 17.63948003553198163 ) ) ;
#1005 = ORIENTED_EDGE ( 'NONE', *, *, #2525, .T. ) ;
#1006 = CIRCLE ( 'NONE', #723, 0.9250000000000022649 ) ;
#1007 = CARTESIAN_POINT ( 'NONE',  ( -7.617084454436963803, 15.03862836363353139, 22.47895099870554603 ) ) ;
#1008 = EDGE_CURVE ( 'NONE', #1001, #1542, #4781, .T. ) ;
#1009 = DIRECTION ( 'NONE',  ( -1.000000000000000000, -0.000000000000000000, -0.000000000000000000 ) ) ;
#1010 = CARTESIAN_POINT ( 'NONE',  ( -53.80616582549954074, 25.98796360210783973, 17.47895099870361335 ) ) ;
#1011 = DIRECTION ( 'NONE',  ( -1.000000000000000000, 1.156482317317871478E-16, 0.000000000000000000 ) ) ;
#1012 = DIRECTION ( 'NONE',  ( 0.000000000000000000, 0.000000000000000000, -1.000000000000000000 ) ) ;
#1013 = CARTESIAN_POINT ( 'NONE',  ( -62.96708445443706381, 9.012539460718857143, 26.40351515586649356 ) ) ;
#1014 = ADVANCED_FACE ( 'NONE', ( #5723 ), #739, .T. ) ;
#1015 = FACE_OUTER_BOUND ( 'NONE', #30, .T. ) ;
#1016 = CARTESIAN_POINT ( 'NONE',  ( -20.65402680313386341, 11.98429419412118868, 19.75638749761149526 ) ) ;
#1017 = CARTESIAN_POINT ( 'NONE',  ( -20.36569588417052401, 7.495060419097529625, 17.48457226338704729 ) ) ;
#1018 = CARTESIAN_POINT ( 'NONE',  ( 0.8850644013730420978, 13.36345680993839125, 22.47895099870554603 ) ) ;
#1019 = ORIENTED_EDGE ( 'NONE', *, *, #2301, .T. ) ;
#1020 = ORIENTED_EDGE ( 'NONE', *, *, #967, .F. ) ;
#1021 = FACE_OUTER_BOUND ( 'NONE', #168, .T. ) ;
#1022 = CARTESIAN_POINT ( 'NONE',  ( -7.617084454437068608, 10.42885281426417166, 22.47895099870554603 ) ) ;
#1023 = CARTESIAN_POINT ( 'NONE',  ( -47.71350279509915282, 15.98723345079319103, 17.47895099870513747 ) ) ;
#1024 = CARTESIAN_POINT ( 'NONE',  ( -55.03575712164246170, 31.45459105507498165, 36.58882106505441101 ) ) ;
#1025 = ORIENTED_EDGE ( 'NONE', *, *, #5176, .F. ) ;
#1026 = CARTESIAN_POINT ( 'NONE',  ( -48.71142503236998778, 15.98746122329254860, 17.47895099870557445 ) ) ;
#1027 = CARTESIAN_POINT ( 'NONE',  ( -4.367084941882426463, 1.337944250313412464, 22.47895099870554603 ) ) ;
#1028 = ORIENTED_EDGE ( 'NONE', *, *, #3904, .F. ) ;
#1029 = CALENDAR_DATE ( 2026, 30, 5 ) ;
#1030 = CARTESIAN_POINT ( 'NONE',  ( -55.65232987540296250, 30.66484671453108035, 8.934997675321961097 ) ) ;
#1031 = ORIENTED_EDGE ( 'NONE', *, *, #3351, .T. ) ;
#1032 = CARTESIAN_POINT ( 'NONE',  ( -7.617084454437065943, 30.48819975961736972, 22.47895099870554603 ) ) ;
#1033 = CARTESIAN_POINT ( 'NONE',  ( -19.65969940225391710, 7.630763128843541132, 17.47467708228873562 ) ) ;
#1034 = CARTESIAN_POINT ( 'NONE',  ( -47.13375830144983070, 25.99454548223689443, 27.47895099870644486 ) ) ;
#1035 = CARTESIAN_POINT ( 'NONE',  ( -19.86986492834585860, 5.690868939534255766, 17.32475053482370697 ) ) ;
#1036 = EDGE_CURVE ( 'NONE', #4141, #842, #4410, .T. ) ;
#1037 = CARTESIAN_POINT ( 'NONE',  ( -59.41331037690943617, 8.459701100969681420, 36.74865032395431541 ) ) ;
#1038 =( BOUNDED_SURFACE ( )  B_SPLINE_SURFACE ( 3, 2, ( 
 ( #1460, #5091, #749 ),
 ( #1635, #2969, #5288 ),
 ( #4308, #4779, #1578 ),
 ( #3023, #3277, #3832 ),
 ( #4341, #3888, #2942 ),
 ( #1103, #5204, #4811 ) ),
 .UNSPECIFIED., .F., .F., .F. ) 
 B_SPLINE_SURFACE_WITH_KNOTS ( ( 4, 2, 4 ),
 ( 3, 3 ),
 ( 0.000000000000000000, 0.002265725464272952665, 0.004531450928545905331 ),
 ( 0.000000000000000000, 1.000000000000000000 ),
 .UNSPECIFIED. ) 
 GEOMETRIC_REPRESENTATION_ITEM ( )  RATIONAL_B_SPLINE_SURFACE ( (
 ( 1.000000000000000000, 0.8430069991998363488, 1.000000000000000000),
 ( 1.000000000000000000, 0.8583129501479326295, 1.000000000000000000),
 ( 1.000000000000000000, 0.8699398688453904294, 1.000000000000000000),
 ( 1.000000000000000000, 0.8846823904597961308, 1.000000000000000000),
 ( 1.000000000000000000, 0.8873009012719803579, 1.000000000000000000),
 ( 1.000000000000000000, 0.8858398280080360676, 1.000000000000000000) ) ) 
 REPRESENTATION_ITEM ( '' )  SURFACE ( )  );
#1039 = CARTESIAN_POINT ( 'NONE',  ( -20.95231379922082482, 12.72324474237868053, 21.49271617756176056 ) ) ;
#1040 = CARTESIAN_POINT ( 'NONE',  ( -20.82336580772782497, 6.331288688358230665, 17.68619406115911374 ) ) ;
#1041 = PLANE ( 'NONE',  #2109 ) ;
#1042 = VERTEX_POINT ( 'NONE', #4295 ) ;
#1043 = ORIENTED_EDGE ( 'NONE', *, *, #3423, .F. ) ;
#1044 = CIRCLE ( 'NONE', #936, 10.00000000000000000 ) ;
#1045 = CARTESIAN_POINT ( 'NONE',  ( -33.29389487463964059, 14.77548979564685006, 44.01039022695080405 ) ) ;
#1046 = CARTESIAN_POINT ( 'NONE',  ( -20.87918753795994320, 6.036149710009621749, 27.15991037324626589 ) ) ;
#1047 = CARTESIAN_POINT ( 'NONE',  ( -18.26995676659065637, 12.41674130448627622, 20.51049316931102950 ) ) ;
#1048 = CARTESIAN_POINT ( 'NONE',  ( -44.96708445443707802, 0.4881997596173706655, 26.01039022695080405 ) ) ;
#1049 = CARTESIAN_POINT ( 'NONE',  ( -18.86420365833106061, 3.320345069828367635, 24.68059178988901792 ) ) ;
#1050 = VERTEX_POINT ( 'NONE', #293 ) ;
#1051 = ORIENTED_EDGE ( 'NONE', *, *, #2484, .F. ) ;
#1052 = CARTESIAN_POINT ( 'NONE',  ( -61.96655505414517506, 25.98818860268061215, 17.47895099870732238 ) ) ;
#1053 = CARTESIAN_POINT ( 'NONE',  ( -52.47217527164335138, 31.40822355667781451, 8.655261649592107531 ) ) ;
#1054 = CARTESIAN_POINT ( 'NONE',  ( -59.75279874015136983, 4.488199759617370610, 11.15130690218371612 ) ) ;
#1055 = ORIENTED_EDGE ( 'NONE', *, *, #5100, .F. ) ;
#1056 = CARTESIAN_POINT ( 'NONE',  ( -18.65820825519063675, 7.967843246968969950, 16.57410676210026068 ) ) ;
#1057 = ADVANCED_FACE ( 'NONE', ( #3406 ), #5541, .T. ) ;
#1058 = ORIENTED_EDGE ( 'NONE', *, *, #2403, .F. ) ;
#1059 = DIRECTION ( 'NONE',  ( -1.051347561198064835E-16, 1.000000000000000000, 7.341520781122565208E-31 ) ) ;
#1060 = CARTESIAN_POINT ( 'NONE',  ( -62.96708445443707802, 27.48819975961736972, 22.47895099870554603 ) ) ;
#1061 = CARTESIAN_POINT ( 'NONE',  ( -27.24319397036124712, 20.07329063461187957, 17.47895099870286728 ) ) ;
#1062 = EDGE_CURVE ( 'NONE', #5713, #1731, #2986, .T. ) ;
#1063 = CARTESIAN_POINT ( 'NONE',  ( -56.46708445443707802, 0.4881997596173706655, 13.43255253399390270 ) ) ;
#1064 = CARTESIAN_POINT ( 'NONE',  ( -19.90118567667623140, 5.474427079564229359, 17.40213399050368537 ) ) ;
#1065 = CIRCLE ( 'NONE', #3914, 3.142880749387686468 ) ;
#1066 = CARTESIAN_POINT ( 'NONE',  ( -60.09178333219188772, 10.16077756605017512, 35.76966715343041159 ) ) ;
#1067 = CARTESIAN_POINT ( 'NONE',  ( -60.78290556943560574, 1.396609597284833360, 12.80091841246993845 ) ) ;
#1068 = CARTESIAN_POINT ( 'NONE',  ( -62.96708517744928457, 6.137282113898937297, 26.30011771009097288 ) ) ;
#1069 = DIRECTION ( 'NONE',  ( 1.156482317317871478E-16, 1.000000000000000000, -0.000000000000000000 ) ) ;
#1070 = CIRCLE ( 'NONE', #3245, 3.249999999999994227 ) ;
#1071 = ORIENTED_EDGE ( 'NONE', *, *, #189, .T. ) ;
#1072 = VERTEX_POINT ( 'NONE', #1149 ) ;
#1073 = CARTESIAN_POINT ( 'NONE',  ( -7.824191235623621843, 12.06748497057090219, 44.01039022695080405 ) ) ;
#1074 = DIRECTION ( 'NONE',  ( 1.000000000000000000, 0.000000000000000000, 0.000000000000000000 ) ) ;
#1075 = AXIS2_PLACEMENT_3D ( 'NONE', #5629, #1558, #587 ) ;
#1076 = CARTESIAN_POINT ( 'NONE',  ( -17.71217979308366708, 12.82754916359719388, 22.10152089186624380 ) ) ;
#1077 = CARTESIAN_POINT ( 'NONE',  ( -36.30273867581950498, 13.26307810244466090, 27.47895099870555669 ) ) ;
#1078 = DIRECTION ( 'NONE',  ( 1.000000000000000000, 0.000000000000000000, 9.912705577010326536E-16 ) ) ;
#1079 = VERTEX_POINT ( 'NONE', #1352 ) ;
#1080 = ADVANCED_FACE ( 'NONE', ( #2203 ), #2605, .F. ) ;
#1081 = ORIENTED_EDGE ( 'NONE', *, *, #4381, .T. ) ;
#1082 = CARTESIAN_POINT ( 'NONE',  ( -34.79447726489160431, 23.48237869078972651, 17.47895099870555313 ) ) ;
#1083 = CARTESIAN_POINT ( 'NONE',  ( -50.31583746620116671, 31.48819975961736972, 8.478950998705547804 ) ) ;
#1084 = CARTESIAN_POINT ( 'NONE',  ( -20.87918753796034821, 6.036149710009560465, 17.79799162416420799 ) ) ;
#1085 = EDGE_LOOP ( 'NONE', ( #2734, #456, #2281, #3396, #3756, #5038, #185, #5187, #562, #3288, #3181, #5511, #3072, #4921, #4949 ) ) ;
#1086 = CARTESIAN_POINT ( 'NONE',  ( -17.48779596960936900, 11.27044416186716447, 17.84411862608406452 ) ) ;
#1087 = AXIS2_PLACEMENT_3D ( 'NONE', #5333, #1627, #5667 ) ;
#1088 = CIRCLE ( 'NONE', #1840, 11.50000000000000000 ) ;
#1089 = ORIENTED_EDGE ( 'NONE', *, *, #1036, .T. ) ;
#1090 = DIRECTION ( 'NONE',  ( -1.000000000000000000, 1.277052605861873521E-16, 0.000000000000000000 ) ) ;
#1091 = CARTESIAN_POINT ( 'NONE',  ( -7.617084454437068608, 31.48659911910486287, 22.47895099870554603 ) ) ;
#1092 = AXIS2_PLACEMENT_3D ( 'NONE', #4483, #2192, #5797 ) ;
#1093 = CARTESIAN_POINT ( 'NONE',  ( -61.96609496189014976, 5.988188602680180495, 17.47895099870732238 ) ) ;
#1094 = CARTESIAN_POINT ( 'NONE',  ( -56.64504276559505769, 10.70660124815805858, 37.47895099870588353 ) ) ;
#1095 = DIRECTION ( 'NONE',  ( -1.000000000000000000, -1.051347561198064835E-16, -0.000000000000000000 ) ) ;
#1096 = CARTESIAN_POINT ( 'NONE',  ( -4.474203705049380808, 0.6171992533958622351, 28.76471249748091807 ) ) ;
#1097 = CIRCLE ( 'NONE', #4505, 4.000000000000003553 ) ;
#1098 = CIRCLE ( 'NONE', #4421, 1.249999999999999778 ) ;
#1099 = FACE_OUTER_BOUND ( 'NONE', #318, .T. ) ;
#1100 = CARTESIAN_POINT ( 'NONE',  ( -62.53103791657343891, 15.98819686762615788, 17.47895099870623525 ) ) ;
#1101 = CARTESIAN_POINT ( 'NONE',  ( -21.52334899739880569, 5.541365358992298873, 16.20956484947869924 ) ) ;
#1102 = DIRECTION ( 'NONE',  ( 0.000000000000000000, 0.000000000000000000, -1.000000000000000000 ) ) ;
#1103 = CARTESIAN_POINT ( 'NONE',  ( -17.48779596960936544, 11.27044416186716269, 17.84411862608406452 ) ) ;
#1104 = FACE_OUTER_BOUND ( 'NONE', #397, .T. ) ;
#1105 = ORIENTED_EDGE ( 'NONE', *, *, #1062, .T. ) ;
#1106 = ORIENTED_EDGE ( 'NONE', *, *, #2257, .F. ) ;
#1107 = CARTESIAN_POINT ( 'NONE',  ( -19.59351089100583820, 3.250302529313370936, 20.35092332836928719 ) ) ;
#1108 = CARTESIAN_POINT ( 'NONE',  ( -58.99016875774417201, 0.9869716334526168477, 15.04780180655073707 ) ) ;
#1109 = CARTESIAN_POINT ( 'NONE',  ( -17.75038509752416971, 12.04851806590115793, 25.12236473361714317 ) ) ;
#1110 = CARTESIAN_POINT ( 'NONE',  ( -23.05886941644278920, 7.990175306891611484, 27.47895099870235569 ) ) ;
#1111 = CARTESIAN_POINT ( 'NONE',  ( -19.59356418521219823, 3.250372039986618500, 24.60698150771088777 ) ) ;
#1112 = EDGE_LOOP ( 'NONE', ( #16, #5560, #3869, #2538, #1028 ) ) ;
#1113 = EDGE_CURVE ( 'NONE', #2217, #2103, #794, .T. ) ;
#1114 = ORIENTED_EDGE ( 'NONE', *, *, #2818, .T. ) ;
#1115 = CARTESIAN_POINT ( 'NONE',  ( -46.79566492484996587, 5.997109865429500530, 27.47895099870644486 ) ) ;
#1116 = CARTESIAN_POINT ( 'NONE',  ( -62.95988142100090812, 6.640037431699626680, 18.74134793736139315 ) ) ;
#1117 = EDGE_CURVE ( 'NONE', #396, #2045, #2507, .T. ) ;
#1118 = DIRECTION ( 'NONE',  ( 0.000000000000000000, 1.000000000000000000, 0.000000000000000000 ) ) ;
#1119 = CARTESIAN_POINT ( 'NONE',  ( -58.51269078334765794, 6.988199759617369722, 37.47895099870591196 ) ) ;
#1120 = ORIENTED_EDGE ( 'NONE', *, *, #2669, .F. ) ;
#1121 = DIRECTION ( 'NONE',  ( 0.000000000000000000, 0.000000000000000000, 1.000000000000000000 ) ) ;
#1122 = CARTESIAN_POINT ( 'NONE',  ( -18.77401826686953612, 8.704503072099193162, 17.27225325089323249 ) ) ;
#1123 = CARTESIAN_POINT ( 'NONE',  ( -61.96632500801765531, 15.98818860268039543, 17.47895099870732594 ) ) ;
#1124 = CARTESIAN_POINT ( 'NONE',  ( -57.42728031752778151, 9.400264924276505951, 37.47895099870589775 ) ) ;
#1125 = DIRECTION ( 'NONE',  ( 0.000000000000000000, 0.000000000000000000, -1.000000000000000000 ) ) ;
#1126 = LINE ( 'NONE', #2520, #5715 ) ;
#1127 = CARTESIAN_POINT ( 'NONE',  ( -60.32229838184502313, 10.75982157755263380, 35.40280726086194107 ) ) ;
#1128 = FACE_OUTER_BOUND ( 'NONE', #5568, .T. ) ;
#1129 = CARTESIAN_POINT ( 'NONE',  ( -47.71350279509042025, 15.98723345079319103, 27.47895099870513747 ) ) ;
#1130 = FACE_OUTER_BOUND ( 'NONE', #952, .T. ) ;
#1131 = CARTESIAN_POINT ( 'NONE',  ( -7.617084454437068608, 18.07215344027290271, 22.47895099870554603 ) ) ;
#1132 = CARTESIAN_POINT ( 'NONE',  ( -9.117084454437060614, 13.17402400263529039, 22.47895099870554603 ) ) ;
#1133 = ORIENTED_EDGE ( 'NONE', *, *, #2874, .F. ) ;
#1134 = CC_DESIGN_PERSON_AND_ORGANIZATION_ASSIGNMENT ( #144, #4177, ( #5866 ) ) ;
#1135 = EDGE_LOOP ( 'NONE', ( #3985, #4032, #4544, #5469, #3460 ) ) ;
#1136 = CARTESIAN_POINT ( 'NONE',  ( -12.82963198916899472, 9.534718448700353122, 22.47895099870554603 ) ) ;
#1137 = CARTESIAN_POINT ( 'NONE',  ( -57.64535690733737283, 10.26383931441252706, 8.639533499670111638 ) ) ;
#1138 = CARTESIAN_POINT ( 'NONE',  ( -49.72725623369793624, 1.488199759617370610, 36.47895099870583380 ) ) ;
#1139 = ADVANCED_FACE ( 'NONE', ( #3191 ), #5420, .T. ) ;
#1140 = CARTESIAN_POINT ( 'NONE',  ( -50.31583746620116671, 30.74999914741652773, 7.478950998705547804 ) ) ;
#1141 = ORIENTED_EDGE ( 'NONE', *, *, #2332, .F. ) ;
#1142 = ORIENTED_EDGE ( 'NONE', *, *, #1891, .F. ) ;
#1143 = CARTESIAN_POINT ( 'NONE',  ( -45.84218377132004463, 5.977713064518594521, 17.47895099870556379 ) ) ;
#1144 = CARTESIAN_POINT ( 'NONE',  ( -56.21661278867832578, 28.65306634259072638, 7.478950998705615305 ) ) ;
#1145 = CARTESIAN_POINT ( 'NONE',  ( -57.16448675190128625, 3.926924461222653928, 8.222523526153153739 ) ) ;
#1146 = CARTESIAN_POINT ( 'NONE',  ( -19.33417205323429400, 7.465542960301393194, 17.08619401073071131 ) ) ;
#1147 = ORIENTED_EDGE ( 'NONE', *, *, #4253, .F. ) ;
#1148 = CARTESIAN_POINT ( 'NONE',  ( -7.617084454436963803, 15.03862836363353139, 22.47895099870554603 ) ) ;
#1149 = CARTESIAN_POINT ( 'NONE',  ( -7.617084454437065943, 1.488199759617370610, 37.47895099870564906 ) ) ;
#1150 = DIRECTION ( 'NONE',  ( 1.156482317317871478E-16, 1.000000000000000000, -0.000000000000000000 ) ) ;
#1151 = CARTESIAN_POINT ( 'NONE',  ( -7.617084454436963803, 27.92363538815188662, 3.440683402141226477 ) ) ;
#1152 = LINE ( 'NONE', #207, #3343 ) ;
#1153 = ADVANCED_FACE ( 'NONE', ( #5392 ), #2719, .T. ) ;
#1154 = CARTESIAN_POINT ( 'NONE',  ( -60.08245618885930384, 10.13834187570302348, 35.78410882103578672 ) ) ;
#1155 = CARTESIAN_POINT ( 'NONE',  ( -20.80924068308150865, 12.26269069344885665, 24.74041225306275038 ) ) ;
#1156 = CARTESIAN_POINT ( 'NONE',  ( -20.20285885872965537, 7.769247930703385485, 27.47895099870528668 ) ) ;
#1157 = CYLINDRICAL_SURFACE ( 'NONE', #4832, 18.00000000000000000 ) ;
#1158 = FACE_OUTER_BOUND ( 'NONE', #20, .T. ) ;
#1159 = CARTESIAN_POINT ( 'NONE',  ( -8.117084454437074825, 12.56748497057090574, 0.000000000000000000 ) ) ;
#1160 = EDGE_LOOP ( 'NONE', ( #3494, #4343, #5768, #1277, #3764 ) ) ;
#1161 = ORIENTED_EDGE ( 'NONE', *, *, #5184, .F. ) ;
#1162 = TOROIDAL_SURFACE ( 'NONE', #2104, 10.18785444711215149, 5.099999999999998757 ) ;
#1163 = DIRECTION ( 'NONE',  ( 1.000000000000000000, 0.000000000000000000, 0.000000000000000000 ) ) ;
#1164 = EDGE_CURVE ( 'NONE', #4312, #4841, #5356, .T. ) ;
#1165 = CARTESIAN_POINT ( 'NONE',  ( -17.69175832736941700, 12.83874162106359051, 22.67114253405537028 ) ) ;
#1166 = CARTESIAN_POINT ( 'NONE',  ( -11.69770408663953454, 31.48659911910486287, 22.47895099870557445 ) ) ;
#1167 = CARTESIAN_POINT ( 'NONE',  ( -19.88364860576830750, 4.664142254864591663, 17.75238490036673511 ) ) ;
#1168 = EDGE_LOOP ( 'NONE', ( #1896, #2504, #1195, #1369 ) ) ;
#1169 = B_SPLINE_CURVE_WITH_KNOTS ( 'NONE', 3,
 ( #5112, #2370, #4186, #1419, #2430, #122, #2398, #542, #3744, #1392 ),
 .UNSPECIFIED., .F., .F.,
 ( 4, 2, 2, 2, 4 ),
 ( 0.003913473220063914786, 0.004890942299992943366, 0.005868411379921971080, 0.006845880459850999661, 0.007823349539780028242 ),
 .UNSPECIFIED. ) ;
#1170 = VERTEX_POINT ( 'NONE', #4084 ) ;
#1171 = CARTESIAN_POINT ( 'NONE',  ( -22.09684589299288504, -2.324985331566420843, 17.47895099870553182 ) ) ;
#1172 = ADVANCED_FACE ( 'NONE', ( #3160 ), #4000, .T. ) ;
#1173 = CARTESIAN_POINT ( 'NONE',  ( -62.91457857401772458, 6.149207545111404549, 18.96920292852009027 ) ) ;
#1174 = CARTESIAN_POINT ( 'NONE',  ( -17.62533114800620737, 10.65210416424455708, 17.42541328032631398 ) ) ;
#1175 = ORIENTED_EDGE ( 'NONE', *, *, #3983, .T. ) ;
#1176 = CARTESIAN_POINT ( 'NONE',  ( -59.13956751899814890, 12.21033986712893160, 37.47895099870589775 ) ) ;
#1177 = EDGE_CURVE ( 'NONE', #1516, #1001, #2512, .T. ) ;
#1178 = CARTESIAN_POINT ( 'NONE',  ( -62.91964007572510553, 17.28841621896651404, 27.31801358872930408 ) ) ;
#1179 = DIRECTION ( 'NONE',  ( -1.000000000000000000, 1.156482317317871478E-16, 0.000000000000000000 ) ) ;
#1180 = AXIS2_PLACEMENT_3D ( 'NONE', #5376, #3118, #1409 ) ;
#1181 = FACE_OUTER_BOUND ( 'NONE', #5326, .T. ) ;
#1182 = CARTESIAN_POINT ( 'NONE',  ( -34.31889487463964628, 14.77548979564685006, 44.11039022695080547 ) ) ;
#1183 = EDGE_CURVE ( 'NONE', #4467, #5837, #2312, .T. ) ;
#1184 = AXIS2_PLACEMENT_3D ( 'NONE', #4394, #5285, #1271 ) ;
#1185 = CARTESIAN_POINT ( 'NONE',  ( -60.33349128251920490, 10.79232810058625525, 35.38447921231853854 ) ) ;
#1186 = CARTESIAN_POINT ( 'NONE',  ( -62.96708445443714908, 20.75243234013436222, 20.85715586694935908 ) ) ;
#1187 = EDGE_CURVE ( 'NONE', #1581, #5175, #522, .T. ) ;
#1188 = DIRECTION ( 'NONE',  ( 1.156482317317871478E-16, 1.000000000000000000, -0.000000000000000000 ) ) ;
#1189 = CARTESIAN_POINT ( 'NONE',  ( -7.617084454437074825, 0.000000000000000000, 0.000000000000000000 ) ) ;
#1190 = LINE ( 'NONE', #4279, #3440 ) ;
#1191 = CIRCLE ( 'NONE', #1287, 18.00000000000000000 ) ;
#1192 = CONICAL_SURFACE ( 'NONE', #51, 8.502148855810109040, 1.133756450127758386 ) ;
#1193 = CARTESIAN_POINT ( 'NONE',  ( -62.96708445443707802, 27.48819975961737327, 21.41691224532954863 ) ) ;
#1194 = EDGE_LOOP ( 'NONE', ( #4150, #4758, #4633, #4459, #4580, #5305, #3316, #3334 ) ) ;
#1195 = ORIENTED_EDGE ( 'NONE', *, *, #4767, .T. ) ;
#1196 = CARTESIAN_POINT ( 'NONE',  ( -1.415973459550576408, 0.4881997596173706655, 36.47895099870549984 ) ) ;
#1197 = CARTESIAN_POINT ( 'NONE',  ( -54.82796302891508589, 3.634858237603856068, 7.478950998705546915 ) ) ;
#1198 = CARTESIAN_POINT ( 'NONE',  ( -19.11403046959433283, 10.94468638573825992, 26.28080797662110513 ) ) ;
#1199 = CARTESIAN_POINT ( 'NONE',  ( -5.036914989564456491, 15.06819975961737690, 22.47895099870554603 ) ) ;
#1200 = VERTEX_POINT ( 'NONE', #3637 ) ;
#1201 = ORIENTED_EDGE ( 'NONE', *, *, #1625, .F. ) ;
#1202 = CARTESIAN_POINT ( 'NONE',  ( -47.62570817832499159, 5.987582170307991447, 27.47895099870514102 ) ) ;
#1203 = CARTESIAN_POINT ( 'NONE',  ( -55.21541152372719097, 27.66180250810716856, 7.478950998705546027 ) ) ;
#1204 = CARTESIAN_POINT ( 'NONE',  ( -19.78199322273158955, 5.543137965998086614, 27.74371374067052543 ) ) ;
#1205 = CARTESIAN_POINT ( 'NONE',  ( -19.33321263765264320, 2.936458159522969513, 22.97951167518663240 ) ) ;
#1206 = ORIENTED_EDGE ( 'NONE', *, *, #3761, .T. ) ;
#1207 = CARTESIAN_POINT ( 'NONE',  ( -59.13956751899814890, 12.32144923111858148, 37.47895099870589775 ) ) ;
#1208 = CARTESIAN_POINT ( 'NONE',  ( -19.42191930993030979, 3.061782436409694608, 23.90939027086936974 ) ) ;
#1209 = CARTESIAN_POINT ( 'NONE',  ( -19.11403046959427243, 10.94468638573824570, 26.28080797662110157 ) ) ;
#1210 = FACE_OUTER_BOUND ( 'NONE', #71, .T. ) ;
#1211 = CARTESIAN_POINT ( 'NONE',  ( -7.617084454437068608, 9.534718448700353122, 22.47895099870554603 ) ) ;
#1212 = FACE_OUTER_BOUND ( 'NONE', #3861, .T. ) ;
#1213 = CARTESIAN_POINT ( 'NONE',  ( -62.30287802058835211, 5.447153197464790431, 16.52013362543297603 ) ) ;
#1214 = CARTESIAN_POINT ( 'NONE',  ( -7.617084454437065943, 0.4881997596173706655, 22.47895099870554603 ) ) ;
#1215 = DIRECTION ( 'NONE',  ( 1.156482317317871478E-16, 1.000000000000000000, -0.000000000000000000 ) ) ;
#1216 = CARTESIAN_POINT ( 'NONE',  ( -20.05593698079145071, 5.812314155713742103, 27.41668827414040166 ) ) ;
#1217 = ORIENTED_EDGE ( 'NONE', *, *, #319, .F. ) ;
#1218 = ORIENTED_EDGE ( 'NONE', *, *, #289, .T. ) ;
#1219 = CARTESIAN_POINT ( 'NONE',  ( -62.86952207509395407, 11.93995928976737986, 19.53485025688044274 ) ) ;
#1220 = CARTESIAN_POINT ( 'NONE',  ( -20.22720269320461028, 5.937643909772096329, 27.13641036637260129 ) ) ;
#1221 = CARTESIAN_POINT ( 'NONE',  ( -56.24350771458966136, 18.91248979564684873, 37.47895099870564906 ) ) ;
#1222 = CARTESIAN_POINT ( 'NONE',  ( -49.72725623369792913, 0.4881997596173704435, 37.47895099870584090 ) ) ;
#1223 = ORIENTED_EDGE ( 'NONE', *, *, #798, .F. ) ;
#1224 = ORIENTED_EDGE ( 'NONE', *, *, #2472, .T. ) ;
#1225 = CARTESIAN_POINT ( 'NONE',  ( -35.61174035380071246, 1.904029178130667299, 27.47895099870288149 ) ) ;
#1226 = CARTESIAN_POINT ( 'NONE',  ( -54.19975287386458973, 28.84482857103106568, 7.478950998705546915 ) ) ;
#1227 = CIRCLE ( 'NONE', #3, 11.25415996464414725 ) ;
#1228 = DIRECTION ( 'NONE',  ( -0.000000000000000000, -0.000000000000000000, 1.000000000000000000 ) ) ;
#1229 = CARTESIAN_POINT ( 'NONE',  ( -18.95688127113981380, 3.313861130563235946, 22.20899977882576692 ) ) ;
#1230 = VERTEX_POINT ( 'NONE', #2744 ) ;
#1231 = DIRECTION ( 'NONE',  ( 0.000000000000000000, 1.000000000000000000, 0.000000000000000000 ) ) ;
#1232 = CARTESIAN_POINT ( 'NONE',  ( -7.617084454437065943, 0.4881997596173706655, 37.47895099870564906 ) ) ;
#1233 = CARTESIAN_POINT ( 'NONE',  ( -18.72252803949329447, 11.86461973042414364, 25.37087354245596771 ) ) ;
#1234 = ADVANCED_FACE ( 'NONE', ( #4554 ), #2290, .T. ) ;
#1235 = CARTESIAN_POINT ( 'NONE',  ( -19.24957089205606664, 3.453713779778946780, 25.38052435406902418 ) ) ;
#1236 = DIRECTION ( 'NONE',  ( -1.051347561198064835E-16, 1.000000000000000000, 7.341520781122565208E-31 ) ) ;
#1237 = B_SPLINE_CURVE_WITH_KNOTS ( 'NONE', 3,
 ( #1813, #4015, #422, #4905, #1311, #479, #3658, #1729, #4097, #3121, #2225, #5822, #3539, #810, #3092, #454, #34, #838 ),
 .UNSPECIFIED., .F., .F.,
 ( 4, 2, 2, 2, 2, 2, 2, 2, 4 ),
 ( 0.000000000000000000, 0.001426425433954002769, 0.002852850867908005537, 0.003566063584885006705, 0.004279276301862007005, 0.005705701735815991993, 0.007132127169769976981, 0.008558552603723961968, 0.01141140347163193021 ),
 .UNSPECIFIED. ) ;
#1238 = EDGE_CURVE ( 'NONE', #1779, #3868, #247, .T. ) ;
#1239 = DIRECTION ( 'NONE',  ( 0.000000000000000000, 0.000000000000000000, -1.000000000000000000 ) ) ;
#1240 = DIRECTION ( 'NONE',  ( -1.000000000000000000, 0.000000000000000000, 0.000000000000000000 ) ) ;
#1241 = CARTESIAN_POINT ( 'NONE',  ( -19.54179089477396047, 6.127332413033929726, 28.19336079023407748 ) ) ;
#1242 = CARTESIAN_POINT ( 'NONE',  ( -52.11386036428284996, 30.10122816459029949, 7.478950998705546915 ) ) ;
#1243 = VERTEX_POINT ( 'NONE', #3670 ) ;
#1244 = ORIENTED_EDGE ( 'NONE', *, *, #5859, .T. ) ;
#1245 = DIRECTION ( 'NONE',  ( -1.000000000000000000, 1.156482317317871478E-16, 0.000000000000000000 ) ) ;
#1246 = DIRECTION ( 'NONE',  ( -1.000000000000000000, -1.051347561198064835E-16, 0.000000000000000000 ) ) ;
#1247 = CARTESIAN_POINT ( 'NONE',  ( -19.89009891931853247, 5.545765157421576497, 27.58307347353117578 ) ) ;
#1248 = DIRECTION ( 'NONE',  ( -1.051347561198064835E-16, 1.000000000000000000, 7.341520781122565208E-31 ) ) ;
#1249 = CARTESIAN_POINT ( 'NONE',  ( -19.35697979792700352, 8.143946803550145219, 27.58314299727520691 ) ) ;
#1250 = ORIENTED_EDGE ( 'NONE', *, *, #1891, .T. ) ;
#1251 = ORIENTED_EDGE ( 'NONE', *, *, #2601, .T. ) ;
#1252 = ADVANCED_FACE ( 'NONE', ( #5479 ), #1403, .T. ) ;
#1253 = B_SPLINE_CURVE_WITH_KNOTS ( 'NONE', 3,
 ( #4138, #1346, #906, #329, #5232, #661 ),
 .UNSPECIFIED., .F., .F.,
 ( 4, 2, 4 ),
 ( 0.000000000000000000, 0.0006487823242076523524, 0.001297564648415304705 ),
 .UNSPECIFIED. ) ;
#1254 = DIRECTION ( 'NONE',  ( -1.000000000000000000, 1.156482317317871478E-16, 0.000000000000000000 ) ) ;
#1255 = CIRCLE ( 'NONE', #2288, 10.90470618302277472 ) ;
#1256 = CARTESIAN_POINT ( 'NONE',  ( -20.21740610443545094, 4.706439508052480569, 18.51055449957852517 ) ) ;
#1257 = CARTESIAN_POINT ( 'NONE',  ( -21.23631761609745539, 7.710491719078480521, 17.47895099870553537 ) ) ;
#1258 = DIRECTION ( 'NONE',  ( -1.000000000000000000, 1.156482317317871478E-16, 0.000000000000000000 ) ) ;
#1259 = EDGE_CURVE ( 'NONE', #5192, #4792, #3654, .T. ) ;
#1260 = CARTESIAN_POINT ( 'NONE',  ( -10.86708396699171253, 1.337944250313413352, 22.47895099870554603 ) ) ;
#1261 = ORIENTED_EDGE ( 'NONE', *, *, #2213, .T. ) ;
#1262 = VECTOR ( 'NONE', #3802, 1000.000000000000000 ) ;
#1263 = CARTESIAN_POINT ( 'NONE',  ( -36.30273867581950498, 13.26307810244466090, 27.47895099870555669 ) ) ;
#1264 = CARTESIAN_POINT ( 'NONE',  ( -17.63981065253623726, 10.64342039778543736, 27.50383893315241579 ) ) ;
#1265 =( BOUNDED_SURFACE ( )  B_SPLINE_SURFACE ( 2, 3, ( 
 ( #3344, #1912, #3704, #4266, #4621, #4709, #651, #3820, #3222, #5041, #3255, #532, #2333, #5072, #2811, #563 ),
 ( #2360, #112, #677, #2028, #1684, #5754, #2574, #2931, #738, #3908, #3015, #5248, #1654, #1176, #4826, #1207 ),
 ( #4360, #3973, #2989, #4294, #351, #766, #2544, #292, #3405, #4418, #2088, #4388, #708, #5722, #3377, #3877 ) ),
 .UNSPECIFIED., .F., .F., .T. ) 
 B_SPLINE_SURFACE_WITH_KNOTS ( ( 3, 3 ),
 ( 4, 2, 2, 2, 2, 2, 2, 4 ),
 ( 0.000000000000000000, 1.000000000000000000 ),
 ( -0.005079285210953534378, -0.003745972843078231550, -0.002412660475202928721, -0.001079348107327625893, -0.0004126919233899745869, -7.936383142114893400E-05, 8.730021456326389246E-05, 0.0002539642605476767189 ),
 .UNSPECIFIED. ) 
 GEOMETRIC_REPRESENTATION_ITEM ( )  RATIONAL_B_SPLINE_SURFACE ( (
 ( 1.000000000000000000, 1.000000000000000000, 1.000000000000000000, 1.000000000000000000, 1.000000000000000000, 1.000000000000000000, 1.000000000000000000, 1.000000000000000000, 1.000000000000000000, 1.000000000000000000, 1.000000000000000000, 1.000000000000000000, 1.000000000000000000, 1.000000000000000000, 1.000000000000000000, 1.000000000000000000),
 ( 0.8988319343615258639, 0.8988196913180060976, 0.8971409655852781162, 0.8915658273860732619, 0.8876161943406081223, 0.8788356984452815324, 0.8739628221239108541, 0.8685081710216987494, 0.8670227453063088507, 0.8657262404263830202, 0.8654494707262130326, 0.8653142937324856954, 0.8653269895904399656, 0.8653269895904399656, 0.8653269895904399656, 0.8653269895904399656),
 ( 1.000000000000000000, 1.000000000000000000, 1.000000000000000000, 1.000000000000000000, 1.000000000000000000, 1.000000000000000000, 1.000000000000000000, 1.000000000000000000, 1.000000000000000000, 1.000000000000000000, 1.000000000000000000, 1.000000000000000000, 1.000000000000000000, 1.000000000000000000, 1.000000000000000000, 1.000000000000000000) ) ) 
 REPRESENTATION_ITEM ( '' )  SURFACE ( )  );
#1266 = VECTOR ( 'NONE', #1228, 1000.000000000000000 ) ;
#1267 = CARTESIAN_POINT ( 'NONE',  ( -7.617084454437074825, -0.000000000000000000, 3.916912245329549958 ) ) ;
#1268 = CARTESIAN_POINT ( 'NONE',  ( -7.617084454437069496, 0.4881997596173706655, 22.47895099870554603 ) ) ;
#1269 = CARTESIAN_POINT ( 'NONE',  ( -20.94758578749704014, 4.964764751412822363, 26.60026943616572126 ) ) ;
#1270 = VECTOR ( 'NONE', #1310, 1000.000000000000000 ) ;
#1271 = DIRECTION ( 'NONE',  ( 0.000000000000000000, -0.000000000000000000, 1.000000000000000000 ) ) ;
#1272 = DIRECTION ( 'NONE',  ( 0.000000000000000000, 1.000000000000000000, 0.000000000000000000 ) ) ;
#1273 = CARTESIAN_POINT ( 'NONE',  ( -7.617084454437069496, 3.313861130563235058, 22.47895099870554603 ) ) ;
#1274 = CARTESIAN_POINT ( 'NONE',  ( -7.753309273341701946, 27.83586967710288462, 3.504677956378552839 ) ) ;
#1275 = CARTESIAN_POINT ( 'NONE',  ( -51.96519906834917890, 30.15874489085932808, 7.478950998705551356 ) ) ;
#1276 = AXIS2_PLACEMENT_3D ( 'NONE', #3027, #3536, #2671 ) ;
#1277 = ORIENTED_EDGE ( 'NONE', *, *, #3478, .F. ) ;
#1278 = DIRECTION ( 'NONE',  ( -1.000000000000000000, 0.000000000000000000, 0.000000000000000000 ) ) ;
#1279 = CARTESIAN_POINT ( 'NONE',  ( -20.87918753796034821, 6.036149710009560465, 17.79799162416420799 ) ) ;
#1280 = LINE ( 'NONE', #2191, #5634 ) ;
#1281 = CIRCLE ( 'NONE', #4886, 4.999999999999997335 ) ;
#1282 = CARTESIAN_POINT ( 'NONE',  ( -60.98886466220831437, 2.318612343667219022, 26.14967289018171925 ) ) ;
#1283 = DIRECTION ( 'NONE',  ( 1.000000000000000000, 1.051347561198064835E-16, -0.000000000000000000 ) ) ;
#1284 = ORIENTED_EDGE ( 'NONE', *, *, #887, .F. ) ;
#1285 = EDGE_CURVE ( 'NONE', #3301, #518, #3311, .T. ) ;
#1286 = VERTEX_POINT ( 'NONE', #107 ) ;
#1287 = AXIS2_PLACEMENT_3D ( 'NONE', #4696, #99, #5087 ) ;
#1288 = AXIS2_PLACEMENT_3D ( 'NONE', #1998, #2423, #1502 ) ;
#1289 = FACE_OUTER_BOUND ( 'NONE', #1194, .T. ) ;
#1290 = CARTESIAN_POINT ( 'NONE',  ( -19.36089565775766985, 3.510152879392247183, 19.43329553621406092 ) ) ;
#1291 = DIRECTION ( 'NONE',  ( -1.051347561198064835E-16, 1.000000000000000000, 7.341520781122565208E-31 ) ) ;
#1292 = CARTESIAN_POINT ( 'NONE',  ( -49.82006749344439100, 5.990700039200929972, 17.47895099870557445 ) ) ;
#1293 = SPHERICAL_SURFACE ( 'NONE', #623, 1.105625000000003855 ) ;
#1294 = ORIENTED_EDGE ( 'NONE', *, *, #4425, .F. ) ;
#1295 = CARTESIAN_POINT ( 'NONE',  ( -47.13375830144983070, 25.99454548223689443, 27.47895099870644486 ) ) ;
#1296 = ADVANCED_FACE ( 'NONE', ( #2353 ), #1571, .T. ) ;
#1297 = CARTESIAN_POINT ( 'NONE',  ( -7.617084454437067720, 14.30337150129740209, 22.47895099870554603 ) ) ;
#1298 = FACE_OUTER_BOUND ( 'NONE', #4791, .T. ) ;
#1299 = ORIENTED_EDGE ( 'NONE', *, *, #2722, .T. ) ;
#1300 = CARTESIAN_POINT ( 'NONE',  ( -19.87005595164695393, 4.395164416230091575, 26.93183474346783512 ) ) ;
#1301 = CARTESIAN_POINT ( 'NONE',  ( -51.09751196817310159, 31.47438508908452448, 8.461168309164005308 ) ) ;
#1302 = CARTESIAN_POINT ( 'NONE',  ( -19.11403046959426533, 10.94468638573824393, 26.28080797662110157 ) ) ;
#1303 = DIRECTION ( 'NONE',  ( 0.000000000000000000, 0.000000000000000000, 1.000000000000000000 ) ) ;
#1304 = CARTESIAN_POINT ( 'NONE',  ( -19.93962374570645224, 5.195810543809139759, 27.45651462040876467 ) ) ;
#1305 = CARTESIAN_POINT ( 'NONE',  ( -18.84819672116445233, 3.318130020262850532, 20.32187153580943217 ) ) ;
#1306 = ORIENTED_EDGE ( 'NONE', *, *, #54, .T. ) ;
#1307 = ORIENTED_EDGE ( 'NONE', *, *, #3241, .F. ) ;
#1308 = CARTESIAN_POINT ( 'NONE',  ( -7.023731439674906873, 30.64140738766360528, 37.47015650477866444 ) ) ;
#1309 = CARTESIAN_POINT ( 'NONE',  ( -3.153766254584582818, 31.33538451886257903, 37.02698470487663229 ) ) ;
#1310 = DIRECTION ( 'NONE',  ( -1.000000000000000000, 0.000000000000000000, 0.000000000000000000 ) ) ;
#1311 = CARTESIAN_POINT ( 'NONE',  ( -57.75100074944347028, 4.702825995149326310, 37.47895099870589064 ) ) ;
#1312 = FACE_OUTER_BOUND ( 'NONE', #3214, .T. ) ;
#1313 = ORIENTED_EDGE ( 'NONE', *, *, #1117, .T. ) ;
#1314 = ORIENTED_EDGE ( 'NONE', *, *, #607, .F. ) ;
#1315 = CC_DESIGN_APPROVAL ( #5088, ( #564 ) ) ;
#1316 = CARTESIAN_POINT ( 'NONE',  ( -61.96632500801765531, 15.98818860268039543, 27.47895099870732594 ) ) ;
#1317 = CARTESIAN_POINT ( 'NONE',  ( -11.69770408663953454, 22.48659911910485931, 22.47895099870557445 ) ) ;
#1318 = DIRECTION ( 'NONE',  ( -0.8785630289297502449, 0.4776264274490921169, 0.000000000000000000 ) ) ;
#1319 = CARTESIAN_POINT ( 'NONE',  ( -60.96644175482177985, 5.988211958889678499, 27.47895099870732594 ) ) ;
#1320 = CARTESIAN_POINT ( 'NONE',  ( -7.617084454437068608, 31.48659911910485576, 22.47895099870554603 ) ) ;
#1321 = EDGE_LOOP ( 'NONE', ( #5299, #5052, #2469, #3600, #5720 ) ) ;
#1322 = CARTESIAN_POINT ( 'NONE',  ( -46.96471161314990184, 15.99582767383319393, 27.47895099870643776 ) ) ;
#1323 = EDGE_CURVE ( 'NONE', #5319, #5665, #140, .T. ) ;
#1324 = DIRECTION ( 'NONE',  ( -1.000000000000000000, 0.000000000000000000, 0.000000000000000000 ) ) ;
#1325 = CARTESIAN_POINT ( 'NONE',  ( -20.48674684794784540, 11.84568140681373549, 25.39088715300853494 ) ) ;
#1326 = EDGE_LOOP ( 'NONE', ( #374, #3652, #2401, #4010 ) ) ;
#1327 = CARTESIAN_POINT ( 'NONE',  ( -20.33354837725771702, 3.760898199476950143, 25.47133539802875646 ) ) ;
#1328 = CARTESIAN_POINT ( 'NONE',  ( -51.45568477569495514, 31.46186727885727663, 8.488192560157559186 ) ) ;
#1329 = CARTESIAN_POINT ( 'NONE',  ( -18.40563512635567633, 9.789996906529236043, 26.94155556070978719 ) ) ;
#1330 = CARTESIAN_POINT ( 'NONE',  ( -61.20250438552424299, 2.484453731679141519, 17.07346782360053794 ) ) ;
#1331 = CARTESIAN_POINT ( 'NONE',  ( -19.70491304937730703, 3.386269837145768236, 20.06877779683355101 ) ) ;
#1332 = FACE_OUTER_BOUND ( 'NONE', #3833, .T. ) ;
#1333 = EDGE_CURVE ( 'NONE', #4288, #1335, #3371, .T. ) ;
#1334 = ORIENTED_EDGE ( 'NONE', *, *, #5167, .F. ) ;
#1335 = VERTEX_POINT ( 'NONE', #5095 ) ;
#1336 = CARTESIAN_POINT ( 'NONE',  ( -54.19146111967535262, 1.546500907940575598, 7.478950998705546915 ) ) ;
#1337 = CARTESIAN_POINT ( 'NONE',  ( -19.47106007441801978, 3.404323345141698987, 20.03997577529024809 ) ) ;
#1338 = CARTESIAN_POINT ( 'NONE',  ( -60.17139221707183339, 1.642271549904337657, 26.11462693623501963 ) ) ;
#1339 = CARTESIAN_POINT ( 'NONE',  ( -54.62269991231083566, 31.43626045312950623, 37.47895099870586932 ) ) ;
#1340 = VERTEX_POINT ( 'NONE', #2416 ) ;
#1341 = ORIENTED_EDGE ( 'NONE', *, *, #5717, .F. ) ;
#1342 = CARTESIAN_POINT ( 'NONE',  ( -22.09684589299286728, -2.324985331566420843, 27.47895099870554603 ) ) ;
#1343 = CARTESIAN_POINT ( 'NONE',  ( -19.60327224073594010, 3.587030468827145047, 19.71749529958895408 ) ) ;
#1344 = FACE_OUTER_BOUND ( 'NONE', #2236, .T. ) ;
#1345 = CARTESIAN_POINT ( 'NONE',  ( -56.69816251687285558, 5.988246130334760942, 27.47895099870711633 ) ) ;
#1346 = CARTESIAN_POINT ( 'NONE',  ( -18.78476227774744700, 3.313861130563236390, 24.43030613857435895 ) ) ;
#1347 = CARTESIAN_POINT ( 'NONE',  ( -57.56862454628948456, 3.113960385624252591, 37.00757363455745974 ) ) ;
#1348 = ORIENTED_EDGE ( 'NONE', *, *, #5659, .T. ) ;
#1349 = AXIS2_PLACEMENT_3D ( 'NONE', #1131, #5644, #5675 ) ;
#1350 = ADVANCED_FACE ( 'NONE', ( #3760 ), #1448, .T. ) ;
#1351 = CARTESIAN_POINT ( 'NONE',  ( -55.82045010703262733, 15.98838280879982143, 27.47895099870710567 ) ) ;
#1352 = CARTESIAN_POINT ( 'NONE',  ( -7.617084454437074825, 27.42363538815188662, 3.916912245329549958 ) ) ;
#1353 = CARTESIAN_POINT ( 'NONE',  ( -8.117084454437073049, 18.91248979564684873, 37.47895099870564906 ) ) ;
#1354 = ORIENTED_EDGE ( 'NONE', *, *, #553, .T. ) ;
#1355 = CARTESIAN_POINT ( 'NONE',  ( -56.78894238552374674, 29.48154855755166892, 8.541063322332888674 ) ) ;
#1356 = VECTOR ( 'NONE', #1283, 1000.000000000000000 ) ;
#1357 = CIRCLE ( 'NONE', #3162, 0.9250000000000022649 ) ;
#1358 = CARTESIAN_POINT ( 'NONE',  ( -63.30019548541715579, 25.98820347414960708, 27.47895099870501667 ) ) ;
#1359 = CARTESIAN_POINT ( 'NONE',  ( -60.36173519121489051, 12.06748497057090219, 35.34838869721292554 ) ) ;
#1360 = CARTESIAN_POINT ( 'NONE',  ( -19.45188759437874992, 3.095202974255159667, 20.87451550902342845 ) ) ;
#1361 = DIRECTION ( 'NONE',  ( 1.156482317317871478E-16, 1.000000000000000000, -0.000000000000000000 ) ) ;
#1362 = ORIENTED_EDGE ( 'NONE', *, *, #2339, .T. ) ;
#1363 = EDGE_CURVE ( 'NONE', #4486, #5630, #2320, .T. ) ;
#1364 = CARTESIAN_POINT ( 'NONE',  ( -34.31889487463964628, 14.77548979564685006, 44.16039022695080263 ) ) ;
#1365 = CARTESIAN_POINT ( 'NONE',  ( -19.68837002135964909, 2.875112307107787313, 21.42429193412251109 ) ) ;
#1366 = DIRECTION ( 'NONE',  ( -1.051347561198064835E-16, 1.000000000000000000, 7.341520781122565208E-31 ) ) ;
#1367 = CARTESIAN_POINT ( 'NONE',  ( -53.66696921730894587, 1.123937999799679455, 37.47895099870419955 ) ) ;
#1368 = ORIENTED_EDGE ( 'NONE', *, *, #850, .F. ) ;
#1369 = ORIENTED_EDGE ( 'NONE', *, *, #457, .T. ) ;
#1370 = VECTOR ( 'NONE', #2631, 1000.000000000000000 ) ;
#1371 = CARTESIAN_POINT ( 'NONE',  ( -38.48274331374037160, 14.18471601352560008, 27.47895099870555669 ) ) ;
#1372 = CARTESIAN_POINT ( 'NONE',  ( -19.53423526619407014, 7.850960099259859604, 27.48830526751899228 ) ) ;
#1373 = CARTESIAN_POINT ( 'NONE',  ( -19.33257795690018099, 2.935213158868882566, 21.99881278262637707 ) ) ;
#1374 = CARTESIAN_POINT ( 'NONE',  ( -46.79566492484996587, 5.997109865429500530, 27.47895099870644486 ) ) ;
#1375 = DIRECTION ( 'NONE',  ( 1.000000000000000000, -3.985432128724232197E-17, 0.000000000000000000 ) ) ;
#1376 = AXIS2_PLACEMENT_3D ( 'NONE', #4796, #4823, #4325 ) ;
#1377 = CIRCLE ( 'NONE', #4797, 15.00000000000000178 ) ;
#1378 = ORIENTED_EDGE ( 'NONE', *, *, #3643, .T. ) ;
#1379 = CARTESIAN_POINT ( 'NONE',  ( -44.21106457215372387, 15.92682142205422835, 27.47895099870556734 ) ) ;
#1380 = CARTESIAN_POINT ( 'NONE',  ( -8.117084454437074825, 18.41248979564684873, 0.000000000000000000 ) ) ;
#1381 = CARTESIAN_POINT ( 'NONE',  ( -57.26271883608181668, 27.92363538815188306, 8.303498034090893043 ) ) ;
#1382 = PERSON_AND_ORGANIZATION_ROLE ( 'creator' ) ;
#1383 = CARTESIAN_POINT ( 'NONE',  ( -57.26271883608181668, 27.92363538815188306, 8.303498034090893043 ) ) ;
#1384 = CARTESIAN_POINT ( 'NONE',  ( -19.81922595650752683, 5.076868635685597653, 27.65786248590498531 ) ) ;
#1385 = CARTESIAN_POINT ( 'NONE',  ( -32.81956375717873442, 11.64666303541724979, 27.47895099870822833 ) ) ;
#1386 = DIRECTION ( 'NONE',  ( 0.000000000000000000, 1.000000000000000000, 0.000000000000000000 ) ) ;
#1387 = CARTESIAN_POINT ( 'NONE',  ( -20.98671247892459490, 5.247850293864378735, 18.16495142924400596 ) ) ;
#1388 = DIRECTION ( 'NONE',  ( -1.000000000000000000, 1.952216013901712670E-16, 0.000000000000000000 ) ) ;
#1389 = ADVANCED_FACE ( 'NONE', ( #2982 ), #3491, .F. ) ;
#1390 = CARTESIAN_POINT ( 'NONE',  ( -59.54890884852676436, 8.843913570543364244, 36.56361425092961781 ) ) ;
#1391 = FACE_OUTER_BOUND ( 'NONE', #4853, .T. ) ;
#1392 = CARTESIAN_POINT ( 'NONE',  ( -62.96708445443707802, 12.44857591276431208, 26.01039022695080760 ) ) ;
#1393 = CARTESIAN_POINT ( 'NONE',  ( -58.04851072699919001, 4.221508247039986728, 37.47895099870672908 ) ) ;
#1394 = ORIENTED_EDGE ( 'NONE', *, *, #3101, .F. ) ;
#1395 = EDGE_LOOP ( 'NONE', ( #1133, #2629, #4009, #619 ) ) ;
#1396 = CARTESIAN_POINT ( 'NONE',  ( -19.39091251506400937, 9.131320489579699995, 17.66651307281294692 ) ) ;
#1397 = CARTESIAN_POINT ( 'NONE',  ( -17.30850474462135935, 12.13588407117721246, 18.88687020282567275 ) ) ;
#1398 = CARTESIAN_POINT ( 'NONE',  ( -19.00085360946959767, -2.218607599893485549, 17.47895099870553182 ) ) ;
#1399 = DIRECTION ( 'NONE',  ( 0.000000000000000000, -0.3538225726676566540, 0.9353125611638288817 ) ) ;
#1400 = EDGE_CURVE ( 'NONE', #5713, #2514, #908, .T. ) ;
#1401 = ORIENTED_EDGE ( 'NONE', *, *, #2220, .F. ) ;
#1402 = CARTESIAN_POINT ( 'NONE',  ( -58.37451865786211158, 25.98815784728259715, 17.47895099870419955 ) ) ;
#1403 = CYLINDRICAL_SURFACE ( 'NONE', #3470, 1.000000000000000888 ) ;
#1404 = LINE ( 'NONE', #999, #36 ) ;
#1405 = ORIENTED_EDGE ( 'NONE', *, *, #467, .F. ) ;
#1406 = APPROVAL_DATE_TIME ( #1882, #1489 ) ;
#1407 = CARTESIAN_POINT ( 'NONE',  ( -56.92941493068624226, 29.21213397018052049, 8.474708450869254506 ) ) ;
#1408 = CARTESIAN_POINT ( 'NONE',  ( -18.53816955570350444, 3.313861130563236390, 23.65847053813902434 ) ) ;
#1409 = DIRECTION ( 'NONE',  ( 0.000000000000000000, 0.000000000000000000, 1.000000000000000000 ) ) ;
#1410 = EDGE_CURVE ( 'NONE', #688, #3488, #3052, .T. ) ;
#1411 = CARTESIAN_POINT ( 'NONE',  ( -42.46851764346288860, 15.52756097932459234, 27.47895099870556379 ) ) ;
#1412 = CARTESIAN_POINT ( 'NONE',  ( -7.617084454437074825, 18.41248979564684873, 0.000000000000000000 ) ) ;
#1413 = CARTESIAN_POINT ( 'NONE',  ( -7.617084454437069496, 10.48108631064669538, 22.47895099870554603 ) ) ;
#1414 = CARTESIAN_POINT ( 'NONE',  ( -62.96708445443707802, 7.231062779513288241, 26.39874610644667996 ) ) ;
#1415 =( BOUNDED_SURFACE ( )  B_SPLINE_SURFACE ( 2, 3, ( 
 ( #1518, #3664, #5528, #2886 ),
 ( #1846, #5473, #2762, #514 ),
 ( #2471, #3484, #4316, #5181 ) ),
 .UNSPECIFIED., .F., .F., .T. ) 
 B_SPLINE_SURFACE_WITH_KNOTS ( ( 3, 3 ),
 ( 4, 4 ),
 ( 0.0002916866682778973064, 0.8442162592382365105 ),
 ( 0.000000000000000000, 1.000000000000000000 ),
 .UNSPECIFIED. ) 
 GEOMETRIC_REPRESENTATION_ITEM ( )  RATIONAL_B_SPLINE_SURFACE ( (
 ( 1.000000000000000000, 0.3333333333333334259, 0.3333333333333334259, 1.000000000000000000),
 ( 1.000000000000000000, 0.3333333333333334259, 0.3333333333333334259, 1.000000000000000000),
 ( 1.000000000000000000, 0.3333333333333334259, 0.3333333333333334259, 1.000000000000000000) ) ) 
 REPRESENTATION_ITEM ( '' )  SURFACE ( )  );
#1416 = EDGE_CURVE ( 'NONE', #670, #302, #3946, .T. ) ;
#1417 = DIRECTION ( 'NONE',  ( -1.000000000000000000, 0.000000000000000000, 0.000000000000000000 ) ) ;
#1418 = CARTESIAN_POINT ( 'NONE',  ( -19.47106573829284670, 3.404495016524760942, 24.91823358198673688 ) ) ;
#1419 = CARTESIAN_POINT ( 'NONE',  ( -62.91955447898870091, 14.69191005449578569, 27.31918666684163099 ) ) ;
#1420 = CARTESIAN_POINT ( 'NONE',  ( -57.74918229703714445, 3.785387793521777677, 37.47895099870505931 ) ) ;
#1421 = EDGE_LOOP ( 'NONE', ( #4061, #983, #5862, #3694, #545 ) ) ;
#1422 = ORIENTED_EDGE ( 'NONE', *, *, #1698, .T. ) ;
#1423 = EDGE_CURVE ( 'NONE', #2045, #396, #4693, .T. ) ;
#1424 = CARTESIAN_POINT ( 'NONE',  ( -6.495108495379657398, 1.259825377173813488, 37.45252438651127136 ) ) ;
#1425 = CYLINDRICAL_SURFACE ( 'NONE', #2896, 2.580169464872507756 ) ;
#1426 = CARTESIAN_POINT ( 'NONE',  ( -16.77068236445609628, 13.06341683458158975, 22.72690495725169768 ) ) ;
#1427 = CARTESIAN_POINT ( 'NONE',  ( -21.23631761609744117, 7.710491719078480521, 27.47895099870553537 ) ) ;
#1428 = CARTESIAN_POINT ( 'NONE',  ( -57.68218760570623971, 30.38937433236022301, 36.92843716333251081 ) ) ;
#1429 = ADVANCED_FACE ( 'NONE', ( #2595 ), #209, .T. ) ;
#1430 = ORIENTED_EDGE ( 'NONE', *, *, #4346, .F. ) ;
#1431 = CARTESIAN_POINT ( 'NONE',  ( -49.82815299857788460, 25.99081088051010369, 17.47895099870557445 ) ) ;
#1432 = CARTESIAN_POINT ( 'NONE',  ( -53.55844399914921183, 30.94402794096212617, 7.478950998705824915 ) ) ;
#1433 = ADVANCED_FACE ( 'NONE', ( #872 ), #820, .T. ) ;
#1434 = ORIENTED_EDGE ( 'NONE', *, *, #2196, .F. ) ;
#1435 = DATE_AND_TIME ( #5508, #3874 ) ;
#1436 = CARTESIAN_POINT ( 'NONE',  ( -53.20146743573199899, 31.34815039536702130, 8.817401445494956747 ) ) ;
#1437 = CARTESIAN_POINT ( 'NONE',  ( -18.41906180338426324, 3.313861130563235946, 22.18331915191066983 ) ) ;
#1438 = VERTEX_POINT ( 'NONE', #4911 ) ;
#1439 = VECTOR ( 'NONE', #2366, 1000.000000000000000 ) ;
#1440 = CARTESIAN_POINT ( 'NONE',  ( -19.44562099652309328, 10.72322704917651137, 18.45529133795558963 ) ) ;
#1441 = DIRECTION ( 'NONE',  ( -0.000000000000000000, 7.341520781122565208E-31, -1.000000000000000000 ) ) ;
#1442 = AXIS2_PLACEMENT_3D ( 'NONE', #2621, #339, #395 ) ;
#1443 = CARTESIAN_POINT ( 'NONE',  ( -46.46535565115236466, 16.00561588230400289, 27.47895099870556734 ) ) ;
#1444 = DIRECTION ( 'NONE',  ( 1.156482317317871478E-16, 1.000000000000000000, -0.000000000000000000 ) ) ;
#1445 = CARTESIAN_POINT ( 'NONE',  ( -7.617084454437069496, 0.4881997596173706655, 22.47895099870554603 ) ) ;
#1446 = CARTESIAN_POINT ( 'NONE',  ( -6.867084454436970020, 15.03862836363353139, 22.47895099870553892 ) ) ;
#1447 = CARTESIAN_POINT ( 'NONE',  ( -59.27646825615142490, 7.977221288372700059, 36.93018725499187127 ) ) ;
#1448 =( BOUNDED_SURFACE ( )  B_SPLINE_SURFACE ( 2, 3, ( 
 ( #1083, #2895, #5538, #2382, #1993, #1053, #2771, #4614, #4175, #3283, #4703, #1465, #2803, #1937, #5570, #5063, #3813, #1496, #78, #5628, #2861, #4583, #962, #521 ),
 ( #997, #4671, #613, #4231, #4143, #170, #3786, #5600, #1432, #1879, #1524, #646, #3337, #5154, #2444, #3697, #5505, #5689, #5189, #2022, #1144, #2479, #5750, #1707 ),
 ( #1592, #262, #789, #4732, #3428, #4384, #4291, #2540, #3844, #2056, #4355, #1226, #732, #3400, #2925, #5245, #5662, #3939, #286, #2954, #5274, #1680, #1203, #2083 ) ),
 .UNSPECIFIED., .F., .F., .T. ) 
 B_SPLINE_SURFACE_WITH_KNOTS ( ( 3, 3 ),
 ( 4, 2, 2, 2, 2, 2, 2, 2, 2, 2, 2, 4 ),
 ( 0.000000000000000000, 1.000000000000000000 ),
 ( 0.004111186878513124407, 0.005058475599733800593, 0.006005764320954476779, 0.006953053042175152965, 0.007900341763395829150, 0.008847630484616505336, 0.009321274845226844297, 0.009794919205837181522, 0.01026856356644751875, 0.01074220792705785771, 0.01121585228766819667, 0.01168949664827853389 ),
 .UNSPECIFIED. ) 
 GEOMETRIC_REPRESENTATION_ITEM ( )  RATIONAL_B_SPLINE_SURFACE ( (
 ( 1.000000000000000000, 1.000000000000000000, 1.000000000000000000, 1.000000000000000000, 1.000000000000000000, 1.000000000000000000, 1.000000000000000000, 1.000000000000000000, 1.000000000000000000, 1.000000000000000000, 1.000000000000000000, 1.000000000000000000, 1.000000000000000000, 1.000000000000000000, 1.000000000000000000, 1.000000000000000000, 1.000000000000000000, 1.000000000000000000, 1.000000000000000000, 1.000000000000000000, 1.000000000000000000, 1.000000000000000000, 1.000000000000000000, 1.000000000000000000),
 ( 0.7071067811865475727, 0.7196797391232035990, 0.7292832947430218926, 0.7458736260879665902, 0.7529017602218652794, 0.7658964306778683895, 0.7718375699806574453, 0.7839881035918259133, 0.7901757101212247836, 0.8044178723156214517, 0.8126884483091352251, 0.8273039191717309615, 0.8325444147390814731, 0.8440196388604781497, 0.8503304399427827898, 0.8637144078118214052, 0.8707743435104015051, 0.8853318595704786631, 0.8928460043680643832, 0.9072015767756367310, 0.9138910638065331771, 0.9241835082644040966, 0.9278225865894463853, 0.9291888794901873583),
 ( 1.000000000000000000, 1.000000000000000000, 1.000000000000000000, 1.000000000000000000, 1.000000000000000000, 1.000000000000000000, 1.000000000000000000, 1.000000000000000000, 1.000000000000000000, 1.000000000000000000, 1.000000000000000000, 1.000000000000000000, 1.000000000000000000, 1.000000000000000000, 1.000000000000000000, 1.000000000000000000, 1.000000000000000000, 1.000000000000000000, 1.000000000000000000, 1.000000000000000000, 1.000000000000000000, 1.000000000000000000, 1.000000000000000000, 1.000000000000000000) ) ) 
 REPRESENTATION_ITEM ( '' )  SURFACE ( )  );
#1449 = CARTESIAN_POINT ( 'NONE',  ( -62.93550999182428995, 11.46351233035488093, 20.35122762623673864 ) ) ;
#1450 = CARTESIAN_POINT ( 'NONE',  ( -62.96708445443707802, 12.44857591276431208, 26.01039022695080760 ) ) ;
#1451 = CARTESIAN_POINT ( 'NONE',  ( -19.50802003080868374, 7.197458895102577081, 27.84971415858431953 ) ) ;
#1452 = ORIENTED_EDGE ( 'NONE', *, *, #3067, .T. ) ;
#1453 = VERTEX_POINT ( 'NONE', #4102 ) ;
#1454 = AXIS2_PLACEMENT_3D ( 'NONE', #2552, #5641, #5672 ) ;
#1455 = LINE ( 'NONE', #5472, #4310 ) ;
#1456 = AXIS2_PLACEMENT_3D ( 'NONE', #321, #2603, #3435 ) ;
#1457 = FACE_OUTER_BOUND ( 'NONE', #4556, .T. ) ;
#1458 = CARTESIAN_POINT ( 'NONE',  ( -54.82796302891507167, 21.81511842400183454, 7.478950998705546915 ) ) ;
#1459 = CARTESIAN_POINT ( 'NONE',  ( -35.25840244913567290, 12.78225160389757598, 27.47895099870356361 ) ) ;
#1460 = CARTESIAN_POINT ( 'NONE',  ( -19.01284507188463024, 7.298941884571731542, 16.54677427915826726 ) ) ;
#1461 = DIRECTION ( 'NONE',  ( 1.000000000000000000, 0.000000000000000000, 0.000000000000000000 ) ) ;
#1462 = ORIENTED_EDGE ( 'NONE', *, *, #64, .T. ) ;
#1463 = CIRCLE ( 'NONE', #4788, 10.18785444711215504 ) ;
#1464 = CARTESIAN_POINT ( 'NONE',  ( -47.80129741186459569, 25.98688473127845100, 17.47895099870513747 ) ) ;
#1465 = CARTESIAN_POINT ( 'NONE',  ( -54.92801843952214114, 31.01357697041181183, 9.032576543606111841 ) ) ;
#1466 = AXIS2_PLACEMENT_3D ( 'NONE', #3871, #5716, #4762 ) ;
#1467 = DIRECTION ( 'NONE',  ( -1.000000000000000000, 1.156482317317871478E-16, 0.000000000000000000 ) ) ;
#1468 = AXIS2_PLACEMENT_3D ( 'NONE', #1320, #3905, #5719 ) ;
#1469 = DIRECTION ( 'NONE',  ( 1.156482317317871478E-16, 1.000000000000000000, -0.000000000000000000 ) ) ;
#1470 = CARTESIAN_POINT ( 'NONE',  ( -53.35387520161884112, 31.33230218069544293, 8.850605197458607520 ) ) ;
#1471 = B_SPLINE_CURVE_WITH_KNOTS ( 'NONE', 3,
 ( #2872, #5488, #3769, #2783, #4122, #2753 ),
 .UNSPECIFIED., .F., .F.,
 ( 4, 2, 4 ),
 ( -0.0007930075163732313703, 0.0006168545056835646970, 0.002026716527740360548 ),
 .UNSPECIFIED. ) ;
#1472 = ORIENTED_EDGE ( 'NONE', *, *, #4259, .T. ) ;
#1473 = AXIS2_PLACEMENT_3D ( 'NONE', #4167, #3208, #2793 ) ;
#1474 = CARTESIAN_POINT ( 'NONE',  ( -19.48084294232103986, 11.74811469113098639, 19.44586147802569087 ) ) ;
#1475 = FACE_OUTER_BOUND ( 'NONE', #5602, .T. ) ;
#1476 = CARTESIAN_POINT ( 'NONE',  ( -32.21516789857835050, 22.39193245295238199, 27.47895099870556024 ) ) ;
#1477 = LINE ( 'NONE', #1412, #4978 ) ;
#1478 = CARTESIAN_POINT ( 'NONE',  ( -20.90242229115501615, 5.916711955663113365, 17.84458713098979032 ) ) ;
#1479 = CARTESIAN_POINT ( 'NONE',  ( -9.117084454437058838, 30.48819975961736972, 22.47895099870554603 ) ) ;
#1480 = CARTESIAN_POINT ( 'NONE',  ( -11.88663904666041304, 4.303371501297400314, 22.47895099870554603 ) ) ;
#1481 = CARTESIAN_POINT ( 'NONE',  ( -20.93837282375385200, 12.66603685778890842, 21.24784429564665444 ) ) ;
#1482 = CARTESIAN_POINT ( 'NONE',  ( -20.57207785114151832, 7.064133755580812135, 17.52816870448385345 ) ) ;
#1483 = CARTESIAN_POINT ( 'NONE',  ( -19.49048917340267906, 3.136433946080316115, 24.25507226710578834 ) ) ;
#1484 = EDGE_LOOP ( 'NONE', ( #3685, #1081, #4176, #5247 ) ) ;
#1485 = ORIENTED_EDGE ( 'NONE', *, *, #2080, .T. ) ;
#1486 =( BOUNDED_SURFACE ( )  B_SPLINE_SURFACE ( 3, 2, ( 
 ( #3825, #2548, #296 ),
 ( #178, #3912, #2905 ),
 ( #1300, #5396, #2182 ),
 ( #2155, #2577, #5310 ),
 ( #5758, #3137, #4983 ),
 ( #1688, #3043, #2690 ),
 ( #3588, #3558, #1327 ),
 ( #3614, #5335, #1745 ),
 ( #4003, #4857, #324 ),
 ( #1235, #4950, #5812 ) ),
 .UNSPECIFIED., .F., .F., .F. ) 
 B_SPLINE_SURFACE_WITH_KNOTS ( ( 4, 2, 2, 2, 4 ),
 ( 3, 3 ),
 ( 0.01277185123701611406, 0.01359091404066920319, 0.01440997684432229406, 0.01522903964797538492, 0.01604810245162847579 ),
 ( 0.000000000000000000, 1.000000000000000000 ),
 .UNSPECIFIED. ) 
 GEOMETRIC_REPRESENTATION_ITEM ( )  RATIONAL_B_SPLINE_SURFACE ( (
 ( 1.000000000000000000, 0.8636053781126720175, 1.000000000000000000),
 ( 1.000000000000000000, 0.8719828215451048692, 1.000000000000000000),
 ( 1.000000000000000000, 0.8807592633874782306, 1.000000000000000000),
 ( 1.000000000000000000, 0.8985940650338802849, 1.000000000000000000),
 ( 1.000000000000000000, 0.9077495710188981937, 1.000000000000000000),
 ( 1.000000000000000000, 0.9253701839534170803, 1.000000000000000000),
 ( 1.000000000000000000, 0.9338179971867132112, 1.000000000000000000),
 ( 1.000000000000000000, 0.9495763163397429318, 1.000000000000000000),
 ( 1.000000000000000000, 0.9569488143344875297, 1.000000000000000000),
 ( 1.000000000000000000, 0.9630485531699145563, 1.000000000000000000) ) ) 
 REPRESENTATION_ITEM ( '' )  SURFACE ( )  );
#1487 = DIRECTION ( 'NONE',  ( -1.000000000000000000, 0.000000000000000000, 0.000000000000000000 ) ) ;
#1488 = DIRECTION ( 'NONE',  ( 0.000000000000000000, 1.000000000000000000, -0.000000000000000000 ) ) ;
#1489 = APPROVAL ( #4586, 'UNSPECIFIED' ) ;
#1490 = CARTESIAN_POINT ( 'NONE',  ( -54.82796302891507878, 8.557156270387023866, 7.478950998705546915 ) ) ;
#1491 = CARTESIAN_POINT ( 'NONE',  ( -28.32375022342101190, 9.632389165266006970, 17.47895099870874702 ) ) ;
#1492 = CARTESIAN_POINT ( 'NONE',  ( -50.31583746620116671, 30.48819975961737327, 7.478950998705546915 ) ) ;
#1493 = VERTEX_POINT ( 'NONE', #3154 ) ;
#1494 = CARTESIAN_POINT ( 'NONE',  ( -36.30273867583545666, 13.26307810245263497, 17.47895099870555669 ) ) ;
#1495 = EDGE_CURVE ( 'NONE', #3390, #2708, #5552, .T. ) ;
#1496 = CARTESIAN_POINT ( 'NONE',  ( -56.35092887225427916, 30.08656752089340003, 8.725217879963755863 ) ) ;
#1497 = DIRECTION ( 'NONE',  ( 1.156482317317871478E-16, 1.000000000000000000, -0.000000000000000000 ) ) ;
#1498 = VERTEX_POINT ( 'NONE', #4547 ) ;
#1499 = CARTESIAN_POINT ( 'NONE',  ( -20.13001767869560155, 6.498535101805487102, 17.62944356204432950 ) ) ;
#1500 = VERTEX_POINT ( 'NONE', #2172 ) ;
#1501 = ADVANCED_FACE ( 'NONE', ( #4999 ), #2990, .T. ) ;
#1502 = DIRECTION ( 'NONE',  ( 0.000000000000000000, 0.000000000000000000, -1.000000000000000000 ) ) ;
#1503 = CARTESIAN_POINT ( 'NONE',  ( -57.64535690733737283, 21.81511842400183454, 8.639533499670109862 ) ) ;
#1504 = CARTESIAN_POINT ( 'NONE',  ( -46.96471161313265696, 15.99582767383319393, 17.47895099870643776 ) ) ;
#1505 = CARTESIAN_POINT ( 'NONE',  ( -56.50624545473104376, 10.99458709677294088, 37.47895099870589775 ) ) ;
#1506 = B_SPLINE_CURVE_WITH_KNOTS ( 'NONE', 3,
 ( #3131, #4943, #4495, #432 ),
 .UNSPECIFIED., .F., .F.,
 ( 4, 4 ),
 ( -2.449490460410131876E-05, 0.0008947283517173737748 ),
 .UNSPECIFIED. ) ;
#1507 = CARTESIAN_POINT ( 'NONE',  ( -19.86986492834779483, 5.690868939534638571, 17.32475053482420435 ) ) ;
#1508 = CARTESIAN_POINT ( 'NONE',  ( -7.617084454437067720, 13.18999869135708458, 22.47895099870554603 ) ) ;
#1509 = AXIS2_PLACEMENT_3D ( 'NONE', #1746, #1236, #4448 ) ;
#1510 = CARTESIAN_POINT ( 'NONE',  ( -59.56517706763960263, 8.887061506000719646, 36.54109326950379000 ) ) ;
#1511 = CARTESIAN_POINT ( 'NONE',  ( -20.93859092188040805, 12.66691086622990881, 23.70658185908986937 ) ) ;
#1512 = EDGE_CURVE ( 'NONE', #5665, #1500, #2651, .T. ) ;
#1513 = DIRECTION ( 'NONE',  ( 0.000000000000000000, 1.000000000000000000, -0.000000000000000000 ) ) ;
#1514 = CARTESIAN_POINT ( 'NONE',  ( -10.75996520382475552, 0.6171992533958695626, 22.47895099870554603 ) ) ;
#1515 = ORIENTED_EDGE ( 'NONE', *, *, #5025, .T. ) ;
#1516 = VERTEX_POINT ( 'NONE', #5329 ) ;
#1517 = DIRECTION ( 'NONE',  ( 1.000000000000000000, 0.000000000000000000, 0.000000000000000000 ) ) ;
#1518 = CARTESIAN_POINT ( 'NONE',  ( -4.367084941882426463, 1.337944250313413797, 22.47895099870554603 ) ) ;
#1519 = CARTESIAN_POINT ( 'NONE',  ( -16.78167067099443699, 13.05282169873406772, 21.99206206586902113 ) ) ;
#1520 = CARTESIAN_POINT ( 'NONE',  ( -46.46535565115236466, 16.00561588230400289, 27.47895099870556734 ) ) ;
#1521 = DIRECTION ( 'NONE',  ( 1.156482317317871478E-16, 1.000000000000000000, -0.000000000000000000 ) ) ;
#1522 = ORIENTED_EDGE ( 'NONE', *, *, #4725, .F. ) ;
#1523 = CARTESIAN_POINT ( 'NONE',  ( -53.81125372174127364, 15.98796441066853014, 17.47895099870361690 ) ) ;
#1524 = CARTESIAN_POINT ( 'NONE',  ( -54.34711971036820444, 30.64610423012508988, 7.478950998705546915 ) ) ;
#1525 = CARTESIAN_POINT ( 'NONE',  ( -56.38806359082749964, 3.167539352548937703, 7.795733954528982323 ) ) ;
#1526 = ORIENTED_EDGE ( 'NONE', *, *, #239, .T. ) ;
#1527 = CARTESIAN_POINT ( 'NONE',  ( -20.73230712656376795, 6.657605875293433506, 17.59747877383696135 ) ) ;
#1528 = VERTEX_POINT ( 'NONE', #1317 ) ;
#1529 = FACE_OUTER_BOUND ( 'NONE', #1821, .T. ) ;
#1530 = CARTESIAN_POINT ( 'NONE',  ( -19.86090989821561337, 8.296206897319875040, 17.50271735004064766 ) ) ;
#1531 = CARTESIAN_POINT ( 'NONE',  ( -26.60258572050241099, 8.951124027708146969, 17.47895099870872215 ) ) ;
#1532 = CARTESIAN_POINT ( 'NONE',  ( -56.29278119707804962, 11.62258574449684723, 37.47895099870589064 ) ) ;
#1533 = DIRECTION ( 'NONE',  ( 0.000000000000000000, 1.000000000000000000, -0.000000000000000000 ) ) ;
#1534 = CARTESIAN_POINT ( 'NONE',  ( -19.45582021791589256, 3.582328071076121834, 25.68760674228748186 ) ) ;
#1535 = EDGE_CURVE ( 'NONE', #3782, #5405, #2414, .T. ) ;
#1536 = AXIS2_PLACEMENT_3D ( 'NONE', #270, #3498, #3019 ) ;
#1537 = CARTESIAN_POINT ( 'NONE',  ( -60.32888106117132310, 10.77888351399366051, 35.39203332479081610 ) ) ;
#1538 = CARTESIAN_POINT ( 'NONE',  ( -62.94117305523422345, 20.54147091498911237, 20.33664393531525150 ) ) ;
#1539 = EDGE_CURVE ( 'NONE', #601, #5837, #5563, .T. ) ;
#1540 = CARTESIAN_POINT ( 'NONE',  ( -17.28561405620404656, 12.20415452036131398, 18.99911153207326819 ) ) ;
#1541 = CARTESIAN_POINT ( 'NONE',  ( -10.86708396699171253, 1.337944250313413352, 22.47895099870554603 ) ) ;
#1542 = VERTEX_POINT ( 'NONE', #72 ) ;
#1543 = VERTEX_POINT ( 'NONE', #987 ) ;
#1544 = ADVANCED_FACE ( 'NONE', ( #1457 ), #1425, .F. ) ;
#1545 = CARTESIAN_POINT ( 'NONE',  ( -62.96708445443707802, 19.52782360647037763, 26.01039022695086089 ) ) ;
#1546 = TOROIDAL_SURFACE ( 'NONE', #4864, 13.99999999999999822, 4.000000000000000000 ) ;
#1547 = CARTESIAN_POINT ( 'NONE',  ( -54.82796302891508589, -0.5527489327437399291, 7.478950998705546915 ) ) ;
#1548 = VECTOR ( 'NONE', #3698, 1000.000000000000000 ) ;
#1549 = CARTESIAN_POINT ( 'NONE',  ( -18.03172069449706783, 12.62133341399194464, 23.94866049835923150 ) ) ;
#1550 = CARTESIAN_POINT ( 'NONE',  ( -19.34431725408294866, 7.775492295786410324, 27.47895099870553537 ) ) ;
#1551 = CARTESIAN_POINT ( 'NONE',  ( -7.617084454437067720, 14.30337150129740209, 22.47895099870554603 ) ) ;
#1552 = ORIENTED_EDGE ( 'NONE', *, *, #5801, .T. ) ;
#1553 = EDGE_LOOP ( 'NONE', ( #933, #4373, #4846, #1341, #2829 ) ) ;
#1554 = AXIS2_PLACEMENT_3D ( 'NONE', #5378, #3091, #2619 ) ;
#1555 = AXIS2_PLACEMENT_3D ( 'NONE', #1952, #2755, #32 ) ;
#1556 = CARTESIAN_POINT ( 'NONE',  ( -63.30034866612866296, 5.988203474149750960, 27.47895099870501667 ) ) ;
#1557 = CARTESIAN_POINT ( 'NONE',  ( -44.96708445443707802, 27.48819975961737327, 21.41691224532954863 ) ) ;
#1558 = DIRECTION ( 'NONE',  ( -1.051347561198064835E-16, 1.000000000000000000, 7.341520781122565208E-31 ) ) ;
#1559 = ORIENTED_EDGE ( 'NONE', *, *, #3241, .T. ) ;
#1560 = CARTESIAN_POINT ( 'NONE',  ( -19.86986492834779483, 5.690868939534634130, 17.32475053482420080 ) ) ;
#1561 = AXIS2_PLACEMENT_3D ( 'NONE', #2960, #4800, #3016 ) ;
#1562 = AXIS2_PLACEMENT_3D ( 'NONE', #3827, #3443, #2998 ) ;
#1563 = ORIENTED_EDGE ( 'NONE', *, *, #1837, .T. ) ;
#1564 = DIRECTION ( 'NONE',  ( 1.000000000000000000, 0.000000000000000000, 0.000000000000000000 ) ) ;
#1565 = AXIS2_PLACEMENT_3D ( 'NONE', #5865, #4947, #1799 ) ;
#1566 = CARTESIAN_POINT ( 'NONE',  ( -57.64535690733737283, 10.26383931441787567, 8.639533499670120520 ) ) ;
#1567 = CIRCLE ( 'NONE', #1092, 4.000000000000000000 ) ;
#1568 = CARTESIAN_POINT ( 'NONE',  ( -36.30273867583545666, 13.26307810245263497, 17.47895099870555669 ) ) ;
#1569 = CARTESIAN_POINT ( 'NONE',  ( -57.63881624192778474, 9.049555300954663650, 37.47895099870589775 ) ) ;
#1570 = CARTESIAN_POINT ( 'NONE',  ( -4.367084941882424687, 1.337944250313410244, 22.47895099870554603 ) ) ;
#1571 = TOROIDAL_SURFACE ( 'NONE', #5177, 13.99999999999999822, 4.000000000000000000 ) ;
#1572 = CIRCLE ( 'NONE', #4892, 10.18785444711215504 ) ;
#1573 = EDGE_CURVE ( 'NONE', #5712, #4783, #1191, .T. ) ;
#1574 = CARTESIAN_POINT ( 'NONE',  ( -59.87335972957607311, 9.644356650672246900, 36.10027844580891809 ) ) ;
#1575 = CARTESIAN_POINT ( 'NONE',  ( -57.33443664273320195, 0.5335917524093644060, 13.93001979208375474 ) ) ;
#1576 = CARTESIAN_POINT ( 'NONE',  ( -26.60258572051514747, 8.951124027714515208, 27.47895099870872571 ) ) ;
#1577 = DIRECTION ( 'NONE',  ( -1.051347561198064835E-16, 1.000000000000000000, 7.341520781122565208E-31 ) ) ;
#1578 = CARTESIAN_POINT ( 'NONE',  ( -19.92263687196776090, 9.096912337444429397, 17.79947023850431620 ) ) ;
#1579 = CARTESIAN_POINT ( 'NONE',  ( -19.29953922381120179, 7.088805141809115362, 28.09126785882375188 ) ) ;
#1580 = ORIENTED_EDGE ( 'NONE', *, *, #1164, .T. ) ;
#1581 = VERTEX_POINT ( 'NONE', #3330 ) ;
#1582 = EDGE_CURVE ( 'NONE', #4288, #616, #3086, .T. ) ;
#1583 = CARTESIAN_POINT ( 'NONE',  ( -19.49666029701813486, 3.143059386882937289, 20.67818117109559495 ) ) ;
#1584 = CARTESIAN_POINT ( 'NONE',  ( -54.82796302891508589, 10.26383931441252706, 7.478950998705546915 ) ) ;
#1585 = CARTESIAN_POINT ( 'NONE',  ( -19.24957089205602045, 3.453713779778933457, 19.57737764334205366 ) ) ;
#1586 = B_SPLINE_CURVE_WITH_KNOTS ( 'NONE', 3,
 ( #4368, #2463, #2098, #3354, #5733, #2006, #3918, #3801, #5615, #3830, #1540, #2910, #211, #5642 ),
 .UNSPECIFIED., .F., .F.,
 ( 4, 2, 2, 2, 2, 2, 4 ),
 ( 0.005219003925372479868, 0.005871227397130370819, 0.006523450868888262637, 0.007827897812404045405, 0.008480121284161932019, 0.009132344755919820367, 0.01043679169943559880 ),
 .UNSPECIFIED. ) ;
#1587 = ADVANCED_FACE ( 'NONE', ( #1021 ), #252, .T. ) ;
#1588 = DIRECTION ( 'NONE',  ( -1.000000000000000000, 0.000000000000000000, 0.000000000000000000 ) ) ;
#1589 = VERTEX_POINT ( 'NONE', #3719 ) ;
#1590 = ORIENTED_EDGE ( 'NONE', *, *, #5019, .T. ) ;
#1591 = CARTESIAN_POINT ( 'NONE',  ( -32.11269870058158915, 0.3750136083774109896, 17.47895099870874702 ) ) ;
#1592 = CARTESIAN_POINT ( 'NONE',  ( -50.31583746620116671, 30.48819975961737327, 7.478950998705547804 ) ) ;
#1593 = CARTESIAN_POINT ( 'NONE',  ( -20.12934164198514608, 7.910659952203932477, 28.72732249605097365 ) ) ;
#1594 = EDGE_CURVE ( 'NONE', #5354, #3342, #1097, .T. ) ;
#1595 = FACE_OUTER_BOUND ( 'NONE', #1484, .T. ) ;
#1596 = ORIENTED_EDGE ( 'NONE', *, *, #2196, .T. ) ;
#1597 = CARTESIAN_POINT ( 'NONE',  ( -20.85127408897499635, 6.183732860536760079, 27.21581432961916036 ) ) ;
#1598 = CARTESIAN_POINT ( 'NONE',  ( -18.83568803341433551, 7.633088196552901827, 28.39747391384192809 ) ) ;
#1599 = DIRECTION ( 'NONE',  ( 1.156482317317871478E-16, 1.000000000000000000, -0.000000000000000000 ) ) ;
#1600 = EDGE_CURVE ( 'NONE', #1637, #609, #639, .T. ) ;
#1601 = CARTESIAN_POINT ( 'NONE',  ( -60.40997912400005987, 11.02679723346331997, 35.25810986135412861 ) ) ;
#1602 = CARTESIAN_POINT ( 'NONE',  ( -62.80004005422097890, 19.55246337080648544, 18.96112704346572997 ) ) ;
#1603 = CARTESIAN_POINT ( 'NONE',  ( -38.48274331374037160, 14.18471601352560008, 27.47895099870555669 ) ) ;
#1604 = CARTESIAN_POINT ( 'NONE',  ( -19.86340400467816991, 4.864708320925801743, 27.45109803156871919 ) ) ;
#1605 = LINE ( 'NONE', #3416, #4675 ) ;
#1606 = ORIENTED_EDGE ( 'NONE', *, *, #4043, .T. ) ;
#1607 = ADVANCED_FACE ( 'NONE', ( #4574 ), #1415, .F. ) ;
#1608 = ORIENTED_EDGE ( 'NONE', *, *, #3978, .F. ) ;
#1609 = AXIS2_PLACEMENT_3D ( 'NONE', #2489, #2034, #5669 ) ;
#1610 = CARTESIAN_POINT ( 'NONE',  ( -3.590401934572296394, 0.7176664719902536849, 37.12716433110295355 ) ) ;
#1611 = CARTESIAN_POINT ( 'NONE',  ( -19.83307993359318999, 5.990552525273820983, 27.72786857857280651 ) ) ;
#1612 = CARTESIAN_POINT ( 'NONE',  ( -16.95199405122806624, 12.85761134199788280, 24.35170140075523904 ) ) ;
#1613 = DIRECTION ( 'NONE',  ( 1.000000000000000000, 0.000000000000000000, 0.000000000000000000 ) ) ;
#1614 = CYLINDRICAL_SURFACE ( 'NONE', #3822, 1.499999999999992673 ) ;
#1615 = B_SPLINE_CURVE_WITH_KNOTS ( 'NONE', 2,
 ( #4912, #4463, #400 ),
 .UNSPECIFIED., .F., .F.,
 ( 3, 3 ),
 ( 0.0002916866682798716385, 0.8442162592382365105 ),
 .UNSPECIFIED. ) ;
#1616 = ORIENTED_EDGE ( 'NONE', *, *, #536, .T. ) ;
#1617 = ADVANCED_FACE ( 'NONE', ( #4752 ), #280, .T. ) ;
#1618 = EDGE_LOOP ( 'NONE', ( #4401, #3935, #1306, #3508 ) ) ;
#1619 = CARTESIAN_POINT ( 'NONE',  ( -59.17067934740750701, 5.988190051262106905, 17.47895099870419955 ) ) ;
#1620 = CARTESIAN_POINT ( 'NONE',  ( -62.77550315567348349, 5.415201427609025231, 19.48720448293560281 ) ) ;
#1621 = CARTESIAN_POINT ( 'NONE',  ( -55.29360749603182512, 2.251049964681946403, 7.478951000750276634 ) ) ;
#1622 = EDGE_CURVE ( 'NONE', #2727, #4876, #1673, .T. ) ;
#1623 = CARTESIAN_POINT ( 'NONE',  ( -58.36145772712401936, 6.988199759617370610, 37.47895099870589775 ) ) ;
#1624 = ORIENTED_EDGE ( 'NONE', *, *, #5220, .F. ) ;
#1625 = EDGE_CURVE ( 'NONE', #1493, #3143, #5324, .T. ) ;
#1626 = CARTESIAN_POINT ( 'NONE',  ( -8.117084454437074825, 27.92363538815188662, 7.478950998705546915 ) ) ;
#1627 = DIRECTION ( 'NONE',  ( -1.224646799147353207E-16, 1.416282368173845043E-32, 1.000000000000000000 ) ) ;
#1628 = CARTESIAN_POINT ( 'NONE',  ( -57.70789619910062385, 8.930302692652173135, 37.47895099870589775 ) ) ;
#1629 = DIRECTION ( 'NONE',  ( 0.000000000000000000, -0.3538225726677522998, -0.9353125611637924663 ) ) ;
#1630 = CARTESIAN_POINT ( 'NONE',  ( -4.367808356046202434, 0.9683203726987307247, 28.97750319548728370 ) ) ;
#1631 = CARTESIAN_POINT ( 'NONE',  ( -60.27961082027974271, 10.63953252427251073, 35.47233454823943077 ) ) ;
#1632 = CARTESIAN_POINT ( 'NONE',  ( -20.20285885873124343, 7.769247930703810923, 17.47895099870534708 ) ) ;
#1633 = CARTESIAN_POINT ( 'NONE',  ( -62.90707690871817448, 15.98819913141635496, 27.47895099870568814 ) ) ;
#1634 = DIRECTION ( 'NONE',  ( 0.000000000000000000, 0.000000000000000000, -1.000000000000000000 ) ) ;
#1635 = CARTESIAN_POINT ( 'NONE',  ( -18.65692531239959706, 7.970263080079793561, 16.57420563995181340 ) ) ;
#1636 = CARTESIAN_POINT ( 'NONE',  ( -54.99759049830657887, 28.08203928867247612, 7.478950998705548692 ) ) ;
#1637 = VERTEX_POINT ( 'NONE', #2586 ) ;
#1638 = EDGE_LOOP ( 'NONE', ( #3062, #5122, #52, #2138 ) ) ;
#1639 = AXIS2_PLACEMENT_3D ( 'NONE', #3174, #1361, #889 ) ;
#1640 = FACE_OUTER_BOUND ( 'NONE', #3790, .T. ) ;
#1641 = CARTESIAN_POINT ( 'NONE',  ( -56.47570211126801354, 3.634858237603856512, 7.478950998705546915 ) ) ;
#1642 = CARTESIAN_POINT ( 'NONE',  ( -19.24957089205646099, 3.453713779780962501, 25.38052435408850016 ) ) ;
#1643 = CARTESIAN_POINT ( 'NONE',  ( -19.88364860576830750, 4.664142254864591663, 17.75238490036673511 ) ) ;
#1644 = TOROIDAL_SURFACE ( 'NONE', #2589, 1.249999999999993561, 0.2500000000000000000 ) ;
#1645 = CARTESIAN_POINT ( 'NONE',  ( -20.94758578749704014, 4.964764751412822363, 26.60026943616572126 ) ) ;
#1646 = ORIENTED_EDGE ( 'NONE', *, *, #2663, .F. ) ;
#1647 = VERTEX_POINT ( 'NONE', #5294 ) ;
#1648 = AXIS2_PLACEMENT_3D ( 'NONE', #3731, #5539, #1467 ) ;
#1649 = CARTESIAN_POINT ( 'NONE',  ( -48.75061110922582230, 5.987533304651476485, 27.47895099870557800 ) ) ;
#1650 = DIRECTION ( 'NONE',  ( 0.000000000000000000, -0.3903900802145399695, -0.9206495453048815225 ) ) ;
#1651 =( BOUNDED_CURVE ( )  B_SPLINE_CURVE ( 3, ( #2639, #1809, #1274, #4990 ),
 .UNSPECIFIED., .F., .F. ) 
 B_SPLINE_CURVE_WITH_KNOTS ( ( 4, 4 ),
 ( 1.570796326794896558, 2.847427060736750448 ),
 .UNSPECIFIED. ) 
 CURVE ( )  GEOMETRIC_REPRESENTATION_ITEM ( )  RATIONAL_B_SPLINE_CURVE ( ( 1.000000000000000000, 0.8687337829365234798, 0.8687337829365234798, 1.000000000000000000 ) ) 
 REPRESENTATION_ITEM ( '' )  );
#1652 = CIRCLE ( 'NONE', #3986, 1.499999999999992673 ) ;
#1653 = ORIENTED_EDGE ( 'NONE', *, *, #4627, .F. ) ;
#1654 = CARTESIAN_POINT ( 'NONE',  ( -59.13956751899814890, 12.09923050313940074, 37.47895099870589775 ) ) ;
#1655 = ADVANCED_FACE ( 'NONE', ( #3865 ), #3045, .T. ) ;
#1656 = CARTESIAN_POINT ( 'NONE',  ( -62.94955378150736180, 18.49474832895414167, 26.80841015910997882 ) ) ;
#1657 = CARTESIAN_POINT ( 'NONE',  ( -7.617084454436963803, 31.48819975961737683, 8.478950998705547804 ) ) ;
#1658 = AXIS2_PLACEMENT_3D ( 'NONE', #4710, #4206, #1973 ) ;
#1659 = CARTESIAN_POINT ( 'NONE',  ( -49.72725623369792913, 1.488199759617370610, 37.47895099870583380 ) ) ;
#1660 = CARTESIAN_POINT ( 'NONE',  ( -58.36310632131617382, 29.70170437055326929, 37.00744983898592722 ) ) ;
#1661 = CARTESIAN_POINT ( 'NONE',  ( -20.12977248878636516, 7.882129494116341561, 17.48025378985752099 ) ) ;
#1662 = EDGE_CURVE ( 'NONE', #688, #5630, #3933, .T. ) ;
#1663 = AXIS2_PLACEMENT_3D ( 'NONE', #2180, #768, #295 ) ;
#1664 = AXIS2_PLACEMENT_3D ( 'NONE', #648, #5246, #2448 ) ;
#1665 = CARTESIAN_POINT ( 'NONE',  ( -59.95563626473802543, 9.837580396848080611, 35.97750198635795726 ) ) ;
#1666 = CARTESIAN_POINT ( 'NONE',  ( -58.12953109807129692, 0.6913326415716765094, 14.43676310258543083 ) ) ;
#1667 = CARTESIAN_POINT ( 'NONE',  ( -19.89007850598816063, 5.545896509063695135, 27.58312374953695922 ) ) ;
#1668 = CARTESIAN_POINT ( 'NONE',  ( -62.96708445443707802, 9.954907637097086592, 26.01039022695080405 ) ) ;
#1669 = AXIS2_PLACEMENT_3D ( 'NONE', #392, #4403, #5322 ) ;
#1670 = DIRECTION ( 'NONE',  ( -0.9994099895679895429, -0.03434636446133743776, 9.163320840226292063E-16 ) ) ;
#1671 = EDGE_LOOP ( 'NONE', ( #3699, #5404, #1223, #2582 ) ) ;
#1672 = ORIENTED_EDGE ( 'NONE', *, *, #494, .F. ) ;
#1673 = LINE ( 'NONE', #3393, #5272 ) ;
#1674 = CARTESIAN_POINT ( 'NONE',  ( -17.71244076296226311, 12.82739977863574588, 22.85802536387728168 ) ) ;
#1675 = CARTESIAN_POINT ( 'NONE',  ( -7.617084454437069496, 3.313861130563235058, 22.47895099870554603 ) ) ;
#1676 = CARTESIAN_POINT ( 'NONE',  ( -51.67142829610084931, 0.6564899866854327914, 37.47895099870586222 ) ) ;
#1677 = EDGE_LOOP ( 'NONE', ( #2922, #776 ) ) ;
#1678 = EDGE_LOOP ( 'NONE', ( #863, #3593, #83, #1580 ) ) ;
#1679 = CARTESIAN_POINT ( 'NONE',  ( -39.45344190938374851, 3.704671272962753115, 27.47895099870356361 ) ) ;
#1680 = CARTESIAN_POINT ( 'NONE',  ( -55.18718120620251710, 27.74758780561049676, 7.478950998705546915 ) ) ;
#1681 = CARTESIAN_POINT ( 'NONE',  ( -38.48274331372347490, 14.18471601351715172, 17.47895099870555669 ) ) ;
#1682 = ORIENTED_EDGE ( 'NONE', *, *, #1285, .F. ) ;
#1683 = EDGE_CURVE ( 'NONE', #1230, #302, #3621, .T. ) ;
#1684 = CARTESIAN_POINT ( 'NONE',  ( -58.90334185056745753, 9.212585276261600953, 37.47895099870438429 ) ) ;
#1685 = CARTESIAN_POINT ( 'NONE',  ( -7.617084454437074825, 21.81511842400183454, 7.478950998705546915 ) ) ;
#1686 =( BOUNDED_CURVE ( )  B_SPLINE_CURVE ( 3, ( #2949, #2674, #894, #4873 ),
 .UNSPECIFIED., .F., .T. ) 
 B_SPLINE_CURVE_WITH_KNOTS ( ( 4, 4 ),
 ( 0.003912960592396212862, 0.008880531517165130700 ),
 .UNSPECIFIED. ) 
 CURVE ( )  GEOMETRIC_REPRESENTATION_ITEM ( )  RATIONAL_B_SPLINE_CURVE ( ( 0.5855058828899797341, 0.5136933049396129602, 0.4871148633221205060, 0.5057705580375023713 ) ) 
 REPRESENTATION_ITEM ( '' )  );
#1687 = CARTESIAN_POINT ( 'NONE',  ( -18.19678917612075608, 12.48302816796934067, 20.66386248746211862 ) ) ;
#1688 = CARTESIAN_POINT ( 'NONE',  ( -19.67369310009679140, 3.832846563066274914, 26.16142430425433574 ) ) ;
#1689 = CARTESIAN_POINT ( 'NONE',  ( -62.79767056020432392, 6.187281888232996074, 18.95313483557437806 ) ) ;
#1690 = ADVANCED_FACE ( 'NONE', ( #3537 ), #4419, .T. ) ;
#1691 = CARTESIAN_POINT ( 'NONE',  ( -61.96632500801765531, 15.98818860268039543, 27.47895099870732594 ) ) ;
#1692 = CARTESIAN_POINT ( 'NONE',  ( -62.87044169706950925, 5.739851367346062716, 19.54001089302819594 ) ) ;
#1693 = CARTESIAN_POINT ( 'NONE',  ( -61.21053491706252458, 4.742830017043783819, 13.62832641723677085 ) ) ;
#1694 = CARTESIAN_POINT ( 'NONE',  ( -7.617084454437068608, 11.27044416186716269, 22.47895099870554603 ) ) ;
#1695 = CARTESIAN_POINT ( 'NONE',  ( -54.80846605535676730, 28.29769493871587116, 7.478950998705547804 ) ) ;
#1696 = ORIENTED_EDGE ( 'NONE', *, *, #451, .T. ) ;
#1697 = EDGE_LOOP ( 'NONE', ( #2945, #1732, #2144, #2978 ) ) ;
#1698 = EDGE_CURVE ( 'NONE', #1772, #3672, #5567, .T. ) ;
#1699 = CARTESIAN_POINT ( 'NONE',  ( -17.44565637701316163, 11.58013214152625636, 26.81052370687049446 ) ) ;
#1700 = CARTESIAN_POINT ( 'NONE',  ( -1.415973459550586844, 31.48819975961737683, 36.47895099870549984 ) ) ;
#1701 = CARTESIAN_POINT ( 'NONE',  ( -20.90244422990059192, 5.916607661025667930, 27.11327057303990884 ) ) ;
#1702 = CARTESIAN_POINT ( 'NONE',  ( -62.96708445443707802, 11.46351252514374863, 20.35122793632377736 ) ) ;
#1703 = DIRECTION ( 'NONE',  ( 0.000000000000000000, 0.000000000000000000, -1.000000000000000000 ) ) ;
#1704 = VERTEX_POINT ( 'NONE', #4932 ) ;
#1705 = ORIENTED_EDGE ( 'NONE', *, *, #2959, .F. ) ;
#1706 = CARTESIAN_POINT ( 'NONE',  ( -26.60258572051514747, 8.951124027714515208, 27.47895099870872571 ) ) ;
#1707 = CARTESIAN_POINT ( 'NONE',  ( -56.41078399620725037, 27.71849557713347423, 7.478950998705546915 ) ) ;
#1708 = TOROIDAL_SURFACE ( 'NONE', #2560, 1.025000000000002576, 0.1000000000000000056 ) ;
#1709 = CARTESIAN_POINT ( 'NONE',  ( -32.81956375721082253, 11.64666303543329562, 17.47895099870822833 ) ) ;
#1710 = CARTESIAN_POINT ( 'NONE',  ( -19.89417594134906508, 5.548972626579429246, 27.57741544698777147 ) ) ;
#1711 = CARTESIAN_POINT ( 'NONE',  ( -18.41913211713870524, 3.313861130563235946, 22.18170379733813391 ) ) ;
#1712 = EDGE_LOOP ( 'NONE', ( #3376, #4757, #4485, #1705, #1881 ) ) ;
#1713 = CARTESIAN_POINT ( 'NONE',  ( -24.53480174627641830, 18.88976472217057179, 27.47895099870875413 ) ) ;
#1714 = PLANE ( 'NONE',  #2885 ) ;
#1715 = CARTESIAN_POINT ( 'NONE',  ( -58.36310632131617382, 29.70170437055326929, 37.00744983898592722 ) ) ;
#1716 = APPLICATION_PROTOCOL_DEFINITION ( 'international standard', 'config_control_design', 1994, #5306 ) ;
#1717 = CARTESIAN_POINT ( 'NONE',  ( -50.94912289839988517, 31.47889323576246667, 8.454194311943464157 ) ) ;
#1718 = PLANE ( 'NONE',  #1184 ) ;
#1719 = DIRECTION ( 'NONE',  ( -0.000000000000000000, 0.000000000000000000, -1.000000000000000000 ) ) ;
#1720 = EDGE_CURVE ( 'NONE', #4322, #10, #815, .T. ) ;
#1721 = DIRECTION ( 'NONE',  ( 4.072051880428308236E-17, 1.000000000000000000, 0.000000000000000000 ) ) ;
#1722 = DIRECTION ( 'NONE',  ( 1.000000000000000000, 0.000000000000000000, 0.000000000000000000 ) ) ;
#1723 = CARTESIAN_POINT ( 'NONE',  ( -19.82932302284560677, 5.680848175751592066, 27.63965658191558816 ) ) ;
#1724 = ORIENTED_EDGE ( 'NONE', *, *, #3361, .F. ) ;
#1725 = ORIENTED_EDGE ( 'NONE', *, *, #5611, .F. ) ;
#1726 = CARTESIAN_POINT ( 'NONE',  ( -62.53488987421359724, 15.51308929907443179, 17.49602261198881337 ) ) ;
#1727 = CARTESIAN_POINT ( 'NONE',  ( -44.96708445443707802, 4.488199759617370610, 21.41691224532954863 ) ) ;
#1728 = CARTESIAN_POINT ( 'NONE',  ( -6.727084454438630345, 30.71657414206104164, 37.45252438651124294 ) ) ;
#1729 = CARTESIAN_POINT ( 'NONE',  ( -56.84450067764510095, 3.592789062511081433, 37.47895099870589775 ) ) ;
#1730 = DIRECTION ( 'NONE',  ( 0.000000000000000000, 0.000000000000000000, -1.000000000000000000 ) ) ;
#1731 = VERTEX_POINT ( 'NONE', #5433 ) ;
#1732 = ORIENTED_EDGE ( 'NONE', *, *, #2210, .T. ) ;
#1733 = CARTESIAN_POINT ( 'NONE',  ( -42.46851764346288860, 15.52756097932459234, 27.47895099870556379 ) ) ;
#1734 = CARTESIAN_POINT ( 'NONE',  ( -19.45189545813031273, 3.578969878485897649, 19.27744331619540574 ) ) ;
#1735 = CARTESIAN_POINT ( 'NONE',  ( -22.09684589299288504, -2.324985331566420843, 17.47895099870553182 ) ) ;
#1736 = B_SPLINE_CURVE_WITH_KNOTS ( 'NONE', 3,
 ( #4159, #92, #156, #5047 ),
 .UNSPECIFIED., .F., .F.,
 ( 4, 4 ),
 ( 1.734723475976806902E-18, 0.001061072769017043114 ),
 .UNSPECIFIED. ) ;
#1737 = CARTESIAN_POINT ( 'NONE',  ( -17.80493890154922099, 3.313861130563235946, 22.47895099870554603 ) ) ;
#1738 = VERTEX_POINT ( 'NONE', #1279 ) ;
#1739 = CIRCLE ( 'NONE', #124, 3.249999999999994227 ) ;
#1740 = CARTESIAN_POINT ( 'NONE',  ( -48.67223895549338408, 25.98738914193362248, 27.47895099870557800 ) ) ;
#1741 = DIRECTION ( 'NONE',  ( 1.000000000000000000, 0.000000000000000000, 0.000000000000000000 ) ) ;
#1742 = AXIS2_PLACEMENT_3D ( 'NONE', #249, #1069, #634 ) ;
#1743 = VECTOR ( 'NONE', #5096, 1000.000000000000000 ) ;
#1744 = DIRECTION ( 'NONE',  ( -1.000000000000000000, -1.051347561198064835E-16, 0.000000000000000000 ) ) ;
#1745 = CARTESIAN_POINT ( 'NONE',  ( -20.05197665953982522, 3.550224921167538294, 25.17278934515437427 ) ) ;
#1746 = CARTESIAN_POINT ( 'NONE',  ( -44.96708445443707802, 31.48819975961736972, 26.01039022695080405 ) ) ;
#1747 = AXIS2_PLACEMENT_3D ( 'NONE', #3237, #4223, #1517 ) ;
#1748 = CARTESIAN_POINT ( 'NONE',  ( -63.30027207577290937, 15.98820347414967813, 27.47895099870501312 ) ) ;
#1749 = CARTESIAN_POINT ( 'NONE',  ( -62.43228081249978345, 4.049384550191420296, 16.98423361931064335 ) ) ;
#1750 = CARTESIAN_POINT ( 'NONE',  ( -19.88364860576848514, 4.664142254862885473, 27.20551709704227150 ) ) ;
#1751 = CARTESIAN_POINT ( 'NONE',  ( -19.12255366107843813, 3.389318964157622460, 19.74176969108294344 ) ) ;
#1752 = CONICAL_SURFACE ( 'NONE', #1456, 10.90470618302277295, 0.4549240965120665003 ) ;
#1753 = ORIENTED_EDGE ( 'NONE', *, *, #981, .T. ) ;
#1754 = CARTESIAN_POINT ( 'NONE',  ( -7.617084454437074825, 12.56748497057090397, 37.47895099870564906 ) ) ;
#1755 = DIRECTION ( 'NONE',  ( 0.000000000000000000, 7.341520781122565208E-31, -1.000000000000000000 ) ) ;
#1756 = CARTESIAN_POINT ( 'NONE',  ( -55.59872431980212326, 30.35398575551347378, 37.47895099870586932 ) ) ;
#1757 = CARTESIAN_POINT ( 'NONE',  ( -10.19725391930947289, 33.48819975961737327, 22.47895099870556379 ) ) ;
#1758 = DIRECTION ( 'NONE',  ( -0.000000000000000000, 1.000000000000000000, -0.000000000000000000 ) ) ;
#1759 = ORIENTED_EDGE ( 'NONE', *, *, #359, .T. ) ;
#1760 = EDGE_LOOP ( 'NONE', ( #4200, #1767, #4221, #3775 ) ) ;
#1761 = AXIS2_PLACEMENT_3D ( 'NONE', #5573, #2447, #4261 ) ;
#1762 = CARTESIAN_POINT ( 'NONE',  ( -63.96719814737996046, 15.98822232246922503, 27.47895099870559221 ) ) ;
#1763 = CARTESIAN_POINT ( 'NONE',  ( -20.87724653179951062, 4.615785492975526871, 18.61120696132277175 ) ) ;
#1764 = CARTESIAN_POINT ( 'NONE',  ( -7.617084454437069496, 5.541365358992296208, 22.47895099870554603 ) ) ;
#1765 = CARTESIAN_POINT ( 'NONE',  ( -19.00085360946957991, -2.218607599893485549, 27.47895099870554603 ) ) ;
#1766 = DIRECTION ( 'NONE',  ( 0.000000000000000000, 0.000000000000000000, 1.000000000000000000 ) ) ;
#1767 = ORIENTED_EDGE ( 'NONE', *, *, #4960, .F. ) ;
#1768 = CARTESIAN_POINT ( 'NONE',  ( -39.96884687127137425, 25.22620244181102933, 27.47895099870556734 ) ) ;
#1769 = CARTESIAN_POINT ( 'NONE',  ( -19.33369678368429945, 7.466458010009527690, 17.08622838939321298 ) ) ;
#1770 = EDGE_CURVE ( 'NONE', #5738, #3109, #5748, .T. ) ;
#1771 = CARTESIAN_POINT ( 'NONE',  ( -18.85401280879018415, 11.63436907040140156, 25.64986549116991199 ) ) ;
#1772 = VERTEX_POINT ( 'NONE', #1700 ) ;
#1773 = APPLICATION_PROTOCOL_DEFINITION ( 'international standard', 'config_control_design', 1994, #5001 ) ;
#1774 = CARTESIAN_POINT ( 'NONE',  ( -50.82809897733818616, 31.48186461479730269, 8.452666719766204650 ) ) ;
#1775 = CARTESIAN_POINT ( 'NONE',  ( -56.69948627718530787, 15.98824606621205113, 27.47895099870710922 ) ) ;
#1776 = DIRECTION ( 'NONE',  ( -1.000000000000000000, 0.000000000000000000, 0.000000000000000000 ) ) ;
#1777 = CARTESIAN_POINT ( 'NONE',  ( -19.49017721922976065, 3.136094095235527845, 20.70399257369518153 ) ) ;
#1778 = CARTESIAN_POINT ( 'NONE',  ( -19.67818913225982058, 11.67531028855023045, 19.35977017822175483 ) ) ;
#1779 = VERTEX_POINT ( 'NONE', #4903 ) ;
#1780 = ADVANCED_FACE ( 'NONE', ( #807 ), #2222, .T. ) ;
#1781 = ORIENTED_EDGE ( 'NONE', *, *, #5864, .T. ) ;
#1782 = CARTESIAN_POINT ( 'NONE',  ( -1.415973459550586844, 31.48819975961737683, 36.47895099870549984 ) ) ;
#1783 = CARTESIAN_POINT ( 'NONE',  ( -58.01830822603228199, 0.6189360013991931364, 26.04473864612239709 ) ) ;
#1784 = B_SPLINE_CURVE_WITH_KNOTS ( 'NONE', 3,
 ( #4827, #3909, #2063, #767, #1656, #4389, #3523, #4331, #1178, #3852, #824, #3878 ),
 .UNSPECIFIED., .F., .F.,
 ( 4, 2, 2, 2, 2, 4 ),
 ( 7.703422383034160809E-17, 0.0009783683050160417970, 0.001467552457524023664, 0.001956736610032005965, 0.002935104915047960158, 0.003913473220063914786 ),
 .UNSPECIFIED. ) ;
#1785 = EDGE_CURVE ( 'NONE', #224, #265, #2868, .T. ) ;
#1786 = CARTESIAN_POINT ( 'NONE',  ( -57.23243375543840017, 3.186356798283085379, 37.47895099870671487 ) ) ;
#1787 = ORIENTED_EDGE ( 'NONE', *, *, #3549, .F. ) ;
#1788 = ORIENTED_EDGE ( 'NONE', *, *, #4771, .F. ) ;
#1789 = AXIS2_PLACEMENT_3D ( 'NONE', #854, #881, #4894 ) ;
#1790 = CARTESIAN_POINT ( 'NONE',  ( -36.30273867581950498, 13.26307810244466090, 27.47895099870555669 ) ) ;
#1791 = CARTESIAN_POINT ( 'NONE',  ( -19.20744220784305512, 7.709515397625305688, 27.86256302912149252 ) ) ;
#1792 = DIRECTION ( 'NONE',  ( -1.000000000000000000, -1.051347561198064835E-16, 0.000000000000000000 ) ) ;
#1793 = CARTESIAN_POINT ( 'NONE',  ( -39.45344190935983875, 3.704671272950797345, 17.47895099870356006 ) ) ;
#1794 = ADVANCED_FACE ( 'NONE', ( #892, #2702 ), #836, .T. ) ;
#1795 = CARTESIAN_POINT ( 'NONE',  ( -7.617084454437069496, 0.4881997596173706655, 22.47895099870554603 ) ) ;
#1796 = ORIENTED_EDGE ( 'NONE', *, *, #5686, .T. ) ;
#1797 = CARTESIAN_POINT ( 'NONE',  ( -50.68751545482483323, 15.98896313916680434, 27.47895099870407520 ) ) ;
#1798 = AXIS2_PLACEMENT_3D ( 'NONE', #3617, #5429, #626 ) ;
#1799 = DIRECTION ( 'NONE',  ( -1.000000000000000000, 0.000000000000000000, 0.000000000000000000 ) ) ;
#1800 = ADVANCED_FACE ( 'NONE', ( #4992 ), #4456, .T. ) ;
#1801 = CARTESIAN_POINT ( 'NONE',  ( -19.89417594134799572, 5.548972626578550837, 17.38048655042170410 ) ) ;
#1802 = ORIENTED_EDGE ( 'NONE', *, *, #3873, .T. ) ;
#1803 = CARTESIAN_POINT ( 'NONE',  ( -50.44953741606693853, 31.48819975961737683, 8.463945879779602777 ) ) ;
#1804 = LOCAL_TIME ( 16, 9, 41.00000000000000000, #5574 ) ;
#1805 = EDGE_CURVE ( 'NONE', #5277, #3060, #4301, .T. ) ;
#1806 = CARTESIAN_POINT ( 'NONE',  ( -18.34077565955613309, 8.649565939055516850, 28.26881849165184235 ) ) ;
#1807 = CARTESIAN_POINT ( 'NONE',  ( -58.50361606761986621, 0.8039008819146257201, 14.69330842199595111 ) ) ;
#1808 = FACE_OUTER_BOUND ( 'NONE', #4075, .T. ) ;
#1809 = CARTESIAN_POINT ( 'NONE',  ( -7.617084454437077490, 27.65226060847525247, 3.688287025006187658 ) ) ;
#1810 = ORIENTED_EDGE ( 'NONE', *, *, #3284, .T. ) ;
#1811 = DIRECTION ( 'NONE',  ( 0.000000000000000000, -0.000000000000000000, -1.000000000000000000 ) ) ;
#1812 = CARTESIAN_POINT ( 'NONE',  ( -56.24350771458966136, 30.14850950159712895, 37.47895099870588353 ) ) ;
#1813 = CARTESIAN_POINT ( 'NONE',  ( -58.36145772712401936, 6.988199759617370610, 37.47895099870589775 ) ) ;
#1814 = CARTESIAN_POINT ( 'NONE',  ( -57.61050696422002204, 4.509099200091028159, 37.47895099870589064 ) ) ;
#1815 = ORIENTED_EDGE ( 'NONE', *, *, #3606, .T. ) ;
#1816 = ORIENTED_EDGE ( 'NONE', *, *, #4760, .F. ) ;
#1817 = CARTESIAN_POINT ( 'NONE',  ( -20.45465682311554545, 3.880971248760167747, 19.33516674185486650 ) ) ;
#1818 = CARTESIAN_POINT ( 'NONE',  ( -62.87337722672389617, 10.83684146113023417, 19.57348981032349400 ) ) ;
#1819 = CARTESIAN_POINT ( 'NONE',  ( -47.94140235537599892, 5.986111297063302139, 17.47895099870557445 ) ) ;
#1820 = CARTESIAN_POINT ( 'NONE',  ( -54.26274125576482987, 31.48819975961736972, 36.47895099870586932 ) ) ;
#1821 = EDGE_LOOP ( 'NONE', ( #2402, #2189, #4579, #2670 ) ) ;
#1822 = CONICAL_SURFACE ( 'NONE', #5148, 5.212547534731926113, 0.2215847939247934106 ) ;
#1823 = CARTESIAN_POINT ( 'NONE',  ( -63.30027207577290937, 15.98820347414967813, 27.47895099870501312 ) ) ;
#1824 = DIRECTION ( 'NONE',  ( -1.000000000000000000, 0.000000000000000000, 0.000000000000000000 ) ) ;
#1825 = FACE_OUTER_BOUND ( 'NONE', #147, .T. ) ;
#1826 = PERSON_AND_ORGANIZATION ( #131, #3688 ) ;
#1827 = CARTESIAN_POINT ( 'NONE',  ( -55.65986365927362556, 30.66011046214583402, 8.933306987134773891 ) ) ;
#1828 = CIRCLE ( 'NONE', #5721, 4.000000000000000000 ) ;
#1829 = CARTESIAN_POINT ( 'NONE',  ( -19.80480345289714350, 5.395060405736310294, 17.26744550455890348 ) ) ;
#1830 = CARTESIAN_POINT ( 'NONE',  ( -58.37451865786211158, 25.98815784728259715, 17.47895099870419955 ) ) ;
#1831 = CARTESIAN_POINT ( 'NONE',  ( -19.43789850597665847, 6.805343383158695580, 16.91213451894119402 ) ) ;
#1832 = EDGE_CURVE ( 'NONE', #670, #3581, #5020, .T. ) ;
#1833 = LINE ( 'NONE', #4563, #4736 ) ;
#1834 = CARTESIAN_POINT ( 'NONE',  ( -20.22095163448803135, 5.004078839290155400, 18.30301677331748422 ) ) ;
#1835 = CARTESIAN_POINT ( 'NONE',  ( -5.036914989564461820, 33.48819975961737327, 22.47895099870552826 ) ) ;
#1836 = CARTESIAN_POINT ( 'NONE',  ( -20.78522613852634748, 12.20406177685739380, 20.10921681793055527 ) ) ;
#1837 = EDGE_CURVE ( 'NONE', #1543, #2727, #55, .T. ) ;
#1838 = DIRECTION ( 'NONE',  ( 1.156482317317871478E-16, 1.000000000000000000, -0.000000000000000000 ) ) ;
#1839 = AXIS2_PLACEMENT_3D ( 'NONE', #5364, #4469, #1741 ) ;
#1840 = AXIS2_PLACEMENT_3D ( 'NONE', #1048, #2857, #5622 ) ;
#1841 = CARTESIAN_POINT ( 'NONE',  ( -57.58334130799384809, 3.576282089893759508, 37.47895099870507352 ) ) ;
#1842 = ORIENTED_EDGE ( 'NONE', *, *, #4888, .T. ) ;
#1843 = VERTEX_POINT ( 'NONE', #2816 ) ;
#1844 = CONICAL_SURFACE ( 'NONE', #4222, 4.080000000000002736, 0.3271361742818489349 ) ;
#1845 = DIRECTION ( 'NONE',  ( 4.072051880428308236E-17, 1.000000000000000000, 0.000000000000000000 ) ) ;
#1846 = CARTESIAN_POINT ( 'NONE',  ( -4.367808356046202434, 0.9683203726987339444, 22.47895099870554603 ) ) ;
#1847 = CARTESIAN_POINT ( 'NONE',  ( -17.27134360010585112, 12.76953779800382627, 21.63767602122046085 ) ) ;
#1848 = CARTESIAN_POINT ( 'NONE',  ( -35.61174035381947789, 1.904029178138707090, 17.47895099870286728 ) ) ;
#1849 = CARTESIAN_POINT ( 'NONE',  ( -53.14991489171426764, 0.7936874466814390905, 36.72088481441825536 ) ) ;
#1850 = AXIS2_PLACEMENT_3D ( 'NONE', #3012, #762, #2568 ) ;
#1851 = VECTOR ( 'NONE', #546, 1000.000000000000000 ) ;
#1852 = ORIENTED_EDGE ( 'NONE', *, *, #311, .T. ) ;
#1853 = ADVANCED_FACE ( 'NONE', ( #5554 ), #2305, .T. ) ;
#1854 = CARTESIAN_POINT ( 'NONE',  ( -52.67966084711438413, 25.98720572473026635, 17.47895099870753199 ) ) ;
#1855 = DIRECTION ( 'NONE',  ( -1.224646799147353207E-16, 1.416282368173845043E-32, 1.000000000000000000 ) ) ;
#1856 = CARTESIAN_POINT ( 'NONE',  ( -20.03582670676111377, 3.540769374752522403, 19.80014497940926077 ) ) ;
#1857 = PERSON_AND_ORGANIZATION ( #131, #3688 ) ;
#1858 = CARTESIAN_POINT ( 'NONE',  ( -44.96708445443707802, 27.48819975961737327, 26.01039022695080405 ) ) ;
#1859 = ADVANCED_FACE ( 'NONE', ( #1015 ), #5520, .T. ) ;
#1860 = DIRECTION ( 'NONE',  ( 1.000000000000000000, 0.000000000000000000, 0.000000000000000000 ) ) ;
#1861 = CARTESIAN_POINT ( 'NONE',  ( -31.42746716207427227, 10.98865990636457290, 27.47895099870287083 ) ) ;
#1862 = CARTESIAN_POINT ( 'NONE',  ( -56.68224120564009638, 12.06748497057090397, 37.47895099870588353 ) ) ;
#1863 = CYLINDRICAL_SURFACE ( 'NONE', #2837, 3.249999999999994227 ) ;
#1864 = DIRECTION ( 'NONE',  ( 1.156482317317871478E-16, 1.000000000000000000, -0.000000000000000000 ) ) ;
#1865 = CARTESIAN_POINT ( 'NONE',  ( -8.117084454437074825, 27.92363538815188662, 7.478950998705546915 ) ) ;
#1866 =( BOUNDED_CURVE ( )  B_SPLINE_CURVE ( 3, ( #2231, #5830, #4051, #5855 ),
 .UNSPECIFIED., .F., .T. ) 
 B_SPLINE_CURVE_WITH_KNOTS ( ( 4, 4 ),
 ( 1.570796326794896558, 3.141592653589789563 ),
 .UNSPECIFIED. ) 
 CURVE ( )  GEOMETRIC_REPRESENTATION_ITEM ( )  RATIONAL_B_SPLINE_CURVE ( ( 1.000000000000000000, 0.8047378541243658256, 0.8047378541243658256, 1.000000000000000000 ) ) 
 REPRESENTATION_ITEM ( '' )  );
#1867 = CARTESIAN_POINT ( 'NONE',  ( -19.70538877881708117, 3.400990388103121376, 24.91569582402233252 ) ) ;
#1868 = DIRECTION ( 'NONE',  ( -1.051347561198064835E-16, 1.000000000000000000, 7.341520781122565208E-31 ) ) ;
#1869 = CARTESIAN_POINT ( 'NONE',  ( -58.84908332148935273, 6.988199759617370610, 37.47895099870589775 ) ) ;
#1870 = VERTEX_POINT ( 'NONE', #1865 ) ;
#1871 = ORIENTED_EDGE ( 'NONE', *, *, #5025, .F. ) ;
#1872 = EDGE_CURVE ( 'NONE', #2760, #4312, #4874, .T. ) ;
#1873 = CARTESIAN_POINT ( 'NONE',  ( -19.33417205324958843, 7.465542960274738071, 27.87170798668006810 ) ) ;
#1874 = CARTESIAN_POINT ( 'NONE',  ( -17.03563320670845016, 12.73129413791567188, 20.19740781498577320 ) ) ;
#1875 = CARTESIAN_POINT ( 'NONE',  ( -48.71142503236998778, 15.98746122329254860, 17.47895099870557445 ) ) ;
#1876 = CARTESIAN_POINT ( 'NONE',  ( -7.320406256129452949, 30.56480140589055949, 7.478950998705546915 ) ) ;
#1877 = ORIENTED_EDGE ( 'NONE', *, *, #4553, .F. ) ;
#1878 = CARTESIAN_POINT ( 'NONE',  ( -47.13375830143258582, 25.99454548223678785, 17.47895099870643776 ) ) ;
#1879 = CARTESIAN_POINT ( 'NONE',  ( -54.08587598679418562, 30.75813838865295580, 7.478950998705274245 ) ) ;
#1880 = LINE ( 'NONE', #5867, #1548 ) ;
#1881 = ORIENTED_EDGE ( 'NONE', *, *, #3367, .T. ) ;
#1882 = DATE_AND_TIME ( #2328, #5599 ) ;
#1883 = CARTESIAN_POINT ( 'NONE',  ( -19.73766708623657706, 5.313861130563235058, 27.84218071913481651 ) ) ;
#1884 = ORIENTED_EDGE ( 'NONE', *, *, #2389, .F. ) ;
#1885 = LINE ( 'NONE', #4205, #2785 ) ;
#1886 = DIRECTION ( 'NONE',  ( -4.072051880428308236E-17, -1.000000000000000000, -0.000000000000000000 ) ) ;
#1887 = CARTESIAN_POINT ( 'NONE',  ( -55.82090348253808543, 25.98838309238536937, 27.47895099870711277 ) ) ;
#1888 = CARTESIAN_POINT ( 'NONE',  ( -19.31392313234586311, 6.721185826200695601, 16.60529611981264964 ) ) ;
#1889 = CARTESIAN_POINT ( 'NONE',  ( -7.617084454437065943, 30.48819975961736972, 22.47895099870554603 ) ) ;
#1890 = CARTESIAN_POINT ( 'NONE',  ( -57.64535690733737283, 21.81511842400183454, 8.639533499670109862 ) ) ;
#1891 = EDGE_CURVE ( 'NONE', #5703, #3060, #1736, .T. ) ;
#1892 = CARTESIAN_POINT ( 'NONE',  ( -59.21742887943671718, 7.704548349012297237, 37.00713756736515592 ) ) ;
#1893 = CARTESIAN_POINT ( 'NONE',  ( -19.30542217038542319, 3.056373159404416118, 23.50002399887174676 ) ) ;
#1894 = PLANE ( 'NONE',  #3369 ) ;
#1895 = CARTESIAN_POINT ( 'NONE',  ( -54.58495834767713717, 30.48819976130374698, 37.47895099870586932 ) ) ;
#1896 = ORIENTED_EDGE ( 'NONE', *, *, #4313, .F. ) ;
#1897 = ORIENTED_EDGE ( 'NONE', *, *, #1117, .F. ) ;
#1898 = ADVANCED_FACE ( 'NONE', ( #4127 ), #2729, .T. ) ;
#1899 = CARTESIAN_POINT ( 'NONE',  ( -19.93814438371813580, 5.206533619741510854, 27.46033457378580067 ) ) ;
#1900 = CARTESIAN_POINT ( 'NONE',  ( -19.83304474189304401, 5.990839236483141761, 27.72795919421579214 ) ) ;
#1901 = CARTESIAN_POINT ( 'NONE',  ( -17.40488101968759338, 11.80571259067692047, 18.39642289767126826 ) ) ;
#1902 = CARTESIAN_POINT ( 'NONE',  ( -21.78954945975775104, 7.800213968008899990, 17.47895099870471469 ) ) ;
#1903 = EDGE_CURVE ( 'NONE', #1731, #3033, #995, .T. ) ;
#1904 = CARTESIAN_POINT ( 'NONE',  ( -58.37419602664645879, 4.183135704770221786, 37.05304979955236178 ) ) ;
#1905 = VERTEX_POINT ( 'NONE', #2368 ) ;
#1906 = CARTESIAN_POINT ( 'NONE',  ( -56.58198413876954902, 27.92363538815189372, 7.820187886336853467 ) ) ;
#1907 = CARTESIAN_POINT ( 'NONE',  ( -32.21516789859429508, 22.39193245296134904, 17.47895099870555313 ) ) ;
#1908 = DIRECTION ( 'NONE',  ( 0.000000000000000000, -1.000000000000000000, 0.000000000000000000 ) ) ;
#1909 = PLANE ( 'NONE',  #1761 ) ;
#1910 = ORIENTED_EDGE ( 'NONE', *, *, #4220, .T. ) ;
#1911 = AXIS2_PLACEMENT_3D ( 'NONE', #2490, #2996, #179 ) ;
#1912 = CARTESIAN_POINT ( 'NONE',  ( -59.14936205452280404, 7.432637215621569204, 37.09474866910282032 ) ) ;
#1913 = CARTESIAN_POINT ( 'NONE',  ( -56.24350771458966136, 30.14850950159712895, 37.47895099870588353 ) ) ;
#1914 = CARTESIAN_POINT ( 'NONE',  ( -60.96689439278065947, 25.98821195937535578, 27.47895099870732594 ) ) ;
#1915 = CARTESIAN_POINT ( 'NONE',  ( -19.70007395961325258, 5.541365358992298873, 17.03155520014473723 ) ) ;
#1916 = DIRECTION ( 'NONE',  ( 0.000000000000000000, -1.000000000000000000, 0.000000000000000000 ) ) ;
#1917 = CARTESIAN_POINT ( 'NONE',  ( -20.27763224496990446, 5.243785838224541251, 18.14729893429580798 ) ) ;
#1918 = DIRECTION ( 'NONE',  ( 1.000000000000000000, 0.000000000000000000, 0.000000000000000000 ) ) ;
#1919 = CARTESIAN_POINT ( 'NONE',  ( -7.617084454437067720, 13.18999869135708458, 22.47895099870554603 ) ) ;
#1920 = CARTESIAN_POINT ( 'NONE',  ( -19.18799787481076535, 10.66481253400930385, 18.46594214373606135 ) ) ;
#1921 = AXIS2_PLACEMENT_3D ( 'NONE', #5275, #402, #3037 ) ;
#1922 = CARTESIAN_POINT ( 'NONE',  ( -19.53879131192332252, 6.136334923080227099, 28.19642340563260419 ) ) ;
#1923 = EDGE_LOOP ( 'NONE', ( #5174, #3573, #143, #5496 ) ) ;
#1924 = EDGE_CURVE ( 'NONE', #4847, #2760, #2126, .T. ) ;
#1925 = ORIENTED_EDGE ( 'NONE', *, *, #4149, .T. ) ;
#1926 = CARTESIAN_POINT ( 'NONE',  ( -19.88364860576848514, 4.664142254862885473, 27.20551709704227150 ) ) ;
#1927 = CIRCLE ( 'NONE', #3644, 0.5000000000000004441 ) ;
#1928 = CARTESIAN_POINT ( 'NONE',  ( -19.67824729354639501, 8.604470355801474568, 17.54838975890031705 ) ) ;
#1929 = DIRECTION ( 'NONE',  ( -1.000000000000000000, 0.000000000000000000, 0.000000000000000000 ) ) ;
#1930 = CARTESIAN_POINT ( 'NONE',  ( -32.81956375717873442, 11.64666303541724979, 27.47895099870822833 ) ) ;
#1931 = EDGE_CURVE ( 'NONE', #3218, #3358, #2085, .T. ) ;
#1932 = DIRECTION ( 'NONE',  ( -1.000000000000000000, 0.000000000000000000, 0.000000000000000000 ) ) ;
#1933 = TOROIDAL_SURFACE ( 'NONE', #2215, 4.269554592223344436, 10.00000000000000000 ) ;
#1934 = VERTEX_POINT ( 'NONE', #272 ) ;
#1935 = ORIENTED_EDGE ( 'NONE', *, *, #1416, .T. ) ;
#1936 = CARTESIAN_POINT ( 'NONE',  ( -39.62007266086814639, 14.62123179486897051, 17.47895099870556379 ) ) ;
#1937 = CARTESIAN_POINT ( 'NONE',  ( -55.38464828779685689, 30.82085047016347090, 8.989357161517965267 ) ) ;
#1938 = DIRECTION ( 'NONE',  ( -1.000000000000000000, 0.000000000000000000, 0.000000000000000000 ) ) ;
#1939 = CIRCLE ( 'NONE', #2313, 3.138583567322118295 ) ;
#1940 = CARTESIAN_POINT ( 'NONE',  ( -35.24389487463965054, 14.77548979564685006, 44.16039022695080263 ) ) ;
#1941 = PERSON_AND_ORGANIZATION ( #131, #3688 ) ;
#1942 = CARTESIAN_POINT ( 'NONE',  ( -54.69496287919428568, 31.08593873770509930, 9.032356452359023180 ) ) ;
#1943 = VERTEX_POINT ( 'NONE', #2938 ) ;
#1944 = CLOSED_SHELL ( 'NONE', ( #3826, #4951, #1607, #5814, #1057, #5760, #1501, #2765, #1153, #2048, #3275, #3021, #4775, #4109, #5544, #381, #3893, #5456, #4851, #5004, #4592, #5578, #4012, #5755, #650, #1655, #1690, #3950, #4049, #1617, #1780, #1296, #1234, #3391, #4059, #5321, #4273, #1172, #3341, #5426, #5380, #2772, #1587, #3650, #390, #5828, #2988, #2745, #603, #1433, #4929, #5710, #2634, #922, #1429, #3819, #1853, #1139, #352, #900, #3429, #4300, #4090, #4667, #2033, #3290, #4559, #5214, #2890, #5793, #5224, #500, #3891, #3829, #5819, #29, #2157, #5834, #3525, #127, #5143, #1898, #4991, #113, #3754, #5032, #4267, #3075, #3972, #3456, #989, #2728, #747, #2710, #4339, #2234, #47, #3954, #1080, #2835, #1389, #570, #4155, #1859, #3234, #1945, #5353, #1544, #2657, #1794, #3610, #2700, #1014, #1800, #2042, #5278, #2295, #2129, #3094, #3730, #2478, #961, #346, #4080, #5292, #4651, #3499, #3206, #1252, #201, #3199, #2882, #1350, #4161, #3112, #4502 ) ) ;
#1945 = ADVANCED_FACE ( 'NONE', ( #1099 ), #4715, .F. ) ;
#1946 = LINE ( 'NONE', #3765, #2800 ) ;
#1947 = CARTESIAN_POINT ( 'NONE',  ( -19.41399799085613154, 8.078310233916758065, 17.47880540334855937 ) ) ;
#1948 = CARTESIAN_POINT ( 'NONE',  ( -42.57994537308495353, 25.87592977959595686, 17.47895099870556379 ) ) ;
#1949 = CARTESIAN_POINT ( 'NONE',  ( -57.72319519651182418, 8.903481642141468200, 37.47895099870589064 ) ) ;
#1950 = DIRECTION ( 'NONE',  ( -0.1469686901035140991, -0.7896216615440324604, 0.5957330238871259009 ) ) ;
#1951 = DIRECTION ( 'NONE',  ( -1.000000000000000000, 1.156482317317871478E-16, 0.000000000000000000 ) ) ;
#1952 = CARTESIAN_POINT ( 'NONE',  ( -7.617084454436963803, 0.4881997596173706655, 22.47895099870554603 ) ) ;
#1953 = CARTESIAN_POINT ( 'NONE',  ( -20.97034469832455628, 12.79840628805549407, 22.97746093646405896 ) ) ;
#1954 = CARTESIAN_POINT ( 'NONE',  ( 2.570769992675083326, 8.413861130563230262, 22.47895099870554603 ) ) ;
#1955 = EDGE_CURVE ( 'NONE', #3143, #4141, #2888, .T. ) ;
#1956 = CARTESIAN_POINT ( 'NONE',  ( -58.13021439365741116, 30.00273796892058442, 36.98098892940099347 ) ) ;
#1957 = ORIENTED_EDGE ( 'NONE', *, *, #3348, .T. ) ;
#1958 = VERTEX_POINT ( 'NONE', #5640 ) ;
#1959 = CARTESIAN_POINT ( 'NONE',  ( -11.69770408663953631, 0.4881997596173708320, 22.47895099870554603 ) ) ;
#1960 = CARTESIAN_POINT ( 'NONE',  ( -8.117084454437073049, 18.91248979564684873, 44.01039022695080405 ) ) ;
#1961 = CARTESIAN_POINT ( 'NONE',  ( -17.84045085200608938, 12.75083559976979863, 21.54914622521995682 ) ) ;
#1962 = FACE_BOUND ( 'NONE', #3426, .T. ) ;
#1963 = CARTESIAN_POINT ( 'NONE',  ( -19.11736416341481259, 3.313861130563119151, 24.04693669813891077 ) ) ;
#1964 = ORIENTED_EDGE ( 'NONE', *, *, #104, .T. ) ;
#1965 = CARTESIAN_POINT ( 'NONE',  ( -31.42746716209035540, 10.98865990637529855, 17.47895099870287083 ) ) ;
#1966 = DIRECTION ( 'NONE',  ( 1.051347561198064835E-16, -1.000000000000000000, -7.341520781122565208E-31 ) ) ;
#1967 = EDGE_CURVE ( 'NONE', #1542, #4372, #5547, .T. ) ;
#1968 = CARTESIAN_POINT ( 'NONE',  ( -20.43900920683941180, 3.864181013607616233, 25.60240354165491539 ) ) ;
#1969 = ORIENTED_EDGE ( 'NONE', *, *, #642, .F. ) ;
#1970 = CARTESIAN_POINT ( 'NONE',  ( -58.66381808288669220, 6.988199759617372386, 37.44406739197555112 ) ) ;
#1971 = ORIENTED_EDGE ( 'NONE', *, *, #3212, .T. ) ;
#1972 = DIRECTION ( 'NONE',  ( 1.156482317317871478E-16, 1.000000000000000000, -0.000000000000000000 ) ) ;
#1973 = DIRECTION ( 'NONE',  ( -1.000000000000000000, 1.334402873966308741E-16, 0.000000000000000000 ) ) ;
#1974 = CARTESIAN_POINT ( 'NONE',  ( -53.81125372174127364, 15.98796441066853014, 17.47895099870361690 ) ) ;
#1975 = FACE_OUTER_BOUND ( 'NONE', #3841, .T. ) ;
#1976 = DIRECTION ( 'NONE',  ( -1.000000000000000000, 0.000000000000000000, 0.000000000000000000 ) ) ;
#1977 = EDGE_CURVE ( 'NONE', #3687, #5192, #3645, .T. ) ;
#1978 = AXIS2_PLACEMENT_3D ( 'NONE', #4810, #748, #660 ) ;
#1979 = CARTESIAN_POINT ( 'NONE',  ( -60.25152407932490917, 10.56403313995927995, 35.51761664132219209 ) ) ;
#1980 = DIRECTION ( 'NONE',  ( -1.000000000000000000, 0.000000000000000000, 1.387778780781444413E-14 ) ) ;
#1981 = CARTESIAN_POINT ( 'NONE',  ( -20.50780731523493117, 7.210344859968640385, 17.50910693983525590 ) ) ;
#1982 = DIRECTION ( 'NONE',  ( -1.000000000000000000, 0.000000000000000000, 6.982962677686266711E-15 ) ) ;
#1983 = ORIENTED_EDGE ( 'NONE', *, *, #3128, .F. ) ;
#1984 = EDGE_LOOP ( 'NONE', ( #1935, #5431, #2951, #1653 ) ) ;
#1985 = CARTESIAN_POINT ( 'NONE',  ( -1.849018720459671750, 0.4881997596173697218, 36.64323324488390909 ) ) ;
#1986 = CARTESIAN_POINT ( 'NONE',  ( -57.96858996797237040, 0.6228046510412035275, 14.31470003841263861 ) ) ;
#1987 = B_SPLINE_CURVE_WITH_KNOTS ( 'NONE', 3,
 ( #4931, #969, #1699, #779, #4560, #533, #501, #2334, #2296, #2617, #4118, #2585 ),
 .UNSPECIFIED., .F., .F.,
 ( 4, 2, 2, 2, 2, 4 ),
 ( 1.734723475976807094E-18, 0.0006523754906715610678, 0.001304750981343120401, 0.002609501962686240368, 0.003914252944029359901, 0.005219003925372479868 ),
 .UNSPECIFIED. ) ;
#1988 = CARTESIAN_POINT ( 'NONE',  ( -26.60258572050241099, 8.951124027708146969, 17.47895099870872215 ) ) ;
#1989 = CARTESIAN_POINT ( 'NONE',  ( -4.378500887114950224, 0.4881997596173702214, 22.47895099870554603 ) ) ;
#1990 = ORIENTED_EDGE ( 'NONE', *, *, #1924, .T. ) ;
#1991 = ORIENTED_EDGE ( 'NONE', *, *, #3726, .T. ) ;
#1992 = CARTESIAN_POINT ( 'NONE',  ( -50.67062189699620234, 5.988974256477138880, 17.47895099870407165 ) ) ;
#1993 = CARTESIAN_POINT ( 'NONE',  ( -51.87220415330266121, 31.44337518915017782, 8.543612704716686324 ) ) ;
#1994 = CARTESIAN_POINT ( 'NONE',  ( -56.59729034541700798, 3.361166728447649188, 7.891258848960063688 ) ) ;
#1995 = DIRECTION ( 'NONE',  ( -1.000000000000000000, 1.156482317317871478E-16, 0.000000000000000000 ) ) ;
#1996 = FACE_OUTER_BOUND ( 'NONE', #5345, .T. ) ;
#1997 = VERTEX_POINT ( 'NONE', #3113 ) ;
#1998 = CARTESIAN_POINT ( 'NONE',  ( -7.617084454437069496, 0.7381997596173708320, 23.72895099870553892 ) ) ;
#1999 = CARTESIAN_POINT ( 'NONE',  ( -18.87290228979218654, 8.455686784170472592, 17.21223841576059144 ) ) ;
#2000 = CARTESIAN_POINT ( 'NONE',  ( -56.94596134644174867, 10.17591563066492100, 37.47895099870590485 ) ) ;
#2001 = CARTESIAN_POINT ( 'NONE',  ( -20.90329247150467751, 5.597429201695674372, 16.62775948148326322 ) ) ;
#2002 = CARTESIAN_POINT ( 'NONE',  ( -20.17905376508063142, 7.807161761462230842, 17.47895099870530800 ) ) ;
#2003 = TOROIDAL_SURFACE ( 'NONE', #2866, 4.331990875344400749, 1.457809102190899875 ) ;
#2004 = CARTESIAN_POINT ( 'NONE',  ( -59.95766330058312832, 9.842340359330057353, 35.97445320521988776 ) ) ;
#2005 = CARTESIAN_POINT ( 'NONE',  ( -44.96708445443707802, 27.92363538815188662, 3.416912245329549513 ) ) ;
#2006 = CARTESIAN_POINT ( 'NONE',  ( -16.92333325813568479, 12.89421008019401427, 20.77150203092572767 ) ) ;
#2007 = FACE_OUTER_BOUND ( 'NONE', #5604, .T. ) ;
#2008 = DIRECTION ( 'NONE',  ( -1.000000000000000000, -1.051347561198064835E-16, 0.000000000000000000 ) ) ;
#2009 = CARTESIAN_POINT ( 'NONE',  ( -19.42191930993030979, 3.061782436409694608, 23.90939027086936974 ) ) ;
#2010 = VECTOR ( 'NONE', #159, 1000.000000000000000 ) ;
#2011 = VERTEX_POINT ( 'NONE', #3951 ) ;
#2012 = ORIENTED_EDGE ( 'NONE', *, *, #4166, .F. ) ;
#2013 = DIRECTION ( 'NONE',  ( -0.000000000000000000, 1.000000000000000000, -0.000000000000000000 ) ) ;
#2014 = CARTESIAN_POINT ( 'NONE',  ( -56.47570211126801354, 0.6877131304169179504, 7.478950998705546915 ) ) ;
#2015 = CARTESIAN_POINT ( 'NONE',  ( -19.45427095936553741, 3.581062262140850549, 19.27304503637776278 ) ) ;
#2016 = CARTESIAN_POINT ( 'NONE',  ( -50.31583746620115960, 31.38042666322718333, 7.956964339942265596 ) ) ;
#2017 = VERTEX_POINT ( 'NONE', #4426 ) ;
#2018 =( BOUNDED_CURVE ( )  B_SPLINE_CURVE ( 3, ( #4722, #4314, #1073, #2946 ),
 .UNSPECIFIED., .F., .T. ) 
 B_SPLINE_CURVE_WITH_KNOTS ( ( 4, 4 ),
 ( 4.712388980384689674, 6.283185307179586232 ),
 .UNSPECIFIED. ) 
 CURVE ( )  GEOMETRIC_REPRESENTATION_ITEM ( )  RATIONAL_B_SPLINE_CURVE ( ( 1.000000000000000000, 0.8047378541243649375, 0.8047378541243649375, 1.000000000000000000 ) ) 
 REPRESENTATION_ITEM ( '' )  );
#2019 = ORIENTED_EDGE ( 'NONE', *, *, #3247, .T. ) ;
#2020 = B_SPLINE_CURVE_WITH_KNOTS ( 'NONE', 3,
 ( #972, #2270, #2298, #2782, #5549, #5044 ),
 .UNSPECIFIED., .F., .F.,
 ( 4, 2, 4 ),
 ( 0.0003566624124194747053, 0.001235072630132347813, 0.002113482847845220974 ),
 .UNSPECIFIED. ) ;
#2021 = CARTESIAN_POINT ( 'NONE',  ( -48.75061110923621044, 5.987533304651529775, 17.47895099870557445 ) ) ;
#2022 = CARTESIAN_POINT ( 'NONE',  ( -56.12858874629110062, 28.86386093108043127, 7.478950998705546027 ) ) ;
#2023 = TOROIDAL_SURFACE ( 'NONE', #1454, 7.311528653769299169, 4.000000000000000000 ) ;
#2024 = CARTESIAN_POINT ( 'NONE',  ( -60.58059358387917115, 27.48819975961736972, 34.96685898784246405 ) ) ;
#2025 = CARTESIAN_POINT ( 'NONE',  ( -19.39091251497482205, 9.131320486984845886, 27.29138892533004324 ) ) ;
#2026 = CIRCLE ( 'NONE', #3937, 4.080000000000000071 ) ;
#2027 = ORIENTED_EDGE ( 'NONE', *, *, #383, .T. ) ;
#2028 = CARTESIAN_POINT ( 'NONE',  ( -58.87915514769841252, 8.767339161293685734, 37.47895099870589775 ) ) ;
#2029 = AXIS2_PLACEMENT_3D ( 'NONE', #466, #18, #1824 ) ;
#2030 = CARTESIAN_POINT ( 'NONE',  ( -19.04022398852511344, 8.881586249327344973, 17.59595599982051795 ) ) ;
#2031 = VECTOR ( 'NONE', #3623, 1000.000000000000000 ) ;
#2032 = CARTESIAN_POINT ( 'NONE',  ( -56.93806957263561941, 10.18902780924323181, 37.47895099870588353 ) ) ;
#2033 = ADVANCED_FACE ( 'NONE', ( #5370 ), #2057, .T. ) ;
#2034 = DIRECTION ( 'NONE',  ( 1.156482317317871478E-16, 1.000000000000000000, -0.000000000000000000 ) ) ;
#2035 = CARTESIAN_POINT ( 'NONE',  ( -4.367084941882424687, 1.337944250313410244, 28.97895002381483209 ) ) ;
#2036 = AXIS2_PLACEMENT_3D ( 'NONE', #5795, #5770, #3090 ) ;
#2037 = AXIS2_PLACEMENT_3D ( 'NONE', #3289, #2387, #3734 ) ;
#2038 = CARTESIAN_POINT ( 'NONE',  ( -59.95727666384122756, 9.841432448347605444, 35.97503471231537020 ) ) ;
#2039 = B_SPLINE_CURVE_WITH_KNOTS ( 'NONE', 3,
 ( #1100, #4244, #2040, #5614, #5698, #3856, #2909, #2966, #3444, #4337, #1602, #182, #2876, #1538, #1186, #2068 ),
 .UNSPECIFIED., .F., .F.,
 ( 4, 2, 2, 2, 2, 2, 2, 4 ),
 ( 0.006767606364717820844, 0.007614228587950905638, 0.008460850811183990433, 0.009307473034417073493, 0.01015409525765015829, 0.01100071748088324308, 0.01184733970411632788, 0.01354058415058249400 ),
 .UNSPECIFIED. ) ;
#2040 = CARTESIAN_POINT ( 'NONE',  ( -62.53653239162103006, 16.55549485371663465, 17.50323309364783597 ) ) ;
#2042 = ADVANCED_FACE ( 'NONE', ( #445 ), #1718, .T. ) ;
#2041 = CARTESIAN_POINT ( 'NONE',  ( -48.71142503235961385, 15.98746122329254860, 27.47895099870557445 ) ) ;
#2043 = CARTESIAN_POINT ( 'NONE',  ( -56.30740086420381374, 27.92363538815188306, 7.698992009971764361 ) ) ;
#2044 = CARTESIAN_POINT ( 'NONE',  ( -58.15696334954251512, 29.48862142128153607, 37.47895099870589064 ) ) ;
#2045 = VERTEX_POINT ( 'NONE', #2184 ) ;
#2046 = ORIENTED_EDGE ( 'NONE', *, *, #929, .T. ) ;
#2047 = CYLINDRICAL_SURFACE ( 'NONE', #5260, 12.99999999999999822 ) ;
#2048 = ADVANCED_FACE ( 'NONE', ( #1212 ), #4527, .T. ) ;
#2049 = CARTESIAN_POINT ( 'NONE',  ( -54.82796302891508589, 16.03947886921128685, 7.478950998705546915 ) ) ;
#2050 = CARTESIAN_POINT ( 'NONE',  ( -19.03418569466085941, 11.24679870183755881, 26.05287820672162269 ) ) ;
#2051 = CARTESIAN_POINT ( 'NONE',  ( -56.24349069469715090, 12.06748497057090397, 37.47895099870564906 ) ) ;
#2052 = CARTESIAN_POINT ( 'NONE',  ( -19.45487915596510931, 3.098539153770120347, 24.10075552849214375 ) ) ;
#2053 = ORIENTED_EDGE ( 'NONE', *, *, #4220, .F. ) ;
#2054 = ORIENTED_EDGE ( 'NONE', *, *, #561, .F. ) ;
#2055 = CARTESIAN_POINT ( 'NONE',  ( -61.96609496189014976, 5.988188602680180495, 17.47895099870732238 ) ) ;
#2056 = CARTESIAN_POINT ( 'NONE',  ( -53.72636509879156819, 29.20353066554263322, 7.478950998705546915 ) ) ;
#2057 =( BOUNDED_SURFACE ( )  B_SPLINE_SURFACE ( 3, 2, ( 
 ( #829, #3046, #1302 ),
 ( #4924, #384, #4835 ),
 ( #2578, #2211, #857 ),
 ( #4896, #1329, #5844 ),
 ( #2636, #2158, #5340 ),
 ( #1806, #2131, #2241 ),
 ( #4450, #3979, #5761 ),
 ( #5786, #4475, #4064 ) ),
 .UNSPECIFIED., .F., .F., .T. ) 
 B_SPLINE_SURFACE_WITH_KNOTS ( ( 4, 2, 2, 4 ),
 ( 3, 3 ),
 ( 0.000000000000000000, 0.001129704758049671683, 0.002259409516099343367, 0.004518819032198686733 ),
 ( 0.000000000000000000, 1.000000000000000000 ),
 .UNSPECIFIED. ) 
 GEOMETRIC_REPRESENTATION_ITEM ( )  RATIONAL_B_SPLINE_SURFACE ( (
 ( 1.000000000000000000, 0.8858398280080360676, 1.000000000000000000),
 ( 1.000000000000000000, 0.8865639331789340050, 1.000000000000000000),
 ( 1.000000000000000000, 0.8862825033300338884, 1.000000000000000000),
 ( 1.000000000000000000, 0.8835014476971716491, 1.000000000000000000),
 ( 1.000000000000000000, 0.8809823581782770807, 1.000000000000000000),
 ( 1.000000000000000000, 0.8699710454653802882, 1.000000000000000000),
 ( 1.000000000000000000, 0.8583586169612306138, 1.000000000000000000),
 ( 1.000000000000000000, 0.8430069991998363488, 1.000000000000000000) ) ) 
 REPRESENTATION_ITEM ( '' )  SURFACE ( )  );
#2058 = CARTESIAN_POINT ( 'NONE',  ( -56.39416433202342915, 3.173086470213847043, 7.798322842728732773 ) ) ;
#2059 = DIRECTION ( 'NONE',  ( -1.051347561198064835E-16, 1.000000000000000000, 7.341520781122565208E-31 ) ) ;
#2060 = ORIENTED_EDGE ( 'NONE', *, *, #4488, .F. ) ;
#2061 = B_SPLINE_CURVE_WITH_KNOTS ( 'NONE', 2,
 ( #1541, #3357, #1514 ),
 .UNSPECIFIED., .F., .F.,
 ( 3, 3 ),
 ( 0.0002916866682778973064, 0.8442162592382354003 ),
 .UNSPECIFIED. ) ;
#2062 = CARTESIAN_POINT ( 'NONE',  ( -19.34431725408296288, 7.775492295786410324, 22.47895099870553537 ) ) ;
#2063 = CARTESIAN_POINT ( 'NONE',  ( -62.96258550674271959, 19.04141529232580154, 26.45189393985793203 ) ) ;
#2064 = CARTESIAN_POINT ( 'NONE',  ( -56.72322570395736818, 10.55894060198064643, 37.47895099870589064 ) ) ;
#2065 = DIRECTION ( 'NONE',  ( -0.1522692144918284529, -0.9244059322055441230, 0.3496966668717917948 ) ) ;
#2066 = DIRECTION ( 'NONE',  ( -1.156482317317871478E-16, -1.000000000000000000, 0.000000000000000000 ) ) ;
#2067 = CARTESIAN_POINT ( 'NONE',  ( -60.37537648973080451, 10.91514656428826946, 35.31578965577688223 ) ) ;
#2068 = CARTESIAN_POINT ( 'NONE',  ( -62.96708445443703539, 20.87410537539909328, 21.41691224532952020 ) ) ;
#2069 = CARTESIAN_POINT ( 'NONE',  ( -32.81956375717873442, 11.64666303541724979, 27.47895099870822833 ) ) ;
#2070 = CARTESIAN_POINT ( 'NONE',  ( -55.90259078916442803, 27.92363538815188306, 7.546655925248997754 ) ) ;
#2071 = DIRECTION ( 'NONE',  ( -0.000000000000000000, -0.000000000000000000, 1.000000000000000000 ) ) ;
#2072 = ORIENTED_EDGE ( 'NONE', *, *, #3476, .F. ) ;
#2073 = EDGE_LOOP ( 'NONE', ( #5331, #4782, #2684, #1452 ) ) ;
#2074 = CARTESIAN_POINT ( 'NONE',  ( -19.15248412876457706, 3.329817801216539586, 20.69908591136233866 ) ) ;
#2075 = DIRECTION ( 'NONE',  ( 0.000000000000000000, -0.000000000000000000, 1.000000000000000000 ) ) ;
#2076 = DIRECTION ( 'NONE',  ( -0.000000000000000000, 0.000000000000000000, -1.000000000000000000 ) ) ;
#2077 = DIRECTION ( 'NONE',  ( -1.000000000000000000, 0.000000000000000000, 0.000000000000000000 ) ) ;
#2078 = CARTESIAN_POINT ( 'NONE',  ( -7.617084454437069496, 0.7381997596173708320, 23.97895099870554247 ) ) ;
#2079 = EDGE_LOOP ( 'NONE', ( #834, #1120, #5739, #1596 ) ) ;
#2080 = EDGE_CURVE ( 'NONE', #2011, #3876, #754, .T. ) ;
#2081 = ORIENTED_EDGE ( 'NONE', *, *, #1259, .T. ) ;
#2082 = CARTESIAN_POINT ( 'NONE',  ( -24.95023529672097240, -1.858078724398217974, 17.47895099870235569 ) ) ;
#2083 = CARTESIAN_POINT ( 'NONE',  ( -55.22645365133016782, 27.57233119555466416, 7.478950998705546027 ) ) ;
#2084 = CARTESIAN_POINT ( 'NONE',  ( -19.77038797201979747, 5.617246733006449055, 27.77038172599329968 ) ) ;
#2085 = B_SPLINE_CURVE_WITH_KNOTS ( 'NONE', 3,
 ( #4601, #539, #2340, #1892, #3711, #1447, #3264, #4185, #5079, #4628, #3742, #5109, #1037, #2845, #3771, #598, #1390, #2396, #5584, #1510, #3323, #5136, #3200, #5200, #181, #4366, #4275, #4685, #3916, #2875, #5613, #1574, #3855, #5228, #4806, #3884, #1665, #2038, #2004, #241, #4243, #2461, #744, #1154, #5671, #2491, #2551, #3352, #3383, #1066, #3798, #2908, #1979, #1631, #3477, #1127, #1537, #5168, #1185, #5253, #2067, #1601, #3411, #2523, #4744, #2965, #684, #4336, #715, #208, #4773 ),
 .UNSPECIFIED., .F., .F.,
 ( 4, 2, 2, 1, 1, 2, 2, 2, 1, 1, 1, 2, 2, 2, 1, 1, 1, 1, 2, 2, 1, 1, 1, 1, 1, 2, 2, 2, 2, 1, 1, 1, 2, 2, 2, 1, 1, 1, 1, 2, 2, 2, 1, 1, 2, 2, 4 ),
 ( 0.000000000000000000, 0.1249999999997522260, 0.1874999999996287692, 0.2187499999995680122, 0.2343749999995382027, 0.2421874999995241307, 0.2499999999995100586, 0.3124999999993989253, 0.3437499999993432476, 0.3593749999993164912, 0.3671874999993036126, 0.3710937499992959521, 0.3749999999992882360, 0.4374999999991812660, 0.4687499999991260879, 0.4843749999990988320, 0.4921874999990851762, 0.4960937499990777932, 0.4980468749990741850, 0.4999999999990705213, 0.5312499999990419886, 0.5468749999990268895, 0.5546874999990208943, 0.5585937499990181188, 0.5605468749990176747, 0.5615234374990167865, 0.5624999999990157873, 0.5937499999989664934, 0.6093749999989418464, 0.6171874999989309662, 0.6210937499989241939, 0.6230468749989180877, 0.6240234374989216404, 0.6249999999989250821, 0.6874999999990725197, 0.7187499999991471267, 0.7343749999991838751, 0.7421874999992028599, 0.7460937499992120747, 0.7480468749992187361, 0.7499999999992253974, 0.8124999999994256816, 0.8437499999995250466, 0.8593749999995751176, 0.8671874999995985434, 0.8749999999996220801, 1.000000000000000000 ),
 .UNSPECIFIED. ) ;
#2086 = CARTESIAN_POINT ( 'NONE',  ( -20.87918753796034821, 6.036149710009559577, 17.79799162416420444 ) ) ;
#2087 = ORIENTED_EDGE ( 'NONE', *, *, #4352, .T. ) ;
#2088 = CARTESIAN_POINT ( 'NONE',  ( -56.24986323139922462, 11.87701177516013296, 37.47895099870587643 ) ) ;
#2089 = DIRECTION ( 'NONE',  ( 9.157917894056882772E-16, 3.146246606263840161E-17, 1.000000000000000000 ) ) ;
#2090 =( BOUNDED_CURVE ( )  B_SPLINE_CURVE ( 2, ( #1890, #2754, #4094 ),
 .UNSPECIFIED., .F., .T. ) 
 B_SPLINE_CURVE_WITH_KNOTS ( ( 3, 3 ),
 ( 0.000000000000000000, 1.000000000000000000 ),
 .UNSPECIFIED. ) 
 CURVE ( )  GEOMETRIC_REPRESENTATION_ITEM ( )  RATIONAL_B_SPLINE_CURVE ( ( 0.9999999999999997780, 0.9246227270511087060, 0.9999999999999997780 ) ) 
 REPRESENTATION_ITEM ( '' )  );
#2091 = CARTESIAN_POINT ( 'NONE',  ( -19.36062972279938066, 2.981980030021687877, 23.43796992836281490 ) ) ;
#2092 = CARTESIAN_POINT ( 'NONE',  ( -17.71281255099217233, 12.82721037394324881, 22.86209936534894283 ) ) ;
#2093 = FACE_BOUND ( 'NONE', #3096, .T. ) ;
#2094 = CARTESIAN_POINT ( 'NONE',  ( -20.20285885873124343, 7.769247930703810923, 17.47895099870534708 ) ) ;
#2095 = B_SPLINE_CURVE_WITH_KNOTS ( 'NONE', 3,
 ( #3260, #1359, #4596, #5016, #26, #4562, #5106, #3170, #1862, #2814 ),
 .UNSPECIFIED., .F., .F.,
 ( 4, 2, 2, 2, 4 ),
 ( 0.000000000000000000, 0.2500000000000000000, 0.5000000000000000000, 0.7500000000000000000, 1.000000000000000000 ),
 .UNSPECIFIED. ) ;
#2096 = CARTESIAN_POINT ( 'NONE',  ( -7.617084454437067720, 8.413861130563232038, 22.47895099870554603 ) ) ;
#2097 = CARTESIAN_POINT ( 'NONE',  ( -59.75279874015136983, 4.488199759617370610, 11.15130690218371612 ) ) ;
#2098 = CARTESIAN_POINT ( 'NONE',  ( -16.77924948679895323, 13.05512925714282702, 22.04589536820305185 ) ) ;
#2099 = FACE_OUTER_BOUND ( 'NONE', #4359, .T. ) ;
#2100 = CARTESIAN_POINT ( 'NONE',  ( -8.117084454437074825, 12.06748497057090397, 0.000000000000000000 ) ) ;
#2101 = ORIENTED_EDGE ( 'NONE', *, *, #5249, .F. ) ;
#2102 = B_SPLINE_CURVE_WITH_KNOTS ( 'NONE', 3,
 ( #4134, #1424, #3419, #4785, #2973, #690, #5236, #1610, #3392, #2470, #1985, #1196 ),
 .UNSPECIFIED., .F., .F.,
 ( 4, 2, 2, 2, 2, 4 ),
 ( 0.000000000000000000, 0.0006872205981726085561, 0.001374441196345217112, 0.002748882392690434225, 0.004123323589035650036, 0.005497764785380865847 ),
 .UNSPECIFIED. ) ;
#2103 = VERTEX_POINT ( 'NONE', #5530 ) ;
#2104 = AXIS2_PLACEMENT_3D ( 'NONE', #4653, #153, #1951 ) ;
#2105 = CARTESIAN_POINT ( 'NONE',  ( 5.382915545562929616, 31.48659911910485576, 22.47895099870545721 ) ) ;
#2106 = CARTESIAN_POINT ( 'NONE',  ( -19.86986492834887841, 5.690868939535437043, 27.63315146258539912 ) ) ;
#2107 = CARTESIAN_POINT ( 'NONE',  ( -18.65437393778395503, 11.96743842846235317, 25.23099410314356561 ) ) ;
#2108 = DIRECTION ( 'NONE',  ( 0.7140758125113970678, -0.3325610781312623998, 0.6160347906558203412 ) ) ;
#2109 = AXIS2_PLACEMENT_3D ( 'NONE', #2943, #184, #1982 ) ;
#2110 = EDGE_CURVE ( 'NONE', #869, #481, #1088, .T. ) ;
#2111 = CARTESIAN_POINT ( 'NONE',  ( -49.72725623369793624, 0.4881997596173704435, 36.47895099870583380 ) ) ;
#2112 = VERTEX_POINT ( 'NONE', #4637 ) ;
#2113 = VERTEX_POINT ( 'NONE', #582 ) ;
#2114 = CARTESIAN_POINT ( 'NONE',  ( -29.94536424260374119, -0.5035681507112270694, 17.47895099870872215 ) ) ;
#2115 = CARTESIAN_POINT ( 'NONE',  ( -56.46708445443707802, 4.488199759617370610, 13.43255253399390270 ) ) ;
#2116 = CARTESIAN_POINT ( 'NONE',  ( -48.71142503236998778, 15.98746122329254860, 17.47895099870557445 ) ) ;
#2117 = CARTESIAN_POINT ( 'NONE',  ( -8.117084454437074825, 21.81511842400183454, 7.478950998705546915 ) ) ;
#2118 = FACE_OUTER_BOUND ( 'NONE', #5235, .T. ) ;
#2119 = AXIS2_PLACEMENT_3D ( 'NONE', #1022, #5089, #1929 ) ;
#2120 = ORIENTED_EDGE ( 'NONE', *, *, #1924, .F. ) ;
#2121 = CARTESIAN_POINT ( 'NONE',  ( -20.68265219809392264, 6.777657121363218629, 27.37885515529106684 ) ) ;
#2122 = AXIS2_PLACEMENT_3D ( 'NONE', #3020, #1719, #3530 ) ;
#2123 = CARTESIAN_POINT ( 'NONE',  ( -7.617084454436963803, 31.48819975961737683, 22.47895099870554603 ) ) ;
#2124 = VECTOR ( 'NONE', #638, 1000.000000000000000 ) ;
#2125 = CARTESIAN_POINT ( 'NONE',  ( -17.84576235677471701, 12.74745937921442263, 23.42555302731548394 ) ) ;
#2126 = CIRCLE ( 'NONE', #5449, 8.502148855810110817 ) ;
#2127 = MECHANICAL_CONTEXT ( 'NONE', #5001, 'mechanical' ) ;
#2128 = CARTESIAN_POINT ( 'NONE',  ( -52.95235272847540386, 31.37043226014183617, 8.762098864743908422 ) ) ;
#2129 = ADVANCED_FACE ( 'NONE', ( #1962, #4192 ), #3365, .T. ) ;
#2130 = AXIS2_PLACEMENT_3D ( 'NONE', #365, #4542, #394 ) ;
#2131 = CARTESIAN_POINT ( 'NONE',  ( -18.87945276388547455, 8.657313465956676168, 27.26298043527390291 ) ) ;
#2132 = CARTESIAN_POINT ( 'NONE',  ( -62.70449641647599037, 4.893630032399171270, 18.26465430026924253 ) ) ;
#2133 = CARTESIAN_POINT ( 'NONE',  ( -19.90118567667718708, 5.474427079565094445, 27.55576800690601402 ) ) ;
#2134 = DIRECTION ( 'NONE',  ( 0.1778756058487094838, 0.8982013239726731602, -0.4019883710478349692 ) ) ;
#2135 = CIRCLE ( 'NONE', #3847, 5.000000000000000888 ) ;
#2136 = CARTESIAN_POINT ( 'NONE',  ( -54.79528587896977143, 28.31144358539701855, 7.478950998705546915 ) ) ;
#2137 = VERTEX_POINT ( 'NONE', #2473 ) ;
#2138 = ORIENTED_EDGE ( 'NONE', *, *, #642, .T. ) ;
#2139 = CARTESIAN_POINT ( 'NONE',  ( -21.56661477724551546, 5.313861130563233282, 28.65147074350992895 ) ) ;
#2140 = CARTESIAN_POINT ( 'NONE',  ( -49.19889620628150340, 0.5220554245952951922, 7.478950998705547804 ) ) ;
#2141 = DIRECTION ( 'NONE',  ( 0.000000000000000000, 0.000000000000000000, 1.000000000000000000 ) ) ;
#2142 = FACE_BOUND ( 'NONE', #2327, .T. ) ;
#2143 = CARTESIAN_POINT ( 'NONE',  ( -7.617084454437069496, 3.313861130563234614, 22.47895099870554603 ) ) ;
#2144 = ORIENTED_EDGE ( 'NONE', *, *, #1008, .F. ) ;
#2145 = ORIENTED_EDGE ( 'NONE', *, *, #4259, .F. ) ;
#2146 = CARTESIAN_POINT ( 'NONE',  ( -46.46535565115236466, 16.00561588230400289, 27.47895099870556734 ) ) ;
#2147 = CARTESIAN_POINT ( 'NONE',  ( -62.96708445443707802, 6.988199759617371498, 18.62980760948487458 ) ) ;
#2148 = CARTESIAN_POINT ( 'NONE',  ( -23.25980719840109145, 18.40581620612751834, 17.47895099870872215 ) ) ;
#2149 = CARTESIAN_POINT ( 'NONE',  ( -19.32660285345185258, 2.923309226748966871, 22.72667758952550798 ) ) ;
#2150 = VERTEX_POINT ( 'NONE', #4724 ) ;
#2151 = CARTESIAN_POINT ( 'NONE',  ( -44.96708445443707802, 6.988199759617370610, 26.01039022695080405 ) ) ;
#2152 = EDGE_CURVE ( 'NONE', #4311, #1453, #5166, .T. ) ;
#2153 = CARTESIAN_POINT ( 'NONE',  ( -17.95324357171547192, 9.657106030830412635, 27.94806997077338551 ) ) ;
#2154 = DIRECTION ( 'NONE',  ( 0.000000000000000000, -1.000000000000000000, 0.000000000000000000 ) ) ;
#2155 = CARTESIAN_POINT ( 'NONE',  ( -19.81745534280009835, 4.152366628432791806, 26.63611113887215609 ) ) ;
#2156 = DIRECTION ( 'NONE',  ( 1.000000000000000000, 0.000000000000000000, 0.000000000000000000 ) ) ;
#2157 = ADVANCED_FACE ( 'NONE', ( #2502 ), #4349, .F. ) ;
#2158 = CARTESIAN_POINT ( 'NONE',  ( -18.51364514511369208, 9.510995401565839558, 27.04132434126101359 ) ) ;
#2159 = CARTESIAN_POINT ( 'NONE',  ( -62.09448991542728180, 5.255989747909026732, 15.83248370329042665 ) ) ;
#2160 = CARTESIAN_POINT ( 'NONE',  ( -62.26621295182908256, 5.350415513120884370, 16.24821749454629227 ) ) ;
#2161 = CARTESIAN_POINT ( 'NONE',  ( -20.32056470237626655, 11.75114751453159911, 19.44858992158566124 ) ) ;
#2162 = CARTESIAN_POINT ( 'NONE',  ( -53.37073797406481646, 29.43998534196558481, 7.478950998705547804 ) ) ;
#2163 = VERTEX_POINT ( 'NONE', #2051 ) ;
#2164 = CARTESIAN_POINT ( 'NONE',  ( -35.34389487463965196, 14.77548979564685006, 44.11039022695080547 ) ) ;
#2165 = CARTESIAN_POINT ( 'NONE',  ( -52.45958509950397541, 0.9210916512485747276, 7.478950998705546915 ) ) ;
#2166 = CARTESIAN_POINT ( 'NONE',  ( -54.60234787737196882, 30.48819975961737327, 37.47895099870587643 ) ) ;
#2167 = CARTESIAN_POINT ( 'NONE',  ( -59.60234763687189741, 1.276501021785024781, 26.09345581213628762 ) ) ;
#2168 = CARTESIAN_POINT ( 'NONE',  ( -7.617084454437073049, 30.48819975961737683, 7.478950998705546915 ) ) ;
#2169 = ORIENTED_EDGE ( 'NONE', *, *, #678, .F. ) ;
#2170 = ORIENTED_EDGE ( 'NONE', *, *, #1903, .T. ) ;
#2171 = CARTESIAN_POINT ( 'NONE',  ( -58.37450110393951519, 15.98815782803314534, 27.47895099870419955 ) ) ;
#2172 = CARTESIAN_POINT ( 'NONE',  ( -3.537084454436961956, 22.48477611107821161, 22.47895099870551761 ) ) ;
#2173 = VECTOR ( 'NONE', #5638, 1000.000000000000000 ) ;
#2174 = CARTESIAN_POINT ( 'NONE',  ( -53.81125372172554222, 15.98796441066853014, 27.47895099870361690 ) ) ;
#2175 = CARTESIAN_POINT ( 'NONE',  ( -19.42191930993038085, 3.061782436409745678, 21.04851172654142388 ) ) ;
#2176 = ORIENTED_EDGE ( 'NONE', *, *, #3710, .F. ) ;
#2177 = CC_DESIGN_PERSON_AND_ORGANIZATION_ASSIGNMENT ( #1857, #3700, ( #5866 ) ) ;
#2178 = CARTESIAN_POINT ( 'NONE',  ( -60.96666807380122322, 15.98821195913251891, 27.47895099870731883 ) ) ;
#2179 = CARTESIAN_POINT ( 'NONE',  ( -19.40855852976696738, 9.644783956435128758, 17.95756726456592745 ) ) ;
#2180 = CARTESIAN_POINT ( 'NONE',  ( -44.96708445443707802, 27.48819975961736972, 21.41691224532954863 ) ) ;
#2181 = ORIENTED_EDGE ( 'NONE', *, *, #4771, .T. ) ;
#2182 = CARTESIAN_POINT ( 'NONE',  ( -20.87659755527078431, 4.614262212577628475, 26.34534525503974223 ) ) ;
#2183 = CARTESIAN_POINT ( 'NONE',  ( -7.617084454437074825, 27.92363538815188662, 7.478950998705546915 ) ) ;
#2184 = CARTESIAN_POINT ( 'NONE',  ( -35.34389487463965196, 14.77548979564685006, 44.01039022695080405 ) ) ;
#2185 = CARTESIAN_POINT ( 'NONE',  ( -62.80447391534902124, 5.315782326467648033, 18.90154296072184081 ) ) ;
#2186 = EDGE_CURVE ( 'NONE', #2708, #1243, #2535, .T. ) ;
#2187 = DIRECTION ( 'NONE',  ( -1.000000000000000000, 0.000000000000000000, 0.000000000000000000 ) ) ;
#2188 = DIRECTION ( 'NONE',  ( 0.000000000000000000, 0.000000000000000000, -1.000000000000000000 ) ) ;
#2189 = ORIENTED_EDGE ( 'NONE', *, *, #1931, .F. ) ;
#2190 = CARTESIAN_POINT ( 'NONE',  ( -7.617084454437069496, 30.48819975961737683, 37.47895099870564906 ) ) ;
#2191 = CARTESIAN_POINT ( 'NONE',  ( -35.24389487463965054, 14.77548979564685006, 44.16039022695080263 ) ) ;
#2192 = DIRECTION ( 'NONE',  ( -1.224646799147353207E-16, 1.416282368173845043E-32, 1.000000000000000000 ) ) ;
#2193 = DIRECTION ( 'NONE',  ( 1.000000000000000000, -1.156482317317871478E-16, 0.000000000000000000 ) ) ;
#2194 = VERTEX_POINT ( 'NONE', #1221 ) ;
#2195 = ORIENTED_EDGE ( 'NONE', *, *, #1363, .F. ) ;
#2196 = EDGE_CURVE ( 'NONE', #1500, #1243, #4755, .T. ) ;
#2197 = CARTESIAN_POINT ( 'NONE',  ( -19.46020039785084421, 3.508281520829040989, 19.85098644732644502 ) ) ;
#2198 = CARTESIAN_POINT ( 'NONE',  ( -62.77094764457155662, 9.581759070178435422, 18.76469100427431158 ) ) ;
#2199 = CARTESIAN_POINT ( 'NONE',  ( -29.94536424261648477, -0.5035681507048577199, 27.47895099870872571 ) ) ;
#2200 = CARTESIAN_POINT ( 'NONE',  ( -8.117084454437074825, 27.42363538815188662, 0.000000000000000000 ) ) ;
#2201 = EDGE_LOOP ( 'NONE', ( #3368, #2227, #5542, #5186, #1051 ) ) ;
#2202 = CARTESIAN_POINT ( 'NONE',  ( -48.43107440575078471, 25.98634632245276777, 27.47895099870557800 ) ) ;
#2203 = FACE_OUTER_BOUND ( 'NONE', #3467, .T. ) ;
#2204 = CARTESIAN_POINT ( 'NONE',  ( -8.367084454437060614, 30.48819975961736972, 22.47895099870554603 ) ) ;
#2205 = EDGE_CURVE ( 'NONE', #5773, #2759, #1463, .T. ) ;
#2206 = EDGE_LOOP ( 'NONE', ( #5127, #4408, #1559, #2615, #5423 ) ) ;
#2207 = DIRECTION ( 'NONE',  ( -0.000000000000000000, 0.000000000000000000, -1.000000000000000000 ) ) ;
#2208 = AXIS2_PLACEMENT_3D ( 'NONE', #4276, #631, #3917 ) ;
#2209 = AXIS2_PLACEMENT_3D ( 'NONE', #334, #4594, #4011 ) ;
#2210 = EDGE_CURVE ( 'NONE', #4372, #1542, #3750, .T. ) ;
#2211 = CARTESIAN_POINT ( 'NONE',  ( -18.22077296679312752, 10.32250861514626372, 26.69427728737108296 ) ) ;
#2212 = DIRECTION ( 'NONE',  ( 0.000000000000000000, 0.000000000000000000, 1.000000000000000000 ) ) ;
#2213 = EDGE_CURVE ( 'NONE', #5362, #1772, #220, .T. ) ;
#2214 = CYLINDRICAL_SURFACE ( 'NONE', #192, 0.5000000000000004441 ) ;
#2215 = AXIS2_PLACEMENT_3D ( 'NONE', #3225, #1444, #1011 ) ;
#2216 = CARTESIAN_POINT ( 'NONE',  ( -34.31889487463964628, 14.77548979564685006, 43.55476522695079211 ) ) ;
#2217 = VERTEX_POINT ( 'NONE', #4844 ) ;
#2218 = VERTEX_POINT ( 'NONE', #5709 ) ;
#2219 = B_SPLINE_CURVE_WITH_KNOTS ( 'NONE', 3,
 ( #2848, #1040, #2342, #1482, #1981, #1017, #2307, #4245 ),
 .UNSPECIFIED., .F., .F.,
 ( 4, 2, 2, 4 ),
 ( 8.673617379884035472E-19, 0.0009480610948691081631, 0.001422091642303660239, 0.001896122189738212423 ),
 .UNSPECIFIED. ) ;
#2220 = EDGE_CURVE ( 'NONE', #2727, #1543, #5553, .T. ) ;
#2221 = AXIS2_PLACEMENT_3D ( 'NONE', #4110, #1855, #3106 ) ;
#2222 = CYLINDRICAL_SURFACE ( 'NONE', #4793, 4.000000000000000000 ) ;
#2223 = DIRECTION ( 'NONE',  ( -6.938893903907222067E-15, 0.000000000000000000, -1.000000000000000000 ) ) ;
#2224 = AXIS2_PLACEMENT_3D ( 'NONE', #4139, #5031, #1461 ) ;
#2225 = CARTESIAN_POINT ( 'NONE',  ( -55.70614444568352042, 2.724989329480262512, 37.47895099870587643 ) ) ;
#2226 = CARTESIAN_POINT ( 'NONE',  ( -58.29872882954673230, 4.058353643679374123, 37.04888672483500756 ) ) ;
#2227 = ORIENTED_EDGE ( 'NONE', *, *, #3904, .T. ) ;
#2228 = ORIENTED_EDGE ( 'NONE', *, *, #2445, .T. ) ;
#2229 = VECTOR ( 'NONE', #817, 1000.000000000000000 ) ;
#2230 = EDGE_CURVE ( 'NONE', #1731, #4311, #3433, .T. ) ;
#2231 = CARTESIAN_POINT ( 'NONE',  ( -7.617084454437074825, 22.31511842400183454, 3.916912245329549958 ) ) ;
#2232 = CARTESIAN_POINT ( 'NONE',  ( -19.32661634831297448, 2.923334419512341409, 22.71775926037382831 ) ) ;
#2233 = CARTESIAN_POINT ( 'NONE',  ( -63.96742553327887038, 5.988222325054442408, 27.47895099870559221 ) ) ;
#2234 = ADVANCED_FACE ( 'NONE', ( #2142, #5744 ), #3838, .F. ) ;
#2235 = CARTESIAN_POINT ( 'NONE',  ( -7.617084454436970908, 1.488199759617370610, 36.47895099870554247 ) ) ;
#2236 = EDGE_LOOP ( 'NONE', ( #2792, #5685, #696, #1852 ) ) ;
#2237 = CARTESIAN_POINT ( 'NONE',  ( -56.70081003749777437, 25.98824600208934044, 27.47895099870711633 ) ) ;
#2238 = DIRECTION ( 'NONE',  ( -1.000000000000000000, 0.000000000000000000, 0.000000000000000000 ) ) ;
#2239 = FACE_OUTER_BOUND ( 'NONE', #5649, .T. ) ;
#2240 = CARTESIAN_POINT ( 'NONE',  ( -52.53585044746474608, 31.40286577052368244, 8.670729174830807295 ) ) ;
#2241 = CARTESIAN_POINT ( 'NONE',  ( -19.92155218745057610, 9.098929263485928232, 27.15776742487206263 ) ) ;
#2242 = CARTESIAN_POINT ( 'NONE',  ( -62.71721706917557526, 5.203306962225305199, 19.77933971941324032 ) ) ;
#2243 = DIRECTION ( 'NONE',  ( 0.000000000000000000, 0.000000000000000000, 1.000000000000000000 ) ) ;
#2244 = DIRECTION ( 'NONE',  ( -1.000000000000000000, 0.000000000000000000, 0.000000000000000000 ) ) ;
#2245 =( BOUNDED_SURFACE ( )  B_SPLINE_SURFACE ( 3, 2, ( 
 ( #2272, #1834, #3295 ),
 ( #117, #1917, #2394 ),
 ( #3227, #3738, #5046 ),
 ( #1064, #475, #5018 ) ),
 .UNSPECIFIED., .F., .F., .T. ) 
 B_SPLINE_SURFACE_WITH_KNOTS ( ( 4, 4 ),
 ( 3, 3 ),
 ( -3.783865581974410475E-17, 0.001272501319926052765 ),
 ( 0.000000000000000000, 1.000000000000000000 ),
 .UNSPECIFIED. ) 
 GEOMETRIC_REPRESENTATION_ITEM ( )  RATIONAL_B_SPLINE_SURFACE ( (
 ( 1.000000000000000000, 0.8636053781128607554, 1.000000000000000000),
 ( 1.000000000000000000, 0.8704893975679103280, 1.000000000000000000),
 ( 1.000000000000000000, 0.8762236952885441577, 1.000000000000000000),
 ( 1.000000000000000000, 0.8815483237733685584, 1.000000000000000000) ) ) 
 REPRESENTATION_ITEM ( '' )  SURFACE ( )  );
#2246 = B_SPLINE_CURVE_WITH_KNOTS ( 'NONE', 3,
 ( #2756, #1016, #33, #2817, #4629, #1836, #5110, #3656, #3743, #1481, #1039, #2846, #2397, #4215, #1953, #3772, #1511, #3324, #4745, #1155, #685, #2492, #3353, #4686, #5201, #3799 ),
 .UNSPECIFIED., .F., .F.,
 ( 4, 2, 2, 2, 2, 2, 2, 2, 2, 2, 2, 2, 4 ),
 ( 8.498374721940738929E-18, 0.0001867366539143852958, 0.0003734733078287620807, 0.0007469466156575155962, 0.001493893231315021001, 0.002240839846972526514, 0.002987786462630032027, 0.003734733078287537974, 0.004481679693945043487, 0.005228626309602549434, 0.005602099617431306744, 0.005788836271345690170, 0.005975572925260073595 ),
 .UNSPECIFIED. ) ;
#2247 = DIRECTION ( 'NONE',  ( 0.000000000000000000, 1.000000000000000000, 0.000000000000000000 ) ) ;
#2248 = CARTESIAN_POINT ( 'NONE',  ( -19.69352951209104319, 3.034356629769199731, 20.81196175915943769 ) ) ;
#2249 = CARTESIAN_POINT ( 'NONE',  ( -60.91402050318124139, 2.246797740219796058, 26.14614708344617000 ) ) ;
#2250 = CARTESIAN_POINT ( 'NONE',  ( -57.73614448864229587, 4.711140631804756396, 37.47895099870589775 ) ) ;
#2251 = ORIENTED_EDGE ( 'NONE', *, *, #5184, .T. ) ;
#2252 = VERTEX_POINT ( 'NONE', #1166 ) ;
#2253 = CARTESIAN_POINT ( 'NONE',  ( -55.82045010703262733, 15.98838280879982143, 27.47895099870710567 ) ) ;
#2254 = CARTESIAN_POINT ( 'NONE',  ( -19.88368534552473932, 4.527727712072675992, 17.88280041636948070 ) ) ;
#2255 = CARTESIAN_POINT ( 'NONE',  ( -19.36052358646411520, 2.981808749628886090, 21.52143998354781829 ) ) ;
#2256 = CARTESIAN_POINT ( 'NONE',  ( -46.45081865679927091, 5.999005095935708631, 17.47895099870556379 ) ) ;
#2257 = EDGE_CURVE ( 'NONE', #2741, #2623, #2413, .T. ) ;
#2258 = CARTESIAN_POINT ( 'NONE',  ( -57.91767500159437532, 3.519333286428213192, 37.02755283837008449 ) ) ;
#2259 = VERTEX_POINT ( 'NONE', #1702 ) ;
#2260 = CARTESIAN_POINT ( 'NONE',  ( -34.79447726490850101, 23.48237869079923357, 27.47895099870556024 ) ) ;
#2261 = CIRCLE ( 'NONE', #1978, 3.142880749387686468 ) ;
#2262 = DIRECTION ( 'NONE',  ( -1.000000000000000000, 1.156482317317871478E-16, 0.000000000000000000 ) ) ;
#2263 = DIRECTION ( 'NONE',  ( -1.000000000000000000, 1.308814350063852933E-16, 0.000000000000000000 ) ) ;
#2264 = ORIENTED_EDGE ( 'NONE', *, *, #4352, .F. ) ;
#2265 = PERSON_AND_ORGANIZATION_ROLE ( 'classification_officer' ) ;
#2266 = CARTESIAN_POINT ( 'NONE',  ( -54.74432210789665731, 31.07111108591571735, 9.032875738862371051 ) ) ;
#2267 = CARTESIAN_POINT ( 'NONE',  ( -62.93550999182429706, 11.46351233035488093, 20.35122762623673864 ) ) ;
#2268 = AXIS2_PLACEMENT_3D ( 'NONE', #4391, #4423, #354 ) ;
#2269 = CARTESIAN_POINT ( 'NONE',  ( -42.57994537303618188, 25.87592977959215190, 27.47895099870557090 ) ) ;
#2270 = CARTESIAN_POINT ( 'NONE',  ( -19.34250833050315066, 7.722856265033606782, 17.22781534279820548 ) ) ;
#2271 = CARTESIAN_POINT ( 'NONE',  ( -54.26274125576482277, 30.48819975961737327, 37.47895099870586932 ) ) ;
#2272 = CARTESIAN_POINT ( 'NONE',  ( -19.88364860577138771, 4.664142254865415005, 17.75238490036822725 ) ) ;
#2273 = ORIENTED_EDGE ( 'NONE', *, *, #3785, .T. ) ;
#2274 = DIRECTION ( 'NONE',  ( 1.051347561198064835E-16, -1.000000000000000000, -7.341520781122565208E-31 ) ) ;
#2275 =( BOUNDED_SURFACE ( )  B_SPLINE_SURFACE ( 3, 2, ( 
 ( #1560, #734, #2086 ),
 ( #2542, #3375, #675 ),
 ( #4233, #1499, #1527 ),
 ( #4358, #5157, #3431 ),
 ( #3789, #617, #264 ),
 ( #1146, #5221, #2482 ) ),
 .UNSPECIFIED., .F., .F., .T. ) 
 B_SPLINE_SURFACE_WITH_KNOTS ( ( 4, 2, 4 ),
 ( 3, 3 ),
 ( 0.000000000000000000, 0.001243978088541648156, 0.002487956177083296312 ),
 ( 0.000000000000000000, 1.000000000000000000 ),
 .UNSPECIFIED. ) 
 GEOMETRIC_REPRESENTATION_ITEM ( )  RATIONAL_B_SPLINE_SURFACE ( (
 ( 1.000000000000000000, 0.8843611869027664385, 1.000000000000000000),
 ( 1.000000000000000000, 0.8897151006841849119, 1.000000000000000000),
 ( 1.000000000000000000, 0.8950803026540942176, 1.000000000000000000),
 ( 1.000000000000000000, 0.9068514839751690149, 1.000000000000000000),
 ( 1.000000000000000000, 0.9132783871263259190, 1.000000000000000000),
 ( 1.000000000000000000, 0.9198428124213110513, 1.000000000000000000) ) ) 
 REPRESENTATION_ITEM ( '' )  SURFACE ( )  );
#2276 = CARTESIAN_POINT ( 'NONE',  ( -19.45898052434840153, 3.038412984613480194, 24.15157714137097145 ) ) ;
#2277 = CARTESIAN_POINT ( 'NONE',  ( -11.69708445443697009, 33.48819975961737327, 22.47895099870557445 ) ) ;
#2278 = EDGE_CURVE ( 'NONE', #601, #1905, #1686, .T. ) ;
#2279 = CARTESIAN_POINT ( 'NONE',  ( -53.02870603612591793, 1.752231021440570746, 37.47895099870585511 ) ) ;
#2280 = ORIENTED_EDGE ( 'NONE', *, *, #3267, .F. ) ;
#2281 = ORIENTED_EDGE ( 'NONE', *, *, #3367, .F. ) ;
#2282 = DIRECTION ( 'NONE',  ( 0.000000000000000000, 0.000000000000000000, -1.000000000000000000 ) ) ;
#2283 = CARTESIAN_POINT ( 'NONE',  ( -19.42191930993030979, 3.061782436409694608, 23.90939027086936974 ) ) ;
#2284 = EDGE_CURVE ( 'NONE', #4165, #869, #524, .T. ) ;
#2285 = CARTESIAN_POINT ( 'NONE',  ( -63.96719814737996046, 15.98822232246922503, 27.47895099870559221 ) ) ;
#2286 = CARTESIAN_POINT ( 'NONE',  ( -53.40886132629871241, 0.8513311233937310707, 36.73917463314692355 ) ) ;
#2287 = ORIENTED_EDGE ( 'NONE', *, *, #981, .F. ) ;
#2288 = AXIS2_PLACEMENT_3D ( 'NONE', #1694, #387, #5765 ) ;
#2289 = CARTESIAN_POINT ( 'NONE',  ( -47.80129741185586312, 25.98688473127840481, 27.47895099870514102 ) ) ;
#2290 = CYLINDRICAL_SURFACE ( 'NONE', #4986, 4.000000000000000000 ) ;
#2291 = CARTESIAN_POINT ( 'NONE',  ( -20.31375697078190257, 3.743782924369770893, 19.50938763745157090 ) ) ;
#2292 = ORIENTED_EDGE ( 'NONE', *, *, #494, .T. ) ;
#2293 = SHAPE_DEFINITION_REPRESENTATION ( #5648, #975 ) ;
#2294 = FACE_OUTER_BOUND ( 'NONE', #4289, .T. ) ;
#2295 = ADVANCED_FACE ( 'NONE', ( #4458 ), #5379, .T. ) ;
#2296 = CARTESIAN_POINT ( 'NONE',  ( -16.92340001862919863, 12.89414689080216725, 24.18710534106288890 ) ) ;
#2297 = CARTESIAN_POINT ( 'NONE',  ( -56.70081003749777437, 25.98824600208934044, 27.47895099870711633 ) ) ;
#2298 = CARTESIAN_POINT ( 'NONE',  ( -19.35205014680807523, 8.000503890432108633, 17.32873315419126925 ) ) ;
#2299 = DIRECTION ( 'NONE',  ( -1.000000000000000000, 0.000000000000000000, 0.000000000000000000 ) ) ;
#2300 = DIRECTION ( 'NONE',  ( -1.000000000000000000, 1.156482317317871478E-16, 0.000000000000000000 ) ) ;
#2301 = EDGE_CURVE ( 'NONE', #1200, #5150, #1567, .T. ) ;
#2302 = CIRCLE ( 'NONE', #3453, 0.09999999999999939493 ) ;
#2303 = AXIS2_PLACEMENT_3D ( 'NONE', #1480, #507, #1417 ) ;
#2304 = B_SPLINE_CURVE_WITH_KNOTS ( 'NONE', 3,
 ( #4856, #5394, #1325, #3135, #879, #3911, #799, #4390, #3948, #4112 ),
 .UNSPECIFIED., .F., .F.,
 ( 4, 2, 2, 2, 4 ),
 ( 9.622634805888278633E-17, 0.0003348322620655827444, 0.0006696645241310693200, 0.001004496786196555896, 0.001339329048262042363 ),
 .UNSPECIFIED. ) ;
#2305 = PLANE ( 'NONE',  #5444 ) ;
#2306 = CARTESIAN_POINT ( 'NONE',  ( -19.45053711150731246, 2.782954931790305952, 22.90379456436342309 ) ) ;
#2307 = CARTESIAN_POINT ( 'NONE',  ( -20.28780019660312917, 7.633963795474337566, 17.47895099870526892 ) ) ;
#2308 = VECTOR ( 'NONE', #4319, 1000.000000000000000 ) ;
#2309 = B_SPLINE_CURVE_WITH_KNOTS ( 'NONE', 3,
 ( #4799, #5666, #4330, #2121, #3495, #3944, #1597, #5193 ),
 .UNSPECIFIED., .F., .F.,
 ( 4, 2, 2, 4 ),
 ( 0.0001330381213994971266, 0.001081054381418757168, 0.001555062511428387338, 0.002029070641438017290 ),
 .UNSPECIFIED. ) ;
#2310 = CARTESIAN_POINT ( 'NONE',  ( -58.36145772268521625, 6.505772826289783595, 37.47895099870589775 ) ) ;
#2311 = ORIENTED_EDGE ( 'NONE', *, *, #678, .T. ) ;
#2312 = CIRCLE ( 'NONE', #3080, 18.00000000000000000 ) ;
#2313 = AXIS2_PLACEMENT_3D ( 'NONE', #4162, #5557, #94 ) ;
#2314 = CARTESIAN_POINT ( 'NONE',  ( -7.617084454437069496, 30.48819975961737683, 7.478950998705546915 ) ) ;
#2315 = DIRECTION ( 'NONE',  ( 1.000000000000000000, 0.000000000000000000, -6.723292789849847356E-15 ) ) ;
#2316 = CARTESIAN_POINT ( 'NONE',  ( -18.42634134907755694, 12.25598759212494038, 20.18887481610769186 ) ) ;
#2317 = CARTESIAN_POINT ( 'NONE',  ( -47.96302992729223291, 15.98612241393803224, 17.47895099870557445 ) ) ;
#2318 = CARTESIAN_POINT ( 'NONE',  ( -19.90623961787596841, 5.478575047903643025, 27.54873611741762929 ) ) ;
#2319 = FACE_OUTER_BOUND ( 'NONE', #3566, .T. ) ;
#2320 = CIRCLE ( 'NONE', #154, 4.000000000000001776 ) ;
#2321 = ORIENTED_EDGE ( 'NONE', *, *, #5135, .T. ) ;
#2322 = CIRCLE ( 'NONE', #2522, 0.09999999999999939493 ) ;
#2323 = VERTEX_POINT ( 'NONE', #5851 ) ;
#2324 = CARTESIAN_POINT ( 'NONE',  ( -48.67223895550377222, 25.98738914193356919, 17.47895099870557445 ) ) ;
#2325 = DIRECTION ( 'NONE',  ( 1.000000000000000000, 1.051347561198064958E-16, -6.432074973931768853E-47 ) ) ;
#2326 = CARTESIAN_POINT ( 'NONE',  ( -19.70491304937730703, 3.386269837145768236, 20.06877779683355101 ) ) ;
#2327 = EDGE_LOOP ( 'NONE', ( #1299, #951 ) ) ;
#2328 = CALENDAR_DATE ( 2026, 30, 5 ) ;
#2329 = CARTESIAN_POINT ( 'NONE',  ( -53.66887457588880750, 31.29386924031924622, 8.914700015314954484 ) ) ;
#2330 = LINE ( 'NONE', #5040, #5055 ) ;
#2331 = ORIENTED_EDGE ( 'NONE', *, *, #778, .T. ) ;
#2332 = EDGE_CURVE ( 'NONE', #3051, #4165, #1237, .T. ) ;
#2333 = CARTESIAN_POINT ( 'NONE',  ( -60.58059358387918536, 12.09923050313935633, 34.96685898784244984 ) ) ;
#2334 = CARTESIAN_POINT ( 'NONE',  ( -17.00229653791349449, 12.79159945428714096, 24.59691073288546548 ) ) ;
#2335 = CARTESIAN_POINT ( 'NONE',  ( -23.25980719841383149, 18.40581620613388480, 27.47895099870872571 ) ) ;
#2336 = CARTESIAN_POINT ( 'NONE',  ( -20.05593698079048437, 5.812314155713179886, 17.54121372326974893 ) ) ;
#2337 = CARTESIAN_POINT ( 'NONE',  ( -19.90118567667617455, 5.474427079564259557, 17.40213399050366050 ) ) ;
#2338 = EDGE_CURVE ( 'NONE', #2583, #302, #4934, .T. ) ;
#2339 = EDGE_CURVE ( 'NONE', #4351, #5115, #4994, .T. ) ;
#2340 = CARTESIAN_POINT ( 'NONE',  ( -59.16652590420123659, 7.387093023327582664, 37.07289155869478492 ) ) ;
#2341 = CARTESIAN_POINT ( 'NONE',  ( -19.32256110833709783, 3.564021001362069452, 24.83207184454034078 ) ) ;
#2342 = CARTESIAN_POINT ( 'NONE',  ( -20.74088162161982751, 6.625951910697599700, 17.60627604524232126 ) ) ;
#2343 = CARTESIAN_POINT ( 'NONE',  ( -54.63231166555119955, 31.48819975961736972, 36.53227721169099595 ) ) ;
#2344 = ORIENTED_EDGE ( 'NONE', *, *, #1238, .T. ) ;
#2345 = B_SPLINE_CURVE_WITH_KNOTS ( 'NONE', 3,
 ( #5351, #5381, #3934, #1249, #5711, #3572, #5325, #4379 ),
 .UNSPECIFIED., .F., .F.,
 ( 4, 2, 2, 4 ),
 ( 0.000000000000000000, 0.0008824782790051951577, 0.001323717418507796640, 0.001764956558010398122 ),
 .UNSPECIFIED. ) ;
#2346 = ORIENTED_EDGE ( 'NONE', *, *, #3128, .T. ) ;
#2347 = CYLINDRICAL_SURFACE ( 'NONE', #3462, 4.000000000000000000 ) ;
#2348 = CARTESIAN_POINT ( 'NONE',  ( -54.82796304647945362, 1.928175168248431826, 7.478950998705546915 ) ) ;
#2349 = CARTESIAN_POINT ( 'NONE',  ( -31.42746716207427227, 10.98865990636457290, 27.47895099870287083 ) ) ;
#2350 = CARTESIAN_POINT ( 'NONE',  ( -56.98908212396253958, 2.566020507844358978, 36.97350559114061497 ) ) ;
#2351 = ORIENTED_EDGE ( 'NONE', *, *, #2458, .T. ) ;
#2352 = CARTESIAN_POINT ( 'NONE',  ( -46.47989264547780408, 26.01222666867056432, 17.47895099870556379 ) ) ;
#2353 = FACE_OUTER_BOUND ( 'NONE', #3608, .T. ) ;
#2354 = CARTESIAN_POINT ( 'NONE',  ( -20.94758578749767253, 4.964764751415163602, 18.35763256124329601 ) ) ;
#2355 = CARTESIAN_POINT ( 'NONE',  ( -7.617084454437067720, 12.38282632903052871, 22.47895099870554603 ) ) ;
#2356 = APPROVAL_STATUS ( 'not_yet_approved' ) ;
#2357 = CARTESIAN_POINT ( 'NONE',  ( -56.59272224110469551, 29.77017201543806024, 8.625340287505698811 ) ) ;
#2358 = VERTEX_POINT ( 'NONE', #3571 ) ;
#2359 = AXIS2_PLACEMENT_3D ( 'NONE', #2001, #2065, #1629 ) ;
#2360 = CARTESIAN_POINT ( 'NONE',  ( -58.84908332148935273, 6.988199759617371498, 37.47895099870591906 ) ) ;
#2361 = CARTESIAN_POINT ( 'NONE',  ( -57.18796989209123183, 30.14582275362749542, 37.39246162066197599 ) ) ;
#2362 = CARTESIAN_POINT ( 'NONE',  ( -58.37451865789524419, 25.98815784728259715, 27.47895099870420665 ) ) ;
#2363 = FACE_OUTER_BOUND ( 'NONE', #418, .T. ) ;
#2364 = B_SPLINE_CURVE_WITH_KNOTS ( 'NONE', 3,
 ( #4046, #4071, #1783, #5408, #2167, #1338, #3147, #4963, #5350, #4515, #2249, #1282, #8, #5435, #3179, #925, #2731, #5049, #1068, #574 ),
 .UNSPECIFIED., .F., .F.,
 ( 4, 2, 2, 2, 2, 1, 1, 2, 2, 2, 4 ),
 ( 0.000000000000000000, 0.2500000000000303646, 0.3750000000000455191, 0.4375000000000531242, 0.4687500000000562328, 0.4843750000000584532, 0.4921875000000588973, 0.4960937500000590639, 0.5000000000000592859, 0.7500000000000295319, 1.000000000000000000 ),
 .UNSPECIFIED. ) ;
#2365 = FACE_OUTER_BOUND ( 'NONE', #784, .T. ) ;
#2366 = DIRECTION ( 'NONE',  ( -0.000000000000000000, -0.000000000000000000, -1.000000000000000000 ) ) ;
#2367 = EDGE_CURVE ( 'NONE', #722, #5687, #2620, .T. ) ;
#2368 = CARTESIAN_POINT ( 'NONE',  ( -62.96708445443703539, 20.87410537539909328, 21.41691224532952020 ) ) ;
#2369 = CARTESIAN_POINT ( 'NONE',  ( -19.31575666456157236, 3.362395592341199446, 24.47101269376795685 ) ) ;
#2370 = CARTESIAN_POINT ( 'NONE',  ( -62.90707690871813185, 15.66187344015651561, 27.47895099870569169 ) ) ;
#2371 = CARTESIAN_POINT ( 'NONE',  ( -19.45191662288345924, 3.095235346753470562, 24.08355502823261673 ) ) ;
#2372 = VERTEX_POINT ( 'NONE', #4434 ) ;
#2373 = VERTEX_POINT ( 'NONE', #3597 ) ;
#2374 = CARTESIAN_POINT ( 'NONE',  ( -20.91483036042011889, 5.857725201687868477, 27.08826350423248996 ) ) ;
#2375 = CARTESIAN_POINT ( 'NONE',  ( -20.32677144809052550, 7.586975571019550557, 27.48445458348806625 ) ) ;
#2376 = CARTESIAN_POINT ( 'NONE',  ( -18.50414052946048926, 12.16638583519263150, 20.03225944259327207 ) ) ;
#2377 = CARTESIAN_POINT ( 'NONE',  ( -39.62007266085963408, 14.62123179486472502, 27.47895099870556379 ) ) ;
#2378 = FACE_OUTER_BOUND ( 'NONE', #984, .T. ) ;
#2379 = EDGE_CURVE ( 'NONE', #5712, #4467, #867, .T. ) ;
#2380 = ORIENTED_EDGE ( 'NONE', *, *, #5207, .T. ) ;
#2381 = CARTESIAN_POINT ( 'NONE',  ( -63.96719814737996046, 15.98822232246922503, 17.47895099870559221 ) ) ;
#2382 = CARTESIAN_POINT ( 'NONE',  ( -51.56534631834393423, 31.45791025094971971, 8.497228301401751338 ) ) ;
#2383 = CARTESIAN_POINT ( 'NONE',  ( -19.72471052080728171, 5.389159102590871164, 27.87146179231202581 ) ) ;
#2384 = CARTESIAN_POINT ( 'NONE',  ( -56.61062404300352568, 29.74451255353236334, 8.617727888909913148 ) ) ;
#2385 = ORIENTED_EDGE ( 'NONE', *, *, #743, .T. ) ;
#2386 = AXIS2_PLACEMENT_3D ( 'NONE', #5430, #3592, #1722 ) ;
#2387 = DIRECTION ( 'NONE',  ( 1.156482317317871478E-16, 1.000000000000000000, -0.000000000000000000 ) ) ;
#2388 = CARTESIAN_POINT ( 'NONE',  ( -57.00225450629372403, 30.16434301529128348, 37.42472786372965743 ) ) ;
#2389 = EDGE_CURVE ( 'NONE', #481, #1997, #2364, .T. ) ;
#2390 = VECTOR ( 'NONE', #166, 1000.000000000000000 ) ;
#2391 = CARTESIAN_POINT ( 'NONE',  ( -52.67966084711438413, 25.98720572473026635, 17.47895099870753199 ) ) ;
#2392 = DIRECTION ( 'NONE',  ( -1.000000000000000000, 0.000000000000000000, 0.000000000000000000 ) ) ;
#2393 = CARTESIAN_POINT ( 'NONE',  ( -60.58059358387917115, 18.91248979564684873, 34.96685898784246405 ) ) ;
#2394 = CARTESIAN_POINT ( 'NONE',  ( -20.98679366188871143, 5.248437652282857968, 18.16455164594401950 ) ) ;
#2395 = AXIS2_PLACEMENT_3D ( 'NONE', #5190, #228, #4260 ) ;
#2396 = CARTESIAN_POINT ( 'NONE',  ( -59.55679757263451535, 8.864882452266265034, 36.55269981721832551 ) ) ;
#2397 = CARTESIAN_POINT ( 'NONE',  ( -20.97466009131128217, 12.81762290700071105, 22.22987085630245829 ) ) ;
#2398 = CARTESIAN_POINT ( 'NONE',  ( -62.94984483691847288, 13.48374483279091862, 26.81903100271402707 ) ) ;
#2399 = CIRCLE ( 'NONE', #1639, 8.502148855810110817 ) ;
#2400 = CARTESIAN_POINT ( 'NONE',  ( -19.43507523632411349, 6.811464557859215674, 28.04697996666104487 ) ) ;
#2401 = ORIENTED_EDGE ( 'NONE', *, *, #3254, .T. ) ;
#2402 = ORIENTED_EDGE ( 'NONE', *, *, #4043, .F. ) ;
#2403 = EDGE_CURVE ( 'NONE', #2217, #1934, #5561, .T. ) ;
#2404 = CARTESIAN_POINT ( 'NONE',  ( -19.71216706199317770, 5.465015706311538324, 17.05837917889441613 ) ) ;
#2405 = CIRCLE ( 'NONE', #1180, 4.762499999999999289 ) ;
#2406 = CARTESIAN_POINT ( 'NONE',  ( -19.61817727560921298, 8.709145766474062356, 17.56708181162574789 ) ) ;
#2407 = CARTESIAN_POINT ( 'NONE',  ( -17.07661738176609489, 12.66393796910750602, 19.99639426349923710 ) ) ;
#2408 = CARTESIAN_POINT ( 'NONE',  ( -44.21106457215372387, 15.92682142205422835, 27.47895099870556734 ) ) ;
#2409 = AXIS2_PLACEMENT_3D ( 'NONE', #4001, #5809, #3975 ) ;
#2410 = ORIENTED_EDGE ( 'NONE', *, *, #778, .F. ) ;
#2411 = EDGE_CURVE ( 'NONE', #2194, #5712, #1281, .T. ) ;
#2412 = ORIENTED_EDGE ( 'NONE', *, *, #1600, .T. ) ;
#2413 = CIRCLE ( 'NONE', #1000, 4.000000000000000000 ) ;
#2414 = B_SPLINE_CURVE_WITH_KNOTS ( 'NONE', 3,
 ( #605, #3273, #3690, #1928, #2406, #3752, #2824, #1396 ),
 .UNSPECIFIED., .F., .F.,
 ( 4, 2, 2, 4 ),
 ( 4.906538933386797396E-18, 0.0007319885917819624489, 0.001097982887672943565, 0.001463977183563924681 ),
 .UNSPECIFIED. ) ;
#2415 = CARTESIAN_POINT ( 'NONE',  ( -60.96666807384985276, 15.98821195913251891, 17.47895099870731883 ) ) ;
#2416 = CARTESIAN_POINT ( 'NONE',  ( -1.415973459550811553, 31.48819975961737683, 8.478950998705547804 ) ) ;
#2417 = AXIS2_PLACEMENT_3D ( 'NONE', #485, #2737, #2282 ) ;
#2418 = CARTESIAN_POINT ( 'NONE',  ( -19.70491304937731414, 3.386269837145776229, 24.88912420057752684 ) ) ;
#2419 = AXIS2_PLACEMENT_3D ( 'NONE', #1007, #1059, #621 ) ;
#2420 = FACE_BOUND ( 'NONE', #4399, .T. ) ;
#2421 = CARTESIAN_POINT ( 'NONE',  ( -59.14936203728208142, 6.988199759617370610, 37.09474869116206719 ) ) ;
#2422 = ORIENTED_EDGE ( 'NONE', *, *, #4236, .T. ) ;
#2423 = DIRECTION ( 'NONE',  ( 1.000000000000000000, 0.000000000000000000, -1.224646799147353207E-16 ) ) ;
#2424 = CARTESIAN_POINT ( 'NONE',  ( -3.285093579092667415, 11.40583957164735196, 22.47895099870554603 ) ) ;
#2425 = CARTESIAN_POINT ( 'NONE',  ( -24.53480174626044885, 18.88976472215459168, 17.47895099870874702 ) ) ;
#2426 = CARTESIAN_POINT ( 'NONE',  ( -58.36145772712401936, 6.988199759617370610, 37.47895099870589775 ) ) ;
#2427 = CARTESIAN_POINT ( 'NONE',  ( -19.33385519308135869, 7.466152989900602499, 27.87168509414729556 ) ) ;
#2428 = CARTESIAN_POINT ( 'NONE',  ( -20.15469409022037084, 7.844790676516218753, 17.47939274072435722 ) ) ;
#2429 = LINE ( 'NONE', #2005, #2692 ) ;
#2430 = CARTESIAN_POINT ( 'NONE',  ( -62.92661214140660064, 14.37635457121566773, 27.22321935562814588 ) ) ;
#2431 = CARTESIAN_POINT ( 'NONE',  ( -57.73420541811480433, 29.13087233653972064, 37.47895099870589064 ) ) ;
#2432 = ORIENTED_EDGE ( 'NONE', *, *, #412, .T. ) ;
#2433 = ORIENTED_EDGE ( 'NONE', *, *, #1539, .T. ) ;
#2434 = DIRECTION ( 'NONE',  ( 1.000000000000000000, -4.170008355713478877E-17, 0.000000000000000000 ) ) ;
#2435 = CARTESIAN_POINT ( 'NONE',  ( -20.22720269320462094, 5.937643909772091888, 27.13641036637260129 ) ) ;
#2436 = CARTESIAN_POINT ( 'NONE',  ( -17.74984123759695365, 12.04974402304323178, 19.83731034613964894 ) ) ;
#2437 = CARTESIAN_POINT ( 'NONE',  ( -42.46851764345066016, 15.52756097931846746, 17.47895099870556379 ) ) ;
#2438 = EDGE_CURVE ( 'NONE', #4219, #1050, #1169, .T. ) ;
#2439 = DIRECTION ( 'NONE',  ( -1.000000000000000000, 0.000000000000000000, 0.000000000000000000 ) ) ;
#2440 = ORIENTED_EDGE ( 'NONE', *, *, #5014, .T. ) ;
#2441 =( BOUNDED_SURFACE ( )  B_SPLINE_SURFACE ( 3, 2, ( 
 ( #5437, #4047, #4163 ),
 ( #2343, #1339, #1895 ),
 ( #4935, #3148, #2707 ),
 ( #4517, #455, #5113 ),
 ( #3774, #5205, #4657 ),
 ( #3326, #4689, #3746 ),
 ( #5587, #575, #4748 ),
 ( #5082, #4309, #3269 ),
 ( #1956, #4246, #5616 ),
 ( #4280, #2044, #2431 ) ),
 .UNSPECIFIED., .F., .F., .F. ) 
 B_SPLINE_SURFACE_WITH_KNOTS ( ( 4, 2, 2, 2, 4 ),
 ( 3, 3 ),
 ( 0.01470340161207917343, 0.01565306248698528774, 0.01660272336189140552, 0.01755238423679752330, 0.01850204511170363761 ),
 ( 0.000000000000000000, 1.000000000000000000 ),
 .UNSPECIFIED. ) 
 GEOMETRIC_REPRESENTATION_ITEM ( )  RATIONAL_B_SPLINE_SURFACE ( (
 ( 1.000000000000000000, 0.7071067811865475727, 1.000000000000000000),
 ( 1.000000000000000000, 0.7259594202383320427, 1.000000000000000000),
 ( 1.000000000000000000, 0.7435257449636529792, 1.000000000000000000),
 ( 1.000000000000000000, 0.7764249156891146475, 1.000000000000000000),
 ( 1.000000000000000000, 0.7917598948347903676, 1.000000000000000000),
 ( 1.000000000000000000, 0.8204393269547674006, 1.000000000000000000),
 ( 1.000000000000000000, 0.8333935255020298305, 1.000000000000000000),
 ( 1.000000000000000000, 0.8564636112171079008, 1.000000000000000000),
 ( 1.000000000000000000, 0.8666770225717165266, 1.000000000000000000),
 ( 1.000000000000000000, 0.8748037028500191825, 1.000000000000000000) ) ) 
 REPRESENTATION_ITEM ( '' )  SURFACE ( )  );
#2442 = VERTEX_POINT ( 'NONE', #4216 ) ;
#2443 = CARTESIAN_POINT ( 'NONE',  ( -29.94536424261648477, -0.5035681507048577199, 27.47895099870872571 ) ) ;
#2444 = CARTESIAN_POINT ( 'NONE',  ( -55.23124154228305827, 30.06684793323598726, 7.478950998705409248 ) ) ;
#2445 = EDGE_CURVE ( 'NONE', #730, #4329, #1939, .T. ) ;
#2446 = DIRECTION ( 'NONE',  ( 1.156482317317871478E-16, 1.000000000000000000, -0.000000000000000000 ) ) ;
#2447 = DIRECTION ( 'NONE',  ( 1.051347561198064835E-16, -1.000000000000000000, -7.341520781122565208E-31 ) ) ;
#2448 = DIRECTION ( 'NONE',  ( -1.000000000000000000, 0.000000000000000000, 0.000000000000000000 ) ) ;
#2449 = ORIENTED_EDGE ( 'NONE', *, *, #271, .F. ) ;
#2450 = EDGE_CURVE ( 'NONE', #1738, #3876, #2219, .T. ) ;
#2451 = CARTESIAN_POINT ( 'NONE',  ( -7.972113761207653582, 27.90215759046290245, 3.438390043018537234 ) ) ;
#2452 = APPROVAL_PERSON_ORGANIZATION ( #3526, #4984, #559 ) ;
#2453 = CARTESIAN_POINT ( 'NONE',  ( -19.67471088461815754, 8.610554992001850039, 17.54940373187068303 ) ) ;
#2454 = CARTESIAN_POINT ( 'NONE',  ( -46.47989264547780408, 26.01222666867056432, 17.47895099870556379 ) ) ;
#2455 = CARTESIAN_POINT ( 'NONE',  ( -57.25218474371497734, 9.681455509156082329, 37.47895099870589064 ) ) ;
#2456 = CARTESIAN_POINT ( 'NONE',  ( -7.617084454437069496, 0.4881997596173706655, 22.47895099870554603 ) ) ;
#2457 = CARTESIAN_POINT ( 'NONE',  ( -10.86636055282793656, 0.9683203726987330562, 28.97750319548728370 ) ) ;
#2458 = EDGE_CURVE ( 'NONE', #2323, #2892, #3202, .T. ) ;
#2459 = AXIS2_PLACEMENT_3D ( 'NONE', #357, #4509, #5402 ) ;
#2460 = B_SPLINE_CURVE_WITH_KNOTS ( 'NONE', 3,
 ( #4430, #330, #1636, #5766, #360, #1695, #2136, #720, #275, #3889, #2614, #3506, #5317, #3481, #3533, #2162, #2556, #3955, #3448, #5736, #4900, #5702, #4534, #1242, #5259, #1275, #3050, #3984, #3002, #5289, #5791, #4812 ),
 .UNSPECIFIED., .F., .F.,
 ( 4, 1, 1, 1, 1, 2, 2, 2, 1, 1, 1, 1, 1, 2, 2, 1, 1, 1, 1, 1, 2, 2, 4 ),
 ( 0.000000000000000000, 0.06250000000000138778, 0.09375000000000266454, 0.1093750000000024425, 0.1171875000000031364, 0.1210937500000034833, 0.1250000000000038303, 0.2499999999999517053, 0.3749999999998995803, 0.4374999999998741007, 0.4687499999998613331, 0.4843749999998550049, 0.4921874999998539502, 0.4960937499998545053, 0.4999999999998551159, 0.6249999999998938627, 0.6874999999999116262, 0.7187499999999206191, 0.7343749999999250599, 0.7421874999999286127, 0.7460937499999301670, 0.7499999999999317213, 1.000000000000000000 ),
 .UNSPECIFIED. ) ;
#2461 = CARTESIAN_POINT ( 'NONE',  ( -60.06355766978426658, 10.09306804223049525, 35.81329336862291512 ) ) ;
#2462 = CARTESIAN_POINT ( 'NONE',  ( -60.05421402429669797, 0.7075347462446683888, 11.58544013428331354 ) ) ;
#2463 = CARTESIAN_POINT ( 'NONE',  ( -16.77056778239393964, 13.06352996580510251, 22.26297113126851812 ) ) ;
#2464 = DIRECTION ( 'NONE',  ( 0.000000000000000000, 1.000000000000000000, 0.000000000000000000 ) ) ;
#2465 = DIRECTION ( 'NONE',  ( 1.156482317317871478E-16, 1.000000000000000000, -0.000000000000000000 ) ) ;
#2466 = CARTESIAN_POINT ( 'NONE',  ( -19.17563341783332120, 7.017461367210557022, 28.39659301350338438 ) ) ;
#2467 = ORIENTED_EDGE ( 'NONE', *, *, #578, .F. ) ;
#2468 = B_SPLINE_CURVE_WITH_KNOTS ( 'NONE', 3,
 ( #11, #2680, #4491, #370, #398, #2712, #3994, #4521, #4910, #428, #843, #459 ),
 .UNSPECIFIED., .F., .F.,
 ( 4, 2, 2, 2, 2, 4 ),
 ( 0.02818220172105208310, 0.02943899925795168127, 0.03006739802640148382, 0.03069579679485128290, 0.03195259433175088454, 0.03320939186865048270 ),
 .UNSPECIFIED. ) ;
#2469 = ORIENTED_EDGE ( 'NONE', *, *, #5249, .T. ) ;
#2470 = CARTESIAN_POINT ( 'NONE',  ( -2.282087968125477762, 0.5267283116588663550, 36.78468772562051470 ) ) ;
#2471 = CARTESIAN_POINT ( 'NONE',  ( -4.474203705049382584, 0.6171992533958656768, 22.47895099870554603 ) ) ;
#2472 = EDGE_CURVE ( 'NONE', #5070, #869, #2788, .T. ) ;
#2473 = CARTESIAN_POINT ( 'NONE',  ( -7.617084454437074825, 18.41248979564684873, 37.47895099870564906 ) ) ;
#2474 = CARTESIAN_POINT ( 'NONE',  ( -19.70491304938132160, 3.386269837150957862, 24.88912420058701969 ) ) ;
#2475 = ORIENTED_EDGE ( 'NONE', *, *, #3139, .F. ) ;
#2476 = ORIENTED_EDGE ( 'NONE', *, *, #375, .T. ) ;
#2477 = CARTESIAN_POINT ( 'NONE',  ( -63.96742553327887038, 5.988222325054442408, 17.47895099870559221 ) ) ;
#2478 = ADVANCED_FACE ( 'NONE', ( #4656 ), #1894, .T. ) ;
#2479 = CARTESIAN_POINT ( 'NONE',  ( -56.34863644549949413, 28.20438799360793425, 7.478950998705475861 ) ) ;
#2480 =( BOUNDED_CURVE ( )  B_SPLINE_CURVE ( 3, ( #3713, #68, #2757, #1450 ),
 .UNSPECIFIED., .F., .T. ) 
 B_SPLINE_CURVE_WITH_KNOTS ( ( 4, 4 ),
 ( 0.02126412845293458587, 0.02735162597725372680 ),
 .UNSPECIFIED. ) 
 CURVE ( )  GEOMETRIC_REPRESENTATION_ITEM ( )  RATIONAL_B_SPLINE_CURVE ( ( 0.5249516206582586220, 0.4775239150197639337, 0.4977086690970029537, 0.5855058828899756262 ) ) 
 REPRESENTATION_ITEM ( '' )  );
#2481 = DIRECTION ( 'NONE',  ( -0.8817376198249786690, 0.4717401507030979935, 0.000000000000000000 ) ) ;
#2482 = CARTESIAN_POINT ( 'NONE',  ( -20.12977248878093661, 7.882129494124446190, 17.48025378985770928 ) ) ;
#2483 = ORIENTED_EDGE ( 'NONE', *, *, #4620, .F. ) ;
#2484 = EDGE_CURVE ( 'NONE', #2259, #1050, #2480, .T. ) ;
#2485 = DIRECTION ( 'NONE',  ( -0.000000000000000000, 0.000000000000000000, -1.000000000000000000 ) ) ;
#2486 = CARTESIAN_POINT ( 'NONE',  ( -18.72698563898022783, 8.829282549463529861, 17.30661079606801422 ) ) ;
#2487 = CARTESIAN_POINT ( 'NONE',  ( -47.71350279509915282, 15.98723345079319103, 17.47895099870513747 ) ) ;
#2488 = CARTESIAN_POINT ( 'NONE',  ( -57.29864146897491395, 9.606828294532567369, 37.47895099870590485 ) ) ;
#2489 = CARTESIAN_POINT ( 'NONE',  ( -7.617084454437069496, 0.5881997596173700327, 22.47895099870554603 ) ) ;
#2490 = CARTESIAN_POINT ( 'NONE',  ( -7.617084454437067720, 12.38282632903052871, 22.47895099870554603 ) ) ;
#2491 = CARTESIAN_POINT ( 'NONE',  ( -60.09010009940746500, 10.15671915991439356, 35.77227538463291978 ) ) ;
#2492 = CARTESIAN_POINT ( 'NONE',  ( -20.73790299377326818, 12.11164281198733583, 25.00470211079488791 ) ) ;
#2493 = EDGE_CURVE ( 'NONE', #670, #2708, #5022, .T. ) ;
#2494 = CARTESIAN_POINT ( 'NONE',  ( -53.81125372172554222, 15.98796441066853014, 27.47895099870361690 ) ) ;
#2495 = CARTESIAN_POINT ( 'NONE',  ( -19.01284507188463380, 7.298941884571735095, 28.41112771825282834 ) ) ;
#2496 = AXIS2_PLACEMENT_3D ( 'NONE', #1764, #5724, #1179 ) ;
#2497 = EDGE_LOOP ( 'NONE', ( #3716, #5647, #3898, #2145, #388 ) ) ;
#2498 = ORIENTED_EDGE ( 'NONE', *, *, #883, .F. ) ;
#2499 = CARTESIAN_POINT ( 'NONE',  ( -19.31519521437150289, 3.414314437777865585, 20.14745115908581141 ) ) ;
#2500 = CARTESIAN_POINT ( 'NONE',  ( -54.82796302891508589, 2.781516715590360178, 7.478950998705546915 ) ) ;
#2501 = CARTESIAN_POINT ( 'NONE',  ( -18.92272336894547280, 11.51302469819070673, 25.79594540493433996 ) ) ;
#2502 = FACE_OUTER_BOUND ( 'NONE', #3620, .T. ) ;
#2503 = CARTESIAN_POINT ( 'NONE',  ( -19.31527651580793048, 3.414375706792913689, 24.81044563213328402 ) ) ;
#2504 = ORIENTED_EDGE ( 'NONE', *, *, #14, .T. ) ;
#2505 = ORIENTED_EDGE ( 'NONE', *, *, #5637, .F. ) ;
#2506 = AXIS2_PLACEMENT_3D ( 'NONE', #3230, #5521, #5048 ) ;
#2507 = CIRCLE ( 'NONE', #1839, 1.025000000000005018 ) ;
#2508 = CARTESIAN_POINT ( 'NONE',  ( -47.62570817833370995, 5.987582170307936380, 17.47895099870513747 ) ) ;
#2509 = CARTESIAN_POINT ( 'NONE',  ( -62.96708445443706381, 6.813525868612750891, 18.67918830578117095 ) ) ;
#2510 = CARTESIAN_POINT ( 'NONE',  ( -12.70493890154921601, 8.413861130563232038, 22.47895099870554603 ) ) ;
#2511 = DIRECTION ( 'NONE',  ( -1.000000000000000000, -1.051347561198064835E-16, 0.000000000000000000 ) ) ;
#2512 = CIRCLE ( 'NONE', #1565, 5.212547534731926113 ) ;
#2513 = AXIS2_PLACEMENT_3D ( 'NONE', #5399, #3529, #1239 ) ;
#2514 = VERTEX_POINT ( 'NONE', #5139 ) ;
#2515 = DIRECTION ( 'NONE',  ( 0.000000000000000000, -0.3903900802144513182, 0.9206495453049191591 ) ) ;
#2516 = DIRECTION ( 'NONE',  ( -0.9994099895679895429, -0.03434636446133743776, 9.163320840226292063E-16 ) ) ;
#2517 = TOROIDAL_SURFACE ( 'NONE', #4794, 7.311528653769299169, 4.000000000000000000 ) ;
#2518 = CARTESIAN_POINT ( 'NONE',  ( -56.59698649236869983, 10.80335506906274290, 37.47895099870589064 ) ) ;
#2519 = CARTESIAN_POINT ( 'NONE',  ( -10.19725391930947822, 33.48819975961737327, 22.47895099870556379 ) ) ;
#2520 = CARTESIAN_POINT ( 'NONE',  ( -20.61708445443706594, 0.4881997596173712206, 22.47895099870554603 ) ) ;
#2521 = EDGE_CURVE ( 'NONE', #1542, #5773, #2992, .T. ) ;
#2522 = AXIS2_PLACEMENT_3D ( 'NONE', #5513, #4151, #3792 ) ;
#2523 = CARTESIAN_POINT ( 'NONE',  ( -60.47422518824176763, 11.26270164249675076, 35.14984057945849116 ) ) ;
#2524 = DIRECTION ( 'NONE',  ( -0.000000000000000000, 1.000000000000000000, -0.000000000000000000 ) ) ;
#2525 = EDGE_CURVE ( 'NONE', #2323, #616, #4567, .T. ) ;
#2526 = CARTESIAN_POINT ( 'NONE',  ( -21.78954945975391766, 7.800213968007166265, 27.47895099870471824 ) ) ;
#2527 = DIRECTION ( 'NONE',  ( 0.000000000000000000, 1.000000000000000000, 0.000000000000000000 ) ) ;
#2528 = CARTESIAN_POINT ( 'NONE',  ( -19.98233049905810432, 6.086640290925765306, 27.55362710318081909 ) ) ;
#2529 = ORIENTED_EDGE ( 'NONE', *, *, #4332, .F. ) ;
#2530 = ORIENTED_EDGE ( 'NONE', *, *, #1400, .T. ) ;
#2531 = EDGE_CURVE ( 'NONE', #2017, #4901, #5081, .T. ) ;
#2532 = CARTESIAN_POINT ( 'NONE',  ( -19.03831726883696973, 3.362318581962651542, 19.88824767289466067 ) ) ;
#2533 = CARTESIAN_POINT ( 'NONE',  ( -56.47570211126801354, 16.03947886921128685, 7.478950998705546915 ) ) ;
#2534 = CARTESIAN_POINT ( 'NONE',  ( -18.07783242262233614, 10.82178122703441225, 26.37353423453911105 ) ) ;
#2535 = LINE ( 'NONE', #1199, #2308 ) ;
#2536 = DIRECTION ( 'NONE',  ( -0.3218140329526610888, -0.9468028982817614514, -0.000000000000000000 ) ) ;
#2537 = ORIENTED_EDGE ( 'NONE', *, *, #135, .T. ) ;
#2538 = ORIENTED_EDGE ( 'NONE', *, *, #2389, .T. ) ;
#2539 = CARTESIAN_POINT ( 'NONE',  ( -56.69816251690944142, 5.988246130334760942, 17.47895099870710567 ) ) ;
#2540 = CARTESIAN_POINT ( 'NONE',  ( -53.07360661644459299, 29.62862324128784408, 7.478950998705546027 ) ) ;
#2541 = DIRECTION ( 'NONE',  ( 0.000000000000000000, -0.5633810623294219777, 0.8261971790127173865 ) ) ;
#2542 = CARTESIAN_POINT ( 'NONE',  ( -19.83241722696417497, 5.995951537980279689, 17.22832702445976594 ) ) ;
#2543 = ORIENTED_EDGE ( 'NONE', *, *, #1187, .T. ) ;
#2544 = CARTESIAN_POINT ( 'NONE',  ( -56.70861382379971616, 10.54369940728474830, 37.47895099870588353 ) ) ;
#2545 = DIRECTION ( 'NONE',  ( 0.000000000000000000, 0.000000000000000000, -1.000000000000000000 ) ) ;
#2546 = CARTESIAN_POINT ( 'NONE',  ( -62.73713444968999653, 8.858838935540600090, 18.54818820883133057 ) ) ;
#2547 = CARTESIAN_POINT ( 'NONE',  ( -56.83253201091566353, 10.36730256894341196, 37.47895099870589064 ) ) ;
#2548 = CARTESIAN_POINT ( 'NONE',  ( -20.22095163448468114, 5.004078839288168545, 26.65488522409224714 ) ) ;
#2549 = DIRECTION ( 'NONE',  ( -4.072051880428308236E-17, -1.000000000000000000, -0.000000000000000000 ) ) ;
#2550 = EDGE_CURVE ( 'NONE', #1335, #637, #4687, .T. ) ;
#2551 = CARTESIAN_POINT ( 'NONE',  ( -60.09146937160597446, 10.16002132031600702, 35.77015362628856110 ) ) ;
#2552 = CARTESIAN_POINT ( 'NONE',  ( -7.617084454437068608, 9.512867636287728246, 22.47895099870554603 ) ) ;
#2553 = CARTESIAN_POINT ( 'NONE',  ( -39.62007266085963408, 14.62123179486472502, 27.47895099870556379 ) ) ;
#2554 = CARTESIAN_POINT ( 'NONE',  ( -8.367084454436957586, 15.03862836363353139, 22.47895099870554958 ) ) ;
#2555 = DIRECTION ( 'NONE',  ( 0.000000000000000000, 0.000000000000000000, -1.000000000000000000 ) ) ;
#2556 = CARTESIAN_POINT ( 'NONE',  ( -53.32913348606455628, 29.46650935758298928, 7.478950998705546915 ) ) ;
#2557 = ORIENTED_EDGE ( 'NONE', *, *, #359, .F. ) ;
#2558 = ORIENTED_EDGE ( 'NONE', *, *, #3907, .F. ) ;
#2559 = EDGE_CURVE ( 'NONE', #4219, #2112, #2851, .T. ) ;
#2560 = AXIS2_PLACEMENT_3D ( 'NONE', #4830, #5197, #712 ) ;
#2561 = CARTESIAN_POINT ( 'NONE',  ( -7.617084454437069496, 0.4881997596173706655, 22.47895099870554603 ) ) ;
#2562 = CARTESIAN_POINT ( 'NONE',  ( -62.70503204242474027, 5.161177622499458550, 19.74002691901421969 ) ) ;
#2563 = CARTESIAN_POINT ( 'NONE',  ( -18.50503327530969599, 12.16525686179356569, 24.92745165952577935 ) ) ;
#2564 = CARTESIAN_POINT ( 'NONE',  ( -7.617084454437069496, 0.7381997596173708320, 22.47895099870554603 ) ) ;
#2565 = ORIENTED_EDGE ( 'NONE', *, *, #3101, .T. ) ;
#2566 = ORIENTED_EDGE ( 'NONE', *, *, #1512, .F. ) ;
#2567 = CARTESIAN_POINT ( 'NONE',  ( -42.17100936257224220, 4.887053336251970137, 27.47895099870556024 ) ) ;
#2568 = DIRECTION ( 'NONE',  ( 1.000000000000000000, 0.000000000000000000, 0.000000000000000000 ) ) ;
#2569 = CARTESIAN_POINT ( 'NONE',  ( -19.70007395961325258, 5.541365358992297985, 27.92634679726635483 ) ) ;
#2570 = EDGE_CURVE ( 'NONE', #3810, #4113, #809, .T. ) ;
#2571 = CARTESIAN_POINT ( 'NONE',  ( -18.96578370239843991, 3.313861130563235946, 23.01544991276142582 ) ) ;
#2572 = ORIENTED_EDGE ( 'NONE', *, *, #4704, .T. ) ;
#2573 = B_SPLINE_CURVE_WITH_KNOTS ( 'NONE', 3,
 ( #1086, #1174, #4292, #229, #1056, #3848 ),
 .UNSPECIFIED., .F., .F.,
 ( 4, 2, 4 ),
 ( 0.000000000000000000, 0.002247330163330851088, 0.004494660326661702177 ),
 .UNSPECIFIED. ) ;
#2574 = CARTESIAN_POINT ( 'NONE',  ( -59.03181193324832066, 10.54554864785321833, 37.47895099870743962 ) ) ;
#2575 = DIRECTION ( 'NONE',  ( 0.000000000000000000, 0.000000000000000000, -1.000000000000000000 ) ) ;
#2576 = CARTESIAN_POINT ( 'NONE',  ( -18.65198574947995525, 11.97079132186545714, 25.22612086277203858 ) ) ;
#2577 = CARTESIAN_POINT ( 'NONE',  ( -20.16306118716399354, 4.417891015596277171, 26.20801399724649627 ) ) ;
#2578 = CARTESIAN_POINT ( 'NONE',  ( -17.63680630638992852, 10.65448976938580827, 27.49775510734116324 ) ) ;
#2579 = CARTESIAN_POINT ( 'NONE',  ( -20.15471933661357795, 7.844752851078268918, 27.47851012895717204 ) ) ;
#2580 = DIRECTION ( 'NONE',  ( -1.000000000000000000, 1.156482317317871478E-16, 0.000000000000000000 ) ) ;
#2581 = LINE ( 'NONE', #2100, #3449 ) ;
#2582 = ORIENTED_EDGE ( 'NONE', *, *, #4869, .T. ) ;
#2583 = VERTEX_POINT ( 'NONE', #3445 ) ;
#2584 = AXIS2_PLACEMENT_3D ( 'NONE', #1182, #4683, #3854 ) ;
#2585 = CARTESIAN_POINT ( 'NONE',  ( -16.77056778239053259, 13.06352996580473302, 22.47895099870592972 ) ) ;
#2586 = CARTESIAN_POINT ( 'NONE',  ( -3.536464822234602678, 31.48659911910486287, 22.47895099870551761 ) ) ;
#2587 = CARTESIAN_POINT ( 'NONE',  ( -17.99258053928480194, 11.36153334458702346, 25.95199233983220211 ) ) ;
#2588 = DIRECTION ( 'NONE',  ( -1.000000000000000000, 1.156482317317871478E-16, 0.000000000000000000 ) ) ;
#2589 = AXIS2_PLACEMENT_3D ( 'NONE', #5798, #4845, #1730 ) ;
#2590 = LINE ( 'NONE', #3991, #694 ) ;
#2591 = ORIENTED_EDGE ( 'NONE', *, *, #2458, .F. ) ;
#2592 = EDGE_CURVE ( 'NONE', #3783, #2822, #2609, .T. ) ;
#2593 = ORIENTED_EDGE ( 'NONE', *, *, #4869, .F. ) ;
#2594 = CARTESIAN_POINT ( 'NONE',  ( -60.96666807380122322, 15.98821195913251891, 27.47895099870731883 ) ) ;
#2595 = FACE_OUTER_BOUND ( 'NONE', #964, .T. ) ;
#2596 = CARTESIAN_POINT ( 'NONE',  ( -32.21516789859429508, 22.39193245296134904, 17.47895099870555313 ) ) ;
#2597 = EDGE_CURVE ( 'NONE', #5596, #4876, #4277, .T. ) ;
#2598 = FACE_OUTER_BOUND ( 'NONE', #1135, .T. ) ;
#2599 = AXIS2_PLACEMENT_3D ( 'NONE', #5251, #1291, #461 ) ;
#2600 = EDGE_LOOP ( 'NONE', ( #4503, #4018, #3900, #2440 ) ) ;
#2601 = EDGE_CURVE ( 'NONE', #2741, #3849, #1586, .T. ) ;
#2602 = CARTESIAN_POINT ( 'NONE',  ( -34.31889487463964628, 14.77548979564685006, 44.16039022695080263 ) ) ;
#2603 = DIRECTION ( 'NONE',  ( -1.156482317317871478E-16, -1.000000000000000000, 0.000000000000000000 ) ) ;
#2604 = B_SPLINE_CURVE_WITH_KNOTS ( 'NONE', 3,
 ( #442, #2608, #3949, #325, #3977, #1689 ),
 .UNSPECIFIED., .F., .F.,
 ( 4, 2, 4 ),
 ( 0.0009094823253139090345, 0.001560150993671509823, 0.002210819662029110504 ),
 .UNSPECIFIED. ) ;
#2605 = CONICAL_SURFACE ( 'NONE', #46, 4.080619632202466818, 0.3276448212852867692 ) ;
#2606 = CARTESIAN_POINT ( 'NONE',  ( -18.50413537098675931, 12.16625250516619872, 24.92564618219481787 ) ) ;
#2607 = AXIS2_PLACEMENT_3D ( 'NONE', #4789, #2108, #668 ) ;
#2608 = CARTESIAN_POINT ( 'NONE',  ( -62.74790127902726766, 5.307544787743625037, 19.58424051025398427 ) ) ;
#2609 = CIRCLE ( 'NONE', #3559, 8.589303093553931845 ) ;
#2610 = CARTESIAN_POINT ( 'NONE',  ( -7.617084454437068608, 11.27044416186716269, 22.47895099870554603 ) ) ;
#2611 = CARTESIAN_POINT ( 'NONE',  ( -7.617084454437067720, 8.413861130563232038, 22.47895099870554603 ) ) ;
#2612 = VECTOR ( 'NONE', #2274, 1000.000000000000000 ) ;
#2613 = VECTOR ( 'NONE', #1845, 1000.000000000000000 ) ;
#2614 = CARTESIAN_POINT ( 'NONE',  ( -54.52560437429850992, 28.57263852213278454, 7.478950998705546915 ) ) ;
#2615 = ORIENTED_EDGE ( 'NONE', *, *, #2411, .T. ) ;
#2616 = ORIENTED_EDGE ( 'NONE', *, *, #3401, .F. ) ;
#2617 = CARTESIAN_POINT ( 'NONE',  ( -16.80607085411198653, 13.03078641348048450, 23.33989476885309955 ) ) ;
#2618 = CARTESIAN_POINT ( 'NONE',  ( -47.74218588744723490, 0.4889281118865509423, 7.478950998705546915 ) ) ;
#2619 = DIRECTION ( 'NONE',  ( -1.000000000000000000, 1.156482317317871478E-16, 0.000000000000000000 ) ) ;
#2620 = LINE ( 'NONE', #2277, #4416 ) ;
#2621 = CARTESIAN_POINT ( 'NONE',  ( -7.617084454437069496, 0.4881997596173706655, 22.47895099870554603 ) ) ;
#2622 = ORIENTED_EDGE ( 'NONE', *, *, #2915, .F. ) ;
#2623 = VERTEX_POINT ( 'NONE', #4734 ) ;
#2624 = DIRECTION ( 'NONE',  ( 1.156482317317871478E-16, 1.000000000000000000, -0.000000000000000000 ) ) ;
#2625 = CARTESIAN_POINT ( 'NONE',  ( -3.537084454436963288, 33.48819975961737327, 22.47895099870551761 ) ) ;
#2626 = EDGE_CURVE ( 'NONE', #3051, #3218, #4274, .T. ) ;
#2627 = CARTESIAN_POINT ( 'NONE',  ( -52.68254282129918664, 5.987195128047784642, 17.47895099870753199 ) ) ;
#2628 = CARTESIAN_POINT ( 'NONE',  ( -19.36254430372390445, 2.984991552015878291, 21.49653685109430157 ) ) ;
#2629 = ORIENTED_EDGE ( 'NONE', *, *, #5314, .F. ) ;
#2630 = DIRECTION ( 'NONE',  ( -1.000000000000000000, -1.051347561198064835E-16, 6.982962677686266711E-15 ) ) ;
#2631 = DIRECTION ( 'NONE',  ( -0.000000000000000000, 1.000000000000000000, 0.000000000000000000 ) ) ;
#2632 = VERTEX_POINT ( 'NONE', #5631 ) ;
#2633 = PLANE ( 'NONE',  #2769 ) ;
#2634 = ADVANCED_FACE ( 'NONE', ( #2928 ), #2275, .T. ) ;
#2635 =( BOUNDED_CURVE ( )  B_SPLINE_CURVE ( 3, ( #750, #833, #470, #2267 ),
 .UNSPECIFIED., .F., .F. ) 
 B_SPLINE_CURVE_WITH_KNOTS ( ( 4, 4 ),
 ( 0.000000000000000000, 3.157446261481943741E-05 ),
 .UNSPECIFIED. ) 
 CURVE ( )  GEOMETRIC_REPRESENTATION_ITEM ( )  RATIONAL_B_SPLINE_CURVE ( ( 0.5249516246766219307, 0.5249516246766219307, 0.5249516246766219307, 0.5249516246766219307 ) ) 
 REPRESENTATION_ITEM ( '' )  );
#2636 = CARTESIAN_POINT ( 'NONE',  ( -17.94808212772653278, 9.671335956889436147, 27.94294743734621278 ) ) ;
#2637 = CARTESIAN_POINT ( 'NONE',  ( -62.76032354908183919, 6.075104290501443849, 18.60504686500140537 ) ) ;
#2638 = CARTESIAN_POINT ( 'NONE',  ( -19.70007395961325258, 5.541365358992298873, 27.92634679726635483 ) ) ;
#2639 = CARTESIAN_POINT ( 'NONE',  ( -7.617084454437074825, 27.42363538815188662, 3.916912245329549958 ) ) ;
#2640 = EDGE_CURVE ( 'NONE', #4232, #1498, #4985, .T. ) ;
#2641 = ORIENTED_EDGE ( 'NONE', *, *, #790, .F. ) ;
#2642 = CARTESIAN_POINT ( 'NONE',  ( -62.53103791657342470, 15.75025382231275550, 17.47895099870623170 ) ) ;
#2643 = CARTESIAN_POINT ( 'NONE',  ( -49.92633742125565277, 0.5544809606518877887, 7.478950998705547804 ) ) ;
#2644 = PLANE ( 'NONE',  #4111 ) ;
#2645 = CARTESIAN_POINT ( 'NONE',  ( -4.367084454437070384, 30.48819975961736972, 22.47895099870554603 ) ) ;
#2646 = CARTESIAN_POINT ( 'NONE',  ( -62.96708445443707802, 0.000000000000000000, 26.01039022695080405 ) ) ;
#2647 = ORIENTED_EDGE ( 'NONE', *, *, #918, .T. ) ;
#2648 = ORIENTED_EDGE ( 'NONE', *, *, #1770, .T. ) ;
#2649 = EDGE_CURVE ( 'NONE', #3849, #2373, #2573, .T. ) ;
#2650 = CARTESIAN_POINT ( 'NONE',  ( -32.81956375717873442, 11.64666303541724979, 27.47895099870822833 ) ) ;
#2651 = LINE ( 'NONE', #2625, #530 ) ;
#2652 = CARTESIAN_POINT ( 'NONE',  ( -62.72444931275904167, 8.114823928590453761, 18.47135220387970733 ) ) ;
#2653 = AXIS2_PLACEMENT_3D ( 'NONE', #1445, #1916, #1012 ) ;
#2654 = CARTESIAN_POINT ( 'NONE',  ( -50.67062189699620234, 5.988974256477138880, 17.47895099870407165 ) ) ;
#2655 = DIRECTION ( 'NONE',  ( 1.000000000000000000, 0.000000000000000000, 0.000000000000000000 ) ) ;
#2656 = ORIENTED_EDGE ( 'NONE', *, *, #1977, .T. ) ;
#2657 = ADVANCED_FACE ( 'NONE', ( #1595 ), #1844, .F. ) ;
#2658 = CARTESIAN_POINT ( 'NONE',  ( -61.96632500801765531, 15.98818860268039543, 27.47895099870732594 ) ) ;
#2659 = DIRECTION ( 'NONE',  ( 6.938893903907222067E-15, 0.000000000000000000, 1.000000000000000000 ) ) ;
#2660 = CARTESIAN_POINT ( 'NONE',  ( -18.19454750830579215, 12.49442880167067216, 24.29238663563413780 ) ) ;
#2661 = DIRECTION ( 'NONE',  ( 0.000000000000000000, 0.000000000000000000, -1.000000000000000000 ) ) ;
#2662 = CARTESIAN_POINT ( 'NONE',  ( -8.019488321821803822, 27.76421797807063285, 3.424037683064278692 ) ) ;
#2663 = EDGE_CURVE ( 'NONE', #1200, #1943, #5603, .T. ) ;
#2664 = CARTESIAN_POINT ( 'NONE',  ( -55.82045010703262733, 15.98838280879982143, 27.47895099870710567 ) ) ;
#2665 = DIRECTION ( 'NONE',  ( 0.2197759447327675697, 0.9755503749765152000, 2.691479072465692721E-17 ) ) ;
#2666 = DIRECTION ( 'NONE',  ( -1.000000000000000000, 1.156054837562230956E-16, 0.000000000000000000 ) ) ;
#2667 = CARTESIAN_POINT ( 'NONE',  ( -20.01368882251507841, 11.65997829713353440, 19.34197833405248090 ) ) ;
#2668 =( BOUNDED_SURFACE ( )  B_SPLINE_SURFACE ( 3, 2, ( 
 ( #100, #5592, #5057 ),
 ( #3720, #2825, #73 ),
 ( #1901, #955, #5146 ),
 ( #1397, #4697, #3665 ),
 ( #3274, #581, #130 ),
 ( #4663, #2436, #2376 ),
 ( #5118, #5564, #2316 ),
 ( #2407, #2763, #1047 ),
 ( #1874, #3210, #4251 ),
 ( #3304, #2855, #4191 ),
 ( #4225, #548, #3239 ),
 ( #164, #3691, #1961 ),
 ( #5500, #1847, #3779 ),
 ( #1519, #3331, #1076 ),
 ( #2887, #515, #640 ),
 ( #1426, #2796, #1165 ),
 ( #4285, #2948, #1674 ),
 ( #4317, #5267, #3364 ),
 ( #2919, #4754, #5238 ),
 ( #1612, #219, #1549 ),
 ( #667, #4817, #3421 ),
 ( #757, #281, #2976 ),
 ( #5182, #1109, #2563 ),
 ( #3895, #3866, #2107 ),
 ( #692, #4787, #5210 ),
 ( #5295, #2587, #2501 ),
 ( #256, #727, #2050 ),
 ( #5682, #2534, #1198 ) ),
 .UNSPECIFIED., .F., .F., .F. ) 
 B_SPLINE_SURFACE_WITH_KNOTS ( ( 4, 2, 2, 2, 2, 2, 2, 2, 2, 2, 2, 2, 2, 4 ),
 ( 3, 3 ),
 ( 0.000000000000000000, 0.001597520395027054530, 0.002396280592540581903, 0.003195040790054109060, 0.003993800987567636650, 0.004792561185081163806, 0.005591321382594690963, 0.006390081580108218119, 0.007188841777621746143, 0.007987601975135273299, 0.009585122370162327612, 0.01038388256767585477, 0.01118264276518938193, 0.01278016316021643624 ),
 ( 0.000000000000000000, 1.000000000000000000 ),
 .UNSPECIFIED. ) 
 GEOMETRIC_REPRESENTATION_ITEM ( )  RATIONAL_B_SPLINE_SURFACE ( (
 ( 1.000000000000000000, 0.8858398280080357345, 1.000000000000000000),
 ( 1.000000000000000000, 0.8935869147571622317, 1.000000000000000000),
 ( 1.000000000000000000, 0.9024785982137135676, 1.000000000000000000),
 ( 1.000000000000000000, 0.9163740826887774027, 1.000000000000000000),
 ( 1.000000000000000000, 0.9211210341652994460, 1.000000000000000000),
 ( 1.000000000000000000, 0.9304940097951669431, 1.000000000000000000),
 ( 1.000000000000000000, 0.9350823611748946274, 1.000000000000000000),
 ( 1.000000000000000000, 0.9438417655727675548, 1.000000000000000000),
 ( 1.000000000000000000, 0.9480141744936112502, 1.000000000000000000),
 ( 1.000000000000000000, 0.9556752099941530076, 1.000000000000000000),
 ( 1.000000000000000000, 0.9591826154892890699, 1.000000000000000000),
 ( 1.000000000000000000, 0.9650453327653860658, 1.000000000000000000),
 ( 1.000000000000000000, 0.9674047406193246879, 1.000000000000000000),
 ( 1.000000000000000000, 0.9706468445091775976, 1.000000000000000000),
 ( 1.000000000000000000, 0.9715194487278749902, 1.000000000000000000),
 ( 1.000000000000000000, 0.9715015538037382603, 1.000000000000000000),
 ( 1.000000000000000000, 0.9706356907186521887, 1.000000000000000000),
 ( 1.000000000000000000, 0.9673953876769050275, 1.000000000000000000),
 ( 1.000000000000000000, 0.9650004721326508328, 1.000000000000000000),
 ( 1.000000000000000000, 0.9561844079664904017, 1.000000000000000000),
 ( 1.000000000000000000, 0.9482607433850773759, 1.000000000000000000),
 ( 1.000000000000000000, 0.9350838388008766433, 1.000000000000000000),
 ( 1.000000000000000000, 0.9304393511556713348, 1.000000000000000000),
 ( 1.000000000000000000, 0.9211195084289386381, 1.000000000000000000),
 ( 1.000000000000000000, 0.9164301240927750225, 1.000000000000000000),
 ( 1.000000000000000000, 0.9025851749833975202, 1.000000000000000000),
 ( 1.000000000000000000, 0.8936183696532045140, 1.000000000000000000),
 ( 1.000000000000000000, 0.8858398280080354015, 1.000000000000000000) ) ) 
 REPRESENTATION_ITEM ( '' )  SURFACE ( )  );
#2669 = EDGE_CURVE ( 'NONE', #125, #2708, #4262, .T. ) ;
#2670 = ORIENTED_EDGE ( 'NONE', *, *, #4121, .F. ) ;
#2671 = DIRECTION ( 'NONE',  ( 1.000000000000000000, 0.000000000000000000, 0.000000000000000000 ) ) ;
#2672 = CARTESIAN_POINT ( 'NONE',  ( -52.09772078192085587, 0.8416306777734146038, 7.478950998705546027 ) ) ;
#2673 = DIRECTION ( 'NONE',  ( -1.000000000000000000, 0.000000000000000000, 0.000000000000000000 ) ) ;
#2674 = CARTESIAN_POINT ( 'NONE',  ( -62.96708445443703539, 20.72163399346976220, 24.81381301258279137 ) ) ;
#2675 = B_SPLINE_CURVE_WITH_KNOTS ( 'NONE', 3,
 ( #2094, #2002, #2428, #1661 ),
 .UNSPECIFIED., .F., .F.,
 ( 4, 4 ),
 ( 0.001896122189738212423, 0.002028970833958467987 ),
 .UNSPECIFIED. ) ;
#2676 = CARTESIAN_POINT ( 'NONE',  ( -55.21678314623493122, 1.446216077844905357, 36.86261038929499989 ) ) ;
#2677 = AXIS2_PLACEMENT_3D ( 'NONE', #1211, #1599, #2906 ) ;
#2678 = EDGE_LOOP ( 'NONE', ( #5693, #3513, #676, #1043 ) ) ;
#2679 = ORIENTED_EDGE ( 'NONE', *, *, #5619, .F. ) ;
#2680 = CARTESIAN_POINT ( 'NONE',  ( -19.69835225875042539, 3.183266980508543842, 24.52004959735111100 ) ) ;
#2681 = CARTESIAN_POINT ( 'NONE',  ( -20.12977248878569014, 7.882129494116385082, 27.47764820755323001 ) ) ;
#2682 = CARTESIAN_POINT ( 'NONE',  ( -63.30034866612866296, 5.988203474149750960, 27.47895099870501667 ) ) ;
#2683 = FACE_OUTER_BOUND ( 'NONE', #1618, .T. ) ;
#2684 = ORIENTED_EDGE ( 'NONE', *, *, #3710, .T. ) ;
#2685 = CARTESIAN_POINT ( 'NONE',  ( -63.30019548541715579, 25.98820347414960708, 27.47895099870501667 ) ) ;
#2686 = CARTESIAN_POINT ( 'NONE',  ( -7.617084454436963803, 27.48819975961737683, 7.416912245329549513 ) ) ;
#2687 = CIRCLE ( 'NONE', #3925, 1.249999999999998668 ) ;
#2688 = CARTESIAN_POINT ( 'NONE',  ( -18.42654281615644507, 12.25569389709884049, 24.76940946875119565 ) ) ;
#2689 = ORIENTED_EDGE ( 'NONE', *, *, #2955, .F. ) ;
#2690 = CARTESIAN_POINT ( 'NONE',  ( -20.45403863223481977, 3.880274429162210215, 25.62191031020550724 ) ) ;
#2691 = CARTESIAN_POINT ( 'NONE',  ( -7.617084454437069496, 0.4881997596173706655, 22.47895099870554603 ) ) ;
#2692 = VECTOR ( 'NONE', #2524, 1000.000000000000000 ) ;
#2693 = AXIS2_PLACEMENT_3D ( 'NONE', #3006, #753, #4375 ) ;
#2694 = CARTESIAN_POINT ( 'NONE',  ( -59.20705561581912235, 1.081798854239958807, 15.21311701232060543 ) ) ;
#2695 = CARTESIAN_POINT ( 'NONE',  ( -62.79767056020432392, 6.187281888232996074, 18.95313483557437806 ) ) ;
#2696 = AXIS2_PLACEMENT_3D ( 'NONE', #5371, #1272, #2212 ) ;
#2697 = CARTESIAN_POINT ( 'NONE',  ( -7.617084454437067720, 12.38282632903052871, 22.47895099870554603 ) ) ;
#2698 = ORIENTED_EDGE ( 'NONE', *, *, #488, .F. ) ;
#2699 = EDGE_LOOP ( 'NONE', ( #4002, #1105, #4235 ) ) ;
#2700 = ADVANCED_FACE ( 'NONE', ( #173 ), #3340, .T. ) ;
#2701 = VECTOR ( 'NONE', #1246, 1000.000000000000000 ) ;
#2702 = FACE_BOUND ( 'NONE', #4056, .T. ) ;
#2703 =( BOUNDED_SURFACE ( )  B_SPLINE_SURFACE ( 3, 2, ( 
 ( #2337, #4156, #3737 ),
 ( #5550, #88, #1478 ),
 ( #3294, #5107, #2842 ),
 ( #1035, #4652, #595 ) ),
 .UNSPECIFIED., .F., .F., .F. ) 
 B_SPLINE_SURFACE_WITH_KNOTS ( ( 4, 4 ),
 ( 3, 3 ),
 ( -7.589415207398531038E-19, 0.0002435187647156074559 ),
 ( 0.000000000000000000, 1.000000000000000000 ),
 .UNSPECIFIED. ) 
 GEOMETRIC_REPRESENTATION_ITEM ( )  RATIONAL_B_SPLINE_SURFACE ( (
 ( 1.000000000000000000, 0.8815483237733631183, 1.000000000000000000),
 ( 1.000000000000000000, 0.8824604817239516397, 1.000000000000000000),
 ( 1.000000000000000000, 0.8833987042273153678, 1.000000000000000000),
 ( 1.000000000000000000, 0.8843611869025131966, 1.000000000000000000) ) ) 
 REPRESENTATION_ITEM ( '' )  SURFACE ( )  );
#2704 = CARTESIAN_POINT ( 'NONE',  ( -19.46426176284728271, 3.198264783984417381, 20.40893283249432244 ) ) ;
#2705 = VECTOR ( 'NONE', #4764, 1000.000000000000114 ) ;
#2706 = CARTESIAN_POINT ( 'NONE',  ( -60.58059358387917115, 0.000000000000000000, 34.96685898784246405 ) ) ;
#2707 = CARTESIAN_POINT ( 'NONE',  ( -54.90340834833990158, 30.46551256408445951, 37.47895099870587643 ) ) ;
#2708 = VERTEX_POINT ( 'NONE', #4707 ) ;
#2709 = B_SPLINE_CURVE_WITH_KNOTS ( 'NONE', 3,
 ( #1492, #1140, #669, #2016, #222, #3808 ),
 .UNSPECIFIED., .F., .F.,
 ( 4, 2, 4 ),
 ( 0.000000000000000000, 0.5000000000000029976, 1.000000000000000000 ),
 .UNSPECIFIED. ) ;
#2710 = ADVANCED_FACE ( 'NONE', ( #5692 ), #1192, .F. ) ;
#2711 = ORIENTED_EDGE ( 'NONE', *, *, #4918, .F. ) ;
#2712 = CARTESIAN_POINT ( 'NONE',  ( -19.68531077275871510, 2.780746030999246887, 22.90269702664981111 ) ) ;
#2713 = CARTESIAN_POINT ( 'NONE',  ( -19.41483057078111329, 8.076605403387969062, 27.47927892614951872 ) ) ;
#2714 = CARTESIAN_POINT ( 'NONE',  ( -20.06555242389922711, 4.821574221419941075, 17.99003679895072239 ) ) ;
#2715 = CARTESIAN_POINT ( 'NONE',  ( -48.49289785347767889, 5.986372865976324675, 27.47895099870557800 ) ) ;
#2716 = CARTESIAN_POINT ( 'NONE',  ( -58.08118913782545434, 3.735673168452152915, 37.03675562910981967 ) ) ;
#2717 = ORIENTED_EDGE ( 'NONE', *, *, #3653, .T. ) ;
#2718 = CARTESIAN_POINT ( 'NONE',  ( -46.47989264549163124, 26.01222666867164435, 27.47895099870557090 ) ) ;
#2719 = CYLINDRICAL_SURFACE ( 'NONE', #3555, 0.9250000000000022649 ) ;
#2720 = CARTESIAN_POINT ( 'NONE',  ( -19.88246398091146006, 5.620050225549916512, 17.35292877882056217 ) ) ;
#2721 = CYLINDRICAL_SURFACE ( 'NONE', #35, 0.5000000000000004441 ) ;
#2722 = EDGE_CURVE ( 'NONE', #1170, #1779, #4217, .T. ) ;
#2723 = CARTESIAN_POINT ( 'NONE',  ( -53.80616582548380222, 25.98796360210783973, 27.47895099870362046 ) ) ;
#2724 = DIRECTION ( 'NONE',  ( -1.000000000000000000, -1.048062100069320789E-16, 0.000000000000000000 ) ) ;
#2725 = CARTESIAN_POINT ( 'NONE',  ( -7.617084454437069496, 0.7381997596173708320, 22.47895099870554603 ) ) ;
#2726 = CARTESIAN_POINT ( 'NONE',  ( 0.8850644013730420978, 13.36345680993839125, 22.47895099870554603 ) ) ;
#2727 = VERTEX_POINT ( 'NONE', #199 ) ;
#2728 = ADVANCED_FACE ( 'NONE', ( #1996 ), #2517, .F. ) ;
#2729 = PLANE ( 'NONE',  #4588 ) ;
#2730 = CARTESIAN_POINT ( 'NONE',  ( -19.69357047952531303, 3.035621510427588099, 24.14975156152132740 ) ) ;
#2731 = CARTESIAN_POINT ( 'NONE',  ( -62.14655643882921510, 3.714414760847876362, 26.21167066086450959 ) ) ;
#2732 = CARTESIAN_POINT ( 'NONE',  ( -57.32951939461943880, 4.121645609503991281, 37.47895099870589064 ) ) ;
#2733 = VERTEX_POINT ( 'NONE', #1260 ) ;
#2734 = ORIENTED_EDGE ( 'NONE', *, *, #2080, .F. ) ;
#2735 = CC_DESIGN_SECURITY_CLASSIFICATION ( #564, ( #5866 ) ) ;
#2736 = CARTESIAN_POINT ( 'NONE',  ( -4.378500887114950224, 0.5881997596173696996, 22.47895099870554603 ) ) ;
#2737 = DIRECTION ( 'NONE',  ( 0.000000000000000000, -1.000000000000000000, 0.000000000000000000 ) ) ;
#2738 = CARTESIAN_POINT ( 'NONE',  ( -62.72539327941040455, 7.860128882824368723, 18.47695683609328654 ) ) ;
#2739 = CARTESIAN_POINT ( 'NONE',  ( -35.61174035380071246, 1.904029178130667299, 27.47895099870288149 ) ) ;
#2740 = CYLINDRICAL_SURFACE ( 'NONE', #3081, 1.000000000000000888 ) ;
#2741 = VERTEX_POINT ( 'NONE', #4824 ) ;
#2742 = CARTESIAN_POINT ( 'NONE',  ( -63.96719814737996046, 15.98822232246922503, 27.47895099870559221 ) ) ;
#2743 = AXIS2_PLACEMENT_3D ( 'NONE', #3981, #2187, #4066 ) ;
#2744 = CARTESIAN_POINT ( 'NONE',  ( -8.367084454437062391, 15.06819975961737690, 22.47895099870554603 ) ) ;
#2745 = ADVANCED_FACE ( 'NONE', ( #2683 ), #2897, .T. ) ;
#2746 = DIRECTION ( 'NONE',  ( -1.000000000000000000, 1.156482317317871478E-16, 0.000000000000000000 ) ) ;
#2747 = VERTEX_POINT ( 'NONE', #4415 ) ;
#2748 = COORDINATED_UNIVERSAL_TIME_OFFSET ( 8, 0, .BEHIND. ) ;
#2749 = CARTESIAN_POINT ( 'NONE',  ( -57.26271883608181668, 27.92363538815188306, 8.303498034090893043 ) ) ;
#2750 = CARTESIAN_POINT ( 'NONE',  ( -18.61220874221583088, 3.313861130563236390, 21.01250076530279642 ) ) ;
#2751 = CARTESIAN_POINT ( 'NONE',  ( -50.70440901262350053, 25.98895202185646980, 27.47895099870407876 ) ) ;
#2752 = CARTESIAN_POINT ( 'NONE',  ( -19.29890728810560319, 7.089853651852340732, 16.86655995004203135 ) ) ;
#2753 = CARTESIAN_POINT ( 'NONE',  ( -19.42324268394821374, 10.07206325099288513, 26.80313638979513158 ) ) ;
#2754 = CARTESIAN_POINT ( 'NONE',  ( -56.47570211126801354, 21.81511842400183099, 7.478950998705546915 ) ) ;
#2755 = DIRECTION ( 'NONE',  ( -6.982962677686266711E-15, 0.000000000000000000, -1.000000000000000000 ) ) ;
#2756 = CARTESIAN_POINT ( 'NONE',  ( -20.61868665870169437, 11.95308683515721349, 19.71265310054990749 ) ) ;
#2757 = CARTESIAN_POINT ( 'NONE',  ( -62.96708445443707802, 10.94216216683936693, 24.50048515038722385 ) ) ;
#2758 = CARTESIAN_POINT ( 'NONE',  ( -57.95633422109308697, 5.132621083668913009, 37.47895099870589775 ) ) ;
#2759 = VERTEX_POINT ( 'NONE', #1737 ) ;
#2760 = VERTEX_POINT ( 'NONE', #348 ) ;
#2761 = CARTESIAN_POINT ( 'NONE',  ( -19.90118567667718352, 5.474427079565074017, 27.55576800690602113 ) ) ;
#2762 = CARTESIAN_POINT ( 'NONE',  ( -10.86636055282793833, 0.9683203726987328341, 15.98039880192381190 ) ) ;
#2763 = CARTESIAN_POINT ( 'NONE',  ( -17.60064834701861614, 12.33145184150867912, 20.32190089623853169 ) ) ;
#2764 = CARTESIAN_POINT ( 'NONE',  ( -40.39030945306065945, 4.134223751936942470, 27.47895099870556024 ) ) ;
#2765 = ADVANCED_FACE ( 'NONE', ( #317 ), #1293, .T. ) ;
#2766 = CARTESIAN_POINT ( 'NONE',  ( -6.727084454437955330, 30.71657414206126191, 7.505377610899895302 ) ) ;
#2767 = ORIENTED_EDGE ( 'NONE', *, *, #2257, .T. ) ;
#2768 = ORIENTED_EDGE ( 'NONE', *, *, #5419, .T. ) ;
#2769 = AXIS2_PLACEMENT_3D ( 'NONE', #2691, #4504, #2156 ) ;
#2770 = CARTESIAN_POINT ( 'NONE',  ( -27.24319397036124712, 20.07329063461187957, 17.47895099870286728 ) ) ;
#2771 = CARTESIAN_POINT ( 'NONE',  ( -52.76525217629858844, 31.38769684203333199, 8.720800451746368864 ) ) ;
#2772 = ADVANCED_FACE ( 'NONE', ( #2598 ), #403, .T. ) ;
#2773 = CARTESIAN_POINT ( 'NONE',  ( -7.617084454437068608, 5.313861130563233282, 22.47895099870554603 ) ) ;
#2774 = ORIENTED_EDGE ( 'NONE', *, *, #3441, .F. ) ;
#2775 = DATE_AND_TIME ( #1002, #5125 ) ;
#2776 = CARTESIAN_POINT ( 'NONE',  ( -53.03548745312755841, 31.36311623916920865, 8.780638183916792627 ) ) ;
#2777 = FACE_OUTER_BOUND ( 'NONE', #2699, .T. ) ;
#2778 = FACE_OUTER_BOUND ( 'NONE', #231, .T. ) ;
#2779 = CIRCLE ( 'NONE', #979, 1.250000000000001110 ) ;
#2780 = CARTESIAN_POINT ( 'NONE',  ( -11.69708445443697009, 22.45862836363353310, 22.47895099870557445 ) ) ;
#2781 = CARTESIAN_POINT ( 'NONE',  ( -27.24319397034783208, 20.07329063459847873, 27.47895099870288149 ) ) ;
#2782 = CARTESIAN_POINT ( 'NONE',  ( -19.37136587969538937, 8.562552791565362753, 17.50891329932572305 ) ) ;
#2783 = CARTESIAN_POINT ( 'NONE',  ( -19.39334849821100448, 9.202202690060641288, 27.15823823635775369 ) ) ;
#2784 = CARTESIAN_POINT ( 'NONE',  ( -7.617084454437067720, 13.17402400263529039, 22.47895099870554603 ) ) ;
#2785 = VECTOR ( 'NONE', #5103, 1000.000000000000000 ) ;
#2786 = CARTESIAN_POINT ( 'NONE',  ( -7.617084454437067720, 13.36345680993839302, 22.47895099870554603 ) ) ;
#2787 = CARTESIAN_POINT ( 'NONE',  ( -19.69864684268155841, 3.192365197823446632, 24.54179656544797794 ) ) ;
#2788 = LINE ( 'NONE', #632, #248 ) ;
#2789 = AXIS2_PLACEMENT_3D ( 'NONE', #1297, #5007, #5035 ) ;
#2790 = CARTESIAN_POINT ( 'NONE',  ( -58.51837459981095435, 5.166534662370015241, 37.47895099870590485 ) ) ;
#2791 = ORIENTED_EDGE ( 'NONE', *, *, #316, .T. ) ;
#2792 = ORIENTED_EDGE ( 'NONE', *, *, #5059, .T. ) ;
#2793 = DIRECTION ( 'NONE',  ( -1.000000000000000000, 0.000000000000000000, 0.000000000000000000 ) ) ;
#2794 = CARTESIAN_POINT ( 'NONE',  ( -20.19259660866664419, 6.212203421672329640, 27.24417079486764592 ) ) ;
#2795 = PRODUCT_DEFINITION ( 'UNKNOWN', '', #5866, #5180 ) ;
#2796 = CARTESIAN_POINT ( 'NONE',  ( -17.20380481125512517, 12.83871085560131142, 22.69588184125857921 ) ) ;
#2797 = CARTESIAN_POINT ( 'NONE',  ( -38.48274331372347490, 14.18471601351715172, 17.47895099870555669 ) ) ;
#2798 = DIRECTION ( 'NONE',  ( -1.000000000000000000, -0.000000000000000000, 0.000000000000000000 ) ) ;
#2799 = ORIENTED_EDGE ( 'NONE', *, *, #3382, .F. ) ;
#2800 = VECTOR ( 'NONE', #5577, 1000.000000000000000 ) ;
#2801 = ORIENTED_EDGE ( 'NONE', *, *, #4335, .F. ) ;
#2802 = CARTESIAN_POINT ( 'NONE',  ( -59.17028147194356080, 25.98819005085585943, 17.47895099870419955 ) ) ;
#2803 = CARTESIAN_POINT ( 'NONE',  ( -55.07771468413909588, 30.95873528284854004, 9.024709097079634645 ) ) ;
#2804 = CARTESIAN_POINT ( 'NONE',  ( -11.88663904666041127, 14.30337150129740209, 22.47895099870554603 ) ) ;
#2805 = VERTEX_POINT ( 'NONE', #5389 ) ;
#2806 = APPROVAL_DATE_TIME ( #2775, #4984 ) ;
#2807 = CARTESIAN_POINT ( 'NONE',  ( -55.63412291813412480, 30.67619383165826008, 8.939031309943725745 ) ) ;
#2808 = CARTESIAN_POINT ( 'NONE',  ( -19.86340400467771516, 4.864708320926705021, 17.50680396584100862 ) ) ;
#2809 = ORIENTED_EDGE ( 'NONE', *, *, #1036, .F. ) ;
#2810 = EDGE_CURVE ( 'NONE', #1072, #4721, #1506, .T. ) ;
#2811 = CARTESIAN_POINT ( 'NONE',  ( -60.58059358387918536, 12.26589454912376809, 34.96685898784244984 ) ) ;
#2812 = CARTESIAN_POINT ( 'NONE',  ( -56.43128186478752895, 30.16640434568385487, 37.47895099870589064 ) ) ;
#2813 = CARTESIAN_POINT ( 'NONE',  ( -50.70440901259353694, 25.98895202185646980, 17.47895099870407165 ) ) ;
#2814 = CARTESIAN_POINT ( 'NONE',  ( -56.24349069469715090, 12.06748497057090397, 37.47895099870564906 ) ) ;
#2815 = CARTESIAN_POINT ( 'NONE',  ( -62.96708445443707802, 9.495567699107040127, 26.25473576995804947 ) ) ;
#2816 = CARTESIAN_POINT ( 'NONE',  ( -19.33417205324881394, 7.465542960274325068, 17.08619401073009669 ) ) ;
#2817 = CARTESIAN_POINT ( 'NONE',  ( -20.72029571440559081, 12.08019101141998775, 19.90242194204048687 ) ) ;
#2818 = EDGE_CURVE ( 'NONE', #4640, #609, #719, .T. ) ;
#2819 = DIRECTION ( 'NONE',  ( -0.000000000000000000, -1.000000000000000000, -0.000000000000000000 ) ) ;
#2820 = DIRECTION ( 'NONE',  ( 0.9060085308640942747, -0.4232594263586880179, 0.000000000000000000 ) ) ;
#2821 = ORIENTED_EDGE ( 'NONE', *, *, #529, .T. ) ;
#2822 = VERTEX_POINT ( 'NONE', #3466 ) ;
#2823 = FACE_OUTER_BOUND ( 'NONE', #194, .T. ) ;
#2824 = CARTESIAN_POINT ( 'NONE',  ( -19.44385410547215542, 9.025407380443658312, 17.63718613072430230 ) ) ;
#2825 = CARTESIAN_POINT ( 'NONE',  ( -18.04701528349949413, 11.09840513028153097, 18.77794515230993611 ) ) ;
#2826 = CARTESIAN_POINT ( 'NONE',  ( -28.32375022344018234, 9.632389165278786081, 27.47895099870875057 ) ) ;
#2827 = CARTESIAN_POINT ( 'NONE',  ( -57.21373274302574430, 30.72996927197977968, 36.87233929963527146 ) ) ;
#2828 = APPROVAL_PERSON_ORGANIZATION ( #3763, #5088, #21 ) ;
#2829 = ORIENTED_EDGE ( 'NONE', *, *, #2379, .F. ) ;
#2830 = CARTESIAN_POINT ( 'NONE',  ( -47.71350279509915282, 15.98723345079319103, 17.47895099870513747 ) ) ;
#2831 = CARTESIAN_POINT ( 'NONE',  ( -7.617084454436963803, 31.48819975961737683, 22.47895099870554603 ) ) ;
#2832 = CARTESIAN_POINT ( 'NONE',  ( -20.31773326920826861, 3.747202849326051410, 25.45308641332172428 ) ) ;
#2833 = EDGE_LOOP ( 'NONE', ( #97, #3278, #4471, #2060 ) ) ;
#2834 = CARTESIAN_POINT ( 'NONE',  ( -55.37470793001094904, 30.82229151650573584, 8.987825204678935975 ) ) ;
#2835 = ADVANCED_FACE ( 'NONE', ( #2118 ), #517, .F. ) ;
#2836 = ORIENTED_EDGE ( 'NONE', *, *, #5036, .F. ) ;
#2837 = AXIS2_PLACEMENT_3D ( 'NONE', #1889, #3261, #2299 ) ;
#2838 = CYLINDRICAL_SURFACE ( 'NONE', #2037, 0.7499999999999954481 ) ;
#2839 = CYLINDRICAL_SURFACE ( 'NONE', #5165, 4.762499999999999289 ) ;
#2840 = CARTESIAN_POINT ( 'NONE',  ( -28.32375022344018234, 9.632389165278786081, 27.47895099870875057 ) ) ;
#2841 = DIRECTION ( 'NONE',  ( 0.000000000000000000, -0.000000000000000000, 1.000000000000000000 ) ) ;
#2842 = CARTESIAN_POINT ( 'NONE',  ( -20.89052896518712998, 5.976185659008848461, 17.82070578686409590 ) ) ;
#2843 = CARTESIAN_POINT ( 'NONE',  ( -7.617084454437069496, 0.4881997596173706655, 23.72895099870553892 ) ) ;
#2844 = EDGE_CURVE ( 'NONE', #2822, #5150, #5645, .T. ) ;
#2845 = CARTESIAN_POINT ( 'NONE',  ( -59.46729934786132787, 8.618428763811929016, 36.67550562121728319 ) ) ;
#2846 = CARTESIAN_POINT ( 'NONE',  ( -20.97041617232038035, 12.79871369051100949, 21.98313928697896813 ) ) ;
#2847 = EDGE_CURVE ( 'NONE', #4164, #5362, #5338, .T. ) ;
#2848 = CARTESIAN_POINT ( 'NONE',  ( -20.87918753796034821, 6.036149710009560465, 17.79799162416420799 ) ) ;
#2849 = DIRECTION ( 'NONE',  ( 1.000000000000000000, 0.000000000000000000, -6.723292789849847356E-15 ) ) ;
#2850 = ORIENTED_EDGE ( 'NONE', *, *, #998, .T. ) ;
#2851 = B_SPLINE_CURVE_WITH_KNOTS ( 'NONE', 3,
 ( #1633, #2967, #4338, #273, #3857, #4776, #717, #2494, #3385, #659, #2999, #2041, #5673, #746, #1129, #3413, #2940, #5170, #299, #2553, #1603, #4305, #4746, #2069, #5202, #5230, #1576, #244, #2526, #1156 ),
 .UNSPECIFIED., .F., .F.,
 ( 4, 2, 2, 2, 2, 2, 2, 2, 2, 2, 2, 2, 2, 2, 4 ),
 ( 0.02299690119633848728, 0.08685579767576480370, 0.1387121652027902274, 0.1959790640380902615, 0.2696079339692019627, 0.3258522096108934507, 0.3421054618528214242, 0.3583587140947493976, 0.3908652185786052335, 0.5054254591734496094, 0.5848722406770503479, 0.6597046840673143064, 0.7601324898293428944, 0.8800662449146714472, 0.9817585928463414824 ),
 .UNSPECIFIED. ) ;
#2852 = ORIENTED_EDGE ( 'NONE', *, *, #4553, .T. ) ;
#2853 = EDGE_CURVE ( 'NONE', #518, #5660, #737, .T. ) ;
#2854 = CARTESIAN_POINT ( 'NONE',  ( -58.96708445443707092, 27.48819975961737327, 21.41691224532954863 ) ) ;
#2855 = CARTESIAN_POINT ( 'NONE',  ( -17.44712724610495869, 12.56038628392863998, 20.85394028958355861 ) ) ;
#2856 = B_SPLINE_CURVE_WITH_KNOTS ( 'NONE', 3,
 ( #2926, #4733, #5663, #198, #171, #1968, #2832, #5572, #3787, #142 ),
 .UNSPECIFIED., .F., .F.,
 ( 4, 2, 2, 2, 4 ),
 ( 4.336808689942017736E-18, 0.0006750156789466541614, 0.001350031357893303986, 0.002025047036839953702, 0.002700062715786603635 ),
 .UNSPECIFIED. ) ;
#2857 = DIRECTION ( 'NONE',  ( -0.000000000000000000, -1.000000000000000000, -0.000000000000000000 ) ) ;
#2858 = CARTESIAN_POINT ( 'NONE',  ( -59.06860720435203405, 5.920569849119527106, 37.09053369284813328 ) ) ;
#2859 = ORIENTED_EDGE ( 'NONE', *, *, #1062, .F. ) ;
#2860 = CARTESIAN_POINT ( 'NONE',  ( -63.30027207577290937, 15.98820347414967813, 17.47895099870500957 ) ) ;
#2861 = CARTESIAN_POINT ( 'NONE',  ( -56.95788962549949730, 29.15032239177716633, 8.460801803672454824 ) ) ;
#2862 = FACE_OUTER_BOUND ( 'NONE', #284, .T. ) ;
#2863 = ORIENTED_EDGE ( 'NONE', *, *, #3478, .T. ) ;
#2864 = CARTESIAN_POINT ( 'NONE',  ( -7.617084454436963803, 22.45862836363353310, 22.47895099870554603 ) ) ;
#2865 = ORIENTED_EDGE ( 'NONE', *, *, #5365, .T. ) ;
#2866 = AXIS2_PLACEMENT_3D ( 'NONE', #3723, #2465, #2580 ) ;
#2867 = CYLINDRICAL_SURFACE ( 'NONE', #5651, 3.249999999999994227 ) ;
#2868 = B_SPLINE_CURVE_WITH_KNOTS ( 'NONE', 3,
 ( #4069, #3569, #2618, #2140, #2643, #4872, #3145, #2672, #2165, #4481, #4961, #5406, #1336, #3959, #335, #3511 ),
 .UNSPECIFIED., .F., .F.,
 ( 4, 2, 2, 2, 2, 2, 2, 4 ),
 ( 0.002054991184040617317, 0.004239296924455969277, 0.006423602664871321671, 0.007515755535079007843, 0.008607908405286695749, 0.009700061275494381921, 0.01024613771059822501, 0.01079221414570206809 ),
 .UNSPECIFIED. ) ;
#2869 = CARTESIAN_POINT ( 'NONE',  ( -19.33401361565286436, 7.465847974507381579, 17.08620544375255790 ) ) ;
#2870 = CARTESIAN_POINT ( 'NONE',  ( -44.21106457220249553, 15.92682142205727835, 17.47895099870556734 ) ) ;
#2871 = CARTESIAN_POINT ( 'NONE',  ( -57.33350557676803305, 9.550837861567524456, 37.47895099870588353 ) ) ;
#2872 = CARTESIAN_POINT ( 'NONE',  ( -19.33369678368434919, 7.466458010011301383, 27.87167360801690918 ) ) ;
#2873 = CARTESIAN_POINT ( 'NONE',  ( -8.117084454437073049, 21.81511842400183454, 3.416912245329549513 ) ) ;
#2874 = EDGE_CURVE ( 'NONE', #1493, #4204, #4688, .T. ) ;
#2875 = CARTESIAN_POINT ( 'NONE',  ( -59.82289861263611641, 9.525098351884969006, 36.17428662030630448 ) ) ;
#2876 = CARTESIAN_POINT ( 'NONE',  ( -62.87805176439132993, 20.09475566118649681, 19.61248430703890833 ) ) ;
#2877 = CARTESIAN_POINT ( 'NONE',  ( -8.117084454437074825, 27.92363538815188662, 3.416912245329549513 ) ) ;
#2878 = AXIS2_PLACEMENT_3D ( 'NONE', #3178, #3120, #3989 ) ;
#2879 = FACE_OUTER_BOUND ( 'NONE', #3521, .T. ) ;
#2880 = ORIENTED_EDGE ( 'NONE', *, *, #4236, .F. ) ;
#2881 = ORIENTED_EDGE ( 'NONE', *, *, #5207, .F. ) ;
#2882 = ADVANCED_FACE ( 'NONE', ( #2319 ), #2740, .T. ) ;
#2883 = CIRCLE ( 'NONE', #2696, 14.97357338780567382 ) ;
#2884 = CARTESIAN_POINT ( 'NONE',  ( -19.90118567667718708, 5.474427079565094445, 27.55576800690601402 ) ) ;
#2885 = AXIS2_PLACEMENT_3D ( 'NONE', #3471, #2516, #2089 ) ;
#2886 = CARTESIAN_POINT ( 'NONE',  ( -10.86708396699171253, 1.337944250313412686, 22.47895099870554603 ) ) ;
#2887 = CARTESIAN_POINT ( 'NONE',  ( -16.77045499364690073, 13.06364132641800779, 22.23869818413833954 ) ) ;
#2888 = CIRCLE ( 'NONE', #1562, 1.999999999999998446 ) ;
#2889 = CARTESIAN_POINT ( 'NONE',  ( -48.46198612961423180, 15.98635959421454800, 17.47895099870557445 ) ) ;
#2890 = ADVANCED_FACE ( 'NONE', ( #550 ), #909, .F. ) ;
#2891 = CARTESIAN_POINT ( 'NONE',  ( -20.94758578749767253, 4.964764751415163602, 18.35763256124329601 ) ) ;
#2892 = VERTEX_POINT ( 'NONE', #3724 ) ;
#2893 = AXIS2_PLACEMENT_3D ( 'NONE', #102, #5476, #1399 ) ;
#2894 = CARTESIAN_POINT ( 'NONE',  ( -20.37578933920203639, 17.74596876972338322, 17.47895099870553182 ) ) ;
#2895 = CARTESIAN_POINT ( 'NONE',  ( -50.63370748374683217, 31.48819975961736972, 8.443276509514971551 ) ) ;
#2896 = AXIS2_PLACEMENT_3D ( 'NONE', #4662, #547, #2315 ) ;
#2897 =( BOUNDED_SURFACE ( )  B_SPLINE_SURFACE ( 3, 2, ( 
 ( #3493, #5835, #793 ),
 ( #764, #4466, #3997 ),
 ( #4915, #5276, #5780 ),
 ( #5304, #2571, #1205 ),
 ( #4386, #4024, #2149 ),
 ( #1711, #1229, #3970 ),
 ( #3520, #3070, #4885 ),
 ( #3550, #3038, #2628 ),
 ( #4442, #5805, #373 ),
 ( #3941, #3013, #2175 ) ),
 .UNSPECIFIED., .F., .F., .T. ) 
 B_SPLINE_SURFACE_WITH_KNOTS ( ( 4, 2, 2, 2, 4 ),
 ( 3, 3 ),
 ( 0.006665049213253617169, 0.007553790881601139644, 0.008442532549948662118, 0.009331274218296183726, 0.01022001588664370707 ),
 ( 0.000000000000000000, 1.000000000000000000 ),
 .UNSPECIFIED. ) 
 GEOMETRIC_REPRESENTATION_ITEM ( )  RATIONAL_B_SPLINE_SURFACE ( (
 ( 1.000000000000000000, 0.9482449695825180269, 1.000000000000000000),
 ( 1.000000000000000000, 0.9395740170483888321, 1.000000000000000000),
 ( 1.000000000000000000, 0.9319994429799810520, 1.000000000000000000),
 ( 1.000000000000000000, 0.9214481234903723061, 1.000000000000000000),
 ( 1.000000000000000000, 0.9185745689290860660, 1.000000000000000000),
 ( 1.000000000000000000, 0.9186001907066017047, 1.000000000000000000),
 ( 1.000000000000000000, 0.9214373832977408307, 1.000000000000000000),
 ( 1.000000000000000000, 0.9319225576044897208, 1.000000000000000000),
 ( 1.000000000000000000, 0.9396722219737727588, 1.000000000000000000),
 ( 1.000000000000000000, 0.9482449695825461156, 1.000000000000000000) ) ) 
 REPRESENTATION_ITEM ( '' )  SURFACE ( )  );
#2898 = AXIS2_PLACEMENT_3D ( 'NONE', #3516, #2624, #1254 ) ;
#2899 = CARTESIAN_POINT ( 'NONE',  ( -19.71216706199317770, 5.465015706311536547, 27.89952281851667948 ) ) ;
#2900 = CARTESIAN_POINT ( 'NONE',  ( -7.617084454436963803, 15.06819975961737690, 22.47895099870554603 ) ) ;
#2901 = ORIENTED_EDGE ( 'NONE', *, *, #1238, .F. ) ;
#2902 = CARTESIAN_POINT ( 'NONE',  ( -19.99211829393766138, 8.088370046881451003, 17.48500978537641615 ) ) ;
#2903 = CARTESIAN_POINT ( 'NONE',  ( -60.96644175487040229, 5.988211958889678499, 17.47895099870731883 ) ) ;
#2904 = CARTESIAN_POINT ( 'NONE',  ( -56.94935867992467138, 10.17027991410972732, 37.47895099870589064 ) ) ;
#2905 = CARTESIAN_POINT ( 'NONE',  ( -20.92253469408058564, 4.783517601072066583, 26.47690423087335176 ) ) ;
#2906 = DIRECTION ( 'NONE',  ( -1.000000000000000000, 0.000000000000000000, 0.000000000000000000 ) ) ;
#2907 = EDGE_CURVE ( 'NONE', #869, #3218, #4264, .T. ) ;
#2908 = CARTESIAN_POINT ( 'NONE',  ( -60.19100812219789276, 10.40530547711695775, 35.61444890659463169 ) ) ;
#2909 = CARTESIAN_POINT ( 'NONE',  ( -62.63580817433297909, 18.18093171806046371, 17.97660897542196778 ) ) ;
#2910 = CARTESIAN_POINT ( 'NONE',  ( -17.39278538900919813, 11.86085513969944749, 18.46368185440455534 ) ) ;
#2911 = FACE_OUTER_BOUND ( 'NONE', #689, .T. ) ;
#2912 = CARTESIAN_POINT ( 'NONE',  ( -20.61868665870169437, 11.95308683515721349, 19.71265310054990749 ) ) ;
#2913 = CARTESIAN_POINT ( 'NONE',  ( -19.58569780741024857, 3.241472078722892114, 24.58385961340003689 ) ) ;
#2914 = ORIENTED_EDGE ( 'NONE', *, *, #1323, .F. ) ;
#2915 = EDGE_CURVE ( 'NONE', #76, #5395, #2709, .T. ) ;
#2916 = ORIENTED_EDGE ( 'NONE', *, *, #5398, .T. ) ;
#2917 = CARTESIAN_POINT ( 'NONE',  ( -18.86302944574732621, 3.320116189918916660, 20.28021568229526039 ) ) ;
#2918 = CARTESIAN_POINT ( 'NONE',  ( -19.33417205324959198, 7.465542960274734519, 27.87170798668006100 ) ) ;
#2919 = CARTESIAN_POINT ( 'NONE',  ( -16.85087833654711886, 12.97960314315667851, 23.67595238350547149 ) ) ;
#2920 = DIRECTION ( 'NONE',  ( 1.000000000000000000, 0.000000000000000000, -0.000000000000000000 ) ) ;
#2921 = CARTESIAN_POINT ( 'NONE',  ( -19.03842908121809785, 3.362399724931399270, 25.06962250707423578 ) ) ;
#2922 = ORIENTED_EDGE ( 'NONE', *, *, #3873, .F. ) ;
#2923 = ORIENTED_EDGE ( 'NONE', *, *, #3166, .F. ) ;
#2924 = CARTESIAN_POINT ( 'NONE',  ( -37.07542892094724607, 2.597403954766924095, 17.47895099870822833 ) ) ;
#2925 = CARTESIAN_POINT ( 'NONE',  ( -54.53239340423316150, 28.56417579781835769, 7.478950998705546915 ) ) ;
#2926 = CARTESIAN_POINT ( 'NONE',  ( -20.94758578749704014, 4.964764751412822363, 26.60026943616572126 ) ) ;
#2927 = EDGE_CURVE ( 'NONE', #1779, #1170, #1739, .T. ) ;
#2928 = FACE_OUTER_BOUND ( 'NONE', #5774, .T. ) ;
#2929 = EDGE_LOOP ( 'NONE', ( #4957, #3557, #1787, #2054 ) ) ;
#2930 = EDGE_CURVE ( 'NONE', #576, #928, #5051, .T. ) ;
#2931 = CARTESIAN_POINT ( 'NONE',  ( -59.09798517349920388, 11.21082080489581045, 37.47895099870514457 ) ) ;
#2932 = CARTESIAN_POINT ( 'NONE',  ( -19.09020935911354755, 8.765863184985228429, 17.57221650025369897 ) ) ;
#2933 = CARTESIAN_POINT ( 'NONE',  ( -59.17048040967554101, 15.98819005105898228, 17.47895099870420310 ) ) ;
#2934 = CARTESIAN_POINT ( 'NONE',  ( -56.32701531533925277, 11.48717949233271440, 37.47895099870589775 ) ) ;
#2935 = CARTESIAN_POINT ( 'NONE',  ( -60.31424369200041014, 27.86997373274647316, 35.39309428020409598 ) ) ;
#2936 = CARTESIAN_POINT ( 'NONE',  ( -19.36388446973367294, 3.511668135272342006, 25.52847469889064413 ) ) ;
#2937 = CIRCLE ( 'NONE', #571, 12.99999999999999822 ) ;
#2938 = CARTESIAN_POINT ( 'NONE',  ( 5.230253039460550646, 7.298941884571730654, 22.47895099870554603 ) ) ;
#2939 = DIRECTION ( 'NONE',  ( -0.000000000000000000, -0.000000000000000000, 1.000000000000000000 ) ) ;
#2940 = CARTESIAN_POINT ( 'NONE',  ( -46.46535565115236466, 16.00561588230400289, 27.47895099870556734 ) ) ;
#2941 = CARTESIAN_POINT ( 'NONE',  ( -19.80480345289749522, 5.395060405736734843, 27.69045649285138921 ) ) ;
#2942 = CARTESIAN_POINT ( 'NONE',  ( -19.22657446291857752, 10.51884852622887934, 18.35581905065419051 ) ) ;
#2943 = CARTESIAN_POINT ( 'NONE',  ( -7.617084454436858998, 0.4881997596173706655, 37.47895099870554247 ) ) ;
#2944 = EDGE_LOOP ( 'NONE', ( #813, #2987, #3235, #1089 ) ) ;
#2945 = ORIENTED_EDGE ( 'NONE', *, *, #3382, .T. ) ;
#2946 = CARTESIAN_POINT ( 'NONE',  ( -8.117084454437073049, 12.06748497057090397, 44.01039022695080405 ) ) ;
#2947 = CARTESIAN_POINT ( 'NONE',  ( -56.47570211126801354, -0.5527489327437399291, 7.478950998705546915 ) ) ;
#2948 = CARTESIAN_POINT ( 'NONE',  ( -17.21862500092078463, 12.82434884255686747, 22.90711780339862358 ) ) ;
#2949 = CARTESIAN_POINT ( 'NONE',  ( -62.96708445443707092, 19.52782360647037763, 26.01039022695086089 ) ) ;
#2950 = CARTESIAN_POINT ( 'NONE',  ( -58.36145772712401936, 6.988199759617370610, 37.47895099870589775 ) ) ;
#2951 = ORIENTED_EDGE ( 'NONE', *, *, #3469, .F. ) ;
#2952 = ORIENTED_EDGE ( 'NONE', *, *, #3863, .T. ) ;
#2953 = CARTESIAN_POINT ( 'NONE',  ( -39.45344190935983875, 3.704671272950797345, 17.47895099870356006 ) ) ;
#2954 = CARTESIAN_POINT ( 'NONE',  ( -55.06153442853281632, 27.99130233698107517, 7.478950998705546915 ) ) ;
#2955 = EDGE_CURVE ( 'NONE', #2822, #3783, #3442, .T. ) ;
#2956 = CARTESIAN_POINT ( 'NONE',  ( -19.60578974961449461, 8.712058993848927457, 27.40742950460490235 ) ) ;
#2957 = VERTEX_POINT ( 'NONE', #1989 ) ;
#2958 = CARTESIAN_POINT ( 'NONE',  ( -20.94207886453238743, 5.374073361438928664, 28.24058221728346751 ) ) ;
#2959 = EDGE_CURVE ( 'NONE', #2259, #3488, #1828, .T. ) ;
#2960 = CARTESIAN_POINT ( 'NONE',  ( -7.617084454437069496, 0.4881997596173706655, 22.47895099870554603 ) ) ;
#2961 = CARTESIAN_POINT ( 'NONE',  ( -56.89170838411206432, 10.26664173263389124, 37.47895099870589064 ) ) ;
#2962 = CARTESIAN_POINT ( 'NONE',  ( -60.00161476815581096, 28.24855068951416115, 35.78648086808329509 ) ) ;
#2963 = DIRECTION ( 'NONE',  ( 0.000000000000000000, -1.000000000000000000, 0.000000000000000000 ) ) ;
#2964 = VECTOR ( 'NONE', #596, 1000.000000000000000 ) ;
#2965 = CARTESIAN_POINT ( 'NONE',  ( -60.50228550021915197, 11.38504168277882478, 35.10201022736004717 ) ) ;
#2966 = CARTESIAN_POINT ( 'NONE',  ( -62.68703788179045944, 18.67221553410017165, 18.25104190506358037 ) ) ;
#2967 = CARTESIAN_POINT ( 'NONE',  ( -61.92636295898989118, 15.98818952216226386, 27.47895099870732594 ) ) ;
#2968 = CARTESIAN_POINT ( 'NONE',  ( -20.12977248878570791, 7.882129494116392188, 27.47764820755321935 ) ) ;
#2969 = CARTESIAN_POINT ( 'NONE',  ( -19.17308225998149851, 8.083321108820220147, 17.65658445056304515 ) ) ;
#2970 = CARTESIAN_POINT ( 'NONE',  ( -19.63073899783315568, 5.833195647829155561, 28.08014021461857368 ) ) ;
#2971 = ORIENTED_EDGE ( 'NONE', *, *, #104, .F. ) ;
#2972 = ORIENTED_EDGE ( 'NONE', *, *, #3361, .T. ) ;
#2973 = CARTESIAN_POINT ( 'NONE',  ( -5.590062557671359400, 1.122435492962148285, 37.41098687896502639 ) ) ;
#2974 = DIRECTION ( 'NONE',  ( 1.156482317317871478E-16, 1.000000000000000000, -0.000000000000000000 ) ) ;
#2975 = CIRCLE ( 'NONE', #1921, 1.249999999999999556 ) ;
#2976 = CARTESIAN_POINT ( 'NONE',  ( -18.42632370331662628, 12.25602632071197462, 24.76899855375718218 ) ) ;
#2977 = CARTESIAN_POINT ( 'NONE',  ( -44.96708445443707802, 31.48819975961736972, 21.41691224532954863 ) ) ;
#2978 = ORIENTED_EDGE ( 'NONE', *, *, #1177, .F. ) ;
#2979 = VERTEX_POINT ( 'NONE', #5684 ) ;
#2980 = AXIS2_PLACEMENT_3D ( 'NONE', #4768, #4058, #2262 ) ;
#2981 = CARTESIAN_POINT ( 'NONE',  ( -60.96644175482177985, 5.988211958889678499, 27.47895099870732594 ) ) ;
#2982 = FACE_OUTER_BOUND ( 'NONE', #490, .T. ) ;
#2983 = AXIS2_PLACEMENT_3D ( 'NONE', #151, #60, #2724 ) ;
#2984 = CARTESIAN_POINT ( 'NONE',  ( -20.98679142472767367, 4.258067957550167648, 27.63058131106264170 ) ) ;
#2985 = DIRECTION ( 'NONE',  ( 1.000000000000000000, -2.040335338037924389E-16, 0.000000000000000000 ) ) ;
#2986 = B_SPLINE_CURVE_WITH_KNOTS ( 'NONE', 3,
 ( #407, #3554, #5808, #3584 ),
 .UNSPECIFIED., .F., .F.,
 ( 4, 4 ),
 ( 0.000000000000000000, 0.0008829183121073625297 ),
 .UNSPECIFIED. ) ;
#2987 = ORIENTED_EDGE ( 'NONE', *, *, #2663, .T. ) ;
#2988 = ADVANCED_FACE ( 'NONE', ( #3781 ), #4677, .T. ) ;
#2989 = CARTESIAN_POINT ( 'NONE',  ( -58.22793410173171225, 7.877074671534237460, 37.47895099870589775 ) ) ;
#2990 = TOROIDAL_SURFACE ( 'NONE', #2417, 1.249999999999993561, 0.2500000000000000000 ) ;
#2991 = DIRECTION ( 'NONE',  ( 0.000000000000000000, -1.000000000000000000, 0.000000000000000000 ) ) ;
#2992 = CIRCLE ( 'NONE', #4981, 5.099999999999998757 ) ;
#2993 = CARTESIAN_POINT ( 'NONE',  ( -19.38159349594410585, 3.016811213756177334, 23.67525811312022199 ) ) ;
#2994 = CARTESIAN_POINT ( 'NONE',  ( -57.16745573024022775, 9.817633793959496202, 37.47895099870589775 ) ) ;
#2995 = CARTESIAN_POINT ( 'NONE',  ( -7.617084454437068608, 31.48819975961736972, 22.47895099870554603 ) ) ;
#2996 = DIRECTION ( 'NONE',  ( 1.156482317317871478E-16, 1.000000000000000000, -0.000000000000000000 ) ) ;
#2997 = VECTOR ( 'NONE', #4573, 1000.000000000000227 ) ;
#2998 = DIRECTION ( 'NONE',  ( 0.8785630289297504669, -0.4776264274490917838, 0.000000000000000000 ) ) ;
#2999 = CARTESIAN_POINT ( 'NONE',  ( -49.82411024604708416, 15.99075545985551727, 27.47895099870557445 ) ) ;
#3000 = DIRECTION ( 'NONE',  ( 1.000000000000000000, 0.000000000000000000, 0.000000000000000000 ) ) ;
#3001 = DIRECTION ( 'NONE',  ( -1.000000000000000000, 0.000000000000000000, 0.000000000000000000 ) ) ;
#3002 = CARTESIAN_POINT ( 'NONE',  ( -51.92456897815112882, 30.17382112986352993, 7.478950998705547804 ) ) ;
#3003 = ORIENTED_EDGE ( 'NONE', *, *, #4121, .T. ) ;
#3004 = ORIENTED_EDGE ( 'NONE', *, *, #64, .F. ) ;
#3005 = EDGE_CURVE ( 'NONE', #2150, #5660, #3839, .T. ) ;
#3006 = CARTESIAN_POINT ( 'NONE',  ( -7.617084454436963803, 15.03862836363353139, 22.47895099870554603 ) ) ;
#3007 = CARTESIAN_POINT ( 'NONE',  ( -54.82796302891508589, 0.6877131304169178394, 7.478950998705546915 ) ) ;
#3008 = DIRECTION ( 'NONE',  ( -1.156482317317871478E-16, -1.000000000000000000, 0.000000000000000000 ) ) ;
#3009 = ORIENTED_EDGE ( 'NONE', *, *, #2186, .T. ) ;
#3010 = ORIENTED_EDGE ( 'NONE', *, *, #2450, .F. ) ;
#3011 = CARTESIAN_POINT ( 'NONE',  ( -46.45081865681311228, 5.999005095936357890, 27.47895099870557090 ) ) ;
#3012 = CARTESIAN_POINT ( 'NONE',  ( -34.31889487463964628, 14.77548979564685006, 44.01039022695080405 ) ) ;
#3013 = CARTESIAN_POINT ( 'NONE',  ( -19.11736416341553735, 3.313861130563235502, 20.91096529927240866 ) ) ;
#3014 = EDGE_LOOP ( 'NONE', ( #5747, #4572, #3313, #558, #1430, #1672 ) ) ;
#3015 = CARTESIAN_POINT ( 'NONE',  ( -59.13793663576439741, 11.87702334481684652, 37.47895099870628144 ) ) ;
#3016 = DIRECTION ( 'NONE',  ( 0.000000000000000000, 0.000000000000000000, -1.000000000000000000 ) ) ;
#3017 = CARTESIAN_POINT ( 'NONE',  ( -17.78982241707545242, 12.78170190757689895, 23.23864789639457484 ) ) ;
#3018 = DIRECTION ( 'NONE',  ( 0.000000000000000000, 1.000000000000000000, 0.000000000000000000 ) ) ;
#3019 = DIRECTION ( 'NONE',  ( -1.982541115402066096E-15, 0.000000000000000000, 1.000000000000000000 ) ) ;
#3020 = CARTESIAN_POINT ( 'NONE',  ( -20.43898181157777216, 22.38282632903049318, 22.47895099870554603 ) ) ;
#3021 = ADVANCED_FACE ( 'NONE', ( #2378 ), #1614, .T. ) ;
#3022 = DIRECTION ( 'NONE',  ( -1.000000000000000000, -1.048062100069320789E-16, 0.000000000000000000 ) ) ;
#3023 = CARTESIAN_POINT ( 'NONE',  ( -17.81613607011581735, 10.01464310525344281, 17.12443732321424861 ) ) ;
#3024 = CARTESIAN_POINT ( 'NONE',  ( -19.75757622081373910, 5.959428215979210464, 27.78377715814530191 ) ) ;
#3025 = ORIENTED_EDGE ( 'NONE', *, *, #2844, .F. ) ;
#3026 = EDGE_LOOP ( 'NONE', ( #2591, #1005, #4042, #1378 ) ) ;
#3027 = CARTESIAN_POINT ( 'NONE',  ( -34.31889487463964628, 14.77548979564685006, 44.11039022695080547 ) ) ;
#3028 = EDGE_CURVE ( 'NONE', #5395, #5354, #3630, .T. ) ;
#3029 = CARTESIAN_POINT ( 'NONE',  ( -57.64535690733737283, -0.5527489327437399291, 8.639533499670111638 ) ) ;
#3030 = CARTESIAN_POINT ( 'NONE',  ( -20.87918753795994320, 6.036149710009621749, 27.15991037324626589 ) ) ;
#3031 = CARTESIAN_POINT ( 'NONE',  ( -50.70857773900917920, 0.4881997596173697218, 36.54414983438520892 ) ) ;
#3032 = ORIENTED_EDGE ( 'NONE', *, *, #1977, .F. ) ;
#3033 = VERTEX_POINT ( 'NONE', #2891 ) ;
#3034 = CARTESIAN_POINT ( 'NONE',  ( -32.11269870060394993, 0.3750136083869972103, 27.47895099870875413 ) ) ;
#3035 = DIRECTION ( 'NONE',  ( -0.1657556289665626514, -0.9079140692482797759, 0.3849897587299291879 ) ) ;
#3036 = CARTESIAN_POINT ( 'NONE',  ( -20.37578933920203639, 17.74596876972338322, 17.47895099870553182 ) ) ;
#3037 = DIRECTION ( 'NONE',  ( 0.6532146451753764183, 0.000000000000000000, 0.7571727856496209830 ) ) ;
#3038 = CARTESIAN_POINT ( 'NONE',  ( -19.01201085695510073, 3.313861130563171997, 21.41640727163282065 ) ) ;
#3039 = ORIENTED_EDGE ( 'NONE', *, *, #1837, .F. ) ;
#3040 = CARTESIAN_POINT ( 'NONE',  ( -10.19725391930947112, 15.06819975961737690, 22.47895099870554603 ) ) ;
#3041 = CARTESIAN_POINT ( 'NONE',  ( -44.96708445443707802, 12.06748497057090397, 26.01039022695080405 ) ) ;
#3042 = CARTESIAN_POINT ( 'NONE',  ( -20.87918753795995030, 6.036149710009623526, 27.15991037324625523 ) ) ;
#3043 = CARTESIAN_POINT ( 'NONE',  ( -19.99513983764610003, 4.017899136308678010, 25.80728766797534135 ) ) ;
#3044 = CARTESIAN_POINT ( 'NONE',  ( -52.99684752704430935, 31.36655668760247906, 8.772044705140308096 ) ) ;
#3045 =( BOUNDED_SURFACE ( )  B_SPLINE_SURFACE ( 2, 3, ( 
 ( #691, #5707, #5209, #5681, #1137, #3420, #3894, #4786, #3029, #218 ),
 ( #726, #5237, #3837, #2533, #4347, #1641, #4843, #2014, #2947, #5621 ),
 ( #5655, #3454, #5266, #2049, #1584, #1197, #2500, #3007, #1547, #4816 ) ),
 .UNSPECIFIED., .F., .F., .F. ) 
 B_SPLINE_SURFACE_WITH_KNOTS ( ( 3, 3 ),
 ( 4, 2, 2, 2, 4 ),
 ( 0.000000000000000000, 1.000000000000000000 ),
 ( -1.000000000000000000, 0.000000000000000000, 0.9999999999999973355, 1.147748403257786487, 1.362523243583565025 ),
 .UNSPECIFIED. ) 
 GEOMETRIC_REPRESENTATION_ITEM ( )  RATIONAL_B_SPLINE_SURFACE ( (
 ( 1.000000000000000000, 1.000000000000000000, 1.000000000000000000, 1.000000000000000000, 1.000000000000000000, 1.000000000000000000, 1.000000000000000000, 1.000000000000000000, 1.000000000000000000, 1.000000000000000000),
 ( 0.9246227270511087060, 0.9246227270511087060, 0.9246227270511087060, 0.9246227270511087060, 0.9246227270511087060, 0.9246227270511087060, 0.9246227270511087060, 0.9246227270511087060, 0.9246227270511087060, 0.9246227270511087060),
 ( 1.000000000000000000, 1.000000000000000000, 1.000000000000000000, 1.000000000000000000, 1.000000000000000000, 1.000000000000000000, 1.000000000000000000, 1.000000000000000000, 1.000000000000000000, 1.000000000000000000) ) ) 
 REPRESENTATION_ITEM ( '' )  SURFACE ( )  );
#3046 = CARTESIAN_POINT ( 'NONE',  ( -18.07783242262227219, 10.82178122703439804, 26.37353423453910395 ) ) ;
#3047 = CARTESIAN_POINT ( 'NONE',  ( -61.34717041459884257, 2.079985450130868774, 13.92339210637585722 ) ) ;
#3048 = CARTESIAN_POINT ( 'NONE',  ( -19.17824893307550127, 7.012938831353477731, 28.39635948191811465 ) ) ;
#3049 = CARTESIAN_POINT ( 'NONE',  ( -7.617084454437068608, 5.541365358992297097, 22.47895099870554603 ) ) ;
#3050 = CARTESIAN_POINT ( 'NONE',  ( -51.94398696571941798, 30.16664094606813507, 7.478950998705547804 ) ) ;
#3051 = VERTEX_POINT ( 'NONE', #2950 ) ;
#3052 = B_SPLINE_CURVE_WITH_KNOTS ( 'NONE', 3,
 ( #4849, #5301, #1620, #3464, #701, #1173, #4412, #1116, #2509, #2147 ),
 .UNSPECIFIED., .F., .F.,
 ( 4, 2, 2, 2, 4 ),
 ( -0.0007239296450880420121, -0.0001817067245459003935, 0.0003605161959962412252, 0.0009027391165383828438, 0.001444962037080524571 ),
 .UNSPECIFIED. ) ;
#3053 = ORIENTED_EDGE ( 'NONE', *, *, #5314, .T. ) ;
#3054 = TOROIDAL_SURFACE ( 'NONE', #4665, 3.249999999999994671, 1.920545172266873601 ) ;
#3055 = CARTESIAN_POINT ( 'NONE',  ( -62.79767056020432392, 6.187281888232996074, 18.95313483557437806 ) ) ;
#3056 = CARTESIAN_POINT ( 'NONE',  ( -4.922159329281967644, 30.98911817578141381, 37.35007937515132426 ) ) ;
#3057 = CARTESIAN_POINT ( 'NONE',  ( -7.617084454437068608, 22.48659911910485931, 22.47895099870554603 ) ) ;
#3058 = DIRECTION ( 'NONE',  ( -6.938893903907222067E-15, 0.000000000000000000, -1.000000000000000000 ) ) ;
#3059 = FACE_OUTER_BOUND ( 'NONE', #4454, .T. ) ;
#3060 = VERTEX_POINT ( 'NONE', #4756 ) ;
#3061 = EDGE_CURVE ( 'NONE', #663, #1731, #304, .T. ) ;
#3062 = ORIENTED_EDGE ( 'NONE', *, *, #2550, .F. ) ;
#3063 = AXIS2_PLACEMENT_3D ( 'NONE', #4780, #1670, #804 ) ;
#3064 = CIRCLE ( 'NONE', #2395, 0.1000000000000002554 ) ;
#3065 = CARTESIAN_POINT ( 'NONE',  ( -8.117084454437073049, 21.81511842400183454, 7.478950998705546915 ) ) ;
#3066 = CARTESIAN_POINT ( 'NONE',  ( -19.70491304937729637, 3.386269837145770012, 20.06877779683354035 ) ) ;
#3067 = EDGE_CURVE ( 'NONE', #2372, #5115, #1070, .T. ) ;
#3068 = CARTESIAN_POINT ( 'NONE',  ( -55.81999673151501895, 5.988382525214269947, 17.47895099870710212 ) ) ;
#3069 = CARTESIAN_POINT ( 'NONE',  ( -19.80636889330655492, 5.396953755539013464, 27.68691868991878025 ) ) ;
#3070 = CARTESIAN_POINT ( 'NONE',  ( -18.96576450958790971, 3.313861130563299895, 21.94365319076237242 ) ) ;
#3071 = VECTOR ( 'NONE', #4457, 1000.000000000000000 ) ;
#3072 = ORIENTED_EDGE ( 'NONE', *, *, #5679, .T. ) ;
#3073 = CARTESIAN_POINT ( 'NONE',  ( -59.17028147198218591, 25.98819005085585943, 27.47895099870421376 ) ) ;
#3074 = CARTESIAN_POINT ( 'NONE',  ( -17.55647600522544849, 10.96166779239874245, 27.32286950037767781 ) ) ;
#3075 = ADVANCED_FACE ( 'NONE', ( #3459, #4906 ), #783, .F. ) ;
#3076 = CIRCLE ( 'NONE', #146, 0.1000000000000028644 ) ;
#3077 = CARTESIAN_POINT ( 'NONE',  ( -62.90707690871817448, 15.98819913141635496, 27.47895099870568814 ) ) ;
#3078 = DIRECTION ( 'NONE',  ( 1.000000000000000000, 0.000000000000000000, 0.000000000000000000 ) ) ;
#3079 = DIRECTION ( 'NONE',  ( -1.000000000000000000, 0.000000000000000000, 0.000000000000000000 ) ) ;
#3080 = AXIS2_PLACEMENT_3D ( 'NONE', #4530, #493, #5450 ) ;
#3081 = AXIS2_PLACEMENT_3D ( 'NONE', #2235, #907, #4081 ) ;
#3082 = CYLINDRICAL_SURFACE ( 'NONE', #4499, 13.25415996464414548 ) ;
#3083 = DIRECTION ( 'NONE',  ( -1.000000000000000000, 0.000000000000000000, 0.000000000000000000 ) ) ;
#3084 = CARTESIAN_POINT ( 'NONE',  ( -20.48670252432271965, 11.84565438533126347, 19.56698060306573339 ) ) ;
#3085 = AXIS2_PLACEMENT_3D ( 'NONE', #4258, #3248, #3729 ) ;
#3086 =( BOUNDED_CURVE ( )  B_SPLINE_CURVE ( 3, ( #4168, #954, #4135, #1960 ),
 .UNSPECIFIED., .F., .T. ) 
 B_SPLINE_CURVE_WITH_KNOTS ( ( 4, 4 ),
 ( 4.712388980384689674, 6.283185307179586232 ),
 .UNSPECIFIED. ) 
 CURVE ( )  GEOMETRIC_REPRESENTATION_ITEM ( )  RATIONAL_B_SPLINE_CURVE ( ( 1.000000000000000000, 0.8047378541243649375, 0.8047378541243649375, 1.000000000000000000 ) ) 
 REPRESENTATION_ITEM ( '' )  );
#3087 = CARTESIAN_POINT ( 'NONE',  ( -17.80493890154921743, 8.413861130563233814, 22.47895099870554603 ) ) ;
#3088 = ORIENTED_EDGE ( 'NONE', *, *, #4374, .F. ) ;
#3089 = CARTESIAN_POINT ( 'NONE',  ( -62.54961937416501883, 15.04749735713605219, 17.56261223358732337 ) ) ;
#3090 = DIRECTION ( 'NONE',  ( 0.000000000000000000, 0.000000000000000000, -1.000000000000000000 ) ) ;
#3091 = DIRECTION ( 'NONE',  ( 1.156482317317871478E-16, 1.000000000000000000, -0.000000000000000000 ) ) ;
#3092 = CARTESIAN_POINT ( 'NONE',  ( -53.02870603629699531, 1.752231019943592427, 37.47895099870586222 ) ) ;
#3093 = B_SPLINE_CURVE_WITH_KNOTS ( 'NONE', 3,
 ( #2326, #557, #1856, #2291, #3671, #4501, #4531, #79, #3612, #2354 ),
 .UNSPECIFIED., .F., .F.,
 ( 4, 2, 2, 2, 4 ),
 ( 0.000000000000000000, 0.0006751158725135519715, 0.001350231745027103943, 0.002025347617540655155, 0.002700463490054206585 ),
 .UNSPECIFIED. ) ;
#3094 = ADVANCED_FACE ( 'NONE', ( #3059 ), #3897, .T. ) ;
#3095 = DIRECTION ( 'NONE',  ( 0.000000000000000000, -0.000000000000000000, -1.000000000000000000 ) ) ;
#3096 = EDGE_LOOP ( 'NONE', ( #4387, #5128 ) ) ;
#3097 = ORIENTED_EDGE ( 'NONE', *, *, #4525, .T. ) ;
#3098 = CARTESIAN_POINT ( 'NONE',  ( -59.17048040971416611, 15.98819005105898228, 27.47895099870420310 ) ) ;
#3099 = CARTESIAN_POINT ( 'NONE',  ( -20.92302794417675571, 4.787086298923360239, 18.47856874557135853 ) ) ;
#3100 = CARTESIAN_POINT ( 'NONE',  ( -19.88402055773502397, 4.660484376680850360, 17.75685763281768459 ) ) ;
#3101 = EDGE_CURVE ( 'NONE', #4050, #1500, #2590, .T. ) ;
#3102 = CARTESIAN_POINT ( 'NONE',  ( -56.69948627718530787, 15.98824606621205113, 27.47895099870710922 ) ) ;
#3103 = EDGE_CURVE ( 'NONE', #2805, #5156, #3410, .T. ) ;
#3104 = ORIENTED_EDGE ( 'NONE', *, *, #1333, .T. ) ;
#3105 = CARTESIAN_POINT ( 'NONE',  ( -36.21899402498930698, 24.03307090331379570, 27.47895099870556734 ) ) ;
#3106 = DIRECTION ( 'NONE',  ( 1.000000000000000000, 0.000000000000000000, 0.000000000000000000 ) ) ;
#3107 = EDGE_CURVE ( 'NONE', #2957, #216, #5152, .T. ) ;
#3108 = PLANE ( 'NONE',  #2409 ) ;
#3109 = VERTEX_POINT ( 'NONE', #758 ) ;
#3110 = DIRECTION ( 'NONE',  ( -0.000000000000000000, 0.000000000000000000, 1.000000000000000000 ) ) ;
#3111 = CARTESIAN_POINT ( 'NONE',  ( -7.617084454436963803, 10.43486996051030324, 22.47895099870554603 ) ) ;
#3112 = ADVANCED_FACE ( 'NONE', ( #4406 ), #1644, .T. ) ;
#3113 = CARTESIAN_POINT ( 'NONE',  ( -62.96566627621333367, 6.988189855393871497, 26.32990476059392648 ) ) ;
#3114 = LINE ( 'NONE', #4925, #5740 ) ;
#3115 = CARTESIAN_POINT ( 'NONE',  ( -50.31583746620116671, 31.48819975961736972, 8.478950998705547804 ) ) ;
#3116 = CARTESIAN_POINT ( 'NONE',  ( -19.24957089205602045, 3.453713779778933457, 19.57737764334205366 ) ) ;
#3117 = ORIENTED_EDGE ( 'NONE', *, *, #5220, .T. ) ;
#3118 = DIRECTION ( 'NONE',  ( -1.000000000000000000, -0.000000000000000000, 0.000000000000000000 ) ) ;
#3119 = CARTESIAN_POINT ( 'NONE',  ( -6.494141671547510875, 30.71657414206094572, 37.45252438651127136 ) ) ;
#3120 = DIRECTION ( 'NONE',  ( -0.1666362674804343635, -0.9141190861232154630, -0.3696196027613342094 ) ) ;
#3121 = CARTESIAN_POINT ( 'NONE',  ( -56.11614570743326880, 2.983391573247464734, 37.47895099870589775 ) ) ;
#3122 = CARTESIAN_POINT ( 'NONE',  ( -58.36145772712401225, 6.988199759617371498, 37.47895099870589775 ) ) ;
#3123 = EDGE_LOOP ( 'NONE', ( #4431, #959, #3862, #938 ) ) ;
#3124 = VECTOR ( 'NONE', #1095, 1000.000000000000000 ) ;
#3125 = ORIENTED_EDGE ( 'NONE', *, *, #3351, .F. ) ;
#3126 = CARTESIAN_POINT ( 'NONE',  ( -52.68110183416757764, 15.98720042638902505, 27.47895099870753555 ) ) ;
#3127 = DIRECTION ( 'NONE',  ( -1.051347561198064835E-16, 1.000000000000000000, 7.341520781122565208E-31 ) ) ;
#3128 = EDGE_CURVE ( 'NONE', #5192, #3425, #31, .T. ) ;
#3129 = CARTESIAN_POINT ( 'NONE',  ( -20.60644339522648139, 8.177730147361453206, 15.71721079573757152 ) ) ;
#3130 = CARTESIAN_POINT ( 'NONE',  ( -43.02115129672996119, 5.209392686415649010, 27.47895099870556734 ) ) ;
#3131 = CARTESIAN_POINT ( 'NONE',  ( -7.617084454437065943, 1.488199759617370610, 37.47895099870564906 ) ) ;
#3132 = VERTEX_POINT ( 'NONE', #4016 ) ;
#3133 = CARTESIAN_POINT ( 'NONE',  ( -52.68110183416757764, 15.98720042638902505, 27.47895099870753555 ) ) ;
#3134 = DIRECTION ( 'NONE',  ( 0.000000000000000000, 0.000000000000000000, -1.000000000000000000 ) ) ;
#3135 = CARTESIAN_POINT ( 'NONE',  ( -20.32055400258490252, 11.75113962018027536, 25.50932235613648658 ) ) ;
#3136 = EDGE_LOOP ( 'NONE', ( #5367, #2679, #3461, #1031 ) ) ;
#3137 = CARTESIAN_POINT ( 'NONE',  ( -20.11893073141991550, 4.277569379228216562, 26.07800563902039315 ) ) ;
#3138 = FACE_OUTER_BOUND ( 'NONE', #2079, .T. ) ;
#3139 = EDGE_CURVE ( 'NONE', #4585, #1050, #4875, .T. ) ;
#3140 = CARTESIAN_POINT ( 'NONE',  ( -63.63382706695971791, 15.98821102550520834, 27.47895099870559221 ) ) ;
#3141 = CARTESIAN_POINT ( 'NONE',  ( -59.75279874015136983, 4.488199759617370610, 11.15130690218371612 ) ) ;
#3142 = DIRECTION ( 'NONE',  ( -1.000000000000000000, 1.156482317317871478E-16, 0.000000000000000000 ) ) ;
#3143 = VERTEX_POINT ( 'NONE', #3540 ) ;
#3144 = ORIENTED_EDGE ( 'NONE', *, *, #3606, .F. ) ;
#3145 = CARTESIAN_POINT ( 'NONE',  ( -51.37573475979620952, 0.7145280380959733169, 7.478950998705547804 ) ) ;
#3146 = CARTESIAN_POINT ( 'NONE',  ( -19.70538324143285891, 3.400819037134475753, 20.04251329495713208 ) ) ;
#3147 = CARTESIAN_POINT ( 'NONE',  ( -60.35742938432524340, 1.775811969975949145, 26.12196037634825885 ) ) ;
#3148 = CARTESIAN_POINT ( 'NONE',  ( -54.98632918360807764, 31.36345779591562533, 37.47895099870700619 ) ) ;
#3149 = AXIS2_PLACEMENT_3D ( 'NONE', #2611, #4598, #2300 ) ;
#3150 = ORIENTED_EDGE ( 'NONE', *, *, #5686, .F. ) ;
#3151 = VERTEX_POINT ( 'NONE', #366 ) ;
#3152 = CARTESIAN_POINT ( 'NONE',  ( -44.21106457215372387, 15.92682142205422835, 27.47895099870556734 ) ) ;
#3153 = VECTOR ( 'NONE', #4435, 1000.000000000000000 ) ;
#3154 = CARTESIAN_POINT ( 'NONE',  ( -19.86986492834887841, 5.690868939535437043, 27.63315146258539912 ) ) ;
#3155 = DIRECTION ( 'NONE',  ( -0.000000000000000000, 0.000000000000000000, 1.000000000000000000 ) ) ;
#3156 = CARTESIAN_POINT ( 'NONE',  ( -53.81634161796729643, 5.987965219229216096, 27.47895099870362046 ) ) ;
#3157 = ORIENTED_EDGE ( 'NONE', *, *, #5728, .F. ) ;
#3158 = CIRCLE ( 'NONE', #4400, 1.250000000000000888 ) ;
#3159 = CARTESIAN_POINT ( 'NONE',  ( -53.80616582548380222, 25.98796360210783973, 27.47895099870362046 ) ) ;
#3160 = FACE_OUTER_BOUND ( 'NONE', #2678, .T. ) ;
#3161 = CIRCLE ( 'NONE', #610, 1.999999999999998890 ) ;
#3162 = AXIS2_PLACEMENT_3D ( 'NONE', #4356, #792, #288 ) ;
#3163 = CARTESIAN_POINT ( 'NONE',  ( -19.72473251593654098, 5.389031275940730836, 17.08648991279304497 ) ) ;
#3164 = VERTEX_POINT ( 'NONE', #2078 ) ;
#3165 = LINE ( 'NONE', #827, #5490 ) ;
#3166 = EDGE_CURVE ( 'NONE', #4372, #2759, #3915, .T. ) ;
#3167 = B_SPLINE_CURVE_WITH_KNOTS ( 'NONE', 3,
 ( #3447, #4397, #5258, #300 ),
 .UNSPECIFIED., .F., .F.,
 ( 4, 4 ),
 ( 0.000000000000000000, 0.0001955479220095722502 ),
 .UNSPECIFIED. ) ;
#3168 = TOROIDAL_SURFACE ( 'NONE', #4212, 12.82189735714070267, 10.00000000000000711 ) ;
#3169 = CARTESIAN_POINT ( 'NONE',  ( -48.46198612961423180, 15.98635959421454800, 27.47895099870557445 ) ) ;
#3170 = CARTESIAN_POINT ( 'NONE',  ( -57.11351982636718105, 12.06748497057090397, 37.42218421862860822 ) ) ;
#3171 = EDGE_CURVE ( 'NONE', #4232, #1042, #2345, .T. ) ;
#3172 = CARTESIAN_POINT ( 'NONE',  ( -19.63202061467443116, 5.827801328115084445, 28.07729743186227722 ) ) ;
#3173 = AXIS2_PLACEMENT_3D ( 'NONE', #4038, #5845, #1776 ) ;
#3174 = CARTESIAN_POINT ( 'NONE',  ( -7.617084454437067720, 13.36345680993839302, 22.47895099870554603 ) ) ;
#3175 = AXIS2_PLACEMENT_3D ( 'NONE', #2900, #2059, #2511 ) ;
#3176 = AXIS2_PLACEMENT_3D ( 'NONE', #1727, #4013, #420 ) ;
#3177 = CARTESIAN_POINT ( 'NONE',  ( -5.590734304721753034, 30.85384059360711362, 37.41102007205506652 ) ) ;
#3178 = CARTESIAN_POINT ( 'NONE',  ( -21.52334899739880925, 5.541365358992298873, 28.74833714793239636 ) ) ;
#3179 = CARTESIAN_POINT ( 'NONE',  ( -61.05356144934698648, 2.382289909205270728, 26.15277346626799826 ) ) ;
#3180 = CARTESIAN_POINT ( 'NONE',  ( -57.23863588848526263, 2.786032018871571037, 36.98832766338070144 ) ) ;
#3181 = ORIENTED_EDGE ( 'NONE', *, *, #369, .T. ) ;
#3182 = ORIENTED_EDGE ( 'NONE', *, *, #4684, .T. ) ;
#3183 = EDGE_CURVE ( 'NONE', #76, #518, #309, .T. ) ;
#3184 = LINE ( 'NONE', #4881, #2229 ) ;
#3185 = CARTESIAN_POINT ( 'NONE',  ( -20.74555323813873642, 4.295513122098210346, 18.89167695850076356 ) ) ;
#3186 = CARTESIAN_POINT ( 'NONE',  ( -62.80168877712015529, 10.03059985534753196, 18.97996525003730639 ) ) ;
#3187 = CARTESIAN_POINT ( 'NONE',  ( -46.45081865681311228, 5.999005095936357890, 27.47895099870557090 ) ) ;
#3188 = CARTESIAN_POINT ( 'NONE',  ( -56.87588380781997444, 30.91517837245032041, 36.83081012707519619 ) ) ;
#3189 = EDGE_LOOP ( 'NONE', ( #4248, #2881, #2622, #1724 ) ) ;
#3190 = CARTESIAN_POINT ( 'NONE',  ( -32.81956375717873442, 11.64666303541724979, 27.47895099870822833 ) ) ;
#3191 = FACE_OUTER_BOUND ( 'NONE', #2201, .T. ) ;
#3192 = CARTESIAN_POINT ( 'NONE',  ( -19.80636889330618544, 5.396953755538562270, 17.27098330749146626 ) ) ;
#3193 = ORIENTED_EDGE ( 'NONE', *, *, #2403, .T. ) ;
#3194 = CARTESIAN_POINT ( 'NONE',  ( -20.04064622955677777, 5.031889606986118757, 17.75906931158327851 ) ) ;
#3195 = CARTESIAN_POINT ( 'NONE',  ( -46.47989264549163124, 26.01222666867164435, 27.47895099870557090 ) ) ;
#3196 = DIRECTION ( 'NONE',  ( 0.000000000000000000, 0.000000000000000000, 1.000000000000000000 ) ) ;
#3197 = DIRECTION ( 'NONE',  ( -1.000000000000000000, 0.000000000000000000, 0.000000000000000000 ) ) ;
#3198 = LINE ( 'NONE', #569, #1439 ) ;
#3199 = ADVANCED_FACE ( 'NONE', ( #1312 ), #4487, .T. ) ;
#3200 = CARTESIAN_POINT ( 'NONE',  ( -59.70666472867943497, 9.245453582903179424, 36.34219346145361129 ) ) ;
#3201 = FACE_OUTER_BOUND ( 'NONE', #3014, .T. ) ;
#3202 = LINE ( 'NONE', #3231, #3272 ) ;
#3203 = CARTESIAN_POINT ( 'NONE',  ( -54.72712016270133262, 1.244093248021516995, 36.83011835699930714 ) ) ;
#3204 = ORIENTED_EDGE ( 'NONE', *, *, #998, .F. ) ;
#3205 = ORIENTED_EDGE ( 'NONE', *, *, #798, .T. ) ;
#3206 = ADVANCED_FACE ( 'NONE', ( #5495 ), #2441, .T. ) ;
#3207 = TOROIDAL_SURFACE ( 'NONE', #279, 10.18785444711215149, 5.099999999999998757 ) ;
#3208 = DIRECTION ( 'NONE',  ( 1.224646799147353207E-16, 1.000000000000000000, -0.000000000000000000 ) ) ;
#3209 = CARTESIAN_POINT ( 'NONE',  ( -19.65969940225418000, 7.630763128843944365, 27.48322491512240617 ) ) ;
#3210 = CARTESIAN_POINT ( 'NONE',  ( -17.54875919652894822, 12.41410657891625391, 20.49363562560938234 ) ) ;
#3211 = CARTESIAN_POINT ( 'NONE',  ( -63.30027207577290937, 15.98820347414967813, 27.47895099870501312 ) ) ;
#3212 = EDGE_CURVE ( 'NONE', #2733, #635, #2061, .T. ) ;
#3213 = CARTESIAN_POINT ( 'NONE',  ( -58.24370143301394620, 29.85358988092599475, 36.99386738899356430 ) ) ;
#3214 = EDGE_LOOP ( 'NONE', ( #3601, #3998, #167, #1141 ) ) ;
#3215 = CARTESIAN_POINT ( 'NONE',  ( -49.82411024601114491, 15.99075545985551727, 17.47895099870557445 ) ) ;
#3216 = CARTESIAN_POINT ( 'NONE',  ( -7.617084454436869656, 30.48819975961737683, 36.47895099870554247 ) ) ;
#3217 = CARTESIAN_POINT ( 'NONE',  ( -7.617084454437074825, 18.41248979564684873, 43.51039022695080405 ) ) ;
#3218 = VERTEX_POINT ( 'NONE', #214 ) ;
#3219 = PERSON_AND_ORGANIZATION ( #131, #3688 ) ;
#3220 = CARTESIAN_POINT ( 'NONE',  ( -57.14846784201280627, 28.61104625978052951, 8.365797017696923632 ) ) ;
#3221 = CARTESIAN_POINT ( 'NONE',  ( -18.61210074131729897, 3.313861130563235946, 23.94516209663798634 ) ) ;
#3222 = CARTESIAN_POINT ( 'NONE',  ( -60.51959108077767269, 11.43257431920168798, 35.07258720456410828 ) ) ;
#3223 = CARTESIAN_POINT ( 'NONE',  ( -62.90668476232223583, 11.68005745823775321, 19.93024789746799286 ) ) ;
#3224 = CARTESIAN_POINT ( 'NONE',  ( -61.96655505414517506, 25.98818860268061215, 27.47895099870733659 ) ) ;
#3225 = CARTESIAN_POINT ( 'NONE',  ( -7.617084454437068608, 4.303371501297399426, 22.47895099870554603 ) ) ;
#3226 = CARTESIAN_POINT ( 'NONE',  ( -19.83308950918526747, 5.990474513895186703, 17.23005807488418384 ) ) ;
#3227 = CARTESIAN_POINT ( 'NONE',  ( -19.93804209900647706, 5.207275025848354666, 17.49730330772876741 ) ) ;
#3228 = CC_DESIGN_DATE_AND_TIME_ASSIGNMENT ( #4201, #5039, ( #2795 ) ) ;
#3229 = CARTESIAN_POINT ( 'NONE',  ( -20.98679142472777670, 4.258067957552939653, 17.32732068634606648 ) ) ;
#3230 = CARTESIAN_POINT ( 'NONE',  ( -7.617084454437069496, 0.4881997596173706655, 7.478950998705546915 ) ) ;
#3231 = CARTESIAN_POINT ( 'NONE',  ( -7.617084454437074825, 12.06748497057090397, 44.01039022695080405 ) ) ;
#3232 = CARTESIAN_POINT ( 'NONE',  ( -58.18253593786528199, 4.448337075059111356, 37.47895099870590485 ) ) ;
#3233 = EDGE_LOOP ( 'NONE', ( #721, #4750 ) ) ;
#3234 = ADVANCED_FACE ( 'NONE', ( #2879 ), #1041, .F. ) ;
#3235 = ORIENTED_EDGE ( 'NONE', *, *, #4129, .F. ) ;
#3236 =( BOUNDED_SURFACE ( )  B_SPLINE_SURFACE ( 3, 2, ( 
 ( #2495, #3300, #662 ),
 ( #2466, #1579, #1451 ),
 ( #4187, #2400, #123 ),
 ( #1922, #5233, #3922 ),
 ( #2970, #3024, #2528 ),
 ( #4839, #1723, #1216 ) ),
 .UNSPECIFIED., .F., .F., .T. ) 
 B_SPLINE_SURFACE_WITH_KNOTS ( ( 4, 2, 4 ),
 ( 3, 3 ),
 ( -1.734723475976807094E-18, 0.001422022811062098992, 0.002844045622124199719 ),
 ( 0.000000000000000000, 0.2938408636277227703 ),
 .UNSPECIFIED. ) 
 GEOMETRIC_REPRESENTATION_ITEM ( )  RATIONAL_B_SPLINE_SURFACE ( (
 ( 1.000000000000000000, 0.9538690410613720472, 0.9348484037517470480),
 ( 1.000000000000000000, 0.9523278228443780025, 0.9326717131015995754),
 ( 1.000000000000000000, 0.9511658613681860386, 0.9310306536765484697),
 ( 1.000000000000000000, 0.9499008452823334281, 0.9292440483431829712),
 ( 1.000000000000000000, 0.9498071598066292198, 0.9291117346339550220),
 ( 1.000000000000000000, 0.9503323962081737797, 0.9298535356013670761) ) ) 
 REPRESENTATION_ITEM ( '' )  SURFACE ( )  );
#3237 = CARTESIAN_POINT ( 'NONE',  ( -6.727084454437067151, 31.48819975961737683, 22.47895099870556734 ) ) ;
#3238 = CARTESIAN_POINT ( 'NONE',  ( -19.94220041586559589, 7.069427998892243714, 27.44347907302411471 ) ) ;
#3239 = CARTESIAN_POINT ( 'NONE',  ( -17.96704231898876358, 12.66518240061513545, 21.19133000183580151 ) ) ;
#3240 = CARTESIAN_POINT ( 'NONE',  ( -50.68751545479487675, 15.98896313916680434, 17.47895099870407520 ) ) ;
#3241 = EDGE_CURVE ( 'NONE', #4255, #2194, #687, .T. ) ;
#3242 = CARTESIAN_POINT ( 'NONE',  ( -56.34683802305451650, 2.085461304973285301, 36.93442559501573186 ) ) ;
#3243 = VERTEX_POINT ( 'NONE', #1132 ) ;
#3244 = ORIENTED_EDGE ( 'NONE', *, *, #4945, .T. ) ;
#3245 = AXIS2_PLACEMENT_3D ( 'NONE', #695, #583, #1932 ) ;
#3246 = CARTESIAN_POINT ( 'NONE',  ( -28.56369859347439544, 20.69592211609966270, 17.47895099870822833 ) ) ;
#3247 = EDGE_CURVE ( 'NONE', #2137, #1647, #5558, .T. ) ;
#3248 = DIRECTION ( 'NONE',  ( -1.000000000000000000, -0.000000000000000000, -0.000000000000000000 ) ) ;
#3249 = ORIENTED_EDGE ( 'NONE', *, *, #5036, .T. ) ;
#3250 = DATE_TIME_ROLE ( 'classification_date' ) ;
#3251 = CARTESIAN_POINT ( 'NONE',  ( -53.56653362562033749, 31.30694446095541750, 8.894343909947082238 ) ) ;
#3252 = TOROIDAL_SURFACE ( 'NONE', #2496, 9.254159964644147252, 4.000000000000000000 ) ;
#3253 = ORIENTED_EDGE ( 'NONE', *, *, #5619, .T. ) ;
#3254 = EDGE_CURVE ( 'NONE', #4847, #2822, #5646, .T. ) ;
#3255 = CARTESIAN_POINT ( 'NONE',  ( -60.57621488456920389, 11.87701177516013296, 34.97449024437545262 ) ) ;
#3256 = VECTOR ( 'NONE', #4575, 1000.000000000000227 ) ;
#3257 = LINE ( 'NONE', #3735, #3362 ) ;
#3258 = AXIS2_PLACEMENT_3D ( 'NONE', #5037, #439, #937 ) ;
#3259 = CARTESIAN_POINT ( 'NONE',  ( -44.21106457215372387, 15.92682142205422835, 27.47895099870556734 ) ) ;
#3260 = CARTESIAN_POINT ( 'NONE',  ( -60.58060523815428411, 12.06748497057090397, 34.96683867130812473 ) ) ;
#3261 = DIRECTION ( 'NONE',  ( 1.156482317317871478E-16, 1.000000000000000000, -0.000000000000000000 ) ) ;
#3262 = CARTESIAN_POINT ( 'NONE',  ( -62.96708445443706381, 7.989583412595275824, 26.48603967831943251 ) ) ;
#3263 = CIRCLE ( 'NONE', #1658, 3.249999512554642589 ) ;
#3264 = CARTESIAN_POINT ( 'NONE',  ( -59.29694358252087483, 8.060394573523474548, 36.90333212723812295 ) ) ;
#3265 = CARTESIAN_POINT ( 'NONE',  ( -17.48779596960936900, 11.27044416186716447, 17.84411862608406452 ) ) ;
#3266 = DIRECTION ( 'NONE',  ( -0.000000000000000000, -1.000000000000000000, 0.000000000000000000 ) ) ;
#3267 = EDGE_CURVE ( 'NONE', #1943, #2373, #5527, .T. ) ;
#3268 = AXIS2_PLACEMENT_3D ( 'NONE', #4303, #298, #657 ) ;
#3269 = CARTESIAN_POINT ( 'NONE',  ( -57.27828824810628561, 29.58794388849040757, 37.47895099870589064 ) ) ;
#3270 = ORIENTED_EDGE ( 'NONE', *, *, #5014, .F. ) ;
#3271 = ORIENTED_EDGE ( 'NONE', *, *, #3103, .F. ) ;
#3272 = VECTOR ( 'NONE', #3773, 1000.000000000000000 ) ;
#3273 = CARTESIAN_POINT ( 'NONE',  ( -19.99359903158347507, 8.086151530738108661, 17.48495862544337598 ) ) ;
#3274 = CARTESIAN_POINT ( 'NONE',  ( -17.27283653905690741, 12.23867363701659805, 19.05986553448331478 ) ) ;
#3275 = ADVANCED_FACE ( 'NONE', ( #1104 ), #4218, .F. ) ;
#3276 = CARTESIAN_POINT ( 'NONE',  ( -31.42746716209035540, 10.98865990637529855, 17.47895099870287083 ) ) ;
#3277 = CARTESIAN_POINT ( 'NONE',  ( -18.39277745465775382, 9.793055654683497480, 17.98980602238179216 ) ) ;
#3278 = ORIENTED_EDGE ( 'NONE', *, *, #536, .F. ) ;
#3279 =( BOUNDED_SURFACE ( )  B_SPLINE_SURFACE ( 3, 2, ( 
 ( #5510, #1829, #4589 ),
 ( #4148, #5455, #5069 ),
 ( #3194, #1004, #2808 ),
 ( #2714, #486, #3100 ) ),
 .UNSPECIFIED., .F., .F., .T. ) 
 B_SPLINE_SURFACE_WITH_KNOTS ( ( 4, 4 ),
 ( 3, 3 ),
 ( 0.000000000000000000, 0.001519583027188282573 ),
 ( 0.8400646482666125348, 1.000000000000000000 ),
 .UNSPECIFIED. ) 
 GEOMETRIC_REPRESENTATION_ITEM ( )  RATIONAL_B_SPLINE_SURFACE ( (
 ( 0.9536333746319427540, 0.9724029421641953164, 1.000000000000000000),
 ( 0.9554529296076796907, 0.9734859272531949381, 1.000000000000000000),
 ( 0.9581336044681297848, 0.9750814442565478579, 1.000000000000000000),
 ( 0.9614854093132993995, 0.9770764126509956515, 1.000000000000000000) ) ) 
 REPRESENTATION_ITEM ( '' )  SURFACE ( )  );
#3280 = AXIS2_PLACEMENT_3D ( 'NONE', #2151, #1231, #5225 ) ;
#3281 = ORIENTED_EDGE ( 'NONE', *, *, #2230, .F. ) ;
#3282 = CARTESIAN_POINT ( 'NONE',  ( -31.06336298886369462, 21.85983193482043774, 17.47895099870356006 ) ) ;
#3283 = CARTESIAN_POINT ( 'NONE',  ( -54.19346099599069788, 31.21312125986734642, 9.004132135828406547 ) ) ;
#3284 = EDGE_CURVE ( 'NONE', #4382, #928, #3602, .T. ) ;
#3285 = LINE ( 'NONE', #5506, #1743 ) ;
#3286 = DIRECTION ( 'NONE',  ( 0.9113645455674032059, 0.000000000000000000, -0.4116001276514875684 ) ) ;
#3287 = CARTESIAN_POINT ( 'NONE',  ( -54.40758048141973546, 31.16189104977544133, 9.018972216741186543 ) ) ;
#3288 = ORIENTED_EDGE ( 'NONE', *, *, #4440, .T. ) ;
#3289 = CARTESIAN_POINT ( 'NONE',  ( -7.617084454437065943, 30.48819975961736972, 22.47895099870554603 ) ) ;
#3290 = ADVANCED_FACE ( 'NONE', ( #4719 ), #3236, .T. ) ;
#3291 = CARTESIAN_POINT ( 'NONE',  ( -19.33417205324884591, 7.465542960274327733, 17.08619401073013222 ) ) ;
#3292 = CARTESIAN_POINT ( 'NONE',  ( -63.96697076148107186, 25.98822231988400944, 17.47895099870559221 ) ) ;
#3293 = CARTESIAN_POINT ( 'NONE',  ( -56.24349069469715090, 12.06748497057090397, 37.47895099870564906 ) ) ;
#3294 = CARTESIAN_POINT ( 'NONE',  ( -19.87962286060774275, 5.618047931012435825, 17.34898110683490913 ) ) ;
#3295 = CARTESIAN_POINT ( 'NONE',  ( -20.94758578749981481, 4.964764751415085442, 18.35763256124343101 ) ) ;
#3296 = EDGE_CURVE ( 'NONE', #1079, #3301, #1605, .T. ) ;
#3297 = CARTESIAN_POINT ( 'NONE',  ( -7.617084454437069496, 0.4881997596173706655, 22.47895099870554603 ) ) ;
#3298 = CARTESIAN_POINT ( 'NONE',  ( -19.68532008236839204, 2.781033085496079416, 22.05112564822260524 ) ) ;
#3299 = DIRECTION ( 'NONE',  ( -1.000000000000000000, 0.000000000000000000, 6.982962677686266711E-15 ) ) ;
#3300 = CARTESIAN_POINT ( 'NONE',  ( -19.13551972894244813, 7.361113107498868935, 28.10960833631943601 ) ) ;
#3301 = VERTEX_POINT ( 'NONE', #4398 ) ;
#3302 = EDGE_LOOP ( 'NONE', ( #5298, #1781, #1910, #368 ) ) ;
#3303 = LINE ( 'NONE', #4546, #2997 ) ;
#3304 = CARTESIAN_POINT ( 'NONE',  ( -16.95625702343861363, 12.84876411234356297, 20.61617630452267136 ) ) ;
#3305 = CARTESIAN_POINT ( 'NONE',  ( -59.17048040967554101, 15.98819005105898228, 17.47895099870420310 ) ) ;
#3306 = DIRECTION ( 'NONE',  ( -0.4116001276514074658, 0.000000000000000000, 0.9113645455674395102 ) ) ;
#3307 = ORIENTED_EDGE ( 'NONE', *, *, #2531, .F. ) ;
#3308 = LOCAL_TIME ( 16, 9, 41.00000000000000000, #5010 ) ;
#3309 = ORIENTED_EDGE ( 'NONE', *, *, #65, .F. ) ;
#3310 = CARTESIAN_POINT ( 'NONE',  ( -63.63367462555549281, 25.98821102462317612, 17.47895099870559221 ) ) ;
#3311 = LINE ( 'NONE', #4198, #433 ) ;
#3312 = CARTESIAN_POINT ( 'NONE',  ( -57.64535690733735152, 4.488199759617370610, 8.639533499670099204 ) ) ;
#3313 = ORIENTED_EDGE ( 'NONE', *, *, #383, .F. ) ;
#3314 = DATE_AND_TIME ( #3673, #1804 ) ;
#3315 = CARTESIAN_POINT ( 'NONE',  ( -58.93568428381647806, 6.988199759617372386, 37.31149847415931475 ) ) ;
#3316 = ORIENTED_EDGE ( 'NONE', *, *, #3401, .T. ) ;
#3317 = VECTOR ( 'NONE', #1721, 1000.000000000000000 ) ;
#3318 = CARTESIAN_POINT ( 'NONE',  ( -57.64535690733737994, 16.03947886920892785, 8.639533499670115191 ) ) ;
#3319 = CARTESIAN_POINT ( 'NONE',  ( -19.68778089869634229, 17.76959219146630531, 17.47895099870553182 ) ) ;
#3320 = CARTESIAN_POINT ( 'NONE',  ( -56.59271572919143978, 10.81199170640964802, 37.47895099870589064 ) ) ;
#3321 = CARTESIAN_POINT ( 'NONE',  ( -60.58059358387917115, 27.48819975961736972, 34.96685898784246405 ) ) ;
#3322 = CARTESIAN_POINT ( 'NONE',  ( -1.415973459550811553, 31.48819975961737683, 8.478950998705547804 ) ) ;
#3323 = CARTESIAN_POINT ( 'NONE',  ( -59.60305628216116958, 8.986855037317356576, 36.48856011775725960 ) ) ;
#3324 = CARTESIAN_POINT ( 'NONE',  ( -20.89766330676427586, 12.51889162229348074, 24.17692931154407532 ) ) ;
#3325 = CARTESIAN_POINT ( 'NONE',  ( -7.617084454437074825, 12.56748497057090574, 0.000000000000000000 ) ) ;
#3326 = CARTESIAN_POINT ( 'NONE',  ( -56.82748300435449806, 30.93921758469941707, 36.82478112356968580 ) ) ;
#3327 = EDGE_LOOP ( 'NONE', ( #512, #4480, #3450, #1810 ) ) ;
#3328 = ORIENTED_EDGE ( 'NONE', *, *, #5728, .T. ) ;
#3329 = CARTESIAN_POINT ( 'NONE',  ( -62.92288412478394832, 11.56362028327606239, 20.13834386335290105 ) ) ;
#3330 = CARTESIAN_POINT ( 'NONE',  ( -2.203102703748272440, 10.42885281426417166, 22.47895099870554603 ) ) ;
#3331 = CARTESIAN_POINT ( 'NONE',  ( -17.21843963256294785, 12.82453600408964256, 22.05263075572046105 ) ) ;
#3332 = CARTESIAN_POINT ( 'NONE',  ( -39.62007266086814639, 14.62123179486897051, 17.47895099870556379 ) ) ;
#3333 = DIRECTION ( 'NONE',  ( -1.000000000000000000, 2.019632392852309477E-16, 0.000000000000000000 ) ) ;
#3334 = ORIENTED_EDGE ( 'NONE', *, *, #4313, .T. ) ;
#3335 = ORIENTED_EDGE ( 'NONE', *, *, #3945, .T. ) ;
#3336 = CARTESIAN_POINT ( 'NONE',  ( -42.57994537308495353, 25.87592977959595686, 17.47895099870556379 ) ) ;
#3337 = CARTESIAN_POINT ( 'NONE',  ( -54.85696305987322319, 30.35048708939389428, 7.478950998705476749 ) ) ;
#3338 = CARTESIAN_POINT ( 'NONE',  ( -20.90244005517737591, 5.916627509197100565, 17.84462299496671278 ) ) ;
#3339 = EDGE_LOOP ( 'NONE', ( #458, #671, #5767, #1025 ) ) ;
#3340 = PLANE ( 'NONE',  #3175 ) ;
#3341 = ADVANCED_FACE ( 'NONE', ( #775 ), #2721, .T. ) ;
#3342 = VERTEX_POINT ( 'NONE', #1193 ) ;
#3343 = VECTOR ( 'NONE', #2963, 1000.000000000000000 ) ;
#3344 = CARTESIAN_POINT ( 'NONE',  ( -59.14936203728208852, 6.988199759617370610, 37.09474869116206719 ) ) ;
#3345 = CARTESIAN_POINT ( 'NONE',  ( -19.19315976088104847, 8.535808835834089336, 17.53198219334763053 ) ) ;
#3346 = CARTESIAN_POINT ( 'NONE',  ( -19.34431725408296288, 7.775492295786410324, 17.47895099870553537 ) ) ;
#3347 = CARTESIAN_POINT ( 'NONE',  ( -57.97353017672087105, 8.430885468592276055, 37.47895099870590485 ) ) ;
#3348 = EDGE_CURVE ( 'NONE', #2358, #2323, #2581, .T. ) ;
#3349 = CARTESIAN_POINT ( 'NONE',  ( -3.347529862213724172, 4.303371501297398538, 22.47895099870554603 ) ) ;
#3350 = CARTESIAN_POINT ( 'NONE',  ( -8.367084454437060614, 30.48819975961736972, 22.47895099870554603 ) ) ;
#3351 = EDGE_CURVE ( 'NONE', #4232, #5277, #4107, .T. ) ;
#3352 = CARTESIAN_POINT ( 'NONE',  ( -60.09197955182581552, 10.16125316840652637, 35.76936293834683767 ) ) ;
#3353 = CARTESIAN_POINT ( 'NONE',  ( -20.72015907401855372, 12.07995361441872895, 25.05586008467436443 ) ) ;
#3354 = CARTESIAN_POINT ( 'NONE',  ( -16.81181616565551096, 13.02154616355095484, 21.61716274657893777 ) ) ;
#3355 = FACE_OUTER_BOUND ( 'NONE', #172, .T. ) ;
#3356 = AXIS2_PLACEMENT_3D ( 'NONE', #3057, #336, #5796 ) ;
#3357 = CARTESIAN_POINT ( 'NONE',  ( -10.86636055282793656, 0.9683203726987336113, 22.47895099870554603 ) ) ;
#3358 = VERTEX_POINT ( 'NONE', #4371 ) ;
#3359 = EDGE_LOOP ( 'NONE', ( #3541, #1071, #3150, #161, #3032 ) ) ;
#3360 = DIRECTION ( 'NONE',  ( -4.072051880428308236E-17, -1.000000000000000000, -0.000000000000000000 ) ) ;
#3361 = EDGE_CURVE ( 'NONE', #1704, #76, #2460, .T. ) ;
#3362 = VECTOR ( 'NONE', #1886, 1000.000000000000000 ) ;
#3363 = CARTESIAN_POINT ( 'NONE',  ( -61.04062959371690766, 2.318716057265596042, 16.88646027477451739 ) ) ;
#3364 = CARTESIAN_POINT ( 'NONE',  ( -17.78714977476629144, 12.78331037821165950, 23.22774629107254540 ) ) ;
#3365 = PLANE ( 'NONE',  #714 ) ;
#3366 = CARTESIAN_POINT ( 'NONE',  ( -19.42191930992967386, 3.061782436409326014, 23.90939027086991686 ) ) ;
#3367 = EDGE_CURVE ( 'NONE', #2259, #3840, #2635, .T. ) ;
#3368 = ORIENTED_EDGE ( 'NONE', *, *, #2959, .T. ) ;
#3369 = AXIS2_PLACEMENT_3D ( 'NONE', #5466, #4130, #978 ) ;
#3370 = CARTESIAN_POINT ( 'NONE',  ( -49.82006749348033026, 5.990700039201117377, 27.47895099870557800 ) ) ;
#3371 = LINE ( 'NONE', #556, #3372 ) ;
#3372 = VECTOR ( 'NONE', #1908, 1000.000000000000000 ) ;
#3373 = CARTESIAN_POINT ( 'NONE',  ( -7.617084454437069496, 0.4881997596173706655, 22.47895099870554603 ) ) ;
#3374 = VECTOR ( 'NONE', #985, 1000.000000000000000 ) ;
#3375 = CARTESIAN_POINT ( 'NONE',  ( -20.19200269554782778, 6.216915432342701386, 17.71188181106668935 ) ) ;
#3376 = ORIENTED_EDGE ( 'NONE', *, *, #3528, .T. ) ;
#3377 = CARTESIAN_POINT ( 'NONE',  ( -56.24350771458966847, 12.26589454912376809, 37.47895099870587643 ) ) ;
#3378 = CARTESIAN_POINT ( 'NONE',  ( -57.55041662016390802, 30.07715574461526131, 37.30871129807241715 ) ) ;
#3379 = CARTESIAN_POINT ( 'NONE',  ( -47.98465749920845269, 25.98613353081275434, 17.47895099870557445 ) ) ;
#3380 = CARTESIAN_POINT ( 'NONE',  ( -56.96966849512077147, 10.13663678832047843, 37.47895099870588353 ) ) ;
#3381 = FACE_OUTER_BOUND ( 'NONE', #2600, .T. ) ;
#3382 = EDGE_CURVE ( 'NONE', #1516, #4372, #5436, .T. ) ;
#3383 = CARTESIAN_POINT ( 'NONE',  ( -60.09230264261100274, 10.16203365302018113, 35.76886217951182800 ) ) ;
#3384 = CARTESIAN_POINT ( 'NONE',  ( -60.18170916273516013, 4.505658219841871315, 11.79090766248131494 ) ) ;
#3385 = CARTESIAN_POINT ( 'NONE',  ( -52.68110183416757764, 15.98720042638902505, 27.47895099870753555 ) ) ;
#3386 = FACE_OUTER_BOUND ( 'NONE', #706, .T. ) ;
#3387 = CARTESIAN_POINT ( 'NONE',  ( -19.64221372528421483, 3.305266533993589384, 24.74087905395627018 ) ) ;
#3388 = ORIENTED_EDGE ( 'NONE', *, *, #2955, .T. ) ;
#3389 = B_SPLINE_CURVE_WITH_KNOTS ( 'NONE', 3,
 ( #4184, #945, #2427, #4625 ),
 .UNSPECIFIED., .F., .F.,
 ( 4, 4 ),
 ( 0.000000000000000000, 1.028588134788716140E-06 ),
 .UNSPECIFIED. ) ;
#3390 = VERTEX_POINT ( 'NONE', #82 ) ;
#3391 = ADVANCED_FACE ( 'NONE', ( #2294 ), #1546, .T. ) ;
#3392 = CARTESIAN_POINT ( 'NONE',  ( -3.152846089597557189, 0.6409238427187505804, 37.02669711879008929 ) ) ;
#3393 = CARTESIAN_POINT ( 'NONE',  ( -6.867084454437071273, 30.48819975961736972, 22.47895099870554603 ) ) ;
#3394 = CARTESIAN_POINT ( 'NONE',  ( -7.617084454437069496, 14.30337150129740209, 22.47895099870554603 ) ) ;
#3395 = DIRECTION ( 'NONE',  ( -1.051347561198064835E-16, 1.000000000000000000, 7.341520781122565208E-31 ) ) ;
#3396 = ORIENTED_EDGE ( 'NONE', *, *, #2484, .T. ) ;
#3397 = EDGE_CURVE ( 'NONE', #697, #576, #702, .T. ) ;
#3398 = EDGE_LOOP ( 'NONE', ( #3432, #4997, #2385, #4676 ) ) ;
#3399 = CARTESIAN_POINT ( 'NONE',  ( -55.81999673152718344, 5.988382525214269947, 27.47895099870711277 ) ) ;
#3400 = CARTESIAN_POINT ( 'NONE',  ( -54.45235113828851325, 28.63411800784358974, 7.478950998705547804 ) ) ;
#3401 = EDGE_CURVE ( 'NONE', #389, #4132, #63, .T. ) ;
#3402 = CARTESIAN_POINT ( 'NONE',  ( -56.55200117532668713, 3.318597148068540559, 7.869320519809742898 ) ) ;
#3403 = CARTESIAN_POINT ( 'NONE',  ( 3.287621728585703895, 11.27044416186716091, 22.47895099870554603 ) ) ;
#3404 = ORIENTED_EDGE ( 'NONE', *, *, #4743, .F. ) ;
#3405 = CARTESIAN_POINT ( 'NONE',  ( -56.33204895979086047, 11.43257431920168798, 37.47895099870588353 ) ) ;
#3406 = FACE_OUTER_BOUND ( 'NONE', #3809, .T. ) ;
#3407 = CARTESIAN_POINT ( 'NONE',  ( -58.25868710556230212, 7.793412137648456195, 37.47895099870590485 ) ) ;
#3408 = DIRECTION ( 'NONE',  ( 1.156482317317871478E-16, 1.000000000000000000, -0.000000000000000000 ) ) ;
#3409 = CIRCLE ( 'NONE', #2459, 1.999999999999999334 ) ;
#3410 = B_SPLINE_CURVE_WITH_KNOTS ( 'NONE', 3,
 ( #4819, #5297, #4790, #1645 ),
 .UNSPECIFIED., .F., .F.,
 ( 4, 4 ),
 ( 2.602085213965210642E-18, 0.001018130391564243389 ),
 .UNSPECIFIED. ) ;
#3411 = CARTESIAN_POINT ( 'NONE',  ( -60.45410703488508375, 11.18552489630564750, 35.18388248157391729 ) ) ;
#3412 = FACE_OUTER_BOUND ( 'NONE', #9, .T. ) ;
#3413 = CARTESIAN_POINT ( 'NONE',  ( -46.96471161314990184, 15.99582767383319393, 27.47895099870643776 ) ) ;
#3414 = CARTESIAN_POINT ( 'NONE',  ( -20.06555242390049898, 4.821574221418962303, 26.96786519845728947 ) ) ;
#3415 = DIRECTION ( 'NONE',  ( -1.000000000000000000, 0.000000000000000000, 0.000000000000000000 ) ) ;
#3416 = CARTESIAN_POINT ( 'NONE',  ( -7.617084454437074825, 27.42363538815188662, 0.000000000000000000 ) ) ;
#3417 = ORIENTED_EDGE ( 'NONE', *, *, #4808, .T. ) ;
#3418 = EDGE_LOOP ( 'NONE', ( #1608, #1224, #890, #4729, #3943, #2292, #3762 ) ) ;
#3419 = CARTESIAN_POINT ( 'NONE',  ( -6.267065043581141914, 1.235498715023851446, 37.44716956694574606 ) ) ;
#3420 = CARTESIAN_POINT ( 'NONE',  ( -57.64535690733737283, 3.634858237603856068, 8.639533499670111638 ) ) ;
#3421 = CARTESIAN_POINT ( 'NONE',  ( -18.19104576301511145, 12.49781567382504477, 24.28510619592029229 ) ) ;
#3422 = DIRECTION ( 'NONE',  ( 1.156482317317871478E-16, 1.000000000000000000, -0.000000000000000000 ) ) ;
#3423 = EDGE_CURVE ( 'NONE', #616, #4255, #2330, .T. ) ;
#3424 = CARTESIAN_POINT ( 'NONE',  ( -19.81922595650728880, 5.076868635686286879, 17.30003951150557029 ) ) ;
#3425 = VERTEX_POINT ( 'NONE', #966 ) ;
#3426 = EDGE_LOOP ( 'NONE', ( #1313, #5559 ) ) ;
#3427 = CARTESIAN_POINT ( 'NONE',  ( -63.30034866612866296, 5.988203474149750960, 17.47895099870500957 ) ) ;
#3428 = CARTESIAN_POINT ( 'NONE',  ( -51.78637495176140249, 30.23001383653815921, 7.478950998705547804 ) ) ;
#3429 = ADVANCED_FACE ( 'NONE', ( #2777 ), #3279, .T. ) ;
#3430 = CARTESIAN_POINT ( 'NONE',  ( -20.91483036042050969, 5.857725201687795646, 17.86963849317799813 ) ) ;
#3431 = CARTESIAN_POINT ( 'NONE',  ( -20.48418896263233790, 7.281198905241311969, 17.49319737904290051 ) ) ;
#3432 = ORIENTED_EDGE ( 'NONE', *, *, #375, .F. ) ;
#3433 = B_SPLINE_CURVE_WITH_KNOTS ( 'NONE', 3,
 ( #1643, #308, #3932, #5683, #3458, #2015, #5268, #1585 ),
 .UNSPECIFIED., .F., .F.,
 ( 4, 2, 2, 4 ),
 ( 0.000000000000000000, 0.001167198457952835526, 0.001750797686929257300, 0.002334396915905679291 ),
 .UNSPECIFIED. ) ;
#3434 = LINE ( 'NONE', #1148, #3565 ) ;
#3435 = DIRECTION ( 'NONE',  ( 1.000000000000000000, -1.590802582721163873E-16, 0.000000000000000000 ) ) ;
#3436 = CARTESIAN_POINT ( 'NONE',  ( -62.73493373465333178, 7.362670196324644145, 18.53517629508334252 ) ) ;
#3437 = CARTESIAN_POINT ( 'NONE',  ( -56.31596014735409739, 11.52798246118114811, 37.47895099870588353 ) ) ;
#3438 = FACE_OUTER_BOUND ( 'NONE', #1760, .T. ) ;
#3439 = CARTESIAN_POINT ( 'NONE',  ( -19.61092227974703661, 3.743172573548279036, 26.00406008665973090 ) ) ;
#3440 = VECTOR ( 'NONE', #2008, 1000.000000000000000 ) ;
#3441 = EDGE_CURVE ( 'NONE', #1843, #3782, #2779, .T. ) ;
#3442 = CIRCLE ( 'NONE', #882, 8.589303093553931845 ) ;
#3443 = DIRECTION ( 'NONE',  ( -0.4775850044816496442, -0.8784868340509676132, 0.01316988585258577552 ) ) ;
#3444 = CARTESIAN_POINT ( 'NONE',  ( -62.71516834182461508, 18.90858868114420943, 18.41058599035685361 ) ) ;
#3445 = CARTESIAN_POINT ( 'NONE',  ( -10.19725391930947289, 15.03862836363353139, 22.47895099870556379 ) ) ;
#3446 = CARTESIAN_POINT ( 'NONE',  ( -19.48084294232102565, 11.74811469113078388, 25.51204051938565343 ) ) ;
#3447 = CARTESIAN_POINT ( 'NONE',  ( -20.87918753795995030, 6.036149710009623526, 27.15991037324625523 ) ) ;
#3448 = CARTESIAN_POINT ( 'NONE',  ( -53.29931076765970488, 29.48537427283204693, 7.478950998705548692 ) ) ;
#3449 = VECTOR ( 'NONE', #2071, 1000.000000000000000 ) ;
#3450 = ORIENTED_EDGE ( 'NONE', *, *, #369, .F. ) ;
#3451 = VERTEX_POINT ( 'NONE', #4523 ) ;
#3452 = CARTESIAN_POINT ( 'NONE',  ( -19.11736416341548761, 3.313861130563258595, 20.91096529927242997 ) ) ;
#3453 = AXIS2_PLACEMENT_3D ( 'NONE', #4348, #2076, #5708 ) ;
#3454 = CARTESIAN_POINT ( 'NONE',  ( -54.82796302891508589, 33.36639753359465033, 7.478950998705546915 ) ) ;
#3455 = VECTOR ( 'NONE', #1, 1000.000000000000114 ) ;
#3456 = ADVANCED_FACE ( 'NONE', ( #3577 ), #3252, .F. ) ;
#3457 = LINE ( 'NONE', #4377, #3928 ) ;
#3458 = CARTESIAN_POINT ( 'NONE',  ( -19.60939755649267724, 3.741257284611282596, 18.95735587365561869 ) ) ;
#3459 = FACE_BOUND ( 'NONE', #870, .T. ) ;
#3460 = ORIENTED_EDGE ( 'NONE', *, *, #3296, .F. ) ;
#3461 = ORIENTED_EDGE ( 'NONE', *, *, #3171, .F. ) ;
#3462 = AXIS2_PLACEMENT_3D ( 'NONE', #3777, #1487, #513 ) ;
#3463 = CARTESIAN_POINT ( 'NONE',  ( -48.49289785347767889, 5.986372865976324675, 27.47895099870557800 ) ) ;
#3464 = CARTESIAN_POINT ( 'NONE',  ( -62.83860758265806368, 5.694305139041628827, 19.26054651317160804 ) ) ;
#3465 = TOROIDAL_SURFACE ( 'NONE', #4213, 11.50000000000000000, 6.500000000000000000 ) ;
#3466 = CARTESIAN_POINT ( 'NONE',  ( 0.9722186391168640140, 13.32274102038948271, 22.47895099870554603 ) ) ;
#3467 = EDGE_LOOP ( 'NONE', ( #5825, #1434, #1394, #927, #2698, #2505 ) ) ;
#3468 = CARTESIAN_POINT ( 'NONE',  ( -10.85566802175918788, 0.4881997596173705545, 22.47895099870554603 ) ) ;
#3469 = EDGE_CURVE ( 'NONE', #5596, #1230, #698, .T. ) ;
#3470 = AXIS2_PLACEMENT_3D ( 'NONE', #3216, #2630, #2659 ) ;
#3471 = CARTESIAN_POINT ( 'NONE',  ( -19.34431725408296288, 7.775492295786410324, 22.47895099870553537 ) ) ;
#3472 = DIRECTION ( 'NONE',  ( 1.000000000000000000, 0.000000000000000000, 0.000000000000000000 ) ) ;
#3473 = CARTESIAN_POINT ( 'NONE',  ( -19.11403046959427243, 10.94468638573824570, 18.67709402078999048 ) ) ;
#3474 = CYLINDRICAL_SURFACE ( 'NONE', #3696, 18.00000000000000000 ) ;
#3475 = CARTESIAN_POINT ( 'NONE',  ( -10.86708396699171431, 1.337944250313412686, 22.47895099870554603 ) ) ;
#3476 = EDGE_CURVE ( 'NONE', #1843, #2373, #3161, .T. ) ;
#3477 = CARTESIAN_POINT ( 'NONE',  ( -60.30867860403905922, 10.72085235686573945, 35.42505374455014788 ) ) ;
#3478 = EDGE_CURVE ( 'NONE', #1340, #5395, #4053, .T. ) ;
#3479 = CYLINDRICAL_SURFACE ( 'NONE', #5593, 15.00000000000000178 ) ;
#3480 = CARTESIAN_POINT ( 'NONE',  ( -20.61708445443706594, 31.48659911910485576, 22.47895099870554603 ) ) ;
#3481 = CARTESIAN_POINT ( 'NONE',  ( -53.61672528665707205, 29.27804616632792900, 7.478950998705548692 ) ) ;
#3482 = ORIENTED_EDGE ( 'NONE', *, *, #2521, .T. ) ;
#3483 = DIRECTION ( 'NONE',  ( -0.1778756058487093450, -0.8982013239726730491, -0.4019883710478349137 ) ) ;
#3484 = CARTESIAN_POINT ( 'NONE',  ( -4.474203705049382584, 0.6171992533958656768, 16.19318949993017398 ) ) ;
#3485 = CARTESIAN_POINT ( 'NONE',  ( -19.86986492834886420, 5.690868939535426385, 27.63315146258541688 ) ) ;
#3486 = DIRECTION ( 'NONE',  ( -0.3218140329526610888, -0.9468028982817614514, -0.000000000000000000 ) ) ;
#3487 = CARTESIAN_POINT ( 'NONE',  ( -51.70836485585464004, 0.5376091026873461853, 36.61800394025726746 ) ) ;
#3488 = VERTEX_POINT ( 'NONE', #3632 ) ;
#3489 = ORIENTED_EDGE ( 'NONE', *, *, #451, .F. ) ;
#3490 = CARTESIAN_POINT ( 'NONE',  ( -35.61174035381947789, 1.904029178138707090, 17.47895099870286728 ) ) ;
#3491 = PLANE ( 'NONE',  #1466 ) ;
#3492 = CARTESIAN_POINT ( 'NONE',  ( -63.63397950836394301, 5.988211026387239677, 17.47895099870559221 ) ) ;
#3493 = CARTESIAN_POINT ( 'NONE',  ( -18.73587723562510732, 3.313861130563235946, 24.21922787288234957 ) ) ;
#3494 = ORIENTED_EDGE ( 'NONE', *, *, #2853, .F. ) ;
#3495 = CARTESIAN_POINT ( 'NONE',  ( -20.73241405131373938, 6.628301115254521036, 27.34539130725268308 ) ) ;
#3496 = CARTESIAN_POINT ( 'NONE',  ( -18.66793790547748344, 7.970035047976600673, 28.36167069188854128 ) ) ;
#3497 = CARTESIAN_POINT ( 'NONE',  ( -17.69170319074229170, 12.83877252720038875, 22.28248557518438844 ) ) ;
#3498 = DIRECTION ( 'NONE',  ( -0.000000000000000000, -1.000000000000000000, -0.000000000000000000 ) ) ;
#3499 = ADVANCED_FACE ( 'NONE', ( #4941 ), #4493, .T. ) ;
#3500 = CIRCLE ( 'NONE', #1789, 1.920545172266873601 ) ;
#3501 = CARTESIAN_POINT ( 'NONE',  ( -60.96666807380122322, 15.98821195913251891, 27.47895099870731883 ) ) ;
#3502 = CARTESIAN_POINT ( 'NONE',  ( -61.71276199534710827, 5.002477836424906066, 14.80512363048138091 ) ) ;
#3503 = CARTESIAN_POINT ( 'NONE',  ( -8.117084454437074825, 22.31511842400183454, -0.000000000000000000 ) ) ;
#3504 = CARTESIAN_POINT ( 'NONE',  ( -19.89851752067287904, 11.65185902937304085, 19.33291558754821082 ) ) ;
#3505 =( BOUNDED_SURFACE ( )  B_SPLINE_SURFACE ( 3, 2, ( 
 ( #5407, #1337, #3146 ),
 ( #893, #2704, #4404 ),
 ( #4514, #453, #2248 ),
 ( #4070, #3622, #1365 ),
 ( #4096, #5555, #573 ),
 ( #540, #4655, #3298 ),
 ( #93, #508, #977 ),
 ( #5137, #5464, #5585 ),
 ( #4541, #2306, #4128 ),
 ( #599, #67, #4566 ),
 ( #1893, #5021, #157 ),
 ( #5493, #2276, #2730 ),
 ( #2369, #121, #2787 ),
 ( #2341, #1418, #1867 ) ),
 .UNSPECIFIED., .F., .F., .T. ) 
 B_SPLINE_SURFACE_WITH_KNOTS ( ( 4, 2, 2, 2, 2, 2, 4 ),
 ( 3, 3 ),
 ( 0.01154776650552020133, 0.01268595488355176576, 0.01325504907256754884, 0.01382414326158333193, 0.01439323745059911328, 0.01496233163961489636, 0.01610052001764646079 ),
 ( 0.4523626760510160993, 1.000000000000000000 ),
 .UNSPECIFIED. ) 
 GEOMETRIC_REPRESENTATION_ITEM ( )  RATIONAL_B_SPLINE_SURFACE ( (
 ( 0.8509695716690865996, 0.8352755032401190105, 1.000000000000000000),
 ( 0.8508200281377845675, 0.8351102116066364545, 1.000000000000000000),
 ( 0.8507073270486000816, 0.8349856422122642341, 1.000000000000000000),
 ( 0.8505963169297474646, 0.8348629418606108299, 1.000000000000000000),
 ( 0.8505685965259376369, 0.8348323022817095707, 1.000000000000000000),
 ( 0.8505313526997424489, 0.8347911363896420855, 1.000000000000000000),
 ( 0.8505218755037424749, 0.8347806611708612490, 1.000000000000000000),
 ( 0.8505218287771199037, 0.8347806095235601465, 1.000000000000000000),
 ( 0.8505311033830794676, 0.8347908608179868128, 1.000000000000000000),
 ( 0.8505685032442480420, 0.8348321991767293504, 1.000000000000000000),
 ( 0.8505966963507030076, 0.8348633612375573332, 1.000000000000000000),
 ( 0.8507082138141834893, 0.8349866223611915883, 1.000000000000000000),
 ( 0.8508185230235856267, 0.8351085479921532828, 1.000000000000000000),
 ( 0.8509696960875798855, 0.8352756407608517009, 1.000000000000000000) ) ) 
 REPRESENTATION_ITEM ( '' )  SURFACE ( )  );
#3506 = CARTESIAN_POINT ( 'NONE',  ( -54.19355061515955185, 28.85225945358561361, 7.478950998705546027 ) ) ;
#3507 = ORIENTED_EDGE ( 'NONE', *, *, #4158, .F. ) ;
#3508 = ORIENTED_EDGE ( 'NONE', *, *, #3515, .F. ) ;
#3509 = CIRCLE ( 'NONE', #5120, 1.999999999999999334 ) ;
#3510 = DIRECTION ( 'NONE',  ( 0.000000000000000000, 0.4085027726432537420, -0.9127570787141418007 ) ) ;
#3511 = CARTESIAN_POINT ( 'NONE',  ( -54.82796304647945362, 1.928175168248431826, 7.478950998705546915 ) ) ;
#3512 = DIRECTION ( 'NONE',  ( -1.000000000000000000, 0.000000000000000000, 0.000000000000000000 ) ) ;
#3513 = ORIENTED_EDGE ( 'NONE', *, *, #4116, .F. ) ;
#3514 = ORIENTED_EDGE ( 'NONE', *, *, #3005, .F. ) ;
#3515 = EDGE_CURVE ( 'NONE', #928, #3451, #417, .T. ) ;
#3516 = CARTESIAN_POINT ( 'NONE',  ( -7.617084454437069496, 5.313861130563233282, 22.47895099870554603 ) ) ;
#3517 = CARTESIAN_POINT ( 'NONE',  ( -19.61177066052184870, 8.716811311018760833, 27.39271892496966032 ) ) ;
#3518 = CARTESIAN_POINT ( 'NONE',  ( -47.80129741186459569, 25.98688473127845100, 17.47895099870513747 ) ) ;
#3519 = CARTESIAN_POINT ( 'NONE',  ( -19.73766708623658062, 5.313861130563234170, 27.84218071913482007 ) ) ;
#3520 = CARTESIAN_POINT ( 'NONE',  ( -18.44041638508508996, 3.313861130563235946, 21.88781917943619959 ) ) ;
#3521 = EDGE_LOOP ( 'NONE', ( #4798, #5053, #260, #1969, #5470, #3003 ) ) ;
#3522 = CARTESIAN_POINT ( 'NONE',  ( -23.25980719841383149, 18.40581620613388480, 27.47895099870872571 ) ) ;
#3523 = CARTESIAN_POINT ( 'NONE',  ( -62.93802507100797072, 18.05504670469682438, 27.03472265911462458 ) ) ;
#3524 = CYLINDRICAL_SURFACE ( 'NONE', #4203, 1.000000000000000888 ) ;
#3525 = ADVANCED_FACE ( 'NONE', ( #1344 ), #4078, .T. ) ;
#3526 = PERSON_AND_ORGANIZATION ( #131, #3688 ) ;
#3527 = CARTESIAN_POINT ( 'NONE',  ( -52.36237656345630143, 31.41471134642332430, 8.634666336644146512 ) ) ;
#3528 = EDGE_CURVE ( 'NONE', #3840, #752, #555, .T. ) ;
#3529 = DIRECTION ( 'NONE',  ( -0.000000000000000000, 1.000000000000000000, -0.000000000000000000 ) ) ;
#3530 = DIRECTION ( 'NONE',  ( -1.000000000000000000, 0.000000000000000000, 0.000000000000000000 ) ) ;
#3531 = DIRECTION ( 'NONE',  ( 1.000000000000000000, 1.051347561198064835E-16, -6.982962677686266711E-15 ) ) ;
#3532 = CARTESIAN_POINT ( 'NONE',  ( -20.22578722379235927, 11.71057637018936681, 19.40073900350653346 ) ) ;
#3533 = CARTESIAN_POINT ( 'NONE',  ( -53.45342700500683719, 29.38653801331176396, 7.478950998705546915 ) ) ;
#3534 = VERTEX_POINT ( 'NONE', #5832 ) ;
#3535 = AXIS2_PLACEMENT_3D ( 'NONE', #5759, #2207, #3079 ) ;
#3536 = DIRECTION ( 'NONE',  ( 0.000000000000000000, 0.000000000000000000, 1.000000000000000000 ) ) ;
#3537 = FACE_OUTER_BOUND ( 'NONE', #38, .T. ) ;
#3538 = CARTESIAN_POINT ( 'NONE',  ( -54.26274125576482277, 30.48819975961737327, 37.47895099870586932 ) ) ;
#3539 = CARTESIAN_POINT ( 'NONE',  ( -54.41180291569926908, 2.127801942100868704, 37.47895099870588353 ) ) ;
#3540 = CARTESIAN_POINT ( 'NONE',  ( -19.33417205324959198, 7.465542960274734519, 27.87170798668006100 ) ) ;
#3541 = ORIENTED_EDGE ( 'NONE', *, *, #5419, .F. ) ;
#3542 = ORIENTED_EDGE ( 'NONE', *, *, #561, .T. ) ;
#3543 = EDGE_CURVE ( 'NONE', #4351, #3132, #1615, .T. ) ;
#3544 = AXIS2_PLACEMENT_3D ( 'NONE', #4631, #3860, #2849 ) ;
#3545 = AXIS2_PLACEMENT_3D ( 'NONE', #3373, #1118, #4672 ) ;
#3546 = CARTESIAN_POINT ( 'NONE',  ( -21.23631761609744117, 7.710491719078480521, 27.47895099870553537 ) ) ;
#3547 = CARTESIAN_POINT ( 'NONE',  ( -19.87032288023885940, 4.396331869594786390, 18.02462858250879663 ) ) ;
#3548 = CARTESIAN_POINT ( 'NONE',  ( -49.82006749348033026, 5.990700039201117377, 27.47895099870557800 ) ) ;
#3549 = EDGE_CURVE ( 'NONE', #5175, #1581, #137, .T. ) ;
#3550 = CARTESIAN_POINT ( 'NONE',  ( -18.53730137191605820, 3.313861130563235946, 21.30341993192045891 ) ) ;
#3551 = TOROIDAL_SURFACE ( 'NONE', #4307, 3.238583567322118828, 0.1000000000000000056 ) ;
#3552 = ORIENTED_EDGE ( 'NONE', *, *, #3028, .T. ) ;
#3553 = CARTESIAN_POINT ( 'NONE',  ( -55.82090348253808543, 25.98838309238536937, 27.47895099870711277 ) ) ;
#3554 = CARTESIAN_POINT ( 'NONE',  ( -19.93962374570543972, 5.195810543809214366, 17.50138737700073222 ) ) ;
#3555 = AXIS2_PLACEMENT_3D ( 'NONE', #49, #4919, #1324 ) ;
#3556 = CARTESIAN_POINT ( 'NONE',  ( -18.50518661464035475, 12.17444114648750642, 20.02690555284561214 ) ) ;
#3557 = ORIENTED_EDGE ( 'NONE', *, *, #4006, .T. ) ;
#3558 = CARTESIAN_POINT ( 'NONE',  ( -19.91682681483139206, 3.898223179573959030, 25.66714487435529790 ) ) ;
#3559 = AXIS2_PLACEMENT_3D ( 'NONE', #4716, #1188, #686 ) ;
#3560 = MANIFOLD_SOLID_BREP ( 'Fillet32', #1944 ) ;
#3561 = CARTESIAN_POINT ( 'NONE',  ( -59.17048040971416611, 15.98819005105898228, 27.47895099870420310 ) ) ;
#3562 = FACE_OUTER_BOUND ( 'NONE', #5792, .T. ) ;
#3563 = DIRECTION ( 'NONE',  ( 0.000000000000000000, 0.000000000000000000, -1.000000000000000000 ) ) ;
#3564 = CARTESIAN_POINT ( 'NONE',  ( -19.48084294232103986, 11.74811469113098639, 19.44586147802569087 ) ) ;
#3565 = VECTOR ( 'NONE', #796, 1000.000000000000000 ) ;
#3566 = EDGE_LOOP ( 'NONE', ( #4907, #5576, #4690, #5453, #5390 ) ) ;
#3567 = ORIENTED_EDGE ( 'NONE', *, *, #118, .F. ) ;
#3568 = CARTESIAN_POINT ( 'NONE',  ( -5.036914989564456491, 15.06819975961737690, 22.47895099870552826 ) ) ;
#3569 = CARTESIAN_POINT ( 'NONE',  ( -47.01291831484561357, 0.4881997596173708875, 7.478950998705547804 ) ) ;
#3570 = CARTESIAN_POINT ( 'NONE',  ( -7.617084454437074825, 21.81511842400183454, 3.416912245329549513 ) ) ;
#3571 = CARTESIAN_POINT ( 'NONE',  ( -8.117084454437074825, 12.06748497057090397, 37.47895099870564906 ) ) ;
#3572 = CARTESIAN_POINT ( 'NONE',  ( -19.34279555576359400, 7.731213941284380553, 27.73959825421503922 ) ) ;
#3573 = ORIENTED_EDGE ( 'NONE', *, *, #1625, .T. ) ;
#3574 = ORIENTED_EDGE ( 'NONE', *, *, #5717, .T. ) ;
#3575 = CARTESIAN_POINT ( 'NONE',  ( -56.69948627718530787, 15.98824606621205113, 27.47895099870710922 ) ) ;
#3576 = CARTESIAN_POINT ( 'NONE',  ( -19.86182977813167838, 8.294655628593526231, 27.45541339248553570 ) ) ;
#3577 = FACE_OUTER_BOUND ( 'NONE', #1421, .T. ) ;
#3578 = CARTESIAN_POINT ( 'NONE',  ( -58.37448354998380040, 5.988157808783688196, 27.47895099870420665 ) ) ;
#3579 = EDGE_CURVE ( 'NONE', #2760, #3783, #5474, .T. ) ;
#3580 = DIRECTION ( 'NONE',  ( 1.000000000000000000, 0.000000000000000000, 0.000000000000000000 ) ) ;
#3581 = VERTEX_POINT ( 'NONE', #4609 ) ;
#3582 = CARTESIAN_POINT ( 'NONE',  ( -26.60258572051514747, 8.951124027714515208, 27.47895099870872571 ) ) ;
#3583 = EDGE_CURVE ( 'NONE', #265, #1286, #4660, .T. ) ;
#3584 = CARTESIAN_POINT ( 'NONE',  ( -19.88364860576830750, 4.664142254864591663, 17.75238490036673511 ) ) ;
#3585 = B_SPLINE_CURVE_WITH_KNOTS ( 'NONE', 3,
 ( #3312, #4763, #1145, #3846, #4199, #1994, #3402, #5219, #703, #4326, #263, #2058, #3872, #1525, #5691, #4643, #1621, #5126 ),
 .UNSPECIFIED., .F., .F.,
 ( 4, 2, 2, 2, 1, 1, 1, 1, 2, 2, 4 ),
 ( 0.000000000000000000, 0.2499999999997665756, 0.3749999999996497246, 0.4374999999995912714, 0.4687499999995620725, 0.4843749999995474731, 0.4921874999995426436, 0.4960937499995377031, 0.4980468749995379807, 0.4999999999995382582, 1.000000000000000000 ),
 .UNSPECIFIED. ) ;
#3586 = CARTESIAN_POINT ( 'NONE',  ( -19.01284507188463024, 7.298941884571733318, 28.41112771825282834 ) ) ;
#3587 = ORIENTED_EDGE ( 'NONE', *, *, #5019, .F. ) ;
#3588 = CARTESIAN_POINT ( 'NONE',  ( -19.60966729191502722, 3.741431303781466156, 26.00096879384456727 ) ) ;
#3589 = CARTESIAN_POINT ( 'NONE',  ( -51.23957199064222578, 31.46957707293197259, 8.470890940099552679 ) ) ;
#3590 = CARTESIAN_POINT ( 'NONE',  ( -52.68110183416757764, 15.98720042638902505, 27.47895099870753555 ) ) ;
#3591 = CARTESIAN_POINT ( 'NONE',  ( -19.58568260887387424, 3.241451015810429936, 20.37400960117713922 ) ) ;
#3592 = DIRECTION ( 'NONE',  ( -4.072051880428308236E-17, -1.000000000000000000, -0.000000000000000000 ) ) ;
#3593 = ORIENTED_EDGE ( 'NONE', *, *, #4805, .F. ) ;
#3594 = EDGE_LOOP ( 'NONE', ( #2169, #3053, #2717, #5704 ) ) ;
#3595 = CARTESIAN_POINT ( 'NONE',  ( -58.96708445443707092, 27.48819975961736972, 22.47895099870554603 ) ) ;
#3596 = CARTESIAN_POINT ( 'NONE',  ( -10.86708445443706061, 30.48819975961736972, 22.47895099870554603 ) ) ;
#3597 = CARTESIAN_POINT ( 'NONE',  ( -19.01284507188463024, 7.298941884571733318, 16.54677427915826726 ) ) ;
#3598 = B_SPLINE_CURVE_WITH_KNOTS ( 'NONE', 3,
 ( #568, #5582, #116, #27, #3226, #1507 ),
 .UNSPECIFIED., .F., .F.,
 ( 4, 2, 4 ),
 ( 8.673617379884035472E-19, 0.0009451618845008085594, 0.001890323769001616252 ),
 .UNSPECIFIED. ) ;
#3599 = CARTESIAN_POINT ( 'NONE',  ( -58.05122065549490884, 5.352984899092731119, 37.47895099870589775 ) ) ;
#3600 = ORIENTED_EDGE ( 'NONE', *, *, #5211, .T. ) ;
#3601 = ORIENTED_EDGE ( 'NONE', *, *, #2626, .T. ) ;
#3602 = B_SPLINE_CURVE_WITH_KNOTS ( 'NONE', 3,
 ( #600, #3387, #2913, #1483, #2371, #2009 ),
 .UNSPECIFIED., .F., .F.,
 ( 4, 2, 4 ),
 ( 3.508261114975577120E-17, 0.0005358207834442469796, 0.001071641566888458831 ),
 .UNSPECIFIED. ) ;
#3603 = CARTESIAN_POINT ( 'NONE',  ( -63.63382706695971791, 15.98821102550520834, 27.47895099870559221 ) ) ;
#3604 = CARTESIAN_POINT ( 'NONE',  ( -20.22095163448458521, 5.004078839290285963, 18.30301677331732435 ) ) ;
#3605 = CARTESIAN_POINT ( 'NONE',  ( -19.32665225309978752, 2.923401448427233706, 22.23809165819341516 ) ) ;
#3606 = EDGE_CURVE ( 'NONE', #4876, #3581, #4136, .T. ) ;
#3607 = CARTESIAN_POINT ( 'NONE',  ( -46.79566492483272100, 5.997109865429607112, 17.47895099870643776 ) ) ;
#3608 = EDGE_LOOP ( 'NONE', ( #3992, #2380, #2101, #251, #4068, #310 ) ) ;
#3609 = CARTESIAN_POINT ( 'NONE',  ( -63.63367462555549281, 25.98821102462317612, 27.47895099870559221 ) ) ;
#3610 = ADVANCED_FACE ( 'NONE', ( #5529 ), #2668, .T. ) ;
#3611 = CARTESIAN_POINT ( 'NONE',  ( -19.42324268394874309, 10.07206325099169675, 18.15476560761541336 ) ) ;
#3612 = CARTESIAN_POINT ( 'NONE',  ( -20.92164170504611675, 4.777056708994562584, 18.48539534907785153 ) ) ;
#3613 = ORIENTED_EDGE ( 'NONE', *, *, #3965, .T. ) ;
#3614 = CARTESIAN_POINT ( 'NONE',  ( -19.45305149288132895, 3.579908117497914599, 25.68250231627752811 ) ) ;
#3615 = CARTESIAN_POINT ( 'NONE',  ( -51.76059675633359802, 31.44980014478569785, 8.523182234936966140 ) ) ;
#3616 = CARTESIAN_POINT ( 'NONE',  ( -49.82815299857788460, 25.99081088051010369, 17.47895099870557445 ) ) ;
#3617 = CARTESIAN_POINT ( 'NONE',  ( -7.617084454437067720, 13.36345680993839302, 22.47895099870554603 ) ) ;
#3618 = CARTESIAN_POINT ( 'NONE',  ( -20.55679989082400638, 11.89843729675185102, 19.63606652958767995 ) ) ;
#3619 = EDGE_CURVE ( 'NONE', #4329, #216, #2302, .T. ) ;
#3620 = EDGE_LOOP ( 'NONE', ( #2972, #361, #1682, #1368, #3417 ) ) ;
#3621 = LINE ( 'NONE', #865, #2701 ) ;
#3622 = CARTESIAN_POINT ( 'NONE',  ( -19.45366567027732785, 2.877587850224989197, 21.42309547703835193 ) ) ;
#3623 = DIRECTION ( 'NONE',  ( 0.000000000000000000, 1.000000000000000000, -0.000000000000000000 ) ) ;
#3624 = B_SPLINE_CURVE_WITH_KNOTS ( 'NONE', 3,
 ( #391, #1308, #5293, #2190 ),
 .UNSPECIFIED., .F., .F.,
 ( 4, 4 ),
 ( 8.673617379884034509E-19, 0.0009192232563214749411 ),
 .UNSPECIFIED. ) ;
#3625 = CARTESIAN_POINT ( 'NONE',  ( -58.76444386516618579, 5.928255236303429321, 37.47895099870589775 ) ) ;
#3626 = AXIS2_PLACEMENT_3D ( 'NONE', #1508, #1864, #1388 ) ;
#3627 = ORIENTED_EDGE ( 'NONE', *, *, #2493, .T. ) ;
#3628 = EDGE_LOOP ( 'NONE', ( #2433, #4511, #1759, #4519 ) ) ;
#3629 = LINE ( 'NONE', #3718, #1851 ) ;
#3630 = CIRCLE ( 'NONE', #4959, 13.99999999999999822 ) ;
#3631 = CARTESIAN_POINT ( 'NONE',  ( -19.19079431540795255, 8.535981130820848861, 27.42964491742738886 ) ) ;
#3632 = CARTESIAN_POINT ( 'NONE',  ( -62.96708445443707802, 6.988199759617371498, 18.62980760948487458 ) ) ;
#3633 = CARTESIAN_POINT ( 'NONE',  ( -61.96609496189014976, 5.988188602680180495, 27.47895099870733659 ) ) ;
#3634 = VERTEX_POINT ( 'NONE', #1642 ) ;
#3635 = TOROIDAL_SURFACE ( 'NONE', #1648, 4.269554592223344436, 10.00000000000000000 ) ;
#3636 = CARTESIAN_POINT ( 'NONE',  ( -47.71350279509042025, 15.98723345079319103, 27.47895099870513747 ) ) ;
#3637 = CARTESIAN_POINT ( 'NONE',  ( 3.287621728585703895, 11.27044416186716091, 22.47895099870554603 ) ) ;
#3638 = CIRCLE ( 'NONE', #3356, 4.080619632202465930 ) ;
#3639 = DIRECTION ( 'NONE',  ( 1.156482317317871478E-16, 1.000000000000000000, -0.000000000000000000 ) ) ;
#3640 = ORIENTED_EDGE ( 'NONE', *, *, #3441, .T. ) ;
#3641 = CARTESIAN_POINT ( 'NONE',  ( -56.33007045390885992, 30.10097415142469757, 8.730739950062472943 ) ) ;
#3642 = DIRECTION ( 'NONE',  ( 0.000000000000000000, -0.000000000000000000, -1.000000000000000000 ) ) ;
#3643 = EDGE_CURVE ( 'NONE', #4783, #2892, #3457, .T. ) ;
#3644 = AXIS2_PLACEMENT_3D ( 'NONE', #4152, #57, #1860 ) ;
#3645 = CIRCLE ( 'NONE', #2513, 1.499999999999994449 ) ;
#3646 = CARTESIAN_POINT ( 'NONE',  ( -48.67223895550377222, 25.98738914193356919, 17.47895099870557445 ) ) ;
#3647 = CARTESIAN_POINT ( 'NONE',  ( -19.17498884300647077, 7.018575913924932408, 16.56125143220327089 ) ) ;
#3648 = CARTESIAN_POINT ( 'NONE',  ( -11.69708445443696831, 22.48477611107821161, 22.47895099870557445 ) ) ;
#3649 = DIRECTION ( 'NONE',  ( 1.156482317317871478E-16, 1.000000000000000000, -0.000000000000000000 ) ) ;
#3650 = ADVANCED_FACE ( 'NONE', ( #3931 ), #5102, .T. ) ;
#3651 = AXIS2_PLACEMENT_3D ( 'NONE', #4055, #2798, #4639 ) ;
#3652 = ORIENTED_EDGE ( 'NONE', *, *, #4805, .T. ) ;
#3653 = EDGE_CURVE ( 'NONE', #1493, #5033, #5440, .T. ) ;
#3654 = CIRCLE ( 'NONE', #3085, 0.2500000000000002220 ) ;
#3655 = DIRECTION ( 'NONE',  ( -0.000000000000000000, 0.000000000000000000, 1.000000000000000000 ) ) ;
#3656 = CARTESIAN_POINT ( 'NONE',  ( -20.87058014706691722, 12.42556772355779948, 20.54817585005913827 ) ) ;
#3657 = AXIS2_PLACEMENT_3D ( 'NONE', #2736, #4190, #5498 ) ;
#3658 = CARTESIAN_POINT ( 'NONE',  ( -57.17399600738857401, 3.936558259135979565, 37.47895099870589064 ) ) ;
#3659 = CARTESIAN_POINT ( 'NONE',  ( -57.80614324535818582, 3.381714350285299098, 37.02122025218012880 ) ) ;
#3660 = ORIENTED_EDGE ( 'NONE', *, *, #5167, .T. ) ;
#3661 = ORIENTED_EDGE ( 'NONE', *, *, #5284, .F. ) ;
#3662 =( BOUNDED_SURFACE ( )  B_SPLINE_SURFACE ( 2, 3, ( 
 ( #3475, #4742, #2035, #1570 ),
 ( #627, #2457, #1630, #5283 ),
 ( #742, #5198, #1096, #5610 ) ),
 .UNSPECIFIED., .F., .F., .T. ) 
 B_SPLINE_SURFACE_WITH_KNOTS ( ( 3, 3 ),
 ( 4, 4 ),
 ( 0.0002916866682778973064, 0.8442162592382365105 ),
 ( 0.000000000000000000, 1.000000000000000000 ),
 .UNSPECIFIED. ) 
 GEOMETRIC_REPRESENTATION_ITEM ( )  RATIONAL_B_SPLINE_SURFACE ( (
 ( 1.000000000000000000, 0.3333333333333334259, 0.3333333333333334259, 1.000000000000000000),
 ( 1.000000000000000000, 0.3333333333333334259, 0.3333333333333334259, 1.000000000000000000),
 ( 1.000000000000000000, 0.3333333333333334259, 0.3333333333333334259, 1.000000000000000000) ) ) 
 REPRESENTATION_ITEM ( '' )  SURFACE ( )  );
#3663 = CARTESIAN_POINT ( 'NONE',  ( -19.70007395961325258, 5.541365358992298873, 17.03155520014473723 ) ) ;
#3664 = CARTESIAN_POINT ( 'NONE',  ( -4.367084941882426463, 1.337944250313413797, 15.97895197359626529 ) ) ;
#3665 = CARTESIAN_POINT ( 'NONE',  ( -18.72616806865488925, 11.85891726971834537, 19.57949309840020646 ) ) ;
#3666 = CARTESIAN_POINT ( 'NONE',  ( -45.84218377127128008, 5.977713064516308350, 27.47895099870557090 ) ) ;
#3667 = CARTESIAN_POINT ( 'NONE',  ( -7.617084454437069496, 30.48819975961737683, 7.478950998705546915 ) ) ;
#3668 = ORIENTED_EDGE ( 'NONE', *, *, #1008, .T. ) ;
#3669 = CARTESIAN_POINT ( 'NONE',  ( -63.63382706695971791, 15.98821102550520834, 17.47895099870559221 ) ) ;
#3670 = CARTESIAN_POINT ( 'NONE',  ( -5.036914989564562184, 18.07215344027290271, 22.47895099870554603 ) ) ;
#3671 = CARTESIAN_POINT ( 'NONE',  ( -20.43792037562173292, 3.863066252264386158, 19.35687823266038521 ) ) ;
#3672 = VERTEX_POINT ( 'NONE', #1728 ) ;
#3673 = CALENDAR_DATE ( 2026, 30, 5 ) ;
#3674 = CARTESIAN_POINT ( 'NONE',  ( -56.50164775016281027, 29.89502133572952047, 8.663374046983694399 ) ) ;
#3675 = CARTESIAN_POINT ( 'NONE',  ( -18.44024664779971090, 3.313861130563235502, 21.88965975357080396 ) ) ;
#3676 = CARTESIAN_POINT ( 'NONE',  ( -62.56049598896960617, 14.81789812368847414, 17.61212525525613160 ) ) ;
#3677 = CARTESIAN_POINT ( 'NONE',  ( -19.34431725408294866, 7.775492295786410324, 27.47895099870553537 ) ) ;
#3678 = CARTESIAN_POINT ( 'NONE',  ( -19.88846996642821807, 6.363346533738051036, 17.30119762427511887 ) ) ;
#3679 = LINE ( 'NONE', #5045, #5690 ) ;
#3680 = CARTESIAN_POINT ( 'NONE',  ( -6.727084454437955330, 30.71657414206126191, 7.505377610899895302 ) ) ;
#3681 = CARTESIAN_POINT ( 'NONE',  ( -7.617084454437067720, 0.4881997596173706655, 22.47895099870554603 ) ) ;
#3682 = DIRECTION ( 'NONE',  ( 1.156482317317871478E-16, 1.000000000000000000, -0.000000000000000000 ) ) ;
#3683 = CARTESIAN_POINT ( 'NONE',  ( -56.24350771458969689, 18.91248979564684873, 32.47895099870589064 ) ) ;
#3684 = CARTESIAN_POINT ( 'NONE',  ( -56.61836450403247056, 2.255244630052193333, 36.95133207510792062 ) ) ;
#3685 = ORIENTED_EDGE ( 'NONE', *, *, #5176, .T. ) ;
#3686 = EDGE_CURVE ( 'NONE', #5497, #4937, #707, .T. ) ;
#3687 = VERTEX_POINT ( 'NONE', #421 ) ;
#3688 = ORGANIZATION ( 'UNSPECIFIED', 'UNSPECIFIED', '' ) ;
#3689 = CARTESIAN_POINT ( 'NONE',  ( -20.98668788859567869, 5.247672359934221653, 26.79282945798499682 ) ) ;
#3690 = CARTESIAN_POINT ( 'NONE',  ( -19.86346458674714199, 8.292131814573426851, 17.50234154959432331 ) ) ;
#3691 = CARTESIAN_POINT ( 'NONE',  ( -17.30913219948235593, 12.72896761887621331, 21.43571383436716005 ) ) ;
#3692 = CARTESIAN_POINT ( 'NONE',  ( -54.93885784754083801, 1.327788818006930605, 36.84426869824383033 ) ) ;
#3693 =( BOUNDED_SURFACE ( )  B_SPLINE_SURFACE ( 3, 2, ( 
 ( #5229, #658, #2097 ),
 ( #4807, #2462, #745 ),
 ( #1575, #5732, #3384 ),
 ( #1666, #1067, #4427 ),
 ( #1807, #414, #772 ),
 ( #2694, #3047, #327 ),
 ( #356, #3952, #5400 ),
 ( #4005, #5787, #4395 ),
 ( #4508, #4451, #3502 ),
 ( #1330, #4954, #2159 ),
 ( #446, #1749, #1213 ),
 ( #5313, #2132, #385 ),
 ( #4860, #2185, #2637 ),
 ( #2242, #1692, #3980 ) ),
 .UNSPECIFIED., .F., .F., .T. ) 
 B_SPLINE_SURFACE_WITH_KNOTS ( ( 4, 2, 2, 2, 2, 2, 4 ),
 ( 3, 3 ),
 ( -1.084202172485504434E-19, 0.0008917959994453748991, 0.001783591998890750015, 0.002675387998336125131, 0.003567183997781500030, 0.005350775996672250262, 0.007134367995563000060 ),
 ( 0.000000000000000000, 1.000000000000000000 ),
 .UNSPECIFIED. ) 
 GEOMETRIC_REPRESENTATION_ITEM ( )  RATIONAL_B_SPLINE_SURFACE ( (
 ( 1.000000000000000000, 0.7071067811865474617, 1.000000000000000000),
 ( 1.000000000000000000, 0.7270494119383542619, 1.000000000000000000),
 ( 1.000000000000000000, 0.7459082960402282358, 1.000000000000000000),
 ( 1.000000000000000000, 0.7815813241855334992, 1.000000000000000000),
 ( 1.000000000000000000, 0.7983957280070718143, 1.000000000000000000),
 ( 1.000000000000000000, 0.8300508378415535349, 1.000000000000000000),
 ( 1.000000000000000000, 0.8449338242603048332, 1.000000000000000000),
 ( 1.000000000000000000, 0.8725565922688440779, 1.000000000000000000),
 ( 1.000000000000000000, 0.8852303101474335856, 1.000000000000000000),
 ( 1.000000000000000000, 0.9201006786390464320, 1.000000000000000000),
 ( 1.000000000000000000, 0.9391667180704577067, 1.000000000000000000),
 ( 1.000000000000000000, 0.9696453677452059328, 1.000000000000000000),
 ( 1.000000000000000000, 0.9810429927812930329, 1.000000000000000000),
 ( 1.000000000000000000, 0.9886754406632257686, 1.000000000000000000) ) ) 
 REPRESENTATION_ITEM ( '' )  SURFACE ( )  );
#3694 = ORIENTED_EDGE ( 'NONE', *, *, #3267, .T. ) ;
#3695 = CARTESIAN_POINT ( 'NONE',  ( -19.68778089869634229, 17.76959219146630531, 17.47895099870553182 ) ) ;
#3696 = AXIS2_PLACEMENT_3D ( 'NONE', #4271, #1533, #4333 ) ;
#3697 = CARTESIAN_POINT ( 'NONE',  ( -55.47476340941784656, 29.83387655682647832, 7.478950998705686359 ) ) ;
#3698 = DIRECTION ( 'NONE',  ( -1.051347561198064835E-16, 1.000000000000000000, 7.341520781122565208E-31 ) ) ;
#3699 = ORIENTED_EDGE ( 'NONE', *, *, #3583, .F. ) ;
#3700 = PERSON_AND_ORGANIZATION_ROLE ( 'creator' ) ;
#3701 = CARTESIAN_POINT ( 'NONE',  ( -54.73735897684906604, 31.07322793195770672, 9.032826800482462559 ) ) ;
#3702 = CARTESIAN_POINT ( 'NONE',  ( -19.86357521274779003, 4.860134795814793129, 27.44484882470361597 ) ) ;
#3703 = ORIENTED_EDGE ( 'NONE', *, *, #2220, .T. ) ;
#3704 = CARTESIAN_POINT ( 'NONE',  ( -59.23611393023329441, 7.877074671534237460, 36.98513932272422267 ) ) ;
#3705 = CARTESIAN_POINT ( 'NONE',  ( -17.48779596960936900, 11.27044416186716447, 27.11378337132702754 ) ) ;
#3706 = CARTESIAN_POINT ( 'NONE',  ( -19.68778089869632808, 17.76959219146630531, 27.47895099870554603 ) ) ;
#3707 = CARTESIAN_POINT ( 'NONE',  ( -19.50737982733600973, 7.198470342524678323, 17.10811309125624291 ) ) ;
#3708 = CARTESIAN_POINT ( 'NONE',  ( -6.727084454437955330, 30.71657414206126191, 7.505377610899895302 ) ) ;
#3709 = CARTESIAN_POINT ( 'NONE',  ( -5.814617277705256271, 30.81010467876409109, 7.531490056580272707 ) ) ;
#3710 = EDGE_CURVE ( 'NONE', #2733, #2372, #5771, .T. ) ;
#3711 = CARTESIAN_POINT ( 'NONE',  ( -59.23858736705936678, 7.812398499562991816, 36.97970799463951863 ) ) ;
#3712 = CARTESIAN_POINT ( 'NONE',  ( -7.617084454437069496, 0.5881997596173700327, 22.47895099870554603 ) ) ;
#3713 = CARTESIAN_POINT ( 'NONE',  ( -62.96708445443707802, 11.46351252514374863, 20.35122793632377736 ) ) ;
#3714 = CARTESIAN_POINT ( 'NONE',  ( -58.44078784330726961, 4.297129881601104096, 37.05670293585620811 ) ) ;
#3715 = ORIENTED_EDGE ( 'NONE', *, *, #5859, .F. ) ;
#3716 = ORIENTED_EDGE ( 'NONE', *, *, #1698, .F. ) ;
#3717 = EDGE_CURVE ( 'NONE', #1528, #4050, #3638, .T. ) ;
#3718 = CARTESIAN_POINT ( 'NONE',  ( -7.617084454437074825, 21.81511842400183454, 7.478950998705546915 ) ) ;
#3719 = CARTESIAN_POINT ( 'NONE',  ( -7.617084454437065943, 0.4881997596173706655, 7.478950998705546915 ) ) ;
#3720 = CARTESIAN_POINT ( 'NONE',  ( -17.45582191672633599, 11.55526853548409782, 18.10381181572249432 ) ) ;
#3721 = CARTESIAN_POINT ( 'NONE',  ( -20.20285885873124343, 7.769247930703810923, 17.47895099870534708 ) ) ;
#3722 = VECTOR ( 'NONE', #2555, 1000.000000000000000 ) ;
#3723 = CARTESIAN_POINT ( 'NONE',  ( -7.617084454437068608, 11.40583957164735196, 22.47895099870554603 ) ) ;
#3724 = CARTESIAN_POINT ( 'NONE',  ( -44.96708445443707802, 12.06748497057090397, 44.01039022695080405 ) ) ;
#3725 = EDGE_LOOP ( 'NONE', ( #5534, #2467, #1983, #2081, #1020 ) ) ;
#3726 = EDGE_CURVE ( 'NONE', #10, #1958, #1280, .T. ) ;
#3727 = ORIENTED_EDGE ( 'NONE', *, *, #2597, .F. ) ;
#3728 = CARTESIAN_POINT ( 'NONE',  ( -55.82045010702046994, 15.98838280879982143, 17.47895099870710212 ) ) ;
#3729 = DIRECTION ( 'NONE',  ( 0.000000000000000000, 0.000000000000000000, 1.000000000000000000 ) ) ;
#3730 = ADVANCED_FACE ( 'NONE', ( #4993 ), #2644, .F. ) ;
#3731 = CARTESIAN_POINT ( 'NONE',  ( -7.617084454437068608, 4.303371501297399426, 22.47895099870554603 ) ) ;
#3732 = DIRECTION ( 'NONE',  ( 0.4116001276514874019, -0.000000000000000000, 0.9113645455674033169 ) ) ;
#3733 = ORIENTED_EDGE ( 'NONE', *, *, #2493, .F. ) ;
#3734 = DIRECTION ( 'NONE',  ( -1.000000000000000000, 0.000000000000000000, 0.000000000000000000 ) ) ;
#3735 = CARTESIAN_POINT ( 'NONE',  ( -3.536464822234602678, 0.4881997596173704990, 22.47895099870554603 ) ) ;
#3736 = CARTESIAN_POINT ( 'NONE',  ( -49.82815299861382385, 25.99081088050991539, 27.47895099870557800 ) ) ;
#3737 = CARTESIAN_POINT ( 'NONE',  ( -20.91483036042050259, 5.857725201687794758, 17.86963849317799458 ) ) ;
#3738 = CARTESIAN_POINT ( 'NONE',  ( -20.29214996569958984, 5.492567943408883657, 18.01314874468224048 ) ) ;
#3739 = AXIS2_PLACEMENT_3D ( 'NONE', #5620, #2013, #4249 ) ;
#3740 = B_SPLINE_CURVE_WITH_KNOTS ( 'NONE', 3,
 ( #3663, #2404, #5054, #953 ),
 .UNSPECIFIED., .F., .F.,
 ( 4, 4 ),
 ( 8.673617379884035472E-19, 0.0002454696433990669383 ),
 .UNSPECIFIED. ) ;
#3741 = CIRCLE ( 'NONE', #5264, 12.84733749389762103 ) ;
#3742 = CARTESIAN_POINT ( 'NONE',  ( -59.34813064536421479, 8.245623494217399596, 36.83561755959918571 ) ) ;
#3743 = CARTESIAN_POINT ( 'NONE',  ( -20.89718785718859806, 12.51725878654710478, 20.77649464207551588 ) ) ;
#3744 = CARTESIAN_POINT ( 'NONE',  ( -62.96708445443707802, 12.68202451203153913, 26.24437987694155439 ) ) ;
#3745 = AXIS2_PLACEMENT_3D ( 'NONE', #2096, #5731, #771 ) ;
#3746 = CARTESIAN_POINT ( 'NONE',  ( -56.44950322684191946, 30.07646312498003027, 37.47895099870588353 ) ) ;
#3747 = ORIENTED_EDGE ( 'NONE', *, *, #2367, .T. ) ;
#3748 = ORIENTED_EDGE ( 'NONE', *, *, #2847, .T. ) ;
#3749 = AXIS2_PLACEMENT_3D ( 'NONE', #5217, #3035, #1650 ) ;
#3750 = CIRCLE ( 'NONE', #4599, 5.087854447112151846 ) ;
#3751 = FACE_OUTER_BOUND ( 'NONE', #1712, .T. ) ;
#3752 = CARTESIAN_POINT ( 'NONE',  ( -19.50159703127037858, 8.919708456876152880, 17.61150402238394719 ) ) ;
#3753 = CARTESIAN_POINT ( 'NONE',  ( -35.25840244911176313, 12.78225160388561932, 17.47895099870356006 ) ) ;
#3754 = ADVANCED_FACE ( 'NONE', ( #3960 ), #4019, .T. ) ;
#3755 = DIRECTION ( 'NONE',  ( 1.156482317317871478E-16, 1.000000000000000000, -0.000000000000000000 ) ) ;
#3756 = ORIENTED_EDGE ( 'NONE', *, *, #2438, .F. ) ;
#3757 = CIRCLE ( 'NONE', #3280, 18.00000000000000000 ) ;
#3758 = ORIENTED_EDGE ( 'NONE', *, *, #1955, .F. ) ;
#3759 = CARTESIAN_POINT ( 'NONE',  ( -53.80616582549954074, 25.98796360210783973, 17.47895099870361335 ) ) ;
#3760 = FACE_OUTER_BOUND ( 'NONE', #3189, .T. ) ;
#3761 = EDGE_CURVE ( 'NONE', #4937, #2194, #4962, .T. ) ;
#3762 = ORIENTED_EDGE ( 'NONE', *, *, #180, .F. ) ;
#3763 = PERSON_AND_ORGANIZATION ( #131, #3688 ) ;
#3764 = ORIENTED_EDGE ( 'NONE', *, *, #4877, .F. ) ;
#3765 = CARTESIAN_POINT ( 'NONE',  ( -6.117084454437072161, 30.48819975961736972, 22.47895099870554603 ) ) ;
#3766 = CARTESIAN_POINT ( 'NONE',  ( -19.24675479290371172, 8.421237982014501355, 17.51586039481526313 ) ) ;
#3767 = CARTESIAN_POINT ( 'NONE',  ( -46.46535565113853039, 16.00561588230313603, 17.47895099870556734 ) ) ;
#3768 = CARTESIAN_POINT ( 'NONE',  ( -57.79450982533295900, 8.777728230245770646, 37.47895099870590485 ) ) ;
#3769 = CARTESIAN_POINT ( 'NONE',  ( -19.36303172770502457, 8.320045763983859644, 27.48176351874030487 ) ) ;
#3770 = CARTESIAN_POINT ( 'NONE',  ( -4.917927801560912471, 30.98999950084729349, 7.608264750328570969 ) ) ;
#3771 = CARTESIAN_POINT ( 'NONE',  ( -59.49557975695996959, 8.699037200880084697, 36.63699829684549059 ) ) ;
#3772 = CARTESIAN_POINT ( 'NONE',  ( -20.95223128571957005, 12.72291025010937737, 23.46665285511067012 ) ) ;
#3773 = DIRECTION ( 'NONE',  ( -1.000000000000000000, 0.000000000000000000, 0.000000000000000000 ) ) ;
#3774 = CARTESIAN_POINT ( 'NONE',  ( -56.10307242694096175, 31.22786520820168832, 36.73230720458094112 ) ) ;
#3775 = ORIENTED_EDGE ( 'NONE', *, *, #4440, .F. ) ;
#3776 = ORIENTED_EDGE ( 'NONE', *, *, #578, .T. ) ;
#3777 = CARTESIAN_POINT ( 'NONE',  ( -11.30337595545230478, 8.076361130563235236, 22.47895099870554603 ) ) ;
#3778 = DIRECTION ( 'NONE',  ( 0.000000000000000000, -0.000000000000000000, 1.000000000000000000 ) ) ;
#3779 = CARTESIAN_POINT ( 'NONE',  ( -17.78693791369456889, 12.78344000446614714, 21.73085362158762024 ) ) ;
#3780 = CARTESIAN_POINT ( 'NONE',  ( -7.617084454437074825, 18.91248979564684873, 44.01039022695080405 ) ) ;
#3781 = FACE_OUTER_BOUND ( 'NONE', #3123, .T. ) ;
#3782 = VERTEX_POINT ( 'NONE', #4014 ) ;
#3783 = VERTEX_POINT ( 'NONE', #5821 ) ;
#3784 = CARTESIAN_POINT ( 'NONE',  ( -28.32375022342101190, 9.632389165266006970, 17.47895099870874702 ) ) ;
#3785 = EDGE_CURVE ( 'NONE', #4901, #3109, #7, .T. ) ;
#3786 = CARTESIAN_POINT ( 'NONE',  ( -52.73513388755358733, 31.14906298651916217, 7.478950998705267139 ) ) ;
#3787 = CARTESIAN_POINT ( 'NONE',  ( -19.88136610027435580, 3.455370591381097256, 25.01758183173797079 ) ) ;
#3788 = ORIENTED_EDGE ( 'NONE', *, *, #2531, .T. ) ;
#3789 = CARTESIAN_POINT ( 'NONE',  ( -19.47678400294245549, 7.187816241012928486, 17.07424914963741713 ) ) ;
#3790 = EDGE_LOOP ( 'NONE', ( #2916, #1552, #1590, #1114 ) ) ;
#3791 = AXIS2_PLACEMENT_3D ( 'NONE', #4369, #2527, #3887 ) ;
#3792 = DIRECTION ( 'NONE',  ( -1.000000000000000000, 0.000000000000000000, 0.000000000000000000 ) ) ;
#3793 = CARTESIAN_POINT ( 'NONE',  ( -19.20653171223694144, 7.711268229079178305, 17.09540467153193077 ) ) ;
#3794 = CARTESIAN_POINT ( 'NONE',  ( -36.21899402499780507, 24.03307090331910345, 17.47895099870556379 ) ) ;
#3795 = CARTESIAN_POINT ( 'NONE',  ( -57.53454055981619319, 9.225218012241835908, 37.47895099870590485 ) ) ;
#3796 = LINE ( 'NONE', #1151, #3124 ) ;
#3797 = CARTESIAN_POINT ( 'NONE',  ( -19.70007395961325258, 5.541365358992298873, 27.92634679726635483 ) ) ;
#3798 = CARTESIAN_POINT ( 'NONE',  ( -60.14487917542143691, 10.28918184293427274, 35.68736533666213262 ) ) ;
#3799 = CARTESIAN_POINT ( 'NONE',  ( -20.61868665870169437, 11.95308683513633063, 25.24524889689045537 ) ) ;
#3800 = EDGE_CURVE ( 'NONE', #5362, #5497, #5347, .T. ) ;
#3801 = CARTESIAN_POINT ( 'NONE',  ( -17.12496136388952550, 12.57577675713324084, 19.76210824393841747 ) ) ;
#3802 = DIRECTION ( 'NONE',  ( -1.000000000000000000, 0.000000000000000000, 0.000000000000000000 ) ) ;
#3803 = ORIENTED_EDGE ( 'NONE', *, *, #3907, .T. ) ;
#3804 = ORIENTED_EDGE ( 'NONE', *, *, #1622, .F. ) ;
#3805 = CARTESIAN_POINT ( 'NONE',  ( -19.89007850598712679, 5.545896509062871793, 17.37477824787269398 ) ) ;
#3806 = CARTESIAN_POINT ( 'NONE',  ( -19.59299201258339451, 6.893010897402396253, 27.87326781017841526 ) ) ;
#3807 = CARTESIAN_POINT ( 'NONE',  ( -26.60258572051514747, 8.951124027714515208, 27.47895099870872571 ) ) ;
#3808 = CARTESIAN_POINT ( 'NONE',  ( -50.31583746620116671, 31.48819975961736972, 8.478950998705547804 ) ) ;
#3809 = EDGE_LOOP ( 'NONE', ( #4479, #2087, #303, #1294 ) ) ;
#3810 = VERTEX_POINT ( 'NONE', #4045 ) ;
#3811 = B_SPLINE_CURVE_WITH_KNOTS ( 'NONE', 3,
 ( #5843, #855, #2662, #828 ),
 .UNSPECIFIED., .F., .F.,
 ( 4, 4 ),
 ( -1.264912313375789851E-05, 0.0004264998820203673847 ),
 .UNSPECIFIED. ) ;
#3812 = CARTESIAN_POINT ( 'NONE',  ( -63.63397950836394301, 5.988211026387239677, 17.47895099870559221 ) ) ;
#3813 = CARTESIAN_POINT ( 'NONE',  ( -56.02678660992739879, 30.40126112630426292, 8.837381176682249873 ) ) ;
#3814 = CARTESIAN_POINT ( 'NONE',  ( -7.617084454437069496, 0.5881997596173700327, 22.47895099870554603 ) ) ;
#3815 = CARTESIAN_POINT ( 'NONE',  ( -18.73587723562529561, 2.063861130563236390, 20.73867412452838721 ) ) ;
#3816 = CARTESIAN_POINT ( 'NONE',  ( -59.05623307023645197, 6.988199759617371498, 37.21390586799906686 ) ) ;
#3817 = ORIENTED_EDGE ( 'NONE', *, *, #1785, .F. ) ;
#3818 = AXIS2_PLACEMENT_3D ( 'NONE', #4370, #4718, #3001 ) ;
#3819 = ADVANCED_FACE ( 'NONE', ( #5850 ), #3505, .F. ) ;
#3820 = CARTESIAN_POINT ( 'NONE',  ( -60.46564034337161075, 11.21035559122254277, 35.16530316585885885 ) ) ;
#3821 = CARTESIAN_POINT ( 'NONE',  ( -19.53333882161597401, 7.852533414108139986, 17.46956043101572931 ) ) ;
#3822 = AXIS2_PLACEMENT_3D ( 'NONE', #5149, #258, #1588 ) ;
#3823 = CARTESIAN_POINT ( 'NONE',  ( -23.05886941645552568, 7.990175306897981500, 17.47895099870235214 ) ) ;
#3824 = CARTESIAN_POINT ( 'NONE',  ( -58.04779107817665817, 8.270093567554168246, 37.47895099870589775 ) ) ;
#3825 = CARTESIAN_POINT ( 'NONE',  ( -19.88364860576849225, 4.664142254862881920, 27.20551709704227505 ) ) ;
#3826 = ADVANCED_FACE ( 'NONE', ( #1391 ), #3551, .T. ) ;
#3827 = CARTESIAN_POINT ( 'NONE',  ( -20.60644339522648139, 8.177730147361453206, 29.24069120167352054 ) ) ;
#3828 = CARTESIAN_POINT ( 'NONE',  ( -8.117084454437074825, 18.41248979564684873, 37.47895099870554958 ) ) ;
#3829 = ADVANCED_FACE ( 'NONE', ( #3201 ), #4160, .F. ) ;
#3830 = CARTESIAN_POINT ( 'NONE',  ( -17.24647377183237040, 12.30863450734022102, 19.18623950065630623 ) ) ;
#3831 = CARTESIAN_POINT ( 'NONE',  ( -7.617084454436963803, 15.03862836363353139, 22.47895099870554603 ) ) ;
#3832 = CARTESIAN_POINT ( 'NONE',  ( -19.40671706740071301, 10.06028675117990545, 18.11969600698724392 ) ) ;
#3833 = EDGE_LOOP ( 'NONE', ( #4100, #2344, #862, #3715 ) ) ;
#3834 = ORIENTED_EDGE ( 'NONE', *, *, #5071, .F. ) ;
#3835 = CARTESIAN_POINT ( 'NONE',  ( -19.90118567667618521, 5.474427079564265775, 17.40213399050366760 ) ) ;
#3836 = CIRCLE ( 'NONE', #4593, 0.5000000000000004441 ) ;
#3837 = CARTESIAN_POINT ( 'NONE',  ( -56.47570211126801354, 27.59075797879240000, 7.478950998705546915 ) ) ;
#3838 = PLANE ( 'NONE',  #4036 ) ;
#3839 = LINE ( 'NONE', #5657, #2390 ) ;
#3840 = VERTEX_POINT ( 'NONE', #1449 ) ;
#3841 = EDGE_LOOP ( 'NONE', ( #2264, #5242, #3270, #5158 ) ) ;
#3842 = VECTOR ( 'NONE', #1513, 1000.000000000000000 ) ;
#3843 = CARTESIAN_POINT ( 'NONE',  ( -44.96818841564217450, 5.828919516833567904, 17.47895099870556379 ) ) ;
#3844 = CARTESIAN_POINT ( 'NONE',  ( -53.30103491135455585, 29.48834036796148794, 7.478950998705546915 ) ) ;
#3845 = AXIS2_PLACEMENT_3D ( 'NONE', #1364, #3988, #452 ) ;
#3846 = CARTESIAN_POINT ( 'NONE',  ( -56.84092814025333951, 3.596359088930507930, 8.020241888259899810 ) ) ;
#3847 = AXIS2_PLACEMENT_3D ( 'NONE', #2062, #5279, #320 ) ;
#3848 = CARTESIAN_POINT ( 'NONE',  ( -19.01284507188463024, 7.298941884571733318, 16.54677427915826726 ) ) ;
#3849 = VERTEX_POINT ( 'NONE', #3265 ) ;
#3850 =( BOUNDED_SURFACE ( )  B_SPLINE_SURFACE ( 3, 2, ( 
 ( #50, #3192, #4086 ),
 ( #3163, #468, #1801 ),
 ( #963, #19, #2720 ),
 ( #108, #4060, #4555 ) ),
 .UNSPECIFIED., .F., .F., .T. ) 
 B_SPLINE_SURFACE_WITH_KNOTS ( ( 4, 4 ),
 ( 3, 3 ),
 ( -5.529431079676072613E-18, 0.0002510243055255455377 ),
 ( 0.000000000000000000, 0.1635593673963091632 ),
 .UNSPECIFIED. ) 
 GEOMETRIC_REPRESENTATION_ITEM ( )  RATIONAL_B_SPLINE_SURFACE ( (
 ( 1.000000000000000000, 0.9717776134375344377, 0.9527872982602108021),
 ( 1.000000000000000000, 0.9719765690167097016, 0.9531201273212215330),
 ( 1.000000000000000000, 0.9721687176334239400, 0.9534415691422584160),
 ( 1.000000000000000000, 0.9723537367948466015, 0.9537510842311067716) ) ) 
 REPRESENTATION_ITEM ( '' )  SURFACE ( )  );
#3851 = CARTESIAN_POINT ( 'NONE',  ( -54.82796304647945362, 1.928175168248431826, 7.478950998705546915 ) ) ;
#3852 = CARTESIAN_POINT ( 'NONE',  ( -62.90984263294055268, 16.64659774583875063, 27.44620398209332279 ) ) ;
#3853 = LINE ( 'NONE', #2519, #2173 ) ;
#3854 = DIRECTION ( 'NONE',  ( 1.000000000000000000, 0.000000000000000000, 0.000000000000000000 ) ) ;
#3855 = CARTESIAN_POINT ( 'NONE',  ( -59.91445361817755355, 9.740887479027980689, 36.03919914213462050 ) ) ;
#3856 = CARTESIAN_POINT ( 'NONE',  ( -62.61246213890651546, 17.92424745536301245, 17.86022291762404990 ) ) ;
#3857 = CARTESIAN_POINT ( 'NONE',  ( -58.37450110393951519, 15.98815782803314534, 27.47895099870419955 ) ) ;
#3858 = CARTESIAN_POINT ( 'NONE',  ( -55.51517426180844694, 27.92363538815188662, 7.478950998705546027 ) ) ;
#3859 = LINE ( 'NONE', #4838, #4570 ) ;
#3860 = DIRECTION ( 'NONE',  ( -1.051347561198064835E-16, 1.000000000000000000, 7.341520781122565208E-31 ) ) ;
#3861 = EDGE_LOOP ( 'NONE', ( #765, #1485, #3926, #5270, #4179, #5818, #1802, #2422, #3125, #4644, #3117, #4173, #2287, #4344 ) ) ;
#3862 = ORIENTED_EDGE ( 'NONE', *, *, #2930, .T. ) ;
#3863 = EDGE_CURVE ( 'NONE', #2623, #5150, #4879, .T. ) ;
#3864 = FACE_OUTER_BOUND ( 'NONE', #312, .T. ) ;
#3865 = FACE_OUTER_BOUND ( 'NONE', #1671, .T. ) ;
#3866 = CARTESIAN_POINT ( 'NONE',  ( -17.84073961599030511, 11.83446793023478349, 25.41908769626890674 ) ) ;
#3867 = CARTESIAN_POINT ( 'NONE',  ( -59.14936203728208142, 6.447666063446219731, 37.09474869116208140 ) ) ;
#3868 = VERTEX_POINT ( 'NONE', #948 ) ;
#3869 = ORIENTED_EDGE ( 'NONE', *, *, #4576, .F. ) ;
#3870 = CARTESIAN_POINT ( 'NONE',  ( -46.45081865679927091, 5.999005095935708631, 17.47895099870556379 ) ) ;
#3871 = CARTESIAN_POINT ( 'NONE',  ( -7.617084454437057062, 31.48659911910486287, 22.47895099870554603 ) ) ;
#3872 = CARTESIAN_POINT ( 'NONE',  ( -56.39050126329961188, 3.169755400266789369, 7.796767517156523830 ) ) ;
#3873 = EDGE_CURVE ( 'NONE', #4659, #2442, #2246, .T. ) ;
#3874 = LOCAL_TIME ( 16, 9, 41.00000000000000000, #2748 ) ;
#3875 = DIRECTION ( 'NONE',  ( -1.156482317317871478E-16, -1.000000000000000000, 0.000000000000000000 ) ) ;
#3876 = VERTEX_POINT ( 'NONE', #1632 ) ;
#3877 = CARTESIAN_POINT ( 'NONE',  ( -56.24350771458966847, 12.32144923111858148, 37.47895099870587643 ) ) ;
#3878 = CARTESIAN_POINT ( 'NONE',  ( -62.90707690871817448, 15.98819913141635496, 27.47895099870568814 ) ) ;
#3879 = CARTESIAN_POINT ( 'NONE',  ( -57.68573876617737284, 8.968863616832727814, 37.47895099870589064 ) ) ;
#3880 = B_SPLINE_CURVE_WITH_KNOTS ( 'NONE', 3,
 ( #831, #1360, #1777, #3591, #447, #1331 ),
 .UNSPECIFIED., .F., .F.,
 ( 4, 2, 4 ),
 ( 1.127570259384924611E-17, 0.0005377725982231335196, 0.001075545196446255763 ),
 .UNSPECIFIED. ) ;
#3881 = DIRECTION ( 'NONE',  ( 1.000000000000000000, 0.000000000000000000, 0.000000000000000000 ) ) ;
#3882 =( BOUNDED_SURFACE ( )  B_SPLINE_SURFACE ( 3, 2, ( 
 ( #5680, #278, #4283 ),
 ( #5179, #5652, #217 ),
 ( #1107, #2499, #2532 ),
 ( #1583, #725, #2917 ),
 ( #4345, #2074, #4815 ),
 ( #5706, #3452, #5265 ) ),
 .UNSPECIFIED., .F., .F., .T. ) 
 B_SPLINE_SURFACE_WITH_KNOTS ( ( 4, 2, 4 ),
 ( 3, 3 ),
 ( 0.002551650472630598212, 0.003373938928015589658, 0.004196227383400580671 ),
 ( 0.000000000000000000, 1.000000000000000000 ),
 .UNSPECIFIED. ) 
 GEOMETRIC_REPRESENTATION_ITEM ( )  RATIONAL_B_SPLINE_SURFACE ( (
 ( 1.000000000000000000, 0.9630485531699123358, 1.000000000000000000),
 ( 1.000000000000000000, 0.9593959135227771995, 1.000000000000000000),
 ( 1.000000000000000000, 0.9565622693224073991, 1.000000000000000000),
 ( 1.000000000000000000, 0.9518372727541644096, 1.000000000000000000),
 ( 1.000000000000000000, 0.9499810679304102612, 1.000000000000000000),
 ( 1.000000000000000000, 0.9482449695825364566, 1.000000000000000000) ) ) 
 REPRESENTATION_ITEM ( '' )  SURFACE ( )  );
#3883 = EDGE_CURVE ( 'NONE', #2137, #4255, #5827, .T. ) ;
#3884 = CARTESIAN_POINT ( 'NONE',  ( -59.95318123336009819, 9.831815510530816482, 35.98119353289947497 ) ) ;
#3885 = PLANE ( 'NONE',  #4590 ) ;
#3886 = DIRECTION ( 'NONE',  ( 0.1666362674804339750, 0.9141190861232156850, -0.3696196027613342650 ) ) ;
#3887 = DIRECTION ( 'NONE',  ( 0.000000000000000000, 0.000000000000000000, 1.000000000000000000 ) ) ;
#3888 = CARTESIAN_POINT ( 'NONE',  ( -18.20755088017978451, 10.33613068685744985, 18.23953640981123669 ) ) ;
#3889 = CARTESIAN_POINT ( 'NONE',  ( -54.66649287028695881, 28.44376717124591636, 7.478950998705544251 ) ) ;
#3890 = ORIENTED_EDGE ( 'NONE', *, *, #5653, .T. ) ;
#3891 = ADVANCED_FACE ( 'NONE', ( #4304 ), #3885, .F. ) ;
#3892 = ORIENTED_EDGE ( 'NONE', *, *, #180, .T. ) ;
#3893 = ADVANCED_FACE ( 'NONE', ( #1128 ), #2023, .F. ) ;
#3894 = CARTESIAN_POINT ( 'NONE',  ( -57.64535690733737283, 2.781516715590360178, 8.639533499670111638 ) ) ;
#3895 = CARTESIAN_POINT ( 'NONE',  ( -17.27283827892666324, 12.23861363736110697, 25.89805505433600175 ) ) ;
#3896 = DIRECTION ( 'NONE',  ( 1.000000000000000000, 1.051347561198064835E-16, -6.982962677686266711E-15 ) ) ;
#3897 = PLANE ( 'NONE',  #4196 ) ;
#3898 = ORIENTED_EDGE ( 'NONE', *, *, #3800, .T. ) ;
#3899 = EDGE_CURVE ( 'NONE', #4351, #2733, #4778, .T. ) ;
#3900 = ORIENTED_EDGE ( 'NONE', *, *, #3543, .T. ) ;
#3901 = CARTESIAN_POINT ( 'NONE',  ( -59.17067934744613211, 5.988190051262106905, 27.47895099870421376 ) ) ;
#3902 = DIRECTION ( 'NONE',  ( 0.8214285714285716189, 0.000000000000000000, 0.5703114079525465341 ) ) ;
#3903 = CARTESIAN_POINT ( 'NONE',  ( -19.87113609096296329, 5.691810689355599528, 27.63139546889149756 ) ) ;
#3904 = EDGE_CURVE ( 'NONE', #3488, #1997, #4367, .T. ) ;
#3905 = DIRECTION ( 'NONE',  ( -4.072051880428308236E-17, -1.000000000000000000, -0.000000000000000000 ) ) ;
#3906 = ORIENTED_EDGE ( 'NONE', *, *, #5059, .F. ) ;
#3907 = EDGE_CURVE ( 'NONE', #3109, #2632, #2429, .T. ) ;
#3908 = CARTESIAN_POINT ( 'NONE',  ( -59.13424800101373080, 11.76595787667680959, 37.47895099870551405 ) ) ;
#3909 = CARTESIAN_POINT ( 'NONE',  ( -62.96708445443704960, 19.29414889115954423, 26.24460651704168512 ) ) ;
#3910 = CARTESIAN_POINT ( 'NONE',  ( -62.79767056020432392, 6.187281888232996074, 18.95313483557437806 ) ) ;
#3911 = CARTESIAN_POINT ( 'NONE',  ( -20.01410150398903554, 11.66006514376850767, 25.61582327275426252 ) ) ;
#3912 = CARTESIAN_POINT ( 'NONE',  ( -20.22709515095671406, 4.853365464840929455, 26.55544712677289354 ) ) ;
#3913 = CARTESIAN_POINT ( 'NONE',  ( -7.617084454437068608, 9.534718448700353122, 22.47895099870554603 ) ) ;
#3914 = AXIS2_PLACEMENT_3D ( 'NONE', #4299, #2066, #4334 ) ;
#3915 = CIRCLE ( 'NONE', #225, 5.100000000000000533 ) ;
#3916 = CARTESIAN_POINT ( 'NONE',  ( -59.82095719822998348, 9.520491075745393772, 36.17712382153077044 ) ) ;
#3917 = DIRECTION ( 'NONE',  ( -1.000000000000000000, 1.334402873966308741E-16, 0.000000000000000000 ) ) ;
#3918 = CARTESIAN_POINT ( 'NONE',  ( -17.00309912136615509, 12.79037907109548300, 20.35692656793485966 ) ) ;
#3919 = SPHERICAL_SURFACE ( 'NONE', #4638, 1.105625000000003855 ) ;
#3920 = LINE ( 'NONE', #774, #3722 ) ;
#3921 =( BOUNDED_CURVE ( )  B_SPLINE_CURVE ( 3, ( #591, #1440, #968, #1474 ),
 .UNSPECIFIED., .F., .T. ) 
 B_SPLINE_CURVE_WITH_KNOTS ( ( 4, 4 ),
 ( 5.144782313942346974, 5.592754747440000784 ),
 .UNSPECIFIED. ) 
 CURVE ( )  GEOMETRIC_REPRESENTATION_ITEM ( )  RATIONAL_B_SPLINE_CURVE ( ( 1.000000000000000000, 0.9833465250652813072, 0.9833465250652813072, 1.000000000000000000 ) ) 
 REPRESENTATION_ITEM ( '' )  );
#3922 = CARTESIAN_POINT ( 'NONE',  ( -19.88624580826602184, 6.369384890650600539, 27.65873898952890997 ) ) ;
#3923 = VECTOR ( 'NONE', #2820, 1000.000000000000000 ) ;
#3924 = ORIENTED_EDGE ( 'NONE', *, *, #1512, .T. ) ;
#3925 = AXIS2_PLACEMENT_3D ( 'NONE', #2984, #733, #2541 ) ;
#3926 = ORIENTED_EDGE ( 'NONE', *, *, #4956, .T. ) ;
#3927 = CARTESIAN_POINT ( 'NONE',  ( -8.117084454437073049, 18.91248979564684873, 44.01039022695080405 ) ) ;
#3928 = VECTOR ( 'NONE', #307, 1000.000000000000000 ) ;
#3929 = CARTESIAN_POINT ( 'NONE',  ( -61.49795543196987069, 2.818064260307552971, 17.43590332072636429 ) ) ;
#3930 = TOROIDAL_SURFACE ( 'NONE', #3149, 10.18785444711215149, 5.099999999999998757 ) ;
#3931 = FACE_OUTER_BOUND ( 'NONE', #1395, .T. ) ;
#3932 = CARTESIAN_POINT ( 'NONE',  ( -19.82823439849458325, 4.137098905311751729, 18.32561091457271374 ) ) ;
#3933 = B_SPLINE_CURVE_WITH_KNOTS ( 'NONE', 3,
 ( #2562, #4376, #306, #3929, #3363, #5742, #780, #188, #1108, #1986, #4723, #666 ),
 .UNSPECIFIED., .F., .F.,
 ( 4, 2, 2, 2, 2, 4 ),
 ( 0.002469536958420485810, 0.005099378102931575486, 0.007729219247442665162, 0.009044139819698210001, 0.01035906039195375744, 0.01298890153646485232 ),
 .UNSPECIFIED. ) ;
#3934 = CARTESIAN_POINT ( 'NONE',  ( -19.37141421602144575, 8.563959281244406085, 27.44862148653473710 ) ) ;
#3935 = ORIENTED_EDGE ( 'NONE', *, *, #3397, .F. ) ;
#3936 = ORIENTED_EDGE ( 'NONE', *, *, #3247, .F. ) ;
#3937 = AXIS2_PLACEMENT_3D ( 'NONE', #2123, #5756, #3947 ) ;
#3938 = CARTESIAN_POINT ( 'NONE',  ( -50.67062189702615882, 5.988974256477138880, 27.47895099870407876 ) ) ;
#3939 = CARTESIAN_POINT ( 'NONE',  ( -54.88672971124290001, 28.21462465717381818, 7.478950998705546027 ) ) ;
#3940 = CARTESIAN_POINT ( 'NONE',  ( -47.96302992729223291, 15.98612241393803224, 17.47895099870557445 ) ) ;
#3941 = CARTESIAN_POINT ( 'NONE',  ( -18.73587723562554785, 3.313861130563235946, 20.73867412452849379 ) ) ;
#3942 = VECTOR ( 'NONE', #704, 1000.000000000000000 ) ;
#3943 = ORIENTED_EDGE ( 'NONE', *, *, #5100, .T. ) ;
#3944 = CARTESIAN_POINT ( 'NONE',  ( -20.81653825049710704, 6.331781061892398199, 27.26392966603330237 ) ) ;
#3945 = EDGE_CURVE ( 'NONE', #2011, #1905, #2039, .T. ) ;
#3946 = CIRCLE ( 'NONE', #1376, 2.580169464872506868 ) ;
#3947 = DIRECTION ( 'NONE',  ( 1.000000000000000000, 0.000000000000000000, -6.802837160693361046E-15 ) ) ;
#3948 = CARTESIAN_POINT ( 'NONE',  ( -19.57300838816161104, 11.70631108814503030, 25.56264651932993814 ) ) ;
#3949 = CARTESIAN_POINT ( 'NONE',  ( -62.77855665434614707, 5.469480340398600759, 19.43744673921194988 ) ) ;
#3950 = ADVANCED_FACE ( 'NONE', ( #3412 ), #3693, .T. ) ;
#3951 = CARTESIAN_POINT ( 'NONE',  ( -62.53103791657343891, 15.98819686762615788, 17.47895099870623525 ) ) ;
#3952 = CARTESIAN_POINT ( 'NONE',  ( -61.50825136633023504, 2.307031634264848030, 14.28545894501831448 ) ) ;
#3953 = CARTESIAN_POINT ( 'NONE',  ( -19.86986492834887841, 5.690868939535437043, 27.63315146258539912 ) ) ;
#3954 = ADVANCED_FACE ( 'NONE', ( #3562 ), #801, .T. ) ;
#3955 = CARTESIAN_POINT ( 'NONE',  ( -53.31124728280817493, 29.47783401098124756, 7.478950998705544251 ) ) ;
#3956 = ORIENTED_EDGE ( 'NONE', *, *, #425, .T. ) ;
#3957 = ORIENTED_EDGE ( 'NONE', *, *, #5659, .F. ) ;
#3958 = FACE_OUTER_BOUND ( 'NONE', #5352, .T. ) ;
#3959 = CARTESIAN_POINT ( 'NONE',  ( -54.51585450324006388, 1.724614699377003069, 7.478950998705547804 ) ) ;
#3960 = FACE_OUTER_BOUND ( 'NONE', #5241, .T. ) ;
#3961 = DIRECTION ( 'NONE',  ( -0.000000000000000000, 0.000000000000000000, -1.000000000000000000 ) ) ;
#3962 = CARTESIAN_POINT ( 'NONE',  ( -17.80493890154921743, 8.413861130563233814, 22.47895099870554603 ) ) ;
#3963 = EDGE_LOOP ( 'NONE', ( #5291, #4701, #2027, #2593, #2648 ) ) ;
#3964 = ORIENTED_EDGE ( 'NONE', *, *, #3579, .T. ) ;
#3965 = EDGE_CURVE ( 'NONE', #3783, #2623, #4974, .T. ) ;
#3966 = CARTESIAN_POINT ( 'NONE',  ( -35.25840244913567290, 12.78225160389757598, 27.47895099870356361 ) ) ;
#3967 = CARTESIAN_POINT ( 'NONE',  ( -18.99403371825568243, 8.996435845824169775, 27.33348402933424381 ) ) ;
#3968 = CARTESIAN_POINT ( 'NONE',  ( -60.96666807384985276, 15.98821195913251891, 17.47895099870731883 ) ) ;
#3969 = CARTESIAN_POINT ( 'NONE',  ( -19.88246398091254719, 5.620050225550593304, 27.60497321858944630 ) ) ;
#3970 = CARTESIAN_POINT ( 'NONE',  ( -19.32666588990545975, 2.923426906180565776, 22.22776234731838230 ) ) ;
#3971 = ORIENTED_EDGE ( 'NONE', *, *, #289, .F. ) ;
#3972 = ADVANCED_FACE ( 'NONE', ( #4065 ), #3082, .F. ) ;
#3973 = CARTESIAN_POINT ( 'NONE',  ( -58.36145770067029304, 7.432637215590463420, 37.47895099870589775 ) ) ;
#3974 = CARTESIAN_POINT ( 'NONE',  ( -17.83790556697294960, 9.991917331140022895, 27.81623208612778697 ) ) ;
#3975 = DIRECTION ( 'NONE',  ( -1.000000000000000000, 0.000000000000000000, 6.982962677686266711E-15 ) ) ;
#3976 = PERSON_AND_ORGANIZATION_ROLE ( 'design_owner' ) ;
#3977 = CARTESIAN_POINT ( 'NONE',  ( -62.81198991869818826, 5.993863749115964978, 19.05676536388066467 ) ) ;
#3978 = EDGE_CURVE ( 'NONE', #5070, #2150, #2883, .T. ) ;
#3979 = CARTESIAN_POINT ( 'NONE',  ( -19.17223628865377805, 8.084798053052001165, 27.30145648466939790 ) ) ;
#3980 = CARTESIAN_POINT ( 'NONE',  ( -62.84352365952754127, 6.301702529851191947, 19.31146185486572620 ) ) ;
#3981 = CARTESIAN_POINT ( 'NONE',  ( -44.96708445443707802, 27.48819975961737327, 7.416912245329549513 ) ) ;
#3982 = CARTESIAN_POINT ( 'NONE',  ( -19.31760515504933906, 6.712830297199034568, 16.60685568868688833 ) ) ;
#3983 = EDGE_CURVE ( 'NONE', #3151, #4486, #5543, .T. ) ;
#3984 = CARTESIAN_POINT ( 'NONE',  ( -51.92984796638157263, 30.17187444763853321, 7.478950998705548692 ) ) ;
#3985 = ORIENTED_EDGE ( 'NONE', *, *, #4829, .T. ) ;
#3986 = AXIS2_PLACEMENT_3D ( 'NONE', #4472, #411, #4004 ) ;
#3987 = DIRECTION ( 'NONE',  ( 1.224646799147353207E-16, 1.000000000000000000, -0.000000000000000000 ) ) ;
#3988 = DIRECTION ( 'NONE',  ( 0.000000000000000000, 0.000000000000000000, 1.000000000000000000 ) ) ;
#3989 = DIRECTION ( 'NONE',  ( 0.000000000000000000, 0.3748607425613214028, -0.9270811311241183850 ) ) ;
#3990 = DIRECTION ( 'NONE',  ( 1.000000000000000000, 0.000000000000000000, -6.938893903907221278E-15 ) ) ;
#3991 = CARTESIAN_POINT ( 'NONE',  ( -7.617084454437069496, 10.48108631064669538, 22.47895099870554603 ) ) ;
#3992 = ORIENTED_EDGE ( 'NONE', *, *, #3028, .F. ) ;
#3993 = ORIENTED_EDGE ( 'NONE', *, *, #3717, .T. ) ;
#3994 = CARTESIAN_POINT ( 'NONE',  ( -19.68487750637426359, 2.767386198150127985, 22.69345603554965862 ) ) ;
#3995 = CARTESIAN_POINT ( 'NONE',  ( -19.67401398791898615, 3.833380197222144847, 18.79559923120402232 ) ) ;
#3996 = CARTESIAN_POINT ( 'NONE',  ( -59.17048040971416611, 15.98819005105898228, 27.47895099870420310 ) ) ;
#3997 = CARTESIAN_POINT ( 'NONE',  ( -19.38510794765210932, 3.020730499420310355, 23.69566299737873649 ) ) ;
#3998 = ORIENTED_EDGE ( 'NONE', *, *, #2907, .F. ) ;
#3999 = CARTESIAN_POINT ( 'NONE',  ( -28.32375022344018234, 9.632389165278786081, 27.47895099870875057 ) ) ;
#4000 = CYLINDRICAL_SURFACE ( 'NONE', #4124, 0.5000000000000004441 ) ;
#4001 = CARTESIAN_POINT ( 'NONE',  ( -7.617084454436963803, 0.4881997596173706655, 22.47895099870554603 ) ) ;
#4002 = ORIENTED_EDGE ( 'NONE', *, *, #4833, .F. ) ;
#4003 = CARTESIAN_POINT ( 'NONE',  ( -19.35951390037743991, 3.509452359697148971, 25.52281811678880175 ) ) ;
#4004 = DIRECTION ( 'NONE',  ( -1.000000000000000000, 0.000000000000000000, 0.000000000000000000 ) ) ;
#4005 = CARTESIAN_POINT ( 'NONE',  ( -60.14983007009536209, 1.620162009502661205, 16.00858313440668823 ) ) ;
#4006 = EDGE_CURVE ( 'NONE', #1001, #1581, #3114, .T. ) ;
#4007 = CARTESIAN_POINT ( 'NONE',  ( -54.26274125576482987, 31.48819975961736972, 36.47895099870586932 ) ) ;
#4008 = CARTESIAN_POINT ( 'NONE',  ( -19.54398888288721992, 6.120616161304322844, 16.76688495378503418 ) ) ;
#4009 = ORIENTED_EDGE ( 'NONE', *, *, #319, .T. ) ;
#4010 = ORIENTED_EDGE ( 'NONE', *, *, #2592, .F. ) ;
#4011 = DIRECTION ( 'NONE',  ( -1.000000000000000000, 0.000000000000000000, 1.387778780781444413E-14 ) ) ;
#4012 = ADVANCED_FACE ( 'NONE', ( #858 ), #4476, .F. ) ;
#4013 = DIRECTION ( 'NONE',  ( 0.000000000000000000, 1.000000000000000000, 0.000000000000000000 ) ) ;
#4014 = CARTESIAN_POINT ( 'NONE',  ( -20.12977248878636516, 7.882129494116341561, 17.48025378985752099 ) ) ;
#4015 = CARTESIAN_POINT ( 'NONE',  ( -58.36145772712400515, 6.505671239376034976, 37.47895099870589775 ) ) ;
#4016 = CARTESIAN_POINT ( 'NONE',  ( -4.474203705049381696, 0.6171992533958687854, 22.47895099870554603 ) ) ;
#4017 = ORIENTED_EDGE ( 'NONE', *, *, #425, .F. ) ;
#4018 = ORIENTED_EDGE ( 'NONE', *, *, #859, .T. ) ;
#4019 = TOROIDAL_SURFACE ( 'NONE', #1554, 4.331990875344400749, 1.457809102190899875 ) ;
#4020 = CIRCLE ( 'NONE', #3545, 3.238583567322119716 ) ;
#4021 = CARTESIAN_POINT ( 'NONE',  ( -19.81711405633101108, 4.150856038906193923, 18.32364748742922345 ) ) ;
#4022 = CARTESIAN_POINT ( 'NONE',  ( -19.33255912802763987, 2.935187434319027844, 22.95907175585314519 ) ) ;
#4023 = CARTESIAN_POINT ( 'NONE',  ( -47.94140235537599892, 5.986111297063302139, 27.47895099870557800 ) ) ;
#4024 = CARTESIAN_POINT ( 'NONE',  ( -18.95678979446756784, 3.313861130563235502, 22.74518898551231416 ) ) ;
#4025 = B_SPLINE_CURVE_WITH_KNOTS ( 'NONE', 3,
 ( #3564, #861, #1778, #3504, #2667, #3532, #2161, #3084, #3618, #5316 ),
 .UNSPECIFIED., .F., .F.,
 ( 4, 2, 2, 2, 4 ),
 ( 4.028518340432863811E-14, 0.0003358390833149152909, 0.0006716781665895454239, 0.001007517249864175665, 0.001343356333138805798 ),
 .UNSPECIFIED. ) ;
#4026 = ORIENTED_EDGE ( 'NONE', *, *, #967, .T. ) ;
#4027 = VECTOR ( 'NONE', #5160, 1000.000000000000000 ) ;
#4028 = CARTESIAN_POINT ( 'NONE',  ( -32.21516789857835050, 22.39193245295238199, 27.47895099870556024 ) ) ;
#4029 = CARTESIAN_POINT ( 'NONE',  ( -19.34784603329352137, 7.878172659467252537, 17.31358338009885856 ) ) ;
#4030 = LINE ( 'NONE', #1267, #1370 ) ;
#4031 = VECTOR ( 'NONE', #3486, 1000.000000000000227 ) ;
#4032 = ORIENTED_EDGE ( 'NONE', *, *, #65, .T. ) ;
#4033 =( NAMED_UNIT ( * ) SI_UNIT ( $, .STERADIAN. ) SOLID_ANGLE_UNIT ( ) );
#4034 = LINE ( 'NONE', #2183, #4859 ) ;
#4035 = VECTOR ( 'NONE', #5591, 1000.000000000000000 ) ;
#4036 = AXIS2_PLACEMENT_3D ( 'NONE', #3394, #782, #2588 ) ;
#4037 = PRODUCT_RELATED_PRODUCT_CATEGORY ( 'detail', '', ( #943 ) ) ;
#4038 = CARTESIAN_POINT ( 'NONE',  ( -7.617084454437065943, 30.48819975961736972, 22.47895099870554603 ) ) ;
#4039 = FACE_OUTER_BOUND ( 'NONE', #2944, .T. ) ;
#4040 = CARTESIAN_POINT ( 'NONE',  ( -18.73587723562529561, 3.313861130563236390, 20.73867412452839787 ) ) ;
#4041 = AXIS2_PLACEMENT_3D ( 'NONE', #5441, #4634, #98 ) ;
#4042 = ORIENTED_EDGE ( 'NONE', *, *, #5571, .T. ) ;
#4043 = EDGE_CURVE ( 'NONE', #3358, #2163, #2095, .T. ) ;
#4044 = CARTESIAN_POINT ( 'NONE',  ( -1.846192279681006188, 31.48819975961738393, 36.64216099197707166 ) ) ;
#4045 = CARTESIAN_POINT ( 'NONE',  ( -19.86986492834779483, 5.690868939534638571, 17.32475053482420435 ) ) ;
#4046 = CARTESIAN_POINT ( 'NONE',  ( -56.46708445443707802, 0.4881997596173706655, 26.01039421495252668 ) ) ;
#4047 = CARTESIAN_POINT ( 'NONE',  ( -54.26274125576482277, 31.48819975961737327, 37.47895099870587643 ) ) ;
#4048 = ORIENTED_EDGE ( 'NONE', *, *, #1183, .F. ) ;
#4049 = ADVANCED_FACE ( 'NONE', ( #594 ), #3465, .T. ) ;
#4050 = VERTEX_POINT ( 'NONE', #504 ) ;
#4051 = CARTESIAN_POINT ( 'NONE',  ( -7.824191235623620955, 21.81511842400183454, 3.416912245329550846 ) ) ;
#4052 = CARTESIAN_POINT ( 'NONE',  ( -20.66116993014357561, 4.148996890495330270, 19.03702275294480728 ) ) ;
#4053 = LINE ( 'NONE', #1657, #4871 ) ;
#4054 = CARTESIAN_POINT ( 'NONE',  ( -63.63397950836394301, 5.988211026387239677, 27.47895099870559221 ) ) ;
#4055 = CARTESIAN_POINT ( 'NONE',  ( -20.61868665870169437, 8.076361130563235236, 22.47895099870554603 ) ) ;
#4056 = EDGE_LOOP ( 'NONE', ( #3039, #1401 ) ) ;
#4057 = CARTESIAN_POINT ( 'NONE',  ( -49.82411024604708416, 15.99075545985551727, 27.47895099870557445 ) ) ;
#4058 = DIRECTION ( 'NONE',  ( 1.156482317317871478E-16, 1.000000000000000000, -0.000000000000000000 ) ) ;
#4059 = ADVANCED_FACE ( 'NONE', ( #4988 ), #4183, .T. ) ;
#4060 = CARTESIAN_POINT ( 'NONE',  ( -19.77038797201941733, 5.617246733006035164, 17.18752027141693972 ) ) ;
#4061 = ORIENTED_EDGE ( 'NONE', *, *, #4767, .F. ) ;
#4062 = PLANE ( 'NONE',  #4357 ) ;
#4063 = CARTESIAN_POINT ( 'NONE',  ( -52.91036915137662788, 31.37396863745980369, 8.752691202570662909 ) ) ;
#4064 = CARTESIAN_POINT ( 'NONE',  ( -20.60644339522648139, 8.147750401173437851, 27.24091591059242390 ) ) ;
#4065 = FACE_OUTER_BOUND ( 'NONE', #1168, .T. ) ;
#4066 = DIRECTION ( 'NONE',  ( 0.000000000000000000, 0.000000000000000000, 1.000000000000000000 ) ) ;
#4067 = APPROVAL_PERSON_ORGANIZATION ( #1941, #1489, #526 ) ;
#4068 = ORIENTED_EDGE ( 'NONE', *, *, #4149, .F. ) ;
#4069 = CARTESIAN_POINT ( 'NONE',  ( -46.28360877536984219, 0.4881997596173706655, 7.478950998705546915 ) ) ;
#4070 = CARTESIAN_POINT ( 'NONE',  ( -19.30540428889030480, 3.055843751314641477, 21.46041486522286590 ) ) ;
#4071 = CARTESIAN_POINT ( 'NONE',  ( -57.21550912235015574, 0.4881997596173707765, 26.02535524056145277 ) ) ;
#4072 = CARTESIAN_POINT ( 'NONE',  ( -59.14936203550011840, 6.418058838272885147, 37.09474869344207093 ) ) ;
#4073 = VERTEX_POINT ( 'NONE', #472 ) ;
#4074 = AXIS2_PLACEMENT_3D ( 'NONE', #2725, #415, #5342 ) ;
#4075 = EDGE_LOOP ( 'NONE', ( #1990, #3964, #2689, #4982 ) ) ;
#4076 = CARTESIAN_POINT ( 'NONE',  ( -31.42746716207427227, 10.98865990636457290, 27.47895099870287083 ) ) ;
#4077 = CARTESIAN_POINT ( 'NONE',  ( -19.60853208630664213, 3.740010200340531110, 18.95954417248573165 ) ) ;
#4078 = PLANE ( 'NONE',  #4489 ) ;
#4079 = CARTESIAN_POINT ( 'NONE',  ( -55.81999673152718344, 5.988382525214269947, 27.47895099870711277 ) ) ;
#4080 = ADVANCED_FACE ( 'NONE', ( #2363 ), #917, .T. ) ;
#4081 = DIRECTION ( 'NONE',  ( 6.938893903907222067E-15, 0.000000000000000000, 1.000000000000000000 ) ) ;
#4082 = VERTEX_POINT ( 'NONE', #4536 ) ;
#4083 = CARTESIAN_POINT ( 'NONE',  ( -31.06336298888760439, 21.85983193483239262, 27.47895099870356361 ) ) ;
#4084 = CARTESIAN_POINT ( 'NONE',  ( -10.86708445443706239, 14.30337150129740209, 22.47895099870554603 ) ) ;
#4085 = EDGE_CURVE ( 'NONE', #2103, #5405, #2020, .T. ) ;
#4086 = CARTESIAN_POINT ( 'NONE',  ( -19.90623961787488483, 5.478575047902762840, 17.40916587999196707 ) ) ;
#4087 = ORIENTED_EDGE ( 'NONE', *, *, #1967, .F. ) ;
#4088 = CARTESIAN_POINT ( 'NONE',  ( -53.02825616867277603, 31.36376577623695283, 8.779034316482620781 ) ) ;
#4089 = CARTESIAN_POINT ( 'NONE',  ( -18.73587723562529561, 3.313861130563236390, 20.73867412452839787 ) ) ;
#4090 = ADVANCED_FACE ( 'NONE', ( #567 ), #4909, .T. ) ;
#4091 = CARTESIAN_POINT ( 'NONE',  ( -39.96884687127137425, 25.22620244181102933, 27.47895099870556734 ) ) ;
#4092 = CARTESIAN_POINT ( 'NONE',  ( -19.66650603543470410, 6.241203937374199207, 17.06609578240404801 ) ) ;
#4093 = CARTESIAN_POINT ( 'NONE',  ( -34.31889487463964628, 14.77548979564685006, 44.66039022695080263 ) ) ;
#4094 = CARTESIAN_POINT ( 'NONE',  ( -54.82796302891507167, 21.81511842400183454, 7.478950998705546915 ) ) ;
#4095 = DIRECTION ( 'NONE',  ( 0.000000000000000000, 0.000000000000000000, -1.000000000000000000 ) ) ;
#4096 = CARTESIAN_POINT ( 'NONE',  ( -19.30409525394729897, 3.017089163265667562, 21.66031683632733973 ) ) ;
#4097 = CARTESIAN_POINT ( 'NONE',  ( -56.66944267025480997, 3.432519363509072718, 37.47895099870589775 ) ) ;
#4098 = CARTESIAN_POINT ( 'NONE',  ( -55.11233524992474031, 1.680762333685901444, 37.47895099870587643 ) ) ;
#4099 = CIRCLE ( 'NONE', #1536, 13.99999999999999467 ) ;
#4100 = ORIENTED_EDGE ( 'NONE', *, *, #2927, .F. ) ;
#4101 = ORIENTED_EDGE ( 'NONE', *, *, #2818, .F. ) ;
#4102 = CARTESIAN_POINT ( 'NONE',  ( -19.70491304937730703, 3.386269837145768236, 20.06877779683355101 ) ) ;
#4103 = CARTESIAN_POINT ( 'NONE',  ( -19.38161124089504739, 3.016831002869861944, 21.28254085689445319 ) ) ;
#4104 = CARTESIAN_POINT ( 'NONE',  ( -40.39030945307661824, 4.134223751943923553, 17.47895099870555313 ) ) ;
#4105 = CARTESIAN_POINT ( 'NONE',  ( -57.83299281471858677, 30.26418259009364320, 36.94622410784227640 ) ) ;
#4106 = ORIENTED_EDGE ( 'NONE', *, *, #2379, .T. ) ;
#4107 = CIRCLE ( 'NONE', #3063, 5.000000000000000888 ) ;
#4108 = CARTESIAN_POINT ( 'NONE',  ( -23.05886941645552568, 7.990175306897981500, 17.47895099870235214 ) ) ;
#4109 = ADVANCED_FACE ( 'NONE', ( #4650 ), #1933, .F. ) ;
#4110 = CARTESIAN_POINT ( 'NONE',  ( -4.367084454437073049, 12.38282632903052871, 22.47895099870554603 ) ) ;
#4111 = AXIS2_PLACEMENT_3D ( 'NONE', #5434, #2673, #2141 ) ;
#4112 = CARTESIAN_POINT ( 'NONE',  ( -19.48084294232102565, 11.74811469113078388, 25.51204051938565343 ) ) ;
#4113 = VERTEX_POINT ( 'NONE', #1915 ) ;
#4114 = CARTESIAN_POINT ( 'NONE',  ( -54.58325067250839169, 31.11740912515120527, 9.029130176592127910 ) ) ;
#4115 = DIRECTION ( 'NONE',  ( -1.000000000000000000, 0.000000000000000000, 0.000000000000000000 ) ) ;
#4116 = EDGE_CURVE ( 'NONE', #2137, #4288, #1477, .T. ) ;
#4117 = AXIS2_PLACEMENT_3D ( 'NONE', #377, #2238, #935 ) ;
#4118 = CARTESIAN_POINT ( 'NONE',  ( -16.77056778239396451, 13.06352996580509185, 22.91101141387235529 ) ) ;
#4119 = CARTESIAN_POINT ( 'NONE',  ( -63.30019548541715579, 25.98820347414960708, 17.47895099870500957 ) ) ;
#4120 = CARTESIAN_POINT ( 'NONE',  ( -19.33681032376480857, 7.466929772983560198, 17.08936045653812386 ) ) ;
#4121 = EDGE_CURVE ( 'NONE', #2163, #3051, #5012, .T. ) ;
#4122 = CARTESIAN_POINT ( 'NONE',  ( -19.40855852976699936, 9.644783956436446815, 27.00033473284463170 ) ) ;
#4123 = CARTESIAN_POINT ( 'NONE',  ( -6.495108495379030344, 30.71657414206119441, 7.505377610899881091 ) ) ;
#4124 = AXIS2_PLACEMENT_3D ( 'NONE', #1380, #3134, #912 ) ;
#4125 = AXIS2_PLACEMENT_3D ( 'NONE', #2200, #1766, #3580 ) ;
#4126 = AXIS2_PLACEMENT_3D ( 'NONE', #3681, #4214, #4095 ) ;
#4127 = FACE_OUTER_BOUND ( 'NONE', #3339, .T. ) ;
#4128 = CARTESIAN_POINT ( 'NONE',  ( -19.68530834840298382, 2.780671189027412282, 22.90330665866038373 ) ) ;
#4129 = EDGE_CURVE ( 'NONE', #4141, #1943, #3741, .T. ) ;
#4130 = DIRECTION ( 'NONE',  ( -0.9994099895679895429, -0.03434636446133743776, 9.163320840226292063E-16 ) ) ;
#4131 = CARTESIAN_POINT ( 'NONE',  ( -58.84908331675085691, 6.451478308628384895, 37.47895099870422797 ) ) ;
#4132 = VERTEX_POINT ( 'NONE', #323 ) ;
#4133 = ORIENTED_EDGE ( 'NONE', *, *, #918, .F. ) ;
#4134 = CARTESIAN_POINT ( 'NONE',  ( -6.727084454438626793, 1.259825377173701133, 37.45252438651124294 ) ) ;
#4135 = CARTESIAN_POINT ( 'NONE',  ( -7.824191235623621843, 18.91248979564684873, 44.01039022695080405 ) ) ;
#4136 = LINE ( 'NONE', #4169, #705 ) ;
#4137 = CARTESIAN_POINT ( 'NONE',  ( -47.96302992729223291, 15.98612241393803224, 27.47895099870557445 ) ) ;
#4138 = CARTESIAN_POINT ( 'NONE',  ( -18.73587723562536667, 3.313861130563236390, 24.21922787288222523 ) ) ;
#4139 = CARTESIAN_POINT ( 'NONE',  ( 5.204812902703635835, 22.38282632903049318, 22.47895099870554603 ) ) ;
#4140 = ORIENTED_EDGE ( 'NONE', *, *, #4918, .T. ) ;
#4141 = VERTEX_POINT ( 'NONE', #3586 ) ;
#4142 = CARTESIAN_POINT ( 'NONE',  ( -48.46198612961423180, 15.98635959421454800, 17.47895099870557445 ) ) ;
#4143 = CARTESIAN_POINT ( 'NONE',  ( -51.85994187001082167, 31.30177442351789807, 7.478950998705686359 ) ) ;
#4144 = LINE ( 'NONE', #5065, #138 ) ;
#4145 = EDGE_LOOP ( 'NONE', ( #5439, #5093, #174, #277, #2012 ) ) ;
#4146 = COORDINATED_UNIVERSAL_TIME_OFFSET ( 8, 0, .BEHIND. ) ;
#4147 = CARTESIAN_POINT ( 'NONE',  ( -55.48683098065498598, 30.76242566855509608, 8.968640398409631231 ) ) ;
#4148 = CARTESIAN_POINT ( 'NONE',  ( -19.98777399237813412, 5.249332904555434887, 17.56669691360990981 ) ) ;
#4149 = EDGE_CURVE ( 'NONE', #3342, #2632, #899, .T. ) ;
#4150 = ORIENTED_EDGE ( 'NONE', *, *, #3061, .T. ) ;
#4151 = DIRECTION ( 'NONE',  ( -0.000000000000000000, 0.000000000000000000, -1.000000000000000000 ) ) ;
#4152 = CARTESIAN_POINT ( 'NONE',  ( -8.117084454437074825, 22.31511842400183454, 7.478950998705546915 ) ) ;
#4153 = CARTESIAN_POINT ( 'NONE',  ( -21.16750353617734604, 17.83842933818780807, 27.47895099870235924 ) ) ;
#4154 = CARTESIAN_POINT ( 'NONE',  ( -19.75727581955217715, 5.960605973646185163, 17.17352564235530465 ) ) ;
#4155 = ADVANCED_FACE ( 'NONE', ( #1298 ), #3108, .T. ) ;
#4156 = CARTESIAN_POINT ( 'NONE',  ( -20.25484172222809320, 5.749819682404600840, 17.89932212103687093 ) ) ;
#4157 = CARTESIAN_POINT ( 'NONE',  ( -6.267065043580553052, 30.74090080421116511, 7.510732430465415277 ) ) ;
#4158 = EDGE_CURVE ( 'NONE', #1543, #5215, #4920, .T. ) ;
#4159 = CARTESIAN_POINT ( 'NONE',  ( -19.11403046959427243, 10.94468638573824570, 26.28080797662110157 ) ) ;
#4160 = PLANE ( 'NONE',  #2506 ) ;
#4161 = ADVANCED_FACE ( 'NONE', ( #5784 ), #3524, .T. ) ;
#4162 = CARTESIAN_POINT ( 'NONE',  ( -7.617084454437069496, 0.5881997596173700327, 22.47895099870554603 ) ) ;
#4163 = CARTESIAN_POINT ( 'NONE',  ( -54.26274125576482277, 30.48819975961737327, 37.47895099870586932 ) ) ;
#4164 = VERTEX_POINT ( 'NONE', #1715 ) ;
#4165 = VERTEX_POINT ( 'NONE', #1659 ) ;
#4166 = EDGE_CURVE ( 'NONE', #1934, #5703, #195, .T. ) ;
#4167 = CARTESIAN_POINT ( 'NONE',  ( -34.31889487463964628, 14.77548979564685006, 43.55476522695079211 ) ) ;
#4168 = CARTESIAN_POINT ( 'NONE',  ( -7.617084454437074825, 18.41248979564684873, 43.51039022695080405 ) ) ;
#4169 = CARTESIAN_POINT ( 'NONE',  ( -7.617084454436963803, 15.03862836363353139, 22.47895099870554603 ) ) ;
#4170 = CARTESIAN_POINT ( 'NONE',  ( -32.81956375721082253, 11.64666303543329562, 17.47895099870822833 ) ) ;
#4171 = CONICAL_SURFACE ( 'NONE', #1798, 8.502148855810109040, 1.133756450127758386 ) ;
#4172 = CARTESIAN_POINT ( 'NONE',  ( -57.38252520999237305, 2.923704880087084401, 36.99676733158842268 ) ) ;
#4173 = ORIENTED_EDGE ( 'NONE', *, *, #2559, .F. ) ;
#4174 = CARTESIAN_POINT ( 'NONE',  ( -63.30019548541715579, 25.98820347414960708, 17.47895099870500957 ) ) ;
#4175 = CARTESIAN_POINT ( 'NONE',  ( -53.62425818771746577, 31.30382106711132550, 8.910674575082223825 ) ) ;
#4176 = ORIENTED_EDGE ( 'NONE', *, *, #2669, .T. ) ;
#4177 = PERSON_AND_ORGANIZATION_ROLE ( 'design_supplier' ) ;
#4178 = CARTESIAN_POINT ( 'NONE',  ( -53.87401013793710547, 31.26395690828190510, 8.951605644457519162 ) ) ;
#4179 = ORIENTED_EDGE ( 'NONE', *, *, #243, .F. ) ;
#4180 = FACE_OUTER_BOUND ( 'NONE', #2073, .T. ) ;
#4181 = CARTESIAN_POINT ( 'NONE',  ( 7.384915545562926731, 8.076361130563235236, 22.47895099870554603 ) ) ;
#4182 = CARTESIAN_POINT ( 'NONE',  ( -38.48274331374037160, 14.18471601352560008, 27.47895099870555669 ) ) ;
#4183 = CYLINDRICAL_SURFACE ( 'NONE', #2983, 15.00000000000000178 ) ;
#4184 = CARTESIAN_POINT ( 'NONE',  ( -19.33417205324959198, 7.465542960274734519, 27.87170798668006100 ) ) ;
#4185 = CARTESIAN_POINT ( 'NONE',  ( -59.32347651494244900, 8.158763381671404247, 36.86830461091032873 ) ) ;
#4186 = CARTESIAN_POINT ( 'NONE',  ( -62.90975373810216098, 15.33733361595977485, 27.44731300863301016 ) ) ;
#4187 = CARTESIAN_POINT ( 'NONE',  ( -19.31110910725364604, 6.727589562631743902, 28.35381443490046394 ) ) ;
#4188 = ORIENTED_EDGE ( 'NONE', *, *, #5491, .F. ) ;
#4189 = ORIENTED_EDGE ( 'NONE', *, *, #3528, .F. ) ;
#4190 = DIRECTION ( 'NONE',  ( -1.224646799147353207E-16, 1.416282368173845043E-32, 1.000000000000000000 ) ) ;
#4191 = CARTESIAN_POINT ( 'NONE',  ( -18.04008146320424899, 12.61198740622264935, 21.01531775380447442 ) ) ;
#4192 = FACE_OUTER_BOUND ( 'NONE', #3026, .T. ) ;
#4193 = CIRCLE ( 'NONE', #4761, 10.90470618302277472 ) ;
#4194 = CARTESIAN_POINT ( 'NONE',  ( -19.64718735267232219, 3.311692130863418626, 24.75263861816683786 ) ) ;
#4195 = ORIENTED_EDGE ( 'NONE', *, *, #3899, .T. ) ;
#4196 = AXIS2_PLACEMENT_3D ( 'NONE', #5269, #840, #3095 ) ;
#4197 = CARTESIAN_POINT ( 'NONE',  ( -44.21106457220249553, 15.92682142205727835, 17.47895099870556734 ) ) ;
#4198 = CARTESIAN_POINT ( 'NONE',  ( -7.617084454437065943, 0.4881997596173706655, 7.478950998705546915 ) ) ;
#4199 = CARTESIAN_POINT ( 'NONE',  ( -56.73887692318587739, 3.496318350519643570, 7.963509870207175823 ) ) ;
#4200 = ORIENTED_EDGE ( 'NONE', *, *, #4525, .F. ) ;
#4201 = DATE_AND_TIME ( #1029, #3308 ) ;
#4202 = CARTESIAN_POINT ( 'NONE',  ( -56.61833254541038229, 29.73332820924688136, 8.614433960501774123 ) ) ;
#4203 = AXIS2_PLACEMENT_3D ( 'NONE', #378, #1744, #2154 ) ;
#4204 = VERTEX_POINT ( 'NONE', #3042 ) ;
#4205 = CARTESIAN_POINT ( 'NONE',  ( -3.537084454436963288, 33.48819975961737327, 22.47895099870551761 ) ) ;
#4206 = DIRECTION ( 'NONE',  ( 1.156482317317871478E-16, 1.000000000000000000, -0.000000000000000000 ) ) ;
#4207 = CIRCLE ( 'NONE', #1911, 3.249999999999994227 ) ;
#4208 = CARTESIAN_POINT ( 'NONE',  ( -48.67223895549338408, 25.98738914193362248, 27.47895099870557800 ) ) ;
#4209 = CARTESIAN_POINT ( 'NONE',  ( -19.63045132184723585, 5.834406474873372161, 16.87712368230427984 ) ) ;
#4210 = CARTESIAN_POINT ( 'NONE',  ( -19.90118567667618521, 5.474427079564265775, 17.40213399050366760 ) ) ;
#4211 = DIRECTION ( 'NONE',  ( 1.156482317317871478E-16, 1.000000000000000000, -0.000000000000000000 ) ) ;
#4212 = AXIS2_PLACEMENT_3D ( 'NONE', #5769, #5320, #1245 ) ;
#4213 = AXIS2_PLACEMENT_3D ( 'NONE', #5428, #1386, #3196 ) ;
#4214 = DIRECTION ( 'NONE',  ( 0.000000000000000000, -1.000000000000000000, 0.000000000000000000 ) ) ;
#4215 = CARTESIAN_POINT ( 'NONE',  ( -20.97467966210297874, 12.81770810578161957, 22.72635922929479690 ) ) ;
#4216 = CARTESIAN_POINT ( 'NONE',  ( -20.61868665870169437, 11.95308683513633063, 25.24524889689045537 ) ) ;
#4217 = CIRCLE ( 'NONE', #1664, 3.249999999999994227 ) ;
#4218 = CYLINDRICAL_SURFACE ( 'NONE', #3544, 2.580169464872507756 ) ;
#4219 = VERTEX_POINT ( 'NONE', #3077 ) ;
#4220 = EDGE_CURVE ( 'NONE', #1438, #1079, #4030, .T. ) ;
#4221 = ORIENTED_EDGE ( 'NONE', *, *, #4520, .T. ) ;
#4222 = AXIS2_PLACEMENT_3D ( 'NONE', #2864, #290, #4674 ) ;
#4223 = DIRECTION ( 'NONE',  ( 1.051347561198064835E-16, -1.000000000000000000, -7.341520781122565208E-31 ) ) ;
#4224 = CARTESIAN_POINT ( 'NONE',  ( -19.86986492834886775, 5.690868939535421056, 27.63315146258541333 ) ) ;
#4225 = CARTESIAN_POINT ( 'NONE',  ( -16.91762412578405161, 12.89912018025271578, 20.83542794389153840 ) ) ;
#4226 = CARTESIAN_POINT ( 'NONE',  ( -42.46851764346288860, 15.52756097932459234, 27.47895099870556379 ) ) ;
#4227 = CARTESIAN_POINT ( 'NONE',  ( -19.46020039785624078, 3.508281520832806866, 25.10691555009439924 ) ) ;
#4228 = ORIENTED_EDGE ( 'NONE', *, *, #2205, .T. ) ;
#4229 = EDGE_LOOP ( 'NONE', ( #5677, #2432, #4551 ) ) ;
#4230 = CARTESIAN_POINT ( 'NONE',  ( -47.96302992729223291, 15.98612241393803224, 17.47895099870557445 ) ) ;
#4231 = CARTESIAN_POINT ( 'NONE',  ( -51.55576330229096271, 31.34389382391515610, 7.478950998705547804 ) ) ;
#4232 = VERTEX_POINT ( 'NONE', #4828 ) ;
#4233 = CARTESIAN_POINT ( 'NONE',  ( -19.77080630108935466, 6.295854130709668262, 17.16254739036176957 ) ) ;
#4234 = B_SPLINE_CURVE_WITH_KNOTS ( 'NONE', 3,
 ( #305, #5144, #3805, #3835 ),
 .UNSPECIFIED., .F., .F.,
 ( 4, 4 ),
 ( 0.000000000000000000, 0.0002319833339621205494 ),
 .UNSPECIFIED. ) ;
#4235 = ORIENTED_EDGE ( 'NONE', *, *, #3061, .F. ) ;
#4236 = EDGE_CURVE ( 'NONE', #2442, #5277, #2304, .T. ) ;
#4237 = CARTESIAN_POINT ( 'NONE',  ( -7.617084454437067720, 14.30337150129740209, 22.47895099870554603 ) ) ;
#4238 = CARTESIAN_POINT ( 'NONE',  ( -19.33417205324881394, 7.465542960274325068, 17.08619401073009669 ) ) ;
#4239 = CARTESIAN_POINT ( 'NONE',  ( -47.13375830143258582, 25.99454548223678785, 17.47895099870643776 ) ) ;
#4240 = CARTESIAN_POINT ( 'NONE',  ( -58.36145770439033953, 7.370138370068907818, 37.47895099870589775 ) ) ;
#4241 = CARTESIAN_POINT ( 'NONE',  ( -57.64535690733737283, 21.81511842400183454, 8.639533499670109862 ) ) ;
#4242 = CARTESIAN_POINT ( 'NONE',  ( -19.24957089205646099, 3.453713779780962501, 25.38052435408850016 ) ) ;
#4243 = CARTESIAN_POINT ( 'NONE',  ( -60.03027484833010874, 10.01370421080933859, 35.86442236329622091 ) ) ;
#4244 = CARTESIAN_POINT ( 'NONE',  ( -62.53103791657342470, 16.27375565120703982, 17.47895099870623525 ) ) ;
#4245 = CARTESIAN_POINT ( 'NONE',  ( -20.20285885873124343, 7.769247930703810923, 17.47895099870534708 ) ) ;
#4246 = CARTESIAN_POINT ( 'NONE',  ( -57.92737942099301307, 29.79427371673959613, 37.47895099871035285 ) ) ;
#4247 = ORIENTED_EDGE ( 'NONE', *, *, #3107, .F. ) ;
#4248 = ORIENTED_EDGE ( 'NONE', *, *, #5211, .F. ) ;
#4249 = DIRECTION ( 'NONE',  ( 0.000000000000000000, 0.000000000000000000, -1.000000000000000000 ) ) ;
#4250 = CARTESIAN_POINT ( 'NONE',  ( -19.77053587340650509, 6.297009863688933784, 27.79557608365593779 ) ) ;
#4251 = CARTESIAN_POINT ( 'NONE',  ( -18.19131550428982180, 12.48789481628699782, 20.67548252718843926 ) ) ;
#4252 = CARTESIAN_POINT ( 'NONE',  ( -61.67589285247478159, 15.98819463795308948, 17.47895099870728686 ) ) ;
#4253 = EDGE_CURVE ( 'NONE', #2218, #4082, #4144, .T. ) ;
#4254 = CARTESIAN_POINT ( 'NONE',  ( -18.79072760901196304, 3.313861130563204860, 24.45606355640643415 ) ) ;
#4255 = VERTEX_POINT ( 'NONE', #1353 ) ;
#4256 = ORIENTED_EDGE ( 'NONE', *, *, #4700, .F. ) ;
#4257 = CARTESIAN_POINT ( 'NONE',  ( -24.95023529670823592, -1.858078724404587545, 27.47895099870235924 ) ) ;
#4258 = CARTESIAN_POINT ( 'NONE',  ( -7.617084454437069496, 0.7381997596173708320, 21.22895099870555313 ) ) ;
#4259 = EDGE_CURVE ( 'NONE', #1647, #5497, #1404, .T. ) ;
#4260 = DIRECTION ( 'NONE',  ( 1.000000000000000000, 0.000000000000000000, 0.000000000000000000 ) ) ;
#4261 = DIRECTION ( 'NONE',  ( -1.000000000000000000, -1.051347561198064835E-16, 6.982962677686266711E-15 ) ) ;
#4262 = LINE ( 'NONE', #5575, #3942 ) ;
#4263 = ORIENTED_EDGE ( 'NONE', *, *, #2205, .F. ) ;
#4264 = B_SPLINE_CURVE_WITH_KNOTS ( 'NONE', 3,
 ( #5003, #489, #44, #1849, #2286, #75, #4550, #3692, #932, #5502, #3242, #5060, #2350, #4172, #1347, #2258, #2716, #1904, #5532, #4526, #463, #2858, #3867, #4699 ),
 .UNSPECIFIED., .F., .F.,
 ( 4, 2, 2, 2, 2, 2, 2, 2, 2, 2, 2, 4 ),
 ( 0.000000000000000000, 0.003177513914792848976, 0.003971892393491055148, 0.004766270872189262188, 0.006355027829585675400, 0.007149406308283883307, 0.007943784786982089480, 0.008738163265680297387, 0.009532541744378503559, 0.01032692022307670973, 0.01112129870177491590, 0.01271005565917132304 ),
 .UNSPECIFIED. ) ;
#4265 = CIRCLE ( 'NONE', #2653, 1.249999999999994227 ) ;
#4266 = CARTESIAN_POINT ( 'NONE',  ( -59.50518064742019675, 8.765949583451106975, 36.62613697317125627 ) ) ;
#4267 = ADVANCED_FACE ( 'NONE', ( #913 ), #4772, .F. ) ;
#4268 = DIRECTION ( 'NONE',  ( 0.000000000000000000, -0.000000000000000000, -1.000000000000000000 ) ) ;
#4269 = CARTESIAN_POINT ( 'NONE',  ( -28.56369859347439544, 20.69592211609966270, 17.47895099870822833 ) ) ;
#4270 = CARTESIAN_POINT ( 'NONE',  ( -57.32289288623550050, 9.567880169165359661, 37.47895099870590485 ) ) ;
#4271 = CARTESIAN_POINT ( 'NONE',  ( -44.96708445443707802, 0.000000000000000000, 26.01039022695080405 ) ) ;
#4272 = CARTESIAN_POINT ( 'NONE',  ( -1.415973459550576408, 0.4881997596173706655, 36.47895099870549984 ) ) ;
#4273 = ADVANCED_FACE ( 'NONE', ( #1825 ), #5451, .T. ) ;
#4274 = B_SPLINE_CURVE_WITH_KNOTS ( 'NONE', 3,
 ( #1623, #1119, #1970, #3315, #3816, #2421 ),
 .UNSPECIFIED., .F., .F.,
 ( 4, 2, 4 ),
 ( 0.000000000000000000, 0.5000000000000000000, 1.000000000000000000 ),
 .UNSPECIFIED. ) ;
#4275 = CARTESIAN_POINT ( 'NONE',  ( -59.81324546759067573, 9.502173838086553914, 36.18838389190136695 ) ) ;
#4276 = CARTESIAN_POINT ( 'NONE',  ( -7.617084454437069496, 1.337944250313412908, 22.47895099870554603 ) ) ;
#4277 = LINE ( 'NONE', #5255, #4323 ) ;
#4278 = CARTESIAN_POINT ( 'NONE',  ( -19.87961825199217714, 5.618082321618083519, 27.60893233422529747 ) ) ;
#4279 = CARTESIAN_POINT ( 'NONE',  ( -7.617084454437071273, 15.06819975961737690, 22.47895099870554603 ) ) ;
#4280 = CARTESIAN_POINT ( 'NONE',  ( -58.38126308157364974, 29.67842986218050783, 37.00951403574610765 ) ) ;
#4281 = ORIENTED_EDGE ( 'NONE', *, *, #2338, .T. ) ;
#4282 = VERTEX_POINT ( 'NONE', #1381 ) ;
#4283 = CARTESIAN_POINT ( 'NONE',  ( -19.24957089205602756, 3.453713779778934789, 19.57737764334207498 ) ) ;
#4284 = CARTESIAN_POINT ( 'NONE',  ( -19.77104388977479132, 6.295042872495391961, 27.79524494492386566 ) ) ;
#4285 = CARTESIAN_POINT ( 'NONE',  ( -16.78181074986838439, 13.05268028636043454, 22.96795315101756429 ) ) ;
#4286 = CARTESIAN_POINT ( 'NONE',  ( -7.617084454437067720, 0.4881997596173706655, 22.47895099870554603 ) ) ;
#4287 = CARTESIAN_POINT ( 'NONE',  ( -19.24957089206376892, 3.453713779782851656, 25.38052435407900376 ) ) ;
#4288 = VERTEX_POINT ( 'NONE', #3217 ) ;
#4289 = EDGE_LOOP ( 'NONE', ( #3574, #3748, #291, #552, #4048 ) ) ;
#4290 = CARTESIAN_POINT ( 'NONE',  ( -63.96742553327887038, 5.988222325054442408, 27.47895099870559221 ) ) ;
#4291 = CARTESIAN_POINT ( 'NONE',  ( -52.58794938974853039, 29.89245152424154028, 7.478950998705546027 ) ) ;
#4292 = CARTESIAN_POINT ( 'NONE',  ( -17.82223117551384917, 9.997153374944268478, 17.11766876779464397 ) ) ;
#4293 = EDGE_LOOP ( 'NONE', ( #5263, #4936, #2852, #5507 ) ) ;
#4294 = CARTESIAN_POINT ( 'NONE',  ( -57.82121955372110733, 8.765949583451106975, 37.47895099870589775 ) ) ;
#4295 = CARTESIAN_POINT ( 'NONE',  ( -19.33369678368434919, 7.466458010011301383, 27.87167360801690918 ) ) ;
#4296 = CARTESIAN_POINT ( 'NONE',  ( -28.32375022342101190, 9.632389165266006970, 17.47895099870874702 ) ) ;
#4297 = CARTESIAN_POINT ( 'NONE',  ( -57.72510157425761435, 8.900131931442695432, 37.47895099870590485 ) ) ;
#4298 = FACE_OUTER_BOUND ( 'NONE', #3418, .T. ) ;
#4299 = CARTESIAN_POINT ( 'NONE',  ( -7.617084454437069496, 0.6171992533958691185, 22.47895099870554603 ) ) ;
#4300 = ADVANCED_FACE ( 'NONE', ( #2239 ), #3850, .T. ) ;
#4301 =( BOUNDED_CURVE ( )  B_SPLINE_CURVE ( 3, ( #66, #5463, #4540, #4565 ),
 .UNSPECIFIED., .F., .T. ) 
 B_SPLINE_CURVE_WITH_KNOTS ( ( 4, 4 ),
 ( 0.6904305597397066840, 1.138402993237022098 ),
 .UNSPECIFIED. ) 
 CURVE ( )  GEOMETRIC_REPRESENTATION_ITEM ( )  RATIONAL_B_SPLINE_CURVE ( ( 1.000000000000000000, 0.9833465250653063983, 0.9833465250653063983, 1.000000000000000000 ) ) 
 REPRESENTATION_ITEM ( '' )  );
#4302 = CIRCLE ( 'NONE', #230, 13.25415996464414725 ) ;
#4303 = CARTESIAN_POINT ( 'NONE',  ( -7.617084454436970020, 33.48819975961737327, 22.47895099870554603 ) ) ;
#4304 = FACE_OUTER_BOUND ( 'NONE', #332, .T. ) ;
#4305 = CARTESIAN_POINT ( 'NONE',  ( -36.30273867581950498, 13.26307810244466090, 27.47895099870555669 ) ) ;
#4306 = CARTESIAN_POINT ( 'NONE',  ( -19.81710443678825229, 5.083033310950267669, 27.66265699525903088 ) ) ;
#4307 = AXIS2_PLACEMENT_3D ( 'NONE', #3712, #3682, #4602 ) ;
#4308 = CARTESIAN_POINT ( 'NONE',  ( -18.34188028766692469, 8.646702010021526164, 16.68817761382365461 ) ) ;
#4309 = CARTESIAN_POINT ( 'NONE',  ( -57.64862497228259741, 30.06674566927208758, 37.47895099870478930 ) ) ;
#4310 = VECTOR ( 'NONE', #604, 1000.000000000000000 ) ;
#4311 = VERTEX_POINT ( 'NONE', #5008 ) ;
#4312 = VERTEX_POINT ( 'NONE', #2804 ) ;
#4313 = EDGE_CURVE ( 'NONE', #4132, #663, #4302, .T. ) ;
#4314 = CARTESIAN_POINT ( 'NONE',  ( -7.617084454437075713, 12.27459175175745365, 43.80328344576425792 ) ) ;
#4315 = CIRCLE ( 'NONE', #5448, 1.457809102190899875 ) ;
#4316 = CARTESIAN_POINT ( 'NONE',  ( -10.75996520382475552, 0.6171992533958645666, 16.19318949993017398 ) ) ;
#4317 = CARTESIAN_POINT ( 'NONE',  ( -16.82184178533973551, 13.01094386499581290, 23.44163424002938712 ) ) ;
#4318 = AXIS2_PLACEMENT_3D ( 'NONE', #3229, #477, #976 ) ;
#4319 = DIRECTION ( 'NONE',  ( -1.051347561198064835E-16, 1.000000000000000000, 7.341520781122565208E-31 ) ) ;
#4320 = CARTESIAN_POINT ( 'NONE',  ( -19.73766708623657706, 5.313861130563235058, 17.11572127827627909 ) ) ;
#4321 = EDGE_LOOP ( 'NONE', ( #4735, #4944 ) ) ;
#4322 = VERTEX_POINT ( 'NONE', #523 ) ;
#4323 = VECTOR ( 'NONE', #4809, 1000.000000000000000 ) ;
#4324 = CARTESIAN_POINT ( 'NONE',  ( -61.96609496189014976, 5.988188602680180495, 27.47895099870733659 ) ) ;
#4325 = DIRECTION ( 'NONE',  ( -1.000000000000000000, 0.000000000000000000, 0.000000000000000000 ) ) ;
#4326 = CARTESIAN_POINT ( 'NONE',  ( -56.42012586684882791, 3.196747372165681611, 7.809456198172038732 ) ) ;
#4327 = AXIS2_PLACEMENT_3D ( 'NONE', #2355, #1469, #1995 ) ;
#4328 = CARTESIAN_POINT ( 'NONE',  ( -7.617084454437067720, 13.36345680993839302, 22.47895099870554603 ) ) ;
#4329 = VERTEX_POINT ( 'NONE', #4980 ) ;
#4330 = CARTESIAN_POINT ( 'NONE',  ( -20.51271011664297106, 7.217099978645734382, 27.45661363304148495 ) ) ;
#4331 = CARTESIAN_POINT ( 'NONE',  ( -62.92661754233561311, 17.60043125966913635, 27.22324865573946795 ) ) ;
#4332 = EDGE_CURVE ( 'NONE', #1453, #3033, #3093, .T. ) ;
#4333 = DIRECTION ( 'NONE',  ( 0.000000000000000000, 0.000000000000000000, 1.000000000000000000 ) ) ;
#4334 = DIRECTION ( 'NONE',  ( -1.000000000000000000, 1.034912482151988770E-16, 0.000000000000000000 ) ) ;
#4335 = EDGE_CURVE ( 'NONE', #5687, #2218, #1880, .T. ) ;
#4336 = CARTESIAN_POINT ( 'NONE',  ( -60.50948632404720939, 11.41880699297056978, 35.08969500743884851 ) ) ;
#4337 = CARTESIAN_POINT ( 'NONE',  ( -62.77180435947331461, 19.34949907046068418, 18.76654843477631118 ) ) ;
#4339 = ADVANCED_FACE ( 'NONE', ( #5422 ), #3635, .F. ) ;
#4338 = CARTESIAN_POINT ( 'NONE',  ( -60.94667615546254069, 15.98821171529139740, 27.47895099870728330 ) ) ;
#4340 = CARTESIAN_POINT ( 'NONE',  ( -20.17907791940114492, 7.807123291425052791, 27.47895099870543589 ) ) ;
#4341 = CARTESIAN_POINT ( 'NONE',  ( -17.62232447697127569, 10.66562176448204013, 17.43456664704996939 ) ) ;
#4342 = DIRECTION ( 'NONE',  ( 0.000000000000000000, 0.000000000000000000, 1.000000000000000000 ) ) ;
#4343 = ORIENTED_EDGE ( 'NONE', *, *, #3183, .F. ) ;
#4344 = ORIENTED_EDGE ( 'NONE', *, *, #2278, .T. ) ;
#4345 = CARTESIAN_POINT ( 'NONE',  ( -19.45504526915412313, 3.098724402319123161, 20.85618201493483781 ) ) ;
#4346 = EDGE_CURVE ( 'NONE', #1589, #4073, #3285, .T. ) ;
#4347 = CARTESIAN_POINT ( 'NONE',  ( -56.47570211126801354, 10.26383931441252706, 7.478950998705546915 ) ) ;
#4348 = CARTESIAN_POINT ( 'NONE',  ( -10.85566802175918788, 0.5881997596173703657, 22.47895099870554603 ) ) ;
#4349 = PLANE ( 'NONE',  #4880 ) ;
#4350 = CARTESIAN_POINT ( 'NONE',  ( -50.67783456794501262, 0.5513560189537364264, 37.47895099870583380 ) ) ;
#4351 = VERTEX_POINT ( 'NONE', #1027 ) ;
#4352 = EDGE_CURVE ( 'NONE', #4329, #730, #4964, .T. ) ;
#4353 = ORIENTED_EDGE ( 'NONE', *, *, #4829, .F. ) ;
#4354 = CARTESIAN_POINT ( 'NONE',  ( -19.34431725408296288, 7.775492295786410324, 17.47895099870553537 ) ) ;
#4355 = CARTESIAN_POINT ( 'NONE',  ( -53.92664382692687042, 29.05843838444795324, 7.478950998705546915 ) ) ;
#4356 = CARTESIAN_POINT ( 'NONE',  ( -34.31889487463964628, 14.77548979564685006, 44.11039022695080547 ) ) ;
#4357 = AXIS2_PLACEMENT_3D ( 'NONE', #1268, #3110, #3078 ) ;
#4358 = CARTESIAN_POINT ( 'NONE',  ( -19.59319204760194211, 6.892325756301517004, 17.08472739440115973 ) ) ;
#4359 = EDGE_LOOP ( 'NONE', ( #5746, #4916, #1348, #4619, #3936, #5024 ) ) ;
#4360 = CARTESIAN_POINT ( 'NONE',  ( -58.36145772712401936, 6.988199759617370610, 37.47895099870589775 ) ) ;
#4361 = FACE_OUTER_BOUND ( 'NONE', #126, .T. ) ;
#4362 = CARTESIAN_POINT ( 'NONE',  ( -62.76661008698063426, 6.641275952887256473, 18.73687047971542441 ) ) ;
#4363 = CARTESIAN_POINT ( 'NONE',  ( -57.34534340311618905, 9.531829160120075528, 37.47895099870590485 ) ) ;
#4364 = LINE ( 'NONE', #3350, #24 ) ;
#4365 = CIRCLE ( 'NONE', #2743, 4.000000000000000000 ) ;
#4366 = CARTESIAN_POINT ( 'NONE',  ( -59.80252539886490126, 9.476667939649136230, 36.20401057282548152 ) ) ;
#4367 = LINE ( 'NONE', #5254, #5355 ) ;
#4368 = CARTESIAN_POINT ( 'NONE',  ( -16.77056778239053259, 13.06352996580473302, 22.47895099870592972 ) ) ;
#4369 = CARTESIAN_POINT ( 'NONE',  ( -44.96708445443707802, 27.92363538815188662, 21.41691224532954863 ) ) ;
#4370 = CARTESIAN_POINT ( 'NONE',  ( -6.727084454437060046, -32.99372820159864261, 22.47895099870556734 ) ) ;
#4371 = CARTESIAN_POINT ( 'NONE',  ( -60.58060523815428411, 12.06748497057090397, 34.96683867130812473 ) ) ;
#4372 = VERTEX_POINT ( 'NONE', #2510 ) ;
#4373 = ORIENTED_EDGE ( 'NONE', *, *, #3761, .F. ) ;
#4374 = EDGE_CURVE ( 'NONE', #730, #2957, #3064, .T. ) ;
#4375 = DIRECTION ( 'NONE',  ( 1.000000000000000000, 0.000000000000000000, -9.251858538543038486E-15 ) ) ;
#4376 = CARTESIAN_POINT ( 'NONE',  ( -62.52063503450307280, 4.531596378009634662, 19.15217587598507976 ) ) ;
#4377 = CARTESIAN_POINT ( 'NONE',  ( -44.96708445443707802, 18.91248979564684873, 44.01039022695080405 ) ) ;
#4378 = CARTESIAN_POINT ( 'NONE',  ( -7.617084454437069496, 10.48108631064669538, 22.47895099870554603 ) ) ;
#4379 = CARTESIAN_POINT ( 'NONE',  ( -19.33369678368434919, 7.466458010011301383, 27.87167360801690918 ) ) ;
#4380 = ORIENTED_EDGE ( 'NONE', *, *, #5763, .F. ) ;
#4381 = EDGE_CURVE ( 'NONE', #722, #125, #419, .T. ) ;
#4382 = VERTEX_POINT ( 'NONE', #2418 ) ;
#4383 = CARTESIAN_POINT ( 'NONE',  ( -44.96818841565441005, 5.828919516838154458, 27.47895099870556734 ) ) ;
#4384 = CARTESIAN_POINT ( 'NONE',  ( -52.32979461671609300, 30.01593270936890079, 7.478950998705547804 ) ) ;
#4385 = CARTESIAN_POINT ( 'NONE',  ( -19.79399737260384384, 5.469708814190616053, 27.71588930738604972 ) ) ;
#4386 = CARTESIAN_POINT ( 'NONE',  ( -18.41892564521301878, 3.313861130563235946, 22.77210132819647015 ) ) ;
#4387 = ORIENTED_EDGE ( 'NONE', *, *, #4425, .T. ) ;
#4388 = CARTESIAN_POINT ( 'NONE',  ( -56.24284861950795289, 12.04367582114456781, 37.47895099870587643 ) ) ;
#4389 = CARTESIAN_POINT ( 'NONE',  ( -62.94199308877607280, 18.20506776965311602, 26.96364701203633985 ) ) ;
#4390 = CARTESIAN_POINT ( 'NONE',  ( -19.67844883537663492, 11.67523682373287919, 25.59821630849616980 ) ) ;
#4391 = CARTESIAN_POINT ( 'NONE',  ( 0.000000000000000000, 0.000000000000000000, 0.000000000000000000 ) ) ;
#4392 = CARTESIAN_POINT ( 'NONE',  ( -4.367084454437072161, 12.38282632903052871, 22.47895099870554603 ) ) ;
#4393 = CIRCLE ( 'NONE', #891, 4.000000000000003553 ) ;
#4394 = CARTESIAN_POINT ( 'NONE',  ( -7.617084454437074825, 27.92363538815188662, 7.478950998705546915 ) ) ;
#4395 = CARTESIAN_POINT ( 'NONE',  ( -61.57393668223798500, 4.923569854923353972, 14.46334624572718930 ) ) ;
#4396 = DIRECTION ( 'NONE',  ( 0.000000000000000000, -1.000000000000000000, 0.000000000000000000 ) ) ;
#4397 = CARTESIAN_POINT ( 'NONE',  ( -20.89054036396614933, 5.976125388748326550, 27.13717338040447657 ) ) ;
#4398 = CARTESIAN_POINT ( 'NONE',  ( -7.617084454437074825, 27.42363538815189017, 7.478950998705546915 ) ) ;
#4399 = EDGE_LOOP ( 'NONE', ( #5027, #3204, #223, #805 ) ) ;
#4400 = AXIS2_PLACEMENT_3D ( 'NONE', #1593, #674, #2481 ) ;
#4401 = ORIENTED_EDGE ( 'NONE', *, *, #2930, .F. ) ;
#4402 = CARTESIAN_POINT ( 'NONE',  ( -62.64415074930164451, 13.71145036893399016, 18.02116000893052217 ) ) ;
#4403 = DIRECTION ( 'NONE',  ( -0.000000000000000000, 0.000000000000000000, -1.000000000000000000 ) ) ;
#4404 = CARTESIAN_POINT ( 'NONE',  ( -19.69873798550181476, 3.195185755759879509, 20.41111136368224876 ) ) ;
#4405 = DIRECTION ( 'NONE',  ( -0.000000000000000000, 0.000000000000000000, 1.000000000000000000 ) ) ;
#4406 = FACE_OUTER_BOUND ( 'NONE', #3725, .T. ) ;
#4407 = ORIENTED_EDGE ( 'NONE', *, *, #4116, .T. ) ;
#4408 = ORIENTED_EDGE ( 'NONE', *, *, #3423, .T. ) ;
#4409 = AXIS2_PLACEMENT_3D ( 'NONE', #1685, #5695, #2545 ) ;
#4410 = B_SPLINE_CURVE_WITH_KNOTS ( 'NONE', 3,
 ( #5308, #1598, #3496, #4420, #353, #2153, #3974, #1264, #3074, #4891 ),
 .UNSPECIFIED., .F., .F.,
 ( 4, 2, 2, 2, 4 ),
 ( 0.000000000000000000, 0.001135220486663131171, 0.002270440973326262341, 0.003405661459989393729, 0.004540881946652524682 ),
 .UNSPECIFIED. ) ;
#4411 = CARTESIAN_POINT ( 'NONE',  ( -50.68751545482483323, 15.98896313916680434, 27.47895099870407520 ) ) ;
#4412 = CARTESIAN_POINT ( 'NONE',  ( -62.93359991107207208, 6.308635704724515847, 18.88620146235740904 ) ) ;
#4413 = CARTESIAN_POINT ( 'NONE',  ( -48.46198612961423180, 15.98635959421454800, 17.47895099870557445 ) ) ;
#4414 = FACE_OUTER_BOUND ( 'NONE', #3594, .T. ) ;
#4415 = CARTESIAN_POINT ( 'NONE',  ( -10.19725391930957414, 18.07215344027290271, 22.47895099870554603 ) ) ;
#4416 = VECTOR ( 'NONE', #1248, 1000.000000000000000 ) ;
#4417 = ORIENTED_EDGE ( 'NONE', *, *, #2640, .F. ) ;
#4418 = CARTESIAN_POINT ( 'NONE',  ( -56.26421086085065326, 11.76590241117055058, 37.47895099870588353 ) ) ;
#4419 = TOROIDAL_SURFACE ( 'NONE', #3176, 13.99999999999999822, 4.000000000000000000 ) ;
#4420 = CARTESIAN_POINT ( 'NONE',  ( -18.35724252702627979, 8.643413272294933947, 28.24421155905542236 ) ) ;
#4421 = AXIS2_PLACEMENT_3D ( 'NONE', #2958, #4766, #2515 ) ;
#4422 = CARTESIAN_POINT ( 'NONE',  ( -19.02470562615004468, 11.24230390401047330, 26.04163955101343930 ) ) ;
#4423 = DIRECTION ( 'NONE',  ( 0.000000000000000000, 0.000000000000000000, 1.000000000000000000 ) ) ;
#4424 = CARTESIAN_POINT ( 'NONE',  ( 1.268835257438346131, 13.18999869135708281, 22.47895099870554603 ) ) ;
#4425 = EDGE_CURVE ( 'NONE', #216, #2957, #4020, .T. ) ;
#4426 = CARTESIAN_POINT ( 'NONE',  ( -8.117084454437074825, 27.48819975961737683, 3.416912245329549513 ) ) ;
#4427 = CARTESIAN_POINT ( 'NONE',  ( -60.57488773995070375, 4.566327789679908378, 12.44243477619075477 ) ) ;
#4428 = CYLINDRICAL_SURFACE ( 'NONE', #763, 0.5000000000000004441 ) ;
#4429 = CARTESIAN_POINT ( 'NONE',  ( -19.70007395961325258, 5.541365358992298873, 17.03155520014473723 ) ) ;
#4430 = CARTESIAN_POINT ( 'NONE',  ( -55.10017238490966207, 27.92363538815188662, 7.478950998705546915 ) ) ;
#4431 = ORIENTED_EDGE ( 'NONE', *, *, #4520, .F. ) ;
#4432 = CARTESIAN_POINT ( 'NONE',  ( -62.60571901433133490, 14.14058958262989130, 17.82687367916469157 ) ) ;
#4433 = CARTESIAN_POINT ( 'NONE',  ( -56.24350771458966136, 18.91248979564684873, 37.47895099870588353 ) ) ;
#4434 = CARTESIAN_POINT ( 'NONE',  ( -10.86708445443706239, 12.38282632903052871, 22.47895099870554603 ) ) ;
#4435 = DIRECTION ( 'NONE',  ( 0.000000000000000000, 1.000000000000000000, -0.000000000000000000 ) ) ;
#4436 = EDGE_LOOP ( 'NONE', ( #5099, #5477, #4673, #5806 ) ) ;
#4437 = ORIENTED_EDGE ( 'NONE', *, *, #629, .T. ) ;
#4438 = CARTESIAN_POINT ( 'NONE',  ( -28.32375022344018234, 9.632389165278786081, 27.47895099870875057 ) ) ;
#4439 = CARTESIAN_POINT ( 'NONE',  ( -19.08884919508644984, 7.957011572961402379, 27.83644150523939231 ) ) ;
#4440 = EDGE_CURVE ( 'NONE', #5156, #4382, #2856, .T. ) ;
#4441 = CARTESIAN_POINT ( 'NONE',  ( -31.06336298886369462, 21.85983193482043774, 17.47895099870356006 ) ) ;
#4442 = CARTESIAN_POINT ( 'NONE',  ( -18.61382710058092371, 3.313861130563235946, 21.00891748582212770 ) ) ;
#4443 = EDGE_LOOP ( 'NONE', ( #134, #4611, #4996, #1815 ) ) ;
#4444 = CARTESIAN_POINT ( 'NONE',  ( -47.96302992729223291, 15.98612241393803224, 27.47895099870557445 ) ) ;
#4445 = EDGE_CURVE ( 'NONE', #3143, #1498, #3158, .T. ) ;
#4446 = CARTESIAN_POINT ( 'NONE',  ( -19.36303172770497127, 8.320045763982182763, 17.47613847867017967 ) ) ;
#4447 = DIRECTION ( 'NONE',  ( 1.156482317317871478E-16, 1.000000000000000000, -0.000000000000000000 ) ) ;
#4448 = DIRECTION ( 'NONE',  ( 1.000000000000000000, 0.000000000000000000, 0.000000000000000000 ) ) ;
#4449 = EDGE_CURVE ( 'NONE', #1001, #1516, #4490, .T. ) ;
#4450 = CARTESIAN_POINT ( 'NONE',  ( -18.65595718165035066, 7.972089127136253062, 28.38362174330017496 ) ) ;
#4451 = CARTESIAN_POINT ( 'NONE',  ( -61.92168534963661841, 2.975615757023268859, 15.33420720269165471 ) ) ;
#4452 = CARTESIAN_POINT ( 'NONE',  ( -60.16792170574588994, 4.488199759617371498, 11.74921509732167557 ) ) ;
#4453 = CARTESIAN_POINT ( 'NONE',  ( -21.56661477724551901, 5.313861130563234170, 16.30643125390116310 ) ) ;
#4454 = EDGE_LOOP ( 'NONE', ( #2483, #1957, #2351, #2046, #1606 ) ) ;
#4455 = CARTESIAN_POINT ( 'NONE',  ( -10.75996520382475552, 0.6171992533958695626, 22.47895099870554603 ) ) ;
#4456 = PLANE ( 'NONE',  #1669 ) ;
#4457 = DIRECTION ( 'NONE',  ( 0.000000000000000000, -1.000000000000000000, 0.000000000000000000 ) ) ;
#4458 = FACE_OUTER_BOUND ( 'NONE', #2206, .T. ) ;
#4459 = ORIENTED_EDGE ( 'NONE', *, *, #5393, .F. ) ;
#4460 = ORIENTED_EDGE ( 'NONE', *, *, #3863, .F. ) ;
#4461 = CARTESIAN_POINT ( 'NONE',  ( -49.82411024604708416, 15.99075545985551727, 27.47895099870557445 ) ) ;
#4462 = CARTESIAN_POINT ( 'NONE',  ( -19.49218590497973835, 8.928235583620551807, 27.34796148747222233 ) ) ;
#4463 = CARTESIAN_POINT ( 'NONE',  ( -4.367808356046202434, 0.9683203726987333892, 22.47895099870554958 ) ) ;
#4464 = CARTESIAN_POINT ( 'NONE',  ( -44.96818841565441005, 5.828919516838154458, 27.47895099870556734 ) ) ;
#4465 = CARTESIAN_POINT ( 'NONE',  ( -7.617084454437069496, 0.5881997596173700327, 22.47895099870554603 ) ) ;
#4466 = CARTESIAN_POINT ( 'NONE',  ( -19.04824229320372808, 3.313861130563170665, 23.80096462780009503 ) ) ;
#4467 = VERTEX_POINT ( 'NONE', #2024 ) ;
#4468 = CARTESIAN_POINT ( 'NONE',  ( -42.46851764346288860, 15.52756097932459234, 27.47895099870556379 ) ) ;
#4469 = DIRECTION ( 'NONE',  ( -0.000000000000000000, -0.000000000000000000, -1.000000000000000000 ) ) ;
#4470 = CARTESIAN_POINT ( 'NONE',  ( -19.07360212884217532, 11.09765694638169364, 26.16539876345485993 ) ) ;
#4471 = ORIENTED_EDGE ( 'NONE', *, *, #5763, .T. ) ;
#4472 = CARTESIAN_POINT ( 'NONE',  ( -7.617084454437067720, 13.17402400263529039, 22.47895099870554603 ) ) ;
#4473 = EDGE_CURVE ( 'NONE', #3151, #265, #3585, .T. ) ;
#4474 = CIRCLE ( 'NONE', #611, 1.999999999999998668 ) ;
#4475 = CARTESIAN_POINT ( 'NONE',  ( -19.48523456974155366, 7.538347752776927813, 27.25005180541356253 ) ) ;
#4476 = CYLINDRICAL_SURFACE ( 'NONE', #3173, 0.7499999999999954481 ) ;
#4477 = CARTESIAN_POINT ( 'NONE',  ( -19.39091251506400937, 9.131320489579699995, 17.66651307281294692 ) ) ;
#4478 = CARTESIAN_POINT ( 'NONE',  ( -6.727084454438626793, 1.259825377173701133, 37.45252438651124294 ) ) ;
#4479 = ORIENTED_EDGE ( 'NONE', *, *, #3619, .F. ) ;
#4480 = ORIENTED_EDGE ( 'NONE', *, *, #5471, .T. ) ;
#4481 = CARTESIAN_POINT ( 'NONE',  ( -53.17253106540000829, 1.122532837315095788, 7.478950998705548692 ) ) ;
#4482 = DIRECTION ( 'NONE',  ( 1.000000000000000000, 0.000000000000000000, -6.938893903907221278E-15 ) ) ;
#4483 = CARTESIAN_POINT ( 'NONE',  ( -0.3055558006677689398, 9.512867636287728246, 22.47895099870554603 ) ) ;
#4484 = CARTESIAN_POINT ( 'NONE',  ( -55.70614444491913275, 2.724989331212833044, 37.47895099870587643 ) ) ;
#4485 = ORIENTED_EDGE ( 'NONE', *, *, #1410, .T. ) ;
#4486 = VERTEX_POINT ( 'NONE', #1054 ) ;
#4487 =( BOUNDED_SURFACE ( )  B_SPLINE_SURFACE ( 3, 2, ( 
 ( #728, #1222, #2111 ),
 ( #5824, #4350, #3031 ),
 ( #5745, #1676, #3487 ),
 ( #2279, #5050, #4543 ),
 ( #868, #1367, #5852 ),
 ( #480, #4965, #3203 ),
 ( #5023, #4098, #2676 ),
 ( #4484, #69, #950 ),
 ( #926, #982, #3684 ),
 ( #37, #896, #3180 ),
 ( #5523, #1786, #95 ),
 ( #4604, #1841, #3659 ),
 ( #2732, #1420, #423 ),
 ( #1814, #1393, #2226 ),
 ( #2250, #3232, #3714 ),
 ( #2758, #4569, #4995 ),
 ( #3599, #2790, #5468 ),
 ( #543, #3625, #510 ),
 ( #2310, #4131, #4072 ),
 ( #3122, #1869, #5409 ) ),
 .UNSPECIFIED., .F., .F., .F. ) 
 B_SPLINE_SURFACE_WITH_KNOTS ( ( 4, 2, 2, 2, 2, 2, 2, 2, 2, 4 ),
 ( 3, 3 ),
 ( 0.000000000000000000, 0.002837154336810537945, 0.004255731505215807134, 0.005674308673621075889, 0.007092885842026344645, 0.007802174426228979456, 0.008511463010431614268, 0.009220751594634249079, 0.009930040178836883891, 0.01134861734724215178 ),
 ( 0.000000000000000000, 1.000000000000000000 ),
 .UNSPECIFIED. ) 
 GEOMETRIC_REPRESENTATION_ITEM ( )  RATIONAL_B_SPLINE_SURFACE ( (
 ( 1.000000000000000000, 0.7071067811865475727, 1.000000000000000000),
 ( 1.000000000000000000, 0.7302810517277036340, 1.000000000000000000),
 ( 1.000000000000000000, 0.7550226952086689369, 1.000000000000000000),
 ( 1.000000000000000000, 0.7896463589952387174, 1.000000000000000000),
 ( 1.000000000000000000, 0.8008363556778184122, 1.000000000000000000),
 ( 1.000000000000000000, 0.8220071346479757013, 1.000000000000000000),
 ( 1.000000000000000000, 0.8318116340764788452, 1.000000000000000000),
 ( 1.000000000000000000, 0.8498003943557309592, 1.000000000000000000),
 ( 1.000000000000000000, 0.8580450630616803798, 1.000000000000000000),
 ( 1.000000000000000000, 0.8687353049536380434, 1.000000000000000000),
 ( 1.000000000000000000, 0.8720405440583702816, 1.000000000000000000),
 ( 1.000000000000000000, 0.8781480238274010919, 1.000000000000000000),
 ( 1.000000000000000000, 0.8809694134942743782, 1.000000000000000000),
 ( 1.000000000000000000, 0.8859876741417697099, 1.000000000000000000),
 ( 1.000000000000000000, 0.8881889463064923662, 1.000000000000000000),
 ( 1.000000000000000000, 0.8920023610947841464, 1.000000000000000000),
 ( 1.000000000000000000, 0.8936200946550914015, 1.000000000000000000),
 ( 1.000000000000000000, 0.8975333624720120973, 1.000000000000000000),
 ( 1.000000000000000000, 0.8988175806633453835, 1.000000000000000000),
 ( 1.000000000000000000, 0.8988319343615297496, 1.000000000000000000) ) ) 
 REPRESENTATION_ITEM ( '' )  SURFACE ( )  );
#4488 = EDGE_CURVE ( 'NONE', #2514, #1738, #5421, .T. ) ;
#4489 = AXIS2_PLACEMENT_3D ( 'NONE', #42, #3155, #3472 ) ;
#4490 = CIRCLE ( 'NONE', #4866, 5.212547534731926113 ) ;
#4491 = CARTESIAN_POINT ( 'NONE',  ( -19.69338976064085500, 3.030042022430235349, 24.13238586023977206 ) ) ;
#4492 = CARTESIAN_POINT ( 'NONE',  ( -19.08618867572027611, 8.767299750162914407, 27.39026704112317034 ) ) ;
#4493 = CYLINDRICAL_SURFACE ( 'NONE', #5535, 4.999999999999997335 ) ;
#4494 = CARTESIAN_POINT ( 'NONE',  ( -22.09684589299286728, -2.324985331566420843, 27.47895099870554603 ) ) ;
#4495 = CARTESIAN_POINT ( 'NONE',  ( -7.023731439674903321, 1.334992131571142382, 37.47015650477866444 ) ) ;
#4496 = EDGE_LOOP ( 'NONE', ( #525, #4765, #3514, #3892, #341, #5826 ) ) ;
#4497 = CIRCLE ( 'NONE', #5737, 0.1000000000000028644 ) ;
#4498 = CARTESIAN_POINT ( 'NONE',  ( -39.62007266085963408, 14.62123179486472502, 27.47895099870556379 ) ) ;
#4499 = AXIS2_PLACEMENT_3D ( 'NONE', #886, #4836, #5341 ) ;
#4500 = DIRECTION ( 'NONE',  ( 0.000000000000000000, 1.000000000000000000, 0.000000000000000000 ) ) ;
#4501 = CARTESIAN_POINT ( 'NONE',  ( -20.64835847638088850, 4.129057304109850612, 19.05764604490706660 ) ) ;
#4502 = ADVANCED_FACE ( 'NONE', ( #2862 ), #885, .T. ) ;
#4503 = ORIENTED_EDGE ( 'NONE', *, *, #3212, .F. ) ;
#4504 = DIRECTION ( 'NONE',  ( -0.000000000000000000, 0.000000000000000000, 1.000000000000000000 ) ) ;
#4505 = AXIS2_PLACEMENT_3D ( 'NONE', #2854, #3778, #1074 ) ;
#4506 = AXIS2_PLACEMENT_3D ( 'NONE', #1138, #3990, #3058 ) ;
#4507 = CARTESIAN_POINT ( 'NONE',  ( -49.82411024604708416, 15.99075545985551727, 27.47895099870557445 ) ) ;
#4508 = CARTESIAN_POINT ( 'NONE',  ( -60.43056570440165132, 1.825322758065230255, 16.27440998940804562 ) ) ;
#4509 = DIRECTION ( 'NONE',  ( 0.1469686901035152926, 0.7896216615440322384, 0.5957330238871257899 ) ) ;
#4510 = CARTESIAN_POINT ( 'NONE',  ( -7.617084454437074825, 27.92363538815188662, 7.478950998705546915 ) ) ;
#4511 = ORIENTED_EDGE ( 'NONE', *, *, #785, .T. ) ;
#4512 = EDGE_CURVE ( 'NONE', #4901, #350, #4705, .T. ) ;
#4513 = DIRECTION ( 'NONE',  ( 0.000000000000000000, -1.000000000000000000, 0.000000000000000000 ) ) ;
#4514 = CARTESIAN_POINT ( 'NONE',  ( -19.31060135854700732, 3.209728326500810081, 20.86911123573820248 ) ) ;
#4515 = CARTESIAN_POINT ( 'NONE',  ( -60.84894542142085783, 2.186871980055649090, 26.14316383196091209 ) ) ;
#4516 = B_SPLINE_CURVE_WITH_KNOTS ( 'NONE', 3,
 ( #4242, #2936, #1534, #3439, #238, #656, #4770, #5252, #713, #5670 ),
 .UNSPECIFIED., .F., .F.,
 ( 4, 2, 2, 2, 4 ),
 ( 0.000000000000000000, 0.0005855524876442242972, 0.001171104975288448594, 0.001756657462932673325, 0.002342209950576898056 ),
 .UNSPECIFIED. ) ;
#4517 = CARTESIAN_POINT ( 'NONE',  ( -55.73703421402063896, 31.32763390948201732, 36.68408112053626269 ) ) ;
#4518 = ORIENTED_EDGE ( 'NONE', *, *, #811, .T. ) ;
#4519 = ORIENTED_EDGE ( 'NONE', *, *, #2278, .F. ) ;
#4520 = EDGE_CURVE ( 'NONE', #3634, #4382, #2975, .T. ) ;
#4521 = CARTESIAN_POINT ( 'NONE',  ( -19.68485897486073455, 2.766814717908775645, 22.06355338882379513 ) ) ;
#4522 = CARTESIAN_POINT ( 'NONE',  ( -19.77799409669828279, 4.038643381061164384, 18.47822630716921211 ) ) ;
#4523 = CARTESIAN_POINT ( 'NONE',  ( -19.42191930993033111, 3.061782436409798969, 21.04851172654136704 ) ) ;
#4524 = CARTESIAN_POINT ( 'NONE',  ( -45.84218377132004463, 5.977713064518594521, 17.47895099870556379 ) ) ;
#4525 = EDGE_CURVE ( 'NONE', #389, #5156, #2687, .T. ) ;
#4526 = CARTESIAN_POINT ( 'NONE',  ( -58.73327636432238563, 4.897542740504067460, 37.07261432250900413 ) ) ;
#4527 =( BOUNDED_SURFACE ( )  B_SPLINE_SURFACE ( 3, 3, ( 
 ( #5815, #3140, #1748, #1691, #3501, #3561, #5312, #1775, #2664, #413, #3590, #4953, #4507, #2, #3169, #5427, #4987, #566, #1443, #3259, #1411, #5548, #4182, #503, #971, #1385, #1861, #2840, #150, #471, #593, #3677 ),
 ( #4595, #534, #1358, #3224, #1914, #916, #2362, #2297, #1887, #2723, #114, #2751, #3736, #4208, #4623, #4535, #5485, #1034, #3195, #2269, #4091, #4561, #25, #1476, #5043, #5458, #2781, #941, #2335, #4153, #86, #3706 ),
 ( #3292, #5105, #4119, #5515, #4649, #5074, #1830, #5015, #59, #1010, #2391, #2813, #3616, #3646, #680, #3379, #3518, #4239, #2454, #1948, #4680, #3794, #5131, #2596, #4441, #4269, #1061, #2425, #2148, #347, #3036, #3319 ),
 ( #5195, #624, #4711, #1123, #3968, #2933, #177, #5580, #204, #1974, #791, #4739, #5607, #2116, #4413, #3940, #2487, #1504, #3767, #2870, #4850, #5751, #1681, #1568, #5777, #1709, #653, #4296, #1531, #3823, #1257, #3346 ),
 ( #315, #3492, #5162, #1093, #2903, #5302, #5330, #4883, #3068, #819, #2627, #2654, #1292, #931, #462, #1819, #15, #3607, #2256, #4524, #431, #5387, #4914, #4104, #1793, #5415, #1848, #4942, #4972, #874, #1735, #1398 ),
 ( #2233, #4054, #2682, #3633, #1319, #5858, #3578, #1345, #4079, #3156, #5475, #401, #3548, #905, #2715, #4023, #5445, #1374, #3187, #3666, #4464, #3130, #5804, #2764, #5833, #5002, #2739, #4549, #2199, #487, #4494, #1765 ),
 ( #2285, #43, #3211, #5360, #5030, #3996, #956, #3102, #372, #2174, #846, #4664, #5147, #606, #5565, #4137, #516, #74, #1520, #2408, #4226, #2377, #641, #1077, #1459, #1930, #2349, #2826, #3807, #1110, #1427, #1550 ) ),
 .UNSPECIFIED., .T., .F., .F. ) 
 B_SPLINE_SURFACE_WITH_KNOTS ( ( 4, 3, 4 ),
 ( 4, 2, 2, 2, 2, 2, 2, 2, 2, 2, 2, 2, 2, 2, 2, 4 ),
 ( 0.000000000000000000, 0.5000000000000000000, 1.000000000000000000 ),
 ( 0.000000000000000000, 0.02169447148717314547, 0.08685579767576480370, 0.1387121652027902274, 0.1959790640380902615, 0.2696079339692019627, 0.3258522096108935062, 0.3421054618528214242, 0.3583587140947493976, 0.3908652185786052891, 0.5054254591734496094, 0.5848722406770503479, 0.6597046840673143064, 0.7601324898293428944, 0.8800662449146714472, 1.000000000000000000 ),
 .UNSPECIFIED. ) 
 GEOMETRIC_REPRESENTATION_ITEM ( )  RATIONAL_B_SPLINE_SURFACE ( (
 ( 1.000000000000000000, 1.000000000000000000, 1.000000000000000000, 1.000000000000000000, 1.000000000000000000, 1.000000000000000000, 1.000000000000000000, 1.000000000000000000, 1.000000000000000000, 1.000000000000000000, 1.000000000000000000, 1.000000000000000000, 1.000000000000000000, 1.000000000000000000, 1.000000000000000000, 1.000000000000000000, 1.000000000000000000, 1.000000000000000000, 1.000000000000000000, 1.000000000000000000, 1.000000000000000000, 1.000000000000000000, 1.000000000000000000, 1.000000000000000000, 1.000000000000000000, 1.000000000000000000, 1.000000000000000000, 1.000000000000000000, 1.000000000000000000, 1.000000000000000000, 1.000000000000000000, 1.000000000000000000),
 ( 0.3333333333333333703, 0.3333333333333333703, 0.3333333333333333703, 0.3333333333333333703, 0.3333333333333333703, 0.3333333333333333703, 0.3333333333333333703, 0.3333333333333333703, 0.3333333333333333703, 0.3333333333333333703, 0.3333333333333333703, 0.3333333333333333703, 0.3333333333333333703, 0.3333333333333333703, 0.3333333333333333703, 0.3333333333333333703, 0.3333333333333333703, 0.3333333333333333703, 0.3333333333333333703, 0.3333333333333333703, 0.3333333333333333703, 0.3333333333333333703, 0.3333333333333333703, 0.3333333333333333703, 0.3333333333333333703, 0.3333333333333333703, 0.3333333333333333703, 0.3333333333333333703, 0.3333333333333333703, 0.3333333333333333703, 0.3333333333333333703, 0.3333333333333333703),
 ( 0.3333333333333333703, 0.3333333333333333703, 0.3333333333333333703, 0.3333333333333333703, 0.3333333333333333703, 0.3333333333333333703, 0.3333333333333333703, 0.3333333333333333703, 0.3333333333333333703, 0.3333333333333333703, 0.3333333333333333703, 0.3333333333333333703, 0.3333333333333333703, 0.3333333333333333703, 0.3333333333333333703, 0.3333333333333333703, 0.3333333333333333703, 0.3333333333333333703, 0.3333333333333333703, 0.3333333333333333703, 0.3333333333333333703, 0.3333333333333333703, 0.3333333333333333703, 0.3333333333333333703, 0.3333333333333333703, 0.3333333333333333703, 0.3333333333333333703, 0.3333333333333333703, 0.3333333333333333703, 0.3333333333333333703, 0.3333333333333333703, 0.3333333333333333703),
 ( 1.000000000000000000, 1.000000000000000000, 1.000000000000000000, 1.000000000000000000, 1.000000000000000000, 1.000000000000000000, 1.000000000000000000, 1.000000000000000000, 1.000000000000000000, 1.000000000000000000, 1.000000000000000000, 1.000000000000000000, 1.000000000000000000, 1.000000000000000000, 1.000000000000000000, 1.000000000000000000, 1.000000000000000000, 1.000000000000000000, 1.000000000000000000, 1.000000000000000000, 1.000000000000000000, 1.000000000000000000, 1.000000000000000000, 1.000000000000000000, 1.000000000000000000, 1.000000000000000000, 1.000000000000000000, 1.000000000000000000, 1.000000000000000000, 1.000000000000000000, 1.000000000000000000, 1.000000000000000000),
 ( 0.3333333333333333703, 0.3333333333333333703, 0.3333333333333333703, 0.3333333333333333703, 0.3333333333333333703, 0.3333333333333333703, 0.3333333333333333703, 0.3333333333333333703, 0.3333333333333333703, 0.3333333333333333703, 0.3333333333333333703, 0.3333333333333333703, 0.3333333333333333703, 0.3333333333333333703, 0.3333333333333333703, 0.3333333333333333703, 0.3333333333333333703, 0.3333333333333333703, 0.3333333333333333703, 0.3333333333333333703, 0.3333333333333333703, 0.3333333333333333703, 0.3333333333333333703, 0.3333333333333333703, 0.3333333333333333703, 0.3333333333333333703, 0.3333333333333333703, 0.3333333333333333703, 0.3333333333333333703, 0.3333333333333333703, 0.3333333333333333703, 0.3333333333333333703),
 ( 0.3333333333333333703, 0.3333333333333333703, 0.3333333333333333703, 0.3333333333333333703, 0.3333333333333333703, 0.3333333333333333703, 0.3333333333333333703, 0.3333333333333333703, 0.3333333333333333703, 0.3333333333333333703, 0.3333333333333333703, 0.3333333333333333703, 0.3333333333333333703, 0.3333333333333333703, 0.3333333333333333703, 0.3333333333333333703, 0.3333333333333333703, 0.3333333333333333703, 0.3333333333333333703, 0.3333333333333333703, 0.3333333333333333703, 0.3333333333333333703, 0.3333333333333333703, 0.3333333333333333703, 0.3333333333333333703, 0.3333333333333333703, 0.3333333333333333703, 0.3333333333333333703, 0.3333333333333333703, 0.3333333333333333703, 0.3333333333333333703, 0.3333333333333333703),
 ( 1.000000000000000000, 1.000000000000000000, 1.000000000000000000, 1.000000000000000000, 1.000000000000000000, 1.000000000000000000, 1.000000000000000000, 1.000000000000000000, 1.000000000000000000, 1.000000000000000000, 1.000000000000000000, 1.000000000000000000, 1.000000000000000000, 1.000000000000000000, 1.000000000000000000, 1.000000000000000000, 1.000000000000000000, 1.000000000000000000, 1.000000000000000000, 1.000000000000000000, 1.000000000000000000, 1.000000000000000000, 1.000000000000000000, 1.000000000000000000, 1.000000000000000000, 1.000000000000000000, 1.000000000000000000, 1.000000000000000000, 1.000000000000000000, 1.000000000000000000, 1.000000000000000000, 1.000000000000000000) ) ) 
 REPRESENTATION_ITEM ( '' )  SURFACE ( )  );
#4528 = ORIENTED_EDGE ( 'NONE', *, *, #1363, .T. ) ;
#4529 = CARTESIAN_POINT ( 'NONE',  ( -42.57994537303618188, 25.87592977959215190, 27.47895099870557090 ) ) ;
#4530 = CARTESIAN_POINT ( 'NONE',  ( -44.96708445443707802, 27.48819975961736972, 26.01039022695080405 ) ) ;
#4531 = CARTESIAN_POINT ( 'NONE',  ( -20.73556265036210178, 4.275833632700678066, 18.91023587241706494 ) ) ;
#4532 = APPROVAL_DATE_TIME ( #3314, #5088 ) ;
#4533 = CARTESIAN_POINT ( 'NONE',  ( -53.83579677880417336, 31.26982482135865027, 8.945072201066453843 ) ) ;
#4534 = CARTESIAN_POINT ( 'NONE',  ( -52.31254629892919183, 30.01855429007889953, 7.478950998705546915 ) ) ;
#4535 = CARTESIAN_POINT ( 'NONE',  ( -47.98465749920845269, 25.98613353081275434, 27.47895099870557800 ) ) ;
#4536 = CARTESIAN_POINT ( 'NONE',  ( -20.61708445443696647, 31.48819975961737683, 22.47895099870563485 ) ) ;
#4537 = FACE_OUTER_BOUND ( 'NONE', #283, .T. ) ;
#4538 = FACE_OUTER_BOUND ( 'NONE', #200, .T. ) ;
#4539 = B_SPLINE_CURVE_WITH_KNOTS ( 'NONE', 3,
 ( #1503, #3318, #1566, #4648 ),
 .UNSPECIFIED., .F., .F.,
 ( 4, 4 ),
 ( 0.000000000000000000, 1.000000000000000000 ),
 .UNSPECIFIED. ) ;
#4540 = CARTESIAN_POINT ( 'NONE',  ( -19.44562099652311105, 10.72322704917710467, 26.50261065945501926 ) ) ;
#4541 = CARTESIAN_POINT ( 'NONE',  ( -19.30232145436772839, 2.964576622135672412, 22.88877675161439385 ) ) ;
#4542 = DIRECTION ( 'NONE',  ( 0.000000000000000000, 1.000000000000000000, -0.000000000000000000 ) ) ;
#4543 = CARTESIAN_POINT ( 'NONE',  ( -53.21717017500959912, 0.8002367036827086055, 36.72576734402985466 ) ) ;
#4544 = ORIENTED_EDGE ( 'NONE', *, *, #210, .F. ) ;
#4545 = ORIENTED_EDGE ( 'NONE', *, *, #4085, .T. ) ;
#4546 = CARTESIAN_POINT ( 'NONE',  ( -7.617084454437069496, 10.48108631064669538, 22.47895099870554603 ) ) ;
#4547 = CARTESIAN_POINT ( 'NONE',  ( -20.12977248878570791, 7.882129494116392188, 27.47764820755321935 ) ) ;
#4548 = CARTESIAN_POINT ( 'NONE',  ( -62.74342603440717880, 7.118911143609257586, 18.58717433498593508 ) ) ;
#4549 = CARTESIAN_POINT ( 'NONE',  ( -32.11269870060394993, 0.3750136083869972103, 27.47895099870875413 ) ) ;
#4550 = CARTESIAN_POINT ( 'NONE',  ( -54.18178507092786589, 1.064140619624855066, 36.79288298011407221 ) ) ;
#4551 = ORIENTED_EDGE ( 'NONE', *, *, #4704, .F. ) ;
#4552 = CARTESIAN_POINT ( 'NONE',  ( -61.96655505414517506, 25.98818860268061215, 27.47895099870733659 ) ) ;
#4553 = EDGE_CURVE ( 'NONE', #2979, #1958, #1357, .T. ) ;
#4554 = FACE_OUTER_BOUND ( 'NONE', #5617, .T. ) ;
#4555 = CARTESIAN_POINT ( 'NONE',  ( -19.87113609096188327, 5.691810689354792174, 17.32650652851809170 ) ) ;
#4556 = EDGE_LOOP ( 'NONE', ( #3157, #848, #3627, #3009, #664, #1842 ) ) ;
#4557 = CARTESIAN_POINT ( 'NONE',  ( -57.11718408701783289, 27.92363538815187951, 8.167072600369214896 ) ) ;
#4558 = DIRECTION ( 'NONE',  ( 1.000000000000000000, 1.051347561198064958E-16, -6.432074973931768853E-47 ) ) ;
#4559 = ADVANCED_FACE ( 'NONE', ( #4414 ), #437, .T. ) ;
#4560 = CARTESIAN_POINT ( 'NONE',  ( -17.35629642703596076, 11.97798746693619876, 26.31182170131650366 ) ) ;
#4561 = CARTESIAN_POINT ( 'NONE',  ( -36.21899402498930698, 24.03307090331379570, 27.47895099870556734 ) ) ;
#4562 = CARTESIAN_POINT ( 'NONE',  ( -58.36663165840912626, 12.06748497057090397, 37.02719713294682435 ) ) ;
#4563 = CARTESIAN_POINT ( 'NONE',  ( -6.727084454438623240, -32.99372820159864261, 37.45252438651124294 ) ) ;
#4564 = CARTESIAN_POINT ( 'NONE',  ( -5.590062557670889554, 30.85396402627283408, 7.546915118446149151 ) ) ;
#4565 = CARTESIAN_POINT ( 'NONE',  ( -19.42324268394821374, 10.07206325099288513, 26.80313638979513158 ) ) ;
#4566 = CARTESIAN_POINT ( 'NONE',  ( -19.68706563121401132, 2.834874233109204500, 23.32621325746008267 ) ) ;
#4567 = LINE ( 'NONE', #5522, #3842 ) ;
#4568 = EDGE_CURVE ( 'NONE', #576, #3634, #1253, .T. ) ;
#4569 = CARTESIAN_POINT ( 'NONE',  ( -58.41713882466942209, 4.920214089477310537, 37.47895099870589775 ) ) ;
#4570 = VECTOR ( 'NONE', #3415, 1000.000000000000000 ) ;
#4571 = EDGE_LOOP ( 'NONE', ( #3758, #729, #3253, #1142, #876, #2809 ) ) ;
#4572 = ORIENTED_EDGE ( 'NONE', *, *, #3583, .T. ) ;
#4573 = DIRECTION ( 'NONE',  ( -0.3218140329526609222, 0.9468028982817614514, -0.000000000000000000 ) ) ;
#4574 = FACE_OUTER_BOUND ( 'NONE', #5411, .T. ) ;
#4575 = DIRECTION ( 'NONE',  ( -0.9060085308640942747, -0.4232594263586877958, 1.109540447322909008E-16 ) ) ;
#4576 = EDGE_CURVE ( 'NONE', #481, #5630, #3920, .T. ) ;
#4577 = CARTESIAN_POINT ( 'NONE',  ( -52.68110183420678538, 15.98720042638902505, 17.47895099870753199 ) ) ;
#4578 = CARTESIAN_POINT ( 'NONE',  ( -56.15739584302707499, 31.21034072524125591, 36.73937140084616715 ) ) ;
#4579 = ORIENTED_EDGE ( 'NONE', *, *, #2626, .F. ) ;
#4580 = ORIENTED_EDGE ( 'NONE', *, *, #4568, .T. ) ;
#4581 = CARTESIAN_POINT ( 'NONE',  ( -50.68751545479487675, 15.98896313916680434, 17.47895099870407520 ) ) ;
#4582 = EDGE_CURVE ( 'NONE', #1243, #2747, #502, .T. ) ;
#4583 = CARTESIAN_POINT ( 'NONE',  ( -57.17125308591180755, 28.52843728052808814, 8.354434750164765333 ) ) ;
#4584 = DIRECTION ( 'NONE',  ( 1.156482317317871478E-16, 1.000000000000000000, -0.000000000000000000 ) ) ;
#4585 = VERTEX_POINT ( 'NONE', #1668 ) ;
#4586 = APPROVAL_STATUS ( 'not_yet_approved' ) ;
#4587 = CARTESIAN_POINT ( 'NONE',  ( -54.19125319419197950, 31.20986661274603335, 8.999193746204541711 ) ) ;
#4588 = AXIS2_PLACEMENT_3D ( 'NONE', #3297, #3655, #1918 ) ;
#4589 = CARTESIAN_POINT ( 'NONE',  ( -19.73766708623658062, 5.313861130563235058, 17.11572127827627554 ) ) ;
#4590 = AXIS2_PLACEMENT_3D ( 'NONE', #4774, #716, #242 ) ;
#4591 = CARTESIAN_POINT ( 'NONE',  ( -7.617084454437065943, 0.4881997596173706655, 22.47895099870554603 ) ) ;
#4592 = ADVANCED_FACE ( 'NONE', ( #1158 ), #2003, .T. ) ;
#4593 = AXIS2_PLACEMENT_3D ( 'NONE', #5104, #4268, #679 ) ;
#4594 = DIRECTION ( 'NONE',  ( 6.982962677686266711E-15, -0.000000000000000000, 1.000000000000000000 ) ) ;
#4595 = CARTESIAN_POINT ( 'NONE',  ( -63.96697076148107186, 25.98822231988400944, 27.47895099870559221 ) ) ;
#4596 = CARTESIAN_POINT ( 'NONE',  ( -60.09775263066153883, 12.06748497057090397, 35.69438876759084422 ) ) ;
#4597 = CARTESIAN_POINT ( 'NONE',  ( -19.11403046959427243, 10.94468638573824570, 26.28080797662110157 ) ) ;
#4598 = DIRECTION ( 'NONE',  ( 1.156482317317871478E-16, 1.000000000000000000, -0.000000000000000000 ) ) ;
#4599 = AXIS2_PLACEMENT_3D ( 'NONE', #257, #693, #2077 ) ;
#4600 = VECTOR ( 'NONE', #1488, 1000.000000000000000 ) ;
#4601 = CARTESIAN_POINT ( 'NONE',  ( -59.14936203728208142, 6.988199759617370610, 37.09474869116206719 ) ) ;
#4602 = DIRECTION ( 'NONE',  ( -1.000000000000000000, 1.156482317317871478E-16, 0.000000000000000000 ) ) ;
#4603 = CARTESIAN_POINT ( 'NONE',  ( -19.29167567939331818, 10.36969330533661271, 18.29212811103242231 ) ) ;
#4604 = CARTESIAN_POINT ( 'NONE',  ( -57.17399600660976233, 3.936558260013484301, 37.47895099870589064 ) ) ;
#4605 = ORIENTED_EDGE ( 'NONE', *, *, #2649, .F. ) ;
#4606 = ORIENTED_EDGE ( 'NONE', *, *, #5465, .F. ) ;
#4607 = CARTESIAN_POINT ( 'NONE',  ( -56.46708445443707802, 0.4881997596173706655, 26.01039421495252668 ) ) ;
#4608 = CARTESIAN_POINT ( 'NONE',  ( -20.48359740185204458, 7.282446757254967373, 27.46483122027069967 ) ) ;
#4609 = CARTESIAN_POINT ( 'NONE',  ( -5.036914989564454714, 15.03862836363353139, 22.47895099870552826 ) ) ;
#4610 = CARTESIAN_POINT ( 'NONE',  ( -36.30273867583545666, 13.26307810245263497, 17.47895099870555669 ) ) ;
#4611 = ORIENTED_EDGE ( 'NONE', *, *, #4627, .T. ) ;
#4612 = EDGE_LOOP ( 'NONE', ( #440, #5632, #3542, #5625 ) ) ;
#4613 = CARTESIAN_POINT ( 'NONE',  ( -61.96632500801765531, 15.98818860268039543, 17.47895099870732594 ) ) ;
#4614 = CARTESIAN_POINT ( 'NONE',  ( -53.34143422667886369, 31.33530458326461954, 8.848385179590021465 ) ) ;
#4615 = CARTESIAN_POINT ( 'NONE',  ( -7.617084454437067720, 8.413861130563232038, 22.47895099870554603 ) ) ;
#4616 = FACE_OUTER_BOUND ( 'NONE', #4865, .T. ) ;
#4617 = APPROVAL_STATUS ( 'not_yet_approved' ) ;
#4618 = CARTESIAN_POINT ( 'NONE',  ( -56.25092295441188384, 30.18453459860413446, 8.759828890887286335 ) ) ;
#4619 = ORIENTED_EDGE ( 'NONE', *, *, #636, .T. ) ;
#4620 = EDGE_CURVE ( 'NONE', #2358, #2163, #3859, .T. ) ;
#4621 = CARTESIAN_POINT ( 'NONE',  ( -59.68901223943532841, 9.210387039409539511, 36.37274665680997288 ) ) ;
#4622 = CARTESIAN_POINT ( 'NONE',  ( -19.33369678368429945, 7.466458010009527690, 17.08622838939321298 ) ) ;
#4623 = CARTESIAN_POINT ( 'NONE',  ( -48.43107440575078471, 25.98634632245276777, 27.47895099870557800 ) ) ;
#4624 = DIRECTION ( 'NONE',  ( -0.000000000000000000, -0.000000000000000000, -1.000000000000000000 ) ) ;
#4625 = CARTESIAN_POINT ( 'NONE',  ( -19.33369678368434919, 7.466458010011301383, 27.87167360801690918 ) ) ;
#4626 = CARTESIAN_POINT ( 'NONE',  ( -10.19725391930947112, 15.06819975961737690, 22.47895099870554603 ) ) ;
#4627 = EDGE_CURVE ( 'NONE', #670, #5596, #1190, .T. ) ;
#4628 = CARTESIAN_POINT ( 'NONE',  ( -59.34348916953605624, 8.229566488674473490, 36.84178129616507391 ) ) ;
#4629 = CARTESIAN_POINT ( 'NONE',  ( -20.73791035512418546, 12.11166344594329836, 19.95323919280284741 ) ) ;
#4630 = DIRECTION ( 'NONE',  ( 1.000000000000000000, 0.000000000000000000, 0.000000000000000000 ) ) ;
#4631 = CARTESIAN_POINT ( 'NONE',  ( -7.617084454436970020, 33.48819975961737327, 22.47895099870554603 ) ) ;
#4632 = ORIENTED_EDGE ( 'NONE', *, *, #2722, .F. ) ;
#4633 = ORIENTED_EDGE ( 'NONE', *, *, #4743, .T. ) ;
#4634 = DIRECTION ( 'NONE',  ( 1.156482317317871478E-16, 1.000000000000000000, -0.000000000000000000 ) ) ;
#4635 = CARTESIAN_POINT ( 'NONE',  ( -20.12977248878569725, 7.882129494116393076, 27.47764820755323001 ) ) ;
#4636 = CARTESIAN_POINT ( 'NONE',  ( -16.11923331024717854, 13.36345680993839480, 22.47895099870554603 ) ) ;
#4637 = CARTESIAN_POINT ( 'NONE',  ( -20.20285885872965537, 7.769247930703385485, 27.47895099870528668 ) ) ;
#4638 = AXIS2_PLACEMENT_3D ( 'NONE', #5734, #2464, #5171 ) ;
#4639 = DIRECTION ( 'NONE',  ( 0.000000000000000000, 0.000000000000000000, 1.000000000000000000 ) ) ;
#4640 = VERTEX_POINT ( 'NONE', #3480 ) ;
#4641 = CARTESIAN_POINT ( 'NONE',  ( -46.96471161313265696, 15.99582767383319393, 17.47895099870643776 ) ) ;
#4642 = DIRECTION ( 'NONE',  ( -1.051347561198064835E-16, 1.000000000000000000, 7.341520781122565208E-31 ) ) ;
#4643 = CARTESIAN_POINT ( 'NONE',  ( -55.83200417100797353, 2.662347915006604282, 7.560634325105338505 ) ) ;
#4644 = ORIENTED_EDGE ( 'NONE', *, *, #2640, .T. ) ;
#4645 = CARTESIAN_POINT ( 'NONE',  ( -55.84034351140100227, 30.54512440035759369, 8.892021709259163131 ) ) ;
#4646 = ORIENTED_EDGE ( 'NONE', *, *, #482, .F. ) ;
#4647 = CARTESIAN_POINT ( 'NONE',  ( -50.31583746620116671, 30.48819975961737327, 7.478950998705546915 ) ) ;
#4648 = CARTESIAN_POINT ( 'NONE',  ( -57.64535690733735152, 4.488199759617370610, 8.639533499670099204 ) ) ;
#4649 = CARTESIAN_POINT ( 'NONE',  ( -60.96689439282928191, 25.98821195937535578, 17.47895099870731883 ) ) ;
#4650 = FACE_OUTER_BOUND ( 'NONE', #5142, .T. ) ;
#4651 = ADVANCED_FACE ( 'NONE', ( #3386 ), #5531, .T. ) ;
#4652 = CARTESIAN_POINT ( 'NONE',  ( -20.22720269320182140, 5.937643909771898265, 17.82149163103880340 ) ) ;
#4653 = CARTESIAN_POINT ( 'NONE',  ( -7.617084454437067720, 8.413861130563232038, 22.47895099870554603 ) ) ;
#4654 = CARTESIAN_POINT ( 'NONE',  ( -62.96708445443707802, 0.000000000000000000, 0.000000000000000000 ) ) ;
#4655 = CARTESIAN_POINT ( 'NONE',  ( -19.45054910173625018, 2.783317579614345227, 22.05063370028190661 ) ) ;
#4656 = FACE_OUTER_BOUND ( 'NONE', #4436, .T. ) ;
#4657 = CARTESIAN_POINT ( 'NONE',  ( -55.84124335044388232, 30.29294884950448719, 37.47895099870588353 ) ) ;
#4658 = ORIENTED_EDGE ( 'NONE', *, *, #785, .F. ) ;
#4659 = VERTEX_POINT ( 'NONE', #2912 ) ;
#4660 = B_SPLINE_CURVE_WITH_KNOTS ( 'NONE', 3,
 ( #2348, #1490, #988, #1458 ),
 .UNSPECIFIED., .F., .F.,
 ( 4, 4 ),
 ( 0.000000000000000000, 1.000000000000000000 ),
 .UNSPECIFIED. ) ;
#4661 = CARTESIAN_POINT ( 'NONE',  ( -20.98039743718331707, 5.546025641993260535, 26.95588635138038214 ) ) ;
#4662 = CARTESIAN_POINT ( 'NONE',  ( -7.617084454436970020, 33.48819975961737327, 22.47895099870554603 ) ) ;
#4663 = CARTESIAN_POINT ( 'NONE',  ( -17.19708900769203552, 12.42694355306163700, 19.42137827976867825 ) ) ;
#4664 = CARTESIAN_POINT ( 'NONE',  ( -50.68751545482483323, 15.98896313916680434, 27.47895099870407520 ) ) ;
#4665 = AXIS2_PLACEMENT_3D ( 'NONE', #2697, #4899, #3142 ) ;
#4666 = CARTESIAN_POINT ( 'NONE',  ( -18.73587723562460283, 3.313861130563235058, 24.21922787288281853 ) ) ;
#4667 = ADVANCED_FACE ( 'NONE', ( #213 ), #1038, .T. ) ;
#4668 = ORIENTED_EDGE ( 'NONE', *, *, #3067, .F. ) ;
#4669 = AXIS2_PLACEMENT_3D ( 'NONE', #2143, #3008, #2193 ) ;
#4670 = CARTESIAN_POINT ( 'NONE',  ( -58.37450110390636837, 15.98815782803314534, 17.47895099870419955 ) ) ;
#4671 = CARTESIAN_POINT ( 'NONE',  ( -50.62809971046817736, 31.45315461981606830, 7.478950998707834863 ) ) ;
#4672 = DIRECTION ( 'NONE',  ( 0.000000000000000000, 0.000000000000000000, 1.000000000000000000 ) ) ;
#4673 = ORIENTED_EDGE ( 'NONE', *, *, #4085, .F. ) ;
#4674 = DIRECTION ( 'NONE',  ( 1.000000000000000000, 0.000000000000000000, -6.802837160693356313E-15 ) ) ;
#4675 = VECTOR ( 'NONE', #4863, 1000.000000000000000 ) ;
#4676 = ORIENTED_EDGE ( 'NONE', *, *, #4512, .F. ) ;
#4677 =( BOUNDED_SURFACE ( )  B_SPLINE_SURFACE ( 3, 2, ( 
 ( #3366, #1963, #4666 ),
 ( #2052, #133, #4254 ),
 ( #5566, #5185, #1049 ),
 ( #1111, #2503, #2921 ),
 ( #4194, #193, #608 ),
 ( #2474, #4227, #4287 ) ),
 .UNSPECIFIED., .F., .F., .F. ) 
 B_SPLINE_SURFACE_WITH_KNOTS ( ( 4, 2, 4 ),
 ( 3, 3 ),
 ( 0.007815618276501751921, 0.008640917440324150101, 0.009466216604146548280 ),
 ( 0.000000000000000000, 1.000000000000000000 ),
 .UNSPECIFIED. ) 
 GEOMETRIC_REPRESENTATION_ITEM ( )  RATIONAL_B_SPLINE_SURFACE ( (
 ( 1.000000000000000000, 0.9482449695825015956, 1.000000000000000000),
 ( 1.000000000000000000, 0.9499671686241392132, 1.000000000000000000),
 ( 1.000000000000000000, 0.9518683970950944095, 1.000000000000000000),
 ( 1.000000000000000000, 0.9565658145125836009, 1.000000000000000000),
 ( 1.000000000000000000, 0.9593892143247524373, 1.000000000000000000),
 ( 1.000000000000000000, 0.9630485531701685753, 1.000000000000000000) ) ) 
 REPRESENTATION_ITEM ( '' )  SURFACE ( )  );
#4678 = DIRECTION ( 'NONE',  ( -1.000000000000000000, -1.156482317317871232E-16, 0.000000000000000000 ) ) ;
#4679 = CARTESIAN_POINT ( 'NONE',  ( -58.06170005084859298, 29.89045816603217176, 37.13998909248407188 ) ) ;
#4680 = CARTESIAN_POINT ( 'NONE',  ( -39.96884687125915292, 25.22620244180337323, 17.47895099870556379 ) ) ;
#4681 = CARTESIAN_POINT ( 'NONE',  ( -58.03417155604688560, 8.300467297222606788, 37.47895099870589775 ) ) ;
#4682 = CARTESIAN_POINT ( 'NONE',  ( -6.867084454437073049, 15.06819975961737690, 22.47895099870554603 ) ) ;
#4683 = DIRECTION ( 'NONE',  ( 0.000000000000000000, 0.000000000000000000, 1.000000000000000000 ) ) ;
#4684 = EDGE_CURVE ( 'NONE', #1200, #3849, #4193, .T. ) ;
#4685 = CARTESIAN_POINT ( 'NONE',  ( -59.81786866418571691, 9.513157210885978543, 36.18163478341663364 ) ) ;
#4686 = CARTESIAN_POINT ( 'NONE',  ( -20.67758780321276646, 12.01625584410826519, 25.15426082049465961 ) ) ;
#4687 = LINE ( 'NONE', #3325, #5172 ) ;
#4688 = CIRCLE ( 'NONE', #2893, 1.249999999999999556 ) ;
#4689 = CARTESIAN_POINT ( 'NONE',  ( -56.72564653633386200, 30.71852859313971607, 37.47895099870589064 ) ) ;
#4690 = ORIENTED_EDGE ( 'NONE', *, *, #2284, .T. ) ;
#4691 = ORIENTED_EDGE ( 'NONE', *, *, #2550, .T. ) ;
#4692 = EDGE_CURVE ( 'NONE', #4204, #2805, #3167, .T. ) ;
#4693 = CIRCLE ( 'NONE', #1850, 1.025000000000005018 ) ;
#4694 = CIRCLE ( 'NONE', #1288, 0.2500000000000002220 ) ;
#4695 = CARTESIAN_POINT ( 'NONE',  ( -33.29389487463964059, 14.77548979564685006, 44.11039022695080547 ) ) ;
#4696 = CARTESIAN_POINT ( 'NONE',  ( -44.96708445443707802, 18.91248979564684873, 26.01039022695080405 ) ) ;
#4697 = CARTESIAN_POINT ( 'NONE',  ( -17.88251938540888375, 11.71957473249298687, 19.39814397369086052 ) ) ;
#4698 = CARTESIAN_POINT ( 'NONE',  ( -44.21106457220249553, 15.92682142205727835, 17.47895099870556734 ) ) ;
#4699 = CARTESIAN_POINT ( 'NONE',  ( -59.14936203728208142, 6.988199759617370610, 37.09474869116206719 ) ) ;
#4700 = EDGE_CURVE ( 'NONE', #2373, #4113, #5861, .T. ) ;
#4701 = ORIENTED_EDGE ( 'NONE', *, *, #4512, .T. ) ;
#4702 = CARTESIAN_POINT ( 'NONE',  ( -59.17048040967554101, 15.98819005105898228, 17.47895099870420310 ) ) ;
#4703 = CARTESIAN_POINT ( 'NONE',  ( -54.48368629141133823, 31.15308630159381309, 9.033618868241006794 ) ) ;
#4704 = EDGE_CURVE ( 'NONE', #4322, #5417, #597, .T. ) ;
#4705 = LINE ( 'NONE', #2117, #1266 ) ;
#4706 = CARTESIAN_POINT ( 'NONE',  ( -19.70007395961325258, 5.541365358992298873, 27.92634679726635483 ) ) ;
#4707 = CARTESIAN_POINT ( 'NONE',  ( -5.036914989564455603, 18.03862836363352784, 22.47895099870552471 ) ) ;
#4708 = ORIENTED_EDGE ( 'NONE', *, *, #1662, .F. ) ;
#4709 = CARTESIAN_POINT ( 'NONE',  ( -60.06660335034312226, 10.09926195132640991, 35.81437500857524014 ) ) ;
#4710 = CARTESIAN_POINT ( 'NONE',  ( -7.617084454437069496, 1.337944250313412908, 22.47895099870554603 ) ) ;
#4711 = CARTESIAN_POINT ( 'NONE',  ( -63.30027207577290937, 15.98820347414967813, 17.47895099870500957 ) ) ;
#4712 = CARTESIAN_POINT ( 'NONE',  ( -57.71711284981024903, 8.914159064692025680, 37.47895099870589775 ) ) ;
#4713 = CARTESIAN_POINT ( 'NONE',  ( 2.570769992675083326, 3.313861130563232393, 22.47895099870554603 ) ) ;
#4714 = CARTESIAN_POINT ( 'NONE',  ( -7.617084454436858998, 1.488199759617370610, 37.47895099870554247 ) ) ;
#4715 = CYLINDRICAL_SURFACE ( 'NONE', #3268, 4.080000000000001847 ) ;
#4716 = CARTESIAN_POINT ( 'NONE',  ( -7.617084454437067720, 13.32274102038948449, 22.47895099870554603 ) ) ;
#4717 = CARTESIAN_POINT ( 'NONE',  ( -55.10017238490966207, 27.92363538815188662, 7.478950998705546915 ) ) ;
#4718 = DIRECTION ( 'NONE',  ( -1.051347561198064958E-16, 1.000000000000000000, 7.341520781122565208E-31 ) ) ;
#4719 = FACE_OUTER_BOUND ( 'NONE', #1923, .T. ) ;
#4720 = ORIENTED_EDGE ( 'NONE', *, *, #2438, .T. ) ;
#4721 = VERTEX_POINT ( 'NONE', #4478 ) ;
#4722 = CARTESIAN_POINT ( 'NONE',  ( -7.617084454437074825, 12.56748497057090574, 43.51039022695080405 ) ) ;
#4723 = CARTESIAN_POINT ( 'NONE',  ( -57.24078273141338258, 0.4881997596173706655, 13.86115634419796550 ) ) ;
#4724 = CARTESIAN_POINT ( 'NONE',  ( -6.727084454437951777, 0.4881997596173706655, 7.505377610899891749 ) ) ;
#4725 = EDGE_CURVE ( 'NONE', #426, #5837, #4393, .T. ) ;
#4726 = CARTESIAN_POINT ( 'NONE',  ( -62.96708445443707802, 8.076361130563235236, 22.47895099870554603 ) ) ;
#4727 = ORIENTED_EDGE ( 'NONE', *, *, #3643, .F. ) ;
#4728 = CC_DESIGN_APPROVAL ( #4984, ( #2795 ) ) ;
#4729 = ORIENTED_EDGE ( 'NONE', *, *, #4576, .T. ) ;
#4730 = CARTESIAN_POINT ( 'NONE',  ( -53.81634161798301363, 5.987965219229216096, 17.47895099870361335 ) ) ;
#4731 = B_SPLINE_CURVE_WITH_KNOTS ( 'NONE', 3,
 ( #1750, #5789, #1304, #386 ),
 .UNSPECIFIED., .F., .F.,
 ( 4, 4 ),
 ( 0.000000000000000000, 0.0008829183121099743728 ),
 .UNSPECIFIED. ) ;
#4732 = CARTESIAN_POINT ( 'NONE',  ( -51.50100339001910044, 30.32061547035365479, 7.478950998705546915 ) ) ;
#4733 = CARTESIAN_POINT ( 'NONE',  ( -20.92158039967369021, 4.776613158470692788, 26.47220474730195861 ) ) ;
#4734 = CARTESIAN_POINT ( 'NONE',  ( -16.50300416631247913, 13.18999869135708636, 22.47895099870554603 ) ) ;
#4735 = ORIENTED_EDGE ( 'NONE', *, *, #1164, .F. ) ;
#4736 = VECTOR ( 'NONE', #505, 1000.000000000000000 ) ;
#4737 = LINE ( 'NONE', #5307, #253 ) ;
#4738 = CARTESIAN_POINT ( 'NONE',  ( -19.49760138750948002, 8.927101335333500032, 17.61322009280632273 ) ) ;
#4739 = CARTESIAN_POINT ( 'NONE',  ( -50.68751545479487675, 15.98896313916680434, 17.47895099870407520 ) ) ;
#4740 = CARTESIAN_POINT ( 'NONE',  ( -56.33463461225214530, 11.45992002319592018, 37.47895099870588353 ) ) ;
#4741 = CARTESIAN_POINT ( 'NONE',  ( -59.82930656252956680, 28.43752414202007017, 35.97278980925299408 ) ) ;
#4742 = CARTESIAN_POINT ( 'NONE',  ( -10.86708396699171431, 1.337944250313412686, 28.97895002381483209 ) ) ;
#4743 = EDGE_CURVE ( 'NONE', #4311, #697, #5730, .T. ) ;
#4744 = CARTESIAN_POINT ( 'NONE',  ( -60.49436291853300673, 11.34891378056709144, 35.11554383910606703 ) ) ;
#4745 = CARTESIAN_POINT ( 'NONE',  ( -20.87069700854636523, 12.42586983908700127, 24.40912681691492736 ) ) ;
#4746 = CARTESIAN_POINT ( 'NONE',  ( -35.25840244913567290, 12.78225160389757598, 27.47895099870356361 ) ) ;
#4747 = CARTESIAN_POINT ( 'NONE',  ( -7.617084454437068608, 11.27044416186716269, 22.47895099870554603 ) ) ;
#4748 = CARTESIAN_POINT ( 'NONE',  ( -56.73986285747913882, 29.93742565672775768, 37.47895099870589064 ) ) ;
#4749 = ORIENTED_EDGE ( 'NONE', *, *, #90, .T. ) ;
#4750 = ORIENTED_EDGE ( 'NONE', *, *, #3397, .T. ) ;
#4751 = DIRECTION ( 'NONE',  ( 0.000000000000000000, 0.000000000000000000, -1.000000000000000000 ) ) ;
#4752 = FACE_OUTER_BOUND ( 'NONE', #1112, .T. ) ;
#4753 = EDGE_CURVE ( 'NONE', #842, #1200, #1255, .T. ) ;
#4754 = CARTESIAN_POINT ( 'NONE',  ( -17.30983245184285835, 12.72818671339145524, 23.52570521222881084 ) ) ;
#4755 = LINE ( 'NONE', #4378, #4031 ) ;
#4756 = CARTESIAN_POINT ( 'NONE',  ( -19.42324268394821374, 10.07206325099288513, 26.80313638979513158 ) ) ;
#4757 = ORIENTED_EDGE ( 'NONE', *, *, #5111, .F. ) ;
#4758 = ORIENTED_EDGE ( 'NONE', *, *, #2230, .T. ) ;
#4759 = CARTESIAN_POINT ( 'NONE',  ( -63.63397950836394301, 5.988211026387239677, 27.47895099870559221 ) ) ;
#4760 = EDGE_CURVE ( 'NONE', #5375, #4659, #4025, .T. ) ;
#4761 = AXIS2_PLACEMENT_3D ( 'NONE', #4747, #1215, #246 ) ;
#4762 = DIRECTION ( 'NONE',  ( 1.000000000000000000, -4.072051880428308236E-17, 0.000000000000000000 ) ) ;
#4763 = CARTESIAN_POINT ( 'NONE',  ( -57.40407460709471366, 4.188432552385760843, 8.400122678293465484 ) ) ;
#4764 = DIRECTION ( 'NONE',  ( 0.4393941313948594440, -0.8982943823133689998, 0.000000000000000000 ) ) ;
#4765 = ORIENTED_EDGE ( 'NONE', *, *, #2853, .T. ) ;
#4766 = DIRECTION ( 'NONE',  ( 0.1657556289664775251, 0.9079140692483300690, 0.3849897587298474200 ) ) ;
#4767 = EDGE_CURVE ( 'NONE', #5033, #4113, #314, .T. ) ;
#4768 = CARTESIAN_POINT ( 'NONE',  ( -7.617084454437069496, 0.5881997596173700327, 22.47895099870554603 ) ) ;
#4769 = DIRECTION ( 'NONE',  ( -1.000000000000000000, 1.350259130968409871E-16, 0.000000000000000000 ) ) ;
#4770 = CARTESIAN_POINT ( 'NONE',  ( -19.81660583275764509, 4.149546969483250081, 26.63239181386149923 ) ) ;
#4771 = EDGE_CURVE ( 'NONE', #2252, #1637, #5337, .T. ) ;
#4772 = TOROIDAL_SURFACE ( 'NONE', #980, 10.18785444711215149, 5.099999999999998757 ) ;
#4773 = CARTESIAN_POINT ( 'NONE',  ( -60.58060523815428411, 12.06748497057090397, 34.96683867130812473 ) ) ;
#4774 = CARTESIAN_POINT ( 'NONE',  ( -7.617084454436858998, 0.4881997596173706655, 37.47895099870554247 ) ) ;
#4775 = ADVANCED_FACE ( 'NONE', ( #1332 ), #3054, .F. ) ;
#4776 = CARTESIAN_POINT ( 'NONE',  ( -56.69948627718530787, 15.98824606621205113, 27.47895099870710922 ) ) ;
#4777 = CARTESIAN_POINT ( 'NONE',  ( -44.96708445443707802, 0.000000000000000000, 21.41691224532954863 ) ) ;
#4778 = CIRCLE ( 'NONE', #2208, 3.249999512554642589 ) ;
#4779 = CARTESIAN_POINT ( 'NONE',  ( -18.88049417123727380, 8.654890856691634937, 17.69430044990695094 ) ) ;
#4780 = CARTESIAN_POINT ( 'NONE',  ( -19.34431725408296288, 7.775492295786410324, 22.47895099870553537 ) ) ;
#4781 = CIRCLE ( 'NONE', #1087, 5.099999999999998757 ) ;
#4782 = ORIENTED_EDGE ( 'NONE', *, *, #859, .F. ) ;
#4783 = VERTEX_POINT ( 'NONE', #448 ) ;
#4784 = AXIS2_PLACEMENT_3D ( 'NONE', #4897, #830, #1303 ) ;
#4785 = CARTESIAN_POINT ( 'NONE',  ( -5.814617277705768750, 1.166294840470907257, 37.42641194083090284 ) ) ;
#4786 = CARTESIAN_POINT ( 'NONE',  ( -57.64535690733737283, 0.6877131304169178394, 8.639533499670111638 ) ) ;
#4787 = CARTESIAN_POINT ( 'NONE',  ( -17.88203049383806942, 11.72094657037886023, 25.55810005272409668 ) ) ;
#4788 = AXIS2_PLACEMENT_3D ( 'NONE', #1675, #3422, #4818 ) ;
#4789 = CARTESIAN_POINT ( 'NONE',  ( -19.69513510843522752, 2.291121685538751951, 19.46623740988619389 ) ) ;
#4790 = CARTESIAN_POINT ( 'NONE',  ( -20.98671247892429648, 5.247850293862687643, 26.79295056816561882 ) ) ;
#4791 = EDGE_LOOP ( 'NONE', ( #2801, #4975, #186, #1284, #3587, #1147 ) ) ;
#4792 = VERTEX_POINT ( 'NONE', #832 ) ;
#4793 = AXIS2_PLACEMENT_3D ( 'NONE', #3595, #1755, #2247 ) ;
#4794 = AXIS2_PLACEMENT_3D ( 'NONE', #821, #5752, #875 ) ;
#4795 = CARTESIAN_POINT ( 'NONE',  ( -56.69816251687285558, 5.988246130334760942, 27.47895099870711633 ) ) ;
#4796 = CARTESIAN_POINT ( 'NONE',  ( -7.617084454436963803, 15.06819975961737690, 22.47895099870554603 ) ) ;
#4797 = AXIS2_PLACEMENT_3D ( 'NONE', #4591, #175, #4678 ) ;
#4798 = ORIENTED_EDGE ( 'NONE', *, *, #2332, .T. ) ;
#4799 = CARTESIAN_POINT ( 'NONE',  ( -20.20285885872965537, 7.769247930703385485, 27.47895099870528668 ) ) ;
#4800 = DIRECTION ( 'NONE',  ( 0.000000000000000000, -1.000000000000000000, 0.000000000000000000 ) ) ;
#4801 = CARTESIAN_POINT ( 'NONE',  ( -62.90717213774637884, 11.17575015626489865, 19.93813537375324074 ) ) ;
#4802 = CARTESIAN_POINT ( 'NONE',  ( -57.34062942067691893, 9.539398488975855628, 37.47895099870589064 ) ) ;
#4803 = DIRECTION ( 'NONE',  ( -1.224646799147353207E-16, 1.416282368173845043E-32, 1.000000000000000000 ) ) ;
#4804 = FACE_OUTER_BOUND ( 'NONE', #2929, .T. ) ;
#4805 = EDGE_CURVE ( 'NONE', #2760, #4847, #2399, .T. ) ;
#4806 = CARTESIAN_POINT ( 'NONE',  ( -59.94749184513428730, 9.818456445648035213, 35.98974162022109624 ) ) ;
#4807 = CARTESIAN_POINT ( 'NONE',  ( -56.91342775142329913, 0.4881997596173706655, 13.67981227868852478 ) ) ;
#4808 = EDGE_CURVE ( 'NONE', #1870, #1704, #803, .T. ) ;
#4809 = DIRECTION ( 'NONE',  ( -1.156482317317871478E-16, -1.000000000000000000, 0.000000000000000000 ) ) ;
#4810 = CARTESIAN_POINT ( 'NONE',  ( -7.617084454437069496, 0.6171992533958691185, 22.47895099870554603 ) ) ;
#4811 = CARTESIAN_POINT ( 'NONE',  ( -19.11403046959426533, 10.94468638573824393, 18.67709402078998693 ) ) ;
#4812 = CARTESIAN_POINT ( 'NONE',  ( -50.31583746620116671, 30.48819975961737327, 7.478950998705546915 ) ) ;
#4813 = ORIENTED_EDGE ( 'NONE', *, *, #3549, .T. ) ;
#4814 = ORIENTED_EDGE ( 'NONE', *, *, #1582, .T. ) ;
#4815 = CARTESIAN_POINT ( 'NONE',  ( -18.79099510211775836, 3.313861130563241275, 20.50068344899643691 ) ) ;
#4816 = CARTESIAN_POINT ( 'NONE',  ( -54.82796302891508589, -1.793210995903888882, 7.478950998705546915 ) ) ;
#4817 = CARTESIAN_POINT ( 'NONE',  ( -17.55062739717305931, 12.42200853300922958, 24.47267190726890007 ) ) ;
#4818 = DIRECTION ( 'NONE',  ( -1.000000000000000000, 1.277052605861873521E-16, 0.000000000000000000 ) ) ;
#4819 = CARTESIAN_POINT ( 'NONE',  ( -20.91483036042012245, 5.857725201687870253, 27.08826350423249352 ) ) ;
#4820 = ORIENTED_EDGE ( 'NONE', *, *, #1333, .F. ) ;
#4821 = ORIENTED_EDGE ( 'NONE', *, *, #887, .T. ) ;
#4822 = CARTESIAN_POINT ( 'NONE',  ( -45.84218377127128008, 5.977713064516308350, 27.47895099870557090 ) ) ;
#4823 = DIRECTION ( 'NONE',  ( -1.051347561198064835E-16, 1.000000000000000000, 7.341520781122565208E-31 ) ) ;
#4824 = CARTESIAN_POINT ( 'NONE',  ( -16.77056778239053259, 13.06352996580473302, 22.47895099870592972 ) ) ;
#4825 = ORIENTED_EDGE ( 'NONE', *, *, #4335, .T. ) ;
#4826 = CARTESIAN_POINT ( 'NONE',  ( -59.13956751899814890, 12.26589454912380717, 37.47895099870589775 ) ) ;
#4827 = CARTESIAN_POINT ( 'NONE',  ( -62.96708445443707802, 19.52782360647037763, 26.01039022695086089 ) ) ;
#4828 = CARTESIAN_POINT ( 'NONE',  ( -19.39091251497482205, 9.131320486984845886, 27.29138892533004324 ) ) ;
#4829 = EDGE_CURVE ( 'NONE', #1079, #3534, #1651, .T. ) ;
#4830 = CARTESIAN_POINT ( 'NONE',  ( -34.31889487463964628, 14.77548979564685006, 44.11039022695080547 ) ) ;
#4831 = CARTESIAN_POINT ( 'NONE',  ( -51.17349565638950537, 31.47187063702424581, 8.466007918339373717 ) ) ;
#4832 = AXIS2_PLACEMENT_3D ( 'NONE', #4777, #4396, #1634 ) ;
#4833 = EDGE_CURVE ( 'NONE', #5713, #663, #4474, .T. ) ;
#4834 =( GEOMETRIC_REPRESENTATION_CONTEXT ( 3 ) GLOBAL_UNCERTAINTY_ASSIGNED_CONTEXT ( ( #5654 ) ) GLOBAL_UNIT_ASSIGNED_CONTEXT ( ( #410, #441, #4033 ) ) REPRESENTATION_CONTEXT ( 'NONE', 'WORKASPACE' ) );
#4835 = CARTESIAN_POINT ( 'NONE',  ( -19.17025261801122227, 10.73195606887792763, 26.44130316198348751 ) ) ;
#4836 = DIRECTION ( 'NONE',  ( 1.156482317317871478E-16, 1.000000000000000000, -0.000000000000000000 ) ) ;
#4837 = CARTESIAN_POINT ( 'NONE',  ( -56.35571201246768425, 27.92363538815188306, 7.718448366364351720 ) ) ;
#4838 = CARTESIAN_POINT ( 'NONE',  ( -7.617084454437074825, 12.06748497057090397, 37.47895099870564906 ) ) ;
#4839 = CARTESIAN_POINT ( 'NONE',  ( -19.70007395961325614, 5.541365358992299761, 27.92634679726635838 ) ) ;
#4840 = ORIENTED_EDGE ( 'NONE', *, *, #311, .F. ) ;
#4841 = VERTEX_POINT ( 'NONE', #5 ) ;
#4842 = CARTESIAN_POINT ( 'NONE',  ( -62.73255214716108696, 12.91204386010153904, 18.50946075886672659 ) ) ;
#4843 = CARTESIAN_POINT ( 'NONE',  ( -56.47570211126801354, 2.781516715590360622, 7.478950998705546915 ) ) ;
#4844 = CARTESIAN_POINT ( 'NONE',  ( -19.42324268394874309, 10.07206325099169675, 18.15476560761541336 ) ) ;
#4845 = DIRECTION ( 'NONE',  ( 0.000000000000000000, -1.000000000000000000, 0.000000000000000000 ) ) ;
#4846 = ORIENTED_EDGE ( 'NONE', *, *, #811, .F. ) ;
#4847 = VERTEX_POINT ( 'NONE', #2726 ) ;
#4848 = CARTESIAN_POINT ( 'NONE',  ( -49.82006749344439100, 5.990700039200929972, 17.47895099870557445 ) ) ;
#4849 = CARTESIAN_POINT ( 'NONE',  ( -62.70503204242474027, 5.161177622499458550, 19.74002691901421969 ) ) ;
#4850 = CARTESIAN_POINT ( 'NONE',  ( -42.46851764345066016, 15.52756097931846746, 17.47895099870556379 ) ) ;
#4851 = ADVANCED_FACE ( 'NONE', ( #4538 ), #3930, .F. ) ;
#4852 = DIRECTION ( 'NONE',  ( 0.000000000000000000, 1.000000000000000000, 0.000000000000000000 ) ) ;
#4853 = EDGE_LOOP ( 'NONE', ( #3088, #2228, #5525, #4247 ) ) ;
#4854 = LINE ( 'NONE', #1626, #56 ) ;
#4855 = DIRECTION ( 'NONE',  ( -1.051347561198064835E-16, 1.000000000000000000, 7.341520781122565208E-31 ) ) ;
#4856 = CARTESIAN_POINT ( 'NONE',  ( -20.61868665870169437, 11.95308683513633063, 25.24524889689045537 ) ) ;
#4857 = CARTESIAN_POINT ( 'NONE',  ( -19.60155155470750898, 3.586083372400945990, 25.23880123140494192 ) ) ;
#4858 = CARTESIAN_POINT ( 'NONE',  ( -50.31583746620116671, 31.48819975961736972, 8.478950998705547804 ) ) ;
#4859 = VECTOR ( 'NONE', #4895, 1000.000000000000000 ) ;
#4860 = CARTESIAN_POINT ( 'NONE',  ( -62.54897816054579351, 4.614187273114910504, 19.22993916195834174 ) ) ;
#4861 = DIRECTION ( 'NONE',  ( 0.000000000000000000, 1.000000000000000000, 0.000000000000000000 ) ) ;
#4862 = DIRECTION ( 'NONE',  ( 0.000000000000000000, 0.4085027726432537420, 0.9127570787141418007 ) ) ;
#4863 = DIRECTION ( 'NONE',  ( 0.000000000000000000, 0.000000000000000000, 1.000000000000000000 ) ) ;
#4864 = AXIS2_PLACEMENT_3D ( 'NONE', #1858, #528, #4558 ) ;
#4865 = EDGE_LOOP ( 'NONE', ( #2901, #4632, #1244, #2251 ) ) ;
#4866 = AXIS2_PLACEMENT_3D ( 'NONE', #5601, #1497, #1938 ) ;
#4867 = B_SPLINE_CURVE_WITH_KNOTS ( 'NONE', 3,
 ( #5460, #1387, #5017, #61 ),
 .UNSPECIFIED., .F., .F.,
 ( 4, 4 ),
 ( 0.000000000000000000, 0.001018130391561429668 ),
 .UNSPECIFIED. ) ;
#4868 = ORIENTED_EDGE ( 'NONE', *, *, #2110, .F. ) ;
#4869 = EDGE_CURVE ( 'NONE', #5738, #1286, #2090, .T. ) ;
#4870 = CARTESIAN_POINT ( 'NONE',  ( -62.53103791657343891, 15.98819686762615788, 17.47895099870623525 ) ) ;
#4871 = VECTOR ( 'NONE', #1792, 1000.000000000000000 ) ;
#4872 = CARTESIAN_POINT ( 'NONE',  ( -51.01384810815533655, 0.6664862160862097262, 7.478950998705547804 ) ) ;
#4873 = CARTESIAN_POINT ( 'NONE',  ( -62.96708445443703539, 20.87410537539909328, 21.41691224532952020 ) ) ;
#4874 = CIRCLE ( 'NONE', #2303, 9.999999999999998224 ) ;
#4875 = LINE ( 'NONE', #2646, #3153 ) ;
#4876 = VERTEX_POINT ( 'NONE', #1446 ) ;
#4877 = EDGE_CURVE ( 'NONE', #5660, #1340, #914, .T. ) ;
#4878 = ORIENTED_EDGE ( 'NONE', *, *, #2521, .F. ) ;
#4879 = CIRCLE ( 'NONE', #5257, 8.885919711875411409 ) ;
#4880 = AXIS2_PLACEMENT_3D ( 'NONE', #282, #4405, #1613 ) ;
#4881 = CARTESIAN_POINT ( 'NONE',  ( -62.96708445443707802, 0.000000000000000000, 21.41691224532954863 ) ) ;
#4882 = CARTESIAN_POINT ( 'NONE',  ( -18.86970643510586498, 8.457245344873047799, 27.74956435276665800 ) ) ;
#4883 = CARTESIAN_POINT ( 'NONE',  ( -56.69816251690944142, 5.988246130334760942, 17.47895099870710567 ) ) ;
#4884 = EDGE_CURVE ( 'NONE', #1997, #4585, #5086, .T. ) ;
#4885 = CARTESIAN_POINT ( 'NONE',  ( -19.33319327935268817, 2.936409547286994659, 21.97952519243225566 ) ) ;
#4886 = AXIS2_PLACEMENT_3D ( 'NONE', #3683, #3266, #5586 ) ;
#4887 = ORIENTED_EDGE ( 'NONE', *, *, #3686, .F. ) ;
#4888 = EDGE_CURVE ( 'NONE', #2747, #3390, #62, .T. ) ;
#4889 = CARTESIAN_POINT ( 'NONE',  ( -28.56369859344230377, 20.69592211608361509, 27.47895099870823188 ) ) ;
#4890 = AXIS2_PLACEMENT_3D ( 'NONE', #6, #4513, #1811 ) ;
#4891 = CARTESIAN_POINT ( 'NONE',  ( -17.48779596960936900, 11.27044416186716447, 27.11378337132702754 ) ) ;
#4892 = AXIS2_PLACEMENT_3D ( 'NONE', #5097, #5545, #1090 ) ;
#4893 = CARTESIAN_POINT ( 'NONE',  ( -17.84684629367869135, 12.74676098302493088, 21.52900762157114656 ) ) ;
#4894 = DIRECTION ( 'NONE',  ( -1.000000000000000000, 0.000000000000000000, 0.000000000000000000 ) ) ;
#4895 = DIRECTION ( 'NONE',  ( -0.000000000000000000, 1.000000000000000000, -0.000000000000000000 ) ) ;
#4896 = CARTESIAN_POINT ( 'NONE',  ( -17.83299172364361951, 10.00693657466270814, 27.80977588951692780 ) ) ;
#4897 = CARTESIAN_POINT ( 'NONE',  ( -44.96708445443707802, 4.488199759617370610, 21.41691224532954863 ) ) ;
#4898 = CARTESIAN_POINT ( 'NONE',  ( -8.117084454437074825, -0.000000000000000000, 3.916912245329549958 ) ) ;
#4899 = DIRECTION ( 'NONE',  ( 1.156482317317871478E-16, 1.000000000000000000, -0.000000000000000000 ) ) ;
#4900 = CARTESIAN_POINT ( 'NONE',  ( -53.05628842436761516, 29.63819533390102023, 7.478950998705545139 ) ) ;
#4901 = VERTEX_POINT ( 'NONE', #2873 ) ;
#4902 = CARTESIAN_POINT ( 'NONE',  ( -62.66538318389859796, 13.50537657489414833, 18.13263131876747281 ) ) ;
#4903 = CARTESIAN_POINT ( 'NONE',  ( -4.367084454437073049, 14.30337150129740209, 22.47895099870554603 ) ) ;
#4904 = CARTESIAN_POINT ( 'NONE',  ( -20.89054912937234576, 5.976079047252029319, 27.13715582640507051 ) ) ;
#4905 = CARTESIAN_POINT ( 'NONE',  ( -57.97413294120272553, 5.125047855076583225, 37.47895099870590485 ) ) ;
#4906 = FACE_OUTER_BOUND ( 'NONE', #3233, .T. ) ;
#4907 = ORIENTED_EDGE ( 'NONE', *, *, #2810, .F. ) ;
#4908 = ORIENTED_EDGE ( 'NONE', *, *, #553, .F. ) ;
#4909 =( BOUNDED_SURFACE ( )  B_SPLINE_SURFACE ( 3, 2, ( 
 ( #5075, #535, #2336 ),
 ( #4209, #4154, #115 ),
 ( #87, #4092, #3678 ),
 ( #1888, #1831, #5486 ),
 ( #3647, #2752, #3707 ),
 ( #942, #5516, #4120 ) ),
 .UNSPECIFIED., .F., .F., .F. ) 
 B_SPLINE_SURFACE_WITH_KNOTS ( ( 4, 2, 4 ),
 ( 3, 3 ),
 ( 0.000000000000000000, 0.001421773288514220851, 0.002843546577028441703 ),
 ( 0.000000000000000000, 0.2938408636271109264 ),
 .UNSPECIFIED. ) 
 GEOMETRIC_REPRESENTATION_ITEM ( )  RATIONAL_B_SPLINE_SURFACE ( (
 ( 1.000000000000000000, 0.9503323962082772525, 0.9298535356014524522),
 ( 1.000000000000000000, 0.9498134308445480567, 0.9291205913353355328),
 ( 1.000000000000000000, 0.9498949557398838062, 0.9292357304347018676),
 ( 1.000000000000000000, 0.9511444052821507178, 0.9310003508541193629),
 ( 1.000000000000000000, 0.9523277151915909844, 0.9326715610615430307),
 ( 1.000000000000000000, 0.9538690410614681925, 0.9348484037518263179) ) ) 
 REPRESENTATION_ITEM ( '' )  SURFACE ( )  );
#4910 = CARTESIAN_POINT ( 'NONE',  ( -19.68659097374402833, 2.820205261730900581, 21.64047850109632876 ) ) ;
#4911 = CARTESIAN_POINT ( 'NONE',  ( -7.617084454437074825, 22.31511842400183454, 3.916912245329549958 ) ) ;
#4912 = CARTESIAN_POINT ( 'NONE',  ( -4.367084941882426463, 1.337944250313412464, 22.47895099870554603 ) ) ;
#4913 = EDGE_CURVE ( 'NONE', #4322, #2979, #3198, .T. ) ;
#4914 = CARTESIAN_POINT ( 'NONE',  ( -42.17100936255535970, 4.887053336244580493, 17.47895099870555313 ) ) ;
#4915 = CARTESIAN_POINT ( 'NONE',  ( -18.53804945146603700, 3.313861130563235946, 23.65802179806549077 ) ) ;
#4916 = ORIENTED_EDGE ( 'NONE', *, *, #2810, .T. ) ;
#4917 = CARTESIAN_POINT ( 'NONE',  ( -48.46198612961423180, 15.98635959421454800, 27.47895099870557445 ) ) ;
#4918 = EDGE_CURVE ( 'NONE', #5150, #2623, #4952, .T. ) ;
#4919 = DIRECTION ( 'NONE',  ( -0.000000000000000000, -0.000000000000000000, -1.000000000000000000 ) ) ;
#4920 = LINE ( 'NONE', #2204, #620 ) ;
#4921 = ORIENTED_EDGE ( 'NONE', *, *, #4488, .T. ) ;
#4922 = CARTESIAN_POINT ( 'NONE',  ( -7.617084454437069496, 0.7381997596173708320, 20.97895099870555313 ) ) ;
#4923 = CARTESIAN_POINT ( 'NONE',  ( -56.88300501076358984, 27.92363538815188662, 7.987064794074811402 ) ) ;
#4924 = CARTESIAN_POINT ( 'NONE',  ( -17.55498596408293466, 10.96836682257421991, 27.31833328997619503 ) ) ;
#4925 = CARTESIAN_POINT ( 'NONE',  ( -2.404536919705142495, 9.534718448700353122, 22.47895099870554603 ) ) ;
#4926 = CIRCLE ( 'NONE', #3791, 17.97622884318831638 ) ;
#4927 = CARTESIAN_POINT ( 'NONE',  ( -19.01284507188463024, 7.298941884571733318, 28.41112771825282834 ) ) ;
#4928 = CARTESIAN_POINT ( 'NONE',  ( -18.78466152201026063, 3.313861130563235502, 20.52803090696890820 ) ) ;
#4929 = ADVANCED_FACE ( 'NONE', ( #5134 ), #2245, .T. ) ;
#4930 = ORIENTED_EDGE ( 'NONE', *, *, #5653, .F. ) ;
#4931 = CARTESIAN_POINT ( 'NONE',  ( -17.48779596960936900, 11.27044416186716447, 27.11378337132702754 ) ) ;
#4932 = CARTESIAN_POINT ( 'NONE',  ( -55.10017238490966207, 27.92363538815188662, 7.478950998705546915 ) ) ;
#4933 = CARTESIAN_POINT ( 'NONE',  ( -54.26274125576482987, 30.48819975961736972, 36.47895099870586932 ) ) ;
#4934 = LINE ( 'NONE', #1757, #5078 ) ;
#4935 = CARTESIAN_POINT ( 'NONE',  ( -55.00168362745576189, 31.45795016314814063, 36.58407088769428128 ) ) ;
#4936 = ORIENTED_EDGE ( 'NONE', *, *, #4913, .T. ) ;
#4937 = VERTEX_POINT ( 'NONE', #5551 ) ;
#4938 = EDGE_CURVE ( 'NONE', #3868, #3243, #405, .T. ) ;
#4939 = CARTESIAN_POINT ( 'NONE',  ( -46.96471161314990184, 15.99582767383319393, 27.47895099870643776 ) ) ;
#4940 = CARTESIAN_POINT ( 'NONE',  ( -20.22697433050954530, 4.856329485211007935, 18.40049925970550504 ) ) ;
#4941 = FACE_OUTER_BOUND ( 'NONE', #1553, .T. ) ;
#4942 = CARTESIAN_POINT ( 'NONE',  ( -32.11269870058158915, 0.3750136083774109896, 17.47895099870874702 ) ) ;
#4943 = CARTESIAN_POINT ( 'NONE',  ( -7.320406256129941447, 1.411598113342956706, 37.47895099870554247 ) ) ;
#4944 = ORIENTED_EDGE ( 'NONE', *, *, #197, .F. ) ;
#4945 = EDGE_CURVE ( 'NONE', #3425, #3243, #506, .T. ) ;
#4946 = CARTESIAN_POINT ( 'NONE',  ( -46.46535565115236466, 16.00561588230400289, 27.47895099870556734 ) ) ;
#4947 = DIRECTION ( 'NONE',  ( 1.156482317317871478E-16, 1.000000000000000000, -0.000000000000000000 ) ) ;
#4948 = CARTESIAN_POINT ( 'NONE',  ( -18.27421335309147565, 12.41260764384613857, 20.50165043103458373 ) ) ;
#4949 = ORIENTED_EDGE ( 'NONE', *, *, #2450, .T. ) ;
#4950 = CARTESIAN_POINT ( 'NONE',  ( -19.46020039785087619, 3.508281520829047206, 25.10691555008462927 ) ) ;
#4951 = ADVANCED_FACE ( 'NONE', ( #5108 ), #1162, .F. ) ;
#4952 = CIRCLE ( 'NONE', #3626, 8.885919711875411409 ) ;
#4953 = CARTESIAN_POINT ( 'NONE',  ( -50.68751545482483323, 15.98896313916680434, 27.47895099870407520 ) ) ;
#4954 = CARTESIAN_POINT ( 'NONE',  ( -62.25559484449539127, 3.620175200606806420, 16.32995645534171558 ) ) ;
#4955 = CARTESIAN_POINT ( 'NONE',  ( -60.54120084716207373, 4.548699874552484701, 12.36381052717851148 ) ) ;
#4956 = EDGE_CURVE ( 'NONE', #3876, #3782, #2675, .T. ) ;
#4957 = ORIENTED_EDGE ( 'NONE', *, *, #1177, .T. ) ;
#4958 = VERTEX_POINT ( 'NONE', #2843 ) ;
#4959 = AXIS2_PLACEMENT_3D ( 'NONE', #2977, #3395, #1078 ) ;
#4960 = EDGE_CURVE ( 'NONE', #3634, #389, #4516, .T. ) ;
#4961 = CARTESIAN_POINT ( 'NONE',  ( -53.52063211022446865, 1.243451035077496103, 7.478950998705547804 ) ) ;
#4962 = LINE ( 'NONE', #4433, #3071 ) ;
#4963 = CARTESIAN_POINT ( 'NONE',  ( -60.62858120475578971, 1.993664012136520114, 26.13337513463861583 ) ) ;
#4964 = CIRCLE ( 'NONE', #5536, 3.138583567322118295 ) ;
#4965 = CARTESIAN_POINT ( 'NONE',  ( -54.63960845439968494, 1.472464528209912693, 37.47895099870751778 ) ) ;
#4966 = ORIENTED_EDGE ( 'NONE', *, *, #1183, .T. ) ;
#4967 = ORIENTED_EDGE ( 'NONE', *, *, #2570, .F. ) ;
#4968 = AXIS2_PLACEMENT_3D ( 'NONE', #2216, #416, #2188 ) ;
#4969 = CARTESIAN_POINT ( 'NONE',  ( -48.71142503235961385, 15.98746122329254860, 27.47895099870557445 ) ) ;
#4970 = CARTESIAN_POINT ( 'NONE',  ( -7.617084454436963803, 18.03862836363353139, 22.47895099870554603 ) ) ;
#4971 = DIRECTION ( 'NONE',  ( 0.000000000000000000, 1.000000000000000000, -0.000000000000000000 ) ) ;
#4972 = CARTESIAN_POINT ( 'NONE',  ( -29.94536424260374119, -0.5035681507112270694, 17.47895099870872215 ) ) ;
#4973 = CARTESIAN_POINT ( 'NONE',  ( -55.78873520938421393, 31.31546922697708268, 36.69098255302008482 ) ) ;
#4974 = CIRCLE ( 'NONE', #2122, 10.00000000000000888 ) ;
#4975 = ORIENTED_EDGE ( 'NONE', *, *, #488, .T. ) ;
#4976 = AXIS2_PLACEMENT_3D ( 'NONE', #3041, #2991, #2575 ) ;
#4977 = CARTESIAN_POINT ( 'NONE',  ( -52.67966084707517638, 25.98720572473026635, 27.47895099870754265 ) ) ;
#4978 = VECTOR ( 'NONE', #2841, 1000.000000000000000 ) ;
#4979 = CARTESIAN_POINT ( 'NONE',  ( -19.39334849821096896, 9.202202690059143819, 17.79966376105296533 ) ) ;
#4980 = CARTESIAN_POINT ( 'NONE',  ( -10.75566802175918824, 0.5881997596173700327, 22.47895099870554603 ) ) ;
#4981 = AXIS2_PLACEMENT_3D ( 'NONE', #1954, #949, #4630 ) ;
#4982 = ORIENTED_EDGE ( 'NONE', *, *, #3254, .F. ) ;
#4983 = CARTESIAN_POINT ( 'NONE',  ( -20.66092105870752249, 4.148568823686983542, 25.92045269020407972 ) ) ;
#4985 = B_SPLINE_CURVE_WITH_KNOTS ( 'NONE', 3,
 ( #2025, #2956, #5191, #5664 ),
 .UNSPECIFIED., .F., .F.,
 ( 4, 4 ),
 ( 0.002117529364111732024, 0.003580363799608458908 ),
 .UNSPECIFIED. ) ;
#4984 = APPROVAL ( #2356, 'UNSPECIFIED' ) ;
#4986 = AXIS2_PLACEMENT_3D ( 'NONE', #2686, #851, #4500 ) ;
#4987 = CARTESIAN_POINT ( 'NONE',  ( -47.71350279509042025, 15.98723345079319103, 27.47895099870513747 ) ) ;
#4988 = FACE_OUTER_BOUND ( 'NONE', #4496, .T. ) ;
#4989 = DIRECTION ( 'NONE',  ( 1.156482317317871478E-16, 1.000000000000000000, -0.000000000000000000 ) ) ;
#4990 = CARTESIAN_POINT ( 'NONE',  ( -7.972113761207653582, 27.90215759046290245, 3.438390043018537234 ) ) ;
#4991 = ADVANCED_FACE ( 'NONE', ( #3381 ), #3662, .F. ) ;
#4992 = FACE_OUTER_BOUND ( 'NONE', #759, .T. ) ;
#4993 = FACE_OUTER_BOUND ( 'NONE', #584, .T. ) ;
#4994 = LINE ( 'NONE', #2645, #5743 ) ;
#4995 = CARTESIAN_POINT ( 'NONE',  ( -58.68997610828256484, 4.795243142279643322, 37.07028015250266151 ) ) ;
#4996 = ORIENTED_EDGE ( 'NONE', *, *, #2597, .T. ) ;
#4997 = ORIENTED_EDGE ( 'NONE', *, *, #5864, .F. ) ;
#4998 = CARTESIAN_POINT ( 'NONE',  ( -20.94758578749704370, 4.964764751412817034, 26.60026943616573192 ) ) ;
#4999 = FACE_OUTER_BOUND ( 'NONE', #3359, .T. ) ;
#5000 = CARTESIAN_POINT ( 'NONE',  ( -62.75745810720917461, 9.344704995001766434, 18.67704733513343740 ) ) ;
#5001 = APPLICATION_CONTEXT ( 'configuration controlled 3d designs of mechanical parts and assemblies' ) ;
#5002 = CARTESIAN_POINT ( 'NONE',  ( -37.07542892091516507, 2.597403954750879151, 27.47895099870823188 ) ) ;
#5003 = CARTESIAN_POINT ( 'NONE',  ( -49.72725623369793624, 0.4881997596173706655, 36.47895099870584090 ) ) ;
#5004 = ADVANCED_FACE ( 'NONE', ( #4804 ), #788, .T. ) ;
#5005 = ORIENTED_EDGE ( 'NONE', *, *, #2152, .T. ) ;
#5006 = CARTESIAN_POINT ( 'NONE',  ( -21.23631761609744117, 7.710491719078480521, 27.47895099870553537 ) ) ;
#5007 = DIRECTION ( 'NONE',  ( 1.156482317317871478E-16, 1.000000000000000000, -0.000000000000000000 ) ) ;
#5008 = CARTESIAN_POINT ( 'NONE',  ( -19.24957089205602045, 3.453713779778933457, 19.57737764334205366 ) ) ;
#5009 = EDGE_LOOP ( 'NONE', ( #2410, #1877, #1354, #5114 ) ) ;
#5010 = COORDINATED_UNIVERSAL_TIME_OFFSET ( 8, 0, .BEHIND. ) ;
#5011 = CARTESIAN_POINT ( 'NONE',  ( -53.03580325430867504, 31.36308795429203045, 8.780708304847642864 ) ) ;
#5012 = B_SPLINE_CURVE_WITH_KNOTS ( 'NONE', 3,
 ( #3293, #741, #681, #1532, #3437, #2934, #4740, #5581, #5636, #268, #1505, #711, #654, #236, #3320, #2518, #1094, #2064, #2547, #2961, #5132, #2032, #2000, #2904, #625, #5696, #3380, #5196, #2994, #2455, #2488, #4270, #2871, #4802, #4363, #1124, #3795, #1569, #3879, #1628, #4712, #1949, #4297, #3768, #5608, #3347, #205, #4681, #5163, #3824, #5668, #3407, #4240, #2426 ),
 .UNSPECIFIED., .F., .F.,
 ( 4, 1, 1, 1, 2, 2, 1, 1, 1, 1, 2, 2, 1, 1, 1, 1, 1, 1, 2, 2, 1, 1, 1, 1, 1, 2, 2, 1, 1, 1, 1, 2, 2, 1, 1, 1, 1, 2, 2, 4 ),
 ( 0.000000000000000000, 0.06249999999989944155, 0.09374999999984866272, 0.1093749999998232803, 0.1171874999998105821, 0.1249999999997978839, 0.1874999999997032651, 0.2187499999996552202, 0.2343749999996312394, 0.2421874999996203592, 0.2460937499996141697, 0.2499999999996079803, 0.3124999999994871880, 0.3437499999994271249, 0.3593749999993966493, 0.3671874999993817168, 0.3710937499993750555, 0.3730468749993725575, 0.3740234374993701150, 0.3749999999993677280, 0.4374999999994260147, 0.4687499999994555466, 0.4843749999994700350, 0.4921874999994774735, 0.4960937499994812483, 0.4980468749994833577, 0.4999999999994854116, 0.5624999999995488054, 0.5937499999995810018, 0.6093749999995977662, 0.6171874999996056488, 0.6210937499996099787, 0.6249999999996143085, 0.6874999999996762590, 0.7187499999997063460, 0.7343749999997213340, 0.7421874999997302158, 0.7460937499997351008, 0.7499999999997398747, 1.000000000000000000 ),
 .UNSPECIFIED. ) ;
#5013 = CARTESIAN_POINT ( 'NONE',  ( -18.73587723562536667, 3.313861130563236390, 24.21922787288222523 ) ) ;
#5014 = EDGE_CURVE ( 'NONE', #3132, #635, #1065, .T. ) ;
#5015 = CARTESIAN_POINT ( 'NONE',  ( -56.70081003753436022, 25.98824600208934044, 17.47895099870710567 ) ) ;
#5016 = CARTESIAN_POINT ( 'NONE',  ( -59.47578832850543762, 12.06748497057090397, 36.31907992646945615 ) ) ;
#5017 = CARTESIAN_POINT ( 'NONE',  ( -20.98048247543054501, 5.545621424488779816, 18.00218731529369620 ) ) ;
#5018 = CARTESIAN_POINT ( 'NONE',  ( -20.91483036042053101, 5.857725201687782324, 17.86963849317799102 ) ) ;
#5019 = EDGE_CURVE ( 'NONE', #4082, #4640, #1126, .T. ) ;
#5020 = LINE ( 'NONE', #1835, #2612 ) ;
#5021 = CARTESIAN_POINT ( 'NONE',  ( -19.45368381569918625, 2.878136779136130752, 23.53743631004500969 ) ) ;
#5022 = LINE ( 'NONE', #158, #5836 ) ;
#5023 = CARTESIAN_POINT ( 'NONE',  ( -54.85561015888394110, 2.298828950507799451, 37.47895099870587643 ) ) ;
#5024 = ORIENTED_EDGE ( 'NONE', *, *, #5071, .T. ) ;
#5025 = EDGE_CURVE ( 'NONE', #5115, #2372, #4207, .T. ) ;
#5026 = TOROIDAL_SURFACE ( 'NONE', #1609, 3.238583567322118828, 0.1000000000000000056 ) ;
#5027 = ORIENTED_EDGE ( 'NONE', *, *, #1323, .T. ) ;
#5028 = CARTESIAN_POINT ( 'NONE',  ( -7.617084454437068608, 31.48659911910486287, 22.47895099870554603 ) ) ;
#5029 = DIRECTION ( 'NONE',  ( 1.000000000000000000, 1.051347561198064835E-16, -6.982962677686266711E-15 ) ) ;
#5030 = CARTESIAN_POINT ( 'NONE',  ( -60.96666807380122322, 15.98821195913251891, 27.47895099870731883 ) ) ;
#5031 = DIRECTION ( 'NONE',  ( -1.224646799147353207E-16, 1.416282368173845043E-32, 1.000000000000000000 ) ) ;
#5032 = ADVANCED_FACE ( 'NONE', ( #297 ), #1822, .T. ) ;
#5033 = VERTEX_POINT ( 'NONE', #3797 ) ;
#5034 = CARTESIAN_POINT ( 'NONE',  ( -63.96697076148107186, 25.98822231988400944, 17.47895099870559221 ) ) ;
#5035 = DIRECTION ( 'NONE',  ( -1.000000000000000000, 0.000000000000000000, 0.000000000000000000 ) ) ;
#5036 = EDGE_CURVE ( 'NONE', #1958, #2979, #119, .T. ) ;
#5037 = CARTESIAN_POINT ( 'NONE',  ( -8.117084454437074825, 0.000000000000000000, 43.51039022695080405 ) ) ;
#5038 = ORIENTED_EDGE ( 'NONE', *, *, #2559, .T. ) ;
#5039 = DATE_TIME_ROLE ( 'creation_date' ) ;
#5040 = CARTESIAN_POINT ( 'NONE',  ( -8.117084454437074825, 18.91248979564684873, 0.000000000000000000 ) ) ;
#5041 = CARTESIAN_POINT ( 'NONE',  ( -60.56632981114444192, 11.76590241117055058, 34.99173274391905153 ) ) ;
#5042 = CARTESIAN_POINT ( 'NONE',  ( -4.478500887114950757, 0.5881997596173700327, 22.47895099870554603 ) ) ;
#5043 = CARTESIAN_POINT ( 'NONE',  ( -31.06336298888760439, 21.85983193483239262, 27.47895099870356361 ) ) ;
#5044 = CARTESIAN_POINT ( 'NONE',  ( -19.39091251506400937, 9.131320489579699995, 17.66651307281294692 ) ) ;
#5045 = CARTESIAN_POINT ( 'NONE',  ( -7.617084454437074825, 18.91248979564684873, 44.01039022695080405 ) ) ;
#5046 = CARTESIAN_POINT ( 'NONE',  ( -20.98021611274610265, 5.546887642852121658, 18.00164955883859719 ) ) ;
#5047 = CARTESIAN_POINT ( 'NONE',  ( -19.42324268394821374, 10.07206325099288513, 26.80313638979513158 ) ) ;
#5048 = DIRECTION ( 'NONE',  ( 1.000000000000000000, 0.000000000000000000, 0.000000000000000000 ) ) ;
#5049 = CARTESIAN_POINT ( 'NONE',  ( -62.79787804137399121, 5.286693721055644168, 26.27054027550334325 ) ) ;
#5050 = CARTESIAN_POINT ( 'NONE',  ( -53.17339274224858059, 0.9881018535314917139, 37.47895099870585511 ) ) ;
#5051 = CIRCLE ( 'NONE', #5432, 1.249999999999999556 ) ;
#5052 = ORIENTED_EDGE ( 'NONE', *, *, #5788, .T. ) ;
#5053 = ORIENTED_EDGE ( 'NONE', *, *, #5064, .T. ) ;
#5054 = CARTESIAN_POINT ( 'NONE',  ( -19.72471052080728526, 5.389159102590871164, 17.08644020509906269 ) ) ;
#5055 = VECTOR ( 'NONE', #3642, 1000.000000000000000 ) ;
#5056 = CARTESIAN_POINT ( 'NONE',  ( -20.12974014651351595, 6.499625953745824525, 27.32874603750916620 ) ) ;
#5057 = CARTESIAN_POINT ( 'NONE',  ( -19.11403046959427243, 10.94468638573824570, 18.67709402078999048 ) ) ;
#5058 = CARTESIAN_POINT ( 'NONE',  ( -46.46535565113853039, 16.00561588230313603, 17.47895099870556734 ) ) ;
#5059 = EDGE_CURVE ( 'NONE', #5215, #1230, #4364, .T. ) ;
#5060 = CARTESIAN_POINT ( 'NONE',  ( -56.78172685094608596, 2.398604011701926275, 36.96104943215103589 ) ) ;
#5061 = ORIENTED_EDGE ( 'NONE', *, *, #3983, .F. ) ;
#5062 = CARTESIAN_POINT ( 'NONE',  ( -48.43107440575078471, 25.98634632245276777, 17.47895099870557445 ) ) ;
#5063 = CARTESIAN_POINT ( 'NONE',  ( -55.86446268280904093, 30.52674428331565792, 8.885079598013026825 ) ) ;
#5064 = EDGE_CURVE ( 'NONE', #4165, #1072, #5227, .T. ) ;
#5065 = CARTESIAN_POINT ( 'NONE',  ( -7.617084454436963803, 31.48819975961737683, 22.47895099870554603 ) ) ;
#5066 = CARTESIAN_POINT ( 'NONE',  ( -19.73766708623657706, 5.313861130563235058, 27.84218071913481651 ) ) ;
#5067 = CARTESIAN_POINT ( 'NONE',  ( -53.87953747809019944, 31.26309906035519504, 8.952539787756080614 ) ) ;
#5068 = CIRCLE ( 'NONE', #2419, 2.580169464872506868 ) ;
#5069 = CARTESIAN_POINT ( 'NONE',  ( -19.81710443678801425, 5.083033310950964889, 17.29524500215151761 ) ) ;
#5070 = VERTEX_POINT ( 'NONE', #4272 ) ;
#5071 = EDGE_CURVE ( 'NONE', #2137, #637, #1152, .T. ) ;
#5072 = CARTESIAN_POINT ( 'NONE',  ( -60.58059358387918536, 12.21033986712897956, 34.96685898784244984 ) ) ;
#5073 = LINE ( 'NONE', #1091, #4027 ) ;
#5074 = CARTESIAN_POINT ( 'NONE',  ( -59.17028147194356080, 25.98819005085585943, 17.47895099870419955 ) ) ;
#5075 = CARTESIAN_POINT ( 'NONE',  ( -19.70007395961325614, 5.541365358992297985, 17.03155520014473723 ) ) ;
#5076 = DIRECTION ( 'NONE',  ( -0.3218140329526609222, 0.9468028982817614514, -0.000000000000000000 ) ) ;
#5077 = CARTESIAN_POINT ( 'NONE',  ( -62.96708445443707802, 8.252464652539398315, 26.48333499908094879 ) ) ;
#5078 = VECTOR ( 'NONE', #1366, 1000.000000000000000 ) ;
#5079 = CARTESIAN_POINT ( 'NONE',  ( -59.33540954909638998, 8.201207151335948353, 36.85249698720540579 ) ) ;
#5080 = DIRECTION ( 'NONE',  ( -1.000000000000000000, 1.952216013901712670E-16, 0.000000000000000000 ) ) ;
#5081 = LINE ( 'NONE', #2877, #5361 ) ;
#5082 = CARTESIAN_POINT ( 'NONE',  ( -57.82624297333853747, 30.28785860209828940, 36.94574472099848350 ) ) ;
#5083 = ORIENTED_EDGE ( 'NONE', *, *, #457, .F. ) ;
#5084 = ORIENTED_EDGE ( 'NONE', *, *, #54, .F. ) ;
#5085 = CARTESIAN_POINT ( 'NONE',  ( -20.29225405418096173, 5.491850219162020430, 26.94443567985713273 ) ) ;
#5086 = B_SPLINE_CURVE_WITH_KNOTS ( 'NONE', 3,
 ( #89, #1414, #5518, #3262, #5077, #1013, #2815, #974 ),
 .UNSPECIFIED., .F., .F.,
 ( 4, 2, 2, 4 ),
 ( 0.2180640282821206810, 0.4135480212115908438, 0.6090320141410610066, 1.000000000000000000 ),
 .UNSPECIFIED. ) ;
#5087 = DIRECTION ( 'NONE',  ( 0.000000000000000000, 0.000000000000000000, 1.000000000000000000 ) ) ;
#5088 = APPROVAL ( #4617, 'UNSPECIFIED' ) ;
#5089 = DIRECTION ( 'NONE',  ( 1.156482317317871478E-16, 1.000000000000000000, -0.000000000000000000 ) ) ;
#5090 = CARTESIAN_POINT ( 'NONE',  ( -53.81125372174127364, 15.98796441066853014, 17.47895099870361690 ) ) ;
#5091 = CARTESIAN_POINT ( 'NONE',  ( -19.48523456974155366, 7.538347752776927813, 17.70785019199753663 ) ) ;
#5092 = ORIENTED_EDGE ( 'NONE', *, *, #3965, .F. ) ;
#5093 = ORIENTED_EDGE ( 'NONE', *, *, #2601, .F. ) ;
#5094 = CARTESIAN_POINT ( 'NONE',  ( -50.70440901259353694, 25.98895202185646980, 17.47895099870407165 ) ) ;
#5095 = CARTESIAN_POINT ( 'NONE',  ( -7.617084454437074825, 12.56748497057090574, 43.51039022695080405 ) ) ;
#5096 = DIRECTION ( 'NONE',  ( -1.051347561198064835E-16, 1.000000000000000000, 7.341520781122565208E-31 ) ) ;
#5097 = CARTESIAN_POINT ( 'NONE',  ( -7.617084454437069496, 3.313861130563235058, 22.47895099870554603 ) ) ;
#5098 = CARTESIAN_POINT ( 'NONE',  ( -54.47854593041638793, 31.14481252223114893, 9.023990647285584643 ) ) ;
#5099 = ORIENTED_EDGE ( 'NONE', *, *, #118, .T. ) ;
#5100 = EDGE_CURVE ( 'NONE', #5630, #224, #4099, .T. ) ;
#5101 = B_SPLINE_CURVE_WITH_KNOTS ( 'NONE', 3,
 ( #2451, #5633, #84, #202 ),
 .UNSPECIFIED., .F., .F.,
 ( 4, 4 ),
 ( 2.081751155086890241E-05, 0.0001673557675452555971 ),
 .UNSPECIFIED. ) ;
#5102 =( BOUNDED_SURFACE ( )  B_SPLINE_SURFACE ( 3, 2, ( 
 ( #3485, #1220, #3030 ),
 ( #781, #190, #4904 ),
 ( #1247, #364, #1701 ),
 ( #924, #837, #5323 ) ),
 .UNSPECIFIED., .F., .F., .T. ) 
 B_SPLINE_SURFACE_WITH_KNOTS ( ( 4, 4 ),
 ( 3, 3 ),
 ( -8.131516293641283255E-19, 0.0002435276449141213749 ),
 ( 0.000000000000000000, 1.000000000000000000 ),
 .UNSPECIFIED. ) 
 GEOMETRIC_REPRESENTATION_ITEM ( )  RATIONAL_B_SPLINE_SURFACE ( (
 ( 1.000000000000000000, 0.8843611869031542394, 1.000000000000000000),
 ( 1.000000000000000000, 0.8833969924323011869, 1.000000000000000000),
 ( 1.000000000000000000, 0.8824588684194361043, 1.000000000000000000),
 ( 1.000000000000000000, 0.8815483237735920463, 1.000000000000000000) ) ) 
 REPRESENTATION_ITEM ( '' )  SURFACE ( )  );
#5103 = DIRECTION ( 'NONE',  ( 1.051347561198064835E-16, -1.000000000000000000, -7.341520781122565208E-31 ) ) ;
#5104 = CARTESIAN_POINT ( 'NONE',  ( -8.117084454437074825, 27.42363538815188662, 7.478950998705546915 ) ) ;
#5105 = CARTESIAN_POINT ( 'NONE',  ( -63.63367462555549281, 25.98821102462317612, 17.47895099870559221 ) ) ;
#5106 = CARTESIAN_POINT ( 'NONE',  ( -57.96113328738957193, 12.06748497057090397, 37.19511709831945723 ) ) ;
#5107 = CARTESIAN_POINT ( 'NONE',  ( -20.23578477129943209, 5.874336847603707668, 17.84621823362530435 ) ) ;
#5108 = FACE_OUTER_BOUND ( 'NONE', #1697, .T. ) ;
#5109 = CARTESIAN_POINT ( 'NONE',  ( -59.38074888407246732, 8.357201607466924642, 36.79225481764633798 ) ) ;
#5110 = CARTESIAN_POINT ( 'NONE',  ( -20.80932949759224826, 12.26292242942686705, 20.21795320726159773 ) ) ;
#5111 = EDGE_CURVE ( 'NONE', #688, #752, #2604, .T. ) ;
#5112 = CARTESIAN_POINT ( 'NONE',  ( -62.90707690871817448, 15.98819913141635496, 27.47895099870568814 ) ) ;
#5113 = CARTESIAN_POINT ( 'NONE',  ( -55.53152549261127291, 30.36777537019684559, 37.47895099870587643 ) ) ;
#5114 = ORIENTED_EDGE ( 'NONE', *, *, #1423, .F. ) ;
#5115 = VERTEX_POINT ( 'NONE', #4392 ) ;
#5116 = CARTESIAN_POINT ( 'NONE',  ( -20.22095163448467758, 5.004078839288168545, 26.65488522409224359 ) ) ;
#5117 = CARTESIAN_POINT ( 'NONE',  ( -20.73192308104956183, 6.658809068283130017, 27.36070617986312214 ) ) ;
#5118 = CARTESIAN_POINT ( 'NONE',  ( -17.15732914327686842, 12.51176341446564777, 19.60837364138176397 ) ) ;
#5119 = CARTESIAN_POINT ( 'NONE',  ( -23.32836140348306841, 8.063253385949334273, 17.47895099870283531 ) ) ;
#5120 = AXIS2_PLACEMENT_3D ( 'NONE', #152, #1950, #973 ) ;
#5121 = CARTESIAN_POINT ( 'NONE',  ( -7.617084454437067720, 13.32274102038948449, 22.47895099870554603 ) ) ;
#5122 = ORIENTED_EDGE ( 'NONE', *, *, #541, .T. ) ;
#5123 = VERTEX_POINT ( 'NONE', #380 ) ;
#5124 = CARTESIAN_POINT ( 'NONE',  ( -21.16750353619008607, 17.83842933819417809, 17.47895099870235569 ) ) ;
#5125 = LOCAL_TIME ( 16, 9, 41.00000000000000000, #4146 ) ;
#5126 = CARTESIAN_POINT ( 'NONE',  ( -54.82796304647945362, 1.928175168248431826, 7.478950998705546915 ) ) ;
#5127 = ORIENTED_EDGE ( 'NONE', *, *, #5571, .F. ) ;
#5128 = ORIENTED_EDGE ( 'NONE', *, *, #3107, .T. ) ;
#5129 = DIRECTION ( 'NONE',  ( -1.000000000000000000, 0.000000000000000000, 0.000000000000000000 ) ) ;
#5130 = CARTESIAN_POINT ( 'NONE',  ( -57.72880010707802967, 30.02615596275298770, 37.25650330005206712 ) ) ;
#5131 = CARTESIAN_POINT ( 'NONE',  ( -34.79447726489160431, 23.48237869078972651, 17.47895099870555313 ) ) ;
#5132 = CARTESIAN_POINT ( 'NONE',  ( -56.92242737563953625, 10.21510085953140567, 37.47895099870589064 ) ) ;
#5133 = CARTESIAN_POINT ( 'NONE',  ( -3.537084454436969949, 31.48819975961737683, 22.47895099870551761 ) ) ;
#5134 = FACE_OUTER_BOUND ( 'NONE', #5799, .T. ) ;
#5135 = EDGE_CURVE ( 'NONE', #2017, #3534, #3811, .T. ) ;
#5136 = CARTESIAN_POINT ( 'NONE',  ( -59.64239807288078055, 9.086725920060864325, 36.43347562186101385 ) ) ;
#5137 = CARTESIAN_POINT ( 'NONE',  ( -19.30188035961868565, 2.951519391870328413, 22.68384168655710909 ) ) ;
#5138 = EDGE_CURVE ( 'NONE', #4073, #3301, #4034, .T. ) ;
#5139 = CARTESIAN_POINT ( 'NONE',  ( -20.91483036042050969, 5.857725201687795646, 17.86963849317799813 ) ) ;
#5140 = CARTESIAN_POINT ( 'NONE',  ( -7.617084454437074825, 18.91248979564684873, 37.47895099870564906 ) ) ;
#5141 = ORIENTED_EDGE ( 'NONE', *, *, #4445, .T. ) ;
#5142 = EDGE_LOOP ( 'NONE', ( #2120, #464, #379, #814 ) ) ;
#5143 = ADVANCED_FACE ( 'NONE', ( #3138 ), #2633, .T. ) ;
#5144 = CARTESIAN_POINT ( 'NONE',  ( -19.87961825199113264, 5.618082321617274388, 17.34896966318433797 ) ) ;
#5145 = CARTESIAN_POINT ( 'NONE',  ( -19.59276407429719313, 6.893514447923823063, 27.87325871857323278 ) ) ;
#5146 = CARTESIAN_POINT ( 'NONE',  ( -18.92415645525439771, 11.51013168507224016, 19.15880803868120452 ) ) ;
#5147 = CARTESIAN_POINT ( 'NONE',  ( -49.82411024604708416, 15.99075545985551727, 27.47895099870557445 ) ) ;
#5148 = AXIS2_PLACEMENT_3D ( 'NONE', #3913, #683, #1976 ) ;
#5149 = CARTESIAN_POINT ( 'NONE',  ( -7.617084454437065943, 30.48819975961736972, 22.47895099870554603 ) ) ;
#5150 = VERTEX_POINT ( 'NONE', #4424 ) ;
#5151 = ORIENTED_EDGE ( 'NONE', *, *, #4833, .T. ) ;
#5152 = CIRCLE ( 'NONE', #1442, 3.238583567322119716 ) ;
#5153 = CARTESIAN_POINT ( 'NONE',  ( -20.37578933920202218, 17.74596876972338322, 27.47895099870554603 ) ) ;
#5154 = CARTESIAN_POINT ( 'NONE',  ( -55.10646093942244761, 30.16935903181898837, 7.478950998705616193 ) ) ;
#5155 = CARTESIAN_POINT ( 'NONE',  ( -20.89054036396574787, 5.976125388748114275, 17.82072861700603283 ) ) ;
#5156 = VERTEX_POINT ( 'NONE', #1269 ) ;
#5157 = CARTESIAN_POINT ( 'NONE',  ( -19.94265809319382043, 7.068280890320158605, 17.51458709406757919 ) ) ;
#5158 = ORIENTED_EDGE ( 'NONE', *, *, #467, .T. ) ;
#5159 = DIRECTION ( 'NONE',  ( 1.156482317317871478E-16, 1.000000000000000000, -0.000000000000000000 ) ) ;
#5160 = DIRECTION ( 'NONE',  ( 1.000000000000000000, -4.072051880428308236E-17, 0.000000000000000000 ) ) ;
#5161 = B_SPLINE_CURVE_WITH_KNOTS ( 'NONE', 3,
 ( #2749, #4557, #4923, #1906, #856, #4837, #2043, #2070, #3858, #4717 ),
 .UNSPECIFIED., .F., .F.,
 ( 4, 1, 1, 2, 2, 4 ),
 ( 0.000000000000000000, 0.2500000000000061617, 0.3750000000000092149, 0.4375000000000107692, 0.5000000000000123235, 1.000000000000000000 ),
 .UNSPECIFIED. ) ;
#5162 = CARTESIAN_POINT ( 'NONE',  ( -63.30034866612866296, 5.988203474149750960, 17.47895099870500957 ) ) ;
#5163 = CARTESIAN_POINT ( 'NONE',  ( -58.04236982829295499, 8.282221063230325697, 37.47895099870589775 ) ) ;
#5164 = DIRECTION ( 'NONE',  ( -1.000000000000000000, 1.156482317317871478E-16, 0.000000000000000000 ) ) ;
#5165 = AXIS2_PLACEMENT_3D ( 'NONE', #4181, #1009, #652 ) ;
#5166 = CIRCLE ( 'NONE', #2607, 1.250000000000002220 ) ;
#5167 = EDGE_CURVE ( 'NONE', #5175, #2372, #221, .T. ) ;
#5168 = CARTESIAN_POINT ( 'NONE',  ( -60.33165365848230266, 10.78696234234642759, 35.38749086018640355 ) ) ;
#5169 = DIRECTION ( 'NONE',  ( 6.982962677686266711E-15, -0.000000000000000000, 1.000000000000000000 ) ) ;
#5170 = CARTESIAN_POINT ( 'NONE',  ( -44.21106457215372387, 15.92682142205422835, 27.47895099870556734 ) ) ;
#5171 = DIRECTION ( 'NONE',  ( 1.000000000000000000, 0.000000000000000000, 0.000000000000000000 ) ) ;
#5172 = VECTOR ( 'NONE', #5494, 1000.000000000000000 ) ;
#5173 = CARTESIAN_POINT ( 'NONE',  ( -7.617084454437065943, 0.4881997596173706655, 37.47895099870564906 ) ) ;
#5174 = ORIENTED_EDGE ( 'NONE', *, *, #3653, .F. ) ;
#5175 = VERTEX_POINT ( 'NONE', #5785 ) ;
#5176 = EDGE_CURVE ( 'NONE', #3390, #722, #5813, .T. ) ;
#5177 = AXIS2_PLACEMENT_3D ( 'NONE', #1557, #1966, #2325 ) ;
#5178 = CIRCLE ( 'NONE', #1747, 14.97357338780567204 ) ;
#5179 = CARTESIAN_POINT ( 'NONE',  ( -19.64729907018488575, 3.311836463089740334, 20.20499923506302764 ) ) ;
#5180 = DESIGN_CONTEXT ( 'detailed design', #5306, 'design' ) ;
#5181 = CARTESIAN_POINT ( 'NONE',  ( -10.75996520382475552, 0.6171992533958646776, 22.47895099870554603 ) ) ;
#5182 = CARTESIAN_POINT ( 'NONE',  ( -17.19754125717509297, 12.42587483100957435, 25.53867189804943649 ) ) ;
#5183 = DIRECTION ( 'NONE',  ( 0.000000000000000000, 0.000000000000000000, 1.000000000000000000 ) ) ;
#5184 = EDGE_CURVE ( 'NONE', #3243, #3868, #1652, .T. ) ;
#5185 = CARTESIAN_POINT ( 'NONE',  ( -19.19984909067639123, 3.352012330901394055, 24.45763691838383735 ) ) ;
#5186 = ORIENTED_EDGE ( 'NONE', *, *, #3139, .T. ) ;
#5187 = ORIENTED_EDGE ( 'NONE', *, *, #4692, .T. ) ;
#5188 = CARTESIAN_POINT ( 'NONE',  ( -47.94140235537599892, 5.986111297063302139, 27.47895099870557800 ) ) ;
#5189 = CARTESIAN_POINT ( 'NONE',  ( -55.92995919077861799, 29.24284101246970025, 7.478950998705545139 ) ) ;
#5190 = CARTESIAN_POINT ( 'NONE',  ( -4.378500887114950224, 0.5881997596173696996, 22.47895099870554603 ) ) ;
#5191 = CARTESIAN_POINT ( 'NONE',  ( -19.85730801360665509, 8.290349702921744779, 27.46823447462018208 ) ) ;
#5192 = VERTEX_POINT ( 'NONE', #4922 ) ;
#5193 = CARTESIAN_POINT ( 'NONE',  ( -20.87918753795995030, 6.036149710009623526, 27.15991037324625523 ) ) ;
#5194 = CARTESIAN_POINT ( 'NONE',  ( -19.61441795556596901, 8.715770905977345606, 17.56833314964531567 ) ) ;
#5195 = CARTESIAN_POINT ( 'NONE',  ( -63.96719814737996046, 15.98822232246922503, 17.47895099870559221 ) ) ;
#5196 = CARTESIAN_POINT ( 'NONE',  ( -57.03073545147102408, 10.03768578579184734, 37.47895099870589775 ) ) ;
#5197 = DIRECTION ( 'NONE',  ( 0.000000000000000000, 0.000000000000000000, 1.000000000000000000 ) ) ;
#5198 = CARTESIAN_POINT ( 'NONE',  ( -10.75996520382475730, 0.6171992533958646776, 28.76471249748091807 ) ) ;
#5199 = EDGE_CURVE ( 'NONE', #426, #5362, #382, .T. ) ;
#5200 = CARTESIAN_POINT ( 'NONE',  ( -59.74011061806273659, 9.327047749006109001, 36.29438800333708315 ) ) ;
#5201 = CARTESIAN_POINT ( 'NONE',  ( -20.65368055050240770, 11.98398843331857755, 25.20194299694951923 ) ) ;
#5202 = CARTESIAN_POINT ( 'NONE',  ( -31.42746716207427227, 10.98865990636457290, 27.47895099870287083 ) ) ;
#5203 = CARTESIAN_POINT ( 'NONE',  ( -19.93868581698882281, 4.952594602618781927, 27.31842196187731631 ) ) ;
#5204 = CARTESIAN_POINT ( 'NONE',  ( -18.07783242262227219, 10.82178122703439804, 18.58436776287198811 ) ) ;
#5205 = CARTESIAN_POINT ( 'NONE',  ( -56.04531229327767505, 31.03985607619264897, 37.47895099870588353 ) ) ;
#5206 = ORIENTED_EDGE ( 'NONE', *, *, #412, .F. ) ;
#5207 = EDGE_CURVE ( 'NONE', #5395, #4282, #633, .T. ) ;
#5208 = ORIENTED_EDGE ( 'NONE', *, *, #3005, .T. ) ;
#5209 = CARTESIAN_POINT ( 'NONE',  ( -57.64535690733737283, 27.59075797879240355, 8.639533499670111638 ) ) ;
#5210 = CARTESIAN_POINT ( 'NONE',  ( -18.72532632933368646, 11.86021371517367307, 25.37667275854372306 ) ) ;
#5211 = EDGE_CURVE ( 'NONE', #4282, #1704, #5161, .T. ) ;
#5212 = DIRECTION ( 'NONE',  ( 0.9113645455674393991, 0.000000000000000000, 0.4116001276514070772 ) ) ;
#5213 = ORIENTED_EDGE ( 'NONE', *, *, #4158, .T. ) ;
#5214 = ADVANCED_FACE ( 'NONE', ( #1130 ), #884, .T. ) ;
#5215 = VERTEX_POINT ( 'NONE', #2554 ) ;
#5216 = CARTESIAN_POINT ( 'NONE',  ( -52.68254282129918664, 5.987195128047784642, 17.47895099870753199 ) ) ;
#5217 = CARTESIAN_POINT ( 'NONE',  ( -20.94207886453201795, 5.374073361438620466, 16.71731978012709874 ) ) ;
#5218 = CIRCLE ( 'NONE', #2359, 1.250000000000000000 ) ;
#5219 = CARTESIAN_POINT ( 'NONE',  ( -56.48720304988054153, 3.258398904393744910, 7.839274608200790695 ) ) ;
#5220 = EDGE_CURVE ( 'NONE', #1498, #2112, #349, .T. ) ;
#5221 = CARTESIAN_POINT ( 'NONE',  ( -19.65969940224324120, 7.630763128862561473, 17.47467708228875694 ) ) ;
#5222 = ORIENTED_EDGE ( 'NONE', *, *, #141, .F. ) ;
#5223 = CIRCLE ( 'NONE', #4074, 1.499999999999994449 ) ;
#5224 = ADVANCED_FACE ( 'NONE', ( #2007 ), #1157, .T. ) ;
#5225 = DIRECTION ( 'NONE',  ( 0.000000000000000000, 0.000000000000000000, 1.000000000000000000 ) ) ;
#5226 = CARTESIAN_POINT ( 'NONE',  ( -7.617084454437068608, 7.298941884571731542, 22.47895099870554603 ) ) ;
#5227 = LINE ( 'NONE', #4714, #5623 ) ;
#5228 = CARTESIAN_POINT ( 'NONE',  ( -59.93626951784330004, 9.792107661979137845, 36.00657595110101994 ) ) ;
#5229 = CARTESIAN_POINT ( 'NONE',  ( -56.46708445443707802, 0.4881997596173706655, 13.43255253399390092 ) ) ;
#5230 = CARTESIAN_POINT ( 'NONE',  ( -28.32375022344018234, 9.632389165278786081, 27.47895099870875057 ) ) ;
#5231 = CARTESIAN_POINT ( 'NONE',  ( -20.04064622955756647, 5.031889606986565511, 27.19883268582569968 ) ) ;
#5232 = CARTESIAN_POINT ( 'NONE',  ( -19.12197608390328796, 3.389026145809301394, 25.21538477708431714 ) ) ;
#5233 = CARTESIAN_POINT ( 'NONE',  ( -19.66435199142963342, 6.247348288944458261, 27.89393189319825694 ) ) ;
#5234 = ORIENTED_EDGE ( 'NONE', *, *, #5284, .T. ) ;
#5235 = EDGE_LOOP ( 'NONE', ( #3993, #2498, #1788, #4646 ) ) ;
#5236 = CARTESIAN_POINT ( 'NONE',  ( -4.472480666354639922, 0.8895586714359513536, 37.28859963804249134 ) ) ;
#5237 = CARTESIAN_POINT ( 'NONE',  ( -56.47570211126801354, 33.36639753359465033, 7.478950998705546915 ) ) ;
#5238 = CARTESIAN_POINT ( 'NONE',  ( -17.84144950824781972, 12.75020275983553120, 23.41193753644786213 ) ) ;
#5239 = DIRECTION ( 'NONE',  ( 0.000000000000000000, 0.000000000000000000, -1.000000000000000000 ) ) ;
#5240 = CARTESIAN_POINT ( 'NONE',  ( -19.86357521274753068, 4.860134795816051678, 17.51305317270624329 ) ) ;
#5241 = EDGE_LOOP ( 'NONE', ( #4133, #2543, #3660, #1871 ) ) ;
#5242 = ORIENTED_EDGE ( 'NONE', *, *, #90, .F. ) ;
#5243 = CARTESIAN_POINT ( 'NONE',  ( -19.00085360946959767, -2.218607599893485549, 17.47895099870553182 ) ) ;
#5244 = VECTOR ( 'NONE', #4211, 1000.000000000000000 ) ;
#5245 = CARTESIAN_POINT ( 'NONE',  ( -54.68325658198169492, 28.42481251701502742, 7.478950998705546915 ) ) ;
#5246 = DIRECTION ( 'NONE',  ( 1.156482317317871478E-16, 1.000000000000000000, -0.000000000000000000 ) ) ;
#5247 = ORIENTED_EDGE ( 'NONE', *, *, #1495, .F. ) ;
#5248 = CARTESIAN_POINT ( 'NONE',  ( -59.13973648411918305, 12.04367871401051815, 37.47895099870569879 ) ) ;
#5249 = EDGE_CURVE ( 'NONE', #2113, #4282, #4926, .T. ) ;
#5250 = CARTESIAN_POINT ( 'NONE',  ( -18.99402234904439624, 8.996464114575246640, 17.62442497353907811 ) ) ;
#5251 = CARTESIAN_POINT ( 'NONE',  ( -7.617084454437067720, 15.06819975961737690, 22.47895099870554603 ) ) ;
#5252 = CARTESIAN_POINT ( 'NONE',  ( -19.86963639621375322, 4.392152378829265125, 26.92844439402428236 ) ) ;
#5253 = CARTESIAN_POINT ( 'NONE',  ( -60.33406076094644277, 10.79399232731882918, 35.38354577769030129 ) ) ;
#5254 = CARTESIAN_POINT ( 'NONE',  ( -62.96708445443707802, 6.988199759617370610, 22.47895099870554603 ) ) ;
#5255 = CARTESIAN_POINT ( 'NONE',  ( -6.867084454437071273, 30.48819975961736972, 22.47895099870554603 ) ) ;
#5256 = FACE_OUTER_BOUND ( 'NONE', #3302, .T. ) ;
#5257 = AXIS2_PLACEMENT_3D ( 'NONE', #1919, #478, #5080 ) ;
#5258 = CARTESIAN_POINT ( 'NONE',  ( -20.90244005517616444, 5.916627509197051715, 27.11327900244373623 ) ) ;
#5259 = CARTESIAN_POINT ( 'NONE',  ( -52.01471919984600589, 30.14000014206628464, 7.478950998705547804 ) ) ;
#5260 = AXIS2_PLACEMENT_3D ( 'NONE', #2561, #3360, #2434 ) ;
#5261 = ORIENTED_EDGE ( 'NONE', *, *, #4956, .F. ) ;
#5262 = B_SPLINE_CURVE_WITH_KNOTS ( 'NONE', 3,
 ( #4622, #592, #2869, #4238 ),
 .UNSPECIFIED., .F., .F.,
 ( 4, 4 ),
 ( 0.004025651792488073311, 0.004026682904142092970 ),
 .UNSPECIFIED. ) ;
#5263 = ORIENTED_EDGE ( 'NONE', *, *, #1720, .F. ) ;
#5264 = AXIS2_PLACEMENT_3D ( 'NONE', #5226, #1150, #4769 ) ;
#5265 = CARTESIAN_POINT ( 'NONE',  ( -18.73587723562545193, 3.313861130563235058, 20.73867412452852932 ) ) ;
#5266 = CARTESIAN_POINT ( 'NONE',  ( -54.82796302891508589, 27.59075797879240355, 7.478950998705546915 ) ) ;
#5267 = CARTESIAN_POINT ( 'NONE',  ( -17.27149272484980003, 12.76937717143649920, 23.32099920764660794 ) ) ;
#5268 = CARTESIAN_POINT ( 'NONE',  ( -19.36408013775618642, 3.511767334458407941, 19.42917405520663365 ) ) ;
#5269 = CARTESIAN_POINT ( 'NONE',  ( -7.617084454437074825, 12.06748497057090397, 37.47895099870564906 ) ) ;
#5270 = ORIENTED_EDGE ( 'NONE', *, *, #1535, .T. ) ;
#5271 = ORIENTED_EDGE ( 'NONE', *, *, #3800, .F. ) ;
#5272 = VECTOR ( 'NONE', #2974, 1000.000000000000000 ) ;
#5273 = CARTESIAN_POINT ( 'NONE',  ( -40.39030945307661824, 4.134223751943923553, 17.47895099870555313 ) ) ;
#5274 = CARTESIAN_POINT ( 'NONE',  ( -55.11093115089378358, 27.91213190807663125, 7.478950998705546915 ) ) ;
#5275 = CARTESIAN_POINT ( 'NONE',  ( -19.69513510843523107, 2.291121685538780373, 25.49166458752492659 ) ) ;
#5276 = CARTESIAN_POINT ( 'NONE',  ( -19.01237475605578453, 3.313861130563236390, 23.54466419415099665 ) ) ;
#5277 = VERTEX_POINT ( 'NONE', #3446 ) ;
#5278 = ADVANCED_FACE ( 'NONE', ( #5256 ), #328, .T. ) ;
#5279 = DIRECTION ( 'NONE',  ( -0.9994099895679895429, -0.03434636446133743776, 9.163320840226292063E-16 ) ) ;
#5280 = CARTESIAN_POINT ( 'NONE',  ( -19.43991482459717446, 9.033050116995470447, 17.63913449928091737 ) ) ;
#5281 = CARTESIAN_POINT ( 'NONE',  ( -18.03737560962339259, 12.61712740154994705, 23.96154329557898777 ) ) ;
#5282 = CARTESIAN_POINT ( 'NONE',  ( -58.84447318805464278, 29.35686878172902681, 36.78214238588739704 ) ) ;
#5283 = CARTESIAN_POINT ( 'NONE',  ( -4.367808356046202434, 0.9683203726987305027, 22.47895099870554603 ) ) ;
#5284 = EDGE_CURVE ( 'NONE', #635, #3132, #2261, .T. ) ;
#5285 = DIRECTION ( 'NONE',  ( 0.000000000000000000, 1.000000000000000000, 0.000000000000000000 ) ) ;
#5286 = CARTESIAN_POINT ( 'NONE',  ( -7.617084454437065943, 30.48819975961736972, 22.47895099870554603 ) ) ;
#5287 = CARTESIAN_POINT ( 'NONE',  ( 5.382915545563027315, 31.48819975961736972, 22.47895099870545721 ) ) ;
#5288 = CARTESIAN_POINT ( 'NONE',  ( -20.24151422021606095, 8.620488787794583274, 17.72407317150636175 ) ) ;
#5289 = CARTESIAN_POINT ( 'NONE',  ( -51.34890249166236487, 30.38448720185725449, 7.478950998705547804 ) ) ;
#5290 = EDGE_LOOP ( 'NONE', ( #1218, #544, #45, #4727, #841, #4106, #4966, #5853, #1753, #4720, #2475, #160 ) ) ;
#5291 = ORIENTED_EDGE ( 'NONE', *, *, #3785, .F. ) ;
#5292 = ADVANCED_FACE ( 'NONE', ( #2911 ), #3919, .T. ) ;
#5293 = CARTESIAN_POINT ( 'NONE',  ( -7.320406256130036482, 30.56480140589214045, 37.47895099870554247 ) ) ;
#5294 = CARTESIAN_POINT ( 'NONE',  ( -7.617084454437069496, 30.48819975961737683, 37.47895099870564906 ) ) ;
#5295 = CARTESIAN_POINT ( 'NONE',  ( -17.40419821249184906, 11.80845120848347385, 26.55783148523234871 ) ) ;
#5296 = DIRECTION ( 'NONE',  ( 0.000000000000000000, -1.000000000000000000, 0.000000000000000000 ) ) ;
#5297 = CARTESIAN_POINT ( 'NONE',  ( -20.98048247543171740, 5.545621424487654494, 26.95571468211624833 ) ) ;
#5298 = ORIENTED_EDGE ( 'NONE', *, *, #5138, .F. ) ;
#5299 = ORIENTED_EDGE ( 'NONE', *, *, #210, .T. ) ;
#5300 = CARTESIAN_POINT ( 'NONE',  ( -37.07542892091516507, 2.597403954750879151, 27.47895099870823188 ) ) ;
#5301 = CARTESIAN_POINT ( 'NONE',  ( -62.74103012361945275, 5.284084805285464981, 19.60921022535810465 ) ) ;
#5302 = CARTESIAN_POINT ( 'NONE',  ( -59.17067934740750701, 5.988190051262106905, 17.47895099870419955 ) ) ;
#5303 = DIRECTION ( 'NONE',  ( 1.156482317317871478E-16, 1.000000000000000000, -0.000000000000000000 ) ) ;
#5304 = CARTESIAN_POINT ( 'NONE',  ( -18.44047829342140332, 3.313861130563235946, 23.07142078912043104 ) ) ;
#5305 = ORIENTED_EDGE ( 'NONE', *, *, #4960, .T. ) ;
#5306 = APPLICATION_CONTEXT ( 'configuration controlled 3d designs of mechanical parts and assemblies' ) ;
#5307 = CARTESIAN_POINT ( 'NONE',  ( -58.96708445443707092, 31.48819975961736972, 22.47895099870554603 ) ) ;
#5308 = CARTESIAN_POINT ( 'NONE',  ( -19.01284507188463024, 7.298941884571733318, 28.41112771825282834 ) ) ;
#5309 = CARTESIAN_POINT ( 'NONE',  ( -17.69138879546552801, 12.83894875454809892, 22.67109702995519527 ) ) ;
#5310 = CARTESIAN_POINT ( 'NONE',  ( -20.74638626894192939, 4.297484092176977022, 26.06796684994363744 ) ) ;
#5311 = CARTESIAN_POINT ( 'NONE',  ( -52.75504220335028549, 31.38651321237822245, 8.718113150633087116 ) ) ;
#5312 = CARTESIAN_POINT ( 'NONE',  ( -58.37450110393951519, 15.98815782803314534, 27.47895099870419955 ) ) ;
#5313 = CARTESIAN_POINT ( 'NONE',  ( -62.29722709472768827, 4.046072115921870882, 18.68654805585335410 ) ) ;
#5314 = EDGE_CURVE ( 'NONE', #590, #1493, #839, .T. ) ;
#5315 = CARTESIAN_POINT ( 'NONE',  ( -58.96708445443707092, 31.48819975961736972, 21.41691224532954863 ) ) ;
#5316 = CARTESIAN_POINT ( 'NONE',  ( -20.61868665870169437, 11.95308683515721349, 19.71265310054990749 ) ) ;
#5317 = CARTESIAN_POINT ( 'NONE',  ( -53.93500272902196002, 29.05467371365562101, 7.478950998705547804 ) ) ;
#5318 = ORIENTED_EDGE ( 'NONE', *, *, #883, .T. ) ;
#5319 = VERTEX_POINT ( 'NONE', #5287 ) ;
#5320 = DIRECTION ( 'NONE',  ( 1.156482317317871478E-16, 1.000000000000000000, -0.000000000000000000 ) ) ;
#5321 = ADVANCED_FACE ( 'NONE', ( #2099 ), #3479, .T. ) ;
#5322 = DIRECTION ( 'NONE',  ( -1.000000000000000000, 0.000000000000000000, 0.000000000000000000 ) ) ;
#5323 = CARTESIAN_POINT ( 'NONE',  ( -20.91483036041964638, 5.857725201687383532, 27.08826350423214535 ) ) ;
#5324 = B_SPLINE_CURVE_WITH_KNOTS ( 'NONE', 3,
 ( #2106, #1611, #4284, #3806, #255, #2918 ),
 .UNSPECIFIED., .F., .F.,
 ( 4, 2, 4 ),
 ( 0.000000000000000000, 0.0009451833292066778077, 0.001890366658413355615 ),
 .UNSPECIFIED. ) ;
#5325 = CARTESIAN_POINT ( 'NONE',  ( -19.33813245215602095, 7.595527023588795501, 27.80039976721297279 ) ) ;
#5326 = EDGE_LOOP ( 'NONE', ( #2836, #2331, #1897, #4908 ) ) ;
#5327 = ORIENTED_EDGE ( 'NONE', *, *, #724, .T. ) ;
#5328 = CARTESIAN_POINT ( 'NONE',  ( -19.34431725408294866, 7.775492295786410324, 27.47895099870553537 ) ) ;
#5329 = CARTESIAN_POINT ( 'NONE',  ( -12.82963198916899472, 9.534718448700353122, 22.47895099870554603 ) ) ;
#5330 = CARTESIAN_POINT ( 'NONE',  ( -58.37448354995066069, 5.988157808783688196, 17.47895099870419955 ) ) ;
#5331 = ORIENTED_EDGE ( 'NONE', *, *, #2339, .F. ) ;
#5332 = CARTESIAN_POINT ( 'NONE',  ( -47.98465749920845269, 25.98613353081275434, 27.47895099870557800 ) ) ;
#5333 = CARTESIAN_POINT ( 'NONE',  ( 2.570769992675083326, 8.413861130563230262, 22.47895099870554603 ) ) ;
#5334 = CARTESIAN_POINT ( 'NONE',  ( -17.71429909826938953, 12.82636923665262607, 22.08587788520040363 ) ) ;
#5335 = CARTESIAN_POINT ( 'NONE',  ( -19.72051079780339222, 3.682961382512244253, 25.38389290829078959 ) ) ;
#5336 = CARTESIAN_POINT ( 'NONE',  ( -51.21193350486186802, 31.47054831899998106, 8.468772784776692930 ) ) ;
#5337 = CIRCLE ( 'NONE', #2386, 4.080619632202465041 ) ;
#5338 = B_SPLINE_CURVE_WITH_KNOTS ( 'NONE', 3,
 ( #5446, #3213, #5860, #4105, #1428, #2827, #3188, #4578, #4973, #1024, #958, #1820 ),
 .UNSPECIFIED., .F., .F.,
 ( 4, 2, 2, 2, 2, 4 ),
 ( 0.002409834136726313886, 0.002997125243229392146, 0.003584416349732469972, 0.004758998562738618252, 0.005933580775744765230, 0.007108162988750913076 ),
 .UNSPECIFIED. ) ;
#5339 = CC_DESIGN_PERSON_AND_ORGANIZATION_ASSIGNMENT ( #5424, #3976, ( #943 ) ) ;
#5340 = CARTESIAN_POINT ( 'NONE',  ( -19.53619784067394960, 9.818512215732917880, 26.91856882775352844 ) ) ;
#5341 = DIRECTION ( 'NONE',  ( -1.000000000000000000, 0.000000000000000000, 0.000000000000000000 ) ) ;
#5342 = DIRECTION ( 'NONE',  ( 0.000000000000000000, 0.000000000000000000, -1.000000000000000000 ) ) ;
#5343 = CARTESIAN_POINT ( 'NONE',  ( -19.17834236682849181, 7.012777273222736696, 16.56155085781180247 ) ) ;
#5344 = AXIS2_PLACEMENT_3D ( 'NONE', #3087, #5676, #4115 ) ;
#5345 = EDGE_LOOP ( 'NONE', ( #103, #577, #5503, #2767, #2952 ) ) ;
#5346 = CARTESIAN_POINT ( 'NONE',  ( -18.73587723562529561, 3.313861130563236390, 20.73867412452839787 ) ) ;
#5347 = CIRCLE ( 'NONE', #233, 1.000000000000000888 ) ;
#5348 = CARTESIAN_POINT ( 'NONE',  ( -2.279215066752681818, 31.45001839077107064, 36.78385734524928807 ) ) ;
#5349 = DIRECTION ( 'NONE',  ( -0.000000000000000000, -0.000000000000000000, -1.000000000000000000 ) ) ;
#5350 = CARTESIAN_POINT ( 'NONE',  ( -60.71764604155822553, 2.069201678995811644, 26.13724915375548363 ) ) ;
#5351 = CARTESIAN_POINT ( 'NONE',  ( -19.39091251497482205, 9.131320486984845886, 27.29138892533004324 ) ) ;
#5352 = EDGE_LOOP ( 'NONE', ( #3025, #3388, #3613, #2711 ) ) ;
#5353 = ADVANCED_FACE ( 'NONE', ( #3355 ), #212, .T. ) ;
#5354 = VERTEX_POINT ( 'NONE', #5315 ) ;
#5355 = VECTOR ( 'NONE', #2939, 1000.000000000000000 ) ;
#5356 = CIRCLE ( 'NONE', #2789, 4.269554592223343548 ) ;
#5357 = CARTESIAN_POINT ( 'NONE',  ( -47.71350279509042025, 15.98723345079319103, 27.47895099870513747 ) ) ;
#5358 = CARTESIAN_POINT ( 'NONE',  ( -20.04995240083556141, 3.549002646299389774, 19.78702757761066877 ) ) ;
#5359 = CARTESIAN_POINT ( 'NONE',  ( -20.12934164198485831, 7.910659952203781486, 16.23057950135977023 ) ) ;
#5360 = CARTESIAN_POINT ( 'NONE',  ( -61.96632500801765531, 15.98818860268039543, 27.47895099870732594 ) ) ;
#5361 = VECTOR ( 'NONE', #2819, 1000.000000000000000 ) ;
#5362 = VERTEX_POINT ( 'NONE', #4007 ) ;
#5363 = CARTESIAN_POINT ( 'NONE',  ( -63.63382706695971791, 15.98821102550520834, 27.47895099870559221 ) ) ;
#5364 = CARTESIAN_POINT ( 'NONE',  ( -34.31889487463964628, 14.77548979564685006, 44.01039022695080405 ) ) ;
#5365 = EDGE_CURVE ( 'NONE', #389, #590, #4731, .T. ) ;
#5366 = CARTESIAN_POINT ( 'NONE',  ( -17.97443861012151700, 12.65989654759353300, 21.17272349843438661 ) ) ;
#5367 = ORIENTED_EDGE ( 'NONE', *, *, #1805, .T. ) ;
#5368 = FACE_OUTER_BOUND ( 'NONE', #4443, .T. ) ;
#5369 = CARTESIAN_POINT ( 'NONE',  ( -50.59433217547628203, 31.48661763397436175, 8.455072012232781375 ) ) ;
#5370 = FACE_OUTER_BOUND ( 'NONE', #4571, .T. ) ;
#5371 = CARTESIAN_POINT ( 'NONE',  ( -6.727084454437063599, 0.4881997596173706655, 22.47895099870556734 ) ) ;
#5372 = CARTESIAN_POINT ( 'NONE',  ( -19.31456852740947738, 6.719785117422214071, 28.35238443708409761 ) ) ;
#5373 = CARTESIAN_POINT ( 'NONE',  ( -19.63201347275312614, 5.827831388403136081, 16.88058872389467169 ) ) ;
#5374 = ORIENTED_EDGE ( 'NONE', *, *, #4449, .F. ) ;
#5375 = VERTEX_POINT ( 'NONE', #5816 ) ;
#5376 = CARTESIAN_POINT ( 'NONE',  ( -20.61868665870169437, 8.076361130563235236, 22.47895099870554603 ) ) ;
#5377 = CARTESIAN_POINT ( 'NONE',  ( -6.266024360035101104, 30.74104093329170695, 37.44713130832023040 ) ) ;
#5378 = CARTESIAN_POINT ( 'NONE',  ( -7.617084454437068608, 11.40583957164735196, 22.47895099870554603 ) ) ;
#5379 = PLANE ( 'NONE',  #2130 ) ;
#5380 = ADVANCED_FACE ( 'NONE', ( #802 ), #2214, .T. ) ;
#5381 = CARTESIAN_POINT ( 'NONE',  ( -19.38117797353848459, 8.848064948649906114, 27.37128594084576605 ) ) ;
#5382 = EDGE_LOOP ( 'NONE', ( #4518, #4887, #5271, #5842 ) ) ;
#5383 = ORIENTED_EDGE ( 'NONE', *, *, #5365, .F. ) ;
#5384 = CARTESIAN_POINT ( 'NONE',  ( -53.81125372172554222, 15.98796441066853014, 27.47895099870361690 ) ) ;
#5385 = DIRECTION ( 'NONE',  ( 1.051347561198064835E-16, -1.000000000000000000, -7.341520781122565208E-31 ) ) ;
#5386 = DIRECTION ( 'NONE',  ( -0.4716430481259958896, -0.8815561237305262754, -0.02028881139023307190 ) ) ;
#5387 = CARTESIAN_POINT ( 'NONE',  ( -43.02115129673846639, 5.209392686418842011, 17.47895099870556379 ) ) ;
#5388 = EDGE_CURVE ( 'NONE', #5033, #4141, #630, .T. ) ;
#5389 = CARTESIAN_POINT ( 'NONE',  ( -20.91483036042012245, 5.857725201687870253, 27.08826350423249352 ) ) ;
#5390 = ORIENTED_EDGE ( 'NONE', *, *, #529, .F. ) ;
#5391 = CARTESIAN_POINT ( 'NONE',  ( -63.96697076148107186, 25.98822231988400944, 27.47895099870559221 ) ) ;
#5392 = FACE_OUTER_BOUND ( 'NONE', #4293, .T. ) ;
#5393 = EDGE_CURVE ( 'NONE', #576, #697, #1227, .T. ) ;
#5394 = CARTESIAN_POINT ( 'NONE',  ( -20.55682660405154749, 11.89846088603601082, 25.32180240949400130 ) ) ;
#5395 = VERTEX_POINT ( 'NONE', #3115 ) ;
#5396 = CARTESIAN_POINT ( 'NONE',  ( -20.21712198278475370, 4.705021522914296206, 26.44615843477269479 ) ) ;
#5397 = CARTESIAN_POINT ( 'NONE',  ( -51.24906647250744385, 31.46923975912251947, 8.471642057598385733 ) ) ;
#5398 = EDGE_CURVE ( 'NONE', #609, #5319, #919, .T. ) ;
#5399 = CARTESIAN_POINT ( 'NONE',  ( -7.617084454437069496, 0.7381997596173708320, 22.47895099870554603 ) ) ;
#5400 = CARTESIAN_POINT ( 'NONE',  ( -61.27105863643990347, 4.780361557276993523, 13.78015593787629456 ) ) ;
#5401 = AXIS2_PLACEMENT_3D ( 'NONE', #3831, #1577, #3531 ) ;
#5402 = DIRECTION ( 'NONE',  ( 0.000000000000000000, -0.6022730194593202135, 0.7982901790898804251 ) ) ;
#5403 = CARTESIAN_POINT ( 'NONE',  ( -58.96708445443707092, 27.48819975961737327, 26.01039022695080405 ) ) ;
#5404 = ORIENTED_EDGE ( 'NONE', *, *, #4473, .F. ) ;
#5405 = VERTEX_POINT ( 'NONE', #4477 ) ;
#5406 = CARTESIAN_POINT ( 'NONE',  ( -54.02587931821543776, 1.465610712241363744, 7.478950998705548692 ) ) ;
#5407 = CARTESIAN_POINT ( 'NONE',  ( -19.32255552064818360, 3.563855429066006497, 20.12612667481501205 ) ) ;
#5408 = CARTESIAN_POINT ( 'NONE',  ( -59.20854750976919689, 1.079279865163089047, 26.08044732439181601 ) ) ;
#5409 = CARTESIAN_POINT ( 'NONE',  ( -59.14936203728207431, 6.988199759617371498, 37.09474869116208140 ) ) ;
#5410 = EDGE_LOOP ( 'NONE', ( #5481, #5533, #1462, #4878 ) ) ;
#5411 = EDGE_LOOP ( 'NONE', ( #4195, #1971, #5234, #644 ) ) ;
#5412 = CARTESIAN_POINT ( 'NONE',  ( -47.96302992729223291, 15.98612241393803224, 27.47895099870557445 ) ) ;
#5413 = CARTESIAN_POINT ( 'NONE',  ( -20.94758578749766187, 4.964764751415168043, 18.35763256124328890 ) ) ;
#5414 = CARTESIAN_POINT ( 'NONE',  ( -19.42191930993033111, 3.061782436409798969, 21.04851172654136704 ) ) ;
#5415 = CARTESIAN_POINT ( 'NONE',  ( -37.07542892094724607, 2.597403954766924095, 17.47895099870822833 ) ) ;
#5416 = CARTESIAN_POINT ( 'NONE',  ( -7.023731439674494759, 30.64140738766376160, 7.487745492632437383 ) ) ;
#5417 = VERTEX_POINT ( 'NONE', #4093 ) ;
#5418 = CARTESIAN_POINT ( 'NONE',  ( -53.81125372172554222, 15.98796441066853014, 27.47895099870361690 ) ) ;
#5419 = EDGE_CURVE ( 'NONE', #3164, #3687, #5223, .T. ) ;
#5420 = PLANE ( 'NONE',  #4117 ) ;
#5421 = B_SPLINE_CURVE_WITH_KNOTS ( 'NONE', 3,
 ( #3430, #3338, #5155, #1084 ),
 .UNSPECIFIED., .F., .F.,
 ( 4, 4 ),
 ( 8.673617379884035472E-19, 0.0001955479220095921453 ),
 .UNSPECIFIED. ) ;
#5422 = FACE_OUTER_BOUND ( 'NONE', #1678, .T. ) ;
#5423 = ORIENTED_EDGE ( 'NONE', *, *, #1573, .T. ) ;
#5424 = PERSON_AND_ORGANIZATION ( #131, #3688 ) ;
#5425 = CARTESIAN_POINT ( 'NONE',  ( -52.82127498257776210, 31.38129318927203926, 8.732804149094015145 ) ) ;
#5426 = ADVANCED_FACE ( 'NONE', ( #4537 ), #4428, .T. ) ;
#5427 = CARTESIAN_POINT ( 'NONE',  ( -47.96302992729223291, 15.98612241393803224, 27.47895099870557445 ) ) ;
#5428 = CARTESIAN_POINT ( 'NONE',  ( -44.96708445443707802, 6.988199759617370610, 26.01039022695080405 ) ) ;
#5429 = DIRECTION ( 'NONE',  ( -1.156482317317871478E-16, -1.000000000000000000, 0.000000000000000000 ) ) ;
#5430 = CARTESIAN_POINT ( 'NONE',  ( -7.617084454437068608, 31.48659911910486287, 22.47895099870554603 ) ) ;
#5431 = ORIENTED_EDGE ( 'NONE', *, *, #1683, .F. ) ;
#5432 = AXIS2_PLACEMENT_3D ( 'NONE', #643, #3306, #5212 ) ;
#5433 = CARTESIAN_POINT ( 'NONE',  ( -19.88364860576830750, 4.664142254864591663, 17.75238490036673511 ) ) ;
#5434 = CARTESIAN_POINT ( 'NONE',  ( -7.617084454437074825, 0.000000000000000000, 0.000000000000000000 ) ) ;
#5435 = CARTESIAN_POINT ( 'NONE',  ( -61.04187351954440288, 2.370675958483644319, 26.15220967816855335 ) ) ;
#5436 = CIRCLE ( 'NONE', #5344, 5.100000000000000533 ) ;
#5437 = CARTESIAN_POINT ( 'NONE',  ( -54.26274125576482987, 31.48819975961736972, 36.47895099870586932 ) ) ;
#5438 = ORIENTED_EDGE ( 'NONE', *, *, #5471, .F. ) ;
#5439 = ORIENTED_EDGE ( 'NONE', *, *, #5465, .T. ) ;
#5440 = CIRCLE ( 'NONE', #2878, 1.999999999999999778 ) ;
#5441 = CARTESIAN_POINT ( 'NONE',  ( -7.617084454437067720, 22.38282632903049318, 22.47895099870554603 ) ) ;
#5442 = CARTESIAN_POINT ( 'NONE',  ( -19.99552603781607729, 4.018581536048682068, 19.14985998293493097 ) ) ;
#5443 = CARTESIAN_POINT ( 'NONE',  ( -62.85518141387583313, 10.65092436911386820, 19.40726676259421879 ) ) ;
#5444 = AXIS2_PLACEMENT_3D ( 'NONE', #4654, #5492, #947 ) ;
#5445 = CARTESIAN_POINT ( 'NONE',  ( -47.62570817832499159, 5.987582170307991447, 27.47895099870514102 ) ) ;
#5446 = CARTESIAN_POINT ( 'NONE',  ( -58.36310632131617382, 29.70170437055326929, 37.00744983898592722 ) ) ;
#5447 = EDGE_LOOP ( 'NONE', ( #2880, #5327, #1816, #3567, #3193, #760, #1250, #826 ) ) ;
#5448 = AXIS2_PLACEMENT_3D ( 'NONE', #2424, #565, #5546 ) ;
#5449 = AXIS2_PLACEMENT_3D ( 'NONE', #2786, #572, #120 ) ;
#5450 = DIRECTION ( 'NONE',  ( 1.000000000000000000, 1.927470528863119049E-16, 0.000000000000000000 ) ) ;
#5451 = CYLINDRICAL_SURFACE ( 'NONE', #3258, 0.5000000000000004441 ) ;
#5452 = AXIS2_PLACEMENT_3D ( 'NONE', #1795, #991, #1375 ) ;
#5453 = ORIENTED_EDGE ( 'NONE', *, *, #2472, .F. ) ;
#5454 = CARTESIAN_POINT ( 'NONE',  ( -57.22692599225363352, 28.27923857076937253, 8.323299601361732414 ) ) ;
#5455 = CARTESIAN_POINT ( 'NONE',  ( -19.88801390701371474, 5.168874317863727974, 17.43845854404716178 ) ) ;
#5456 = ADVANCED_FACE ( 'NONE', ( #4039 ), #473, .F. ) ;
#5457 = TOROIDAL_SURFACE ( 'NONE', #2898, 11.25415996464414903, 1.999999999999999112 ) ;
#5458 = CARTESIAN_POINT ( 'NONE',  ( -28.56369859344230377, 20.69592211608361509, 27.47895099870823188 ) ) ;
#5459 = CARTESIAN_POINT ( 'NONE',  ( -34.31889487463964628, 14.77548979564685006, 44.16039022695080263 ) ) ;
#5460 = CARTESIAN_POINT ( 'NONE',  ( -20.94758578749767253, 4.964764751415163602, 18.35763256124329601 ) ) ;
#5461 = CARTESIAN_POINT ( 'NONE',  ( -3.590401934572155618, 31.25873304724457924, 7.830737666308222877 ) ) ;
#5462 = EDGE_LOOP ( 'NONE', ( #434, #483, #5524, #4605, #4606, #1058 ) ) ;
#5463 = CARTESIAN_POINT ( 'NONE',  ( -19.46514624589825715, 11.29137245787949695, 26.06495691363239331 ) ) ;
#5464 = CARTESIAN_POINT ( 'NONE',  ( -19.45008941511426670, 2.769416148766136399, 22.69135007322254793 ) ) ;
#5465 = EDGE_CURVE ( 'NONE', #1934, #3849, #3409, .T. ) ;
#5466 = CARTESIAN_POINT ( 'NONE',  ( -19.34431725408296288, 7.775492295786410324, 22.47895099870553537 ) ) ;
#5467 = B_SPLINE_CURVE_WITH_KNOTS ( 'NONE', 3,
 ( #5635, #176, #4679, #5130, #3378, #2361, #2388, #85, #2812, #1913 ),
 .UNSPECIFIED., .F., .F.,
 ( 4, 2, 2, 2, 4 ),
 ( 1.221718341885766978E-16, 0.0005658741089628718844, 0.001131748217925621471, 0.001697622326888371166, 0.002263496435851121077 ),
 .UNSPECIFIED. ) ;
#5468 = CARTESIAN_POINT ( 'NONE',  ( -58.79748494983569884, 5.055673106174389808, 37.07606134304742795 ) ) ;
#5469 = ORIENTED_EDGE ( 'NONE', *, *, #850, .T. ) ;
#5470 = ORIENTED_EDGE ( 'NONE', *, *, #4620, .T. ) ;
#5471 = EDGE_CURVE ( 'NONE', #3451, #1453, #3880, .T. ) ;
#5472 = CARTESIAN_POINT ( 'NONE',  ( -7.617084454436963803, 27.48819975961737683, 3.416912245329549513 ) ) ;
#5473 = CARTESIAN_POINT ( 'NONE',  ( -4.367808356046202434, 0.9683203726987338333, 15.98039880192381190 ) ) ;
#5474 = LINE ( 'NONE', #4636, #3256 ) ;
#5475 = CARTESIAN_POINT ( 'NONE',  ( -52.68254282125997889, 5.987195128047784642, 27.47895099870754265 ) ) ;
#5476 = DIRECTION ( 'NONE',  ( 0.1522692144917310864, 0.9244059322055936390, 0.3496966668717028104 ) ) ;
#5477 = ORIENTED_EDGE ( 'NONE', *, *, #243, .T. ) ;
#5478 = CARTESIAN_POINT ( 'NONE',  ( -56.69948627722190793, 15.98824606621205113, 17.47895099870710567 ) ) ;
#5479 = FACE_OUTER_BOUND ( 'NONE', #2497, .T. ) ;
#5480 = DIRECTION ( 'NONE',  ( -1.000000000000000000, -1.051347561198064835E-16, 6.982962677686266711E-15 ) ) ;
#5481 = ORIENTED_EDGE ( 'NONE', *, *, #2210, .F. ) ;
#5482 = CARTESIAN_POINT ( 'NONE',  ( -53.01797351507939737, 31.36468481966794286, 8.776749900662069948 ) ) ;
#5483 = CARTESIAN_POINT ( 'NONE',  ( -18.41899531698950199, 3.313861130563236390, 22.77326259166449418 ) ) ;
#5484 = FACE_OUTER_BOUND ( 'NONE', #5009, .T. ) ;
#5485 = CARTESIAN_POINT ( 'NONE',  ( -47.80129741185586312, 25.98688473127840481, 27.47895099870514102 ) ) ;
#5486 = CARTESIAN_POINT ( 'NONE',  ( -19.65168313935260969, 6.918313850252991948, 17.15292716871577383 ) ) ;
#5487 = EDGE_CURVE ( 'NONE', #4486, #752, #58, .T. ) ;
#5488 = CARTESIAN_POINT ( 'NONE',  ( -19.34784603329356756, 7.878172659468996031, 27.64431861731145190 ) ) ;
#5489 = CARTESIAN_POINT ( 'NONE',  ( -2.282087968125558142, 31.44967120757590706, 8.173214271790609331 ) ) ;
#5490 = VECTOR ( 'NONE', #2661, 1000.000000000000000 ) ;
#5491 = EDGE_CURVE ( 'NONE', #2113, #2632, #4365, .T. ) ;
#5492 = DIRECTION ( 'NONE',  ( -1.000000000000000000, 0.000000000000000000, 0.000000000000000000 ) ) ;
#5493 = CARTESIAN_POINT ( 'NONE',  ( -19.31064263321440322, 3.210950586956469177, 24.09247100864137536 ) ) ;
#5494 = DIRECTION ( 'NONE',  ( 0.000000000000000000, 0.000000000000000000, -1.000000000000000000 ) ) ;
#5495 = FACE_OUTER_BOUND ( 'NONE', #5382, .T. ) ;
#5496 = ORIENTED_EDGE ( 'NONE', *, *, #5388, .F. ) ;
#5497 = VERTEX_POINT ( 'NONE', #2271 ) ;
#5498 = DIRECTION ( 'NONE',  ( 1.000000000000000000, 0.000000000000000000, 0.000000000000000000 ) ) ;
#5499 = CARTESIAN_POINT ( 'NONE',  ( -19.47917352835701621, 7.183162807686375828, 27.88385298966868930 ) ) ;
#5500 = CARTESIAN_POINT ( 'NONE',  ( -16.82172850752946047, 13.01106657347541606, 21.51715533843943717 ) ) ;
#5501 = CARTESIAN_POINT ( 'NONE',  ( -46.96471161313265696, 15.99582767383319393, 17.47895099870643776 ) ) ;
#5502 = CARTESIAN_POINT ( 'NONE',  ( -56.11969148523132844, 1.940242290270470793, 36.92027758950138860 ) ) ;
#5503 = ORIENTED_EDGE ( 'NONE', *, *, #735, .T. ) ;
#5504 = CARTESIAN_POINT ( 'NONE',  ( -19.68778089869632808, 17.76959219146630531, 27.47895099870554603 ) ) ;
#5505 = CARTESIAN_POINT ( 'NONE',  ( -55.59319196172254607, 29.70455784784516950, 7.478950998705475861 ) ) ;
#5506 = CARTESIAN_POINT ( 'NONE',  ( -7.617084454437065943, 0.4881997596173706655, 7.478950998705546915 ) ) ;
#5507 = ORIENTED_EDGE ( 'NONE', *, *, #3726, .F. ) ;
#5508 = CALENDAR_DATE ( 2026, 30, 5 ) ;
#5509 = CARTESIAN_POINT ( 'NONE',  ( -55.54251711670362113, 30.73136521244531849, 8.958303623095034141 ) ) ;
#5510 = CARTESIAN_POINT ( 'NONE',  ( -19.90174284760185586, 5.474886103477055066, 17.40291308958412841 ) ) ;
#5511 = ORIENTED_EDGE ( 'NONE', *, *, #4332, .T. ) ;
#5512 =( BOUNDED_SURFACE ( )  B_SPLINE_SURFACE ( 3, 2, ( 
 ( #3291, #1033, #149 ),
 ( #3793, #3821, #2902 ),
 ( #5606, #1947, #1530 ),
 ( #203, #3766, #2453 ),
 ( #1999, #3345, #5194 ),
 ( #1122, #2932, #4738 ),
 ( #2486, #2030, #5280 ),
 ( #709, #5250, #5783 ) ),
 .UNSPECIFIED., .F., .F., .T. ) 
 B_SPLINE_SURFACE_WITH_KNOTS ( ( 4, 2, 2, 4 ),
 ( 3, 3 ),
 ( 0.000000000000000000, 0.0008738227432887187788, 0.001310734114933078277, 0.001747645486577437558 ),
 ( 0.000000000000000000, 1.000000000000000000 ),
 .UNSPECIFIED. ) 
 GEOMETRIC_REPRESENTATION_ITEM ( )  RATIONAL_B_SPLINE_SURFACE ( (
 ( 1.000000000000000000, 0.9198428124211704970, 1.000000000000000000),
 ( 1.000000000000000000, 0.9243970685965228196, 1.000000000000000000),
 ( 1.000000000000000000, 0.9291521636569816112, 1.000000000000000000),
 ( 1.000000000000000000, 0.9362524838354099321, 1.000000000000000000),
 ( 1.000000000000000000, 0.9386143207078385675, 1.000000000000000000),
 ( 1.000000000000000000, 0.9432829526103942985, 1.000000000000000000),
 ( 1.000000000000000000, 0.9456045460466255825, 1.000000000000000000),
 ( 1.000000000000000000, 0.9478197143069773123, 1.000000000000000000) ) ) 
 REPRESENTATION_ITEM ( '' )  SURFACE ( )  );
#5513 = CARTESIAN_POINT ( 'NONE',  ( -10.85566802175918788, 0.5881997596173703657, 22.47895099870554603 ) ) ;
#5514 = LINE ( 'NONE', #1060, #519 ) ;
#5515 = CARTESIAN_POINT ( 'NONE',  ( -61.96655505414517506, 25.98818860268061215, 17.47895099870732238 ) ) ;
#5516 = CARTESIAN_POINT ( 'NONE',  ( -19.13551972894217457, 7.361113107498734820, 16.84829366109099880 ) ) ;
#5517 = LINE ( 'NONE', #1413, #944 ) ;
#5518 = CARTESIAN_POINT ( 'NONE',  ( -62.96708445443707802, 7.479911222589007203, 26.44374840089040646 ) ) ;
#5519 = VECTOR ( 'NONE', #2244, 1000.000000000000000 ) ;
#5520 = PLANE ( 'NONE',  #1555 ) ;
#5521 = DIRECTION ( 'NONE',  ( -0.000000000000000000, 0.000000000000000000, 1.000000000000000000 ) ) ;
#5522 = CARTESIAN_POINT ( 'NONE',  ( -8.117084454437074825, 0.000000000000000000, 44.01039022695080405 ) ) ;
#5523 = CARTESIAN_POINT ( 'NONE',  ( -56.84450067842391974, 3.592789061633564707, 37.47895099870589064 ) ) ;
#5524 = ORIENTED_EDGE ( 'NONE', *, *, #3476, .T. ) ;
#5525 = ORIENTED_EDGE ( 'NONE', *, *, #3619, .T. ) ;
#5526 = CARTESIAN_POINT ( 'NONE',  ( -20.27748117461693766, 5.243146938727863748, 26.81018802299285753 ) ) ;
#5527 = CIRCLE ( 'NONE', #1742, 12.84733749389762103 ) ;
#5528 = CARTESIAN_POINT ( 'NONE',  ( -10.86708396699171253, 1.337944250313412686, 15.97895197359626529 ) ) ;
#5529 = FACE_OUTER_BOUND ( 'NONE', #4145, .T. ) ;
#5530 = CARTESIAN_POINT ( 'NONE',  ( -19.33369678368429945, 7.466458010009527690, 17.08622838939321298 ) ) ;
#5531 = CYLINDRICAL_SURFACE ( 'NONE', #3818, 14.97357338780567204 ) ;
#5532 = CARTESIAN_POINT ( 'NONE',  ( -58.50487399240362407, 4.415370444650524639, 37.06021024884128678 ) ) ;
#5533 = ORIENTED_EDGE ( 'NONE', *, *, #3166, .T. ) ;
#5534 = ORIENTED_EDGE ( 'NONE', *, *, #189, .F. ) ;
#5535 = AXIS2_PLACEMENT_3D ( 'NONE', #5857, #4971, #430 ) ;
#5536 = AXIS2_PLACEMENT_3D ( 'NONE', #3814, #2446, #615 ) ;
#5537 = CARTESIAN_POINT ( 'NONE',  ( -55.82090348252592804, 25.98838309238536937, 17.47895099870710212 ) ) ;
#5538 = CARTESIAN_POINT ( 'NONE',  ( -50.94671794321843805, 31.48007141698754552, 8.447176075691295694 ) ) ;
#5539 = DIRECTION ( 'NONE',  ( 1.156482317317871478E-16, 1.000000000000000000, -0.000000000000000000 ) ) ;
#5540 = ORIENTED_EDGE ( 'NONE', *, *, #1967, .T. ) ;
#5541 = TOROIDAL_SURFACE ( 'NONE', #2980, 3.238583567322118828, 0.1000000000000000056 ) ;
#5542 = ORIENTED_EDGE ( 'NONE', *, *, #4884, .T. ) ;
#5543 = CIRCLE ( 'NONE', #4784, 18.00000000000000000 ) ;
#5544 = ADVANCED_FACE ( 'NONE', ( #1808 ), #4171, .F. ) ;
#5545 = DIRECTION ( 'NONE',  ( 1.156482317317871478E-16, 1.000000000000000000, -0.000000000000000000 ) ) ;
#5546 = DIRECTION ( 'NONE',  ( 1.000000000000000000, 0.000000000000000000, 0.000000000000000000 ) ) ;
#5547 = CIRCLE ( 'NONE', #3745, 5.087854447112151846 ) ;
#5548 = CARTESIAN_POINT ( 'NONE',  ( -39.62007266085963408, 14.62123179486472502, 27.47895099870556379 ) ) ;
#5549 = CARTESIAN_POINT ( 'NONE',  ( -19.38115255017267913, 8.847325179939163675, 17.58640739227120520 ) ) ;
#5550 = CARTESIAN_POINT ( 'NONE',  ( -19.89007928028689776, 5.545891525787781440, 17.37478015503747741 ) ) ;
#5551 = CARTESIAN_POINT ( 'NONE',  ( -56.24350771458966136, 30.14850950159712895, 37.47895099870588353 ) ) ;
#5552 = CIRCLE ( 'NONE', #5650, 2.580169464872508645 ) ;
#5553 = CIRCLE ( 'NONE', #155, 0.7499999999999902300 ) ;
#5554 = FACE_OUTER_BOUND ( 'NONE', #3628, .T. ) ;
#5555 = CARTESIAN_POINT ( 'NONE',  ( -19.45233725495240407, 2.837404212722688612, 21.63032020425544388 ) ) ;
#5556 = CIRCLE ( 'NONE', #3657, 0.1000000000000002554 ) ;
#5557 = DIRECTION ( 'NONE',  ( 1.156482317317871478E-16, 1.000000000000000000, -0.000000000000000000 ) ) ;
#5558 = LINE ( 'NONE', #5173, #2010 ) ;
#5559 = ORIENTED_EDGE ( 'NONE', *, *, #1423, .T. ) ;
#5560 = ORIENTED_EDGE ( 'NONE', *, *, #1662, .T. ) ;
#5561 = B_SPLINE_CURVE_WITH_KNOTS ( 'NONE', 3,
 ( #183, #4603, #1920, #509 ),
 .UNSPECIFIED., .F., .F.,
 ( 4, 4 ),
 ( 0.002309490729669714821, 0.003367321085000941124 ),
 .UNSPECIFIED. ) ;
#5562 = CARTESIAN_POINT ( 'NONE',  ( -7.617084454437069496, 0.4881997596173706655, 7.478950998705546915 ) ) ;
#5563 = LINE ( 'NONE', #163, #4600 ) ;
#5564 = CARTESIAN_POINT ( 'NONE',  ( -17.70115892181837580, 12.14939351241935306, 19.99373578322361666 ) ) ;
#5565 = CARTESIAN_POINT ( 'NONE',  ( -48.46198612961423180, 15.98635959421454800, 27.47895099870557445 ) ) ;
#5566 = CARTESIAN_POINT ( 'NONE',  ( -19.49731749906346678, 3.143776689331137408, 24.28211744787737913 ) ) ;
#5567 = B_SPLINE_CURVE_WITH_KNOTS ( 'NONE', 3,
 ( #1782, #4044, #5348, #1309, #923, #5820, #3056, #3177, #5849, #5377, #3119, #363 ),
 .UNSPECIFIED., .F., .F.,
 ( 4, 2, 2, 2, 2, 4 ),
 ( 8.673617379884035472E-19, 0.001371282695547225428, 0.002742565391094449988, 0.004113848086641677150, 0.004799489434415288996, 0.005485130782188901710 ),
 .UNSPECIFIED. ) ;
#5568 = EDGE_LOOP ( 'NONE', ( #822, #1019, #4140, #1106, #1251 ) ) ;
#5569 = CARTESIAN_POINT ( 'NONE',  ( -38.48274331372347490, 14.18471601351715172, 17.47895099870555669 ) ) ;
#5570 = CARTESIAN_POINT ( 'NONE',  ( -55.54327457879574581, 30.73683903547205887, 8.961132892359596980 ) ) ;
#5571 = EDGE_CURVE ( 'NONE', #616, #4783, #3679, .T. ) ;
#5572 = CARTESIAN_POINT ( 'NONE',  ( -20.03933303499080409, 3.542828774368761202, 25.16102385720736123 ) ) ;
#5573 = CARTESIAN_POINT ( 'NONE',  ( -7.617084454436963803, 31.48819975961737683, 22.47895099870554603 ) ) ;
#5574 = COORDINATED_UNIVERSAL_TIME_OFFSET ( 8, 0, .BEHIND. ) ;
#5575 = CARTESIAN_POINT ( 'NONE',  ( -7.617084454436963803, 10.43486996051030324, 22.47895099870554603 ) ) ;
#5576 = ORIENTED_EDGE ( 'NONE', *, *, #5064, .F. ) ;
#5577 = DIRECTION ( 'NONE',  ( 1.156482317317871478E-16, 1.000000000000000000, -0.000000000000000000 ) ) ;
#5578 = ADVANCED_FACE ( 'NONE', ( #2365 ), #1863, .F. ) ;
#5579 = CARTESIAN_POINT ( 'NONE',  ( -49.72725623369793624, 0.4881997596173706655, 36.47895099870584090 ) ) ;
#5580 = CARTESIAN_POINT ( 'NONE',  ( -56.69948627722190793, 15.98824606621205113, 17.47895099870710567 ) ) ;
#5581 = CARTESIAN_POINT ( 'NONE',  ( -56.33903683296720999, 11.44468341914172349, 37.47895099870589064 ) ) ;
#5582 = CARTESIAN_POINT ( 'NONE',  ( -19.47864039050493545, 7.184201064957157712, 17.07409366681050145 ) ) ;
#5583 = CARTESIAN_POINT ( 'NONE',  ( -3.152846089597490131, 31.33547567651606158, 7.931204878621053389 ) ) ;
#5584 = CARTESIAN_POINT ( 'NONE',  ( -59.56208227354000684, 8.878887636032509079, 36.54538234981114897 ) ) ;
#5585 = CARTESIAN_POINT ( 'NONE',  ( -19.68487016274109891, 2.767159733203341077, 22.69110352615721737 ) ) ;
#5586 = DIRECTION ( 'NONE',  ( 0.000000000000000000, 0.000000000000000000, 1.000000000000000000 ) ) ;
#5587 = CARTESIAN_POINT ( 'NONE',  ( -57.17612499247022839, 30.75383428511425876, 36.86777441893390517 ) ) ;
#5588 = ORIENTED_EDGE ( 'NONE', *, *, #2592, .T. ) ;
#5589 = ORIENTED_EDGE ( 'NONE', *, *, #1535, .F. ) ;
#5590 = CARTESIAN_POINT ( 'NONE',  ( -19.93033583800500708, 4.937758224685408592, 27.34574468086228549 ) ) ;
#5591 = DIRECTION ( 'NONE',  ( 1.000000000000000000, -4.072051880428308236E-17, 0.000000000000000000 ) ) ;
#5592 = CARTESIAN_POINT ( 'NONE',  ( -18.07783242262227930, 10.82178122703439804, 18.58436776287198811 ) ) ;
#5593 = AXIS2_PLACEMENT_3D ( 'NONE', #1214, #5764, #3022 ) ;
#5594 = DIRECTION ( 'NONE',  ( 0.000000000000000000, 0.000000000000000000, 1.000000000000000000 ) ) ;
#5595 = ORIENTED_EDGE ( 'NONE', *, *, #2570, .T. ) ;
#5596 = VERTEX_POINT ( 'NONE', #4682 ) ;
#5597 = CC_DESIGN_PERSON_AND_ORGANIZATION_ASSIGNMENT ( #1826, #1382, ( #2795 ) ) ;
#5598 = CARTESIAN_POINT ( 'NONE',  ( -26.60258572050241099, 8.951124027708146969, 17.47895099870872215 ) ) ;
#5599 = LOCAL_TIME ( 16, 9, 41.00000000000000000, #965 ) ;
#5600 = CARTESIAN_POINT ( 'NONE',  ( -53.28987590737706626, 31.01860216901224732, 7.478950998705811593 ) ) ;
#5601 = CARTESIAN_POINT ( 'NONE',  ( -7.617084454437068608, 9.534718448700353122, 22.47895099870554603 ) ) ;
#5602 = EDGE_LOOP ( 'NONE', ( #2774, #2641, #4545, #5589 ) ) ;
#5603 = LINE ( 'NONE', #3403, #2705 ) ;
#5604 = EDGE_LOOP ( 'NONE', ( #5753, #3205, #1175, #910, #4189, #4437, #3335, #2557, #1925, #2558 ) ) ;
#5605 = DIRECTION ( 'NONE',  ( -1.000000000000000000, 0.000000000000000000, 0.000000000000000000 ) ) ;
#5606 = CARTESIAN_POINT ( 'NONE',  ( -19.08804261351190945, 7.958849910776899073, 17.12177769995339460 ) ) ;
#5607 = CARTESIAN_POINT ( 'NONE',  ( -49.82411024601114491, 15.99075545985551727, 17.47895099870557445 ) ) ;
#5608 = CARTESIAN_POINT ( 'NONE',  ( -57.88399907467597671, 8.611961786215022840, 37.47895099870589064 ) ) ;
#5609 = CARTESIAN_POINT ( 'NONE',  ( -59.26895902260827853, 28.99762470269477177, 36.49219113987570751 ) ) ;
#5610 = CARTESIAN_POINT ( 'NONE',  ( -4.474203705049380808, 0.6171992533958622351, 22.47895099870554603 ) ) ;
#5611 = EDGE_CURVE ( 'NONE', #3143, #1042, #3389, .T. ) ;
#5612 = EDGE_CURVE ( 'NONE', #5703, #842, #3509, .T. ) ;
#5613 = CARTESIAN_POINT ( 'NONE',  ( -59.84256279369402876, 9.571746576447171861, 36.14553792287154010 ) ) ;
#5614 = CARTESIAN_POINT ( 'NONE',  ( -62.55751165818502812, 17.11162573635462536, 17.59863303744432983 ) ) ;
#5615 = CARTESIAN_POINT ( 'NONE',  ( -17.16617858860014678, 12.49424488680288903, 19.56757289906467179 ) ) ;
#5616 = CARTESIAN_POINT ( 'NONE',  ( -57.52841294820870388, 29.37406064215887724, 37.47895099870589064 ) ) ;
#5617 = EDGE_LOOP ( 'NONE', ( #4188, #333, #3309, #649, #4017 ) ) ;
#5618 = EDGE_LOOP ( 'NONE', ( #1522, #109, #777, #4658 ) ) ;
#5619 = EDGE_CURVE ( 'NONE', #1042, #3060, #1471, .T. ) ;
#5620 = CARTESIAN_POINT ( 'NONE',  ( -7.617084454437069496, 0.7381997596173708320, 22.47895099870554603 ) ) ;
#5621 = CARTESIAN_POINT ( 'NONE',  ( -56.47570211126801354, -1.793210995903888882, 7.478950998705546915 ) ) ;
#5622 = DIRECTION ( 'NONE',  ( 6.033820786006285717E-16, 0.000000000000000000, 1.000000000000000000 ) ) ;
#5623 = VECTOR ( 'NONE', #5727, 1000.000000000000000 ) ;
#5624 = DIRECTION ( 'NONE',  ( -1.000000000000000000, 0.000000000000000000, 0.000000000000000000 ) ) ;
#5625 = ORIENTED_EDGE ( 'NONE', *, *, #1187, .F. ) ;
#5626 = AXIS2_PLACEMENT_3D ( 'NONE', #2564, #1758, #1703 ) ;
#5627 = CARTESIAN_POINT ( 'NONE',  ( -43.02115129673846639, 5.209392686418842011, 17.47895099870556379 ) ) ;
#5628 = CARTESIAN_POINT ( 'NONE',  ( -56.81800997932032971, 29.42793978208326422, 8.527490165858065296 ) ) ;
#5629 = CARTESIAN_POINT ( 'NONE',  ( -7.617084454436963803, 22.45862836363353310, 22.47895099870554603 ) ) ;
#5630 = VERTEX_POINT ( 'NONE', #1063 ) ;
#5631 = CARTESIAN_POINT ( 'NONE',  ( -44.96708445443707802, 27.48819975961737327, 3.416912245329549513 ) ) ;
#5632 = ORIENTED_EDGE ( 'NONE', *, *, #4449, .T. ) ;
#5633 = CARTESIAN_POINT ( 'NONE',  ( -8.019217470030046258, 27.91642789451291051, 3.439874841596918476 ) ) ;
#5634 = VECTOR ( 'NONE', #5349, 1000.000000000000000 ) ;
#5635 = CARTESIAN_POINT ( 'NONE',  ( -58.36310632131617382, 29.70170437055326929, 37.00744983898592722 ) ) ;
#5636 = CARTESIAN_POINT ( 'NONE',  ( -56.37135451520529728, 11.33570151968755191, 37.47895099870589775 ) ) ;
#5637 = EDGE_CURVE ( 'NONE', #2747, #5687, #5517, .T. ) ;
#5638 = DIRECTION ( 'NONE',  ( -1.051347561198064835E-16, 1.000000000000000000, 7.341520781122565208E-31 ) ) ;
#5639 = CIRCLE ( 'NONE', #3739, 1.499999999999994449 ) ;
#5640 = CARTESIAN_POINT ( 'NONE',  ( -35.24389487463965054, 14.77548979564685006, 44.11039022695080547 ) ) ;
#5641 = DIRECTION ( 'NONE',  ( 1.156482317317871478E-16, 1.000000000000000000, -0.000000000000000000 ) ) ;
#5642 = CARTESIAN_POINT ( 'NONE',  ( -17.48779596960936900, 11.27044416186716447, 17.84411862608406452 ) ) ;
#5643 = CARTESIAN_POINT ( 'NONE',  ( -19.88402055773519805, 4.660484376679134400, 27.20104436459130781 ) ) ;
#5644 = DIRECTION ( 'NONE',  ( 4.072051880428308236E-17, 1.000000000000000000, 0.000000000000000000 ) ) ;
#5645 = CIRCLE ( 'NONE', #2224, 10.00000000000000711 ) ;
#5646 = LINE ( 'NONE', #1018, #3923 ) ;
#5647 = ORIENTED_EDGE ( 'NONE', *, *, #2213, .F. ) ;
#5648 = PRODUCT_DEFINITION_SHAPE ( 'NONE', 'NONE',  #2795 ) ;
#5649 = EDGE_LOOP ( 'NONE', ( #4967, #1616, #5151, #5083 ) ) ;
#5650 = AXIS2_PLACEMENT_3D ( 'NONE', #4970, #3127, #844 ) ;
#5651 = AXIS2_PLACEMENT_3D ( 'NONE', #1032, #5159, #5605 ) ;
#5652 = CARTESIAN_POINT ( 'NONE',  ( -19.38269476297302418, 3.454032986554512519, 19.99191495109354477 ) ) ;
#5653 = EDGE_CURVE ( 'NONE', #1843, #3810, #3598, .T. ) ;
#5654 = UNCERTAINTY_MEASURE_WITH_UNIT (LENGTH_MEASURE( 1.000000000000000082E-05 ), #410, 'distance_accuracy_value', 'NONE');
#5655 = CARTESIAN_POINT ( 'NONE',  ( -54.82796302891508589, 39.14203708838626028, 7.478950998705546915 ) ) ;
#5656 = CARTESIAN_POINT ( 'NONE',  ( -7.617084454436865215, 31.48819975961737683, 36.47895099870554247 ) ) ;
#5657 = CARTESIAN_POINT ( 'NONE',  ( -6.727084454437948224, -32.99372820159864261, 7.505377610899895302 ) ) ;
#5658 = ORIENTED_EDGE ( 'NONE', *, *, #3899, .F. ) ;
#5659 = EDGE_CURVE ( 'NONE', #4721, #3672, #1833, .T. ) ;
#5660 = VERTEX_POINT ( 'NONE', #3708 ) ;
#5661 = CARTESIAN_POINT ( 'NONE',  ( -42.17100936255535970, 4.887053336244580493, 17.47895099870555313 ) ) ;
#5662 = CARTESIAN_POINT ( 'NONE',  ( -54.75397436867545764, 28.35557921614042698, 7.478950998705546027 ) ) ;
#5663 = CARTESIAN_POINT ( 'NONE',  ( -20.87336576616847950, 4.603058096645725072, 26.33649369852344435 ) ) ;
#5664 = CARTESIAN_POINT ( 'NONE',  ( -20.12977248878570791, 7.882129494116392188, 27.47764820755321935 ) ) ;
#5665 = VERTEX_POINT ( 'NONE', #5133 ) ;
#5666 = CARTESIAN_POINT ( 'NONE',  ( -20.37231943834082770, 7.499351923149935040, 27.47895099870535773 ) ) ;
#5667 = DIRECTION ( 'NONE',  ( 1.000000000000000000, 0.000000000000000000, 0.000000000000000000 ) ) ;
#5668 = CARTESIAN_POINT ( 'NONE',  ( -58.04993434978172928, 8.265280576804597601, 37.47895099870590485 ) ) ;
#5669 = DIRECTION ( 'NONE',  ( -1.000000000000000000, 1.156482317317871478E-16, 0.000000000000000000 ) ) ;
#5670 = CARTESIAN_POINT ( 'NONE',  ( -19.88364860576848514, 4.664142254862885473, 27.20551709704227150 ) ) ;
#5671 = CARTESIAN_POINT ( 'NONE',  ( -60.08664574432194883, 10.14840344634967018, 35.77762591962639505 ) ) ;
#5672 = DIRECTION ( 'NONE',  ( -1.000000000000000000, 1.156482317317871478E-16, 0.000000000000000000 ) ) ;
#5673 = CARTESIAN_POINT ( 'NONE',  ( -48.46198612961423180, 15.98635959421454800, 27.47895099870557445 ) ) ;
#5674 = CARTESIAN_POINT ( 'NONE',  ( -19.98777399237884822, 5.249332904555084944, 27.39120508379826191 ) ) ;
#5675 = DIRECTION ( 'NONE',  ( -1.000000000000000000, 0.000000000000000000, 0.000000000000000000 ) ) ;
#5676 = DIRECTION ( 'NONE',  ( -0.000000000000000000, 0.000000000000000000, -1.000000000000000000 ) ) ;
#5677 = ORIENTED_EDGE ( 'NONE', *, *, #1720, .T. ) ;
#5678 = ORIENTED_EDGE ( 'NONE', *, *, #1495, .T. ) ;
#5679 = EDGE_CURVE ( 'NONE', #3033, #2514, #4867, .T. ) ;
#5680 = CARTESIAN_POINT ( 'NONE',  ( -19.70491304937730703, 3.386269837145760686, 20.06877779683356522 ) ) ;
#5681 = CARTESIAN_POINT ( 'NONE',  ( -57.64535690733737283, 16.03947886921128685, 8.639533499670111638 ) ) ;
#5682 = CARTESIAN_POINT ( 'NONE',  ( -17.48779596960942939, 11.27044416186718578, 27.11378337132703109 ) ) ;
#5683 = CARTESIAN_POINT ( 'NONE',  ( -19.67368102440421751, 3.833088133677398979, 18.79624601867003264 ) ) ;
#5684 = CARTESIAN_POINT ( 'NONE',  ( -33.39389487463964912, 14.77548979564685006, 44.11039022695080547 ) ) ;
#5685 = ORIENTED_EDGE ( 'NONE', *, *, #1683, .T. ) ;
#5686 = EDGE_CURVE ( 'NONE', #4792, #4958, #4265, .T. ) ;
#5687 = VERTEX_POINT ( 'NONE', #3648 ) ;
#5688 = CARTESIAN_POINT ( 'NONE',  ( -58.37448354995066069, 5.988157808783688196, 17.47895099870419955 ) ) ;
#5689 = CARTESIAN_POINT ( 'NONE',  ( -55.82065388416607732, 29.40878554122388167, 7.478950998705611752 ) ) ;
#5690 = VECTOR ( 'NONE', #3197, 1000.000000000000000 ) ;
#5691 = CARTESIAN_POINT ( 'NONE',  ( -56.38779509333311069, 3.167295076583001023, 7.795619707296883583 ) ) ;
#5692 = FACE_OUTER_BOUND ( 'NONE', #1326, .T. ) ;
#5693 = ORIENTED_EDGE ( 'NONE', *, *, #1582, .F. ) ;
#5694 = CARTESIAN_POINT ( 'NONE',  ( -46.28360877536984219, 0.4881997596173706655, 7.478950998705546915 ) ) ;
#5695 = DIRECTION ( 'NONE',  ( 0.000000000000000000, -1.000000000000000000, -0.000000000000000000 ) ) ;
#5696 = CARTESIAN_POINT ( 'NONE',  ( -56.95365385808867131, 10.16316108252851613, 37.47895099870589775 ) ) ;
#5697 = PLANE ( 'NONE',  #755 ) ;
#5698 = CARTESIAN_POINT ( 'NONE',  ( -62.57314042926751085, 17.38783742905365770, 17.67042247321973392 ) ) ;
#5699 = DIRECTION ( 'NONE',  ( 0.000000000000000000, 0.3748607425613214028, 0.9270811311241183850 ) ) ;
#5700 = CARTESIAN_POINT ( 'NONE',  ( -19.90174284760286483, 5.474886103477887289, 27.55498890782555321 ) ) ;
#5701 = CARTESIAN_POINT ( 'NONE',  ( -19.01284507188463024, 7.298941884571733318, 16.54677427915826726 ) ) ;
#5702 = CARTESIAN_POINT ( 'NONE',  ( -52.71153259131244795, 29.83268686281812876, 7.478950998705545139 ) ) ;
#5703 = VERTEX_POINT ( 'NONE', #4597 ) ;
#5704 = ORIENTED_EDGE ( 'NONE', *, *, #14, .F. ) ;
#5705 =( BOUNDED_SURFACE ( )  B_SPLINE_SURFACE ( 3, 3, ( 
 ( #2742, #5363, #1823, #2658, #2178, #823, #465, #5863, #1351, #5418, #3133, #1797, #4057, #5838, #4917, #4444, #3636, #1322, #4946, #1379, #4468, #4498, #406, #1263, #934, #3190, #877, #3999, #3582, #17, #5006, #849 ),
 ( #5391, #3609, #2685, #4552, #5807, #3073, #435, #2237, #3553, #3159, #4977, #911, #491, #1740, #2202, #5332, #2289, #1295, #2718, #4529, #1768, #3105, #2260, #4028, #4083, #4889, #5782, #1713, #3522, #376, #5153, #5504 ),
 ( #5034, #3310, #4174, #1052, #520, #2802, #1402, #106, #5537, #3759, #1854, #5094, #1431, #2324, #5062, #996, #1464, #1878, #2352, #3336, #645, #960, #1082, #1907, #3282, #3246, #2770, #48, #77, #5124, #2894, #3695 ),
 ( #2381, #3669, #2860, #4613, #2415, #4702, #4670, #5478, #3728, #1523, #554, #4581, #3215, #1026, #4142, #4230, #2830, #4641, #585, #4197, #139, #1936, #5569, #1494, #612, #169, #1965, #3784, #5598, #4108, #261, #4354 ),
 ( #2477, #3812, #3427, #2055, #226, #1619, #5688, #2539, #5749, #4730, #5216, #1992, #4848, #2021, #285, #5714, #2508, #672, #3870, #1143, #3843, #5627, #5661, #5273, #2953, #2924, #3490, #1591, #2114, #2082, #1171, #5243 ),
 ( #4290, #4759, #1556, #4324, #2981, #3901, #196, #4795, #3399, #700, #731, #3938, #3370, #1649, #3463, #5188, #1202, #1115, #3011, #4822, #4383, #761, #2567, #313, #1679, #5300, #1225, #3034, #2443, #4257, #1342, #871 ),
 ( #1762, #3603, #5802, #1316, #2594, #3098, #2171, #3575, #2253, #5384, #3126, #4411, #4461, #4969, #344, #5412, #5357, #4939, #2146, #3152, #1733, #902, #1371, #1790, #3966, #2650, #4076, #4438, #1706, #5775, #3546, #5328 ) ),
 .UNSPECIFIED., .T., .F., .T. ) 
 B_SPLINE_SURFACE_WITH_KNOTS ( ( 4, 3, 4 ),
 ( 4, 2, 2, 2, 2, 2, 2, 2, 2, 2, 2, 2, 2, 2, 2, 4 ),
 ( 0.000000000000000000, 0.5000000000000000000, 1.000000000000000000 ),
 ( 0.000000000000000000, 0.02169447148717314547, 0.08685579767576480370, 0.1387121652027902274, 0.1959790640380902615, 0.2696079339692019627, 0.3258522096108935062, 0.3421054618528214242, 0.3583587140947493976, 0.3908652185786052891, 0.5054254591734496094, 0.5848722406770503479, 0.6597046840673143064, 0.7601324898293428944, 0.8800662449146714472, 1.000000000000000000 ),
 .UNSPECIFIED. ) 
 GEOMETRIC_REPRESENTATION_ITEM ( )  RATIONAL_B_SPLINE_SURFACE ( (
 ( 1.000000000000000000, 1.000000000000000000, 1.000000000000000000, 1.000000000000000000, 1.000000000000000000, 1.000000000000000000, 1.000000000000000000, 1.000000000000000000, 1.000000000000000000, 1.000000000000000000, 1.000000000000000000, 1.000000000000000000, 1.000000000000000000, 1.000000000000000000, 1.000000000000000000, 1.000000000000000000, 1.000000000000000000, 1.000000000000000000, 1.000000000000000000, 1.000000000000000000, 1.000000000000000000, 1.000000000000000000, 1.000000000000000000, 1.000000000000000000, 1.000000000000000000, 1.000000000000000000, 1.000000000000000000, 1.000000000000000000, 1.000000000000000000, 1.000000000000000000, 1.000000000000000000, 1.000000000000000000),
 ( 0.3333333333333333703, 0.3333333333333333703, 0.3333333333333333703, 0.3333333333333333703, 0.3333333333333333703, 0.3333333333333333703, 0.3333333333333333703, 0.3333333333333333703, 0.3333333333333333703, 0.3333333333333333703, 0.3333333333333333703, 0.3333333333333333703, 0.3333333333333333703, 0.3333333333333333703, 0.3333333333333333703, 0.3333333333333333703, 0.3333333333333333703, 0.3333333333333333703, 0.3333333333333333703, 0.3333333333333333703, 0.3333333333333333703, 0.3333333333333333703, 0.3333333333333333703, 0.3333333333333333703, 0.3333333333333333703, 0.3333333333333333703, 0.3333333333333333703, 0.3333333333333333703, 0.3333333333333333703, 0.3333333333333333703, 0.3333333333333333703, 0.3333333333333333703),
 ( 0.3333333333333333703, 0.3333333333333333703, 0.3333333333333333703, 0.3333333333333333703, 0.3333333333333333703, 0.3333333333333333703, 0.3333333333333333703, 0.3333333333333333703, 0.3333333333333333703, 0.3333333333333333703, 0.3333333333333333703, 0.3333333333333333703, 0.3333333333333333703, 0.3333333333333333703, 0.3333333333333333703, 0.3333333333333333703, 0.3333333333333333703, 0.3333333333333333703, 0.3333333333333333703, 0.3333333333333333703, 0.3333333333333333703, 0.3333333333333333703, 0.3333333333333333703, 0.3333333333333333703, 0.3333333333333333703, 0.3333333333333333703, 0.3333333333333333703, 0.3333333333333333703, 0.3333333333333333703, 0.3333333333333333703, 0.3333333333333333703, 0.3333333333333333703),
 ( 1.000000000000000000, 1.000000000000000000, 1.000000000000000000, 1.000000000000000000, 1.000000000000000000, 1.000000000000000000, 1.000000000000000000, 1.000000000000000000, 1.000000000000000000, 1.000000000000000000, 1.000000000000000000, 1.000000000000000000, 1.000000000000000000, 1.000000000000000000, 1.000000000000000000, 1.000000000000000000, 1.000000000000000000, 1.000000000000000000, 1.000000000000000000, 1.000000000000000000, 1.000000000000000000, 1.000000000000000000, 1.000000000000000000, 1.000000000000000000, 1.000000000000000000, 1.000000000000000000, 1.000000000000000000, 1.000000000000000000, 1.000000000000000000, 1.000000000000000000, 1.000000000000000000, 1.000000000000000000),
 ( 0.3333333333333333703, 0.3333333333333333703, 0.3333333333333333703, 0.3333333333333333703, 0.3333333333333333703, 0.3333333333333333703, 0.3333333333333333703, 0.3333333333333333703, 0.3333333333333333703, 0.3333333333333333703, 0.3333333333333333703, 0.3333333333333333703, 0.3333333333333333703, 0.3333333333333333703, 0.3333333333333333703, 0.3333333333333333703, 0.3333333333333333703, 0.3333333333333333703, 0.3333333333333333703, 0.3333333333333333703, 0.3333333333333333703, 0.3333333333333333703, 0.3333333333333333703, 0.3333333333333333703, 0.3333333333333333703, 0.3333333333333333703, 0.3333333333333333703, 0.3333333333333333703, 0.3333333333333333703, 0.3333333333333333703, 0.3333333333333333703, 0.3333333333333333703),
 ( 0.3333333333333333703, 0.3333333333333333703, 0.3333333333333333703, 0.3333333333333333703, 0.3333333333333333703, 0.3333333333333333703, 0.3333333333333333703, 0.3333333333333333703, 0.3333333333333333703, 0.3333333333333333703, 0.3333333333333333703, 0.3333333333333333703, 0.3333333333333333703, 0.3333333333333333703, 0.3333333333333333703, 0.3333333333333333703, 0.3333333333333333703, 0.3333333333333333703, 0.3333333333333333703, 0.3333333333333333703, 0.3333333333333333703, 0.3333333333333333703, 0.3333333333333333703, 0.3333333333333333703, 0.3333333333333333703, 0.3333333333333333703, 0.3333333333333333703, 0.3333333333333333703, 0.3333333333333333703, 0.3333333333333333703, 0.3333333333333333703, 0.3333333333333333703),
 ( 1.000000000000000000, 1.000000000000000000, 1.000000000000000000, 1.000000000000000000, 1.000000000000000000, 1.000000000000000000, 1.000000000000000000, 1.000000000000000000, 1.000000000000000000, 1.000000000000000000, 1.000000000000000000, 1.000000000000000000, 1.000000000000000000, 1.000000000000000000, 1.000000000000000000, 1.000000000000000000, 1.000000000000000000, 1.000000000000000000, 1.000000000000000000, 1.000000000000000000, 1.000000000000000000, 1.000000000000000000, 1.000000000000000000, 1.000000000000000000, 1.000000000000000000, 1.000000000000000000, 1.000000000000000000, 1.000000000000000000, 1.000000000000000000, 1.000000000000000000, 1.000000000000000000, 1.000000000000000000) ) ) 
 REPRESENTATION_ITEM ( '' )  SURFACE ( )  );
#5706 = CARTESIAN_POINT ( 'NONE',  ( -19.42191930993037374, 3.061782436409741681, 21.04851172654144165 ) ) ;
#5707 = CARTESIAN_POINT ( 'NONE',  ( -57.64535690733737283, 33.36639753359465033, 8.639533499670111638 ) ) ;
#5708 = DIRECTION ( 'NONE',  ( -1.000000000000000000, 0.000000000000000000, 0.000000000000000000 ) ) ;
#5709 = CARTESIAN_POINT ( 'NONE',  ( -11.69708445443697009, 31.48819975961737683, 22.47895099870557445 ) ) ;
#5710 = ADVANCED_FACE ( 'NONE', ( #537 ), #2703, .T. ) ;
#5711 = CARTESIAN_POINT ( 'NONE',  ( -19.35220410983254880, 8.004983904171872666, 27.63112085468548784 ) ) ;
#5712 = VERTEX_POINT ( 'NONE', #2393 ) ;
#5713 = VERTEX_POINT ( 'NONE', #4210 ) ;
#5714 = CARTESIAN_POINT ( 'NONE',  ( -47.94140235537599892, 5.986111297063302139, 17.47895099870557445 ) ) ;
#5715 = VECTOR ( 'NONE', #2549, 1000.000000000000000 ) ;
#5716 = DIRECTION ( 'NONE',  ( -4.072051880428308236E-17, -1.000000000000000000, 0.000000000000000000 ) ) ;
#5717 = EDGE_CURVE ( 'NONE', #4467, #4164, #206, .T. ) ;
#5718 = CARTESIAN_POINT ( 'NONE',  ( -19.71219125389584192, 5.464862971690881643, 27.89946915792053161 ) ) ;
#5719 = DIRECTION ( 'NONE',  ( 1.000000000000000000, 0.000000000000000000, 0.000000000000000000 ) ) ;
#5720 = ORIENTED_EDGE ( 'NONE', *, *, #4808, .F. ) ;
#5721 = AXIS2_PLACEMENT_3D ( 'NONE', #4726, #2439, #5594 ) ;
#5722 = CARTESIAN_POINT ( 'NONE',  ( -56.24350771458966847, 12.21033986712897956, 37.47895099870587643 ) ) ;
#5723 = FACE_OUTER_BOUND ( 'NONE', #3963, .T. ) ;
#5724 = DIRECTION ( 'NONE',  ( 1.156482317317871478E-16, 1.000000000000000000, -0.000000000000000000 ) ) ;
#5725 = CARTESIAN_POINT ( 'NONE',  ( -18.91498343826974349, 11.51029974107230736, 25.78409985840058383 ) ) ;
#5726 = CARTESIAN_POINT ( 'NONE',  ( -60.45598649912990652, 27.67855242228740309, 35.18408230511914780 ) ) ;
#5727 = DIRECTION ( 'NONE',  ( 1.000000000000000000, -0.000000000000000000, -6.982962677686266711E-15 ) ) ;
#5728 = EDGE_CURVE ( 'NONE', #302, #3390, #3853, .T. ) ;
#5729 = AXIS2_PLACEMENT_3D ( 'NONE', #2784, #3649, #946 ) ;
#5730 = B_SPLINE_CURVE_WITH_KNOTS ( 'NONE', 3,
 ( #3116, #1751, #5790, #1305, #4928, #4040 ),
 .UNSPECIFIED., .F., .F.,
 ( 4, 2, 4 ),
 ( 0.000000000000000000, 0.0006420738217688342448, 0.001284147643537668490 ),
 .UNSPECIFIED. ) ;
#5731 = DIRECTION ( 'NONE',  ( 1.156482317317871478E-16, 1.000000000000000000, -0.000000000000000000 ) ) ;
#5732 = CARTESIAN_POINT ( 'NONE',  ( -60.31910530744487886, 0.9383067618957279254, 12.00414239384658188 ) ) ;
#5733 = CARTESIAN_POINT ( 'NONE',  ( -16.83561709599590372, 12.99638462636023561, 21.40454837901724972 ) ) ;
#5734 = CARTESIAN_POINT ( 'NONE',  ( -34.31889487463964628, 14.77548979564685006, 43.55476522695079211 ) ) ;
#5735 = AXIS2_PLACEMENT_3D ( 'NONE', #5286, #5762, #1240 ) ;
#5736 = CARTESIAN_POINT ( 'NONE',  ( -53.29457653487848035, 29.48835980344069441, 7.478950998705550468 ) ) ;
#5737 = AXIS2_PLACEMENT_3D ( 'NONE', #4695, #254, #4751 ) ;
#5738 = VERTEX_POINT ( 'NONE', #4241 ) ;
#5739 = ORIENTED_EDGE ( 'NONE', *, *, #135, .F. ) ;
#5740 = VECTOR ( 'NONE', #2665, 1000.000000000000114 ) ;
#5741 = CARTESIAN_POINT ( 'NONE',  ( -62.93550999182428995, 11.46351233035488093, 20.35122762623673864 ) ) ;
#5742 = CARTESIAN_POINT ( 'NONE',  ( -60.23325445189523464, 1.679356962252224195, 16.08610183413713557 ) ) ;
#5743 = VECTOR ( 'NONE', #1838, 1000.000000000000000 ) ;
#5744 = FACE_OUTER_BOUND ( 'NONE', #4321, .T. ) ;
#5745 = CARTESIAN_POINT ( 'NONE',  ( -51.62632678813409370, 1.530007662371522414, 37.47895099870584801 ) ) ;
#5746 = ORIENTED_EDGE ( 'NONE', *, *, #957, .F. ) ;
#5747 = ORIENTED_EDGE ( 'NONE', *, *, #1785, .T. ) ;
#5748 = CIRCLE ( 'NONE', #2036, 18.00000000000000000 ) ;
#5749 = CARTESIAN_POINT ( 'NONE',  ( -55.81999673151501895, 5.988382525214269947, 17.47895099870710212 ) ) ;
#5750 = CARTESIAN_POINT ( 'NONE',  ( -56.39360942198243976, 27.96389717411663156, 7.478950998705477637 ) ) ;
#5751 = CARTESIAN_POINT ( 'NONE',  ( -39.62007266086814639, 14.62123179486897051, 17.47895099870556379 ) ) ;
#5752 = DIRECTION ( 'NONE',  ( 1.156482317317871478E-16, 1.000000000000000000, -0.000000000000000000 ) ) ;
#5753 = ORIENTED_EDGE ( 'NONE', *, *, #1770, .F. ) ;
#5754 = CARTESIAN_POINT ( 'NONE',  ( -58.97894764288680136, 10.10148215088400825, 37.47895099870747515 ) ) ;
#5755 = ADVANCED_FACE ( 'NONE', ( #1181 ), #1708, .F. ) ;
#5756 = DIRECTION ( 'NONE',  ( -1.051347561198064835E-16, 1.000000000000000000, 7.341520781122565208E-31 ) ) ;
#5757 = CARTESIAN_POINT ( 'NONE',  ( -19.03321516707287131, 11.25047093947674881, 18.90779432414844052 ) ) ;
#5758 = CARTESIAN_POINT ( 'NONE',  ( -19.77787837518803116, 4.038315538879816202, 26.47922193522682832 ) ) ;
#5759 = CARTESIAN_POINT ( 'NONE',  ( -11.94907532978147024, 11.40583957164735196, 22.47895099870554603 ) ) ;
#5760 = ADVANCED_FACE ( 'NONE', ( #1975 ), #5026, .T. ) ;
#5761 = CARTESIAN_POINT ( 'NONE',  ( -20.24050705707558251, 8.621793491163714407, 27.23380926636921018 ) ) ;
#5762 = DIRECTION ( 'NONE',  ( 1.156482317317871478E-16, 1.000000000000000000, -0.000000000000000000 ) ) ;
#5763 = EDGE_CURVE ( 'NONE', #3810, #1738, #5218, .T. ) ;
#5764 = DIRECTION ( 'NONE',  ( -1.051347561198064835E-16, 1.000000000000000000, 7.341520781122565208E-31 ) ) ;
#5765 = DIRECTION ( 'NONE',  ( -1.000000000000000000, 1.590802582721163626E-16, 0.000000000000000000 ) ) ;
#5766 = CARTESIAN_POINT ( 'NONE',  ( -54.89549693579155587, 28.20323552776424592, 7.478950998705546027 ) ) ;
#5767 = ORIENTED_EDGE ( 'NONE', *, *, #2367, .F. ) ;
#5768 = ORIENTED_EDGE ( 'NONE', *, *, #2915, .T. ) ;
#5769 = CARTESIAN_POINT ( 'NONE',  ( -7.617084454437067720, 22.38282632903049318, 22.47895099870554603 ) ) ;
#5770 = DIRECTION ( 'NONE',  ( -0.000000000000000000, -1.000000000000000000, -0.000000000000000000 ) ) ;
#5771 = LINE ( 'NONE', #3596, #326 ) ;
#5772 = DIRECTION ( 'NONE',  ( -1.000000000000000000, 0.000000000000000000, 0.000000000000000000 ) ) ;
#5773 = VERTEX_POINT ( 'NONE', #4713 ) ;
#5774 = EDGE_LOOP ( 'NONE', ( #4380, #4930, #3640, #5261, #3010 ) ) ;
#5775 = CARTESIAN_POINT ( 'NONE',  ( -23.05886941644278920, 7.990175306891611484, 27.47895099870235569 ) ) ;
#5776 = DIRECTION ( 'NONE',  ( -0.5703114079525465341, 0.000000000000000000, 0.8214285714285716189 ) ) ;
#5777 = CARTESIAN_POINT ( 'NONE',  ( -35.25840244911176313, 12.78225160388561932, 17.47895099870356006 ) ) ;
#5778 = CARTESIAN_POINT ( 'NONE',  ( -19.72473251593665822, 5.389031275940845411, 27.87141208461779485 ) ) ;
#5779 = CC_DESIGN_APPROVAL ( #1489, ( #5866 ) ) ;
#5780 = CARTESIAN_POINT ( 'NONE',  ( -19.36277032386803754, 2.985348953672094297, 23.46426130837075519 ) ) ;
#5781 = EDGE_LOOP ( 'NONE', ( #1796, #4026 ) ) ;
#5782 = CARTESIAN_POINT ( 'NONE',  ( -27.24319397034783208, 20.07329063459847873, 27.47895099870288149 ) ) ;
#5783 = CARTESIAN_POINT ( 'NONE',  ( -19.38714583827527704, 9.138864767051279259, 17.66860825913987654 ) ) ;
#5784 = FACE_OUTER_BOUND ( 'NONE', #1160, .T. ) ;
#5785 = CARTESIAN_POINT ( 'NONE',  ( -13.03106620512586566, 10.42885281426417166, 22.47895099870554603 ) ) ;
#5786 = CARTESIAN_POINT ( 'NONE',  ( -19.01284507188463024, 7.298941884571731542, 28.41112771825283190 ) ) ;
#5787 = CARTESIAN_POINT ( 'NONE',  ( -61.79495043479177241, 2.754800409317863519, 14.99066093647157061 ) ) ;
#5788 = EDGE_CURVE ( 'NONE', #5123, #2113, #3796, .T. ) ;
#5789 = CARTESIAN_POINT ( 'NONE',  ( -19.92830909154787733, 4.925880248882404722, 27.33965724797019448 ) ) ;
#5790 = CARTESIAN_POINT ( 'NONE',  ( -19.01839257702976127, 3.356229491712901414, 19.92586896892349202 ) ) ;
#5791 = CARTESIAN_POINT ( 'NONE',  ( -50.81561079017387073, 30.48819973961113305, 7.478950998705546915 ) ) ;
#5792 = EDGE_LOOP ( 'NONE', ( #5222, #2656, #2346, #3244, #276 ) ) ;
#5793 = ADVANCED_FACE ( 'NONE', ( #769 ), #3474, .T. ) ;
#5794 = CARTESIAN_POINT ( 'NONE',  ( -62.84870488230565400, 12.08254763419282263, 19.34833331898293096 ) ) ;
#5795 = CARTESIAN_POINT ( 'NONE',  ( -44.96708445443707802, 21.81511842400183454, 21.41691224532954863 ) ) ;
#5796 = DIRECTION ( 'NONE',  ( 1.000000000000000000, 0.000000000000000000, 0.000000000000000000 ) ) ;
#5797 = DIRECTION ( 'NONE',  ( 1.000000000000000000, 0.000000000000000000, 0.000000000000000000 ) ) ;
#5798 = CARTESIAN_POINT ( 'NONE',  ( -7.617084454437069496, 0.7381997596173708320, 22.47895099870554603 ) ) ;
#5799 = EDGE_LOOP ( 'NONE', ( #250, #2859, #2530, #105 ) ) ;
#5800 = ORIENTED_EDGE ( 'NONE', *, *, #2649, .T. ) ;
#5801 = EDGE_CURVE ( 'NONE', #5319, #4082, #2937, .T. ) ;
#5802 = CARTESIAN_POINT ( 'NONE',  ( -63.30027207577290937, 15.98820347414967813, 27.47895099870501312 ) ) ;
#5803 = CARTESIAN_POINT ( 'NONE',  ( -19.24957089205603822, 3.453713779778941007, 19.57737764334205366 ) ) ;
#5804 = CARTESIAN_POINT ( 'NONE',  ( -42.17100936257224220, 4.887053336251970137, 27.47895099870556024 ) ) ;
#5805 = CARTESIAN_POINT ( 'NONE',  ( -19.04926602219972054, 3.313861130563236390, 21.15329438345050406 ) ) ;
#5806 = ORIENTED_EDGE ( 'NONE', *, *, #1113, .F. ) ;
#5807 = CARTESIAN_POINT ( 'NONE',  ( -60.96689439278065947, 25.98821195937535578, 27.47895099870732594 ) ) ;
#5808 = CARTESIAN_POINT ( 'NONE',  ( -19.92830909154721297, 4.925880248883315993, 17.61824474943908214 ) ) ;
#5809 = DIRECTION ( 'NONE',  ( -6.982962677686266711E-15, 0.000000000000000000, -1.000000000000000000 ) ) ;
#5810 = EDGE_CURVE ( 'NONE', #4847, #4841, #1044, .T. ) ;
#5811 = EDGE_LOOP ( 'NONE', ( #5588, #136, #4460, #5092 ) ) ;
#5812 = CARTESIAN_POINT ( 'NONE',  ( -19.70491304937731414, 3.386269837145778006, 24.88912420057753394 ) ) ;
#5813 = LINE ( 'NONE', #3111, #3455 ) ;
#5814 = ADVANCED_FACE ( 'NONE', ( #1210 ), #3207, .F. ) ;
#5815 = CARTESIAN_POINT ( 'NONE',  ( -63.96719814737996046, 15.98822232246922503, 27.47895099870559221 ) ) ;
#5816 = CARTESIAN_POINT ( 'NONE',  ( -19.48084294232103986, 11.74811469113098639, 19.44586147802569087 ) ) ;
#5817 = DIRECTION ( 'NONE',  ( 0.000000000000000000, -0.000000000000000000, 1.000000000000000000 ) ) ;
#5818 = ORIENTED_EDGE ( 'NONE', *, *, #4760, .T. ) ;
#5819 = ADVANCED_FACE ( 'NONE', ( #2093, #4298 ), #5697, .F. ) ;
#5820 = CARTESIAN_POINT ( 'NONE',  ( -4.479745214966546207, 31.08533964648939119, 37.28972637314123517 ) ) ;
#5821 = CARTESIAN_POINT ( 'NONE',  ( -16.20638754799099956, 13.32274102038948627, 22.47895099870554603 ) ) ;
#5822 = CARTESIAN_POINT ( 'NONE',  ( -54.85561015811955343, 2.298828952240367318, 37.47895099870586932 ) ) ;
#5823 = CIRCLE ( 'NONE', #1561, 1.249999999999994227 ) ;
#5824 = CARTESIAN_POINT ( 'NONE',  ( -50.67916372362607547, 1.488199754562236743, 37.47895099870584090 ) ) ;
#5825 = ORIENTED_EDGE ( 'NONE', *, *, #4582, .F. ) ;
#5826 = ORIENTED_EDGE ( 'NONE', *, *, #5138, .T. ) ;
#5827 = CIRCLE ( 'NONE', #614, 0.5000000000000004441 ) ;
#5828 = ADVANCED_FACE ( 'NONE', ( #3438 ), #1486, .T. ) ;
#5829 = CIRCLE ( 'NONE', #2209, 0.5000000000000004441 ) ;
#5830 = CARTESIAN_POINT ( 'NONE',  ( -7.617084454437074825, 22.02222520518838422, 3.624019026516097863 ) ) ;
#5831 = CARTESIAN_POINT ( 'NONE',  ( -20.33145411580451167, 3.759043225811342204, 19.48901511462356950 ) ) ;
#5832 = CARTESIAN_POINT ( 'NONE',  ( -7.972113761207653582, 27.90215759046290245, 3.438390043018537234 ) ) ;
#5833 = CARTESIAN_POINT ( 'NONE',  ( -39.45344190938374851, 3.704671272962753115, 27.47895099870356361 ) ) ;
#5834 = ADVANCED_FACE ( 'NONE', ( #5368 ), #4062, .T. ) ;
#5835 = CARTESIAN_POINT ( 'NONE',  ( -19.11736416341524603, 3.313861130563235946, 24.04693669813847023 ) ) ;
#5836 = VECTOR ( 'NONE', #1868, 1000.000000000000000 ) ;
#5837 = VERTEX_POINT ( 'NONE', #800 ) ;
#5838 = CARTESIAN_POINT ( 'NONE',  ( -48.71142503235961385, 15.98746122329254860, 27.47895099870557445 ) ) ;
#5839 = CARTESIAN_POINT ( 'NONE',  ( -7.617084454437068608, 22.48659911910485931, 22.47895099870554603 ) ) ;
#5840 = CIRCLE ( 'NONE', #438, 4.269554592223343548 ) ;
#5841 = CARTESIAN_POINT ( 'NONE',  ( -18.04716468370057925, 12.60652051195114431, 20.99877646121594310 ) ) ;
#5842 = ORIENTED_EDGE ( 'NONE', *, *, #2847, .F. ) ;
#5843 = CARTESIAN_POINT ( 'NONE',  ( -8.117084454437074825, 27.48819975961737683, 3.416912245329549513 ) ) ;
#5844 = CARTESIAN_POINT ( 'NONE',  ( -19.42572984330822905, 10.05485941581236276, 26.81866933098775618 ) ) ;
#5845 = DIRECTION ( 'NONE',  ( 1.156482317317871478E-16, 1.000000000000000000, -0.000000000000000000 ) ) ;
#5846 = DIRECTION ( 'NONE',  ( -1.156482317317871478E-16, -1.000000000000000000, 0.000000000000000000 ) ) ;
#5847 = DIRECTION ( 'NONE',  ( -1.000000000000000000, 1.308814350063852933E-16, 0.000000000000000000 ) ) ;
#5848 = ORIENTED_EDGE ( 'NONE', *, *, #5111, .T. ) ;
#5849 = CARTESIAN_POINT ( 'NONE',  ( -5.814402093891279932, 30.81015669316856176, 37.42639255572579060 ) ) ;
#5850 = FACE_OUTER_BOUND ( 'NONE', #3327, .T. ) ;
#5851 = CARTESIAN_POINT ( 'NONE',  ( -8.117084454437073049, 12.06748497057090397, 44.01039022695080405 ) ) ;
#5852 = CARTESIAN_POINT ( 'NONE',  ( -53.72299998999752546, 0.9196244890295490748, 36.76140463450524720 ) ) ;
#5853 = ORIENTED_EDGE ( 'NONE', *, *, #1539, .F. ) ;
#5854 = ORIENTED_EDGE ( 'NONE', *, *, #141, .T. ) ;
#5855 = CARTESIAN_POINT ( 'NONE',  ( -8.117084454437073049, 21.81511842400183454, 3.416912245329549513 ) ) ;
#5856 = CARTESIAN_POINT ( 'NONE',  ( -20.16271306700845400, 4.416131415982169628, 18.75136015343731088 ) ) ;
#5857 = CARTESIAN_POINT ( 'NONE',  ( -56.24350771458969689, 0.000000000000000000, 32.47895099870589064 ) ) ;
#5858 = CARTESIAN_POINT ( 'NONE',  ( -59.17067934744613211, 5.988190051262106905, 27.47895099870421376 ) ) ;
#5859 = EDGE_CURVE ( 'NONE', #1170, #3243, #3500, .T. ) ;
#5860 = CARTESIAN_POINT ( 'NONE',  ( -58.11357543102346312, 29.99627562042872242, 36.97891621685246832 ) ) ;
#5861 = B_SPLINE_CURVE_WITH_KNOTS ( 'NONE', 3,
 ( #5701, #5343, #3982, #4008, #5373, #4429 ),
 .UNSPECIFIED., .F., .F.,
 ( 4, 2, 4 ),
 ( 0.000000000000000000, 0.0009894343561613523370, 0.001978868712322704674 ),
 .UNSPECIFIED. ) ;
#5862 = ORIENTED_EDGE ( 'NONE', *, *, #4129, .T. ) ;
#5863 = CARTESIAN_POINT ( 'NONE',  ( -56.69948627718530787, 15.98824606621205113, 27.47895099870710922 ) ) ;
#5864 = EDGE_CURVE ( 'NONE', #4073, #1438, #3165, .T. ) ;
#5865 = CARTESIAN_POINT ( 'NONE',  ( -7.617084454437068608, 9.534718448700353122, 22.47895099870554603 ) ) ;
#5866 = PRODUCT_DEFINITION_FORMATION_WITH_SPECIFIED_SOURCE ( 'ANY', '', #943, .NOT_KNOWN. ) ;
#5867 = CARTESIAN_POINT ( 'NONE',  ( -11.69708445443697009, 33.48819975961737327, 22.47895099870557445 ) ) ;
ENDSEC;
END-ISO-10303-21;
