ISO-10303-21;
HEADER;
FILE_DESCRIPTION (( 'STEP AP203' ),
    '1' );
FILE_NAME ('EDM Sled Spacer V2.STEP',
    '2026-05-30T22:49:38',
    ( '' ),
    ( '' ),
    'SwSTEP 2.0',
    'SolidWorks 2024',
    '' );
FILE_SCHEMA (( 'CONFIG_CONTROL_DESIGN' ));
ENDSEC;

DATA;
#1 = DIRECTION ( 'NONE',  ( 1.000000000000000000, 0.000000000000000000, 0.000000000000000000 ) ) ;
#2 = PERSON_AND_ORGANIZATION ( #193, #916 ) ;
#3 = DIRECTION ( 'NONE',  ( 0.000000000000000000, 0.000000000000000000, 1.000000000000000000 ) ) ;
#4 = DIRECTION ( 'NONE',  ( 0.000000000000000000, -1.000000000000000000, 0.000000000000000000 ) ) ;
#5 = ORIENTED_EDGE ( 'NONE', *, *, #1458, .T. ) ;
#6 = ORIENTED_EDGE ( 'NONE', *, *, #1102, .T. ) ;
#7 = CARTESIAN_POINT ( 'NONE',  ( -4.999999999999996447, 13.04999999999999893, 21.25000000000000000 ) ) ;
#8 = VECTOR ( 'NONE', #1506, 1000.000000000000000 ) ;
#9 = ADVANCED_FACE ( 'NONE', ( #480 ), #824, .F. ) ;
#10 = LOCAL_TIME ( 15, 49, 38.00000000000000000, #1431 ) ;
#11 = DIRECTION ( 'NONE',  ( 1.000000000000000000, 0.000000000000000000, 0.000000000000000000 ) ) ;
#12 = VECTOR ( 'NONE', #706, 1000.000000000000000 ) ;
#13 = DIRECTION ( 'NONE',  ( 1.000000000000000000, 0.000000000000000000, 0.000000000000000000 ) ) ;
#14 = CIRCLE ( 'NONE', #124, 2.500000000000000000 ) ;
#15 = DIRECTION ( 'NONE',  ( 0.000000000000000000, 0.000000000000000000, -1.000000000000000000 ) ) ;
#16 = LINE ( 'NONE', #524, #1021 ) ;
#17 = ORIENTED_EDGE ( 'NONE', *, *, #1302, .F. ) ;
#18 = DIRECTION ( 'NONE',  ( -0.000000000000000000, 0.000000000000000000, 1.000000000000000000 ) ) ;
#19 = EDGE_CURVE ( 'NONE', #1218, #1332, #1236, .T. ) ;
#20 = CARTESIAN_POINT ( 'NONE',  ( 12.30000000000000604, 9.050000000000002487, 21.25000000000000000 ) ) ;
#21 = EDGE_LOOP ( 'NONE', ( #1313, #422, #821, #1558 ) ) ;
#22 = FACE_OUTER_BOUND ( 'NONE', #1208, .T. ) ;
#23 = ORIENTED_EDGE ( 'NONE', *, *, #968, .T. ) ;
#24 = DIRECTION ( 'NONE',  ( -0.000000000000000000, 0.000000000000000000, -1.000000000000000000 ) ) ;
#25 = CARTESIAN_POINT ( 'NONE',  ( 12.30000000000000604, 9.050000000000002487, 15.25000000000000178 ) ) ;
#26 = LINE ( 'NONE', #1258, #1319 ) ;
#27 = VERTEX_POINT ( 'NONE', #711 ) ;
#28 = MECHANICAL_CONTEXT ( 'NONE', #1039, 'mechanical' ) ;
#29 = EDGE_CURVE ( 'NONE', #87, #32, #1612, .T. ) ;
#30 = ORIENTED_EDGE ( 'NONE', *, *, #1256, .T. ) ;
#31 = DIRECTION ( 'NONE',  ( -0.000000000000000000, -0.000000000000000000, -1.000000000000000000 ) ) ;
#32 = VERTEX_POINT ( 'NONE', #596 ) ;
#33 = DIRECTION ( 'NONE',  ( 1.000000000000000000, 0.000000000000000000, 0.000000000000000000 ) ) ;
#34 = CIRCLE ( 'NONE', #1046, 2.999999999999999112 ) ;
#35 = CARTESIAN_POINT ( 'NONE',  ( 15.30000000000000426, -9.050000000000002487, 21.25000000000000000 ) ) ;
#36 = FACE_BOUND ( 'NONE', #327, .T. ) ;
#37 = VERTEX_POINT ( 'NONE', #562 ) ;
#38 = EDGE_CURVE ( 'NONE', #427, #536, #1484, .T. ) ;
#39 = APPLICATION_PROTOCOL_DEFINITION ( 'international standard', 'config_control_design', 1994, #1010 ) ;
#40 = ORIENTED_EDGE ( 'NONE', *, *, #615, .T. ) ;
#41 = VECTOR ( 'NONE', #106, 1000.000000000000000 ) ;
#42 = DIRECTION ( 'NONE',  ( -1.000000000000000000, 0.000000000000000000, 0.000000000000000000 ) ) ;
#43 = ORIENTED_EDGE ( 'NONE', *, *, #1561, .F. ) ;
#44 = EDGE_CURVE ( 'NONE', #1436, #1339, #1099, .T. ) ;
#45 = DIRECTION ( 'NONE',  ( 0.000000000000000000, -1.000000000000000000, 0.000000000000000000 ) ) ;
#46 = LINE ( 'NONE', #550, #997 ) ;
#47 = ORIENTED_EDGE ( 'NONE', *, *, #287, .T. ) ;
#48 = ORIENTED_EDGE ( 'NONE', *, *, #1090, .F. ) ;
#49 = LINE ( 'NONE', #818, #1295 ) ;
#50 = ORIENTED_EDGE ( 'NONE', *, *, #747, .F. ) ;
#51 = ADVANCED_FACE ( 'NONE', ( #465 ), #1489, .F. ) ;
#52 = FACE_OUTER_BOUND ( 'NONE', #547, .T. ) ;
#53 = EDGE_LOOP ( 'NONE', ( #1538, #807, #316, #381 ) ) ;
#54 = VERTEX_POINT ( 'NONE', #1514 ) ;
#55 = DIRECTION ( 'NONE',  ( -0.000000000000000000, -0.000000000000000000, -1.000000000000000000 ) ) ;
#56 = DIRECTION ( 'NONE',  ( -1.000000000000000000, 0.000000000000000000, -0.000000000000000000 ) ) ;
#57 = LINE ( 'NONE', #192, #1409 ) ;
#58 = EDGE_CURVE ( 'NONE', #321, #1092, #1360, .T. ) ;
#59 = ADVANCED_FACE ( 'NONE', ( #1230 ), #84, .F. ) ;
#60 = CARTESIAN_POINT ( 'NONE',  ( -6.396792817664475175E-16, -29.50000000000000000, 27.25000000000000355 ) ) ;
#61 = ORIENTED_EDGE ( 'NONE', *, *, #1320, .T. ) ;
#62 = AXIS2_PLACEMENT_3D ( 'NONE', #1611, #1068, #1455 ) ;
#63 = PERSON_AND_ORGANIZATION ( #193, #916 ) ;
#64 =( BOUNDED_CURVE ( )  B_SPLINE_CURVE ( 3, ( #456, #1080, #1622, #80 ),
 .UNSPECIFIED., .F., .F. ) 
 B_SPLINE_CURVE_WITH_KNOTS ( ( 4, 4 ),
 ( 0.000000000000000000, 1.570796326794896558 ),
 .UNSPECIFIED. ) 
 CURVE ( )  GEOMETRIC_REPRESENTATION_ITEM ( )  RATIONAL_B_SPLINE_CURVE ( ( 1.000000000000000000, 0.8047378541243649375, 0.8047378541243649375, 1.000000000000000000 ) ) 
 REPRESENTATION_ITEM ( '' )  );
#65 = VECTOR ( 'NONE', #1545, 1000.000000000000000 ) ;
#66 = VERTEX_POINT ( 'NONE', #455 ) ;
#67 = VECTOR ( 'NONE', #86, 1000.000000000000000 ) ;
#68 = CARTESIAN_POINT ( 'NONE',  ( -3.999999999999996447, 8.049999999999998934, 27.25000000000000355 ) ) ;
#69 = DIRECTION ( 'NONE',  ( -1.000000000000000000, 0.000000000000000000, 0.000000000000000000 ) ) ;
#70 = AXIS2_PLACEMENT_3D ( 'NONE', #1463, #561, #1197 ) ;
#71 = DIRECTION ( 'NONE',  ( -1.000000000000000000, -0.000000000000000000, -0.000000000000000000 ) ) ;
#72 = ORIENTED_EDGE ( 'NONE', *, *, #148, .T. ) ;
#73 = ADVANCED_BREP_SHAPE_REPRESENTATION ( 'EDM Sled Spacer V2', ( #1534, #1447 ), #424 ) ;
#74 = EDGE_CURVE ( 'NONE', #826, #757, #1375, .T. ) ;
#75 = ORIENTED_EDGE ( 'NONE', *, *, #928, .F. ) ;
#76 = DIRECTION ( 'NONE',  ( 0.000000000000000000, 1.000000000000000000, 0.000000000000000000 ) ) ;
#77 = CARTESIAN_POINT ( 'NONE',  ( -12.29999999999999893, 9.050000000000002487, 21.25000000000000000 ) ) ;
#78 = ORIENTED_EDGE ( 'NONE', *, *, #834, .F. ) ;
#79 = PLANE ( 'NONE',  #1380 ) ;
#80 = CARTESIAN_POINT ( 'NONE',  ( 4.000000000000003553, -8.049999999999998934, 27.25000000000000355 ) ) ;
#81 = VERTEX_POINT ( 'NONE', #725 ) ;
#82 = EDGE_CURVE ( 'NONE', #1057, #1305, #57, .T. ) ;
#83 = LINE ( 'NONE', #851, #1496 ) ;
#84 = PLANE ( 'NONE',  #1666 ) ;
#85 = LINE ( 'NONE', #588, #887 ) ;
#86 = DIRECTION ( 'NONE',  ( -0.000000000000000000, -0.000000000000000000, 1.000000000000000000 ) ) ;
#87 = VERTEX_POINT ( 'NONE', #697 ) ;
#88 = CARTESIAN_POINT ( 'NONE',  ( 7.335000000000000853, 40.00000000000000000, -0.7500000000000000000 ) ) ;
#89 = VECTOR ( 'NONE', #459, 1000.000000000000000 ) ;
#90 = LINE ( 'NONE', #1633, #8 ) ;
#91 = DIRECTION ( 'NONE',  ( 0.000000000000000000, -1.000000000000000000, -0.000000000000000000 ) ) ;
#92 = VECTOR ( 'NONE', #33, 1000.000000000000000 ) ;
#93 = DIRECTION ( 'NONE',  ( -0.000000000000000000, -0.000000000000000000, -1.000000000000000000 ) ) ;
#94 = VECTOR ( 'NONE', #117, 1000.000000000000000 ) ;
#95 = CIRCLE ( 'NONE', #1266, 2.000000000000003553 ) ;
#96 = AXIS2_PLACEMENT_3D ( 'NONE', #1535, #1401, #748 ) ;
#97 = DIRECTION ( 'NONE',  ( 0.000000000000000000, 0.000000000000000000, 1.000000000000000000 ) ) ;
#98 = VERTEX_POINT ( 'NONE', #1086 ) ;
#99 = CARTESIAN_POINT ( 'NONE',  ( 14.30000000000000071, -9.050000000000002487, 0.000000000000000000 ) ) ;
#100 = CARTESIAN_POINT ( 'NONE',  ( 14.30000000000000959, 9.050000000000002487, 15.25000000000000178 ) ) ;
#101 = CARTESIAN_POINT ( 'NONE',  ( 5.000000000000003553, -7.049999999999998934, 21.25000000000000000 ) ) ;
#102 = LINE ( 'NONE', #108, #197 ) ;
#103 = FACE_OUTER_BOUND ( 'NONE', #927, .T. ) ;
#104 = DIRECTION ( 'NONE',  ( 1.000000000000000000, 0.000000000000000000, 0.000000000000000000 ) ) ;
#105 = EDGE_CURVE ( 'NONE', #525, #880, #460, .T. ) ;
#106 = DIRECTION ( 'NONE',  ( 1.000000000000000000, -0.000000000000000000, 0.000000000000000000 ) ) ;
#107 = DIRECTION ( 'NONE',  ( -0.000000000000000000, -0.000000000000000000, 1.000000000000000000 ) ) ;
#108 = CARTESIAN_POINT ( 'NONE',  ( 15.30000000000000426, -9.050000000000002487, 15.25000000000000178 ) ) ;
#109 = CARTESIAN_POINT ( 'NONE',  ( -3.999999999999996447, -12.04999999999999893, 27.25000000000000355 ) ) ;
#110 = EDGE_LOOP ( 'NONE', ( #788, #1452, #950, #559 ) ) ;
#111 = ORIENTED_EDGE ( 'NONE', *, *, #548, .T. ) ;
#112 = CARTESIAN_POINT ( 'NONE',  ( 4.000000000000003553, 13.04999999999999893, 27.25000000000000355 ) ) ;
#113 = EDGE_CURVE ( 'NONE', #1299, #1566, #226, .T. ) ;
#114 = DIRECTION ( 'NONE',  ( 1.000000000000000000, 0.000000000000000000, 0.000000000000000000 ) ) ;
#115 = CARTESIAN_POINT ( 'NONE',  ( 20.00000000000000355, -40.00000000000000000, 0.000000000000000000 ) ) ;
#116 = AXIS2_PLACEMENT_3D ( 'NONE', #1451, #1270, #627 ) ;
#117 = DIRECTION ( 'NONE',  ( -0.000000000000000000, -1.000000000000000000, -0.000000000000000000 ) ) ;
#118 = ORIENTED_EDGE ( 'NONE', *, *, #1096, .T. ) ;
#119 = ORIENTED_EDGE ( 'NONE', *, *, #1373, .F. ) ;
#120 = VECTOR ( 'NONE', #853, 1000.000000000000000 ) ;
#121 = CIRCLE ( 'NONE', #1411, 1.999999999999994893 ) ;
#122 = CIRCLE ( 'NONE', #337, 0.2500000000000000000 ) ;
#123 = DIRECTION ( 'NONE',  ( -0.000000000000000000, 1.000000000000000000, -0.000000000000000000 ) ) ;
#124 = AXIS2_PLACEMENT_3D ( 'NONE', #986, #1390, #1371 ) ;
#125 = DIRECTION ( 'NONE',  ( 1.000000000000000000, 0.000000000000000000, 0.000000000000000000 ) ) ;
#126 = LINE ( 'NONE', #626, #1243 ) ;
#127 = FACE_BOUND ( 'NONE', #1369, .T. ) ;
#128 = ORIENTED_EDGE ( 'NONE', *, *, #928, .T. ) ;
#129 = CARTESIAN_POINT ( 'NONE',  ( -19.99999999999999645, -40.00000000000000000, 0.000000000000000000 ) ) ;
#130 = ORIENTED_EDGE ( 'NONE', *, *, #1599, .F. ) ;
#131 = DIRECTION ( 'NONE',  ( 0.000000000000000000, -1.000000000000000000, 0.000000000000000000 ) ) ;
#132 = EDGE_LOOP ( 'NONE', ( #272, #1419 ) ) ;
#133 = FACE_OUTER_BOUND ( 'NONE', #186, .T. ) ;
#134 = CARTESIAN_POINT ( 'NONE',  ( -3.999999999999996447, -13.04999999999999893, 27.25000000000000355 ) ) ;
#135 = CARTESIAN_POINT ( 'NONE',  ( -4.999999999999996447, 13.04999999999999893, 26.25000000000000355 ) ) ;
#136 = EDGE_CURVE ( 'NONE', #755, #1591, #990, .T. ) ;
#137 = DIRECTION ( 'NONE',  ( -0.000000000000000000, -0.000000000000000000, -1.000000000000000000 ) ) ;
#138 = ORIENTED_EDGE ( 'NONE', *, *, #1449, .F. ) ;
#139 = ORIENTED_EDGE ( 'NONE', *, *, #1209, .T. ) ;
#140 = DIRECTION ( 'NONE',  ( 1.000000000000000000, 0.000000000000000000, -0.000000000000000000 ) ) ;
#141 = CARTESIAN_POINT ( 'NONE',  ( -7.335000000000000853, -40.00000000000000000, -1.000000000000000000 ) ) ;
#142 = PERSON_AND_ORGANIZATION ( #193, #916 ) ;
#143 = APPROVAL ( #208, 'UNSPECIFIED' ) ;
#144 = CARTESIAN_POINT ( 'NONE',  ( -3.999999999999996447, 0.000000000000000000, 27.25000000000000355 ) ) ;
#145 = ORIENTED_EDGE ( 'NONE', *, *, #771, .T. ) ;
#146 = AXIS2_PLACEMENT_3D ( 'NONE', #1091, #608, #716 ) ;
#147 = AXIS2_PLACEMENT_3D ( 'NONE', #1281, #131, #1684 ) ;
#148 = EDGE_CURVE ( 'NONE', #612, #1387, #1078, .T. ) ;
#149 = CARTESIAN_POINT ( 'NONE',  ( -12.29999999999999893, -9.050000000000002487, 0.000000000000000000 ) ) ;
#150 = VECTOR ( 'NONE', #951, 1000.000000000000000 ) ;
#151 = APPROVAL_STATUS ( 'not_yet_approved' ) ;
#152 = ORIENTED_EDGE ( 'NONE', *, *, #1102, .F. ) ;
#153 = CARTESIAN_POINT ( 'NONE',  ( -7.335000000000000853, -40.00000000000000000, -1.000000000000000000 ) ) ;
#154 = DIRECTION ( 'NONE',  ( -0.000000000000000000, -0.000000000000000000, -1.000000000000000000 ) ) ;
#155 = VERTEX_POINT ( 'NONE', #734 ) ;
#156 = DIRECTION ( 'NONE',  ( -0.000000000000000000, -0.000000000000000000, 1.000000000000000000 ) ) ;
#157 = DIRECTION ( 'NONE',  ( 0.000000000000000000, 0.000000000000000000, 1.000000000000000000 ) ) ;
#158 = EDGE_CURVE ( 'NONE', #37, #611, #699, .T. ) ;
#159 = ORIENTED_EDGE ( 'NONE', *, *, #638, .T. ) ;
#160 =( NAMED_UNIT ( * ) PLANE_ANGLE_UNIT ( ) SI_UNIT ( $, .RADIAN. ) );
#161 = VERTEX_POINT ( 'NONE', #762 ) ;
#162 = DIRECTION ( 'NONE',  ( 1.000000000000000000, 0.000000000000000000, 0.000000000000000000 ) ) ;
#163 = EDGE_LOOP ( 'NONE', ( #152, #727, #47, #1254, #1480, #1306, #1114, #415, #1683, #331 ) ) ;
#164 = DIRECTION ( 'NONE',  ( -0.000000000000000000, -0.000000000000000000, 1.000000000000000000 ) ) ;
#165 = LINE ( 'NONE', #669, #1443 ) ;
#166 = FACE_OUTER_BOUND ( 'NONE', #110, .T. ) ;
#167 = ORIENTED_EDGE ( 'NONE', *, *, #38, .F. ) ;
#168 = ORIENTED_EDGE ( 'NONE', *, *, #113, .T. ) ;
#169 = DIRECTION ( 'NONE',  ( -3.469446951953614189E-15, 0.000000000000000000, -1.000000000000000000 ) ) ;
#170 = ORIENTED_EDGE ( 'NONE', *, *, #136, .F. ) ;
#171 = VECTOR ( 'NONE', #320, 1000.000000000000000 ) ;
#172 = CARTESIAN_POINT ( 'NONE',  ( 4.000000000000003553, 0.000000000000000000, 26.25000000000000355 ) ) ;
#173 = ORIENTED_EDGE ( 'NONE', *, *, #1562, .F. ) ;
#174 = CARTESIAN_POINT ( 'NONE',  ( 2.499999999999999556, -29.50000000000000000, -1.000000000000000000 ) ) ;
#175 = EDGE_LOOP ( 'NONE', ( #398, #1186, #1224, #1583 ) ) ;
#176 = AXIS2_PLACEMENT_3D ( 'NONE', #850, #1518, #740 ) ;
#177 = EDGE_CURVE ( 'NONE', #1446, #297, #396, .T. ) ;
#178 = CARTESIAN_POINT ( 'NONE',  ( -12.29999999999999893, 9.050000000000002487, 15.25000000000000178 ) ) ;
#179 = ORIENTED_EDGE ( 'NONE', *, *, #308, .F. ) ;
#180 = DIRECTION ( 'NONE',  ( 0.000000000000000000, 0.000000000000000000, 1.000000000000000000 ) ) ;
#181 = ORIENTED_EDGE ( 'NONE', *, *, #1504, .T. ) ;
#182 = EDGE_CURVE ( 'NONE', #1446, #1335, #1528, .T. ) ;
#183 = ORIENTED_EDGE ( 'NONE', *, *, #1229, .T. ) ;
#184 = PLANE ( 'NONE',  #70 ) ;
#185 = DIRECTION ( 'NONE',  ( 0.000000000000000000, 0.000000000000000000, -1.000000000000000000 ) ) ;
#186 = EDGE_LOOP ( 'NONE', ( #30, #695, #1495, #814 ) ) ;
#187 = EDGE_CURVE ( 'NONE', #1421, #628, #809, .T. ) ;
#188 = DIRECTION ( 'NONE',  ( 1.000000000000000000, -0.000000000000000000, 0.000000000000000000 ) ) ;
#189 = ORIENTED_EDGE ( 'NONE', *, *, #1529, .F. ) ;
#190 = ORIENTED_EDGE ( 'NONE', *, *, #1256, .F. ) ;
#191 = LINE ( 'NONE', #1314, #150 ) ;
#192 = CARTESIAN_POINT ( 'NONE',  ( 5.000000000000003553, 8.049999999999998934, 27.25000000000000355 ) ) ;
#193 = PERSON ( 'UNSPECIFIED', 'UNSPECIFIED', 'UNSPECIFIED', ('UNSPECIFIED'), ('UNSPECIFIED'), ('UNSPECIFIED') ) ;
#194 = CARTESIAN_POINT ( 'NONE',  ( -12.29999999999999893, 9.050000000000002487, 21.25000000000000000 ) ) ;
#195 = ADVANCED_FACE ( 'NONE', ( #363 ), #1386, .F. ) ;
#196 = CIRCLE ( 'NONE', #1132, 0.2500000000000000000 ) ;
#197 = VECTOR ( 'NONE', #1417, 1000.000000000000000 ) ;
#198 = EDGE_LOOP ( 'NONE', ( #170, #1084, #181, #145 ) ) ;
#199 = CIRCLE ( 'NONE', #1296, 2.000000000000003553 ) ;
#200 = CYLINDRICAL_SURFACE ( 'NONE', #777, 1.000000000000000888 ) ;
#201 = CARTESIAN_POINT ( 'NONE',  ( 7.085000000000000853, 40.00000000000000000, -1.000000000000000000 ) ) ;
#202 = CIRCLE ( 'NONE', #423, 2.500000000000000000 ) ;
#203 = DIRECTION ( 'NONE',  ( 1.000000000000000000, 0.000000000000000000, 0.000000000000000000 ) ) ;
#204 = CIRCLE ( 'NONE', #838, 1.999999999999994893 ) ;
#205 = DIRECTION ( 'NONE',  ( -1.000000000000000000, 0.000000000000000000, 0.000000000000000000 ) ) ;
#206 = ORIENTED_EDGE ( 'NONE', *, *, #1267, .F. ) ;
#207 = EDGE_CURVE ( 'NONE', #933, #1358, #102, .T. ) ;
#208 = APPROVAL_STATUS ( 'not_yet_approved' ) ;
#209 = ORIENTED_EDGE ( 'NONE', *, *, #467, .T. ) ;
#210 = CARTESIAN_POINT ( 'NONE',  ( -4.999999999999996447, -13.04999999999999893, 26.25000000000000355 ) ) ;
#211 = DIRECTION ( 'NONE',  ( -1.000000000000000000, -0.000000000000000000, -0.000000000000000000 ) ) ;
#212 = DIRECTION ( 'NONE',  ( -0.000000000000000000, -0.000000000000000000, -1.000000000000000000 ) ) ;
#213 = EDGE_CURVE ( 'NONE', #1233, #992, #1127, .T. ) ;
#214 = DIRECTION ( 'NONE',  ( -1.000000000000000000, 0.000000000000000000, 0.000000000000000000 ) ) ;
#215 = VERTEX_POINT ( 'NONE', #869 ) ;
#216 = VERTEX_POINT ( 'NONE', #174 ) ;
#217 = FACE_OUTER_BOUND ( 'NONE', #1059, .T. ) ;
#218 = ORIENTED_EDGE ( 'NONE', *, *, #862, .F. ) ;
#219 = CARTESIAN_POINT ( 'NONE',  ( -4.999999999999996447, -13.04999999999999893, 26.83578643762691129 ) ) ;
#220 = AXIS2_PLACEMENT_3D ( 'NONE', #556, #1200, #205 ) ;
#221 = DIRECTION ( 'NONE',  ( 0.000000000000000000, -0.000000000000000000, 1.000000000000000000 ) ) ;
#222 = AXIS2_PLACEMENT_3D ( 'NONE', #1536, #670, #785 ) ;
#223 = CARTESIAN_POINT ( 'NONE',  ( 0.000000000000000000, -13.04999999999999893, 21.25000000000000000 ) ) ;
#224 = DIRECTION ( 'NONE',  ( 1.000000000000000000, -0.000000000000000000, 0.000000000000000000 ) ) ;
#225 =( BOUNDED_CURVE ( )  B_SPLINE_CURVE ( 3, ( #109, #1635, #219, #610 ),
 .UNSPECIFIED., .F., .F. ) 
 B_SPLINE_CURVE_WITH_KNOTS ( ( 4, 4 ),
 ( 1.570796326794896558, 3.141592653589793116 ),
 .UNSPECIFIED. ) 
 CURVE ( )  GEOMETRIC_REPRESENTATION_ITEM ( )  RATIONAL_B_SPLINE_CURVE ( ( 1.000000000000000000, 0.8047378541243649375, 0.8047378541243649375, 1.000000000000000000 ) ) 
 REPRESENTATION_ITEM ( '' )  );
#226 = CIRCLE ( 'NONE', #1550, 1.999999999999994893 ) ;
#227 = EDGE_CURVE ( 'NONE', #755, #344, #522, .T. ) ;
#228 = CARTESIAN_POINT ( 'NONE',  ( 12.30000000000000604, -9.050000000000002487, 15.25000000000000178 ) ) ;
#229 = VECTOR ( 'NONE', #1260, 1000.000000000000000 ) ;
#230 = ORIENTED_EDGE ( 'NONE', *, *, #1405, .T. ) ;
#231 = AXIS2_PLACEMENT_3D ( 'NONE', #1105, #1524, #745 ) ;
#232 = CIRCLE ( 'NONE', #1415, 2.000000000000003553 ) ;
#233 = CARTESIAN_POINT ( 'NONE',  ( 9.300000000000006040, -9.050000000000002487, 15.25000000000000178 ) ) ;
#234 = ORIENTED_EDGE ( 'NONE', *, *, #1529, .T. ) ;
#235 = CARTESIAN_POINT ( 'NONE',  ( -19.99999999999999645, 40.00000000000000000, 0.000000000000000000 ) ) ;
#236 = LINE ( 'NONE', #223, #563 ) ;
#237 = CARTESIAN_POINT ( 'NONE',  ( 7.335000000000000853, 40.00000000000000000, 0.000000000000000000 ) ) ;
#238 = ORIENTED_EDGE ( 'NONE', *, *, #952, .F. ) ;
#239 = EDGE_CURVE ( 'NONE', #66, #880, #1301, .T. ) ;
#240 = CARTESIAN_POINT ( 'NONE',  ( -14.29999999999999361, 9.050000000000002487, 0.000000000000000000 ) ) ;
#241 = DIRECTION ( 'NONE',  ( -1.000000000000000000, -0.000000000000000000, -0.000000000000000000 ) ) ;
#242 = DIRECTION ( 'NONE',  ( 0.000000000000000000, 0.000000000000000000, 1.000000000000000000 ) ) ;
#243 = CARTESIAN_POINT ( 'NONE',  ( -19.99999999999999645, 40.00000000000000000, 21.25000000000000000 ) ) ;
#244 = PLANE ( 'NONE',  #1159 ) ;
#245 = EDGE_LOOP ( 'NONE', ( #262, #963, #871, #1308 ) ) ;
#246 = EDGE_LOOP ( 'NONE', ( #764, #773, #1507, #238 ) ) ;
#247 = CARTESIAN_POINT ( 'NONE',  ( 5.000000000000003553, 0.000000000000000000, 26.25000000000000355 ) ) ;
#248 = CARTESIAN_POINT ( 'NONE',  ( 0.000000000000000000, 7.049999999999998934, 27.25000000000000355 ) ) ;
#249 = FACE_BOUND ( 'NONE', #737, .T. ) ;
#250 = AXIS2_PLACEMENT_3D ( 'NONE', #947, #954, #1337 ) ;
#251 = DIRECTION ( 'NONE',  ( 0.000000000000000000, 0.000000000000000000, -1.000000000000000000 ) ) ;
#252 = ORIENTED_EDGE ( 'NONE', *, *, #499, .F. ) ;
#253 = ORIENTED_EDGE ( 'NONE', *, *, #38, .T. ) ;
#254 = AXIS2_PLACEMENT_3D ( 'NONE', #364, #718, #203 ) ;
#255 = AXIS2_PLACEMENT_3D ( 'NONE', #1142, #348, #104 ) ;
#256 = AXIS2_PLACEMENT_3D ( 'NONE', #25, #1437, #901 ) ;
#257 = ADVANCED_FACE ( 'NONE', ( #133 ), #1568, .F. ) ;
#258 = DIRECTION ( 'NONE',  ( -0.000000000000000000, -1.000000000000000000, -0.000000000000000000 ) ) ;
#259 = CARTESIAN_POINT ( 'NONE',  ( 5.000000000000003553, 13.04999999999999893, 26.83578643762691129 ) ) ;
#260 = ORIENTED_EDGE ( 'NONE', *, *, #1342, .F. ) ;
#261 = CYLINDRICAL_SURFACE ( 'NONE', #147, 0.2500000000000000000 ) ;
#262 = ORIENTED_EDGE ( 'NONE', *, *, #356, .F. ) ;
#263 = DIRECTION ( 'NONE',  ( 1.000000000000000000, 0.000000000000000000, -0.000000000000000000 ) ) ;
#264 = PERSON_AND_ORGANIZATION ( #193, #916 ) ;
#265 = CARTESIAN_POINT ( 'NONE',  ( -12.29999999999999893, 9.050000000000002487, 15.25000000000000178 ) ) ;
#266 = EDGE_CURVE ( 'NONE', #98, #877, #418, .T. ) ;
#267 = CARTESIAN_POINT ( 'NONE',  ( -4.999999999999996447, -7.049999999999998934, 26.25000000000000355 ) ) ;
#268 = VERTEX_POINT ( 'NONE', #633 ) ;
#269 = DIRECTION ( 'NONE',  ( -0.000000000000000000, -0.000000000000000000, -1.000000000000000000 ) ) ;
#270 = CARTESIAN_POINT ( 'NONE',  ( -9.299999999999998934, 9.050000000000002487, 15.25000000000000178 ) ) ;
#271 = CARTESIAN_POINT ( 'NONE',  ( -3.999999999999996447, 0.000000000000000000, 26.25000000000000355 ) ) ;
#272 = ORIENTED_EDGE ( 'NONE', *, *, #505, .T. ) ;
#273 = DIRECTION ( 'NONE',  ( 0.000000000000000000, 0.000000000000000000, 1.000000000000000000 ) ) ;
#274 = ORIENTED_EDGE ( 'NONE', *, *, #629, .F. ) ;
#275 = VECTOR ( 'NONE', #617, 1000.000000000000000 ) ;
#276 = EDGE_CURVE ( 'NONE', #790, #797, #767, .T. ) ;
#277 = VECTOR ( 'NONE', #400, 1000.000000000000000 ) ;
#278 = SECURITY_CLASSIFICATION ( '', '', #463 ) ;
#279 = LINE ( 'NONE', #893, #283 ) ;
#280 = CARTESIAN_POINT ( 'NONE',  ( -12.29999999999999893, -9.050000000000002487, 15.25000000000000178 ) ) ;
#281 = ORIENTED_EDGE ( 'NONE', *, *, #436, .F. ) ;
#282 = AXIS2_PLACEMENT_3D ( 'NONE', #684, #55, #789 ) ;
#283 = VECTOR ( 'NONE', #429, 1000.000000000000000 ) ;
#284 = CARTESIAN_POINT ( 'NONE',  ( -3.999999999999996447, 12.04999999999999893, 27.25000000000000355 ) ) ;
#285 = AXIS2_PLACEMENT_3D ( 'NONE', #532, #1042, #1 ) ;
#286 = EDGE_LOOP ( 'NONE', ( #17, #601, #501, #696 ) ) ;
#287 = EDGE_CURVE ( 'NONE', #161, #992, #1559, .T. ) ;
#288 = FACE_OUTER_BOUND ( 'NONE', #1271, .T. ) ;
#289 = ORIENTED_EDGE ( 'NONE', *, *, #1176, .T. ) ;
#290 = DIRECTION ( 'NONE',  ( -0.000000000000000000, -0.000000000000000000, 1.000000000000000000 ) ) ;
#291 = EDGE_CURVE ( 'NONE', #304, #1065, #791, .T. ) ;
#292 = CARTESIAN_POINT ( 'NONE',  ( -12.29999999999999893, 9.050000000000002487, 15.25000000000000178 ) ) ;
#293 = DIRECTION ( 'NONE',  ( 0.000000000000000000, -1.000000000000000000, 0.000000000000000000 ) ) ;
#294 = ORIENTED_EDGE ( 'NONE', *, *, #158, .F. ) ;
#295 = ADVANCED_FACE ( 'NONE', ( #1687 ), #1017, .F. ) ;
#296 = COORDINATED_UNIVERSAL_TIME_OFFSET ( 8, 0, .BEHIND. ) ;
#297 = VERTEX_POINT ( 'NONE', #417 ) ;
#298 = CARTESIAN_POINT ( 'NONE',  ( -4.999999999999996447, 7.049999999999998046, 26.83578643762691129 ) ) ;
#299 = VERTEX_POINT ( 'NONE', #915 ) ;
#300 = CARTESIAN_POINT ( 'NONE',  ( -19.99999999999999645, 40.00000000000000000, 21.25000000000000000 ) ) ;
#301 = FACE_BOUND ( 'NONE', #636, .T. ) ;
#302 = EDGE_LOOP ( 'NONE', ( #23, #260, #637, #551 ) ) ;
#303 = EDGE_CURVE ( 'NONE', #902, #1348, #639, .T. ) ;
#304 = VERTEX_POINT ( 'NONE', #7 ) ;
#305 = CARTESIAN_POINT ( 'NONE',  ( 5.000000000000003553, 7.049999999999998934, 26.25000000000000355 ) ) ;
#306 = CARTESIAN_POINT ( 'NONE',  ( 7.335000000000000853, 40.00000000000000000, -1.000000000000000000 ) ) ;
#307 = EDGE_LOOP ( 'NONE', ( #720, #941, #1647, #128 ) ) ;
#308 = EDGE_CURVE ( 'NONE', #1397, #304, #668, .T. ) ;
#309 = AXIS2_PLACEMENT_3D ( 'NONE', #1385, #352, #839 ) ;
#310 = FACE_OUTER_BOUND ( 'NONE', #671, .T. ) ;
#311 = DIRECTION ( 'NONE',  ( 0.000000000000000000, -1.000000000000000000, 0.000000000000000000 ) ) ;
#312 = VERTEX_POINT ( 'NONE', #900 ) ;
#313 = AXIS2_PLACEMENT_3D ( 'NONE', #774, #1041, #1170 ) ;
#314 = PERSON_AND_ORGANIZATION_ROLE ( 'design_supplier' ) ;
#315 = ADVANCED_FACE ( 'NONE', ( #1428 ), #540, .F. ) ;
#316 = ORIENTED_EDGE ( 'NONE', *, *, #771, .F. ) ;
#317 = AXIS2_PLACEMENT_3D ( 'NONE', #859, #1125, #504 ) ;
#318 = FACE_BOUND ( 'NONE', #434, .T. ) ;
#319 = EDGE_LOOP ( 'NONE', ( #336, #908, #1163, #1321 ) ) ;
#320 = DIRECTION ( 'NONE',  ( -0.000000000000000000, -0.000000000000000000, 1.000000000000000000 ) ) ;
#321 = VERTEX_POINT ( 'NONE', #1420 ) ;
#322 = ORIENTED_EDGE ( 'NONE', *, *, #1336, .F. ) ;
#323 = CYLINDRICAL_SURFACE ( 'NONE', #782, 0.2500000000000000000 ) ;
#324 = CARTESIAN_POINT ( 'NONE',  ( -4.999999999999996447, -7.049999999999998934, 26.25000000000000355 ) ) ;
#325 = DIRECTION ( 'NONE',  ( 0.000000000000000000, 1.000000000000000000, 0.000000000000000000 ) ) ;
#326 = CARTESIAN_POINT ( 'NONE',  ( 7.085000000000000853, 40.00000000000000000, -0.7500000000000000000 ) ) ;
#327 = EDGE_LOOP ( 'NONE', ( #1548, #1152 ) ) ;
#328 = ORIENTED_EDGE ( 'NONE', *, *, #843, .T. ) ;
#329 = LINE ( 'NONE', #1519, #698 ) ;
#330 = ORIENTED_EDGE ( 'NONE', *, *, #1552, .F. ) ;
#331 = ORIENTED_EDGE ( 'NONE', *, *, #1029, .T. ) ;
#332 = CARTESIAN_POINT ( 'NONE',  ( 5.000000000000003553, 13.04999999999999893, 21.25000000000000000 ) ) ;
#333 = ORIENTED_EDGE ( 'NONE', *, *, #467, .F. ) ;
#334 = VECTOR ( 'NONE', #999, 1000.000000000000000 ) ;
#335 = VECTOR ( 'NONE', #1000, 1000.000000000000000 ) ;
#336 = ORIENTED_EDGE ( 'NONE', *, *, #527, .T. ) ;
#337 = AXIS2_PLACEMENT_3D ( 'NONE', #349, #1400, #746 ) ;
#338 = DIRECTION ( 'NONE',  ( 0.000000000000000000, 1.000000000000000000, 0.000000000000000000 ) ) ;
#339 = ORIENTED_EDGE ( 'NONE', *, *, #1349, .T. ) ;
#340 = AXIS2_PLACEMENT_3D ( 'NONE', #1135, #498, #1110 ) ;
#341 = PLANE ( 'NONE',  #1265 ) ;
#342 = DIRECTION ( 'NONE',  ( 0.000000000000000000, 0.000000000000000000, 1.000000000000000000 ) ) ;
#343 = ADVANCED_FACE ( 'NONE', ( #1573 ), #261, .T. ) ;
#344 = VERTEX_POINT ( 'NONE', #1426 ) ;
#345 = CARTESIAN_POINT ( 'NONE',  ( 15.30000000000000426, -9.050000000000002487, 15.25000000000000178 ) ) ;
#346 = EDGE_LOOP ( 'NONE', ( #1169, #948 ) ) ;
#347 = CARTESIAN_POINT ( 'NONE',  ( 5.000000000000003553, -13.04999999999999893, 21.25000000000000000 ) ) ;
#348 = DIRECTION ( 'NONE',  ( 0.000000000000000000, 0.000000000000000000, 1.000000000000000000 ) ) ;
#349 = CARTESIAN_POINT ( 'NONE',  ( 7.085000000000000853, -40.00000000000000000, -0.7500000000000000000 ) ) ;
#350 = EDGE_CURVE ( 'NONE', #1566, #1299, #1471, .T. ) ;
#351 = CARTESIAN_POINT ( 'NONE',  ( 0.000000000000000000, -7.049999999999998934, 26.25000000000000355 ) ) ;
#352 = DIRECTION ( 'NONE',  ( 0.000000000000000000, 0.000000000000000000, 1.000000000000000000 ) ) ;
#353 = EDGE_LOOP ( 'NONE', ( #322, #43 ) ) ;
#354 = CARTESIAN_POINT ( 'NONE',  ( -12.29999999999999893, 9.050000000000002487, 15.25000000000000178 ) ) ;
#355 = DIRECTION ( 'NONE',  ( 1.000000000000000000, 0.000000000000000000, 0.000000000000000000 ) ) ;
#356 = EDGE_CURVE ( 'NONE', #1148, #27, #16, .T. ) ;
#357 = CARTESIAN_POINT ( 'NONE',  ( -12.29999999999999893, 9.050000000000002487, 15.25000000000000178 ) ) ;
#358 = VECTOR ( 'NONE', #1482, 1000.000000000000000 ) ;
#359 = DIRECTION ( 'NONE',  ( -0.000000000000000000, -0.000000000000000000, -1.000000000000000000 ) ) ;
#360 = VECTOR ( 'NONE', #164, 1000.000000000000000 ) ;
#361 = EDGE_CURVE ( 'NONE', #1167, #879, #1033, .T. ) ;
#362 = CARTESIAN_POINT ( 'NONE',  ( 4.000000000000003553, -12.04999999999999893, 27.25000000000000355 ) ) ;
#363 = FACE_OUTER_BOUND ( 'NONE', #667, .T. ) ;
#364 = CARTESIAN_POINT ( 'NONE',  ( -12.29999999999999893, -9.050000000000002487, 0.000000000000000000 ) ) ;
#365 = AXIS2_PLACEMENT_3D ( 'NONE', #178, #1189, #162 ) ;
#366 = VERTEX_POINT ( 'NONE', #1435 ) ;
#367 = EDGE_LOOP ( 'NONE', ( #1685, #1364, #1195, #1456 ) ) ;
#368 = VECTOR ( 'NONE', #1353, 1000.000000000000000 ) ;
#369 = AXIS2_PLACEMENT_3D ( 'NONE', #651, #917, #1035 ) ;
#370 = CARTESIAN_POINT ( 'NONE',  ( -12.29999999999999893, 9.050000000000002487, 15.25000000000000178 ) ) ;
#371 = CARTESIAN_POINT ( 'NONE',  ( -4.999999999999996447, -13.04999999999999893, 26.25000000000000355 ) ) ;
#372 = DIRECTION ( 'NONE',  ( 1.000000000000000000, 0.000000000000000000, 0.000000000000000000 ) ) ;
#373 = CARTESIAN_POINT ( 'NONE',  ( 20.00000000000000355, 40.00000000000000000, 21.25000000000000000 ) ) ;
#374 = ORIENTED_EDGE ( 'NONE', *, *, #436, .T. ) ;
#375 = ORIENTED_EDGE ( 'NONE', *, *, #606, .F. ) ;
#376 = DIRECTION ( 'NONE',  ( 0.000000000000000000, -1.000000000000000000, 0.000000000000000000 ) ) ;
#377 = DIRECTION ( 'NONE',  ( -0.000000000000000000, -0.000000000000000000, -1.000000000000000000 ) ) ;
#378 = DIRECTION ( 'NONE',  ( 1.000000000000000000, 0.000000000000000000, 0.000000000000000000 ) ) ;
#379 = ORIENTED_EDGE ( 'NONE', *, *, #599, .T. ) ;
#380 = FACE_OUTER_BOUND ( 'NONE', #163, .T. ) ;
#381 = ORIENTED_EDGE ( 'NONE', *, *, #308, .T. ) ;
#382 = ORIENTED_EDGE ( 'NONE', *, *, #998, .F. ) ;
#383 = CARTESIAN_POINT ( 'NONE',  ( -14.29999999999999361, 9.050000000000002487, 15.25000000000000178 ) ) ;
#384 = ADVANCED_FACE ( 'NONE', ( #1298 ), #656, .T. ) ;
#385 = DIRECTION ( 'NONE',  ( -0.000000000000000000, -0.000000000000000000, 1.000000000000000000 ) ) ;
#386 = DIRECTION ( 'NONE',  ( 1.000000000000000000, 0.000000000000000000, 0.000000000000000000 ) ) ;
#387 = AXIS2_PLACEMENT_3D ( 'NONE', #479, #1043, #421 ) ;
#388 = ORIENTED_EDGE ( 'NONE', *, *, #1686, .T. ) ;
#389 = EDGE_LOOP ( 'NONE', ( #438, #1595 ) ) ;
#390 = AXIS2_PLACEMENT_3D ( 'NONE', #1287, #644, #1162 ) ;
#391 = CC_DESIGN_APPROVAL ( #143, ( #278 ) ) ;
#392 = AXIS2_PLACEMENT_3D ( 'NONE', #153, #1272, #15 ) ;
#393 = AXIS2_PLACEMENT_3D ( 'NONE', #1615, #180, #437 ) ;
#394 = CARTESIAN_POINT ( 'NONE',  ( -15.30000000000000071, -9.050000000000002487, 15.25000000000000178 ) ) ;
#395 = DIRECTION ( 'NONE',  ( 0.000000000000000000, 0.000000000000000000, 1.000000000000000000 ) ) ;
#396 = LINE ( 'NONE', #243, #517 ) ;
#397 = PLANE ( 'NONE',  #1107 ) ;
#398 = ORIENTED_EDGE ( 'NONE', *, *, #1174, .F. ) ;
#399 = ORIENTED_EDGE ( 'NONE', *, *, #742, .T. ) ;
#400 = DIRECTION ( 'NONE',  ( -1.000000000000000000, 0.000000000000000000, -0.000000000000000000 ) ) ;
#401 =( BOUNDED_CURVE ( )  B_SPLINE_CURVE ( 3, ( #508, #259, #523, #643 ),
 .UNSPECIFIED., .F., .F. ) 
 B_SPLINE_CURVE_WITH_KNOTS ( ( 4, 4 ),
 ( 0.000000000000000000, 1.570796326794896558 ),
 .UNSPECIFIED. ) 
 CURVE ( )  GEOMETRIC_REPRESENTATION_ITEM ( )  RATIONAL_B_SPLINE_CURVE ( ( 1.000000000000000000, 0.8047378541243649375, 0.8047378541243649375, 1.000000000000000000 ) ) 
 REPRESENTATION_ITEM ( '' )  );
#402 = CYLINDRICAL_SURFACE ( 'NONE', #369, 1.000000000000000888 ) ;
#403 =( LENGTH_UNIT ( ) NAMED_UNIT ( * ) SI_UNIT ( .MILLI., .METRE. ) );
#404 = ADVANCED_FACE ( 'NONE', ( #1076 ), #1204, .F. ) ;
#405 = CARTESIAN_POINT ( 'NONE',  ( -4.999999999999996447, 7.049999999999998934, 26.25000000000000355 ) ) ;
#406 = ORIENTED_EDGE ( 'NONE', *, *, #158, .T. ) ;
#407 = CARTESIAN_POINT ( 'NONE',  ( -12.29999999999999893, 9.050000000000002487, 15.25000000000000178 ) ) ;
#408 = DIRECTION ( 'NONE',  ( -0.000000000000000000, -0.000000000000000000, -1.000000000000000000 ) ) ;
#409 = ORIENTED_EDGE ( 'NONE', *, *, #638, .F. ) ;
#410 = CARTESIAN_POINT ( 'NONE',  ( -12.29999999999999893, 9.050000000000002487, 21.25000000000000000 ) ) ;
#411 = CARTESIAN_POINT ( 'NONE',  ( -9.299999999999998934, 9.050000000000002487, 15.25000000000000178 ) ) ;
#412 = ORIENTED_EDGE ( 'NONE', *, *, #1071, .T. ) ;
#413 = EDGE_CURVE ( 'NONE', #344, #826, #1483, .T. ) ;
#414 = DIRECTION ( 'NONE',  ( -0.000000000000000000, 1.000000000000000000, -0.000000000000000000 ) ) ;
#415 = ORIENTED_EDGE ( 'NONE', *, *, #1638, .T. ) ;
#416 = EDGE_CURVE ( 'NONE', #960, #1315, #806, .T. ) ;
#417 = CARTESIAN_POINT ( 'NONE',  ( -19.99999999999999645, 40.00000000000000000, 0.000000000000000000 ) ) ;
#418 = CIRCLE ( 'NONE', #313, 3.000000000000000888 ) ;
#419 = CIRCLE ( 'NONE', #1501, 2.000000000000003553 ) ;
#420 = PLANE ( 'NONE',  #836 ) ;
#421 = DIRECTION ( 'NONE',  ( -1.000000000000000000, 0.000000000000000000, 0.000000000000000000 ) ) ;
#422 = ORIENTED_EDGE ( 'NONE', *, *, #1562, .T. ) ;
#423 = AXIS2_PLACEMENT_3D ( 'NONE', #1560, #775, #1291 ) ;
#424 =( GEOMETRIC_REPRESENTATION_CONTEXT ( 3 ) GLOBAL_UNCERTAINTY_ASSIGNED_CONTEXT ( ( #609 ) ) GLOBAL_UNIT_ASSIGNED_CONTEXT ( ( #403, #160, #664 ) ) REPRESENTATION_CONTEXT ( 'NONE', 'WORKASPACE' ) );
#425 = ORIENTED_EDGE ( 'NONE', *, *, #1424, .F. ) ;
#426 = CYLINDRICAL_SURFACE ( 'NONE', #1263, 1.000000000000000888 ) ;
#427 = VERTEX_POINT ( 'NONE', #324 ) ;
#428 = EDGE_CURVE ( 'NONE', #578, #797, #1292, .T. ) ;
#429 = DIRECTION ( 'NONE',  ( -0.000000000000000000, -0.000000000000000000, -1.000000000000000000 ) ) ;
#430 = PLANE ( 'NONE',  #442 ) ;
#431 = ORIENTED_EDGE ( 'NONE', *, *, #1145, .F. ) ;
#432 = ORIENTED_EDGE ( 'NONE', *, *, #484, .F. ) ;
#433 = CARTESIAN_POINT ( 'NONE',  ( -15.29999999999999716, 9.050000000000002487, 21.25000000000000000 ) ) ;
#434 = EDGE_LOOP ( 'NONE', ( #168, #1202 ) ) ;
#435 = DIRECTION ( 'NONE',  ( 0.000000000000000000, 0.000000000000000000, 1.000000000000000000 ) ) ;
#436 = EDGE_CURVE ( 'NONE', #960, #1436, #1523, .T. ) ;
#437 = DIRECTION ( 'NONE',  ( 1.000000000000000000, 0.000000000000000000, 0.000000000000000000 ) ) ;
#438 = ORIENTED_EDGE ( 'NONE', *, *, #852, .F. ) ;
#439 = EDGE_LOOP ( 'NONE', ( #898, #339, #183, #534 ) ) ;
#440 = CARTESIAN_POINT ( 'NONE',  ( -4.999999999999996447, 7.049999999999998934, 26.25000000000000355 ) ) ;
#441 = VERTEX_POINT ( 'NONE', #347 ) ;
#442 = AXIS2_PLACEMENT_3D ( 'NONE', #1544, #1402, #1317 ) ;
#443 = CC_DESIGN_PERSON_AND_ORGANIZATION_ASSIGNMENT ( #787, #535, ( #1674 ) ) ;
#444 = AXIS2_PLACEMENT_3D ( 'NONE', #306, #56, #828 ) ;
#445 = CARTESIAN_POINT ( 'NONE',  ( -9.299999999999997158, -9.050000000000002487, 15.25000000000000178 ) ) ;
#446 = ORIENTED_EDGE ( 'NONE', *, *, #834, .T. ) ;
#447 = VECTOR ( 'NONE', #1149, 1000.000000000000000 ) ;
#448 = PERSON_AND_ORGANIZATION_ROLE ( 'creator' ) ;
#449 = VECTOR ( 'NONE', #1572, 1000.000000000000000 ) ;
#450 = ADVANCED_FACE ( 'NONE', ( #1530, #103 ), #79, .T. ) ;
#451 = ORIENTED_EDGE ( 'NONE', *, *, #1320, .F. ) ;
#452 = VECTOR ( 'NONE', #732, 1000.000000000000000 ) ;
#453 = CARTESIAN_POINT ( 'NONE',  ( 0.000000000000000000, 8.049999999999998934, 26.25000000000000355 ) ) ;
#454 = CARTESIAN_POINT ( 'NONE',  ( 10.30000000000001137, -9.050000000000002487, 21.25000000000000000 ) ) ;
#455 = CARTESIAN_POINT ( 'NONE',  ( 7.335000000000000853, -40.00000000000000000, -0.7500000000000000000 ) ) ;
#456 = CARTESIAN_POINT ( 'NONE',  ( 5.000000000000003553, -7.049999999999998934, 26.25000000000000355 ) ) ;
#457 = EDGE_LOOP ( 'NONE', ( #374, #830, #1600, #1089 ) ) ;
#458 = ADVANCED_FACE ( 'NONE', ( #1646 ), #726, .F. ) ;
#459 = DIRECTION ( 'NONE',  ( -1.000000000000000000, 0.000000000000000000, -0.000000000000000000 ) ) ;
#460 = LINE ( 'NONE', #1537, #1264 ) ;
#461 = VERTEX_POINT ( 'NONE', #735 ) ;
#462 = CARTESIAN_POINT ( 'NONE',  ( -14.30000000000000249, -9.050000000000002487, 21.25000000000000000 ) ) ;
#463 = SECURITY_CLASSIFICATION_LEVEL ( 'unclassified' ) ;
#464 = ORIENTED_EDGE ( 'NONE', *, *, #276, .F. ) ;
#465 = FACE_OUTER_BOUND ( 'NONE', #632, .T. ) ;
#466 = CYLINDRICAL_SURFACE ( 'NONE', #1636, 2.000000000000003553 ) ;
#467 = EDGE_CURVE ( 'NONE', #1073, #1261, #646, .T. ) ;
#468 = DIRECTION ( 'NONE',  ( 1.000000000000000000, 0.000000000000000000, 0.000000000000000000 ) ) ;
#469 = AXIS2_PLACEMENT_3D ( 'NONE', #1283, #140, #24 ) ;
#470 = LOCAL_TIME ( 15, 49, 38.00000000000000000, #1356 ) ;
#471 = EDGE_LOOP ( 'NONE', ( #1487, #786, #1288, #1049 ) ) ;
#472 = LINE ( 'NONE', #982, #1290 ) ;
#473 = DIRECTION ( 'NONE',  ( 0.000000000000000000, -0.000000000000000000, 1.000000000000000000 ) ) ;
#474 = FACE_OUTER_BOUND ( 'NONE', #307, .T. ) ;
#475 = CARTESIAN_POINT ( 'NONE',  ( -7.085000000000001741, 40.00000000000000000, -1.000000000000000000 ) ) ;
#476 = ORIENTED_EDGE ( 'NONE', *, *, #1430, .F. ) ;
#477 = EDGE_CURVE ( 'NONE', #1016, #837, #1654, .T. ) ;
#478 = LINE ( 'NONE', #351, #41 ) ;
#479 = CARTESIAN_POINT ( 'NONE',  ( -12.29999999999999893, -9.050000000000002487, 21.25000000000000000 ) ) ;
#480 = FACE_OUTER_BOUND ( 'NONE', #688, .T. ) ;
#481 = DIRECTION ( 'NONE',  ( 1.000000000000000000, 0.000000000000000000, 0.000000000000000000 ) ) ;
#482 = CYLINDRICAL_SURFACE ( 'NONE', #1351, 2.999999999999999112 ) ;
#483 = ORIENTED_EDGE ( 'NONE', *, *, #1373, .T. ) ;
#484 = EDGE_CURVE ( 'NONE', #27, #837, #1326, .T. ) ;
#485 = CYLINDRICAL_SURFACE ( 'NONE', #1554, 2.999999999999999112 ) ;
#486 = FACE_BOUND ( 'NONE', #1344, .T. ) ;
#487 = DIRECTION ( 'NONE',  ( 1.000000000000000000, 0.000000000000000000, 0.000000000000000000 ) ) ;
#488 = CARTESIAN_POINT ( 'NONE',  ( 5.000000000000003553, 0.000000000000000000, 27.25000000000000355 ) ) ;
#489 = CC_DESIGN_DATE_AND_TIME_ASSIGNMENT ( #1461, #1276, ( #1570 ) ) ;
#490 = CARTESIAN_POINT ( 'NONE',  ( 9.300000000000006040, -9.050000000000002487, 21.25000000000000000 ) ) ;
#491 = VECTOR ( 'NONE', #1645, 1000.000000000000000 ) ;
#492 = ADVANCED_FACE ( 'NONE', ( #474 ), #341, .F. ) ;
#493 = DIRECTION ( 'NONE',  ( 0.000000000000000000, 1.000000000000000000, 0.000000000000000000 ) ) ;
#494 = LINE ( 'NONE', #1350, #12 ) ;
#495 = ORIENTED_EDGE ( 'NONE', *, *, #1302, .T. ) ;
#496 = VECTOR ( 'NONE', #521, 1000.000000000000000 ) ;
#497 = CARTESIAN_POINT ( 'NONE',  ( -7.335000000000000853, -40.00000000000000000, 0.000000000000000000 ) ) ;
#498 = DIRECTION ( 'NONE',  ( -0.000000000000000000, -0.000000000000000000, -1.000000000000000000 ) ) ;
#499 = EDGE_CURVE ( 'NONE', #1436, #960, #121, .T. ) ;
#500 = CARTESIAN_POINT ( 'NONE',  ( 2.499999999999999556, -29.50000000000000000, 21.25000000000000000 ) ) ;
#501 = ORIENTED_EDGE ( 'NONE', *, *, #207, .T. ) ;
#502 = ORIENTED_EDGE ( 'NONE', *, *, #1237, .T. ) ;
#503 = DIRECTION ( 'NONE',  ( 0.000000000000000000, 0.000000000000000000, 1.000000000000000000 ) ) ;
#504 = DIRECTION ( 'NONE',  ( 1.000000000000000000, 0.000000000000000000, -0.000000000000000000 ) ) ;
#505 = EDGE_CURVE ( 'NONE', #516, #366, #519, .T. ) ;
#506 = CARTESIAN_POINT ( 'NONE',  ( 10.30000000000001137, -9.050000000000002487, 15.25000000000000178 ) ) ;
#507 = DIRECTION ( 'NONE',  ( -0.000000000000000000, 0.000000000000000000, 1.000000000000000000 ) ) ;
#508 = CARTESIAN_POINT ( 'NONE',  ( 5.000000000000003553, 13.04999999999999893, 26.25000000000000355 ) ) ;
#509 = VERTEX_POINT ( 'NONE', #582 ) ;
#510 = ORIENTED_EDGE ( 'NONE', *, *, #606, .T. ) ;
#511 = FACE_OUTER_BOUND ( 'NONE', #1214, .T. ) ;
#512 = APPROVAL_ROLE ( '' ) ;
#513 = CARTESIAN_POINT ( 'NONE',  ( 5.000000000000003553, 7.049999999999998934, 27.25000000000000355 ) ) ;
#514 = CARTESIAN_POINT ( 'NONE',  ( -4.999999999999996447, -7.049999999999998934, 26.25000000000000355 ) ) ;
#515 = ORIENTED_EDGE ( 'NONE', *, *, #213, .T. ) ;
#516 = VERTEX_POINT ( 'NONE', #863 ) ;
#517 = VECTOR ( 'NONE', #1403, 1000.000000000000000 ) ;
#518 = LOCAL_TIME ( 15, 49, 38.00000000000000000, #1617 ) ;
#519 = CIRCLE ( 'NONE', #254, 2.000000000000003553 ) ;
#520 = AXIS2_PLACEMENT_3D ( 'NONE', #248, #1268, #221 ) ;
#521 = DIRECTION ( 'NONE',  ( -0.000000000000000000, -0.000000000000000000, 1.000000000000000000 ) ) ;
#522 = LINE ( 'NONE', #405, #277 ) ;
#523 = CARTESIAN_POINT ( 'NONE',  ( 4.585786437626908629, 12.63578643762690312, 27.25000000000000355 ) ) ;
#524 = CARTESIAN_POINT ( 'NONE',  ( 2.499999999999999556, 29.50000000000000000, 27.25000000000000355 ) ) ;
#525 = VERTEX_POINT ( 'NONE', #237 ) ;
#526 = CARTESIAN_POINT ( 'NONE',  ( -2.500000000000000444, -29.50000000000000000, 21.25000000000000000 ) ) ;
#527 = EDGE_CURVE ( 'NONE', #973, #1532, #225, .T. ) ;
#528 = DIRECTION ( 'NONE',  ( 0.000000000000000000, 0.000000000000000000, 1.000000000000000000 ) ) ;
#529 = EDGE_LOOP ( 'NONE', ( #574, #645, #665, #1625 ) ) ;
#530 = CARTESIAN_POINT ( 'NONE',  ( 4.000000000000003553, 8.049999999999998934, 27.25000000000000355 ) ) ;
#531 = ORIENTED_EDGE ( 'NONE', *, *, #1504, .F. ) ;
#532 = CARTESIAN_POINT ( 'NONE',  ( -6.396792817664475175E-16, 29.50000000000000000, 21.25000000000000000 ) ) ;
#533 = CARTESIAN_POINT ( 'NONE',  ( 12.30000000000000604, 9.050000000000002487, 15.25000000000000178 ) ) ;
#534 = ORIENTED_EDGE ( 'NONE', *, *, #1116, .T. ) ;
#535 = PERSON_AND_ORGANIZATION_ROLE ( 'design_owner' ) ;
#536 = VERTEX_POINT ( 'NONE', #1128 ) ;
#537 = ADVANCED_FACE ( 'NONE', ( #1093 ), #712, .T. ) ;
#538 = CARTESIAN_POINT ( 'NONE',  ( -4.585786437626900636, 7.464213562373091193, 27.25000000000000355 ) ) ;
#539 = EDGE_LOOP ( 'NONE', ( #1198, #592, #289, #822 ) ) ;
#540 = CYLINDRICAL_SURFACE ( 'NONE', #1377, 3.000000000000000888 ) ;
#541 = CLOSED_SHELL ( 'NONE', ( #882, #1289, #700, #944, #1274, #1121, #793, #257, #761, #553, #715, #9, #51, #938, #708, #343, #728, #894, #1002, #1363, #59, #492, #641, #404, #663, #652, #1154, #537, #295, #1520, #1399, #872, #577, #1607, #1357, #959, #458, #1510, #315, #1618, #195, #1433, #1628, #450, #1588, #976, #922, #384, #1137, #1413, #1052, #1668, #1490, #769 ) ) ;
#542 = PLANE ( 'NONE',  #1527 ) ;
#543 = FACE_BOUND ( 'NONE', #1067, .T. ) ;
#544 = ORIENTED_EDGE ( 'NONE', *, *, #673, .T. ) ;
#545 = ORIENTED_EDGE ( 'NONE', *, *, #361, .T. ) ;
#546 = CARTESIAN_POINT ( 'NONE',  ( -15.29999999999999716, 9.050000000000002487, 15.25000000000000178 ) ) ;
#547 = EDGE_LOOP ( 'NONE', ( #483, #446, #804, #382 ) ) ;
#548 = EDGE_CURVE ( 'NONE', #1261, #1299, #494, .T. ) ;
#549 = LINE ( 'NONE', #1063, #1053 ) ;
#550 = CARTESIAN_POINT ( 'NONE',  ( -7.335000000000000853, -40.00000000000000000, -0.7500000000000000000 ) ) ;
#551 = ORIENTED_EDGE ( 'NONE', *, *, #177, .T. ) ;
#552 = VERTEX_POINT ( 'NONE', #977 ) ;
#553 = ADVANCED_FACE ( 'NONE', ( #1629 ), #466, .F. ) ;
#554 = DIRECTION ( 'NONE',  ( -0.000000000000000000, -0.000000000000000000, 1.000000000000000000 ) ) ;
#555 = ORIENTED_EDGE ( 'NONE', *, *, #686, .F. ) ;
#556 = CARTESIAN_POINT ( 'NONE',  ( -6.396792817664475175E-16, 29.50000000000000000, -1.000000000000000000 ) ) ;
#557 = ORIENTED_EDGE ( 'NONE', *, *, #1449, .T. ) ;
#558 = PERSON_AND_ORGANIZATION ( #193, #916 ) ;
#559 = ORIENTED_EDGE ( 'NONE', *, *, #58, .T. ) ;
#560 =( BOUNDED_CURVE ( )  B_SPLINE_CURVE ( 3, ( #897, #1297, #655, #530 ),
 .UNSPECIFIED., .F., .F. ) 
 B_SPLINE_CURVE_WITH_KNOTS ( ( 4, 4 ),
 ( 0.000000000000000000, 1.570796326794896558 ),
 .UNSPECIFIED. ) 
 CURVE ( )  GEOMETRIC_REPRESENTATION_ITEM ( )  RATIONAL_B_SPLINE_CURVE ( ( 1.000000000000000000, 0.8047378541243649375, 0.8047378541243649375, 1.000000000000000000 ) ) 
 REPRESENTATION_ITEM ( '' )  );
#561 = DIRECTION ( 'NONE',  ( -0.000000000000000000, 0.000000000000000000, 1.000000000000000000 ) ) ;
#562 = CARTESIAN_POINT ( 'NONE',  ( -7.335000000000000853, -40.00000000000000000, -0.7500000000000000000 ) ) ;
#563 = VECTOR ( 'NONE', #579, 1000.000000000000000 ) ;
#564 = AXIS2_PLACEMENT_3D ( 'NONE', #77, #1324, #1069 ) ;
#565 = ORIENTED_EDGE ( 'NONE', *, *, #1349, .F. ) ;
#566 = EDGE_CURVE ( 'NONE', #54, #441, #85, .T. ) ;
#567 = PERSON_AND_ORGANIZATION ( #193, #916 ) ;
#568 = VECTOR ( 'NONE', #554, 1000.000000000000000 ) ;
#569 = AXIS2_PLACEMENT_3D ( 'NONE', #370, #97, #1262 ) ;
#570 = ORIENTED_EDGE ( 'NONE', *, *, #1650, .F. ) ;
#571 = AXIS2_PLACEMENT_3D ( 'NONE', #271, #1453, #770 ) ;
#572 = DIRECTION ( 'NONE',  ( 0.000000000000000000, -1.000000000000000000, 0.000000000000000000 ) ) ;
#573 = DIRECTION ( 'NONE',  ( 1.000000000000000000, -0.000000000000000000, 0.000000000000000000 ) ) ;
#574 = ORIENTED_EDGE ( 'NONE', *, *, #1388, .T. ) ;
#575 = CYLINDRICAL_SURFACE ( 'NONE', #1412, 2.500000000000000000 ) ;
#576 = DATE_TIME_ROLE ( 'classification_date' ) ;
#577 = ADVANCED_FACE ( 'NONE', ( #1508 ), #847, .F. ) ;
#578 = VERTEX_POINT ( 'NONE', #1425 ) ;
#579 = DIRECTION ( 'NONE',  ( 1.000000000000000000, 0.000000000000000000, 0.000000000000000000 ) ) ;
#580 = EDGE_CURVE ( 'NONE', #654, #461, #1014, .T. ) ;
#581 = CARTESIAN_POINT ( 'NONE',  ( 12.30000000000000604, -9.050000000000002487, 21.25000000000000000 ) ) ;
#582 = CARTESIAN_POINT ( 'NONE',  ( 14.30000000000000959, 9.050000000000002487, 0.000000000000000000 ) ) ;
#583 = DIRECTION ( 'NONE',  ( -1.000000000000000000, 0.000000000000000000, -0.000000000000000000 ) ) ;
#584 = EDGE_LOOP ( 'NONE', ( #958, #139, #1642, #890 ) ) ;
#585 = CARTESIAN_POINT ( 'NONE',  ( 15.30000000000000426, 9.050000000000002487, 15.25000000000000178 ) ) ;
#586 = DIRECTION ( 'NONE',  ( -0.000000000000000000, 1.000000000000000000, -0.000000000000000000 ) ) ;
#587 = EDGE_CURVE ( 'NONE', #1467, #790, #945, .T. ) ;
#588 = CARTESIAN_POINT ( 'NONE',  ( 5.000000000000003553, -13.04999999999999893, 27.25000000000000355 ) ) ;
#589 = DIRECTION ( 'NONE',  ( -0.000000000000000000, 1.000000000000000000, -0.000000000000000000 ) ) ;
#590 = AXIS2_PLACEMENT_3D ( 'NONE', #801, #926, #372 ) ;
#591 = VECTOR ( 'NONE', #493, 1000.000000000000000 ) ;
#592 = ORIENTED_EDGE ( 'NONE', *, *, #1657, .T. ) ;
#593 = CARTESIAN_POINT ( 'NONE',  ( -19.99999999999999645, 40.00000000000000000, 0.000000000000000000 ) ) ;
#594 = VECTOR ( 'NONE', #212, 1000.000000000000000 ) ;
#595 = CARTESIAN_POINT ( 'NONE',  ( 0.000000000000000000, 13.04999999999999893, 27.25000000000000355 ) ) ;
#596 = CARTESIAN_POINT ( 'NONE',  ( 7.085000000000001741, -40.00000000000000000, -1.000000000000000000 ) ) ;
#597 = VECTOR ( 'NONE', #925, 1000.000000000000000 ) ;
#598 = DIRECTION ( 'NONE',  ( -0.000000000000000000, -0.000000000000000000, -1.000000000000000000 ) ) ;
#599 = EDGE_CURVE ( 'NONE', #1366, #509, #419, .T. ) ;
#600 = CARTESIAN_POINT ( 'NONE',  ( -6.396792817664475175E-16, 29.50000000000000000, 27.25000000000000355 ) ) ;
#601 = ORIENTED_EDGE ( 'NONE', *, *, #1220, .F. ) ;
#602 = CARTESIAN_POINT ( 'NONE',  ( -10.30000000000000426, 9.050000000000002487, 0.000000000000000000 ) ) ;
#603 = PLANE ( 'NONE',  #146 ) ;
#604 = DIRECTION ( 'NONE',  ( 0.000000000000000000, 0.000000000000000000, 1.000000000000000000 ) ) ;
#605 = LINE ( 'NONE', #233, #1051 ) ;
#606 = EDGE_CURVE ( 'NONE', #1532, #427, #870, .T. ) ;
#607 = FACE_OUTER_BOUND ( 'NONE', #198, .T. ) ;
#608 = DIRECTION ( 'NONE',  ( -0.000000000000000000, 0.000000000000000000, 1.000000000000000000 ) ) ;
#609 = UNCERTAINTY_MEASURE_WITH_UNIT (LENGTH_MEASURE( 1.000000000000000082E-05 ), #403, 'distance_accuracy_value', 'NONE');
#610 = CARTESIAN_POINT ( 'NONE',  ( -4.999999999999996447, -13.04999999999999893, 26.25000000000000355 ) ) ;
#611 = VERTEX_POINT ( 'NONE', #635 ) ;
#612 = VERTEX_POINT ( 'NONE', #500 ) ;
#613 = DIRECTION ( 'NONE',  ( 0.000000000000000000, 0.000000000000000000, 1.000000000000000000 ) ) ;
#614 = AXIS2_PLACEMENT_3D ( 'NONE', #964, #827, #733 ) ;
#615 = EDGE_CURVE ( 'NONE', #757, #321, #401, .T. ) ;
#616 = CARTESIAN_POINT ( 'NONE',  ( 5.000000000000003553, 7.049999999999998934, 21.25000000000000000 ) ) ;
#617 = DIRECTION ( 'NONE',  ( -0.000000000000000000, -0.000000000000000000, -1.000000000000000000 ) ) ;
#618 = AXIS2_PLACEMENT_3D ( 'NONE', #1231, #991, #1120 ) ;
#619 = CARTESIAN_POINT ( 'NONE',  ( -4.585786437626900636, -7.464213562373091193, 27.25000000000000355 ) ) ;
#620 = ORIENTED_EDGE ( 'NONE', *, *, #862, .T. ) ;
#621 = AXIS2_PLACEMENT_3D ( 'NONE', #357, #1275, #125 ) ;
#622 = CYLINDRICAL_SURFACE ( 'NONE', #835, 2.500000000000000000 ) ;
#623 = EDGE_CURVE ( 'NONE', #1092, #1057, #1032, .T. ) ;
#624 = CARTESIAN_POINT ( 'NONE',  ( -19.99999999999999645, -40.00000000000000000, 21.25000000000000000 ) ) ;
#625 = CC_DESIGN_PERSON_AND_ORGANIZATION_ASSIGNMENT ( #142, #929, ( #1570 ) ) ;
#626 = CARTESIAN_POINT ( 'NONE',  ( -10.29999999999999538, -9.050000000000002487, 21.25000000000000000 ) ) ;
#627 = DIRECTION ( 'NONE',  ( 1.000000000000000000, 0.000000000000000000, 0.000000000000000000 ) ) ;
#628 = VERTEX_POINT ( 'NONE', #763 ) ;
#629 = EDGE_CURVE ( 'NONE', #826, #304, #754, .T. ) ;
#630 = CARTESIAN_POINT ( 'NONE',  ( -19.99999999999999645, 40.00000000000000000, 21.25000000000000000 ) ) ;
#631 = CARTESIAN_POINT ( 'NONE',  ( -12.29999999999999893, -9.050000000000002487, 15.25000000000000178 ) ) ;
#632 = EDGE_LOOP ( 'NONE', ( #1242, #209, #111, #1047 ) ) ;
#633 = CARTESIAN_POINT ( 'NONE',  ( -4.999999999999996447, -13.04999999999999893, 21.25000000000000000 ) ) ;
#634 = CARTESIAN_POINT ( 'NONE',  ( -4.999999999999996447, 0.000000000000000000, 27.25000000000000355 ) ) ;
#635 = CARTESIAN_POINT ( 'NONE',  ( -7.085000000000000853, -40.00000000000000000, -1.000000000000000000 ) ) ;
#636 = EDGE_LOOP ( 'NONE', ( #1338, #130 ) ) ;
#637 = ORIENTED_EDGE ( 'NONE', *, *, #182, .F. ) ;
#638 = EDGE_CURVE ( 'NONE', #536, #879, #1395, .T. ) ;
#639 = LINE ( 'NONE', #1153, #360 ) ;
#640 = DIRECTION ( 'NONE',  ( -1.000000000000000000, 0.000000000000000000, 0.000000000000000000 ) ) ;
#641 = ADVANCED_FACE ( 'NONE', ( #380 ), #244, .F. ) ;
#642 = VECTOR ( 'NONE', #211, 1000.000000000000000 ) ;
#643 = CARTESIAN_POINT ( 'NONE',  ( 4.000000000000003553, 12.04999999999999893, 27.25000000000000355 ) ) ;
#644 = DIRECTION ( 'NONE',  ( 0.000000000000000000, 0.000000000000000000, 1.000000000000000000 ) ) ;
#645 = ORIENTED_EDGE ( 'NONE', *, *, #356, .T. ) ;
#646 = CIRCLE ( 'NONE', #1581, 1.999999999999994893 ) ;
#647 = APPROVAL_PERSON_ORGANIZATION ( #2, #1624, #512 ) ;
#648 = CIRCLE ( 'NONE', #1613, 0.2500000000000000000 ) ;
#649 = EDGE_CURVE ( 'NONE', #427, #1007, #1031, .T. ) ;
#650 = VECTOR ( 'NONE', #258, 1000.000000000000000 ) ;
#651 = CARTESIAN_POINT ( 'NONE',  ( 4.000000000000003553, 0.000000000000000000, 26.25000000000000355 ) ) ;
#652 = ADVANCED_FACE ( 'NONE', ( #1025, #904, #1404 ), #397, .T. ) ;
#653 = COORDINATED_UNIVERSAL_TIME_OFFSET ( 8, 0, .BEHIND. ) ;
#654 = VERTEX_POINT ( 'NONE', #1161 ) ;
#655 = CARTESIAN_POINT ( 'NONE',  ( 4.585786437626908629, 7.464213562373091193, 27.25000000000000355 ) ) ;
#656 = CYLINDRICAL_SURFACE ( 'NONE', #1158, 1.000000000000000888 ) ;
#657 = ORIENTED_EDGE ( 'NONE', *, *, #227, .F. ) ;
#658 = CC_DESIGN_PERSON_AND_ORGANIZATION_ASSIGNMENT ( #567, #314, ( #969 ) ) ;
#659 = CARTESIAN_POINT ( 'NONE',  ( -0.000000000000000000, 13.04999999999999893, 21.25000000000000000 ) ) ;
#660 = CARTESIAN_POINT ( 'NONE',  ( -19.99999999999999645, -40.00000000000000000, 0.000000000000000000 ) ) ;
#661 = FACE_BOUND ( 'NONE', #53, .T. ) ;
#662 = ORIENTED_EDGE ( 'NONE', *, *, #874, .T. ) ;
#663 = ADVANCED_FACE ( 'NONE', ( #22 ), #1168, .F. ) ;
#664 =( NAMED_UNIT ( * ) SI_UNIT ( $, .STERADIAN. ) SOLID_ANGLE_UNIT ( ) );
#665 = ORIENTED_EDGE ( 'NONE', *, *, #484, .T. ) ;
#666 = DIRECTION ( 'NONE',  ( 0.000000000000000000, 0.000000000000000000, 1.000000000000000000 ) ) ;
#667 = EDGE_LOOP ( 'NONE', ( #464, #1196, #230, #816 ) ) ;
#668 = LINE ( 'NONE', #1054, #943 ) ;
#669 = CARTESIAN_POINT ( 'NONE',  ( 5.000000000000003553, 0.000000000000000000, 21.25000000000000000 ) ) ;
#670 = DIRECTION ( 'NONE',  ( 0.000000000000000000, 0.000000000000000000, 1.000000000000000000 ) ) ;
#671 = EDGE_LOOP ( 'NONE', ( #40, #709, #1280, #570 ) ) ;
#672 = APPLICATION_PROTOCOL_DEFINITION ( 'international standard', 'config_control_design', 1994, #1039 ) ;
#673 = EDGE_CURVE ( 'NONE', #755, #1305, #560, .T. ) ;
#674 = EDGE_LOOP ( 'NONE', ( #388, #1619, #1211, #1273 ) ) ;
#675 = FACE_BOUND ( 'NONE', #132, .T. ) ;
#676 = ORIENTED_EDGE ( 'NONE', *, *, #1481, .F. ) ;
#677 = AXIS2_PLACEMENT_3D ( 'NONE', #974, #107, #1497 ) ;
#678 = DIRECTION ( 'NONE',  ( 1.000000000000000000, 0.000000000000000000, 0.000000000000000000 ) ) ;
#679 = CARTESIAN_POINT ( 'NONE',  ( 5.000000000000003553, -12.04999999999999893, 27.25000000000000355 ) ) ;
#680 = ORIENTED_EDGE ( 'NONE', *, *, #1671, .T. ) ;
#681 = EDGE_CURVE ( 'NONE', #880, #962, #1038, .T. ) ;
#682 = CC_DESIGN_DATE_AND_TIME_ASSIGNMENT ( #1479, #576, ( #278 ) ) ;
#683 = ORIENTED_EDGE ( 'NONE', *, *, #949, .T. ) ;
#684 = CARTESIAN_POINT ( 'NONE',  ( 12.30000000000000604, 9.050000000000002487, 21.25000000000000000 ) ) ;
#685 = ORIENTED_EDGE ( 'NONE', *, *, #615, .F. ) ;
#686 = EDGE_CURVE ( 'NONE', #1259, #161, #648, .T. ) ;
#687 = LINE ( 'NONE', #1630, #1662 ) ;
#688 = EDGE_LOOP ( 'NONE', ( #736, #1097, #1061, #1474 ) ) ;
#689 = APPROVAL_DATE_TIME ( #1331, #143 ) ;
#690 = ORIENTED_EDGE ( 'NONE', *, *, #1188, .T. ) ;
#691 = CARTESIAN_POINT ( 'NONE',  ( -0.000000000000000000, 7.049999999999998934, 21.25000000000000000 ) ) ;
#692 = ORIENTED_EDGE ( 'NONE', *, *, #566, .F. ) ;
#693 = EDGE_CURVE ( 'NONE', #536, #268, #931, .T. ) ;
#694 = CARTESIAN_POINT ( 'NONE',  ( -19.99999999999999645, 40.00000000000000000, 21.25000000000000000 ) ) ;
#695 = ORIENTED_EDGE ( 'NONE', *, *, #1009, .T. ) ;
#696 = ORIENTED_EDGE ( 'NONE', *, *, #1278, .T. ) ;
#697 = CARTESIAN_POINT ( 'NONE',  ( 7.085000000000000853, 40.00000000000000000, -1.000000000000000000 ) ) ;
#698 = VECTOR ( 'NONE', #724, 1000.000000000000000 ) ;
#699 = CIRCLE ( 'NONE', #749, 0.2500000000000000000 ) ;
#700 = ADVANCED_FACE ( 'NONE', ( #1178 ), #1203, .F. ) ;
#701 = CARTESIAN_POINT ( 'NONE',  ( -3.999999999999996447, 12.04999999999999893, 27.25000000000000355 ) ) ;
#702 = ORIENTED_EDGE ( 'NONE', *, *, #74, .T. ) ;
#703 = ORIENTED_EDGE ( 'NONE', *, *, #413, .T. ) ;
#704 = CARTESIAN_POINT ( 'NONE',  ( 5.000000000000003553, -13.04999999999999893, 26.25000000000000355 ) ) ;
#705 = CARTESIAN_POINT ( 'NONE',  ( -4.999999999999996447, -7.049999999999998934, 27.25000000000000355 ) ) ;
#706 = DIRECTION ( 'NONE',  ( -0.000000000000000000, -0.000000000000000000, -1.000000000000000000 ) ) ;
#707 = LINE ( 'NONE', #462, #1637 ) ;
#708 = ADVANCED_FACE ( 'NONE', ( #288 ), #323, .T. ) ;
#709 = ORIENTED_EDGE ( 'NONE', *, *, #1165, .F. ) ;
#710 = PLANE ( 'NONE',  #1239 ) ;
#711 = CARTESIAN_POINT ( 'NONE',  ( 2.499999999999999556, 29.50000000000000000, -1.000000000000000000 ) ) ;
#712 = PLANE ( 'NONE',  #1475 ) ;
#713 = CARTESIAN_POINT ( 'NONE',  ( 5.000000000000003553, -7.049999999999998934, 26.25000000000000355 ) ) ;
#714 = ORIENTED_EDGE ( 'NONE', *, *, #239, .T. ) ;
#715 = ADVANCED_FACE ( 'NONE', ( #911 ), #1473, .F. ) ;
#716 = DIRECTION ( 'NONE',  ( 1.000000000000000000, 0.000000000000000000, 0.000000000000000000 ) ) ;
#717 = DIRECTION ( 'NONE',  ( -0.000000000000000000, -0.000000000000000000, -1.000000000000000000 ) ) ;
#718 = DIRECTION ( 'NONE',  ( 0.000000000000000000, 0.000000000000000000, 1.000000000000000000 ) ) ;
#719 = DIRECTION ( 'NONE',  ( 1.000000000000000000, 0.000000000000000000, -0.000000000000000000 ) ) ;
#720 = ORIENTED_EDGE ( 'NONE', *, *, #739, .T. ) ;
#721 = VECTOR ( 'NONE', #408, 1000.000000000000000 ) ;
#722 = FACE_OUTER_BOUND ( 'NONE', #1407, .T. ) ;
#723 = VECTOR ( 'NONE', #376, 1000.000000000000000 ) ;
#724 = DIRECTION ( 'NONE',  ( -0.000000000000000000, -0.000000000000000000, -1.000000000000000000 ) ) ;
#725 = CARTESIAN_POINT ( 'NONE',  ( 9.300000000000006040, -9.050000000000002487, 15.25000000000000178 ) ) ;
#726 = CYLINDRICAL_SURFACE ( 'NONE', #618, 2.500000000000000000 ) ;
#727 = ORIENTED_EDGE ( 'NONE', *, *, #686, .T. ) ;
#728 = ADVANCED_FACE ( 'NONE', ( #675, #318, #1594 ), #184, .F. ) ;
#729 =( BOUNDED_CURVE ( )  B_SPLINE_CURVE ( 3, ( #68, #538, #298, #440 ),
 .UNSPECIFIED., .F., .T. ) 
 B_SPLINE_CURVE_WITH_KNOTS ( ( 4, 4 ),
 ( 1.570796326794896558, 3.141592653589793116 ),
 .UNSPECIFIED. ) 
 CURVE ( )  GEOMETRIC_REPRESENTATION_ITEM ( )  RATIONAL_B_SPLINE_CURVE ( ( 1.000000000000000000, 0.8047378541243649375, 0.8047378541243649375, 1.000000000000000000 ) ) 
 REPRESENTATION_ITEM ( '' )  );
#730 = DIRECTION ( 'NONE',  ( -0.000000000000000000, -0.000000000000000000, 1.000000000000000000 ) ) ;
#731 = DIRECTION ( 'NONE',  ( -0.000000000000000000, -0.000000000000000000, -1.000000000000000000 ) ) ;
#732 = DIRECTION ( 'NONE',  ( -1.000000000000000000, -0.000000000000000000, -0.000000000000000000 ) ) ;
#733 = DIRECTION ( 'NONE',  ( 1.000000000000000000, 0.000000000000000000, 0.000000000000000000 ) ) ;
#734 = CARTESIAN_POINT ( 'NONE',  ( -2.500000000000000444, -29.50000000000000000, -1.000000000000000000 ) ) ;
#735 = CARTESIAN_POINT ( 'NONE',  ( 20.00000000000000355, 40.00000000000000000, 0.000000000000000000 ) ) ;
#736 = ORIENTED_EDGE ( 'NONE', *, *, #44, .F. ) ;
#737 = EDGE_LOOP ( 'NONE', ( #48, #1190 ) ) ;
#738 = LINE ( 'NONE', #994, #888 ) ;
#739 = EDGE_CURVE ( 'NONE', #962, #461, #191, .T. ) ;
#740 = DIRECTION ( 'NONE',  ( 1.000000000000000000, 0.000000000000000000, 0.000000000000000000 ) ) ;
#741 = DIRECTION ( 'NONE',  ( -1.000000000000000000, 0.000000000000000000, 0.000000000000000000 ) ) ;
#742 = EDGE_CURVE ( 'NONE', #32, #611, #49, .T. ) ;
#743 = ORIENTED_EDGE ( 'NONE', *, *, #998, .T. ) ;
#744 = ORIENTED_EDGE ( 'NONE', *, *, #1650, .T. ) ;
#745 = DIRECTION ( 'NONE',  ( 1.000000000000000000, 0.000000000000000000, 0.000000000000000000 ) ) ;
#746 = DIRECTION ( 'NONE',  ( 0.000000000000000000, 0.000000000000000000, 1.000000000000000000 ) ) ;
#747 = EDGE_CURVE ( 'NONE', #215, #552, #1445, .T. ) ;
#748 = DIRECTION ( 'NONE',  ( 1.000000000000000000, 0.000000000000000000, 0.000000000000000000 ) ) ;
#749 = AXIS2_PLACEMENT_3D ( 'NONE', #1555, #1022, #1119 ) ;
#750 = DIRECTION ( 'NONE',  ( 0.000000000000000000, 0.000000000000000000, 1.000000000000000000 ) ) ;
#751 = EDGE_LOOP ( 'NONE', ( #685, #865, #1354, #1177 ) ) ;
#752 = VECTOR ( 'NONE', #1556, 1000.000000000000000 ) ;
#753 = VECTOR ( 'NONE', #123, 1000.000000000000000 ) ;
#754 = LINE ( 'NONE', #1564, #1023 ) ;
#755 = VERTEX_POINT ( 'NONE', #305 ) ;
#756 = DIRECTION ( 'NONE',  ( 1.000000000000000000, 0.000000000000000000, 0.000000000000000000 ) ) ;
#757 = VERTEX_POINT ( 'NONE', #940 ) ;
#758 = VECTOR ( 'NONE', #883, 1000.000000000000000 ) ;
#759 = CARTESIAN_POINT ( 'NONE',  ( 7.335000000000000853, -40.00000000000000000, -1.000000000000000000 ) ) ;
#760 = APPROVAL_ROLE ( '' ) ;
#761 = ADVANCED_FACE ( 'NONE', ( #1213 ), #805, .F. ) ;
#762 = CARTESIAN_POINT ( 'NONE',  ( -7.335000000000000853, 40.00000000000000000, -0.7500000000000000000 ) ) ;
#763 = CARTESIAN_POINT ( 'NONE',  ( -9.299999999999997158, -9.050000000000002487, 15.25000000000000178 ) ) ;
#764 = ORIENTED_EDGE ( 'NONE', *, *, #361, .F. ) ;
#765 = DIRECTION ( 'NONE',  ( -0.000000000000000000, -0.000000000000000000, 1.000000000000000000 ) ) ;
#766 = ORIENTED_EDGE ( 'NONE', *, *, #629, .T. ) ;
#767 = LINE ( 'NONE', #1448, #447 ) ;
#768 = FACE_OUTER_BOUND ( 'NONE', #302, .T. ) ;
#769 = ADVANCED_FACE ( 'NONE', ( #1060 ), #426, .T. ) ;
#770 = DIRECTION ( 'NONE',  ( 0.000000000000000000, 0.000000000000000000, 1.000000000000000000 ) ) ;
#771 = EDGE_CURVE ( 'NONE', #1397, #1591, #1601, .T. ) ;
#772 = CARTESIAN_POINT ( 'NONE',  ( 20.00000000000000355, 40.00000000000000000, 21.25000000000000000 ) ) ;
#773 = ORIENTED_EDGE ( 'NONE', *, *, #1199, .T. ) ;
#774 = CARTESIAN_POINT ( 'NONE',  ( -12.29999999999999893, -9.050000000000002487, 21.25000000000000000 ) ) ;
#775 = DIRECTION ( 'NONE',  ( -0.000000000000000000, 0.000000000000000000, 1.000000000000000000 ) ) ;
#776 = CALENDAR_DATE ( 2026, 30, 5 ) ;
#777 = AXIS2_PLACEMENT_3D ( 'NONE', #1626, #338, #1098 ) ;
#778 = VERTEX_POINT ( 'NONE', #823 ) ;
#779 = AXIS2_PLACEMENT_3D ( 'NONE', #1602, #934, #1113 ) ;
#780 = DIRECTION ( 'NONE',  ( 0.000000000000000000, -0.000000000000000000, -1.000000000000000000 ) ) ;
#781 = ORIENTED_EDGE ( 'NONE', *, *, #587, .T. ) ;
#782 = AXIS2_PLACEMENT_3D ( 'NONE', #1323, #1585, #666 ) ;
#783 = EDGE_CURVE ( 'NONE', #1057, #344, #729, .T. ) ;
#784 = FACE_BOUND ( 'NONE', #799, .T. ) ;
#785 = DIRECTION ( 'NONE',  ( 1.000000000000000000, 0.000000000000000000, -0.000000000000000000 ) ) ;
#786 = ORIENTED_EDGE ( 'NONE', *, *, #1174, .T. ) ;
#787 = PERSON_AND_ORGANIZATION ( #193, #916 ) ;
#788 = ORIENTED_EDGE ( 'NONE', *, *, #623, .T. ) ;
#789 = DIRECTION ( 'NONE',  ( -1.000000000000000000, 0.000000000000000000, 0.000000000000000000 ) ) ;
#790 = VERTEX_POINT ( 'NONE', #546 ) ;
#791 = LINE ( 'NONE', #659, #92 ) ;
#792 = FACE_OUTER_BOUND ( 'NONE', #1649, .T. ) ;
#793 = ADVANCED_FACE ( 'NONE', ( #798 ), #1085, .F. ) ;
#794 = CYLINDRICAL_SURFACE ( 'NONE', #1185, 3.000000000000000888 ) ;
#795 = ORIENTED_EDGE ( 'NONE', *, *, #136, .T. ) ;
#796 = CALENDAR_DATE ( 2026, 30, 5 ) ;
#797 = VERTEX_POINT ( 'NONE', #433 ) ;
#798 = FACE_OUTER_BOUND ( 'NONE', #21, .T. ) ;
#799 = EDGE_LOOP ( 'NONE', ( #190, #333 ) ) ;
#800 = LINE ( 'NONE', #134, #914 ) ;
#801 = CARTESIAN_POINT ( 'NONE',  ( 0.000000000000000000, 0.000000000000000000, 21.25000000000000000 ) ) ;
#802 = ORIENTED_EDGE ( 'NONE', *, *, #1145, .T. ) ;
#803 = EDGE_CURVE ( 'NONE', #1532, #268, #329, .T. ) ;
#804 = ORIENTED_EDGE ( 'NONE', *, *, #1561, .T. ) ;
#805 = CYLINDRICAL_SURFACE ( 'NONE', #62, 1.999999999999994893 ) ;
#806 = LINE ( 'NONE', #454, #857 ) ;
#807 = ORIENTED_EDGE ( 'NONE', *, *, #1458, .F. ) ;
#808 = CIRCLE ( 'NONE', #393, 2.999999999999999112 ) ;
#809 = CIRCLE ( 'NONE', #1378, 3.000000000000000888 ) ;
#810 = CC_DESIGN_APPROVAL ( #1624, ( #969 ) ) ;
#811 = AXIS2_PLACEMENT_3D ( 'NONE', #1367, #741, #1146 ) ;
#812 = AXIS2_PLACEMENT_3D ( 'NONE', #488, #719, #1255 ) ;
#813 = CARTESIAN_POINT ( 'NONE',  ( -10.29999999999999538, -9.050000000000002487, 15.25000000000000178 ) ) ;
#814 = ORIENTED_EDGE ( 'NONE', *, *, #548, .F. ) ;
#815 = CIRCLE ( 'NONE', #96, 2.999999999999999112 ) ;
#816 = ORIENTED_EDGE ( 'NONE', *, *, #428, .T. ) ;
#817 = EDGE_CURVE ( 'NONE', #1218, #54, #1567, .T. ) ;
#818 = CARTESIAN_POINT ( 'NONE',  ( 7.335000000000000853, -40.00000000000000000, -1.000000000000000000 ) ) ;
#819 = EDGE_LOOP ( 'NONE', ( #1205, #1623 ) ) ;
#820 = CARTESIAN_POINT ( 'NONE',  ( 20.00000000000000355, -40.00000000000000000, 21.25000000000000000 ) ) ;
#821 = ORIENTED_EDGE ( 'NONE', *, *, #505, .F. ) ;
#822 = ORIENTED_EDGE ( 'NONE', *, *, #105, .T. ) ;
#823 = CARTESIAN_POINT ( 'NONE',  ( 10.30000000000000249, 9.050000000000002487, 15.25000000000000178 ) ) ;
#824 = CYLINDRICAL_SURFACE ( 'NONE', #1103, 1.999999999999994893 ) ;
#825 = LINE ( 'NONE', #1226, #368 ) ;
#826 = VERTEX_POINT ( 'NONE', #1252 ) ;
#827 = DIRECTION ( 'NONE',  ( 0.000000000000000000, 0.000000000000000000, 1.000000000000000000 ) ) ;
#828 = DIRECTION ( 'NONE',  ( -0.000000000000000000, 0.000000000000000000, 1.000000000000000000 ) ) ;
#829 = ORIENTED_EDGE ( 'NONE', *, *, #29, .T. ) ;
#830 = ORIENTED_EDGE ( 'NONE', *, *, #44, .T. ) ;
#831 = VECTOR ( 'NONE', #91, 1000.000000000000000 ) ;
#832 = CARTESIAN_POINT ( 'NONE',  ( -10.30000000000000426, 9.050000000000002487, 15.25000000000000178 ) ) ;
#833 = EDGE_LOOP ( 'NONE', ( #78, #72, #743, #1015 ) ) ;
#834 = EDGE_CURVE ( 'NONE', #612, #216, #472, .T. ) ;
#835 = AXIS2_PLACEMENT_3D ( 'NONE', #600, #866, #214 ) ;
#836 = AXIS2_PLACEMENT_3D ( 'NONE', #1589, #1019, #11 ) ;
#837 = VERTEX_POINT ( 'NONE', #1513 ) ;
#838 = AXIS2_PLACEMENT_3D ( 'NONE', #1285, #528, #1045 ) ;
#839 = DIRECTION ( 'NONE',  ( 1.000000000000000000, 0.000000000000000000, 0.000000000000000000 ) ) ;
#840 = ORIENTED_EDGE ( 'NONE', *, *, #1370, .F. ) ;
#841 = DIRECTION ( 'NONE',  ( -1.000000000000000000, 0.000000000000000000, 0.000000000000000000 ) ) ;
#842 = CARTESIAN_POINT ( 'NONE',  ( -2.500000000000000444, 29.50000000000000000, 21.25000000000000000 ) ) ;
#843 = EDGE_CURVE ( 'NONE', #509, #1366, #856, .T. ) ;
#844 = ORIENTED_EDGE ( 'NONE', *, *, #747, .T. ) ;
#845 = DIRECTION ( 'NONE',  ( -0.000000000000000000, -0.000000000000000000, -1.000000000000000000 ) ) ;
#846 = DIRECTION ( 'NONE',  ( -1.000000000000000000, 0.000000000000000000, 0.000000000000000000 ) ) ;
#847 = PLANE ( 'NONE',  #811 ) ;
#848 = DIRECTION ( 'NONE',  ( 0.000000000000000000, 0.000000000000000000, 1.000000000000000000 ) ) ;
#849 = ORIENTED_EDGE ( 'NONE', *, *, #105, .F. ) ;
#850 = CARTESIAN_POINT ( 'NONE',  ( -6.396792817664475175E-16, -29.50000000000000000, -1.000000000000000000 ) ) ;
#851 = CARTESIAN_POINT ( 'NONE',  ( 5.000000000000003553, 13.04999999999999893, 27.25000000000000355 ) ) ;
#852 = EDGE_CURVE ( 'NONE', #778, #1616, #1408, .T. ) ;
#853 = DIRECTION ( 'NONE',  ( -0.000000000000000000, -0.000000000000000000, -1.000000000000000000 ) ) ;
#854 = DIRECTION ( 'NONE',  ( 0.000000000000000000, 0.000000000000000000, 1.000000000000000000 ) ) ;
#855 = DIRECTION ( 'NONE',  ( 1.000000000000000000, 0.000000000000000000, 0.000000000000000000 ) ) ;
#856 = CIRCLE ( 'NONE', #309, 2.000000000000003553 ) ;
#857 = VECTOR ( 'NONE', #1223, 1000.000000000000000 ) ;
#858 = CARTESIAN_POINT ( 'NONE',  ( 4.000000000000003553, -8.049999999999998934, 27.25000000000000355 ) ) ;
#859 = CARTESIAN_POINT ( 'NONE',  ( -12.29999999999999893, -9.050000000000002487, 15.25000000000000178 ) ) ;
#860 = CARTESIAN_POINT ( 'NONE',  ( 7.335000000000000853, -40.00000000000000000, 0.000000000000000000 ) ) ;
#861 = VECTOR ( 'NONE', #1166, 1000.000000000000000 ) ;
#862 = EDGE_CURVE ( 'NONE', #268, #441, #236, .T. ) ;
#863 = CARTESIAN_POINT ( 'NONE',  ( -14.30000000000000249, -9.050000000000002487, 0.000000000000000000 ) ) ;
#864 = ORIENTED_EDGE ( 'NONE', *, *, #1036, .T. ) ;
#865 = ORIENTED_EDGE ( 'NONE', *, *, #74, .F. ) ;
#866 = DIRECTION ( 'NONE',  ( -0.000000000000000000, -0.000000000000000000, -1.000000000000000000 ) ) ;
#867 = FACE_OUTER_BOUND ( 'NONE', #1677, .T. ) ;
#868 = FACE_OUTER_BOUND ( 'NONE', #471, .T. ) ;
#869 = CARTESIAN_POINT ( 'NONE',  ( 9.300000000000006040, 9.050000000000002487, 15.25000000000000178 ) ) ;
#870 = LINE ( 'NONE', #267, #229 ) ;
#871 = ORIENTED_EDGE ( 'NONE', *, *, #477, .T. ) ;
#872 = ADVANCED_FACE ( 'NONE', ( #1245 ), #710, .T. ) ;
#873 = LINE ( 'NONE', #1241, #1327 ) ;
#874 = EDGE_CURVE ( 'NONE', #757, #1065, #83, .T. ) ;
#875 = FACE_OUTER_BOUND ( 'NONE', #245, .T. ) ;
#876 = CARTESIAN_POINT ( 'NONE',  ( -7.335000000000000853, 40.00000000000000000, 0.000000000000000000 ) ) ;
#877 = VERTEX_POINT ( 'NONE', #1235 ) ;
#878 = DIRECTION ( 'NONE',  ( 1.000000000000000000, 0.000000000000000000, 0.000000000000000000 ) ) ;
#879 = VERTEX_POINT ( 'NONE', #101 ) ;
#880 = VERTEX_POINT ( 'NONE', #860 ) ;
#881 = FACE_OUTER_BOUND ( 'NONE', #529, .T. ) ;
#882 = ADVANCED_FACE ( 'NONE', ( #1222 ), #1359, .F. ) ;
#883 = DIRECTION ( 'NONE',  ( -1.000000000000000000, -0.000000000000000000, -0.000000000000000000 ) ) ;
#884 = VECTOR ( 'NONE', #586, 1000.000000000000000 ) ;
#885 = PLANE ( 'NONE',  #222 ) ;
#886 = CARTESIAN_POINT ( 'NONE',  ( -12.29999999999999893, 9.050000000000002487, 0.000000000000000000 ) ) ;
#887 = VECTOR ( 'NONE', #598, 1000.000000000000000 ) ;
#888 = VECTOR ( 'NONE', #589, 1000.000000000000000 ) ;
#889 = CARTESIAN_POINT ( 'NONE',  ( -7.085000000000000853, 40.00000000000000000, -0.7500000000000000000 ) ) ;
#890 = ORIENTED_EDGE ( 'NONE', *, *, #843, .F. ) ;
#891 = EDGE_LOOP ( 'NONE', ( #905, #844, #680, #1077 ) ) ;
#892 = AXIS2_PLACEMENT_3D ( 'NONE', #1193, #1316, #678 ) ;
#893 = CARTESIAN_POINT ( 'NONE',  ( 10.30000000000000249, 9.050000000000002487, 21.25000000000000000 ) ) ;
#894 = ADVANCED_FACE ( 'NONE', ( #1365, #486, #217 ), #603, .F. ) ;
#895 = CARTESIAN_POINT ( 'NONE',  ( -4.999999999999996447, 13.04999999999999893, 26.83578643762691129 ) ) ;
#896 = DIRECTION ( 'NONE',  ( 1.000000000000000000, 0.000000000000000000, 0.000000000000000000 ) ) ;
#897 = CARTESIAN_POINT ( 'NONE',  ( 5.000000000000003553, 7.049999999999998934, 26.25000000000000355 ) ) ;
#898 = ORIENTED_EDGE ( 'NONE', *, *, #182, .T. ) ;
#899 = ORIENTED_EDGE ( 'NONE', *, *, #649, .F. ) ;
#900 = CARTESIAN_POINT ( 'NONE',  ( -14.30000000000000249, -9.050000000000002487, 15.25000000000000178 ) ) ;
#901 = DIRECTION ( 'NONE',  ( 1.000000000000000000, 0.000000000000000000, 0.000000000000000000 ) ) ;
#902 = VERTEX_POINT ( 'NONE', #585 ) ;
#903 = EDGE_CURVE ( 'NONE', #54, #1532, #1620, .T. ) ;
#904 = FACE_BOUND ( 'NONE', #353, .T. ) ;
#905 = ORIENTED_EDGE ( 'NONE', *, *, #987, .F. ) ;
#906 = CARTESIAN_POINT ( 'NONE',  ( -7.335000000000000853, 40.00000000000000000, -1.000000000000000000 ) ) ;
#907 = DIRECTION ( 'NONE',  ( 0.000000000000000000, 0.000000000000000000, 1.000000000000000000 ) ) ;
#908 = ORIENTED_EDGE ( 'NONE', *, *, #903, .F. ) ;
#909 = ORIENTED_EDGE ( 'NONE', *, *, #291, .F. ) ;
#910 = AXIS2_PLACEMENT_3D ( 'NONE', #265, #1277, #1246 ) ;
#911 = FACE_OUTER_BOUND ( 'NONE', #584, .T. ) ;
#912 = EDGE_LOOP ( 'NONE', ( #1106, #495, #924, #937 ) ) ;
#913 = EDGE_CURVE ( 'NONE', #1616, #509, #1228, .T. ) ;
#914 = VECTOR ( 'NONE', #1422, 1000.000000000000000 ) ;
#915 = CARTESIAN_POINT ( 'NONE',  ( 7.335000000000000853, 40.00000000000000000, -0.7500000000000000000 ) ) ;
#916 = ORGANIZATION ( 'UNSPECIFIED', 'UNSPECIFIED', '' ) ;
#917 = DIRECTION ( 'NONE',  ( 0.000000000000000000, -1.000000000000000000, 0.000000000000000000 ) ) ;
#918 = CARTESIAN_POINT ( 'NONE',  ( -12.29999999999999893, -9.050000000000002487, 15.25000000000000178 ) ) ;
#919 = ORIENTED_EDGE ( 'NONE', *, *, #874, .F. ) ;
#920 = PERSON_AND_ORGANIZATION ( #193, #916 ) ;
#921 = EDGE_LOOP ( 'NONE', ( #281, #252 ) ) ;
#922 = ADVANCED_FACE ( 'NONE', ( #1488 ), #200, .T. ) ;
#923 = CARTESIAN_POINT ( 'NONE',  ( -4.999999999999996447, 0.000000000000000000, 21.25000000000000000 ) ) ;
#924 = ORIENTED_EDGE ( 'NONE', *, *, #1599, .T. ) ;
#925 = DIRECTION ( 'NONE',  ( 1.000000000000000000, 0.000000000000000000, 0.000000000000000000 ) ) ;
#926 = DIRECTION ( 'NONE',  ( -0.000000000000000000, 0.000000000000000000, 1.000000000000000000 ) ) ;
#927 = EDGE_LOOP ( 'NONE', ( #1282, #683 ) ) ;
#928 = EDGE_CURVE ( 'NONE', #1070, #962, #90, .T. ) ;
#929 = PERSON_AND_ORGANIZATION_ROLE ( 'creator' ) ;
#930 = ORIENTED_EDGE ( 'NONE', *, *, #1124, .F. ) ;
#931 = LINE ( 'NONE', #923, #1610 ) ;
#932 = DIRECTION ( 'NONE',  ( 0.000000000000000000, 1.000000000000000000, 0.000000000000000000 ) ) ;
#933 = VERTEX_POINT ( 'NONE', #345 ) ;
#934 = DIRECTION ( 'NONE',  ( 0.000000000000000000, 0.000000000000000000, 1.000000000000000000 ) ) ;
#935 = DIRECTION ( 'NONE',  ( 0.000000000000000000, 0.000000000000000000, -1.000000000000000000 ) ) ;
#936 = FACE_OUTER_BOUND ( 'NONE', #319, .T. ) ;
#937 = ORIENTED_EDGE ( 'NONE', *, *, #207, .F. ) ;
#938 = ADVANCED_FACE ( 'NONE', ( #1111 ), #1644, .F. ) ;
#939 = ORIENTED_EDGE ( 'NONE', *, *, #649, .T. ) ;
#940 = CARTESIAN_POINT ( 'NONE',  ( 5.000000000000003553, 13.04999999999999893, 26.25000000000000355 ) ) ;
#941 = ORIENTED_EDGE ( 'NONE', *, *, #580, .F. ) ;
#942 = VECTOR ( 'NONE', #1652, 1000.000000000000000 ) ;
#943 = VECTOR ( 'NONE', #1180, 1000.000000000000000 ) ;
#944 = ADVANCED_FACE ( 'NONE', ( #868 ), #794, .F. ) ;
#945 = CIRCLE ( 'NONE', #1050, 2.999999999999999112 ) ;
#946 = CIRCLE ( 'NONE', #255, 2.999999999999999112 ) ;
#947 = CARTESIAN_POINT ( 'NONE',  ( 0.000000000000000000, 12.04999999999999893, 26.25000000000000355 ) ) ;
#948 = ORIENTED_EDGE ( 'NONE', *, *, #1188, .F. ) ;
#949 = EDGE_CURVE ( 'NONE', #81, #933, #1101, .T. ) ;
#950 = ORIENTED_EDGE ( 'NONE', *, *, #1165, .T. ) ;
#951 = DIRECTION ( 'NONE',  ( -0.000000000000000000, 1.000000000000000000, -0.000000000000000000 ) ) ;
#952 = EDGE_CURVE ( 'NONE', #879, #441, #26, .T. ) ;
#953 = CARTESIAN_POINT ( 'NONE',  ( 0.000000000000000000, 12.04999999999999893, 27.25000000000000355 ) ) ;
#954 = DIRECTION ( 'NONE',  ( 1.000000000000000000, -0.000000000000000000, 0.000000000000000000 ) ) ;
#955 = CC_DESIGN_PERSON_AND_ORGANIZATION_ASSIGNMENT ( #264, #448, ( #969 ) ) ;
#956 = ORIENTED_EDGE ( 'NONE', *, *, #527, .F. ) ;
#957 = CARTESIAN_POINT ( 'NONE',  ( 14.30000000000000959, 9.050000000000002487, 21.25000000000000000 ) ) ;
#958 = ORIENTED_EDGE ( 'NONE', *, *, #913, .F. ) ;
#959 = ADVANCED_FACE ( 'NONE', ( #166 ), #430, .T. ) ;
#960 = VERTEX_POINT ( 'NONE', #506 ) ;
#961 = DIRECTION ( 'NONE',  ( -0.000000000000000000, -0.000000000000000000, -1.000000000000000000 ) ) ;
#962 = VERTEX_POINT ( 'NONE', #115 ) ;
#963 = ORIENTED_EDGE ( 'NONE', *, *, #1469, .T. ) ;
#964 = CARTESIAN_POINT ( 'NONE',  ( 12.30000000000000604, 9.050000000000002487, 15.25000000000000178 ) ) ;
#965 = ORIENTED_EDGE ( 'NONE', *, *, #187, .T. ) ;
#966 = DIRECTION ( 'NONE',  ( 0.000000000000000000, 0.000000000000000000, 1.000000000000000000 ) ) ;
#967 = AXIS2_PLACEMENT_3D ( 'NONE', #194, #1064, #468 ) ;
#968 = EDGE_CURVE ( 'NONE', #297, #1454, #1459, .T. ) ;
#969 = PRODUCT_DEFINITION_FORMATION_WITH_SPECIFIED_SOURCE ( 'ANY', '', #1674, .NOT_KNOWN. ) ;
#970 = CARTESIAN_POINT ( 'NONE',  ( -3.999999999999996447, 8.049999999999998934, 27.25000000000000355 ) ) ;
#971 = ORIENTED_EDGE ( 'NONE', *, *, #1018, .F. ) ;
#972 = VECTOR ( 'NONE', #137, 1000.000000000000000 ) ;
#973 = VERTEX_POINT ( 'NONE', #1182 ) ;
#974 = CARTESIAN_POINT ( 'NONE',  ( 12.30000000000000604, 9.050000000000002487, 15.25000000000000178 ) ) ;
#975 = CARTESIAN_POINT ( 'NONE',  ( 0.000000000000000000, 13.04999999999999893, 26.25000000000000355 ) ) ;
#976 = ADVANCED_FACE ( 'NONE', ( #1126, #1659 ), #885, .T. ) ;
#977 = CARTESIAN_POINT ( 'NONE',  ( 9.300000000000006040, 9.050000000000002487, 21.25000000000000000 ) ) ;
#978 = CC_DESIGN_PERSON_AND_ORGANIZATION_ASSIGNMENT ( #63, #1095, ( #278 ) ) ;
#979 = CARTESIAN_POINT ( 'NONE',  ( -7.085000000000000853, -40.00000000000000000, -1.000000000000000000 ) ) ;
#980 = EDGE_CURVE ( 'NONE', #312, #1037, #1212, .T. ) ;
#981 = LINE ( 'NONE', #1512, #758 ) ;
#982 = CARTESIAN_POINT ( 'NONE',  ( 2.499999999999999556, -29.50000000000000000, 27.25000000000000355 ) ) ;
#983 = CARTESIAN_POINT ( 'NONE',  ( -12.29999999999999893, 9.050000000000002487, 21.25000000000000000 ) ) ;
#984 = CARTESIAN_POINT ( 'NONE',  ( -6.396792817664475175E-16, 29.50000000000000000, -1.000000000000000000 ) ) ;
#985 = CARTESIAN_POINT ( 'NONE',  ( 12.30000000000000604, 9.050000000000002487, 15.25000000000000178 ) ) ;
#986 = CARTESIAN_POINT ( 'NONE',  ( -6.396792817664475175E-16, -29.50000000000000000, -1.000000000000000000 ) ) ;
#987 = EDGE_CURVE ( 'NONE', #215, #902, #34, .T. ) ;
#988 = FACE_BOUND ( 'NONE', #346, .T. ) ;
#989 = CARTESIAN_POINT ( 'NONE',  ( 5.000000000000003553, -13.04999999999999893, 26.83578643762691129 ) ) ;
#990 = LINE ( 'NONE', #513, #335 ) ;
#991 = DIRECTION ( 'NONE',  ( -0.000000000000000000, -0.000000000000000000, -1.000000000000000000 ) ) ;
#992 = VERTEX_POINT ( 'NONE', #876 ) ;
#993 = ORIENTED_EDGE ( 'NONE', *, *, #1312, .T. ) ;
#994 = CARTESIAN_POINT ( 'NONE',  ( 20.00000000000000355, 40.00000000000000000, 21.25000000000000000 ) ) ;
#995 = LINE ( 'NONE', #1526, #597 ) ;
#996 = DIRECTION ( 'NONE',  ( 0.000000000000000000, 1.000000000000000000, 0.000000000000000000 ) ) ;
#997 = VECTOR ( 'NONE', #311, 1000.000000000000000 ) ;
#998 = EDGE_CURVE ( 'NONE', #1387, #155, #1304, .T. ) ;
#999 = DIRECTION ( 'NONE',  ( 0.000000000000000000, -1.000000000000000000, 0.000000000000000000 ) ) ;
#1000 = DIRECTION ( 'NONE',  ( -0.000000000000000000, -0.000000000000000000, -1.000000000000000000 ) ) ;
#1001 = CIRCLE ( 'NONE', #256, 2.999999999999999112 ) ;
#1002 = ADVANCED_FACE ( 'NONE', ( #36, #301, #249, #1577, #543, #127, #661, #1172, #1056 ), #1590, .T. ) ;
#1003 = DIRECTION ( 'NONE',  ( 0.000000000000000000, 0.000000000000000000, -1.000000000000000000 ) ) ;
#1004 = ORIENTED_EDGE ( 'NONE', *, *, #1675, .T. ) ;
#1005 = CARTESIAN_POINT ( 'NONE',  ( 12.30000000000000604, -9.050000000000002487, 0.000000000000000000 ) ) ;
#1006 = PLANE ( 'NONE',  #1269 ) ;
#1007 = VERTEX_POINT ( 'NONE', #1392 ) ;
#1008 = ORIENTED_EDGE ( 'NONE', *, *, #968, .F. ) ;
#1009 = EDGE_CURVE ( 'NONE', #1073, #1566, #687, .T. ) ;
#1010 = APPLICATION_CONTEXT ( 'configuration controlled 3d designs of mechanical parts and assemblies' ) ;
#1011 = DIRECTION ( 'NONE',  ( 1.000000000000000000, 0.000000000000000000, 0.000000000000000000 ) ) ;
#1012 = CYLINDRICAL_SURFACE ( 'NONE', #1383, 2.999999999999999112 ) ;
#1013 = DIRECTION ( 'NONE',  ( 1.000000000000000000, 0.000000000000000000, 0.000000000000000000 ) ) ;
#1014 = LINE ( 'NONE', #772, #972 ) ;
#1015 = ORIENTED_EDGE ( 'NONE', *, *, #1336, .T. ) ;
#1016 = VERTEX_POINT ( 'NONE', #842 ) ;
#1017 = PLANE ( 'NONE',  #469 ) ;
#1018 = EDGE_CURVE ( 'NONE', #837, #27, #1156, .T. ) ;
#1019 = DIRECTION ( 'NONE',  ( -0.000000000000000000, 0.000000000000000000, 1.000000000000000000 ) ) ;
#1020 = DATE_AND_TIME ( #776, #1134 ) ;
#1021 = VECTOR ( 'NONE', #154, 1000.000000000000000 ) ;
#1022 = DIRECTION ( 'NONE',  ( -0.000000000000000000, -1.000000000000000000, -0.000000000000000000 ) ) ;
#1023 = VECTOR ( 'NONE', #1279, 1000.000000000000000 ) ;
#1024 = AXIS2_PLACEMENT_3D ( 'NONE', #1005, #503, #1011 ) ;
#1025 = FACE_BOUND ( 'NONE', #1201, .T. ) ;
#1026 = EDGE_LOOP ( 'NONE', ( #173, #690, #118, #676 ) ) ;
#1027 = ORIENTED_EDGE ( 'NONE', *, *, #783, .T. ) ;
#1028 = DIRECTION ( 'NONE',  ( 0.000000000000000000, 1.000000000000000000, -0.000000000000000000 ) ) ;
#1029 = EDGE_CURVE ( 'NONE', #299, #87, #196, .T. ) ;
#1030 = CALENDAR_DATE ( 2026, 30, 5 ) ;
#1031 =( BOUNDED_CURVE ( )  B_SPLINE_CURVE ( 3, ( #514, #1539, #619, #1140 ),
 .UNSPECIFIED., .F., .F. ) 
 B_SPLINE_CURVE_WITH_KNOTS ( ( 4, 4 ),
 ( 3.141592653589793116, 4.712388980384689674 ),
 .UNSPECIFIED. ) 
 CURVE ( )  GEOMETRIC_REPRESENTATION_ITEM ( )  RATIONAL_B_SPLINE_CURVE ( ( 1.000000000000000000, 0.8047378541243649375, 0.8047378541243649375, 1.000000000000000000 ) ) 
 REPRESENTATION_ITEM ( '' )  );
#1032 = LINE ( 'NONE', #144, #94 ) ;
#1033 = LINE ( 'NONE', #1565, #721 ) ;
#1034 = EDGE_LOOP ( 'NONE', ( #1470, #218, #1609, #159 ) ) ;
#1035 = DIRECTION ( 'NONE',  ( 0.000000000000000000, 0.000000000000000000, -1.000000000000000000 ) ) ;
#1036 = EDGE_CURVE ( 'NONE', #797, #578, #1632, .T. ) ;
#1037 = VERTEX_POINT ( 'NONE', #813 ) ;
#1038 = LINE ( 'NONE', #129, #449 ) ;
#1039 = APPLICATION_CONTEXT ( 'configuration controlled 3d designs of mechanical parts and assemblies' ) ;
#1040 = ORIENTED_EDGE ( 'NONE', *, *, #817, .T. ) ;
#1041 = DIRECTION ( 'NONE',  ( 0.000000000000000000, 0.000000000000000000, 1.000000000000000000 ) ) ;
#1042 = DIRECTION ( 'NONE',  ( -0.000000000000000000, 0.000000000000000000, 1.000000000000000000 ) ) ;
#1043 = DIRECTION ( 'NONE',  ( -0.000000000000000000, -0.000000000000000000, -1.000000000000000000 ) ) ;
#1044 = ORIENTED_EDGE ( 'NONE', *, *, #1388, .F. ) ;
#1045 = DIRECTION ( 'NONE',  ( 1.000000000000000000, 0.000000000000000000, 0.000000000000000000 ) ) ;
#1046 = AXIS2_PLACEMENT_3D ( 'NONE', #533, #242, #386 ) ;
#1047 = ORIENTED_EDGE ( 'NONE', *, *, #350, .F. ) ;
#1048 = CARTESIAN_POINT ( 'NONE',  ( -12.29999999999999893, -9.050000000000002487, 21.25000000000000000 ) ) ;
#1049 = ORIENTED_EDGE ( 'NONE', *, *, #1062, .F. ) ;
#1050 = AXIS2_PLACEMENT_3D ( 'NONE', #407, #273, #1676 ) ;
#1051 = VECTOR ( 'NONE', #730, 1000.000000000000000 ) ;
#1052 = ADVANCED_FACE ( 'NONE', ( #1362 ), #1072, .T. ) ;
#1053 = VECTOR ( 'NONE', #359, 1000.000000000000000 ) ;
#1054 = CARTESIAN_POINT ( 'NONE',  ( -4.999999999999996447, 0.000000000000000000, 21.25000000000000000 ) ) ;
#1055 = CARTESIAN_POINT ( 'NONE',  ( -4.999999999999996447, 7.049999999999998934, 21.25000000000000000 ) ) ;
#1056 = FACE_OUTER_BOUND ( 'NONE', #439, .T. ) ;
#1057 = VERTEX_POINT ( 'NONE', #970 ) ;
#1058 = DATE_AND_TIME ( #796, #1355 ) ;
#1059 = EDGE_LOOP ( 'NONE', ( #849, #1394, #1325, #1081 ) ) ;
#1060 = FACE_OUTER_BOUND ( 'NONE', #1129, .T. ) ;
#1061 = ORIENTED_EDGE ( 'NONE', *, *, #416, .T. ) ;
#1062 = EDGE_CURVE ( 'NONE', #628, #98, #1094, .T. ) ;
#1063 = CARTESIAN_POINT ( 'NONE',  ( -4.999999999999996447, 7.049999999999998934, 27.25000000000000355 ) ) ;
#1064 = DIRECTION ( 'NONE',  ( 0.000000000000000000, 0.000000000000000000, 1.000000000000000000 ) ) ;
#1065 = VERTEX_POINT ( 'NONE', #332 ) ;
#1066 = CALENDAR_DATE ( 2026, 30, 5 ) ;
#1067 = EDGE_LOOP ( 'NONE', ( #1044, #1540 ) ) ;
#1068 = DIRECTION ( 'NONE',  ( -0.000000000000000000, -0.000000000000000000, -1.000000000000000000 ) ) ;
#1069 = DIRECTION ( 'NONE',  ( 1.000000000000000000, 0.000000000000000000, 0.000000000000000000 ) ) ;
#1070 = VERTEX_POINT ( 'NONE', #820 ) ;
#1071 = EDGE_CURVE ( 'NONE', #973, #1218, #1485, .T. ) ;
#1072 = CYLINDRICAL_SURFACE ( 'NONE', #250, 1.000000000000000888 ) ;
#1073 = VERTEX_POINT ( 'NONE', #832 ) ;
#1074 = ORIENTED_EDGE ( 'NONE', *, *, #1370, .T. ) ;
#1075 = CARTESIAN_POINT ( 'NONE',  ( 9.300000000000006040, 9.050000000000002487, 15.25000000000000178 ) ) ;
#1076 = FACE_OUTER_BOUND ( 'NONE', #539, .T. ) ;
#1077 = ORIENTED_EDGE ( 'NONE', *, *, #303, .F. ) ;
#1078 = CIRCLE ( 'NONE', #1499, 2.500000000000000000 ) ;
#1079 =( BOUNDED_CURVE ( )  B_SPLINE_CURVE ( 3, ( #284, #1580, #895, #135 ),
 .UNSPECIFIED., .F., .T. ) 
 B_SPLINE_CURVE_WITH_KNOTS ( ( 4, 4 ),
 ( 4.712388980384689674, 6.283185307179586232 ),
 .UNSPECIFIED. ) 
 CURVE ( )  GEOMETRIC_REPRESENTATION_ITEM ( )  RATIONAL_B_SPLINE_CURVE ( ( 1.000000000000000000, 0.8047378541243649375, 0.8047378541243649375, 1.000000000000000000 ) ) 
 REPRESENTATION_ITEM ( '' )  );
#1080 = CARTESIAN_POINT ( 'NONE',  ( 5.000000000000003553, -7.049999999999998046, 26.83578643762691129 ) ) ;
#1081 = ORIENTED_EDGE ( 'NONE', *, *, #681, .F. ) ;
#1082 = CIRCLE ( 'NONE', #1587, 2.999999999999999112 ) ;
#1083 = EDGE_CURVE ( 'NONE', #1454, #1233, #1207, .T. ) ;
#1084 = ORIENTED_EDGE ( 'NONE', *, *, #227, .T. ) ;
#1085 = CYLINDRICAL_SURFACE ( 'NONE', #1606, 2.000000000000003553 ) ;
#1086 = CARTESIAN_POINT ( 'NONE',  ( -9.299999999999997158, -9.050000000000002487, 21.25000000000000000 ) ) ;
#1087 = CYLINDRICAL_SURFACE ( 'NONE', #1441, 1.000000000000000888 ) ;
#1088 = EDGE_LOOP ( 'NONE', ( #274, #702, #662, #909 ) ) ;
#1089 = ORIENTED_EDGE ( 'NONE', *, *, #416, .F. ) ;
#1090 = EDGE_CURVE ( 'NONE', #1348, #552, #808, .T. ) ;
#1091 = CARTESIAN_POINT ( 'NONE',  ( 0.000000000000000000, 0.000000000000000000, 0.000000000000000000 ) ) ;
#1092 = VERTEX_POINT ( 'NONE', #701 ) ;
#1093 = FACE_OUTER_BOUND ( 'NONE', #1396, .T. ) ;
#1094 = LINE ( 'NONE', #445, #171 ) ;
#1095 = PERSON_AND_ORGANIZATION_ROLE ( 'classification_officer' ) ;
#1096 = EDGE_CURVE ( 'NONE', #312, #516, #707, .T. ) ;
#1097 = ORIENTED_EDGE ( 'NONE', *, *, #499, .T. ) ;
#1098 = DIRECTION ( 'NONE',  ( 0.000000000000000000, 0.000000000000000000, 1.000000000000000000 ) ) ;
#1099 = LINE ( 'NONE', #1627, #491 ) ;
#1100 = CARTESIAN_POINT ( 'NONE',  ( 0.000000000000000000, -7.049999999999998934, 27.25000000000000355 ) ) ;
#1101 = CIRCLE ( 'NONE', #116, 2.999999999999999112 ) ;
#1102 = EDGE_CURVE ( 'NONE', #1259, #87, #825, .T. ) ;
#1103 = AXIS2_PLACEMENT_3D ( 'NONE', #581, #717, #69 ) ;
#1104 = CC_DESIGN_SECURITY_CLASSIFICATION ( #278, ( #969 ) ) ;
#1105 = CARTESIAN_POINT ( 'NONE',  ( -12.29999999999999893, -9.050000000000002487, 15.25000000000000178 ) ) ;
#1106 = ORIENTED_EDGE ( 'NONE', *, *, #949, .F. ) ;
#1107 = AXIS2_PLACEMENT_3D ( 'NONE', #1286, #251, #1434 ) ;
#1108 = VECTOR ( 'NONE', #71, 1000.000000000000000 ) ;
#1109 = ORIENTED_EDGE ( 'NONE', *, *, #1430, .T. ) ;
#1110 = DIRECTION ( 'NONE',  ( -1.000000000000000000, 0.000000000000000000, 0.000000000000000000 ) ) ;
#1111 = FACE_OUTER_BOUND ( 'NONE', #1026, .T. ) ;
#1112 = CARTESIAN_POINT ( 'NONE',  ( 4.000000000000003553, 0.000000000000000000, 27.25000000000000355 ) ) ;
#1113 = DIRECTION ( 'NONE',  ( 1.000000000000000000, 0.000000000000000000, 0.000000000000000000 ) ) ;
#1114 = ORIENTED_EDGE ( 'NONE', *, *, #580, .T. ) ;
#1115 = DIRECTION ( 'NONE',  ( 1.000000000000000000, 0.000000000000000000, 0.000000000000000000 ) ) ;
#1116 = EDGE_CURVE ( 'NONE', #654, #1446, #1217, .T. ) ;
#1117 = DIRECTION ( 'NONE',  ( -0.000000000000000000, -0.000000000000000000, 1.000000000000000000 ) ) ;
#1118 = CARTESIAN_POINT ( 'NONE',  ( 4.585786437626908629, -12.63578643762690312, 27.25000000000000355 ) ) ;
#1119 = DIRECTION ( 'NONE',  ( 0.000000000000000000, 0.000000000000000000, 1.000000000000000000 ) ) ;
#1120 = DIRECTION ( 'NONE',  ( -1.000000000000000000, 0.000000000000000000, 0.000000000000000000 ) ) ;
#1121 = ADVANCED_FACE ( 'NONE', ( #52 ), #575, .F. ) ;
#1122 = ORIENTED_EDGE ( 'NONE', *, *, #1552, .T. ) ;
#1123 = LINE ( 'NONE', #112, #1476 ) ;
#1124 = EDGE_CURVE ( 'NONE', #1167, #1332, #64, .T. ) ;
#1125 = DIRECTION ( 'NONE',  ( 0.000000000000000000, 0.000000000000000000, 1.000000000000000000 ) ) ;
#1126 = FACE_BOUND ( 'NONE', #389, .T. ) ;
#1127 = LINE ( 'NONE', #1661, #591 ) ;
#1128 = CARTESIAN_POINT ( 'NONE',  ( -4.999999999999996447, -7.049999999999998934, 21.25000000000000000 ) ) ;
#1129 = EDGE_LOOP ( 'NONE', ( #1027, #657, #544, #1505 ) ) ;
#1130 = EDGE_LOOP ( 'NONE', ( #1227, #1464, #1008, #1179 ) ) ;
#1131 = LINE ( 'NONE', #247, #723 ) ;
#1132 = AXIS2_PLACEMENT_3D ( 'NONE', #326, #1477, #1343 ) ;
#1133 = AXIS2_PLACEMENT_3D ( 'NONE', #410, #269, #1575 ) ;
#1134 = LOCAL_TIME ( 15, 49, 38.00000000000000000, #653 ) ;
#1135 = CARTESIAN_POINT ( 'NONE',  ( -6.396792817664475175E-16, 29.50000000000000000, 27.25000000000000355 ) ) ;
#1136 = CIRCLE ( 'NONE', #621, 2.999999999999999112 ) ;
#1137 = ADVANCED_FACE ( 'NONE', ( #936 ), #1087, .T. ) ;
#1138 = DIRECTION ( 'NONE',  ( 1.000000000000000000, 0.000000000000000000, 0.000000000000000000 ) ) ;
#1139 = APPROVAL_PERSON_ORGANIZATION ( #920, #1444, #760 ) ;
#1140 = CARTESIAN_POINT ( 'NONE',  ( -3.999999999999996447, -8.049999999999998934, 27.25000000000000355 ) ) ;
#1141 = ORIENTED_EDGE ( 'NONE', *, *, #599, .F. ) ;
#1142 = CARTESIAN_POINT ( 'NONE',  ( 12.30000000000000604, -9.050000000000002487, 15.25000000000000178 ) ) ;
#1143 = PRODUCT_DEFINITION_SHAPE ( 'NONE', 'NONE',  #1570 ) ;
#1144 = DIRECTION ( 'NONE',  ( 0.000000000000000000, -0.000000000000000000, 1.000000000000000000 ) ) ;
#1145 = EDGE_CURVE ( 'NONE', #161, #37, #46, .T. ) ;
#1146 = DIRECTION ( 'NONE',  ( 0.000000000000000000, 0.000000000000000000, 1.000000000000000000 ) ) ;
#1147 = EDGE_LOOP ( 'NONE', ( #50, #840, #1460, #1427 ) ) ;
#1148 = VERTEX_POINT ( 'NONE', #1329 ) ;
#1149 = DIRECTION ( 'NONE',  ( -0.000000000000000000, -0.000000000000000000, 1.000000000000000000 ) ) ;
#1150 = DIRECTION ( 'NONE',  ( -0.000000000000000000, 0.000000000000000000, -1.000000000000000000 ) ) ;
#1151 = ORIENTED_EDGE ( 'NONE', *, *, #742, .F. ) ;
#1152 = ORIENTED_EDGE ( 'NONE', *, *, #1492, .F. ) ;
#1153 = CARTESIAN_POINT ( 'NONE',  ( 15.30000000000000426, 9.050000000000002487, 15.25000000000000178 ) ) ;
#1154 = ADVANCED_FACE ( 'NONE', ( #1667 ), #1379, .T. ) ;
#1155 = DIRECTION ( 'NONE',  ( 1.000000000000000000, 0.000000000000000000, 0.000000000000000000 ) ) ;
#1156 = CIRCLE ( 'NONE', #220, 2.500000000000000000 ) ;
#1157 = DIRECTION ( 'NONE',  ( 0.000000000000000000, 0.000000000000000000, 1.000000000000000000 ) ) ;
#1158 = AXIS2_PLACEMENT_3D ( 'NONE', #1334, #573, #185 ) ;
#1159 = AXIS2_PLACEMENT_3D ( 'NONE', #630, #4, #780 ) ;
#1160 = CIRCLE ( 'NONE', #569, 1.999999999999994893 ) ;
#1161 = CARTESIAN_POINT ( 'NONE',  ( 20.00000000000000355, 40.00000000000000000, 21.25000000000000000 ) ) ;
#1162 = DIRECTION ( 'NONE',  ( 1.000000000000000000, 0.000000000000000000, 0.000000000000000000 ) ) ;
#1163 = ORIENTED_EDGE ( 'NONE', *, *, #817, .F. ) ;
#1164 = CARTESIAN_POINT ( 'NONE',  ( 10.30000000000000249, 9.050000000000002487, 0.000000000000000000 ) ) ;
#1165 = EDGE_CURVE ( 'NONE', #1305, #321, #1123, .T. ) ;
#1166 = DIRECTION ( 'NONE',  ( 0.000000000000000000, 1.000000000000000000, 0.000000000000000000 ) ) ;
#1167 = VERTEX_POINT ( 'NONE', #713 ) ;
#1168 = PLANE ( 'NONE',  #392 ) ;
#1169 = ORIENTED_EDGE ( 'NONE', *, *, #980, .F. ) ;
#1170 = DIRECTION ( 'NONE',  ( 1.000000000000000000, 0.000000000000000000, 0.000000000000000000 ) ) ;
#1171 = DIRECTION ( 'NONE',  ( 1.000000000000000000, 0.000000000000000000, -0.000000000000000000 ) ) ;
#1172 = FACE_BOUND ( 'NONE', #1034, .T. ) ;
#1173 = ORIENTED_EDGE ( 'NONE', *, *, #803, .F. ) ;
#1174 = EDGE_CURVE ( 'NONE', #1421, #877, #873, .T. ) ;
#1175 = CARTESIAN_POINT ( 'NONE',  ( 0.000000000000000000, 0.000000000000000000, 0.000000000000000000 ) ) ;
#1176 = EDGE_CURVE ( 'NONE', #299, #525, #1655, .T. ) ;
#1177 = ORIENTED_EDGE ( 'NONE', *, *, #58, .F. ) ;
#1178 = FACE_OUTER_BOUND ( 'NONE', #1605, .T. ) ;
#1179 = ORIENTED_EDGE ( 'NONE', *, *, #1542, .F. ) ;
#1180 = DIRECTION ( 'NONE',  ( 0.000000000000000000, 1.000000000000000000, -0.000000000000000000 ) ) ;
#1181 = PLANE ( 'NONE',  #1502 ) ;
#1182 = CARTESIAN_POINT ( 'NONE',  ( -3.999999999999996447, -12.04999999999999893, 27.25000000000000355 ) ) ;
#1183 = ORIENTED_EDGE ( 'NONE', *, *, #1248, .T. ) ;
#1184 = FACE_OUTER_BOUND ( 'NONE', #674, .T. ) ;
#1185 = AXIS2_PLACEMENT_3D ( 'NONE', #918, #1680, #1310 ) ;
#1186 = ORIENTED_EDGE ( 'NONE', *, *, #1248, .F. ) ;
#1187 = VECTOR ( 'NONE', #156, 1000.000000000000000 ) ;
#1188 = EDGE_CURVE ( 'NONE', #1037, #312, #199, .T. ) ;
#1189 = DIRECTION ( 'NONE',  ( -0.000000000000000000, -0.000000000000000000, 1.000000000000000000 ) ) ;
#1190 = ORIENTED_EDGE ( 'NONE', *, *, #1671, .F. ) ;
#1191 = CIRCLE ( 'NONE', #231, 3.000000000000000888 ) ;
#1192 = CIRCLE ( 'NONE', #176, 2.500000000000000000 ) ;
#1193 = CARTESIAN_POINT ( 'NONE',  ( -12.29999999999999893, -9.050000000000002487, 21.25000000000000000 ) ) ;
#1194 = DIRECTION ( 'NONE',  ( -0.000000000000000000, -0.000000000000000000, -1.000000000000000000 ) ) ;
#1195 = ORIENTED_EDGE ( 'NONE', *, *, #29, .F. ) ;
#1196 = ORIENTED_EDGE ( 'NONE', *, *, #587, .F. ) ;
#1197 = DIRECTION ( 'NONE',  ( 1.000000000000000000, 0.000000000000000000, 0.000000000000000000 ) ) ;
#1198 = ORIENTED_EDGE ( 'NONE', *, *, #239, .F. ) ;
#1199 = EDGE_CURVE ( 'NONE', #1167, #54, #1131, .T. ) ;
#1200 = DIRECTION ( 'NONE',  ( 0.000000000000000000, 0.000000000000000000, -1.000000000000000000 ) ) ;
#1201 = EDGE_LOOP ( 'NONE', ( #971, #432 ) ) ;
#1202 = ORIENTED_EDGE ( 'NONE', *, *, #350, .T. ) ;
#1203 = CYLINDRICAL_SURFACE ( 'NONE', #365, 2.999999999999999112 ) ;
#1204 = PLANE ( 'NONE',  #444 ) ;
#1205 = ORIENTED_EDGE ( 'NONE', *, *, #428, .F. ) ;
#1206 = PRODUCT_RELATED_PRODUCT_CATEGORY ( 'detail', '', ( #1674 ) ) ;
#1207 = LINE ( 'NONE', #1597, #1345 ) ;
#1208 = EDGE_LOOP ( 'NONE', ( #1557, #802, #557, #515 ) ) ;
#1209 = EDGE_CURVE ( 'NONE', #1616, #778, #95, .T. ) ;
#1210 = SHAPE_DEFINITION_REPRESENTATION ( #1143, #73 ) ;
#1211 = ORIENTED_EDGE ( 'NONE', *, *, #783, .F. ) ;
#1212 = CIRCLE ( 'NONE', #1468, 2.000000000000003553 ) ;
#1213 = FACE_OUTER_BOUND ( 'NONE', #457, .T. ) ;
#1214 = EDGE_LOOP ( 'NONE', ( #412, #1330, #234, #1109 ) ) ;
#1215 = VECTOR ( 'NONE', #290, 1000.000000000000000 ) ;
#1216 = AXIS2_PLACEMENT_3D ( 'NONE', #292, #157, #263 ) ;
#1217 = LINE ( 'NONE', #694, #1108 ) ;
#1218 = VERTEX_POINT ( 'NONE', #1249 ) ;
#1219 = VECTOR ( 'NONE', #1450, 1000.000000000000000 ) ;
#1220 = EDGE_CURVE ( 'NONE', #933, #81, #946, .T. ) ;
#1221 = ORIENTED_EDGE ( 'NONE', *, *, #1342, .T. ) ;
#1222 = FACE_OUTER_BOUND ( 'NONE', #891, .T. ) ;
#1223 = DIRECTION ( 'NONE',  ( -0.000000000000000000, -0.000000000000000000, -1.000000000000000000 ) ) ;
#1224 = ORIENTED_EDGE ( 'NONE', *, *, #1062, .T. ) ;
#1225 = DIRECTION ( 'NONE',  ( 1.000000000000000000, 0.000000000000000000, -0.000000000000000000 ) ) ;
#1226 = CARTESIAN_POINT ( 'NONE',  ( -7.335000000000000853, 40.00000000000000000, -1.000000000000000000 ) ) ;
#1227 = ORIENTED_EDGE ( 'NONE', *, *, #213, .F. ) ;
#1228 = LINE ( 'NONE', #957, #942 ) ;
#1229 = EDGE_CURVE ( 'NONE', #1070, #654, #738, .T. ) ;
#1230 = FACE_OUTER_BOUND ( 'NONE', #1462, .T. ) ;
#1231 = CARTESIAN_POINT ( 'NONE',  ( -6.396792817664475175E-16, -29.50000000000000000, 27.25000000000000355 ) ) ;
#1232 = CARTESIAN_POINT ( 'NONE',  ( 12.30000000000000604, -9.050000000000002487, 21.25000000000000000 ) ) ;
#1233 = VERTEX_POINT ( 'NONE', #497 ) ;
#1234 = LINE ( 'NONE', #88, #861 ) ;
#1235 = CARTESIAN_POINT ( 'NONE',  ( -15.30000000000000071, -9.050000000000002487, 21.25000000000000000 ) ) ;
#1236 = LINE ( 'NONE', #1112, #884 ) ;
#1237 = EDGE_CURVE ( 'NONE', #1339, #1315, #1381, .T. ) ;
#1238 = DIRECTION ( 'NONE',  ( 0.000000000000000000, 1.000000000000000000, 0.000000000000000000 ) ) ;
#1239 = AXIS2_PLACEMENT_3D ( 'NONE', #595, #76, #1346 ) ;
#1240 = VECTOR ( 'NONE', #224, 1000.000000000000000 ) ;
#1241 = CARTESIAN_POINT ( 'NONE',  ( -15.29999999999999893, -9.050000000000002487, 15.25000000000000178 ) ) ;
#1242 = ORIENTED_EDGE ( 'NONE', *, *, #1009, .F. ) ;
#1243 = VECTOR ( 'NONE', #377, 1000.000000000000000 ) ;
#1244 = LINE ( 'NONE', #235, #452 ) ;
#1245 = FACE_OUTER_BOUND ( 'NONE', #1088, .T. ) ;
#1246 = DIRECTION ( 'NONE',  ( 1.000000000000000000, 0.000000000000000000, 0.000000000000000000 ) ) ;
#1247 = CARTESIAN_POINT ( 'NONE',  ( 12.30000000000000604, -9.050000000000002487, 15.25000000000000178 ) ) ;
#1248 = EDGE_CURVE ( 'NONE', #628, #1421, #1191, .T. ) ;
#1249 = CARTESIAN_POINT ( 'NONE',  ( 4.000000000000003553, -12.04999999999999893, 27.25000000000000355 ) ) ;
#1250 = CARTESIAN_POINT ( 'NONE',  ( 15.30000000000000426, 9.050000000000002487, 21.25000000000000000 ) ) ;
#1251 = CARTESIAN_POINT ( 'NONE',  ( 5.000000000000003553, 7.049999999999998934, 26.25000000000000355 ) ) ;
#1252 = CARTESIAN_POINT ( 'NONE',  ( -4.999999999999996447, 13.04999999999999893, 26.25000000000000355 ) ) ;
#1253 = DIRECTION ( 'NONE',  ( 0.000000000000000000, 0.000000000000000000, 1.000000000000000000 ) ) ;
#1254 = ORIENTED_EDGE ( 'NONE', *, *, #1542, .T. ) ;
#1255 = DIRECTION ( 'NONE',  ( -0.000000000000000000, 0.000000000000000000, -1.000000000000000000 ) ) ;
#1256 = EDGE_CURVE ( 'NONE', #1261, #1073, #1160, .T. ) ;
#1257 = FACE_OUTER_BOUND ( 'NONE', #1147, .T. ) ;
#1258 = CARTESIAN_POINT ( 'NONE',  ( 5.000000000000003553, 0.000000000000000000, 21.25000000000000000 ) ) ;
#1259 = VERTEX_POINT ( 'NONE', #475 ) ;
#1260 = DIRECTION ( 'NONE',  ( -0.000000000000000000, 1.000000000000000000, -0.000000000000000000 ) ) ;
#1261 = VERTEX_POINT ( 'NONE', #383 ) ;
#1262 = DIRECTION ( 'NONE',  ( 1.000000000000000000, 0.000000000000000000, 0.000000000000000000 ) ) ;
#1263 = AXIS2_PLACEMENT_3D ( 'NONE', #453, #1340, #1307 ) ;
#1264 = VECTOR ( 'NONE', #1681, 1000.000000000000000 ) ;
#1265 = AXIS2_PLACEMENT_3D ( 'NONE', #373, #1515, #966 ) ;
#1266 = AXIS2_PLACEMENT_3D ( 'NONE', #985, #1640, #355 ) ;
#1267 = EDGE_CURVE ( 'NONE', #611, #1259, #1541, .T. ) ;
#1268 = DIRECTION ( 'NONE',  ( 0.000000000000000000, 1.000000000000000000, 0.000000000000000000 ) ) ;
#1269 = AXIS2_PLACEMENT_3D ( 'NONE', #1651, #996, #1144 ) ;
#1270 = DIRECTION ( 'NONE',  ( 0.000000000000000000, 0.000000000000000000, 1.000000000000000000 ) ) ;
#1271 = EDGE_LOOP ( 'NONE', ( #431, #555, #206, #294 ) ) ;
#1272 = DIRECTION ( 'NONE',  ( 1.000000000000000000, -0.000000000000000000, 0.000000000000000000 ) ) ;
#1273 = ORIENTED_EDGE ( 'NONE', *, *, #623, .F. ) ;
#1274 = ADVANCED_FACE ( 'NONE', ( #881 ), #622, .F. ) ;
#1275 = DIRECTION ( 'NONE',  ( 0.000000000000000000, 0.000000000000000000, 1.000000000000000000 ) ) ;
#1276 = DATE_TIME_ROLE ( 'creation_date' ) ;
#1277 = DIRECTION ( 'NONE',  ( -0.000000000000000000, -0.000000000000000000, 1.000000000000000000 ) ) ;
#1278 = EDGE_CURVE ( 'NONE', #1358, #1522, #1525, .T. ) ;
#1279 = DIRECTION ( 'NONE',  ( -0.000000000000000000, -0.000000000000000000, -1.000000000000000000 ) ) ;
#1280 = ORIENTED_EDGE ( 'NONE', *, *, #673, .F. ) ;
#1281 = CARTESIAN_POINT ( 'NONE',  ( 7.085000000000000853, 40.00000000000000000, -0.7500000000000000000 ) ) ;
#1282 = ORIENTED_EDGE ( 'NONE', *, *, #1220, .T. ) ;
#1283 = CARTESIAN_POINT ( 'NONE',  ( -4.999999999999996447, 0.000000000000000000, 27.25000000000000355 ) ) ;
#1284 = CARTESIAN_POINT ( 'NONE',  ( -19.99999999999999645, 40.00000000000000000, 21.25000000000000000 ) ) ;
#1285 = CARTESIAN_POINT ( 'NONE',  ( 12.30000000000000604, -9.050000000000002487, 0.000000000000000000 ) ) ;
#1286 = CARTESIAN_POINT ( 'NONE',  ( 0.000000000000000000, 0.000000000000000000, -1.000000000000000000 ) ) ;
#1287 = CARTESIAN_POINT ( 'NONE',  ( -12.29999999999999893, 9.050000000000002487, 0.000000000000000000 ) ) ;
#1288 = ORIENTED_EDGE ( 'NONE', *, *, #1492, .T. ) ;
#1289 = ADVANCED_FACE ( 'NONE', ( #1648 ), #482, .F. ) ;
#1290 = VECTOR ( 'NONE', #1374, 1000.000000000000000 ) ;
#1291 = DIRECTION ( 'NONE',  ( 1.000000000000000000, 0.000000000000000000, 0.000000000000000000 ) ) ;
#1292 = CIRCLE ( 'NONE', #564, 2.999999999999999112 ) ;
#1293 = APPROVAL_STATUS ( 'not_yet_approved' ) ;
#1294 = EDGE_LOOP ( 'NONE', ( #1664, #1586, #1040, #1531 ) ) ;
#1295 = VECTOR ( 'NONE', #1333, 1000.000000000000000 ) ;
#1296 = AXIS2_PLACEMENT_3D ( 'NONE', #1678, #613, #1115 ) ;
#1297 = CARTESIAN_POINT ( 'NONE',  ( 5.000000000000003553, 7.049999999999998046, 26.83578643762691129 ) ) ;
#1298 = FACE_OUTER_BOUND ( 'NONE', #1598, .T. ) ;
#1299 = VERTEX_POINT ( 'NONE', #240 ) ;
#1300 = VECTOR ( 'NONE', #241, 1000.000000000000000 ) ;
#1301 = LINE ( 'NONE', #759, #1215 ) ;
#1302 = EDGE_CURVE ( 'NONE', #81, #1522, #605, .T. ) ;
#1303 = PLANE ( 'NONE',  #1216 ) ;
#1304 = LINE ( 'NONE', #1416, #275 ) ;
#1305 = VERTEX_POINT ( 'NONE', #1511 ) ;
#1306 = ORIENTED_EDGE ( 'NONE', *, *, #1116, .F. ) ;
#1307 = DIRECTION ( 'NONE',  ( 0.000000000000000000, 0.000000000000000000, 1.000000000000000000 ) ) ;
#1308 = ORIENTED_EDGE ( 'NONE', *, *, #1018, .T. ) ;
#1309 = LINE ( 'NONE', #141, #496 ) ;
#1310 = DIRECTION ( 'NONE',  ( 1.000000000000000000, 0.000000000000000000, 0.000000000000000000 ) ) ;
#1311 = EDGE_LOOP ( 'NONE', ( #956, #476, #899, #375 ) ) ;
#1312 = EDGE_CURVE ( 'NONE', #32, #66, #122, .T. ) ;
#1313 = ORIENTED_EDGE ( 'NONE', *, *, #980, .T. ) ;
#1314 = CARTESIAN_POINT ( 'NONE',  ( 20.00000000000000355, 40.00000000000000000, 0.000000000000000000 ) ) ;
#1315 = VERTEX_POINT ( 'NONE', #1410 ) ;
#1316 = DIRECTION ( 'NONE',  ( 0.000000000000000000, 0.000000000000000000, 1.000000000000000000 ) ) ;
#1317 = DIRECTION ( 'NONE',  ( 1.000000000000000000, 0.000000000000000000, 0.000000000000000000 ) ) ;
#1318 = EDGE_LOOP ( 'NONE', ( #531, #703, #766, #179 ) ) ;
#1319 = VECTOR ( 'NONE', #293, 1000.000000000000000 ) ;
#1320 = EDGE_CURVE ( 'NONE', #790, #1467, #1136, .T. ) ;
#1321 = ORIENTED_EDGE ( 'NONE', *, *, #1071, .F. ) ;
#1322 = AXIS2_PLACEMENT_3D ( 'NONE', #983, #1341, #846 ) ;
#1323 = CARTESIAN_POINT ( 'NONE',  ( -7.085000000000000853, -40.00000000000000000, -0.7500000000000000000 ) ) ;
#1324 = DIRECTION ( 'NONE',  ( 0.000000000000000000, 0.000000000000000000, 1.000000000000000000 ) ) ;
#1325 = ORIENTED_EDGE ( 'NONE', *, *, #739, .F. ) ;
#1326 = CIRCLE ( 'NONE', #1440, 2.500000000000000000 ) ;
#1327 = VECTOR ( 'NONE', #1533, 1000.000000000000000 ) ;
#1328 = VECTOR ( 'NONE', #731, 1000.000000000000000 ) ;
#1329 = CARTESIAN_POINT ( 'NONE',  ( 2.499999999999999556, 29.50000000000000000, 21.25000000000000000 ) ) ;
#1330 = ORIENTED_EDGE ( 'NONE', *, *, #19, .T. ) ;
#1331 = DATE_AND_TIME ( #1066, #470 ) ;
#1332 = VERTEX_POINT ( 'NONE', #858 ) ;
#1333 = DIRECTION ( 'NONE',  ( -1.000000000000000000, 0.000000000000000000, 0.000000000000000000 ) ) ;
#1334 = CARTESIAN_POINT ( 'NONE',  ( 0.000000000000000000, -8.049999999999998934, 26.25000000000000355 ) ) ;
#1335 = VERTEX_POINT ( 'NONE', #624 ) ;
#1336 = EDGE_CURVE ( 'NONE', #155, #216, #14, .T. ) ;
#1337 = DIRECTION ( 'NONE',  ( 0.000000000000000000, 0.000000000000000000, -1.000000000000000000 ) ) ;
#1338 = ORIENTED_EDGE ( 'NONE', *, *, #1278, .F. ) ;
#1339 = VERTEX_POINT ( 'NONE', #99 ) ;
#1340 = DIRECTION ( 'NONE',  ( -1.000000000000000000, 0.000000000000000000, -0.000000000000000000 ) ) ;
#1341 = DIRECTION ( 'NONE',  ( -0.000000000000000000, -0.000000000000000000, -1.000000000000000000 ) ) ;
#1342 = EDGE_CURVE ( 'NONE', #1335, #1454, #1382, .T. ) ;
#1343 = DIRECTION ( 'NONE',  ( 0.000000000000000000, 0.000000000000000000, -1.000000000000000000 ) ) ;
#1344 = EDGE_LOOP ( 'NONE', ( #379, #328 ) ) ;
#1345 = VECTOR ( 'NONE', #1604, 1000.000000000000000 ) ;
#1346 = DIRECTION ( 'NONE',  ( 0.000000000000000000, -0.000000000000000000, 1.000000000000000000 ) ) ;
#1347 = CARTESIAN_POINT ( 'NONE',  ( -4.999999999999996447, 0.000000000000000000, 26.25000000000000355 ) ) ;
#1348 = VERTEX_POINT ( 'NONE', #1250 ) ;
#1349 = EDGE_CURVE ( 'NONE', #1335, #1070, #995, .T. ) ;
#1350 = CARTESIAN_POINT ( 'NONE',  ( -14.29999999999999361, 9.050000000000002487, 21.25000000000000000 ) ) ;
#1351 = AXIS2_PLACEMENT_3D ( 'NONE', #1389, #1516, #855 ) ;
#1352 = CIRCLE ( 'NONE', #892, 3.000000000000000888 ) ;
#1353 = DIRECTION ( 'NONE',  ( 1.000000000000000000, 0.000000000000000000, 0.000000000000000000 ) ) ;
#1354 = ORIENTED_EDGE ( 'NONE', *, *, #1686, .F. ) ;
#1355 = LOCAL_TIME ( 15, 49, 38.00000000000000000, #296 ) ;
#1356 = COORDINATED_UNIVERSAL_TIME_OFFSET ( 8, 0, .BEHIND. ) ;
#1357 = ADVANCED_FACE ( 'NONE', ( #1457 ), #1181, .T. ) ;
#1358 = VERTEX_POINT ( 'NONE', #35 ) ;
#1359 = CYLINDRICAL_SURFACE ( 'NONE', #677, 2.999999999999999112 ) ;
#1360 = LINE ( 'NONE', #953, #642 ) ;
#1361 = DIRECTION ( 'NONE',  ( 0.000000000000000000, 0.000000000000000000, 1.000000000000000000 ) ) ;
#1362 = FACE_OUTER_BOUND ( 'NONE', #751, .T. ) ;
#1363 = ADVANCED_FACE ( 'NONE', ( #768 ), #542, .F. ) ;
#1364 = ORIENTED_EDGE ( 'NONE', *, *, #1312, .F. ) ;
#1365 = FACE_BOUND ( 'NONE', #1406, .T. ) ;
#1366 = VERTEX_POINT ( 'NONE', #1164 ) ;
#1367 = CARTESIAN_POINT ( 'NONE',  ( 5.000000000000003553, 0.000000000000000000, 27.25000000000000355 ) ) ;
#1368 = DIRECTION ( 'NONE',  ( 1.000000000000000000, 0.000000000000000000, 0.000000000000000000 ) ) ;
#1369 = EDGE_LOOP ( 'NONE', ( #119, #1563 ) ) ;
#1370 = EDGE_CURVE ( 'NONE', #902, #215, #1001, .T. ) ;
#1371 = DIRECTION ( 'NONE',  ( 1.000000000000000000, 0.000000000000000000, 0.000000000000000000 ) ) ;
#1372 = PLANE ( 'NONE',  #520 ) ;
#1373 = EDGE_CURVE ( 'NONE', #1387, #612, #1639, .T. ) ;
#1374 = DIRECTION ( 'NONE',  ( -0.000000000000000000, -0.000000000000000000, -1.000000000000000000 ) ) ;
#1375 = LINE ( 'NONE', #975, #1240 ) ;
#1376 = CARTESIAN_POINT ( 'NONE',  ( -2.500000000000000444, 29.50000000000000000, 27.25000000000000355 ) ) ;
#1377 = AXIS2_PLACEMENT_3D ( 'NONE', #631, #765, #756 ) ;
#1378 = AXIS2_PLACEMENT_3D ( 'NONE', #1653, #1253, #896 ) ;
#1379 = PLANE ( 'NONE',  #812 ) ;
#1380 = AXIS2_PLACEMENT_3D ( 'NONE', #1247, #604, #1225 ) ;
#1381 = CIRCLE ( 'NONE', #1024, 1.999999999999994893 ) ;
#1382 = LINE ( 'NONE', #1656, #1328 ) ;
#1383 = AXIS2_PLACEMENT_3D ( 'NONE', #1543, #385, #1414 ) ;
#1384 = FACE_OUTER_BOUND ( 'NONE', #286, .T. ) ;
#1385 = CARTESIAN_POINT ( 'NONE',  ( 12.30000000000000604, 9.050000000000002487, 0.000000000000000000 ) ) ;
#1386 = CYLINDRICAL_SURFACE ( 'NONE', #910, 2.999999999999999112 ) ;
#1387 = VERTEX_POINT ( 'NONE', #526 ) ;
#1388 = EDGE_CURVE ( 'NONE', #1016, #1148, #1669, .T. ) ;
#1389 = CARTESIAN_POINT ( 'NONE',  ( 12.30000000000000604, -9.050000000000002487, 15.25000000000000178 ) ) ;
#1390 = DIRECTION ( 'NONE',  ( -0.000000000000000000, 0.000000000000000000, -1.000000000000000000 ) ) ;
#1391 = LINE ( 'NONE', #593, #1300 ) ;
#1392 = CARTESIAN_POINT ( 'NONE',  ( -3.999999999999996447, -8.049999999999998934, 27.25000000000000355 ) ) ;
#1393 = CARTESIAN_POINT ( 'NONE',  ( -6.396792817664475175E-16, -29.50000000000000000, 21.25000000000000000 ) ) ;
#1394 = ORIENTED_EDGE ( 'NONE', *, *, #1638, .F. ) ;
#1395 = LINE ( 'NONE', #1546, #752 ) ;
#1396 = EDGE_LOOP ( 'NONE', ( #167, #1122, #545, #409 ) ) ;
#1397 = VERTEX_POINT ( 'NONE', #1055 ) ;
#1398 = DIRECTION ( 'NONE',  ( 0.000000000000000000, 1.000000000000000000, -0.000000000000000000 ) ) ;
#1399 = ADVANCED_FACE ( 'NONE', ( #511 ), #420, .T. ) ;
#1400 = DIRECTION ( 'NONE',  ( -0.000000000000000000, -1.000000000000000000, -0.000000000000000000 ) ) ;
#1401 = DIRECTION ( 'NONE',  ( 0.000000000000000000, 0.000000000000000000, 1.000000000000000000 ) ) ;
#1402 = DIRECTION ( 'NONE',  ( -0.000000000000000000, 0.000000000000000000, 1.000000000000000000 ) ) ;
#1403 = DIRECTION ( 'NONE',  ( -0.000000000000000000, -0.000000000000000000, -1.000000000000000000 ) ) ;
#1404 = FACE_OUTER_BOUND ( 'NONE', #1498, .T. ) ;
#1405 = EDGE_CURVE ( 'NONE', #1467, #578, #1569, .T. ) ;
#1406 = EDGE_LOOP ( 'NONE', ( #1004, #502 ) ) ;
#1407 = EDGE_LOOP ( 'NONE', ( #1183, #965 ) ) ;
#1408 = CIRCLE ( 'NONE', #614, 2.000000000000003553 ) ;
#1409 = VECTOR ( 'NONE', #1621, 1000.000000000000000 ) ;
#1410 = CARTESIAN_POINT ( 'NONE',  ( 10.30000000000001137, -9.050000000000002487, 0.000000000000000000 ) ) ;
#1411 = AXIS2_PLACEMENT_3D ( 'NONE', #228, #1361, #487 ) ;
#1412 = AXIS2_PLACEMENT_3D ( 'NONE', #60, #1194, #1493 ) ;
#1413 = ADVANCED_FACE ( 'NONE', ( #1551 ), #402, .T. ) ;
#1414 = DIRECTION ( 'NONE',  ( 1.000000000000000000, 0.000000000000000000, 0.000000000000000000 ) ) ;
#1415 = AXIS2_PLACEMENT_3D ( 'NONE', #149, #435, #1465 ) ;
#1416 = CARTESIAN_POINT ( 'NONE',  ( -2.500000000000000444, -29.50000000000000000, 27.25000000000000355 ) ) ;
#1417 = DIRECTION ( 'NONE',  ( -0.000000000000000000, -0.000000000000000000, 1.000000000000000000 ) ) ;
#1418 = DIRECTION ( 'NONE',  ( 0.000000000000000000, 0.000000000000000000, 1.000000000000000000 ) ) ;
#1419 = ORIENTED_EDGE ( 'NONE', *, *, #1481, .T. ) ;
#1420 = CARTESIAN_POINT ( 'NONE',  ( 4.000000000000003553, 12.04999999999999893, 27.25000000000000355 ) ) ;
#1421 = VERTEX_POINT ( 'NONE', #394 ) ;
#1422 = DIRECTION ( 'NONE',  ( 0.000000000000000000, -1.000000000000000000, 0.000000000000000000 ) ) ;
#1423 = APPROVAL_DATE_TIME ( #1020, #1624 ) ;
#1424 = EDGE_CURVE ( 'NONE', #778, #1366, #279, .T. ) ;
#1425 = CARTESIAN_POINT ( 'NONE',  ( -9.299999999999998934, 9.050000000000002487, 21.25000000000000000 ) ) ;
#1426 = CARTESIAN_POINT ( 'NONE',  ( -4.999999999999996447, 7.049999999999998934, 26.25000000000000355 ) ) ;
#1427 = ORIENTED_EDGE ( 'NONE', *, *, #1090, .T. ) ;
#1428 = FACE_OUTER_BOUND ( 'NONE', #175, .T. ) ;
#1429 = CARTESIAN_POINT ( 'NONE',  ( 14.30000000000000071, -9.050000000000002487, 15.25000000000000178 ) ) ;
#1430 = EDGE_CURVE ( 'NONE', #1007, #973, #800, .T. ) ;
#1431 = COORDINATED_UNIVERSAL_TIME_OFFSET ( 8, 0, .BEHIND. ) ;
#1432 = ORIENTED_EDGE ( 'NONE', *, *, #1405, .F. ) ;
#1433 = ADVANCED_FACE ( 'NONE', ( #784, #792 ), #1303, .T. ) ;
#1434 = DIRECTION ( 'NONE',  ( -1.000000000000000000, 0.000000000000000000, -0.000000000000000000 ) ) ;
#1435 = CARTESIAN_POINT ( 'NONE',  ( -10.29999999999999538, -9.050000000000002487, 0.000000000000000000 ) ) ;
#1436 = VERTEX_POINT ( 'NONE', #1429 ) ;
#1437 = DIRECTION ( 'NONE',  ( 0.000000000000000000, 0.000000000000000000, 1.000000000000000000 ) ) ;
#1438 = ORIENTED_EDGE ( 'NONE', *, *, #913, .T. ) ;
#1439 = DIRECTION ( 'NONE',  ( 1.000000000000000000, 0.000000000000000000, 0.000000000000000000 ) ) ;
#1440 = AXIS2_PLACEMENT_3D ( 'NONE', #984, #1003, #1521 ) ;
#1441 = AXIS2_PLACEMENT_3D ( 'NONE', #1503, #583, #342 ) ;
#1442 = ORIENTED_EDGE ( 'NONE', *, *, #852, .T. ) ;
#1443 = VECTOR ( 'NONE', #1028, 1000.000000000000000 ) ;
#1444 = APPROVAL ( #1293, 'UNSPECIFIED' ) ;
#1445 = LINE ( 'NONE', #1075, #568 ) ;
#1446 = VERTEX_POINT ( 'NONE', #1284 ) ;
#1447 = AXIS2_PLACEMENT_3D ( 'NONE', #1175, #1157, #1439 ) ;
#1448 = CARTESIAN_POINT ( 'NONE',  ( -15.29999999999999716, 9.050000000000002487, 15.25000000000000178 ) ) ;
#1449 = EDGE_CURVE ( 'NONE', #37, #1233, #1309, .T. ) ;
#1450 = DIRECTION ( 'NONE',  ( -0.000000000000000000, -0.000000000000000000, 1.000000000000000000 ) ) ;
#1451 = CARTESIAN_POINT ( 'NONE',  ( 12.30000000000000604, -9.050000000000002487, 15.25000000000000178 ) ) ;
#1452 = ORIENTED_EDGE ( 'NONE', *, *, #82, .T. ) ;
#1453 = DIRECTION ( 'NONE',  ( 0.000000000000000000, 1.000000000000000000, 0.000000000000000000 ) ) ;
#1454 = VERTEX_POINT ( 'NONE', #660 ) ;
#1455 = DIRECTION ( 'NONE',  ( -1.000000000000000000, 0.000000000000000000, 0.000000000000000000 ) ) ;
#1456 = ORIENTED_EDGE ( 'NONE', *, *, #1029, .F. ) ;
#1457 = FACE_OUTER_BOUND ( 'NONE', #1318, .T. ) ;
#1458 = EDGE_CURVE ( 'NONE', #1591, #1065, #165, .T. ) ;
#1459 = LINE ( 'NONE', #1672, #334 ) ;
#1460 = ORIENTED_EDGE ( 'NONE', *, *, #303, .T. ) ;
#1461 = DATE_AND_TIME ( #1030, #10 ) ;
#1462 = EDGE_LOOP ( 'NONE', ( #138, #406, #1151, #993, #714, #1631, #75, #565, #1221, #1571 ) ) ;
#1463 = CARTESIAN_POINT ( 'NONE',  ( 0.000000000000000000, 0.000000000000000000, 0.000000000000000000 ) ) ;
#1464 = ORIENTED_EDGE ( 'NONE', *, *, #1083, .F. ) ;
#1465 = DIRECTION ( 'NONE',  ( 1.000000000000000000, 0.000000000000000000, 0.000000000000000000 ) ) ;
#1466 = DIRECTION ( 'NONE',  ( -0.000000000000000000, -0.000000000000000000, -1.000000000000000000 ) ) ;
#1467 = VERTEX_POINT ( 'NONE', #270 ) ;
#1468 = AXIS2_PLACEMENT_3D ( 'NONE', #280, #750, #1013 ) ;
#1469 = EDGE_CURVE ( 'NONE', #1148, #1016, #202, .T. ) ;
#1470 = ORIENTED_EDGE ( 'NONE', *, *, #952, .T. ) ;
#1471 = CIRCLE ( 'NONE', #390, 1.999999999999994893 ) ;
#1472 = APPROVAL_PERSON_ORGANIZATION ( #558, #143, #1494 ) ;
#1473 = CYLINDRICAL_SURFACE ( 'NONE', #282, 2.000000000000003553 ) ;
#1474 = ORIENTED_EDGE ( 'NONE', *, *, #1237, .F. ) ;
#1475 = AXIS2_PLACEMENT_3D ( 'NONE', #1100, #1238, #1663 ) ;
#1476 = VECTOR ( 'NONE', #1398, 1000.000000000000000 ) ;
#1477 = DIRECTION ( 'NONE',  ( -0.000000000000000000, 1.000000000000000000, -0.000000000000000000 ) ) ;
#1478 = EDGE_LOOP ( 'NONE', ( #919, #744, #795, #5 ) ) ;
#1479 = DATE_AND_TIME ( #1486, #518 ) ;
#1480 = ORIENTED_EDGE ( 'NONE', *, *, #177, .F. ) ;
#1481 = EDGE_CURVE ( 'NONE', #366, #516, #232, .T. ) ;
#1482 = DIRECTION ( 'NONE',  ( 1.000000000000000000, 0.000000000000000000, 0.000000000000000000 ) ) ;
#1483 = LINE ( 'NONE', #1347, #1608 ) ;
#1484 = LINE ( 'NONE', #705, #120 ) ;
#1485 = LINE ( 'NONE', #679, #1549 ) ;
#1486 = CALENDAR_DATE ( 2026, 30, 5 ) ;
#1487 = ORIENTED_EDGE ( 'NONE', *, *, #187, .F. ) ;
#1488 = FACE_OUTER_BOUND ( 'NONE', #1311, .T. ) ;
#1489 = CYLINDRICAL_SURFACE ( 'NONE', #1322, 1.999999999999994893 ) ;
#1490 = ADVANCED_FACE ( 'NONE', ( #310 ), #1596, .T. ) ;
#1491 = ORIENTED_EDGE ( 'NONE', *, *, #276, .T. ) ;
#1492 = EDGE_CURVE ( 'NONE', #877, #98, #1352, .T. ) ;
#1493 = DIRECTION ( 'NONE',  ( -1.000000000000000000, 0.000000000000000000, 0.000000000000000000 ) ) ;
#1494 = APPROVAL_ROLE ( '' ) ;
#1495 = ORIENTED_EDGE ( 'NONE', *, *, #113, .F. ) ;
#1496 = VECTOR ( 'NONE', #845, 1000.000000000000000 ) ;
#1497 = DIRECTION ( 'NONE',  ( 1.000000000000000000, 0.000000000000000000, 0.000000000000000000 ) ) ;
#1498 = EDGE_LOOP ( 'NONE', ( #399, #1641, #6, #829 ) ) ;
#1499 = AXIS2_PLACEMENT_3D ( 'NONE', #1393, #507, #1138 ) ;
#1500 = CARTESIAN_POINT ( 'NONE',  ( 12.30000000000000604, 9.050000000000002487, 21.25000000000000000 ) ) ;
#1501 = AXIS2_PLACEMENT_3D ( 'NONE', #1682, #1418, #878 ) ;
#1502 = AXIS2_PLACEMENT_3D ( 'NONE', #634, #640, #907 ) ;
#1503 = CARTESIAN_POINT ( 'NONE',  ( 0.000000000000000000, -12.04999999999999893, 26.25000000000000355 ) ) ;
#1504 = EDGE_CURVE ( 'NONE', #344, #1397, #549, .T. ) ;
#1505 = ORIENTED_EDGE ( 'NONE', *, *, #82, .F. ) ;
#1506 = DIRECTION ( 'NONE',  ( -0.000000000000000000, -0.000000000000000000, -1.000000000000000000 ) ) ;
#1507 = ORIENTED_EDGE ( 'NONE', *, *, #566, .T. ) ;
#1508 = FACE_OUTER_BOUND ( 'NONE', #1478, .T. ) ;
#1509 = CARTESIAN_POINT ( 'NONE',  ( 7.335000000000000853, 40.00000000000000000, -1.000000000000000000 ) ) ;
#1510 = ADVANCED_FACE ( 'NONE', ( #875 ), #1643, .F. ) ;
#1511 = CARTESIAN_POINT ( 'NONE',  ( 4.000000000000003553, 8.049999999999998934, 27.25000000000000355 ) ) ;
#1512 = CARTESIAN_POINT ( 'NONE',  ( 0.000000000000000000, -8.049999999999998934, 27.25000000000000355 ) ) ;
#1513 = CARTESIAN_POINT ( 'NONE',  ( -2.500000000000000444, 29.50000000000000000, -1.000000000000000000 ) ) ;
#1514 = CARTESIAN_POINT ( 'NONE',  ( 5.000000000000003553, -13.04999999999999893, 26.25000000000000355 ) ) ;
#1515 = DIRECTION ( 'NONE',  ( -1.000000000000000000, 0.000000000000000000, 0.000000000000000000 ) ) ;
#1516 = DIRECTION ( 'NONE',  ( -0.000000000000000000, -0.000000000000000000, 1.000000000000000000 ) ) ;
#1517 = EDGE_LOOP ( 'NONE', ( #1173, #510, #253, #1593 ) ) ;
#1518 = DIRECTION ( 'NONE',  ( -0.000000000000000000, 0.000000000000000000, -1.000000000000000000 ) ) ;
#1519 = CARTESIAN_POINT ( 'NONE',  ( -4.999999999999996447, -13.04999999999999893, 27.25000000000000355 ) ) ;
#1520 = ADVANCED_FACE ( 'NONE', ( #867 ), #1006, .F. ) ;
#1521 = DIRECTION ( 'NONE',  ( -1.000000000000000000, 0.000000000000000000, 0.000000000000000000 ) ) ;
#1522 = VERTEX_POINT ( 'NONE', #490 ) ;
#1523 = CIRCLE ( 'NONE', #779, 1.999999999999994893 ) ;
#1524 = DIRECTION ( 'NONE',  ( 0.000000000000000000, 0.000000000000000000, 1.000000000000000000 ) ) ;
#1525 = CIRCLE ( 'NONE', #1582, 2.999999999999999112 ) ;
#1526 = CARTESIAN_POINT ( 'NONE',  ( -19.99999999999999645, -40.00000000000000000, 21.25000000000000000 ) ) ;
#1527 = AXIS2_PLACEMENT_3D ( 'NONE', #300, #1171, #1150 ) ;
#1528 = LINE ( 'NONE', #1673, #65 ) ;
#1529 = EDGE_CURVE ( 'NONE', #1332, #1007, #981, .T. ) ;
#1530 = FACE_BOUND ( 'NONE', #921, .T. ) ;
#1531 = ORIENTED_EDGE ( 'NONE', *, *, #1199, .F. ) ;
#1532 = VERTEX_POINT ( 'NONE', #371 ) ;
#1533 = DIRECTION ( 'NONE',  ( -0.000000000000000000, -0.000000000000000000, 1.000000000000000000 ) ) ;
#1534 = MANIFOLD_SOLID_BREP ( 'Fillet3', #541 ) ;
#1535 = CARTESIAN_POINT ( 'NONE',  ( 12.30000000000000604, -9.050000000000002487, 21.25000000000000000 ) ) ;
#1536 = CARTESIAN_POINT ( 'NONE',  ( 12.30000000000000604, 9.050000000000002487, 15.25000000000000178 ) ) ;
#1537 = CARTESIAN_POINT ( 'NONE',  ( 7.335000000000000853, 40.00000000000000000, 0.000000000000000000 ) ) ;
#1538 = ORIENTED_EDGE ( 'NONE', *, *, #291, .T. ) ;
#1539 = CARTESIAN_POINT ( 'NONE',  ( -4.999999999999996447, -7.049999999999998046, 26.83578643762691129 ) ) ;
#1540 = ORIENTED_EDGE ( 'NONE', *, *, #1469, .F. ) ;
#1541 = LINE ( 'NONE', #979, #753 ) ;
#1542 = EDGE_CURVE ( 'NONE', #992, #297, #1391, .T. ) ;
#1543 = CARTESIAN_POINT ( 'NONE',  ( 12.30000000000000604, -9.050000000000002487, 15.25000000000000178 ) ) ;
#1544 = CARTESIAN_POINT ( 'NONE',  ( 0.000000000000000000, 0.000000000000000000, 27.25000000000000355 ) ) ;
#1545 = DIRECTION ( 'NONE',  ( 0.000000000000000000, -1.000000000000000000, 0.000000000000000000 ) ) ;
#1546 = CARTESIAN_POINT ( 'NONE',  ( 0.000000000000000000, -7.049999999999998934, 21.25000000000000000 ) ) ;
#1547 = EDGE_LOOP ( 'NONE', ( #1442, #1438, #1141, #425 ) ) ;
#1548 = ORIENTED_EDGE ( 'NONE', *, *, #266, .F. ) ;
#1549 = VECTOR ( 'NONE', #188, 1000.000000000000000 ) ;
#1550 = AXIS2_PLACEMENT_3D ( 'NONE', #886, #3, #378 ) ;
#1551 = FACE_OUTER_BOUND ( 'NONE', #1294, .T. ) ;
#1552 = EDGE_CURVE ( 'NONE', #427, #1167, #478, .T. ) ;
#1553 = CYLINDRICAL_SURFACE ( 'NONE', #571, 1.000000000000000888 ) ;
#1554 = AXIS2_PLACEMENT_3D ( 'NONE', #1670, #1117, #114 ) ;
#1555 = CARTESIAN_POINT ( 'NONE',  ( -7.085000000000000853, -40.00000000000000000, -0.7500000000000000000 ) ) ;
#1556 = DIRECTION ( 'NONE',  ( 1.000000000000000000, 0.000000000000000000, 0.000000000000000000 ) ) ;
#1557 = ORIENTED_EDGE ( 'NONE', *, *, #287, .F. ) ;
#1558 = ORIENTED_EDGE ( 'NONE', *, *, #1096, .F. ) ;
#1559 = LINE ( 'NONE', #906, #1187 ) ;
#1560 = CARTESIAN_POINT ( 'NONE',  ( -6.396792817664475175E-16, 29.50000000000000000, 21.25000000000000000 ) ) ;
#1561 = EDGE_CURVE ( 'NONE', #216, #155, #1192, .T. ) ;
#1562 = EDGE_CURVE ( 'NONE', #1037, #366, #126, .T. ) ;
#1563 = ORIENTED_EDGE ( 'NONE', *, *, #148, .F. ) ;
#1564 = CARTESIAN_POINT ( 'NONE',  ( -4.999999999999996447, 13.04999999999999893, 27.25000000000000355 ) ) ;
#1565 = CARTESIAN_POINT ( 'NONE',  ( 5.000000000000003553, -7.049999999999998934, 27.25000000000000355 ) ) ;
#1566 = VERTEX_POINT ( 'NONE', #602 ) ;
#1567 =( BOUNDED_CURVE ( )  B_SPLINE_CURVE ( 3, ( #362, #1118, #989, #704 ),
 .UNSPECIFIED., .F., .F. ) 
 B_SPLINE_CURVE_WITH_KNOTS ( ( 4, 4 ),
 ( 1.570796326794896558, 3.141592653589793116 ),
 .UNSPECIFIED. ) 
 CURVE ( )  GEOMETRIC_REPRESENTATION_ITEM ( )  RATIONAL_B_SPLINE_CURVE ( ( 1.000000000000000000, 0.8047378541243649375, 0.8047378541243649375, 1.000000000000000000 ) ) 
 REPRESENTATION_ITEM ( '' )  );
#1568 = CYLINDRICAL_SURFACE ( 'NONE', #1133, 1.999999999999994893 ) ;
#1569 = LINE ( 'NONE', #411, #1219 ) ;
#1570 = PRODUCT_DEFINITION ( 'UNKNOWN', '', #969, #1660 ) ;
#1571 = ORIENTED_EDGE ( 'NONE', *, *, #1083, .T. ) ;
#1572 = DIRECTION ( 'NONE',  ( 1.000000000000000000, 0.000000000000000000, 0.000000000000000000 ) ) ;
#1573 = FACE_OUTER_BOUND ( 'NONE', #367, .T. ) ;
#1574 = ORIENTED_EDGE ( 'NONE', *, *, #987, .T. ) ;
#1575 = DIRECTION ( 'NONE',  ( -1.000000000000000000, 0.000000000000000000, 0.000000000000000000 ) ) ;
#1576 = CARTESIAN_POINT ( 'NONE',  ( -6.396792817664475175E-16, -29.50000000000000000, 21.25000000000000000 ) ) ;
#1577 = FACE_BOUND ( 'NONE', #819, .T. ) ;
#1578 = ORIENTED_EDGE ( 'NONE', *, *, #803, .T. ) ;
#1579 = CC_DESIGN_APPROVAL ( #1444, ( #1570 ) ) ;
#1580 = CARTESIAN_POINT ( 'NONE',  ( -4.585786437626900636, 12.63578643762690312, 27.25000000000000355 ) ) ;
#1581 = AXIS2_PLACEMENT_3D ( 'NONE', #354, #854, #481 ) ;
#1582 = AXIS2_PLACEMENT_3D ( 'NONE', #1232, #848, #1368 ) ;
#1583 = ORIENTED_EDGE ( 'NONE', *, *, #266, .T. ) ;
#1584 = AXIS2_PLACEMENT_3D ( 'NONE', #172, #45, #935 ) ;
#1585 = DIRECTION ( 'NONE',  ( 0.000000000000000000, 1.000000000000000000, 0.000000000000000000 ) ) ;
#1586 = ORIENTED_EDGE ( 'NONE', *, *, #19, .F. ) ;
#1587 = AXIS2_PLACEMENT_3D ( 'NONE', #20, #395, #13 ) ;
#1588 = ADVANCED_FACE ( 'NONE', ( #1257 ), #485, .F. ) ;
#1589 = CARTESIAN_POINT ( 'NONE',  ( 0.000000000000000000, 0.000000000000000000, 27.25000000000000355 ) ) ;
#1590 = PLANE ( 'NONE',  #590 ) ;
#1591 = VERTEX_POINT ( 'NONE', #616 ) ;
#1592 = APPROVAL_DATE_TIME ( #1058, #1444 ) ;
#1593 = ORIENTED_EDGE ( 'NONE', *, *, #693, .T. ) ;
#1594 = FACE_OUTER_BOUND ( 'NONE', #1130, .T. ) ;
#1595 = ORIENTED_EDGE ( 'NONE', *, *, #1209, .F. ) ;
#1596 = CYLINDRICAL_SURFACE ( 'NONE', #1584, 1.000000000000000888 ) ;
#1597 = CARTESIAN_POINT ( 'NONE',  ( -19.99999999999999645, -40.00000000000000000, 0.000000000000000000 ) ) ;
#1598 = EDGE_LOOP ( 'NONE', ( #939, #189, #930, #330 ) ) ;
#1599 = EDGE_CURVE ( 'NONE', #1522, #1358, #815, .T. ) ;
#1600 = ORIENTED_EDGE ( 'NONE', *, *, #1675, .F. ) ;
#1601 = LINE ( 'NONE', #691, #358 ) ;
#1602 = CARTESIAN_POINT ( 'NONE',  ( 12.30000000000000604, -9.050000000000002487, 15.25000000000000178 ) ) ;
#1603 = EDGE_LOOP ( 'NONE', ( #1074, #1574 ) ) ;
#1604 = DIRECTION ( 'NONE',  ( 1.000000000000000000, 0.000000000000000000, 0.000000000000000000 ) ) ;
#1605 = EDGE_LOOP ( 'NONE', ( #451, #1491, #864, #1432 ) ) ;
#1606 = AXIS2_PLACEMENT_3D ( 'NONE', #1048, #31, #42 ) ;
#1607 = ADVANCED_FACE ( 'NONE', ( #607 ), #1372, .F. ) ;
#1608 = VECTOR ( 'NONE', #932, 1000.000000000000000 ) ;
#1609 = ORIENTED_EDGE ( 'NONE', *, *, #693, .F. ) ;
#1610 = VECTOR ( 'NONE', #572, 1000.000000000000000 ) ;
#1611 = CARTESIAN_POINT ( 'NONE',  ( 12.30000000000000604, -9.050000000000002487, 21.25000000000000000 ) ) ;
#1612 = LINE ( 'NONE', #201, #831 ) ;
#1613 = AXIS2_PLACEMENT_3D ( 'NONE', #889, #414, #169 ) ;
#1614 = AXIS2_PLACEMENT_3D ( 'NONE', #1576, #18, #1155 ) ;
#1615 = CARTESIAN_POINT ( 'NONE',  ( 12.30000000000000604, 9.050000000000002487, 21.25000000000000000 ) ) ;
#1616 = VERTEX_POINT ( 'NONE', #100 ) ;
#1617 = COORDINATED_UNIVERSAL_TIME_OFFSET ( 8, 0, .BEHIND. ) ;
#1618 = ADVANCED_FACE ( 'NONE', ( #988, #722 ), #1679, .T. ) ;
#1619 = ORIENTED_EDGE ( 'NONE', *, *, #413, .F. ) ;
#1620 = LINE ( 'NONE', #210, #89 ) ;
#1621 = DIRECTION ( 'NONE',  ( 1.000000000000000000, -0.000000000000000000, 0.000000000000000000 ) ) ;
#1622 = CARTESIAN_POINT ( 'NONE',  ( 4.585786437626908629, -7.464213562373091193, 27.25000000000000355 ) ) ;
#1623 = ORIENTED_EDGE ( 'NONE', *, *, #1036, .F. ) ;
#1624 = APPROVAL ( #151, 'UNSPECIFIED' ) ;
#1625 = ORIENTED_EDGE ( 'NONE', *, *, #477, .F. ) ;
#1626 = CARTESIAN_POINT ( 'NONE',  ( -3.999999999999996447, 0.000000000000000000, 26.25000000000000355 ) ) ;
#1627 = CARTESIAN_POINT ( 'NONE',  ( 14.30000000000000071, -9.050000000000002487, 21.25000000000000000 ) ) ;
#1628 = ADVANCED_FACE ( 'NONE', ( #1384 ), #1012, .F. ) ;
#1629 = FACE_OUTER_BOUND ( 'NONE', #1547, .T. ) ;
#1630 = CARTESIAN_POINT ( 'NONE',  ( -10.30000000000000426, 9.050000000000002487, 21.25000000000000000 ) ) ;
#1631 = ORIENTED_EDGE ( 'NONE', *, *, #681, .T. ) ;
#1632 = CIRCLE ( 'NONE', #967, 2.999999999999999112 ) ;
#1633 = CARTESIAN_POINT ( 'NONE',  ( 20.00000000000000355, -40.00000000000000000, 21.25000000000000000 ) ) ;
#1634 = CARTESIAN_POINT ( 'NONE',  ( -19.99999999999999645, -40.00000000000000000, 21.25000000000000000 ) ) ;
#1635 = CARTESIAN_POINT ( 'NONE',  ( -4.585786437626900636, -12.63578643762690312, 27.25000000000000355 ) ) ;
#1636 = AXIS2_PLACEMENT_3D ( 'NONE', #1500, #93, #841 ) ;
#1637 = VECTOR ( 'NONE', #1466, 1000.000000000000000 ) ;
#1638 = EDGE_CURVE ( 'NONE', #461, #525, #1244, .T. ) ;
#1639 = CIRCLE ( 'NONE', #1614, 2.500000000000000000 ) ;
#1640 = DIRECTION ( 'NONE',  ( 0.000000000000000000, 0.000000000000000000, 1.000000000000000000 ) ) ;
#1641 = ORIENTED_EDGE ( 'NONE', *, *, #1267, .T. ) ;
#1642 = ORIENTED_EDGE ( 'NONE', *, *, #1424, .T. ) ;
#1643 = CYLINDRICAL_SURFACE ( 'NONE', #340, 2.500000000000000000 ) ;
#1644 = CYLINDRICAL_SURFACE ( 'NONE', #387, 2.000000000000003553 ) ;
#1645 = DIRECTION ( 'NONE',  ( -0.000000000000000000, -0.000000000000000000, -1.000000000000000000 ) ) ;
#1646 = FACE_OUTER_BOUND ( 'NONE', #833, .T. ) ;
#1647 = ORIENTED_EDGE ( 'NONE', *, *, #1229, .F. ) ;
#1648 = FACE_OUTER_BOUND ( 'NONE', #912, .T. ) ;
#1649 = EDGE_LOOP ( 'NONE', ( #781, #61 ) ) ;
#1650 = EDGE_CURVE ( 'NONE', #757, #755, #1658, .T. ) ;
#1651 = CARTESIAN_POINT ( 'NONE',  ( 0.000000000000000000, -13.04999999999999893, 27.25000000000000355 ) ) ;
#1652 = DIRECTION ( 'NONE',  ( -0.000000000000000000, -0.000000000000000000, -1.000000000000000000 ) ) ;
#1653 = CARTESIAN_POINT ( 'NONE',  ( -12.29999999999999893, -9.050000000000002487, 15.25000000000000178 ) ) ;
#1654 = LINE ( 'NONE', #1376, #594 ) ;
#1655 = LINE ( 'NONE', #1509, #67 ) ;
#1656 = CARTESIAN_POINT ( 'NONE',  ( -19.99999999999999645, -40.00000000000000000, 21.25000000000000000 ) ) ;
#1657 = EDGE_CURVE ( 'NONE', #66, #299, #1234, .T. ) ;
#1658 = LINE ( 'NONE', #1251, #650 ) ;
#1659 = FACE_OUTER_BOUND ( 'NONE', #1603, .T. ) ;
#1660 = DESIGN_CONTEXT ( 'detailed design', #1010, 'design' ) ;
#1661 = CARTESIAN_POINT ( 'NONE',  ( -7.335000000000000853, -40.00000000000000000, 0.000000000000000000 ) ) ;
#1662 = VECTOR ( 'NONE', #961, 1000.000000000000000 ) ;
#1663 = DIRECTION ( 'NONE',  ( 0.000000000000000000, -0.000000000000000000, 1.000000000000000000 ) ) ;
#1664 = ORIENTED_EDGE ( 'NONE', *, *, #1124, .T. ) ;
#1665 = ORIENTED_EDGE ( 'NONE', *, *, #903, .T. ) ;
#1666 = AXIS2_PLACEMENT_3D ( 'NONE', #1634, #325, #473 ) ;
#1667 = FACE_OUTER_BOUND ( 'NONE', #246, .T. ) ;
#1668 = ADVANCED_FACE ( 'NONE', ( #1184 ), #1553, .T. ) ;
#1669 = CIRCLE ( 'NONE', #285, 2.500000000000000000 ) ;
#1670 = CARTESIAN_POINT ( 'NONE',  ( 12.30000000000000604, 9.050000000000002487, 15.25000000000000178 ) ) ;
#1671 = EDGE_CURVE ( 'NONE', #552, #1348, #1082, .T. ) ;
#1672 = CARTESIAN_POINT ( 'NONE',  ( -19.99999999999999645, 40.00000000000000000, 0.000000000000000000 ) ) ;
#1673 = CARTESIAN_POINT ( 'NONE',  ( -19.99999999999999645, 40.00000000000000000, 21.25000000000000000 ) ) ;
#1674 = PRODUCT ( 'EDM Sled Spacer V2', 'EDM Sled Spacer V2', '', ( #28 ) ) ;
#1675 = EDGE_CURVE ( 'NONE', #1315, #1339, #204, .T. ) ;
#1676 = DIRECTION ( 'NONE',  ( 1.000000000000000000, 0.000000000000000000, 0.000000000000000000 ) ) ;
#1677 = EDGE_LOOP ( 'NONE', ( #692, #1665, #1578, #620 ) ) ;
#1678 = CARTESIAN_POINT ( 'NONE',  ( -12.29999999999999893, -9.050000000000002487, 15.25000000000000178 ) ) ;
#1679 = PLANE ( 'NONE',  #317 ) ;
#1680 = DIRECTION ( 'NONE',  ( -0.000000000000000000, -0.000000000000000000, 1.000000000000000000 ) ) ;
#1681 = DIRECTION ( 'NONE',  ( 0.000000000000000000, -1.000000000000000000, 0.000000000000000000 ) ) ;
#1682 = CARTESIAN_POINT ( 'NONE',  ( 12.30000000000000604, 9.050000000000002487, 0.000000000000000000 ) ) ;
#1683 = ORIENTED_EDGE ( 'NONE', *, *, #1176, .F. ) ;
#1684 = DIRECTION ( 'NONE',  ( 0.000000000000000000, 0.000000000000000000, -1.000000000000000000 ) ) ;
#1685 = ORIENTED_EDGE ( 'NONE', *, *, #1657, .F. ) ;
#1686 = EDGE_CURVE ( 'NONE', #1092, #826, #1079, .T. ) ;
#1687 = FACE_OUTER_BOUND ( 'NONE', #1517, .T. ) ;
ENDSEC;
END-ISO-10303-21;
