ISO-10303-21;
HEADER;
FILE_DESCRIPTION (( 'STEP AP203' ),
    '1' );
FILE_NAME ('EDM V2-Spool Mount (LEFT and RIGHT).STEP',
    '2026-05-30T22:45:13',
    ( '' ),
    ( '' ),
    'SwSTEP 2.0',
    'SolidWorks 2024',
    '' );
FILE_SCHEMA (( 'CONFIG_CONTROL_DESIGN' ));
ENDSEC;

DATA;
#1 = ORIENTED_EDGE ( 'NONE', *, *, #3085, .T. ) ;
#2 = DIRECTION ( 'NONE',  ( 0.000000000000000000, -1.000000000000000000, 0.000000000000000000 ) ) ;
#3 = CARTESIAN_POINT ( 'NONE',  ( 67.09632921359812485, 99.65614507999580951, 0.000000000000000000 ) ) ;
#4 = ORIENTED_EDGE ( 'NONE', *, *, #1756, .T. ) ;
#5 = ORIENTED_EDGE ( 'NONE', *, *, #3476, .F. ) ;
#6 = CARTESIAN_POINT ( 'NONE',  ( 85.79382499999999823, 99.65776232622010866, 6.000000000000000000 ) ) ;
#7 = CARTESIAN_POINT ( 'NONE',  ( 36.64392073284714257, 116.1870682294748036, 1.219793631507882115 ) ) ;
#8 = CARTESIAN_POINT ( 'NONE',  ( 0.000000000000000000, 0.000000000000000000, 6.000000000000000000 ) ) ;
#9 = ORIENTED_EDGE ( 'NONE', *, *, #379, .T. ) ;
#10 = LINE ( 'NONE', #2642, #2486 ) ;
#11 = CARTESIAN_POINT ( 'NONE',  ( 38.92327363331929746, 114.5690425134937982, 9.806127757749953489 ) ) ;
#12 = ORIENTED_EDGE ( 'NONE', *, *, #1533, .T. ) ;
#13 = DIRECTION ( 'NONE',  ( 1.000000000000000000, 0.000000000000000000, 0.000000000000000000 ) ) ;
#14 = CARTESIAN_POINT ( 'NONE',  ( 95.79382499999998402, 99.77582554776455481, 6.074669644233956944 ) ) ;
#15 = CARTESIAN_POINT ( 'NONE',  ( 40.04290288631660388, 113.2987783330167275, -110.0000000000000000 ) ) ;
#16 = VECTOR ( 'NONE', #2499, 1000.000000000000000 ) ;
#17 = ADVANCED_FACE ( 'NONE', ( #1383 ), #2280, .T. ) ;
#18 = LINE ( 'NONE', #927, #2938 ) ;
#19 = AXIS2_PLACEMENT_3D ( 'NONE', #2696, #86, #881 ) ;
#20 = ORIENTED_EDGE ( 'NONE', *, *, #630, .T. ) ;
#21 = DIRECTION ( 'NONE',  ( -0.000000000000000000, -0.000000000000000000, -1.000000000000000000 ) ) ;
#22 = AXIS2_PLACEMENT_3D ( 'NONE', #611, #2343, #2960 ) ;
#23 = ORIENTED_EDGE ( 'NONE', *, *, #1322, .T. ) ;
#24 = AXIS2_PLACEMENT_3D ( 'NONE', #1008, #1870, #123 ) ;
#25 = EDGE_LOOP ( 'NONE', ( #3164, #2823, #3733, #1673 ) ) ;
#26 = VERTEX_POINT ( 'NONE', #3542 ) ;
#27 = DIRECTION ( 'NONE',  ( 0.000000000000000000, -1.000000000000000000, 0.000000000000000000 ) ) ;
#28 = CARTESIAN_POINT ( 'NONE',  ( -33.50682655186826508, 113.3003955792409556, -4.000000000000000000 ) ) ;
#29 = DIRECTION ( 'NONE',  ( -1.000000000000000000, 0.000000000000000000, 0.000000000000000000 ) ) ;
#30 = CARTESIAN_POINT ( 'NONE',  ( 75.91584726599930377, 96.35607822595000016, -107.8108723003039700 ) ) ;
#31 = ORIENTED_EDGE ( 'NONE', *, *, #2268, .T. ) ;
#32 = CARTESIAN_POINT ( 'NONE',  ( -37.50682655186823666, -34.16262303695348379, -99.30146404689428152 ) ) ;
#33 = CARTESIAN_POINT ( 'NONE',  ( 72.83727928312700328, 44.26780991670925403, -107.8678724874030195 ) ) ;
#34 = CARTESIAN_POINT ( 'NONE',  ( 96.34049166666667929, 39.90193437630174600, -106.0000000000000000 ) ) ;
#35 = ADVANCED_FACE ( 'NONE', ( #3813, #2342, #3484, #883, #2902 ), #2944, .F. ) ;
#36 = CARTESIAN_POINT ( 'NONE',  ( 148.5191583333332801, 4.687161086792484888, -110.0000000000000000 ) ) ;
#37 = ORIENTED_EDGE ( 'NONE', *, *, #2736, .T. ) ;
#38 = CARTESIAN_POINT ( 'NONE',  ( 99.09658280164120470, 113.0547823225901283, -100.0109570108890580 ) ) ;
#39 = AXIS2_PLACEMENT_3D ( 'NONE', #1667, #2856, #3799 ) ;
#40 = ADVANCED_FACE ( 'NONE', ( #2066 ), #1797, .T. ) ;
#41 = ADVANCED_FACE ( 'NONE', ( #302 ), #1403, .F. ) ;
#42 = ORIENTED_EDGE ( 'NONE', *, *, #679, .F. ) ;
#43 = EDGE_CURVE ( 'NONE', #2621, #937, #2624, .T. ) ;
#44 = EDGE_LOOP ( 'NONE', ( #759, #857 ) ) ;
#45 = CARTESIAN_POINT ( 'NONE',  ( 65.29565270734228477, 96.78576348562566523, -110.0000000000000000 ) ) ;
#46 = CARTESIAN_POINT ( 'NONE',  ( 67.09632921359812485, 97.65614507999578109, -100.0000000000000000 ) ) ;
#47 = CARTESIAN_POINT ( 'NONE',  ( 92.34056481292405749, 39.90247906997505112, 6.027858090997637142 ) ) ;
#48 = CARTESIAN_POINT ( 'NONE',  ( 72.78946804527843994, 43.41296535640144327, 7.192193450648954212 ) ) ;
#49 = DIRECTION ( 'NONE',  ( 0.000000000000000000, 0.000000000000000000, -1.000000000000000000 ) ) ;
#50 = CARTESIAN_POINT ( 'NONE',  ( 32.40229783838963584, 117.3003955792409130, 6.227442493733063245 ) ) ;
#51 = ORIENTED_EDGE ( 'NONE', *, *, #3181, .T. ) ;
#52 = DIRECTION ( 'NONE',  ( 1.000000000000000000, 0.000000000000000000, 0.000000000000000000 ) ) ;
#53 = CARTESIAN_POINT ( 'NONE',  ( 72.72567530648224476, 42.65062613056043972, -106.0000000000000142 ) ) ;
#54 = CARTESIAN_POINT ( 'NONE',  ( 72.34049166666667929, 39.90355162252597410, 10.00000000000000000 ) ) ;
#55 = PLANE ( 'NONE',  #2006 ) ;
#56 = ORIENTED_EDGE ( 'NONE', *, *, #1147, .F. ) ;
#57 = DIRECTION ( 'NONE',  ( -0.000000000000000000, -0.000000000000000000, -1.000000000000000000 ) ) ;
#58 = DIRECTION ( 'NONE',  ( 1.000000000000000000, 0.000000000000000000, 0.000000000000000000 ) ) ;
#59 = VERTEX_POINT ( 'NONE', #3755 ) ;
#60 = B_SPLINE_CURVE_WITH_KNOTS ( 'NONE', 3,
 ( #422, #2445, #967, #2148, #3047, #1569, #1274, #1585, #1289, #2484, #3668, #2191, #1902, #2264, #1666, #2855, #808, #1092 ),
 .UNSPECIFIED., .F., .F.,
 ( 4, 2, 2, 2, 2, 2, 2, 2, 4 ),
 ( 0.000000000000000000, 0.0003520878687650281298, 0.0007041757375300562597, 0.001408351475060123795, 0.002816702950120241952, 0.005633405900240473496, 0.008450108850360705040, 0.009858460325420813006, 0.01126681180048092271 ),
 .UNSPECIFIED. ) ;
#61 = CARTESIAN_POINT ( 'NONE',  ( -47.50682655186825798, 117.2987783330167275, -110.0000000000000000 ) ) ;
#62 = ADVANCED_FACE ( 'NONE', ( #2324 ), #3501, .T. ) ;
#63 = VECTOR ( 'NONE', #2638, 1000.000000000000000 ) ;
#64 = EDGE_CURVE ( 'NONE', #3710, #1328, #3158, .T. ) ;
#65 = B_SPLINE_SURFACE_WITH_KNOTS ( 'NONE', 3, 1, ( 
 ( #2292, #3165 ),
 ( #2771, #2180 ),
 ( #708, #1911 ),
 ( #2813, #1891 ) ),
 .UNSPECIFIED., .F., .F., .F.,
 ( 4, 4 ),
 ( 2, 2 ),
 ( 0.000000000000000000, 0.7526077350521406251 ),
 ( 0.000000000000000000, 1.000000000000000000 ),
 .UNSPECIFIED. ) ;
#66 = ORIENTED_EDGE ( 'NONE', *, *, #3300, .F. ) ;
#67 = DIRECTION ( 'NONE',  ( 0.000000000000000000, 0.000000000000000000, 1.000000000000000000 ) ) ;
#68 = CARTESIAN_POINT ( 'NONE',  ( 67.09632921359812485, 97.65614507999578109, 10.00000000000000000 ) ) ;
#69 = CYLINDRICAL_SURFACE ( 'NONE', #3532, 4.000000000000003553 ) ;
#70 = ORIENTED_EDGE ( 'NONE', *, *, #3299, .F. ) ;
#71 = DIRECTION ( 'NONE',  ( 0.000000000000000000, 0.000000000000000000, -1.000000000000000000 ) ) ;
#72 = CARTESIAN_POINT ( 'NONE',  ( 148.5191583333329959, -35.31122166698327902, 10.00000000000000000 ) ) ;
#73 = AXIS2_PLACEMENT_3D ( 'NONE', #3268, #1189, #2358 ) ;
#74 = ORIENTED_EDGE ( 'NONE', *, *, #1043, .T. ) ;
#75 = DIRECTION ( 'NONE',  ( 1.000000000000000000, 0.000000000000000000, 0.000000000000000000 ) ) ;
#76 = FACE_OUTER_BOUND ( 'NONE', #2653, .T. ) ;
#77 = EDGE_CURVE ( 'NONE', #229, #3726, #267, .T. ) ;
#78 = ORIENTED_EDGE ( 'NONE', *, *, #586, .T. ) ;
#79 = AXIS2_PLACEMENT_3D ( 'NONE', #1084, #3655, #1100 ) ;
#80 = AXIS2_PLACEMENT_3D ( 'NONE', #2578, #1676, #1986 ) ;
#81 = ADVANCED_FACE ( 'NONE', ( #2679 ), #557, .T. ) ;
#82 = AXIS2_PLACEMENT_3D ( 'NONE', #1372, #3524, #2629 ) ;
#83 = AXIS2_PLACEMENT_3D ( 'NONE', #99, #953, #1258 ) ;
#84 = VERTEX_POINT ( 'NONE', #949 ) ;
#85 = EDGE_LOOP ( 'NONE', ( #3215, #66, #2827, #476 ) ) ;
#86 = DIRECTION ( 'NONE',  ( 0.000000000000000000, 0.000000000000000000, -1.000000000000000000 ) ) ;
#87 = DIRECTION ( 'NONE',  ( 1.000000000000000000, 0.000000000000000000, 0.000000000000000000 ) ) ;
#88 = DIRECTION ( 'NONE',  ( 0.000000000000000000, -1.000000000000000000, 0.000000000000000000 ) ) ;
#89 = DIRECTION ( 'NONE',  ( 1.000000000000000000, 0.000000000000000000, 0.000000000000000000 ) ) ;
#90 = CARTESIAN_POINT ( 'NONE',  ( -37.50682655186824377, -34.71771203988195253, 0.2633074323098865688 ) ) ;
#91 = VECTOR ( 'NONE', #846, 1000.000000000000000 ) ;
#92 = EDGE_CURVE ( 'NONE', #1535, #868, #3002, .T. ) ;
#93 = ORIENTED_EDGE ( 'NONE', *, *, #464, .T. ) ;
#94 = DIRECTION ( 'NONE',  ( -1.000000000000000000, -1.364044408080838895E-16, -0.000000000000000000 ) ) ;
#95 = CARTESIAN_POINT ( 'NONE',  ( 95.79382499999998402, 103.5501252981500500, 8.328803379580852706 ) ) ;
#96 = CARTESIAN_POINT ( 'NONE',  ( 72.34049166666667929, 39.90355162252597410, 0.000000000000000000 ) ) ;
#97 = CARTESIAN_POINT ( 'NONE',  ( -37.50682655186825798, 116.7052630213981814, -100.2632945540086098 ) ) ;
#98 = EDGE_CURVE ( 'NONE', #445, #1788, #801, .T. ) ;
#99 = CARTESIAN_POINT ( 'NONE',  ( 148.5191583333330243, -31.31283891320750357, -104.0000000000000000 ) ) ;
#100 = CARTESIAN_POINT ( 'NONE',  ( 72.72567530648224476, 42.65062613056043261, -100.0000000000000000 ) ) ;
#101 = ORIENTED_EDGE ( 'NONE', *, *, #1658, .T. ) ;
#102 = CARTESIAN_POINT ( 'NONE',  ( -37.50682655186826508, 113.2987783330167275, -104.0000000000000000 ) ) ;
#103 = AXIS2_PLACEMENT_3D ( 'NONE', #2652, #1473, #913 ) ;
#104 = ADVANCED_FACE ( 'NONE', ( #3035, #394, #2732 ), #651, .T. ) ;
#105 = ORIENTED_EDGE ( 'NONE', *, *, #1513, .T. ) ;
#106 = ORIENTED_EDGE ( 'NONE', *, *, #873, .F. ) ;
#107 = DIRECTION ( 'NONE',  ( 1.000000000000000000, 0.000000000000000000, 0.000000000000000000 ) ) ;
#108 = DIRECTION ( 'NONE',  ( -0.000000000000000000, -0.000000000000000000, -1.000000000000000000 ) ) ;
#109 = LINE ( 'NONE', #978, #1779 ) ;
#110 = CARTESIAN_POINT ( 'NONE',  ( -47.50682655186825798, 113.2987783330167417, 6.000000000000000000 ) ) ;
#111 = CARTESIAN_POINT ( 'NONE',  ( -37.50682655186822956, -35.06316332905892352, 1.236144956628962843 ) ) ;
#112 = EDGE_LOOP ( 'NONE', ( #786, #2605, #1511, #56 ) ) ;
#113 = CARTESIAN_POINT ( 'NONE',  ( 0.000000000000000000, 0.000000000000000000, 10.00000000000000000 ) ) ;
#114 = CARTESIAN_POINT ( 'NONE',  ( 0.000000000000000000, 0.000000000000000000, 0.000000000000000000 ) ) ;
#115 = DIRECTION ( 'NONE',  ( -0.000000000000000000, -0.000000000000000000, -1.000000000000000000 ) ) ;
#116 = CARTESIAN_POINT ( 'NONE',  ( 8.099999999999999645, 0.000000000000000000, 6.000000000000000000 ) ) ;
#117 = ADVANCED_FACE ( 'NONE', ( #1793 ), #2140, .F. ) ;
#118 = ADVANCED_FACE ( 'NONE', ( #1519 ), #2381, .F. ) ;
#119 = CARTESIAN_POINT ( 'NONE',  ( 68.47331692431126271, 89.65614507999580951, -110.0000000000000000 ) ) ;
#120 = AXIS2_PLACEMENT_3D ( 'NONE', #2144, #711, #1004 ) ;
#121 = APPROVAL ( #2525, 'UNSPECIFIED' ) ;
#122 = VERTEX_POINT ( 'NONE', #3539 ) ;
#123 = DIRECTION ( 'NONE',  ( 1.000000000000000000, 0.000000000000000000, 0.000000000000000000 ) ) ;
#124 = CIRCLE ( 'NONE', #1838, 9.999999999999994671 ) ;
#125 = ORIENTED_EDGE ( 'NONE', *, *, #780, .T. ) ;
#126 = ORIENTED_EDGE ( 'NONE', *, *, #1335, .F. ) ;
#127 = CARTESIAN_POINT ( 'NONE',  ( -37.50682655186823666, 82.39627833301670989, -64.44999999999991758 ) ) ;
#128 = CARTESIAN_POINT ( 'NONE',  ( 65.09632921359812485, 97.65614507999578109, 0.000000000000000000 ) ) ;
#129 = AXIS2_PLACEMENT_3D ( 'NONE', #2182, #434, #671 ) ;
#130 = LINE ( 'NONE', #744, #3445 ) ;
#131 = CARTESIAN_POINT ( 'NONE',  ( 88.51915833333323747, 17.29877833301672752, -104.0000000000000000 ) ) ;
#132 = DIRECTION ( 'NONE',  ( 1.000000000000000000, 0.000000000000000000, 0.000000000000000000 ) ) ;
#133 = ADVANCED_FACE ( 'NONE', ( #3248 ), #2982, .F. ) ;
#134 = EDGE_LOOP ( 'NONE', ( #659, #3207 ) ) ;
#135 = CARTESIAN_POINT ( 'NONE',  ( 133.0000000000000000, 2.081899558550500280E-15, 4.000000000000000000 ) ) ;
#136 = FACE_OUTER_BOUND ( 'NONE', #1193, .T. ) ;
#137 = EDGE_LOOP ( 'NONE', ( #3340, #387 ) ) ;
#138 = EDGE_CURVE ( 'NONE', #606, #2829, #3326, .T. ) ;
#139 = LINE ( 'NONE', #3012, #1737 ) ;
#140 = ORIENTED_EDGE ( 'NONE', *, *, #2494, .F. ) ;
#141 = CARTESIAN_POINT ( 'NONE',  ( -37.50682655186823666, -35.31122166698328613, -110.0000000000000000 ) ) ;
#142 = DIRECTION ( 'NONE',  ( -1.000000000000000000, -0.000000000000000000, 0.000000000000000000 ) ) ;
#143 = VECTOR ( 'NONE', #3231, 1000.000000000000000 ) ;
#144 = ORIENTED_EDGE ( 'NONE', *, *, #1437, .F. ) ;
#145 = EDGE_LOOP ( 'NONE', ( #3465, #296, #3492, #2021 ) ) ;
#146 = CARTESIAN_POINT ( 'NONE',  ( -37.50682655186824377, -5.116097702293381223E-15, 0.000000000000000000 ) ) ;
#147 = CARTESIAN_POINT ( 'NONE',  ( 148.5191583333332801, 4.687161086792484888, -104.0000000000000000 ) ) ;
#148 = CARTESIAN_POINT ( 'NONE',  ( 184.5191583333332801, 17.30039557924024862, 4.000000000000000000 ) ) ;
#149 = DIRECTION ( 'NONE',  ( 0.000000000000000000, 0.000000000000000000, 1.000000000000000000 ) ) ;
#150 = AXIS2_PLACEMENT_3D ( 'NONE', #3645, #1011, #1512 ) ;
#151 = CIRCLE ( 'NONE', #1238, 2.000000000000001776 ) ;
#152 = VECTOR ( 'NONE', #731, 1000.000000000000000 ) ;
#153 = ORIENTED_EDGE ( 'NONE', *, *, #569, .T. ) ;
#154 = DIRECTION ( 'NONE',  ( 0.000000000000000000, 0.000000000000000000, -1.000000000000000000 ) ) ;
#155 = VECTOR ( 'NONE', #1468, 1000.000000000000000 ) ;
#156 = CALENDAR_DATE ( 2026, 30, 5 ) ;
#157 = AXIS2_PLACEMENT_3D ( 'NONE', #1421, #3108, #462 ) ;
#158 = CIRCLE ( 'NONE', #3284, 4.000000000000000000 ) ;
#159 = ORIENTED_EDGE ( 'NONE', *, *, #2636, .T. ) ;
#160 = DIRECTION ( 'NONE',  ( 0.000000000000000000, 0.000000000000000000, 1.000000000000000000 ) ) ;
#161 = ORIENTED_EDGE ( 'NONE', *, *, #2634, .T. ) ;
#162 = CARTESIAN_POINT ( 'NONE',  ( 149.9999999999999716, -0.001617246224230872720, -104.0000000000000000 ) ) ;
#163 = ADVANCED_FACE ( 'NONE', ( #1777 ), #3280, .T. ) ;
#164 = EDGE_LOOP ( 'NONE', ( #2731, #1917, #1515 ) ) ;
#165 = VERTEX_POINT ( 'NONE', #2398 ) ;
#166 = CARTESIAN_POINT ( 'NONE',  ( -37.50682655186824377, -5.116097702293381223E-15, 0.000000000000000000 ) ) ;
#167 = DIRECTION ( 'NONE',  ( 0.000000000000000000, 0.000000000000000000, 1.000000000000000000 ) ) ;
#168 = CARTESIAN_POINT ( 'NONE',  ( 95.88040630876253090, 106.9686625606863970, 9.696015886993338384 ) ) ;
#169 = ORIENTED_EDGE ( 'NONE', *, *, #644, .T. ) ;
#170 = CARTESIAN_POINT ( 'NONE',  ( 188.5191583333333085, 6.091278333016748370, -39.54999999999991900 ) ) ;
#171 = CARTESIAN_POINT ( 'NONE',  ( 95.79382499999998402, 106.1610655680118214, -109.4339077711729686 ) ) ;
#172 = DIRECTION ( 'NONE',  ( 0.000000000000000000, -0.000000000000000000, -1.000000000000000000 ) ) ;
#173 = VERTEX_POINT ( 'NONE', #958 ) ;
#174 = ADVANCED_FACE ( 'NONE', ( #944 ), #2957, .F. ) ;
#175 = ORIENTED_EDGE ( 'NONE', *, *, #2594, .T. ) ;
#176 = VECTOR ( 'NONE', #3040, 1000.000000000000000 ) ;
#177 = EDGE_LOOP ( 'NONE', ( #522, #3488, #720, #3323 ) ) ;
#178 = VERTEX_POINT ( 'NONE', #1560 ) ;
#179 = EDGE_CURVE ( 'NONE', #1755, #1185, #2166, .T. ) ;
#180 = CYLINDRICAL_SURFACE ( 'NONE', #237, 4.000000000000000000 ) ;
#181 = ADVANCED_FACE ( 'NONE', ( #3559 ), #3779, .T. ) ;
#182 = CARTESIAN_POINT ( 'NONE',  ( -37.50682655186825798, 117.2987783330167275, 2.796557670533841744 ) ) ;
#183 = ORIENTED_EDGE ( 'NONE', *, *, #1687, .F. ) ;
#184 = DIRECTION ( 'NONE',  ( -0.000000000000000000, 1.239088197126290817E-16, 1.000000000000000000 ) ) ;
#185 = COORDINATED_UNIVERSAL_TIME_OFFSET ( 8, 0, .BEHIND. ) ;
#186 = CARTESIAN_POINT ( 'NONE',  ( 100.4895050430569654, 114.1148714296341637, 9.698016073747940169 ) ) ;
#187 = CARTESIAN_POINT ( 'NONE',  ( 34.54550175532427403, 116.9873792070919905, -107.5645991876150021 ) ) ;
#188 = CARTESIAN_POINT ( 'NONE',  ( 95.33783595005027678, 62.22605158997885155, 0.000000000000000000 ) ) ;
#189 = CARTESIAN_POINT ( 'NONE',  ( -37.50682655186825798, 117.3003955792409556, 10.00000000000000000 ) ) ;
#190 = CARTESIAN_POINT ( 'NONE',  ( -33.50682655186824377, -35.31122166698327902, -4.000000000000000000 ) ) ;
#191 = AXIS2_PLACEMENT_3D ( 'NONE', #360, #2411, #2026 ) ;
#192 = VECTOR ( 'NONE', #2885, 1000.000000000000000 ) ;
#193 = ORIENTED_EDGE ( 'NONE', *, *, #1098, .F. ) ;
#194 = CARTESIAN_POINT ( 'NONE',  ( 35.95653005702926919, 116.5089843078215210, -108.3993757605551593 ) ) ;
#195 = EDGE_LOOP ( 'NONE', ( #2429, #2081, #1015, #2138, #1592 ) ) ;
#196 = ORIENTED_EDGE ( 'NONE', *, *, #3170, .F. ) ;
#197 = AXIS2_PLACEMENT_3D ( 'NONE', #3327, #1875, #87 ) ;
#198 = CARTESIAN_POINT ( 'NONE',  ( -37.50682655186826508, 113.2987783330167275, -110.0000000000000000 ) ) ;
#199 = DIRECTION ( 'NONE',  ( -0.000000000000000000, -0.000000000000000000, -1.000000000000000000 ) ) ;
#200 = CARTESIAN_POINT ( 'NONE',  ( 188.5191583333333085, 2.841278333016740376, -64.44999999999991758 ) ) ;
#201 = VERTEX_POINT ( 'NONE', #2124 ) ;
#202 = PLANE ( 'NONE',  #1984 ) ;
#203 = FACE_OUTER_BOUND ( 'NONE', #503, .T. ) ;
#204 = DIRECTION ( 'NONE',  ( 1.000000000000000000, 0.000000000000000000, 0.000000000000000000 ) ) ;
#205 = PLANE ( 'NONE',  #2654 ) ;
#206 = CARTESIAN_POINT ( 'NONE',  ( 92.62909191530832231, 44.93851850746476373, 9.088990161102294962 ) ) ;
#207 = AXIS2_PLACEMENT_3D ( 'NONE', #2401, #1819, #49 ) ;
#208 = DIRECTION ( 'NONE',  ( -0.000000000000000000, -0.000000000000000000, -1.000000000000000000 ) ) ;
#209 = ADVANCED_FACE ( 'NONE', ( #899 ), #609, .T. ) ;
#210 = TOROIDAL_SURFACE ( 'NONE', #687, 35.99999999999999289, 4.000000000000000000 ) ;
#211 = EDGE_LOOP ( 'NONE', ( #1736, #101, #3360, #2285 ) ) ;
#212 = AXIS2_PLACEMENT_3D ( 'NONE', #1604, #3685, #3386 ) ;
#213 = CARTESIAN_POINT ( 'NONE',  ( 85.79382499999999823, 99.65776232622010866, 6.000000000000000000 ) ) ;
#214 = VECTOR ( 'NONE', #3669, 1000.000000000000000 ) ;
#215 = CIRCLE ( 'NONE', #1116, 100.0000000000000142 ) ;
#216 = CARTESIAN_POINT ( 'NONE',  ( 65.29565270734227056, 96.78576348562569365, 10.00000000000000000 ) ) ;
#217 = EDGE_CURVE ( 'NONE', #868, #2474, #3464, .T. ) ;
#218 = ORIENTED_EDGE ( 'NONE', *, *, #3339, .F. ) ;
#219 = CARTESIAN_POINT ( 'NONE',  ( 107.5280988504817969, 115.4756379581934596, -103.8868154230369498 ) ) ;
#220 = VERTEX_POINT ( 'NONE', #447 ) ;
#221 = CARTESIAN_POINT ( 'NONE',  ( 148.5191583333330243, -31.31283891320750357, -110.0000000000000000 ) ) ;
#222 = LINE ( 'NONE', #3399, #1803 ) ;
#223 = ORIENTED_EDGE ( 'NONE', *, *, #3724, .T. ) ;
#224 = CARTESIAN_POINT ( 'NONE',  ( 73.91243510001571337, 98.05441795001532057, 9.468528210745185802 ) ) ;
#225 = CARTESIAN_POINT ( 'NONE',  ( 39.78376257133908211, 113.6442987529867565, -100.0000000000000142 ) ) ;
#226 = CARTESIAN_POINT ( 'NONE',  ( 92.52464328412663974, 41.57310701794552443, 7.569331932414520736 ) ) ;
#227 = DIRECTION ( 'NONE',  ( -1.000000000000000000, -1.364044408080838895E-16, 0.000000000000000000 ) ) ;
#228 = DIRECTION ( 'NONE',  ( -0.000000000000000000, -0.000000000000000000, -1.000000000000000000 ) ) ;
#229 = VERTEX_POINT ( 'NONE', #127 ) ;
#230 = DIRECTION ( 'NONE',  ( 0.000000000000000000, 0.000000000000000000, 1.000000000000000000 ) ) ;
#231 = FACE_OUTER_BOUND ( 'NONE', #3689, .T. ) ;
#232 = LINE ( 'NONE', #3142, #451 ) ;
#233 = EDGE_CURVE ( 'NONE', #1010, #1925, #1233, .T. ) ;
#234 = EDGE_CURVE ( 'NONE', #1458, #3688, #620, .T. ) ;
#235 = EDGE_LOOP ( 'NONE', ( #3418, #547, #2710, #261, #486, #2989, #3336, #3031, #2476, #3654, #2632, #2615, #1965, #517, #311, #2419, #571, #74, #1449, #3801, #2274, #1499, #2676 ) ) ;
#236 = FACE_OUTER_BOUND ( 'NONE', #3295, .T. ) ;
#237 = AXIS2_PLACEMENT_3D ( 'NONE', #799, #1338, #239 ) ;
#238 = ORIENTED_EDGE ( 'NONE', *, *, #1226, .F. ) ;
#239 = DIRECTION ( 'NONE',  ( 1.000000000000000000, 0.000000000000000000, 0.000000000000000000 ) ) ;
#240 = CARTESIAN_POINT ( 'NONE',  ( -37.50682655186826508, 117.2904767690847621, 2.457918220842524981 ) ) ;
#241 = VERTEX_POINT ( 'NONE', #2875 ) ;
#242 = CARTESIAN_POINT ( 'NONE',  ( -37.50682655186824377, -5.116097702293381223E-15, 0.000000000000000000 ) ) ;
#243 = CARTESIAN_POINT ( 'NONE',  ( 36.64581925637544657, 116.1846984404096048, -101.2188539828136555 ) ) ;
#244 = CARTESIAN_POINT ( 'NONE',  ( 184.5191583333332801, 17.30039557924024862, 0.000000000000000000 ) ) ;
#245 = EDGE_CURVE ( 'NONE', #1869, #2432, #990, .T. ) ;
#246 = CARTESIAN_POINT ( 'NONE',  ( 92.35244711881988167, 39.99178257855515284, 6.317228617873520413 ) ) ;
#247 = DIRECTION ( 'NONE',  ( -1.000000000000000000, -0.000000000000000000, 0.000000000000000000 ) ) ;
#248 = CARTESIAN_POINT ( 'NONE',  ( 188.5191583333332801, 75.89627833301673832, -64.44999999999991758 ) ) ;
#249 = AXIS2_PLACEMENT_3D ( 'NONE', #2238, #2863, #1675 ) ;
#250 = VERTEX_POINT ( 'NONE', #534 ) ;
#251 = FACE_OUTER_BOUND ( 'NONE', #393, .T. ) ;
#252 = DIRECTION ( 'NONE',  ( 1.000000000000000000, 0.000000000000000000, -0.000000000000000000 ) ) ;
#253 = VECTOR ( 'NONE', #2493, 1000.000000000000000 ) ;
#254 = EDGE_CURVE ( 'NONE', #2788, #1024, #3404, .T. ) ;
#255 = EDGE_LOOP ( 'NONE', ( #1898, #1102, #467, #9 ) ) ;
#256 = CARTESIAN_POINT ( 'NONE',  ( 85.79382499999998402, 99.65614507999586635, -100.0000000000000000 ) ) ;
#257 = ORIENTED_EDGE ( 'NONE', *, *, #2272, .T. ) ;
#258 = AXIS2_PLACEMENT_3D ( 'NONE', #3335, #2707, #3067 ) ;
#259 = EDGE_CURVE ( 'NONE', #1925, #3527, #1734, .T. ) ;
#260 = AXIS2_PLACEMENT_3D ( 'NONE', #2678, #2958, #2399 ) ;
#261 = ORIENTED_EDGE ( 'NONE', *, *, #3224, .T. ) ;
#262 = CARTESIAN_POINT ( 'NONE',  ( 76.79379506726583315, 95.20609785135789593, 6.575968991898389682 ) ) ;
#263 = DIRECTION ( 'NONE',  ( -1.000000000000000000, 0.000000000000000000, 0.000000000000000000 ) ) ;
#264 = DIRECTION ( 'NONE',  ( -1.000000000000000000, -1.364044408080838895E-16, 0.000000000000000000 ) ) ;
#265 = LINE ( 'NONE', #3520, #696 ) ;
#266 = CARTESIAN_POINT ( 'NONE',  ( 38.61207638652240348, 114.8507910194305026, 9.698306340718849228 ) ) ;
#267 = CIRCLE ( 'NONE', #1547, 3.250000000000002665 ) ;
#268 = ORIENTED_EDGE ( 'NONE', *, *, #2134, .T. ) ;
#269 = DIRECTION ( 'NONE',  ( 1.364044408080838895E-16, -1.000000000000000000, -0.000000000000000000 ) ) ;
#270 = FACE_OUTER_BOUND ( 'NONE', #3662, .T. ) ;
#271 = CIRCLE ( 'NONE', #150, 3.250000000000002665 ) ;
#272 = AXIS2_PLACEMENT_3D ( 'NONE', #303, #321, #634 ) ;
#273 = AXIS2_PLACEMENT_3D ( 'NONE', #2630, #835, #2933 ) ;
#274 = ADVANCED_FACE ( 'NONE', ( #3342 ), #3362, .T. ) ;
#275 = ORIENTED_EDGE ( 'NONE', *, *, #2167, .T. ) ;
#276 = DIRECTION ( 'NONE',  ( 1.000000000000000000, 0.000000000000000000, 0.000000000000000000 ) ) ;
#277 = VECTOR ( 'NONE', #2089, 1000.000000000000000 ) ;
#278 = CARTESIAN_POINT ( 'NONE',  ( 188.5191583333332801, 4.688778333016715649, 10.00000000000000000 ) ) ;
#279 = ORIENTED_EDGE ( 'NONE', *, *, #3817, .T. ) ;
#280 = CARTESIAN_POINT ( 'NONE',  ( 166.9999999999999432, -0.001617246224228790835, -110.0000000000000000 ) ) ;
#281 = EDGE_LOOP ( 'NONE', ( #51, #2380 ) ) ;
#282 = CARTESIAN_POINT ( 'NONE',  ( 92.34049153573462831, 39.90193340112434583, 6.000000000000000000 ) ) ;
#283 = DIRECTION ( 'NONE',  ( -1.000000000000000000, 0.000000000000000000, 0.000000000000000000 ) ) ;
#284 = CARTESIAN_POINT ( 'NONE',  ( 45.32379168923697677, 84.23081905451424234, 10.00000000000000178 ) ) ;
#285 = DIRECTION ( 'NONE',  ( 0.000000000000000000, 0.000000000000000000, 1.000000000000000000 ) ) ;
#286 = CARTESIAN_POINT ( 'NONE',  ( 32.76621092896139231, 117.2807820979237476, 6.457605452306334648 ) ) ;
#287 = ORIENTED_EDGE ( 'NONE', *, *, #679, .T. ) ;
#288 = CARTESIAN_POINT ( 'NONE',  ( 150.0000000000000000, 0.000000000000000000, 0.000000000000000000 ) ) ;
#289 = CARTESIAN_POINT ( 'NONE',  ( 72.72567530648225897, 42.65062613056041840, -110.0000000000000000 ) ) ;
#290 = CIRCLE ( 'NONE', #3490, 3.250000000000002665 ) ;
#291 = DIRECTION ( 'NONE',  ( -1.000000000000000000, -1.364044408080838895E-16, -0.000000000000000000 ) ) ;
#292 = CARTESIAN_POINT ( 'NONE',  ( -37.50682655186823666, -35.31122166698327902, 10.00000000000000000 ) ) ;
#293 = ORIENTED_EDGE ( 'NONE', *, *, #3299, .T. ) ;
#294 = CARTESIAN_POINT ( 'NONE',  ( 105.8155529678368794, 115.6326640390809644, -107.1344471599908843 ) ) ;
#295 = EDGE_CURVE ( 'NONE', #2451, #2045, #1924, .T. ) ;
#296 = ORIENTED_EDGE ( 'NONE', *, *, #3320, .F. ) ;
#297 = CARTESIAN_POINT ( 'NONE',  ( 188.5191583333332801, 17.29877833301601697, -106.0000000000000000 ) ) ;
#298 = EDGE_CURVE ( 'NONE', #1399, #2497, #2164, .T. ) ;
#299 = ORIENTED_EDGE ( 'NONE', *, *, #3427, .F. ) ;
#300 = CARTESIAN_POINT ( 'NONE',  ( 85.79382499999999823, 99.65776232622010866, 10.00000000000000000 ) ) ;
#301 = CARTESIAN_POINT ( 'NONE',  ( 72.72590493809164514, 42.65304649226281697, 5.999999999999999112 ) ) ;
#302 = FACE_OUTER_BOUND ( 'NONE', #2455, .T. ) ;
#303 = CARTESIAN_POINT ( 'NONE',  ( 32.04290288631657546, 107.2987783330167701, -100.0000000000000000 ) ) ;
#304 = DIRECTION ( 'NONE',  ( 1.000000000000000000, -6.938893903907221278E-15, 0.000000000000000000 ) ) ;
#305 = VERTEX_POINT ( 'NONE', #1873 ) ;
#306 = DIRECTION ( 'NONE',  ( -1.000000000000000000, 0.000000000000000000, 0.000000000000000000 ) ) ;
#307 = LINE ( 'NONE', #3566, #2619 ) ;
#308 = DIRECTION ( 'NONE',  ( 0.000000000000000000, 0.000000000000000000, -1.000000000000000000 ) ) ;
#309 = DIRECTION ( 'NONE',  ( 0.000000000000000000, -1.000000000000000000, 0.000000000000000000 ) ) ;
#310 = AXIS2_PLACEMENT_3D ( 'NONE', #8, #2959, #2359 ) ;
#311 = ORIENTED_EDGE ( 'NONE', *, *, #2122, .T. ) ;
#312 = CARTESIAN_POINT ( 'NONE',  ( 98.93367678171082957, 112.9046064127302174, -100.0000000000000000 ) ) ;
#313 = AXIS2_PLACEMENT_3D ( 'NONE', #2063, #2097, #917 ) ;
#314 = B_SPLINE_CURVE_WITH_KNOTS ( 'NONE', 3,
 ( #2837, #3405, #2582, #1941, #3483, #2599, #3137, #806, #505, #1365, #1975, #2563, #1992, #753, #3121, #186, #900, #2047, #3516, #1738, #3796, #3230 ),
 .UNSPECIFIED., .F., .F.,
 ( 4, 2, 2, 2, 2, 2, 2, 2, 2, 2, 4 ),
 ( -2.108185740005882915E-05, 0.0006388919979969777483, 0.001298865853394014485, 0.002618813564188090560, 0.003938761274982167070, 0.005258708985776243579, 0.006578656696570318353, 0.007898604407364395730, 0.009218552118158470504, 0.009878525973555525239, 0.01053849982895257997 ),
 .UNSPECIFIED. ) ;
#315 = EDGE_LOOP ( 'NONE', ( #956, #1853, #3422, #1603, #3771, #3620 ) ) ;
#316 = EDGE_CURVE ( 'NONE', #3764, #1890, #432, .T. ) ;
#317 = ORIENTED_EDGE ( 'NONE', *, *, #1295, .T. ) ;
#318 = CARTESIAN_POINT ( 'NONE',  ( 85.79382499999998402, 99.65614507999586635, -106.0000000000000000 ) ) ;
#319 = CARTESIAN_POINT ( 'NONE',  ( 184.5191583333332801, 17.29877833301601697, -110.0000000000000000 ) ) ;
#320 = DIRECTION ( 'NONE',  ( -0.000000000000000000, -0.000000000000000000, -1.000000000000000000 ) ) ;
#321 = DIRECTION ( 'NONE',  ( 0.000000000000000000, 0.000000000000000000, 1.000000000000000000 ) ) ;
#322 = CARTESIAN_POINT ( 'NONE',  ( 73.06498822211942468, 98.54608273576270960, -109.8201300084910628 ) ) ;
#323 = VECTOR ( 'NONE', #2279, 1000.000000000000000 ) ;
#324 = ORIENTED_EDGE ( 'NONE', *, *, #259, .F. ) ;
#325 = CARTESIAN_POINT ( 'NONE',  ( -37.50682655186823666, -35.12647442309518908, -101.4534334495027537 ) ) ;
#326 = CARTESIAN_POINT ( 'NONE',  ( 72.78961430929868470, 43.41500050521865006, -107.1957256063175237 ) ) ;
#327 = DIRECTION ( 'NONE',  ( 0.000000000000000000, 0.000000000000000000, -1.000000000000000000 ) ) ;
#328 = CARTESIAN_POINT ( 'NONE',  ( 96.34049166666666508, 39.90355162252597410, 6.000000000000000000 ) ) ;
#329 = ADVANCED_FACE ( 'NONE', ( #1577 ), #2593, .F. ) ;
#330 = ADVANCED_FACE ( 'NONE', ( #236 ), #65, .T. ) ;
#331 = APPROVAL ( #2483, 'UNSPECIFIED' ) ;
#332 = ORIENTED_EDGE ( 'NONE', *, *, #3033, .T. ) ;
#333 = LINE ( 'NONE', #548, #3468 ) ;
#334 = CIRCLE ( 'NONE', #2975, 96.00000000000001421 ) ;
#335 = TOROIDAL_SURFACE ( 'NONE', #2673, 8.000000000000000000, 4.000000000000000000 ) ;
#336 = CARTESIAN_POINT ( 'NONE',  ( 82.34049166666667929, 39.90193437630174600, -100.0000000000000000 ) ) ;
#337 = ORIENTED_EDGE ( 'NONE', *, *, #3383, .F. ) ;
#338 = CIRCLE ( 'NONE', #3474, 3.250000000000002665 ) ;
#339 = VECTOR ( 'NONE', #3640, 1000.000000000000000 ) ;
#340 = EDGE_LOOP ( 'NONE', ( #1480, #1558 ) ) ;
#341 = ORIENTED_EDGE ( 'NONE', *, *, #1031, .F. ) ;
#342 = DIRECTION ( 'NONE',  ( -1.000000000000000000, 0.000000000000000000, 0.000000000000000000 ) ) ;
#343 = DIRECTION ( 'NONE',  ( 0.000000000000000000, 1.000000000000000000, 0.000000000000000000 ) ) ;
#344 = DIRECTION ( 'NONE',  ( 1.000000000000000000, 0.000000000000000000, 0.000000000000000000 ) ) ;
#345 = CARTESIAN_POINT ( 'NONE',  ( 133.0000000000000000, 2.081899558550500280E-15, 10.00000000000000000 ) ) ;
#346 = EDGE_CURVE ( 'NONE', #2936, #2045, #1972, .T. ) ;
#347 = ORIENTED_EDGE ( 'NONE', *, *, #2199, .T. ) ;
#348 = LINE ( 'NONE', #924, #3292 ) ;
#349 = CARTESIAN_POINT ( 'NONE',  ( 95.79382499999999823, 101.5824712698822765, 7.200795085687064834 ) ) ;
#350 = CARTESIAN_POINT ( 'NONE',  ( 75.11321190591361585, 67.80512775325098573, -100.0000000000000000 ) ) ;
#351 = AXIS2_PLACEMENT_3D ( 'NONE', #3682, #3400, #1915 ) ;
#352 = ORIENTED_EDGE ( 'NONE', *, *, #295, .F. ) ;
#353 = EDGE_CURVE ( 'NONE', #1353, #2761, #3531, .T. ) ;
#354 = FACE_OUTER_BOUND ( 'NONE', #3537, .T. ) ;
#355 = EDGE_CURVE ( 'NONE', #1185, #1399, #1123, .T. ) ;
#356 = ORIENTED_EDGE ( 'NONE', *, *, #2520, .F. ) ;
#357 = CARTESIAN_POINT ( 'NONE',  ( 184.5191583333332801, 17.29877833301672752, -100.0000000000000000 ) ) ;
#358 = ORIENTED_EDGE ( 'NONE', *, *, #2153, .F. ) ;
#359 = ORIENTED_EDGE ( 'NONE', *, *, #355, .F. ) ;
#360 = CARTESIAN_POINT ( 'NONE',  ( 0.000000000000000000, 0.000000000000000000, 10.00000000000000000 ) ) ;
#361 = LINE ( 'NONE', #2757, #1046 ) ;
#362 = DIRECTION ( 'NONE',  ( 0.000000000000000000, 0.000000000000000000, -1.000000000000000000 ) ) ;
#363 = DIRECTION ( 'NONE',  ( 0.000000000000000000, 0.000000000000000000, -1.000000000000000000 ) ) ;
#364 = VERTEX_POINT ( 'NONE', #2058 ) ;
#365 = CARTESIAN_POINT ( 'NONE',  ( 8.099999999999999645, -0.001617246224230872720, -106.0000000000000000 ) ) ;
#366 = ADVANCED_FACE ( 'NONE', ( #1435 ), #3241, .F. ) ;
#367 =( NAMED_UNIT ( * ) SI_UNIT ( $, .STERADIAN. ) SOLID_ANGLE_UNIT ( ) );
#368 = FACE_OUTER_BOUND ( 'NONE', #986, .T. ) ;
#369 = EDGE_CURVE ( 'NONE', #84, #991, #3825, .T. ) ;
#370 = ORIENTED_EDGE ( 'NONE', *, *, #458, .F. ) ;
#371 = DIRECTION ( 'NONE',  ( 0.000000000000000000, 6.938893903907222067E-15, -1.000000000000000000 ) ) ;
#372 = CIRCLE ( 'NONE', #3017, 13.99999999999999822 ) ;
#373 = ORIENTED_EDGE ( 'NONE', *, *, #686, .F. ) ;
#374 = CARTESIAN_POINT ( 'NONE',  ( 32.40414418542183483, 117.2938747697834430, -106.2284687535680661 ) ) ;
#375 = CARTESIAN_POINT ( 'NONE',  ( 32.04267949408813365, 117.3003955792409556, 4.000000000000000000 ) ) ;
#376 = ORIENTED_EDGE ( 'NONE', *, *, #2396, .T. ) ;
#377 = VERTEX_POINT ( 'NONE', #2391 ) ;
#378 = CARTESIAN_POINT ( 'NONE',  ( 148.5191583333332801, 4.688778333016715649, 0.000000000000000000 ) ) ;
#379 = EDGE_CURVE ( 'NONE', #2829, #566, #1754, .T. ) ;
#380 = CARTESIAN_POINT ( 'NONE',  ( 82.34049166666666508, 39.90355162252597410, 6.000000000000000000 ) ) ;
#381 = DIRECTION ( 'NONE',  ( 0.000000000000000000, -1.000000000000000000, 0.000000000000000000 ) ) ;
#382 = CARTESIAN_POINT ( 'NONE',  ( 184.5191583333332801, 17.29877833301601697, -100.0000000000000000 ) ) ;
#383 = ORIENTED_EDGE ( 'NONE', *, *, #2691, .T. ) ;
#384 = CYLINDRICAL_SURFACE ( 'NONE', #2922, 3.250000000000002665 ) ;
#385 = CARTESIAN_POINT ( 'NONE',  ( 85.79382499999999823, 99.65776232622010866, 10.00000000000000000 ) ) ;
#386 = CARTESIAN_POINT ( 'NONE',  ( -47.50682655186825087, 79.14627833301670989, -64.44999999999991758 ) ) ;
#387 = ORIENTED_EDGE ( 'NONE', *, *, #2083, .T. ) ;
#388 = AXIS2_PLACEMENT_3D ( 'NONE', #2414, #1267, #1540 ) ;
#389 = LINE ( 'NONE', #3070, #2806 ) ;
#390 = LOCAL_TIME ( 15, 45, 13.00000000000000000, #1644 ) ;
#391 = AXIS2_PLACEMENT_3D ( 'NONE', #1643, #1364, #3423 ) ;
#392 = CIRCLE ( 'NONE', #3535, 4.000000000000000000 ) ;
#393 = EDGE_LOOP ( 'NONE', ( #2215, #3132, #1171 ) ) ;
#394 = FACE_BOUND ( 'NONE', #2932, .T. ) ;
#395 = EDGE_CURVE ( 'NONE', #1034, #1144, #334, .T. ) ;
#396 = CARTESIAN_POINT ( 'NONE',  ( 67.09632921359812485, 97.65614507999578109, -100.0000000000000000 ) ) ;
#397 = CARTESIAN_POINT ( 'NONE',  ( 82.34049166666666508, 39.90355162252597410, 0.000000000000000000 ) ) ;
#398 = EDGE_CURVE ( 'NONE', #2721, #1456, #2613, .T. ) ;
#399 = CARTESIAN_POINT ( 'NONE',  ( 0.000000000000000000, 0.000000000000000000, 0.000000000000000000 ) ) ;
#400 = CARTESIAN_POINT ( 'NONE',  ( 148.5191583333329959, -31.31122166698327547, 0.000000000000000000 ) ) ;
#401 = CC_DESIGN_DATE_AND_TIME_ASSIGNMENT ( #3717, #3045, ( #2427 ) ) ;
#402 = ORIENTED_EDGE ( 'NONE', *, *, #1820, .F. ) ;
#403 = CARTESIAN_POINT ( 'NONE',  ( -33.50682655186826508, 113.2987783330167275, -100.0000000000000000 ) ) ;
#404 = CYLINDRICAL_SURFACE ( 'NONE', #1554, 4.000000000000000000 ) ;
#405 = CARTESIAN_POINT ( 'NONE',  ( 88.51915833333325168, -31.31122166698327547, 6.000000000000000000 ) ) ;
#406 = CARTESIAN_POINT ( 'NONE',  ( -37.50682655186826508, 117.2987783330167275, -96.00000000000000000 ) ) ;
#407 = AXIS2_PLACEMENT_3D ( 'NONE', #190, #3737, #3778 ) ;
#408 = ORIENTED_EDGE ( 'NONE', *, *, #3064, .T. ) ;
#409 = EDGE_CURVE ( 'NONE', #964, #3629, #1418, .T. ) ;
#410 = FACE_OUTER_BOUND ( 'NONE', #797, .T. ) ;
#411 = LINE ( 'NONE', #357, #2782 ) ;
#412 = ORIENTED_EDGE ( 'NONE', *, *, #1970, .F. ) ;
#413 = EDGE_LOOP ( 'NONE', ( #3378, #1117, #1624, #2685 ) ) ;
#414 = DIRECTION ( 'NONE',  ( -0.000000000000000000, -0.000000000000000000, -1.000000000000000000 ) ) ;
#415 = CARTESIAN_POINT ( 'NONE',  ( -33.50682655186824377, -31.31122166698327547, 0.000000000000000000 ) ) ;
#416 = CARTESIAN_POINT ( 'NONE',  ( -37.50682655186825087, 117.0211670672206026, 1.136287588932782366 ) ) ;
#417 = B_SPLINE_CURVE_WITH_KNOTS ( 'NONE', 3,
 ( #1811, #3607, #2994, #3029 ),
 .UNSPECIFIED., .F., .F.,
 ( 4, 4 ),
 ( 0.2473922649482165614, 1.000000000000000000 ),
 .UNSPECIFIED. ) ;
#418 = CARTESIAN_POINT ( 'NONE',  ( -37.50682655186822245, -33.19874008510382879, -2.016773792292227530 ) ) ;
#419 = EDGE_CURVE ( 'NONE', #3054, #1729, #333, .T. ) ;
#420 = VERTEX_POINT ( 'NONE', #3807 ) ;
#421 = CARTESIAN_POINT ( 'NONE',  ( 67.09632921359812485, 97.65614507999578109, 10.00000000000000000 ) ) ;
#422 = CARTESIAN_POINT ( 'NONE',  ( 92.34049166666667929, 39.90193437630174600, -106.0000000000000000 ) ) ;
#423 = CARTESIAN_POINT ( 'NONE',  ( -37.50682655186826508, 117.1420087627499527, -101.5702496757665187 ) ) ;
#424 = ORIENTED_EDGE ( 'NONE', *, *, #98, .F. ) ;
#425 = CARTESIAN_POINT ( 'NONE',  ( 67.09632921359812485, 99.65614507999580951, -100.0000000000000000 ) ) ;
#426 = DIRECTION ( 'NONE',  ( -1.000000000000000000, 0.000000000000000000, 0.000000000000000000 ) ) ;
#427 = ORIENTED_EDGE ( 'NONE', *, *, #3320, .T. ) ;
#428 = CARTESIAN_POINT ( 'NONE',  ( 148.5191583333330243, -31.31122166698327547, 10.00000000000000000 ) ) ;
#429 = CIRCLE ( 'NONE', #601, 8.000000000000007105 ) ;
#430 = ORIENTED_EDGE ( 'NONE', *, *, #2272, .F. ) ;
#431 = VERTEX_POINT ( 'NONE', #2351 ) ;
#432 = LINE ( 'NONE', #1000, #1049 ) ;
#433 = CARTESIAN_POINT ( 'NONE',  ( 184.5191583333332801, 4.687161086792484888, -110.0000000000000000 ) ) ;
#434 = DIRECTION ( 'NONE',  ( -0.000000000000000000, 1.000000000000000000, 0.000000000000000000 ) ) ;
#435 = DIRECTION ( 'NONE',  ( 1.000000000000000000, 0.000000000000000000, 0.000000000000000000 ) ) ;
#436 = DIRECTION ( 'NONE',  ( 0.000000000000000000, 0.000000000000000000, 1.000000000000000000 ) ) ;
#437 = EDGE_LOOP ( 'NONE', ( #781, #1280, #3511, #3234 ) ) ;
#438 = CARTESIAN_POINT ( 'NONE',  ( -37.50682655186823666, 75.89627833301670989, -39.54999999999991900 ) ) ;
#439 = ORIENTED_EDGE ( 'NONE', *, *, #440, .F. ) ;
#440 = EDGE_CURVE ( 'NONE', #2334, #730, #1500, .T. ) ;
#441 = ADVANCED_FACE ( 'NONE', ( #1455 ), #1730, .F. ) ;
#442 = CIRCLE ( 'NONE', #73, 3.250000000000002665 ) ;
#443 = ORIENTED_EDGE ( 'NONE', *, *, #2726, .F. ) ;
#444 = AXIS2_PLACEMENT_3D ( 'NONE', #378, #1537, #2271 ) ;
#445 = VERTEX_POINT ( 'NONE', #1165 ) ;
#446 = ORIENTED_EDGE ( 'NONE', *, *, #2495, .T. ) ;
#447 = CARTESIAN_POINT ( 'NONE',  ( 188.5191583333332801, 17.30039557924024862, 4.000000000000000000 ) ) ;
#448 = LINE ( 'NONE', #3678, #1478 ) ;
#449 = DIRECTION ( 'NONE',  ( 1.000000000000000000, 0.000000000000000000, 0.000000000000000000 ) ) ;
#450 = AXIS2_PLACEMENT_3D ( 'NONE', #2085, #1461, #1190 ) ;
#451 = VECTOR ( 'NONE', #160, 1000.000000000000000 ) ;
#452 = ORIENTED_EDGE ( 'NONE', *, *, #3300, .T. ) ;
#453 = LINE ( 'NONE', #1313, #3786 ) ;
#454 = LOCAL_TIME ( 15, 45, 13.00000000000000000, #1026 ) ;
#455 = CARTESIAN_POINT ( 'NONE',  ( 96.02306131481948626, 107.7728861486486807, -109.8940806247399138 ) ) ;
#456 = CARTESIAN_POINT ( 'NONE',  ( 68.47425074252969068, 89.65614507999580951, 10.00000000000000000 ) ) ;
#457 = AXIS2_PLACEMENT_3D ( 'NONE', #2907, #3447, #1429 ) ;
#458 = EDGE_CURVE ( 'NONE', #1305, #2456, #1292, .T. ) ;
#459 = CYLINDRICAL_SURFACE ( 'NONE', #2117, 100.0000000000000000 ) ;
#460 = VERTEX_POINT ( 'NONE', #1236 ) ;
#461 = CARTESIAN_POINT ( 'NONE',  ( 38.61478865229609170, 114.8470441236748201, -109.6992371076930795 ) ) ;
#462 = DIRECTION ( 'NONE',  ( 1.000000000000000000, 0.000000000000000000, 0.000000000000000000 ) ) ;
#463 = EDGE_CURVE ( 'NONE', #803, #2451, #746, .T. ) ;
#464 = EDGE_CURVE ( 'NONE', #3188, #1033, #417, .T. ) ;
#465 = EDGE_LOOP ( 'NONE', ( #2921, #608, #2610, #2310 ) ) ;
#466 = ORIENTED_EDGE ( 'NONE', *, *, #712, .F. ) ;
#467 = ORIENTED_EDGE ( 'NONE', *, *, #138, .T. ) ;
#468 = DIRECTION ( 'NONE',  ( -1.000000000000000000, -1.364044408080838895E-16, -0.000000000000000000 ) ) ;
#469 = ORIENTED_EDGE ( 'NONE', *, *, #2039, .F. ) ;
#470 = LINE ( 'NONE', #1344, #1493 ) ;
#471 = PERSON_AND_ORGANIZATION_ROLE ( 'design_owner' ) ;
#472 = CARTESIAN_POINT ( 'NONE',  ( 82.34049166666667929, 39.90193437630174600, -100.0000000000000000 ) ) ;
#473 = CARTESIAN_POINT ( 'NONE',  ( 92.34882053083170206, 39.96436080460861717, 6.266095648007731000 ) ) ;
#474 = CARTESIAN_POINT ( 'NONE',  ( -47.50682655186825798, 113.2987783330167417, 10.00000000000000000 ) ) ;
#475 = ADVANCED_FACE ( 'NONE', ( #354 ), #3161, .T. ) ;
#476 = ORIENTED_EDGE ( 'NONE', *, *, #3010, .T. ) ;
#477 = CARTESIAN_POINT ( 'NONE',  ( 36.64414412507559859, 116.1854509832506608, -108.7802063684921734 ) ) ;
#478 = CARTESIAN_POINT ( 'NONE',  ( -37.50682655186823666, -31.31283891320750357, -96.00000000000000000 ) ) ;
#479 = EDGE_CURVE ( 'NONE', #3726, #229, #271, .T. ) ;
#480 = ORIENTED_EDGE ( 'NONE', *, *, #1587, .F. ) ;
#481 = ORIENTED_EDGE ( 'NONE', *, *, #3200, .T. ) ;
#482 = CARTESIAN_POINT ( 'NONE',  ( -37.50682655186823666, -35.31122166698327902, -102.7965576705332467 ) ) ;
#483 = LINE ( 'NONE', #1037, #3041 ) ;
#484 = TOROIDAL_SURFACE ( 'NONE', #310, 8.099999999999999645, 4.000000000000000000 ) ;
#485 = VECTOR ( 'NONE', #3720, 1000.000000000000000 ) ;
#486 = ORIENTED_EDGE ( 'NONE', *, *, #1607, .T. ) ;
#487 = DIRECTION ( 'NONE',  ( 1.364044408080838895E-16, -1.000000000000000000, 0.000000000000000000 ) ) ;
#488 = CARTESIAN_POINT ( 'NONE',  ( 38.61229977875085240, 114.8491737732062461, -100.3016936592810993 ) ) ;
#489 = CARTESIAN_POINT ( 'NONE',  ( 184.5191583333332801, 4.688778333016715649, 0.000000000000000000 ) ) ;
#490 = DIRECTION ( 'NONE',  ( 0.000000000000000000, -1.000000000000000000, 0.000000000000000000 ) ) ;
#491 = CARTESIAN_POINT ( 'NONE',  ( 92.54209793643029514, 46.72060136101877248, 9.611869649978554975 ) ) ;
#492 = DIRECTION ( 'NONE',  ( -0.000000000000000000, -0.000000000000000000, -1.000000000000000000 ) ) ;
#493 = ORIENTED_EDGE ( 'NONE', *, *, #298, .F. ) ;
#494 = ORIENTED_EDGE ( 'NONE', *, *, #3795, .F. ) ;
#495 = CYLINDRICAL_SURFACE ( 'NONE', #2475, 16.99999999999998579 ) ;
#496 = EDGE_CURVE ( 'NONE', #1410, #3000, #931, .T. ) ;
#497 = ORIENTED_EDGE ( 'NONE', *, *, #2273, .F. ) ;
#498 = CIRCLE ( 'NONE', #197, 9.999999999999994671 ) ;
#499 = DIRECTION ( 'NONE',  ( 1.000000000000000000, 0.000000000000000000, 0.000000000000000000 ) ) ;
#500 = CARTESIAN_POINT ( 'NONE',  ( 96.33473351621232439, 108.8712984363594813, 10.00000000000000000 ) ) ;
#501 = CARTESIAN_POINT ( 'NONE',  ( 88.51915833333325168, 99.65614507999580951, 0.000000000000000000 ) ) ;
#502 = EDGE_CURVE ( 'NONE', #178, #3301, #1109, .T. ) ;
#503 = EDGE_LOOP ( 'NONE', ( #3411, #909, #1531, #469, #3034, #3341, #2003 ) ) ;
#504 = AXIS2_PLACEMENT_3D ( 'NONE', #2954, #2093, #2374 ) ;
#505 = CARTESIAN_POINT ( 'NONE',  ( 104.6778536806781830, 115.5722724105324914, 7.778872633109023660 ) ) ;
#506 = DIRECTION ( 'NONE',  ( 1.000000000000000000, 0.000000000000000000, 0.000000000000000000 ) ) ;
#507 = CARTESIAN_POINT ( 'NONE',  ( -33.50682655186826508, 117.2987783330167417, 10.00000000000000000 ) ) ;
#508 = AXIS2_PLACEMENT_3D ( 'NONE', #767, #783, #2816 ) ;
#509 = LINE ( 'NONE', #248, #3293 ) ;
#510 = PRODUCT_DEFINITION_FORMATION_WITH_SPECIFIED_SOURCE ( 'ANY', '', #2121, .NOT_KNOWN. ) ;
#511 = ORIENTED_EDGE ( 'NONE', *, *, #77, .T. ) ;
#512 = AXIS2_PLACEMENT_3D ( 'NONE', #1990, #523, #3794 ) ;
#513 = CIRCLE ( 'NONE', #2616, 3.250000000000007550 ) ;
#514 = FACE_OUTER_BOUND ( 'NONE', #550, .T. ) ;
#515 = ORIENTED_EDGE ( 'NONE', *, *, #2059, .T. ) ;
#516 = DIRECTION ( 'NONE',  ( -1.000000000000000000, -1.364044408080838895E-16, 0.000000000000000000 ) ) ;
#517 = ORIENTED_EDGE ( 'NONE', *, *, #2962, .T. ) ;
#518 = LINE ( 'NONE', #2203, #2024 ) ;
#519 = DIRECTION ( 'NONE',  ( 1.000000000000000000, 0.000000000000000000, -0.000000000000000000 ) ) ;
#520 = AXIS2_PLACEMENT_3D ( 'NONE', #1453, #2992, #1768 ) ;
#521 = TOROIDAL_SURFACE ( 'NONE', #2316, 8.099999999999999645, 4.000000000000000000 ) ;
#522 = ORIENTED_EDGE ( 'NONE', *, *, #2618, .T. ) ;
#523 = DIRECTION ( 'NONE',  ( -1.000000000000000000, 0.000000000000000000, 0.000000000000000000 ) ) ;
#524 = DIRECTION ( 'NONE',  ( -0.000000000000000000, -0.000000000000000000, -1.000000000000000000 ) ) ;
#525 = CARTESIAN_POINT ( 'NONE',  ( -37.50682655186824377, -5.116097702293381223E-15, 0.000000000000000000 ) ) ;
#526 = CARTESIAN_POINT ( 'NONE',  ( 82.34049166666667929, 39.90193437630174600, -110.0000000000000000 ) ) ;
#527 = CARTESIAN_POINT ( 'NONE',  ( -37.50682655186823666, -35.31122166698328613, 10.00000000000000000 ) ) ;
#528 = DIRECTION ( 'NONE',  ( -0.000000000000000000, 0.000000000000000000, 1.000000000000000000 ) ) ;
#529 = ADVANCED_FACE ( 'NONE', ( #930 ), #622, .F. ) ;
#530 = ORIENTED_EDGE ( 'NONE', *, *, #2185, .F. ) ;
#531 = DIRECTION ( 'NONE',  ( 1.000000000000000000, 0.000000000000000000, 0.000000000000000000 ) ) ;
#532 = DIRECTION ( 'NONE',  ( 0.000000000000000000, 0.000000000000000000, 1.000000000000000000 ) ) ;
#533 = ORIENTED_EDGE ( 'NONE', *, *, #409, .F. ) ;
#534 = CARTESIAN_POINT ( 'NONE',  ( 107.7132324074073750, 115.4410473013431329, 4.000000000000000000 ) ) ;
#535 = VERTEX_POINT ( 'NONE', #1590 ) ;
#536 = ORIENTED_EDGE ( 'NONE', *, *, #2716, .F. ) ;
#537 = CYLINDRICAL_SURFACE ( 'NONE', #1301, 2.000000000000001776 ) ;
#538 = CARTESIAN_POINT ( 'NONE',  ( 38.92005805328431478, 114.5721350279902140, 0.1948569055109677373 ) ) ;
#539 = ORIENTED_EDGE ( 'NONE', *, *, #217, .F. ) ;
#540 = DIRECTION ( 'NONE',  ( -0.000000000000000000, -0.000000000000000000, -1.000000000000000000 ) ) ;
#541 = FACE_OUTER_BOUND ( 'NONE', #1637, .T. ) ;
#542 = EDGE_CURVE ( 'NONE', #2788, #3670, #1611, .T. ) ;
#543 = ORIENTED_EDGE ( 'NONE', *, *, #254, .F. ) ;
#544 = CYLINDRICAL_SURFACE ( 'NONE', #82, 10.00000000000000178 ) ;
#545 = CARTESIAN_POINT ( 'NONE',  ( 184.5191583333332801, 4.688778333016715649, 4.000000000000000000 ) ) ;
#546 = AXIS2_PLACEMENT_3D ( 'NONE', #1842, #3028, #1545 ) ;
#547 = ORIENTED_EDGE ( 'NONE', *, *, #1413, .T. ) ;
#548 = CARTESIAN_POINT ( 'NONE',  ( 32.04290288631657546, 117.2987783330167559, 10.00000000000000000 ) ) ;
#549 = EDGE_CURVE ( 'NONE', #1479, #59, #2430, .T. ) ;
#550 = EDGE_LOOP ( 'NONE', ( #299, #2201, #3653, #106, #1471 ) ) ;
#551 = CIRCLE ( 'NONE', #1352, 4.000000000000003553 ) ;
#552 = ORIENTED_EDGE ( 'NONE', *, *, #3127, .T. ) ;
#553 = CARTESIAN_POINT ( 'NONE',  ( 36.98215601609851433, 116.0041428379691837, 1.040314443445742310 ) ) ;
#554 = EDGE_LOOP ( 'NONE', ( #2338, #2601, #2588, #2695, #1790, #1186, #1720 ) ) ;
#555 = CARTESIAN_POINT ( 'NONE',  ( 75.11134161660466191, 67.80660862228923236, 0.000000000000000000 ) ) ;
#556 = CARTESIAN_POINT ( 'NONE',  ( 95.79382499999998402, 105.6253648829086700, -100.0000000000000000 ) ) ;
#557 = TOROIDAL_SURFACE ( 'NONE', #2230, 13.99999999999999289, 4.000000000000000000 ) ;
#558 = ORIENTED_EDGE ( 'NONE', *, *, #3602, .F. ) ;
#559 = EDGE_CURVE ( 'NONE', #1788, #445, #2107, .T. ) ;
#560 = AXIS2_PLACEMENT_3D ( 'NONE', #2479, #1284, #1836 ) ;
#561 = CARTESIAN_POINT ( 'NONE',  ( 188.5191583333332801, 82.39627833301673832, -64.44999999999991758 ) ) ;
#562 = LINE ( 'NONE', #3782, #1808 ) ;
#563 = CARTESIAN_POINT ( 'NONE',  ( 95.79382499999998402, 105.6269821291329265, 10.00000000000000000 ) ) ;
#564 = AXIS2_PLACEMENT_3D ( 'NONE', #1785, #950, #1804 ) ;
#565 = AXIS2_PLACEMENT_3D ( 'NONE', #2607, #872, #818 ) ;
#566 = VERTEX_POINT ( 'NONE', #1828 ) ;
#567 = CARTESIAN_POINT ( 'NONE',  ( 106.7708651653204299, 115.5793559174076393, -106.5703714286180741 ) ) ;
#568 = CYLINDRICAL_SURFACE ( 'NONE', #2998, 3.250000000000007550 ) ;
#569 = EDGE_CURVE ( 'NONE', #1153, #1479, #139, .T. ) ;
#570 = ORIENTED_EDGE ( 'NONE', *, *, #3401, .T. ) ;
#571 = ORIENTED_EDGE ( 'NONE', *, *, #2787, .T. ) ;
#572 = CARTESIAN_POINT ( 'NONE',  ( 148.5191583333330243, -35.31283891320750712, -106.0000000000000000 ) ) ;
#573 = CARTESIAN_POINT ( 'NONE',  ( 40.04267949408816207, 113.3003955792409556, 0.000000000000000000 ) ) ;
#574 = CARTESIAN_POINT ( 'NONE',  ( 72.71801998934860478, 48.47773169437862606, 9.851625038426885084 ) ) ;
#575 = CYLINDRICAL_SURFACE ( 'NONE', #2978, 39.99999999999997868 ) ;
#576 = CARTESIAN_POINT ( 'NONE',  ( -37.50682655186825798, 117.3003955792409556, 2.928203230275511437 ) ) ;
#577 = ORIENTED_EDGE ( 'NONE', *, *, #1752, .F. ) ;
#578 = DIRECTION ( 'NONE',  ( 0.000000000000000000, 0.000000000000000000, 1.000000000000000000 ) ) ;
#579 = CARTESIAN_POINT ( 'NONE',  ( -37.50682655186823666, 75.89627833301670989, -64.44999999999991758 ) ) ;
#580 = AXIS2_PLACEMENT_3D ( 'NONE', #526, #3736, #2307 ) ;
#581 = DIRECTION ( 'NONE',  ( 1.000000000000000000, 0.000000000000000000, 0.000000000000000000 ) ) ;
#582 = CARTESIAN_POINT ( 'NONE',  ( 98.77599707759576120, 112.7508919581189133, 0.000000000000000000 ) ) ;
#583 = ORIENTED_EDGE ( 'NONE', *, *, #3724, .F. ) ;
#584 = CARTESIAN_POINT ( 'NONE',  ( 104.6680076766919143, 115.5912351097073412, -107.7894339133870005 ) ) ;
#585 = CARTESIAN_POINT ( 'NONE',  ( 188.5191583333333085, 6.091278333016748370, -64.44999999999991758 ) ) ;
#586 = EDGE_CURVE ( 'NONE', #1174, #165, #1928, .T. ) ;
#587 = ORIENTED_EDGE ( 'NONE', *, *, #3182, .F. ) ;
#588 = ORIENTED_EDGE ( 'NONE', *, *, #138, .F. ) ;
#589 = CARTESIAN_POINT ( 'NONE',  ( 89.12484685535137885, 67.12861610243031407, -110.0000000000000000 ) ) ;
#590 = CARTESIAN_POINT ( 'NONE',  ( 184.5191583333332801, 4.688778333016715649, 0.000000000000000000 ) ) ;
#591 = EDGE_CURVE ( 'NONE', #1034, #122, #3787, .T. ) ;
#592 = CARTESIAN_POINT ( 'NONE',  ( 150.0000000000000000, 0.000000000000000000, 10.00000000000000000 ) ) ;
#593 = CARTESIAN_POINT ( 'NONE',  ( 72.72590493809160250, 42.65304649226283118, 6.184669662878901519 ) ) ;
#594 = DIRECTION ( 'NONE',  ( 0.000000000000000000, -1.000000000000000000, 0.000000000000000000 ) ) ;
#595 = LINE ( 'NONE', #884, #2111 ) ;
#596 = CARTESIAN_POINT ( 'NONE',  ( 85.79382499999998402, 99.65614507999586635, -110.0000000000000000 ) ) ;
#597 = ORIENTED_EDGE ( 'NONE', *, *, #502, .F. ) ;
#598 = DIRECTION ( 'NONE',  ( 1.000000000000000000, 0.000000000000000000, 0.000000000000000000 ) ) ;
#599 = CARTESIAN_POINT ( 'NONE',  ( 72.72468027294101489, 48.47051272013673184, -109.8730762874773177 ) ) ;
#600 = CARTESIAN_POINT ( 'NONE',  ( 74.56249185665360812, 77.61419592106568643, 0.000000000000000000 ) ) ;
#601 = AXIS2_PLACEMENT_3D ( 'NONE', #1086, #1069, #1951 ) ;
#602 = DIRECTION ( 'NONE',  ( 0.000000000000000000, -1.000000000000000000, 0.000000000000000000 ) ) ;
#603 = ORIENTED_EDGE ( 'NONE', *, *, #3449, .T. ) ;
#604 = AXIS2_PLACEMENT_3D ( 'NONE', #1957, #2263, #3138 ) ;
#605 = CARTESIAN_POINT ( 'NONE',  ( 77.13357096215563047, 94.65614507999583793, -100.0000000000000000 ) ) ;
#606 = VERTEX_POINT ( 'NONE', #425 ) ;
#607 = CARTESIAN_POINT ( 'NONE',  ( 150.0000000000000000, 0.000000000000000000, 10.00000000000000000 ) ) ;
#608 = ORIENTED_EDGE ( 'NONE', *, *, #2808, .T. ) ;
#609 = CYLINDRICAL_SURFACE ( 'NONE', #2859, 2.000000000000001776 ) ;
#610 = DIRECTION ( 'NONE',  ( -0.000000000000000000, -0.000000000000000000, -1.000000000000000000 ) ) ;
#611 = CARTESIAN_POINT ( 'NONE',  ( -33.50682655186823666, -31.31283891320750357, -96.00000000000000000 ) ) ;
#612 = CARTESIAN_POINT ( 'NONE',  ( 36.98721064639616429, 116.0012494331124344, 8.962298817344494850 ) ) ;
#613 = VECTOR ( 'NONE', #3458, 1000.000000000000000 ) ;
#614 = EDGE_CURVE ( 'NONE', #641, #1474, #3333, .T. ) ;
#615 = EDGE_CURVE ( 'NONE', #566, #3694, #1867, .T. ) ;
#616 = ORIENTED_EDGE ( 'NONE', *, *, #3148, .F. ) ;
#617 = DIRECTION ( 'NONE',  ( 0.000000000000000000, -1.000000000000000000, 0.000000000000000000 ) ) ;
#618 = DIRECTION ( 'NONE',  ( 1.000000000000000000, -2.973811673103098158E-15, 0.000000000000000000 ) ) ;
#619 = CIRCLE ( 'NONE', #1931, 4.000000000000003553 ) ;
#620 = CIRCLE ( 'NONE', #2915, 18.55000000000001137 ) ;
#621 = ORIENTED_EDGE ( 'NONE', *, *, #1412, .F. ) ;
#622 = PLANE ( 'NONE',  #2919 ) ;
#623 = VECTOR ( 'NONE', #3569, 1000.000000000000000 ) ;
#624 = TOROIDAL_SURFACE ( 'NONE', #2552, 13.99999999999999289, 4.000000000000000000 ) ;
#625 = B_SPLINE_CURVE_WITH_KNOTS ( 'NONE', 3,
 ( #2965, #3604, #3523, #325, #3273, #869, #2686, #2129, #32, #3318, #1450, #657 ),
 .UNSPECIFIED., .F., .F.,
 ( 4, 2, 2, 2, 2, 4 ),
 ( 0.02146000919945453139, 0.02247117394506987012, 0.02348233869068520885, 0.02449350343630054758, 0.02550466818191588630, 0.02954932716437726203 ),
 .UNSPECIFIED. ) ;
#626 = EDGE_LOOP ( 'NONE', ( #2939, #2010 ) ) ;
#627 = AXIS2_PLACEMENT_3D ( 'NONE', #2948, #1175, #306 ) ;
#628 = VECTOR ( 'NONE', #2810, 1000.000000000000000 ) ;
#629 = DIRECTION ( 'NONE',  ( -1.364044408080838895E-16, 1.000000000000000000, -0.000000000000000000 ) ) ;
#630 = EDGE_CURVE ( 'NONE', #1406, #2761, #2051, .T. ) ;
#631 = VERTEX_POINT ( 'NONE', #1885 ) ;
#632 = DIRECTION ( 'NONE',  ( 1.000000000000000000, 0.000000000000000000, 0.000000000000000000 ) ) ;
#633 = DIRECTION ( 'NONE',  ( -1.000000000000000000, 0.000000000000000000, 0.000000000000000000 ) ) ;
#634 = DIRECTION ( 'NONE',  ( 1.000000000000000000, 0.000000000000000000, 0.000000000000000000 ) ) ;
#635 = DIRECTION ( 'NONE',  ( -1.000000000000000000, 0.000000000000000000, 0.000000000000000000 ) ) ;
#636 = ORIENTED_EDGE ( 'NONE', *, *, #1081, .T. ) ;
#637 = DIRECTION ( 'NONE',  ( -0.000000000000000000, 0.000000000000000000, 1.000000000000000000 ) ) ;
#638 = CARTESIAN_POINT ( 'NONE',  ( 95.79382499999999823, 99.65776232622010866, 6.000000000000000000 ) ) ;
#639 = EDGE_CURVE ( 'NONE', #566, #1456, #2489, .T. ) ;
#640 = CARTESIAN_POINT ( 'NONE',  ( -37.50682655186826508, 117.2655270915539347, -102.2424377137683535 ) ) ;
#641 = VERTEX_POINT ( 'NONE', #478 ) ;
#642 = DIRECTION ( 'NONE',  ( -0.000000000000000000, -0.000000000000000000, -1.000000000000000000 ) ) ;
#643 = CIRCLE ( 'NONE', #1530, 4.000000000000000000 ) ;
#644 = EDGE_CURVE ( 'NONE', #220, #250, #215, .T. ) ;
#645 = DIRECTION ( 'NONE',  ( 0.000000000000000000, 0.000000000000000000, 1.000000000000000000 ) ) ;
#646 = LINE ( 'NONE', #1849, #3610 ) ;
#647 = B_SPLINE_CURVE_WITH_KNOTS ( 'NONE', 3,
 ( #500, #2847, #1969, #168, #2559, #2300, #1070, #823 ),
 .UNSPECIFIED., .F., .F.,
 ( 4, 2, 2, 4 ),
 ( 0.000000000000000000, 0.001696760128386641661, 0.002545140192579981465, 0.003393520256773321052 ),
 .UNSPECIFIED. ) ;
#648 = ORIENTED_EDGE ( 'NONE', *, *, #591, .F. ) ;
#649 = LINE ( 'NONE', #666, #2087 ) ;
#650 = ORIENTED_EDGE ( 'NONE', *, *, #1602, .F. ) ;
#651 = PLANE ( 'NONE',  #1671 ) ;
#652 = DIRECTION ( 'NONE',  ( 0.000000000000000000, 0.000000000000000000, -1.000000000000000000 ) ) ;
#653 = CARTESIAN_POINT ( 'NONE',  ( 107.7132324074073750, 115.4410473013431329, 4.000000000000000000 ) ) ;
#654 = CARTESIAN_POINT ( 'NONE',  ( -37.50682655186825798, 117.2987783330167275, 6.000000000000005329 ) ) ;
#655 = AXIS2_PLACEMENT_3D ( 'NONE', #980, #363, #635 ) ;
#656 = ORIENTED_EDGE ( 'NONE', *, *, #2375, .F. ) ;
#657 = CARTESIAN_POINT ( 'NONE',  ( -37.50682655186823666, -31.31283891320750357, -96.00000000000000000 ) ) ;
#658 = EDGE_CURVE ( 'NONE', #1518, #165, #3088, .T. ) ;
#659 = ORIENTED_EDGE ( 'NONE', *, *, #2608, .T. ) ;
#660 = CARTESIAN_POINT ( 'NONE',  ( 184.5191583333332801, 17.29877833301604539, -104.0000000000000000 ) ) ;
#661 = AXIS2_PLACEMENT_3D ( 'NONE', #2657, #320, #2519 ) ;
#662 = LINE ( 'NONE', #1550, #1476 ) ;
#663 = EDGE_CURVE ( 'NONE', #250, #1695, #232, .T. ) ;
#664 = EDGE_CURVE ( 'NONE', #2041, #241, #1373, .T. ) ;
#665 = ORIENTED_EDGE ( 'NONE', *, *, #2634, .F. ) ;
#666 = CARTESIAN_POINT ( 'NONE',  ( 88.51915833333323747, 113.2987783330167275, -100.0000000000000000 ) ) ;
#667 = EDGE_LOOP ( 'NONE', ( #287, #3606, #1581, #1904 ) ) ;
#668 = ORIENTED_EDGE ( 'NONE', *, *, #2935, .F. ) ;
#669 = DIRECTION ( 'NONE',  ( 1.000000000000000000, 0.000000000000000000, 0.000000000000000000 ) ) ;
#670 = DIRECTION ( 'NONE',  ( 0.000000000000000000, -1.000000000000000000, 0.000000000000000000 ) ) ;
#671 = DIRECTION ( 'NONE',  ( 0.000000000000000000, 0.000000000000000000, 1.000000000000000000 ) ) ;
#672 = CARTESIAN_POINT ( 'NONE',  ( 100.4923673815300020, 114.1166132836171272, 0.3029079205852853729 ) ) ;
#673 = CARTESIAN_POINT ( 'NONE',  ( 184.5191583333332801, 17.30039557924095561, 10.00000000000000000 ) ) ;
#674 = CARTESIAN_POINT ( 'NONE',  ( 44.98869281195592862, 86.65710065485272651, 10.00000000000000000 ) ) ;
#675 = ORIENTED_EDGE ( 'NONE', *, *, #3127, .F. ) ;
#676 = FACE_OUTER_BOUND ( 'NONE', #465, .T. ) ;
#677 = CARTESIAN_POINT ( 'NONE',  ( 149.9999999999999716, -0.001617246224230872720, -104.0000000000000000 ) ) ;
#678 = CYLINDRICAL_SURFACE ( 'NONE', #1180, 4.000000000000000000 ) ;
#679 = EDGE_CURVE ( 'NONE', #2516, #420, #2183, .T. ) ;
#680 = VECTOR ( 'NONE', #652, 1000.000000000000000 ) ;
#681 = DIRECTION ( 'NONE',  ( -1.000000000000000000, -1.364044408080838895E-16, -0.000000000000000000 ) ) ;
#682 = CYLINDRICAL_SURFACE ( 'NONE', #736, 4.000000000000003553 ) ;
#683 = ORIENTED_EDGE ( 'NONE', *, *, #2495, .F. ) ;
#684 = AXIS2_PLACEMENT_3D ( 'NONE', #1264, #1307, #1597 ) ;
#685 = CIRCLE ( 'NONE', #388, 4.000000000000003553 ) ;
#686 = EDGE_CURVE ( 'NONE', #1440, #1596, #513, .T. ) ;
#687 = AXIS2_PLACEMENT_3D ( 'NONE', #1766, #2286, #531 ) ;
#688 = CIRCLE ( 'NONE', #2491, 13.99999999999999822 ) ;
#689 = ORIENTED_EDGE ( 'NONE', *, *, #1327, .T. ) ;
#690 = ORIENTED_EDGE ( 'NONE', *, *, #2691, .F. ) ;
#691 = DIRECTION ( 'NONE',  ( 0.000000000000000000, 0.000000000000000000, 1.000000000000000000 ) ) ;
#692 = DIRECTION ( 'NONE',  ( 0.000000000000000000, 1.000000000000000000, 0.000000000000000000 ) ) ;
#693 = DIRECTION ( 'NONE',  ( -0.000000000000000000, -0.000000000000000000, -1.000000000000000000 ) ) ;
#694 = CARTESIAN_POINT ( 'NONE',  ( -37.50682655186825798, 114.2522735748261624, -3.048120814434686743 ) ) ;
#695 = CARTESIAN_POINT ( 'NONE',  ( -37.50682655186825798, 117.2987783330167275, -110.0000000000000000 ) ) ;
#696 = VECTOR ( 'NONE', #1632, 1000.000000000000000 ) ;
#697 = ORIENTED_EDGE ( 'NONE', *, *, #3276, .T. ) ;
#698 = DIRECTION ( 'NONE',  ( 1.000000000000000000, -0.000000000000000000, 0.000000000000000000 ) ) ;
#699 = PERSON_AND_ORGANIZATION ( #831, #1552 ) ;
#700 = EDGE_LOOP ( 'NONE', ( #1388, #880, #2754, #2906, #1321 ) ) ;
#701 = DIRECTION ( 'NONE',  ( -1.000000000000000000, 1.224492004374497928E-16, 0.000000000000000000 ) ) ;
#702 = AXIS2_PLACEMENT_3D ( 'NONE', #1944, #528, #3463 ) ;
#703 = VERTEX_POINT ( 'NONE', #2967 ) ;
#704 = CARTESIAN_POINT ( 'NONE',  ( -33.50682655186826508, 113.3003955792409556, 10.00000000000000000 ) ) ;
#705 = EDGE_CURVE ( 'NONE', #2270, #1536, #2108, .T. ) ;
#706 = VERTEX_POINT ( 'NONE', #3237 ) ;
#707 = ORIENTED_EDGE ( 'NONE', *, *, #2786, .T. ) ;
#708 = CARTESIAN_POINT ( 'NONE',  ( 74.56249185663389767, 77.61419592108028098, -100.0000000000000000 ) ) ;
#709 = FACE_BOUND ( 'NONE', #3159, .T. ) ;
#710 = CARTESIAN_POINT ( 'NONE',  ( 101.6020969157661682, 114.7152717991345270, 0.7089637450302541666 ) ) ;
#711 = DIRECTION ( 'NONE',  ( -0.000000000000000000, -0.000000000000000000, -1.000000000000000000 ) ) ;
#712 = EDGE_CURVE ( 'NONE', #1967, #1033, #1304, .T. ) ;
#713 = ORIENTED_EDGE ( 'NONE', *, *, #1203, .F. ) ;
#714 = DIRECTION ( 'NONE',  ( -1.000000000000000000, -0.000000000000000000, -0.000000000000000000 ) ) ;
#715 = ADVANCED_FACE ( 'NONE', ( #3257, #1452, #1431 ), #850, .T. ) ;
#716 = PERSON_AND_ORGANIZATION ( #831, #1552 ) ;
#717 = CARTESIAN_POINT ( 'NONE',  ( 92.34049166666667929, 39.90193437630174600, 0.000000000000000000 ) ) ;
#718 = CARTESIAN_POINT ( 'NONE',  ( -37.50682655186826508, 113.2987783330167275, -96.00000000000000000 ) ) ;
#719 = CC_DESIGN_PERSON_AND_ORGANIZATION_ASSIGNMENT ( #3352, #1940, ( #2666 ) ) ;
#720 = ORIENTED_EDGE ( 'NONE', *, *, #2726, .T. ) ;
#721 = CARTESIAN_POINT ( 'NONE',  ( 39.50601804722673904, 113.9679943703018381, -109.9558292544652858 ) ) ;
#722 = ORIENTED_EDGE ( 'NONE', *, *, #3401, .F. ) ;
#723 = AXIS2_PLACEMENT_3D ( 'NONE', #3731, #782, #2830 ) ;
#724 = ADVANCED_FACE ( 'NONE', ( #2647 ), #3491, .F. ) ;
#725 = EDGE_LOOP ( 'NONE', ( #412, #1978, #2094, #2804, #2845, #3585, #1182, #3396, #1961, #2069, #23, #159, #1954, #2940, #1747, #2770, #1606, #2162, #2496, #3018, #31, #1028, #2778, #1323, #1047 ) ) ;
#726 = ORIENTED_EDGE ( 'NONE', *, *, #3181, .F. ) ;
#727 = CARTESIAN_POINT ( 'NONE',  ( 82.34049166666666508, 39.90355162252597410, 6.000000000000000000 ) ) ;
#728 = DIRECTION ( 'NONE',  ( -0.000000000000000000, -0.000000000000000000, -1.000000000000000000 ) ) ;
#729 = DIRECTION ( 'NONE',  ( 0.000000000000000000, 0.000000000000000000, 1.000000000000000000 ) ) ;
#730 = VERTEX_POINT ( 'NONE', #15 ) ;
#731 = DIRECTION ( 'NONE',  ( 1.000000000000000000, -0.000000000000000000, 0.000000000000000000 ) ) ;
#732 = CALENDAR_DATE ( 2026, 30, 5 ) ;
#733 = LINE ( 'NONE', #1331, #2007 ) ;
#734 = ADVANCED_FACE ( 'NONE', ( #1469 ), #3548, .T. ) ;
#735 = ORIENTED_EDGE ( 'NONE', *, *, #2537, .T. ) ;
#736 = AXIS2_PLACEMENT_3D ( 'NONE', #954, #426, #3050 ) ;
#737 = DIRECTION ( 'NONE',  ( 1.000000000000000000, 0.000000000000000000, 0.000000000000000000 ) ) ;
#738 = AXIS2_PLACEMENT_3D ( 'NONE', #380, #1892, #2734 ) ;
#739 = ORIENTED_EDGE ( 'NONE', *, *, #1131, .F. ) ;
#740 = AXIS2_PLACEMENT_3D ( 'NONE', #525, #264, #2048 ) ;
#741 = ORIENTED_EDGE ( 'NONE', *, *, #549, .T. ) ;
#742 = ORIENTED_EDGE ( 'NONE', *, *, #3747, .T. ) ;
#743 = CARTESIAN_POINT ( 'NONE',  ( 105.7938249999999840, 105.6269821291329265, 10.00000000000000000 ) ) ;
#744 = CARTESIAN_POINT ( 'NONE',  ( 72.72567530648224476, 42.65062613056043972, 10.00322257381348834 ) ) ;
#745 = DIRECTION ( 'NONE',  ( -0.000000000000000000, -1.000000000000000000, -0.000000000000000000 ) ) ;
#746 = CIRCLE ( 'NONE', #1800, 4.000000000000003553 ) ;
#747 = EDGE_CURVE ( 'NONE', #848, #3706, #816, .T. ) ;
#748 = CIRCLE ( 'NONE', #2355, 4.000000000000003553 ) ;
#749 = AXIS2_PLACEMENT_3D ( 'NONE', #889, #3184, #1409 ) ;
#750 = ORIENTED_EDGE ( 'NONE', *, *, #2608, .F. ) ;
#751 = DIRECTION ( 'NONE',  ( -1.000000000000000000, 0.000000000000000000, -0.000000000000000000 ) ) ;
#752 = PERSON_AND_ORGANIZATION ( #831, #1552 ) ;
#753 = CARTESIAN_POINT ( 'NONE',  ( 101.6078613051708572, 114.7179586299833005, 9.288680460524785687 ) ) ;
#754 = CARTESIAN_POINT ( 'NONE',  ( 92.30452344745432924, 39.63404431571872522, 10.00000000000000178 ) ) ;
#755 = AXIS2_PLACEMENT_3D ( 'NONE', #3820, #2990, #3583 ) ;
#756 = DIRECTION ( 'NONE',  ( -0.000000000000000000, 0.000000000000000000, 1.000000000000000000 ) ) ;
#757 = CYLINDRICAL_SURFACE ( 'NONE', #1932, 10.00000000000000178 ) ;
#758 = EDGE_CURVE ( 'NONE', #3710, #3086, #3199, .T. ) ;
#759 = ORIENTED_EDGE ( 'NONE', *, *, #1494, .T. ) ;
#760 = EDGE_LOOP ( 'NONE', ( #942, #3007, #726, #1740 ) ) ;
#761 = EDGE_CURVE ( 'NONE', #241, #2443, #562, .T. ) ;
#762 = EDGE_CURVE ( 'NONE', #937, #2197, #3316, .T. ) ;
#763 = ORIENTED_EDGE ( 'NONE', *, *, #3013, .T. ) ;
#764 = AXIS2_PLACEMENT_3D ( 'NONE', #3258, #1161, #2664 ) ;
#765 = ORIENTED_EDGE ( 'NONE', *, *, #747, .T. ) ;
#766 = DIRECTION ( 'NONE',  ( 0.000000000000000000, -1.000000000000000000, 0.000000000000000000 ) ) ;
#767 = CARTESIAN_POINT ( 'NONE',  ( -37.50682655186825798, 113.2987783330167417, 6.000000000000000000 ) ) ;
#768 = ORIENTED_EDGE ( 'NONE', *, *, #2547, .T. ) ;
#769 = CARTESIAN_POINT ( 'NONE',  ( 77.00263181602461771, 94.87949732798851699, 6.231147993164322330 ) ) ;
#770 = LINE ( 'NONE', #3734, #1290 ) ;
#771 = CARTESIAN_POINT ( 'NONE',  ( -37.50682655186823666, -35.31283891320750712, -106.0000000000000000 ) ) ;
#772 = LINE ( 'NONE', #807, #485 ) ;
#773 = LINE ( 'NONE', #507, #1487 ) ;
#774 = LINE ( 'NONE', #474, #2999 ) ;
#775 = ORIENTED_EDGE ( 'NONE', *, *, #1923, .F. ) ;
#776 = EDGE_CURVE ( 'NONE', #3086, #3093, #1680, .T. ) ;
#777 = CARTESIAN_POINT ( 'NONE',  ( 37.97894806966166215, 115.3566543899432162, -109.4418931232367243 ) ) ;
#778 = ORIENTED_EDGE ( 'NONE', *, *, #705, .T. ) ;
#779 = DIRECTION ( 'NONE',  ( -0.000000000000000000, -0.000000000000000000, -1.000000000000000000 ) ) ;
#780 = EDGE_CURVE ( 'NONE', #868, #1642, #3227, .T. ) ;
#781 = ORIENTED_EDGE ( 'NONE', *, *, #1710, .T. ) ;
#782 = DIRECTION ( 'NONE',  ( -1.000000000000000000, -1.364029953115296624E-16, 0.000000000000000000 ) ) ;
#783 = DIRECTION ( 'NONE',  ( 1.000000000000000000, 1.364044408080838895E-16, -0.000000000000000000 ) ) ;
#784 = AXIS2_PLACEMENT_3D ( 'NONE', #1539, #693, #3365 ) ;
#785 = VECTOR ( 'NONE', #2543, 1000.000000000000000 ) ;
#786 = ORIENTED_EDGE ( 'NONE', *, *, #3619, .F. ) ;
#787 = CARTESIAN_POINT ( 'NONE',  ( 95.83603062122000438, 106.6933236249242185, -109.6242130988133283 ) ) ;
#788 = FACE_OUTER_BOUND ( 'NONE', #413, .T. ) ;
#789 = CARTESIAN_POINT ( 'NONE',  ( 92.57336485268895387, 46.27087781353650797, 9.498466356093812735 ) ) ;
#790 = DIRECTION ( 'NONE',  ( -1.000000000000000000, -1.364044408080838895E-16, -0.000000000000000000 ) ) ;
#791 = VERTEX_POINT ( 'NONE', #1767 ) ;
#792 = DIRECTION ( 'NONE',  ( 0.000000000000000000, 0.000000000000000000, 1.000000000000000000 ) ) ;
#793 = EDGE_CURVE ( 'NONE', #1879, #377, #158, .T. ) ;
#794 = ORIENTED_EDGE ( 'NONE', *, *, #2376, .T. ) ;
#795 = DIRECTION ( 'NONE',  ( -1.000000000000000000, 1.224646799147353454E-16, 0.000000000000000000 ) ) ;
#796 = AXIS2_PLACEMENT_3D ( 'NONE', #472, #524, #1700 ) ;
#797 = EDGE_LOOP ( 'NONE', ( #3809, #2898, #144, #293 ) ) ;
#798 = EDGE_CURVE ( 'NONE', #2403, #2858, #875, .T. ) ;
#799 = CARTESIAN_POINT ( 'NONE',  ( -33.50682655186825087, 17.30039557924093785, -4.000000000000000000 ) ) ;
#800 = DIRECTION ( 'NONE',  ( 0.000000000000000000, 0.000000000000000000, 1.000000000000000000 ) ) ;
#801 = CIRCLE ( 'NONE', #19, 18.55000000000001137 ) ;
#802 = AXIS2_PLACEMENT_3D ( 'NONE', #1179, #1140, #602 ) ;
#803 = VERTEX_POINT ( 'NONE', #2663 ) ;
#804 = CARTESIAN_POINT ( 'NONE',  ( 67.09632921359812485, 97.65614507999578109, 10.00000000000000000 ) ) ;
#805 = VECTOR ( 'NONE', #21, 1000.000000000000000 ) ;
#806 = CARTESIAN_POINT ( 'NONE',  ( 105.0626197261299097, 115.6075455431168422, 7.564306851831725353 ) ) ;
#807 = CARTESIAN_POINT ( 'NONE',  ( 95.79382499999999823, 99.65776232622010866, 10.00000000000000000 ) ) ;
#808 = CARTESIAN_POINT ( 'NONE',  ( 92.21913555413465247, 49.44071469576417854, -109.9999999999999574 ) ) ;
#809 = AXIS2_PLACEMENT_3D ( 'NONE', #2246, #2224, #3428 ) ;
#810 = CARTESIAN_POINT ( 'NONE',  ( 150.0000000000000000, 0.000000000000000000, 10.00000000000000000 ) ) ;
#811 = CIRCLE ( 'NONE', #2421, 100.0000000000000000 ) ;
#812 = CARTESIAN_POINT ( 'NONE',  ( 184.5191583333332801, 4.688778333016715649, 10.00000000000000000 ) ) ;
#813 = AXIS2_PLACEMENT_3D ( 'NONE', #1025, #3330, #982 ) ;
#814 = ORIENTED_EDGE ( 'NONE', *, *, #1001, .T. ) ;
#815 = CIRCLE ( 'NONE', #2301, 4.099999999999999645 ) ;
#816 = CIRCLE ( 'NONE', #749, 4.000000000000003553 ) ;
#817 = CARTESIAN_POINT ( 'NONE',  ( 41.94881985874917518, 108.6672844291930886, -110.0000000000000000 ) ) ;
#818 = DIRECTION ( 'NONE',  ( 0.000000000000000000, -0.000000000000000000, 1.000000000000000000 ) ) ;
#819 = EDGE_LOOP ( 'NONE', ( #2088, #3309, #713, #1052 ) ) ;
#820 = CARTESIAN_POINT ( 'NONE',  ( 104.6778536806781261, 115.5706551643082349, -102.2211273668909541 ) ) ;
#821 = VERTEX_POINT ( 'NONE', #907 ) ;
#822 = EDGE_CURVE ( 'NONE', #1925, #825, #1273, .T. ) ;
#823 = CARTESIAN_POINT ( 'NONE',  ( 95.79382499999998402, 105.6269821291324291, 9.234059775516024970 ) ) ;
#824 = VECTOR ( 'NONE', #790, 1000.000000000000000 ) ;
#825 = VERTEX_POINT ( 'NONE', #96 ) ;
#826 = CARTESIAN_POINT ( 'NONE',  ( 72.45750672981971263, 98.83480153328656570, 9.960093543591728604 ) ) ;
#827 = CARTESIAN_POINT ( 'NONE',  ( 36.98743403862462031, 115.9996321868882063, -101.0377011826555531 ) ) ;
#828 = DIRECTION ( 'NONE',  ( 0.000000000000000000, 0.000000000000000000, 1.000000000000000000 ) ) ;
#829 = DIRECTION ( 'NONE',  ( 1.000000000000000000, 0.000000000000000000, 0.000000000000000000 ) ) ;
#830 = CARTESIAN_POINT ( 'NONE',  ( 32.04267949408814076, 117.3003955792409556, 6.000000000000000000 ) ) ;
#831 = PERSON ( 'UNSPECIFIED', 'UNSPECIFIED', 'UNSPECIFIED', ('UNSPECIFIED'), ('UNSPECIFIED'), ('UNSPECIFIED') ) ;
#832 = EDGE_CURVE ( 'NONE', #2761, #1353, #2364, .T. ) ;
#833 = ORIENTED_EDGE ( 'NONE', *, *, #2832, .T. ) ;
#834 = DIRECTION ( 'NONE',  ( -0.000000000000000000, -0.000000000000000000, -1.000000000000000000 ) ) ;
#835 = DIRECTION ( 'NONE',  ( -1.000000000000000000, 0.000000000000000000, 0.000000000000000000 ) ) ;
#836 = ORIENTED_EDGE ( 'NONE', *, *, #1413, .F. ) ;
#837 = DIRECTION ( 'NONE',  ( 1.000000000000000000, 0.000000000000000000, 0.000000000000000000 ) ) ;
#838 = EDGE_LOOP ( 'NONE', ( #3477, #650, #3806, #1374, #2062, #2232 ) ) ;
#839 = ADVANCED_FACE ( 'NONE', ( #368 ), #404, .T. ) ;
#840 = ORIENTED_EDGE ( 'NONE', *, *, #1224, .T. ) ;
#841 = CARTESIAN_POINT ( 'NONE',  ( 38.61456526006765699, 114.8486613698990482, 0.3007628923069297078 ) ) ;
#842 = CIRCLE ( 'NONE', #2400, 10.00000000000000178 ) ;
#843 = CARTESIAN_POINT ( 'NONE',  ( 188.5191583333332801, 17.29877833301601697, -104.0000000000000000 ) ) ;
#844 = ORIENTED_EDGE ( 'NONE', *, *, #2299, .T. ) ;
#845 = FACE_OUTER_BOUND ( 'NONE', #3286, .T. ) ;
#846 = DIRECTION ( 'NONE',  ( 0.000000000000000000, 0.000000000000000000, 1.000000000000000000 ) ) ;
#847 = CARTESIAN_POINT ( 'NONE',  ( 148.5191583333330243, -31.31122166698327547, 6.000000000000000000 ) ) ;
#848 = VERTEX_POINT ( 'NONE', #3027 ) ;
#849 = CARTESIAN_POINT ( 'NONE',  ( -37.50682655186823666, 6.091278333016718172, -64.44999999999991758 ) ) ;
#850 = PLANE ( 'NONE',  #2683 ) ;
#851 = EDGE_CURVE ( 'NONE', #1328, #3093, #1256, .T. ) ;
#852 = CARTESIAN_POINT ( 'NONE',  ( 95.79382499999995559, 102.0697210202896343, -107.4933669626623498 ) ) ;
#853 = EDGE_CURVE ( 'NONE', #1850, #3764, #1525, .T. ) ;
#854 = ORIENTED_EDGE ( 'NONE', *, *, #793, .T. ) ;
#855 = CARTESIAN_POINT ( 'NONE',  ( 100.1265044384185643, 113.8759325661914090, -109.8051605000371609 ) ) ;
#856 = DIRECTION ( 'NONE',  ( -1.000000000000000000, 0.000000000000000000, 0.000000000000000000 ) ) ;
#857 = ORIENTED_EDGE ( 'NONE', *, *, #542, .T. ) ;
#858 = AXIS2_PLACEMENT_3D ( 'NONE', #932, #645, #2748 ) ;
#859 = AXIS2_PLACEMENT_3D ( 'NONE', #166, #3171, #2877 ) ;
#860 = ORIENTED_EDGE ( 'NONE', *, *, #994, .F. ) ;
#861 = CARTESIAN_POINT ( 'NONE',  ( 32.76365985547841575, 117.2759975848812530, 3.544388100274380005 ) ) ;
#862 = CARTESIAN_POINT ( 'NONE',  ( 72.86129177709321425, 45.17189717023448026, 8.465809048299567152 ) ) ;
#863 = DIRECTION ( 'NONE',  ( -0.000000000000000000, -0.000000000000000000, -1.000000000000000000 ) ) ;
#864 = FACE_OUTER_BOUND ( 'NONE', #2997, .T. ) ;
#865 = CARTESIAN_POINT ( 'NONE',  ( 34.90856304615563488, 116.9084226457874109, 7.788006330429888990 ) ) ;
#866 = AXIS2_PLACEMENT_3D ( 'NONE', #36, #1198, #2388 ) ;
#867 = AXIS2_PLACEMENT_3D ( 'NONE', #2929, #3194, #1420 ) ;
#868 = VERTEX_POINT ( 'NONE', #489 ) ;
#869 = CARTESIAN_POINT ( 'NONE',  ( -37.50682655186824377, -34.79638810583669084, -100.4976817167761425 ) ) ;
#870 = TOROIDAL_SURFACE ( 'NONE', #3785, 96.00000000000000000, 4.000000000000000000 ) ;
#871 = CARTESIAN_POINT ( 'NONE',  ( 184.5191583333332801, 4.687161086792484888, -100.0000000000000000 ) ) ;
#872 = DIRECTION ( 'NONE',  ( 0.000000000000000000, 1.000000000000000000, 0.000000000000000000 ) ) ;
#873 = EDGE_CURVE ( 'NONE', #2874, #1507, #2527, .T. ) ;
#874 = LINE ( 'NONE', #2056, #1257 ) ;
#875 = CIRCLE ( 'NONE', #3592, 4.000000000000003553 ) ;
#876 = EDGE_LOOP ( 'NONE', ( #125, #2366, #2862, #539 ) ) ;
#877 = CARTESIAN_POINT ( 'NONE',  ( 100.1303606287089139, 113.8786337282224537, -100.1958360901582665 ) ) ;
#878 = B_SPLINE_CURVE_WITH_KNOTS ( 'NONE', 3,
 ( #1841, #3026, #95, #3622, #349, #3274, #906, #2090, #3009, #14, #638 ),
 .UNSPECIFIED., .F., .F.,
 ( 4, 2, 2, 1, 2, 4 ),
 ( 0.02876809716461848840, 0.03212075886983922074, 0.03379708972244960252, 0.03463525514875478994, 0.03505433786190740447, 0.03547342057506001900 ),
 .UNSPECIFIED. ) ;
#879 = ORIENTED_EDGE ( 'NONE', *, *, #295, .T. ) ;
#880 = ORIENTED_EDGE ( 'NONE', *, *, #316, .T. ) ;
#881 = DIRECTION ( 'NONE',  ( -1.000000000000000000, 0.000000000000000000, 0.000000000000000000 ) ) ;
#882 = FACE_OUTER_BOUND ( 'NONE', #891, .T. ) ;
#883 = FACE_BOUND ( 'NONE', #134, .T. ) ;
#884 = CARTESIAN_POINT ( 'NONE',  ( 68.47425074252969068, 99.65614507999580951, 10.00000000000000000 ) ) ;
#885 = CARTESIAN_POINT ( 'NONE',  ( 32.04290288631657546, 117.2987783330167275, -104.0000000000000000 ) ) ;
#886 = EDGE_LOOP ( 'NONE', ( #690, #3402 ) ) ;
#887 = CARTESIAN_POINT ( 'NONE',  ( -47.50682655186824377, -35.31122166698328613, 10.00000000000000000 ) ) ;
#888 = CARTESIAN_POINT ( 'NONE',  ( 72.73266884177655811, 42.72360314899244571, -106.3591957714876344 ) ) ;
#889 = CARTESIAN_POINT ( 'NONE',  ( 184.5191583333332801, 4.687161086792484888, -104.0000000000000000 ) ) ;
#890 = CYLINDRICAL_SURFACE ( 'NONE', #764, 4.000000000000000000 ) ;
#891 = EDGE_LOOP ( 'NONE', ( #597, #3169, #1343, #2303 ) ) ;
#892 = CARTESIAN_POINT ( 'NONE',  ( 99.42940701693311212, 113.3509440314882681, -109.9558100709418227 ) ) ;
#893 = ORIENTED_EDGE ( 'NONE', *, *, #895, .F. ) ;
#894 = LINE ( 'NONE', #2319, #3143 ) ;
#895 = EDGE_CURVE ( 'NONE', #1350, #2408, #2555, .T. ) ;
#896 = EDGE_CURVE ( 'NONE', #1693, #2468, #1745, .T. ) ;
#897 = CIRCLE ( 'NONE', #3069, 3.250000000000007550 ) ;
#898 = EDGE_LOOP ( 'NONE', ( #2876, #1279, #3729, #552 ) ) ;
#899 = FACE_OUTER_BOUND ( 'NONE', #3748, .T. ) ;
#900 = CARTESIAN_POINT ( 'NONE',  ( 100.1303606287089991, 113.8802509744467670, 9.804163909841719260 ) ) ;
#901 = CARTESIAN_POINT ( 'NONE',  ( 72.75049140170273176, 48.12566015135439557, 9.767098774542015249 ) ) ;
#902 = DIRECTION ( 'NONE',  ( 1.000000000000000000, 0.000000000000000000, 0.000000000000000000 ) ) ;
#903 = CARTESIAN_POINT ( 'NONE',  ( 40.04267949408816207, 113.3003955792409556, 10.00000000000000000 ) ) ;
#904 = ORIENTED_EDGE ( 'NONE', *, *, #549, .F. ) ;
#905 = CARTESIAN_POINT ( 'NONE',  ( 98.77599707759580383, 112.7508919581189133, 10.00000000000000000 ) ) ;
#906 = CARTESIAN_POINT ( 'NONE',  ( 95.79382500000001244, 100.4970336979413474, 6.529773133539651830 ) ) ;
#907 = CARTESIAN_POINT ( 'NONE',  ( 68.47425074252969068, 99.65614507999580951, 0.000000000000000000 ) ) ;
#908 = CARTESIAN_POINT ( 'NONE',  ( -33.50682655186826508, 117.2987783330167275, -104.0000000000000000 ) ) ;
#909 = ORIENTED_EDGE ( 'NONE', *, *, #3625, .F. ) ;
#910 = AXIS2_PLACEMENT_3D ( 'NONE', #1302, #2753, #2176 ) ;
#911 = CARTESIAN_POINT ( 'NONE',  ( 107.3381547261273710, 115.5072353969135150, -106.2286710380017638 ) ) ;
#912 = ADVANCED_FACE ( 'NONE', ( #3371 ), #1124, .T. ) ;
#913 = DIRECTION ( 'NONE',  ( 1.000000000000000000, 0.000000000000000000, 0.000000000000000000 ) ) ;
#914 = ORIENTED_EDGE ( 'NONE', *, *, #1674, .T. ) ;
#915 = EDGE_CURVE ( 'NONE', #3550, #2721, #3046, .T. ) ;
#916 = ORIENTED_EDGE ( 'NONE', *, *, #2318, .F. ) ;
#917 = DIRECTION ( 'NONE',  ( 0.000000000000000000, -1.000000000000000000, 0.000000000000000000 ) ) ;
#918 = DIRECTION ( 'NONE',  ( 0.000000000000000000, 0.000000000000000000, 1.000000000000000000 ) ) ;
#919 = FACE_OUTER_BOUND ( 'NONE', #25, .T. ) ;
#920 = DIRECTION ( 'NONE',  ( 1.000000000000000000, 0.000000000000000000, 0.000000000000000000 ) ) ;
#921 = CARTESIAN_POINT ( 'NONE',  ( -37.50682655186823666, -31.79647340476489248, -3.514747655612122212 ) ) ;
#922 = EDGE_CURVE ( 'NONE', #2137, #1814, #997, .T. ) ;
#923 = ORIENTED_EDGE ( 'NONE', *, *, #3170, .T. ) ;
#924 = CARTESIAN_POINT ( 'NONE',  ( -33.50682655186825087, 117.3003955792409556, 4.000000000000000000 ) ) ;
#925 = CARTESIAN_POINT ( 'NONE',  ( 0.000000000000000000, -0.001617246224230872720, -100.0000000000000000 ) ) ;
#926 = CARTESIAN_POINT ( 'NONE',  ( 0.000000000000000000, -0.001617246224230872720, -110.0000000000000000 ) ) ;
#927 = CARTESIAN_POINT ( 'NONE',  ( -37.50682655186823666, -35.31122166698327902, 4.000000000000000000 ) ) ;
#928 = ADVANCED_FACE ( 'NONE', ( #3441 ), #3168, .T. ) ;
#929 = ORIENTED_EDGE ( 'NONE', *, *, #2389, .F. ) ;
#930 = FACE_OUTER_BOUND ( 'NONE', #255, .T. ) ;
#931 = CIRCLE ( 'NONE', #2295, 13.99999999999999822 ) ;
#932 = CARTESIAN_POINT ( 'NONE',  ( 148.5191583333332801, 4.688778333016715649, 4.000000000000000000 ) ) ;
#933 = VECTOR ( 'NONE', #1952, 1000.000000000000000 ) ;
#934 = DIRECTION ( 'NONE',  ( 0.000000000000000000, 0.000000000000000000, 1.000000000000000000 ) ) ;
#935 = AXIS2_PLACEMENT_3D ( 'NONE', #456, #2190, #506 ) ;
#936 = AXIS2_PLACEMENT_3D ( 'NONE', #925, #2743, #3605 ) ;
#937 = VERTEX_POINT ( 'NONE', #3672 ) ;
#938 = VECTOR ( 'NONE', #227, 1000.000000000000000 ) ;
#939 = AXIS2_PLACEMENT_3D ( 'NONE', #116, #1998, #3180 ) ;
#940 = VECTOR ( 'NONE', #3757, 1000.000000000000000 ) ;
#941 = EDGE_CURVE ( 'NONE', #2474, #2249, #389, .T. ) ;
#942 = ORIENTED_EDGE ( 'NONE', *, *, #1195, .T. ) ;
#943 = DIRECTION ( 'NONE',  ( -1.000000000000000000, -1.364044408080838895E-16, -0.000000000000000000 ) ) ;
#944 = FACE_OUTER_BOUND ( 'NONE', #1164, .T. ) ;
#945 = DIRECTION ( 'NONE',  ( 0.000000000000000000, 0.000000000000000000, -1.000000000000000000 ) ) ;
#946 = DIRECTION ( 'NONE',  ( -1.000000000000000000, -1.364044408080838895E-16, -0.000000000000000000 ) ) ;
#947 = ORIENTED_EDGE ( 'NONE', *, *, #1887, .F. ) ;
#948 = DIRECTION ( 'NONE',  ( 0.000000000000000000, -1.000000000000000000, 0.000000000000000000 ) ) ;
#949 = CARTESIAN_POINT ( 'NONE',  ( 98.77599707759577541, 112.7492747118946994, -110.0000000000000000 ) ) ;
#950 = DIRECTION ( 'NONE',  ( 0.000000000000000000, 0.000000000000000000, 1.000000000000000000 ) ) ;
#951 = EDGE_CURVE ( 'NONE', #3694, #2730, #688, .T. ) ;
#952 = ORIENTED_EDGE ( 'NONE', *, *, #3553, .F. ) ;
#953 = DIRECTION ( 'NONE',  ( -1.000000000000000000, 6.938893903907234689E-15, -6.938893903907229167E-15 ) ) ;
#954 = CARTESIAN_POINT ( 'NONE',  ( 88.51915833333323747, 113.2987783330167275, -106.0000000000000000 ) ) ;
#955 = PLANE ( 'NONE',  #1319 ) ;
#956 = ORIENTED_EDGE ( 'NONE', *, *, #3692, .F. ) ;
#957 = VERTEX_POINT ( 'NONE', #704 ) ;
#958 = CARTESIAN_POINT ( 'NONE',  ( 95.79382499999998402, 105.6269821291324291, 9.234059775516024970 ) ) ;
#959 = DIRECTION ( 'NONE',  ( -0.000000000000000000, -0.000000000000000000, -1.000000000000000000 ) ) ;
#960 = DIRECTION ( 'NONE',  ( -1.000000000000000000, 0.000000000000000000, 0.000000000000000000 ) ) ;
#961 = CARTESIAN_POINT ( 'NONE',  ( 106.7708651653203873, 115.5809731636319242, 3.429628571382017377 ) ) ;
#962 = CYLINDRICAL_SURFACE ( 'NONE', #120, 9.999999999999994671 ) ;
#963 = ADVANCED_FACE ( 'NONE', ( #410 ), #3090, .T. ) ;
#964 = VERTEX_POINT ( 'NONE', #2452 ) ;
#965 = FACE_OUTER_BOUND ( 'NONE', #2435, .T. ) ;
#966 = CARTESIAN_POINT ( 'NONE',  ( 72.84824605418823751, 44.56466475662575277, -108.0750756310741423 ) ) ;
#967 = CARTESIAN_POINT ( 'NONE',  ( 92.34613012378146379, 39.94372019988754374, -106.2336250793013335 ) ) ;
#968 = ADVANCED_FACE ( 'NONE', ( #3627 ), #1181, .T. ) ;
#969 = DIRECTION ( 'NONE',  ( 6.938893903907221278E-15, 1.000000000000000000, -0.000000000000000000 ) ) ;
#970 = CARTESIAN_POINT ( 'NONE',  ( 72.34049166666669350, 39.90193437630174600, -100.0000000000000000 ) ) ;
#971 = VERTEX_POINT ( 'NONE', #428 ) ;
#972 = CARTESIAN_POINT ( 'NONE',  ( 99.79382499999999823, 99.65776232622010866, 10.00000000000000000 ) ) ;
#973 = VERTEX_POINT ( 'NONE', #1593 ) ;
#974 = ORIENTED_EDGE ( 'NONE', *, *, #2941, .T. ) ;
#975 = VECTOR ( 'NONE', #1701, 1000.000000000000000 ) ;
#976 = CARTESIAN_POINT ( 'NONE',  ( 149.9999999999999716, -0.001617246224230872720, -100.0000000000000000 ) ) ;
#977 = CYLINDRICAL_SURFACE ( 'NONE', #3525, 2.000000000000001776 ) ;
#978 = CARTESIAN_POINT ( 'NONE',  ( -37.50682655186823666, -35.31122166698330034, -110.0000000000000000 ) ) ;
#979 = LINE ( 'NONE', #1600, #3661 ) ;
#980 = CARTESIAN_POINT ( 'NONE',  ( 149.9999999999999716, -0.001617246224230872720, -110.0000000000000000 ) ) ;
#981 = EDGE_LOOP ( 'NONE', ( #1980, #3355, #1769, #383 ) ) ;
#982 = DIRECTION ( 'NONE',  ( 0.000000000000000000, 0.000000000000000000, -1.000000000000000000 ) ) ;
#983 = SHAPE_DEFINITION_REPRESENTATION ( #2896, #2266 ) ;
#984 = CARTESIAN_POINT ( 'NONE',  ( 77.13357096215563047, 94.65614507999583793, -106.0000000000000000 ) ) ;
#985 = CARTESIAN_POINT ( 'NONE',  ( -37.50682655186827219, 116.3845342447097266, -99.65981308332139577 ) ) ;
#986 = EDGE_LOOP ( 'NONE', ( #3393, #515, #1187, #2377 ) ) ;
#987 = EDGE_CURVE ( 'NONE', #2120, #2701, #2789, .T. ) ;
#988 = DIRECTION ( 'NONE',  ( 0.000000000000000000, 1.000000000000000000, 0.000000000000000000 ) ) ;
#989 = CARTESIAN_POINT ( 'NONE',  ( -8.099999999999999645, -0.001617246224229880892, -106.0000000000000000 ) ) ;
#990 = CIRCLE ( 'NONE', #3651, 10.00000000000000178 ) ;
#991 = VERTEX_POINT ( 'NONE', #1300 ) ;
#992 = AXIS2_PLACEMENT_3D ( 'NONE', #2022, #2633, #2611 ) ;
#993 = CIRCLE ( 'NONE', #207, 4.000000000000003553 ) ;
#994 = EDGE_CURVE ( 'NONE', #1024, #2393, #3106, .T. ) ;
#995 = EDGE_CURVE ( 'NONE', #3093, #3086, #3294, .T. ) ;
#996 = LOCAL_TIME ( 15, 45, 13.00000000000000000, #1881 ) ;
#997 = CIRCLE ( 'NONE', #3536, 4.000000000000003553 ) ;
#998 = ORIENTED_EDGE ( 'NONE', *, *, #1163, .F. ) ;
#999 = ORIENTED_EDGE ( 'NONE', *, *, #2153, .T. ) ;
#1000 = CARTESIAN_POINT ( 'NONE',  ( 32.04267949408813365, 117.3003955792409556, 4.000000000000000000 ) ) ;
#1001 = EDGE_CURVE ( 'NONE', #991, #2936, #1385, .T. ) ;
#1002 = FACE_OUTER_BOUND ( 'NONE', #3588, .T. ) ;
#1003 = DIRECTION ( 'NONE',  ( 1.000000000000000000, 2.487593464550741373E-14, 0.000000000000000000 ) ) ;
#1004 = DIRECTION ( 'NONE',  ( -1.000000000000000000, 0.000000000000000000, 0.000000000000000000 ) ) ;
#1005 = VERTEX_POINT ( 'NONE', #3486 ) ;
#1006 = DIRECTION ( 'NONE',  ( -0.000000000000000000, -0.000000000000000000, -1.000000000000000000 ) ) ;
#1007 = APPROVAL_ROLE ( '' ) ;
#1008 = CARTESIAN_POINT ( 'NONE',  ( 0.000000000000000000, 0.000000000000000000, 6.000000000000000000 ) ) ;
#1009 = DIRECTION ( 'NONE',  ( 0.000000000000000000, 1.000000000000000000, 0.000000000000000000 ) ) ;
#1010 = VERTEX_POINT ( 'NONE', #2586 ) ;
#1011 = DIRECTION ( 'NONE',  ( -1.000000000000000000, -1.364044408080838895E-16, -0.000000000000000000 ) ) ;
#1012 = EDGE_CURVE ( 'NONE', #2270, #1869, #1093, .T. ) ;
#1013 = AXIS2_PLACEMENT_3D ( 'NONE', #2333, #2648, #2405 ) ;
#1014 = ORIENTED_EDGE ( 'NONE', *, *, #2418, .T. ) ;
#1015 = ORIENTED_EDGE ( 'NONE', *, *, #3148, .T. ) ;
#1016 = ORIENTED_EDGE ( 'NONE', *, *, #2709, .F. ) ;
#1017 = CARTESIAN_POINT ( 'NONE',  ( 102.7472320284504264, 115.1582881793059272, -101.2209690189261124 ) ) ;
#1018 = EDGE_CURVE ( 'NONE', #1642, #220, #1922, .T. ) ;
#1019 = CARTESIAN_POINT ( 'NONE',  ( 65.09632921359812485, 97.65614507999578109, 10.00000000000000000 ) ) ;
#1020 = DIRECTION ( 'NONE',  ( 0.000000000000000000, 0.000000000000000000, 1.000000000000000000 ) ) ;
#1021 = EDGE_CURVE ( 'NONE', #3582, #3568, #265, .T. ) ;
#1022 = DIRECTION ( 'NONE',  ( -1.000000000000000000, -1.364044408080838895E-16, 0.000000000000000000 ) ) ;
#1023 = CARTESIAN_POINT ( 'NONE',  ( -37.50682655186823666, -31.31122166698327547, -4.000000000000000000 ) ) ;
#1024 = VERTEX_POINT ( 'NONE', #1155 ) ;
#1025 = CARTESIAN_POINT ( 'NONE',  ( 184.5191583333332801, 17.30039557924024862, 6.000000000000000000 ) ) ;
#1026 = COORDINATED_UNIVERSAL_TIME_OFFSET ( 8, 0, .BEHIND. ) ;
#1027 = DIRECTION ( 'NONE',  ( 0.000000000000000000, 0.000000000000000000, 1.000000000000000000 ) ) ;
#1028 = ORIENTED_EDGE ( 'NONE', *, *, #3692, .T. ) ;
#1029 = APPLICATION_CONTEXT ( 'configuration controlled 3d designs of mechanical parts and assemblies' ) ;
#1030 = ORIENTED_EDGE ( 'NONE', *, *, #3224, .F. ) ;
#1031 = EDGE_CURVE ( 'NONE', #1879, #1350, #2116, .T. ) ;
#1032 = AXIS2_PLACEMENT_3D ( 'NONE', #3398, #1893, #3115 ) ;
#1033 = VERTEX_POINT ( 'NONE', #2904 ) ;
#1034 = VERTEX_POINT ( 'NONE', #3212 ) ;
#1035 = LINE ( 'NONE', #1378, #1895 ) ;
#1036 = CARTESIAN_POINT ( 'NONE',  ( 188.5191583333332801, 4.688778333016715649, 4.000000000000000000 ) ) ;
#1037 = CARTESIAN_POINT ( 'NONE',  ( 88.51915833333254113, 113.3003955792409556, 0.000000000000000000 ) ) ;
#1038 = ORIENTED_EDGE ( 'NONE', *, *, #758, .T. ) ;
#1039 = CYLINDRICAL_SURFACE ( 'NONE', #212, 16.99999999999998579 ) ;
#1040 = CARTESIAN_POINT ( 'NONE',  ( 34.90878643838408379, 116.9068053995631971, -102.2119936695701483 ) ) ;
#1041 = DIRECTION ( 'NONE',  ( 0.000000000000000000, 1.000000000000000000, 0.000000000000000000 ) ) ;
#1042 = CARTESIAN_POINT ( 'NONE',  ( -47.50682655186825798, 117.2987783330167417, 10.00000000000000000 ) ) ;
#1043 = EDGE_CURVE ( 'NONE', #2339, #1291, #1404, .T. ) ;
#1044 = ORIENTED_EDGE ( 'NONE', *, *, #3339, .T. ) ;
#1045 = DIRECTION ( 'NONE',  ( -1.000000000000000000, 0.000000000000000000, 0.000000000000000000 ) ) ;
#1046 = VECTOR ( 'NONE', #108, 1000.000000000000000 ) ;
#1047 = ORIENTED_EDGE ( 'NONE', *, *, #1551, .T. ) ;
#1048 = CIRCLE ( 'NONE', #866, 35.99999999999997868 ) ;
#1049 = VECTOR ( 'NONE', #414, 1000.000000000000000 ) ;
#1050 = CIRCLE ( 'NONE', #1422, 16.99999999999998579 ) ;
#1051 = ORIENTED_EDGE ( 'NONE', *, *, #3647, .F. ) ;
#1052 = ORIENTED_EDGE ( 'NONE', *, *, #2751, .F. ) ;
#1053 = CARTESIAN_POINT ( 'NONE',  ( 184.5191583333332801, 4.687161086792484888, -110.0000000000000000 ) ) ;
#1054 = DIRECTION ( 'NONE',  ( 1.000000000000000000, 0.000000000000000000, 0.000000000000000000 ) ) ;
#1055 = FACE_BOUND ( 'NONE', #1417, .T. ) ;
#1056 = AXIS2_PLACEMENT_3D ( 'NONE', #2332, #2019, #581 ) ;
#1057 = EDGE_CURVE ( 'NONE', #1406, #1068, #1748, .T. ) ;
#1058 = ORIENTED_EDGE ( 'NONE', *, *, #2251, .T. ) ;
#1059 = CALENDAR_DATE ( 2026, 30, 5 ) ;
#1060 = CARTESIAN_POINT ( 'NONE',  ( 33.48772696142423655, 117.2005002131517131, -103.0892607628041873 ) ) ;
#1061 = CARTESIAN_POINT ( 'NONE',  ( 67.09632921359812485, 97.65614507999578109, -110.0000000000000000 ) ) ;
#1062 = CARTESIAN_POINT ( 'NONE',  ( 96.33473351621232439, 108.8696811901352248, -110.0000000000000000 ) ) ;
#1063 = CARTESIAN_POINT ( 'NONE',  ( 88.51915833333325168, 17.30039557924095561, 10.00000000000000000 ) ) ;
#1064 = ORIENTED_EDGE ( 'NONE', *, *, #3391, .T. ) ;
#1065 = ADVANCED_FACE ( 'NONE', ( #2512 ), #3798, .T. ) ;
#1066 = B_SPLINE_CURVE_WITH_KNOTS ( 'NONE', 3,
 ( #3030, #1553, #350, #2372 ),
 .UNSPECIFIED., .F., .F.,
 ( 4, 4 ),
 ( 0.09850698521065141822, 0.9687034838219578115 ),
 .UNSPECIFIED. ) ;
#1067 = ORIENTED_EDGE ( 'NONE', *, *, #591, .T. ) ;
#1068 = VERTEX_POINT ( 'NONE', #2308 ) ;
#1069 = DIRECTION ( 'NONE',  ( -0.000000000000000000, -1.000000000000000000, -0.000000000000000000 ) ) ;
#1070 = CARTESIAN_POINT ( 'NONE',  ( 95.79382499999996980, 105.8922014704688763, 9.333002254496234329 ) ) ;
#1071 = DIRECTION ( 'NONE',  ( 0.000000000000000000, -1.000000000000000000, 0.000000000000000000 ) ) ;
#1072 = ORIENTED_EDGE ( 'NONE', *, *, #1018, .T. ) ;
#1073 = CARTESIAN_POINT ( 'NONE',  ( 74.66615850929935050, 97.51447657271691583, 8.990461492354992146 ) ) ;
#1074 = CARTESIAN_POINT ( 'NONE',  ( 37.97738547758329020, 115.3577710248804067, -100.5588163510771693 ) ) ;
#1075 = LINE ( 'NONE', #2100, #3509 ) ;
#1076 = LINE ( 'NONE', #3721, #192 ) ;
#1077 = DIRECTION ( 'NONE',  ( 0.000000000000000000, 0.000000000000000000, 1.000000000000000000 ) ) ;
#1078 = EDGE_LOOP ( 'NONE', ( #2714, #1933, #3603, #1067 ) ) ;
#1079 = DIRECTION ( 'NONE',  ( -1.000000000000000000, -1.364044408080838895E-16, -0.000000000000000000 ) ) ;
#1080 = CARTESIAN_POINT ( 'NONE',  ( -47.50682655186823666, -35.31122166698327902, 6.000000000000000000 ) ) ;
#1081 = EDGE_CURVE ( 'NONE', #964, #1812, #3196, .T. ) ;
#1082 = ORIENTED_EDGE ( 'NONE', *, *, #3366, .T. ) ;
#1083 = TOROIDAL_SURFACE ( 'NONE', #3690, 35.99999999999999289, 4.000000000000000000 ) ;
#1084 = CARTESIAN_POINT ( 'NONE',  ( 88.51915833333323747, 17.29877833301672752, -100.0000000000000000 ) ) ;
#1085 = ORIENTED_EDGE ( 'NONE', *, *, #3701, .T. ) ;
#1086 = CARTESIAN_POINT ( 'NONE',  ( -33.50682655186826508, 117.2987783330167275, -96.00000000000000000 ) ) ;
#1087 = CARTESIAN_POINT ( 'NONE',  ( 85.79382499999998402, 99.65614507999586635, -106.0000000000000000 ) ) ;
#1088 = ORIENTED_EDGE ( 'NONE', *, *, #3363, .T. ) ;
#1089 = CYLINDRICAL_SURFACE ( 'NONE', #391, 16.99999999999998579 ) ;
#1090 = CARTESIAN_POINT ( 'NONE',  ( 69.45682512295702793, 71.14693398931190416, 10.00000000000000000 ) ) ;
#1091 = DIRECTION ( 'NONE',  ( -1.000000000000000000, -1.364044408080838895E-16, -0.000000000000000000 ) ) ;
#1092 = CARTESIAN_POINT ( 'NONE',  ( 92.13845063779938016, 49.90193437630174600, -110.0000000000000000 ) ) ;
#1093 = LINE ( 'NONE', #3815, #91 ) ;
#1094 = DIRECTION ( 'NONE',  ( 1.000000000000000000, 2.574329638349581413E-14, 0.000000000000000000 ) ) ;
#1095 = CIRCLE ( 'NONE', #2470, 3.250000000000007550 ) ;
#1096 = ORIENTED_EDGE ( 'NONE', *, *, #2083, .F. ) ;
#1097 = DIRECTION ( 'NONE',  ( 1.000000000000000000, 0.000000000000000000, 0.000000000000000000 ) ) ;
#1098 = EDGE_CURVE ( 'NONE', #1005, #2536, #2825, .T. ) ;
#1099 = ORIENTED_EDGE ( 'NONE', *, *, #2832, .F. ) ;
#1100 = DIRECTION ( 'NONE',  ( 1.000000000000000000, 0.000000000000000000, 0.000000000000000000 ) ) ;
#1101 = DIRECTION ( 'NONE',  ( -1.000000000000000000, 0.000000000000000000, 0.000000000000000000 ) ) ;
#1102 = ORIENTED_EDGE ( 'NONE', *, *, #1887, .T. ) ;
#1103 = CARTESIAN_POINT ( 'NONE',  ( -37.50682655186825087, 117.2507247679860001, 2.124009372826709097 ) ) ;
#1104 = EDGE_CURVE ( 'NONE', #2443, #1153, #3179, .T. ) ;
#1105 = ADVANCED_FACE ( 'NONE', ( #2886 ), #2326, .F. ) ;
#1106 = AXIS2_PLACEMENT_3D ( 'NONE', #318, #1482, #1188 ) ;
#1107 = ORIENTED_EDGE ( 'NONE', *, *, #3276, .F. ) ;
#1108 = LINE ( 'NONE', #1955, #2674 ) ;
#1109 = CIRCLE ( 'NONE', #2417, 9.999999999999994671 ) ;
#1110 = CARTESIAN_POINT ( 'NONE',  ( 96.15975303186159806, 108.3206065958499096, -109.9764067967280283 ) ) ;
#1111 = DIRECTION ( 'NONE',  ( -1.000000000000000000, 0.000000000000000000, 0.000000000000000000 ) ) ;
#1112 = DIRECTION ( 'NONE',  ( 1.000000000000000000, 0.000000000000000000, 0.000000000000000000 ) ) ;
#1113 = DIRECTION ( 'NONE',  ( -0.000000000000000000, -0.000000000000000000, -1.000000000000000000 ) ) ;
#1114 = AXIS2_PLACEMENT_3D ( 'NONE', #131, #1521, #1003 ) ;
#1115 = FACE_OUTER_BOUND ( 'NONE', #3259, .T. ) ;
#1116 = AXIS2_PLACEMENT_3D ( 'NONE', #1653, #1963, #3741 ) ;
#1117 = ORIENTED_EDGE ( 'NONE', *, *, #2447, .F. ) ;
#1118 = AXIS2_PLACEMENT_3D ( 'NONE', #2702, #2386, #578 ) ;
#1119 = AXIS2_PLACEMENT_3D ( 'NONE', #1908, #285, #737 ) ;
#1120 = CARTESIAN_POINT ( 'NONE',  ( -37.50682655186823666, -31.31283891320750357, -106.0000000000000000 ) ) ;
#1121 = CARTESIAN_POINT ( 'NONE',  ( 95.33783595004884148, 62.22605158996825025, 0.000000000000000000 ) ) ;
#1122 = EDGE_LOOP ( 'NONE', ( #424, #2345 ) ) ;
#1123 = LINE ( 'NONE', #605, #2354 ) ;
#1124 = B_SPLINE_SURFACE_WITH_KNOTS ( 'NONE', 3, 1, ( 
 ( #3704, #2853 ),
 ( #754, #1942 ),
 ( #3122, #1901 ),
 ( #1646, #717 ),
 ( #2262, #188 ),
 ( #1347, #2542 ),
 ( #3082, #3719 ) ),
 .UNSPECIFIED., .F., .F., .F.,
 ( 4, 3, 4 ),
 ( 2, 2 ),
 ( -0.004515657434705867834, 0.000000000000000000, 0.7526077350521406251 ),
 ( 0.000000000000000000, 1.000000000000000000 ),
 .UNSPECIFIED. ) ;
#1125 = EDGE_CURVE ( 'NONE', #3305, #377, #2987, .T. ) ;
#1126 = EDGE_LOOP ( 'NONE', ( #1635, #763, #1733, #370 ) ) ;
#1127 = CIRCLE ( 'NONE', #1633, 9.999999999999994671 ) ;
#1128 = EDGE_CURVE ( 'NONE', #1729, #1005, #2661, .T. ) ;
#1129 = ORIENTED_EDGE ( 'NONE', *, *, #2304, .F. ) ;
#1130 = LINE ( 'NONE', #2322, #3163 ) ;
#1131 = EDGE_CURVE ( 'NONE', #2561, #1406, #1212, .T. ) ;
#1132 = CARTESIAN_POINT ( 'NONE',  ( 37.97872467743324165, 115.3582716361674443, 0.5581068767632743066 ) ) ;
#1133 = ORIENTED_EDGE ( 'NONE', *, *, #747, .F. ) ;
#1134 = CARTESIAN_POINT ( 'NONE',  ( 95.79382499999998402, 105.6269821291329123, 0.000000000000000000 ) ) ;
#1135 = CARTESIAN_POINT ( 'NONE',  ( -37.50682655186825798, 117.2987783330167275, -110.0000000000000000 ) ) ;
#1136 = CARTESIAN_POINT ( 'NONE',  ( 71.80549463121857912, 99.08464399178393478, -110.0000000000000000 ) ) ;
#1137 = ORIENTED_EDGE ( 'NONE', *, *, #762, .F. ) ;
#1138 = CARTESIAN_POINT ( 'NONE',  ( 188.5191583333333085, 2.841278333016739488, -39.54999999999991900 ) ) ;
#1139 = CARTESIAN_POINT ( 'NONE',  ( 92.34049166666667929, 39.90193437630174600, 0.000000000000000000 ) ) ;
#1140 = DIRECTION ( 'NONE',  ( -1.000000000000000000, -1.364044408080838895E-16, -0.000000000000000000 ) ) ;
#1141 = ORIENTED_EDGE ( 'NONE', *, *, #758, .F. ) ;
#1142 = DIRECTION ( 'NONE',  ( 0.000000000000000000, 0.000000000000000000, 1.000000000000000000 ) ) ;
#1143 = ADVANCED_FACE ( 'NONE', ( #1508, #1840, #1784 ), #3255, .F. ) ;
#1144 = VERTEX_POINT ( 'NONE', #905 ) ;
#1145 = B_SPLINE_CURVE_WITH_KNOTS ( 'NONE', 3,
 ( #216, #1690, #1430, #1408 ),
 .UNSPECIFIED., .F., .F.,
 ( 4, 4 ),
 ( 0.2473922649482165614, 0.8823480743410065941 ),
 .UNSPECIFIED. ) ;
#1146 = DIRECTION ( 'NONE',  ( -1.000000000000000000, 0.000000000000000000, 0.000000000000000000 ) ) ;
#1147 = EDGE_CURVE ( 'NONE', #2356, #3568, #2290, .T. ) ;
#1148 = ORIENTED_EDGE ( 'NONE', *, *, #1752, .T. ) ;
#1149 = DIRECTION ( 'NONE',  ( 1.224646799147353207E-16, 1.000000000000000000, -0.000000000000000000 ) ) ;
#1150 = CIRCLE ( 'NONE', #3282, 39.99999999999997868 ) ;
#1151 = DIRECTION ( 'NONE',  ( -0.000000000000000000, -0.000000000000000000, -1.000000000000000000 ) ) ;
#1152 = CARTESIAN_POINT ( 'NONE',  ( 72.59476210335381552, 49.54233677600313257, 10.00000000000000178 ) ) ;
#1153 = VERTEX_POINT ( 'NONE', #887 ) ;
#1154 = DIRECTION ( 'NONE',  ( -0.000000000000000000, -0.000000000000000000, -1.000000000000000000 ) ) ;
#1155 = CARTESIAN_POINT ( 'NONE',  ( -4.099999999999999645, 0.000000000000000000, 6.000000000000000000 ) ) ;
#1156 = CARTESIAN_POINT ( 'NONE',  ( 76.86617904165230186, 95.09927546653621278, -106.4628320873911207 ) ) ;
#1157 = ORIENTED_EDGE ( 'NONE', *, *, #1477, .T. ) ;
#1158 = CARTESIAN_POINT ( 'NONE',  ( 150.0000000000000000, 0.000000000000000000, 4.000000000000000000 ) ) ;
#1159 = LINE ( 'NONE', #3781, #3415 ) ;
#1160 = DIRECTION ( 'NONE',  ( 0.000000000000000000, 0.000000000000000000, 1.000000000000000000 ) ) ;
#1161 = DIRECTION ( 'NONE',  ( 1.000000000000000000, 0.000000000000000000, 0.000000000000000000 ) ) ;
#1162 = CIRCLE ( 'NONE', #3205, 13.99999999999999822 ) ;
#1163 = EDGE_CURVE ( 'NONE', #1068, #1353, #619, .T. ) ;
#1164 = EDGE_LOOP ( 'NONE', ( #2078, #2211, #2074 ) ) ;
#1165 = CARTESIAN_POINT ( 'NONE',  ( 131.4499999999999602, -0.001617246224230872720, -104.0000000000000000 ) ) ;
#1166 = ORIENTED_EDGE ( 'NONE', *, *, #2716, .T. ) ;
#1167 = CIRCLE ( 'NONE', #2040, 2.000000000000001776 ) ;
#1168 = VERTEX_POINT ( 'NONE', #3296 ) ;
#1169 = CARTESIAN_POINT ( 'NONE',  ( 88.51915833333323747, 17.29877833301672752, -100.0000000000000000 ) ) ;
#1170 = CARTESIAN_POINT ( 'NONE',  ( 37.64828489320044724, 115.5908016467839303, 0.7100109607297286907 ) ) ;
#1171 = ORIENTED_EDGE ( 'NONE', *, *, #1564, .F. ) ;
#1172 = CARTESIAN_POINT ( 'NONE',  ( 149.9999999999999716, -0.001617246224230872720, -104.0000000000000000 ) ) ;
#1173 = FACE_BOUND ( 'NONE', #3113, .T. ) ;
#1174 = VERTEX_POINT ( 'NONE', #1489 ) ;
#1175 = DIRECTION ( 'NONE',  ( -0.000000000000000000, -0.000000000000000000, -1.000000000000000000 ) ) ;
#1176 = AXIS2_PLACEMENT_3D ( 'NONE', #3714, #199, #1359 ) ;
#1177 = LINE ( 'NONE', #72, #155 ) ;
#1178 = DIRECTION ( 'NONE',  ( 0.000000000000000000, -1.000000000000000000, 0.000000000000000000 ) ) ;
#1179 = CARTESIAN_POINT ( 'NONE',  ( 188.5191583333332801, 79.14627833301673832, -39.54999999999991900 ) ) ;
#1180 = AXIS2_PLACEMENT_3D ( 'NONE', #405, #3372, #1027 ) ;
#1181 = TOROIDAL_SURFACE ( 'NONE', #3667, 8.099999999999999645, 4.000000000000000000 ) ;
#1182 = ORIENTED_EDGE ( 'NONE', *, *, #2016, .T. ) ;
#1183 = CARTESIAN_POINT ( 'NONE',  ( 88.51915833333325168, 17.30039557924095561, 10.00000000000000000 ) ) ;
#1184 = EDGE_CURVE ( 'NONE', #3206, #1168, #338, .T. ) ;
#1185 = VERTEX_POINT ( 'NONE', #1524 ) ;
#1186 = ORIENTED_EDGE ( 'NONE', *, *, #2962, .F. ) ;
#1187 = ORIENTED_EDGE ( 'NONE', *, *, #3482, .F. ) ;
#1188 = DIRECTION ( 'NONE',  ( 1.000000000000000000, -6.938893903907232322E-15, 0.000000000000000000 ) ) ;
#1189 = DIRECTION ( 'NONE',  ( -1.000000000000000000, -1.364044408080838895E-16, -0.000000000000000000 ) ) ;
#1190 = DIRECTION ( 'NONE',  ( 0.000000000000000000, 0.000000000000000000, 1.000000000000000000 ) ) ;
#1191 = PLANE ( 'NONE',  #2193 ) ;
#1192 = CIRCLE ( 'NONE', #1883, 16.99999999999998579 ) ;
#1193 = EDGE_LOOP ( 'NONE', ( #1253, #814, #1082, #3061 ) ) ;
#1194 = CARTESIAN_POINT ( 'NONE',  ( 88.51915833333325168, 17.30039557924095561, 0.000000000000000000 ) ) ;
#1195 = EDGE_CURVE ( 'NONE', #3582, #3226, #2490, .T. ) ;
#1196 = CARTESIAN_POINT ( 'NONE',  ( 72.74996240126148450, 42.91724881301168182, -106.6668292595817604 ) ) ;
#1197 = DIRECTION ( 'NONE',  ( -1.000000000000000000, 0.000000000000000000, 0.000000000000000000 ) ) ;
#1198 = DIRECTION ( 'NONE',  ( -0.000000000000000000, -0.000000000000000000, -1.000000000000000000 ) ) ;
#1199 = ORIENTED_EDGE ( 'NONE', *, *, #3182, .T. ) ;
#1200 = DIRECTION ( 'NONE',  ( -0.000000000000000000, -0.000000000000000000, -1.000000000000000000 ) ) ;
#1201 = LINE ( 'NONE', #2765, #3214 ) ;
#1202 = DIRECTION ( 'NONE',  ( 0.000000000000000000, -1.000000000000000000, 0.000000000000000000 ) ) ;
#1203 = EDGE_CURVE ( 'NONE', #2174, #2755, #815, .T. ) ;
#1204 = ORIENTED_EDGE ( 'NONE', *, *, #2807, .F. ) ;
#1205 = ORIENTED_EDGE ( 'NONE', *, *, #3602, .T. ) ;
#1206 = DIRECTION ( 'NONE',  ( 0.000000000000000000, 0.000000000000000000, 1.000000000000000000 ) ) ;
#1207 = CC_DESIGN_PERSON_AND_ORGANIZATION_ASSIGNMENT ( #699, #2189, ( #510 ) ) ;
#1208 = CARTESIAN_POINT ( 'NONE',  ( 33.83563206103318777, 117.1450544910050553, 2.872017341309068161 ) ) ;
#1209 = CARTESIAN_POINT ( 'NONE',  ( 88.51915833333323747, 17.29877833301672752, -106.0000000000000000 ) ) ;
#1210 = CARTESIAN_POINT ( 'NONE',  ( -47.50682655186825087, 75.89627833301670989, -39.54999999999991900 ) ) ;
#1211 = ORIENTED_EDGE ( 'NONE', *, *, #3189, .F. ) ;
#1212 = LINE ( 'NONE', #2367, #1428 ) ;
#1213 = DIRECTION ( 'NONE',  ( -0.000000000000000000, -0.000000000000000000, -1.000000000000000000 ) ) ;
#1214 = CARTESIAN_POINT ( 'NONE',  ( 95.79382499999996980, 101.5831936591098241, -107.2022122913789701 ) ) ;
#1215 = ORIENTED_EDGE ( 'NONE', *, *, #2976, .T. ) ;
#1216 = TOROIDAL_SURFACE ( 'NONE', #1656, 13.99999999999999289, 4.000000000000000000 ) ;
#1217 = CARTESIAN_POINT ( 'NONE',  ( -47.50682655186825798, 117.2987783330167275, -110.0000000000000000 ) ) ;
#1218 = CIRCLE ( 'NONE', #1717, 18.55000000000001137 ) ;
#1219 = CARTESIAN_POINT ( 'NONE',  ( 65.29565270734227056, 96.78576348562569365, 10.00000000000000000 ) ) ;
#1220 = EDGE_CURVE ( 'NONE', #122, #220, #2420, .T. ) ;
#1221 = ORIENTED_EDGE ( 'NONE', *, *, #941, .F. ) ;
#1222 = EDGE_LOOP ( 'NONE', ( #193, #570, #2291 ) ) ;
#1223 = DIRECTION ( 'NONE',  ( -0.000000000000000000, -0.000000000000000000, -1.000000000000000000 ) ) ;
#1224 = EDGE_CURVE ( 'NONE', #2330, #641, #625, .T. ) ;
#1225 = DIRECTION ( 'NONE',  ( -1.000000000000000000, 0.000000000000000000, -0.000000000000000000 ) ) ;
#1226 = EDGE_CURVE ( 'NONE', #2249, #1427, #2428, .T. ) ;
#1227 = CARTESIAN_POINT ( 'NONE',  ( 106.1991391558898670, 115.6260771098388886, 3.089742894918268590 ) ) ;
#1228 = CARTESIAN_POINT ( 'NONE',  ( -37.50682655186823666, -35.31122166698328613, 2.928203230275511437 ) ) ;
#1229 = AXIS2_PLACEMENT_3D ( 'NONE', #1419, #610, #2640 ) ;
#1230 = EDGE_LOOP ( 'NONE', ( #2947, #2109, #223, #3637 ) ) ;
#1231 = CARTESIAN_POINT ( 'NONE',  ( -47.50682655186825087, 79.14627833301670989, -64.44999999999991758 ) ) ;
#1232 = PLANE ( 'NONE',  #3290 ) ;
#1233 = CIRCLE ( 'NONE', #3589, 9.999999999999994671 ) ;
#1234 = CIRCLE ( 'NONE', #2614, 8.000000000000000000 ) ;
#1235 = ORIENTED_EDGE ( 'NONE', *, *, #3431, .T. ) ;
#1236 = CARTESIAN_POINT ( 'NONE',  ( -37.50682655186823666, -35.31283891320750712, -102.9282032302755141 ) ) ;
#1237 = AXIS2_PLACEMENT_3D ( 'NONE', #2196, #57, #75 ) ;
#1238 = AXIS2_PLACEMENT_3D ( 'NONE', #2143, #729, #89 ) ;
#1239 = CARTESIAN_POINT ( 'NONE',  ( -37.50682655186823666, 2.841278333016708846, -39.54999999999991900 ) ) ;
#1240 = AXIS2_PLACEMENT_3D ( 'NONE', #2762, #2146, #2799 ) ;
#1241 = VECTOR ( 'NONE', #3390, 1000.000000000000000 ) ;
#1242 = ORIENTED_EDGE ( 'NONE', *, *, #1574, .T. ) ;
#1243 = ADVANCED_FACE ( 'NONE', ( #1765 ), #2645, .F. ) ;
#1244 = B_SPLINE_CURVE_WITH_KNOTS ( 'NONE', 3,
 ( #3485, #2903, #3406, #491, #789, #1996, #206, #2868, #3123, #226, #3442, #1368, #2566, #3178, #2282, #246, #473, #1648, #3756, #3776 ),
 .UNSPECIFIED., .F., .F.,
 ( 4, 2, 2, 2, 2, 2, 2, 2, 2, 4 ),
 ( 0.000000000000000000, 0.002769040097012610575, 0.004153560145518915211, 0.005538080194025221149, 0.008307120291037811341, 0.009691640339544099064, 0.01038390036379724379, 0.01073003037592381616, 0.01090309538198709974, 0.01107616038805038505 ),
 .UNSPECIFIED. ) ;
#1245 = ORIENTED_EDGE ( 'NONE', *, *, #995, .T. ) ;
#1246 = ORIENTED_EDGE ( 'NONE', *, *, #92, .T. ) ;
#1247 = CARTESIAN_POINT ( 'NONE',  ( 0.000000000000000000, -0.001617246224230872720, -100.0000000000000000 ) ) ;
#1248 = CARTESIAN_POINT ( 'NONE',  ( 4.099999999999999645, -0.001617246224230370734, -100.0000000000000000 ) ) ;
#1249 = LINE ( 'NONE', #1856, #1844 ) ;
#1250 = CARTESIAN_POINT ( 'NONE',  ( 107.3381547261271862, 115.5088526431377716, 3.771328961998501317 ) ) ;
#1251 = CARTESIAN_POINT ( 'NONE',  ( 149.9999999999999716, -0.001617246224230872720, -100.0000000000000000 ) ) ;
#1252 = ADVANCED_FACE ( 'NONE', ( #3565 ), #1467, .F. ) ;
#1253 = ORIENTED_EDGE ( 'NONE', *, *, #3315, .T. ) ;
#1254 = DIRECTION ( 'NONE',  ( 0.000000000000000000, -1.000000000000000000, 0.000000000000000000 ) ) ;
#1255 = APPLICATION_PROTOCOL_DEFINITION ( 'international standard', 'config_control_design', 1994, #1029 ) ;
#1256 = LINE ( 'NONE', #2465, #2114 ) ;
#1257 = VECTOR ( 'NONE', #1432, 1000.000000000000000 ) ;
#1258 = DIRECTION ( 'NONE',  ( -6.938893903907222067E-15, -1.000000000000000000, 0.000000000000000000 ) ) ;
#1259 = EDGE_LOOP ( 'NONE', ( #408, #3554, #2278, #2650 ) ) ;
#1260 = DIRECTION ( 'NONE',  ( 1.000000000000000000, 0.000000000000000000, 0.000000000000000000 ) ) ;
#1261 = EDGE_CURVE ( 'NONE', #1890, #2250, #348, .T. ) ;
#1262 = EDGE_LOOP ( 'NONE', ( #683, #3145, #4, #3430 ) ) ;
#1263 = ORIENTED_EDGE ( 'NONE', *, *, #2248, .F. ) ;
#1264 = CARTESIAN_POINT ( 'NONE',  ( -33.50682655186825087, 17.30039557924093785, 6.000000000000000000 ) ) ;
#1265 = CARTESIAN_POINT ( 'NONE',  ( 92.34049166666667929, 39.90193437630174600, 0.000000000000000000 ) ) ;
#1266 = DIRECTION ( 'NONE',  ( 1.000000000000000000, 0.000000000000000000, 0.000000000000000000 ) ) ;
#1267 = DIRECTION ( 'NONE',  ( 1.000000000000000000, 1.364044408080838895E-16, -0.000000000000000000 ) ) ;
#1268 = CARTESIAN_POINT ( 'NONE',  ( -37.50682655186824377, -34.39698612782675013, -0.3401715384258819919 ) ) ;
#1269 = AXIS2_PLACEMENT_3D ( 'NONE', #2720, #3348, #1837 ) ;
#1270 = ORIENTED_EDGE ( 'NONE', *, *, #463, .F. ) ;
#1271 = CARTESIAN_POINT ( 'NONE',  ( 148.5191583333329959, -31.31122166698327547, 10.00000000000000000 ) ) ;
#1272 = CALENDAR_DATE ( 2026, 30, 5 ) ;
#1273 = LINE ( 'NONE', #54, #3412 ) ;
#1274 = CARTESIAN_POINT ( 'NONE',  ( 92.42403633451603184, 40.57101260478037119, -106.9167245024315491 ) ) ;
#1275 = DIRECTION ( 'NONE',  ( 0.000000000000000000, -0.000000000000000000, -1.000000000000000000 ) ) ;
#1276 = ADVANCED_FACE ( 'NONE', ( #965 ), #2444, .T. ) ;
#1277 = VECTOR ( 'NONE', #629, 1000.000000000000000 ) ;
#1278 = ORIENTED_EDGE ( 'NONE', *, *, #353, .T. ) ;
#1279 = ORIENTED_EDGE ( 'NONE', *, *, #3556, .T. ) ;
#1280 = ORIENTED_EDGE ( 'NONE', *, *, #1018, .F. ) ;
#1281 = DIRECTION ( 'NONE',  ( 0.000000000000000000, 0.000000000000000000, 1.000000000000000000 ) ) ;
#1282 = DIRECTION ( 'NONE',  ( 1.000000000000000000, 0.000000000000000000, 0.000000000000000000 ) ) ;
#1283 = DIRECTION ( 'NONE',  ( -0.000000000000000000, 0.000000000000000000, 1.000000000000000000 ) ) ;
#1284 = DIRECTION ( 'NONE',  ( -1.000000000000000000, -1.364044408080838895E-16, -0.000000000000000000 ) ) ;
#1285 = LINE ( 'NONE', #673, #2952 ) ;
#1286 = ORIENTED_EDGE ( 'NONE', *, *, #2122, .F. ) ;
#1287 = FACE_OUTER_BOUND ( 'NONE', #3459, .T. ) ;
#1288 = DIRECTION ( 'NONE',  ( 0.000000000000000000, -1.000000000000000000, 0.000000000000000000 ) ) ;
#1289 = CARTESIAN_POINT ( 'NONE',  ( 92.52227695040930655, 41.54481511329369425, -107.5537533276094280 ) ) ;
#1290 = VECTOR ( 'NONE', #1956, 1000.000000000000000 ) ;
#1291 = VERTEX_POINT ( 'NONE', #1918 ) ;
#1292 = LINE ( 'NONE', #3049, #1297 ) ;
#1293 = AXIS2_PLACEMENT_3D ( 'NONE', #3614, #3020, #342 ) ;
#1294 = ADVANCED_FACE ( 'NONE', ( #1287 ), #1039, .F. ) ;
#1295 = EDGE_CURVE ( 'NONE', #1528, #3693, #2779, .T. ) ;
#1296 = VERTEX_POINT ( 'NONE', #3638 ) ;
#1297 = VECTOR ( 'NONE', #681, 1000.000000000000000 ) ;
#1298 = VECTOR ( 'NONE', #2585, 1000.000000000000000 ) ;
#1299 = CIRCLE ( 'NONE', #1864, 4.099999999999999645 ) ;
#1300 = CARTESIAN_POINT ( 'NONE',  ( 107.7132324074074177, 115.4394300551188906, -106.0000000000000000 ) ) ;
#1301 = AXIS2_PLACEMENT_3D ( 'NONE', #804, #1699, #3136 ) ;
#1302 = CARTESIAN_POINT ( 'NONE',  ( 82.34049166666666508, 39.90355162252597410, 6.000000000000000000 ) ) ;
#1303 = AXIS2_PLACEMENT_3D ( 'NONE', #288, #1824, #3235 ) ;
#1304 = CIRCLE ( 'NONE', #3727, 9.999999999999994671 ) ;
#1305 = VERTEX_POINT ( 'NONE', #438 ) ;
#1306 = ORIENTED_EDGE ( 'NONE', *, *, #1128, .F. ) ;
#1307 = DIRECTION ( 'NONE',  ( -1.364029953115296624E-16, 1.000000000000000000, 0.000000000000000000 ) ) ;
#1308 = CARTESIAN_POINT ( 'NONE',  ( 77.13403787126485156, 94.65695370310795909, 10.00000000000000000 ) ) ;
#1309 = DIRECTION ( 'NONE',  ( 0.000000000000000000, 0.000000000000000000, -1.000000000000000000 ) ) ;
#1310 = CARTESIAN_POINT ( 'NONE',  ( -37.50682655186825798, 117.2987783330167275, -110.0000000000000000 ) ) ;
#1311 = FACE_OUTER_BOUND ( 'NONE', #2704, .T. ) ;
#1312 = ORIENTED_EDGE ( 'NONE', *, *, #2941, .F. ) ;
#1313 = CARTESIAN_POINT ( 'NONE',  ( 188.5191583333333085, -0.4087216669832671179, -64.44999999999991758 ) ) ;
#1314 = SECURITY_CLASSIFICATION_LEVEL ( 'unclassified' ) ;
#1315 = CARTESIAN_POINT ( 'NONE',  ( 184.5191583333332801, 17.30039557924095561, 4.000000000000000000 ) ) ;
#1316 = CARTESIAN_POINT ( 'NONE',  ( 68.47331692431126271, 99.65614507999580951, -100.0000000000000000 ) ) ;
#1317 = ORIENTED_EDGE ( 'NONE', *, *, #1509, .F. ) ;
#1318 = DIRECTION ( 'NONE',  ( -0.000000000000000000, 1.000000000000000000, -0.000000000000000000 ) ) ;
#1319 = AXIS2_PLACEMENT_3D ( 'NONE', #2708, #1202, #2971 ) ;
#1320 = CIRCLE ( 'NONE', #39, 39.99999999999997868 ) ;
#1321 = ORIENTED_EDGE ( 'NONE', *, *, #1756, .F. ) ;
#1322 = EDGE_CURVE ( 'NONE', #1910, #971, #2819, .T. ) ;
#1323 = ORIENTED_EDGE ( 'NONE', *, *, #496, .T. ) ;
#1324 = ORIENTED_EDGE ( 'NONE', *, *, #3383, .T. ) ;
#1325 = DIRECTION ( 'NONE',  ( -0.000000000000000000, -1.000000000000000000, -0.000000000000000000 ) ) ;
#1326 = DIRECTION ( 'NONE',  ( -0.000000000000000000, 0.000000000000000000, -1.000000000000000000 ) ) ;
#1327 = EDGE_CURVE ( 'NONE', #1010, #1536, #2222, .T. ) ;
#1328 = VERTEX_POINT ( 'NONE', #135 ) ;
#1329 = DIRECTION ( 'NONE',  ( -1.000000000000000000, -1.364044408080838895E-16, -0.000000000000000000 ) ) ;
#1330 = CARTESIAN_POINT ( 'NONE',  ( 32.76643432118983412, 117.2791648516994769, -103.5423945476936467 ) ) ;
#1331 = CARTESIAN_POINT ( 'NONE',  ( -37.50682655186823666, -35.31122166698328613, -110.0000000000000000 ) ) ;
#1332 = AXIS2_PLACEMENT_3D ( 'NONE', #2186, #2441, #132 ) ;
#1333 = ORIENTED_EDGE ( 'NONE', *, *, #1806, .T. ) ;
#1334 = ORIENTED_EDGE ( 'NONE', *, *, #1295, .F. ) ;
#1335 = EDGE_CURVE ( 'NONE', #3173, #1440, #453, .T. ) ;
#1336 = ORIENTED_EDGE ( 'NONE', *, *, #3747, .F. ) ;
#1337 = ORIENTED_EDGE ( 'NONE', *, *, #2665, .F. ) ;
#1338 = DIRECTION ( 'NONE',  ( 1.364044408080838895E-16, -1.000000000000000000, 0.000000000000000000 ) ) ;
#1339 = CIRCLE ( 'NONE', #191, 8.099999999999999645 ) ;
#1340 = CIRCLE ( 'NONE', #1848, 8.000000000000007105 ) ;
#1341 = CARTESIAN_POINT ( 'NONE',  ( 131.4499999999999886, 0.000000000000000000, 0.000000000000000000 ) ) ;
#1342 = ADVANCED_FACE ( 'NONE', ( #3700 ), #2482, .T. ) ;
#1343 = ORIENTED_EDGE ( 'NONE', *, *, #1125, .T. ) ;
#1344 = CARTESIAN_POINT ( 'NONE',  ( -37.50682655186825798, 117.2987783330167275, -110.0000000000000000 ) ) ;
#1345 = APPROVAL_DATE_TIME ( #3702, #1905 ) ;
#1346 = CARTESIAN_POINT ( 'NONE',  ( 37.65247902372735211, 115.5864741322824187, -100.7081504054354184 ) ) ;
#1347 = CARTESIAN_POINT ( 'NONE',  ( 74.56249185663389767, 77.61419592108028098, 10.00000000000000178 ) ) ;
#1348 = DIRECTION ( 'NONE',  ( 0.000000000000000000, 0.000000000000000000, 1.000000000000000000 ) ) ;
#1349 = CARTESIAN_POINT ( 'NONE',  ( 107.7132324074073892, 115.4394300551188906, -104.0000000000000000 ) ) ;
#1350 = VERTEX_POINT ( 'NONE', #1544 ) ;
#1351 = CARTESIAN_POINT ( 'NONE',  ( 40.04290288631660388, 113.2987783330167275, -110.0000000000000000 ) ) ;
#1352 = AXIS2_PLACEMENT_3D ( 'NONE', #3208, #1483, #1778 ) ;
#1353 = VERTEX_POINT ( 'NONE', #3025 ) ;
#1354 = AXIS2_PLACEMENT_3D ( 'NONE', #3631, #691, #2477 ) ;
#1355 = EDGE_CURVE ( 'NONE', #2339, #1507, #3283, .T. ) ;
#1356 = CIRCLE ( 'NONE', #1672, 3.250000000000002665 ) ;
#1357 = VERTEX_POINT ( 'NONE', #403 ) ;
#1358 = DIRECTION ( 'NONE',  ( 0.000000000000000000, 0.000000000000000000, 1.000000000000000000 ) ) ;
#1359 = DIRECTION ( 'NONE',  ( -1.000000000000000000, 0.000000000000000000, 0.000000000000000000 ) ) ;
#1360 = DIRECTION ( 'NONE',  ( -1.000000000000000000, -1.364044408080838895E-16, -0.000000000000000000 ) ) ;
#1361 = CC_DESIGN_APPROVAL ( #1905, ( #510 ) ) ;
#1362 = AXIS2_PLACEMENT_3D ( 'NONE', #1061, #2245, #3426 ) ;
#1363 = ORIENTED_EDGE ( 'NONE', *, *, #1125, .F. ) ;
#1364 = DIRECTION ( 'NONE',  ( 0.000000000000000000, 0.000000000000000000, -1.000000000000000000 ) ) ;
#1365 = CARTESIAN_POINT ( 'NONE',  ( 103.9014462229554852, 115.4541431296986786, 8.197397428893607341 ) ) ;
#1366 = CARTESIAN_POINT ( 'NONE',  ( 184.5191583333332801, 17.29877833301601697, -106.0000000000000000 ) ) ;
#1367 = CARTESIAN_POINT ( 'NONE',  ( -37.50682655186825798, 117.3003955792409556, 10.00000000000000000 ) ) ;
#1368 = CARTESIAN_POINT ( 'NONE',  ( 92.42711386783120986, 40.59817786271648998, 6.936676944700749026 ) ) ;
#1369 = CARTESIAN_POINT ( 'NONE',  ( -37.50682655186823666, -35.31283891320750712, -106.0000000000000000 ) ) ;
#1370 = EDGE_CURVE ( 'NONE', #1850, #957, #2590, .T. ) ;
#1371 = EDGE_LOOP ( 'NONE', ( #3317, #2750, #2809, #1630 ) ) ;
#1372 = CARTESIAN_POINT ( 'NONE',  ( 68.47331692431126271, 89.65614507999580951, -100.0000000000000000 ) ) ;
#1373 = LINE ( 'NONE', #1080, #1241 ) ;
#1374 = ORIENTED_EDGE ( 'NONE', *, *, #316, .F. ) ;
#1375 = CARTESIAN_POINT ( 'NONE',  ( 106.7737637698491682, 115.5790399288008814, -103.4313670199780972 ) ) ;
#1376 = AXIS2_PLACEMENT_3D ( 'NONE', #2887, #172, #3387 ) ;
#1377 = ORIENTED_EDGE ( 'NONE', *, *, #298, .T. ) ;
#1378 = CARTESIAN_POINT ( 'NONE',  ( 92.34049166666667929, 39.90193437630174600, 10.00322257381348834 ) ) ;
#1379 = DIRECTION ( 'NONE',  ( 1.000000000000000000, -0.000000000000000000, 0.000000000000000000 ) ) ;
#1380 = EDGE_LOOP ( 'NONE', ( #452, #3775 ) ) ;
#1381 = DIRECTION ( 'NONE',  ( -1.000000000000000000, 0.000000000000000000, 0.000000000000000000 ) ) ;
#1382 = CARTESIAN_POINT ( 'NONE',  ( 38.92349702554771795, 114.5674252672695133, -100.1938722422499950 ) ) ;
#1383 = FACE_OUTER_BOUND ( 'NONE', #3450, .T. ) ;
#1384 = CARTESIAN_POINT ( 'NONE',  ( 72.54253269553395000, 49.90193437630173179, -110.0000000000000000 ) ) ;
#1385 = LINE ( 'NONE', #1446, #940 ) ;
#1386 = DIRECTION ( 'NONE',  ( -1.000000000000000000, 0.000000000000000000, 0.000000000000000000 ) ) ;
#1387 = ADVANCED_FACE ( 'NONE', ( #3403 ), #384, .F. ) ;
#1388 = ORIENTED_EDGE ( 'NONE', *, *, #853, .T. ) ;
#1389 = DIRECTION ( 'NONE',  ( 0.000000000000000000, -1.000000000000000000, 0.000000000000000000 ) ) ;
#1390 = CIRCLE ( 'NONE', #2080, 4.000000000000000000 ) ;
#1391 = ORIENTED_EDGE ( 'NONE', *, *, #496, .F. ) ;
#1392 = ADVANCED_FACE ( 'NONE', ( #676 ), #1861, .F. ) ;
#1393 = CARTESIAN_POINT ( 'NONE',  ( 106.9622463852484486, 115.5586840582085557, -103.5443759312520484 ) ) ;
#1394 = EDGE_CURVE ( 'NONE', #2503, #2250, #3353, .T. ) ;
#1395 = ORIENTED_EDGE ( 'NONE', *, *, #3201, .T. ) ;
#1396 = CARTESIAN_POINT ( 'NONE',  ( 82.34049166666667929, 39.90193437630174600, -106.0000000000000000 ) ) ;
#1397 = CARTESIAN_POINT ( 'NONE',  ( -47.50682655186825087, 79.14627833301670989, -39.54999999999991900 ) ) ;
#1398 = CIRCLE ( 'NONE', #2150, 4.000000000000003553 ) ;
#1399 = VERTEX_POINT ( 'NONE', #2188 ) ;
#1400 = CARTESIAN_POINT ( 'NONE',  ( 77.06985968094939210, 94.76808962298119354, 6.114786777438968812 ) ) ;
#1401 = CARTESIAN_POINT ( 'NONE',  ( 105.7938249999999840, 105.6269821291329265, 10.00000000000000000 ) ) ;
#1402 = CARTESIAN_POINT ( 'NONE',  ( 72.72590493809163092, 42.65304649226271039, 0.000000000000000000 ) ) ;
#1403 = CYLINDRICAL_SURFACE ( 'NONE', #867, 16.99999999999998579 ) ;
#1404 = LINE ( 'NONE', #2283, #2620 ) ;
#1405 = CYLINDRICAL_SURFACE ( 'NONE', #3600, 10.00000000000000178 ) ;
#1406 = VERTEX_POINT ( 'NONE', #3370 ) ;
#1407 = ADVANCED_FACE ( 'NONE', ( #1880 ), #1899, .T. ) ;
#1408 = CARTESIAN_POINT ( 'NONE',  ( 92.13810912713611856, 49.90388622184335077, 10.00000000000000178 ) ) ;
#1409 = DIRECTION ( 'NONE',  ( 0.000000000000000000, 0.000000000000000000, -1.000000000000000000 ) ) ;
#1410 = VERTEX_POINT ( 'NONE', #2504 ) ;
#1411 = CARTESIAN_POINT ( 'NONE',  ( 102.7451971647751776, 115.1577374308773045, -108.7800438988170555 ) ) ;
#1412 = EDGE_CURVE ( 'NONE', #3305, #1350, #3770, .T. ) ;
#1413 = EDGE_CURVE ( 'NONE', #730, #1983, #2234, .T. ) ;
#1414 = EDGE_LOOP ( 'NONE', ( #3135, #3042 ) ) ;
#1415 = CLOSED_SHELL ( 'NONE', ( #1294, #117, #1387, #1105, #441, #1903, #163, #1534, #3060, #1988, #118, #1243, #928, #2177, #1692, #81, #2448, #1252, #3508, #2240, #1407, #2127, #3641, #2895, #2888, #2037, #1721, #1448, #2584, #209, #3673, #715, #1143, #1774, #2917, #839, #40, #2733, #2469, #2227, #104, #3130, #3530, #1732, #1527, #2289, #1465, #3648, #3285, #2848, #3414, #2426, #35, #3052, #2534, #2712, #17, #3510, #1392, #2206, #2105, #2991, #3131, #2517, #1276, #1852, #274, #1342, #2571, #1874, #1586, #174, #329, #2252, #475, #1921, #3745, #1897, #1771, #724, #3261, #3271, #1916, #3479, #366, #133, #1688, #3743, #968, #3683, #963, #1065, #181, #62, #3761, #1441, #3332, #3698, #330, #529, #912, #2617, #3265, #734, #3709, #2226, #2760, #2591, #2560, #41 ) ) ;
#1416 = APPLICATION_CONTEXT ( 'configuration controlled 3d designs of mechanical parts and assemblies' ) ;
#1417 = EDGE_LOOP ( 'NONE', ( #3068, #2671 ) ) ;
#1418 = CIRCLE ( 'NONE', #992, 16.99999999999998579 ) ;
#1419 = CARTESIAN_POINT ( 'NONE',  ( 88.51915833333323747, 17.29877833301672752, -110.0000000000000000 ) ) ;
#1420 = DIRECTION ( 'NONE',  ( 1.000000000000000000, 0.000000000000000000, 0.000000000000000000 ) ) ;
#1421 = CARTESIAN_POINT ( 'NONE',  ( 0.000000000000000000, -0.001617246224230872720, -106.0000000000000000 ) ) ;
#1422 = AXIS2_PLACEMENT_3D ( 'NONE', #1172, #362, #2680 ) ;
#1423 = DIRECTION ( 'NONE',  ( 0.000000000000000000, 0.000000000000000000, 1.000000000000000000 ) ) ;
#1424 = VECTOR ( 'NONE', #3100, 1000.000000000000000 ) ;
#1425 = AXIS2_PLACEMENT_3D ( 'NONE', #119, #1275, #2471 ) ;
#1426 =( GEOMETRIC_REPRESENTATION_CONTEXT ( 3 ) GLOBAL_UNCERTAINTY_ASSIGNED_CONTEXT ( ( #3233 ) ) GLOBAL_UNIT_ASSIGNED_CONTEXT ( ( #1825, #2662, #367 ) ) REPRESENTATION_CONTEXT ( 'NONE', 'WORKASPACE' ) );
#1427 = VERTEX_POINT ( 'NONE', #1939 ) ;
#1428 = VECTOR ( 'NONE', #2404, 1000.000000000000000 ) ;
#1429 = DIRECTION ( 'NONE',  ( 0.000000000000000000, -1.000000000000000000, 0.000000000000000000 ) ) ;
#1430 = CARTESIAN_POINT ( 'NONE',  ( 89.12363747648188905, 67.12963448594312865, 10.00000000000000000 ) ) ;
#1431 = FACE_BOUND ( 'NONE', #626, .T. ) ;
#1432 = DIRECTION ( 'NONE',  ( -0.000000000000000000, -0.000000000000000000, -1.000000000000000000 ) ) ;
#1433 = EDGE_CURVE ( 'NONE', #2701, #1153, #1130, .T. ) ;
#1434 = EDGE_LOOP ( 'NONE', ( #2397, #3545, #2980, #2844 ) ) ;
#1435 = FACE_OUTER_BOUND ( 'NONE', #2828, .T. ) ;
#1436 = FACE_OUTER_BOUND ( 'NONE', #2025, .T. ) ;
#1437 = EDGE_CURVE ( 'NONE', #2798, #3054, #1108, .T. ) ;
#1438 = ORIENTED_EDGE ( 'NONE', *, *, #2736, .F. ) ;
#1439 = VECTOR ( 'NONE', #3242, 1000.000000000000000 ) ;
#1440 = VERTEX_POINT ( 'NONE', #3119 ) ;
#1441 = ADVANCED_FACE ( 'NONE', ( #2866 ), #1089, .F. ) ;
#1442 = CARTESIAN_POINT ( 'NONE',  ( 32.22167450114571352, 117.3003955792409556, 3.886793678372646443 ) ) ;
#1443 = LINE ( 'NONE', #843, #975 ) ;
#1444 = DIRECTION ( 'NONE',  ( 0.000000000000000000, 0.000000000000000000, 1.000000000000000000 ) ) ;
#1445 = DIRECTION ( 'NONE',  ( 0.000000000000000000, 1.000000000000000000, 0.000000000000000000 ) ) ;
#1446 = CARTESIAN_POINT ( 'NONE',  ( 107.7132324074074035, 115.4394300551189048, -100.0000000000000000 ) ) ;
#1447 = CARTESIAN_POINT ( 'NONE',  ( 73.36153357792963448, 98.38597022992065888, -109.7171366733859514 ) ) ;
#1448 = ADVANCED_FACE ( 'NONE', ( #1718 ), #537, .T. ) ;
#1449 = ORIENTED_EDGE ( 'NONE', *, *, #1463, .T. ) ;
#1450 = CARTESIAN_POINT ( 'NONE',  ( -37.50682655186823666, -32.26617358221282927, -96.95333586038464091 ) ) ;
#1451 = CYLINDRICAL_SURFACE ( 'NONE', #2233, 4.000000000000003553 ) ;
#1452 = FACE_OUTER_BOUND ( 'NONE', #725, .T. ) ;
#1453 = CARTESIAN_POINT ( 'NONE',  ( -47.50682655186825087, 79.14627833301670989, -39.54999999999991900 ) ) ;
#1454 = ORIENTED_EDGE ( 'NONE', *, *, #2375, .T. ) ;
#1455 = FACE_OUTER_BOUND ( 'NONE', #2533, .T. ) ;
#1456 = VERTEX_POINT ( 'NONE', #2835 ) ;
#1457 = EDGE_CURVE ( 'NONE', #364, #1518, #2172, .T. ) ;
#1458 = VERTEX_POINT ( 'NONE', #2011 ) ;
#1459 = CYLINDRICAL_SURFACE ( 'NONE', #1859, 18.55000000000001137 ) ;
#1460 = DIRECTION ( 'NONE',  ( 1.000000000000000000, 0.000000000000000000, 0.000000000000000000 ) ) ;
#1461 = DIRECTION ( 'NONE',  ( 0.000000000000000000, 1.000000000000000000, 0.000000000000000000 ) ) ;
#1462 = DIRECTION ( 'NONE',  ( -0.000000000000000000, -0.000000000000000000, -1.000000000000000000 ) ) ;
#1463 = EDGE_CURVE ( 'NONE', #1291, #2120, #470, .T. ) ;
#1464 = CIRCLE ( 'NONE', #1906, 3.250000000000007994 ) ;
#1465 = ADVANCED_FACE ( 'NONE', ( #2880 ), #202, .F. ) ;
#1466 = VERTEX_POINT ( 'NONE', #3191 ) ;
#1467 = CYLINDRICAL_SURFACE ( 'NONE', #755, 4.099999999999999645 ) ;
#1468 = DIRECTION ( 'NONE',  ( -0.000000000000000000, -0.000000000000000000, -1.000000000000000000 ) ) ;
#1469 = FACE_OUTER_BOUND ( 'NONE', #1230, .T. ) ;
#1470 = CARTESIAN_POINT ( 'NONE',  ( 95.79382499999995559, 104.5592390200629183, -108.8363318600356280 ) ) ;
#1471 = ORIENTED_EDGE ( 'NONE', *, *, #2418, .F. ) ;
#1472 = DIRECTION ( 'NONE',  ( -1.000000000000000000, 0.000000000000000000, 0.000000000000000000 ) ) ;
#1473 = DIRECTION ( 'NONE',  ( -0.000000000000000000, -0.000000000000000000, -1.000000000000000000 ) ) ;
#1474 = VERTEX_POINT ( 'NONE', #3498 ) ;
#1475 = CARTESIAN_POINT ( 'NONE',  ( 32.76388324770686467, 117.2743803386570391, -106.4556118997256249 ) ) ;
#1476 = VECTOR ( 'NONE', #2996, 1000.000000000000000 ) ;
#1477 = EDGE_CURVE ( 'NONE', #3688, #1788, #3538, .T. ) ;
#1478 = VECTOR ( 'NONE', #2577, 1000.000000000000000 ) ;
#1479 = VERTEX_POINT ( 'NONE', #3001 ) ;
#1480 = ORIENTED_EDGE ( 'NONE', *, *, #3528, .T. ) ;
#1481 = CARTESIAN_POINT ( 'NONE',  ( 73.11414209586727964, 80.61059359762329279, -110.0000000000000000 ) ) ;
#1482 = DIRECTION ( 'NONE',  ( -0.000000000000000000, -0.000000000000000000, -1.000000000000000000 ) ) ;
#1483 = DIRECTION ( 'NONE',  ( 1.224646799147353207E-16, 1.000000000000000000, -0.000000000000000000 ) ) ;
#1484 = DIRECTION ( 'NONE',  ( 1.000000000000000000, 0.000000000000000000, -0.000000000000000000 ) ) ;
#1485 = AXIS2_PLACEMENT_3D ( 'NONE', #2098, #3287, #1854 ) ;
#1486 = CARTESIAN_POINT ( 'NONE',  ( 74.17397401136784651, 97.87775843830036138, -109.3200028242566191 ) ) ;
#1487 = VECTOR ( 'NONE', #3461, 1000.000000000000000 ) ;
#1488 = ORIENTED_EDGE ( 'NONE', *, *, #3476, .T. ) ;
#1489 = CARTESIAN_POINT ( 'NONE',  ( 148.5191583333330243, -35.31283891320750712, -104.0000000000000000 ) ) ;
#1490 = AXIS2_PLACEMENT_3D ( 'NONE', #399, #2184, #435 ) ;
#1491 = DIRECTION ( 'NONE',  ( 0.000000000000000000, 0.000000000000000000, -1.000000000000000000 ) ) ;
#1492 = CARTESIAN_POINT ( 'NONE',  ( -47.50682655186825087, 2.841278333016708402, -64.44999999999991758 ) ) ;
#1493 = VECTOR ( 'NONE', #487, 1000.000000000000000 ) ;
#1494 = EDGE_CURVE ( 'NONE', #3670, #2788, #1339, .T. ) ;
#1495 = DIRECTION ( 'NONE',  ( 0.000000000000000000, -1.000000000000000000, 0.000000000000000000 ) ) ;
#1496 = AXIS2_PLACEMENT_3D ( 'NONE', #385, #2422, #618 ) ;
#1497 = VECTOR ( 'NONE', #1997, 1000.000000000000000 ) ;
#1498 = AXIS2_PLACEMENT_3D ( 'NONE', #102, #1260, #2155 ) ;
#1499 = ORIENTED_EDGE ( 'NONE', *, *, #3391, .F. ) ;
#1500 = LINE ( 'NONE', #2937, #623 ) ;
#1501 = EDGE_CURVE ( 'NONE', #3000, #1925, #2843, .T. ) ;
#1502 = ORIENTED_EDGE ( 'NONE', *, *, #1327, .F. ) ;
#1503 = DIRECTION ( 'NONE',  ( 0.000000000000000000, 0.000000000000000000, 1.000000000000000000 ) ) ;
#1504 = CARTESIAN_POINT ( 'NONE',  ( 95.79382499999998402, 99.65776232622010866, 0.000000000000000000 ) ) ;
#1505 = CARTESIAN_POINT ( 'NONE',  ( -37.50682655186825798, 117.2998538310965415, 2.840429654279443383 ) ) ;
#1506 = AXIS2_PLACEMENT_3D ( 'NONE', #2545, #492, #1094 ) ;
#1507 = VERTEX_POINT ( 'NONE', #572 ) ;
#1508 = FACE_BOUND ( 'NONE', #281, .T. ) ;
#1509 = EDGE_CURVE ( 'NONE', #2592, #3550, #2531, .T. ) ;
#1510 = DIRECTION ( 'NONE',  ( 0.000000000000000000, 1.000000000000000000, 0.000000000000000000 ) ) ;
#1511 = ORIENTED_EDGE ( 'NONE', *, *, #1021, .T. ) ;
#1512 = DIRECTION ( 'NONE',  ( 0.000000000000000000, -1.000000000000000000, 0.000000000000000000 ) ) ;
#1513 = EDGE_CURVE ( 'NONE', #3693, #1707, #2276, .T. ) ;
#1514 = EDGE_CURVE ( 'NONE', #3173, #3742, #1095, .T. ) ;
#1515 = ORIENTED_EDGE ( 'NONE', *, *, #2395, .F. ) ;
#1516 = DIRECTION ( 'NONE',  ( -0.000000000000000000, 1.000000000000000000, -0.000000000000000000 ) ) ;
#1517 = CIRCLE ( 'NONE', #723, 4.000000000000000000 ) ;
#1518 = VERTEX_POINT ( 'NONE', #1993 ) ;
#1519 = FACE_OUTER_BOUND ( 'NONE', #2145, .T. ) ;
#1520 = LINE ( 'NONE', #1248, #1731 ) ;
#1521 = DIRECTION ( 'NONE',  ( -0.000000000000000000, -0.000000000000000000, -1.000000000000000000 ) ) ;
#1522 = DIRECTION ( 'NONE',  ( -0.000000000000000000, 0.000000000000000000, 1.000000000000000000 ) ) ;
#1523 = ORIENTED_EDGE ( 'NONE', *, *, #3413, .T. ) ;
#1524 = CARTESIAN_POINT ( 'NONE',  ( 77.13357096215563047, 94.65614507999583793, -106.0000000000000000 ) ) ;
#1525 = LINE ( 'NONE', #2130, #339 ) ;
#1526 = CIRCLE ( 'NONE', #3264, 4.000000000000000000 ) ;
#1527 = ADVANCED_FACE ( 'NONE', ( #3175 ), #3087, .T. ) ;
#1528 = VERTEX_POINT ( 'NONE', #3193 ) ;
#1529 = DIRECTION ( 'NONE',  ( 1.000000000000000000, 0.000000000000000000, 0.000000000000000000 ) ) ;
#1530 = AXIS2_PLACEMENT_3D ( 'NONE', #847, #304, #2905 ) ;
#1531 = ORIENTED_EDGE ( 'NONE', *, *, #2329, .F. ) ;
#1532 = FACE_OUTER_BOUND ( 'NONE', #2353, .T. ) ;
#1533 = EDGE_CURVE ( 'NONE', #803, #848, #1443, .T. ) ;
#1534 = ADVANCED_FACE ( 'NONE', ( #788 ), #3573, .T. ) ;
#1535 = VERTEX_POINT ( 'NONE', #244 ) ;
#1536 = VERTEX_POINT ( 'NONE', #1402 ) ;
#1537 = DIRECTION ( 'NONE',  ( -0.000000000000000000, -0.000000000000000000, -1.000000000000000000 ) ) ;
#1538 = CARTESIAN_POINT ( 'NONE',  ( 132.9999999999999716, -0.001617246224230872720, -104.0000000000000000 ) ) ;
#1539 = CARTESIAN_POINT ( 'NONE',  ( 88.51915833333325168, 17.30039557924095561, 0.000000000000000000 ) ) ;
#1540 = DIRECTION ( 'NONE',  ( 0.000000000000000000, -1.000000000000000000, 0.000000000000000000 ) ) ;
#1541 = CARTESIAN_POINT ( 'NONE',  ( -37.50682655186822245, -35.27797076512769792, 2.242441217124751418 ) ) ;
#1542 = TOROIDAL_SURFACE ( 'NONE', #3395, 8.000000000000000000, 4.000000000000000000 ) ;
#1543 = ORIENTED_EDGE ( 'NONE', *, *, #2396, .F. ) ;
#1544 = CARTESIAN_POINT ( 'NONE',  ( 71.80554805569657617, 99.08495509034636939, 10.00000000000000000 ) ) ;
#1545 = DIRECTION ( 'NONE',  ( -1.000000000000000000, 0.000000000000000000, 0.000000000000000000 ) ) ;
#1546 = DIRECTION ( 'NONE',  ( -0.000000000000000000, -0.000000000000000000, -1.000000000000000000 ) ) ;
#1547 = AXIS2_PLACEMENT_3D ( 'NONE', #3251, #1091, #594 ) ;
#1548 = CIRCLE ( 'NONE', #1114, 100.0000000000000000 ) ;
#1549 = DIRECTION ( 'NONE',  ( 0.000000000000000000, -0.000000000000000000, -1.000000000000000000 ) ) ;
#1550 = CARTESIAN_POINT ( 'NONE',  ( 92.34049166666667929, 39.90193437630174600, 10.00322257381348834 ) ) ;
#1551 = EDGE_CURVE ( 'NONE', #3000, #3457, #3628, .T. ) ;
#1552 = ORGANIZATION ( 'UNSPECIFIED', 'UNSPECIFIED', '' ) ;
#1553 = CARTESIAN_POINT ( 'NONE',  ( 45.32491196610944684, 84.22947724642756384, -100.0000000000000000 ) ) ;
#1554 = AXIS2_PLACEMENT_3D ( 'NONE', #2780, #1197, #1568 ) ;
#1555 = EDGE_LOOP ( 'NONE', ( #3557, #840, #3612, #833, #3110, #5, #742, #2060 ) ) ;
#1556 = CARTESIAN_POINT ( 'NONE',  ( -47.50682655186825087, 2.841278333016707514, -39.54999999999991900 ) ) ;
#1557 = EDGE_CURVE ( 'NONE', #1174, #364, #1075, .T. ) ;
#1558 = ORIENTED_EDGE ( 'NONE', *, *, #2106, .T. ) ;
#1559 = EDGE_LOOP ( 'NONE', ( #1662, #1085, #3375, #3385 ) ) ;
#1560 = CARTESIAN_POINT ( 'NONE',  ( 77.13403787126485156, 94.65695370310794488, 0.000000000000000000 ) ) ;
#1561 = CARTESIAN_POINT ( 'NONE',  ( -33.50682655186826508, 117.3003955792409556, 4.000000000000000000 ) ) ;
#1562 = CARTESIAN_POINT ( 'NONE',  ( 32.04267949408813365, 107.3003955792409982, 0.000000000000000000 ) ) ;
#1563 = CARTESIAN_POINT ( 'NONE',  ( 105.8155529678369220, 115.6342812853052351, 2.865552840009124580 ) ) ;
#1564 = EDGE_CURVE ( 'NONE', #2858, #2592, #3824, .T. ) ;
#1565 = EDGE_LOOP ( 'NONE', ( #765, #218, #3768, #430 ) ) ;
#1566 = DIRECTION ( 'NONE',  ( -0.000000000000000000, -0.000000000000000000, -1.000000000000000000 ) ) ;
#1567 = PERSON_AND_ORGANIZATION ( #831, #1552 ) ;
#1568 = DIRECTION ( 'NONE',  ( 0.000000000000000000, 0.000000000000000000, 1.000000000000000000 ) ) ;
#1569 = CARTESIAN_POINT ( 'NONE',  ( 92.40235710039107175, 40.38638150919069858, -106.7750158222753782 ) ) ;
#1570 = CARTESIAN_POINT ( 'NONE',  ( 96.34049166666667929, 39.90193437630174600, -110.0000000000000000 ) ) ;
#1571 = DIRECTION ( 'NONE',  ( 0.000000000000000000, 0.000000000000000000, 1.000000000000000000 ) ) ;
#1572 = ORIENTED_EDGE ( 'NONE', *, *, #233, .T. ) ;
#1573 = B_SPLINE_CURVE_WITH_KNOTS ( 'NONE', 3,
 ( #718, #2508, #2446, #985, #97, #3687, #423, #640, #2149, #3331 ),
 .UNSPECIFIED., .F., .F.,
 ( 4, 2, 2, 2, 4 ),
 ( -1.264911064068459087E-05, 0.004091124520139132956, 0.006143011335529041488, 0.007168954743224003126, 0.008194898150918965632 ),
 .UNSPECIFIED. ) ;
#1574 = EDGE_CURVE ( 'NONE', #3457, #1010, #3728, .T. ) ;
#1575 = VERTEX_POINT ( 'NONE', #2943 ) ;
#1576 = EDGE_LOOP ( 'NONE', ( #3433, #2156 ) ) ;
#1577 = FACE_OUTER_BOUND ( 'NONE', #3246, .T. ) ;
#1578 = DIRECTION ( 'NONE',  ( 0.000000000000000000, 0.000000000000000000, 1.000000000000000000 ) ) ;
#1579 = CARTESIAN_POINT ( 'NONE',  ( 99.42940701693314054, 113.3525612777125389, 0.04418992905816907651 ) ) ;
#1580 = CARTESIAN_POINT ( 'NONE',  ( -37.50682655186824377, -32.28039054094964655, -3.030765859112783289 ) ) ;
#1581 = ORIENTED_EDGE ( 'NONE', *, *, #1370, .F. ) ;
#1582 = CARTESIAN_POINT ( 'NONE',  ( 72.72590493809164514, 42.65304649226271039, 10.00322257381348834 ) ) ;
#1583 = DATE_AND_TIME ( #2505, #390 ) ;
#1584 = DIRECTION ( 'NONE',  ( 0.000000000000000000, 0.000000000000000000, 1.000000000000000000 ) ) ;
#1585 = CARTESIAN_POINT ( 'NONE',  ( 92.48582333877462247, 41.14349361693319196, -107.3208826328705925 ) ) ;
#1586 = ADVANCED_FACE ( 'NONE', ( #1780 ), #484, .T. ) ;
#1587 = EDGE_CURVE ( 'NONE', #2023, #1410, #1966, .T. ) ;
#1588 = ORIENTED_EDGE ( 'NONE', *, *, #1982, .F. ) ;
#1589 = CC_DESIGN_PERSON_AND_ORGANIZATION_ASSIGNMENT ( #752, #2820, ( #2427 ) ) ;
#1590 = CARTESIAN_POINT ( 'NONE',  ( 92.34070876603291822, 39.90355162252848231, 6.041674306204860123 ) ) ;
#1591 = TOROIDAL_SURFACE ( 'NONE', #3763, 35.99999999999999289, 4.000000000000000000 ) ;
#1592 = ORIENTED_EDGE ( 'NONE', *, *, #873, .T. ) ;
#1593 = CARTESIAN_POINT ( 'NONE',  ( 132.9999999999999716, -0.001617246224230872720, -110.0000000000000000 ) ) ;
#1594 = DIRECTION ( 'NONE',  ( 0.000000000000000000, -1.000000000000000000, 0.000000000000000000 ) ) ;
#1595 = ORIENTED_EDGE ( 'NONE', *, *, #686, .T. ) ;
#1596 = VERTEX_POINT ( 'NONE', #3037 ) ;
#1597 = DIRECTION ( 'NONE',  ( -1.000000000000000000, 0.000000000000000000, 0.000000000000000000 ) ) ;
#1598 = LINE ( 'NONE', #1538, #680 ) ;
#1599 = CARTESIAN_POINT ( 'NONE',  ( 82.34049166666667929, 39.90193437630174600, -110.0000000000000000 ) ) ;
#1600 = CARTESIAN_POINT ( 'NONE',  ( -37.50682655186825798, 117.2987783330167275, -110.0000000000000000 ) ) ;
#1601 = CARTESIAN_POINT ( 'NONE',  ( -33.50682655186823666, -35.31122166698329323, -100.0000000000000000 ) ) ;
#1602 = EDGE_CURVE ( 'NONE', #1466, #2270, #842, .T. ) ;
#1603 = ORIENTED_EDGE ( 'NONE', *, *, #1948, .F. ) ;
#1604 = CARTESIAN_POINT ( 'NONE',  ( 150.0000000000000000, 0.000000000000000000, 4.000000000000000000 ) ) ;
#1605 = APPROVAL_ROLE ( '' ) ;
#1606 = ORIENTED_EDGE ( 'NONE', *, *, #1031, .T. ) ;
#1607 = EDGE_CURVE ( 'NONE', #2956, #2858, #372, .T. ) ;
#1608 = FACE_OUTER_BOUND ( 'NONE', #1872, .T. ) ;
#1609 = AXIS2_PLACEMENT_3D ( 'NONE', #2028, #1702, #2884 ) ;
#1610 = ORIENTED_EDGE ( 'NONE', *, *, #3322, .F. ) ;
#1611 = CIRCLE ( 'NONE', #1237, 8.099999999999999645 ) ;
#1612 = CIRCLE ( 'NONE', #3407, 35.99999999999997868 ) ;
#1613 = AXIS2_PLACEMENT_3D ( 'NONE', #3351, #698, #154 ) ;
#1614 = AXIS2_PLACEMENT_3D ( 'NONE', #926, #1584, #3623 ) ;
#1615 = AXIS2_PLACEMENT_3D ( 'NONE', #213, #230, #52 ) ;
#1616 = CIRCLE ( 'NONE', #1822, 2.000000000000001776 ) ;
#1617 = ORIENTED_EDGE ( 'NONE', *, *, #2995, .T. ) ;
#1618 = ORIENTED_EDGE ( 'NONE', *, *, #1710, .F. ) ;
#1619 = DIRECTION ( 'NONE',  ( 0.000000000000000000, 0.000000000000000000, 1.000000000000000000 ) ) ;
#1620 = CARTESIAN_POINT ( 'NONE',  ( -47.50682655186825087, 2.841278333016708402, -64.44999999999991758 ) ) ;
#1621 = DIRECTION ( 'NONE',  ( 1.000000000000000000, 0.000000000000000000, 0.000000000000000000 ) ) ;
#1622 = DIRECTION ( 'NONE',  ( 0.000000000000000000, 0.000000000000000000, 1.000000000000000000 ) ) ;
#1623 = CARTESIAN_POINT ( 'NONE',  ( 85.79382499999999823, 99.65776232622010866, 6.000000000000000000 ) ) ;
#1624 = ORIENTED_EDGE ( 'NONE', *, *, #798, .T. ) ;
#1625 = CARTESIAN_POINT ( 'NONE',  ( -35.84997230237588184, 115.6435413297485724, 10.00000000000000000 ) ) ;
#1626 = APPROVAL_DATE_TIME ( #1583, #331 ) ;
#1627 = CYLINDRICAL_SURFACE ( 'NONE', #1791, 9.999999999999994671 ) ;
#1628 = DIRECTION ( 'NONE',  ( 0.000000000000000000, 0.000000000000000000, 1.000000000000000000 ) ) ;
#1629 = DIRECTION ( 'NONE',  ( -1.000000000000000000, 0.000000000000000000, 0.000000000000000000 ) ) ;
#1630 = ORIENTED_EDGE ( 'NONE', *, *, #2709, .T. ) ;
#1631 = EDGE_CURVE ( 'NONE', #825, #2197, #124, .T. ) ;
#1632 = DIRECTION ( 'NONE',  ( -0.000000000000000000, -0.000000000000000000, -1.000000000000000000 ) ) ;
#1633 = AXIS2_PLACEMENT_3D ( 'NONE', #336, #3571, #58 ) ;
#1634 = CIRCLE ( 'NONE', #702, 9.999999999999994671 ) ;
#1635 = ORIENTED_EDGE ( 'NONE', *, *, #2106, .F. ) ;
#1636 = EDGE_CURVE ( 'NONE', #2766, #1535, #2461, .T. ) ;
#1637 = EDGE_LOOP ( 'NONE', ( #3446, #153, #741, #3129 ) ) ;
#1638 = ORIENTED_EDGE ( 'NONE', *, *, #663, .T. ) ;
#1639 = CARTESIAN_POINT ( 'NONE',  ( -37.50682655186823666, -35.31122166698328613, -110.0000000000000000 ) ) ;
#1640 = PLANE ( 'NONE',  #2803 ) ;
#1641 = FACE_OUTER_BOUND ( 'NONE', #1949, .T. ) ;
#1642 = VERTEX_POINT ( 'NONE', #1036 ) ;
#1643 = CARTESIAN_POINT ( 'NONE',  ( 149.9999999999999716, -0.001617246224230872720, -104.0000000000000000 ) ) ;
#1644 = COORDINATED_UNIVERSAL_TIME_OFFSET ( 8, 0, .BEHIND. ) ;
#1645 = CARTESIAN_POINT ( 'NONE',  ( 96.24190098888411171, 108.5990197362218197, -109.9999999999999716 ) ) ;
#1646 = CARTESIAN_POINT ( 'NONE',  ( 92.34049166666667929, 39.90193437630174600, 10.00000000000000178 ) ) ;
#1647 = CARTESIAN_POINT ( 'NONE',  ( 95.79382499999998402, 99.65614507999580951, -106.0000000000000000 ) ) ;
#1648 = CARTESIAN_POINT ( 'NONE',  ( 92.34323694078038613, 39.92237849642087610, 6.157691312497105329 ) ) ;
#1649 = DIRECTION ( 'NONE',  ( -1.000000000000000000, -1.364029953115296624E-16, 0.000000000000000000 ) ) ;
#1650 = AXIS2_PLACEMENT_3D ( 'NONE', #1251, #1522, #2161 ) ;
#1651 = EDGE_LOOP ( 'NONE', ( #3522, #480, #481 ) ) ;
#1652 = DIRECTION ( 'NONE',  ( 0.000000000000000000, 0.000000000000000000, 1.000000000000000000 ) ) ;
#1653 = CARTESIAN_POINT ( 'NONE',  ( 88.51915833333325168, 17.30039557924095561, 4.000000000000000000 ) ) ;
#1654 = ORIENTED_EDGE ( 'NONE', *, *, #2348, .F. ) ;
#1655 = AXIS2_PLACEMENT_3D ( 'NONE', #3774, #2901, #2564 ) ;
#1656 = AXIS2_PLACEMENT_3D ( 'NONE', #3096, #167, #449 ) ;
#1657 = ORIENTED_EDGE ( 'NONE', *, *, #1602, .T. ) ;
#1658 = EDGE_CURVE ( 'NONE', #431, #2561, #2337, .T. ) ;
#1659 = CARTESIAN_POINT ( 'NONE',  ( 92.34049166666667929, 39.90193437630174600, -106.0000000000000000 ) ) ;
#1660 = FACE_OUTER_BOUND ( 'NONE', #3471, .T. ) ;
#1661 = CARTESIAN_POINT ( 'NONE',  ( 68.47425074252969068, 89.65614507999580951, 10.00000000000000000 ) ) ;
#1662 = ORIENTED_EDGE ( 'NONE', *, *, #77, .F. ) ;
#1663 = CARTESIAN_POINT ( 'NONE',  ( 77.13403787126485156, 94.65695370310795909, 6.000000000000000000 ) ) ;
#1664 = CARTESIAN_POINT ( 'NONE',  ( 33.84501464605653354, 117.1417586421905241, -102.8663294874832559 ) ) ;
#1665 = DIRECTION ( 'NONE',  ( 1.000000000000000000, 0.000000000000000000, 0.000000000000000000 ) ) ;
#1666 = CARTESIAN_POINT ( 'NONE',  ( 92.41190509462629166, 48.05853305489252847, -109.8695494737773828 ) ) ;
#1667 = CARTESIAN_POINT ( 'NONE',  ( 148.5191583333332801, 4.688778333016715649, 6.000000000000000000 ) ) ;
#1668 = ORIENTED_EDGE ( 'NONE', *, *, #2376, .F. ) ;
#1669 = AXIS2_PLACEMENT_3D ( 'NONE', #147, #2772, #1282 ) ;
#1670 = ORIENTED_EDGE ( 'NONE', *, *, #2268, .F. ) ;
#1671 = AXIS2_PLACEMENT_3D ( 'NONE', #1169, #1206, #3578 ) ;
#1672 = AXIS2_PLACEMENT_3D ( 'NONE', #1397, #3421, #2831 ) ;
#1673 = ORIENTED_EDGE ( 'NONE', *, *, #1574, .F. ) ;
#1674 = EDGE_CURVE ( 'NONE', #2667, #703, #130, .T. ) ;
#1675 = DIRECTION ( 'NONE',  ( 1.000000000000000000, 0.000000000000000000, 0.000000000000000000 ) ) ;
#1676 = DIRECTION ( 'NONE',  ( -1.000000000000000000, -1.364044408080838895E-16, -0.000000000000000000 ) ) ;
#1677 = DIRECTION ( 'NONE',  ( 1.000000000000000000, 0.000000000000000000, -0.000000000000000000 ) ) ;
#1678 = LOCAL_TIME ( 15, 45, 13.00000000000000000, #185 ) ;
#1679 = AXIS2_PLACEMENT_3D ( 'NONE', #421, #1006, #3080 ) ;
#1680 = CIRCLE ( 'NONE', #1056, 16.99999999999998579 ) ;
#1681 = ORIENTED_EDGE ( 'NONE', *, *, #1533, .F. ) ;
#1682 = CARTESIAN_POINT ( 'NONE',  ( 75.54660818271099743, 96.74968313301442890, 8.231418639594934916 ) ) ;
#1683 = DIRECTION ( 'NONE',  ( -0.000000000000000000, -0.000000000000000000, -1.000000000000000000 ) ) ;
#1684 = CARTESIAN_POINT ( 'NONE',  ( 168.5500000000000114, 2.271719812418342047E-15, 4.000000000000000000 ) ) ;
#1685 = LINE ( 'NONE', #3443, #2873 ) ;
#1686 = B_SPLINE_CURVE_WITH_KNOTS ( 'NONE', 3,
 ( #3154, #171, #787, #2821, #455, #1110, #1645, #2305 ),
 .UNSPECIFIED., .F., .F.,
 ( 4, 2, 2, 4 ),
 ( 0.000000000000000000, 0.001691593220446963985, 0.002537389830670454000, 0.003383186440893944449 ),
 .UNSPECIFIED. ) ;
#1687 = EDGE_CURVE ( 'NONE', #2574, #2330, #109, .T. ) ;
#1688 = ADVANCED_FACE ( 'NONE', ( #2159 ), #3657, .T. ) ;
#1689 = ORIENTED_EDGE ( 'NONE', *, *, #3449, .F. ) ;
#1690 = CARTESIAN_POINT ( 'NONE',  ( 73.11384680570471062, 80.61120450445048391, 10.00000000000000000 ) ) ;
#1691 = CARTESIAN_POINT ( 'NONE',  ( 148.5191583333330243, -31.31283891320750357, -100.0000000000000000 ) ) ;
#1692 = ADVANCED_FACE ( 'NONE', ( #1876 ), #2718, .T. ) ;
#1693 = VERTEX_POINT ( 'NONE', #2735 ) ;
#1694 = CARTESIAN_POINT ( 'NONE',  ( 107.7132324074073892, 115.4394300551188906, -104.0000000000000000 ) ) ;
#1695 = VERTEX_POINT ( 'NONE', #3075 ) ;
#1696 = DIRECTION ( 'NONE',  ( -0.000000000000000000, -0.000000000000000000, -1.000000000000000000 ) ) ;
#1697 = DIRECTION ( 'NONE',  ( -0.000000000000000000, 1.000000000000000000, -0.000000000000000000 ) ) ;
#1698 = ORIENTED_EDGE ( 'NONE', *, *, #2870, .F. ) ;
#1699 = DIRECTION ( 'NONE',  ( -0.000000000000000000, -0.000000000000000000, -1.000000000000000000 ) ) ;
#1700 = DIRECTION ( 'NONE',  ( -1.000000000000000000, 0.000000000000000000, 0.000000000000000000 ) ) ;
#1701 = DIRECTION ( 'NONE',  ( 0.000000000000000000, -1.000000000000000000, 0.000000000000000000 ) ) ;
#1702 = DIRECTION ( 'NONE',  ( 0.000000000000000000, 0.000000000000000000, 1.000000000000000000 ) ) ;
#1703 = CARTESIAN_POINT ( 'NONE',  ( 168.5499999999999829, -0.001617246224228600883, -104.0000000000000000 ) ) ;
#1704 = DIRECTION ( 'NONE',  ( -1.000000000000000000, -0.000000000000000000, -0.000000000000000000 ) ) ;
#1705 = CARTESIAN_POINT ( 'NONE',  ( 166.9999999999999432, -0.001617246224228790835, -104.0000000000000000 ) ) ;
#1706 = CARTESIAN_POINT ( 'NONE',  ( 68.34049166666667929, 39.90193437630174600, -110.0000000000000000 ) ) ;
#1707 = VERTEX_POINT ( 'NONE', #2795 ) ;
#1708 = DIRECTION ( 'NONE',  ( 0.000000000000000000, 0.000000000000000000, -1.000000000000000000 ) ) ;
#1709 = CARTESIAN_POINT ( 'NONE',  ( 65.29565270734227056, 96.78576348562569365, 0.000000000000000000 ) ) ;
#1710 = EDGE_CURVE ( 'NONE', #1535, #220, #1526, .T. ) ;
#1711 = EDGE_CURVE ( 'NONE', #2516, #1850, #1249, .T. ) ;
#1712 = PRODUCT_RELATED_PRODUCT_CATEGORY ( 'detail', '', ( #2121 ) ) ;
#1713 = ORIENTED_EDGE ( 'NONE', *, *, #3496, .F. ) ;
#1714 = CARTESIAN_POINT ( 'NONE',  ( 107.7132324074074177, 115.4394300551188906, -106.0000000000000000 ) ) ;
#1715 = EDGE_LOOP ( 'NONE', ( #443, #268, #1030, #3793 ) ) ;
#1716 = EDGE_LOOP ( 'NONE', ( #2529, #1773, #616, #3712, #2769 ) ) ;
#1717 = AXIS2_PLACEMENT_3D ( 'NONE', #3195, #756, #1112 ) ;
#1718 = FACE_OUTER_BOUND ( 'NONE', #2548, .T. ) ;
#1719 = DIRECTION ( 'NONE',  ( -1.000000000000000000, -1.364044408080838895E-16, -0.000000000000000000 ) ) ;
#1720 = ORIENTED_EDGE ( 'NONE', *, *, #2031, .F. ) ;
#1721 = ADVANCED_FACE ( 'NONE', ( #2815 ), #2439, .T. ) ;
#1722 = CARTESIAN_POINT ( 'NONE',  ( 131.4499999999999602, -0.001617246224230872720, -100.0000000000000000 ) ) ;
#1723 = CARTESIAN_POINT ( 'NONE',  ( 188.5191583333332801, 17.30039557924024862, 4.000000000000000000 ) ) ;
#1724 = DIRECTION ( 'NONE',  ( 1.000000000000000000, 0.000000000000000000, 0.000000000000000000 ) ) ;
#1725 = ORIENTED_EDGE ( 'NONE', *, *, #3818, .F. ) ;
#1726 = CARTESIAN_POINT ( 'NONE',  ( -37.50682655186825798, 117.2987783330167275, -110.0000000000000000 ) ) ;
#1727 = CARTESIAN_POINT ( 'NONE',  ( -35.84997230237588184, 115.6419240835243585, 9.999999999999998224 ) ) ;
#1728 = CARTESIAN_POINT ( 'NONE',  ( 95.79382499999999823, 100.8581449480959691, -106.7560751544206141 ) ) ;
#1729 = VERTEX_POINT ( 'NONE', #2204 ) ;
#1730 = CYLINDRICAL_SURFACE ( 'NONE', #1926, 3.250000000000007994 ) ;
#1731 = VECTOR ( 'NONE', #3056, 1000.000000000000000 ) ;
#1732 = ADVANCED_FACE ( 'NONE', ( #3381 ), #1216, .T. ) ;
#1733 = ORIENTED_EDGE ( 'NONE', *, *, #3553, .T. ) ;
#1734 = CIRCLE ( 'NONE', #1354, 9.999999999999994671 ) ;
#1735 = VECTOR ( 'NONE', #2539, 1000.000000000000000 ) ;
#1736 = ORIENTED_EDGE ( 'NONE', *, *, #2199, .F. ) ;
#1737 = VECTOR ( 'NONE', #2725, 1000.000000000000000 ) ;
#1738 = CARTESIAN_POINT ( 'NONE',  ( 99.09658280164123312, 113.0563995688144274, 9.989042989110926030 ) ) ;
#1739 = DIRECTION ( 'NONE',  ( 0.000000000000000000, -1.000000000000000000, 0.000000000000000000 ) ) ;
#1740 = ORIENTED_EDGE ( 'NONE', *, *, #1021, .F. ) ;
#1741 = CARTESIAN_POINT ( 'NONE',  ( -33.50682655186824377, -31.31122166698327547, -4.000000000000000000 ) ) ;
#1742 = AXIS2_PLACEMENT_3D ( 'NONE', #3128, #988, #1652 ) ;
#1743 = CARTESIAN_POINT ( 'NONE',  ( 39.78353917911063320, 113.6459159992109988, 10.00000000000000000 ) ) ;
#1744 = VECTOR ( 'NONE', #1546, 1000.000000000000000 ) ;
#1745 = CIRCLE ( 'NONE', #2302, 2.000000000000001776 ) ;
#1746 = CIRCLE ( 'NONE', #1496, 13.99999999999999822 ) ;
#1747 = ORIENTED_EDGE ( 'NONE', *, *, #2329, .T. ) ;
#1748 = CIRCLE ( 'NONE', #157, 4.099999999999999645 ) ;
#1749 = LINE ( 'NONE', #1726, #2362 ) ;
#1750 = CARTESIAN_POINT ( 'NONE',  ( 88.51915833333325168, 17.30039557924095561, 10.00000000000000000 ) ) ;
#1751 = CARTESIAN_POINT ( 'NONE',  ( 105.7938249999999840, 105.6269821291329265, 0.000000000000000000 ) ) ;
#1752 = EDGE_CURVE ( 'NONE', #2267, #3707, #1398, .T. ) ;
#1753 = ORIENTED_EDGE ( 'NONE', *, *, #3388, .T. ) ;
#1754 = LINE ( 'NONE', #2314, #805 ) ;
#1755 = VERTEX_POINT ( 'NONE', #1647 ) ;
#1756 = EDGE_CURVE ( 'NONE', #1850, #3053, #2838, .T. ) ;
#1757 = EDGE_CURVE ( 'NONE', #377, #3301, #772, .T. ) ;
#1758 = VERTEX_POINT ( 'NONE', #1062 ) ;
#1759 = B_SPLINE_CURVE_WITH_KNOTS ( 'NONE', 3,
 ( #53, #2687, #888, #1196, #2966, #326, #3547, #33, #966, #2369, #2387, #2071, #2723, #599, #3256, #3297 ),
 .UNSPECIFIED., .F., .F.,
 ( 4, 2, 2, 2, 2, 2, 2, 4 ),
 ( 0.000000000000000000, 0.0005452394501644506264, 0.001090478900328901253, 0.002180957800657802505, 0.003271436700986703541, 0.004361915601315605011, 0.006542873401973407083, 0.008723831202631210022 ),
 .UNSPECIFIED. ) ;
#1760 = CARTESIAN_POINT ( 'NONE',  ( -37.50682655186823666, 2.841278333016709734, -64.44999999999991758 ) ) ;
#1761 = CARTESIAN_POINT ( 'NONE',  ( 72.73296453182399546, 42.72682493407353377, 6.360669623618543156 ) ) ;
#1762 = CARTESIAN_POINT ( 'NONE',  ( 148.5191583333332801, 4.687161086792484888, -100.0000000000000000 ) ) ;
#1763 = CARTESIAN_POINT ( 'NONE',  ( 37.97716208535484839, 115.3593882711046490, 9.441183648922805816 ) ) ;
#1764 = ORIENTED_EDGE ( 'NONE', *, *, #3244, .T. ) ;
#1765 = FACE_OUTER_BOUND ( 'NONE', #2871, .T. ) ;
#1766 = CARTESIAN_POINT ( 'NONE',  ( 148.5191583333332801, 4.687161086792484888, -106.0000000000000000 ) ) ;
#1767 = CARTESIAN_POINT ( 'NONE',  ( 95.79382499999998402, 105.6253648829086700, -109.2340597755162008 ) ) ;
#1768 = DIRECTION ( 'NONE',  ( 0.000000000000000000, -1.000000000000000000, 0.000000000000000000 ) ) ;
#1769 = ORIENTED_EDGE ( 'NONE', *, *, #2893, .T. ) ;
#1770 = CARTESIAN_POINT ( 'NONE',  ( 107.5271592478937919, 115.4758217230387061, -106.1137590191941626 ) ) ;
#1771 = ADVANCED_FACE ( 'NONE', ( #3735 ), #2854, .F. ) ;
#1772 = TOROIDAL_SURFACE ( 'NONE', #1332, 96.00000000000000000, 4.000000000000000000 ) ;
#1773 = ORIENTED_EDGE ( 'NONE', *, *, #3738, .F. ) ;
#1774 = ADVANCED_FACE ( 'NONE', ( #2281 ), #205, .T. ) ;
#1775 = CIRCLE ( 'NONE', #2581, 9.999999999999994671 ) ;
#1776 = VERTEX_POINT ( 'NONE', #3177 ) ;
#1777 = FACE_OUTER_BOUND ( 'NONE', #1715, .T. ) ;
#1778 = DIRECTION ( 'NONE',  ( -1.000000000000000000, 0.000000000000000000, 0.000000000000000000 ) ) ;
#1779 = VECTOR ( 'NONE', #3633, 1000.000000000000000 ) ;
#1780 = FACE_OUTER_BOUND ( 'NONE', #3099, .T. ) ;
#1781 = PLANE ( 'NONE',  #2739 ) ;
#1782 = CARTESIAN_POINT ( 'NONE',  ( 36.64559586414699766, 116.1863156866338329, 8.781146017186349795 ) ) ;
#1783 = ORIENTED_EDGE ( 'NONE', *, *, #2016, .F. ) ;
#1784 = FACE_OUTER_BOUND ( 'NONE', #2139, .T. ) ;
#1785 = CARTESIAN_POINT ( 'NONE',  ( 68.47331692431126271, 89.65614507999580951, -100.0000000000000000 ) ) ;
#1786 = CARTESIAN_POINT ( 'NONE',  ( 45.32379168923696255, 84.23081905451422813, 0.000000000000000000 ) ) ;
#1787 = DIRECTION ( 'NONE',  ( -0.000000000000000000, -0.000000000000000000, -1.000000000000000000 ) ) ;
#1788 = VERTEX_POINT ( 'NONE', #1703 ) ;
#1789 = CARTESIAN_POINT ( 'NONE',  ( 99.09535847824524524, 113.0638805124477386, -110.0000000000000142 ) ) ;
#1790 = ORIENTED_EDGE ( 'NONE', *, *, #369, .F. ) ;
#1791 = AXIS2_PLACEMENT_3D ( 'NONE', #1401, #1683, #2526 ) ;
#1792 = ORIENTED_EDGE ( 'NONE', *, *, #793, .F. ) ;
#1793 = FACE_OUTER_BOUND ( 'NONE', #3574, .T. ) ;
#1794 = CARTESIAN_POINT ( 'NONE',  ( 92.34049153573465674, 39.90193340112445952, 6.013967539544361252 ) ) ;
#1795 = CARTESIAN_POINT ( 'NONE',  ( 72.84823008816672996, 44.56349811505691605, 8.073181690359051643 ) ) ;
#1796 = DIRECTION ( 'NONE',  ( -0.000000000000000000, -0.000000000000000000, -1.000000000000000000 ) ) ;
#1797 = TOROIDAL_SURFACE ( 'NONE', #1609, 96.00000000000000000, 4.000000000000000000 ) ;
#1798 = CARTESIAN_POINT ( 'NONE',  ( 35.60685947379663929, 116.6749506156756695, 8.205812876636962017 ) ) ;
#1799 = CIRCLE ( 'NONE', #2229, 4.000000000000000000 ) ;
#1800 = AXIS2_PLACEMENT_3D ( 'NONE', #660, #2133, #371 ) ;
#1801 = EDGE_LOOP ( 'NONE', ( #2740, #2317, #1133, #1681 ) ) ;
#1802 = CARTESIAN_POINT ( 'NONE',  ( 188.5191583333332801, 17.30039557924024862, 10.00000000000000000 ) ) ;
#1803 = VECTOR ( 'NONE', #1697, 1000.000000000000000 ) ;
#1804 = DIRECTION ( 'NONE',  ( 1.000000000000000000, 0.000000000000000000, 0.000000000000000000 ) ) ;
#1805 = CARTESIAN_POINT ( 'NONE',  ( -47.50682655186824377, -35.31122166698328613, -110.0000000000000000 ) ) ;
#1806 = EDGE_CURVE ( 'NONE', #1296, #2721, #894, .T. ) ;
#1807 = AXIS2_PLACEMENT_3D ( 'NONE', #1158, #2722, #598 ) ;
#1808 = VECTOR ( 'NONE', #532, 1000.000000000000000 ) ;
#1809 = B_SPLINE_CURVE_WITH_KNOTS ( 'NONE', 3,
 ( #903, #1743, #2931, #11, #266, #1763, #3544, #612, #1782, #1798, #865, #3816, #2700, #286, #50, #830 ),
 .UNSPECIFIED., .F., .F.,
 ( 4, 2, 2, 2, 2, 2, 2, 4 ),
 ( 0.000000000000000000, 0.001276517975684155230, 0.002553035951368310460, 0.003829553927052465473, 0.005106071902736620920, 0.007659107854104933548, 0.008935625829789075117, 0.01021214380547321755 ),
 .UNSPECIFIED. ) ;
#1810 = ORIENTED_EDGE ( 'NONE', *, *, #3647, .T. ) ;
#1811 = CARTESIAN_POINT ( 'NONE',  ( 65.29565270734227056, 96.78576348562569365, -100.0000000000000000 ) ) ;
#1812 = VERTEX_POINT ( 'NONE', #280 ) ;
#1813 = FACE_OUTER_BOUND ( 'NONE', #1651, .T. ) ;
#1814 = VERTEX_POINT ( 'NONE', #297 ) ;
#1815 = CARTESIAN_POINT ( 'NONE',  ( 168.5499999999999829, -0.001617246224228600883, -100.0000000000000000 ) ) ;
#1816 = CARTESIAN_POINT ( 'NONE',  ( 82.34049166666667929, 39.90193437630174600, -106.0000000000000000 ) ) ;
#1817 = DIRECTION ( 'NONE',  ( 0.000000000000000000, 0.000000000000000000, 1.000000000000000000 ) ) ;
#1818 = CARTESIAN_POINT ( 'NONE',  ( 72.76012350867428324, 43.03677900496330011, 6.802141606214942016 ) ) ;
#1819 = DIRECTION ( 'NONE',  ( 1.000000000000000000, 0.000000000000000000, 0.000000000000000000 ) ) ;
#1820 = EDGE_CURVE ( 'NONE', #1707, #3693, #1464, .T. ) ;
#1821 = CIRCLE ( 'NONE', #103, 2.000000000000001776 ) ;
#1822 = AXIS2_PLACEMENT_3D ( 'NONE', #2587, #2567, #2822 ) ;
#1823 = EDGE_LOOP ( 'NONE', ( #373, #656 ) ) ;
#1824 = DIRECTION ( 'NONE',  ( -0.000000000000000000, 0.000000000000000000, 1.000000000000000000 ) ) ;
#1825 =( LENGTH_UNIT ( ) NAMED_UNIT ( * ) SI_UNIT ( .MILLI., .METRE. ) );
#1826 = ORIENTED_EDGE ( 'NONE', *, *, #43, .F. ) ;
#1827 = EDGE_CURVE ( 'NONE', #3319, #631, #3590, .T. ) ;
#1828 = CARTESIAN_POINT ( 'NONE',  ( 68.47331692431124850, 99.65614507999580951, -110.0000000000000000 ) ) ;
#1829 = EDGE_CURVE ( 'NONE', #59, #2701, #2453, .T. ) ;
#1830 = ORIENTED_EDGE ( 'NONE', *, *, #1845, .T. ) ;
#1831 = CARTESIAN_POINT ( 'NONE',  ( 41.94864783511080475, 108.6685297929264351, 9.999999999999998224 ) ) ;
#1832 = AXIS2_PLACEMENT_3D ( 'NONE', #3618, #3023, #3006 ) ;
#1833 = ORIENTED_EDGE ( 'NONE', *, *, #915, .F. ) ;
#1834 = DIRECTION ( 'NONE',  ( -1.000000000000000000, 0.000000000000000000, 0.000000000000000000 ) ) ;
#1835 = DIRECTION ( 'NONE',  ( 1.000000000000000000, 0.000000000000000000, 0.000000000000000000 ) ) ;
#1836 = DIRECTION ( 'NONE',  ( 0.000000000000000000, -1.000000000000000000, 0.000000000000000000 ) ) ;
#1837 = DIRECTION ( 'NONE',  ( -1.364029953115296624E-16, 1.000000000000000000, 0.000000000000000000 ) ) ;
#1838 = AXIS2_PLACEMENT_3D ( 'NONE', #397, #2218, #3696 ) ;
#1839 = ORIENTED_EDGE ( 'NONE', *, *, #3455, .T. ) ;
#1840 = FACE_BOUND ( 'NONE', #1576, .T. ) ;
#1841 = CARTESIAN_POINT ( 'NONE',  ( 95.79382499999998402, 105.6269821291324291, 9.234059775516024970 ) ) ;
#1842 = CARTESIAN_POINT ( 'NONE',  ( 88.51915833333323747, 17.29877833301672752, -100.0000000000000000 ) ) ;
#1843 = CARTESIAN_POINT ( 'NONE',  ( -33.50682655186825087, 17.30039557924093785, 0.000000000000000000 ) ) ;
#1844 = VECTOR ( 'NONE', #2500, 1000.000000000000000 ) ;
#1845 = EDGE_CURVE ( 'NONE', #3706, #2451, #411, .T. ) ;
#1846 = EDGE_LOOP ( 'NONE', ( #2436, #558, #648, #3699 ) ) ;
#1847 = CARTESIAN_POINT ( 'NONE',  ( 85.79382499999999823, 99.65776232622010866, 0.000000000000000000 ) ) ;
#1848 = AXIS2_PLACEMENT_3D ( 'NONE', #2544, #1041, #1348 ) ;
#1849 = CARTESIAN_POINT ( 'NONE',  ( 88.51915833333325168, 113.3003955792409556, 10.00000000000000000 ) ) ;
#1850 = VERTEX_POINT ( 'NONE', #3359 ) ;
#1851 = FACE_OUTER_BOUND ( 'NONE', #1259, .T. ) ;
#1852 = ADVANCED_FACE ( 'NONE', ( #1851 ), #1591, .T. ) ;
#1853 = ORIENTED_EDGE ( 'NONE', *, *, #43, .T. ) ;
#1854 = DIRECTION ( 'NONE',  ( 1.364044408080838895E-16, -1.000000000000000000, 0.000000000000000000 ) ) ;
#1855 = CARTESIAN_POINT ( 'NONE',  ( 67.09632921359812485, 97.65614507999578109, -100.0000000000000000 ) ) ;
#1856 = CARTESIAN_POINT ( 'NONE',  ( -37.50682655186825798, 117.3003955792409556, 6.000000000000000000 ) ) ;
#1857 = CARTESIAN_POINT ( 'NONE',  ( 102.3589946053007367, 115.0274892227775467, 1.038377398808260743 ) ) ;
#1858 = PLANE ( 'NONE',  #1269 ) ;
#1859 = AXIS2_PLACEMENT_3D ( 'NONE', #592, #1151, #2623 ) ;
#1860 = ORIENTED_EDGE ( 'NONE', *, *, #2348, .T. ) ;
#1861 = CYLINDRICAL_SURFACE ( 'NONE', #2744, 4.099999999999999645 ) ;
#1862 = APPROVAL_STATUS ( 'not_yet_approved' ) ;
#1863 = AXIS2_PLACEMENT_3D ( 'NONE', #2970, #1142, #276 ) ;
#1864 = AXIS2_PLACEMENT_3D ( 'NONE', #2361, #1154, #902 ) ;
#1865 = CARTESIAN_POINT ( 'NONE',  ( -33.50682655186826508, 113.2987783330167275, -96.00000000000000000 ) ) ;
#1866 = CC_DESIGN_APPROVAL ( #121, ( #2427 ) ) ;
#1867 = CIRCLE ( 'NONE', #1425, 10.00000000000000178 ) ;
#1868 = EDGE_CURVE ( 'NONE', #1575, #1357, #649, .T. ) ;
#1869 = VERTEX_POINT ( 'NONE', #1831 ) ;
#1870 = DIRECTION ( 'NONE',  ( 0.000000000000000000, 0.000000000000000000, 1.000000000000000000 ) ) ;
#1871 = ORIENTED_EDGE ( 'NONE', *, *, #3431, .F. ) ;
#1872 = EDGE_LOOP ( 'NONE', ( #358, #1488, #2237, #3819, #2926 ) ) ;
#1873 = CARTESIAN_POINT ( 'NONE',  ( -47.50682655186825087, 82.39627833301670989, -39.54999999999991900 ) ) ;
#1874 = ADVANCED_FACE ( 'NONE', ( #1813 ), #3084, .T. ) ;
#1875 = DIRECTION ( 'NONE',  ( -0.000000000000000000, -0.000000000000000000, -1.000000000000000000 ) ) ;
#1876 = FACE_OUTER_BOUND ( 'NONE', #2713, .T. ) ;
#1877 = CARTESIAN_POINT ( 'NONE',  ( -37.50682655186825087, 115.2090667840793827, -2.092082459701279706 ) ) ;
#1878 = CARTESIAN_POINT ( 'NONE',  ( -37.50682655186822956, -35.15445366384773251, 1.570256548926389772 ) ) ;
#1879 = VERTEX_POINT ( 'NONE', #972 ) ;
#1880 = FACE_OUTER_BOUND ( 'NONE', #2913, .T. ) ;
#1881 = COORDINATED_UNIVERSAL_TIME_OFFSET ( 8, 0, .BEHIND. ) ;
#1882 = CYLINDRICAL_SURFACE ( 'NONE', #546, 100.0000000000000000 ) ;
#1883 = AXIS2_PLACEMENT_3D ( 'NONE', #2528, #3125, #3103 ) ;
#1884 = ORIENTED_EDGE ( 'NONE', *, *, #1322, .F. ) ;
#1885 = CARTESIAN_POINT ( 'NONE',  ( -37.50682655186825798, 117.2987783330167275, 10.00000000000000000 ) ) ;
#1886 = ORIENTED_EDGE ( 'NONE', *, *, #2826, .T. ) ;
#1887 = EDGE_CURVE ( 'NONE', #1456, #606, #3016, .T. ) ;
#1888 = DIRECTION ( 'NONE',  ( 1.000000000000000000, 0.000000000000000000, 0.000000000000000000 ) ) ;
#1889 = ORIENTED_EDGE ( 'NONE', *, *, #3064, .F. ) ;
#1890 = VERTEX_POINT ( 'NONE', #375 ) ;
#1891 = CARTESIAN_POINT ( 'NONE',  ( 65.29565270732909710, 96.78576348565299270, -110.0000000000000000 ) ) ;
#1892 = DIRECTION ( 'NONE',  ( 0.000000000000000000, 0.000000000000000000, 1.000000000000000000 ) ) ;
#1893 = DIRECTION ( 'NONE',  ( 0.000000000000000000, 0.000000000000000000, 1.000000000000000000 ) ) ;
#1894 = CARTESIAN_POINT ( 'NONE',  ( 103.9028058646956367, 115.4791432582357515, 1.793649016018201481 ) ) ;
#1895 = VECTOR ( 'NONE', #3114, 1000.000000000000000 ) ;
#1896 = CARTESIAN_POINT ( 'NONE',  ( -33.50682655186826508, 113.3003955792409556, 0.000000000000000000 ) ) ;
#1897 = ADVANCED_FACE ( 'NONE', ( #1532 ), #3611, .F. ) ;
#1898 = ORIENTED_EDGE ( 'NONE', *, *, #639, .T. ) ;
#1899 = CYLINDRICAL_SURFACE ( 'NONE', #1679, 2.000000000000001776 ) ;
#1900 = APPROVAL_ROLE ( '' ) ;
#1901 = CARTESIAN_POINT ( 'NONE',  ( 92.32250755706050427, 39.76798934601023205, 0.000000000000000000 ) ) ;
#1902 = CARTESIAN_POINT ( 'NONE',  ( 92.58423111040792719, 46.24970033572214589, -109.5138370600586768 ) ) ;
#1903 = ADVANCED_FACE ( 'NONE', ( #2556 ), #495, .F. ) ;
#1904 = ORIENTED_EDGE ( 'NONE', *, *, #1711, .F. ) ;
#1905 = APPROVAL ( #1862, 'UNSPECIFIED' ) ;
#1906 = AXIS2_PLACEMENT_3D ( 'NONE', #1556, #2790, #1594 ) ;
#1907 = EDGE_LOOP ( 'NONE', ( #2865, #1713, #577, #2306 ) ) ;
#1908 = CARTESIAN_POINT ( 'NONE',  ( 0.000000000000000000, 0.000000000000000000, 6.000000000000000000 ) ) ;
#1909 = VERTEX_POINT ( 'NONE', #2294 ) ;
#1910 = VERTEX_POINT ( 'NONE', #2005 ) ;
#1911 = CARTESIAN_POINT ( 'NONE',  ( 74.56249185663389767, 77.61419592108028098, -110.0000000000000000 ) ) ;
#1912 = PLANE ( 'NONE',  #859 ) ;
#1913 = CARTESIAN_POINT ( 'NONE',  ( 184.5191583333332801, 4.687161086792484888, -106.0000000000000000 ) ) ;
#1914 = CARTESIAN_POINT ( 'NONE',  ( 72.54232709298197790, 49.90335016984633398, 10.00000000000000000 ) ) ;
#1915 = DIRECTION ( 'NONE',  ( 1.000000000000000000, 0.000000000000000000, -0.000000000000000000 ) ) ;
#1916 = ADVANCED_FACE ( 'NONE', ( #3646 ), #3570, .F. ) ;
#1917 = ORIENTED_EDGE ( 'NONE', *, *, #3427, .T. ) ;
#1918 = CARTESIAN_POINT ( 'NONE',  ( -37.50682655186826508, -31.31283891320750357, -110.0000000000000000 ) ) ;
#1919 = DIRECTION ( 'NONE',  ( -0.000000000000000000, -0.000000000000000000, -1.000000000000000000 ) ) ;
#1920 = ORIENTED_EDGE ( 'NONE', *, *, #644, .F. ) ;
#1921 = ADVANCED_FACE ( 'NONE', ( #76 ), #682, .T. ) ;
#1922 = LINE ( 'NONE', #1723, #2368 ) ;
#1923 = EDGE_CURVE ( 'NONE', #460, #2874, #1201, .T. ) ;
#1924 = CIRCLE ( 'NONE', #79, 96.00000000000000000 ) ;
#1925 = VERTEX_POINT ( 'NONE', #2135 ) ;
#1926 = AXIS2_PLACEMENT_3D ( 'NONE', #2914, #3278, #2 ) ;
#1927 = AXIS2_PLACEMENT_3D ( 'NONE', #3043, #714, #2463 ) ;
#1928 = CIRCLE ( 'NONE', #83, 4.000000000000003553 ) ;
#1929 = DIRECTION ( 'NONE',  ( -1.000000000000000000, 0.000000000000000000, 0.000000000000000000 ) ) ;
#1930 = AXIS2_PLACEMENT_3D ( 'NONE', #114, #2541, #3424 ) ;
#1931 = AXIS2_PLACEMENT_3D ( 'NONE', #365, #948, #71 ) ;
#1932 = AXIS2_PLACEMENT_3D ( 'NONE', #2604, #3156, #1386 ) ;
#1933 = ORIENTED_EDGE ( 'NONE', *, *, #2039, .T. ) ;
#1934 = EDGE_LOOP ( 'NONE', ( #2313, #1205, #3739, #1072 ) ) ;
#1935 = LINE ( 'NONE', #1639, #2777 ) ;
#1936 = DIRECTION ( 'NONE',  ( 1.000000000000000000, 0.000000000000000000, 0.000000000000000000 ) ) ;
#1937 = PLANE ( 'NONE',  #351 ) ;
#1938 = ORIENTED_EDGE ( 'NONE', *, *, #664, .T. ) ;
#1939 = CARTESIAN_POINT ( 'NONE',  ( -33.50682655186824377, -35.31122166698327902, 4.000000000000000000 ) ) ;
#1940 = PERSON_AND_ORGANIZATION_ROLE ( 'creator' ) ;
#1941 = CARTESIAN_POINT ( 'NONE',  ( 106.9622463852483065, 115.5603013044328549, 6.455624068747805033 ) ) ;
#1942 = CARTESIAN_POINT ( 'NONE',  ( 92.30452344745432924, 39.63404431571872522, 0.000000000000000000 ) ) ;
#1943 = LINE ( 'NONE', #1722, #1298 ) ;
#1944 = CARTESIAN_POINT ( 'NONE',  ( 82.34049166666666508, 39.90355162252597410, 0.000000000000000000 ) ) ;
#1945 = ORIENTED_EDGE ( 'NONE', *, *, #179, .T. ) ;
#1946 = CARTESIAN_POINT ( 'NONE',  ( 38.92028144551275659, 114.5705177817660569, -109.8051430944890399 ) ) ;
#1947 = TOROIDAL_SURFACE ( 'NONE', #2061, 13.99999999999999289, 4.000000000000000000 ) ;
#1948 = EDGE_CURVE ( 'NONE', #3527, #2197, #662, .T. ) ;
#1949 = EDGE_LOOP ( 'NONE', ( #3791, #3141, #3324, #1595 ) ) ;
#1950 = ORIENTED_EDGE ( 'NONE', *, *, #2299, .F. ) ;
#1951 = DIRECTION ( 'NONE',  ( 2.602085213965208275E-15, 0.000000000000000000, 1.000000000000000000 ) ) ;
#1952 = DIRECTION ( 'NONE',  ( 0.000000000000000000, -1.000000000000000000, 0.000000000000000000 ) ) ;
#1953 = LINE ( 'NONE', #278, #2192 ) ;
#1954 = ORIENTED_EDGE ( 'NONE', *, *, #2513, .T. ) ;
#1955 = CARTESIAN_POINT ( 'NONE',  ( -37.50682655186826508, 117.2987783330167275, -104.0000000000000000 ) ) ;
#1956 = DIRECTION ( 'NONE',  ( -1.000000000000000000, -1.364044408080838895E-16, 0.000000000000000000 ) ) ;
#1957 = CARTESIAN_POINT ( 'NONE',  ( -37.50682655186826508, 117.2987783330167275, -100.0000000000000000 ) ) ;
#1958 = CARTESIAN_POINT ( 'NONE',  ( -37.50682655186823666, -0.4087216669832979266, -64.44999999999991758 ) ) ;
#1960 = CARTESIAN_POINT ( 'NONE',  ( 68.34049166666666508, 39.90355162252597410, 10.00000000000000000 ) ) ;
#1959 = DESIGN_CONTEXT ( 'detailed design', #1416, 'design' ) ;
#1961 = ORIENTED_EDGE ( 'NONE', *, *, #1104, .F. ) ;
#1962 = FACE_OUTER_BOUND ( 'NONE', #2221, .T. ) ;
#1963 = DIRECTION ( 'NONE',  ( 0.000000000000000000, 0.000000000000000000, 1.000000000000000000 ) ) ;
#1964 = EDGE_CURVE ( 'NONE', #2953, #1642, #3708, .T. ) ;
#1965 = ORIENTED_EDGE ( 'NONE', *, *, #3098, .T. ) ;
#1966 = CIRCLE ( 'NONE', #661, 13.99999999999999822 ) ;
#1967 = VERTEX_POINT ( 'NONE', #970 ) ;
#1968 = DIRECTION ( 'NONE',  ( -0.000000000000000000, -0.000000000000000000, -1.000000000000000000 ) ) ;
#1969 = CARTESIAN_POINT ( 'NONE',  ( 96.01384613455824990, 107.7847401100639644, 9.908824249398135109 ) ) ;
#1970 = EDGE_CURVE ( 'NONE', #1869, #3457, #3435, .T. ) ;
#1971 = LINE ( 'NONE', #501, #3803 ) ;
#1972 = B_SPLINE_CURVE_WITH_KNOTS ( 'NONE', 3,
 ( #1694, #219, #3073, #1393, #1375, #2575, #2793, #3472, #820, #2498, #3677, #1017, #3187, #2457, #2202, #3789, #877, #3529, #2894, #38, #312, #2692 ),
 .UNSPECIFIED., .F., .F.,
 ( 4, 2, 2, 2, 2, 2, 2, 2, 2, 2, 4 ),
 ( -2.108185740006732997E-05, 0.0006388919979969976976, 0.001298865853394062840, 0.002618813564188175562, 0.003938761274982287633, 0.005258708985776401439, 0.006578656696570514377, 0.007898604407364626448, 0.009218552118158739386, 0.009878525973555792386, 0.01053849982895284539 ),
 .UNSPECIFIED. ) ;
#1973 = ORIENTED_EDGE ( 'NONE', *, *, #3625, .T. ) ;
#1974 = CARTESIAN_POINT ( 'NONE',  ( 74.17554626044926636, 97.87735697721781492, 9.319224440013927691 ) ) ;
#1975 = CARTESIAN_POINT ( 'NONE',  ( 103.5143701690234650, 115.3718495465391669, 8.398858157110533185 ) ) ;
#1976 = CARTESIAN_POINT ( 'NONE',  ( 148.5191583333329959, -31.31122166698327547, 4.000000000000000000 ) ) ;
#1977 = CARTESIAN_POINT ( 'NONE',  ( 32.04267949408813365, 107.3003955792409982, 4.000000000000000000 ) ) ;
#1978 = ORIENTED_EDGE ( 'NONE', *, *, #245, .T. ) ;
#1979 = CARTESIAN_POINT ( 'NONE',  ( -37.50682655186823666, -35.31283891320750712, -102.9282032302755141 ) ) ;
#1980 = ORIENTED_EDGE ( 'NONE', *, *, #3701, .F. ) ;
#1981 = DIRECTION ( 'NONE',  ( 1.364044408080838895E-16, -1.000000000000000000, 0.000000000000000000 ) ) ;
#1982 = EDGE_CURVE ( 'NONE', #1575, #3054, #2379, .T. ) ;
#1983 = VERTEX_POINT ( 'NONE', #3718 ) ;
#1984 = AXIS2_PLACEMENT_3D ( 'NONE', #242, #2598, #3481 ) ;
#1985 = LINE ( 'NONE', #2518, #2706 ) ;
#1986 = DIRECTION ( 'NONE',  ( 0.000000000000000000, -1.000000000000000000, 0.000000000000000000 ) ) ;
#1987 = VECTOR ( 'NONE', #1665, 1000.000000000000000 ) ;
#1988 = ADVANCED_FACE ( 'NONE', ( #3439 ), #2867, .F. ) ;
#1989 = ORIENTED_EDGE ( 'NONE', *, *, #3818, .T. ) ;
#1990 = CARTESIAN_POINT ( 'NONE',  ( -33.50682655186823666, -31.31283891320750357, -104.0000000000000000 ) ) ;
#1991 = EDGE_CURVE ( 'NONE', #26, #2497, #3425, .T. ) ;
#1992 = CARTESIAN_POINT ( 'NONE',  ( 102.3662247970675168, 115.0301572653461477, 8.958320307128282423 ) ) ;
#1993 = CARTESIAN_POINT ( 'NONE',  ( -33.50682655186823666, -31.31283891320750357, -100.0000000000000000 ) ) ;
#1994 = ORIENTED_EDGE ( 'NONE', *, *, #2787, .F. ) ;
#1995 = DIRECTION ( 'NONE',  ( 0.000000000000000000, -0.000000000000000000, 1.000000000000000000 ) ) ;
#1996 = CARTESIAN_POINT ( 'NONE',  ( 92.61693746791020487, 45.37785333846242253, 9.236396321046223434 ) ) ;
#1997 = DIRECTION ( 'NONE',  ( 0.000000000000000000, 0.000000000000000000, -1.000000000000000000 ) ) ;
#1998 = DIRECTION ( 'NONE',  ( 0.000000000000000000, -1.000000000000000000, 0.000000000000000000 ) ) ;
#1999 = CC_DESIGN_PERSON_AND_ORGANIZATION_ASSIGNMENT ( #716, #3639, ( #510 ) ) ;
#2000 = EDGE_LOOP ( 'NONE', ( #1148, #3684, #2783, #1994 ) ) ;
#2001 = DIRECTION ( 'NONE',  ( 0.000000000000000000, -1.000000000000000000, 0.000000000000000000 ) ) ;
#2002 = DIRECTION ( 'NONE',  ( 0.000000000000000000, -1.000000000000000000, 0.000000000000000000 ) ) ;
#2003 = ORIENTED_EDGE ( 'NONE', *, *, #2785, .F. ) ;
#2004 = CARTESIAN_POINT ( 'NONE',  ( -8.099999999999999645, 9.919639073093559228E-16, 6.000000000000000000 ) ) ;
#2005 = CARTESIAN_POINT ( 'NONE',  ( -37.50682655186825087, -31.31122166698327547, 10.00000000000000000 ) ) ;
#2006 = AXIS2_PLACEMENT_3D ( 'NONE', #292, #1510, #2703 ) ;
#2007 = VECTOR ( 'NONE', #1077, 1000.000000000000000 ) ;
#2008 = ORIENTED_EDGE ( 'NONE', *, *, #464, .F. ) ;
#2009 = CARTESIAN_POINT ( 'NONE',  ( 99.79382499999998402, 99.65614507999586635, -106.0000000000000000 ) ) ;
#2010 = ORIENTED_EDGE ( 'NONE', *, *, #995, .F. ) ;
#2011 = CARTESIAN_POINT ( 'NONE',  ( 131.4499999999999602, -0.001617246224230872720, -100.0000000000000000 ) ) ;
#2012 = CARTESIAN_POINT ( 'NONE',  ( 33.47965577764115608, 117.2031532425519202, 3.094177014696502859 ) ) ;
#2013 = DIRECTION ( 'NONE',  ( 1.000000000000000000, 0.000000000000000000, 0.000000000000000000 ) ) ;
#2014 = DIRECTION ( 'NONE',  ( 0.000000000000000000, -1.000000000000000000, 0.000000000000000000 ) ) ;
#2015 = CARTESIAN_POINT ( 'NONE',  ( 72.45371187450889749, 98.83606299199145440, -109.9607143450386531 ) ) ;
#2016 = EDGE_CURVE ( 'NONE', #631, #1479, #770, .T. ) ;
#2017 = ORIENTED_EDGE ( 'NONE', *, *, #3144, .F. ) ;
#2018 = DIRECTION ( 'NONE',  ( 1.000000000000000000, 0.000000000000000000, 0.000000000000000000 ) ) ;
#2019 = DIRECTION ( 'NONE',  ( 0.000000000000000000, 0.000000000000000000, 1.000000000000000000 ) ) ;
#2020 = EDGE_CURVE ( 'NONE', #2536, #2334, #2851, .T. ) ;
#2021 = ORIENTED_EDGE ( 'NONE', *, *, #832, .F. ) ;
#2022 = CARTESIAN_POINT ( 'NONE',  ( 149.9999999999999716, -0.001617246224230872720, -104.0000000000000000 ) ) ;
#2023 = VERTEX_POINT ( 'NONE', #2882 ) ;
#2024 = VECTOR ( 'NONE', #1696, 1000.000000000000000 ) ;
#2025 = EDGE_LOOP ( 'NONE', ( #1792, #494, #1973, #2057 ) ) ;
#2026 = DIRECTION ( 'NONE',  ( 1.000000000000000000, 0.000000000000000000, 0.000000000000000000 ) ) ;
#2027 = CARTESIAN_POINT ( 'NONE',  ( 35.95630666480085580, 116.5106015540458344, 1.600624239444824681 ) ) ;
#2028 = CARTESIAN_POINT ( 'NONE',  ( 88.51915833333325168, 17.30039557924095561, 4.000000000000000000 ) ) ;
#2029 = FACE_OUTER_BOUND ( 'NONE', #2253, .T. ) ;
#2030 = FACE_BOUND ( 'NONE', #2092, .T. ) ;
#2031 = EDGE_CURVE ( 'NONE', #791, #1758, #1686, .T. ) ;
#2032 = ORIENTED_EDGE ( 'NONE', *, *, #922, .F. ) ;
#2033 = CARTESIAN_POINT ( 'NONE',  ( 82.34049166666667929, 39.90193437630174600, -106.0000000000000000 ) ) ;
#2034 = CARTESIAN_POINT ( 'NONE',  ( 166.9999999999999716, 0.000000000000000000, 4.000000000000000000 ) ) ;
#2035 = CYLINDRICAL_SURFACE ( 'NONE', #802, 3.250000000000002665 ) ;
#2036 = ORIENTED_EDGE ( 'NONE', *, *, #761, .F. ) ;
#2037 = ADVANCED_FACE ( 'NONE', ( #203 ), #1627, .T. ) ;
#2038 = CARTESIAN_POINT ( 'NONE',  ( 102.3589946053007651, 115.0258719765533186, -108.9616226011917774 ) ) ;
#2039 = EDGE_CURVE ( 'NONE', #1695, #1144, #314, .T. ) ;
#2040 = AXIS2_PLACEMENT_3D ( 'NONE', #68, #1578, #3311 ) ;
#2041 = VERTEX_POINT ( 'NONE', #3579 ) ;
#2042 = CARTESIAN_POINT ( 'NONE',  ( 32.22189789337415533, 117.2987783330167133, -106.1132063216273025 ) ) ;
#2043 = AXIS2_PLACEMENT_3D ( 'NONE', #2004, #2157, #795 ) ;
#2044 = CIRCLE ( 'NONE', #1490, 4.099999999999999645 ) ;
#2045 = VERTEX_POINT ( 'NONE', #2942 ) ;
#2046 = DIRECTION ( 'NONE',  ( -1.000000000000000000, 0.000000000000000000, 0.000000000000000000 ) ) ;
#2047 = CARTESIAN_POINT ( 'NONE',  ( 99.60617698932543362, 113.4857880769517777, 9.917688936769689434 ) ) ;
#2048 = DIRECTION ( 'NONE',  ( 1.364044408080838895E-16, -1.000000000000000000, 0.000000000000000000 ) ) ;
#2049 = CARTESIAN_POINT ( 'NONE',  ( 72.72590493809161671, 42.65304649226271039, 10.00000000000000178 ) ) ;
#2050 = CARTESIAN_POINT ( 'NONE',  ( 75.54308942506337132, 96.75213636801308326, -108.2346324299296043 ) ) ;
#2051 = CIRCLE ( 'NONE', #2173, 4.000000000000000000 ) ;
#2052 = ORIENTED_EDGE ( 'NONE', *, *, #1991, .T. ) ;
#2053 = DIRECTION ( 'NONE',  ( 1.000000000000000000, 0.000000000000000000, -0.000000000000000000 ) ) ;
#2054 = CYLINDRICAL_SURFACE ( 'NONE', #2554, 3.250000000000007994 ) ;
#2055 = DIRECTION ( 'NONE',  ( 0.000000000000000000, 0.000000000000000000, -1.000000000000000000 ) ) ;
#2056 = CARTESIAN_POINT ( 'NONE',  ( -4.099999999999999645, 0.000000000000000000, 10.00000000000000000 ) ) ;
#2057 = ORIENTED_EDGE ( 'NONE', *, *, #3784, .T. ) ;
#2058 = CARTESIAN_POINT ( 'NONE',  ( -33.50682655186823666, -35.31283891320750712, -104.0000000000000000 ) ) ;
#2059 = EDGE_CURVE ( 'NONE', #1890, #1466, #2573, .T. ) ;
#2060 = ORIENTED_EDGE ( 'NONE', *, *, #2547, .F. ) ;
#2061 = AXIS2_PLACEMENT_3D ( 'NONE', #1623, #2336, #3223 ) ;
#2062 = ORIENTED_EDGE ( 'NONE', *, *, #3111, .F. ) ;
#2063 = CARTESIAN_POINT ( 'NONE',  ( -47.50682655186825087, 2.841278333016707514, -39.54999999999991900 ) ) ;
#2064 = DIRECTION ( 'NONE',  ( 1.000000000000000000, 0.000000000000000000, -0.000000000000000000 ) ) ;
#2065 = FACE_OUTER_BOUND ( 'NONE', #760, .T. ) ;
#2066 = FACE_OUTER_BOUND ( 'NONE', #2410, .T. ) ;
#2067 = PLANE ( 'NONE',  #3722 ) ;
#2068 = DIRECTION ( 'NONE',  ( 0.000000000000000000, 0.000000000000000000, 1.000000000000000000 ) ) ;
#2069 = ORIENTED_EDGE ( 'NONE', *, *, #2304, .T. ) ;
#2070 = DIRECTION ( 'NONE',  ( -1.000000000000000000, -1.364044408080838895E-16, -0.000000000000000000 ) ) ;
#2071 = CARTESIAN_POINT ( 'NONE',  ( 72.85459764327566745, 46.42238923691526509, -109.1578414965558324 ) ) ;
#2072 = CARTESIAN_POINT ( 'NONE',  ( 75.11134161660466191, 67.80660862228921815, 0.000000000000000000 ) ) ;
#2073 = DIRECTION ( 'NONE',  ( -1.000000000000000000, -1.364044408080838895E-16, -0.000000000000000000 ) ) ;
#2074 = ORIENTED_EDGE ( 'NONE', *, *, #1827, .F. ) ;
#2075 = CARTESIAN_POINT ( 'NONE',  ( 101.2290036337967933, 114.5327604570525040, -109.4401988008101085 ) ) ;
#2076 = FACE_OUTER_BOUND ( 'NONE', #2969, .T. ) ;
#2077 = B_SPLINE_CURVE_WITH_KNOTS ( 'NONE', 3,
 ( #2440, #694, #1877, #3617, #3058, #416, #2774, #1103, #240, #182 ),
 .UNSPECIFIED., .F., .F.,
 ( 4, 2, 2, 2, 4 ),
 ( -1.264911064068152461E-05, 0.004025829726932428181, 0.006045069145718993432, 0.007054688855112277793, 0.008064308564505559551 ),
 .UNSPECIFIED. ) ;
#2078 = ORIENTED_EDGE ( 'NONE', *, *, #3572, .F. ) ;
#2079 = CYLINDRICAL_SURFACE ( 'NONE', #3410, 18.55000000000001137 ) ;
#2080 = AXIS2_PLACEMENT_3D ( 'NONE', #2275, #1325, #2217 ) ;
#2081 = ORIENTED_EDGE ( 'NONE', *, *, #1557, .T. ) ;
#2082 = CARTESIAN_POINT ( 'NONE',  ( 148.5191583333332801, 4.687161086792484888, -104.0000000000000000 ) ) ;
#2083 = EDGE_CURVE ( 'NONE', #3742, #3173, #3456, .T. ) ;
#2084 = CARTESIAN_POINT ( 'NONE',  ( 92.34070876603291822, 39.90355162252848231, 6.041674306204860123 ) ) ;
#2085 = CARTESIAN_POINT ( 'NONE',  ( -33.50682655186826508, 113.2987783330167275, -96.00000000000000000 ) ) ;
#2086 = DIRECTION ( 'NONE',  ( -1.000000000000000000, -1.364044408080838895E-16, 0.000000000000000000 ) ) ;
#2087 = VECTOR ( 'NONE', #142, 1000.000000000000000 ) ;
#2088 = ORIENTED_EDGE ( 'NONE', *, *, #994, .T. ) ;
#2089 = DIRECTION ( 'NONE',  ( -0.000000000000000000, -0.000000000000000000, -1.000000000000000000 ) ) ;
#2090 = CARTESIAN_POINT ( 'NONE',  ( 95.79382499999995559, 100.1370937756523887, 6.302898900872862420 ) ) ;
#2091 = LINE ( 'NONE', #1843, #214 ) ;
#2092 = EDGE_LOOP ( 'NONE', ( #1016, #952 ) ) ;
#2093 = DIRECTION ( 'NONE',  ( 0.000000000000000000, -0.000000000000000000, -1.000000000000000000 ) ) ;
#2094 = ORIENTED_EDGE ( 'NONE', *, *, #2665, .T. ) ;
#2095 = EDGE_CURVE ( 'NONE', #535, #3527, #2924, .T. ) ;
#2096 = ORIENTED_EDGE ( 'NONE', *, *, #941, .T. ) ;
#2097 = DIRECTION ( 'NONE',  ( -1.000000000000000000, -1.364044408080838895E-16, -0.000000000000000000 ) ) ;
#2098 = CARTESIAN_POINT ( 'NONE',  ( -37.50682655186824377, -5.116097702293381223E-15, 0.000000000000000000 ) ) ;
#2099 = FACE_OUTER_BOUND ( 'NONE', #235, .T. ) ;
#2100 = CARTESIAN_POINT ( 'NONE',  ( -37.50682655186825087, -35.31283891320750712, -104.0000000000000000 ) ) ;
#2101 = CARTESIAN_POINT ( 'NONE',  ( 77.13403787126485156, 94.65695370310795909, 6.000000000000000000 ) ) ;
#2102 = AXIS2_PLACEMENT_3D ( 'NONE', #2082, #67, #3267 ) ;
#2103 = FACE_OUTER_BOUND ( 'NONE', #2660, .T. ) ;
#2104 = MANIFOLD_SOLID_BREP ( 'Combine1', #1415 ) ;
#2105 = ADVANCED_FACE ( 'NONE', ( #882 ), #2900, .F. ) ;
#2106 = EDGE_CURVE ( 'NONE', #3024, #1305, #442, .T. ) ;
#2107 = CIRCLE ( 'NONE', #3409, 18.55000000000001137 ) ;
#2108 = B_SPLINE_CURVE_WITH_KNOTS ( 'NONE', 3,
 ( #3217, #1786, #2072, #2891 ),
 .UNSPECIFIED., .F., .F.,
 ( 4, 4 ),
 ( 0.09849220339988713768, 0.9686755734601577572 ),
 .UNSPECIFIED. ) ;
#2109 = ORIENTED_EDGE ( 'NONE', *, *, #2776, .T. ) ;
#2110 = DIRECTION ( 'NONE',  ( 0.000000000000000000, 0.000000000000000000, 1.000000000000000000 ) ) ;
#2111 = VECTOR ( 'NONE', #2383, 1000.000000000000000 ) ;
#2112 = DIRECTION ( 'NONE',  ( -1.000000000000000000, 0.000000000000000000, -0.000000000000000000 ) ) ;
#2113 = DIRECTION ( 'NONE',  ( 0.000000000000000000, 0.000000000000000000, 1.000000000000000000 ) ) ;
#2114 = VECTOR ( 'NONE', #2113, 1000.000000000000000 ) ;
#2115 = CIRCLE ( 'NONE', #564, 9.999999999999994671 ) ;
#2116 = CIRCLE ( 'NONE', #2805, 13.99999999999999822 ) ;
#2117 = AXIS2_PLACEMENT_3D ( 'NONE', #1063, #208, #1629 ) ;
#2118 = ORIENTED_EDGE ( 'NONE', *, *, #1687, .T. ) ;
#2119 = DIRECTION ( 'NONE',  ( 0.000000000000000000, 0.000000000000000000, -1.000000000000000000 ) ) ;
#2120 = VERTEX_POINT ( 'NONE', #3540 ) ;
#2121 = PRODUCT ( 'EDM V2-Spool Mount (LEFT and RIGHT)', 'EDM V2-Spool Mount (LEFT and RIGHT)', '', ( #2165 ) ) ;
#2122 = EDGE_CURVE ( 'NONE', #84, #2137, #2670, .T. ) ;
#2123 = ORIENTED_EDGE ( 'NONE', *, *, #355, .T. ) ;
#2124 = CARTESIAN_POINT ( 'NONE',  ( -37.50682655186823666, -35.31122166698328613, 2.928203230275511437 ) ) ;
#2125 = CARTESIAN_POINT ( 'NONE',  ( 106.9605209093673466, 115.5605182474355956, 3.543336961796413664 ) ) ;
#2126 = CARTESIAN_POINT ( 'NONE',  ( -37.50682655186825798, 117.2987783330167417, 10.00000000000000000 ) ) ;
#2127 = ADVANCED_FACE ( 'NONE', ( #2065 ), #1459, .F. ) ;
#2128 = VERTEX_POINT ( 'NONE', #2323 ) ;
#2129 = CARTESIAN_POINT ( 'NONE',  ( -37.50682655186824377, -34.34026437309472612, -99.59315130418676176 ) ) ;
#2130 = CARTESIAN_POINT ( 'NONE',  ( -37.50682655186825798, 117.3003955792409556, 6.000000000000000000 ) ) ;
#2131 = DIRECTION ( 'NONE',  ( 0.000000000000000000, 0.000000000000000000, 1.000000000000000000 ) ) ;
#2132 = VERTEX_POINT ( 'NONE', #2340 ) ;
#2133 = DIRECTION ( 'NONE',  ( -6.938893903907221278E-15, -1.000000000000000000, -6.938893903907227589E-15 ) ) ;
#2134 = EDGE_CURVE ( 'NONE', #3091, #2956, #551, .T. ) ;
#2135 = CARTESIAN_POINT ( 'NONE',  ( 72.34049166666667929, 39.90355162252597410, 6.000000000000000000 ) ) ;
#2136 = EDGE_CURVE ( 'NONE', #2045, #26, #2409, .T. ) ;
#2137 = VERTEX_POINT ( 'NONE', #319 ) ;
#2138 = ORIENTED_EDGE ( 'NONE', *, *, #1923, .T. ) ;
#2139 = EDGE_LOOP ( 'NONE', ( #3011, #1657, #778, #974, #3277, #1137, #3497, #161, #175, #275, #2378, #583, #3437, #2892, #1246, #2597, #2096, #2955 ) ) ;
#2140 = CYLINDRICAL_SURFACE ( 'NONE', #2973, 3.250000000000007550 ) ;
#2141 = CARTESIAN_POINT ( 'NONE',  ( 188.5191583333332801, 79.14627833301673832, -64.44999999999991758 ) ) ;
#2142 = DIRECTION ( 'NONE',  ( -0.000000000000000000, -0.000000000000000000, -1.000000000000000000 ) ) ;
#2143 = CARTESIAN_POINT ( 'NONE',  ( 67.09632921359812485, 97.65614507999578109, -100.0000000000000000 ) ) ;
#2144 = CARTESIAN_POINT ( 'NONE',  ( 82.34049166666666508, 39.90355162252597410, 10.00000000000000000 ) ) ;
#2145 = EDGE_LOOP ( 'NONE', ( #279, #347, #427, #739 ) ) ;
#2146 = DIRECTION ( 'NONE',  ( 1.000000000000000000, 0.000000000000000000, 0.000000000000000000 ) ) ;
#2147 = FACE_OUTER_BOUND ( 'NONE', #1122, .T. ) ;
#2148 = CARTESIAN_POINT ( 'NONE',  ( 92.36183224860711505, 40.06343919619665428, -106.4352457302609452 ) ) ;
#2149 = CARTESIAN_POINT ( 'NONE',  ( -37.50682655186827219, 117.2987783330167275, -102.5828197376483359 ) ) ;
#2150 = AXIS2_PLACEMENT_3D ( 'NONE', #1913, #490, #2625 ) ;
#2151 = DIRECTION ( 'NONE',  ( -1.000000000000000000, 6.938893903907222067E-15, 0.000000000000000000 ) ) ;
#2152 = CARTESIAN_POINT ( 'NONE',  ( 40.04290288631660388, 113.2987783330167275, -100.0000000000000000 ) ) ;
#2153 = EDGE_CURVE ( 'NONE', #706, #2503, #3218, .T. ) ;
#2154 = ORIENTED_EDGE ( 'NONE', *, *, #3455, .F. ) ;
#2155 = DIRECTION ( 'NONE',  ( 0.000000000000000000, 0.000000000000000000, -1.000000000000000000 ) ) ;
#2156 = ORIENTED_EDGE ( 'NONE', *, *, #3376, .T. ) ;
#2157 = DIRECTION ( 'NONE',  ( 1.224646799147353207E-16, 1.000000000000000000, -0.000000000000000000 ) ) ;
#2158 = CARTESIAN_POINT ( 'NONE',  ( -33.50682655186823666, -31.31283891320750357, -96.00000000000000000 ) ) ;
#2159 = FACE_OUTER_BOUND ( 'NONE', #1907, .T. ) ;
#2160 = DIRECTION ( 'NONE',  ( 0.000000000000000000, -1.000000000000000000, 0.000000000000000000 ) ) ;
#2161 = DIRECTION ( 'NONE',  ( 1.000000000000000000, 0.000000000000000000, 0.000000000000000000 ) ) ;
#2162 = ORIENTED_EDGE ( 'NONE', *, *, #895, .T. ) ;
#2163 = DIRECTION ( 'NONE',  ( -1.000000000000000000, 0.000000000000000000, 0.000000000000000000 ) ) ;
#2164 = CIRCLE ( 'NONE', #2738, 9.999999999999994671 ) ;
#2165 = MECHANICAL_CONTEXT ( 'NONE', #1029, 'mechanical' ) ;
#2166 = CIRCLE ( 'NONE', #1106, 9.999999999999994671 ) ;
#2167 = EDGE_CURVE ( 'NONE', #821, #178, #498, .T. ) ;
#2168 = AXIS2_PLACEMENT_3D ( 'NONE', #2009, #3478, #3172 ) ;
#2169 = VERTEX_POINT ( 'NONE', #128 ) ;
#2170 = CARTESIAN_POINT ( 'NONE',  ( 0.000000000000000000, 99.65614507999580951, 10.00322257381348834 ) ) ;
#2171 = LOCAL_TIME ( 15, 45, 13.00000000000000000, #2836 ) ;
#2172 = CIRCLE ( 'NONE', #512, 4.000000000000003553 ) ;
#2173 = AXIS2_PLACEMENT_3D ( 'NONE', #989, #3356, #701 ) ;
#2174 = VERTEX_POINT ( 'NONE', #3595 ) ;
#2175 = CARTESIAN_POINT ( 'NONE',  ( 85.79382499999998402, 99.65614507999586635, -110.0000000000000000 ) ) ;
#2176 = DIRECTION ( 'NONE',  ( 1.000000000000000000, 0.000000000000000000, 0.000000000000000000 ) ) ;
#2177 = ADVANCED_FACE ( 'NONE', ( #919 ), #2352, .T. ) ;
#2178 = ORIENTED_EDGE ( 'NONE', *, *, #2808, .F. ) ;
#2179 = ORIENTED_EDGE ( 'NONE', *, *, #3681, .T. ) ;
#2180 = CARTESIAN_POINT ( 'NONE',  ( 95.33783595005027678, 62.22605158997885155, -110.0000000000000000 ) ) ;
#2181 = FACE_OUTER_BOUND ( 'NONE', #1716, .T. ) ;
#2182 = CARTESIAN_POINT ( 'NONE',  ( 184.5191583333332801, 17.29877833301672752, -106.0000000000000000 ) ) ;
#2183 =( BOUNDED_CURVE ( )  B_SPLINE_CURVE ( 3, ( #2312, #3822, #1727, #2909 ),
 .UNSPECIFIED., .F., .T. ) 
 B_SPLINE_CURVE_WITH_KNOTS ( ( 4, 4 ),
 ( 0.000000000000000000, 1.570796326794896558 ),
 .UNSPECIFIED. ) 
 CURVE ( )  GEOMETRIC_REPRESENTATION_ITEM ( )  RATIONAL_B_SPLINE_CURVE ( ( 1.000000000000000000, 0.8047378541243649375, 0.8047378541243649375, 1.000000000000000000 ) ) 
 REPRESENTATION_ITEM ( '' )  );
#2184 = DIRECTION ( 'NONE',  ( -0.000000000000000000, 0.000000000000000000, 1.000000000000000000 ) ) ;
#2185 = EDGE_CURVE ( 'NONE', #3629, #973, #1598, .T. ) ;
#2186 = CARTESIAN_POINT ( 'NONE',  ( 88.51915833333325168, 17.30039557924095561, 6.000000000000000000 ) ) ;
#2187 = ORIENTED_EDGE ( 'NONE', *, *, #1494, .F. ) ;
#2188 = CARTESIAN_POINT ( 'NONE',  ( 77.13357096215563047, 94.65614507999583793, -100.0000000000000000 ) ) ;
#2189 = PERSON_AND_ORGANIZATION_ROLE ( 'creator' ) ;
#2190 = DIRECTION ( 'NONE',  ( 0.000000000000000000, 0.000000000000000000, 1.000000000000000000 ) ) ;
#2191 = CARTESIAN_POINT ( 'NONE',  ( 92.62632069632614673, 45.35970282146968202, -109.2478587460196024 ) ) ;
#2192 = VECTOR ( 'NONE', #3117, 1000.000000000000000 ) ;
#2193 = AXIS2_PLACEMENT_3D ( 'NONE', #2986, #2086, #3213 ) ;
#2194 = ORIENTED_EDGE ( 'NONE', *, *, #1636, .F. ) ;
#2195 = CARTESIAN_POINT ( 'NONE',  ( 37.64850828542888905, 115.5891844005596880, -109.2899890392702531 ) ) ;
#2196 = CARTESIAN_POINT ( 'NONE',  ( 0.000000000000000000, 0.000000000000000000, 10.00000000000000000 ) ) ;
#2197 = VERTEX_POINT ( 'NONE', #1265 ) ;
#2198 = DIRECTION ( 'NONE',  ( -1.000000000000000000, -0.000000000000000000, 0.000000000000000000 ) ) ;
#2199 = EDGE_CURVE ( 'NONE', #431, #1068, #1520, .T. ) ;
#2200 = ORIENTED_EDGE ( 'NONE', *, *, #1948, .T. ) ;
#2201 = ORIENTED_EDGE ( 'NONE', *, *, #1043, .F. ) ;
#2202 = CARTESIAN_POINT ( 'NONE',  ( 101.2276506208015832, 114.5321110071640902, -100.5592555615349397 ) ) ;
#2203 = CARTESIAN_POINT ( 'NONE',  ( 4.099999999999999645, 5.021051876504147385E-16, 10.00000000000000000 ) ) ;
#2204 = CARTESIAN_POINT ( 'NONE',  ( 32.04290288631657546, 117.2987783330167275, -106.0000000000000000 ) ) ;
#2205 = CARTESIAN_POINT ( 'NONE',  ( 98.77599707759576120, 112.7508919581189133, 0.000000000000000000 ) ) ;
#2206 = ADVANCED_FACE ( 'NONE', ( #2458 ), #2438, .F. ) ;
#2207 = ORIENTED_EDGE ( 'NONE', *, *, #1012, .T. ) ;
#2208 = CARTESIAN_POINT ( 'NONE',  ( -37.50682655186826508, 117.3003955792409556, 8.343145750507618530 ) ) ;
#2209 = APPROVAL_DATE_TIME ( #3081, #121 ) ;
#2210 = DIRECTION ( 'NONE',  ( 1.000000000000000000, 0.000000000000000000, 0.000000000000000000 ) ) ;
#2211 = ORIENTED_EDGE ( 'NONE', *, *, #3681, .F. ) ;
#2212 = DIRECTION ( 'NONE',  ( 1.000000000000000000, -0.000000000000000000, 0.000000000000000000 ) ) ;
#2213 = ORIENTED_EDGE ( 'NONE', *, *, #896, .F. ) ;
#2214 = B_SPLINE_CURVE_WITH_KNOTS ( 'NONE', 3,
 ( #1979, #2872, #3448, #3762 ),
 .UNSPECIFIED., .F., .F.,
 ( 4, 4 ),
 ( 0.000000000000000000, 0.0001316554931827924825 ),
 .UNSPECIFIED. ) ;
#2215 = ORIENTED_EDGE ( 'NONE', *, *, #798, .F. ) ;
#2216 = ORIENTED_EDGE ( 'NONE', *, *, #64, .F. ) ;
#2217 = DIRECTION ( 'NONE',  ( 0.000000000000000000, 0.000000000000000000, 1.000000000000000000 ) ) ;
#2218 = DIRECTION ( 'NONE',  ( -0.000000000000000000, 0.000000000000000000, 1.000000000000000000 ) ) ;
#2219 = CYLINDRICAL_SURFACE ( 'NONE', #1176, 9.999999999999994671 ) ;
#2220 = FACE_OUTER_BOUND ( 'NONE', #3152, .T. ) ;
#2221 = EDGE_LOOP ( 'NONE', ( #359, #675, #3715, #2791, #1725 ) ) ;
#2222 = LINE ( 'NONE', #1582, #1424 ) ;
#2223 = CARTESIAN_POINT ( 'NONE',  ( 35.60708286602506689, 116.6733333694513988, -101.7941871233630167 ) ) ;
#2224 = DIRECTION ( 'NONE',  ( 0.000000000000000000, 0.000000000000000000, 1.000000000000000000 ) ) ;
#2225 = LINE ( 'NONE', #3408, #824 ) ;
#2226 = ADVANCED_FACE ( 'NONE', ( #3656 ), #3632, .F. ) ;
#2227 = ADVANCED_FACE ( 'NONE', ( #709, #2794, #2099 ), #3344, .T. ) ;
#2228 = ORIENTED_EDGE ( 'NONE', *, *, #3014, .F. ) ;
#2229 = AXIS2_PLACEMENT_3D ( 'NONE', #328, #1495, #3275 ) ;
#2230 = AXIS2_PLACEMENT_3D ( 'NONE', #6, #3310, #632 ) ;
#2231 = CIRCLE ( 'NONE', #22, 4.000000000000003553 ) ;
#2232 = ORIENTED_EDGE ( 'NONE', *, *, #245, .F. ) ;
#2233 = AXIS2_PLACEMENT_3D ( 'NONE', #1120, #2018, #1708 ) ;
#2234 = CIRCLE ( 'NONE', #3470, 10.00000000000000178 ) ;
#2235 = VECTOR ( 'NONE', #2212, 1000.000000000000000 ) ;
#2236 = EDGE_LOOP ( 'NONE', ( #169, #1638, #2576, #2628 ) ) ;
#2237 = ORIENTED_EDGE ( 'NONE', *, *, #3083, .F. ) ;
#2238 = CARTESIAN_POINT ( 'NONE',  ( 150.0000000000000000, 0.000000000000000000, 4.000000000000000000 ) ) ;
#2239 = FACE_OUTER_BOUND ( 'NONE', #1934, .T. ) ;
#2240 = ADVANCED_FACE ( 'NONE', ( #1002 ), #977, .T. ) ;
#2241 = EDGE_LOOP ( 'NONE', ( #3272, #1166, #2492, #3202 ) ) ;
#2242 = DIRECTION ( 'NONE',  ( 0.000000000000000000, -0.000000000000000000, -1.000000000000000000 ) ) ;
#2243 = DATE_AND_TIME ( #732, #2171 ) ;
#2244 = CARTESIAN_POINT ( 'NONE',  ( 39.50781101508059834, 113.9659329429502463, -100.0438682683019493 ) ) ;
#2245 = DIRECTION ( 'NONE',  ( 0.000000000000000000, -0.000000000000000000, -1.000000000000000000 ) ) ;
#2246 = CARTESIAN_POINT ( 'NONE',  ( 150.0000000000000000, 0.000000000000000000, 4.000000000000000000 ) ) ;
#2247 = PLANE ( 'NONE',  #2510 ) ;
#2248 = EDGE_CURVE ( 'NONE', #606, #1296, #2728, .T. ) ;
#2249 = VERTEX_POINT ( 'NONE', #415 ) ;
#2250 = VERTEX_POINT ( 'NONE', #1561 ) ;
#2251 = EDGE_CURVE ( 'NONE', #1174, #1507, #361, .T. ) ;
#2252 = ADVANCED_FACE ( 'NONE', ( #2181 ), #1542, .T. ) ;
#2253 = EDGE_LOOP ( 'NONE', ( #668, #768, #1543, #2811 ) ) ;
#2254 = CARTESIAN_POINT ( 'NONE',  ( -37.50682655186823666, -35.31122166698328613, 10.00000000000000000 ) ) ;
#2255 = CARTESIAN_POINT ( 'NONE',  ( 92.34049153573462831, 39.90193340112434583, 6.000000000000000000 ) ) ;
#2256 = CARTESIAN_POINT ( 'NONE',  ( 92.13845063779938016, 49.90193437630174600, -110.0000000000000000 ) ) ;
#2257 = ORIENTED_EDGE ( 'NONE', *, *, #776, .T. ) ;
#2258 = DIRECTION ( 'NONE',  ( 1.000000000000000000, 0.000000000000000000, 0.000000000000000000 ) ) ;
#2259 = CARTESIAN_POINT ( 'NONE',  ( 95.79382499999998402, 17.29877833301672752, -100.0000000000000000 ) ) ;
#2260 = CARTESIAN_POINT ( 'NONE',  ( 34.89916247523291304, 116.8894436704114668, -107.7790779176889231 ) ) ;
#2261 = CARTESIAN_POINT ( 'NONE',  ( 88.51915833333323747, 17.29877833301672752, -104.0000000000000000 ) ) ;
#2262 = CARTESIAN_POINT ( 'NONE',  ( 95.33783595005027678, 62.22605158997885155, 10.00000000000000178 ) ) ;
#2263 = DIRECTION ( 'NONE',  ( 1.000000000000000000, 1.364029953115296624E-16, -0.000000000000000000 ) ) ;
#2264 = CARTESIAN_POINT ( 'NONE',  ( 92.46234077713801014, 47.60351928265427546, -109.7952831165563481 ) ) ;
#2265 = FACE_OUTER_BOUND ( 'NONE', #2236, .T. ) ;
#2266 = ADVANCED_BREP_SHAPE_REPRESENTATION ( 'EDM V2-Spool Mount (LEFT and RIGHT)', ( #2104, #1930 ), #1426 ) ;
#2267 = VERTEX_POINT ( 'NONE', #433 ) ;
#2268 = EDGE_CURVE ( 'NONE', #2468, #2621, #1167, .T. ) ;
#2269 = CARTESIAN_POINT ( 'NONE',  ( 166.9999999999999716, 0.000000000000000000, 4.000000000000000000 ) ) ;
#2270 = VERTEX_POINT ( 'NONE', #3364 ) ;
#2271 = DIRECTION ( 'NONE',  ( 1.000000000000000000, 0.000000000000000000, 0.000000000000000000 ) ) ;
#2272 = EDGE_CURVE ( 'NONE', #848, #1174, #2546, .T. ) ;
#2273 = EDGE_CURVE ( 'NONE', #178, #3305, #2478, .T. ) ;
#2274 = ORIENTED_EDGE ( 'NONE', *, *, #1829, .F. ) ;
#2275 = CARTESIAN_POINT ( 'NONE',  ( -33.50682655186824377, -31.31122166698327547, -4.000000000000000000 ) ) ;
#2276 = CIRCLE ( 'NONE', #313, 3.250000000000007994 ) ;
#2277 = FACE_OUTER_BOUND ( 'NONE', #2568, .T. ) ;
#2278 = ORIENTED_EDGE ( 'NONE', *, *, #2833, .F. ) ;
#2279 = DIRECTION ( 'NONE',  ( 0.000000000000000000, -1.000000000000000000, 0.000000000000000000 ) ) ;
#2280 = CYLINDRICAL_SURFACE ( 'NONE', #3039, 39.99999999999997868 ) ;
#2281 = FACE_OUTER_BOUND ( 'NONE', #700, .T. ) ;
#2282 = CARTESIAN_POINT ( 'NONE',  ( 92.36485707309500981, 40.08684153978015274, 6.464529488756483033 ) ) ;
#2283 = CARTESIAN_POINT ( 'NONE',  ( 88.51915833333323747, -31.31283891320750357, -110.0000000000000000 ) ) ;
#2284 = CARTESIAN_POINT ( 'NONE',  ( 148.5191583333329959, -35.31122166698327902, 4.000000000000000000 ) ) ;
#2285 = ORIENTED_EDGE ( 'NONE', *, *, #1057, .T. ) ;
#2286 = DIRECTION ( 'NONE',  ( 0.000000000000000000, 0.000000000000000000, 1.000000000000000000 ) ) ;
#2287 = DIRECTION ( 'NONE',  ( 0.000000000000000000, -1.000000000000000000, 0.000000000000000000 ) ) ;
#2288 = AXIS2_PLACEMENT_3D ( 'NONE', #1760, #1719, #3811 ) ;
#2289 = ADVANCED_FACE ( 'NONE', ( #3003 ), #1912, .F. ) ;
#2290 = CIRCLE ( 'NONE', #1303, 18.55000000000001137 ) ;
#2291 = ORIENTED_EDGE ( 'NONE', *, *, #2020, .F. ) ;
#2292 = CARTESIAN_POINT ( 'NONE',  ( 92.34049166666667929, 39.90193437630174600, -100.0000000000000000 ) ) ;
#2293 = AXIS2_PLACEMENT_3D ( 'NONE', #3518, #2583, #1460 ) ;
#2294 = CARTESIAN_POINT ( 'NONE',  ( -37.50682655186825798, 117.2987783330167275, -102.9282032302755141 ) ) ;
#2295 = AXIS2_PLACEMENT_3D ( 'NONE', #2705, #642, #2449 ) ;
#2296 = CIRCLE ( 'NONE', #3660, 4.000000000000000000 ) ;
#2297 = CIRCLE ( 'NONE', #272, 10.00000000000000178 ) ;
#2298 = EDGE_LOOP ( 'NONE', ( #2390, #1, #536, #3613 ) ) ;
#2299 = EDGE_CURVE ( 'NONE', #2468, #2169, #3149, .T. ) ;
#2300 = CARTESIAN_POINT ( 'NONE',  ( 95.80430931957940288, 106.1582632708950626, 9.430512951853353698 ) ) ;
#2301 = AXIS2_PLACEMENT_3D ( 'NONE', #2346, #637, #13 ) ;
#2302 = AXIS2_PLACEMENT_3D ( 'NONE', #2506, #1628, #2210 ) ;
#2303 = ORIENTED_EDGE ( 'NONE', *, *, #1757, .T. ) ;
#2304 = EDGE_CURVE ( 'NONE', #2443, #1910, #448, .T. ) ;
#2305 = CARTESIAN_POINT ( 'NONE',  ( 96.33473351621232439, 108.8696811901352248, -110.0000000000000000 ) ) ;
#2306 = ORIENTED_EDGE ( 'NONE', *, *, #2434, .F. ) ;
#2307 = DIRECTION ( 'NONE',  ( 1.000000000000000000, 0.000000000000000000, 0.000000000000000000 ) ) ;
#2308 = CARTESIAN_POINT ( 'NONE',  ( 4.099999999999999645, -0.001617246224230370734, -106.0000000000000000 ) ) ;
#2309 = LINE ( 'NONE', #556, #2532 ) ;
#2310 = ORIENTED_EDGE ( 'NONE', *, *, #3376, .F. ) ;
#2311 = FACE_OUTER_BOUND ( 'NONE', #3558, .T. ) ;
#2312 = CARTESIAN_POINT ( 'NONE',  ( -37.50682655186825798, 117.2987783330167275, 6.000000000000005329 ) ) ;
#2313 = ORIENTED_EDGE ( 'NONE', *, *, #1220, .F. ) ;
#2314 = CARTESIAN_POINT ( 'NONE',  ( 68.47331692431126271, 99.65614507999580951, -100.0000000000000000 ) ) ;
#2315 = AXIS2_PLACEMENT_3D ( 'NONE', #1661, #2522, #856 ) ;
#2316 = AXIS2_PLACEMENT_3D ( 'NONE', #3253, #2068, #2627 ) ;
#2317 = ORIENTED_EDGE ( 'NONE', *, *, #1845, .F. ) ;
#2318 = EDGE_CURVE ( 'NONE', #1328, #3710, #3759, .T. ) ;
#2319 = CARTESIAN_POINT ( 'NONE',  ( 65.09632921359812485, 97.65614507999578109, -100.0000000000000000 ) ) ;
#2320 = CARTESIAN_POINT ( 'NONE',  ( 32.04290288631657546, 117.2987783330167275, -106.0000000000000000 ) ) ;
#2321 = ORIENTED_EDGE ( 'NONE', *, *, #658, .F. ) ;
#2322 = CARTESIAN_POINT ( 'NONE',  ( -47.50682655186824377, -35.31122166698327902, 10.00000000000000000 ) ) ;
#2323 = CARTESIAN_POINT ( 'NONE',  ( -37.50682655186823666, -0.4087216669832992588, -39.54999999999991900 ) ) ;
#2324 = FACE_OUTER_BOUND ( 'NONE', #3674, .T. ) ;
#2325 = CARTESIAN_POINT ( 'NONE',  ( 95.79382499999998402, 0.000000000000000000, 10.00322257381348834 ) ) ;
#2326 = CYLINDRICAL_SURFACE ( 'NONE', #457, 3.250000000000002665 ) ;
#2327 = CARTESIAN_POINT ( 'NONE',  ( 73.91517123284036472, 98.05202090600208464, -109.4669781134602005 ) ) ;
#2328 = EDGE_CURVE ( 'NONE', #2393, #2755, #518, .T. ) ;
#2329 = EDGE_CURVE ( 'NONE', #1144, #2481, #1775, .T. ) ;
#2330 = VERTEX_POINT ( 'NONE', #482 ) ;
#2331 = CARTESIAN_POINT ( 'NONE',  ( 41.94881985874917518, 108.6672844291930886, -100.0000000000000000 ) ) ;
#2332 = CARTESIAN_POINT ( 'NONE',  ( 150.0000000000000000, 0.000000000000000000, 10.00000000000000000 ) ) ;
#2333 = CARTESIAN_POINT ( 'NONE',  ( 82.34049166666667929, 39.90193437630174600, -106.0000000000000000 ) ) ;
#2334 = VERTEX_POINT ( 'NONE', #198 ) ;
#2335 = CARTESIAN_POINT ( 'NONE',  ( 103.9028058646956652, 115.4775260120114808, -108.2063509839817925 ) ) ;
#2336 = DIRECTION ( 'NONE',  ( 0.000000000000000000, 0.000000000000000000, 1.000000000000000000 ) ) ;
#2337 = CIRCLE ( 'NONE', #2841, 4.099999999999999645 ) ;
#2338 = ORIENTED_EDGE ( 'NONE', *, *, #3085, .F. ) ;
#2339 = VERTEX_POINT ( 'NONE', #221 ) ;
#2340 = CARTESIAN_POINT ( 'NONE',  ( -37.50682655186823666, -31.31122166698327547, -4.000000000000000000 ) ) ;
#2341 = CARTESIAN_POINT ( 'NONE',  ( 72.82858301002043788, 47.08685941775536321, 9.450112748127418527 ) ) ;
#2342 = FACE_BOUND ( 'NONE', #340, .T. ) ;
#2343 = DIRECTION ( 'NONE',  ( -0.000000000000000000, -1.000000000000000000, -0.000000000000000000 ) ) ;
#2344 = CARTESIAN_POINT ( 'NONE',  ( 72.13645113534825271, 98.96767883165247781, -110.0000000000000142 ) ) ;
#2345 = ORIENTED_EDGE ( 'NONE', *, *, #559, .F. ) ;
#2346 = CARTESIAN_POINT ( 'NONE',  ( 0.000000000000000000, 0.000000000000000000, 0.000000000000000000 ) ) ;
#2347 = DIRECTION ( 'NONE',  ( 0.000000000000000000, 0.000000000000000000, 1.000000000000000000 ) ) ;
#2348 = EDGE_CURVE ( 'NONE', #1033, #2403, #1035, .T. ) ;
#2349 = DIRECTION ( 'NONE',  ( 1.000000000000000000, 0.000000000000000000, 0.000000000000000000 ) ) ;
#2350 = ORIENTED_EDGE ( 'NONE', *, *, #851, .F. ) ;
#2351 = CARTESIAN_POINT ( 'NONE',  ( 4.099999999999999645, -0.001617246224230370734, -100.0000000000000000 ) ) ;
#2352 = TOROIDAL_SURFACE ( 'NONE', #738, 13.99999999999999467, 4.000000000000000000 ) ;
#2353 = EDGE_LOOP ( 'NONE', ( #3015, #2644, #1199, #3494 ) ) ;
#2354 = VECTOR ( 'NONE', #3551, 1000.000000000000000 ) ;
#2355 = AXIS2_PLACEMENT_3D ( 'NONE', #3658, #3022, #381 ) ;
#2356 = VERTEX_POINT ( 'NONE', #2846 ) ;
#2357 = DIRECTION ( 'NONE',  ( -1.000000000000000000, -1.364044408080838895E-16, -0.000000000000000000 ) ) ;
#2358 = DIRECTION ( 'NONE',  ( 0.000000000000000000, -1.000000000000000000, 0.000000000000000000 ) ) ;
#2359 = DIRECTION ( 'NONE',  ( 1.000000000000000000, 0.000000000000000000, 0.000000000000000000 ) ) ;
#2360 = CARTESIAN_POINT ( 'NONE',  ( 148.5191583333332801, 4.688778333016715649, 10.00000000000000000 ) ) ;
#2361 = CARTESIAN_POINT ( 'NONE',  ( 0.000000000000000000, -0.001617246224230872720, -106.0000000000000000 ) ) ;
#2362 = VECTOR ( 'NONE', #834, 1000.000000000000000 ) ;
#2363 = CARTESIAN_POINT ( 'NONE',  ( -37.50682655186825798, 117.3003955792409556, 2.928203230275511437 ) ) ;
#2364 = CIRCLE ( 'NONE', #1614, 8.099999999999999645 ) ;
#2365 = B_SPLINE_CURVE_WITH_KNOTS ( 'NONE', 3,
 ( #2205, #3097, #1579, #3367, #672, #2796, #710, #1857, #2460, #1894, #3313, #1563, #1227, #961, #2125, #1250, #2719, #653 ),
 .UNSPECIFIED., .F., .F.,
 ( 4, 2, 2, 2, 2, 2, 2, 2, 4 ),
 ( 1.991395173363412582E-17, 0.001326646800591353747, 0.002653293601182687544, 0.003979940401774020690, 0.005306587202365355138, 0.007959880803547975461, 0.009286527604139303838, 0.009949851004434968893, 0.01061317440473063221 ),
 .UNSPECIFIED. ) ;
#2366 = ORIENTED_EDGE ( 'NONE', *, *, #1964, .F. ) ;
#2367 = CARTESIAN_POINT ( 'NONE',  ( -4.099999999999999645, -0.001617246224230872720, -100.0000000000000000 ) ) ;
#2368 = VECTOR ( 'NONE', #1318, 1000.000000000000000 ) ;
#2369 = CARTESIAN_POINT ( 'NONE',  ( 72.86123696880038381, 45.16892256216598156, -108.4649249260131114 ) ) ;
#2370 = DIRECTION ( 'NONE',  ( -0.000000000000000000, 0.000000000000000000, 1.000000000000000000 ) ) ;
#2371 = EDGE_CURVE ( 'NONE', #1693, #2408, #3434, .T. ) ;
#2372 = CARTESIAN_POINT ( 'NONE',  ( 72.72567530648224476, 42.65062613056043261, -100.0000000000000000 ) ) ;
#2373 = ORIENTED_EDGE ( 'NONE', *, *, #2095, .T. ) ;
#2374 = DIRECTION ( 'NONE',  ( -1.000000000000000000, 0.000000000000000000, 0.000000000000000000 ) ) ;
#2375 = EDGE_CURVE ( 'NONE', #1596, #1440, #897, .T. ) ;
#2376 = EDGE_CURVE ( 'NONE', #1909, #2798, #429, .T. ) ;
#2377 = ORIENTED_EDGE ( 'NONE', *, *, #1394, .T. ) ;
#2378 = ORIENTED_EDGE ( 'NONE', *, *, #502, .T. ) ;
#2379 = B_SPLINE_CURVE_WITH_KNOTS ( 'NONE', 3,
 ( #2152, #225, #2244, #1382, #488, #1074, #1346, #827, #243, #2223, #1040, #1664, #1060, #1330, #3773, #3102 ),
 .UNSPECIFIED., .F., .F.,
 ( 4, 2, 2, 2, 2, 2, 2, 4 ),
 ( 0.000000000000000000, 0.001276517975684164337, 0.002553035951368328674, 0.003829553927052492795, 0.005106071902736657349, 0.007659107854104952630, 0.008935625829789085525, 0.01021214380547321755 ),
 .UNSPECIFIED. ) ;
#2380 = ORIENTED_EDGE ( 'NONE', *, *, #1147, .T. ) ;
#2381 = CYLINDRICAL_SURFACE ( 'NONE', #2800, 4.099999999999999645 ) ;
#2382 = CARTESIAN_POINT ( 'NONE',  ( 32.04267949408813365, 117.3003955792409556, 4.000000000000000000 ) ) ;
#2383 = DIRECTION ( 'NONE',  ( -0.000000000000000000, -0.000000000000000000, -1.000000000000000000 ) ) ;
#2384 = FACE_BOUND ( 'NONE', #886, .T. ) ;
#2385 = VERTEX_POINT ( 'NONE', #2814 ) ;
#2386 = DIRECTION ( 'NONE',  ( -1.000000000000000000, -0.000000000000000000, -0.000000000000000000 ) ) ;
#2387 = CARTESIAN_POINT ( 'NONE',  ( 72.86332709095158577, 45.47727738763283867, -108.6478329051900715 ) ) ;
#2388 = DIRECTION ( 'NONE',  ( 1.000000000000000000, 0.000000000000000000, 0.000000000000000000 ) ) ;
#2389 = EDGE_CURVE ( 'NONE', #848, #3707, #1985, .T. ) ;
#2390 = ORIENTED_EDGE ( 'NONE', *, *, #1991, .F. ) ;
#2391 = CARTESIAN_POINT ( 'NONE',  ( 95.79382499999999823, 99.65776232622010866, 6.000000000000000000 ) ) ;
#2392 = VECTOR ( 'NONE', #3453, 1000.000000000000000 ) ;
#2393 = VERTEX_POINT ( 'NONE', #3095 ) ;
#2394 = DIRECTION ( 'NONE',  ( -0.000000000000000000, -0.000000000000000000, -1.000000000000000000 ) ) ;
#2395 = EDGE_CURVE ( 'NONE', #2120, #2574, #1935, .T. ) ;
#2396 = EDGE_CURVE ( 'NONE', #2249, #2132, #1390, .T. ) ;
#2397 = ORIENTED_EDGE ( 'NONE', *, *, #614, .F. ) ;
#2398 = CARTESIAN_POINT ( 'NONE',  ( 148.5191583333330243, -31.31283891320750357, -100.0000000000000000 ) ) ;
#2399 = DIRECTION ( 'NONE',  ( 1.000000000000000000, 0.000000000000000000, 0.000000000000000000 ) ) ;
#2400 = AXIS2_PLACEMENT_3D ( 'NONE', #1562, #2459, #1266 ) ;
#2401 = CARTESIAN_POINT ( 'NONE',  ( -33.50682655186826508, 113.2987783330167275, -104.0000000000000000 ) ) ;
#2402 = CARTESIAN_POINT ( 'NONE',  ( -37.50682655186823666, -35.31122166698327902, 2.582821514866978863 ) ) ;
#2403 = VERTEX_POINT ( 'NONE', #1659 ) ;
#2404 = DIRECTION ( 'NONE',  ( -0.000000000000000000, -0.000000000000000000, -1.000000000000000000 ) ) ;
#2405 = DIRECTION ( 'NONE',  ( 1.000000000000000000, 0.000000000000000000, 0.000000000000000000 ) ) ;
#2406 = ORIENTED_EDGE ( 'NONE', *, *, #1557, .F. ) ;
#2407 = DIRECTION ( 'NONE',  ( 0.000000000000000000, 1.000000000000000000, 0.000000000000000000 ) ) ;
#2408 = VERTEX_POINT ( 'NONE', #3397 ) ;
#2409 = CIRCLE ( 'NONE', #260, 9.999999999999994671 ) ;
#2410 = EDGE_LOOP ( 'NONE', ( #2194, #1523, #1920, #1618 ) ) ;
#2411 = DIRECTION ( 'NONE',  ( -0.000000000000000000, -0.000000000000000000, -1.000000000000000000 ) ) ;
#2412 = CARTESIAN_POINT ( 'NONE',  ( 188.5191583333333085, 2.841278333016740376, -64.44999999999991758 ) ) ;
#2413 = DIRECTION ( 'NONE',  ( -1.000000000000000000, 0.000000000000000000, -0.000000000000000000 ) ) ;
#2414 = CARTESIAN_POINT ( 'NONE',  ( -37.50682655186825087, -31.31122166698327547, 6.000000000000000000 ) ) ;
#2415 = AXIS2_PLACEMENT_3D ( 'NONE', #3209, #283, #1444 ) ;
#2416 = CARTESIAN_POINT ( 'NONE',  ( 148.5191583333332801, 4.688778333016715649, 4.000000000000000000 ) ) ;
#2417 = AXIS2_PLACEMENT_3D ( 'NONE', #1847, #3321, #1529 ) ;
#2418 = EDGE_CURVE ( 'NONE', #2574, #2874, #1517, .T. ) ;
#2419 = ORIENTED_EDGE ( 'NONE', *, *, #2434, .T. ) ;
#2420 = LINE ( 'NONE', #1802, #277 ) ;
#2421 = AXIS2_PLACEMENT_3D ( 'NONE', #1209, #2930, #920 ) ;
#2422 = DIRECTION ( 'NONE',  ( -0.000000000000000000, -0.000000000000000000, -1.000000000000000000 ) ) ;
#2423 = CIRCLE ( 'NONE', #2923, 4.099999999999999645 ) ;
#2424 = VECTOR ( 'NONE', #1045, 1000.000000000000000 ) ;
#2425 = LINE ( 'NONE', #2466, #1744 ) ;
#2426 = ADVANCED_FACE ( 'NONE', ( #3133 ), #180, .F. ) ;
#2427 = SECURITY_CLASSIFICATION ( '', '', #1314 ) ;
#2428 = CIRCLE ( 'NONE', #1118, 4.000000000000000000 ) ;
#2429 = ORIENTED_EDGE ( 'NONE', *, *, #2251, .F. ) ;
#2430 = LINE ( 'NONE', #1217, #3783 ) ;
#2431 = DIRECTION ( 'NONE',  ( -1.000000000000000000, -1.364044408080838895E-16, -0.000000000000000000 ) ) ;
#2432 = VERTEX_POINT ( 'NONE', #2538 ) ;
#2433 = CARTESIAN_POINT ( 'NONE',  ( 32.94321908177949609, 117.2597927538791112, -106.5686588806414932 ) ) ;
#2434 = EDGE_CURVE ( 'NONE', #2137, #2267, #3713, .T. ) ;
#2435 = EDGE_LOOP ( 'NONE', ( #1395, #1438, #238, #1221 ) ) ;
#2436 = ORIENTED_EDGE ( 'NONE', *, *, #2833, .T. ) ;
#2437 = DIRECTION ( 'NONE',  ( -0.000000000000000000, -0.000000000000000000, -1.000000000000000000 ) ) ;
#2438 = CYLINDRICAL_SURFACE ( 'NONE', #2857, 9.999999999999994671 ) ;
#2439 = CYLINDRICAL_SURFACE ( 'NONE', #2530, 9.999999999999994671 ) ;
#2440 = CARTESIAN_POINT ( 'NONE',  ( -37.50682655186825798, 113.3003955792409556, -4.000000000000000000 ) ) ;
#2441 = DIRECTION ( 'NONE',  ( 0.000000000000000000, 0.000000000000000000, 1.000000000000000000 ) ) ;
#2442 = CIRCLE ( 'NONE', #1013, 9.999999999999994671 ) ;
#2443 = VERTEX_POINT ( 'NONE', #2254 ) ;
#2444 = CYLINDRICAL_SURFACE ( 'NONE', #1240, 4.000000000000000000 ) ;
#2445 = CARTESIAN_POINT ( 'NONE',  ( 92.34049166666669350, 39.90193437630173889, -106.1196547660713918 ) ) ;
#2446 = CARTESIAN_POINT ( 'NONE',  ( -37.50682655186826508, 115.2396013538272683, -97.94047286421773890 ) ) ;
#2447 = EDGE_CURVE ( 'NONE', #2403, #3091, #2881, .T. ) ;
#2448 = ADVANCED_FACE ( 'NONE', ( #2103 ), #962, .F. ) ;
#2449 = DIRECTION ( 'NONE',  ( 1.000000000000000000, 0.000000000000000000, 0.000000000000000000 ) ) ;
#2450 = DIRECTION ( 'NONE',  ( -0.000000000000000000, -0.000000000000000000, -1.000000000000000000 ) ) ;
#2451 = VERTEX_POINT ( 'NONE', #382 ) ;
#2452 = CARTESIAN_POINT ( 'NONE',  ( 166.9999999999999432, -0.001617246224228790835, -104.0000000000000000 ) ) ;
#2453 = LINE ( 'NONE', #61, #2467 ) ;
#2454 = CIRCLE ( 'NONE', #1650, 18.55000000000001137 ) ;
#2455 = EDGE_LOOP ( 'NONE', ( #2350, #2216, #1038, #2257 ) ) ;
#2456 = VERTEX_POINT ( 'NONE', #1210 ) ;
#2457 = CARTESIAN_POINT ( 'NONE',  ( 101.6078613051703599, 114.7163413837588024, -100.7113195394749994 ) ) ;
#2458 = FACE_OUTER_BOUND ( 'NONE', #3760, .T. ) ;
#2459 = DIRECTION ( 'NONE',  ( -0.000000000000000000, -0.000000000000000000, -1.000000000000000000 ) ) ;
#2460 = CARTESIAN_POINT ( 'NONE',  ( 102.7451971647751492, 115.1593546771015468, 1.219956101182972041 ) ) ;
#2461 = CIRCLE ( 'NONE', #784, 96.00000000000001421 ) ;
#2462 = ORIENTED_EDGE ( 'NONE', *, *, #3792, .T. ) ;
#2463 = DIRECTION ( 'NONE',  ( 0.000000000000000000, 0.000000000000000000, 1.000000000000000000 ) ) ;
#2464 = PERSON_AND_ORGANIZATION ( #831, #1552 ) ;
#2465 = CARTESIAN_POINT ( 'NONE',  ( 133.0000000000000000, 2.081899558550499885E-15, 4.000000000000000000 ) ) ;
#2466 = CARTESIAN_POINT ( 'NONE',  ( 65.29565270734227056, 96.78576348562569365, -100.0000000000000000 ) ) ;
#2467 = VECTOR ( 'NONE', #3338, 1000.000000000000000 ) ;
#2468 = VERTEX_POINT ( 'NONE', #3291 ) ;
#2469 = ADVANCED_FACE ( 'NONE', ( #2797 ), #1772, .T. ) ;
#2470 = AXIS2_PLACEMENT_3D ( 'NONE', #3577, #943, #1739 ) ;
#2471 = DIRECTION ( 'NONE',  ( -1.000000000000000000, 0.000000000000000000, 0.000000000000000000 ) ) ;
#2472 = EDGE_LOOP ( 'NONE', ( #2511, #511 ) ) ;
#2473 = CARTESIAN_POINT ( 'NONE',  ( -37.50682655186825798, 117.2987783330167275, 10.00000000000000000 ) ) ;
#2474 = VERTEX_POINT ( 'NONE', #400 ) ;
#2475 = AXIS2_PLACEMENT_3D ( 'NONE', #162, #2693, #1101 ) ;
#2476 = ORIENTED_EDGE ( 'NONE', *, *, #398, .T. ) ;
#2477 = DIRECTION ( 'NONE',  ( 1.000000000000000000, 0.000000000000000000, 0.000000000000000000 ) ) ;
#2478 = LINE ( 'NONE', #1308, #16 ) ;
#2479 = CARTESIAN_POINT ( 'NONE',  ( -37.50682655186826508, 113.2987783330167275, -106.0000000000000000 ) ) ;
#2480 = LINE ( 'NONE', #1601, #176 ) ;
#2481 = VERTEX_POINT ( 'NONE', #2759 ) ;
#2482 = CYLINDRICAL_SURFACE ( 'NONE', #813, 4.000000000000000000 ) ;
#2483 = APPROVAL_STATUS ( 'not_yet_approved' ) ;
#2484 = CARTESIAN_POINT ( 'NONE',  ( 92.60941929116566484, 42.76725266236709189, -108.2130047370928736 ) ) ;
#2485 = CARTESIAN_POINT ( 'NONE',  ( 184.5191583333332801, 4.688778333016715649, 6.000000000000000000 ) ) ;
#2486 = VECTOR ( 'NONE', #1796, 1000.000000000000000 ) ;
#2487 = ORIENTED_EDGE ( 'NONE', *, *, #1631, .F. ) ;
#2488 = EDGE_CURVE ( 'NONE', #1812, #973, #2768, .T. ) ;
#2489 = LINE ( 'NONE', #3066, #2424 ) ;
#2490 = CIRCLE ( 'NONE', #1807, 18.55000000000001137 ) ;
#2491 = AXIS2_PLACEMENT_3D ( 'NONE', #2175, #2752, #3358 ) ;
#2492 = ORIENTED_EDGE ( 'NONE', *, *, #2031, .T. ) ;
#2493 = DIRECTION ( 'NONE',  ( 0.000000000000000000, 0.000000000000000000, 1.000000000000000000 ) ) ;
#2494 = EDGE_CURVE ( 'NONE', #3688, #1458, #2454, .T. ) ;
#2495 = EDGE_CURVE ( 'NONE', #2516, #2385, #3659, .T. ) ;
#2496 = ORIENTED_EDGE ( 'NONE', *, *, #2371, .F. ) ;
#2497 = VERTEX_POINT ( 'NONE', #3314 ) ;
#2498 = CARTESIAN_POINT ( 'NONE',  ( 103.9014462229553715, 115.4525258834744221, -101.8026025711063198 ) ) ;
#2499 = DIRECTION ( 'NONE',  ( 0.000000000000000000, 0.000000000000000000, 1.000000000000000000 ) ) ;
#2500 = DIRECTION ( 'NONE',  ( -1.364029953115296624E-16, 1.000000000000000000, -0.000000000000000000 ) ) ;
#2501 = CARTESIAN_POINT ( 'NONE',  ( 72.54253269553395000, 49.90193437630173179, -110.0000000000000000 ) ) ;
#2502 = CARTESIAN_POINT ( 'NONE',  ( -4.099999999999999645, -0.001617246224230872720, -100.0000000000000000 ) ) ;
#2503 = VERTEX_POINT ( 'NONE', #1896 ) ;
#2504 = CARTESIAN_POINT ( 'NONE',  ( 96.34049166666666508, 39.90355162252597410, 10.00000000000000000 ) ) ;
#2505 = CALENDAR_DATE ( 2026, 30, 5 ) ;
#2506 = CARTESIAN_POINT ( 'NONE',  ( 67.09632921359812485, 97.65614507999578109, 10.00000000000000000 ) ) ;
#2507 = AXIS2_PLACEMENT_3D ( 'NONE', #3587, #934, #2669 ) ;
#2508 = CARTESIAN_POINT ( 'NONE',  ( -37.50682655186826508, 114.2660464493326771, -96.96726932553632139 ) ) ;
#2509 = B_SPLINE_CURVE_WITH_KNOTS ( 'NONE', 3,
 ( #2501, #3680, #2758, #3076 ),
 .UNSPECIFIED., .F., .F.,
 ( 4, 4 ),
 ( 0.1177025826081223719, 0.9014930147893412959 ),
 .UNSPECIFIED. ) ;
#2510 = AXIS2_PLACEMENT_3D ( 'NONE', #1042, #3429, #2869 ) ;
#2511 = ORIENTED_EDGE ( 'NONE', *, *, #479, .T. ) ;
#2512 = FACE_OUTER_BOUND ( 'NONE', #1801, .T. ) ;
#2513 = EDGE_CURVE ( 'NONE', #2879, #1034, #1285, .T. ) ;
#2514 = ORIENTED_EDGE ( 'NONE', *, *, #398, .F. ) ;
#2515 = ORIENTED_EDGE ( 'NONE', *, *, #2136, .T. ) ;
#2516 = VERTEX_POINT ( 'NONE', #654 ) ;
#2517 = ADVANCED_FACE ( 'NONE', ( #3598 ), #1083, .T. ) ;
#2518 = CARTESIAN_POINT ( 'NONE',  ( 188.5191583333332801, 4.687161086792484888, -100.0000000000000000 ) ) ;
#2519 = DIRECTION ( 'NONE',  ( 1.000000000000000000, -8.921435019309294079E-15, 0.000000000000000000 ) ) ;
#2520 = EDGE_CURVE ( 'NONE', #1528, #2128, #2649, .T. ) ;
#2521 = DIRECTION ( 'NONE',  ( 0.000000000000000000, 0.000000000000000000, 1.000000000000000000 ) ) ;
#2522 = DIRECTION ( 'NONE',  ( -0.000000000000000000, -0.000000000000000000, -1.000000000000000000 ) ) ;
#2523 = ORIENTED_EDGE ( 'NONE', *, *, #559, .T. ) ;
#2524 = DIRECTION ( 'NONE',  ( -1.000000000000000000, -1.364044408080838895E-16, -0.000000000000000000 ) ) ;
#2525 = APPROVAL_STATUS ( 'not_yet_approved' ) ;
#2526 = DIRECTION ( 'NONE',  ( -1.000000000000000000, 0.000000000000000000, 0.000000000000000000 ) ) ;
#2527 = LINE ( 'NONE', #771, #1987 ) ;
#2528 = CARTESIAN_POINT ( 'NONE',  ( 149.9999999999999716, -0.001617246224230872720, -110.0000000000000000 ) ) ;
#2529 = ORIENTED_EDGE ( 'NONE', *, *, #1224, .F. ) ;
#2530 = AXIS2_PLACEMENT_3D ( 'NONE', #3679, #3616, #960 ) ;
#2531 = B_SPLINE_CURVE_WITH_KNOTS ( 'NONE', 3,
 ( #3247, #589, #1481, #45 ),
 .UNSPECIFIED., .F., .F.,
 ( 4, 4 ),
 ( 0.1176279436240359189, 0.7526077350517832443 ),
 .UNSPECIFIED. ) ;
#2532 = VECTOR ( 'NONE', #1462, 1000.000000000000000 ) ;
#2533 = EDGE_LOOP ( 'NONE', ( #356, #317, #105, #337 ) ) ;
#2534 = ADVANCED_FACE ( 'NONE', ( #3581 ), #1858, .F. ) ;
#2535 = EDGE_LOOP ( 'NONE', ( #2964, #140 ) ) ;
#2536 = VERTEX_POINT ( 'NONE', #695 ) ;
#2537 = EDGE_CURVE ( 'NONE', #1357, #1518, #2480, .T. ) ;
#2538 = CARTESIAN_POINT ( 'NONE',  ( 40.04267949408816207, 113.3003955792409556, 10.00000000000000000 ) ) ;
#2539 = DIRECTION ( 'NONE',  ( -0.000000000000000000, -0.000000000000000000, -1.000000000000000000 ) ) ;
#2540 = ORIENTED_EDGE ( 'NONE', *, *, #2371, .T. ) ;
#2541 = DIRECTION ( 'NONE',  ( 0.000000000000000000, 0.000000000000000000, 1.000000000000000000 ) ) ;
#2542 = CARTESIAN_POINT ( 'NONE',  ( 74.56249185663389767, 77.61419592108028098, 0.000000000000000000 ) ) ;
#2543 = DIRECTION ( 'NONE',  ( -0.000000000000000000, -0.000000000000000000, -1.000000000000000000 ) ) ;
#2544 = CARTESIAN_POINT ( 'NONE',  ( -33.50682655186823666, -35.31283891320750712, -96.00000000000000000 ) ) ;
#2545 = CARTESIAN_POINT ( 'NONE',  ( 88.51915833333325168, 17.30039557924095561, 6.000000000000000000 ) ) ;
#2546 = CIRCLE ( 'NONE', #1669, 39.99999999999997868 ) ;
#2547 = EDGE_CURVE ( 'NONE', #201, #2132, #3800, .T. ) ;
#2548 = EDGE_LOOP ( 'NONE', ( #1950, #2213, #1689, #665 ) ) ;
#2549 = CARTESIAN_POINT ( 'NONE',  ( 39.78722008166293733, 113.6396887392216541, -110.0000000000000426 ) ) ;
#2550 = VECTOR ( 'NONE', #2968, 1000.000000000000000 ) ;
#2551 = AXIS2_PLACEMENT_3D ( 'NONE', #146, #516, #1981 ) ;
#2552 = AXIS2_PLACEMENT_3D ( 'NONE', #1087, #800, #1054 ) ;
#2553 = EDGE_LOOP ( 'NONE', ( #3649, #697, #3118, #735, #2834, #1044, #1830, #879, #2515, #2052, #493, #1989, #588, #3051, #1839, #93, #466, #2690 ) ) ;
#2554 = AXIS2_PLACEMENT_3D ( 'NONE', #1138, #1079, #1389 ) ;
#2555 = CIRCLE ( 'NONE', #935, 9.999999999999994671 ) ;
#2556 = FACE_OUTER_BOUND ( 'NONE', #3126, .T. ) ;
#2557 = ORIENTED_EDGE ( 'NONE', *, *, #2395, .T. ) ;
#2558 = CARTESIAN_POINT ( 'NONE',  ( 88.51915833333325168, 99.65614507999580951, 10.00000000000000000 ) ) ;
#2559 = CARTESIAN_POINT ( 'NONE',  ( 95.84744584832728265, 106.6957313757434491, 9.611807982436438635 ) ) ;
#2560 = ADVANCED_FACE ( 'NONE', ( #1055, #2220 ), #1937, .F. ) ;
#2561 = VERTEX_POINT ( 'NONE', #2502 ) ;
#2562 = CARTESIAN_POINT ( 'NONE',  ( 76.57387525756020352, 95.52668652503415103, 6.917979154525861318 ) ) ;
#2563 = CARTESIAN_POINT ( 'NONE',  ( 102.7472320284505116, 115.1599054255301695, 8.779030981073857376 ) ) ;
#2564 = DIRECTION ( 'NONE',  ( 1.000000000000000000, 1.982541115402065307E-15, 0.000000000000000000 ) ) ;
#2565 = DIRECTION ( 'NONE',  ( 0.000000000000000000, 0.000000000000000000, -1.000000000000000000 ) ) ;
#2566 = CARTESIAN_POINT ( 'NONE',  ( 92.40556160920381501, 40.41320857140578937, 6.796482585889362937 ) ) ;
#2567 = DIRECTION ( 'NONE',  ( -0.000000000000000000, -0.000000000000000000, -1.000000000000000000 ) ) ;
#2568 = EDGE_LOOP ( 'NONE', ( #1286, #3389, #3357, #2032 ) ) ;
#2569 = CARTESIAN_POINT ( 'NONE',  ( 45.32491196610946105, 84.22947724642756384, -100.0000000000000000 ) ) ;
#2570 = EDGE_CURVE ( 'NONE', #1776, #1642, #1953, .T. ) ;
#2571 = ADVANCED_FACE ( 'NONE', ( #1436 ), #1947, .T. ) ;
#2572 = CIRCLE ( 'NONE', #2507, 35.99999999999997868 ) ;
#2573 = B_SPLINE_CURVE_WITH_KNOTS ( 'NONE', 3,
 ( #2382, #1442, #2983, #861, #2697, #2012, #1208, #3560, #2927, #3192, #2027, #7, #553, #1170, #1132, #841, #538, #3500, #3249, #573 ),
 .UNSPECIFIED., .F., .F.,
 ( 4, 2, 2, 2, 2, 2, 2, 2, 2, 4 ),
 ( -2.000000510205290994E-05, 0.0006153689808461269015, 0.001250737966794306750, 0.002521475938690680325, 0.003792213910587053250, 0.005062951882483427042, 0.006333689854379799533, 0.007604427826276173759, 0.008875165798172546250, 0.01014590377006891961 ),
 .UNSPECIFIED. ) ;
#2574 = VERTEX_POINT ( 'NONE', #2817 ) ;
#2575 = CARTESIAN_POINT ( 'NONE',  ( 106.2069135480889344, 115.6240180671590707, -103.0943347271463182 ) ) ;
#2576 = ORIENTED_EDGE ( 'NONE', *, *, #2963, .T. ) ;
#2577 = DIRECTION ( 'NONE',  ( -1.364044408080838895E-16, 1.000000000000000000, -0.000000000000000000 ) ) ;
#2578 = CARTESIAN_POINT ( 'NONE',  ( -37.50682655186823666, 79.14627833301670989, -39.54999999999991900 ) ) ;
#2579 = ORIENTED_EDGE ( 'NONE', *, *, #3244, .F. ) ;
#2580 = CARTESIAN_POINT ( 'NONE',  ( 32.04290288631657546, 107.2987783330167701, -110.0000000000000000 ) ) ;
#2581 = AXIS2_PLACEMENT_3D ( 'NONE', #743, #3380, #3695 ) ;
#2582 = CARTESIAN_POINT ( 'NONE',  ( 107.3384124564242939, 115.5087981546083711, 6.228512655287945066 ) ) ;
#2583 = DIRECTION ( 'NONE',  ( 0.000000000000000000, 0.000000000000000000, 1.000000000000000000 ) ) ;
#2584 = ADVANCED_FACE ( 'NONE', ( #1311 ), #3151, .T. ) ;
#2585 = DIRECTION ( 'NONE',  ( -0.000000000000000000, -0.000000000000000000, -1.000000000000000000 ) ) ;
#2586 = CARTESIAN_POINT ( 'NONE',  ( 72.72590493809164514, 42.65304649226281697, 5.999999999999999112 ) ) ;
#2587 = CARTESIAN_POINT ( 'NONE',  ( 67.09632921359812485, 97.65614507999578109, 0.000000000000000000 ) ) ;
#2588 = ORIENTED_EDGE ( 'NONE', *, *, #346, .F. ) ;
#2589 = CARTESIAN_POINT ( 'NONE',  ( 168.5499999999999829, -0.001617246224228600883, -100.0000000000000000 ) ) ;
#2590 =( BOUNDED_CURVE ( )  B_SPLINE_CURVE ( 3, ( #3663, #2208, #1625, #3621 ),
 .UNSPECIFIED., .F., .T. ) 
 B_SPLINE_CURVE_WITH_KNOTS ( ( 4, 4 ),
 ( 3.141592653589793116, 4.712388980384689674 ),
 .UNSPECIFIED. ) 
 CURVE ( )  GEOMETRIC_REPRESENTATION_ITEM ( )  RATIONAL_B_SPLINE_CURVE ( ( 1.000000000000000000, 0.8047378541243649375, 0.8047378541243649375, 1.000000000000000000 ) ) 
 REPRESENTATION_ITEM ( '' )  );
#2591 = ADVANCED_FACE ( 'NONE', ( #1641 ), #568, .F. ) ;
#2592 = VERTEX_POINT ( 'NONE', #2256 ) ;
#2593 = PLANE ( 'NONE',  #2551 ) ;
#2594 = EDGE_CURVE ( 'NONE', #2637, #821, #1971, .T. ) ;
#2595 = ORIENTED_EDGE ( 'NONE', *, *, #3111, .T. ) ;
#2596 = CARTESIAN_POINT ( 'NONE',  ( 65.29565270734228477, 96.78576348562566523, -110.0000000000000000 ) ) ;
#2597 = ORIENTED_EDGE ( 'NONE', *, *, #217, .T. ) ;
#2598 = DIRECTION ( 'NONE',  ( -1.000000000000000000, -1.364044408080838895E-16, 0.000000000000000000 ) ) ;
#2599 = CARTESIAN_POINT ( 'NONE',  ( 106.2069135480889628, 115.6256353133834125, 6.905665272853606318 ) ) ;
#2600 = CARTESIAN_POINT ( 'NONE',  ( 33.83585545326162247, 117.1434372447807988, -107.1279826586909536 ) ) ;
#2601 = ORIENTED_EDGE ( 'NONE', *, *, #2136, .F. ) ;
#2602 = CARTESIAN_POINT ( 'NONE',  ( 148.5191583333332801, 4.687161086792484888, -106.0000000000000000 ) ) ;
#2603 = DIRECTION ( 'NONE',  ( 0.000000000000000000, 0.000000000000000000, 1.000000000000000000 ) ) ;
#2604 = CARTESIAN_POINT ( 'NONE',  ( 32.04290288631657546, 107.2987783330167701, -106.0000000000000000 ) ) ;
#2605 = ORIENTED_EDGE ( 'NONE', *, *, #3189, .T. ) ;
#2606 = DIRECTION ( 'NONE',  ( -1.000000000000000000, -1.364044408080838895E-16, -0.000000000000000000 ) ) ;
#2607 = CARTESIAN_POINT ( 'NONE',  ( -37.50682655186823666, -35.31283891320750712, -100.0000000000000000 ) ) ;
#2608 = EDGE_CURVE ( 'NONE', #2128, #1528, #3124, .T. ) ;
#2609 = AXIS2_PLACEMENT_3D ( 'NONE', #1751, #1787, #2934 ) ;
#2610 = ORIENTED_EDGE ( 'NONE', *, *, #2751, .T. ) ;
#2611 = DIRECTION ( 'NONE',  ( -1.000000000000000000, 0.000000000000000000, 0.000000000000000000 ) ) ;
#2612 = VECTOR ( 'NONE', #2715, 1000.000000000000000 ) ;
#2613 = CIRCLE ( 'NONE', #504, 2.000000000000001776 ) ;
#2614 = AXIS2_PLACEMENT_3D ( 'NONE', #3750, #745, #2521 ) ;
#2615 = ORIENTED_EDGE ( 'NONE', *, *, #951, .T. ) ;
#2616 = AXIS2_PLACEMENT_3D ( 'NONE', #1492, #291, #2287 ) ;
#2617 = ADVANCED_FACE ( 'NONE', ( #2076 ), #955, .F. ) ;
#2618 = EDGE_CURVE ( 'NONE', #2667, #1967, #1127, .T. ) ;
#2619 = VECTOR ( 'NONE', #1213, 1000.000000000000000 ) ;
#2620 = VECTOR ( 'NONE', #247, 1000.000000000000000 ) ;
#2621 = VERTEX_POINT ( 'NONE', #1219 ) ;
#2622 = CARTESIAN_POINT ( 'NONE',  ( 76.86483700833278476, 95.09808908535575256, 6.461313168313374433 ) ) ;
#2623 = DIRECTION ( 'NONE',  ( -1.000000000000000000, 0.000000000000000000, 0.000000000000000000 ) ) ;
#2624 = LINE ( 'NONE', #3797, #143 ) ;
#2625 = DIRECTION ( 'NONE',  ( 0.000000000000000000, 0.000000000000000000, -1.000000000000000000 ) ) ;
#2626 = DIRECTION ( 'NONE',  ( 0.000000000000000000, 0.000000000000000000, 1.000000000000000000 ) ) ;
#2627 = DIRECTION ( 'NONE',  ( 1.000000000000000000, 0.000000000000000000, 0.000000000000000000 ) ) ;
#2628 = ORIENTED_EDGE ( 'NONE', *, *, #1220, .T. ) ;
#2629 = DIRECTION ( 'NONE',  ( -1.000000000000000000, 0.000000000000000000, 0.000000000000000000 ) ) ;
#2630 = CARTESIAN_POINT ( 'NONE',  ( 95.79382499999998402, 0.000000000000000000, 10.00322257381348834 ) ) ;
#2631 = CARTESIAN_POINT ( 'NONE',  ( 4.099999999999999645, 5.021051876504147385E-16, 0.000000000000000000 ) ) ;
#2632 = ORIENTED_EDGE ( 'NONE', *, *, #615, .T. ) ;
#2633 = DIRECTION ( 'NONE',  ( 0.000000000000000000, 0.000000000000000000, -1.000000000000000000 ) ) ;
#2634 = EDGE_CURVE ( 'NONE', #2169, #2637, #1821, .T. ) ;
#2635 = ORIENTED_EDGE ( 'NONE', *, *, #987, .F. ) ;
#2636 = EDGE_CURVE ( 'NONE', #971, #2879, #2572, .T. ) ;
#2637 = VERTEX_POINT ( 'NONE', #3 ) ;
#2638 = DIRECTION ( 'NONE',  ( -0.000000000000000000, -0.000000000000000000, -1.000000000000000000 ) ) ;
#2639 = EDGE_CURVE ( 'NONE', #3742, #1596, #3304, .T. ) ;
#2640 = DIRECTION ( 'NONE',  ( 1.000000000000000000, 2.399700808434583252E-14, 0.000000000000000000 ) ) ;
#2641 = ORIENTED_EDGE ( 'NONE', *, *, #3738, .T. ) ;
#2642 = CARTESIAN_POINT ( 'NONE',  ( 72.34049166666669350, 39.90193437630174600, -100.0000000000000000 ) ) ;
#2643 = CARTESIAN_POINT ( 'NONE',  ( 74.89390205141876322, 97.32815788750390595, -108.8113401471285471 ) ) ;
#2644 = ORIENTED_EDGE ( 'NONE', *, *, #2494, .T. ) ;
#2645 = CYLINDRICAL_SURFACE ( 'NONE', #627, 18.55000000000001137 ) ;
#2646 = FACE_BOUND ( 'NONE', #1380, .T. ) ;
#2647 = FACE_OUTER_BOUND ( 'NONE', #195, .T. ) ;
#2648 = DIRECTION ( 'NONE',  ( -0.000000000000000000, -0.000000000000000000, -1.000000000000000000 ) ) ;
#2649 = CIRCLE ( 'NONE', #1832, 3.250000000000007994 ) ;
#2650 = ORIENTED_EDGE ( 'NONE', *, *, #2636, .F. ) ;
#2651 = CARTESIAN_POINT ( 'NONE',  ( 100.4923673815299736, 114.1149960373928423, -109.6970920794147304 ) ) ;
#2652 = CARTESIAN_POINT ( 'NONE',  ( 67.09632921359812485, 97.65614507999578109, 0.000000000000000000 ) ) ;
#2653 = EDGE_LOOP ( 'NONE', ( #1306, #1810, #439, #722 ) ) ;
#2654 = AXIS2_PLACEMENT_3D ( 'NONE', #1367, #3460, #1995 ) ;
#2655 = ORIENTED_EDGE ( 'NONE', *, *, #1970, .T. ) ;
#2656 = DIRECTION ( 'NONE',  ( -0.000000000000000000, -0.000000000000000000, -1.000000000000000000 ) ) ;
#2657 = CARTESIAN_POINT ( 'NONE',  ( 82.34049166666666508, 39.90355162252597410, 10.00000000000000000 ) ) ;
#2658 = CARTESIAN_POINT ( 'NONE',  ( 41.94864783511079054, 108.6685297929264777, 10.00000000000000178 ) ) ;
#2659 = CARTESIAN_POINT ( 'NONE',  ( 166.9999999999999716, 0.000000000000000000, 10.00000000000000000 ) ) ;
#2660 = EDGE_LOOP ( 'NONE', ( #1572, #3072, #1312, #1502 ) ) ;
#2661 = LINE ( 'NONE', #3546, #3109 ) ;
#2662 =( NAMED_UNIT ( * ) PLANE_ANGLE_UNIT ( ) SI_UNIT ( $, .RADIAN. ) );
#2663 = CARTESIAN_POINT ( 'NONE',  ( 188.5191583333332801, 17.29877833301601697, -104.0000000000000000 ) ) ;
#2664 = DIRECTION ( 'NONE',  ( 0.000000000000000000, 0.000000000000000000, -1.000000000000000000 ) ) ;
#2665 = EDGE_CURVE ( 'NONE', #2432, #957, #646, .T. ) ;
#2666 = PRODUCT_DEFINITION ( 'UNKNOWN', '', #510, #1959 ) ;
#2667 = VERTEX_POINT ( 'NONE', #100 ) ;
#2668 = CARTESIAN_POINT ( 'NONE',  ( 106.9605209093673892, 115.5589010012113391, -106.4566630382036863 ) ) ;
#2669 = DIRECTION ( 'NONE',  ( 1.000000000000000000, 0.000000000000000000, 0.000000000000000000 ) ) ;
#2670 = CIRCLE ( 'NONE', #1229, 96.00000000000000000 ) ;
#2671 = ORIENTED_EDGE ( 'NONE', *, *, #2318, .T. ) ;
#2672 = AXIS2_PLACEMENT_3D ( 'NONE', #256, #1200, #1472 ) ;
#2673 = AXIS2_PLACEMENT_3D ( 'NONE', #1741, #1445, #2626 ) ;
#2674 = VECTOR ( 'NONE', #2258, 1000.000000000000000 ) ;
#2675 = EDGE_LOOP ( 'NONE', ( #1884, #1235, #3630, #1889 ) ) ;
#2676 = ORIENTED_EDGE ( 'NONE', *, *, #2020, .T. ) ;
#2677 = CARTESIAN_POINT ( 'NONE',  ( 88.51915833333323747, 99.65614507999580951, -100.0000000000000000 ) ) ;
#2678 = CARTESIAN_POINT ( 'NONE',  ( 105.7938249999999840, 105.6253648829086700, -100.0000000000000000 ) ) ;
#2679 = FACE_OUTER_BOUND ( 'NONE', #3480, .T. ) ;
#2680 = DIRECTION ( 'NONE',  ( -1.000000000000000000, 0.000000000000000000, 0.000000000000000000 ) ) ;
#2681 = APPROVAL_PERSON_ORGANIZATION ( #3686, #1905, #1007 ) ;
#2682 = CARTESIAN_POINT ( 'NONE',  ( 74.66286337022040698, 97.51629343938404304, -108.9926980456412480 ) ) ;
#2683 = AXIS2_PLACEMENT_3D ( 'NONE', #1750, #1160, #252 ) ;
#2684 = EDGE_CURVE ( 'NONE', #3644, #2667, #1066, .T. ) ;
#2685 = ORIENTED_EDGE ( 'NONE', *, *, #1607, .F. ) ;
#2686 = CARTESIAN_POINT ( 'NONE',  ( -37.50682655186822245, -34.65690562805867359, -100.1911418308718282 ) ) ;
#2687 = CARTESIAN_POINT ( 'NONE',  ( 72.72567530648225897, 42.65062613056046814, -106.1851878141215764 ) ) ;
#2688 = CARTESIAN_POINT ( 'NONE',  ( 82.34049166666667929, 39.90193437630174600, -100.0000000000000000 ) ) ;
#2689 = CARTESIAN_POINT ( 'NONE',  ( 95.79382499999998402, 99.65614507999580951, -106.0000000000000000 ) ) ;
#2690 = ORIENTED_EDGE ( 'NONE', *, *, #2618, .F. ) ;
#2691 = EDGE_CURVE ( 'NONE', #1168, #3206, #290, .T. ) ;
#2692 = CARTESIAN_POINT ( 'NONE',  ( 98.77599707759580383, 112.7492747118946852, -100.0000000000000000 ) ) ;
#2693 = DIRECTION ( 'NONE',  ( 0.000000000000000000, 0.000000000000000000, -1.000000000000000000 ) ) ;
#2694 = ORIENTED_EDGE ( 'NONE', *, *, #3239, .F. ) ;
#2695 = ORIENTED_EDGE ( 'NONE', *, *, #1001, .F. ) ;
#2696 = CARTESIAN_POINT ( 'NONE',  ( 149.9999999999999716, -0.001617246224230872720, -104.0000000000000000 ) ) ;
#2697 = CARTESIAN_POINT ( 'NONE',  ( 32.94299568955105428, 117.2614100001033393, 3.431341119358537028 ) ) ;
#2698 = CARTESIAN_POINT ( 'NONE',  ( 72.83722211640075272, 44.26652779684801686, 7.865661791410011539 ) ) ;
#2699 = FACE_OUTER_BOUND ( 'NONE', #3254, .T. ) ;
#2700 = CARTESIAN_POINT ( 'NONE',  ( 33.48750356919579474, 117.2021174593759554, 6.910739237195794971 ) ) ;
#2701 = VERTEX_POINT ( 'NONE', #1805 ) ;
#2702 = CARTESIAN_POINT ( 'NONE',  ( -33.50682655186824377, -31.31122166698327547, 4.000000000000000000 ) ) ;
#2703 = DIRECTION ( 'NONE',  ( 0.000000000000000000, -0.000000000000000000, 1.000000000000000000 ) ) ;
#2704 = EDGE_LOOP ( 'NONE', ( #497, #3176, #2579, #893, #621 ) ) ;
#2705 = CARTESIAN_POINT ( 'NONE',  ( 82.34049166666666508, 39.90355162252597410, 10.00000000000000000 ) ) ;
#2706 = VECTOR ( 'NONE', #728, 1000.000000000000000 ) ;
#2707 = DIRECTION ( 'NONE',  ( -0.000000000000000000, -0.000000000000000000, -1.000000000000000000 ) ) ;
#2708 = CARTESIAN_POINT ( 'NONE',  ( 0.000000000000000000, 99.65614507999580951, 10.00322257381348834 ) ) ;
#2709 = EDGE_CURVE ( 'NONE', #2456, #305, #3675, .T. ) ;
#2710 = ORIENTED_EDGE ( 'NONE', *, *, #3388, .F. ) ;
#2711 = CARTESIAN_POINT ( 'NONE',  ( 148.5191583333332801, 4.688778333016715649, 6.000000000000000000 ) ) ;
#2712 = ADVANCED_FACE ( 'NONE', ( #3298 ), #55, .F. ) ;
#2713 = EDGE_LOOP ( 'NONE', ( #3534, #1391, #707, #2373, #324 ) ) ;
#2714 = ORIENTED_EDGE ( 'NONE', *, *, #2963, .F. ) ;
#2715 = DIRECTION ( 'NONE',  ( 0.000000000000000000, -1.000000000000000000, 0.000000000000000000 ) ) ;
#2716 = EDGE_CURVE ( 'NONE', #1755, #791, #3334, .T. ) ;
#2717 = DIRECTION ( 'NONE',  ( 0.000000000000000000, 0.000000000000000000, 1.000000000000000000 ) ) ;
#2718 = TOROIDAL_SURFACE ( 'NONE', #1032, 13.99999999999999467, 4.000000000000000000 ) ;
#2719 = CARTESIAN_POINT ( 'NONE',  ( 107.5271592478488287, 115.4774389692717307, 3.886240980882154084 ) ) ;
#2720 = CARTESIAN_POINT ( 'NONE',  ( -37.50682655186825798, 117.3003955792409556, 10.00000000000000000 ) ) ;
#2721 = VERTEX_POINT ( 'NONE', #2911 ) ;
#2722 = DIRECTION ( 'NONE',  ( 0.000000000000000000, 0.000000000000000000, 1.000000000000000000 ) ) ;
#2723 = CARTESIAN_POINT ( 'NONE',  ( 72.82910285786886107, 47.07842926425748686, -109.4476962702160847 ) ) ;
#2724 = ORIENTED_EDGE ( 'NONE', *, *, #832, .T. ) ;
#2725 = DIRECTION ( 'NONE',  ( -1.364044408080838895E-16, 1.000000000000000000, -0.000000000000000000 ) ) ;
#2726 = EDGE_CURVE ( 'NONE', #3091, #703, #2442, .T. ) ;
#2727 = ORIENTED_EDGE ( 'NONE', *, *, #851, .T. ) ;
#2728 = CIRCLE ( 'NONE', #3337, 2.000000000000001776 ) ;
#2729 = DIRECTION ( 'NONE',  ( 0.000000000000000000, 0.000000000000000000, 1.000000000000000000 ) ) ;
#2730 = VERTEX_POINT ( 'NONE', #3584 ) ;
#2731 = ORIENTED_EDGE ( 'NONE', *, *, #1463, .F. ) ;
#2732 = FACE_OUTER_BOUND ( 'NONE', #2553, .T. ) ;
#2733 = ADVANCED_FACE ( 'NONE', ( #270 ), #890, .T. ) ;
#2734 = DIRECTION ( 'NONE',  ( 1.000000000000000000, 0.000000000000000000, 0.000000000000000000 ) ) ;
#2735 = CARTESIAN_POINT ( 'NONE',  ( 67.09632921359812485, 99.65614507999580951, 10.00000000000000000 ) ) ;
#2736 = EDGE_CURVE ( 'NONE', #1427, #2953, #18, .T. ) ;
#2737 = LINE ( 'NONE', #3382, #2920 ) ;
#2738 = AXIS2_PLACEMENT_3D ( 'NONE', #3451, #3379, #3094 ) ;
#2739 = AXIS2_PLACEMENT_3D ( 'NONE', #3580, #1484, #3232 ) ;
#2740 = ORIENTED_EDGE ( 'NONE', *, *, #463, .T. ) ;
#2741 = CARTESIAN_POINT ( 'NONE',  ( 188.5191583333332801, 79.14627833301673832, -39.54999999999991900 ) ) ;
#2742 = VECTOR ( 'NONE', #2606, 1000.000000000000000 ) ;
#2743 = DIRECTION ( 'NONE',  ( -0.000000000000000000, 0.000000000000000000, 1.000000000000000000 ) ) ;
#2744 = AXIS2_PLACEMENT_3D ( 'NONE', #113, #1566, #2163 ) ;
#2745 = VECTOR ( 'NONE', #2347, 1000.000000000000000 ) ;
#2746 = DIRECTION ( 'NONE',  ( -0.000000000000000000, 1.000000000000000000, 0.000000000000000000 ) ) ;
#2747 = DIRECTION ( 'NONE',  ( -0.000000000000000000, -0.000000000000000000, -1.000000000000000000 ) ) ;
#2748 = DIRECTION ( 'NONE',  ( 1.000000000000000000, 0.000000000000000000, 0.000000000000000000 ) ) ;
#2749 = DIRECTION ( 'NONE',  ( -1.000000000000000000, -0.000000000000000000, 0.000000000000000000 ) ) ;
#2750 = ORIENTED_EDGE ( 'NONE', *, *, #3528, .F. ) ;
#2751 = EDGE_CURVE ( 'NONE', #1024, #2174, #874, .T. ) ;
#2752 = DIRECTION ( 'NONE',  ( 0.000000000000000000, 0.000000000000000000, 1.000000000000000000 ) ) ;
#2753 = DIRECTION ( 'NONE',  ( 0.000000000000000000, 0.000000000000000000, 1.000000000000000000 ) ) ;
#2754 = ORIENTED_EDGE ( 'NONE', *, *, #1261, .T. ) ;
#2755 = VERTEX_POINT ( 'NONE', #2631 ) ;
#2756 = DIRECTION ( 'NONE',  ( 1.000000000000000000, 0.000000000000000000, 0.000000000000000000 ) ) ;
#2757 = CARTESIAN_POINT ( 'NONE',  ( 148.5191583333330243, -35.31283891320750712, -100.0000000000000000 ) ) ;
#2758 = CARTESIAN_POINT ( 'NONE',  ( 44.98968326849026766, 86.65602664556790558, -109.9999999999999858 ) ) ;
#2759 = CARTESIAN_POINT ( 'NONE',  ( 96.33473351621232439, 108.8712984363594813, 10.00000000000000000 ) ) ;
#2760 = ADVANCED_FACE ( 'NONE', ( #3805 ), #2035, .F. ) ;
#2761 = VERTEX_POINT ( 'NONE', #3219 ) ;
#2762 = CARTESIAN_POINT ( 'NONE',  ( -37.50682655186823666, -31.31122166698327547, 4.000000000000000000 ) ) ;
#2763 = DIRECTION ( 'NONE',  ( 0.000000000000000000, 0.000000000000000000, 1.000000000000000000 ) ) ;
#2764 = DIRECTION ( 'NONE',  ( -1.364044408080838895E-16, 1.000000000000000000, -0.000000000000000000 ) ) ;
#2765 = CARTESIAN_POINT ( 'NONE',  ( -37.50682655186823666, -35.31283891320750712, -100.0000000000000000 ) ) ;
#2766 = VERTEX_POINT ( 'NONE', #582 ) ;
#2767 = DIRECTION ( 'NONE',  ( 0.000000000000000000, 0.000000000000000000, 1.000000000000000000 ) ) ;
#2768 = CIRCLE ( 'NONE', #655, 16.99999999999998579 ) ;
#2769 = ORIENTED_EDGE ( 'NONE', *, *, #3245, .F. ) ;
#2770 = ORIENTED_EDGE ( 'NONE', *, *, #3795, .T. ) ;
#2771 = CARTESIAN_POINT ( 'NONE',  ( 95.33783595005027678, 62.22605158997885155, -100.0000000000000000 ) ) ;
#2772 = DIRECTION ( 'NONE',  ( -0.000000000000000000, -0.000000000000000000, -1.000000000000000000 ) ) ;
#2773 = CARTESIAN_POINT ( 'NONE',  ( 0.000000000000000000, -0.001617246224230872720, -100.0000000000000000 ) ) ;
#2774 = CARTESIAN_POINT ( 'NONE',  ( -37.50682655186825798, 117.1166430848785467, 1.464400951196819678 ) ) ;
#2775 = CARTESIAN_POINT ( 'NONE',  ( 41.94864783511080475, 108.6685297929264351, 9.999999999999998224 ) ) ;
#2776 = EDGE_CURVE ( 'NONE', #173, #3350, #3238, .T. ) ;
#2777 = VECTOR ( 'NONE', #1358, 1000.000000000000000 ) ;
#2778 = ORIENTED_EDGE ( 'NONE', *, *, #1587, .T. ) ;
#2779 = LINE ( 'NONE', #170, #2979 ) ;
#2780 = CARTESIAN_POINT ( 'NONE',  ( 88.51915833333325168, 113.3003955792409556, 4.000000000000000000 ) ) ;
#2781 = FACE_OUTER_BOUND ( 'NONE', #437, .T. ) ;
#2782 = VECTOR ( 'NONE', #1516, 1000.000000000000000 ) ;
#2783 = ORIENTED_EDGE ( 'NONE', *, *, #1355, .F. ) ;
#2784 = CARTESIAN_POINT ( 'NONE',  ( 149.9999999999999716, -0.001617246224230872720, -104.0000000000000000 ) ) ;
#2785 = EDGE_CURVE ( 'NONE', #3350, #2766, #2974, .T. ) ;
#2786 = EDGE_CURVE ( 'NONE', #1410, #535, #1799, .T. ) ;
#2787 = EDGE_CURVE ( 'NONE', #2267, #2339, #1048, .T. ) ;
#2788 = VERTEX_POINT ( 'NONE', #3567 ) ;
#2789 = LINE ( 'NONE', #141, #628 ) ;
#2790 = DIRECTION ( 'NONE',  ( -1.000000000000000000, -1.364044408080838895E-16, -0.000000000000000000 ) ) ;
#2791 = ORIENTED_EDGE ( 'NONE', *, *, #379, .F. ) ;
#2792 = ORIENTED_EDGE ( 'NONE', *, *, #1195, .F. ) ;
#2793 = CARTESIAN_POINT ( 'NONE',  ( 105.8271563801267376, 115.6326220611862681, -102.8722855553086930 ) ) ;
#2794 = FACE_BOUND ( 'NONE', #1414, .T. ) ;
#2795 = CARTESIAN_POINT ( 'NONE',  ( -47.50682655186825087, -0.4087216669833005356, -39.54999999999991900 ) ) ;
#2796 = CARTESIAN_POINT ( 'NONE',  ( 101.2290036337967791, 114.5343777032767463, 0.5598011991899013440 ) ) ;
#2797 = FACE_OUTER_BOUND ( 'NONE', #1078, .T. ) ;
#2798 = VERTEX_POINT ( 'NONE', #908 ) ;
#2799 = DIRECTION ( 'NONE',  ( 0.000000000000000000, 0.000000000000000000, -1.000000000000000000 ) ) ;
#2800 = AXIS2_PLACEMENT_3D ( 'NONE', #1247, #2437, #3594 ) ;
#2801 = PERSON_AND_ORGANIZATION ( #831, #1552 ) ;
#2802 = DIRECTION ( 'NONE',  ( 1.000000000000000000, 0.000000000000000000, 0.000000000000000000 ) ) ;
#2803 = AXIS2_PLACEMENT_3D ( 'NONE', #2878, #519, #1326 ) ;
#2804 = ORIENTED_EDGE ( 'NONE', *, *, #3210, .T. ) ;
#2805 = AXIS2_PLACEMENT_3D ( 'NONE', #3392, #1113, #829 ) ;
#2806 = VECTOR ( 'NONE', #2198, 1000.000000000000000 ) ;
#2807 = EDGE_CURVE ( 'NONE', #2249, #2503, #2091, .T. ) ;
#2808 = EDGE_CURVE ( 'NONE', #2393, #1024, #2423, .T. ) ;
#2809 = ORIENTED_EDGE ( 'NONE', *, *, #458, .T. ) ;
#2810 = DIRECTION ( 'NONE',  ( -1.000000000000000000, -1.364044408080838895E-16, 0.000000000000000000 ) ) ;
#2811 = ORIENTED_EDGE ( 'NONE', *, *, #1226, .T. ) ;
#2812 = ORIENTED_EDGE ( 'NONE', *, *, #3792, .F. ) ;
#2813 = CARTESIAN_POINT ( 'NONE',  ( 65.29565270732909710, 96.78576348565299270, -100.0000000000000000 ) ) ;
#2814 = CARTESIAN_POINT ( 'NONE',  ( -37.50682655186825798, 117.2987783330167275, 2.796557670533841744 ) ) ;
#2815 = FACE_OUTER_BOUND ( 'NONE', #554, .T. ) ;
#2816 = DIRECTION ( 'NONE',  ( 0.000000000000000000, -1.000000000000000000, 0.000000000000000000 ) ) ;
#2817 = CARTESIAN_POINT ( 'NONE',  ( -37.50682655186823666, -35.31122166698330034, -106.1137336990882716 ) ) ;
#2818 = ORIENTED_EDGE ( 'NONE', *, *, #1806, .F. ) ;
#2819 = LINE ( 'NONE', #1271, #152 ) ;
#2820 = PERSON_AND_ORGANIZATION_ROLE ( 'classification_officer' ) ;
#2821 = CARTESIAN_POINT ( 'NONE',  ( 95.96765886703991555, 107.5018004183444162, -109.8356721077754941 ) ) ;
#2822 = DIRECTION ( 'NONE',  ( 1.000000000000000000, 0.000000000000000000, 0.000000000000000000 ) ) ;
#2823 = ORIENTED_EDGE ( 'NONE', *, *, #1501, .T. ) ;
#2824 = CARTESIAN_POINT ( 'NONE',  ( 8.099999999999999645, 0.000000000000000000, 10.00000000000000000 ) ) ;
#2825 = LINE ( 'NONE', #1135, #3666 ) ;
#2826 = EDGE_CURVE ( 'NONE', #3188, #3550, #2425, .T. ) ;
#2827 = ORIENTED_EDGE ( 'NONE', *, *, #2185, .T. ) ;
#2828 = EDGE_LOOP ( 'NONE', ( #1945, #2123, #1377, #1617 ) ) ;
#2829 = VERTEX_POINT ( 'NONE', #1316 ) ;
#2830 = DIRECTION ( 'NONE',  ( 0.000000000000000000, 1.000000000000000000, 0.000000000000000000 ) ) ;
#2831 = DIRECTION ( 'NONE',  ( 0.000000000000000000, -1.000000000000000000, 0.000000000000000000 ) ) ;
#2832 = EDGE_CURVE ( 'NONE', #1474, #1909, #1573, .T. ) ;
#2833 = EDGE_CURVE ( 'NONE', #2879, #1776, #392, .T. ) ;
#2834 = ORIENTED_EDGE ( 'NONE', *, *, #658, .T. ) ;
#2835 = CARTESIAN_POINT ( 'NONE',  ( 67.09632921359812485, 99.65614507999580951, -110.0000000000000000 ) ) ;
#2836 = COORDINATED_UNIVERSAL_TIME_OFFSET ( 8, 0, .BEHIND. ) ;
#2837 = CARTESIAN_POINT ( 'NONE',  ( 107.7132324074073892, 115.4410473013431186, 6.000000000000000000 ) ) ;
#2838 = LINE ( 'NONE', #189, #785 ) ;
#2839 = DIRECTION ( 'NONE',  ( 0.000000000000000000, 0.000000000000000000, 1.000000000000000000 ) ) ;
#2840 = FACE_OUTER_BOUND ( 'NONE', #838, .T. ) ;
#2841 = AXIS2_PLACEMENT_3D ( 'NONE', #2773, #1283, #1621 ) ;
#2842 = ORIENTED_EDGE ( 'NONE', *, *, #2570, .F. ) ;
#2843 = CIRCLE ( 'NONE', #3636, 4.000000000000003553 ) ;
#2844 = ORIENTED_EDGE ( 'NONE', *, *, #3322, .T. ) ;
#2845 = ORIENTED_EDGE ( 'NONE', *, *, #3014, .T. ) ;
#2846 = CARTESIAN_POINT ( 'NONE',  ( 168.5500000000000114, 2.271719812418342047E-15, 0.000000000000000000 ) ) ;
#2847 = CARTESIAN_POINT ( 'NONE',  ( 96.14792307640284719, 108.3266360566931183, 10.00000000000000178 ) ) ;
#2848 = ADVANCED_FACE ( 'NONE', ( #3642 ), #678, .T. ) ;
#2849 = EDGE_LOOP ( 'NONE', ( #1204, #376, #1336, #999 ) ) ;
#2850 = CARTESIAN_POINT ( 'NONE',  ( 73.06770814473496500, 98.54513892867989000, 9.819291604373859172 ) ) ;
#2851 = LINE ( 'NONE', #3753, #613 ) ;
#2852 = CARTESIAN_POINT ( 'NONE',  ( 82.34049166666667929, 39.90193437630174600, -106.0000000000000000 ) ) ;
#2853 = CARTESIAN_POINT ( 'NONE',  ( 92.28653933784814001, 39.50009928542720417, 0.000000000000000000 ) ) ;
#2854 = PLANE ( 'NONE',  #604 ) ;
#2855 = CARTESIAN_POINT ( 'NONE',  ( 92.29029187217388142, 48.97755424798398138, -109.9720410509732034 ) ) ;
#2856 = DIRECTION ( 'NONE',  ( -0.000000000000000000, -0.000000000000000000, -1.000000000000000000 ) ) ;
#2857 = AXIS2_PLACEMENT_3D ( 'NONE', #3074, #3615, #633 ) ;
#2858 = VERTEX_POINT ( 'NONE', #1570 ) ;
#2859 = AXIS2_PLACEMENT_3D ( 'NONE', #46, #1223, #1834 ) ;
#2860 = ORIENTED_EDGE ( 'NONE', *, *, #2684, .T. ) ;
#2861 = CIRCLE ( 'NONE', #939, 4.000000000000000000 ) ;
#2862 = ORIENTED_EDGE ( 'NONE', *, *, #3201, .F. ) ;
#2863 = DIRECTION ( 'NONE',  ( 0.000000000000000000, 0.000000000000000000, 1.000000000000000000 ) ) ;
#2864 = FACE_OUTER_BOUND ( 'NONE', #112, .T. ) ;
#2865 = ORIENTED_EDGE ( 'NONE', *, *, #922, .T. ) ;
#2866 = FACE_OUTER_BOUND ( 'NONE', #85, .T. ) ;
#2867 = CYLINDRICAL_SURFACE ( 'NONE', #796, 9.999999999999994671 ) ;
#2868 = CARTESIAN_POINT ( 'NONE',  ( 92.63923350148222369, 43.63938429386419671, 8.603772571739080277 ) ) ;
#2869 = DIRECTION ( 'NONE',  ( 1.000000000000000000, 1.364029953115296624E-16, 0.000000000000000000 ) ) ;
#2870 = EDGE_CURVE ( 'NONE', #3670, #2393, #2861, .T. ) ;
#2871 = EDGE_LOOP ( 'NONE', ( #2981, #1157, #2523, #587 ) ) ;
#2872 = CARTESIAN_POINT ( 'NONE',  ( -37.50682655186823666, -35.31283891320750712, -102.8843180658815442 ) ) ;
#2873 = VECTOR ( 'NONE', #1919, 1000.000000000000000 ) ;
#2874 = VERTEX_POINT ( 'NONE', #1369 ) ;
#2875 = CARTESIAN_POINT ( 'NONE',  ( -37.50682655186825087, -35.31122166698328613, 6.000000000000000000 ) ) ;
#2876 = ORIENTED_EDGE ( 'NONE', *, *, #179, .F. ) ;
#2877 = DIRECTION ( 'NONE',  ( 1.364044408080838895E-16, -1.000000000000000000, 0.000000000000000000 ) ) ;
#2878 = CARTESIAN_POINT ( 'NONE',  ( 188.5191583333332801, 17.30039557924024862, 10.00000000000000000 ) ) ;
#2879 = VERTEX_POINT ( 'NONE', #812 ) ;
#2880 = FACE_OUTER_BOUND ( 'NONE', #164, .T. ) ;
#2881 = CIRCLE ( 'NONE', #3384, 9.999999999999994671 ) ;
#2882 = CARTESIAN_POINT ( 'NONE',  ( 92.13810912713611856, 49.90388622184335077, 10.00000000000000178 ) ) ;
#2883 = DIRECTION ( 'NONE',  ( 0.000000000000000000, 0.000000000000000000, 1.000000000000000000 ) ) ;
#2884 = DIRECTION ( 'NONE',  ( 1.000000000000000000, 0.000000000000000000, 0.000000000000000000 ) ) ;
#2885 = DIRECTION ( 'NONE',  ( 0.000000000000000000, 0.000000000000000000, 1.000000000000000000 ) ) ;
#2886 = FACE_OUTER_BOUND ( 'NONE', #1559, .T. ) ;
#2887 = CARTESIAN_POINT ( 'NONE',  ( 105.7938249999999840, 105.6253648829086700, -110.0000000000000000 ) ) ;
#2888 = ADVANCED_FACE ( 'NONE', ( #2840 ), #1405, .T. ) ;
#2889 = ORIENTED_EDGE ( 'NONE', *, *, #853, .F. ) ;
#2890 = LINE ( 'NONE', #2908, #3225 ) ;
#2891 = CARTESIAN_POINT ( 'NONE',  ( 72.72590493809163092, 42.65304649226271039, 0.000000000000000000 ) ) ;
#2892 = ORIENTED_EDGE ( 'NONE', *, *, #1636, .T. ) ;
#2893 = EDGE_CURVE ( 'NONE', #3726, #1168, #509, .T. ) ;
#2894 = CARTESIAN_POINT ( 'NONE',  ( 99.43292816762982511, 113.3447099357265415, -100.0520680851454074 ) ) ;
#2895 = ADVANCED_FACE ( 'NONE', ( #1115 ), #757, .T. ) ;
#2896 = PRODUCT_DEFINITION_SHAPE ( 'NONE', 'NONE',  #2666 ) ;
#2897 = AXIS2_PLACEMENT_3D ( 'NONE', #3146, #779, #1929 ) ;
#2898 = ORIENTED_EDGE ( 'NONE', *, *, #1982, .T. ) ;
#2899 = ORIENTED_EDGE ( 'NONE', *, *, #2488, .T. ) ;
#2900 = CYLINDRICAL_SURFACE ( 'NONE', #3092, 9.999999999999994671 ) ;
#2901 = DIRECTION ( 'NONE',  ( -0.000000000000000000, -0.000000000000000000, -1.000000000000000000 ) ) ;
#2902 = FACE_OUTER_BOUND ( 'NONE', #1555, .T. ) ;
#2903 = CARTESIAN_POINT ( 'NONE',  ( 92.29930659477125232, 48.98274735570392124, 10.00000000000000178 ) ) ;
#2904 = CARTESIAN_POINT ( 'NONE',  ( 92.34049166666667929, 39.90193437630174600, -100.0000000000000000 ) ) ;
#2905 = DIRECTION ( 'NONE',  ( 6.938893903907228378E-15, 1.000000000000000000, 0.000000000000000000 ) ) ;
#2906 = ORIENTED_EDGE ( 'NONE', *, *, #3601, .T. ) ;
#2907 = CARTESIAN_POINT ( 'NONE',  ( 188.5191583333332801, 79.14627833301673832, -64.44999999999991758 ) ) ;
#2908 = CARTESIAN_POINT ( 'NONE',  ( -37.50682655186824377, 17.30039557924093785, -4.000000000000000000 ) ) ;
#2909 = CARTESIAN_POINT ( 'NONE',  ( -33.50682655186826508, 113.2987783330167417, 10.00000000000000000 ) ) ;
#2910 = AXIS2_PLACEMENT_3D ( 'NONE', #3288, #945, #1225 ) ;
#2911 = CARTESIAN_POINT ( 'NONE',  ( 65.09632921359812485, 97.65614507999578109, -110.0000000000000000 ) ) ;
#2912 = B_SPLINE_CURVE_WITH_KNOTS ( 'NONE', 3,
 ( #2320, #2042, #374, #1475, #2433, #3555, #2600, #187, #2260, #3754, #194, #477, #3107, #2195, #777, #461, #1946, #721, #2549, #1351 ),
 .UNSPECIFIED., .F., .F.,
 ( 4, 2, 2, 2, 2, 2, 2, 2, 2, 4 ),
 ( -2.000000510205105663E-05, 0.0006153689808461253836, 0.001250737966794301980, 0.002521475938690676422, 0.003792213910587050648, 0.005062951882483425307, 0.006333689854379799533, 0.007604427826276174626, 0.008875165798172547985, 0.01014590377006892134 ),
 .UNSPECIFIED. ) ;
#2913 = EDGE_LOOP ( 'NONE', ( #1670, #844, #3564, #1826 ) ) ;
#2914 = CARTESIAN_POINT ( 'NONE',  ( 188.5191583333333085, 2.841278333016739488, -39.54999999999991900 ) ) ;
#2915 = AXIS2_PLACEMENT_3D ( 'NONE', #976, #3055, #107 ) ;
#2916 = CIRCLE ( 'NONE', #2168, 4.000000000000003553 ) ;
#2917 = ADVANCED_FACE ( 'NONE', ( #2265 ), #459, .T. ) ;
#2918 = EDGE_CURVE ( 'NONE', #937, #2169, #1616, .T. ) ;
#2919 = AXIS2_PLACEMENT_3D ( 'NONE', #2170, #3586, #1549 ) ;
#2920 = VECTOR ( 'NONE', #149, 1000.000000000000000 ) ;
#2921 = ORIENTED_EDGE ( 'NONE', *, *, #2328, .F. ) ;
#2922 = AXIS2_PLACEMENT_3D ( 'NONE', #2741, #94, #1254 ) ;
#2923 = AXIS2_PLACEMENT_3D ( 'NONE', #3063, #2131, #2802 ) ;
#2924 = B_SPLINE_CURVE_WITH_KNOTS ( 'NONE', 3,
 ( #2084, #47, #1794, #282 ),
 .UNSPECIFIED., .F., .F.,
 ( 4, 4 ),
 ( 0.01107616038805038505, 0.01111716013302755345 ),
 .UNSPECIFIED. ) ;
#2925 = TOROIDAL_SURFACE ( 'NONE', #1742, 8.000000000000000000, 4.000000000000000000 ) ;
#2926 = ORIENTED_EDGE ( 'NONE', *, *, #1394, .F. ) ;
#2927 = CARTESIAN_POINT ( 'NONE',  ( 34.89893908300448544, 116.8910609166357801, 2.220922082311056478 ) ) ;
#2928 = DIRECTION ( 'NONE',  ( 0.000000000000000000, 0.000000000000000000, 1.000000000000000000 ) ) ;
#2929 = CARTESIAN_POINT ( 'NONE',  ( 150.0000000000000000, 0.000000000000000000, 4.000000000000000000 ) ) ;
#2930 = DIRECTION ( 'NONE',  ( 0.000000000000000000, 0.000000000000000000, 1.000000000000000000 ) ) ;
#2931 = CARTESIAN_POINT ( 'NONE',  ( 39.50758762285217074, 113.9675501891744887, 9.956131731698057763 ) ) ;
#2932 = EDGE_LOOP ( 'NONE', ( #3183, #3229 ) ) ;
#2933 = DIRECTION ( 'NONE',  ( 0.000000000000000000, 0.000000000000000000, 1.000000000000000000 ) ) ;
#2934 = DIRECTION ( 'NONE',  ( 1.000000000000000000, -4.163336342344339393E-15, 0.000000000000000000 ) ) ;
#2935 = EDGE_CURVE ( 'NONE', #201, #1427, #3308, .T. ) ;
#2936 = VERTEX_POINT ( 'NONE', #1349 ) ;
#2937 = CARTESIAN_POINT ( 'NONE',  ( 88.51915833333254113, 113.2987783330167275, -110.0000000000000000 ) ) ;
#2938 = VECTOR ( 'NONE', #2349, 1000.000000000000000 ) ;
#2939 = ORIENTED_EDGE ( 'NONE', *, *, #776, .F. ) ;
#2940 = ORIENTED_EDGE ( 'NONE', *, *, #395, .T. ) ;
#2941 = EDGE_CURVE ( 'NONE', #1536, #825, #1634, .T. ) ;
#2942 = CARTESIAN_POINT ( 'NONE',  ( 98.77599707759580383, 112.7492747118946852, -100.0000000000000000 ) ) ;
#2943 = CARTESIAN_POINT ( 'NONE',  ( 40.04290288631660388, 113.2987783330167275, -100.0000000000000000 ) ) ;
#2944 = PLANE ( 'NONE',  #740 ) ;
#2945 = CARTESIAN_POINT ( 'NONE',  ( 72.72590493809161671, 42.65304649226271039, 0.000000000000000000 ) ) ;
#2946 = FACE_BOUND ( 'NONE', #1823, .T. ) ;
#2947 = ORIENTED_EDGE ( 'NONE', *, *, #3784, .F. ) ;
#2948 = CARTESIAN_POINT ( 'NONE',  ( 149.9999999999999716, -0.001617246224230872720, -100.0000000000000000 ) ) ;
#2949 = CARTESIAN_POINT ( 'NONE',  ( 32.04267949408814076, 117.3003955792409556, 6.000000000000000000 ) ) ;
#2950 = CARTESIAN_POINT ( 'NONE',  ( 99.79382499999999823, 99.65776232622010866, 6.000000000000000000 ) ) ;
#2951 = CARTESIAN_POINT ( 'NONE',  ( 95.79382499999999823, 99.89511804458754796, -106.1511395845502221 ) ) ;
#2952 = VECTOR ( 'NONE', #3077, 1000.000000000000000 ) ;
#2953 = VERTEX_POINT ( 'NONE', #2284 ) ;
#2954 = CARTESIAN_POINT ( 'NONE',  ( 67.09632921359812485, 97.65614507999578109, -110.0000000000000000 ) ) ;
#2955 = ORIENTED_EDGE ( 'NONE', *, *, #2807, .T. ) ;
#2956 = VERTEX_POINT ( 'NONE', #1706 ) ;
#2957 = PLANE ( 'NONE',  #1485 ) ;
#2958 = DIRECTION ( 'NONE',  ( 0.000000000000000000, 0.000000000000000000, 1.000000000000000000 ) ) ;
#2959 = DIRECTION ( 'NONE',  ( 0.000000000000000000, 0.000000000000000000, 1.000000000000000000 ) ) ;
#2960 = DIRECTION ( 'NONE',  ( 0.000000000000000000, 0.000000000000000000, 1.000000000000000000 ) ) ;
#2961 = FACE_OUTER_BOUND ( 'NONE', #3377, .T. ) ;
#2962 = EDGE_CURVE ( 'NONE', #1758, #84, #3057, .T. ) ;
#2963 = EDGE_CURVE ( 'NONE', #1695, #122, #3552, .T. ) ;
#2964 = ORIENTED_EDGE ( 'NONE', *, *, #234, .F. ) ;
#2965 = CARTESIAN_POINT ( 'NONE',  ( -37.50682655186823666, -35.31122166698327902, -102.7965576705332467 ) ) ;
#2966 = CARTESIAN_POINT ( 'NONE',  ( 72.76022554454607416, 43.03800773280323710, -106.8059586102784806 ) ) ;
#2967 = CARTESIAN_POINT ( 'NONE',  ( 72.72567530648224476, 42.65062613056043972, -106.0000000000000142 ) ) ;
#2968 = DIRECTION ( 'NONE',  ( -0.000000000000000000, -0.000000000000000000, -1.000000000000000000 ) ) ;
#2969 = EDGE_LOOP ( 'NONE', ( #3065, #603, #2540, #1764 ) ) ;
#2970 = CARTESIAN_POINT ( 'NONE',  ( 0.000000000000000000, -0.001617246224230872720, -110.0000000000000000 ) ) ;
#2971 = DIRECTION ( 'NONE',  ( 0.000000000000000000, -0.000000000000000000, -1.000000000000000000 ) ) ;
#2972 = ORIENTED_EDGE ( 'NONE', *, *, #3228, .T. ) ;
#2973 = AXIS2_PLACEMENT_3D ( 'NONE', #2412, #2357, #27 ) ;
#2974 = CIRCLE ( 'NONE', #2609, 9.999999999999994671 ) ;
#2975 = AXIS2_PLACEMENT_3D ( 'NONE', #1183, #3203, #837 ) ;
#2976 = EDGE_CURVE ( 'NONE', #2330, #201, #733, .T. ) ;
#2977 = CIRCLE ( 'NONE', #809, 18.55000000000001137 ) ;
#2978 = AXIS2_PLACEMENT_3D ( 'NONE', #1762, #3562, #29 ) ;
#2979 = VECTOR ( 'NONE', #2524, 1000.000000000000000 ) ;
#2980 = ORIENTED_EDGE ( 'NONE', *, *, #2537, .F. ) ;
#2981 = ORIENTED_EDGE ( 'NONE', *, *, #234, .T. ) ;
#2982 = CYLINDRICAL_SURFACE ( 'NONE', #1293, 4.000000000000003553 ) ;
#2983 = CARTESIAN_POINT ( 'NONE',  ( 32.40392079319338592, 117.2954920160076142, 3.771531246431944151 ) ) ;
#2984 = CARTESIAN_POINT ( 'NONE',  ( 72.85440149007710886, 46.43044392481029803, 9.161057764823226535 ) ) ;
#2985 = DIRECTION ( 'NONE',  ( 0.000000000000000000, 0.000000000000000000, 1.000000000000000000 ) ) ;
#2986 = CARTESIAN_POINT ( 'NONE',  ( -47.50682655186825087, -6.480127655408677552E-15, 0.000000000000000000 ) ) ;
#2987 = CIRCLE ( 'NONE', #1615, 9.999999999999994671 ) ;
#2988 = AXIS2_PLACEMENT_3D ( 'NONE', #545, #3804, #2055 ) ;
#2989 = ORIENTED_EDGE ( 'NONE', *, *, #1564, .T. ) ;
#2990 = DIRECTION ( 'NONE',  ( -0.000000000000000000, -0.000000000000000000, -1.000000000000000000 ) ) ;
#2991 = ADVANCED_FACE ( 'NONE', ( #3723 ), #2247, .F. ) ;
#2992 = DIRECTION ( 'NONE',  ( -1.000000000000000000, -1.364044408080838895E-16, -0.000000000000000000 ) ) ;
#2993 = EDGE_LOOP ( 'NONE', ( #3105, #3394, #2178, #1698 ) ) ;
#2994 = CARTESIAN_POINT ( 'NONE',  ( 95.33783595004884148, 62.22605158996825025, -100.0000000000000000 ) ) ;
#2995 = EDGE_CURVE ( 'NONE', #2497, #1755, #1685, .T. ) ;
#2996 = DIRECTION ( 'NONE',  ( -0.000000000000000000, -0.000000000000000000, -1.000000000000000000 ) ) ;
#2997 = EDGE_LOOP ( 'NONE', ( #3361, #12, #3808, #3432 ) ) ;
#2998 = AXIS2_PLACEMENT_3D ( 'NONE', #200, #1360, #1071 ) ;
#2999 = VECTOR ( 'NONE', #1649, 1000.000000000000000 ) ;
#3000 = VERTEX_POINT ( 'NONE', #1960 ) ;
#3001 = CARTESIAN_POINT ( 'NONE',  ( -47.50682655186825798, 117.2987783330167275, 10.00000000000000000 ) ) ;
#3002 = LINE ( 'NONE', #590, #2612 ) ;
#3003 = FACE_OUTER_BOUND ( 'NONE', #1222, .T. ) ;
#3004 = CARTESIAN_POINT ( 'NONE',  ( 72.75012042652699051, 42.91910992230814514, 6.666156760669384340 ) ) ;
#3005 = CARTESIAN_POINT ( 'NONE',  ( 41.94864783511079054, 108.6685297929264777, 0.000000000000000000 ) ) ;
#3006 = DIRECTION ( 'NONE',  ( 0.000000000000000000, -1.000000000000000000, 0.000000000000000000 ) ) ;
#3007 = ORIENTED_EDGE ( 'NONE', *, *, #3619, .T. ) ;
#3008 = DIRECTION ( 'NONE',  ( -1.000000000000000000, 0.000000000000000000, -0.000000000000000000 ) ) ;
#3009 = CARTESIAN_POINT ( 'NONE',  ( 95.79382499999998402, 99.89724379465933168, 6.151461480109420954 ) ) ;
#3010 = EDGE_CURVE ( 'NONE', #973, #1812, #1192, .T. ) ;
#3011 = ORIENTED_EDGE ( 'NONE', *, *, #3482, .T. ) ;
#3012 = CARTESIAN_POINT ( 'NONE',  ( -47.50682655186825798, 117.2987783330167275, 10.00000000000000000 ) ) ;
#3013 = EDGE_CURVE ( 'NONE', #3024, #305, #2225, .T. ) ;
#3014 = EDGE_CURVE ( 'NONE', #420, #3319, #774, .T. ) ;
#3015 = ORIENTED_EDGE ( 'NONE', *, *, #1477, .F. ) ;
#3016 = LINE ( 'NONE', #3650, #253 ) ;
#3017 = AXIS2_PLACEMENT_3D ( 'NONE', #1599, #1020, #3345 ) ;
#3018 = ORIENTED_EDGE ( 'NONE', *, *, #896, .T. ) ;
#3019 = ORIENTED_EDGE ( 'NONE', *, *, #353, .F. ) ;
#3020 = DIRECTION ( 'NONE',  ( -1.364044408080838895E-16, 1.000000000000000000, 0.000000000000000000 ) ) ;
#3021 = DIRECTION ( 'NONE',  ( -1.000000000000000000, -1.364044408080838895E-16, -0.000000000000000000 ) ) ;
#3022 = DIRECTION ( 'NONE',  ( -1.000000000000000000, -1.364044408080838895E-16, -0.000000000000000000 ) ) ;
#3023 = DIRECTION ( 'NONE',  ( -1.000000000000000000, -1.364044408080838895E-16, -0.000000000000000000 ) ) ;
#3024 = VERTEX_POINT ( 'NONE', #3140 ) ;
#3025 = CARTESIAN_POINT ( 'NONE',  ( 8.099999999999999645, -0.001617246224230872720, -110.0000000000000000 ) ) ;
#3026 = CARTESIAN_POINT ( 'NONE',  ( 95.79382500000002665, 104.5704368321079301, 8.839905976944114840 ) ) ;
#3027 = CARTESIAN_POINT ( 'NONE',  ( 188.5191583333332801, 4.687161086792484888, -104.0000000000000000 ) ) ;
#3028 = DIRECTION ( 'NONE',  ( -0.000000000000000000, -0.000000000000000000, -1.000000000000000000 ) ) ;
#3029 = CARTESIAN_POINT ( 'NONE',  ( 92.34049166666667929, 39.90193437630174600, -100.0000000000000000 ) ) ;
#3030 = CARTESIAN_POINT ( 'NONE',  ( 41.94881985874916808, 108.6672844291930886, -100.0000000000000000 ) ) ;
#3031 = ORIENTED_EDGE ( 'NONE', *, *, #915, .T. ) ;
#3032 = AXIS2_PLACEMENT_3D ( 'NONE', #2141, #3021, #670 ) ;
#3033 = EDGE_CURVE ( 'NONE', #1776, #2041, #1320, .T. ) ;
#3034 = ORIENTED_EDGE ( 'NONE', *, *, #663, .F. ) ;
#3035 = FACE_BOUND ( 'NONE', #2535, .T. ) ;
#3036 = DIRECTION ( 'NONE',  ( -1.000000000000000000, 0.000000000000000000, 0.000000000000000000 ) ) ;
#3037 = CARTESIAN_POINT ( 'NONE',  ( -47.50682655186825087, 6.091278333016716395, -64.44999999999991758 ) ) ;
#3038 = LINE ( 'NONE', #3597, #3469 ) ;
#3039 = AXIS2_PLACEMENT_3D ( 'NONE', #2360, #863, #1111 ) ;
#3040 = DIRECTION ( 'NONE',  ( 1.364044408080838895E-16, -1.000000000000000000, 0.000000000000000000 ) ) ;
#3041 = VECTOR ( 'NONE', #1379, 1000.000000000000000 ) ;
#3042 = ORIENTED_EDGE ( 'NONE', *, *, #2488, .F. ) ;
#3043 = CARTESIAN_POINT ( 'NONE',  ( 148.5191583333330243, -31.31283891320750357, -106.0000000000000000 ) ) ;
#3044 = CC_DESIGN_APPROVAL ( #331, ( #2666 ) ) ;
#3045 = DATE_TIME_ROLE ( 'classification_date' ) ;
#3046 = CIRCLE ( 'NONE', #1362, 2.000000000000001776 ) ;
#3047 = CARTESIAN_POINT ( 'NONE',  ( 92.37180957798788938, 40.14092835962121342, -106.5259132997718439 ) ) ;
#3048 = DIRECTION ( 'NONE',  ( 0.000000000000000000, 0.000000000000000000, 1.000000000000000000 ) ) ;
#3049 = CARTESIAN_POINT ( 'NONE',  ( 188.5191583333332801, 75.89627833301673832, -39.54999999999991900 ) ) ;
#3050 = DIRECTION ( 'NONE',  ( 0.000000000000000000, 0.000000000000000000, 1.000000000000000000 ) ) ;
#3051 = ORIENTED_EDGE ( 'NONE', *, *, #2248, .T. ) ;
#3052 = ADVANCED_FACE ( 'NONE', ( #2946, #2030, #2384, #1173, #541 ), #1191, .T. ) ;
#3053 = VERTEX_POINT ( 'NONE', #2363 ) ;
#3054 = VERTEX_POINT ( 'NONE', #885 ) ;
#3055 = DIRECTION ( 'NONE',  ( -0.000000000000000000, 0.000000000000000000, 1.000000000000000000 ) ) ;
#3056 = DIRECTION ( 'NONE',  ( -0.000000000000000000, -0.000000000000000000, -1.000000000000000000 ) ) ;
#3057 = CIRCLE ( 'NONE', #1376, 9.999999999999994671 ) ;
#3058 = CARTESIAN_POINT ( 'NONE',  ( -37.50682655186825087, 116.6684099160239896, 0.1853053045328898196 ) ) ;
#3059 = CARTESIAN_POINT ( 'NONE',  ( -37.50682655186823666, -33.63370400123275772, -1.486393719197476759 ) ) ;
#3060 = ADVANCED_FACE ( 'NONE', ( #2961 ), #521, .T. ) ;
#3061 = ORIENTED_EDGE ( 'NONE', *, *, #3767, .T. ) ;
#3062 = CYLINDRICAL_SURFACE ( 'NONE', #3513, 4.000000000000000000 ) ;
#3063 = CARTESIAN_POINT ( 'NONE',  ( 0.000000000000000000, 0.000000000000000000, 6.000000000000000000 ) ) ;
#3064 = EDGE_CURVE ( 'NONE', #971, #2041, #643, .T. ) ;
#3065 = ORIENTED_EDGE ( 'NONE', *, *, #2594, .F. ) ;
#3066 = CARTESIAN_POINT ( 'NONE',  ( -37.50682655186825798, 99.65614507999580951, -110.0000000000000000 ) ) ;
#3067 = DIRECTION ( 'NONE',  ( -1.000000000000000000, 0.000000000000000000, 0.000000000000000000 ) ) ;
#3068 = ORIENTED_EDGE ( 'NONE', *, *, #64, .T. ) ;
#3069 = AXIS2_PLACEMENT_3D ( 'NONE', #1620, #468, #766 ) ;
#3070 = CARTESIAN_POINT ( 'NONE',  ( 88.51915833333325168, -31.31122166698327547, 0.000000000000000000 ) ) ;
#3071 = ORIENTED_EDGE ( 'NONE', *, *, #2826, .F. ) ;
#3072 = ORIENTED_EDGE ( 'NONE', *, *, #822, .T. ) ;
#3073 = CARTESIAN_POINT ( 'NONE',  ( 107.3384124564245354, 115.5071809083840719, -103.7714873447117583 ) ) ;
#3074 = CARTESIAN_POINT ( 'NONE',  ( 82.34049166666666508, 39.90355162252597410, 10.00000000000000000 ) ) ;
#3075 = CARTESIAN_POINT ( 'NONE',  ( 107.7132324074073892, 115.4410473013431186, 6.000000000000000000 ) ) ;
#3076 = CARTESIAN_POINT ( 'NONE',  ( 41.94881985874926045, 108.6672844291924918, -110.0000000000000000 ) ) ;
#3077 = DIRECTION ( 'NONE',  ( -0.000000000000000000, 1.000000000000000000, -0.000000000000000000 ) ) ;
#3078 = AXIS2_PLACEMENT_3D ( 'NONE', #3561, #3312, #3596 ) ;
#3079 = ORIENTED_EDGE ( 'NONE', *, *, #419, .T. ) ;
#3080 = DIRECTION ( 'NONE',  ( -1.000000000000000000, 0.000000000000000000, 0.000000000000000000 ) ) ;
#3081 = DATE_AND_TIME ( #1272, #996 ) ;
#3082 = CARTESIAN_POINT ( 'NONE',  ( 65.29565270732909710, 96.78576348565299270, 10.00000000000000178 ) ) ;
#3083 = EDGE_CURVE ( 'NONE', #3053, #2385, #3374, .T. ) ;
#3084 = TOROIDAL_SURFACE ( 'NONE', #910, 13.99999999999999467, 4.000000000000000000 ) ;
#3085 = EDGE_CURVE ( 'NONE', #26, #791, #2309, .T. ) ;
#3086 = VERTEX_POINT ( 'NONE', #2659 ) ;
#3087 = TOROIDAL_SURFACE ( 'NONE', #3262, 96.00000000000000000, 4.000000000000000000 ) ;
#3088 = LINE ( 'NONE', #1691, #2235 ) ;
#3089 = ORIENTED_EDGE ( 'NONE', *, *, #1457, .F. ) ;
#3090 = CYLINDRICAL_SURFACE ( 'NONE', #1498, 4.000000000000003553 ) ;
#3091 = VERTEX_POINT ( 'NONE', #3487 ) ;
#3092 = AXIS2_PLACEMENT_3D ( 'NONE', #300, #2656, #263 ) ;
#3093 = VERTEX_POINT ( 'NONE', #345 ) ;
#3094 = DIRECTION ( 'NONE',  ( 1.000000000000000000, 0.000000000000000000, 0.000000000000000000 ) ) ;
#3095 = CARTESIAN_POINT ( 'NONE',  ( 4.099999999999999645, 5.021051876504147385E-16, 6.000000000000000000 ) ) ;
#3096 = CARTESIAN_POINT ( 'NONE',  ( 85.79382499999998402, 99.65614507999586635, -106.0000000000000000 ) ) ;
#3097 = CARTESIAN_POINT ( 'NONE',  ( 99.09535847824518839, 113.0654977586719525, 3.704922111290308105E-15 ) ) ;
#3098 = EDGE_CURVE ( 'NONE', #2730, #1758, #1162, .T. ) ;
#3099 = EDGE_LOOP ( 'NONE', ( #543, #2187, #3417, #860 ) ) ;
#3100 = DIRECTION ( 'NONE',  ( -0.000000000000000000, -0.000000000000000000, -1.000000000000000000 ) ) ;
#3101 = AXIS2_PLACEMENT_3D ( 'NONE', #1816, #918, #669 ) ;
#3102 = CARTESIAN_POINT ( 'NONE',  ( 32.04290288631657546, 117.2987783330167275, -104.0000000000000000 ) ) ;
#3103 = DIRECTION ( 'NONE',  ( -1.000000000000000000, 0.000000000000000000, 0.000000000000000000 ) ) ;
#3104 = CIRCLE ( 'NONE', #508, 4.000000000000003553 ) ;
#3105 = ORIENTED_EDGE ( 'NONE', *, *, #542, .F. ) ;
#3106 = CIRCLE ( 'NONE', #1119, 4.099999999999999645 ) ;
#3107 = CARTESIAN_POINT ( 'NONE',  ( 36.98237940832695614, 116.0025255917449556, -108.9596855565542768 ) ) ;
#3108 = DIRECTION ( 'NONE',  ( -0.000000000000000000, -0.000000000000000000, -1.000000000000000000 ) ) ;
#3109 = VECTOR ( 'NONE', #3008, 1000.000000000000000 ) ;
#3110 = ORIENTED_EDGE ( 'NONE', *, *, #3363, .F. ) ;
#3111 = EDGE_CURVE ( 'NONE', #2432, #3764, #1809, .T. ) ;
#3112 = ORIENTED_EDGE ( 'NONE', *, *, #1370, .T. ) ;
#3113 = EDGE_LOOP ( 'NONE', ( #402, #3788 ) ) ;
#3114 = DIRECTION ( 'NONE',  ( -0.000000000000000000, -0.000000000000000000, -1.000000000000000000 ) ) ;
#3115 = DIRECTION ( 'NONE',  ( 1.000000000000000000, 0.000000000000000000, 0.000000000000000000 ) ) ;
#3116 = CARTESIAN_POINT ( 'NONE',  ( 88.51915833333323747, 17.29877833301672752, -106.0000000000000000 ) ) ;
#3117 = DIRECTION ( 'NONE',  ( -0.000000000000000000, -0.000000000000000000, -1.000000000000000000 ) ) ;
#3118 = ORIENTED_EDGE ( 'NONE', *, *, #1868, .T. ) ;
#3119 = CARTESIAN_POINT ( 'NONE',  ( -47.50682655186825087, -0.4087216669832992588, -64.44999999999991758 ) ) ;
#3120 = APPLICATION_PROTOCOL_DEFINITION ( 'international standard', 'config_control_design', 1994, #1416 ) ;
#3121 = CARTESIAN_POINT ( 'NONE',  ( 101.2276506208021374, 114.5337282533886878, 9.440744438464845345 ) ) ;
#3122 = CARTESIAN_POINT ( 'NONE',  ( 92.32250755706050427, 39.76798934601023205, 10.00000000000000178 ) ) ;
#3123 = CARTESIAN_POINT ( 'NONE',  ( 92.61080253147055430, 42.79700089358937021, 8.226366613214405987 ) ) ;
#3124 = CIRCLE ( 'NONE', #3306, 3.250000000000007994 ) ;
#3125 = DIRECTION ( 'NONE',  ( 0.000000000000000000, 0.000000000000000000, -1.000000000000000000 ) ) ;
#3126 = EDGE_LOOP ( 'NONE', ( #533, #636, #2899, #530 ) ) ;
#3127 = EDGE_CURVE ( 'NONE', #3694, #1185, #3746, .T. ) ;
#3128 = CARTESIAN_POINT ( 'NONE',  ( -33.50682655186826508, 113.3003955792409556, -4.000000000000000000 ) ) ;
#3129 = ORIENTED_EDGE ( 'NONE', *, *, #1829, .T. ) ;
#3130 = ADVANCED_FACE ( 'NONE', ( #136 ), #1882, .T. ) ;
#3131 = ADVANCED_FACE ( 'NONE', ( #2781 ), #3062, .T. ) ;
#3132 = ORIENTED_EDGE ( 'NONE', *, *, #3144, .T. ) ;
#3133 = FACE_OUTER_BOUND ( 'NONE', #2849, .T. ) ;
#3134 = LINE ( 'NONE', #3697, #1735 ) ;
#3135 = ORIENTED_EDGE ( 'NONE', *, *, #3010, .F. ) ;
#3136 = DIRECTION ( 'NONE',  ( -1.000000000000000000, 0.000000000000000000, 0.000000000000000000 ) ) ;
#3137 = CARTESIAN_POINT ( 'NONE',  ( 105.8271563801267519, 115.6342393074104962, 7.127714444691276796 ) ) ;
#3138 = DIRECTION ( 'NONE',  ( -1.364029953115296624E-16, 1.000000000000000000, 0.000000000000000000 ) ) ;
#3139 = CARTESIAN_POINT ( 'NONE',  ( 65.29565270734227056, 96.78576348562569365, -100.0000000000000000 ) ) ;
#3140 = CARTESIAN_POINT ( 'NONE',  ( -37.50682655186823666, 82.39627833301670989, -39.54999999999991900 ) ) ;
#3141 = ORIENTED_EDGE ( 'NONE', *, *, #1514, .F. ) ;
#3142 = CARTESIAN_POINT ( 'NONE',  ( 107.7132324074073892, 115.4410473013431329, 10.00000000000000000 ) ) ;
#3143 = VECTOR ( 'NONE', #3495, 1000.000000000000000 ) ;
#3144 = EDGE_CURVE ( 'NONE', #2403, #2592, #60, .T. ) ;
#3145 = ORIENTED_EDGE ( 'NONE', *, *, #1711, .T. ) ;
#3146 = CARTESIAN_POINT ( 'NONE',  ( 149.9999999999999716, -0.001617246224230872720, -100.0000000000000000 ) ) ;
#3147 = ORIENTED_EDGE ( 'NONE', *, *, #419, .F. ) ;
#3148 = EDGE_CURVE ( 'NONE', #364, #460, #1340, .T. ) ;
#3149 = LINE ( 'NONE', #1019, #3157 ) ;
#3150 = CARTESIAN_POINT ( 'NONE',  ( 132.9999999999999716, -0.001617246224230872720, -104.0000000000000000 ) ) ;
#3151 = CYLINDRICAL_SURFACE ( 'NONE', #2315, 10.00000000000000178 ) ;
#3152 = EDGE_LOOP ( 'NONE', ( #2792, #1211 ) ) ;
#3153 = CARTESIAN_POINT ( 'NONE',  ( 72.13262787867382997, 98.96939436377752486, 9.999999999999996447 ) ) ;
#3154 = CARTESIAN_POINT ( 'NONE',  ( 95.79382499999998402, 105.6253648829086700, -109.2340597755162008 ) ) ;
#3155 = CARTESIAN_POINT ( 'NONE',  ( -47.50682655186825087, 82.39627833301670989, -64.44999999999991758 ) ) ;
#3156 = DIRECTION ( 'NONE',  ( -0.000000000000000000, -0.000000000000000000, -1.000000000000000000 ) ) ;
#3157 = VECTOR ( 'NONE', #3749, 1000.000000000000000 ) ;
#3158 = CIRCLE ( 'NONE', #2293, 16.99999999999998579 ) ;
#3159 = EDGE_LOOP ( 'NONE', ( #1278, #2724 ) ) ;
#3160 = CARTESIAN_POINT ( 'NONE',  ( 75.11321190591361585, 67.80512775325098573, -100.0000000000000000 ) ) ;
#3161 = TOROIDAL_SURFACE ( 'NONE', #3281, 8.000000000000000000, 4.000000000000000000 ) ;
#3162 = CIRCLE ( 'NONE', #450, 4.000000000000003553 ) ;
#3163 = VECTOR ( 'NONE', #184, 1000.000000000000000 ) ;
#3164 = ORIENTED_EDGE ( 'NONE', *, *, #1551, .F. ) ;
#3165 = CARTESIAN_POINT ( 'NONE',  ( 92.34049166666667929, 39.90193437630174600, -110.0000000000000000 ) ) ;
#3166 = AXIS2_PLACEMENT_3D ( 'NONE', #2033, #792, #1097 ) ;
#3167 = AXIS2_PLACEMENT_3D ( 'NONE', #3777, #2014, #3462 ) ;
#3168 = TOROIDAL_SURFACE ( 'NONE', #24, 8.099999999999999645, 4.000000000000000000 ) ;
#3169 = ORIENTED_EDGE ( 'NONE', *, *, #2273, .T. ) ;
#3170 = EDGE_CURVE ( 'NONE', #1983, #3644, #1076, .T. ) ;
#3171 = DIRECTION ( 'NONE',  ( -1.000000000000000000, -1.364044408080838895E-16, 0.000000000000000000 ) ) ;
#3172 = DIRECTION ( 'NONE',  ( 0.000000000000000000, 0.000000000000000000, -1.000000000000000000 ) ) ;
#3173 = VERTEX_POINT ( 'NONE', #1958 ) ;
#3174 = CARTESIAN_POINT ( 'NONE',  ( 75.92009534000057158, 96.35230721429748257, 7.806085347105206296 ) ) ;
#3175 = FACE_OUTER_BOUND ( 'NONE', #3576, .T. ) ;
#3176 = ORIENTED_EDGE ( 'NONE', *, *, #2167, .F. ) ;
#3177 = CARTESIAN_POINT ( 'NONE',  ( 188.5191583333332801, 4.688778333016715649, 6.000000000000000000 ) ) ;
#3178 = CARTESIAN_POINT ( 'NONE',  ( 92.37478758221064368, 40.16442950219131802, 6.551561554971426560 ) ) ;
#3179 = LINE ( 'NONE', #527, #938 ) ;
#3180 = DIRECTION ( 'NONE',  ( 0.000000000000000000, 0.000000000000000000, -1.000000000000000000 ) ) ;
#3181 = EDGE_CURVE ( 'NONE', #3568, #2356, #1218, .T. ) ;
#3182 = EDGE_CURVE ( 'NONE', #1458, #445, #1943, .T. ) ;
#3183 = ORIENTED_EDGE ( 'NONE', *, *, #3817, .F. ) ;
#3184 = DIRECTION ( 'NONE',  ( 0.000000000000000000, -1.000000000000000000, 0.000000000000000000 ) ) ;
#3185 = CC_DESIGN_DATE_AND_TIME_ASSIGNMENT ( #2243, #3665, ( #2666 ) ) ;
#3186 = ORIENTED_EDGE ( 'NONE', *, *, #712, .T. ) ;
#3187 = CARTESIAN_POINT ( 'NONE',  ( 102.3662247970673178, 115.0285400191218201, -101.0416796928716110 ) ) ;
#3188 = VERTEX_POINT ( 'NONE', #3139 ) ;
#3189 = EDGE_CURVE ( 'NONE', #3226, #3582, #2977, .T. ) ;
#3190 = EDGE_LOOP ( 'NONE', ( #775, #2641, #183, #1014 ) ) ;
#3191 = CARTESIAN_POINT ( 'NONE',  ( 40.04267949408816207, 113.3003955792409556, 0.000000000000000000 ) ) ;
#3192 = CARTESIAN_POINT ( 'NONE',  ( 35.60535040391440731, 116.6516765846145205, 1.802976689837058721 ) ) ;
#3193 = CARTESIAN_POINT ( 'NONE',  ( -37.50682655186823666, 6.091278333016717283, -39.54999999999991900 ) ) ;
#3194 = DIRECTION ( 'NONE',  ( 0.000000000000000000, 0.000000000000000000, 1.000000000000000000 ) ) ;
#3195 = CARTESIAN_POINT ( 'NONE',  ( 150.0000000000000000, 0.000000000000000000, 0.000000000000000000 ) ) ;
#3196 = LINE ( 'NONE', #1705, #1497 ) ;
#3197 = CARTESIAN_POINT ( 'NONE',  ( 76.41528239940402045, 95.73851919741373706, -107.1470672272505169 ) ) ;
#3198 = ORIENTED_EDGE ( 'NONE', *, *, #1820, .T. ) ;
#3199 = LINE ( 'NONE', #2034, #2745 ) ;
#3200 = EDGE_CURVE ( 'NONE', #2023, #535, #1244, .T. ) ;
#3201 = EDGE_CURVE ( 'NONE', #2474, #2953, #2296, .T. ) ;
#3202 = ORIENTED_EDGE ( 'NONE', *, *, #3098, .F. ) ;
#3203 = DIRECTION ( 'NONE',  ( 0.000000000000000000, 0.000000000000000000, 1.000000000000000000 ) ) ;
#3204 = B_SPLINE_SURFACE_WITH_KNOTS ( 'NONE', 3, 1, ( 
 ( #3489, #289 ),
 ( #3160, #3821 ),
 ( #2569, #3466 ),
 ( #2331, #817 ) ),
 .UNSPECIFIED., .F., .F., .F.,
 ( 4, 4 ),
 ( 2, 2 ),
 ( 0.03129651617804209834, 0.9014930147893484014 ),
 ( 0.000000000000000000, 1.000000000000000000 ),
 .UNSPECIFIED. ) ;
#3205 = AXIS2_PLACEMENT_3D ( 'NONE', #596, #1423, #1724 ) ;
#3206 = VERTEX_POINT ( 'NONE', #3155 ) ;
#3207 = ORIENTED_EDGE ( 'NONE', *, *, #2520, .T. ) ;
#3208 = CARTESIAN_POINT ( 'NONE',  ( 68.34049166666667929, 39.90193437630174600, -106.0000000000000000 ) ) ;
#3209 = CARTESIAN_POINT ( 'NONE',  ( 88.51915833333323747, -31.31283891320750357, -104.0000000000000000 ) ) ;
#3210 = EDGE_CURVE ( 'NONE', #957, #420, #773, .T. ) ;
#3211 = CARTESIAN_POINT ( 'NONE',  ( 45.32379168923697677, 84.23081905451424234, 0.000000000000000000 ) ) ;
#3212 = CARTESIAN_POINT ( 'NONE',  ( 184.5191583333332801, 17.30039557924027704, 10.00000000000000000 ) ) ;
#3213 = DIRECTION ( 'NONE',  ( 1.364044408080838895E-16, -1.000000000000000000, 0.000000000000000000 ) ) ;
#3214 = VECTOR ( 'NONE', #2450, 1000.000000000000000 ) ;
#3215 = ORIENTED_EDGE ( 'NONE', *, *, #1081, .F. ) ;
#3216 = FACE_OUTER_BOUND ( 'NONE', #2000, .T. ) ;
#3217 = CARTESIAN_POINT ( 'NONE',  ( 41.94864783511079764, 108.6685297929264777, 0.000000000000000000 ) ) ;
#3218 = CIRCLE ( 'NONE', #3711, 4.000000000000000000 ) ;
#3219 = CARTESIAN_POINT ( 'NONE',  ( -8.099999999999999645, -0.001617246224229880892, -110.0000000000000000 ) ) ;
#3220 = VERTEX_POINT ( 'NONE', #1384 ) ;
#3221 = CARTESIAN_POINT ( 'NONE',  ( 106.1991391558898812, 115.6244598636146037, -106.9102571050817829 ) ) ;
#3222 = VECTOR ( 'NONE', #3328, 1000.000000000000000 ) ;
#3223 = DIRECTION ( 'NONE',  ( 1.000000000000000000, 0.000000000000000000, 0.000000000000000000 ) ) ;
#3224 = EDGE_CURVE ( 'NONE', #3220, #2956, #3652, .T. ) ;
#3225 = VECTOR ( 'NONE', #269, 1000.000000000000000 ) ;
#3226 = VERTEX_POINT ( 'NONE', #1684 ) ;
#3227 = CIRCLE ( 'NONE', #2988, 4.000000000000000000 ) ;
#3228 = EDGE_CURVE ( 'NONE', #1507, #3707, #1150, .T. ) ;
#3229 = ORIENTED_EDGE ( 'NONE', *, *, #1658, .F. ) ;
#3230 = CARTESIAN_POINT ( 'NONE',  ( 98.77599707759580383, 112.7508919581189133, 10.00000000000000000 ) ) ;
#3231 = DIRECTION ( 'NONE',  ( -0.000000000000000000, -0.000000000000000000, -1.000000000000000000 ) ) ;
#3232 = DIRECTION ( 'NONE',  ( -0.000000000000000000, 0.000000000000000000, -1.000000000000000000 ) ) ;
#3233 = UNCERTAINTY_MEASURE_WITH_UNIT (LENGTH_MEASURE( 1.000000000000000082E-05 ), #1825, 'distance_accuracy_value', 'NONE');
#3234 = ORIENTED_EDGE ( 'NONE', *, *, #92, .F. ) ;
#3235 = DIRECTION ( 'NONE',  ( 1.000000000000000000, 0.000000000000000000, 0.000000000000000000 ) ) ;
#3236 = LINE ( 'NONE', #561, #2742 ) ;
#3237 = CARTESIAN_POINT ( 'NONE',  ( -37.50682655186825798, 113.3003955792409556, -4.000000000000000000 ) ) ;
#3238 = LINE ( 'NONE', #563, #2550 ) ;
#3239 = EDGE_CURVE ( 'NONE', #1967, #3091, #10, .T. ) ;
#3240 = ORIENTED_EDGE ( 'NONE', *, *, #1098, .T. ) ;
#3241 = CYLINDRICAL_SURFACE ( 'NONE', #2672, 9.999999999999994671 ) ;
#3242 = DIRECTION ( 'NONE',  ( -1.000000000000000000, -1.364044408080838895E-16, -0.000000000000000000 ) ) ;
#3243 = EDGE_LOOP ( 'NONE', ( #2118, #1215, #3515, #37, #2812, #1938, #3373, #3671, #3751, #2635, #2557 ) ) ;
#3244 = EDGE_CURVE ( 'NONE', #2408, #821, #595, .T. ) ;
#3245 = EDGE_CURVE ( 'NONE', #641, #1518, #2231, .T. ) ;
#3246 = EDGE_LOOP ( 'NONE', ( #1871, #1129, #2036 ) ) ;
#3247 = CARTESIAN_POINT ( 'NONE',  ( 92.13845063779938016, 49.90193437630174600, -110.0000000000000000 ) ) ;
#3248 = FACE_OUTER_BOUND ( 'NONE', #1434, .T. ) ;
#3249 = CARTESIAN_POINT ( 'NONE',  ( 39.78699668943449552, 113.6413059854458680, -1.360334913290408711E-15 ) ) ;
#3250 = CARTESIAN_POINT ( 'NONE',  ( 72.80799092641586867, 43.69262544592201181, 7.424482240435117397 ) ) ;
#3251 = CARTESIAN_POINT ( 'NONE',  ( -37.50682655186823666, 79.14627833301670989, -64.44999999999991758 ) ) ;
#3252 = DIRECTION ( 'NONE',  ( -1.000000000000000000, 0.000000000000000000, 0.000000000000000000 ) ) ;
#3253 = CARTESIAN_POINT ( 'NONE',  ( 0.000000000000000000, -0.001617246224230872720, -106.0000000000000000 ) ) ;
#3254 = EDGE_LOOP ( 'NONE', ( #929, #257, #1058, #2972 ) ) ;
#3255 = PLANE ( 'NONE',  #3599 ) ;
#3256 = CARTESIAN_POINT ( 'NONE',  ( 72.64768719054860924, 49.17771731714886840, -109.9999999999999858 ) ) ;
#3257 = FACE_BOUND ( 'NONE', #44, .T. ) ;
#3258 = CARTESIAN_POINT ( 'NONE',  ( -37.50682655186825798, 113.3003955792409556, 6.000000000000000000 ) ) ;
#3259 = EDGE_LOOP ( 'NONE', ( #196, #836, #1051, #3147, #1588, #1107 ) ) ;
#3260 = DIRECTION ( 'NONE',  ( 0.000000000000000000, 0.000000000000000000, -1.000000000000000000 ) ) ;
#3261 = ADVANCED_FACE ( 'NONE', ( #2699 ), #575, .T. ) ;
#3262 = AXIS2_PLACEMENT_3D ( 'NONE', #2261, #2928, #3440 ) ;
#3263 = ORIENTED_EDGE ( 'NONE', *, *, #822, .F. ) ;
#3264 = AXIS2_PLACEMENT_3D ( 'NONE', #148, #88, #1309 ) ;
#3265 = ADVANCED_FACE ( 'NONE', ( #845 ), #3303, .F. ) ;
#3266 = ORIENTED_EDGE ( 'NONE', *, *, #1964, .T. ) ;
#3267 = DIRECTION ( 'NONE',  ( 1.000000000000000000, 0.000000000000000000, 0.000000000000000000 ) ) ;
#3268 = CARTESIAN_POINT ( 'NONE',  ( -37.50682655186823666, 79.14627833301670989, -39.54999999999991900 ) ) ;
#3269 = DIRECTION ( 'NONE',  ( 0.000000000000000000, 0.000000000000000000, 1.000000000000000000 ) ) ;
#3270 = CARTESIAN_POINT ( 'NONE',  ( -37.50682655186825798, 117.3003955792409556, 2.884318065881445126 ) ) ;
#3271 = ADVANCED_FACE ( 'NONE', ( #864 ), #1781, .T. ) ;
#3272 = ORIENTED_EDGE ( 'NONE', *, *, #3556, .F. ) ;
#3273 = CARTESIAN_POINT ( 'NONE',  ( -37.50682655186823666, -35.03105420438472350, -101.1285030482014520 ) ) ;
#3274 = CARTESIAN_POINT ( 'NONE',  ( 95.79382499999998402, 100.8579628863157467, 6.754956725085476954 ) ) ;
#3275 = DIRECTION ( 'NONE',  ( 0.000000000000000000, 0.000000000000000000, -1.000000000000000000 ) ) ;
#3276 = EDGE_CURVE ( 'NONE', #3644, #1575, #2297, .T. ) ;
#3277 = ORIENTED_EDGE ( 'NONE', *, *, #1631, .T. ) ;
#3278 = DIRECTION ( 'NONE',  ( -1.000000000000000000, -1.364044408080838895E-16, -0.000000000000000000 ) ) ;
#3279 = ORIENTED_EDGE ( 'NONE', *, *, #2447, .T. ) ;
#3280 = TOROIDAL_SURFACE ( 'NONE', #3101, 13.99999999999999467, 4.000000000000000000 ) ;
#3281 = AXIS2_PLACEMENT_3D ( 'NONE', #1865, #2407, #1571 ) ;
#3282 = AXIS2_PLACEMENT_3D ( 'NONE', #2602, #828, #2013 ) ;
#3283 = CIRCLE ( 'NONE', #1927, 4.000000000000003553 ) ;
#3284 = AXIS2_PLACEMENT_3D ( 'NONE', #2950, #1178, #327 ) ;
#3285 = ADVANCED_FACE ( 'NONE', ( #2029 ), #335, .T. ) ;
#3286 = EDGE_LOOP ( 'NONE', ( #3514, #2207, #2655, #1242, #689 ) ) ;
#3287 = DIRECTION ( 'NONE',  ( -1.000000000000000000, -1.364044408080838895E-16, 0.000000000000000000 ) ) ;
#3288 = CARTESIAN_POINT ( 'NONE',  ( -37.50682655186825798, 117.2987783330167275, -110.0000000000000000 ) ) ;
#3289 = CARTESIAN_POINT ( 'NONE',  ( 148.5191583333332801, 4.687161086792484888, -100.0000000000000000 ) ) ;
#3290 = AXIS2_PLACEMENT_3D ( 'NONE', #677, #1491, #2112 ) ;
#3291 = CARTESIAN_POINT ( 'NONE',  ( 65.09632921359812485, 97.65614507999578109, 10.00000000000000000 ) ) ;
#3292 = VECTOR ( 'NONE', #751, 1000.000000000000000 ) ;
#3293 = VECTOR ( 'NONE', #3705, 1000.000000000000000 ) ;
#3294 = CIRCLE ( 'NONE', #3416, 16.99999999999998579 ) ;
#3295 = EDGE_LOOP ( 'NONE', ( #2008, #1886, #1317, #2017, #1654 ) ) ;
#3296 = CARTESIAN_POINT ( 'NONE',  ( -47.50682655186825087, 75.89627833301670989, -64.44999999999991758 ) ) ;
#3297 = CARTESIAN_POINT ( 'NONE',  ( 72.54253269553395000, 49.90193437630173179, -110.0000000000000000 ) ) ;
#3298 = FACE_OUTER_BOUND ( 'NONE', #3243, .T. ) ;
#3299 = EDGE_CURVE ( 'NONE', #2798, #1357, #993, .T. ) ;
#3300 = EDGE_CURVE ( 'NONE', #3629, #964, #1050, .T. ) ;
#3301 = VERTEX_POINT ( 'NONE', #1504 ) ;
#3302 = DIRECTION ( 'NONE',  ( -1.000000000000000000, 0.000000000000000000, 0.000000000000000000 ) ) ;
#3303 = B_SPLINE_SURFACE_WITH_KNOTS ( 'NONE', 3, 1, ( 
 ( #2049, #2945 ),
 ( #3519, #555 ),
 ( #284, #3211 ),
 ( #2658, #3005 ) ),
 .UNSPECIFIED., .F., .F., .F.,
 ( 4, 4 ),
 ( 2, 2 ),
 ( 0.03132442653984211095, 0.9015077966001127097 ),
 ( 0.000000000000000000, 1.000000000000000000 ),
 .UNSPECIFIED. ) ;
#3304 = LINE ( 'NONE', #585, #1439 ) ;
#3305 = VERTEX_POINT ( 'NONE', #2101 ) ;
#3306 = AXIS2_PLACEMENT_3D ( 'NONE', #1239, #2431, #3608 ) ;
#3307 = DIRECTION ( 'NONE',  ( 1.000000000000000000, 0.000000000000000000, 0.000000000000000000 ) ) ;
#3308 = CIRCLE ( 'NONE', #407, 8.000000000000000000 ) ;
#3309 = ORIENTED_EDGE ( 'NONE', *, *, #2328, .T. ) ;
#3310 = DIRECTION ( 'NONE',  ( 0.000000000000000000, 0.000000000000000000, 1.000000000000000000 ) ) ;
#3311 = DIRECTION ( 'NONE',  ( 1.000000000000000000, 0.000000000000000000, 0.000000000000000000 ) ) ;
#3312 = DIRECTION ( 'NONE',  ( 0.000000000000000000, 0.000000000000000000, 1.000000000000000000 ) ) ;
#3313 = CARTESIAN_POINT ( 'NONE',  ( 104.6680076766919427, 115.5928523559316119, 2.210566086613019454 ) ) ;
#3314 = CARTESIAN_POINT ( 'NONE',  ( 95.79382499999998402, 99.65614507999580951, -100.0000000000000000 ) ) ;
#3315 = EDGE_CURVE ( 'NONE', #1814, #991, #811, .T. ) ;
#3316 = B_SPLINE_CURVE_WITH_KNOTS ( 'NONE', 3,
 ( #1709, #600, #1121, #1139 ),
 .UNSPECIFIED., .F., .F.,
 ( 4, 4 ),
 ( 0.2473922649482165614, 1.000000000000000000 ),
 .UNSPECIFIED. ) ;
#3317 = ORIENTED_EDGE ( 'NONE', *, *, #3013, .F. ) ;
#3318 = CARTESIAN_POINT ( 'NONE',  ( -37.50682655186823666, -33.21733615800430783, -97.90450000016087984 ) ) ;
#3319 = VERTEX_POINT ( 'NONE', #3814 ) ;
#3320 = EDGE_CURVE ( 'NONE', #1068, #1406, #1299, .T. ) ;
#3321 = DIRECTION ( 'NONE',  ( -0.000000000000000000, 0.000000000000000000, 1.000000000000000000 ) ) ;
#3322 = EDGE_CURVE ( 'NONE', #1357, #1474, #3162, .T. ) ;
#3323 = ORIENTED_EDGE ( 'NONE', *, *, #1674, .F. ) ;
#3324 = ORIENTED_EDGE ( 'NONE', *, *, #1335, .T. ) ;
#3325 = ORIENTED_EDGE ( 'NONE', *, *, #2639, .T. ) ;
#3326 = LINE ( 'NONE', #2677, #3347 ) ;
#3327 = CARTESIAN_POINT ( 'NONE',  ( 68.47425074252969068, 89.65614507999580951, 0.000000000000000000 ) ) ;
#3328 = DIRECTION ( 'NONE',  ( -0.000000000000000000, -0.000000000000000000, -1.000000000000000000 ) ) ;
#3329 = ORIENTED_EDGE ( 'NONE', *, *, #259, .T. ) ;
#3330 = DIRECTION ( 'NONE',  ( 0.000000000000000000, -1.000000000000000000, 0.000000000000000000 ) ) ;
#3331 = CARTESIAN_POINT ( 'NONE',  ( -37.50682655186825798, 117.2987783330167275, -102.9282032302755141 ) ) ;
#3332 = ADVANCED_FACE ( 'NONE', ( #3543 ), #2067, .T. ) ;
#3333 = LINE ( 'NONE', #406, #3475 ) ;
#3334 = B_SPLINE_CURVE_WITH_KNOTS ( 'NONE', 3,
 ( #2689, #2951, #3549, #3823, #1728, #1214, #852, #3507, #1470, #3526 ),
 .UNSPECIFIED., .F., .F.,
 ( 4, 2, 2, 2, 4 ),
 ( -2.000000000000231573E-05, 0.0008282695717835219726, 0.001676539143567046383, 0.003373078287134117104, 0.006766156574268273292 ),
 .UNSPECIFIED. ) ;
#3335 = CARTESIAN_POINT ( 'NONE',  ( 0.000000000000000000, -0.001617246224230872720, -100.0000000000000000 ) ) ;
#3336 = ORIENTED_EDGE ( 'NONE', *, *, #1509, .T. ) ;
#3337 = AXIS2_PLACEMENT_3D ( 'NONE', #396, #2717, #1835 ) ;
#3338 = DIRECTION ( 'NONE',  ( 1.364044408080838895E-16, -1.000000000000000000, 0.000000000000000000 ) ) ;
#3339 = EDGE_CURVE ( 'NONE', #165, #3706, #1612, .T. ) ;
#3340 = ORIENTED_EDGE ( 'NONE', *, *, #1514, .T. ) ;
#3341 = ORIENTED_EDGE ( 'NONE', *, *, #3413, .F. ) ;
#3342 = FACE_OUTER_BOUND ( 'NONE', #667, .T. ) ;
#3343 = CC_DESIGN_PERSON_AND_ORGANIZATION_ASSIGNMENT ( #2801, #471, ( #2121 ) ) ;
#3344 = PLANE ( 'NONE',  #2910 ) ;
#3345 = DIRECTION ( 'NONE',  ( 1.000000000000000000, 0.000000000000000000, 0.000000000000000000 ) ) ;
#3346 = DIRECTION ( 'NONE',  ( -1.000000000000000000, -1.364029953115296624E-16, 0.000000000000000000 ) ) ;
#3347 = VECTOR ( 'NONE', #2064, 1000.000000000000000 ) ;
#3348 = DIRECTION ( 'NONE',  ( 1.000000000000000000, 1.364029953115296624E-16, -0.000000000000000000 ) ) ;
#3349 = CIRCLE ( 'NONE', #80, 3.250000000000002665 ) ;
#3350 = VERTEX_POINT ( 'NONE', #1134 ) ;
#3351 = CARTESIAN_POINT ( 'NONE',  ( -33.50682655186826508, 113.3003955792409556, 4.000000000000000000 ) ) ;
#3352 = PERSON_AND_ORGANIZATION ( #831, #1552 ) ;
#3353 = CIRCLE ( 'NONE', #1613, 4.000000000000000000 ) ;
#3354 = AXIS2_PLACEMENT_3D ( 'NONE', #3624, #969, #2151 ) ;
#3355 = ORIENTED_EDGE ( 'NONE', *, *, #479, .F. ) ;
#3356 = DIRECTION ( 'NONE',  ( 1.224646799147353207E-16, 1.000000000000000000, -0.000000000000000000 ) ) ;
#3357 = ORIENTED_EDGE ( 'NONE', *, *, #3315, .F. ) ;
#3358 = DIRECTION ( 'NONE',  ( 1.000000000000000000, 0.000000000000000000, 0.000000000000000000 ) ) ;
#3359 = CARTESIAN_POINT ( 'NONE',  ( -37.50682655186825798, 117.3003955792409556, 6.000000000000000000 ) ) ;
#3360 = ORIENTED_EDGE ( 'NONE', *, *, #1131, .T. ) ;
#3361 = ORIENTED_EDGE ( 'NONE', *, *, #3767, .F. ) ;
#3362 = CYLINDRICAL_SURFACE ( 'NONE', #684, 4.000000000000003553 ) ;
#3363 = EDGE_CURVE ( 'NONE', #2385, #1909, #3502, .T. ) ;
#3364 = CARTESIAN_POINT ( 'NONE',  ( 41.94864783511079764, 108.6685297929264777, 0.000000000000000000 ) ) ;
#3365 = DIRECTION ( 'NONE',  ( 1.000000000000000000, 2.399700808434582937E-14, 0.000000000000000000 ) ) ;
#3366 = EDGE_CURVE ( 'NONE', #2936, #803, #1548, .T. ) ;
#3367 = CARTESIAN_POINT ( 'NONE',  ( 100.1265044384185785, 113.8775498124156371, 0.1948394999628322855 ) ) ;
#3368 = DIRECTION ( 'NONE',  ( 0.000000000000000000, 0.000000000000000000, -1.000000000000000000 ) ) ;
#3369 = ORIENTED_EDGE ( 'NONE', *, *, #3366, .F. ) ;
#3370 = CARTESIAN_POINT ( 'NONE',  ( -4.099999999999999645, -0.001617246224230872720, -106.0000000000000000 ) ) ;
#3371 = FACE_OUTER_BOUND ( 'NONE', #315, .T. ) ;
#3372 = DIRECTION ( 'NONE',  ( -1.000000000000000000, 0.000000000000000000, 0.000000000000000000 ) ) ;
#3373 = ORIENTED_EDGE ( 'NONE', *, *, #761, .T. ) ;
#3374 = B_SPLINE_CURVE_WITH_KNOTS ( 'NONE', 3,
 ( #576, #3270, #1505, #3563 ),
 .UNSPECIFIED., .F., .F.,
 ( 4, 4 ),
 ( 0.000000000000000000, 0.0001316554931821957105 ),
 .UNSPECIFIED. ) ;
#3375 = ORIENTED_EDGE ( 'NONE', *, *, #1184, .T. ) ;
#3376 = EDGE_CURVE ( 'NONE', #2755, #2174, #2044, .T. ) ;
#3377 = EDGE_LOOP ( 'NONE', ( #3452, #20, #3019, #998 ) ) ;
#3378 = ORIENTED_EDGE ( 'NONE', *, *, #2134, .F. ) ;
#3379 = DIRECTION ( 'NONE',  ( -0.000000000000000000, 0.000000000000000000, 1.000000000000000000 ) ) ;
#3380 = DIRECTION ( 'NONE',  ( 0.000000000000000000, 0.000000000000000000, 1.000000000000000000 ) ) ;
#3381 = FACE_OUTER_BOUND ( 'NONE', #2241, .T. ) ;
#3382 = CARTESIAN_POINT ( 'NONE',  ( 67.09632921359812485, 99.65614507999580951, 10.00000000000000000 ) ) ;
#3383 = EDGE_CURVE ( 'NONE', #2128, #1707, #3038, .T. ) ;
#3384 = AXIS2_PLACEMENT_3D ( 'NONE', #1396, #1968, #499 ) ;
#3385 = ORIENTED_EDGE ( 'NONE', *, *, #2893, .F. ) ;
#3386 = DIRECTION ( 'NONE',  ( 1.000000000000000000, 0.000000000000000000, 0.000000000000000000 ) ) ;
#3387 = DIRECTION ( 'NONE',  ( -1.000000000000000000, 0.000000000000000000, 0.000000000000000000 ) ) ;
#3388 = EDGE_CURVE ( 'NONE', #3220, #1983, #2509, .T. ) ;
#3389 = ORIENTED_EDGE ( 'NONE', *, *, #369, .T. ) ;
#3390 = DIRECTION ( 'NONE',  ( -1.000000000000000000, 0.000000000000000000, -0.000000000000000000 ) ) ;
#3391 = EDGE_CURVE ( 'NONE', #2536, #59, #979, .T. ) ;
#3392 = CARTESIAN_POINT ( 'NONE',  ( 85.79382499999999823, 99.65776232622010866, 10.00000000000000000 ) ) ;
#3393 = ORIENTED_EDGE ( 'NONE', *, *, #1261, .F. ) ;
#3394 = ORIENTED_EDGE ( 'NONE', *, *, #254, .T. ) ;
#3395 = AXIS2_PLACEMENT_3D ( 'NONE', #2158, #692, #1817 ) ;
#3396 = ORIENTED_EDGE ( 'NONE', *, *, #569, .F. ) ;
#3397 = CARTESIAN_POINT ( 'NONE',  ( 68.47425074252969068, 99.65614507999580951, 10.00000000000000000 ) ) ;
#3398 = CARTESIAN_POINT ( 'NONE',  ( 82.34049166666666508, 39.90355162252597410, 6.000000000000000000 ) ) ;
#3399 = CARTESIAN_POINT ( 'NONE',  ( 188.5191583333332801, 17.29877833301601697, -106.0000000000000000 ) ) ;
#3400 = DIRECTION ( 'NONE',  ( 0.000000000000000000, 0.000000000000000000, 1.000000000000000000 ) ) ;
#3401 = EDGE_CURVE ( 'NONE', #1005, #2334, #3591, .T. ) ;
#3402 = ORIENTED_EDGE ( 'NONE', *, *, #1184, .F. ) ;
#3403 = FACE_OUTER_BOUND ( 'NONE', #1126, .T. ) ;
#3404 = CIRCLE ( 'NONE', #2043, 4.000000000000000000 ) ;
#3405 = CARTESIAN_POINT ( 'NONE',  ( 107.5280988504615891, 115.4772552044216383, 6.113184576928765601 ) ) ;
#3406 = CARTESIAN_POINT ( 'NONE',  ( 92.41948859782033310, 48.07341261662575960, 9.891510461850771208 ) ) ;
#3407 = AXIS2_PLACEMENT_3D ( 'NONE', #3289, #2985, #344 ) ;
#3408 = CARTESIAN_POINT ( 'NONE',  ( 188.5191583333332801, 82.39627833301673832, -39.54999999999991900 ) ) ;
#3409 = AXIS2_PLACEMENT_3D ( 'NONE', #2784, #2119, #3302 ) ;
#3410 = AXIS2_PLACEMENT_3D ( 'NONE', #607, #2394, #1146 ) ;
#3411 = ORIENTED_EDGE ( 'NONE', *, *, #2776, .F. ) ;
#3412 = VECTOR ( 'NONE', #115, 1000.000000000000000 ) ;
#3413 = EDGE_CURVE ( 'NONE', #2766, #250, #2365, .T. ) ;
#3414 = ADVANCED_FACE ( 'NONE', ( #3634 ), #69, .T. ) ;
#3415 = VECTOR ( 'NONE', #2001, 1000.000000000000000 ) ;
#3416 = AXIS2_PLACEMENT_3D ( 'NONE', #810, #2603, #3503 ) ;
#3417 = ORIENTED_EDGE ( 'NONE', *, *, #2870, .T. ) ;
#3418 = ORIENTED_EDGE ( 'NONE', *, *, #440, .T. ) ;
#3419 = ORIENTED_EDGE ( 'NONE', *, *, #3572, .T. ) ;
#3420 = DIRECTION ( 'NONE',  ( 1.000000000000000000, 0.000000000000000000, -0.000000000000000000 ) ) ;
#3421 = DIRECTION ( 'NONE',  ( -1.000000000000000000, -1.364044408080838895E-16, -0.000000000000000000 ) ) ;
#3422 = ORIENTED_EDGE ( 'NONE', *, *, #762, .T. ) ;
#3423 = DIRECTION ( 'NONE',  ( -1.000000000000000000, 0.000000000000000000, 0.000000000000000000 ) ) ;
#3424 = DIRECTION ( 'NONE',  ( 1.000000000000000000, 0.000000000000000000, 0.000000000000000000 ) ) ;
#3425 = LINE ( 'NONE', #2259, #323 ) ;
#3426 = DIRECTION ( 'NONE',  ( -1.000000000000000000, 0.000000000000000000, 0.000000000000000000 ) ) ;
#3427 = EDGE_CURVE ( 'NONE', #1291, #2574, #748, .T. ) ;
#3428 = DIRECTION ( 'NONE',  ( 1.000000000000000000, 0.000000000000000000, 0.000000000000000000 ) ) ;
#3429 = DIRECTION ( 'NONE',  ( 1.364029953115296624E-16, -1.000000000000000000, 0.000000000000000000 ) ) ;
#3430 = ORIENTED_EDGE ( 'NONE', *, *, #3083, .T. ) ;
#3431 = EDGE_CURVE ( 'NONE', #1910, #241, #685, .T. ) ;
#3432 = ORIENTED_EDGE ( 'NONE', *, *, #3496, .T. ) ;
#3433 = ORIENTED_EDGE ( 'NONE', *, *, #1203, .T. ) ;
#3434 = LINE ( 'NONE', #2558, #3444 ) ;
#3435 = B_SPLINE_CURVE_WITH_KNOTS ( 'NONE', 3,
 ( #2775, #674, #1090, #3703 ),
 .UNSPECIFIED., .F., .F.,
 ( 4, 4 ),
 ( 0.09849220339988795647, 0.8822800054669935887 ),
 .UNSPECIFIED. ) ;
#3436 = CARTESIAN_POINT ( 'NONE',  ( 188.5191583333332801, 17.30039557924024862, 6.000000000000000000 ) ) ;
#3437 = ORIENTED_EDGE ( 'NONE', *, *, #2785, .T. ) ;
#3438 = CARTESIAN_POINT ( 'NONE',  ( 71.80554805569657617, 99.08495509034636939, 10.00000000000000000 ) ) ;
#3439 = FACE_OUTER_BOUND ( 'NONE', #177, .T. ) ;
#3440 = DIRECTION ( 'NONE',  ( 1.000000000000000000, 0.000000000000000000, 0.000000000000000000 ) ) ;
#3441 = FACE_OUTER_BOUND ( 'NONE', #2993, .T. ) ;
#3442 = CARTESIAN_POINT ( 'NONE',  ( 92.48831036565073305, 41.16954177559836126, 7.335912527539626637 ) ) ;
#3443 = CARTESIAN_POINT ( 'NONE',  ( 95.79382499999998402, 99.65614507999580951, 10.00322257381348834 ) ) ;
#3444 = VECTOR ( 'NONE', #3420, 1000.000000000000000 ) ;
#3445 = VECTOR ( 'NONE', #2142, 1000.000000000000000 ) ;
#3446 = ORIENTED_EDGE ( 'NONE', *, *, #1433, .T. ) ;
#3447 = DIRECTION ( 'NONE',  ( -1.000000000000000000, -1.364044408080838895E-16, -0.000000000000000000 ) ) ;
#3448 = CARTESIAN_POINT ( 'NONE',  ( -37.50682655186823666, -35.31229716506309302, -102.8404296542796317 ) ) ;
#3449 = EDGE_CURVE ( 'NONE', #2637, #1693, #2737, .T. ) ;
#3450 = EDGE_LOOP ( 'NONE', ( #2842, #332, #2462, #3266 ) ) ;
#3451 = CARTESIAN_POINT ( 'NONE',  ( 85.79382499999998402, 99.65614507999586635, -100.0000000000000000 ) ) ;
#3452 = ORIENTED_EDGE ( 'NONE', *, *, #1057, .F. ) ;
#3453 = DIRECTION ( 'NONE',  ( 0.000000000000000000, -1.000000000000000000, 0.000000000000000000 ) ) ;
#3454 = CARTESIAN_POINT ( 'NONE',  ( 131.4499999999999886, 0.000000000000000000, 4.000000000000000000 ) ) ;
#3455 = EDGE_CURVE ( 'NONE', #1296, #3188, #151, .T. ) ;
#3456 = CIRCLE ( 'NONE', #2288, 3.250000000000007550 ) ;
#3457 = VERTEX_POINT ( 'NONE', #1914 ) ;
#3458 = DIRECTION ( 'NONE',  ( 1.364044408080838895E-16, -1.000000000000000000, 0.000000000000000000 ) ) ;
#3459 = EDGE_LOOP ( 'NONE', ( #916, #2727, #1245, #1141 ) ) ;
#3460 = DIRECTION ( 'NONE',  ( 0.000000000000000000, 1.000000000000000000, 0.000000000000000000 ) ) ;
#3461 = DIRECTION ( 'NONE',  ( 1.364029953115296624E-16, -1.000000000000000000, 0.000000000000000000 ) ) ;
#3462 = DIRECTION ( 'NONE',  ( 0.000000000000000000, 0.000000000000000000, -1.000000000000000000 ) ) ;
#3463 = DIRECTION ( 'NONE',  ( 1.000000000000000000, 0.000000000000000000, 0.000000000000000000 ) ) ;
#3464 = CIRCLE ( 'NONE', #444, 35.99999999999997868 ) ;
#3465 = ORIENTED_EDGE ( 'NONE', *, *, #630, .F. ) ;
#3466 = CARTESIAN_POINT ( 'NONE',  ( 45.32491196610946105, 84.22947724642756384, -110.0000000000000000 ) ) ;
#3467 = DIRECTION ( 'NONE',  ( 1.000000000000000000, 0.000000000000000000, 0.000000000000000000 ) ) ;
#3468 = VECTOR ( 'NONE', #3260, 1000.000000000000000 ) ;
#3469 = VECTOR ( 'NONE', #946, 1000.000000000000000 ) ;
#3470 = AXIS2_PLACEMENT_3D ( 'NONE', #2580, #2242, #1381 ) ;
#3471 = EDGE_LOOP ( 'NONE', ( #2694, #3186, #1860, #3279 ) ) ;
#3472 = CARTESIAN_POINT ( 'NONE',  ( 105.0626197261298529, 115.6059282968925430, -102.4356931481682835 ) ) ;
#3473 = CC_DESIGN_SECURITY_CLASSIFICATION ( #2427, ( #510 ) ) ;
#3474 = AXIS2_PLACEMENT_3D ( 'NONE', #1231, #2070, #617 ) ;
#3475 = VECTOR ( 'NONE', #2764, 1000.000000000000000 ) ;
#3476 = EDGE_CURVE ( 'NONE', #706, #2385, #2077, .T. ) ;
#3477 = ORIENTED_EDGE ( 'NONE', *, *, #1012, .F. ) ;
#3478 = DIRECTION ( 'NONE',  ( 0.000000000000000000, -1.000000000000000000, 0.000000000000000000 ) ) ;
#3479 = ADVANCED_FACE ( 'NONE', ( #1660 ), #2219, .F. ) ;
#3480 = EDGE_LOOP ( 'NONE', ( #341, #854, #1363, #3505 ) ) ;
#3481 = DIRECTION ( 'NONE',  ( 1.364044408080838895E-16, -1.000000000000000000, 0.000000000000000000 ) ) ;
#3482 = EDGE_CURVE ( 'NONE', #2503, #1466, #483, .T. ) ;
#3483 = CARTESIAN_POINT ( 'NONE',  ( 106.7737637698490829, 115.5806571750252090, 6.568632980021842371 ) ) ;
#3484 = FACE_BOUND ( 'NONE', #2472, .T. ) ;
#3485 = CARTESIAN_POINT ( 'NONE',  ( 92.13810912713611856, 49.90388622184335077, 10.00000000000000178 ) ) ;
#3486 = CARTESIAN_POINT ( 'NONE',  ( -37.50682655186826508, 117.2987783330167275, -106.0000000000000000 ) ) ;
#3487 = CARTESIAN_POINT ( 'NONE',  ( 72.34049166666669350, 39.90193437630174600, -106.0000000000000000 ) ) ;
#3488 = ORIENTED_EDGE ( 'NONE', *, *, #3239, .T. ) ;
#3489 = CARTESIAN_POINT ( 'NONE',  ( 72.72567530648225897, 42.65062613056041840, -100.0000000000000000 ) ) ;
#3490 = AXIS2_PLACEMENT_3D ( 'NONE', #386, #2073, #309 ) ;
#3491 = PLANE ( 'NONE',  #565 ) ;
#3492 = ORIENTED_EDGE ( 'NONE', *, *, #1163, .T. ) ;
#3493 = CARTESIAN_POINT ( 'NONE',  ( 101.6020969157661256, 114.7136545529102420, -109.2910362549697680 ) ) ;
#3494 = ORIENTED_EDGE ( 'NONE', *, *, #98, .T. ) ;
#3495 = DIRECTION ( 'NONE',  ( -0.000000000000000000, -0.000000000000000000, -1.000000000000000000 ) ) ;
#3496 = EDGE_CURVE ( 'NONE', #3707, #1814, #222, .T. ) ;
#3497 = ORIENTED_EDGE ( 'NONE', *, *, #2918, .T. ) ;
#3498 = CARTESIAN_POINT ( 'NONE',  ( -37.50682655186826508, 113.2987783330167275, -96.00000000000000000 ) ) ;
#3499 = VECTOR ( 'NONE', #3368, 1000.000000000000000 ) ;
#3500 = CARTESIAN_POINT ( 'NONE',  ( 39.50579465499833276, 113.9696116165260804, 0.04417074553474163723 ) ) ;
#3501 = CYLINDRICAL_SURFACE ( 'NONE', #2415, 4.000000000000003553 ) ;
#3502 = LINE ( 'NONE', #1310, #3222 ) ;
#3503 = DIRECTION ( 'NONE',  ( 1.000000000000000000, 0.000000000000000000, 0.000000000000000000 ) ) ;
#3504 = CARTESIAN_POINT ( 'NONE',  ( 76.57153032116433167, 95.52868649786663013, -106.9209322813719041 ) ) ;
#3505 = ORIENTED_EDGE ( 'NONE', *, *, #1412, .T. ) ;
#3506 = CARTESIAN_POINT ( 'NONE',  ( 71.80549463121857912, 99.08464399178393478, -110.0000000000000000 ) ) ;
#3507 = CARTESIAN_POINT ( 'NONE',  ( 95.79382499999996980, 103.5485115634936335, -108.3287361935486643 ) ) ;
#3508 = ADVANCED_FACE ( 'NONE', ( #3732 ), #624, .T. ) ;
#3509 = VECTOR ( 'NONE', #2413, 1000.000000000000000 ) ;
#3510 = ADVANCED_FACE ( 'NONE', ( #2239 ), #1640, .T. ) ;
#3511 = ORIENTED_EDGE ( 'NONE', *, *, #780, .F. ) ;
#3512 = CARTESIAN_POINT ( 'NONE',  ( 98.77599707759577541, 112.7492747118946994, -110.0000000000000000 ) ) ;
#3513 = AXIS2_PLACEMENT_3D ( 'NONE', #1315, #2746, #2763 ) ;
#3514 = ORIENTED_EDGE ( 'NONE', *, *, #705, .F. ) ;
#3515 = ORIENTED_EDGE ( 'NONE', *, *, #2935, .T. ) ;
#3516 = CARTESIAN_POINT ( 'NONE',  ( 99.43292816763002406, 113.3463271819509544, 9.947931914854551749 ) ) ;
#3517 = CARTESIAN_POINT ( 'NONE',  ( 72.64020352781351164, 49.18537025814165986, 9.967788896431017065 ) ) ;
#3518 = CARTESIAN_POINT ( 'NONE',  ( 150.0000000000000000, 0.000000000000000000, 4.000000000000000000 ) ) ;
#3519 = CARTESIAN_POINT ( 'NONE',  ( 75.11134161660466191, 67.80660862228923236, 10.00000000000000178 ) ) ;
#3520 = CARTESIAN_POINT ( 'NONE',  ( 131.4499999999999886, 0.000000000000000000, 10.00000000000000000 ) ) ;
#3521 = CARTESIAN_POINT ( 'NONE',  ( 77.00494241808247864, 94.87893625363416561, -106.2300975430469379 ) ) ;
#3522 = ORIENTED_EDGE ( 'NONE', *, *, #2786, .F. ) ;
#3523 = CARTESIAN_POINT ( 'NONE',  ( -37.50682655186822245, -35.26311958114560952, -102.1219249833209233 ) ) ;
#3524 = DIRECTION ( 'NONE',  ( -0.000000000000000000, -0.000000000000000000, -1.000000000000000000 ) ) ;
#3525 = AXIS2_PLACEMENT_3D ( 'NONE', #1855, #959, #3036 ) ;
#3526 = CARTESIAN_POINT ( 'NONE',  ( 95.79382499999998402, 105.6253648829086700, -109.2340597755162008 ) ) ;
#3527 = VERTEX_POINT ( 'NONE', #2255 ) ;
#3528 = EDGE_CURVE ( 'NONE', #1305, #3024, #3349, .T. ) ;
#3529 = CARTESIAN_POINT ( 'NONE',  ( 99.60617698932531994, 113.4841708307274359, -100.0823110632302928 ) ) ;
#3530 = ADVANCED_FACE ( 'NONE', ( #2277 ), #870, .T. ) ;
#3531 = CIRCLE ( 'NONE', #1863, 8.099999999999999645 ) ;
#3532 = AXIS2_PLACEMENT_3D ( 'NONE', #110, #3346, #2160 ) ;
#3533 = APPROVAL_PERSON_ORGANIZATION ( #1567, #121, #1605 ) ;
#3534 = ORIENTED_EDGE ( 'NONE', *, *, #1501, .F. ) ;
#3535 = AXIS2_PLACEMENT_3D ( 'NONE', #2485, #1009, #3048 ) ;
#3536 = AXIS2_PLACEMENT_3D ( 'NONE', #1366, #1288, #2565 ) ;
#3537 = EDGE_LOOP ( 'NONE', ( #1099, #1610, #70, #1668 ) ) ;
#3538 = LINE ( 'NONE', #1815, #63 ) ;
#3539 = CARTESIAN_POINT ( 'NONE',  ( 188.5191583333332801, 17.30039557924024862, 6.000000000000000000 ) ) ;
#3540 = CARTESIAN_POINT ( 'NONE',  ( -37.50682655186823666, -35.31122166698328613, -110.0000000000000000 ) ) ;
#3541 = CARTESIAN_POINT ( 'NONE',  ( 72.86334438614079545, 45.48190619745655283, 8.649604833892103883 ) ) ;
#3542 = CARTESIAN_POINT ( 'NONE',  ( 95.79382499999998402, 105.6253648829086700, -100.0000000000000000 ) ) ;
#3543 = FACE_OUTER_BOUND ( 'NONE', #2298, .T. ) ;
#3544 = CARTESIAN_POINT ( 'NONE',  ( 37.65225563149891741, 115.5880913785066610, 9.291849594564597581 ) ) ;
#3545 = ORIENTED_EDGE ( 'NONE', *, *, #3245, .T. ) ;
#3546 = CARTESIAN_POINT ( 'NONE',  ( -47.50682655186825798, 117.2987783330167275, -106.0000000000000000 ) ) ;
#3547 = CARTESIAN_POINT ( 'NONE',  ( 72.80802061116600044, 43.69304897348141736, -107.4264029068299209 ) ) ;
#3548 = PLANE ( 'NONE',  #273 ) ;
#3549 = CARTESIAN_POINT ( 'NONE',  ( 95.79382499999996980, 100.1362645746416149, -106.3036544770953498 ) ) ;
#3550 = VERTEX_POINT ( 'NONE', #2596 ) ;
#3551 = DIRECTION ( 'NONE',  ( 0.000000000000000000, 0.000000000000000000, 1.000000000000000000 ) ) ;
#3552 = CIRCLE ( 'NONE', #1506, 100.0000000000000142 ) ;
#3553 = EDGE_CURVE ( 'NONE', #305, #2456, #1356, .T. ) ;
#3554 = ORIENTED_EDGE ( 'NONE', *, *, #3033, .F. ) ;
#3555 = CARTESIAN_POINT ( 'NONE',  ( 33.47987916986958368, 117.2015359963276353, -106.9058229853034589 ) ) ;
#3556 = EDGE_CURVE ( 'NONE', #1755, #2730, #2916, .T. ) ;
#3557 = ORIENTED_EDGE ( 'NONE', *, *, #2976, .F. ) ;
#3558 = EDGE_LOOP ( 'NONE', ( #1753, #923, #2860, #914, #3609 ) ) ;
#3559 = FACE_OUTER_BOUND ( 'NONE', #1565, .T. ) ;
#3560 = CARTESIAN_POINT ( 'NONE',  ( 34.54527836309583932, 116.9889964533162043, 2.435400812384994840 ) ) ;
#3561 = CARTESIAN_POINT ( 'NONE',  ( 82.34049166666667929, 39.90193437630174600, -110.0000000000000000 ) ) ;
#3562 = DIRECTION ( 'NONE',  ( -0.000000000000000000, -0.000000000000000000, -1.000000000000000000 ) ) ;
#3563 = CARTESIAN_POINT ( 'NONE',  ( -37.50682655186825798, 117.2987783330167275, 2.796557670533841744 ) ) ;
#3564 = ORIENTED_EDGE ( 'NONE', *, *, #2918, .F. ) ;
#3565 = FACE_OUTER_BOUND ( 'NONE', #819, .T. ) ;
#3566 = CARTESIAN_POINT ( 'NONE',  ( 188.5191583333332801, 17.29877833301601697, -100.0000000000000000 ) ) ;
#3567 = CARTESIAN_POINT ( 'NONE',  ( -8.099999999999999645, 9.919639073093559228E-16, 10.00000000000000000 ) ) ;
#3568 = VERTEX_POINT ( 'NONE', #1341 ) ;
#3569 = DIRECTION ( 'NONE',  ( 1.000000000000000000, -0.000000000000000000, 0.000000000000000000 ) ) ;
#3570 = CYLINDRICAL_SURFACE ( 'NONE', #258, 4.099999999999999645 ) ;
#3571 = DIRECTION ( 'NONE',  ( -0.000000000000000000, 0.000000000000000000, 1.000000000000000000 ) ) ;
#3572 = EDGE_CURVE ( 'NONE', #2516, #3319, #3104, .T. ) ;
#3573 = TOROIDAL_SURFACE ( 'NONE', #3643, 13.99999999999999467, 4.000000000000000000 ) ;
#3574 = EDGE_LOOP ( 'NONE', ( #1096, #3325, #1454, #126 ) ) ;
#3575 = CARTESIAN_POINT ( 'NONE',  ( 41.94881985874916808, 108.6672844291930886, -100.0000000000000000 ) ) ;
#3576 = EDGE_LOOP ( 'NONE', ( #3369, #3780, #352, #1270 ) ) ;
#3577 = CARTESIAN_POINT ( 'NONE',  ( -37.50682655186823666, 2.841278333016709734, -64.44999999999991758 ) ) ;
#3578 = DIRECTION ( 'NONE',  ( 1.000000000000000000, 0.000000000000000000, -0.000000000000000000 ) ) ;
#3579 = CARTESIAN_POINT ( 'NONE',  ( 148.5191583333329959, -35.31122166698327902, 6.000000000000000000 ) ) ;
#3580 = CARTESIAN_POINT ( 'NONE',  ( 188.5191583333332801, 17.29877833301601697, -100.0000000000000000 ) ) ;
#3581 = FACE_OUTER_BOUND ( 'NONE', #1262, .T. ) ;
#3582 = VERTEX_POINT ( 'NONE', #3454 ) ;
#3583 = DIRECTION ( 'NONE',  ( -1.000000000000000000, 0.000000000000000000, 0.000000000000000000 ) ) ;
#3584 = CARTESIAN_POINT ( 'NONE',  ( 99.79382499999998402, 99.65614507999586635, -110.0000000000000000 ) ) ;
#3585 = ORIENTED_EDGE ( 'NONE', *, *, #1827, .T. ) ;
#3586 = DIRECTION ( 'NONE',  ( 0.000000000000000000, -1.000000000000000000, 0.000000000000000000 ) ) ;
#3587 = CARTESIAN_POINT ( 'NONE',  ( 148.5191583333332801, 4.688778333016715649, 10.00000000000000000 ) ) ;
#3588 = EDGE_LOOP ( 'NONE', ( #2154, #1333, #1833, #3071 ) ) ;
#3589 = AXIS2_PLACEMENT_3D ( 'NONE', #727, #1619, #2756 ) ;
#3590 = LINE ( 'NONE', #2473, #1277 ) ;
#3591 = CIRCLE ( 'NONE', #560, 4.000000000000003553 ) ;
#3592 = AXIS2_PLACEMENT_3D ( 'NONE', #34, #2002, #308 ) ;
#3593 = ORIENTED_EDGE ( 'NONE', *, *, #1128, .T. ) ;
#3594 = DIRECTION ( 'NONE',  ( -1.000000000000000000, 0.000000000000000000, 0.000000000000000000 ) ) ;
#3595 = CARTESIAN_POINT ( 'NONE',  ( -4.099999999999999645, 0.000000000000000000, 0.000000000000000000 ) ) ;
#3596 = DIRECTION ( 'NONE',  ( 1.000000000000000000, 0.000000000000000000, 0.000000000000000000 ) ) ;
#3597 = CARTESIAN_POINT ( 'NONE',  ( 188.5191583333333085, -0.4087216669832684501, -39.54999999999991900 ) ) ;
#3598 = FACE_OUTER_BOUND ( 'NONE', #876, .T. ) ;
#3599 = AXIS2_PLACEMENT_3D ( 'NONE', #1194, #2110, #2053 ) ;
#3600 = AXIS2_PLACEMENT_3D ( 'NONE', #1977, #228, #3758 ) ;
#3601 = EDGE_CURVE ( 'NONE', #2250, #3053, #1234, .T. ) ;
#3602 = EDGE_CURVE ( 'NONE', #122, #1776, #3769, .T. ) ;
#3603 = ORIENTED_EDGE ( 'NONE', *, *, #395, .F. ) ;
#3604 = CARTESIAN_POINT ( 'NONE',  ( -37.50682655186823666, -35.30292575032689228, -102.4581485859062155 ) ) ;
#3605 = DIRECTION ( 'NONE',  ( 1.000000000000000000, 0.000000000000000000, 0.000000000000000000 ) ) ;
#3606 = ORIENTED_EDGE ( 'NONE', *, *, #3210, .F. ) ;
#3607 = CARTESIAN_POINT ( 'NONE',  ( 74.56249185665360812, 77.61419592106568643, -100.0000000000000000 ) ) ;
#3608 = DIRECTION ( 'NONE',  ( 0.000000000000000000, -1.000000000000000000, 0.000000000000000000 ) ) ;
#3609 = ORIENTED_EDGE ( 'NONE', *, *, #3766, .T. ) ;
#3610 = VECTOR ( 'NONE', #2749, 1000.000000000000000 ) ;
#3611 = CYLINDRICAL_SURFACE ( 'NONE', #2897, 18.55000000000001137 ) ;
#3612 = ORIENTED_EDGE ( 'NONE', *, *, #614, .T. ) ;
#3613 = ORIENTED_EDGE ( 'NONE', *, *, #2995, .F. ) ;
#3614 = CARTESIAN_POINT ( 'NONE',  ( -33.50682655186825087, 17.29877833301670975, -96.00000000000000000 ) ) ;
#3615 = DIRECTION ( 'NONE',  ( -0.000000000000000000, -0.000000000000000000, -1.000000000000000000 ) ) ;
#3616 = DIRECTION ( 'NONE',  ( -0.000000000000000000, -0.000000000000000000, -1.000000000000000000 ) ) ;
#3617 = CARTESIAN_POINT ( 'NONE',  ( -37.50682655186825798, 116.3472967366480901, -0.4058385584382678268 ) ) ;
#3618 = CARTESIAN_POINT ( 'NONE',  ( -37.50682655186823666, 2.841278333016708846, -39.54999999999991900 ) ) ;
#3619 = EDGE_CURVE ( 'NONE', #3226, #2356, #3134, .T. ) ;
#3620 = ORIENTED_EDGE ( 'NONE', *, *, #3200, .F. ) ;
#3621 = CARTESIAN_POINT ( 'NONE',  ( -33.50682655186826508, 113.3003955792409556, 10.00000000000000000 ) ) ;
#3622 = CARTESIAN_POINT ( 'NONE',  ( 95.79382499999998402, 102.0689948349514253, 7.492008490383062380 ) ) ;
#3623 = DIRECTION ( 'NONE',  ( 1.000000000000000000, 0.000000000000000000, 0.000000000000000000 ) ) ;
#3624 = CARTESIAN_POINT ( 'NONE',  ( 184.5191583333332801, 17.30039557924027704, 6.000000000000000000 ) ) ;
#3625 = EDGE_CURVE ( 'NONE', #2481, #173, #647, .T. ) ;
#3626 = ORIENTED_EDGE ( 'NONE', *, *, #1437, .T. ) ;
#3627 = FACE_OUTER_BOUND ( 'NONE', #145, .T. ) ;
#3628 = CIRCLE ( 'NONE', #1655, 13.99999999999999822 ) ;
#3629 = VERTEX_POINT ( 'NONE', #3150 ) ;
#3630 = ORIENTED_EDGE ( 'NONE', *, *, #664, .F. ) ;
#3631 = CARTESIAN_POINT ( 'NONE',  ( 82.34049166666666508, 39.90355162252597410, 6.000000000000000000 ) ) ;
#3632 = CYLINDRICAL_SURFACE ( 'NONE', #3032, 3.250000000000002665 ) ;
#3633 = DIRECTION ( 'NONE',  ( 0.000000000000000000, 0.000000000000000000, 1.000000000000000000 ) ) ;
#3634 = FACE_OUTER_BOUND ( 'NONE', #3730, .T. ) ;
#3635 = DIRECTION ( 'NONE',  ( 1.000000000000000000, 0.000000000000000000, 0.000000000000000000 ) ) ;
#3636 = AXIS2_PLACEMENT_3D ( 'NONE', #3810, #1149, #2046 ) ;
#3637 = ORIENTED_EDGE ( 'NONE', *, *, #1757, .F. ) ;
#3638 = CARTESIAN_POINT ( 'NONE',  ( 65.09632921359812485, 97.65614507999578109, -100.0000000000000000 ) ) ;
#3639 = PERSON_AND_ORGANIZATION_ROLE ( 'design_supplier' ) ;
#3640 = DIRECTION ( 'NONE',  ( 1.000000000000000000, 0.000000000000000000, 0.000000000000000000 ) ) ;
#3641 = ADVANCED_FACE ( 'NONE', ( #2864 ), #2079, .F. ) ;
#3642 = FACE_OUTER_BOUND ( 'NONE', #2675, .T. ) ;
#3643 = AXIS2_PLACEMENT_3D ( 'NONE', #2852, #2883, #204 ) ;
#3644 = VERTEX_POINT ( 'NONE', #3575 ) ;
#3645 = CARTESIAN_POINT ( 'NONE',  ( -37.50682655186823666, 79.14627833301670989, -64.44999999999991758 ) ) ;
#3646 = FACE_OUTER_BOUND ( 'NONE', #211, .T. ) ;
#3647 = EDGE_CURVE ( 'NONE', #1729, #730, #2912, .T. ) ;
#3648 = ADVANCED_FACE ( 'NONE', ( #1608 ), #2925, .T. ) ;
#3649 = ORIENTED_EDGE ( 'NONE', *, *, #2684, .F. ) ;
#3650 = CARTESIAN_POINT ( 'NONE',  ( 67.09632921359812485, 99.65614507999580951, -100.0000000000000000 ) ) ;
#3651 = AXIS2_PLACEMENT_3D ( 'NONE', #3744, #1281, #3765 ) ;
#3652 = CIRCLE ( 'NONE', #580, 13.99999999999999822 ) ;
#3653 = ORIENTED_EDGE ( 'NONE', *, *, #1355, .T. ) ;
#3654 = ORIENTED_EDGE ( 'NONE', *, *, #639, .F. ) ;
#3655 = DIRECTION ( 'NONE',  ( 0.000000000000000000, 0.000000000000000000, 1.000000000000000000 ) ) ;
#3656 = FACE_OUTER_BOUND ( 'NONE', #981, .T. ) ;
#3657 = CYLINDRICAL_SURFACE ( 'NONE', #129, 4.000000000000003553 ) ;
#3658 = CARTESIAN_POINT ( 'NONE',  ( -37.50682655186823666, -31.31283891320750357, -106.0000000000000000 ) ) ;
#3659 = LINE ( 'NONE', #2126, #3499 ) ;
#3660 = AXIS2_PLACEMENT_3D ( 'NONE', #1976, #1704, #2839 ) ;
#3661 = VECTOR ( 'NONE', #1022, 1000.000000000000000 ) ;
#3662 = EDGE_LOOP ( 'NONE', ( #1337, #2595, #2889, #3112 ) ) ;
#3663 = CARTESIAN_POINT ( 'NONE',  ( -37.50682655186825798, 117.3003955792409556, 6.000000000000000000 ) ) ;
#3664 = CIRCLE ( 'NONE', #936, 4.099999999999999645 ) ;
#3665 = DATE_TIME_ROLE ( 'creation_date' ) ;
#3666 = VECTOR ( 'NONE', #540, 1000.000000000000000 ) ;
#3667 = AXIS2_PLACEMENT_3D ( 'NONE', #3691, #2767, #1888 ) ;
#3668 = CARTESIAN_POINT ( 'NONE',  ( 92.63891332956301028, 43.61273069800341773, -108.5934679524777664 ) ) ;
#3669 = DIRECTION ( 'NONE',  ( -1.364044408080838895E-16, 1.000000000000000000, 0.000000000000000000 ) ) ;
#3670 = VERTEX_POINT ( 'NONE', #2824 ) ;
#3671 = ORIENTED_EDGE ( 'NONE', *, *, #1104, .T. ) ;
#3672 = CARTESIAN_POINT ( 'NONE',  ( 65.29565270734227056, 96.78576348562569365, 0.000000000000000000 ) ) ;
#3673 = ADVANCED_FACE ( 'NONE', ( #1962 ), #544, .T. ) ;
#3674 = EDGE_LOOP ( 'NONE', ( #78, #2321, #3089, #2406 ) ) ;
#3675 = CIRCLE ( 'NONE', #520, 3.250000000000002665 ) ;
#3676 = EDGE_LOOP ( 'NONE', ( #3626, #3079, #3593, #3240, #1064, #904, #1783, #2179, #446, #1088, #794 ) ) ;
#3677 = CARTESIAN_POINT ( 'NONE',  ( 103.5143701690234650, 115.3702323003149104, -101.6011418428894331 ) ) ;
#3678 = CARTESIAN_POINT ( 'NONE',  ( -37.50682655186825798, 117.2987783330167275, 10.00000000000000000 ) ) ;
#3679 = CARTESIAN_POINT ( 'NONE',  ( 105.7938249999999840, 105.6253648829086700, -100.0000000000000000 ) ) ;
#3680 = CARTESIAN_POINT ( 'NONE',  ( 69.45797043054230357, 71.14584422547721942, -109.9999999999999858 ) ) ;
#3681 = EDGE_CURVE ( 'NONE', #631, #2516, #1749, .T. ) ;
#3682 = CARTESIAN_POINT ( 'NONE',  ( 150.0000000000000000, 0.000000000000000000, 4.000000000000000000 ) ) ;
#3683 = ADVANCED_FACE ( 'NONE', ( #251 ), #3790, .T. ) ;
#3684 = ORIENTED_EDGE ( 'NONE', *, *, #3228, .F. ) ;
#3685 = DIRECTION ( 'NONE',  ( 0.000000000000000000, 0.000000000000000000, 1.000000000000000000 ) ) ;
#3686 = PERSON_AND_ORGANIZATION ( #831, #1552 ) ;
#3687 = CARTESIAN_POINT ( 'NONE',  ( -37.50682655186825798, 117.0507175046058137, -101.2361363780846375 ) ) ;
#3688 = VERTEX_POINT ( 'NONE', #2589 ) ;
#3689 = EDGE_LOOP ( 'NONE', ( #1334, #750, #1324, #3198 ) ) ;
#3690 = AXIS2_PLACEMENT_3D ( 'NONE', #2416, #436, #3635 ) ;
#3691 = CARTESIAN_POINT ( 'NONE',  ( 0.000000000000000000, -0.001617246224230872720, -106.0000000000000000 ) ) ;
#3692 = EDGE_CURVE ( 'NONE', #2621, #2023, #1145, .T. ) ;
#3693 = VERTEX_POINT ( 'NONE', #3802 ) ;
#3694 = VERTEX_POINT ( 'NONE', #3506 ) ;
#3695 = DIRECTION ( 'NONE',  ( 1.000000000000000000, 0.000000000000000000, 0.000000000000000000 ) ) ;
#3696 = DIRECTION ( 'NONE',  ( 1.000000000000000000, 0.000000000000000000, 0.000000000000000000 ) ) ;
#3697 = CARTESIAN_POINT ( 'NONE',  ( 168.5500000000000114, 2.271719812418341653E-15, 10.00000000000000000 ) ) ;
#3698 = ADVANCED_FACE ( 'NONE', ( #2311 ), #3204, .F. ) ;
#3699 = ORIENTED_EDGE ( 'NONE', *, *, #2513, .F. ) ;
#3700 = FACE_OUTER_BOUND ( 'NONE', #1846, .T. ) ;
#3701 = EDGE_CURVE ( 'NONE', #229, #3206, #3236, .T. ) ;
#3702 = DATE_AND_TIME ( #156, #454 ) ;
#3703 = CARTESIAN_POINT ( 'NONE',  ( 72.54232709298197790, 49.90335016984633398, 10.00000000000000000 ) ) ;
#3704 = CARTESIAN_POINT ( 'NONE',  ( 92.28653933784814001, 39.50009928542720417, 10.00000000000000178 ) ) ;
#3705 = DIRECTION ( 'NONE',  ( -1.000000000000000000, -1.364044408080838895E-16, -0.000000000000000000 ) ) ;
#3706 = VERTEX_POINT ( 'NONE', #871 ) ;
#3707 = VERTEX_POINT ( 'NONE', #3740 ) ;
#3708 = CIRCLE ( 'NONE', #858, 39.99999999999997868 ) ;
#3709 = ADVANCED_FACE ( 'NONE', ( #231 ), #2054, .F. ) ;
#3710 = VERTEX_POINT ( 'NONE', #2269 ) ;
#3711 = AXIS2_PLACEMENT_3D ( 'NONE', #28, #343, #1503 ) ;
#3712 = ORIENTED_EDGE ( 'NONE', *, *, #1457, .T. ) ;
#3713 = LINE ( 'NONE', #1053, #2392 ) ;
#3714 = CARTESIAN_POINT ( 'NONE',  ( 82.34049166666667929, 39.90193437630174600, -100.0000000000000000 ) ) ;
#3715 = ORIENTED_EDGE ( 'NONE', *, *, #615, .F. ) ;
#3716 = CARTESIAN_POINT ( 'NONE',  ( 73.35776834454982520, 98.38861850601155368, 9.718642308994722256 ) ) ;
#3717 = DATE_AND_TIME ( #1059, #1678 ) ;
#3718 = CARTESIAN_POINT ( 'NONE',  ( 41.94881985874926045, 108.6672844291924918, -110.0000000000000000 ) ) ;
#3719 = CARTESIAN_POINT ( 'NONE',  ( 65.29565270732909710, 96.78576348565299270, 0.000000000000000000 ) ) ;
#3720 = DIRECTION ( 'NONE',  ( -0.000000000000000000, -0.000000000000000000, -1.000000000000000000 ) ) ;
#3721 = CARTESIAN_POINT ( 'NONE',  ( 41.94881985874926045, 108.6672844291924918, -110.0000000000000000 ) ) ;
#3722 = AXIS2_PLACEMENT_3D ( 'NONE', #2325, #3252, #3269 ) ;
#3723 = FACE_OUTER_BOUND ( 'NONE', #3676, .T. ) ;
#3724 = EDGE_CURVE ( 'NONE', #3350, #3301, #1159, .T. ) ;
#3725 = APPROVAL_PERSON_ORGANIZATION ( #2464, #331, #1900 ) ;
#3726 = VERTEX_POINT ( 'NONE', #579 ) ;
#3727 = AXIS2_PLACEMENT_3D ( 'NONE', #2688, #2370, #3467 ) ;
#3728 = B_SPLINE_CURVE_WITH_KNOTS ( 'NONE', 3,
 ( #3812, #1152, #3517, #574, #901, #2341, #2984, #3541, #862, #1795, #2698, #3250, #48, #1818, #3004, #1761, #593, #301 ),
 .UNSPECIFIED., .F., .F.,
 ( 4, 2, 2, 2, 2, 2, 2, 2, 4 ),
 ( 7.152448122690996019E-18, 0.001081874101394879936, 0.002163748202789752498, 0.004327496405579497191, 0.005409370506974369754, 0.006491244608369242317, 0.007573118709764115747, 0.008114055760461551595, 0.008654992811158987442 ),
 .UNSPECIFIED. ) ;
#3729 = ORIENTED_EDGE ( 'NONE', *, *, #951, .F. ) ;
#3730 = EDGE_LOOP ( 'NONE', ( #42, #3419, #2228 ) ) ;
#3731 = CARTESIAN_POINT ( 'NONE',  ( -37.50682655186823666, -31.31283891320750357, -106.0000000000000000 ) ) ;
#3732 = FACE_OUTER_BOUND ( 'NONE', #898, .T. ) ;
#3733 = ORIENTED_EDGE ( 'NONE', *, *, #233, .F. ) ;
#3734 = CARTESIAN_POINT ( 'NONE',  ( -37.50682655186825798, 117.2987783330167275, 10.00000000000000000 ) ) ;
#3735 = FACE_OUTER_BOUND ( 'NONE', #3190, .T. ) ;
#3736 = DIRECTION ( 'NONE',  ( 0.000000000000000000, 0.000000000000000000, 1.000000000000000000 ) ) ;
#3737 = DIRECTION ( 'NONE',  ( 0.000000000000000000, 1.000000000000000000, 0.000000000000000000 ) ) ;
#3738 = EDGE_CURVE ( 'NONE', #460, #2330, #2214, .T. ) ;
#3739 = ORIENTED_EDGE ( 'NONE', *, *, #2570, .T. ) ;
#3740 = CARTESIAN_POINT ( 'NONE',  ( 188.5191583333332801, 4.687161086792484888, -106.0000000000000000 ) ) ;
#3741 = DIRECTION ( 'NONE',  ( 1.000000000000000000, 0.000000000000000000, 0.000000000000000000 ) ) ;
#3742 = VERTEX_POINT ( 'NONE', #849 ) ;
#3743 = ADVANCED_FACE ( 'NONE', ( #3216 ), #210, .T. ) ;
#3744 = CARTESIAN_POINT ( 'NONE',  ( 32.04267949408813365, 107.3003955792409982, 10.00000000000000000 ) ) ;
#3745 = ADVANCED_FACE ( 'NONE', ( #514 ), #1451, .T. ) ;
#3746 = B_SPLINE_CURVE_WITH_KNOTS ( 'NONE', 3,
 ( #1136, #2344, #2015, #322, #1447, #2327, #1486, #2682, #2643, #2050, #30, #3197, #3504, #1156, #3521, #984 ),
 .UNSPECIFIED., .F., .F.,
 ( 4, 2, 2, 2, 2, 2, 2, 4 ),
 ( 0.000000000000000000, 0.001035439342987671228, 0.002070878685975342456, 0.003106318028963013685, 0.004141757371950684913, 0.006212636057926024767, 0.007248075400913682985, 0.008283514743901343805 ),
 .UNSPECIFIED. ) ;
#3747 = EDGE_CURVE ( 'NONE', #706, #2132, #2890, .T. ) ;
#3748 = EDGE_LOOP ( 'NONE', ( #2818, #1263, #947, #2514 ) ) ;
#3749 = DIRECTION ( 'NONE',  ( -0.000000000000000000, -0.000000000000000000, -1.000000000000000000 ) ) ;
#3750 = CARTESIAN_POINT ( 'NONE',  ( -33.50682655186826508, 117.3003955792409556, -4.000000000000000000 ) ) ;
#3751 = ORIENTED_EDGE ( 'NONE', *, *, #1433, .F. ) ;
#3752 = CARTESIAN_POINT ( 'NONE',  ( 74.89584849784972675, 97.32733877698302649, 8.809967548820550221 ) ) ;
#3753 = CARTESIAN_POINT ( 'NONE',  ( -37.50682655186825798, 117.2987783330167275, -110.0000000000000000 ) ) ;
#3754 = CARTESIAN_POINT ( 'NONE',  ( 35.60557379614284201, 116.6500593383902924, -108.1970233101629333 ) ) ;
#3755 = CARTESIAN_POINT ( 'NONE',  ( -47.50682655186825798, 117.2987783330167275, -110.0000000000000000 ) ) ;
#3756 = CARTESIAN_POINT ( 'NONE',  ( 92.34131640995032342, 39.90807899981473383, 6.099994263315403842 ) ) ;
#3757 = DIRECTION ( 'NONE',  ( 0.000000000000000000, 0.000000000000000000, 1.000000000000000000 ) ) ;
#3758 = DIRECTION ( 'NONE',  ( -1.000000000000000000, 0.000000000000000000, 0.000000000000000000 ) ) ;
#3759 = CIRCLE ( 'NONE', #249, 16.99999999999998579 ) ;
#3760 = EDGE_LOOP ( 'NONE', ( #3263, #3329, #2200, #2487 ) ) ;
#3761 = ADVANCED_FACE ( 'NONE', ( #2646, #2147 ), #1232, .F. ) ;
#3762 = CARTESIAN_POINT ( 'NONE',  ( -37.50682655186823666, -35.31122166698327902, -102.7965576705332467 ) ) ;
#3763 = AXIS2_PLACEMENT_3D ( 'NONE', #2711, #2729, #3307 ) ;
#3764 = VERTEX_POINT ( 'NONE', #2949 ) ;
#3765 = DIRECTION ( 'NONE',  ( 1.000000000000000000, 0.000000000000000000, 0.000000000000000000 ) ) ;
#3766 = EDGE_CURVE ( 'NONE', #703, #3220, #1759, .T. ) ;
#3767 = EDGE_CURVE ( 'NONE', #803, #1814, #307, .T. ) ;
#3768 = ORIENTED_EDGE ( 'NONE', *, *, #586, .F. ) ;
#3769 = LINE ( 'NONE', #3436, #933 ) ;
#3770 = B_SPLINE_CURVE_WITH_KNOTS ( 'NONE', 3,
 ( #1663, #1400, #769, #2622, #262, #2562, #3772, #3174, #1682, #3752, #1073, #1974, #224, #3716, #2850, #826, #3153, #3438 ),
 .UNSPECIFIED., .F., .F.,
 ( 4, 2, 2, 2, 2, 2, 2, 2, 4 ),
 ( -1.414213671495387649E-05, 0.0005023985610837747480, 0.001018939258882503498, 0.002052020654480005667, 0.004118183445675036025, 0.005151264841272539495, 0.006184346236870042965, 0.007217427632467545567, 0.008250509028065049905 ),
 .UNSPECIFIED. ) ;
#3771 = ORIENTED_EDGE ( 'NONE', *, *, #2095, .F. ) ;
#3772 = CARTESIAN_POINT ( 'NONE',  ( 76.41824379864232242, 95.73584668443911028, 7.143390247990796915 ) ) ;
#3773 = CARTESIAN_POINT ( 'NONE',  ( 32.40252123061794975, 117.2987783330167275, -103.7725575062667360 ) ) ;
#3774 = CARTESIAN_POINT ( 'NONE',  ( 82.34049166666666508, 39.90355162252597410, 10.00000000000000000 ) ) ;
#3775 = ORIENTED_EDGE ( 'NONE', *, *, #409, .T. ) ;
#3776 = CARTESIAN_POINT ( 'NONE',  ( 92.34070876603291822, 39.90355162252848231, 6.041674306204860123 ) ) ;
#3777 = CARTESIAN_POINT ( 'NONE',  ( 184.5191583333332801, 17.29877833301601697, -104.0000000000000000 ) ) ;
#3778 = DIRECTION ( 'NONE',  ( 0.000000000000000000, 0.000000000000000000, 1.000000000000000000 ) ) ;
#3779 = TOROIDAL_SURFACE ( 'NONE', #2102, 35.99999999999999289, 4.000000000000000000 ) ;
#3780 = ORIENTED_EDGE ( 'NONE', *, *, #346, .T. ) ;
#3781 = CARTESIAN_POINT ( 'NONE',  ( 95.79382499999998402, 17.30039557924095561, 0.000000000000000000 ) ) ;
#3782 = CARTESIAN_POINT ( 'NONE',  ( -37.50682655186823666, -35.31122166698328613, -110.0000000000000000 ) ) ;
#3783 = VECTOR ( 'NONE', #2747, 1000.000000000000000 ) ;
#3784 = EDGE_CURVE ( 'NONE', #173, #377, #878, .T. ) ;
#3785 = AXIS2_PLACEMENT_3D ( 'NONE', #3116, #1622, #1936 ) ;
#3786 = VECTOR ( 'NONE', #1329, 1000.000000000000000 ) ;
#3787 = CIRCLE ( 'NONE', #3354, 4.000000000000003553 ) ;
#3788 = ORIENTED_EDGE ( 'NONE', *, *, #1513, .F. ) ;
#3789 = CARTESIAN_POINT ( 'NONE',  ( 100.4895050430568091, 114.1132541834098646, -100.3019839262520492 ) ) ;
#3790 = TOROIDAL_SURFACE ( 'NONE', #3166, 13.99999999999999467, 4.000000000000000000 ) ;
#3791 = ORIENTED_EDGE ( 'NONE', *, *, #2639, .F. ) ;
#3792 = EDGE_CURVE ( 'NONE', #2041, #2953, #1177, .T. ) ;
#3793 = ORIENTED_EDGE ( 'NONE', *, *, #3766, .F. ) ;
#3794 = DIRECTION ( 'NONE',  ( 0.000000000000000000, 0.000000000000000000, 1.000000000000000000 ) ) ;
#3795 = EDGE_CURVE ( 'NONE', #2481, #1879, #1746, .T. ) ;
#3796 = CARTESIAN_POINT ( 'NONE',  ( 98.93367678171081536, 112.9062236589544312, 10.00000000000000178 ) ) ;
#3797 = CARTESIAN_POINT ( 'NONE',  ( 65.29565270734227056, 96.78576348562569365, 10.00000000000000000 ) ) ;
#3798 = CYLINDRICAL_SURFACE ( 'NONE', #3167, 4.000000000000003553 ) ;
#3799 = DIRECTION ( 'NONE',  ( 1.000000000000000000, 0.000000000000000000, 0.000000000000000000 ) ) ;
#3800 = B_SPLINE_CURVE_WITH_KNOTS ( 'NONE', 3,
 ( #1228, #2402, #1541, #1878, #111, #90, #1268, #3059, #418, #1580, #921, #1023 ),
 .UNSPECIFIED., .F., .F.,
 ( 4, 2, 2, 2, 2, 4 ),
 ( 0.01276818615666606115, 0.01379756118317317266, 0.01482693620968028592, 0.01688568626269451589, 0.01894443631570874934, 0.02100318636872298278 ),
 .UNSPECIFIED. ) ;
#3801 = ORIENTED_EDGE ( 'NONE', *, *, #987, .T. ) ;
#3802 = CARTESIAN_POINT ( 'NONE',  ( -47.50682655186825087, 6.091278333016716395, -39.54999999999991900 ) ) ;
#3803 = VECTOR ( 'NONE', #1677, 1000.000000000000000 ) ;
#3804 = DIRECTION ( 'NONE',  ( 0.000000000000000000, -1.000000000000000000, 0.000000000000000000 ) ) ;
#3805 = FACE_OUTER_BOUND ( 'NONE', #1371, .T. ) ;
#3806 = ORIENTED_EDGE ( 'NONE', *, *, #2059, .F. ) ;
#3807 = CARTESIAN_POINT ( 'NONE',  ( -33.50682655186826508, 113.2987783330167417, 10.00000000000000000 ) ) ;
#3808 = ORIENTED_EDGE ( 'NONE', *, *, #2389, .T. ) ;
#3809 = ORIENTED_EDGE ( 'NONE', *, *, #1868, .F. ) ;
#3810 = CARTESIAN_POINT ( 'NONE',  ( 68.34049166666666508, 39.90355162252597410, 6.000000000000000000 ) ) ;
#3811 = DIRECTION ( 'NONE',  ( 0.000000000000000000, -1.000000000000000000, 0.000000000000000000 ) ) ;
#3812 = CARTESIAN_POINT ( 'NONE',  ( 72.54232709298197790, 49.90335016984633398, 10.00000000000000000 ) ) ;
#3813 = FACE_BOUND ( 'NONE', #137, .T. ) ;
#3814 = CARTESIAN_POINT ( 'NONE',  ( -37.50682655186825798, 113.2987783330167417, 10.00000000000000000 ) ) ;
#3815 = CARTESIAN_POINT ( 'NONE',  ( 41.94864783511079764, 108.6685297929264493, 0.000000000000000000 ) ) ;
#3816 = CARTESIAN_POINT ( 'NONE',  ( 33.84479125382809883, 117.1433758884147522, 7.133670512516734341 ) ) ;
#3817 = EDGE_CURVE ( 'NONE', #2561, #431, #3664, .T. ) ;
#3818 = EDGE_CURVE ( 'NONE', #1399, #2829, #2115, .T. ) ;
#3819 = ORIENTED_EDGE ( 'NONE', *, *, #3601, .F. ) ;
#3820 = CARTESIAN_POINT ( 'NONE',  ( 0.000000000000000000, 0.000000000000000000, 10.00000000000000000 ) ) ;
#3821 = CARTESIAN_POINT ( 'NONE',  ( 75.11321190591361585, 67.80512775325098573, -110.0000000000000000 ) ) ;
#3822 = CARTESIAN_POINT ( 'NONE',  ( -37.50682655186826508, 117.2987783330167275, 8.343145750507618530 ) ) ;
#3823 = CARTESIAN_POINT ( 'NONE',  ( 95.79382499999996980, 100.6172545993272109, -106.6057909572080860 ) ) ;
#3824 = CIRCLE ( 'NONE', #3078, 13.99999999999999822 ) ;
#3825 = B_SPLINE_CURVE_WITH_KNOTS ( 'NONE', 3,
 ( #3512, #1789, #892, #855, #2651, #2075, #3493, #2038, #1411, #2335, #584, #294, #3221, #567, #2668, #911, #1770, #1714 ),
 .UNSPECIFIED., .F., .F.,
 ( 4, 2, 2, 2, 2, 2, 2, 2, 4 ),
 ( 0.000000000000000000, 0.001326646800591307560, 0.002653293601182615119, 0.003979940401773922679, 0.005306587202365230238, 0.007959880803547899134, 0.009286527604139251796, 0.009949851004434939403, 0.01061317440473062527 ),
 .UNSPECIFIED. ) ;
ENDSEC;
END-ISO-10303-21;
