ISO-10303-21;
HEADER;
FILE_DESCRIPTION (( 'STEP AP203' ),
    '1' );
FILE_NAME ('EDM Spool.STEP',
    '2026-05-30T22:38:08',
    ( '' ),
    ( '' ),
    'SwSTEP 2.0',
    'SolidWorks 2024',
    '' );
FILE_SCHEMA (( 'CONFIG_CONTROL_DESIGN' ));
ENDSEC;

DATA;
#1 = CARTESIAN_POINT ( 'NONE',  ( 16.17415465480658909, 12.05199623057453095, 65.00000000000000000 ) ) ;
#2 = EDGE_CURVE ( 'NONE', #91, #1011, #554, .T. ) ;
#3 = ORIENTED_EDGE ( 'NONE', *, *, #363, .T. ) ;
#4 = FACE_OUTER_BOUND ( 'NONE', #644, .T. ) ;
#5 = CARTESIAN_POINT ( 'NONE',  ( -13.83065348712916709, -14.68219724899632439, 65.00000000000000000 ) ) ;
#6 = VERTEX_POINT ( 'NONE', #332 ) ;
#7 = DIRECTION ( 'NONE',  ( 0.000000000000000000, 0.000000000000000000, 1.000000000000000000 ) ) ;
#8 = CARTESIAN_POINT ( 'NONE',  ( 17.02523718375990214, 10.50000000000000000, 65.00000000000000000 ) ) ;
#9 = VERTEX_POINT ( 'NONE', #254 ) ;
#10 = CARTESIAN_POINT ( 'NONE',  ( 17.83755046227285135, -10.50000000000000000, 64.33192373184493817 ) ) ;
#11 = VECTOR ( 'NONE', #1368, 1000.000000000000000 ) ;
#12 = CARTESIAN_POINT ( 'NONE',  ( 19.77622816461506972, 8.892206051011523726, 63.50000000000000000 ) ) ;
#13 = VERTEX_POINT ( 'NONE', #358 ) ;
#14 = CARTESIAN_POINT ( 'NONE',  ( -18.69737733818282166, 10.50000000000000178, 63.08025187733063177 ) ) ;
#15 = CARTESIAN_POINT ( 'NONE',  ( 7.482887490365853544, -18.73126495317149320, 65.00000000000000000 ) ) ;
#16 = CARTESIAN_POINT ( 'NONE',  ( -17.38836517357281508, -10.50000000000000000, 64.72011859155705338 ) ) ;
#17 = VERTEX_POINT ( 'NONE', #242 ) ;
#18 = PERSON_AND_ORGANIZATION_ROLE ( 'creator' ) ;
#19 = CARTESIAN_POINT ( 'NONE',  ( -8.892206051011136481, 19.77622816461530775, 63.50000000000000000 ) ) ;
#20 = ORIENTED_EDGE ( 'NONE', *, *, #1036, .F. ) ;
#21 = CARTESIAN_POINT ( 'NONE',  ( -17.04150166693364099, 10.49999999999999822, 64.99454510297687193 ) ) ;
#22 = CARTESIAN_POINT ( 'NONE',  ( -20.16900937710007824, 0.2548581683976627321, 65.00000000000000000 ) ) ;
#23 = DIRECTION ( 'NONE',  ( 0.000000000000000000, -1.000000000000000000, 0.000000000000000000 ) ) ;
#24 = CARTESIAN_POINT ( 'NONE',  ( 18.76166303929371182, -10.50000000000000000, 63.50000000000000000 ) ) ;
#25 = EDGE_CURVE ( 'NONE', #17, #1178, #772, .T. ) ;
#26 = PERSON_AND_ORGANIZATION ( #679, #1039 ) ;
#27 = CARTESIAN_POINT ( 'NONE',  ( 7.696165843115570837, 20.27164423986949515, 63.50000000000000000 ) ) ;
#28 = ORIENTED_EDGE ( 'NONE', *, *, #313, .T. ) ;
#29 = CARTESIAN_POINT ( 'NONE',  ( -17.02154692473969178, 10.50000000000000000, 65.00000000000000000 ) ) ;
#30 = CARTESIAN_POINT ( 'NONE',  ( -3.133416638032315404, -21.45582040018580727, 65.00000000000000000 ) ) ;
#31 = CARTESIAN_POINT ( 'NONE',  ( -56.90500000000000114, 10.50000000000000000, 65.00000000000000000 ) ) ;
#32 = CARTESIAN_POINT ( 'NONE',  ( 2.318460255233666611, -21.45558812675999150, 63.50000000000001421 ) ) ;
#33 = CARTESIAN_POINT ( 'NONE',  ( 16.82116757606753055, 13.68279394898734935, 65.00000000000000000 ) ) ;
#34 = ORIENTED_EDGE ( 'NONE', *, *, #244, .F. ) ;
#35 = CARTESIAN_POINT ( 'NONE',  ( -3.382659756820323160, -19.73047451072035585, 65.00000000000000000 ) ) ;
#36 = CARTESIAN_POINT ( 'NONE',  ( -11.10568649364870097, -18.62348668690615128, 65.00000000000000000 ) ) ;
#37 = LINE ( 'NONE', #994, #1117 ) ;
#38 = CARTESIAN_POINT ( 'NONE',  ( 17.85225158202569418, -12.12495910394437360, 63.49999999999998579 ) ) ;
#39 = CARTESIAN_POINT ( 'NONE',  ( 20.77691098921355817, 6.204071132644303432, 65.00000000000000000 ) ) ;
#40 = ORIENTED_EDGE ( 'NONE', *, *, #363, .F. ) ;
#41 = CARTESIAN_POINT ( 'NONE',  ( -24.12000000000000099, 2.953848079543416396E-15, 0.000000000000000000 ) ) ;
#42 = FACE_OUTER_BOUND ( 'NONE', #1110, .T. ) ;
#43 = CARTESIAN_POINT ( 'NONE',  ( 18.76166303929371182, -10.50000000000000000, 63.20208152802354817 ) ) ;
#44 = EDGE_CURVE ( 'NONE', #1285, #543, #1297, .T. ) ;
#45 = CARTESIAN_POINT ( 'NONE',  ( -15.06240593078521783, 13.26732464928235622, 65.00000000000002842 ) ) ;
#46 = ORIENTED_EDGE ( 'NONE', *, *, #376, .F. ) ;
#47 = CARTESIAN_POINT ( 'NONE',  ( -18.45857341420944309, -11.02831822599191725, 63.50000000000000000 ) ) ;
#48 = CARTESIAN_POINT ( 'NONE',  ( 12.95589594785791832, -17.38721625392465242, 65.00000000000000000 ) ) ;
#49 = FACE_OUTER_BOUND ( 'NONE', #418, .T. ) ;
#50 = CARTESIAN_POINT ( 'NONE',  ( 1.900193392103102008, 21.50000000000000000, 63.49999999999998579 ) ) ;
#51 = ORIENTED_EDGE ( 'NONE', *, *, #786, .F. ) ;
#52 = CARTESIAN_POINT ( 'NONE',  ( -24.12000000000000099, 2.953848079543416396E-15, -5.000000000000000000 ) ) ;
#53 = CARTESIAN_POINT ( 'NONE',  ( 11.10568649364791050, 18.62348668690682985, 63.50000000000000000 ) ) ;
#54 = CARTESIAN_POINT ( 'NONE',  ( 14.68219724899975276, -13.83065348712442244, 65.00000000000000000 ) ) ;
#55 = APPROVAL_STATUS ( 'not_yet_approved' ) ;
#56 = CARTESIAN_POINT ( 'NONE',  ( 0.000000000000000000, 0.000000000000000000, -10.00000000000000000 ) ) ;
#57 = VECTOR ( 'NONE', #616, 1000.000000000000000 ) ;
#58 = CARTESIAN_POINT ( 'NONE',  ( -8.261756348248617599, 18.29288883925758569, 65.00000000000000000 ) ) ;
#59 = ORIENTED_EDGE ( 'NONE', *, *, #663, .T. ) ;
#60 = CARTESIAN_POINT ( 'NONE',  ( -20.00000000000000000, 0.000000000000000000, 0.000000000000000000 ) ) ;
#61 = APPROVAL ( #55, 'UNSPECIFIED' ) ;
#62 = CARTESIAN_POINT ( 'NONE',  ( -21.45582040018864234, 3.133416638020147804, 63.50000000000000000 ) ) ;
#63 = CARTESIAN_POINT ( 'NONE',  ( 0.000000000000000000, 0.000000000000000000, 62.00000000000000000 ) ) ;
#64 = EDGE_CURVE ( 'NONE', #1079, #9, #615, .T. ) ;
#65 = CARTESIAN_POINT ( 'NONE',  ( 15.00992961543272841, 13.22342092975017458, 65.00000000000000000 ) ) ;
#66 = ORIENTED_EDGE ( 'NONE', *, *, #389, .F. ) ;
#67 = CARTESIAN_POINT ( 'NONE',  ( -8.400000000000000355, 1.028703311283776586E-15, -10.00000000000000000 ) ) ;
#68 = CARTESIAN_POINT ( 'NONE',  ( 17.38721625392060943, 12.95589594786768650, 63.50000000000000000 ) ) ;
#69 = CARTESIAN_POINT ( 'NONE',  ( 18.39649131592129905, 8.271819582335307786, 65.00000000000000000 ) ) ;
#70 = CARTESIAN_POINT ( 'NONE',  ( -60.00000000000000000, 7.347880794884118356E-15, -10.00000000000000000 ) ) ;
#71 = CARTESIAN_POINT ( 'NONE',  ( -1.697741411962520486, 19.94605318742645395, 65.00000000000000000 ) ) ;
#72 = LINE ( 'NONE', #185, #1351 ) ;
#73 = CARTESIAN_POINT ( 'NONE',  ( 18.76166303929371892, 10.49999999999999822, 63.50000000000000000 ) ) ;
#74 = CARTESIAN_POINT ( 'NONE',  ( -5.771228960600112146, 19.32735905973109070, 65.00000000000000000 ) ) ;
#75 = AXIS2_PLACEMENT_3D ( 'NONE', #617, #84, #935 ) ;
#76 = CARTESIAN_POINT ( 'NONE',  ( 17.02151916779111218, -10.50000000000000000, 65.00000000000000000 ) ) ;
#77 = DIRECTION ( 'NONE',  ( 1.000000000000000000, 0.000000000000000000, 0.000000000000000000 ) ) ;
#78 = LINE ( 'NONE', #486, #507 ) ;
#79 = EDGE_LOOP ( 'NONE', ( #961, #819, #455 ) ) ;
#80 = CARTESIAN_POINT ( 'NONE',  ( 21.45582040018660663, -3.133416638027344714, 63.50000000000000000 ) ) ;
#81 = CARTESIAN_POINT ( 'NONE',  ( -8.271819582337167631, 18.39649131592435793, 65.00000000000000000 ) ) ;
#82 = DIRECTION ( 'NONE',  ( 0.000000000000000000, -0.000000000000000000, -1.000000000000000000 ) ) ;
#83 = ADVANCED_FACE ( 'NONE', ( #980 ), #147, .T. ) ;
#84 = DIRECTION ( 'NONE',  ( -0.000000000000000000, 0.000000000000000000, 1.000000000000000000 ) ) ;
#85 = EDGE_CURVE ( 'NONE', #262, #747, #189, .T. ) ;
#86 = CARTESIAN_POINT ( 'NONE',  ( -18.85734347894914009, 7.159224040108258968, 65.00000000000000000 ) ) ;
#87 = CARTESIAN_POINT ( 'NONE',  ( 0.000000000000000000, 0.000000000000000000, -10.00000000000000000 ) ) ;
#88 = AXIS2_PLACEMENT_3D ( 'NONE', #1223, #919, #1122 ) ;
#89 = CC_DESIGN_SECURITY_CLASSIFICATION ( #250, ( #634 ) ) ;
#90 = CARTESIAN_POINT ( 'NONE',  ( 18.56099967117104299, 10.50000000000000178, 62.78948180241941657 ) ) ;
#91 = VERTEX_POINT ( 'NONE', #437 ) ;
#92 = DIRECTION ( 'NONE',  ( 1.000000000000000000, 0.000000000000000000, 0.000000000000000000 ) ) ;
#93 = CARTESIAN_POINT ( 'NONE',  ( 9.585631519744326923, 17.74738178738576977, 65.00000000000000000 ) ) ;
#94 = B_SPLINE_CURVE_WITH_KNOTS ( 'NONE', 3,
 ( #1306, #247, #573, #566, #1289, #138, #130, #1083, #1180, #16, #777, #650 ),
 .UNSPECIFIED., .F., .F.,
 ( 4, 1, 1, 1, 1, 2, 2, 4 ),
 ( 0.000000000000000000, 0.2500000000000128786, 0.3750000000000176525, 0.4375000000000159317, 0.4687500000000160982, 0.4843750000000138223, 0.5000000000000115463, 1.000000000000000000 ),
 .UNSPECIFIED. ) ;
#95 = ORIENTED_EDGE ( 'NONE', *, *, #1135, .F. ) ;
#96 = CARTESIAN_POINT ( 'NONE',  ( -10.30455388372362613, -19.07843542143892890, 63.50000000000000000 ) ) ;
#97 = CARTESIAN_POINT ( 'NONE',  ( 0.2548581683976614554, 20.16900937709554142, 65.00000000000000000 ) ) ;
#98 = ORIENTED_EDGE ( 'NONE', *, *, #886, .T. ) ;
#99 = VECTOR ( 'NONE', #320, 1000.000000000000000 ) ;
#100 = DIRECTION ( 'NONE',  ( 1.000000000000000000, 0.000000000000000000, 0.000000000000000000 ) ) ;
#101 = CIRCLE ( 'NONE', #901, 20.00000000000000000 ) ;
#102 = CARTESIAN_POINT ( 'NONE',  ( -8.271819582337167631, 18.39649131592435793, 65.00000000000000000 ) ) ;
#103 = EDGE_CURVE ( 'NONE', #314, #201, #856, .T. ) ;
#104 = CARTESIAN_POINT ( 'NONE',  ( -20.77691098921247104, -6.204071132644576991, 63.50000000000000000 ) ) ;
#105 = CARTESIAN_POINT ( 'NONE',  ( 7.953803981307171256, 18.53620495588054951, 65.00000000000000000 ) ) ;
#106 = DESIGN_CONTEXT ( 'detailed design', #958, 'design' ) ;
#107 = CARTESIAN_POINT ( 'NONE',  ( 0.000000000000000000, 0.000000000000000000, 65.00000000000000000 ) ) ;
#108 = DIRECTION ( 'NONE',  ( 1.000000000000000000, 0.000000000000000000, 0.000000000000000000 ) ) ;
#109 = ORIENTED_EDGE ( 'NONE', *, *, #152, .F. ) ;
#110 = CARTESIAN_POINT ( 'NONE',  ( -15.78336204266901710, 14.86795249866738367, 63.50000000000000000 ) ) ;
#111 = FACE_OUTER_BOUND ( 'NONE', #950, .T. ) ;
#112 = VECTOR ( 'NONE', #761, 1000.000000000000000 ) ;
#113 = APPROVAL_PERSON_ORGANIZATION ( #1334, #725, #1131 ) ;
#114 = VERTEX_POINT ( 'NONE', #131 ) ;
#115 = CARTESIAN_POINT ( 'NONE',  ( 17.87120860494899688, -10.50000000000000355, 64.30294033806822540 ) ) ;
#116 = EDGE_CURVE ( 'NONE', #286, #424, #1208, .T. ) ;
#117 = EDGE_LOOP ( 'NONE', ( #1346, #310, #1322, #733, #989, #1021, #1194, #622 ) ) ;
#118 = CARTESIAN_POINT ( 'NONE',  ( -17.02204453054920208, 10.50000000000000000, 62.00000000000000000 ) ) ;
#119 = CARTESIAN_POINT ( 'NONE',  ( 0.2739725310270312852, 21.68168508038009179, 65.00000000000000000 ) ) ;
#120 = CARTESIAN_POINT ( 'NONE',  ( 0.000000000000000000, -10.50000000000000000, 65.00000000000000000 ) ) ;
#121 = ORIENTED_EDGE ( 'NONE', *, *, #864, .F. ) ;
#122 = ADVANCED_FACE ( 'NONE', ( #1327 ), #1215, .F. ) ;
#123 = APPROVAL_STATUS ( 'not_yet_approved' ) ;
#124 = CARTESIAN_POINT ( 'NONE',  ( -20.27164423987009556, 7.696165843116124172, 65.00000000000000000 ) ) ;
#125 = AXIS2_PLACEMENT_3D ( 'NONE', #658, #1209, #1313 ) ;
#126 = VERTEX_POINT ( 'NONE', #76 ) ;
#127 = CARTESIAN_POINT ( 'NONE',  ( -11.20395848509136805, -16.58907124726567872, 65.00000000000000000 ) ) ;
#128 = EDGE_CURVE ( 'NONE', #682, #674, #719, .T. ) ;
#129 = CARTESIAN_POINT ( 'NONE',  ( 17.32417366223480570, -10.33087115689037461, 65.00000000000000000 ) ) ;
#130 = CARTESIAN_POINT ( 'NONE',  ( -17.97969168133016638, -10.50000000000000000, 64.20994547910109418 ) ) ;
#131 = CARTESIAN_POINT ( 'NONE',  ( -18.76166303929371892, 10.50000000000000000, 63.50000000000000000 ) ) ;
#132 = CARTESIAN_POINT ( 'NONE',  ( 21.67375236445905884, 0.6472922961307794321, 65.00000000000000000 ) ) ;
#133 = B_SPLINE_CURVE_WITH_KNOTS ( 'NONE', 3,
 ( #696, #473, #384, #1339, #903, #169, #590, #1022, #845, #1262, #943, #1161 ),
 .UNSPECIFIED., .F., .F.,
 ( 4, 1, 1, 1, 1, 2, 2, 4 ),
 ( 0.000000000000000000, 0.2500000000000273670, 0.3750000000000393574, 0.4375000000000413003, 0.4687500000000386913, 0.4843750000000416334, 0.5000000000000445199, 1.000000000000000000 ),
 .UNSPECIFIED. ) ;
#134 = ORIENTED_EDGE ( 'NONE', *, *, #270, .F. ) ;
#135 = FACE_OUTER_BOUND ( 'NONE', #894, .T. ) ;
#136 = CARTESIAN_POINT ( 'NONE',  ( -12.95589594786884469, 17.38721625391853820, 65.00000000000000000 ) ) ;
#137 = ADVANCED_FACE ( 'NONE', ( #1017, #795 ), #595, .F. ) ;
#138 = CARTESIAN_POINT ( 'NONE',  ( -18.02967411961336808, -10.50000000000000178, 64.16672315348797895 ) ) ;
#139 = CARTESIAN_POINT ( 'NONE',  ( 18.75124157139548231, -10.50000000000000000, 63.03215932806141808 ) ) ;
#140 =( NAMED_UNIT ( * ) SI_UNIT ( $, .STERADIAN. ) SOLID_ANGLE_UNIT ( ) );
#141 = CIRCLE ( 'NONE', #1095, 8.400000000000000355 ) ;
#142 = CARTESIAN_POINT ( 'NONE',  ( -20.77691098921710733, -6.204071132645324838, 65.00000000000000000 ) ) ;
#143 = ORIENTED_EDGE ( 'NONE', *, *, #1303, .T. ) ;
#144 = CARTESIAN_POINT ( 'NONE',  ( -18.76166303929371182, -10.50000000000000000, 63.50000000000000000 ) ) ;
#145 = CARTESIAN_POINT ( 'NONE',  ( -15.52499438243839869, -15.13753871333914169, 65.00000000000000000 ) ) ;
#146 = CARTESIAN_POINT ( 'NONE',  ( -2.064339789408093040, -20.06470516039167151, 65.00000000000000000 ) ) ;
#147 = CYLINDRICAL_SURFACE ( 'NONE', #791, 20.00000000000000000 ) ;
#148 = CARTESIAN_POINT ( 'NONE',  ( 19.07843542143529803, -10.30455388372865499, 63.50000000000000000 ) ) ;
#149 = ORIENTED_EDGE ( 'NONE', *, *, #847, .F. ) ;
#150 = CARTESIAN_POINT ( 'NONE',  ( -14.13728217527476616, -14.15173099206039531, 64.99999999999998579 ) ) ;
#151 = AXIS2_PLACEMENT_3D ( 'NONE', #183, #165, #373 ) ;
#152 = EDGE_CURVE ( 'NONE', #597, #780, #713, .T. ) ;
#153 = CARTESIAN_POINT ( 'NONE',  ( 14.08143136124922989, -14.44185523946965866, 65.00000000000000000 ) ) ;
#154 = EDGE_CURVE ( 'NONE', #931, #674, #430, .T. ) ;
#155 = CARTESIAN_POINT ( 'NONE',  ( 17.37111091136668506, -10.50000000000000000, 62.00000000000000000 ) ) ;
#156 = CARTESIAN_POINT ( 'NONE',  ( 21.67375236446016373, 0.6472922961303908540, 63.50000000000000000 ) ) ;
#157 = ORIENTED_EDGE ( 'NONE', *, *, #533, .T. ) ;
#158 = CARTESIAN_POINT ( 'NONE',  ( 0.000000000000000000, 10.50000000000000000, 62.00000000000000000 ) ) ;
#159 = CARTESIAN_POINT ( 'NONE',  ( -11.10568649364872229, -18.62348668690618325, 63.50000000000000000 ) ) ;
#160 = CARTESIAN_POINT ( 'NONE',  ( -18.76166303929371537, -10.50000000000000000, 63.11601979819302244 ) ) ;
#161 = CARTESIAN_POINT ( 'NONE',  ( -17.02154692473969178, 10.50000000000000000, 65.00000000000000000 ) ) ;
#162 = AXIS2_PLACEMENT_3D ( 'NONE', #818, #181, #257 ) ;
#163 = EDGE_LOOP ( 'NONE', ( #695, #1266, #1359, #737 ) ) ;
#164 = FACE_OUTER_BOUND ( 'NONE', #857, .T. ) ;
#165 = DIRECTION ( 'NONE',  ( -0.000000000000000000, 0.000000000000000000, 1.000000000000000000 ) ) ;
#166 = PRODUCT_DEFINITION ( 'UNKNOWN', '', #634, #106 ) ;
#167 = CARTESIAN_POINT ( 'NONE',  ( -17.02204453054920208, -10.50000000000000000, 62.00000000000000000 ) ) ;
#168 = ORIENTED_EDGE ( 'NONE', *, *, #351, .T. ) ;
#169 = CARTESIAN_POINT ( 'NONE',  ( 18.02987063408557233, 10.50000000000000000, 64.16659030890295412 ) ) ;
#170 = AXIS2_PLACEMENT_3D ( 'NONE', #107, #850, #957 ) ;
#171 = CARTESIAN_POINT ( 'NONE',  ( 19.92642032757773052, -8.550339279898258482, 65.00000000000000000 ) ) ;
#172 = CARTESIAN_POINT ( 'NONE',  ( 20.16163010647237996, 0.6021323684929301701, 65.00000000000000000 ) ) ;
#173 = CARTESIAN_POINT ( 'NONE',  ( -16.13648851178149002, -14.32938443651388916, 63.50000000000001421 ) ) ;
#174 = VECTOR ( 'NONE', #908, 1000.000000000000000 ) ;
#175 = CARTESIAN_POINT ( 'NONE',  ( 17.02204453054920208, 10.50000000000000000, 62.00000000000000000 ) ) ;
#176 = ORIENTED_EDGE ( 'NONE', *, *, #284, .T. ) ;
#177 = CARTESIAN_POINT ( 'NONE',  ( 15.06459791732232389, -13.26437378323586636, 65.00000000000001421 ) ) ;
#178 = ADVANCED_FACE ( 'NONE', ( #49 ), #393, .F. ) ;
#179 = DIRECTION ( 'NONE',  ( -0.000000000000000000, -0.000000000000000000, 1.000000000000000000 ) ) ;
#180 = DIRECTION ( 'NONE',  ( 0.000000000000000000, 0.000000000000000000, 1.000000000000000000 ) ) ;
#181 = DIRECTION ( 'NONE',  ( 0.000000000000000000, 0.000000000000000000, 1.000000000000000000 ) ) ;
#182 = CARTESIAN_POINT ( 'NONE',  ( -5.315887496255557565, 21.02169995503989597, 63.50000000000000000 ) ) ;
#183 = CARTESIAN_POINT ( 'NONE',  ( 0.000000000000000000, 0.000000000000000000, -5.000000000000000000 ) ) ;
#184 = CARTESIAN_POINT ( 'NONE',  ( -3.376145978082138566, 19.73126954144487399, 65.00000000000001421 ) ) ;
#185 = CARTESIAN_POINT ( 'NONE',  ( -17.02204453054920208, 10.50000000000000000, 65.00000000000000000 ) ) ;
#186 = CIRCLE ( 'NONE', #170, 16.00000000000000000 ) ;
#187 = ADVANCED_FACE ( 'NONE', ( #802 ), #259, .F. ) ;
#188 = DIRECTION ( 'NONE',  ( -1.000000000000000000, 0.000000000000000000, 0.000000000000000000 ) ) ;
#189 = CIRCLE ( 'NONE', #1020, 24.12000000000000099 ) ;
#190 = CARTESIAN_POINT ( 'NONE',  ( -20.00000000000000000, 0.000000000000000000, -5.000000000000000000 ) ) ;
#191 = CARTESIAN_POINT ( 'NONE',  ( -12.72818041766284125, 15.64759774517403912, 65.00000000000000000 ) ) ;
#192 = ORIENTED_EDGE ( 'NONE', *, *, #492, .T. ) ;
#193 = CARTESIAN_POINT ( 'NONE',  ( -20.77691098921710733, -6.204071132645324838, 65.00000000000000000 ) ) ;
#194 = CARTESIAN_POINT ( 'NONE',  ( 18.50219880489824575, 10.50000000000000000, 62.70173460946345045 ) ) ;
#195 = ORIENTED_EDGE ( 'NONE', *, *, #1315, .T. ) ;
#196 = CARTESIAN_POINT ( 'NONE',  ( 0.000000000000000000, -10.50000000000000000, 65.00000000000000000 ) ) ;
#197 = CARTESIAN_POINT ( 'NONE',  ( -7.159224040095809372, -18.85734347894727136, 65.00000000000000000 ) ) ;
#198 = CARTESIAN_POINT ( 'NONE',  ( -2.219165273612956124, -21.56955804741707183, 63.50000000000000000 ) ) ;
#199 = CIRCLE ( 'NONE', #353, 60.00000000000000000 ) ;
#200 = DIRECTION ( 'NONE',  ( 0.000000000000000000, 0.000000000000000000, 1.000000000000000000 ) ) ;
#201 = VERTEX_POINT ( 'NONE', #382 ) ;
#202 = CARTESIAN_POINT ( 'NONE',  ( -17.02204453054919497, -10.50000000000000000, 65.00000000000000000 ) ) ;
#203 = EDGE_CURVE ( 'NONE', #1079, #447, #469, .T. ) ;
#204 = CARTESIAN_POINT ( 'NONE',  ( -15.64759774517403557, -12.72818041766283770, 65.00000000000000000 ) ) ;
#205 = CARTESIAN_POINT ( 'NONE',  ( -18.36630213796053113, 10.49999999999999822, 62.53867405899158882 ) ) ;
#206 = DIRECTION ( 'NONE',  ( -0.000000000000000000, -0.000000000000000000, -1.000000000000000000 ) ) ;
#207 = VECTOR ( 'NONE', #1164, 1000.000000000000000 ) ;
#208 = CARTESIAN_POINT ( 'NONE',  ( 0.000000000000000000, 0.000000000000000000, 65.00000000000000000 ) ) ;
#209 = CARTESIAN_POINT ( 'NONE',  ( 20.16163010647237996, 0.6021323684929301701, 65.00000000000000000 ) ) ;
#210 = ORIENTED_EDGE ( 'NONE', *, *, #203, .F. ) ;
#211 = CARTESIAN_POINT ( 'NONE',  ( -8.892206051011136481, 19.77622816461530775, 63.50000000000000000 ) ) ;
#212 = CARTESIAN_POINT ( 'NONE',  ( -12.05199623057455760, 16.17415465480657488, 65.00000000000000000 ) ) ;
#213 = ORIENTED_EDGE ( 'NONE', *, *, #1173, .T. ) ;
#214 = CARTESIAN_POINT ( 'NONE',  ( 20.06470516038846696, -2.064339789402450887, 65.00000000000000000 ) ) ;
#215 = ORIENTED_EDGE ( 'NONE', *, *, #864, .T. ) ;
#216 = CARTESIAN_POINT ( 'NONE',  ( 7.696165843115570837, 20.27164423986949515, 63.50000000000000000 ) ) ;
#217 = CARTESIAN_POINT ( 'NONE',  ( 18.76166303929371537, 10.50000000000000000, 63.39242826173119028 ) ) ;
#218 = VECTOR ( 'NONE', #436, 1000.000000000000000 ) ;
#219 = CARTESIAN_POINT ( 'NONE',  ( 12.72818041767339459, -15.64759774517104596, 65.00000000000000000 ) ) ;
#220 = ORIENTED_EDGE ( 'NONE', *, *, #1341, .F. ) ;
#221 = DIRECTION ( 'NONE',  ( 0.000000000000000000, 0.000000000000000000, 1.000000000000000000 ) ) ;
#222 = CARTESIAN_POINT ( 'NONE',  ( -19.07843542144333782, 10.30455388372352488, 65.00000000000000000 ) ) ;
#223 = ORIENTED_EDGE ( 'NONE', *, *, #431, .F. ) ;
#224 = DIRECTION ( 'NONE',  ( 1.000000000000000000, 0.000000000000000000, 0.000000000000000000 ) ) ;
#225 = CARTESIAN_POINT ( 'NONE',  ( -16.17415465481112591, -12.05199623057453984, 65.00000000000000000 ) ) ;
#226 = CARTESIAN_POINT ( 'NONE',  ( 0.000000000000000000, 3.469446951953614189E-15, 63.20208152802354817 ) ) ;
#227 = CARTESIAN_POINT ( 'NONE',  ( -18.25122303439328064, -10.50000000000000000, 62.26592582154282240 ) ) ;
#228 = VECTOR ( 'NONE', #1144, 1000.000000000000000 ) ;
#229 = CARTESIAN_POINT ( 'NONE',  ( -10.30455388372362613, -19.07843542143892890, 63.50000000000000000 ) ) ;
#230 = CIRCLE ( 'NONE', #475, 60.00000000000000000 ) ;
#231 = ORIENTED_EDGE ( 'NONE', *, *, #918, .F. ) ;
#232 = CARTESIAN_POINT ( 'NONE',  ( -17.77470296197247634, 10.50000000000000000, 64.38564514888521728 ) ) ;
#233 = CARTESIAN_POINT ( 'NONE',  ( -21.02169995503619404, -5.315887496255654376, 65.00000000000000000 ) ) ;
#234 = DIRECTION ( 'NONE',  ( 1.000000000000000000, 8.881784197001252323E-16, 0.000000000000000000 ) ) ;
#235 = CARTESIAN_POINT ( 'NONE',  ( 18.71073516952562699, -10.50000000000000000, 62.86752233757523811 ) ) ;
#236 = CARTESIAN_POINT ( 'NONE',  ( 17.16232617981925657, -10.50000000000000000, 64.90391694455665572 ) ) ;
#237 = CARTESIAN_POINT ( 'NONE',  ( 6.204071132632277497, -20.77691098921444990, 63.50000000000000000 ) ) ;
#238 = EDGE_LOOP ( 'NONE', ( #976, #564, #168, #223 ) ) ;
#239 = CARTESIAN_POINT ( 'NONE',  ( -6.664386571248966717, -18.87595729213231976, 65.00000000000002842 ) ) ;
#240 = CARTESIAN_POINT ( 'NONE',  ( -10.33087115688356938, -17.32417366223838684, 65.00000000000000000 ) ) ;
#241 = CARTESIAN_POINT ( 'NONE',  ( -17.02204453054919497, -10.50000000000000000, 65.00000000000000000 ) ) ;
#242 = CARTESIAN_POINT ( 'NONE',  ( 12.07269646764963511, 10.50000000000000000, 65.00000000000000000 ) ) ;
#243 = CARTESIAN_POINT ( 'NONE',  ( 21.56955804741783211, -2.219165273606670041, 65.00000000000000000 ) ) ;
#244 = EDGE_CURVE ( 'NONE', #1066, #13, #705, .T. ) ;
#245 = ORIENTED_EDGE ( 'NONE', *, *, #270, .T. ) ;
#246 = CARTESIAN_POINT ( 'NONE',  ( 5.861223217377121486, -19.13984467287225044, 65.00000000000001421 ) ) ;
#247 = CARTESIAN_POINT ( 'NONE',  ( -18.75750329874665212, -10.50000000000000178, 63.51526782203921329 ) ) ;
#248 = CARTESIAN_POINT ( 'NONE',  ( 0.000000000000000000, 0.000000000000000000, 0.000000000000000000 ) ) ;
#249 = CARTESIAN_POINT ( 'NONE',  ( -7.696165843103739412, -20.27164423987229469, 63.50000000000000000 ) ) ;
#250 = SECURITY_CLASSIFICATION ( '', '', #1182 ) ;
#251 = ORIENTED_EDGE ( 'NONE', *, *, #991, .T. ) ;
#252 = CARTESIAN_POINT ( 'NONE',  ( -8.234649254934959473, -18.24523529894794294, 65.00000000000000000 ) ) ;
#253 = AXIS2_PLACEMENT_3D ( 'NONE', #248, #778, #863 ) ;
#254 = CARTESIAN_POINT ( 'NONE',  ( 20.00000000000000000, 2.449293598294706513E-15, 0.000000000000000000 ) ) ;
#255 = CARTESIAN_POINT ( 'NONE',  ( 0.000000000000000000, 0.000000000000000000, -10.00000000000000000 ) ) ;
#256 = ORIENTED_EDGE ( 'NONE', *, *, #785, .F. ) ;
#257 = DIRECTION ( 'NONE',  ( 1.000000000000000000, 0.000000000000000000, -0.000000000000000000 ) ) ;
#258 = CARTESIAN_POINT ( 'NONE',  ( 18.76166303929371892, 10.50000000000000000, 65.00000000000000000 ) ) ;
#259 = CYLINDRICAL_SURFACE ( 'NONE', #1127, 24.12000000000000099 ) ;
#260 = CARTESIAN_POINT ( 'NONE',  ( -3.800230787736567084, 21.24662281133949904, 63.50000000000001421 ) ) ;
#261 = AXIS2_PLACEMENT_3D ( 'NONE', #87, #938, #1357 ) ;
#262 = VERTEX_POINT ( 'NONE', #1119 ) ;
#263 = DIRECTION ( 'NONE',  ( 0.000000000000000000, -0.000000000000000000, -1.000000000000000000 ) ) ;
#264 = CARTESIAN_POINT ( 'NONE',  ( 8.550339279905619705, 19.92642032757202841, 63.50000000000000000 ) ) ;
#265 = CARTESIAN_POINT ( 'NONE',  ( -21.67375236445551323, -0.6472922961296814215, 65.00000000000000000 ) ) ;
#266 = DIRECTION ( 'NONE',  ( 0.000000000000000000, -0.000000000000000000, -1.000000000000000000 ) ) ;
#267 = CARTESIAN_POINT ( 'NONE',  ( -7.467812937212729985, 20.25074084724286649, 63.50000000000000000 ) ) ;
#268 = ORIENTED_EDGE ( 'NONE', *, *, #499, .F. ) ;
#269 = CARTESIAN_POINT ( 'NONE',  ( 12.07269646764963511, -10.50000000000000000, 65.00000000000000000 ) ) ;
#270 = EDGE_CURVE ( 'NONE', #1042, #780, #1362, .T. ) ;
#271 = AXIS2_PLACEMENT_3D ( 'NONE', #1054, #835, #108 ) ;
#272 = CARTESIAN_POINT ( 'NONE',  ( 21.02169995503691879, 5.315887496256299194, 65.00000000000000000 ) ) ;
#273 = CARTESIAN_POINT ( 'NONE',  ( 7.696165843115319483, 20.27164423986844000, 65.00000000000000000 ) ) ;
#274 = DATE_TIME_ROLE ( 'classification_date' ) ;
#275 = DIRECTION ( 'NONE',  ( 1.000000000000000000, 0.000000000000000000, 0.000000000000000000 ) ) ;
#276 = VECTOR ( 'NONE', #732, 1000.000000000000000 ) ;
#277 = CARTESIAN_POINT ( 'NONE',  ( 16.57440945445830138, 11.22472021182439228, 65.00000000000000000 ) ) ;
#278 = CARTESIAN_POINT ( 'NONE',  ( 12.56084435834508994, -15.58625810495785124, 65.00000000000000000 ) ) ;
#279 = CARTESIAN_POINT ( 'NONE',  ( -17.74738178738914840, 9.585631519744186591, 65.00000000000000000 ) ) ;
#280 = CARTESIAN_POINT ( 'NONE',  ( -13.43252666045868082, -16.89037439893886017, 63.50000000000000000 ) ) ;
#281 = CARTESIAN_POINT ( 'NONE',  ( -13.20278060023803590, 15.02753125835765147, 65.00000000000001421 ) ) ;
#282 = AXIS2_PLACEMENT_3D ( 'NONE', #226, #357, #1197 ) ;
#283 = FACE_OUTER_BOUND ( 'NONE', #409, .T. ) ;
#284 = EDGE_CURVE ( 'NONE', #682, #1338, #230, .T. ) ;
#285 = EDGE_CURVE ( 'NONE', #984, #6, #591, .T. ) ;
#286 = VERTEX_POINT ( 'NONE', #1124 ) ;
#287 = CARTESIAN_POINT ( 'NONE',  ( -18.29869787034038353, -11.28750000000000142, 65.00000000000000000 ) ) ;
#288 = DIRECTION ( 'NONE',  ( 1.000000000000000000, 0.000000000000000000, 0.000000000000000000 ) ) ;
#289 = CARTESIAN_POINT ( 'NONE',  ( -12.07269646764963511, 10.50000000000000000, 65.00000000000000000 ) ) ;
#290 = CARTESIAN_POINT ( 'NONE',  ( -0.6021323684929956732, 20.16163010647599307, 65.00000000000000000 ) ) ;
#291 = ORIENTED_EDGE ( 'NONE', *, *, #1219, .T. ) ;
#292 = CARTESIAN_POINT ( 'NONE',  ( -12.72818041766284125, 15.64759774517403912, 65.00000000000000000 ) ) ;
#293 = APPROVAL_PERSON_ORGANIZATION ( #1077, #1335, #907 ) ;
#294 = CARTESIAN_POINT ( 'NONE',  ( 18.36630213796053113, 10.50000000000000178, 62.53867405899160303 ) ) ;
#295 = AXIS2_PLACEMENT_3D ( 'NONE', #345, #884, #1198 ) ;
#296 = ORIENTED_EDGE ( 'NONE', *, *, #847, .T. ) ;
#297 = CARTESIAN_POINT ( 'NONE',  ( 18.76166303929371182, -10.50000000000000000, 63.20208152802354817 ) ) ;
#298 = CARTESIAN_POINT ( 'NONE',  ( -18.39649131592435438, -8.271819582337164078, 65.00000000000000000 ) ) ;
#299 = ORIENTED_EDGE ( 'NONE', *, *, #1303, .F. ) ;
#300 = CARTESIAN_POINT ( 'NONE',  ( -17.74768062494523946, 10.50000000000000178, 62.13145453282666608 ) ) ;
#301 = CARTESIAN_POINT ( 'NONE',  ( 17.84736773078371286, 10.50000000000000000, 62.17363047216594651 ) ) ;
#302 = CC_DESIGN_DATE_AND_TIME_ASSIGNMENT ( #1015, #536, ( #166 ) ) ;
#303 = ORIENTED_EDGE ( 'NONE', *, *, #1255, .T. ) ;
#304 = CARTESIAN_POINT ( 'NONE',  ( 0.000000000000000000, 0.000000000000000000, 65.00000000000000000 ) ) ;
#305 = CARTESIAN_POINT ( 'NONE',  ( 13.83065348712896636, 14.68219724899521594, 65.00000000000000000 ) ) ;
#306 = VERTEX_POINT ( 'NONE', #1024 ) ;
#307 = CARTESIAN_POINT ( 'NONE',  ( -18.56099967117103589, 10.49999999999999645, 62.78948180241940236 ) ) ;
#308 = B_SPLINE_CURVE_WITH_KNOTS ( 'NONE', 3,
 ( #602, #635, #643, #309, #301, #426, #1243, #831, #294, #194, #90, #532, #855, #520, #217, #1045 ),
 .UNSPECIFIED., .F., .F.,
 ( 4, 2, 2, 2, 2, 2, 2, 4 ),
 ( 0.000000000000000000, 0.0006320594785004417715, 0.0009480892177506657472, 0.001264118957000889831, 0.001580148696251113807, 0.001896178435501337566, 0.002212208174751561542, 0.002528237914001785734 ),
 .UNSPECIFIED. ) ;
#309 = CARTESIAN_POINT ( 'NONE',  ( 17.74768062494523591, 10.50000000000000178, 62.13145453282664477 ) ) ;
#310 = ORIENTED_EDGE ( 'NONE', *, *, #64, .F. ) ;
#311 = CARTESIAN_POINT ( 'NONE',  ( -12.07269646764963511, 10.50000000000000000, 65.00000000000000000 ) ) ;
#312 = CARTESIAN_POINT ( 'NONE',  ( 0.000000000000000000, 0.000000000000000000, 0.000000000000000000 ) ) ;
#313 = EDGE_CURVE ( 'NONE', #1061, #447, #364, .T. ) ;
#314 = VERTEX_POINT ( 'NONE', #1138 ) ;
#315 = CARTESIAN_POINT ( 'NONE',  ( -18.12266622176593245, 10.50000000000000000, 62.33076530641289992 ) ) ;
#316 = CARTESIAN_POINT ( 'NONE',  ( -7.482887490355727422, 18.73126495318170726, 65.00000000000000000 ) ) ;
#317 = ORIENTED_EDGE ( 'NONE', *, *, #1009, .F. ) ;
#318 = CARTESIAN_POINT ( 'NONE',  ( 0.000000000000000000, 3.469446951953614189E-15, 62.00000000000000000 ) ) ;
#319 = VECTOR ( 'NONE', #366, 1000.000000000000000 ) ;
#320 = DIRECTION ( 'NONE',  ( 0.000000000000000000, 0.000000000000000000, 1.000000000000000000 ) ) ;
#321 = VERTEX_POINT ( 'NONE', #1132 ) ;
#322 = DIRECTION ( 'NONE',  ( 1.000000000000000000, 0.000000000000000000, 0.000000000000000000 ) ) ;
#323 = DIRECTION ( 'NONE',  ( 1.000000000000000000, 0.000000000000000000, 0.000000000000000000 ) ) ;
#324 = CARTESIAN_POINT ( 'NONE',  ( 18.76166303929371182, -10.50000000000000000, 63.50000000000000000 ) ) ;
#325 = CARTESIAN_POINT ( 'NONE',  ( -6.204071132644950914, 20.77691098921001256, 65.00000000000000000 ) ) ;
#326 = EDGE_LOOP ( 'NONE', ( #849, #1072, #625, #570 ) ) ;
#327 = CARTESIAN_POINT ( 'NONE',  ( -18.03430437477917181, 10.50000000000000178, 62.27316499386152060 ) ) ;
#328 = EDGE_CURVE ( 'NONE', #1066, #368, #308, .T. ) ;
#329 = CARTESIAN_POINT ( 'NONE',  ( 4.945011624412779305, -19.55506972561832413, 65.00000000000000000 ) ) ;
#330 = AXIS2_PLACEMENT_3D ( 'NONE', #598, #500, #1041 ) ;
#331 = PLANE ( 'NONE',  #1236 ) ;
#332 = CARTESIAN_POINT ( 'NONE',  ( 24.12000000000000099, 0.000000000000000000, -5.000000000000000000 ) ) ;
#333 = PERSON_AND_ORGANIZATION_ROLE ( 'creator' ) ;
#334 = CARTESIAN_POINT ( 'NONE',  ( 0.6472922961420598531, -21.67375236445351305, 65.00000000000000000 ) ) ;
#335 = EDGE_LOOP ( 'NONE', ( #377, #941 ) ) ;
#336 = CARTESIAN_POINT ( 'NONE',  ( -17.65285741390518126, 10.50000000000000000, 64.49000886877136907 ) ) ;
#337 = CARTESIAN_POINT ( 'NONE',  ( -5.315887496255656153, 21.02169995504074151, 65.00000000000000000 ) ) ;
#338 = CARTESIAN_POINT ( 'NONE',  ( -18.71031821291187924, -10.50000000000000000, 62.86624499788550935 ) ) ;
#339 = CARTESIAN_POINT ( 'NONE',  ( 17.88972028050891083, -10.50000000000000355, 64.28698574611195227 ) ) ;
#340 = CIRCLE ( 'NONE', #1125, 20.00000000000000000 ) ;
#341 = CARTESIAN_POINT ( 'NONE',  ( -14.86795249866522717, -15.78336204267056431, 63.50000000000000000 ) ) ;
#342 = VERTEX_POINT ( 'NONE', #8 ) ;
#343 = CARTESIAN_POINT ( 'NONE',  ( -13.21315321390297193, -15.03704566372527296, 65.00000000000001421 ) ) ;
#344 = CARTESIAN_POINT ( 'NONE',  ( -7.159224040095809372, -18.85734347894727136, 65.00000000000000000 ) ) ;
#345 = CARTESIAN_POINT ( 'NONE',  ( 0.000000000000000000, 0.000000000000000000, 65.00000000000000000 ) ) ;
#346 = ADVANCED_FACE ( 'NONE', ( #111 ), #963, .T. ) ;
#347 = CARTESIAN_POINT ( 'NONE',  ( -2.219165273612956124, -21.56955804741707183, 63.50000000000000000 ) ) ;
#348 = ORIENTED_EDGE ( 'NONE', *, *, #1150, .F. ) ;
#349 = CARTESIAN_POINT ( 'NONE',  ( 3.379195771991182262, -19.73097608922864765, 65.00000000000002842 ) ) ;
#350 = CARTESIAN_POINT ( 'NONE',  ( 19.55506972561764201, 4.945011624424227925, 65.00000000000000000 ) ) ;
#351 = EDGE_CURVE ( 'NONE', #747, #262, #1188, .T. ) ;
#352 = CARTESIAN_POINT ( 'NONE',  ( 0.000000000000000000, 0.000000000000000000, 0.000000000000000000 ) ) ;
#353 = AXIS2_PLACEMENT_3D ( 'NONE', #677, #1105, #1001 ) ;
#354 = CARTESIAN_POINT ( 'NONE',  ( -8.892206051009615919, 19.77622816461652988, 65.00000000000000000 ) ) ;
#355 = DIRECTION ( 'NONE',  ( 0.000000000000000000, -0.000000000000000000, -1.000000000000000000 ) ) ;
#356 = CARTESIAN_POINT ( 'NONE',  ( -2.914806174914017944, -19.95890269784715088, 65.00000000000000000 ) ) ;
#357 = DIRECTION ( 'NONE',  ( -0.000000000000000000, 0.000000000000000000, 1.000000000000000000 ) ) ;
#358 = CARTESIAN_POINT ( 'NONE',  ( -17.02204453054920208, 10.50000000000000000, 62.00000000000000000 ) ) ;
#359 = CARTESIAN_POINT ( 'NONE',  ( 12.07269646764963511, -10.50000000000000000, 0.000000000000000000 ) ) ;
#360 = VECTOR ( 'NONE', #1153, 1000.000000000000000 ) ;
#361 = ORIENTED_EDGE ( 'NONE', *, *, #885, .F. ) ;
#362 = CARTESIAN_POINT ( 'NONE',  ( -18.76166303929371892, 10.50000000000000000, 63.50000000000000000 ) ) ;
#363 = EDGE_CURVE ( 'NONE', #421, #836, #1298, .T. ) ;
#364 = CIRCLE ( 'NONE', #407, 20.00000000000000000 ) ;
#365 = CARTESIAN_POINT ( 'NONE',  ( 17.78782520795542510, -10.49999999999999645, 64.37470666866441604 ) ) ;
#366 = DIRECTION ( 'NONE',  ( 0.000000000000000000, 0.000000000000000000, 1.000000000000000000 ) ) ;
#367 = CARTESIAN_POINT ( 'NONE',  ( -12.51350657021237822, 17.58615615319743242, 63.50000000000000000 ) ) ;
#368 = VERTEX_POINT ( 'NONE', #621 ) ;
#369 = DIRECTION ( 'NONE',  ( 0.000000000000000000, 0.000000000000000000, 1.000000000000000000 ) ) ;
#370 = CARTESIAN_POINT ( 'NONE',  ( 5.315887496244271482, -21.02169995504121758, 63.50000000000000000 ) ) ;
#371 = CARTESIAN_POINT ( 'NONE',  ( -6.204071132644950914, 20.77691098921001256, 65.00000000000000000 ) ) ;
#372 = CALENDAR_DATE ( 2026, 30, 5 ) ;
#373 = DIRECTION ( 'NONE',  ( 1.000000000000000000, 0.000000000000000000, 0.000000000000000000 ) ) ;
#374 = CARTESIAN_POINT ( 'NONE',  ( -17.83366161524336491, 12.15817619219213697, 63.49999999999998579 ) ) ;
#375 = CIRCLE ( 'NONE', #1331, 20.00000000000000000 ) ;
#376 = EDGE_CURVE ( 'NONE', #9, #619, #101, .T. ) ;
#377 = ORIENTED_EDGE ( 'NONE', *, *, #85, .F. ) ;
#378 = CARTESIAN_POINT ( 'NONE',  ( 0.000000000000000000, 0.000000000000000000, 65.00000000000000000 ) ) ;
#379 = CARTESIAN_POINT ( 'NONE',  ( 15.13753871334411194, -15.52499438243204111, 63.50000000000000000 ) ) ;
#380 = CARTESIAN_POINT ( 'NONE',  ( 19.07843542143515947, -10.30455388372855374, 65.00000000000000000 ) ) ;
#381 = CALENDAR_DATE ( 2026, 30, 5 ) ;
#382 = CARTESIAN_POINT ( 'NONE',  ( 8.400000000000000355, 0.000000000000000000, 0.000000000000000000 ) ) ;
#383 = CARTESIAN_POINT ( 'NONE',  ( 3.800230787736572857, 21.24662281133948483, 63.50000000000000000 ) ) ;
#384 = CARTESIAN_POINT ( 'NONE',  ( 18.64794972210610169, 10.50000000000000178, 63.62330074652207657 ) ) ;
#385 = CARTESIAN_POINT ( 'NONE',  ( -18.62348668690618680, 11.10568649364872584, 63.50000000000000000 ) ) ;
#386 = CARTESIAN_POINT ( 'NONE',  ( -14.86795249866533020, -15.78336204267070642, 65.00000000000000000 ) ) ;
#387 = CARTESIAN_POINT ( 'NONE',  ( 0.000000000000000000, 0.000000000000000000, 62.00000000000000000 ) ) ;
#388 = EDGE_CURVE ( 'NONE', #17, #306, #1149, .T. ) ;
#389 = EDGE_CURVE ( 'NONE', #832, #1309, #739, .T. ) ;
#390 = CARTESIAN_POINT ( 'NONE',  ( 14.02444373168828662, 16.40657529602389531, 63.50000000000000000 ) ) ;
#391 = CARTESIAN_POINT ( 'NONE',  ( 11.20004034411081406, -16.59203901520837121, 65.00000000000000000 ) ) ;
#392 = CARTESIAN_POINT ( 'NONE',  ( 13.83065348712896636, 14.68219724899521594, 65.00000000000000000 ) ) ;
#393 = CYLINDRICAL_SURFACE ( 'NONE', #971, 16.00000000000000000 ) ;
#394 = DIRECTION ( 'NONE',  ( -1.000000000000000000, -0.000000000000000000, -0.000000000000000000 ) ) ;
#395 = VECTOR ( 'NONE', #1229, 1000.000000000000000 ) ;
#396 = FACE_OUTER_BOUND ( 'NONE', #527, .T. ) ;
#397 = CARTESIAN_POINT ( 'NONE',  ( 20.13610982466683197, 8.044104052132308169, 63.50000000000000000 ) ) ;
#398 = CARTESIAN_POINT ( 'NONE',  ( 15.64759774517708912, 12.72818041766470998, 65.00000000000000000 ) ) ;
#399 = CARTESIAN_POINT ( 'NONE',  ( 14.44185523947424876, 14.08143136124107642, 65.00000000000000000 ) ) ;
#400 = EDGE_LOOP ( 'NONE', ( #964, #1027, #299, #192 ) ) ;
#401 = DIRECTION ( 'NONE',  ( 1.000000000000000000, 0.000000000000000000, 0.000000000000000000 ) ) ;
#402 = LINE ( 'NONE', #1270, #99 ) ;
#403 = ORIENTED_EDGE ( 'NONE', *, *, #627, .F. ) ;
#404 = CARTESIAN_POINT ( 'NONE',  ( 15.78336204267425202, -14.86795249866012902, 63.50000000000000000 ) ) ;
#405 = CC_DESIGN_APPROVAL ( #1335, ( #166 ) ) ;
#406 = CARTESIAN_POINT ( 'NONE',  ( -18.29869787034038708, -11.28750000000000142, 63.50000000000000000 ) ) ;
#407 = AXIS2_PLACEMENT_3D ( 'NONE', #63, #1030, #708 ) ;
#408 =( BOUNDED_CURVE ( )  B_SPLINE_CURVE ( 2, ( #202, #523, #1367 ),
 .UNSPECIFIED., .F., .F. ) 
 B_SPLINE_CURVE_WITH_KNOTS ( ( 3, 3 ),
 ( 0.000000000000000000, 1.000000000000000000 ),
 .UNSPECIFIED. ) 
 CURVE ( )  GEOMETRIC_REPRESENTATION_ITEM ( )  RATIONAL_B_SPLINE_CURVE ( ( 1.000000000000000000, 0.02121320343559643384, 1.000000000000000000 ) ) 
 REPRESENTATION_ITEM ( '' )  );
#409 = EDGE_LOOP ( 'NONE', ( #1206, #176, #555, #440 ) ) ;
#410 = FACE_BOUND ( 'NONE', #335, .T. ) ;
#411 = ADVANCED_FACE ( 'NONE', ( #933 ), #1082, .T. ) ;
#412 = DIRECTION ( 'NONE',  ( 1.000000000000000000, 0.000000000000000000, 0.000000000000000000 ) ) ;
#413 = ORIENTED_EDGE ( 'NONE', *, *, #1155, .F. ) ;
#414 = CARTESIAN_POINT ( 'NONE',  ( -0.6472922961297629119, 21.67375236446026676, 63.50000000000000000 ) ) ;
#415 = DIRECTION ( 'NONE',  ( 1.000000000000000000, 0.000000000000000000, 0.000000000000000000 ) ) ;
#416 = FACE_OUTER_BOUND ( 'NONE', #967, .T. ) ;
#417 = CARTESIAN_POINT ( 'NONE',  ( 14.68219724899975276, -13.83065348712442244, 65.00000000000000000 ) ) ;
#418 = EDGE_LOOP ( 'NONE', ( #109, #303, #1128, #245 ) ) ;
#419 = CARTESIAN_POINT ( 'NONE',  ( 6.204071132632277497, -20.77691098921444990, 63.50000000000000000 ) ) ;
#420 = CARTESIAN_POINT ( 'NONE',  ( -4.945011624424290986, 19.55506972562151091, 65.00000000000000000 ) ) ;
#421 = VERTEX_POINT ( 'NONE', #752 ) ;
#422 = ADVANCED_BREP_SHAPE_REPRESENTATION ( 'EDM Spool', ( #902, #427 ), #1294 ) ;
#423 = CARTESIAN_POINT ( 'NONE',  ( 0.6021323685043477036, -20.16163010647144560, 65.00000000000000000 ) ) ;
#424 = VERTEX_POINT ( 'NONE', #406 ) ;
#425 = CARTESIAN_POINT ( 'NONE',  ( -14.86795249866522717, -15.78336204267056431, 63.50000000000000000 ) ) ;
#426 = CARTESIAN_POINT ( 'NONE',  ( 18.03430437477917536, 10.49999999999999822, 62.27316499386152060 ) ) ;
#427 = AXIS2_PLACEMENT_3D ( 'NONE', #562, #221, #1192 ) ;
#428 = ORIENTED_EDGE ( 'NONE', *, *, #1214, .T. ) ;
#429 = DATE_AND_TIME ( #445, #588 ) ;
#430 = CIRCLE ( 'NONE', #1210, 60.00000000000000000 ) ;
#431 = EDGE_CURVE ( 'NONE', #6, #262, #1265, .T. ) ;
#432 = CARTESIAN_POINT ( 'NONE',  ( 20.27164423987083808, -7.696165843109890936, 63.50000000000000000 ) ) ;
#433 = ORIENTED_EDGE ( 'NONE', *, *, #103, .F. ) ;
#434 = CARTESIAN_POINT ( 'NONE',  ( -18.29869787034038708, -11.28750000000000142, 63.50000000000000000 ) ) ;
#435 = CARTESIAN_POINT ( 'NONE',  ( -19.92642032757148840, 8.550339279906545187, 65.00000000000000000 ) ) ;
#436 = DIRECTION ( 'NONE',  ( 0.000000000000000000, 0.000000000000000000, 1.000000000000000000 ) ) ;
#437 = CARTESIAN_POINT ( 'NONE',  ( -17.37111091136668506, -10.50000000000000000, 62.00000000000000000 ) ) ;
#438 = CARTESIAN_POINT ( 'NONE',  ( 18.69823258107206598, -10.50000000000000178, 63.57878545780633317 ) ) ;
#439 = CARTESIAN_POINT ( 'NONE',  ( 8.892206051002926159, -19.77622816462037036, 63.50000000000000000 ) ) ;
#440 = ORIENTED_EDGE ( 'NONE', *, *, #534, .F. ) ;
#441 = CARTESIAN_POINT ( 'NONE',  ( -17.48206959633942503, 10.50000000000000000, 64.63566301371432132 ) ) ;
#442 = CARTESIAN_POINT ( 'NONE',  ( 18.53620495588667794, -7.953803981301523329, 65.00000000000000000 ) ) ;
#443 = FACE_OUTER_BOUND ( 'NONE', #79, .T. ) ;
#444 = DIRECTION ( 'NONE',  ( -0.000000000000000000, 0.000000000000000000, 1.000000000000000000 ) ) ;
#445 = CALENDAR_DATE ( 2026, 30, 5 ) ;
#446 = CARTESIAN_POINT ( 'NONE',  ( -21.56955804741927452, 2.219165273600576249, 65.00000000000000000 ) ) ;
#447 = VERTEX_POINT ( 'NONE', #526 ) ;
#448 = DIRECTION ( 'NONE',  ( -0.000000000000000000, 0.000000000000000000, 1.000000000000000000 ) ) ;
#449 = EDGE_CURVE ( 'NONE', #836, #314, #1157, .T. ) ;
#450 = CARTESIAN_POINT ( 'NONE',  ( -0.2739725310151497339, -21.68168508038315778, 65.00000000000000000 ) ) ;
#451 = LINE ( 'NONE', #463, #218 ) ;
#452 = CARTESIAN_POINT ( 'NONE',  ( -1.404954766609058714, -21.53470737957785630, 63.49999999999998579 ) ) ;
#453 = VECTOR ( 'NONE', #834, 1000.000000000000000 ) ;
#454 = CARTESIAN_POINT ( 'NONE',  ( -15.78336204266617493, 14.86795249866533197, 65.00000000000000000 ) ) ;
#455 = ORIENTED_EDGE ( 'NONE', *, *, #689, .F. ) ;
#456 = CARTESIAN_POINT ( 'NONE',  ( 0.000000000000000000, 0.000000000000000000, -10.00000000000000000 ) ) ;
#457 = CARTESIAN_POINT ( 'NONE',  ( -18.73126495317717399, -7.482887490355706106, 65.00000000000000000 ) ) ;
#458 = CARTESIAN_POINT ( 'NONE',  ( -12.07269646764963511, -10.50000000000000000, 65.00000000000000000 ) ) ;
#459 = CARTESIAN_POINT ( 'NONE',  ( -18.18059898108302974, -10.49999999999999645, 62.21968946499587361 ) ) ;
#460 = CARTESIAN_POINT ( 'NONE',  ( -13.68279394899039048, 16.82116757606425139, 65.00000000000000000 ) ) ;
#461 = FACE_BOUND ( 'NONE', #513, .T. ) ;
#462 = CARTESIAN_POINT ( 'NONE',  ( -19.55506972561696699, -4.945011624424287433, 65.00000000000000000 ) ) ;
#463 = CARTESIAN_POINT ( 'NONE',  ( 60.00000000000000000, 0.000000000000000000, -10.00000000000000000 ) ) ;
#464 = CARTESIAN_POINT ( 'NONE',  ( 18.03465195336846350, -10.50000000000000000, 62.13345234633692371 ) ) ;
#465 = CARTESIAN_POINT ( 'NONE',  ( -56.90500000000000114, 10.50000000000000000, 65.00000000000000000 ) ) ;
#466 = ORIENTED_EDGE ( 'NONE', *, *, #431, .T. ) ;
#467 = PLANE ( 'NONE',  #916 ) ;
#468 =( NAMED_UNIT ( * ) PLANE_ANGLE_UNIT ( ) SI_UNIT ( $, .RADIAN. ) );
#469 = LINE ( 'NONE', #1221, #57 ) ;
#470 = CARTESIAN_POINT ( 'NONE',  ( 18.76166303929371892, 10.50000000000000000, 63.50000000000000000 ) ) ;
#471 = AXIS2_PLACEMENT_3D ( 'NONE', #318, #1169, #611 ) ;
#472 = ORIENTED_EDGE ( 'NONE', *, *, #44, .T. ) ;
#473 = CARTESIAN_POINT ( 'NONE',  ( 18.75740929470052976, 10.49999999999999822, 63.51554085909545933 ) ) ;
#474 = B_SPLINE_CURVE_WITH_KNOTS ( 'NONE', 3,
 ( #868, #47, #1111, #144 ),
 .UNSPECIFIED., .F., .F.,
 ( 4, 4 ),
 ( 0.9799675095007047698, 1.000000000000000000 ),
 .UNSPECIFIED. ) ;
#475 = AXIS2_PLACEMENT_3D ( 'NONE', #699, #1231, #479 ) ;
#476 = CARTESIAN_POINT ( 'NONE',  ( 3.133416638020196654, 21.45582040018863523, 63.50000000000000000 ) ) ;
#477 = CARTESIAN_POINT ( 'NONE',  ( -19.07843542144333782, 10.30455388372352488, 65.00000000000000000 ) ) ;
#478 = APPROVAL_ROLE ( '' ) ;
#479 = DIRECTION ( 'NONE',  ( 1.000000000000000000, 0.000000000000000000, 0.000000000000000000 ) ) ;
#480 = DIRECTION ( 'NONE',  ( 1.000000000000000000, 0.000000000000000000, 0.000000000000000000 ) ) ;
#481 = CARTESIAN_POINT ( 'NONE',  ( 0.000000000000000000, -10.50000000000000000, 62.00000000000000000 ) ) ;
#482 = CARTESIAN_POINT ( 'NONE',  ( -0.6021323684929956732, 20.16163010647599307, 65.00000000000000000 ) ) ;
#483 = COORDINATED_UNIVERSAL_TIME_OFFSET ( 8, 0, .BEHIND. ) ;
#484 = CARTESIAN_POINT ( 'NONE',  ( 0.000000000000000000, 0.000000000000000000, 0.000000000000000000 ) ) ;
#485 = CARTESIAN_POINT ( 'NONE',  ( -21.67375236446015307, -0.6472922961304299339, 63.50000000000000000 ) ) ;
#486 = CARTESIAN_POINT ( 'NONE',  ( -56.90500000000000114, -10.50000000000000000, 0.000000000000000000 ) ) ;
#487 = CARTESIAN_POINT ( 'NONE',  ( -10.30455388372352132, -19.07843542143879034, 65.00000000000000000 ) ) ;
#488 = ADVANCED_FACE ( 'NONE', ( #628 ), #504, .T. ) ;
#489 = CARTESIAN_POINT ( 'NONE',  ( -12.07269646764963511, -10.50000000000000000, 65.00000000000000000 ) ) ;
#490 = CARTESIAN_POINT ( 'NONE',  ( 1.700379167655122314, 19.93153000080868864, 65.00000000000001421 ) ) ;
#491 = CARTESIAN_POINT ( 'NONE',  ( 0.000000000000000000, 0.000000000000000000, -10.00000000000000000 ) ) ;
#492 = EDGE_CURVE ( 'NONE', #774, #306, #681, .T. ) ;
#493 = ORIENTED_EDGE ( 'NONE', *, *, #1341, .T. ) ;
#494 = CARTESIAN_POINT ( 'NONE',  ( -17.38721625391963244, -12.95589594786942733, 63.50000000000000000 ) ) ;
#495 = CARTESIAN_POINT ( 'NONE',  ( -7.696165843102824589, -20.27164423986843644, 65.00000000000000000 ) ) ;
#496 = AXIS2_PLACEMENT_3D ( 'NONE', #949, #1274, #848 ) ;
#497 = CARTESIAN_POINT ( 'NONE',  ( 0.000000000000000000, 0.000000000000000000, 65.00000000000000000 ) ) ;
#498 = LINE ( 'NONE', #1349, #1060 ) ;
#499 = EDGE_CURVE ( 'NONE', #888, #126, #1189, .T. ) ;
#500 = DIRECTION ( 'NONE',  ( -0.000000000000000000, 0.000000000000000000, 1.000000000000000000 ) ) ;
#501 = CARTESIAN_POINT ( 'NONE',  ( 21.68168508038105458, -0.2739725310279359505, 63.50000000000000000 ) ) ;
#502 = CARTESIAN_POINT ( 'NONE',  ( 21.67375236445905884, 0.6472922961307794321, 65.00000000000000000 ) ) ;
#503 = CARTESIAN_POINT ( 'NONE',  ( 12.07269646764963511, 10.50000000000000000, 65.00000000000000000 ) ) ;
#504 =( BOUNDED_SURFACE ( )  B_SPLINE_SURFACE ( 2, 3, ( 
 ( #1174, #1, #399, #1259, #105, #1057, #97, #420, #316, #212, #1167, #978, #1202, #1311, #22, #462, #457, #225, #649, #240, #1089, #356, #760, #329, #15, #1196, #153, #129, #442, #1074, #890, #350, #869, #1288 ),
 ( #676, #767, #1104, #540, #670, #1296, #119, #337, #572, #136, #970, #1000, #435, #1098, #1187, #233, #557, #664, #145, #36, #986, #30, #450, #876, #992, #48, #1034, #1136, #171, #1230, #592, #272, #583, #258 ),
 ( #73, #68, #1013, #53, #264, #476, #600, #182, #820, #905, #1332, #385, #684, #62, #711, #697, #1324, #494, #1340, #159, #1007, #896, #706, #370, #1319, #913, #379, #808, #1043, #80, #501, #932, #397, #1234 ) ),
 .UNSPECIFIED., .F., .T., .F. ) 
 B_SPLINE_SURFACE_WITH_KNOTS ( ( 3, 3 ),
 ( 4, 2, 2, 2, 2, 2, 2, 2, 2, 2, 2, 2, 2, 2, 2, 2, 4 ),
 ( 0.000000000000000000, 1.000000000000000000 ),
 ( -5.772962036442234712, -5.380262954743511017, -4.987563873044786433, -4.594864791346061850, -4.202165709647338154, -3.809466627948614015, -3.416767546249889875, -3.024068464551165736, -2.631369382852441596, -2.238670301153717457, -1.845971219454993317, -1.453272137756269178, -1.060573056057545038, -0.6678739743588208988, -0.2751748926600967038, 0.1175241890386274635, 0.5102232707373515197 ),
 .UNSPECIFIED. ) 
 GEOMETRIC_REPRESENTATION_ITEM ( )  RATIONAL_B_SPLINE_SURFACE ( (
 ( 1.000000000000000000, 1.000000000000000000, 1.000000000000000000, 1.000000000000000000, 1.000000000000000000, 1.000000000000000000, 1.000000000000000000, 1.000000000000000000, 1.000000000000000000, 1.000000000000000000, 1.000000000000000000, 1.000000000000000000, 1.000000000000000000, 1.000000000000000000, 1.000000000000000000, 1.000000000000000000, 1.000000000000000000, 1.000000000000000000, 1.000000000000000000, 1.000000000000000000, 1.000000000000000000, 1.000000000000000000, 1.000000000000000000, 1.000000000000000000, 1.000000000000000000, 1.000000000000000000, 1.000000000000000000, 1.000000000000000000, 1.000000000000000000, 1.000000000000000000, 1.000000000000000000, 1.000000000000000000, 1.000000000000000000, 1.000000000000000000),
 ( 0.02121320343559643384, 0.02121320343559643384, 0.02121320343559642690, 0.02121320343559642690, 0.02121320343559643731, 0.02121320343559643731, 0.02121320343559641997, 0.02121320343559641997, 0.02121320343559642344, 0.02121320343559642344, 0.02121320343559644078, 0.02121320343559644078, 0.02121320343559643384, 0.02121320343559643384, 0.02121320343559641997, 0.02121320343559641997, 0.02121320343559643731, 0.02121320343559643731, 0.02121320343559642690, 0.02121320343559642690, 0.02121320343559643384, 0.02121320343559643384, 0.02121320343559642690, 0.02121320343559642690, 0.02121320343559643731, 0.02121320343559643731, 0.02121320343559642344, 0.02121320343559642344, 0.02121320343559644425, 0.02121320343559644425, 0.02121320343559643037, 0.02121320343559643037, 0.02121320343559643384, 0.02121320343559643384),
 ( 1.000000000000000000, 1.000000000000000000, 1.000000000000000000, 1.000000000000000000, 1.000000000000000000, 1.000000000000000000, 1.000000000000000000, 1.000000000000000000, 1.000000000000000000, 1.000000000000000000, 1.000000000000000000, 1.000000000000000000, 1.000000000000000000, 1.000000000000000000, 1.000000000000000000, 1.000000000000000000, 1.000000000000000000, 1.000000000000000000, 1.000000000000000000, 1.000000000000000000, 1.000000000000000000, 1.000000000000000000, 1.000000000000000000, 1.000000000000000000, 1.000000000000000000, 1.000000000000000000, 1.000000000000000000, 1.000000000000000000, 1.000000000000000000, 1.000000000000000000, 1.000000000000000000, 1.000000000000000000, 1.000000000000000000, 1.000000000000000000) ) ) 
 REPRESENTATION_ITEM ( '' )  SURFACE ( )  );
#505 = CARTESIAN_POINT ( 'NONE',  ( 0.000000000000000000, 0.000000000000000000, -5.000000000000000000 ) ) ;
#506 = EDGE_CURVE ( 'NONE', #1338, #682, #558, .T. ) ;
#507 = VECTOR ( 'NONE', #930, 1000.000000000000000 ) ;
#508 = CARTESIAN_POINT ( 'NONE',  ( -20.06470516038980989, 2.064339789395647440, 65.00000000000000000 ) ) ;
#509 = ORIENTED_EDGE ( 'NONE', *, *, #953, .F. ) ;
#510 = CARTESIAN_POINT ( 'NONE',  ( -21.56955804741997085, 2.219165273600741006, 63.50000000000000000 ) ) ;
#511 = DIRECTION ( 'NONE',  ( -0.000000000000000000, 0.000000000000000000, 1.000000000000000000 ) ) ;
#512 = EDGE_CURVE ( 'NONE', #860, #937, #94, .T. ) ;
#513 = EDGE_LOOP ( 'NONE', ( #413, #1171 ) ) ;
#514 = DIRECTION ( 'NONE',  ( -1.000000000000000000, 0.000000000000000000, 0.000000000000000000 ) ) ;
#515 = CARTESIAN_POINT ( 'NONE',  ( 17.74738178738122230, -9.585631519748865514, 65.00000000000000000 ) ) ;
#516 = ADVANCED_FACE ( 'NONE', ( #550 ), #803, .T. ) ;
#517 = ORIENTED_EDGE ( 'NONE', *, *, #1269, .T. ) ;
#518 = CARTESIAN_POINT ( 'NONE',  ( -18.29869787034038353, -11.28750000000000142, 65.00000000000000000 ) ) ;
#519 = AXIS2_PLACEMENT_3D ( 'NONE', #1354, #1261, #92 ) ;
#520 = CARTESIAN_POINT ( 'NONE',  ( 18.74839127052527132, 10.50000000000000000, 63.28618840628325160 ) ) ;
#521 = AXIS2_PLACEMENT_3D ( 'NONE', #387, #1237, #275 ) ;
#522 = VERTEX_POINT ( 'NONE', #1203 ) ;
#523 = CARTESIAN_POINT ( 'NONE',  ( -18.29869787034038708, -11.28750000000000142, 65.00000000000000000 ) ) ;
#524 = CARTESIAN_POINT ( 'NONE',  ( -14.68219724899178757, 13.83065348712916887, 65.00000000000000000 ) ) ;
#525 = CARTESIAN_POINT ( 'NONE',  ( -17.84736773078370220, 10.49999999999999822, 62.17363047216592520 ) ) ;
#526 = CARTESIAN_POINT ( 'NONE',  ( 17.02204453054920208, -10.50000000000000000, 62.00000000000000000 ) ) ;
#527 = EDGE_LOOP ( 'NONE', ( #51, #1141, #629, #220 ) ) ;
#528 = DIRECTION ( 'NONE',  ( -0.000000000000000000, -0.000000000000000000, -1.000000000000000000 ) ) ;
#529 = CARTESIAN_POINT ( 'NONE',  ( -24.12000000000000099, 2.953848079543416396E-15, -5.000000000000000000 ) ) ;
#530 = EDGE_LOOP ( 'NONE', ( #46, #973, #517, #66, #1275, #1168, #34, #882 ) ) ;
#531 = CYLINDRICAL_SURFACE ( 'NONE', #1006, 60.00000000000000000 ) ;
#532 = CARTESIAN_POINT ( 'NONE',  ( 18.65874010177222786, 10.50000000000000000, 62.97847457836158469 ) ) ;
#533 = EDGE_CURVE ( 'NONE', #1042, #1079, #665, .T. ) ;
#534 = EDGE_CURVE ( 'NONE', #674, #931, #199, .T. ) ;
#535 = VERTEX_POINT ( 'NONE', #559 ) ;
#536 = DATE_TIME_ROLE ( 'creation_date' ) ;
#537 = CARTESIAN_POINT ( 'NONE',  ( -17.02204453054919497, -10.50000000000000000, 65.00000000000000000 ) ) ;
#538 = ORIENTED_EDGE ( 'NONE', *, *, #827, .F. ) ;
#539 = FACE_OUTER_BOUND ( 'NONE', #1260, .T. ) ;
#540 = CARTESIAN_POINT ( 'NONE',  ( 11.10568649364869565, 18.62348668691070230, 65.00000000000000000 ) ) ;
#541 = VECTOR ( 'NONE', #1246, 1000.000000000000000 ) ;
#542 = CARTESIAN_POINT ( 'NONE',  ( -56.90500000000000114, -10.50000000000000000, 0.000000000000000000 ) ) ;
#543 = VERTEX_POINT ( 'NONE', #155 ) ;
#544 = CARTESIAN_POINT ( 'NONE',  ( 17.67713333242569718, -10.49999999999999822, 64.46968844432441870 ) ) ;
#545 = AXIS2_PLACEMENT_3D ( 'NONE', #1353, #726, #415 ) ;
#546 = B_SPLINE_CURVE_WITH_KNOTS ( 'NONE', 3,
 ( #985, #875, #1295, #781, #1081, #150, #343, #776, #127, #549, #1207, #252, #239, #565, #990, #35, #1201, #883, #889, #1305, #349, #1310, #246, #571, #1116, #814, #912, #1233, #391, #278, #793, #177, #1129, #1330 ),
 .UNSPECIFIED., .F., .F.,
 ( 4, 1, 2, 2, 2, 2, 2, 2, 2, 2, 2, 2, 1, 2, 2, 2, 2, 4 ),
 ( 0.000000000000000000, 0.06249999999999991673, 0.09374999999999986122, 0.1249999999999998057, 0.1874999999999998057, 0.2499999999999997780, 0.3124999999999997224, 0.3749999999999996669, 0.4374999999999995559, 0.4999999999999995559, 0.5624999999999994449, 0.6249999999999993339, 0.6874999999999993339, 0.7187499999999993339, 0.7499999999999994449, 0.8124999999999995559, 0.8749999999999996669, 1.000000000000000000 ),
 .UNSPECIFIED. ) ;
#547 = CARTESIAN_POINT ( 'NONE',  ( -18.29869787034038708, -11.28750000000000142, 63.50000000000000000 ) ) ;
#548 = ORIENTED_EDGE ( 'NONE', *, *, #685, .F. ) ;
#549 = CARTESIAN_POINT ( 'NONE',  ( -10.49264839626308188, -17.04737270919948955, 64.99999999999998579 ) ) ;
#550 = FACE_OUTER_BOUND ( 'NONE', #163, .T. ) ;
#551 = CARTESIAN_POINT ( 'NONE',  ( -18.38358971525592978, -10.49999999999999645, 62.37197160477251145 ) ) ;
#552 = CARTESIAN_POINT ( 'NONE',  ( -20.27164423986940278, 7.696165843115958971, 63.50000000000000000 ) ) ;
#553 = EDGE_CURVE ( 'NONE', #1178, #703, #987, .T. ) ;
#554 = B_SPLINE_CURVE_WITH_KNOTS ( 'NONE', 3,
 ( #1106, #1300, #1181, #788, #892, #459, #227, #551, #879, #1084, #567, #1204, #338, #1112, #160, #1281 ),
 .UNSPECIFIED., .F., .F.,
 ( 4, 2, 2, 2, 2, 2, 2, 4 ),
 ( 0.000000000000000000, 0.0005056074525438400066, 0.0007584111788157600099, 0.001011214905087680013, 0.001264018631359600017, 0.001516822357631520020, 0.001769626083903440023, 0.002022429810175360027 ),
 .UNSPECIFIED. ) ;
#555 = ORIENTED_EDGE ( 'NONE', *, *, #561, .T. ) ;
#556 = DIRECTION ( 'NONE',  ( 1.000000000000000000, 0.000000000000000000, 0.000000000000000000 ) ) ;
#557 = CARTESIAN_POINT ( 'NONE',  ( -20.13610982466887123, -8.044104052131190841, 65.00000000000000000 ) ) ;
#558 = CIRCLE ( 'NONE', #1158, 60.00000000000000000 ) ;
#559 = CARTESIAN_POINT ( 'NONE',  ( -17.02204453054920208, 10.50000000000000000, 0.000000000000000000 ) ) ;
#560 = CARTESIAN_POINT ( 'NONE',  ( 4.174858650255309556, -21.17281452879260328, 63.50000000000001421 ) ) ;
#561 = EDGE_CURVE ( 'NONE', #1338, #931, #451, .T. ) ;
#562 = CARTESIAN_POINT ( 'NONE',  ( 0.000000000000000000, 0.000000000000000000, 0.000000000000000000 ) ) ;
#563 = CARTESIAN_POINT ( 'NONE',  ( -6.204071132645328390, 20.77691098921235024, 63.50000000000000000 ) ) ;
#564 = ORIENTED_EDGE ( 'NONE', *, *, #885, .T. ) ;
#565 = CARTESIAN_POINT ( 'NONE',  ( -5.857949272587119616, -19.14143823914086440, 65.00000000000000000 ) ) ;
#566 = CARTESIAN_POINT ( 'NONE',  ( -18.33999400169692251, -10.50000000000000000, 63.89658688796757957 ) ) ;
#567 = CARTESIAN_POINT ( 'NONE',  ( -18.60139029492025387, -10.50000000000000000, 62.63350562016137246 ) ) ;
#568 = EDGE_CURVE ( 'NONE', #1011, #860, #37, .T. ) ;
#569 = CARTESIAN_POINT ( 'NONE',  ( 15.78336204267439236, -14.86795249866023028, 65.00000000000000000 ) ) ;
#570 = ORIENTED_EDGE ( 'NONE', *, *, #561, .F. ) ;
#571 = CARTESIAN_POINT ( 'NONE',  ( 7.069603826467809604, -18.74203758253498364, 65.00000000000000000 ) ) ;
#572 = CARTESIAN_POINT ( 'NONE',  ( -8.044104052131213933, 20.13610982466885702, 65.00000000000000000 ) ) ;
#573 = CARTESIAN_POINT ( 'NONE',  ( -18.64826801541138934, -10.50000000000000178, 63.62285857066422778 ) ) ;
#574 = CARTESIAN_POINT ( 'NONE',  ( 0.000000000000000000, 0.000000000000000000, 65.00000000000000000 ) ) ;
#575 = CARTESIAN_POINT ( 'NONE',  ( 20.77691098921245327, 6.204071132644692455, 63.50000000000000000 ) ) ;
#576 = CARTESIAN_POINT ( 'NONE',  ( -17.02154692473969178, 10.50000000000000000, 65.00000000000000000 ) ) ;
#577 = CARTESIAN_POINT ( 'NONE',  ( 17.71003850502647126, -10.50000000000000000, 62.02607327454325059 ) ) ;
#578 = ADVANCED_FACE ( 'NONE', ( #42 ), #331, .F. ) ;
#579 = LINE ( 'NONE', #840, #207 ) ;
#580 = ORIENTED_EDGE ( 'NONE', *, *, #742, .F. ) ;
#581 = PLANE ( 'NONE',  #1185 ) ;
#582 = PRODUCT ( 'EDM Spool', 'EDM Spool', '', ( #974 ) ) ;
#583 = CARTESIAN_POINT ( 'NONE',  ( 20.13610982466887833, 8.044104052133453919, 65.00000000000000000 ) ) ;
#584 = CARTESIAN_POINT ( 'NONE',  ( 15.78336204267439236, -14.86795249866023028, 65.00000000000000000 ) ) ;
#585 = APPLICATION_PROTOCOL_DEFINITION ( 'international standard', 'config_control_design', 1994, #958 ) ;
#586 = DIRECTION ( 'NONE',  ( 1.000000000000000000, 0.000000000000000000, 0.000000000000000000 ) ) ;
#587 = CARTESIAN_POINT ( 'NONE',  ( 6.682781231646395703, 18.92739409766987535, 65.00000000000000000 ) ) ;
#588 = LOCAL_TIME ( 15, 38, 8.000000000000000000, #965 ) ;
#589 = EDGE_LOOP ( 'NONE', ( #654, #1147 ) ) ;
#590 = CARTESIAN_POINT ( 'NONE',  ( 17.97994949214636051, 10.50000000000000000, 64.20974925534108024 ) ) ;
#591 = CIRCLE ( 'NONE', #151, 24.12000000000000099 ) ;
#592 = CARTESIAN_POINT ( 'NONE',  ( 21.68168508038389675, -0.2739725310276007186, 65.00000000000000000 ) ) ;
#593 = CARTESIAN_POINT ( 'NONE',  ( 9.585631519744326923, 17.74738178738576977, 65.00000000000000000 ) ) ;
#594 = APPROVAL_STATUS ( 'not_yet_approved' ) ;
#595 = PLANE ( 'NONE',  #880 ) ;
#596 = CARTESIAN_POINT ( 'NONE',  ( 9.235056600719163455, 19.50831782878538689, 63.50000000000000000 ) ) ;
#597 = VERTEX_POINT ( 'NONE', #458 ) ;
#598 = CARTESIAN_POINT ( 'NONE',  ( 0.000000000000000000, 0.000000000000000000, -5.000000000000000000 ) ) ;
#599 = CC_DESIGN_PERSON_AND_ORGANIZATION_ASSIGNMENT ( #763, #1291, ( #634 ) ) ;
#600 = CARTESIAN_POINT ( 'NONE',  ( 0.2739725310269319758, 21.68168508038093378, 63.50000000000000000 ) ) ;
#601 = CARTESIAN_POINT ( 'NONE',  ( 13.68279394900020307, -16.82116757606171831, 65.00000000000000000 ) ) ;
#602 = CARTESIAN_POINT ( 'NONE',  ( 17.02204453054920208, 10.50000000000000000, 62.00000000000000000 ) ) ;
#603 =( BOUNDED_SURFACE ( )  B_SPLINE_SURFACE ( 2, 3, ( 
 ( #241, #1312, #1099, #657, #344, #146, #1076, #870, #1175, #219, #54, #906, #608, #1035, #172, #1347, #69, #398, #392, #593, #1023, #1130, #482, #74, #81, #292, #698, #279, #614, #723, #1342, #1044, #1028, #1333 ),
 ( #287, #821, #386, #487, #495, #1123, #1224, #914, #1235, #601, #584, #380, #920, #1014, #502, #1148, #809, #707, #829, #712, #273, #1241, #799, #371, #1220, #815, #1137, #477, #1325, #925, #265, #193, #1369, #518 ),
 ( #620, #969, #425, #96, #1156, #198, #1172, #419, #1279, #731, #404, #947, #954, #854, #837, #751, #1062, #1067, #1162, #633, #216, #846, #414, #1264, #211, #842, #110, #626, #641, #510, #1056, #104, #1364, #434 ) ),
 .UNSPECIFIED., .F., .T., .F. ) 
 B_SPLINE_SURFACE_WITH_KNOTS ( ( 3, 3 ),
 ( 4, 2, 2, 2, 2, 2, 2, 2, 2, 2, 2, 2, 2, 2, 2, 2, 4 ),
 ( 0.000000000000000000, 1.000000000000000000 ),
 ( -2.588877540493009555, -2.196178458794285415, -1.803479377095561276, -1.410780295396837136, -1.018081213698112997, -0.6253821319993888572, -0.2326830503006647177, 0.1600160313980594218, 0.5527151130967835613, 0.9454141947955077008, 1.338113276494231840, 1.730812358192955980, 2.123511439891680119, 2.516210521590404259, 2.908909603289128398, 3.301608684987852538, 3.694307766686576677 ),
 .UNSPECIFIED. ) 
 GEOMETRIC_REPRESENTATION_ITEM ( )  RATIONAL_B_SPLINE_SURFACE ( (
 ( 1.000000000000000000, 1.000000000000000000, 1.000000000000000000, 1.000000000000000000, 1.000000000000000000, 1.000000000000000000, 1.000000000000000000, 1.000000000000000000, 1.000000000000000000, 1.000000000000000000, 1.000000000000000000, 1.000000000000000000, 1.000000000000000000, 1.000000000000000000, 1.000000000000000000, 1.000000000000000000, 1.000000000000000000, 1.000000000000000000, 1.000000000000000000, 1.000000000000000000, 1.000000000000000000, 1.000000000000000000, 1.000000000000000000, 1.000000000000000000, 1.000000000000000000, 1.000000000000000000, 1.000000000000000000, 1.000000000000000000, 1.000000000000000000, 1.000000000000000000, 1.000000000000000000, 1.000000000000000000, 1.000000000000000000, 1.000000000000000000),
 ( 0.02121320343559643384, 0.02121320343559643384, 0.02121320343559640956, 0.02121320343559640956, 0.02121320343559643731, 0.02121320343559643731, 0.02121320343559643731, 0.02121320343559643731, 0.02121320343559643731, 0.02121320343559643731, 0.02121320343559643037, 0.02121320343559643037, 0.02121320343559643731, 0.02121320343559643731, 0.02121320343559644078, 0.02121320343559644078, 0.02121320343559643384, 0.02121320343559643384, 0.02121320343559643037, 0.02121320343559643037, 0.02121320343559644078, 0.02121320343559644078, 0.02121320343559643731, 0.02121320343559643731, 0.02121320343559643384, 0.02121320343559643384, 0.02121320343559644772, 0.02121320343559644772, 0.02121320343559643731, 0.02121320343559643731, 0.02121320343559643384, 0.02121320343559643384, 0.02121320343559643384, 0.02121320343559643384),
 ( 1.000000000000000000, 1.000000000000000000, 1.000000000000000000, 1.000000000000000000, 1.000000000000000000, 1.000000000000000000, 1.000000000000000000, 1.000000000000000000, 1.000000000000000000, 1.000000000000000000, 1.000000000000000000, 1.000000000000000000, 1.000000000000000000, 1.000000000000000000, 1.000000000000000000, 1.000000000000000000, 1.000000000000000000, 1.000000000000000000, 1.000000000000000000, 1.000000000000000000, 1.000000000000000000, 1.000000000000000000, 1.000000000000000000, 1.000000000000000000, 1.000000000000000000, 1.000000000000000000, 1.000000000000000000, 1.000000000000000000, 1.000000000000000000, 1.000000000000000000, 1.000000000000000000, 1.000000000000000000, 1.000000000000000000, 1.000000000000000000) ) ) 
 REPRESENTATION_ITEM ( '' )  SURFACE ( )  );
#604 = CARTESIAN_POINT ( 'NONE',  ( 2.965192455838572716, 19.81071194237817323, 65.00000000000000000 ) ) ;
#605 = ADVANCED_FACE ( 'NONE', ( #443 ), #603, .T. ) ;
#606 = CARTESIAN_POINT ( 'NONE',  ( -18.76166303929371182, -10.50000000000000000, 63.50000000000000000 ) ) ;
#607 = ORIENTED_EDGE ( 'NONE', *, *, #1255, .F. ) ;
#608 = CARTESIAN_POINT ( 'NONE',  ( 18.85734347895047591, -7.159224040101479503, 65.00000000000000000 ) ) ;
#609 = CARTESIAN_POINT ( 'NONE',  ( -6.890448540771129338, -20.45089823766299375, 63.50000000000001421 ) ) ;
#610 = UNCERTAINTY_MEASURE_WITH_UNIT (LENGTH_MEASURE( 1.000000000000000082E-05 ), #659, 'distance_accuracy_value', 'NONE');
#611 = DIRECTION ( 'NONE',  ( 1.000000000000000000, 0.000000000000000000, 0.000000000000000000 ) ) ;
#612 = PLANE ( 'NONE',  #162 ) ;
#613 = AXIS2_PLACEMENT_3D ( 'NONE', #312, #743, #412 ) ;
#614 = CARTESIAN_POINT ( 'NONE',  ( -18.85734347894914009, 7.159224040108258968, 65.00000000000000000 ) ) ;
#615 = CIRCLE ( 'NONE', #125, 20.00000000000000000 ) ;
#616 = DIRECTION ( 'NONE',  ( 0.000000000000000000, 0.000000000000000000, 1.000000000000000000 ) ) ;
#617 = CARTESIAN_POINT ( 'NONE',  ( 0.000000000000000000, 0.000000000000000000, 0.000000000000000000 ) ) ;
#618 = CARTESIAN_POINT ( 'NONE',  ( -17.02204453054919497, -10.50000000000000000, 65.00000000000000000 ) ) ;
#619 = VERTEX_POINT ( 'NONE', #861 ) ;
#620 = CARTESIAN_POINT ( 'NONE',  ( -18.29869787034038708, -11.28750000000000142, 63.50000000000000000 ) ) ;
#621 = CARTESIAN_POINT ( 'NONE',  ( 18.76166303929371892, 10.50000000000000000, 63.50000000000000000 ) ) ;
#622 = ORIENTED_EDGE ( 'NONE', *, *, #1155, .T. ) ;
#623 = LINE ( 'NONE', #844, #453 ) ;
#624 = CARTESIAN_POINT ( 'NONE',  ( 7.159224040107169174, 18.85734347894727492, 65.00000000000000000 ) ) ;
#625 = ORIENTED_EDGE ( 'NONE', *, *, #154, .F. ) ;
#626 = CARTESIAN_POINT ( 'NONE',  ( -19.07843542144049920, 10.30455388372147318, 63.50000000000000000 ) ) ;
#627 = EDGE_CURVE ( 'NONE', #114, #13, #727, .T. ) ;
#628 = FACE_OUTER_BOUND ( 'NONE', #1253, .T. ) ;
#629 = ORIENTED_EDGE ( 'NONE', *, *, #116, .F. ) ;
#630 = CARTESIAN_POINT ( 'NONE',  ( 0.000000000000000000, 0.000000000000000000, 0.000000000000000000 ) ) ;
#631 = CARTESIAN_POINT ( 'NONE',  ( 18.39649131592129905, 8.271819582335307786, 65.00000000000000000 ) ) ;
#632 = ORIENTED_EDGE ( 'NONE', *, *, #568, .F. ) ;
#633 = CARTESIAN_POINT ( 'NONE',  ( 10.30455388372351777, 19.07843542143901772, 63.50000000000000000 ) ) ;
#634 = PRODUCT_DEFINITION_FORMATION_WITH_SPECIFIED_SOURCE ( 'ANY', '', #582, .NOT_KNOWN. ) ;
#635 = CARTESIAN_POINT ( 'NONE',  ( 17.23659892470484678, 10.49999999999999822, 62.00000000000000711 ) ) ;
#636 = ORIENTED_EDGE ( 'NONE', *, *, #499, .T. ) ;
#637 = PLANE ( 'NONE',  #993 ) ;
#638 = CARTESIAN_POINT ( 'NONE',  ( -17.02204453054920208, -10.50000000000000000, 65.00000000000000000 ) ) ;
#639 = ORIENTED_EDGE ( 'NONE', *, *, #685, .T. ) ;
#640 = ADVANCED_FACE ( 'NONE', ( #1166 ), #531, .T. ) ;
#641 = CARTESIAN_POINT ( 'NONE',  ( -20.27164423986940278, 7.696165843115958971, 63.50000000000000000 ) ) ;
#642 = ADVANCED_FACE ( 'NONE', ( #539 ), #758, .F. ) ;
#643 = CARTESIAN_POINT ( 'NONE',  ( 17.44494097484846407, 10.50000000000000178, 62.03227282553368838 ) ) ;
#644 = EDGE_LOOP ( 'NONE', ( #251, #945, #740, #632, #428 ) ) ;
#645 = COORDINATED_UNIVERSAL_TIME_OFFSET ( 8, 0, .BEHIND. ) ;
#646 = CARTESIAN_POINT ( 'NONE',  ( -2.064339789408093040, -20.06470516039167151, 65.00000000000000000 ) ) ;
#647 = ORIENTED_EDGE ( 'NONE', *, *, #449, .F. ) ;
#648 = CARTESIAN_POINT ( 'NONE',  ( -18.28830452576707088, 10.49999999999999822, 62.46297030980417730 ) ) ;
#649 = CARTESIAN_POINT ( 'NONE',  ( -14.44185523947652428, -14.08143136124560968, 65.00000000000000000 ) ) ;
#650 = CARTESIAN_POINT ( 'NONE',  ( -17.02204453054919497, -10.50000000000000000, 65.00000000000000000 ) ) ;
#651 = ORIENTED_EDGE ( 'NONE', *, *, #904, .T. ) ;
#652 = PERSON_AND_ORGANIZATION ( #679, #1039 ) ;
#653 = CARTESIAN_POINT ( 'NONE',  ( -14.86795249866533020, -15.78336204267070642, 65.00000000000000000 ) ) ;
#654 = ORIENTED_EDGE ( 'NONE', *, *, #506, .F. ) ;
#655 =( BOUNDED_SURFACE ( )  B_SPLINE_SURFACE ( 2, 3, ( 
 ( #537, #204, #5, #841, #197, #646, #423, #851, #966, #1146, #417, #515, #749, #214, #209, #826, #631, #736, #305, #93, #624, #1239, #290, #1059, #102, #191, #524, #1047, #86, #508, #1355, #1249, #298, #730 ),
 ( #755, #1284, #653, #996, #1205, #673, #334, #1177, #873, #1308, #569, #773, #1109, #243, #132, #39, #1277, #33, #667, #680, #764, #1101, #1292, #325, #354, #460, #454, #222, #124, #446, #1078, #142, #779, #1183 ),
 ( #547, #866, #341, #229, #249, #347, #887, #237, #439, #881, #1092, #148, #432, #783, #156, #575, #12, #1302, #1193, #859, #27, #1199, #975, #563, #19, #988, #660, #1086, #552, #983, #485, #790, #910, #917 ) ),
 .UNSPECIFIED., .F., .T., .F. ) 
 B_SPLINE_SURFACE_WITH_KNOTS ( ( 3, 3 ),
 ( 4, 2, 2, 2, 2, 2, 2, 2, 2, 2, 2, 2, 2, 2, 2, 2, 4 ),
 ( 0.000000000000000000, 1.000000000000000000 ),
 ( -2.588877540493009555, -2.196178458794285415, -1.803479377095561276, -1.410780295396837136, -1.018081213698112997, -0.6253821319993888572, -0.2326830503006647177, 0.1600160313980594218, 0.5527151130967835613, 0.9454141947955077008, 1.338113276494231840, 1.730812358192955980, 2.123511439891680119, 2.516210521590404259, 2.908909603289128398, 3.301608684987852538, 3.694307766686576677 ),
 .UNSPECIFIED. ) 
 GEOMETRIC_REPRESENTATION_ITEM ( )  RATIONAL_B_SPLINE_SURFACE ( (
 ( 1.000000000000000000, 1.000000000000000000, 1.000000000000000000, 1.000000000000000000, 1.000000000000000000, 1.000000000000000000, 1.000000000000000000, 1.000000000000000000, 1.000000000000000000, 1.000000000000000000, 1.000000000000000000, 1.000000000000000000, 1.000000000000000000, 1.000000000000000000, 1.000000000000000000, 1.000000000000000000, 1.000000000000000000, 1.000000000000000000, 1.000000000000000000, 1.000000000000000000, 1.000000000000000000, 1.000000000000000000, 1.000000000000000000, 1.000000000000000000, 1.000000000000000000, 1.000000000000000000, 1.000000000000000000, 1.000000000000000000, 1.000000000000000000, 1.000000000000000000, 1.000000000000000000, 1.000000000000000000, 1.000000000000000000, 1.000000000000000000),
 ( 0.02121320343559643384, 0.02121320343559643384, 0.02121320343559640956, 0.02121320343559640956, 0.02121320343559643731, 0.02121320343559643731, 0.02121320343559643731, 0.02121320343559643731, 0.02121320343559643731, 0.02121320343559643731, 0.02121320343559643037, 0.02121320343559643037, 0.02121320343559643731, 0.02121320343559643731, 0.02121320343559644078, 0.02121320343559644078, 0.02121320343559643384, 0.02121320343559643384, 0.02121320343559643037, 0.02121320343559643037, 0.02121320343559644078, 0.02121320343559644078, 0.02121320343559643731, 0.02121320343559643731, 0.02121320343559643384, 0.02121320343559643384, 0.02121320343559644772, 0.02121320343559644772, 0.02121320343559643731, 0.02121320343559643731, 0.02121320343559643384, 0.02121320343559643384, 0.02121320343559643384, 0.02121320343559643384),
 ( 1.000000000000000000, 1.000000000000000000, 1.000000000000000000, 1.000000000000000000, 1.000000000000000000, 1.000000000000000000, 1.000000000000000000, 1.000000000000000000, 1.000000000000000000, 1.000000000000000000, 1.000000000000000000, 1.000000000000000000, 1.000000000000000000, 1.000000000000000000, 1.000000000000000000, 1.000000000000000000, 1.000000000000000000, 1.000000000000000000, 1.000000000000000000, 1.000000000000000000, 1.000000000000000000, 1.000000000000000000, 1.000000000000000000, 1.000000000000000000, 1.000000000000000000, 1.000000000000000000, 1.000000000000000000, 1.000000000000000000, 1.000000000000000000, 1.000000000000000000, 1.000000000000000000, 1.000000000000000000, 1.000000000000000000, 1.000000000000000000) ) ) 
 REPRESENTATION_ITEM ( '' )  SURFACE ( )  );
#656 = CARTESIAN_POINT ( 'NONE',  ( -60.00000000000000000, 7.347880794884118356E-15, -10.00000000000000000 ) ) ;
#657 = CARTESIAN_POINT ( 'NONE',  ( -9.585631519744184814, -17.74738178738460093, 65.00000000000000000 ) ) ;
#658 = CARTESIAN_POINT ( 'NONE',  ( 0.000000000000000000, 0.000000000000000000, 0.000000000000000000 ) ) ;
#659 =( LENGTH_UNIT ( ) NAMED_UNIT ( * ) SI_UNIT ( .MILLI., .METRE. ) );
#660 = CARTESIAN_POINT ( 'NONE',  ( -15.78336204266901710, 14.86795249866738367, 63.50000000000000000 ) ) ;
#661 = ORIENTED_EDGE ( 'NONE', *, *, #534, .T. ) ;
#662 = CARTESIAN_POINT ( 'NONE',  ( -56.90500000000000114, 10.50000000000000000, 0.000000000000000000 ) ) ;
#663 = EDGE_CURVE ( 'NONE', #832, #321, #375, .T. ) ;
#664 = CARTESIAN_POINT ( 'NONE',  ( -17.38721625391855241, -12.95589594786882337, 65.00000000000000000 ) ) ;
#665 = LINE ( 'NONE', #542, #824 ) ;
#666 = CARTESIAN_POINT ( 'NONE',  ( 9.474398861474023548, -19.38951484782335299, 63.50000000000001421 ) ) ;
#667 = CARTESIAN_POINT ( 'NONE',  ( 14.86795249866477242, 15.78336204266985376, 65.00000000000000000 ) ) ;
#668 = ORIENTED_EDGE ( 'NONE', *, *, #786, .T. ) ;
#669 = CARTESIAN_POINT ( 'NONE',  ( -18.75174885342723385, 10.50000000000000178, 63.53112225720300188 ) ) ;
#670 = CARTESIAN_POINT ( 'NONE',  ( 8.550339279905463385, 19.92642032757147774, 65.00000000000000000 ) ) ;
#671 = CARTESIAN_POINT ( 'NONE',  ( 0.000000000000000000, 0.000000000000000000, 0.000000000000000000 ) ) ;
#672 = CARTESIAN_POINT ( 'NONE',  ( 18.76166303929372248, -10.50000000000000000, 63.11620502565303070 ) ) ;
#673 = CARTESIAN_POINT ( 'NONE',  ( -2.219165273613870504, -21.56955804742093363, 65.00000000000000000 ) ) ;
#674 = VERTEX_POINT ( 'NONE', #675 ) ;
#675 = CARTESIAN_POINT ( 'NONE',  ( -60.00000000000000000, 7.347880794884118356E-15, 0.000000000000000000 ) ) ;
#676 = CARTESIAN_POINT ( 'NONE',  ( 18.76166303929371892, 10.50000000000000000, 65.00000000000000000 ) ) ;
#677 = CARTESIAN_POINT ( 'NONE',  ( 0.000000000000000000, 0.000000000000000000, 0.000000000000000000 ) ) ;
#678 = CARTESIAN_POINT ( 'NONE',  ( 12.66698240492450900, -17.47183666858168039, 63.50000000000000000 ) ) ;
#679 = PERSON ( 'UNSPECIFIED', 'UNSPECIFIED', 'UNSPECIFIED', ('UNSPECIFIED'), ('UNSPECIFIED'), ('UNSPECIFIED') ) ;
#680 = CARTESIAN_POINT ( 'NONE',  ( 10.30455388372401515, 19.07843542143970694, 65.00000000000000000 ) ) ;
#681 = CIRCLE ( 'NONE', #714, 16.00000000000000000 ) ;
#682 = VERTEX_POINT ( 'NONE', #656 ) ;
#683 = CARTESIAN_POINT ( 'NONE',  ( -17.83861523869588694, 10.50000000000000000, 64.33069887813847743 ) ) ;
#684 = CARTESIAN_POINT ( 'NONE',  ( -19.92642032757204973, 8.550339279905568191, 63.50000000000000000 ) ) ;
#685 = EDGE_CURVE ( 'NONE', #703, #114, #982, .T. ) ;
#686 = CARTESIAN_POINT ( 'NONE',  ( 17.37111091136668506, -10.50000000000000000, 62.00000000000000000 ) ) ;
#687 = PRODUCT_DEFINITION_SHAPE ( 'NONE', 'NONE',  #166 ) ;
#688 = CARTESIAN_POINT ( 'NONE',  ( -16.12642640426978602, 11.95163626698160542, 65.00000000000000000 ) ) ;
#689 = EDGE_CURVE ( 'NONE', #424, #860, #474, .T. ) ;
#690 = EDGE_LOOP ( 'NONE', ( #3, #797 ) ) ;
#691 = CARTESIAN_POINT ( 'NONE',  ( 8.400000000000000355, 0.000000000000000000, -10.00000000000000000 ) ) ;
#692 = CARTESIAN_POINT ( 'NONE',  ( 0.000000000000000000, 0.000000000000000000, -5.000000000000000000 ) ) ;
#693 = CIRCLE ( 'NONE', #88, 20.29791847197645183 ) ;
#694 = CARTESIAN_POINT ( 'NONE',  ( -1.900193392103100898, 21.50000000000000355, 63.50000000000001421 ) ) ;
#695 = ORIENTED_EDGE ( 'NONE', *, *, #886, .F. ) ;
#696 = CARTESIAN_POINT ( 'NONE',  ( 18.76166303929371892, 10.50000000000000000, 63.50000000000000000 ) ) ;
#697 = CARTESIAN_POINT ( 'NONE',  ( -21.02169995503982847, -5.315887496256085143, 63.50000000000000000 ) ) ;
#698 = CARTESIAN_POINT ( 'NONE',  ( -14.68219724899178757, 13.83065348712916887, 65.00000000000000000 ) ) ;
#699 = CARTESIAN_POINT ( 'NONE',  ( 0.000000000000000000, 0.000000000000000000, -10.00000000000000000 ) ) ;
#700 = CC_DESIGN_PERSON_AND_ORGANIZATION_ASSIGNMENT ( #652, #858, ( #582 ) ) ;
#701 = CARTESIAN_POINT ( 'NONE',  ( 12.51350657021238177, 17.58615615319742886, 63.49999999999998579 ) ) ;
#702 = APPROVAL_PERSON_ORGANIZATION ( #1282, #61, #478 ) ;
#703 = VERTEX_POINT ( 'NONE', #29 ) ;
#704 = DIRECTION ( 'NONE',  ( 0.000000000000000000, 0.000000000000000000, 1.000000000000000000 ) ) ;
#705 = CIRCLE ( 'NONE', #521, 20.00000000000000000 ) ;
#706 = CARTESIAN_POINT ( 'NONE',  ( -0.2739725310155695648, -21.68168508037959086, 63.50000000000000000 ) ) ;
#707 = CARTESIAN_POINT ( 'NONE',  ( 16.82116757606753055, 13.68279394898734935, 65.00000000000000000 ) ) ;
#708 = DIRECTION ( 'NONE',  ( 1.000000000000000000, 0.000000000000000000, 0.000000000000000000 ) ) ;
#709 = CARTESIAN_POINT ( 'NONE',  ( 14.43556948144601826, 13.84780980681033569, 65.00000000000000000 ) ) ;
#710 = FACE_OUTER_BOUND ( 'NONE', #117, .T. ) ;
#711 = CARTESIAN_POINT ( 'NONE',  ( -21.68168508038099418, 0.2739725310274628289, 63.50000000000000000 ) ) ;
#712 = CARTESIAN_POINT ( 'NONE',  ( 10.30455388372401515, 19.07843542143970694, 65.00000000000000000 ) ) ;
#713 = LINE ( 'NONE', #489, #174 ) ;
#714 = AXIS2_PLACEMENT_3D ( 'NONE', #671, #769, #234 ) ;
#715 = FACE_OUTER_BOUND ( 'NONE', #750, .T. ) ;
#716 = CYLINDRICAL_SURFACE ( 'NONE', #959, 60.00000000000000000 ) ;
#717 = EDGE_LOOP ( 'NONE', ( #403, #1316, #1159, #1102 ) ) ;
#718 = DATE_AND_TIME ( #1242, #1070 ) ;
#719 = LINE ( 'NONE', #70, #319 ) ;
#720 = PLANE ( 'NONE',  #1245 ) ;
#721 = CARTESIAN_POINT ( 'NONE',  ( 0.000000000000000000, -10.50000000000000000, 62.00000000000000000 ) ) ;
#722 = AXIS2_PLACEMENT_3D ( 'NONE', #255, #180, #480 ) ;
#723 = CARTESIAN_POINT ( 'NONE',  ( -20.06470516038980989, 2.064339789395647440, 65.00000000000000000 ) ) ;
#724 = CLOSED_SHELL ( 'NONE', ( #1025, #122, #1075, #640, #83, #411, #605, #516, #928, #833, #178, #488, #806, #801, #642, #137, #1247, #1191, #1240, #346, #759, #578, #909, #1268, #1016, #187, #775 ) ) ;
#725 = APPROVAL ( #594, 'UNSPECIFIED' ) ;
#726 = DIRECTION ( 'NONE',  ( -0.000000000000000000, 0.000000000000000000, 1.000000000000000000 ) ) ;
#727 = B_SPLINE_CURVE_WITH_KNOTS ( 'NONE', 3,
 ( #1258, #1251, #1048, #14, #1273, #307, #738, #205, #648, #315, #327, #525, #300, #744, #1073, #118 ),
 .UNSPECIFIED., .F., .F.,
 ( 4, 2, 2, 2, 2, 2, 2, 4 ),
 ( 0.0004219540289691716718, 0.0007409956200113594627, 0.001060037211053547253, 0.001379078802095734827, 0.001698120393137922618, 0.002017161984180110626, 0.002336203575222297983, 0.002974286757306667493 ),
 .UNSPECIFIED. ) ;
#728 = ORIENTED_EDGE ( 'NONE', *, *, #376, .T. ) ;
#729 = CARTESIAN_POINT ( 'NONE',  ( 60.00000000000000000, 0.000000000000000000, -10.00000000000000000 ) ) ;
#730 = CARTESIAN_POINT ( 'NONE',  ( -17.02204453054919497, -10.50000000000000000, 65.00000000000000000 ) ) ;
#731 = CARTESIAN_POINT ( 'NONE',  ( 13.68279394899711043, -16.82116757606038249, 63.50000000000000000 ) ) ;
#732 = DIRECTION ( 'NONE',  ( -0.000000000000000000, -0.000000000000000000, -1.000000000000000000 ) ) ;
#733 = ORIENTED_EDGE ( 'NONE', *, *, #313, .F. ) ;
#734 = DIRECTION ( 'NONE',  ( 1.000000000000000000, 0.000000000000000000, 0.000000000000000000 ) ) ;
#735 = AXIS2_PLACEMENT_3D ( 'NONE', #895, #1179, #556 ) ;
#736 = CARTESIAN_POINT ( 'NONE',  ( 15.64759774517708912, 12.72818041766470998, 65.00000000000000000 ) ) ;
#737 = ORIENTED_EDGE ( 'NONE', *, *, #2, .F. ) ;
#738 = CARTESIAN_POINT ( 'NONE',  ( -18.50219880489824931, 10.50000000000000000, 62.70173460946343624 ) ) ;
#739 = LINE ( 'NONE', #1050, #276 ) ;
#740 = ORIENTED_EDGE ( 'NONE', *, *, #689, .T. ) ;
#741 = DIRECTION ( 'NONE',  ( 0.000000000000000000, 0.000000000000000000, 1.000000000000000000 ) ) ;
#742 = EDGE_CURVE ( 'NONE', #774, #535, #1317, .T. ) ;
#743 = DIRECTION ( 'NONE',  ( -0.000000000000000000, 0.000000000000000000, 1.000000000000000000 ) ) ;
#744 = CARTESIAN_POINT ( 'NONE',  ( -17.44494097484846051, 10.49999999999999822, 62.03227282553368127 ) ) ;
#745 = CARTESIAN_POINT ( 'NONE',  ( 0.000000000000000000, 10.50000000000000000, 62.00000000000000000 ) ) ;
#746 = VECTOR ( 'NONE', #206, 1000.000000000000000 ) ;
#747 = VERTEX_POINT ( 'NONE', #41 ) ;
#748 = DIRECTION ( 'NONE',  ( 1.000000000000000000, 0.000000000000000000, -0.000000000000000000 ) ) ;
#749 = CARTESIAN_POINT ( 'NONE',  ( 18.85734347895047591, -7.159224040101479503, 65.00000000000000000 ) ) ;
#750 = EDGE_LOOP ( 'NONE', ( #256, #911, #956, #1217 ) ) ;
#751 = CARTESIAN_POINT ( 'NONE',  ( 20.77691098921245327, 6.204071132644692455, 63.50000000000000000 ) ) ;
#752 = CARTESIAN_POINT ( 'NONE',  ( 8.400000000000000355, 0.000000000000000000, -10.00000000000000000 ) ) ;
#753 = ORIENTED_EDGE ( 'NONE', *, *, #918, .T. ) ;
#754 = CARTESIAN_POINT ( 'NONE',  ( 18.41469836533872950, -10.49999999999999822, 63.83419420913505604 ) ) ;
#755 = CARTESIAN_POINT ( 'NONE',  ( -18.29869787034038353, -11.28750000000000142, 65.00000000000000000 ) ) ;
#756 = AXIS2_PLACEMENT_3D ( 'NONE', #378, #1213, #1032 ) ;
#757 = ORIENTED_EDGE ( 'NONE', *, *, #533, .F. ) ;
#758 = CYLINDRICAL_SURFACE ( 'NONE', #261, 8.400000000000000355 ) ;
#759 = ADVANCED_FACE ( 'NONE', ( #135 ), #467, .T. ) ;
#760 = CARTESIAN_POINT ( 'NONE',  ( -0.2548581683860795533, -20.16900937709870689, 65.00000000000000000 ) ) ;
#761 = DIRECTION ( 'NONE',  ( 1.000000000000000000, 0.000000000000000000, 0.000000000000000000 ) ) ;
#762 = ORIENTED_EDGE ( 'NONE', *, *, #991, .F. ) ;
#763 = PERSON_AND_ORGANIZATION ( #679, #1039 ) ;
#764 = CARTESIAN_POINT ( 'NONE',  ( 7.696165843115319483, 20.27164423986844000, 65.00000000000000000 ) ) ;
#765 = ORIENTED_EDGE ( 'NONE', *, *, #1094, .F. ) ;
#766 = DIRECTION ( 'NONE',  ( -0.000000000000000000, 0.000000000000000000, 1.000000000000000000 ) ) ;
#767 = CARTESIAN_POINT ( 'NONE',  ( 17.38721625391855952, 12.95589594786654075, 65.00000000000000000 ) ) ;
#768 = VECTOR ( 'NONE', #704, 1000.000000000000000 ) ;
#769 = DIRECTION ( 'NONE',  ( 0.000000000000000000, -0.000000000000000000, -1.000000000000000000 ) ) ;
#770 = CARTESIAN_POINT ( 'NONE',  ( 18.18680332712619219, -10.49999999999999822, 62.21392178207464951 ) ) ;
#771 = PERSON_AND_ORGANIZATION ( #679, #1039 ) ;
#772 = CIRCLE ( 'NONE', #295, 16.00000000000000000 ) ;
#773 = CARTESIAN_POINT ( 'NONE',  ( 19.07843542143515947, -10.30455388372855374, 65.00000000000000000 ) ) ;
#774 = VERTEX_POINT ( 'NONE', #1195 ) ;
#775 = ADVANCED_FACE ( 'NONE', ( #461, #1286 ), #1103, .T. ) ;
#776 = CARTESIAN_POINT ( 'NONE',  ( -12.56487987844150389, -15.58353469287732374, 65.00000000000000000 ) ) ;
#777 = CARTESIAN_POINT ( 'NONE',  ( -17.09336474917597570, -10.50000000000000000, 64.96324643899527018 ) ) ;
#778 = DIRECTION ( 'NONE',  ( -0.000000000000000000, 0.000000000000000000, 1.000000000000000000 ) ) ;
#779 = CARTESIAN_POINT ( 'NONE',  ( -19.77622816461652633, -8.892206051009612366, 65.00000000000000000 ) ) ;
#780 = VERTEX_POINT ( 'NONE', #999 ) ;
#781 = CARTESIAN_POINT ( 'NONE',  ( -15.01136211278438282, -13.22184955234376602, 64.99999999999998579 ) ) ;
#782 = DIRECTION ( 'NONE',  ( 1.000000000000000000, 0.000000000000000000, 0.000000000000000000 ) ) ;
#783 = CARTESIAN_POINT ( 'NONE',  ( 21.56955804741852845, -2.219165273606835687, 63.50000000000000000 ) ) ;
#784 = CC_DESIGN_DATE_AND_TIME_ASSIGNMENT ( #822, #274, ( #250 ) ) ;
#785 = EDGE_CURVE ( 'NONE', #836, #421, #141, .T. ) ;
#786 = EDGE_CURVE ( 'NONE', #937, #126, #546, .T. ) ;
#787 = DIRECTION ( 'NONE',  ( -1.000000000000000000, -0.000000000000000000, -0.000000000000000000 ) ) ;
#788 = CARTESIAN_POINT ( 'NONE',  ( -17.95145322846430247, -10.50000000000000000, 62.10583512496963721 ) ) ;
#789 = EDGE_CURVE ( 'NONE', #1066, #619, #1345, .T. ) ;
#790 = CARTESIAN_POINT ( 'NONE',  ( -20.77691098921247104, -6.204071132644576991, 63.50000000000000000 ) ) ;
#791 = AXIS2_PLACEMENT_3D ( 'NONE', #574, #1008, #995 ) ;
#792 = ORIENTED_EDGE ( 'NONE', *, *, #85, .T. ) ;
#793 = CARTESIAN_POINT ( 'NONE',  ( 13.21117394595619743, -15.03803139037726666, 65.00000000000001421 ) ) ;
#794 = CARTESIAN_POINT ( 'NONE',  ( 17.02151916779111218, -10.50000000000000000, 65.00000000000000000 ) ) ;
#795 = FACE_BOUND ( 'NONE', #690, .T. ) ;
#796 = CARTESIAN_POINT ( 'NONE',  ( 11.24074115211384850, 16.62951287402121636, 65.00000000000000000 ) ) ;
#797 = ORIENTED_EDGE ( 'NONE', *, *, #785, .T. ) ;
#798 = LINE ( 'NONE', #52, #1283 ) ;
#799 = CARTESIAN_POINT ( 'NONE',  ( -0.6472922961301401656, 21.67375236446260445, 65.00000000000000000 ) ) ;
#800 = DATE_AND_TIME ( #372, #1018 ) ;
#801 = ADVANCED_FACE ( 'NONE', ( #283 ), #716, .T. ) ;
#802 = FACE_OUTER_BOUND ( 'NONE', #1033, .T. ) ;
#803 = TOROIDAL_SURFACE ( 'NONE', #282, 20.29791847197645183, 1.202081528023547063 ) ;
#804 = CARTESIAN_POINT ( 'NONE',  ( -9.235056600719161679, 19.50831782878538689, 63.50000000000001421 ) ) ;
#805 = ORIENTED_EDGE ( 'NONE', *, *, #553, .T. ) ;
#806 = ADVANCED_FACE ( 'NONE', ( #710 ), #1218, .T. ) ;
#807 = DIRECTION ( 'NONE',  ( -0.000000000000000000, -0.000000000000000000, 1.000000000000000000 ) ) ;
#808 = CARTESIAN_POINT ( 'NONE',  ( 18.62348668690122366, -11.10568649365499461, 63.50000000000000000 ) ) ;
#809 = CARTESIAN_POINT ( 'NONE',  ( 19.77622816461324362, 8.892206051012669477, 65.00000000000000000 ) ) ;
#810 = SHAPE_DEFINITION_REPRESENTATION ( #687, #422 ) ;
#811 = CARTESIAN_POINT ( 'NONE',  ( -8.642198929992581213, -19.77447641467903594, 63.50000000000000000 ) ) ;
#812 = CARTESIAN_POINT ( 'NONE',  ( 16.68463044828319752, 13.69247390837804090, 63.49999999999998579 ) ) ;
#813 = CIRCLE ( 'NONE', #519, 20.00000000000000000 ) ;
#814 = CARTESIAN_POINT ( 'NONE',  ( 8.996999805279633833, -17.86672847836593192, 65.00000000000000000 ) ) ;
#815 = CARTESIAN_POINT ( 'NONE',  ( -13.68279394899039048, 16.82116757606425139, 65.00000000000000000 ) ) ;
#816 = CARTESIAN_POINT ( 'NONE',  ( 0.000000000000000000, 0.000000000000000000, 0.000000000000000000 ) ) ;
#817 = CARTESIAN_POINT ( 'NONE',  ( 14.13679063322200946, 14.15261791367745481, 65.00000000000001421 ) ) ;
#818 = CARTESIAN_POINT ( 'NONE',  ( 0.000000000000000000, 0.000000000000000000, 65.00000000000000000 ) ) ;
#819 = ORIENTED_EDGE ( 'NONE', *, *, #512, .F. ) ;
#820 = CARTESIAN_POINT ( 'NONE',  ( -8.044104052130613525, 20.13610982466778054, 63.50000000000000000 ) ) ;
#821 = CARTESIAN_POINT ( 'NONE',  ( -16.82116757606424784, -13.68279394899038870, 65.00000000000000000 ) ) ;
#822 = DATE_AND_TIME ( #381, #1093 ) ;
#823 = DIRECTION ( 'NONE',  ( 1.000000000000000000, 0.000000000000000000, 0.000000000000000000 ) ) ;
#824 = VECTOR ( 'NONE', #1090, 1000.000000000000000 ) ;
#825 = LINE ( 'NONE', #289, #228 ) ;
#826 = CARTESIAN_POINT ( 'NONE',  ( 19.32735905973470381, 5.771228960600170765, 65.00000000000000000 ) ) ;
#827 = EDGE_CURVE ( 'NONE', #535, #13, #72, .T. ) ;
#828 = ORIENTED_EDGE ( 'NONE', *, *, #627, .T. ) ;
#829 = CARTESIAN_POINT ( 'NONE',  ( 14.86795249866477242, 15.78336204266985376, 65.00000000000000000 ) ) ;
#830 = COORDINATED_UNIVERSAL_TIME_OFFSET ( 8, 0, .BEHIND. ) ;
#831 = CARTESIAN_POINT ( 'NONE',  ( 18.28830452576707799, 10.50000000000000000, 62.46297030980421283 ) ) ;
#832 = VERTEX_POINT ( 'NONE', #60 ) ;
#833 = ADVANCED_FACE ( 'NONE', ( #1134 ), #612, .T. ) ;
#834 = DIRECTION ( 'NONE',  ( 1.000000000000000000, 0.000000000000000000, 0.000000000000000000 ) ) ;
#835 = DIRECTION ( 'NONE',  ( -0.000000000000000000, 0.000000000000000000, 1.000000000000000000 ) ) ;
#836 = VERTEX_POINT ( 'NONE', #67 ) ;
#837 = CARTESIAN_POINT ( 'NONE',  ( 21.67375236446016373, 0.6472922961303908540, 63.50000000000000000 ) ) ;
#838 = DIRECTION ( 'NONE',  ( -0.000000000000000000, -0.000000000000000000, 1.000000000000000000 ) ) ;
#839 = ORIENTED_EDGE ( 'NONE', *, *, #512, .T. ) ;
#840 = CARTESIAN_POINT ( 'NONE',  ( 20.00000000000000000, 2.449293598294706513E-15, 65.00000000000000000 ) ) ;
#841 = CARTESIAN_POINT ( 'NONE',  ( -9.585631519744184814, -17.74738178738460093, 65.00000000000000000 ) ) ;
#842 = CARTESIAN_POINT ( 'NONE',  ( -13.68279394898887169, 16.82116757606546997, 63.50000000000000000 ) ) ;
#843 = CC_DESIGN_PERSON_AND_ORGANIZATION_ASSIGNMENT ( #1276, #333, ( #634 ) ) ;
#844 = CARTESIAN_POINT ( 'NONE',  ( 0.000000000000000000, -10.50000000000000000, 62.00000000000000000 ) ) ;
#845 = CARTESIAN_POINT ( 'NONE',  ( 17.92761670242300909, 10.50000000000000000, 64.25494175701055610 ) ) ;
#846 = CARTESIAN_POINT ( 'NONE',  ( 2.219165273601137578, 21.56955804741987848, 63.50000000000000000 ) ) ;
#847 = EDGE_CURVE ( 'NONE', #6, #984, #934, .T. ) ;
#848 = DIRECTION ( 'NONE',  ( 1.000000000000000000, 0.000000000000000000, 0.000000000000000000 ) ) ;
#849 = ORIENTED_EDGE ( 'NONE', *, *, #506, .T. ) ;
#850 = DIRECTION ( 'NONE',  ( 0.000000000000000000, 0.000000000000000000, 1.000000000000000000 ) ) ;
#851 = CARTESIAN_POINT ( 'NONE',  ( 5.771228960588755896, -19.32735905973562396, 65.00000000000000000 ) ) ;
#852 = EDGE_LOOP ( 'NONE', ( #1184, #195, #59, #215, #134, #157, #1304, #728, #1052, #1063 ) ) ;
#853 = VECTOR ( 'NONE', #401, 1000.000000000000000 ) ;
#854 = CARTESIAN_POINT ( 'NONE',  ( 21.56955804741852845, -2.219165273606835687, 63.50000000000000000 ) ) ;
#855 = CARTESIAN_POINT ( 'NONE',  ( 18.69737733818282521, 10.50000000000000000, 63.08025187733063177 ) ) ;
#856 = CIRCLE ( 'NONE', #253, 8.400000000000000355 ) ;
#857 = EDGE_LOOP ( 'NONE', ( #636, #493, #762, #472, #998, #210, #757, #291 ) ) ;
#858 = PERSON_AND_ORGANIZATION_ROLE ( 'design_owner' ) ;
#859 = CARTESIAN_POINT ( 'NONE',  ( 10.30455388372351777, 19.07843542143901772, 63.50000000000000000 ) ) ;
#860 = VERTEX_POINT ( 'NONE', #606 ) ;
#861 = CARTESIAN_POINT ( 'NONE',  ( 17.02204453054920918, 10.50000000000000000, 0.000000000000000000 ) ) ;
#862 = CARTESIAN_POINT ( 'NONE',  ( 0.000000000000000000, -10.50000000000000000, 62.00000000000000000 ) ) ;
#863 = DIRECTION ( 'NONE',  ( 1.000000000000000000, 0.000000000000000000, 0.000000000000000000 ) ) ;
#864 = EDGE_CURVE ( 'NONE', #321, #780, #78, .T. ) ;
#865 = CALENDAR_DATE ( 2026, 30, 5 ) ;
#866 = CARTESIAN_POINT ( 'NONE',  ( -16.82116757606546642, -13.68279394898886814, 63.50000000000000000 ) ) ;
#867 = ORIENTED_EDGE ( 'NONE', *, *, #388, .T. ) ;
#868 = CARTESIAN_POINT ( 'NONE',  ( -18.29869787034038708, -11.28750000000000142, 63.50000000000000000 ) ) ;
#869 = CARTESIAN_POINT ( 'NONE',  ( 18.73126495318172502, 7.482887490355699001, 65.00000000000000000 ) ) ;
#870 = CARTESIAN_POINT ( 'NONE',  ( 5.771228960588755896, -19.32735905973562396, 65.00000000000000000 ) ) ;
#871 = CARTESIAN_POINT ( 'NONE',  ( 16.73062151410915632, -13.63098762276198173, 63.50000000000000000 ) ) ;
#872 = APPROVAL_DATE_TIME ( #429, #61 ) ;
#873 = CARTESIAN_POINT ( 'NONE',  ( 8.892206050999831746, -19.77622816461903454, 65.00000000000000000 ) ) ;
#874 = ORIENTED_EDGE ( 'NONE', *, *, #154, .T. ) ;
#875 = CARTESIAN_POINT ( 'NONE',  ( -16.57562265384699174, -11.22371552996330202, 65.00000000000000000 ) ) ;
#876 = CARTESIAN_POINT ( 'NONE',  ( 5.315887496243851373, -21.02169995503764710, 65.00000000000000000 ) ) ;
#877 = CIRCLE ( 'NONE', #1143, 21.50000000000000000 ) ;
#878 = DIRECTION ( 'NONE',  ( 1.000000000000000000, 0.000000000000000000, 0.000000000000000000 ) ) ;
#879 = CARTESIAN_POINT ( 'NONE',  ( -18.44588840552755471, -10.50000000000000000, 62.43264336927483527 ) ) ;
#880 = AXIS2_PLACEMENT_3D ( 'NONE', #56, #921, #926 ) ;
#881 = CARTESIAN_POINT ( 'NONE',  ( 13.68279394899711043, -16.82116757606038249, 63.50000000000000000 ) ) ;
#882 = ORIENTED_EDGE ( 'NONE', *, *, #789, .T. ) ;
#883 = CARTESIAN_POINT ( 'NONE',  ( -0.8542263031960491970, -19.99860985426131066, 65.00000000000000000 ) ) ;
#884 = DIRECTION ( 'NONE',  ( 0.000000000000000000, 0.000000000000000000, 1.000000000000000000 ) ) ;
#885 = EDGE_CURVE ( 'NONE', #984, #747, #798, .T. ) ;
#886 = EDGE_CURVE ( 'NONE', #543, #91, #693, .T. ) ;
#887 = CARTESIAN_POINT ( 'NONE',  ( 0.6472922961428089206, -21.67375236445815645, 63.50000000000000000 ) ) ;
#888 = VERTEX_POINT ( 'NONE', #269 ) ;
#889 = CARTESIAN_POINT ( 'NONE',  ( 0.8540618348340721644, -19.99908654275277087, 65.00000000000002842 ) ) ;
#890 = CARTESIAN_POINT ( 'NONE',  ( 20.16900937709939612, -0.2548581683975296164, 65.00000000000000000 ) ) ;
#891 = CARTESIAN_POINT ( 'NONE',  ( 0.000000000000000000, 0.000000000000000000, -10.00000000000000000 ) ) ;
#892 = CARTESIAN_POINT ( 'NONE',  ( -18.03115651411197007, -10.50000000000000000, 62.13973981191385576 ) ) ;
#893 = CARTESIAN_POINT ( 'NONE',  ( -14.02444373168828484, 16.40657529602389175, 63.49999999999998579 ) ) ;
#894 = EDGE_LOOP ( 'NONE', ( #639, #828, #538, #580, #143, #805 ) ) ;
#895 = CARTESIAN_POINT ( 'NONE',  ( 0.000000000000000000, 0.000000000000000000, -5.000000000000000000 ) ) ;
#896 = CARTESIAN_POINT ( 'NONE',  ( -3.133416638032155532, -21.45582040018524594, 63.50000000000000000 ) ) ;
#897 = APPROVAL_DATE_TIME ( #800, #1335 ) ;
#898 = DIRECTION ( 'NONE',  ( 1.000000000000000000, 0.000000000000000000, 0.000000000000000000 ) ) ;
#899 = CIRCLE ( 'NONE', #944, 8.400000000000000355 ) ;
#900 = CARTESIAN_POINT ( 'NONE',  ( 17.02204453054920208, -10.50000000000000000, 0.000000000000000000 ) ) ;
#901 = AXIS2_PLACEMENT_3D ( 'NONE', #1365, #511, #323 ) ;
#902 = MANIFOLD_SOLID_BREP ( 'Fillet6', #724 ) ;
#903 = CARTESIAN_POINT ( 'NONE',  ( 18.14071616822033661, 10.50000000000000178, 64.07050438329322617 ) ) ;
#904 = EDGE_CURVE ( 'NONE', #421, #201, #1350, .T. ) ;
#905 = CARTESIAN_POINT ( 'NONE',  ( -12.95589594786944687, 17.38721625391961823, 63.50000000000000000 ) ) ;
#906 = CARTESIAN_POINT ( 'NONE',  ( 17.74738178738122230, -9.585631519748865514, 65.00000000000000000 ) ) ;
#907 = APPROVAL_ROLE ( '' ) ;
#908 = DIRECTION ( 'NONE',  ( -0.000000000000000000, -0.000000000000000000, -1.000000000000000000 ) ) ;
#909 = ADVANCED_FACE ( 'NONE', ( #164 ), #581, .F. ) ;
#910 = CARTESIAN_POINT ( 'NONE',  ( -19.77622816461530419, -8.892206051011132928, 63.50000000000000000 ) ) ;
#911 = ORIENTED_EDGE ( 'NONE', *, *, #449, .T. ) ;
#912 = CARTESIAN_POINT ( 'NONE',  ( 9.375480078094266645, -17.67104514407414584, 65.00000000000000000 ) ) ;
#913 = CARTESIAN_POINT ( 'NONE',  ( 12.95589594785852228, -17.38721625392573245, 63.50000000000000000 ) ) ;
#914 = CARTESIAN_POINT ( 'NONE',  ( 6.204071132633025343, -20.77691098921909330, 65.00000000000000000 ) ) ;
#915 = DIRECTION ( 'NONE',  ( -0.000000000000000000, 0.000000000000000000, 1.000000000000000000 ) ) ;
#916 = AXIS2_PLACEMENT_3D ( 'NONE', #158, #1097, #355 ) ;
#917 = CARTESIAN_POINT ( 'NONE',  ( -18.29869787034038708, -11.28750000000000142, 63.50000000000000000 ) ) ;
#918 = EDGE_CURVE ( 'NONE', #368, #342, #133, .T. ) ;
#919 = DIRECTION ( 'NONE',  ( 0.000000000000000000, -0.000000000000000000, -1.000000000000000000 ) ) ;
#920 = CARTESIAN_POINT ( 'NONE',  ( 20.27164423987153441, -7.696165843110056137, 65.00000000000000000 ) ) ;
#921 = DIRECTION ( 'NONE',  ( -0.000000000000000000, 0.000000000000000000, 1.000000000000000000 ) ) ;
#922 = CARTESIAN_POINT ( 'NONE',  ( -6.689982746381419432, 18.92373079351504472, 65.00000000000000000 ) ) ;
#923 = AXIS2_PLACEMENT_3D ( 'NONE', #745, #1068, #82 ) ;
#924 = DIRECTION ( 'NONE',  ( 0.000000000000000000, 0.000000000000000000, 1.000000000000000000 ) ) ;
#925 = CARTESIAN_POINT ( 'NONE',  ( -21.56955804741927452, 2.219165273600576249, 65.00000000000000000 ) ) ;
#926 = DIRECTION ( 'NONE',  ( 1.000000000000000000, 0.000000000000000000, 0.000000000000000000 ) ) ;
#927 = CC_DESIGN_PERSON_AND_ORGANIZATION_ASSIGNMENT ( #771, #939, ( #250 ) ) ;
#928 = ADVANCED_FACE ( 'NONE', ( #1065, #1363 ), #952, .T. ) ;
#929 = CARTESIAN_POINT ( 'NONE',  ( 12.07269646764963511, -10.50000000000000000, 65.00000000000000000 ) ) ;
#930 = DIRECTION ( 'NONE',  ( 1.000000000000000000, 0.000000000000000000, 0.000000000000000000 ) ) ;
#931 = VERTEX_POINT ( 'NONE', #960 ) ;
#932 = CARTESIAN_POINT ( 'NONE',  ( 21.02169995503976097, 5.315887496256635814, 63.50000000000000000 ) ) ;
#933 = FACE_OUTER_BOUND ( 'NONE', #717, .T. ) ;
#934 = CIRCLE ( 'NONE', #330, 24.12000000000000099 ) ;
#935 = DIRECTION ( 'NONE',  ( 1.000000000000000000, 0.000000000000000000, 0.000000000000000000 ) ) ;
#936 = PLANE ( 'NONE',  #271 ) ;
#937 = VERTEX_POINT ( 'NONE', #618 ) ;
#938 = DIRECTION ( 'NONE',  ( 0.000000000000000000, 0.000000000000000000, 1.000000000000000000 ) ) ;
#939 = PERSON_AND_ORGANIZATION_ROLE ( 'classification_officer' ) ;
#940 = CARTESIAN_POINT ( 'NONE',  ( 0.000000000000000000, 3.469446951953614189E-15, 63.50000000000000000 ) ) ;
#941 = ORIENTED_EDGE ( 'NONE', *, *, #351, .F. ) ;
#942 = DIRECTION ( 'NONE',  ( -0.000000000000000000, 0.000000000000000000, 1.000000000000000000 ) ) ;
#943 = CARTESIAN_POINT ( 'NONE',  ( 17.10113713766391541, 10.49999999999999822, 64.95646919422291887 ) ) ;
#944 = AXIS2_PLACEMENT_3D ( 'NONE', #1046, #951, #734 ) ;
#945 = ORIENTED_EDGE ( 'NONE', *, *, #116, .T. ) ;
#946 = CC_DESIGN_PERSON_AND_ORGANIZATION_ASSIGNMENT ( #26, #18, ( #166 ) ) ;
#947 = CARTESIAN_POINT ( 'NONE',  ( 19.07843542143529803, -10.30455388372865499, 63.50000000000000000 ) ) ;
#948 = AXIS2_PLACEMENT_3D ( 'NONE', #484, #266, #288 ) ;
#949 = CARTESIAN_POINT ( 'NONE',  ( 0.000000000000000000, 0.000000000000000000, 0.000000000000000000 ) ) ;
#950 = EDGE_LOOP ( 'NONE', ( #1212, #1257, #753, #1115, #867, #1200 ) ) ;
#951 = DIRECTION ( 'NONE',  ( -0.000000000000000000, 0.000000000000000000, 1.000000000000000000 ) ) ;
#952 = PLANE ( 'NONE',  #613 ) ;
#953 = EDGE_CURVE ( 'NONE', #91, #1061, #1071, .T. ) ;
#954 = CARTESIAN_POINT ( 'NONE',  ( 20.27164423987083808, -7.696165843109890936, 63.50000000000000000 ) ) ;
#955 = CARTESIAN_POINT ( 'NONE',  ( 24.12000000000000099, 0.000000000000000000, -5.000000000000000000 ) ) ;
#956 = ORIENTED_EDGE ( 'NONE', *, *, #103, .T. ) ;
#957 = DIRECTION ( 'NONE',  ( 1.000000000000000000, 0.000000000000000000, 0.000000000000000000 ) ) ;
#958 = APPLICATION_CONTEXT ( 'configuration controlled 3d designs of mechanical parts and assemblies' ) ;
#959 = AXIS2_PLACEMENT_3D ( 'NONE', #491, #924, #1140 ) ;
#960 = CARTESIAN_POINT ( 'NONE',  ( 60.00000000000000000, 0.000000000000000000, 0.000000000000000000 ) ) ;
#961 = ORIENTED_EDGE ( 'NONE', *, *, #1227, .F. ) ;
#962 = CARTESIAN_POINT ( 'NONE',  ( 0.000000000000000000, 0.000000000000000000, -10.00000000000000000 ) ) ;
#963 = PLANE ( 'NONE',  #923 ) ;
#964 = ORIENTED_EDGE ( 'NONE', *, *, #388, .F. ) ;
#965 = COORDINATED_UNIVERSAL_TIME_OFFSET ( 8, 0, .BEHIND. ) ;
#966 = CARTESIAN_POINT ( 'NONE',  ( 8.271819582326637388, -18.39649131592732445, 65.00000000000000000 ) ) ;
#967 = EDGE_LOOP ( 'NONE', ( #874, #661 ) ) ;
#968 = CIRCLE ( 'NONE', #75, 20.00000000000000000 ) ;
#969 = CARTESIAN_POINT ( 'NONE',  ( -16.82116757606546642, -13.68279394898886814, 63.50000000000000000 ) ) ;
#970 = CARTESIAN_POINT ( 'NONE',  ( -15.13753871333914525, 15.52499438243840224, 65.00000000000000000 ) ) ;
#971 = AXIS2_PLACEMENT_3D ( 'NONE', #497, #1225, #188 ) ;
#972 = DIRECTION ( 'NONE',  ( 0.000000000000000000, 0.000000000000000000, 1.000000000000000000 ) ) ;
#973 = ORIENTED_EDGE ( 'NONE', *, *, #1107, .T. ) ;
#974 = MECHANICAL_CONTEXT ( 'NONE', #1301, 'mechanical' ) ;
#975 = CARTESIAN_POINT ( 'NONE',  ( -0.6472922961297629119, 21.67375236446026676, 63.50000000000000000 ) ) ;
#976 = ORIENTED_EDGE ( 'NONE', *, *, #285, .F. ) ;
#977 = CARTESIAN_POINT ( 'NONE',  ( -17.16742822043215355, 10.50000000000000000, 64.89928264104398181 ) ) ;
#978 = CARTESIAN_POINT ( 'NONE',  ( -17.32417366223839039, 10.33087115688357294, 65.00000000000000000 ) ) ;
#979 = DIRECTION ( 'NONE',  ( -1.000000000000000000, -0.000000000000000000, -0.000000000000000000 ) ) ;
#980 = FACE_OUTER_BOUND ( 'NONE', #530, .T. ) ;
#981 = CARTESIAN_POINT ( 'NONE',  ( 17.47708445287650392, -10.49999999999999467, 64.64027168796899048 ) ) ;
#982 = B_SPLINE_CURVE_WITH_KNOTS ( 'NONE', 3,
 ( #576, #21, #977, #441, #336, #232, #683, #1005, #669, #362 ),
 .UNSPECIFIED., .F., .F.,
 ( 4, 1, 1, 2, 2, 4 ),
 ( 0.000000000000000000, 0.2500000000000031641, 0.3750000000000047740, 0.4375000000000014988, 0.4999999999999982236, 1.000000000000000000 ),
 .UNSPECIFIED. ) ;
#983 = CARTESIAN_POINT ( 'NONE',  ( -21.56955804741997085, 2.219165273600741006, 63.50000000000000000 ) ) ;
#984 = VERTEX_POINT ( 'NONE', #529 ) ;
#985 = CARTESIAN_POINT ( 'NONE',  ( -17.02204453054919497, -10.50000000000000000, 65.00000000000000000 ) ) ;
#986 = CARTESIAN_POINT ( 'NONE',  ( -8.550339279893362843, -19.92642032757488479, 65.00000000000000000 ) ) ;
#987 = LINE ( 'NONE', #31, #1069 ) ;
#988 = CARTESIAN_POINT ( 'NONE',  ( -13.68279394898887169, 16.82116757606546997, 63.50000000000000000 ) ) ;
#989 = ORIENTED_EDGE ( 'NONE', *, *, #1009, .T. ) ;
#990 = CARTESIAN_POINT ( 'NONE',  ( -4.213424641497779177, -19.56978481152622962, 65.00000000000000000 ) ) ;
#991 = EDGE_CURVE ( 'NONE', #1285, #286, #402, .T. ) ;
#992 = CARTESIAN_POINT ( 'NONE',  ( 8.044104052142099448, -20.13610982466276411, 65.00000000000000000 ) ) ;
#993 = AXIS2_PLACEMENT_3D ( 'NONE', #630, #942, #1064 ) ;
#994 = CARTESIAN_POINT ( 'NONE',  ( -18.76166303929371182, -10.50000000000000000, 62.00000000000000000 ) ) ;
#995 = DIRECTION ( 'NONE',  ( -1.000000000000000000, 0.000000000000000000, 0.000000000000000000 ) ) ;
#996 = CARTESIAN_POINT ( 'NONE',  ( -10.30455388372352132, -19.07843542143879034, 65.00000000000000000 ) ) ;
#997 = B_SPLINE_CURVE_WITH_KNOTS ( 'NONE', 3,
 ( #794, #1085, #236, #981, #544, #365, #10, #115, #339, #754, #438, #324 ),
 .UNSPECIFIED., .F., .F.,
 ( 4, 1, 1, 1, 1, 2, 2, 4 ),
 ( 0.000000000000000000, 0.2500000000000260347, 0.3750000000000390799, 0.4375000000000507927, 0.4687500000000601186, 0.4843750000000606182, 0.5000000000000610623, 1.000000000000000000 ),
 .UNSPECIFIED. ) ;
#998 = ORIENTED_EDGE ( 'NONE', *, *, #1173, .F. ) ;
#999 = CARTESIAN_POINT ( 'NONE',  ( -12.07269646764963511, -10.50000000000000000, 0.000000000000000000 ) ) ;
#1000 = CARTESIAN_POINT ( 'NONE',  ( -18.62348668690615483, 11.10568649364870630, 65.00000000000000000 ) ) ;
#1001 = DIRECTION ( 'NONE',  ( 1.000000000000000000, 0.000000000000000000, 0.000000000000000000 ) ) ;
#1002 = CARTESIAN_POINT ( 'NONE',  ( 18.56397443501379385, -10.50000000000000178, 62.56029477546008621 ) ) ;
#1003 = CARTESIAN_POINT ( 'NONE',  ( -13.52063339946076503, 14.74200027125371371, 65.00000000000001421 ) ) ;
#1004 = ORIENTED_EDGE ( 'NONE', *, *, #152, .T. ) ;
#1005 = CARTESIAN_POINT ( 'NONE',  ( -18.46783922160725311, 10.50000000000000000, 63.78791892190724155 ) ) ;
#1006 = AXIS2_PLACEMENT_3D ( 'NONE', #962, #7, #322 ) ;
#1007 = CARTESIAN_POINT ( 'NONE',  ( -8.550339279893522715, -19.92642032757544612, 63.50000000000000000 ) ) ;
#1008 = DIRECTION ( 'NONE',  ( -0.000000000000000000, -0.000000000000000000, -1.000000000000000000 ) ) ;
#1009 = EDGE_CURVE ( 'NONE', #1061, #321, #1165, .T. ) ;
#1010 = CARTESIAN_POINT ( 'NONE',  ( 17.83366161524337912, 12.15817619219214052, 63.50000000000001421 ) ) ;
#1011 = VERTEX_POINT ( 'NONE', #1256 ) ;
#1012 = DIRECTION ( 'NONE',  ( 0.000000000000000000, -1.000000000000000000, 0.000000000000000000 ) ) ;
#1013 = CARTESIAN_POINT ( 'NONE',  ( 15.52499438243918028, 15.13753871333848444, 63.50000000000000000 ) ) ;
#1014 = CARTESIAN_POINT ( 'NONE',  ( 21.56955804741783211, -2.219165273606670041, 65.00000000000000000 ) ) ;
#1015 = DATE_AND_TIME ( #865, #1226 ) ;
#1016 = ADVANCED_FACE ( 'NONE', ( #1170 ), #936, .F. ) ;
#1017 = FACE_OUTER_BOUND ( 'NONE', #589, .T. ) ;
#1018 = LOCAL_TIME ( 15, 38, 8.000000000000000000, #1326 ) ;
#1019 = CARTESIAN_POINT ( 'NONE',  ( -10.48886146069652625, 17.05018125450515853, 65.00000000000000000 ) ) ;
#1020 = AXIS2_PLACEMENT_3D ( 'NONE', #352, #444, #782 ) ;
#1021 = ORIENTED_EDGE ( 'NONE', *, *, #663, .F. ) ;
#1022 = CARTESIAN_POINT ( 'NONE',  ( 17.94613186129257443, 10.49999999999999822, 64.23896172275185279 ) ) ;
#1023 = CARTESIAN_POINT ( 'NONE',  ( 7.159224040107169174, 18.85734347894727492, 65.00000000000000000 ) ) ;
#1024 = CARTESIAN_POINT ( 'NONE',  ( 12.07269646764963511, 10.50000000000000000, 0.000000000000000000 ) ) ;
#1025 = ADVANCED_FACE ( 'NONE', ( #396 ), #655, .T. ) ;
#1026 = CARTESIAN_POINT ( 'NONE',  ( 15.83974970382588232, 12.26173079681086620, 64.99999999999998579 ) ) ;
#1027 = ORIENTED_EDGE ( 'NONE', *, *, #25, .T. ) ;
#1028 = CARTESIAN_POINT ( 'NONE',  ( -18.39649131592435438, -8.271819582337164078, 65.00000000000000000 ) ) ;
#1029 = CC_DESIGN_APPROVAL ( #725, ( #250 ) ) ;
#1030 = DIRECTION ( 'NONE',  ( -0.000000000000000000, 0.000000000000000000, 1.000000000000000000 ) ) ;
#1031 = CARTESIAN_POINT ( 'NONE',  ( -0.8520376253156534130, 19.99954353076848435, 65.00000000000001421 ) ) ;
#1032 = DIRECTION ( 'NONE',  ( -1.000000000000000000, 0.000000000000000000, 0.000000000000000000 ) ) ;
#1033 = EDGE_LOOP ( 'NONE', ( #361, #149, #466, #792 ) ) ;
#1034 = CARTESIAN_POINT ( 'NONE',  ( 15.13753871334303547, -15.52499438243118668, 65.00000000000000000 ) ) ;
#1035 = CARTESIAN_POINT ( 'NONE',  ( 20.06470516038846696, -2.064339789402450887, 65.00000000000000000 ) ) ;
#1036 = EDGE_CURVE ( 'NONE', #342, #17, #1314, .T. ) ;
#1037 = EDGE_CURVE ( 'NONE', #114, #368, #1113, .T. ) ;
#1038 = CARTESIAN_POINT ( 'NONE',  ( -17.32108079271751677, -12.87236108848780347, 63.50000000000001421 ) ) ;
#1039 = ORGANIZATION ( 'UNSPECIFIED', 'UNSPECIFIED', '' ) ;
#1040 = DIRECTION ( 'NONE',  ( -0.000000000000000000, 0.000000000000000000, 1.000000000000000000 ) ) ;
#1041 = DIRECTION ( 'NONE',  ( 1.000000000000000000, 0.000000000000000000, 0.000000000000000000 ) ) ;
#1042 = VERTEX_POINT ( 'NONE', #359 ) ;
#1043 = CARTESIAN_POINT ( 'NONE',  ( 19.92642032757407833, -8.550339279898361511, 63.50000000000000000 ) ) ;
#1044 = CARTESIAN_POINT ( 'NONE',  ( -19.32735905973378365, -5.771228960600196523, 65.00000000000000000 ) ) ;
#1045 = CARTESIAN_POINT ( 'NONE',  ( 18.76166303929371892, 10.50000000000000000, 63.50000000000000000 ) ) ;
#1046 = CARTESIAN_POINT ( 'NONE',  ( 0.000000000000000000, 0.000000000000000000, 0.000000000000000000 ) ) ;
#1047 = CARTESIAN_POINT ( 'NONE',  ( -17.74738178738914840, 9.585631519744186591, 65.00000000000000000 ) ) ;
#1048 = CARTESIAN_POINT ( 'NONE',  ( -18.74839127052527132, 10.50000000000000000, 63.28618840628323738 ) ) ;
#1049 = APPROVAL_DATE_TIME ( #718, #725 ) ;
#1050 = CARTESIAN_POINT ( 'NONE',  ( -20.00000000000000000, 0.000000000000000000, 65.00000000000000000 ) ) ;
#1051 = VECTOR ( 'NONE', #787, 1000.000000000000000 ) ;
#1052 = ORIENTED_EDGE ( 'NONE', *, *, #1287, .T. ) ;
#1053 = CYLINDRICAL_SURFACE ( 'NONE', #1080, 16.00000000000000000 ) ;
#1054 = CARTESIAN_POINT ( 'NONE',  ( 0.000000000000000000, 0.000000000000000000, 62.00000000000000000 ) ) ;
#1055 = ORIENTED_EDGE ( 'NONE', *, *, #553, .F. ) ;
#1056 = CARTESIAN_POINT ( 'NONE',  ( -21.67375236446015307, -0.6472922961304299339, 63.50000000000000000 ) ) ;
#1057 = CARTESIAN_POINT ( 'NONE',  ( 2.914806174902889957, 19.95890269785029858, 65.00000000000000000 ) ) ;
#1058 = DIRECTION ( 'NONE',  ( -0.000000000000000000, 0.000000000000000000, 1.000000000000000000 ) ) ;
#1059 = CARTESIAN_POINT ( 'NONE',  ( -5.771228960600112146, 19.32735905973109070, 65.00000000000000000 ) ) ;
#1060 = VECTOR ( 'NONE', #394, 1000.000000000000000 ) ;
#1061 = VERTEX_POINT ( 'NONE', #167 ) ;
#1062 = CARTESIAN_POINT ( 'NONE',  ( 19.77622816461506972, 8.892206051011523726, 63.50000000000000000 ) ) ;
#1063 = ORIENTED_EDGE ( 'NONE', *, *, #492, .F. ) ;
#1064 = DIRECTION ( 'NONE',  ( 1.000000000000000000, 0.000000000000000000, 0.000000000000000000 ) ) ;
#1065 = FACE_BOUND ( 'NONE', #1293, .T. ) ;
#1066 = VERTEX_POINT ( 'NONE', #175 ) ;
#1067 = CARTESIAN_POINT ( 'NONE',  ( 16.82116757606570445, 13.68279394898849333, 63.50000000000000000 ) ) ;
#1068 = DIRECTION ( 'NONE',  ( 0.000000000000000000, -1.000000000000000000, 0.000000000000000000 ) ) ;
#1069 = VECTOR ( 'NONE', #979, 1000.000000000000000 ) ;
#1070 = LOCAL_TIME ( 15, 38, 8.000000000000000000, #483 ) ;
#1071 = LINE ( 'NONE', #721, #360 ) ;
#1072 = ORIENTED_EDGE ( 'NONE', *, *, #128, .T. ) ;
#1073 = CARTESIAN_POINT ( 'NONE',  ( -17.23659892470484678, 10.49999999999999822, 61.99999999999999289 ) ) ;
#1074 = CARTESIAN_POINT ( 'NONE',  ( 19.95890269784418791, -2.914806174908436631, 65.00000000000000000 ) ) ;
#1075 = ADVANCED_FACE ( 'NONE', ( #715 ), #1228, .F. ) ;
#1076 = CARTESIAN_POINT ( 'NONE',  ( 0.6021323685043477036, -20.16163010647144560, 65.00000000000000000 ) ) ;
#1077 = PERSON_AND_ORGANIZATION ( #679, #1039 ) ;
#1078 = CARTESIAN_POINT ( 'NONE',  ( -21.67375236445551323, -0.6472922961296814215, 65.00000000000000000 ) ) ;
#1079 = VERTEX_POINT ( 'NONE', #900 ) ;
#1080 = AXIS2_PLACEMENT_3D ( 'NONE', #208, #528, #514 ) ;
#1081 = CARTESIAN_POINT ( 'NONE',  ( -14.43637171553589305, -13.84670075801594713, 64.99999999999998579 ) ) ;
#1082 = TOROIDAL_SURFACE ( 'NONE', #1108, 19.99999999999999645, 1.500000000000000000 ) ;
#1083 = CARTESIAN_POINT ( 'NONE',  ( -17.94583186280260634, -10.49999999999999822, 64.23920145146591665 ) ) ;
#1084 = CARTESIAN_POINT ( 'NONE',  ( -18.55442172472670848, -10.49999999999999645, 62.56324400069735958 ) ) ;
#1085 = CARTESIAN_POINT ( 'NONE',  ( 17.03882963612642243, -10.50000000000000355, 64.99700505471479062 ) ) ;
#1086 = CARTESIAN_POINT ( 'NONE',  ( -19.07843542144049920, 10.30455388372147318, 63.50000000000000000 ) ) ;
#1087 = EDGE_LOOP ( 'NONE', ( #348, #668, #268, #607 ) ) ;
#1088 = CARTESIAN_POINT ( 'NONE',  ( 0.000000000000000000, 0.000000000000000000, 0.000000000000000000 ) ) ;
#1089 = CARTESIAN_POINT ( 'NONE',  ( -7.953803981295913594, -18.53620495588372208, 65.00000000000000000 ) ) ;
#1090 = DIRECTION ( 'NONE',  ( 1.000000000000000000, 0.000000000000000000, 0.000000000000000000 ) ) ;
#1091 = CARTESIAN_POINT ( 'NONE',  ( 7.752963423772651019, -20.13973877610893837, 63.50000000000000000 ) ) ;
#1092 = CARTESIAN_POINT ( 'NONE',  ( 15.78336204267425202, -14.86795249866012902, 63.50000000000000000 ) ) ;
#1093 = LOCAL_TIME ( 15, 38, 8.000000000000000000, #830 ) ;
#1094 = EDGE_CURVE ( 'NONE', #342, #703, #1352, .T. ) ;
#1095 = AXIS2_PLACEMENT_3D ( 'NONE', #456, #448, #224 ) ;
#1096 = ORIENTED_EDGE ( 'NONE', *, *, #1135, .T. ) ;
#1097 = DIRECTION ( 'NONE',  ( 0.000000000000000000, -1.000000000000000000, 0.000000000000000000 ) ) ;
#1098 = CARTESIAN_POINT ( 'NONE',  ( -21.45582040018920367, 3.133416638019170364, 65.00000000000000000 ) ) ;
#1099 = CARTESIAN_POINT ( 'NONE',  ( -13.83065348712916709, -14.68219724899632439, 65.00000000000000000 ) ) ;
#1100 = CARTESIAN_POINT ( 'NONE',  ( 18.45176835358405398, -10.50000000000000178, 62.42699274377377350 ) ) ;
#1101 = CARTESIAN_POINT ( 'NONE',  ( 2.219165273601388044, 21.56955804742093363, 65.00000000000000000 ) ) ;
#1102 = ORIENTED_EDGE ( 'NONE', *, *, #244, .T. ) ;
#1103 = PLANE ( 'NONE',  #735 ) ;
#1104 = CARTESIAN_POINT ( 'NONE',  ( 15.52499438243839691, 15.13753871333461021, 65.00000000000000000 ) ) ;
#1105 = DIRECTION ( 'NONE',  ( -0.000000000000000000, 0.000000000000000000, 1.000000000000000000 ) ) ;
#1106 = CARTESIAN_POINT ( 'NONE',  ( -17.37111091136668506, -10.50000000000000000, 62.00000000000000000 ) ) ;
#1107 = EDGE_CURVE ( 'NONE', #9, #522, #579, .T. ) ;
#1108 = AXIS2_PLACEMENT_3D ( 'NONE', #940, #1163, #1358 ) ;
#1109 = CARTESIAN_POINT ( 'NONE',  ( 20.27164423987153441, -7.696165843110056137, 65.00000000000000000 ) ) ;
#1110 = EDGE_LOOP ( 'NONE', ( #1121, #839, #1176, #1004, #121, #317, #509, #1272 ) ) ;
#1111 = CARTESIAN_POINT ( 'NONE',  ( -18.61294156591545601, -10.76573925215179806, 63.50000000000000000 ) ) ;
#1112 = CARTESIAN_POINT ( 'NONE',  ( -18.75106095318389521, -10.50000000000000000, 63.03101393517960815 ) ) ;
#1113 = B_SPLINE_CURVE_WITH_KNOTS ( 'NONE', 3,
 ( #1211, #374, #1337, #893, #367, #804, #267, #260, #694, #50, #383, #1126, #596, #701, #390, #812, #1010, #470 ),
 .UNSPECIFIED., .F., .F.,
 ( 4, 2, 2, 2, 2, 2, 2, 2, 4 ),
 ( 0.000000000000000000, 0.1250000000000000000, 0.2499999999999999445, 0.3749999999999999445, 0.5000000000000000000, 0.6250000000000000000, 0.7500000000000000000, 0.8750000000000000000, 1.000000000000000000 ),
 .UNSPECIFIED. ) ;
#1114 = CARTESIAN_POINT ( 'NONE',  ( 0.4262703100352347452, 19.99892682630836660, 65.00000000000000000 ) ) ;
#1115 = ORIENTED_EDGE ( 'NONE', *, *, #1036, .T. ) ;
#1116 = CARTESIAN_POINT ( 'NONE',  ( 8.232152357496504536, -18.23183781087639588, 65.00000000000000000 ) ) ;
#1117 = VECTOR ( 'NONE', #972, 1000.000000000000000 ) ;
#1118 = APPLICATION_PROTOCOL_DEFINITION ( 'international standard', 'config_control_design', 1994, #1301 ) ;
#1119 = CARTESIAN_POINT ( 'NONE',  ( 24.12000000000000099, 0.000000000000000000, 0.000000000000000000 ) ) ;
#1120 = CARTESIAN_POINT ( 'NONE',  ( 4.212270877389133084, 19.56969457562071568, 65.00000000000000000 ) ) ;
#1121 = ORIENTED_EDGE ( 'NONE', *, *, #568, .T. ) ;
#1122 = DIRECTION ( 'NONE',  ( 1.000000000000000000, 0.000000000000000000, 0.000000000000000000 ) ) ;
#1123 = CARTESIAN_POINT ( 'NONE',  ( -2.219165273613870504, -21.56955804742093363, 65.00000000000000000 ) ) ;
#1124 = CARTESIAN_POINT ( 'NONE',  ( 18.76166303929371182, -10.50000000000000000, 63.50000000000000000 ) ) ;
#1125 = AXIS2_PLACEMENT_3D ( 'NONE', #505, #1040, #77 ) ;
#1126 = CARTESIAN_POINT ( 'NONE',  ( 7.467812937212738866, 20.25074084724285939, 63.49999999999998579 ) ) ;
#1127 = AXIS2_PLACEMENT_3D ( 'NONE', #692, #179, #586 ) ;
#1128 = ORIENTED_EDGE ( 'NONE', *, *, #1219, .F. ) ;
#1129 = CARTESIAN_POINT ( 'NONE',  ( 16.12877699444884527, -11.94876972051966035, 65.00000000000000000 ) ) ;
#1130 = CARTESIAN_POINT ( 'NONE',  ( 2.064339789396745228, 20.06470516039167507, 65.00000000000000000 ) ) ;
#1131 = APPROVAL_ROLE ( '' ) ;
#1132 = CARTESIAN_POINT ( 'NONE',  ( -17.02204453054920208, -10.50000000000000000, 0.000000000000000000 ) ) ;
#1133 = CARTESIAN_POINT ( 'NONE',  ( 12.60028364147395941, 15.62498767789736753, 65.00000000000001421 ) ) ;
#1134 = FACE_OUTER_BOUND ( 'NONE', #1087, .T. ) ;
#1135 = EDGE_CURVE ( 'NONE', #201, #314, #899, .T. ) ;
#1136 = CARTESIAN_POINT ( 'NONE',  ( 18.62348668690230014, -11.10568649365584726, 65.00000000000000000 ) ) ;
#1137 = CARTESIAN_POINT ( 'NONE',  ( -15.78336204266617493, 14.86795249866533197, 65.00000000000000000 ) ) ;
#1138 = CARTESIAN_POINT ( 'NONE',  ( -8.400000000000000355, 1.028703311283776586E-15, 0.000000000000000000 ) ) ;
#1139 = CARTESIAN_POINT ( 'NONE',  ( 0.8532292273921793235, 19.98536441568970545, 65.00000000000001421 ) ) ;
#1140 = DIRECTION ( 'NONE',  ( 1.000000000000000000, 0.000000000000000000, 0.000000000000000000 ) ) ;
#1141 = ORIENTED_EDGE ( 'NONE', *, *, #1227, .T. ) ;
#1142 = CARTESIAN_POINT ( 'NONE',  ( -11.91336183912711277, -17.99414709038170557, 63.50000000000001421 ) ) ;
#1143 = AXIS2_PLACEMENT_3D ( 'NONE', #1160, #1058, #100 ) ;
#1144 = DIRECTION ( 'NONE',  ( 0.000000000000000000, 0.000000000000000000, 1.000000000000000000 ) ) ;
#1145 = AXIS2_PLACEMENT_3D ( 'NONE', #1336, #1343, #898 ) ;
#1146 = CARTESIAN_POINT ( 'NONE',  ( 12.72818041767339459, -15.64759774517104596, 65.00000000000000000 ) ) ;
#1147 = ORIENTED_EDGE ( 'NONE', *, *, #284, .F. ) ;
#1148 = CARTESIAN_POINT ( 'NONE',  ( 20.77691098921355817, 6.204071132644303432, 65.00000000000000000 ) ) ;
#1149 = LINE ( 'NONE', #503, #746 ) ;
#1150 = EDGE_CURVE ( 'NONE', #937, #597, #1152, .T. ) ;
#1151 = ORIENTED_EDGE ( 'NONE', *, *, #285, .T. ) ;
#1152 = LINE ( 'NONE', #196, #853 ) ;
#1153 = DIRECTION ( 'NONE',  ( 1.000000000000000000, 0.000000000000000000, 0.000000000000000000 ) ) ;
#1154 = EDGE_LOOP ( 'NONE', ( #20, #1244, #1055, #1329 ) ) ;
#1155 = EDGE_CURVE ( 'NONE', #1309, #522, #813, .T. ) ;
#1156 = CARTESIAN_POINT ( 'NONE',  ( -7.696165843103739412, -20.27164423987229469, 63.50000000000000000 ) ) ;
#1157 = LINE ( 'NONE', #1252, #1271 ) ;
#1158 = AXIS2_PLACEMENT_3D ( 'NONE', #891, #1280, #878 ) ;
#1159 = ORIENTED_EDGE ( 'NONE', *, *, #328, .F. ) ;
#1160 = CARTESIAN_POINT ( 'NONE',  ( 0.000000000000000000, 3.469446951953614189E-15, 63.20208152802354817 ) ) ;
#1161 = CARTESIAN_POINT ( 'NONE',  ( 17.02523718375990214, 10.50000000000000000, 65.00000000000000000 ) ) ;
#1162 = CARTESIAN_POINT ( 'NONE',  ( 14.86795249866527158, 15.78336204267054654, 63.50000000000000000 ) ) ;
#1163 = DIRECTION ( 'NONE',  ( -0.000000000000000000, 0.000000000000000000, 1.000000000000000000 ) ) ;
#1164 = DIRECTION ( 'NONE',  ( -0.000000000000000000, -0.000000000000000000, -1.000000000000000000 ) ) ;
#1165 = LINE ( 'NONE', #638, #11 ) ;
#1166 = FACE_OUTER_BOUND ( 'NONE', #326, .T. ) ;
#1167 = CARTESIAN_POINT ( 'NONE',  ( -14.08143136124561323, 14.44185523947652783, 65.00000000000000000 ) ) ;
#1168 = ORIENTED_EDGE ( 'NONE', *, *, #827, .T. ) ;
#1169 = DIRECTION ( 'NONE',  ( 0.000000000000000000, 0.000000000000000000, 1.000000000000000000 ) ) ;
#1170 = FACE_OUTER_BOUND ( 'NONE', #1278, .T. ) ;
#1171 = ORIENTED_EDGE ( 'NONE', *, *, #1269, .F. ) ;
#1172 = CARTESIAN_POINT ( 'NONE',  ( 0.6472922961428089206, -21.67375236445815645, 63.50000000000000000 ) ) ;
#1173 = EDGE_CURVE ( 'NONE', #447, #543, #623, .T. ) ;
#1174 = CARTESIAN_POINT ( 'NONE',  ( 17.45270980399415706, 9.767441860465115866, 65.00000000000000000 ) ) ;
#1175 = CARTESIAN_POINT ( 'NONE',  ( 8.271819582326637388, -18.39649131592732445, 65.00000000000000000 ) ) ;
#1176 = ORIENTED_EDGE ( 'NONE', *, *, #1150, .T. ) ;
#1177 = CARTESIAN_POINT ( 'NONE',  ( 6.204071132633025343, -20.77691098921909330, 65.00000000000000000 ) ) ;
#1178 = VERTEX_POINT ( 'NONE', #311 ) ;
#1179 = DIRECTION ( 'NONE',  ( -0.000000000000000000, 0.000000000000000000, 1.000000000000000000 ) ) ;
#1180 = CARTESIAN_POINT ( 'NONE',  ( -17.92750224167922113, -10.50000000000000178, 64.25502532130258260 ) ) ;
#1181 = CARTESIAN_POINT ( 'NONE',  ( -17.70941792650093660, -10.49999999999999822, 62.02606255364574395 ) ) ;
#1182 = SECURITY_CLASSIFICATION_LEVEL ( 'unclassified' ) ;
#1183 = CARTESIAN_POINT ( 'NONE',  ( -18.29869787034038353, -11.28750000000000142, 65.00000000000000000 ) ) ;
#1184 = ORIENTED_EDGE ( 'NONE', *, *, #742, .T. ) ;
#1185 = AXIS2_PLACEMENT_3D ( 'NONE', #481, #1012, #263 ) ;
#1186 = DIRECTION ( 'NONE',  ( 1.000000000000000000, 0.000000000000000000, 0.000000000000000000 ) ) ;
#1187 = CARTESIAN_POINT ( 'NONE',  ( -21.68168508038462861, 0.2739725310270334502, 65.00000000000000000 ) ) ;
#1188 = CIRCLE ( 'NONE', #496, 24.12000000000000099 ) ;
#1189 = LINE ( 'NONE', #120, #112 ) ;
#1190 = CARTESIAN_POINT ( 'NONE',  ( 17.54215946206317867, -10.49999999999999645, 61.99999999999997868 ) ) ;
#1191 = ADVANCED_FACE ( 'NONE', ( #1238 ), #720, .T. ) ;
#1192 = DIRECTION ( 'NONE',  ( 1.000000000000000000, 0.000000000000000000, 0.000000000000000000 ) ) ;
#1193 = CARTESIAN_POINT ( 'NONE',  ( 14.86795249866527158, 15.78336204267054654, 63.50000000000000000 ) ) ;
#1194 = ORIENTED_EDGE ( 'NONE', *, *, #389, .T. ) ;
#1195 = CARTESIAN_POINT ( 'NONE',  ( -12.07269646764963511, 10.50000000000000000, 0.000000000000000000 ) ) ;
#1196 = CARTESIAN_POINT ( 'NONE',  ( 12.05199623056439684, -16.17415465481679604, 65.00000000000000000 ) ) ;
#1197 = DIRECTION ( 'NONE',  ( 1.000000000000000000, 0.000000000000000000, 0.000000000000000000 ) ) ;
#1198 = DIRECTION ( 'NONE',  ( 1.000000000000000000, 0.000000000000000000, 0.000000000000000000 ) ) ;
#1199 = CARTESIAN_POINT ( 'NONE',  ( 2.219165273601137578, 21.56955804741987848, 63.50000000000000000 ) ) ;
#1200 = ORIENTED_EDGE ( 'NONE', *, *, #1287, .F. ) ;
#1201 = CARTESIAN_POINT ( 'NONE',  ( -1.704124849199836200, -19.94488673511152044, 65.00000000000000000 ) ) ;
#1202 = CARTESIAN_POINT ( 'NONE',  ( -18.53620495588056372, 7.953803981308259274, 65.00000000000000000 ) ) ;
#1203 = CARTESIAN_POINT ( 'NONE',  ( 20.00000000000000000, 2.449293598294706513E-15, -5.000000000000000000 ) ) ;
#1204 = CARTESIAN_POINT ( 'NONE',  ( -18.67946656312834364, -10.49999999999999645, 62.78481121598942849 ) ) ;
#1205 = CARTESIAN_POINT ( 'NONE',  ( -7.696165843102824589, -20.27164423986843644, 65.00000000000000000 ) ) ;
#1206 = ORIENTED_EDGE ( 'NONE', *, *, #128, .F. ) ;
#1207 = CARTESIAN_POINT ( 'NONE',  ( -9.000301619937786768, -17.87951838236137547, 65.00000000000001421 ) ) ;
#1208 = B_SPLINE_CURVE_WITH_KNOTS ( 'NONE', 3,
 ( #24, #38, #871, #1290, #678, #666, #1091, #560, #32, #452, #1348, #609, #811, #1142, #280, #173, #1038, #1320 ),
 .UNSPECIFIED., .F., .F.,
 ( 4, 2, 2, 2, 2, 2, 2, 2, 4 ),
 ( 0.000000000000000000, 0.1224959386875881795, 0.2449918773751762480, 0.3674878160627643164, 0.4899837547503524959, 0.6124796934379406199, 0.7349756321255285219, 0.8574715708131166458, 0.9799675095007047698 ),
 .UNSPECIFIED. ) ;
#1209 = DIRECTION ( 'NONE',  ( -0.000000000000000000, 0.000000000000000000, 1.000000000000000000 ) ) ;
#1210 = AXIS2_PLACEMENT_3D ( 'NONE', #816, #915, #823 ) ;
#1211 = CARTESIAN_POINT ( 'NONE',  ( -18.76166303929371892, 10.50000000000000000, 63.50000000000000000 ) ) ;
#1212 = ORIENTED_EDGE ( 'NONE', *, *, #789, .F. ) ;
#1213 = DIRECTION ( 'NONE',  ( -0.000000000000000000, -0.000000000000000000, -1.000000000000000000 ) ) ;
#1214 = EDGE_CURVE ( 'NONE', #1011, #1285, #877, .T. ) ;
#1215 = CYLINDRICAL_SURFACE ( 'NONE', #1145, 24.12000000000000099 ) ;
#1216 = CARTESIAN_POINT ( 'NONE',  ( 8.251964905528215155, 18.29685258824505567, 65.00000000000001421 ) ) ;
#1217 = ORIENTED_EDGE ( 'NONE', *, *, #904, .F. ) ;
#1218 = CYLINDRICAL_SURFACE ( 'NONE', #756, 20.00000000000000000 ) ;
#1219 = EDGE_CURVE ( 'NONE', #1042, #888, #1267, .T. ) ;
#1220 = CARTESIAN_POINT ( 'NONE',  ( -8.892206051009615919, 19.77622816461652988, 65.00000000000000000 ) ) ;
#1221 = CARTESIAN_POINT ( 'NONE',  ( 17.02204453054920208, -10.50000000000000000, 65.00000000000000000 ) ) ;
#1222 = CARTESIAN_POINT ( 'NONE',  ( -4.207577676970168490, 19.57030678801796952, 65.00000000000000000 ) ) ;
#1223 = CARTESIAN_POINT ( 'NONE',  ( 0.000000000000000000, 3.469446951953614189E-15, 62.00000000000000000 ) ) ;
#1224 = CARTESIAN_POINT ( 'NONE',  ( 0.6472922961420598531, -21.67375236445351305, 65.00000000000000000 ) ) ;
#1225 = DIRECTION ( 'NONE',  ( -0.000000000000000000, -0.000000000000000000, -1.000000000000000000 ) ) ;
#1226 = LOCAL_TIME ( 15, 38, 8.000000000000000000, #645 ) ;
#1227 = EDGE_CURVE ( 'NONE', #937, #424, #408, .T. ) ;
#1228 = CYLINDRICAL_SURFACE ( 'NONE', #722, 8.400000000000000355 ) ;
#1229 = DIRECTION ( 'NONE',  ( -0.000000000000000000, -0.000000000000000000, -1.000000000000000000 ) ) ;
#1230 = CARTESIAN_POINT ( 'NONE',  ( 21.45582040018295444, -3.133416638027451739, 65.00000000000000000 ) ) ;
#1231 = DIRECTION ( 'NONE',  ( -0.000000000000000000, 0.000000000000000000, 1.000000000000000000 ) ) ;
#1232 = CARTESIAN_POINT ( 'NONE',  ( -12.55334108168474572, 15.57475131987304451, 65.00000000000001421 ) ) ;
#1233 = CARTESIAN_POINT ( 'NONE',  ( 10.48874952493775581, -17.05037446809678414, 65.00000000000001421 ) ) ;
#1234 = CARTESIAN_POINT ( 'NONE',  ( 18.76166303929371892, 10.49999999999999822, 63.50000000000000000 ) ) ;
#1235 = CARTESIAN_POINT ( 'NONE',  ( 8.892206050999831746, -19.77622816461903454, 65.00000000000000000 ) ) ;
#1236 = AXIS2_PLACEMENT_3D ( 'NONE', #862, #23, #1299 ) ;
#1237 = DIRECTION ( 'NONE',  ( -0.000000000000000000, 0.000000000000000000, 1.000000000000000000 ) ) ;
#1238 = FACE_OUTER_BOUND ( 'NONE', #1154, .T. ) ;
#1239 = CARTESIAN_POINT ( 'NONE',  ( 2.064339789396745228, 20.06470516039167507, 65.00000000000000000 ) ) ;
#1240 = ADVANCED_FACE ( 'NONE', ( #1254 ), #1053, .F. ) ;
#1241 = CARTESIAN_POINT ( 'NONE',  ( 2.219165273601388044, 21.56955804742093363, 65.00000000000000000 ) ) ;
#1242 = CALENDAR_DATE ( 2026, 30, 5 ) ;
#1243 = CARTESIAN_POINT ( 'NONE',  ( 18.12266622176592534, 10.49999999999999822, 62.33076530641287150 ) ) ;
#1244 = ORIENTED_EDGE ( 'NONE', *, *, #1094, .T. ) ;
#1245 = AXIS2_PLACEMENT_3D ( 'NONE', #304, #741, #748 ) ;
#1246 = DIRECTION ( 'NONE',  ( 0.000000000000000000, 0.000000000000000000, 1.000000000000000000 ) ) ;
#1247 = ADVANCED_FACE ( 'NONE', ( #410, #416 ), #637, .T. ) ;
#1248 = VECTOR ( 'NONE', #838, 1000.000000000000000 ) ;
#1249 = CARTESIAN_POINT ( 'NONE',  ( -19.32735905973378365, -5.771228960600196523, 65.00000000000000000 ) ) ;
#1250 = ORIENTED_EDGE ( 'NONE', *, *, #1037, .F. ) ;
#1251 = CARTESIAN_POINT ( 'NONE',  ( -18.76166303929371537, 10.50000000000000000, 63.39242826173119028 ) ) ;
#1252 = CARTESIAN_POINT ( 'NONE',  ( -8.400000000000000355, 1.028703311283776586E-15, -10.00000000000000000 ) ) ;
#1253 = EDGE_LOOP ( 'NONE', ( #548, #765, #231, #1250 ) ) ;
#1254 = FACE_OUTER_BOUND ( 'NONE', #400, .T. ) ;
#1255 = EDGE_CURVE ( 'NONE', #597, #888, #186, .T. ) ;
#1256 = CARTESIAN_POINT ( 'NONE',  ( -18.76166303929371182, -10.50000000000000000, 63.20208152802354817 ) ) ;
#1257 = ORIENTED_EDGE ( 'NONE', *, *, #328, .T. ) ;
#1258 = CARTESIAN_POINT ( 'NONE',  ( -18.76166303929371892, 10.50000000000000000, 63.50000000000000000 ) ) ;
#1259 = CARTESIAN_POINT ( 'NONE',  ( 10.33087115688583602, 17.32417366224293431, 65.00000000000000000 ) ) ;
#1260 = EDGE_LOOP ( 'NONE', ( #647, #40, #651, #1096 ) ) ;
#1261 = DIRECTION ( 'NONE',  ( -0.000000000000000000, 0.000000000000000000, 1.000000000000000000 ) ) ;
#1262 = CARTESIAN_POINT ( 'NONE',  ( 17.39606008367665169, 10.50000000000000000, 64.71338395540222166 ) ) ;
#1263 = ORIENTED_EDGE ( 'NONE', *, *, #953, .T. ) ;
#1264 = CARTESIAN_POINT ( 'NONE',  ( -6.204071132645328390, 20.77691098921235024, 63.50000000000000000 ) ) ;
#1265 = LINE ( 'NONE', #955, #1248 ) ;
#1266 = ORIENTED_EDGE ( 'NONE', *, *, #44, .F. ) ;
#1267 = LINE ( 'NONE', #929, #541 ) ;
#1268 = ADVANCED_FACE ( 'NONE', ( #4 ), #1361, .T. ) ;
#1269 = EDGE_CURVE ( 'NONE', #522, #1309, #340, .T. ) ;
#1270 = CARTESIAN_POINT ( 'NONE',  ( 18.76166303929371182, -10.50000000000000000, 62.00000000000000000 ) ) ;
#1271 = VECTOR ( 'NONE', #200, 1000.000000000000000 ) ;
#1272 = ORIENTED_EDGE ( 'NONE', *, *, #2, .T. ) ;
#1273 = CARTESIAN_POINT ( 'NONE',  ( -18.65874010177222786, 10.50000000000000000, 62.97847457836157048 ) ) ;
#1274 = DIRECTION ( 'NONE',  ( -0.000000000000000000, 0.000000000000000000, 1.000000000000000000 ) ) ;
#1275 = ORIENTED_EDGE ( 'NONE', *, *, #1315, .F. ) ;
#1276 = PERSON_AND_ORGANIZATION ( #679, #1039 ) ;
#1277 = CARTESIAN_POINT ( 'NONE',  ( 19.77622816461324362, 8.892206051012669477, 65.00000000000000000 ) ) ;
#1278 = EDGE_LOOP ( 'NONE', ( #213, #98, #1263, #28 ) ) ;
#1279 = CARTESIAN_POINT ( 'NONE',  ( 8.892206051002926159, -19.77622816462037036, 63.50000000000000000 ) ) ;
#1280 = DIRECTION ( 'NONE',  ( -0.000000000000000000, 0.000000000000000000, 1.000000000000000000 ) ) ;
#1281 = CARTESIAN_POINT ( 'NONE',  ( -18.76166303929371182, -10.50000000000000000, 63.20208152802354817 ) ) ;
#1282 = PERSON_AND_ORGANIZATION ( #679, #1039 ) ;
#1283 = VECTOR ( 'NONE', #807, 1000.000000000000000 ) ;
#1284 = CARTESIAN_POINT ( 'NONE',  ( -16.82116757606424784, -13.68279394899038870, 65.00000000000000000 ) ) ;
#1285 = VERTEX_POINT ( 'NONE', #297 ) ;
#1286 = FACE_OUTER_BOUND ( 'NONE', #1366, .T. ) ;
#1287 = EDGE_CURVE ( 'NONE', #619, #306, #498, .T. ) ;
#1288 = CARTESIAN_POINT ( 'NONE',  ( 17.45270980399415706, 9.767441860465115866, 65.00000000000000000 ) ) ;
#1289 = CARTESIAN_POINT ( 'NONE',  ( -18.14064878238385958, -10.50000000000000000, 64.07050249092949912 ) ) ;
#1290 = CARTESIAN_POINT ( 'NONE',  ( 14.13788876226881719, -16.30452762780864973, 63.50000000000001421 ) ) ;
#1291 = PERSON_AND_ORGANIZATION_ROLE ( 'design_supplier' ) ;
#1292 = CARTESIAN_POINT ( 'NONE',  ( -0.6472922961301401656, 21.67375236446260445, 65.00000000000000000 ) ) ;
#1293 = EDGE_LOOP ( 'NONE', ( #95, #433 ) ) ;
#1294 =( GEOMETRIC_REPRESENTATION_CONTEXT ( 3 ) GLOBAL_UNCERTAINTY_ASSIGNED_CONTEXT ( ( #610 ) ) GLOBAL_UNIT_ASSIGNED_CONTEXT ( ( #659, #468, #140 ) ) REPRESENTATION_CONTEXT ( 'NONE', 'WORKASPACE' ) );
#1295 = CARTESIAN_POINT ( 'NONE',  ( -15.84170557852053030, -12.25985666276270614, 64.99999999999997158 ) ) ;
#1296 = CARTESIAN_POINT ( 'NONE',  ( 3.133416638020352085, 21.45582040018918946, 65.00000000000000000 ) ) ;
#1297 = B_SPLINE_CURVE_WITH_KNOTS ( 'NONE', 3,
 ( #43, #672, #139, #235, #1307, #1002, #1100, #770, #464, #577, #1190, #686 ),
 .UNSPECIFIED., .F., .F.,
 ( 4, 2, 2, 2, 2, 4 ),
 ( 0.000000000000000000, 0.0002537437208801855281, 0.0005074874417603710561, 0.001014974883520742112, 0.001522462325281126070, 0.002029949767041510245 ),
 .UNSPECIFIED. ) ;
#1298 = CIRCLE ( 'NONE', #545, 8.400000000000000355 ) ;
#1299 = DIRECTION ( 'NONE',  ( 0.000000000000000000, -0.000000000000000000, -1.000000000000000000 ) ) ;
#1300 = CARTESIAN_POINT ( 'NONE',  ( -17.54279490615644832, -10.49999999999999645, 61.99999999999998579 ) ) ;
#1301 = APPLICATION_CONTEXT ( 'configuration controlled 3d designs of mechanical parts and assemblies' ) ;
#1302 = CARTESIAN_POINT ( 'NONE',  ( 16.82116757606570445, 13.68279394898849333, 63.50000000000000000 ) ) ;
#1303 = EDGE_CURVE ( 'NONE', #774, #1178, #825, .T. ) ;
#1304 = ORIENTED_EDGE ( 'NONE', *, *, #64, .T. ) ;
#1305 = CARTESIAN_POINT ( 'NONE',  ( 1.700746249871522231, -19.94555978974623400, 65.00000000000000000 ) ) ;
#1306 = CARTESIAN_POINT ( 'NONE',  ( -18.76166303929371182, -10.50000000000000000, 63.50000000000000000 ) ) ;
#1307 = CARTESIAN_POINT ( 'NONE',  ( 18.68013652524128432, -10.50000000000000000, 62.78646723354508197 ) ) ;
#1308 = CARTESIAN_POINT ( 'NONE',  ( 13.68279394900020307, -16.82116757606171831, 65.00000000000000000 ) ) ;
#1309 = VERTEX_POINT ( 'NONE', #190 ) ;
#1310 = CARTESIAN_POINT ( 'NONE',  ( 4.209309446978877212, -19.57034952103633429, 65.00000000000000000 ) ) ;
#1311 = CARTESIAN_POINT ( 'NONE',  ( -19.95890269785031279, 2.914806174901710900, 65.00000000000000000 ) ) ;
#1312 = CARTESIAN_POINT ( 'NONE',  ( -15.64759774517403557, -12.72818041766283770, 65.00000000000000000 ) ) ;
#1313 = DIRECTION ( 'NONE',  ( 1.000000000000000000, 0.000000000000000000, 0.000000000000000000 ) ) ;
#1314 = LINE ( 'NONE', #465, #1318 ) ;
#1315 = EDGE_CURVE ( 'NONE', #535, #832, #968, .T. ) ;
#1316 = ORIENTED_EDGE ( 'NONE', *, *, #1037, .T. ) ;
#1317 = LINE ( 'NONE', #662, #1051 ) ;
#1318 = VECTOR ( 'NONE', #1328, 1000.000000000000000 ) ;
#1319 = CARTESIAN_POINT ( 'NONE',  ( 8.044104052141495487, -20.13610982466168409, 63.50000000000000000 ) ) ;
#1320 = CARTESIAN_POINT ( 'NONE',  ( -18.29869787034038708, -11.28750000000000142, 63.50000000000000000 ) ) ;
#1321 = CARTESIAN_POINT ( 'NONE',  ( 17.02523718375990214, 10.50000000000000000, 65.00000000000000000 ) ) ;
#1322 = ORIENTED_EDGE ( 'NONE', *, *, #203, .T. ) ;
#1323 = CARTESIAN_POINT ( 'NONE',  ( 17.02204453054920208, 10.50000000000000000, 65.00000000000000000 ) ) ;
#1324 = CARTESIAN_POINT ( 'NONE',  ( -20.13610982466779120, -8.044104052130588656, 63.50000000000000000 ) ) ;
#1325 = CARTESIAN_POINT ( 'NONE',  ( -20.27164423987009556, 7.696165843116124172, 65.00000000000000000 ) ) ;
#1326 = COORDINATED_UNIVERSAL_TIME_OFFSET ( 8, 0, .BEHIND. ) ;
#1327 = FACE_OUTER_BOUND ( 'NONE', #238, .T. ) ;
#1328 = DIRECTION ( 'NONE',  ( -1.000000000000000000, -0.000000000000000000, -0.000000000000000000 ) ) ;
#1329 = ORIENTED_EDGE ( 'NONE', *, *, #25, .F. ) ;
#1330 = CARTESIAN_POINT ( 'NONE',  ( 17.02151916779111218, -10.50000000000000000, 65.00000000000000000 ) ) ;
#1331 = AXIS2_PLACEMENT_3D ( 'NONE', #1088, #766, #1186 ) ;
#1332 = CARTESIAN_POINT ( 'NONE',  ( -15.13753871333911505, 15.52499438243837915, 63.50000000000000000 ) ) ;
#1333 = CARTESIAN_POINT ( 'NONE',  ( -17.02204453054919497, -10.50000000000000000, 65.00000000000000000 ) ) ;
#1334 = PERSON_AND_ORGANIZATION ( #679, #1039 ) ;
#1335 = APPROVAL ( #123, 'UNSPECIFIED' ) ;
#1336 = CARTESIAN_POINT ( 'NONE',  ( 0.000000000000000000, 0.000000000000000000, -5.000000000000000000 ) ) ;
#1337 = CARTESIAN_POINT ( 'NONE',  ( -16.68463044828320108, 13.69247390837803557, 63.49999999999998579 ) ) ;
#1338 = VERTEX_POINT ( 'NONE', #729 ) ;
#1339 = CARTESIAN_POINT ( 'NONE',  ( 18.33985871492944497, 10.50000000000000000, 63.89680566305766263 ) ) ;
#1340 = CARTESIAN_POINT ( 'NONE',  ( -15.52499438243837560, -15.13753871333911327, 63.50000000000000000 ) ) ;
#1341 = EDGE_CURVE ( 'NONE', #126, #286, #997, .T. ) ;
#1342 = CARTESIAN_POINT ( 'NONE',  ( -20.16163010647331078, -0.6021323684928321374, 65.00000000000000000 ) ) ;
#1343 = DIRECTION ( 'NONE',  ( -0.000000000000000000, -0.000000000000000000, 1.000000000000000000 ) ) ;
#1344 = CARTESIAN_POINT ( 'NONE',  ( -11.55594959078913675, 16.36233536216331785, 65.00000000000000000 ) ) ;
#1345 = LINE ( 'NONE', #1323, #395 ) ;
#1346 = ORIENTED_EDGE ( 'NONE', *, *, #1107, .F. ) ;
#1347 = CARTESIAN_POINT ( 'NONE',  ( 19.32735905973470381, 5.771228960600170765, 65.00000000000000000 ) ) ;
#1348 = CARTESIAN_POINT ( 'NONE',  ( -3.271689449471676170, -21.33104704337032942, 63.50000000000000000 ) ) ;
#1349 = CARTESIAN_POINT ( 'NONE',  ( -56.90500000000000114, 10.50000000000000000, 0.000000000000000000 ) ) ;
#1350 = LINE ( 'NONE', #691, #768 ) ;
#1351 = VECTOR ( 'NONE', #369, 1000.000000000000000 ) ;
#1352 = B_SPLINE_CURVE_WITH_KNOTS ( 'NONE', 3,
 ( #1321, #277, #1026, #65, #709, #817, #1133, #796, #1216, #587, #1120, #604, #490, #1139, #1114, #1031, #71, #184, #1222, #922, #58, #1019, #1344, #1232, #281, #1003, #45, #688, #161 ),
 .UNSPECIFIED., .F., .F.,
 ( 4, 1, 2, 2, 2, 2, 1, 2, 2, 2, 2, 2, 1, 2, 2, 4 ),
 ( 0.000000000000000000, 0.06250000000000022204, 0.09375000000000027756, 0.1250000000000003331, 0.2500000000000005551, 0.3750000000000007772, 0.4375000000000008327, 0.4687500000000008882, 0.5000000000000008882, 0.5625000000000008882, 0.6250000000000008882, 0.7500000000000008882, 0.8125000000000008882, 0.8437500000000007772, 0.8750000000000006661, 1.000000000000000000 ),
 .UNSPECIFIED. ) ;
#1353 = CARTESIAN_POINT ( 'NONE',  ( 0.000000000000000000, 0.000000000000000000, -10.00000000000000000 ) ) ;
#1354 = CARTESIAN_POINT ( 'NONE',  ( 0.000000000000000000, 0.000000000000000000, -5.000000000000000000 ) ) ;
#1355 = CARTESIAN_POINT ( 'NONE',  ( -20.16163010647331078, -0.6021323684928321374, 65.00000000000000000 ) ) ;
#1356 = PRODUCT_RELATED_PRODUCT_CATEGORY ( 'detail', '', ( #582 ) ) ;
#1357 = DIRECTION ( 'NONE',  ( 1.000000000000000000, 0.000000000000000000, 0.000000000000000000 ) ) ;
#1358 = DIRECTION ( 'NONE',  ( 1.000000000000000000, 0.000000000000000000, 0.000000000000000000 ) ) ;
#1359 = ORIENTED_EDGE ( 'NONE', *, *, #1214, .F. ) ;
#1360 = CC_DESIGN_APPROVAL ( #61, ( #634 ) ) ;
#1361 = CYLINDRICAL_SURFACE ( 'NONE', #471, 21.50000000000000000 ) ;
#1362 = CIRCLE ( 'NONE', #948, 16.00000000000000000 ) ;
#1363 = FACE_OUTER_BOUND ( 'NONE', #852, .T. ) ;
#1364 = CARTESIAN_POINT ( 'NONE',  ( -19.77622816461530419, -8.892206051011132928, 63.50000000000000000 ) ) ;
#1365 = CARTESIAN_POINT ( 'NONE',  ( 0.000000000000000000, 0.000000000000000000, 0.000000000000000000 ) ) ;
#1366 = EDGE_LOOP ( 'NONE', ( #296, #1151 ) ) ;
#1367 = CARTESIAN_POINT ( 'NONE',  ( -18.29869787034038708, -11.28750000000000142, 63.50000000000000000 ) ) ;
#1368 = DIRECTION ( 'NONE',  ( -0.000000000000000000, -0.000000000000000000, -1.000000000000000000 ) ) ;
#1369 = CARTESIAN_POINT ( 'NONE',  ( -19.77622816461652633, -8.892206051009612366, 65.00000000000000000 ) ) ;
ENDSEC;
END-ISO-10303-21;
